{
"type": "FeatureCollection",
"features": [
{ "type": "Feature", "properties": { "COD_ESTADO": "02", "ESTADO": "AMAZONAS" }, "geometry": { "type": "Polygon", "coordinates": [ [ [ -66.102753, 5.697016 ], [ -66.101753, 5.699450 ], [ -66.097801, 5.709156 ], [ -66.090103, 5.725814 ], [ -66.085243, 5.734622 ], [ -66.079056, 5.745287 ], [ -66.072411, 5.755273 ], [ -66.065514, 5.763197 ], [ -66.056831, 5.772760 ], [ -66.049919, 5.779309 ], [ -66.043899, 5.784923 ], [ -66.035874, 5.792180 ], [ -66.029846, 5.797565 ], [ -66.020920, 5.805068 ], [ -66.013534, 5.810018 ], [ -66.005928, 5.814513 ], [ -65.997856, 5.818100 ], [ -65.988411, 5.820103 ], [ -65.979393, 5.819575 ], [ -65.969444, 5.816539 ], [ -65.962418, 5.812532 ], [ -65.953636, 5.813148 ], [ -65.952835, 5.822112 ], [ -65.954514, 5.831491 ], [ -65.951912, 5.840717 ], [ -65.947701, 5.847445 ], [ -65.941917, 5.854433 ], [ -65.934372, 5.864665 ], [ -65.931946, 5.867528 ], [ -65.925911, 5.873992 ], [ -65.918762, 5.879627 ], [ -65.912277, 5.884792 ], [ -65.906982, 5.894753 ], [ -65.903687, 5.902385 ], [ -65.898132, 5.910055 ], [ -65.890282, 5.913637 ], [ -65.882591, 5.910790 ], [ -65.881371, 5.902320 ], [ -65.880348, 5.891551 ], [ -65.876198, 5.882904 ], [ -65.867645, 5.883973 ], [ -65.862076, 5.889579 ], [ -65.855179, 5.897733 ], [ -65.849190, 5.906559 ], [ -65.844544, 5.914674 ], [ -65.842606, 5.922970 ], [ -65.842255, 5.932615 ], [ -65.843048, 5.942929 ], [ -65.846062, 5.950680 ], [ -65.848198, 5.960511 ], [ -65.850349, 5.971948 ], [ -65.851349, 5.980880 ], [ -65.851677, 5.990283 ], [ -65.852691, 6.000593 ], [ -65.853455, 6.008613 ], [ -65.852890, 6.018950 ], [ -65.851181, 6.027472 ], [ -65.849022, 6.035773 ], [ -65.844170, 6.045497 ], [ -65.839508, 6.052695 ], [ -65.833504, 6.059916 ], [ -65.827492, 6.066678 ], [ -65.820351, 6.073919 ], [ -65.812302, 6.079569 ], [ -65.804657, 6.081770 ], [ -65.796776, 6.082827 ], [ -65.787315, 6.083683 ], [ -65.776039, 6.082963 ], [ -65.767227, 6.081741 ], [ -65.759109, 6.081426 ], [ -65.747849, 6.082770 ], [ -65.736389, 6.086184 ], [ -65.726723, 6.088880 ], [ -65.718162, 6.089719 ], [ -65.708916, 6.089880 ], [ -65.699684, 6.090959 ], [ -65.689110, 6.093669 ], [ -65.679672, 6.096359 ], [ -65.667320, 6.100935 ], [ -65.654297, 6.106212 ], [ -65.647110, 6.109322 ], [ -65.639038, 6.113363 ], [ -65.629837, 6.117426 ], [ -65.620407, 6.121722 ], [ -65.608292, 6.127899 ], [ -65.600647, 6.129640 ], [ -65.592964, 6.128166 ], [ -65.585465, 6.123245 ], [ -65.579300, 6.116006 ], [ -65.573372, 6.109910 ], [ -65.567886, 6.102889 ], [ -65.564194, 6.094460 ], [ -65.562744, 6.085301 ], [ -65.561951, 6.074526 ], [ -65.562530, 6.065105 ], [ -65.563339, 6.056369 ], [ -65.565514, 6.048296 ], [ -65.568810, 6.040434 ], [ -65.573677, 6.031628 ], [ -65.578323, 6.023284 ], [ -65.583649, 6.014699 ], [ -65.588524, 6.006810 ], [ -65.593613, 5.996852 ], [ -65.596459, 5.988770 ], [ -65.599304, 5.981144 ], [ -65.603943, 5.971883 ], [ -65.607445, 5.961494 ], [ -65.609154, 5.952742 ], [ -65.610420, 5.944226 ], [ -65.612778, 5.932479 ], [ -65.613815, 5.924427 ], [ -65.614410, 5.916383 ], [ -65.616104, 5.905565 ], [ -65.617127, 5.895677 ], [ -65.616127, 5.886742 ], [ -65.614235, 5.878052 ], [ -65.611885, 5.868909 ], [ -65.608620, 5.858177 ], [ -65.604683, 5.848374 ], [ -65.601647, 5.838097 ], [ -65.601112, 5.829842 ], [ -65.601929, 5.821334 ], [ -65.602501, 5.811913 ], [ -65.602180, 5.802737 ], [ -65.601181, 5.792883 ], [ -65.601097, 5.784392 ], [ -65.600540, 5.774072 ], [ -65.597946, 5.763327 ], [ -65.589577, 5.760026 ], [ -65.580513, 5.755360 ], [ -65.576370, 5.746937 ], [ -65.563164, 5.733847 ], [ -65.556107, 5.727079 ], [ -65.553528, 5.717253 ], [ -65.552292, 5.706714 ], [ -65.549255, 5.696435 ], [ -65.544220, 5.688256 ], [ -65.541214, 5.680731 ], [ -65.543381, 5.672431 ], [ -65.542625, 5.664180 ], [ -65.535812, 5.659703 ], [ -65.526772, 5.656871 ], [ -65.517807, 5.661842 ], [ -65.511322, 5.666543 ], [ -65.504150, 5.670337 ], [ -65.497566, 5.665627 ], [ -65.488312, 5.664175 ], [ -65.482285, 5.670016 ], [ -65.476494, 5.676771 ], [ -65.474151, 5.679706 ], [ -65.470703, 5.683524 ], [ -65.463555, 5.690073 ], [ -65.456375, 5.693178 ], [ -65.446922, 5.694253 ], [ -65.438820, 5.695766 ], [ -65.429153, 5.697995 ], [ -65.419922, 5.699068 ], [ -65.410904, 5.698987 ], [ -65.403000, 5.697512 ], [ -65.394180, 5.694216 ], [ -65.386017, 5.689300 ], [ -65.378067, 5.683234 ], [ -65.369057, 5.683383 ], [ -65.361435, 5.687871 ], [ -65.354714, 5.692116 ], [ -65.347336, 5.697749 ], [ -65.341309, 5.703817 ], [ -65.335731, 5.709878 ], [ -65.330162, 5.716170 ], [ -65.325264, 5.722450 ], [ -65.320816, 5.729182 ], [ -65.316154, 5.736146 ], [ -65.310585, 5.743126 ], [ -65.302063, 5.747630 ], [ -65.293533, 5.750755 ], [ -65.284080, 5.752749 ], [ -65.273712, 5.752919 ], [ -65.263786, 5.752393 ], [ -65.255653, 5.750461 ], [ -65.246376, 5.746939 ], [ -65.238228, 5.742940 ], [ -65.228470, 5.736212 ], [ -65.223442, 5.729406 ], [ -65.217949, 5.721000 ], [ -65.215164, 5.712091 ], [ -65.217110, 5.703793 ], [ -65.220398, 5.694326 ], [ -65.224594, 5.685302 ], [ -65.228798, 5.676508 ], [ -65.232857, 5.669231 ], [ -65.233444, 5.668167 ], [ -65.238106, 5.660283 ], [ -65.241188, 5.652655 ], [ -65.243584, 5.643663 ], [ -65.242584, 5.634035 ], [ -65.239578, 5.626048 ], [ -65.234985, 5.616939 ], [ -65.229057, 5.609458 ], [ -65.224243, 5.601271 ], [ -65.220108, 5.592842 ], [ -65.218681, 5.584829 ], [ -65.220184, 5.576998 ], [ -65.224365, 5.567056 ], [ -65.228790, 5.557800 ], [ -65.232086, 5.549480 ], [ -65.235146, 5.539328 ], [ -65.234398, 5.531304 ], [ -65.231621, 5.523543 ], [ -65.227715, 5.516029 ], [ -65.224037, 5.508512 ], [ -65.215698, 5.507957 ], [ -65.207596, 5.509007 ], [ -65.196335, 5.509649 ], [ -65.184166, 5.509615 ], [ -65.175369, 5.509069 ], [ -65.167686, 5.507126 ], [ -65.160210, 5.502655 ], [ -65.153633, 5.497939 ], [ -65.147926, 5.490224 ], [ -65.143799, 5.482253 ], [ -65.141220, 5.471961 ], [ -65.142708, 5.461834 ], [ -65.145111, 5.453988 ], [ -65.148186, 5.445213 ], [ -65.152596, 5.435268 ], [ -65.156349, 5.426942 ], [ -65.159851, 5.415405 ], [ -65.161346, 5.407115 ], [ -65.160576, 5.396793 ], [ -65.159828, 5.388539 ], [ -65.158165, 5.380070 ], [ -65.155167, 5.372541 ], [ -65.146996, 5.365554 ], [ -65.136177, 5.364808 ], [ -65.128074, 5.366315 ], [ -65.120438, 5.368733 ], [ -65.110741, 5.367970 ], [ -65.103272, 5.363496 ], [ -65.101616, 5.355715 ], [ -65.102219, 5.347209 ], [ -65.107102, 5.339324 ], [ -65.112671, 5.332805 ], [ -65.116432, 5.324708 ], [ -65.117706, 5.316193 ], [ -65.119652, 5.307665 ], [ -65.127922, 5.300644 ], [ -65.135559, 5.298227 ], [ -65.143425, 5.295805 ], [ -65.153305, 5.292662 ], [ -65.162971, 5.290671 ], [ -65.171074, 5.289164 ], [ -65.179603, 5.286501 ], [ -65.189247, 5.281983 ], [ -65.198433, 5.276096 ], [ -65.206261, 5.270001 ], [ -65.213432, 5.265983 ], [ -65.221954, 5.262171 ], [ -65.231171, 5.260187 ], [ -65.240608, 5.257740 ], [ -65.250481, 5.253906 ], [ -65.255821, 5.246932 ], [ -65.254845, 5.238223 ], [ -65.250923, 5.228872 ], [ -65.246346, 5.220679 ], [ -65.241989, 5.212255 ], [ -65.237633, 5.204059 ], [ -65.233734, 5.196773 ], [ -65.230057, 5.188796 ], [ -65.227036, 5.178971 ], [ -65.226036, 5.168195 ], [ -65.224587, 5.157657 ], [ -65.222458, 5.146440 ], [ -65.220108, 5.135455 ], [ -65.219322, 5.123987 ], [ -65.216324, 5.115999 ], [ -65.207580, 5.120272 ], [ -65.200180, 5.123604 ], [ -65.190254, 5.122154 ], [ -65.185013, 5.114661 ], [ -65.178413, 5.107876 ], [ -65.174064, 5.099908 ], [ -65.170364, 5.089406 ], [ -65.166000, 5.080060 ], [ -65.161873, 5.071859 ], [ -65.159554, 5.064089 ], [ -65.158348, 5.055153 ], [ -65.159843, 5.046402 ], [ -65.159760, 5.037449 ], [ -65.158981, 5.025980 ], [ -65.159569, 5.016098 ], [ -65.159256, 5.006688 ], [ -65.158730, 4.997740 ], [ -65.159317, 4.988087 ], [ -65.158569, 4.980063 ], [ -65.153771, 4.972560 ], [ -65.145470, 4.975677 ], [ -65.136741, 4.981325 ], [ -65.129120, 4.985579 ], [ -65.121269, 4.988687 ], [ -65.113388, 4.988352 ], [ -65.105278, 4.987790 ], [ -65.098915, 4.981690 ], [ -65.093224, 4.974431 ], [ -65.092697, 4.966173 ], [ -65.095329, 4.958554 ], [ -65.098839, 4.947936 ], [ -65.101242, 4.939171 ], [ -65.102501, 4.929278 ], [ -65.102646, 4.920091 ], [ -65.103470, 4.911123 ], [ -65.103813, 4.899176 ], [ -65.101944, 4.891398 ], [ -65.098000, 4.878371 ], [ -65.094277, 4.864421 ], [ -65.091453, 4.851376 ], [ -65.090706, 4.842432 ], [ -65.089470, 4.830051 ], [ -65.088051, 4.822266 ], [ -65.085465, 4.809675 ], [ -65.079300, 4.799897 ], [ -65.070015, 4.793612 ], [ -65.059151, 4.787351 ], [ -65.052132, 4.782637 ], [ -65.044174, 4.773345 ], [ -65.038719, 4.767229 ], [ -65.034126, 4.756967 ], [ -65.033966, 4.738139 ], [ -65.028496, 4.730644 ], [ -65.021233, 4.723179 ], [ -65.015549, 4.716836 ], [ -65.010063, 4.707275 ], [ -65.005043, 4.699315 ], [ -64.999817, 4.693195 ], [ -64.991440, 4.688043 ], [ -64.982193, 4.685887 ], [ -64.972053, 4.684665 ], [ -64.963730, 4.684563 ], [ -64.955612, 4.683080 ], [ -64.951034, 4.673964 ], [ -64.951637, 4.665687 ], [ -64.953804, 4.656008 ], [ -64.951714, 4.648232 ], [ -64.946472, 4.640504 ], [ -64.939201, 4.632348 ], [ -64.931526, 4.629709 ], [ -64.923859, 4.628448 ], [ -64.914879, 4.630880 ], [ -64.906143, 4.635606 ], [ -64.898293, 4.638940 ], [ -64.890206, 4.641360 ], [ -64.879837, 4.639221 ], [ -64.872352, 4.632904 ], [ -64.865990, 4.625421 ], [ -64.867943, 4.616894 ], [ -64.870796, 4.607894 ], [ -64.874756, 4.597270 ], [ -64.878067, 4.589181 ], [ -64.881363, 4.579945 ], [ -64.881523, 4.571905 ], [ -64.873596, 4.566283 ], [ -64.864578, 4.564352 ], [ -64.856697, 4.563782 ], [ -64.847702, 4.564377 ], [ -64.837372, 4.566830 ], [ -64.828598, 4.568110 ], [ -64.819145, 4.568023 ], [ -64.809898, 4.564947 ], [ -64.801765, 4.561394 ], [ -64.792953, 4.557392 ], [ -64.786827, 4.551283 ], [ -64.779427, 4.554379 ], [ -64.771805, 4.558168 ], [ -64.763939, 4.559434 ], [ -64.755386, 4.560252 ], [ -64.748001, 4.564726 ], [ -64.743340, 4.572604 ], [ -64.740486, 4.582063 ], [ -64.737419, 4.592445 ], [ -64.733696, 4.604903 ], [ -64.729256, 4.612779 ], [ -64.723457, 4.619067 ], [ -64.716286, 4.623308 ], [ -64.708656, 4.625949 ], [ -64.699417, 4.625167 ], [ -64.691521, 4.622300 ], [ -64.685844, 4.616412 ], [ -64.682846, 4.607270 ], [ -64.679169, 4.597677 ], [ -64.670563, 4.592063 ], [ -64.660675, 4.593817 ], [ -64.655106, 4.601480 ], [ -64.652481, 4.610476 ], [ -64.650078, 4.619241 ], [ -64.645637, 4.626886 ], [ -64.637375, 4.635966 ], [ -64.627708, 4.636799 ], [ -64.617790, 4.635567 ], [ -64.608116, 4.636400 ], [ -64.600021, 4.637208 ], [ -64.589684, 4.639657 ], [ -64.582733, 4.643665 ], [ -64.572197, 4.649333 ], [ -64.562340, 4.654991 ], [ -64.554726, 4.659468 ], [ -64.546860, 4.661880 ], [ -64.538978, 4.661537 ], [ -64.534195, 4.654716 ], [ -64.532547, 4.644863 ], [ -64.533142, 4.634976 ], [ -64.535103, 4.627138 ], [ -64.536362, 4.615635 ], [ -64.539001, 4.606868 ], [ -64.542076, 4.597864 ], [ -64.545624, 4.590691 ], [ -64.551651, 4.583942 ], [ -64.559913, 4.575551 ], [ -64.566383, 4.569024 ], [ -64.572418, 4.563194 ], [ -64.578438, 4.555754 ], [ -64.583336, 4.549481 ], [ -64.586418, 4.540707 ], [ -64.585670, 4.531301 ], [ -64.583801, 4.522599 ], [ -64.582604, 4.512969 ], [ -64.578484, 4.504302 ], [ -64.573921, 4.496559 ], [ -64.570465, 4.486732 ], [ -64.569275, 4.478710 ], [ -64.569649, 4.469287 ], [ -64.571350, 4.456629 ], [ -64.575996, 4.445765 ], [ -64.581574, 4.439481 ], [ -64.588509, 4.434556 ], [ -64.596802, 4.429841 ], [ -64.604416, 4.425824 ], [ -64.612038, 4.422037 ], [ -64.620338, 4.418240 ], [ -64.628639, 4.415132 ], [ -64.637612, 4.410866 ], [ -64.644318, 4.405254 ], [ -64.650345, 4.399193 ], [ -64.656136, 4.392217 ], [ -64.655846, 4.383953 ], [ -64.654205, 4.375249 ], [ -64.653877, 4.362621 ], [ -64.653343, 4.352063 ], [ -64.650108, 4.341545 ], [ -64.641068, 4.336165 ], [ -64.632927, 4.331232 ], [ -64.626358, 4.325586 ], [ -64.621567, 4.317387 ], [ -64.623077, 4.308866 ], [ -64.625466, 4.298035 ], [ -64.625389, 4.288389 ], [ -64.622833, 4.277861 ], [ -64.617584, 4.268980 ], [ -64.617745, 4.260249 ], [ -64.620827, 4.251475 ], [ -64.623680, 4.242016 ], [ -64.625847, 4.231878 ], [ -64.626892, 4.221296 ], [ -64.629509, 4.211152 ], [ -64.635521, 4.202565 ], [ -64.643333, 4.195331 ], [ -64.653427, 4.191278 ], [ -64.662445, 4.193444 ], [ -64.663307, 4.192852 ], [ -64.665558, 4.188805 ], [ -64.669098, 4.180943 ], [ -64.687607, 4.234362 ], [ -64.686157, 4.238922 ], [ -64.684380, 4.242557 ], [ -64.682609, 4.245965 ], [ -64.680725, 4.249024 ], [ -64.678040, 4.252873 ], [ -64.676384, 4.256053 ], [ -64.675057, 4.260042 ], [ -64.673744, 4.263457 ], [ -64.673676, 4.267126 ], [ -64.674042, 4.271834 ], [ -64.675667, 4.275880 ], [ -64.679611, 4.278019 ], [ -64.684052, 4.278219 ], [ -64.688377, 4.278186 ], [ -64.692246, 4.277916 ], [ -64.696129, 4.277531 ], [ -64.700127, 4.276804 ], [ -64.704796, 4.276435 ], [ -64.709595, 4.275609 ], [ -64.714279, 4.274666 ], [ -64.717934, 4.274046 ], [ -64.722504, 4.273101 ], [ -64.726837, 4.272611 ], [ -64.730713, 4.272225 ], [ -64.736191, 4.271412 ], [ -64.741539, 4.271399 ], [ -64.745499, 4.272964 ], [ -64.748764, 4.274747 ], [ -64.752022, 4.277217 ], [ -64.754700, 4.279906 ], [ -64.757492, 4.282940 ], [ -64.760963, 4.285644 ], [ -64.765144, 4.287443 ], [ -64.769097, 4.289009 ], [ -64.772476, 4.291137 ], [ -64.776299, 4.293388 ], [ -64.779999, 4.296669 ], [ -64.783241, 4.299598 ], [ -64.785667, 4.303887 ], [ -64.787880, 4.307025 ], [ -64.790916, 4.308917 ], [ -64.794777, 4.309793 ], [ -64.798782, 4.308493 ], [ -64.801003, 4.305439 ], [ -64.803131, 4.301120 ], [ -64.805138, 4.297259 ], [ -64.807251, 4.293973 ], [ -64.809822, 4.290353 ], [ -64.811142, 4.286593 ], [ -64.810654, 4.282112 ], [ -64.809372, 4.277730 ], [ -64.807159, 4.274477 ], [ -64.805054, 4.271340 ], [ -64.802841, 4.268087 ], [ -64.799927, 4.265394 ], [ -64.796570, 4.262350 ], [ -64.793548, 4.259655 ], [ -64.790985, 4.256740 ], [ -64.788071, 4.254505 ], [ -64.784935, 4.251693 ], [ -64.782158, 4.247857 ], [ -64.780296, 4.244266 ], [ -64.780479, 4.240485 ], [ -64.783371, 4.237787 ], [ -64.788071, 4.236271 ], [ -64.792992, 4.234758 ], [ -64.795098, 4.231587 ], [ -64.795280, 4.227807 ], [ -64.793426, 4.223643 ], [ -64.792465, 4.220184 ], [ -64.792084, 4.216278 ], [ -64.791923, 4.212605 ], [ -64.793251, 4.208731 ], [ -64.795593, 4.205106 ], [ -64.796936, 4.200544 ], [ -64.797005, 4.196875 ], [ -64.796280, 4.192733 ], [ -64.796822, 4.188386 ], [ -64.797699, 4.183815 ], [ -64.799469, 4.180407 ], [ -64.801125, 4.177114 ], [ -64.801445, 4.172418 ], [ -64.800278, 4.167694 ], [ -64.799622, 4.166191 ], [ -64.795891, 4.165088 ], [ -64.791481, 4.163399 ], [ -64.787865, 4.161954 ], [ -64.784256, 4.160280 ], [ -64.780647, 4.158720 ], [ -64.776016, 4.156682 ], [ -64.772430, 4.153977 ], [ -64.769302, 4.150821 ], [ -64.766624, 4.147903 ], [ -64.763382, 4.144745 ], [ -64.758865, 4.142824 ], [ -64.753861, 4.142843 ], [ -64.748528, 4.141824 ], [ -64.744133, 4.139791 ], [ -64.741913, 4.136767 ], [ -64.741638, 4.132977 ], [ -64.744209, 4.129701 ], [ -64.745972, 4.126523 ], [ -64.748764, 4.123364 ], [ -64.752930, 4.119889 ], [ -64.755379, 4.116495 ], [ -64.755570, 4.112484 ], [ -64.754494, 4.109025 ], [ -64.755135, 4.105367 ], [ -64.756225, 4.101832 ], [ -64.758560, 4.098551 ], [ -64.761345, 4.095736 ], [ -64.765160, 4.092828 ], [ -64.768852, 4.090031 ], [ -64.769829, 4.086266 ], [ -64.768990, 4.082694 ], [ -64.766304, 4.080120 ], [ -64.763061, 4.077305 ], [ -64.760742, 4.073476 ], [ -64.759331, 4.069780 ], [ -64.757576, 4.066306 ], [ -64.756050, 4.062836 ], [ -64.753266, 4.059457 ], [ -64.746796, 4.052911 ], [ -64.743202, 4.050320 ], [ -64.739708, 4.048418 ], [ -64.735977, 4.047314 ], [ -64.732468, 4.046215 ], [ -64.728157, 4.045560 ], [ -64.724175, 4.045713 ], [ -64.719726, 4.046201 ], [ -64.716171, 4.047509 ], [ -64.711830, 4.048458 ], [ -64.708267, 4.050454 ], [ -64.705597, 4.053271 ], [ -64.702362, 4.055617 ], [ -64.700028, 4.058669 ], [ -64.697922, 4.061955 ], [ -64.694222, 4.064866 ], [ -64.690018, 4.064785 ], [ -64.687332, 4.062210 ], [ -64.685806, 4.058511 ], [ -64.684761, 4.053674 ], [ -64.684494, 4.049655 ], [ -64.684799, 4.045532 ], [ -64.687691, 4.043179 ], [ -64.692040, 4.042116 ], [ -64.694931, 4.039418 ], [ -64.697372, 4.036598 ], [ -64.700600, 4.034595 ], [ -64.703735, 4.031330 ], [ -64.704277, 4.026752 ], [ -64.701851, 4.022462 ], [ -64.697907, 4.020437 ], [ -64.693596, 4.020010 ], [ -64.689507, 4.019473 ], [ -64.685425, 4.018592 ], [ -64.681251, 4.016906 ], [ -64.678101, 4.015010 ], [ -64.674843, 4.012769 ], [ -64.671494, 4.009264 ], [ -64.668243, 4.006793 ], [ -64.665100, 4.004553 ], [ -64.661026, 4.003214 ], [ -64.656387, 4.002092 ], [ -64.652290, 4.002014 ], [ -64.647156, 4.002718 ], [ -64.641770, 4.004564 ], [ -64.637077, 4.005965 ], [ -64.633820, 4.004066 ], [ -64.630570, 4.001252 ], [ -64.628662, 3.999638 ], [ -64.626274, 3.996884 ], [ -64.624229, 3.993557 ], [ -64.622978, 3.989656 ], [ -64.621841, 3.985755 ], [ -64.620705, 3.982084 ], [ -64.619911, 3.978527 ], [ -64.618095, 3.975430 ], [ -64.615478, 3.972905 ], [ -64.612976, 3.970038 ], [ -64.610138, 3.967629 ], [ -64.607185, 3.964991 ], [ -64.604462, 3.962582 ], [ -64.601730, 3.960287 ], [ -64.598549, 3.958222 ], [ -64.595138, 3.956961 ], [ -64.591728, 3.955584 ], [ -64.587868, 3.953634 ], [ -64.584458, 3.952143 ], [ -64.581390, 3.949619 ], [ -64.578888, 3.946980 ], [ -64.576393, 3.943768 ], [ -64.574005, 3.940555 ], [ -64.571388, 3.937687 ], [ -64.568665, 3.935278 ], [ -64.565369, 3.933328 ], [ -64.562187, 3.931492 ], [ -64.559006, 3.929198 ], [ -64.555481, 3.926903 ], [ -64.552528, 3.924609 ], [ -64.549690, 3.922199 ], [ -64.549004, 3.918527 ], [ -64.550369, 3.915085 ], [ -64.552536, 3.912217 ], [ -64.555031, 3.909577 ], [ -64.556175, 3.905675 ], [ -64.554581, 3.901774 ], [ -64.552879, 3.898447 ], [ -64.550720, 3.895120 ], [ -64.547195, 3.892711 ], [ -64.543678, 3.891793 ], [ -64.540382, 3.889727 ], [ -64.537995, 3.886974 ], [ -64.535156, 3.883875 ], [ -64.532768, 3.881123 ], [ -64.530380, 3.878024 ], [ -64.528221, 3.874926 ], [ -64.525269, 3.872172 ], [ -64.522659, 3.869762 ], [ -64.520157, 3.867239 ], [ -64.517548, 3.863911 ], [ -64.514252, 3.856223 ], [ -64.512321, 3.852896 ], [ -64.510277, 3.849224 ], [ -64.506752, 3.848765 ], [ -64.505165, 3.852092 ], [ -64.502663, 3.854731 ], [ -64.498917, 3.854731 ], [ -64.496636, 3.851977 ], [ -64.494362, 3.849109 ], [ -64.491303, 3.847273 ], [ -64.487999, 3.845207 ], [ -64.484367, 3.843945 ], [ -64.481644, 3.841650 ], [ -64.478233, 3.839928 ], [ -64.474487, 3.838781 ], [ -64.470619, 3.837060 ], [ -64.466530, 3.835338 ], [ -64.463349, 3.833387 ], [ -64.461876, 3.829601 ], [ -64.460510, 3.826272 ], [ -64.458465, 3.822601 ], [ -64.456871, 3.819388 ], [ -64.455177, 3.815830 ], [ -64.453354, 3.812503 ], [ -64.451767, 3.808716 ], [ -64.449951, 3.805272 ], [ -64.445862, 3.797699 ], [ -64.444161, 3.794371 ], [ -64.442238, 3.791273 ], [ -64.439499, 3.788633 ], [ -64.436669, 3.786108 ], [ -64.432915, 3.784616 ], [ -64.429398, 3.783238 ], [ -64.425644, 3.781632 ], [ -64.421783, 3.780943 ], [ -64.418259, 3.781402 ], [ -64.414505, 3.782204 ], [ -64.410759, 3.782892 ], [ -64.408035, 3.780482 ], [ -64.405533, 3.777842 ], [ -64.402016, 3.776465 ], [ -64.398376, 3.774972 ], [ -64.395187, 3.773365 ], [ -64.391899, 3.771070 ], [ -64.388268, 3.768889 ], [ -64.384857, 3.766478 ], [ -64.381676, 3.764068 ], [ -64.378494, 3.761428 ], [ -64.375885, 3.758788 ], [ -64.373154, 3.755804 ], [ -64.371223, 3.752591 ], [ -64.368729, 3.749262 ], [ -64.366005, 3.746853 ], [ -64.362373, 3.744786 ], [ -64.359184, 3.742949 ], [ -64.355324, 3.741800 ], [ -64.351349, 3.740652 ], [ -64.347260, 3.739389 ], [ -64.344414, 3.737208 ], [ -64.342034, 3.734109 ], [ -64.339424, 3.731698 ], [ -64.336350, 3.729402 ], [ -64.333282, 3.726878 ], [ -64.330223, 3.724237 ], [ -64.326698, 3.721941 ], [ -64.323296, 3.720104 ], [ -64.319656, 3.718956 ], [ -64.316017, 3.718265 ], [ -64.311821, 3.717691 ], [ -64.307961, 3.716772 ], [ -64.304321, 3.715738 ], [ -64.300232, 3.714704 ], [ -64.296364, 3.713211 ], [ -64.293190, 3.710570 ], [ -64.291366, 3.707472 ], [ -64.289673, 3.704258 ], [ -64.288536, 3.700241 ], [ -64.287735, 3.696110 ], [ -64.286835, 3.692323 ], [ -64.286049, 3.688650 ], [ -64.285248, 3.684748 ], [ -64.284462, 3.681076 ], [ -64.283440, 3.677288 ], [ -64.281288, 3.674188 ], [ -64.279121, 3.671320 ], [ -64.277306, 3.668220 ], [ -64.275147, 3.665006 ], [ -64.271850, 3.663628 ], [ -64.267876, 3.664430 ], [ -64.264465, 3.665576 ], [ -64.260941, 3.666722 ], [ -64.257301, 3.667754 ], [ -64.253326, 3.669359 ], [ -64.249695, 3.670964 ], [ -64.245827, 3.673373 ], [ -64.242531, 3.675438 ], [ -64.239120, 3.676583 ], [ -64.235138, 3.675894 ], [ -64.231621, 3.674630 ], [ -64.228447, 3.672907 ], [ -64.225601, 3.670381 ], [ -64.223106, 3.667511 ], [ -64.220718, 3.664527 ], [ -64.218452, 3.661771 ], [ -64.215721, 3.659245 ], [ -64.213799, 3.656146 ], [ -64.213341, 3.652129 ], [ -64.211983, 3.647883 ], [ -64.211532, 3.643866 ], [ -64.211197, 3.639735 ], [ -64.210739, 3.635373 ], [ -64.210297, 3.631586 ], [ -64.211319, 3.627570 ], [ -64.211883, 3.623897 ], [ -64.212692, 3.619652 ], [ -64.213379, 3.615636 ], [ -64.213600, 3.611964 ], [ -64.213493, 3.608177 ], [ -64.212700, 3.604389 ], [ -64.210548, 3.601060 ], [ -64.208504, 3.597157 ], [ -64.206917, 3.593599 ], [ -64.203400, 3.586482 ], [ -64.201240, 3.583383 ], [ -64.199310, 3.580398 ], [ -64.197952, 3.576266 ], [ -64.197166, 3.572364 ], [ -64.196823, 3.568461 ], [ -64.196945, 3.564789 ], [ -64.197174, 3.560773 ], [ -64.197288, 3.556412 ], [ -64.197517, 3.552740 ], [ -64.198097, 3.548723 ], [ -64.199005, 3.544248 ], [ -64.199692, 3.540576 ], [ -64.200150, 3.536904 ], [ -64.200722, 3.533347 ], [ -64.201752, 3.529101 ], [ -64.202889, 3.525430 ], [ -64.204254, 3.521987 ], [ -64.205849, 3.518660 ], [ -64.207550, 3.515218 ], [ -64.209145, 3.511661 ], [ -64.211082, 3.507415 ], [ -64.215179, 3.495368 ], [ -64.215981, 3.491810 ], [ -64.214615, 3.487793 ], [ -64.212692, 3.484121 ], [ -64.210991, 3.480103 ], [ -64.209518, 3.476660 ], [ -64.208046, 3.473331 ], [ -64.205895, 3.469771 ], [ -64.203621, 3.466902 ], [ -64.201462, 3.463687 ], [ -64.199310, 3.460129 ], [ -64.196472, 3.457717 ], [ -64.193291, 3.455994 ], [ -64.189316, 3.454959 ], [ -64.185112, 3.455646 ], [ -64.181022, 3.456218 ], [ -64.177048, 3.456330 ], [ -64.168747, 3.455866 ], [ -64.165459, 3.454487 ], [ -64.162277, 3.452650 ], [ -64.158989, 3.451270 ], [ -64.156487, 3.448745 ], [ -64.154335, 3.445530 ], [ -64.152748, 3.441971 ], [ -64.151161, 3.437839 ], [ -64.150246, 3.433822 ], [ -64.149574, 3.429690 ], [ -64.148781, 3.425902 ], [ -64.147873, 3.422114 ], [ -64.146629, 3.417867 ], [ -64.145050, 3.413506 ], [ -64.143684, 3.409833 ], [ -64.141991, 3.406503 ], [ -64.140854, 3.402371 ], [ -64.140068, 3.398583 ], [ -64.139267, 3.394566 ], [ -64.138245, 3.390664 ], [ -64.137115, 3.386990 ], [ -64.135307, 3.382858 ], [ -64.133499, 3.379529 ], [ -64.131454, 3.375741 ], [ -64.129524, 3.372411 ], [ -64.128044, 3.367704 ], [ -64.126579, 3.364032 ], [ -64.125213, 3.360472 ], [ -64.122948, 3.356570 ], [ -64.120789, 3.353584 ], [ -64.118751, 3.350369 ], [ -64.116257, 3.346695 ], [ -64.115013, 3.342563 ], [ -64.114220, 3.339005 ], [ -64.114448, 3.335448 ], [ -64.115585, 3.331890 ], [ -64.119560, 3.331434 ], [ -64.123200, 3.330633 ], [ -64.126839, 3.330405 ], [ -64.131035, 3.330867 ], [ -64.134560, 3.331099 ], [ -64.138191, 3.331101 ], [ -64.139786, 3.327888 ], [ -64.137863, 3.324559 ], [ -64.134682, 3.322377 ], [ -64.133553, 3.318819 ], [ -64.134804, 3.314803 ], [ -64.134575, 3.311016 ], [ -64.132317, 3.308145 ], [ -64.128563, 3.306880 ], [ -64.124931, 3.307451 ], [ -64.121185, 3.306301 ], [ -64.117325, 3.305496 ], [ -64.113465, 3.304575 ], [ -64.110054, 3.302392 ], [ -64.108246, 3.298603 ], [ -64.107681, 3.294586 ], [ -64.107796, 3.290914 ], [ -64.108025, 3.286782 ], [ -64.109848, 3.283112 ], [ -64.113487, 3.281392 ], [ -64.116554, 3.279558 ], [ -64.118378, 3.275198 ], [ -64.119629, 3.271641 ], [ -64.121338, 3.267741 ], [ -64.123611, 3.263840 ], [ -64.125770, 3.260972 ], [ -64.128960, 3.258449 ], [ -64.132255, 3.256385 ], [ -64.135895, 3.254437 ], [ -64.138725, 3.252259 ], [ -64.142487, 3.250424 ], [ -64.145668, 3.247902 ], [ -64.147606, 3.244001 ], [ -64.148170, 3.239755 ], [ -64.147949, 3.235624 ], [ -64.147385, 3.231262 ], [ -64.147056, 3.227360 ], [ -64.146713, 3.223802 ], [ -64.146378, 3.220129 ], [ -64.146042, 3.215194 ], [ -64.145821, 3.211293 ], [ -64.145371, 3.207734 ], [ -64.145371, 3.203373 ], [ -64.147652, 3.200391 ], [ -64.150940, 3.198098 ], [ -64.153893, 3.195460 ], [ -64.156624, 3.192593 ], [ -64.159134, 3.189496 ], [ -64.161514, 3.186399 ], [ -64.163902, 3.183416 ], [ -64.166298, 3.180319 ], [ -64.168793, 3.177567 ], [ -64.172539, 3.175733 ], [ -64.175842, 3.173440 ], [ -64.178917, 3.171032 ], [ -64.182205, 3.168853 ], [ -64.185387, 3.167249 ], [ -64.188912, 3.165645 ], [ -64.192543, 3.165073 ], [ -64.195961, 3.163697 ], [ -64.199928, 3.162322 ], [ -64.202889, 3.160259 ], [ -64.205727, 3.157736 ], [ -64.208687, 3.155557 ], [ -64.211975, 3.153953 ], [ -64.215386, 3.152003 ], [ -64.218689, 3.149366 ], [ -64.221191, 3.146155 ], [ -64.222786, 3.142254 ], [ -64.223694, 3.137778 ], [ -64.223808, 3.134106 ], [ -64.223137, 3.130204 ], [ -64.222000, 3.126645 ], [ -64.219162, 3.123660 ], [ -64.215874, 3.121707 ], [ -64.211212, 3.120671 ], [ -64.207130, 3.119750 ], [ -64.203728, 3.117224 ], [ -64.200554, 3.114697 ], [ -64.198502, 3.111367 ], [ -64.198509, 3.106318 ], [ -64.198860, 3.102761 ], [ -64.200111, 3.098860 ], [ -64.200111, 3.094613 ], [ -64.198761, 3.090940 ], [ -64.196724, 3.087496 ], [ -64.194450, 3.084396 ], [ -64.192528, 3.081411 ], [ -64.189911, 3.078885 ], [ -64.187523, 3.076014 ], [ -64.184006, 3.075208 ], [ -64.180374, 3.074976 ], [ -64.176628, 3.074630 ], [ -64.172882, 3.073938 ], [ -64.169250, 3.072673 ], [ -64.165504, 3.069687 ], [ -64.162788, 3.065898 ], [ -64.160393, 3.063028 ], [ -64.158249, 3.060157 ], [ -64.156776, 3.056827 ], [ -64.154724, 3.053269 ], [ -64.152344, 3.050283 ], [ -64.149399, 3.047757 ], [ -64.146904, 3.044999 ], [ -64.141006, 3.039258 ], [ -64.137947, 3.036616 ], [ -64.134987, 3.033744 ], [ -64.133179, 3.030185 ], [ -64.132622, 3.026398 ], [ -64.132401, 3.021807 ], [ -64.132172, 3.018019 ], [ -64.132172, 3.013888 ], [ -64.132637, 3.010216 ], [ -64.133659, 3.006774 ], [ -64.134910, 3.003217 ], [ -64.136162, 2.999545 ], [ -64.135376, 2.995872 ], [ -64.133454, 2.992084 ], [ -64.130959, 2.988409 ], [ -64.128799, 2.985538 ], [ -64.126991, 2.982324 ], [ -64.125061, 2.979338 ], [ -64.123024, 2.976124 ], [ -64.120415, 2.973253 ], [ -64.117576, 2.970840 ], [ -64.114174, 2.968313 ], [ -64.110992, 2.965900 ], [ -64.108048, 2.963488 ], [ -64.105667, 2.960847 ], [ -64.102821, 2.958205 ], [ -64.101585, 2.954416 ], [ -64.100113, 2.950284 ], [ -64.098526, 2.947069 ], [ -64.096481, 2.944083 ], [ -64.094223, 2.940638 ], [ -64.092407, 2.937194 ], [ -64.090820, 2.933061 ], [ -64.089012, 2.929617 ], [ -64.086967, 2.926631 ], [ -64.084702, 2.923875 ], [ -64.081413, 2.922380 ], [ -64.077324, 2.920426 ], [ -64.073807, 2.919505 ], [ -64.070511, 2.917551 ], [ -64.070518, 2.913650 ], [ -64.072334, 2.910207 ], [ -64.074158, 2.906307 ], [ -64.074966, 2.902291 ], [ -64.074852, 2.898504 ], [ -64.072701, 2.895403 ], [ -64.070320, 2.892188 ], [ -64.069298, 2.888170 ], [ -64.068848, 2.884038 ], [ -64.068054, 2.880365 ], [ -64.066818, 2.876461 ], [ -64.065010, 2.872443 ], [ -64.063644, 2.868884 ], [ -64.062065, 2.864981 ], [ -64.060471, 2.861766 ], [ -64.058433, 2.857862 ], [ -64.055603, 2.854072 ], [ -64.052765, 2.850626 ], [ -64.050499, 2.846952 ], [ -64.048691, 2.843622 ], [ -64.048241, 2.839605 ], [ -64.047897, 2.835932 ], [ -64.047798, 2.832260 ], [ -64.047340, 2.828242 ], [ -64.046555, 2.824684 ], [ -64.045090, 2.820781 ], [ -64.043388, 2.817450 ], [ -64.039864, 2.816299 ], [ -64.036346, 2.816640 ], [ -64.032257, 2.816408 ], [ -64.028511, 2.816405 ], [ -64.024986, 2.817434 ], [ -64.021240, 2.816857 ], [ -64.017723, 2.815706 ], [ -64.016144, 2.812491 ], [ -64.016029, 2.808818 ], [ -64.017853, 2.804688 ], [ -64.018990, 2.800787 ], [ -64.019791, 2.797000 ], [ -64.018776, 2.793556 ], [ -64.016625, 2.789882 ], [ -64.014473, 2.785748 ], [ -64.012657, 2.781844 ], [ -64.010735, 2.778170 ], [ -64.006653, 2.771510 ], [ -64.005295, 2.767836 ], [ -64.004051, 2.764277 ], [ -64.004517, 2.760490 ], [ -64.004860, 2.756817 ], [ -64.005432, 2.753031 ], [ -64.005776, 2.748440 ], [ -64.005440, 2.744882 ], [ -64.005104, 2.740635 ], [ -64.003181, 2.737649 ], [ -64.000572, 2.734548 ], [ -63.997963, 2.732135 ], [ -63.995808, 2.729149 ], [ -63.993427, 2.725818 ], [ -63.991165, 2.722488 ], [ -63.989349, 2.719388 ], [ -63.988899, 2.715714 ], [ -63.990498, 2.712388 ], [ -63.993450, 2.709866 ], [ -63.996411, 2.707228 ], [ -63.999367, 2.705166 ], [ -64.002312, 2.702873 ], [ -64.005493, 2.700580 ], [ -64.005958, 2.696908 ], [ -64.005966, 2.693121 ], [ -64.004158, 2.689102 ], [ -64.002457, 2.685199 ], [ -63.999058, 2.677621 ], [ -63.996903, 2.674060 ], [ -63.995441, 2.670157 ], [ -63.994190, 2.666598 ], [ -63.993858, 2.662810 ], [ -63.993878, 2.648464 ], [ -63.994217, 2.644218 ], [ -63.994908, 2.639857 ], [ -63.995819, 2.636070 ], [ -63.997528, 2.632055 ], [ -63.999462, 2.628154 ], [ -64.001404, 2.624828 ], [ -64.003334, 2.621616 ], [ -64.005379, 2.618175 ], [ -64.007668, 2.614046 ], [ -64.009476, 2.610604 ], [ -64.011528, 2.606819 ], [ -64.013801, 2.602919 ], [ -64.015739, 2.599478 ], [ -64.017792, 2.595463 ], [ -64.019432, 2.591438 ], [ -64.020637, 2.589956 ], [ -64.022018, 2.589177 ], [ -64.024040, 2.587665 ], [ -64.025635, 2.586977 ], [ -64.027450, 2.586176 ], [ -64.031769, 2.583425 ], [ -64.033249, 2.582623 ], [ -64.034614, 2.581707 ], [ -64.036087, 2.580790 ], [ -64.037674, 2.579873 ], [ -64.039383, 2.578842 ], [ -64.040748, 2.577580 ], [ -64.042107, 2.576090 ], [ -64.043022, 2.574828 ], [ -64.043930, 2.573222 ], [ -64.044724, 2.571502 ], [ -64.045532, 2.570126 ], [ -64.046433, 2.568519 ], [ -64.047119, 2.567028 ], [ -64.048027, 2.565308 ], [ -64.048599, 2.563701 ], [ -64.048935, 2.562094 ], [ -64.049393, 2.560259 ], [ -64.049850, 2.557964 ], [ -64.050316, 2.556013 ], [ -64.050766, 2.554407 ], [ -64.051109, 2.552572 ], [ -64.051559, 2.550620 ], [ -64.051796, 2.549014 ], [ -64.052139, 2.546948 ], [ -64.052483, 2.545342 ], [ -64.053169, 2.543621 ], [ -64.054535, 2.540409 ], [ -64.055443, 2.538803 ], [ -64.057724, 2.533870 ], [ -64.058411, 2.532494 ], [ -64.059311, 2.530773 ], [ -64.060112, 2.528937 ], [ -64.060677, 2.527446 ], [ -64.060906, 2.525840 ], [ -64.061249, 2.524348 ], [ -64.061600, 2.522626 ], [ -64.061714, 2.521020 ], [ -64.062172, 2.519069 ], [ -64.062393, 2.515626 ], [ -64.062180, 2.513905 ], [ -64.062058, 2.512183 ], [ -64.061607, 2.510691 ], [ -64.061272, 2.508968 ], [ -64.060821, 2.507247 ], [ -64.060371, 2.505754 ], [ -64.059685, 2.504376 ], [ -64.058777, 2.502654 ], [ -64.057884, 2.501046 ], [ -64.056854, 2.498980 ], [ -64.055496, 2.496568 ], [ -64.054596, 2.494846 ], [ -64.053909, 2.493468 ], [ -64.052559, 2.490482 ], [ -64.051880, 2.488875 ], [ -64.050865, 2.487267 ], [ -64.049950, 2.485889 ], [ -64.049042, 2.484626 ], [ -64.047806, 2.483477 ], [ -64.046776, 2.482329 ], [ -64.045418, 2.481064 ], [ -64.043945, 2.479571 ], [ -64.042694, 2.478192 ], [ -64.041222, 2.476814 ], [ -64.039978, 2.475895 ], [ -64.038391, 2.474630 ], [ -64.036690, 2.473596 ], [ -64.035103, 2.472447 ], [ -64.032150, 2.470837 ], [ -64.030563, 2.470032 ], [ -64.028862, 2.469226 ], [ -64.027161, 2.468651 ], [ -64.024895, 2.467845 ], [ -64.023079, 2.467040 ], [ -64.021713, 2.466236 ], [ -64.020012, 2.465430 ], [ -64.018532, 2.465085 ], [ -64.016830, 2.465083 ], [ -64.013542, 2.465309 ], [ -64.011497, 2.465651 ], [ -64.009911, 2.466224 ], [ -64.007637, 2.467254 ], [ -64.004455, 2.468399 ], [ -64.002747, 2.468971 ], [ -64.000595, 2.469658 ], [ -63.998890, 2.470230 ], [ -63.997185, 2.470686 ], [ -63.995377, 2.471029 ], [ -63.993214, 2.471601 ], [ -63.991390, 2.472288 ], [ -63.989697, 2.472860 ], [ -63.987991, 2.473088 ], [ -63.986397, 2.473201 ], [ -63.984131, 2.473198 ], [ -63.981857, 2.473081 ], [ -63.980270, 2.472965 ], [ -63.978451, 2.472619 ], [ -63.976528, 2.472387 ], [ -63.974251, 2.472270 ], [ -63.972549, 2.472268 ], [ -63.970623, 2.472152 ], [ -63.967220, 2.471459 ], [ -63.965626, 2.471113 ], [ -63.963924, 2.470997 ], [ -63.962109, 2.470650 ], [ -63.960403, 2.470763 ], [ -63.958702, 2.470647 ], [ -63.956661, 2.469956 ], [ -63.954281, 2.469265 ], [ -63.952690, 2.468575 ], [ -63.951107, 2.468114 ], [ -63.949631, 2.467424 ], [ -63.948036, 2.466733 ], [ -63.946678, 2.466043 ], [ -63.945087, 2.465353 ], [ -63.943165, 2.464318 ], [ -63.941463, 2.463628 ], [ -63.939648, 2.462822 ], [ -63.938282, 2.461902 ], [ -63.936924, 2.461212 ], [ -63.934429, 2.459832 ], [ -63.932156, 2.458683 ], [ -63.930344, 2.457418 ], [ -63.928867, 2.456268 ], [ -63.927288, 2.455234 ], [ -63.925812, 2.454199 ], [ -63.924107, 2.452935 ], [ -63.922634, 2.451670 ], [ -63.921276, 2.450521 ], [ -63.919686, 2.449258 ], [ -63.918327, 2.447878 ], [ -63.916855, 2.446844 ], [ -63.915146, 2.445694 ], [ -63.913788, 2.445004 ], [ -63.910160, 2.442705 ], [ -63.908569, 2.441555 ], [ -63.907097, 2.440406 ], [ -63.905739, 2.439371 ], [ -63.904381, 2.438222 ], [ -63.902904, 2.436958 ], [ -63.901318, 2.435808 ], [ -63.899841, 2.434659 ], [ -63.898487, 2.433395 ], [ -63.897117, 2.432361 ], [ -63.895878, 2.431096 ], [ -63.894627, 2.429947 ], [ -63.893379, 2.428913 ], [ -63.892021, 2.427879 ], [ -63.890205, 2.426614 ], [ -63.888954, 2.425580 ], [ -63.887600, 2.424431 ], [ -63.886349, 2.423396 ], [ -63.884758, 2.421788 ], [ -63.883286, 2.420408 ], [ -63.881813, 2.418915 ], [ -63.880119, 2.417421 ], [ -63.878643, 2.416157 ], [ -63.877392, 2.415237 ], [ -63.875805, 2.414088 ], [ -63.874103, 2.413283 ], [ -63.872627, 2.412707 ], [ -63.870812, 2.412130 ], [ -63.868889, 2.411440 ], [ -63.867187, 2.410750 ], [ -63.865257, 2.410173 ], [ -63.863663, 2.409597 ], [ -63.861626, 2.408677 ], [ -63.859585, 2.407986 ], [ -63.857544, 2.407180 ], [ -63.855953, 2.406720 ], [ -63.854477, 2.406374 ], [ -63.852554, 2.405797 ], [ -63.850842, 2.405336 ], [ -63.849037, 2.404875 ], [ -63.847561, 2.404299 ], [ -63.845970, 2.403379 ], [ -63.844269, 2.402459 ], [ -63.842338, 2.401882 ], [ -63.840519, 2.401651 ], [ -63.838139, 2.401649 ], [ -63.835869, 2.402105 ], [ -63.834049, 2.402792 ], [ -63.832237, 2.403249 ], [ -63.830532, 2.403705 ], [ -63.828255, 2.404277 ], [ -63.826328, 2.404619 ], [ -63.824284, 2.405075 ], [ -63.822243, 2.405303 ], [ -63.820656, 2.405645 ], [ -63.818604, 2.405758 ], [ -63.817017, 2.406100 ], [ -63.815197, 2.406557 ], [ -63.810883, 2.407584 ], [ -63.809295, 2.407927 ], [ -63.807709, 2.408499 ], [ -63.806000, 2.408727 ], [ -63.804069, 2.409184 ], [ -63.802143, 2.409756 ], [ -63.800663, 2.410213 ], [ -63.799191, 2.410785 ], [ -63.797596, 2.411012 ], [ -63.796009, 2.411355 ], [ -63.794422, 2.411927 ], [ -63.792717, 2.412729 ], [ -63.790668, 2.413988 ], [ -63.788162, 2.415822 ], [ -63.786350, 2.416623 ], [ -63.784531, 2.417195 ], [ -63.782940, 2.418341 ], [ -63.781353, 2.419372 ], [ -63.779530, 2.420402 ], [ -63.777832, 2.421549 ], [ -63.776573, 2.422580 ], [ -63.774879, 2.423611 ], [ -63.773396, 2.424527 ], [ -63.771916, 2.425099 ], [ -63.770328, 2.426131 ], [ -63.768738, 2.426817 ], [ -63.767037, 2.427389 ], [ -63.765446, 2.427961 ], [ -63.763512, 2.428418 ], [ -63.761700, 2.428646 ], [ -63.759766, 2.428987 ], [ -63.757954, 2.429329 ], [ -63.754089, 2.430358 ], [ -63.752270, 2.430586 ], [ -63.747963, 2.430580 ], [ -63.745804, 2.430463 ], [ -63.744209, 2.430460 ], [ -63.742287, 2.430229 ], [ -63.740353, 2.430341 ], [ -63.738308, 2.430339 ], [ -63.736725, 2.430452 ], [ -63.735020, 2.430679 ], [ -63.733540, 2.431021 ], [ -63.731724, 2.431248 ], [ -63.730018, 2.431476 ], [ -63.727978, 2.431818 ], [ -63.724571, 2.432617 ], [ -63.722984, 2.432845 ], [ -63.721047, 2.433301 ], [ -63.719578, 2.433874 ], [ -63.717979, 2.434560 ], [ -63.716053, 2.435131 ], [ -63.714123, 2.435932 ], [ -63.712303, 2.436734 ], [ -63.710937, 2.437650 ], [ -63.709007, 2.438911 ], [ -63.707302, 2.440057 ], [ -63.705830, 2.440973 ], [ -63.704231, 2.441889 ], [ -63.702644, 2.442461 ], [ -63.700829, 2.443377 ], [ -63.698895, 2.444063 ], [ -63.697414, 2.444405 ], [ -63.695370, 2.444747 ], [ -63.693669, 2.445205 ], [ -63.691971, 2.446350 ], [ -63.690487, 2.447726 ], [ -63.689354, 2.448757 ], [ -63.687649, 2.449559 ], [ -63.686054, 2.450015 ], [ -63.684467, 2.450588 ], [ -63.682876, 2.451389 ], [ -63.681171, 2.452420 ], [ -63.679691, 2.453106 ], [ -63.678219, 2.453679 ], [ -63.676514, 2.454710 ], [ -63.674469, 2.455854 ], [ -63.671062, 2.456769 ], [ -63.669361, 2.456881 ], [ -63.667656, 2.457223 ], [ -63.665722, 2.457795 ], [ -63.663677, 2.457907 ], [ -63.662094, 2.458020 ], [ -63.660389, 2.458017 ], [ -63.658573, 2.458245 ], [ -63.656410, 2.458816 ], [ -63.654484, 2.459157 ], [ -63.652550, 2.459155 ], [ -63.650852, 2.458580 ], [ -63.649376, 2.458118 ], [ -63.647335, 2.457541 ], [ -63.645405, 2.456735 ], [ -63.643814, 2.456275 ], [ -63.642227, 2.455928 ], [ -63.640183, 2.455122 ], [ -63.636326, 2.454198 ], [ -63.634510, 2.453508 ], [ -63.633034, 2.453046 ], [ -63.631336, 2.452585 ], [ -63.629742, 2.452239 ], [ -63.628159, 2.451663 ], [ -63.625210, 2.450167 ], [ -63.623958, 2.449248 ], [ -63.622372, 2.448097 ], [ -63.620556, 2.447177 ], [ -63.618626, 2.446026 ], [ -63.617039, 2.444991 ], [ -63.613644, 2.442691 ], [ -63.611820, 2.441655 ], [ -63.610123, 2.440850 ], [ -63.608311, 2.439814 ], [ -63.606720, 2.439009 ], [ -63.604004, 2.437398 ], [ -63.602413, 2.436363 ], [ -63.600941, 2.435557 ], [ -63.599464, 2.434637 ], [ -63.597988, 2.434061 ], [ -63.596176, 2.433256 ], [ -63.594021, 2.432449 ], [ -63.592205, 2.431643 ], [ -63.590614, 2.431067 ], [ -63.585846, 2.429913 ], [ -63.583466, 2.429221 ], [ -63.581417, 2.428759 ], [ -63.579155, 2.428182 ], [ -63.577564, 2.427721 ], [ -63.575970, 2.427719 ], [ -63.574158, 2.428175 ], [ -63.572567, 2.427944 ], [ -63.570072, 2.427137 ], [ -63.568031, 2.426560 ], [ -63.566216, 2.426328 ], [ -63.562580, 2.426323 ], [ -63.560764, 2.426091 ], [ -63.559063, 2.425860 ], [ -63.557468, 2.425857 ], [ -63.555313, 2.425624 ], [ -63.553272, 2.425392 ], [ -63.551456, 2.425275 ], [ -63.549755, 2.425043 ], [ -63.547939, 2.424812 ], [ -63.545780, 2.424578 ], [ -63.544083, 2.424346 ], [ -63.542038, 2.424344 ], [ -63.539883, 2.424226 ], [ -63.532154, 2.424215 ], [ -63.530456, 2.423983 ], [ -63.528416, 2.423751 ], [ -63.526035, 2.423633 ], [ -63.523983, 2.423401 ], [ -63.522285, 2.423283 ], [ -63.519901, 2.423166 ], [ -63.518192, 2.423048 ], [ -63.515812, 2.422816 ], [ -63.513657, 2.422927 ], [ -63.509457, 2.422921 ], [ -63.506733, 2.423033 ], [ -63.505032, 2.423260 ], [ -63.502872, 2.423372 ], [ -63.501057, 2.423484 ], [ -63.499123, 2.423480 ], [ -63.497421, 2.423363 ], [ -63.495487, 2.423131 ], [ -63.493790, 2.422784 ], [ -63.491974, 2.422552 ], [ -63.490269, 2.422895 ], [ -63.488453, 2.423121 ], [ -63.484142, 2.423804 ], [ -63.482094, 2.423916 ], [ -63.480167, 2.424257 ], [ -63.478008, 2.424484 ], [ -63.476189, 2.424481 ], [ -63.474148, 2.424593 ], [ -63.471992, 2.424476 ], [ -63.470177, 2.424243 ], [ -63.468243, 2.423896 ], [ -63.466427, 2.423434 ], [ -63.464844, 2.422973 ], [ -63.463253, 2.422396 ], [ -63.461323, 2.421935 ], [ -63.459507, 2.421358 ], [ -63.457809, 2.420667 ], [ -63.455994, 2.419861 ], [ -63.454067, 2.418596 ], [ -63.452480, 2.417101 ], [ -63.451229, 2.415951 ], [ -63.448731, 2.413881 ], [ -63.447037, 2.412617 ], [ -63.445564, 2.411467 ], [ -63.443859, 2.410316 ], [ -63.442268, 2.409396 ], [ -63.440571, 2.408705 ], [ -63.438873, 2.407899 ], [ -63.437061, 2.406977 ], [ -63.435131, 2.406056 ], [ -63.433655, 2.405595 ], [ -63.431843, 2.404789 ], [ -63.430134, 2.404328 ], [ -63.428211, 2.403980 ], [ -63.426502, 2.403634 ], [ -63.424580, 2.403401 ], [ -63.422527, 2.403283 ], [ -63.420265, 2.403050 ], [ -63.418106, 2.402932 ], [ -63.414021, 2.402237 ], [ -63.412087, 2.401891 ], [ -63.410389, 2.401659 ], [ -63.405502, 2.401307 ], [ -63.403580, 2.401189 ], [ -63.401421, 2.401071 ], [ -63.398243, 2.400837 ], [ -63.396534, 2.400834 ], [ -63.394718, 2.401061 ], [ -63.392910, 2.400944 ], [ -63.390522, 2.400710 ], [ -63.388588, 2.400593 ], [ -63.386429, 2.400475 ], [ -63.383144, 2.400470 ], [ -63.381096, 2.400237 ], [ -63.379059, 2.399890 ], [ -63.377357, 2.399658 ], [ -63.375195, 2.399195 ], [ -63.373154, 2.398963 ], [ -63.371117, 2.398500 ], [ -63.369522, 2.398269 ], [ -63.366913, 2.397461 ], [ -63.365097, 2.396769 ], [ -63.361694, 2.395042 ], [ -63.359764, 2.394007 ], [ -63.357731, 2.392627 ], [ -63.356369, 2.391132 ], [ -63.355576, 2.389753 ], [ -63.355579, 2.386654 ], [ -63.355698, 2.384129 ], [ -63.356049, 2.381949 ], [ -63.356503, 2.380342 ], [ -63.357300, 2.378047 ], [ -63.358105, 2.375868 ], [ -63.358665, 2.373917 ], [ -63.359013, 2.372426 ], [ -63.360042, 2.369673 ], [ -63.361065, 2.367723 ], [ -63.362316, 2.365429 ], [ -63.363121, 2.363708 ], [ -63.363804, 2.361184 ], [ -63.365402, 2.357513 ], [ -63.366200, 2.354866 ], [ -63.366886, 2.353375 ], [ -63.367798, 2.351196 ], [ -63.368595, 2.349015 ], [ -63.369167, 2.346606 ], [ -63.369846, 2.344541 ], [ -63.370193, 2.342705 ], [ -63.371002, 2.338229 ], [ -63.371117, 2.336048 ], [ -63.371117, 2.333753 ], [ -63.370567, 2.327783 ], [ -63.369663, 2.323535 ], [ -63.369099, 2.321812 ], [ -63.368309, 2.320090 ], [ -63.366390, 2.315724 ], [ -63.365952, 2.314125 ], [ -63.365490, 2.312632 ], [ -63.364819, 2.310909 ], [ -63.364254, 2.308268 ], [ -63.363689, 2.306661 ], [ -63.363239, 2.305053 ], [ -63.362675, 2.302986 ], [ -63.361996, 2.300574 ], [ -63.361885, 2.298393 ], [ -63.361896, 2.294031 ], [ -63.362015, 2.291162 ], [ -63.361679, 2.289554 ], [ -63.361115, 2.287717 ], [ -63.360550, 2.285535 ], [ -63.359875, 2.281631 ], [ -63.359547, 2.278990 ], [ -63.359207, 2.276694 ], [ -63.358986, 2.273480 ], [ -63.358307, 2.271068 ], [ -63.357639, 2.268083 ], [ -63.357071, 2.266246 ], [ -63.356274, 2.264063 ], [ -63.355602, 2.261766 ], [ -63.354813, 2.257748 ], [ -63.354481, 2.256140 ], [ -63.354256, 2.253959 ], [ -63.354030, 2.252237 ], [ -63.353813, 2.248334 ], [ -63.354050, 2.244546 ], [ -63.354389, 2.242940 ], [ -63.354957, 2.241104 ], [ -63.356785, 2.238926 ], [ -63.357914, 2.237895 ], [ -63.359619, 2.236634 ], [ -63.361557, 2.235374 ], [ -63.363029, 2.234230 ], [ -63.364735, 2.232854 ], [ -63.366558, 2.231250 ], [ -63.368382, 2.229990 ], [ -63.369743, 2.229074 ], [ -63.371109, 2.228043 ], [ -63.372475, 2.226897 ], [ -63.373837, 2.225981 ], [ -63.375202, 2.224836 ], [ -63.376449, 2.223804 ], [ -63.377582, 2.222658 ], [ -63.380543, 2.218530 ], [ -63.381684, 2.217039 ], [ -63.382935, 2.215090 ], [ -63.384067, 2.213599 ], [ -63.385330, 2.211650 ], [ -63.386463, 2.209930 ], [ -63.387375, 2.208095 ], [ -63.388519, 2.206260 ], [ -63.389431, 2.204195 ], [ -63.390225, 2.202704 ], [ -63.390793, 2.201098 ], [ -63.391479, 2.199492 ], [ -63.392166, 2.197198 ], [ -63.392620, 2.195362 ], [ -63.393074, 2.193640 ], [ -63.393539, 2.192034 ], [ -63.393993, 2.190313 ], [ -63.394562, 2.188592 ], [ -63.395016, 2.186756 ], [ -63.395363, 2.185035 ], [ -63.395592, 2.183313 ], [ -63.395943, 2.181247 ], [ -63.396286, 2.179756 ], [ -63.396519, 2.178035 ], [ -63.396748, 2.176083 ], [ -63.396751, 2.170689 ], [ -63.396873, 2.168394 ], [ -63.396767, 2.166327 ], [ -63.396541, 2.164490 ], [ -63.396313, 2.162882 ], [ -63.395981, 2.161160 ], [ -63.395535, 2.158405 ], [ -63.395416, 2.156453 ], [ -63.394974, 2.152321 ], [ -63.394863, 2.150713 ], [ -63.394638, 2.148876 ], [ -63.394642, 2.147155 ], [ -63.394417, 2.145317 ], [ -63.394424, 2.143366 ], [ -63.394653, 2.141759 ], [ -63.395569, 2.139121 ], [ -63.397724, 2.136714 ], [ -63.399204, 2.135683 ], [ -63.400684, 2.134537 ], [ -63.402500, 2.133048 ], [ -63.403862, 2.132132 ], [ -63.405567, 2.131101 ], [ -63.407841, 2.130646 ], [ -63.410454, 2.130534 ], [ -63.414082, 2.130539 ], [ -63.415897, 2.130083 ], [ -63.417831, 2.129627 ], [ -63.419536, 2.129285 ], [ -63.422936, 2.129061 ], [ -63.425552, 2.128835 ], [ -63.427483, 2.129068 ], [ -63.429184, 2.129300 ], [ -63.431225, 2.129073 ], [ -63.432926, 2.128846 ], [ -63.439968, 2.128856 ], [ -63.441895, 2.128974 ], [ -63.444164, 2.129208 ], [ -63.446098, 2.129325 ], [ -63.447907, 2.129213 ], [ -63.449841, 2.129445 ], [ -63.451431, 2.129677 ], [ -63.453587, 2.130140 ], [ -63.455288, 2.130372 ], [ -63.456879, 2.130604 ], [ -63.458576, 2.130950 ], [ -63.460053, 2.131526 ], [ -63.461643, 2.132562 ], [ -63.463116, 2.133598 ], [ -63.464928, 2.134633 ], [ -63.466625, 2.135439 ], [ -63.468102, 2.136016 ], [ -63.469578, 2.136361 ], [ -63.471394, 2.136364 ], [ -63.472981, 2.136137 ], [ -63.474918, 2.134763 ], [ -63.476730, 2.132814 ], [ -63.478436, 2.131898 ], [ -63.479916, 2.131441 ], [ -63.481617, 2.130640 ], [ -63.484001, 2.129496 ], [ -63.485825, 2.128695 ], [ -63.487187, 2.128008 ], [ -63.489231, 2.126519 ], [ -63.490822, 2.125374 ], [ -63.492523, 2.124228 ], [ -63.494915, 2.121822 ], [ -63.496399, 2.120101 ], [ -63.497871, 2.118497 ], [ -63.499577, 2.116777 ], [ -63.501282, 2.115517 ], [ -63.502869, 2.114716 ], [ -63.505032, 2.113457 ], [ -63.506962, 2.111967 ], [ -63.508442, 2.110937 ], [ -63.510261, 2.109906 ], [ -63.514008, 2.108648 ], [ -63.515934, 2.107848 ], [ -63.520138, 2.107050 ], [ -63.522526, 2.107513 ], [ -63.524341, 2.108090 ], [ -63.525814, 2.108896 ], [ -63.527172, 2.109930 ], [ -63.528526, 2.111195 ], [ -63.529892, 2.112574 ], [ -63.531025, 2.113609 ], [ -63.532497, 2.114874 ], [ -63.534309, 2.116254 ], [ -63.536007, 2.117633 ], [ -63.537487, 2.118783 ], [ -63.538620, 2.120048 ], [ -63.540093, 2.121312 ], [ -63.541565, 2.122462 ], [ -63.542805, 2.123497 ], [ -63.544396, 2.124762 ], [ -63.547458, 2.126832 ], [ -63.550633, 2.127984 ], [ -63.552452, 2.127643 ], [ -63.554039, 2.126842 ], [ -63.555859, 2.126156 ], [ -63.557564, 2.125125 ], [ -63.558926, 2.124438 ], [ -63.560512, 2.123751 ], [ -63.562672, 2.122951 ], [ -63.564606, 2.122725 ], [ -63.566990, 2.122154 ], [ -63.569149, 2.121698 ], [ -63.571076, 2.120667 ], [ -63.574371, 2.118376 ], [ -63.575966, 2.117804 ], [ -63.577896, 2.116775 ], [ -63.579597, 2.116088 ], [ -63.580959, 2.115401 ], [ -63.582664, 2.114830 ], [ -63.584824, 2.114029 ], [ -63.586410, 2.113572 ], [ -63.588112, 2.112886 ], [ -63.589817, 2.111856 ], [ -63.591416, 2.111054 ], [ -63.594818, 2.110256 ], [ -63.596520, 2.110143 ], [ -63.598107, 2.109801 ], [ -63.599815, 2.109573 ], [ -63.601402, 2.109117 ], [ -63.603329, 2.108546 ], [ -63.605034, 2.108089 ], [ -63.607193, 2.107403 ], [ -63.608894, 2.106832 ], [ -63.611283, 2.105342 ], [ -63.614464, 2.103855 ], [ -63.616394, 2.103054 ], [ -63.618214, 2.102024 ], [ -63.621963, 2.099504 ], [ -63.623097, 2.098472 ], [ -63.624695, 2.097212 ], [ -63.626282, 2.095722 ], [ -63.627872, 2.094002 ], [ -63.628784, 2.092397 ], [ -63.630268, 2.090677 ], [ -63.631176, 2.089300 ], [ -63.632427, 2.087581 ], [ -63.633560, 2.085401 ], [ -63.634586, 2.084026 ], [ -63.635952, 2.082306 ], [ -63.636639, 2.080929 ], [ -63.637547, 2.079553 ], [ -63.638458, 2.077603 ], [ -63.639145, 2.076111 ], [ -63.639939, 2.074161 ], [ -63.640507, 2.072670 ], [ -63.640968, 2.070949 ], [ -63.641426, 2.068539 ], [ -63.641880, 2.066474 ], [ -63.642342, 2.064867 ], [ -63.642570, 2.063261 ], [ -63.643024, 2.061310 ], [ -63.643371, 2.059474 ], [ -63.643600, 2.057752 ], [ -63.643947, 2.055802 ], [ -63.644176, 2.053736 ], [ -63.644634, 2.051556 ], [ -63.644867, 2.049031 ], [ -63.644646, 2.045587 ], [ -63.644417, 2.043521 ], [ -63.644653, 2.040308 ], [ -63.645340, 2.038242 ], [ -63.645675, 2.036521 ], [ -63.646248, 2.034226 ], [ -63.647053, 2.032161 ], [ -63.648300, 2.030556 ], [ -63.649895, 2.028377 ], [ -63.651142, 2.027116 ], [ -63.652283, 2.026085 ], [ -63.654106, 2.024710 ], [ -63.656033, 2.023450 ], [ -63.659210, 2.021158 ], [ -63.660690, 2.020127 ], [ -63.662510, 2.019098 ], [ -63.663983, 2.018411 ], [ -63.665684, 2.017724 ], [ -63.667736, 2.017153 ], [ -63.670227, 2.016812 ], [ -63.672504, 2.016241 ], [ -63.674663, 2.015785 ], [ -63.676704, 2.015214 ], [ -63.678856, 2.015217 ], [ -63.680904, 2.015449 ], [ -63.683403, 2.015567 ], [ -63.685211, 2.015685 ], [ -63.686920, 2.015572 ], [ -63.687939, 2.016722 ], [ -63.688835, 2.018100 ], [ -63.689293, 2.020511 ], [ -63.689747, 2.022119 ], [ -63.690197, 2.023611 ], [ -63.690647, 2.025333 ], [ -63.691543, 2.027630 ], [ -63.692677, 2.029239 ], [ -63.693703, 2.030617 ], [ -63.694943, 2.032112 ], [ -63.695732, 2.033720 ], [ -63.696758, 2.035672 ], [ -63.697433, 2.037165 ], [ -63.698338, 2.039002 ], [ -63.699356, 2.040381 ], [ -63.701622, 2.042681 ], [ -63.702980, 2.043600 ], [ -63.704796, 2.044406 ], [ -63.706612, 2.044867 ], [ -63.708206, 2.044870 ], [ -63.709907, 2.044872 ], [ -63.711491, 2.044759 ], [ -63.713532, 2.044647 ], [ -63.715237, 2.044420 ], [ -63.716831, 2.043848 ], [ -63.720005, 2.041787 ], [ -63.721264, 2.040870 ], [ -63.722736, 2.039839 ], [ -63.724331, 2.038807 ], [ -63.725689, 2.037433 ], [ -63.726830, 2.036057 ], [ -63.727860, 2.033992 ], [ -63.728992, 2.032042 ], [ -63.730018, 2.030092 ], [ -63.730705, 2.028487 ], [ -63.731499, 2.026995 ], [ -63.732182, 2.025619 ], [ -63.732868, 2.023783 ], [ -63.733204, 2.022291 ], [ -63.733666, 2.020685 ], [ -63.735378, 2.015178 ], [ -63.736290, 2.012194 ], [ -63.736862, 2.010474 ], [ -63.737549, 2.008524 ], [ -63.738338, 2.007147 ], [ -63.739590, 2.005198 ], [ -63.740616, 2.003821 ], [ -63.741524, 2.002331 ], [ -63.743256, 2.001249 ], [ -63.744621, 1.999633 ], [ -63.745495, 1.998764 ], [ -63.746376, 1.997715 ], [ -63.747158, 1.996456 ], [ -63.749065, 1.993595 ], [ -63.750527, 1.990734 ], [ -63.752434, 1.987873 ], [ -63.755703, 1.986492 ], [ -63.762367, 1.985785 ], [ -63.765873, 1.985317 ], [ -63.773090, 1.984608 ], [ -63.776367, 1.984598 ], [ -63.783600, 1.985374 ], [ -63.786991, 1.986277 ], [ -63.790150, 1.986838 ], [ -63.794113, 1.987738 ], [ -63.797951, 1.988869 ], [ -63.800896, 1.989773 ], [ -63.804279, 1.989991 ], [ -63.807896, 1.990550 ], [ -63.811062, 1.991340 ], [ -63.814224, 1.991558 ], [ -63.818069, 1.990746 ], [ -63.820992, 1.989023 ], [ -63.823700, 1.987529 ], [ -63.826740, 1.986034 ], [ -63.828774, 1.983628 ], [ -63.832035, 1.980077 ], [ -63.834740, 1.977554 ], [ -63.837887, 1.975716 ], [ -63.840481, 1.973308 ], [ -63.843296, 1.970443 ], [ -63.845764, 1.967579 ], [ -63.848469, 1.965172 ], [ -63.851742, 1.964247 ], [ -63.855358, 1.964691 ], [ -63.857742, 1.966854 ], [ -63.860798, 1.969129 ], [ -63.863739, 1.970718 ], [ -63.866566, 1.971966 ], [ -63.869621, 1.974013 ], [ -63.872337, 1.975946 ], [ -63.875625, 1.978105 ], [ -63.878120, 1.980154 ], [ -63.880386, 1.982318 ], [ -63.883327, 1.984707 ], [ -63.886497, 1.986981 ], [ -63.889332, 1.988571 ], [ -63.892834, 1.988674 ], [ -63.896336, 1.988320 ], [ -63.899490, 1.987852 ], [ -63.903335, 1.987383 ], [ -63.906498, 1.987030 ], [ -63.909885, 1.986447 ], [ -63.913380, 1.985522 ], [ -63.916767, 1.984482 ], [ -63.919586, 1.983102 ], [ -63.923080, 1.981947 ], [ -63.926582, 1.982165 ], [ -63.930092, 1.982953 ], [ -63.933369, 1.983627 ], [ -63.936649, 1.984987 ], [ -63.939930, 1.987262 ], [ -63.942989, 1.989194 ], [ -63.946610, 1.991239 ], [ -63.949444, 1.992486 ], [ -63.952496, 1.993618 ], [ -63.955666, 1.994180 ], [ -63.958710, 1.994512 ], [ -63.961987, 1.994501 ], [ -63.965374, 1.994375 ], [ -63.968430, 1.994022 ], [ -63.971584, 1.993099 ], [ -63.973381, 1.990578 ], [ -63.976093, 1.988969 ], [ -63.978680, 1.987133 ], [ -63.981503, 1.985524 ], [ -63.984539, 1.983342 ], [ -63.987358, 1.981390 ], [ -63.989952, 1.979211 ], [ -63.992546, 1.977374 ], [ -63.995590, 1.975421 ], [ -63.998291, 1.973240 ], [ -64.001442, 1.971174 ], [ -64.003922, 1.969108 ], [ -64.006279, 1.966701 ], [ -64.008881, 1.964635 ], [ -64.011475, 1.962455 ], [ -64.014282, 1.960160 ], [ -64.016983, 1.958094 ], [ -64.020142, 1.956369 ], [ -64.023193, 1.955216 ], [ -64.026581, 1.954291 ], [ -64.029060, 1.952340 ], [ -64.031761, 1.950387 ], [ -64.034805, 1.948663 ], [ -64.038078, 1.947737 ], [ -64.041229, 1.946470 ], [ -64.044167, 1.945202 ], [ -64.046753, 1.941994 ], [ -64.049454, 1.939699 ], [ -64.051590, 1.938478 ], [ -64.052277, 1.938089 ], [ -64.054192, 1.935454 ], [ -64.056099, 1.932591 ], [ -64.057434, 1.928586 ], [ -64.058212, 1.925269 ], [ -64.058891, 1.921953 ], [ -64.059319, 1.918181 ], [ -64.059090, 1.914982 ], [ -64.059296, 1.911324 ], [ -64.059288, 1.908124 ], [ -64.058594, 1.905042 ], [ -64.057793, 1.901387 ], [ -64.056870, 1.898077 ], [ -64.055847, 1.894995 ], [ -64.055725, 1.891681 ], [ -64.055260, 1.888369 ], [ -64.054565, 1.885171 ], [ -64.053535, 1.881632 ], [ -64.053406, 1.877633 ], [ -64.053047, 1.873635 ], [ -64.052704, 1.870322 ], [ -64.053368, 1.866434 ], [ -64.052658, 1.857638 ], [ -64.053085, 1.854208 ], [ -64.053185, 1.850436 ], [ -64.052605, 1.846781 ], [ -64.052254, 1.843469 ], [ -64.051796, 1.839699 ], [ -64.051552, 1.836501 ], [ -64.051422, 1.833073 ], [ -64.052094, 1.829184 ], [ -64.052299, 1.825413 ], [ -64.053307, 1.822210 ], [ -64.054535, 1.819348 ], [ -64.055771, 1.816372 ], [ -64.057335, 1.813396 ], [ -64.058907, 1.810304 ], [ -64.059685, 1.807217 ], [ -64.060806, 1.803898 ], [ -64.061699, 1.800694 ], [ -64.062927, 1.796919 ], [ -64.064377, 1.794057 ], [ -64.065392, 1.790853 ], [ -64.066955, 1.787647 ], [ -64.068298, 1.784329 ], [ -64.069748, 1.781238 ], [ -64.070869, 1.778262 ], [ -64.072891, 1.775055 ], [ -64.074348, 1.772192 ], [ -64.075691, 1.768873 ], [ -64.076919, 1.765669 ], [ -64.077927, 1.762580 ], [ -64.077911, 1.759151 ], [ -64.075981, 1.756416 ], [ -64.074730, 1.753564 ], [ -64.073357, 1.750483 ], [ -64.071991, 1.747517 ], [ -64.071526, 1.743976 ], [ -64.069931, 1.739868 ], [ -64.069115, 1.735757 ], [ -64.068321, 1.732560 ], [ -64.067513, 1.728792 ], [ -64.066360, 1.724682 ], [ -64.065674, 1.720685 ], [ -64.065537, 1.716115 ], [ -64.064957, 1.713032 ], [ -64.064262, 1.709948 ], [ -64.063240, 1.705610 ], [ -64.062431, 1.701956 ], [ -64.062630, 1.694641 ], [ -64.062950, 1.690983 ], [ -64.063278, 1.687554 ], [ -64.063370, 1.684011 ], [ -64.063919, 1.680466 ], [ -64.065270, 1.677603 ], [ -64.066383, 1.674399 ], [ -64.067841, 1.671537 ], [ -64.069633, 1.667645 ], [ -64.070862, 1.664440 ], [ -64.072311, 1.661348 ], [ -64.073654, 1.658372 ], [ -64.076477, 1.655390 ], [ -64.079063, 1.653094 ], [ -64.081535, 1.651256 ], [ -64.083107, 1.647593 ], [ -64.083992, 1.644275 ], [ -64.086449, 1.638323 ], [ -64.089012, 1.629970 ], [ -64.091042, 1.626877 ], [ -64.093285, 1.622982 ], [ -64.094628, 1.620005 ], [ -64.097557, 1.617822 ], [ -64.099342, 1.614387 ], [ -64.101128, 1.609351 ], [ -64.102814, 1.606144 ], [ -64.104271, 1.603168 ], [ -64.106407, 1.599044 ], [ -64.108871, 1.596405 ], [ -64.110893, 1.593540 ], [ -64.113373, 1.590902 ], [ -64.116180, 1.588948 ], [ -64.118881, 1.586423 ], [ -64.121811, 1.584010 ], [ -64.124977, 1.582855 ], [ -64.128128, 1.581928 ], [ -64.131294, 1.580887 ], [ -64.134674, 1.579845 ], [ -64.137718, 1.578804 ], [ -64.140884, 1.578220 ], [ -64.144272, 1.577520 ], [ -64.148224, 1.577161 ], [ -64.151611, 1.576918 ], [ -64.155449, 1.577017 ], [ -64.158501, 1.576205 ], [ -64.161537, 1.574706 ], [ -64.163795, 1.572069 ], [ -64.166031, 1.568517 ], [ -64.168053, 1.565994 ], [ -64.170990, 1.564039 ], [ -64.174141, 1.563111 ], [ -64.176956, 1.561499 ], [ -64.179215, 1.558975 ], [ -64.181351, 1.556452 ], [ -64.183594, 1.553585 ], [ -64.185394, 1.550835 ], [ -64.186958, 1.547742 ], [ -64.188072, 1.544309 ], [ -64.189644, 1.540988 ], [ -64.190987, 1.537896 ], [ -64.192100, 1.534920 ], [ -64.193672, 1.531599 ], [ -64.195801, 1.528732 ], [ -64.198158, 1.525751 ], [ -64.199844, 1.523114 ], [ -64.201409, 1.520136 ], [ -64.204002, 1.517953 ], [ -64.207268, 1.515311 ], [ -64.210533, 1.513697 ], [ -64.213463, 1.512542 ], [ -64.216629, 1.511157 ], [ -64.219559, 1.509887 ], [ -64.222717, 1.509074 ], [ -64.225533, 1.507576 ], [ -64.229141, 1.505389 ], [ -64.232071, 1.503891 ], [ -64.235336, 1.501820 ], [ -64.238495, 1.499977 ], [ -64.241310, 1.498479 ], [ -64.245262, 1.496748 ], [ -64.248078, 1.495021 ], [ -64.250778, 1.492952 ], [ -64.253708, 1.490997 ], [ -64.256523, 1.489156 ], [ -64.260239, 1.486397 ], [ -64.262947, 1.484785 ], [ -64.265648, 1.482487 ], [ -64.268349, 1.479846 ], [ -64.271499, 1.477204 ], [ -64.274765, 1.474675 ], [ -64.277245, 1.472607 ], [ -64.279602, 1.470310 ], [ -64.284782, 1.466630 ], [ -64.287834, 1.465017 ], [ -64.291321, 1.462944 ], [ -64.294701, 1.460757 ], [ -64.297295, 1.458918 ], [ -64.300110, 1.456962 ], [ -64.303039, 1.455348 ], [ -64.305969, 1.453163 ], [ -64.308441, 1.450295 ], [ -64.310799, 1.447770 ], [ -64.312027, 1.444450 ], [ -64.313027, 1.440787 ], [ -64.314262, 1.437694 ], [ -64.314926, 1.434605 ], [ -64.315926, 1.430714 ], [ -64.316917, 1.426937 ], [ -64.317696, 1.423276 ], [ -64.318131, 1.420186 ], [ -64.319016, 1.416410 ], [ -64.320251, 1.413089 ], [ -64.321701, 1.410225 ], [ -64.323273, 1.406902 ], [ -64.324272, 1.403583 ], [ -64.326286, 1.400030 ], [ -64.326843, 1.396941 ], [ -64.327507, 1.393051 ], [ -64.327706, 1.389278 ], [ -64.328148, 1.386189 ], [ -64.328354, 1.382644 ], [ -64.328682, 1.378870 ], [ -64.329903, 1.375435 ], [ -64.330902, 1.372230 ], [ -64.332703, 1.369135 ], [ -64.334046, 1.365927 ], [ -64.335724, 1.362948 ], [ -64.338081, 1.360536 ], [ -64.341133, 1.360065 ], [ -64.344414, 1.360394 ], [ -64.347580, 1.361180 ], [ -64.350975, 1.362422 ], [ -64.355163, 1.363889 ], [ -64.357765, 1.365821 ], [ -64.360947, 1.367980 ], [ -64.363892, 1.369224 ], [ -64.367058, 1.370811 ], [ -64.369896, 1.372284 ], [ -64.372841, 1.373644 ], [ -64.375664, 1.375460 ], [ -64.378731, 1.377733 ], [ -64.381348, 1.380351 ], [ -64.383949, 1.382740 ], [ -64.386337, 1.385360 ], [ -64.388161, 1.387867 ], [ -64.390434, 1.390486 ], [ -64.392029, 1.393338 ], [ -64.393738, 1.396074 ], [ -64.395783, 1.398580 ], [ -64.397827, 1.401887 ], [ -64.399650, 1.404737 ], [ -64.401474, 1.407816 ], [ -64.401832, 1.411359 ], [ -64.401840, 1.414789 ], [ -64.400955, 1.417994 ], [ -64.399048, 1.420747 ], [ -64.396912, 1.424415 ], [ -64.395691, 1.427278 ], [ -64.393890, 1.430145 ], [ -64.391418, 1.433129 ], [ -64.389404, 1.435653 ], [ -64.386810, 1.437722 ], [ -64.383766, 1.439450 ], [ -64.380722, 1.441407 ], [ -64.378250, 1.443819 ], [ -64.373291, 1.448185 ], [ -64.370934, 1.450482 ], [ -64.368462, 1.453579 ], [ -64.365311, 1.456566 ], [ -64.363175, 1.459090 ], [ -64.361381, 1.461956 ], [ -64.359589, 1.465166 ], [ -64.358017, 1.468488 ], [ -64.356560, 1.471238 ], [ -64.354546, 1.474791 ], [ -64.352638, 1.478229 ], [ -64.351296, 1.481549 ], [ -64.350189, 1.485327 ], [ -64.349297, 1.488532 ], [ -64.348862, 1.491736 ], [ -64.347526, 1.495856 ], [ -64.346977, 1.499975 ], [ -64.346878, 1.504434 ], [ -64.347351, 1.508433 ], [ -64.347702, 1.511747 ], [ -64.350319, 1.513794 ], [ -64.353943, 1.515722 ], [ -64.357216, 1.516509 ], [ -64.360275, 1.516839 ], [ -64.363777, 1.516595 ], [ -64.367615, 1.516007 ], [ -64.371002, 1.515421 ], [ -64.375069, 1.514946 ], [ -64.378120, 1.514476 ], [ -64.382072, 1.514231 ], [ -64.385796, 1.513872 ], [ -64.388962, 1.513286 ], [ -64.392799, 1.512471 ], [ -64.396072, 1.511541 ], [ -64.399002, 1.510385 ], [ -64.402275, 1.509456 ], [ -64.407028, 1.508750 ], [ -64.409844, 1.507367 ], [ -64.413567, 1.505749 ], [ -64.416611, 1.504936 ], [ -64.419655, 1.502637 ], [ -64.421783, 1.499654 ], [ -64.423927, 1.496901 ], [ -64.426170, 1.494604 ], [ -64.428650, 1.492765 ], [ -64.431580, 1.491036 ], [ -64.434288, 1.489539 ], [ -64.436874, 1.487698 ], [ -64.439690, 1.485971 ], [ -64.442283, 1.484245 ], [ -64.444992, 1.482403 ], [ -64.447922, 1.480218 ], [ -64.450058, 1.477579 ], [ -64.453102, 1.475393 ], [ -64.455910, 1.473437 ], [ -64.459526, 1.472392 ], [ -64.462685, 1.471235 ], [ -64.465500, 1.469165 ], [ -64.468094, 1.467324 ], [ -64.471138, 1.465938 ], [ -64.474754, 1.465236 ], [ -64.478142, 1.464764 ], [ -64.481522, 1.463606 ], [ -64.484680, 1.461762 ], [ -64.487953, 1.460033 ], [ -64.490875, 1.458534 ], [ -64.493812, 1.457149 ], [ -64.497650, 1.455530 ], [ -64.500580, 1.454375 ], [ -64.503860, 1.452988 ], [ -64.507240, 1.451486 ], [ -64.511414, 1.449295 ], [ -64.514229, 1.447796 ], [ -64.519638, 1.444342 ], [ -64.522453, 1.442385 ], [ -64.525047, 1.440086 ], [ -64.527969, 1.437787 ], [ -64.530113, 1.435490 ], [ -64.532471, 1.432620 ], [ -64.534828, 1.430094 ], [ -64.537422, 1.428253 ], [ -64.539558, 1.425613 ], [ -64.541351, 1.422403 ], [ -64.542923, 1.419537 ], [ -64.545281, 1.417125 ], [ -64.547981, 1.414711 ], [ -64.550796, 1.412298 ], [ -64.553505, 1.410112 ], [ -64.555862, 1.407929 ], [ -64.557663, 1.405062 ], [ -64.558891, 1.402198 ], [ -64.560348, 1.399447 ], [ -64.561684, 1.395666 ], [ -64.563255, 1.392457 ], [ -64.564476, 1.389021 ], [ -64.564797, 1.385132 ], [ -64.565910, 1.381581 ], [ -64.566689, 1.378261 ], [ -64.566788, 1.375058 ], [ -64.566773, 1.371856 ], [ -64.567413, 1.364763 ], [ -64.567398, 1.361332 ], [ -64.567833, 1.358013 ], [ -64.567932, 1.354353 ], [ -64.568596, 1.351034 ], [ -64.569481, 1.347828 ], [ -64.570030, 1.343937 ], [ -64.571937, 1.341298 ], [ -64.574417, 1.339457 ], [ -64.577347, 1.337957 ], [ -64.580841, 1.336339 ], [ -64.584000, 1.333923 ], [ -64.587151, 1.332308 ], [ -64.589973, 1.331037 ], [ -64.593018, 1.329765 ], [ -64.596634, 1.328376 ], [ -64.600242, 1.326758 ], [ -64.610397, 1.323394 ], [ -64.613327, 1.322351 ], [ -64.620094, 1.318775 ], [ -64.623367, 1.317502 ], [ -64.627319, 1.315768 ], [ -64.630699, 1.313693 ], [ -64.634079, 1.312076 ], [ -64.636902, 1.310576 ], [ -64.640175, 1.309417 ], [ -64.643555, 1.308372 ], [ -64.647957, 1.306864 ], [ -64.654724, 1.303402 ], [ -64.657997, 1.302129 ], [ -64.661270, 1.300740 ], [ -64.664536, 1.298781 ], [ -64.667236, 1.296023 ], [ -64.670158, 1.292921 ], [ -64.672524, 1.290051 ], [ -64.675453, 1.288093 ], [ -64.678490, 1.286248 ], [ -64.680290, 1.283610 ], [ -64.683105, 1.281194 ], [ -64.685692, 1.279122 ], [ -64.687828, 1.276597 ], [ -64.690529, 1.273267 ], [ -64.692886, 1.270625 ], [ -64.695473, 1.267753 ], [ -64.698059, 1.265110 ], [ -64.700081, 1.262699 ], [ -64.702103, 1.259830 ], [ -64.705025, 1.256498 ], [ -64.707954, 1.254883 ], [ -64.710434, 1.252812 ], [ -64.713020, 1.249597 ], [ -64.715485, 1.246269 ], [ -64.717621, 1.243627 ], [ -64.719986, 1.240871 ], [ -64.722572, 1.238914 ], [ -64.725624, 1.238212 ], [ -64.729576, 1.237965 ], [ -64.732971, 1.238064 ], [ -64.736816, 1.238502 ], [ -64.739983, 1.238488 ], [ -64.743149, 1.238358 ], [ -64.746536, 1.238341 ], [ -64.751625, 1.238546 ], [ -64.755020, 1.238987 ], [ -64.758308, 1.240001 ], [ -64.762268, 1.241126 ], [ -64.765213, 1.242142 ], [ -64.768044, 1.243386 ], [ -64.770882, 1.244745 ], [ -64.773155, 1.247251 ], [ -64.774521, 1.250104 ], [ -64.775559, 1.253188 ], [ -64.776138, 1.256274 ], [ -64.776947, 1.260045 ], [ -64.777420, 1.263703 ], [ -64.777771, 1.266791 ], [ -64.778580, 1.270218 ], [ -64.779282, 1.274219 ], [ -64.780090, 1.277532 ], [ -64.781578, 1.281071 ], [ -64.783394, 1.283579 ], [ -64.786346, 1.285625 ], [ -64.789741, 1.285952 ], [ -64.793015, 1.285365 ], [ -64.796181, 1.285121 ], [ -64.799568, 1.284761 ], [ -64.803414, 1.284628 ], [ -64.807259, 1.284381 ], [ -64.810875, 1.284364 ], [ -64.814835, 1.284117 ], [ -64.818565, 1.284213 ], [ -64.822746, 1.284307 ], [ -64.825912, 1.284521 ], [ -64.829308, 1.284162 ], [ -64.832581, 1.283688 ], [ -64.835739, 1.282530 ], [ -64.838448, 1.280458 ], [ -64.840584, 1.277702 ], [ -64.842033, 1.274835 ], [ -64.844055, 1.271621 ], [ -64.845955, 1.267838 ], [ -64.847862, 1.264282 ], [ -64.850105, 1.261181 ], [ -64.852127, 1.258312 ], [ -64.853691, 1.254643 ], [ -64.855827, 1.250973 ], [ -64.857735, 1.248103 ], [ -64.859299, 1.244434 ], [ -64.860748, 1.241567 ], [ -64.862549, 1.238927 ], [ -64.864227, 1.236173 ], [ -64.866478, 1.233302 ], [ -64.868500, 1.230547 ], [ -64.871200, 1.228017 ], [ -64.873451, 1.225603 ], [ -64.876259, 1.222958 ], [ -64.878967, 1.220771 ], [ -64.881783, 1.219270 ], [ -64.884834, 1.218340 ], [ -64.888557, 1.217292 ], [ -64.892059, 1.216245 ], [ -64.895668, 1.215084 ], [ -64.899513, 1.213921 ], [ -64.903572, 1.212872 ], [ -64.906967, 1.212398 ], [ -64.910355, 1.212037 ], [ -64.913856, 1.211792 ], [ -64.917366, 1.211774 ], [ -64.923920, 1.211514 ], [ -64.927879, 1.211151 ], [ -64.931152, 1.210906 ], [ -64.934326, 1.210890 ], [ -64.937943, 1.210644 ], [ -64.941330, 1.210856 ], [ -64.945183, 1.211180 ], [ -64.948799, 1.211277 ], [ -64.951965, 1.211147 ], [ -64.955017, 1.210789 ], [ -64.958862, 1.210541 ], [ -64.962021, 1.209038 ], [ -64.961548, 1.205837 ], [ -64.963226, 1.202625 ], [ -64.964348, 1.199644 ], [ -64.964554, 1.196211 ], [ -64.964645, 1.192663 ], [ -64.965195, 1.189342 ], [ -64.965515, 1.185794 ], [ -64.966400, 1.182128 ], [ -64.967857, 1.179375 ], [ -64.970337, 1.177303 ], [ -64.973152, 1.175115 ], [ -64.975624, 1.171784 ], [ -64.977646, 1.169257 ], [ -64.980003, 1.166499 ], [ -64.981232, 1.163175 ], [ -64.982796, 1.159849 ], [ -64.984482, 1.156751 ], [ -64.986496, 1.153766 ], [ -64.988297, 1.151240 ], [ -64.990540, 1.148138 ], [ -64.992790, 1.145267 ], [ -64.994354, 1.142055 ], [ -64.996033, 1.138728 ], [ -64.997597, 1.135059 ], [ -64.999504, 1.131731 ], [ -65.002434, 1.129656 ], [ -65.005714, 1.129868 ], [ -65.008545, 1.131228 ], [ -65.010933, 1.133275 ], [ -65.013321, 1.136124 ], [ -65.015037, 1.139548 ], [ -65.016975, 1.142285 ], [ -65.020035, 1.144672 ], [ -65.022759, 1.146261 ], [ -65.025925, 1.145902 ], [ -65.029312, 1.144970 ], [ -65.032593, 1.144267 ], [ -65.036430, 1.143561 ], [ -65.040161, 1.143427 ], [ -65.044235, 1.143521 ], [ -65.047630, 1.143504 ], [ -65.051247, 1.143257 ], [ -65.057915, 1.143223 ], [ -65.061081, 1.142865 ], [ -65.064590, 1.142733 ], [ -65.071373, 1.142241 ], [ -65.074646, 1.141995 ], [ -65.078270, 1.142092 ], [ -65.082001, 1.142302 ], [ -65.085396, 1.142055 ], [ -65.088562, 1.142040 ], [ -65.091843, 1.141794 ], [ -65.095459, 1.141433 ], [ -65.098961, 1.140728 ], [ -65.102234, 1.140025 ], [ -65.106194, 1.139090 ], [ -65.109581, 1.138501 ], [ -65.113991, 1.138021 ], [ -65.117149, 1.137204 ], [ -65.120422, 1.136042 ], [ -65.123466, 1.134196 ], [ -65.126175, 1.132351 ], [ -65.128654, 1.130164 ], [ -65.130898, 1.127749 ], [ -65.132698, 1.124994 ], [ -65.134941, 1.122579 ], [ -65.136970, 1.120050 ], [ -65.139328, 1.117407 ], [ -65.140899, 1.114423 ], [ -65.142464, 1.111668 ], [ -65.143806, 1.108801 ], [ -65.145264, 1.105588 ], [ -65.147049, 1.102146 ], [ -65.147713, 1.098710 ], [ -65.149162, 1.095382 ], [ -65.150505, 1.092057 ], [ -65.152069, 1.088845 ], [ -65.153755, 1.085974 ], [ -65.154861, 1.082536 ], [ -65.155975, 1.078982 ], [ -65.157539, 1.075655 ], [ -65.158546, 1.072674 ], [ -65.159424, 1.068321 ], [ -65.159294, 1.064659 ], [ -65.158935, 1.061342 ], [ -65.158897, 1.054475 ], [ -65.158432, 1.051273 ], [ -65.158638, 1.047495 ], [ -65.159180, 1.044402 ], [ -65.159729, 1.040851 ], [ -65.159821, 1.037074 ], [ -65.159920, 1.033869 ], [ -65.159790, 1.030551 ], [ -65.159538, 1.026318 ], [ -65.159065, 1.023001 ], [ -65.157807, 1.019231 ], [ -65.158119, 1.015681 ], [ -65.157989, 1.012362 ], [ -65.158081, 1.008471 ], [ -65.158516, 1.005264 ], [ -65.159294, 1.001941 ], [ -65.159492, 0.997820 ], [ -65.160500, 0.994724 ], [ -65.161270, 0.991630 ], [ -65.162269, 0.988077 ], [ -65.163269, 0.985096 ], [ -65.164162, 0.981658 ], [ -65.165268, 0.977875 ], [ -65.166603, 0.974206 ], [ -65.167267, 0.970998 ], [ -65.168381, 0.967902 ], [ -65.170059, 0.964345 ], [ -65.170494, 0.960681 ], [ -65.171493, 0.957700 ], [ -65.172493, 0.954489 ], [ -65.173599, 0.950821 ], [ -65.174942, 0.947381 ], [ -65.176163, 0.944056 ], [ -65.177727, 0.940270 ], [ -65.178841, 0.936601 ], [ -65.180519, 0.933732 ], [ -65.182770, 0.930858 ], [ -65.184898, 0.927642 ], [ -65.187149, 0.925456 ], [ -65.190651, 0.925094 ], [ -65.194046, 0.925076 ], [ -65.197212, 0.924830 ], [ -65.200600, 0.924698 ], [ -65.204559, 0.924562 ], [ -65.207726, 0.924659 ], [ -65.210892, 0.924184 ], [ -65.214287, 0.923709 ], [ -65.217903, 0.923346 ], [ -65.220947, 0.922186 ], [ -65.225242, 0.921132 ], [ -65.228523, 0.920886 ], [ -65.232926, 0.919832 ], [ -65.236427, 0.918898 ], [ -65.239479, 0.918309 ], [ -65.242760, 0.917948 ], [ -65.246490, 0.917471 ], [ -65.249763, 0.917109 ], [ -65.254181, 0.917887 ], [ -65.258827, 0.919464 ], [ -65.262009, 0.921279 ], [ -65.264618, 0.923555 ], [ -65.266785, 0.925947 ], [ -65.269173, 0.928109 ], [ -65.272125, 0.930382 ], [ -65.275185, 0.932426 ], [ -65.278030, 0.934242 ], [ -65.280525, 0.936060 ], [ -65.283249, 0.937877 ], [ -65.286308, 0.938891 ], [ -65.290161, 0.938984 ], [ -65.293442, 0.939082 ], [ -65.297058, 0.938948 ], [ -65.300224, 0.938702 ], [ -65.303276, 0.937999 ], [ -65.306320, 0.937067 ], [ -65.309593, 0.935790 ], [ -65.312531, 0.934286 ], [ -65.315239, 0.932784 ], [ -65.321327, 0.929546 ], [ -65.324707, 0.927468 ], [ -65.328094, 0.925504 ], [ -65.330910, 0.923199 ], [ -65.332931, 0.920556 ], [ -65.334610, 0.917799 ], [ -65.335724, 0.914703 ], [ -65.337738, 0.910914 ], [ -65.339195, 0.907929 ], [ -65.340195, 0.904491 ], [ -65.340965, 0.901395 ], [ -65.341965, 0.898185 ], [ -65.343422, 0.895429 ], [ -65.344986, 0.892101 ], [ -65.346443, 0.889346 ], [ -65.348351, 0.886130 ], [ -65.350143, 0.883373 ], [ -65.352158, 0.880043 ], [ -65.354065, 0.876712 ], [ -65.356537, 0.873837 ], [ -65.359123, 0.871190 ], [ -65.361595, 0.868200 ], [ -65.363846, 0.865670 ], [ -65.366425, 0.862565 ], [ -65.369011, 0.859574 ], [ -65.371368, 0.856814 ], [ -65.373390, 0.854285 ], [ -65.375984, 0.851752 ], [ -65.379021, 0.848530 ], [ -65.381607, 0.846341 ], [ -65.387459, 0.841043 ], [ -65.389816, 0.838397 ], [ -65.392632, 0.835291 ], [ -65.395103, 0.832873 ], [ -65.397011, 0.830000 ], [ -65.398804, 0.826671 ], [ -65.400368, 0.823800 ], [ -65.401939, 0.820586 ], [ -65.403938, 0.814164 ], [ -65.404823, 0.810725 ], [ -65.405594, 0.807171 ], [ -65.405800, 0.803507 ], [ -65.406662, 0.796175 ], [ -65.406647, 0.792970 ], [ -65.405243, 0.785537 ], [ -65.404320, 0.782565 ], [ -65.403397, 0.779136 ], [ -65.402473, 0.776050 ], [ -65.401207, 0.772966 ], [ -65.400398, 0.769765 ], [ -65.399246, 0.765994 ], [ -65.398552, 0.762907 ], [ -65.398987, 0.759699 ], [ -65.400772, 0.755797 ], [ -65.401878, 0.752241 ], [ -65.402420, 0.748117 ], [ -65.403419, 0.744792 ], [ -65.405106, 0.742149 ], [ -65.409828, 0.737544 ], [ -65.411400, 0.734673 ], [ -65.413071, 0.730885 ], [ -65.414749, 0.727327 ], [ -65.416313, 0.723884 ], [ -65.417877, 0.721127 ], [ -65.419670, 0.717454 ], [ -65.420891, 0.714356 ], [ -65.422684, 0.711369 ], [ -65.425720, 0.707574 ], [ -65.427857, 0.705273 ], [ -65.430328, 0.703198 ], [ -65.433365, 0.699975 ], [ -65.435959, 0.698129 ], [ -65.438888, 0.696166 ], [ -65.442047, 0.695232 ], [ -65.445206, 0.693726 ], [ -65.449158, 0.691872 ], [ -65.452881, 0.690248 ], [ -65.457283, 0.688620 ], [ -65.460335, 0.688145 ], [ -65.464516, 0.687435 ], [ -65.468925, 0.686036 ], [ -65.471970, 0.684988 ], [ -65.475807, 0.683135 ], [ -65.479645, 0.681968 ], [ -65.489128, 0.678708 ], [ -65.492065, 0.677203 ], [ -65.496124, 0.675463 ], [ -65.500076, 0.673609 ], [ -65.503235, 0.672446 ], [ -65.506515, 0.671511 ], [ -65.510361, 0.672062 ], [ -65.513412, 0.671357 ], [ -65.516457, 0.669050 ], [ -65.520065, 0.667312 ], [ -65.523781, 0.664772 ], [ -65.526253, 0.662010 ], [ -65.528389, 0.659593 ], [ -65.530868, 0.657175 ], [ -65.533897, 0.653837 ], [ -65.536934, 0.650156 ], [ -65.538841, 0.647511 ], [ -65.542686, 0.647146 ], [ -65.545082, 0.649995 ], [ -65.547241, 0.652272 ], [ -65.549294, 0.655008 ], [ -65.551346, 0.657859 ], [ -65.553635, 0.661396 ], [ -65.555573, 0.664362 ], [ -65.557739, 0.667326 ], [ -65.560020, 0.669603 ], [ -65.562859, 0.672106 ], [ -65.565476, 0.674152 ], [ -65.568321, 0.676541 ], [ -65.571274, 0.679272 ], [ -65.573784, 0.682006 ], [ -65.576065, 0.685084 ], [ -65.578346, 0.688048 ], [ -65.580170, 0.691015 ], [ -65.581436, 0.693985 ], [ -65.582474, 0.696956 ], [ -65.583397, 0.700386 ], [ -65.584206, 0.704045 ], [ -65.584679, 0.707134 ], [ -65.585152, 0.710337 ], [ -65.585281, 0.713657 ], [ -65.586441, 0.717658 ], [ -65.587929, 0.720627 ], [ -65.588058, 0.723832 ], [ -65.587852, 0.727154 ], [ -65.587761, 0.730704 ], [ -65.587677, 0.735285 ], [ -65.586449, 0.738154 ], [ -65.584999, 0.741712 ], [ -65.584229, 0.745381 ], [ -65.583679, 0.748704 ], [ -65.582573, 0.752718 ], [ -65.581009, 0.756506 ], [ -65.574936, 0.762494 ], [ -65.572456, 0.764683 ], [ -65.569985, 0.766987 ], [ -65.567283, 0.769979 ], [ -65.564919, 0.772168 ], [ -65.562218, 0.774702 ], [ -65.559631, 0.777235 ], [ -65.556702, 0.779885 ], [ -65.552208, 0.784719 ], [ -65.549965, 0.788625 ], [ -65.548859, 0.792524 ], [ -65.547401, 0.795280 ], [ -65.545265, 0.797925 ], [ -65.542679, 0.800573 ], [ -65.539078, 0.802998 ], [ -65.535919, 0.805420 ], [ -65.533234, 0.809786 ], [ -65.532455, 0.812881 ], [ -65.531570, 0.815863 ], [ -65.530228, 0.819076 ], [ -65.529343, 0.822287 ], [ -65.528351, 0.826415 ], [ -65.525650, 0.829177 ], [ -65.523628, 0.831707 ], [ -65.520141, 0.835848 ], [ -65.516205, 0.839534 ], [ -65.513840, 0.841608 ], [ -65.510346, 0.844146 ], [ -65.508324, 0.846676 ], [ -65.507095, 0.849660 ], [ -65.506210, 0.853443 ], [ -65.505783, 0.857223 ], [ -65.506256, 0.861343 ], [ -65.506729, 0.864889 ], [ -65.507431, 0.868549 ], [ -65.506775, 0.872789 ], [ -65.506233, 0.877372 ], [ -65.506149, 0.882181 ], [ -65.506058, 0.885960 ], [ -65.506645, 0.889162 ], [ -65.507797, 0.892934 ], [ -65.508942, 0.895905 ], [ -65.510208, 0.899333 ], [ -65.511696, 0.902416 ], [ -65.513863, 0.905953 ], [ -65.517967, 0.911427 ], [ -65.519905, 0.914164 ], [ -65.521736, 0.917131 ], [ -65.523453, 0.919984 ], [ -65.525620, 0.922949 ], [ -65.527779, 0.925571 ], [ -65.530624, 0.927846 ], [ -65.533348, 0.929434 ], [ -65.536285, 0.928273 ], [ -65.537621, 0.925403 ], [ -65.539986, 0.922871 ], [ -65.542580, 0.921025 ], [ -65.545525, 0.921926 ], [ -65.547127, 0.925237 ], [ -65.547150, 0.929015 ], [ -65.547417, 0.936228 ], [ -65.547096, 0.939779 ], [ -65.547226, 0.943098 ], [ -65.548836, 0.946525 ], [ -65.549759, 0.949840 ], [ -65.550789, 0.952811 ], [ -65.551827, 0.956240 ], [ -65.552643, 0.959443 ], [ -65.553452, 0.962759 ], [ -65.554489, 0.966073 ], [ -65.555870, 0.970303 ], [ -65.557358, 0.973500 ], [ -65.559410, 0.976351 ], [ -65.561691, 0.979202 ], [ -65.564529, 0.981018 ], [ -65.567818, 0.981803 ], [ -65.570984, 0.982243 ], [ -65.574158, 0.982913 ], [ -65.577446, 0.983812 ], [ -65.580956, 0.984938 ], [ -65.584366, 0.986637 ], [ -65.587097, 0.989256 ], [ -65.589828, 0.992104 ], [ -65.592216, 0.994496 ], [ -65.597671, 0.999161 ], [ -65.600853, 1.001548 ], [ -65.603355, 1.003940 ], [ -65.605972, 1.006216 ], [ -65.609154, 1.008375 ], [ -65.611877, 1.010307 ], [ -65.615166, 1.010518 ], [ -65.616730, 1.007647 ], [ -65.617622, 1.004665 ], [ -65.619865, 1.002134 ], [ -65.624595, 0.997528 ], [ -65.626732, 0.995226 ], [ -65.629547, 0.993036 ], [ -65.633743, 0.993929 ], [ -65.636017, 0.996207 ], [ -65.638519, 0.998483 ], [ -65.640907, 1.000876 ], [ -65.643753, 1.003379 ], [ -65.646591, 1.005311 ], [ -65.649208, 1.007473 ], [ -65.652268, 1.008601 ], [ -65.655777, 1.007667 ], [ -65.658478, 1.005362 ], [ -65.660614, 1.002945 ], [ -65.665672, 0.997306 ], [ -65.668381, 0.995002 ], [ -65.671196, 0.992925 ], [ -65.674133, 0.991879 ], [ -65.677299, 0.991175 ], [ -65.680687, 0.990927 ], [ -65.684204, 0.991710 ], [ -65.687607, 0.992722 ], [ -65.690437, 0.994081 ], [ -65.693840, 0.995323 ], [ -65.697701, 0.996791 ], [ -65.700760, 0.997690 ], [ -65.703819, 0.998705 ], [ -65.706772, 0.999604 ], [ -65.710159, 0.999472 ], [ -65.713783, 0.999223 ], [ -65.717293, 0.999089 ], [ -65.720352, 0.999875 ], [ -65.722969, 1.002036 ], [ -65.726372, 1.003850 ], [ -65.729546, 1.004062 ], [ -65.733162, 1.003470 ], [ -65.736320, 1.002193 ], [ -65.739144, 1.000117 ], [ -65.741844, 0.997583 ], [ -65.744202, 0.994936 ], [ -65.746338, 0.992176 ], [ -65.748016, 0.989304 ], [ -65.750267, 0.986772 ], [ -65.752403, 0.984126 ], [ -65.755325, 0.980560 ], [ -65.757347, 0.977686 ], [ -65.760048, 0.974007 ], [ -65.762405, 0.971933 ], [ -65.764999, 0.969513 ], [ -65.768036, 0.966634 ], [ -65.770859, 0.964786 ], [ -65.773903, 0.962937 ], [ -65.777176, 0.961659 ], [ -65.781357, 0.960148 ], [ -65.784859, 0.958983 ], [ -65.788361, 0.958277 ], [ -65.791641, 0.957343 ], [ -65.794693, 0.956639 ], [ -65.798309, 0.955703 ], [ -65.801697, 0.955227 ], [ -65.806106, 0.954057 ], [ -65.809387, 0.952894 ], [ -65.812431, 0.951617 ], [ -65.816048, 0.949880 ], [ -65.819664, 0.948714 ], [ -65.823052, 0.948238 ], [ -65.826218, 0.948106 ], [ -65.829270, 0.946256 ], [ -65.832993, 0.944518 ], [ -65.835701, 0.942671 ], [ -65.838745, 0.940821 ], [ -65.841454, 0.939318 ], [ -65.844719, 0.937353 ], [ -65.847885, 0.935846 ], [ -65.850929, 0.934684 ], [ -65.854545, 0.933404 ], [ -65.858162, 0.931896 ], [ -65.866524, 0.929673 ], [ -65.869469, 0.930574 ], [ -65.873329, 0.931697 ], [ -65.876610, 0.931679 ], [ -65.879776, 0.930975 ], [ -65.882713, 0.930043 ], [ -65.885071, 0.927509 ], [ -65.885734, 0.923726 ], [ -65.885597, 0.920061 ], [ -65.885353, 0.916512 ], [ -65.885223, 0.913306 ], [ -65.886215, 0.909864 ], [ -65.886650, 0.906426 ], [ -65.888329, 0.903095 ], [ -65.890572, 0.899417 ], [ -65.892929, 0.896311 ], [ -65.895409, 0.893892 ], [ -65.898903, 0.891239 ], [ -65.902290, 0.890303 ], [ -65.905800, 0.890055 ], [ -65.908729, 0.888549 ], [ -65.911888, 0.886470 ], [ -65.914024, 0.883938 ], [ -65.916611, 0.880831 ], [ -65.918633, 0.878186 ], [ -65.920883, 0.875310 ], [ -65.923813, 0.873575 ], [ -65.927200, 0.871265 ], [ -65.930016, 0.869531 ], [ -65.932495, 0.867685 ], [ -65.935768, 0.866292 ], [ -65.938591, 0.864673 ], [ -65.941292, 0.862481 ], [ -65.943543, 0.860178 ], [ -65.945793, 0.857416 ], [ -65.948036, 0.853967 ], [ -65.950165, 0.850290 ], [ -65.952072, 0.847416 ], [ -65.953865, 0.844542 ], [ -65.955772, 0.841209 ], [ -65.957680, 0.838335 ], [ -65.958908, 0.835464 ], [ -65.960358, 0.832135 ], [ -65.961701, 0.828920 ], [ -65.963264, 0.825589 ], [ -65.964722, 0.822373 ], [ -65.966507, 0.818240 ], [ -65.967842, 0.814681 ], [ -65.969406, 0.810663 ], [ -65.971771, 0.808359 ], [ -65.975159, 0.807423 ], [ -65.978211, 0.806719 ], [ -65.981491, 0.806586 ], [ -65.984657, 0.806109 ], [ -65.987824, 0.805519 ], [ -65.991791, 0.805840 ], [ -65.994843, 0.805365 ], [ -65.998306, 0.804481 ], [ -65.999313, 0.804028 ], [ -66.001564, 0.803988 ], [ -66.004829, 0.804063 ], [ -66.008110, 0.803682 ], [ -66.011620, 0.803192 ], [ -66.014801, 0.802238 ], [ -66.017883, 0.800826 ], [ -66.021317, 0.798852 ], [ -66.025192, 0.797002 ], [ -66.029587, 0.797330 ], [ -66.032501, 0.798195 ], [ -66.035523, 0.799291 ], [ -66.038796, 0.799366 ], [ -66.042076, 0.798985 ], [ -66.045227, 0.799285 ], [ -66.048264, 0.799810 ], [ -66.051536, 0.799999 ], [ -66.054672, 0.800983 ], [ -66.058044, 0.801859 ], [ -66.061180, 0.802843 ], [ -66.064331, 0.803257 ], [ -66.067238, 0.804578 ], [ -66.069794, 0.806233 ], [ -66.072471, 0.807663 ], [ -66.075600, 0.809103 ], [ -66.078346, 0.807455 ], [ -66.078751, 0.804385 ], [ -66.078827, 0.801079 ], [ -66.079018, 0.797434 ], [ -66.079155, 0.791165 ], [ -66.079567, 0.788095 ], [ -66.080452, 0.783896 ], [ -66.081429, 0.780382 ], [ -66.081840, 0.777198 ], [ -66.082253, 0.773901 ], [ -66.083778, 0.771084 ], [ -66.085228, 0.767012 ], [ -66.086311, 0.763729 ], [ -66.087174, 0.760555 ], [ -66.086121, 0.757224 ], [ -66.085174, 0.754123 ], [ -66.086037, 0.750949 ], [ -66.089561, 0.749547 ], [ -66.092720, 0.749619 ], [ -66.095871, 0.750147 ], [ -66.099251, 0.750567 ], [ -66.102157, 0.751545 ], [ -66.105423, 0.752190 ], [ -66.108902, 0.752954 ], [ -66.112167, 0.753370 ], [ -66.115448, 0.753103 ], [ -66.118843, 0.752724 ], [ -66.122482, 0.751439 ], [ -66.126030, 0.749239 ], [ -66.129120, 0.747370 ], [ -66.131645, 0.745489 ], [ -66.134621, 0.743390 ], [ -66.137253, 0.741739 ], [ -66.140572, 0.739876 ], [ -66.143524, 0.739031 ], [ -66.147018, 0.739224 ], [ -66.150055, 0.739750 ], [ -66.153305, 0.740736 ], [ -66.155983, 0.742166 ], [ -66.158760, 0.744282 ], [ -66.161201, 0.746163 ], [ -66.164093, 0.747940 ], [ -66.167236, 0.748924 ], [ -66.170143, 0.750017 ], [ -66.173401, 0.750775 ], [ -66.176437, 0.751529 ], [ -66.179909, 0.752520 ], [ -66.182823, 0.753613 ], [ -66.185135, 0.756289 ], [ -66.185967, 0.759502 ], [ -66.186684, 0.762598 ], [ -66.187057, 0.766028 ], [ -66.187210, 0.769453 ], [ -66.187584, 0.772997 ], [ -66.188080, 0.776202 ], [ -66.188568, 0.779635 ], [ -66.189064, 0.782726 ], [ -66.190239, 0.785604 ], [ -66.191414, 0.788825 ], [ -66.193154, 0.791602 ], [ -66.195244, 0.793931 ], [ -66.197685, 0.796039 ], [ -66.200684, 0.798161 ], [ -66.203468, 0.799821 ], [ -66.209839, 0.802818 ], [ -66.212875, 0.803344 ], [ -66.216453, 0.804680 ], [ -66.220093, 0.803623 ], [ -66.222725, 0.802086 ], [ -66.225586, 0.800212 ], [ -66.228111, 0.798331 ], [ -66.230751, 0.796452 ], [ -66.233391, 0.794459 ], [ -66.235916, 0.792464 ], [ -66.238663, 0.790701 ], [ -66.241646, 0.788830 ], [ -66.244057, 0.786946 ], [ -66.246582, 0.784951 ], [ -66.249222, 0.782958 ], [ -66.252091, 0.780856 ], [ -66.254738, 0.778635 ], [ -66.257500, 0.776417 ], [ -66.260139, 0.774310 ], [ -66.263122, 0.772325 ], [ -66.266212, 0.770228 ], [ -66.271721, 0.766361 ], [ -66.274361, 0.764254 ], [ -66.277679, 0.762048 ], [ -66.280434, 0.760400 ], [ -66.286163, 0.756310 ], [ -66.288925, 0.754092 ], [ -66.291664, 0.752557 ], [ -66.294525, 0.751025 ], [ -66.297150, 0.749488 ], [ -66.299904, 0.747498 ], [ -66.302765, 0.745738 ], [ -66.305969, 0.743871 ], [ -66.309196, 0.741100 ], [ -66.848640, 1.218134 ], [ -66.851547, 1.219684 ], [ -66.854332, 1.221347 ], [ -66.857124, 1.222666 ], [ -66.860268, 1.223537 ], [ -66.863510, 1.225209 ], [ -66.866180, 1.226867 ], [ -66.868393, 1.229086 ], [ -66.870255, 1.231754 ], [ -66.871315, 1.234859 ], [ -66.872032, 1.238071 ], [ -66.871956, 1.241493 ], [ -66.871994, 1.244803 ], [ -66.871918, 1.248339 ], [ -66.871727, 1.251872 ], [ -66.871308, 1.255172 ], [ -66.870567, 1.258236 ], [ -66.869812, 1.261414 ], [ -66.868728, 1.264698 ], [ -66.867416, 1.267749 ], [ -66.865669, 1.270220 ], [ -66.863457, 1.273136 ], [ -66.861260, 1.275368 ], [ -66.859055, 1.277942 ], [ -66.857079, 1.280407 ], [ -66.854775, 1.282408 ], [ -66.852242, 1.284632 ], [ -66.850372, 1.287328 ], [ -66.849403, 1.290273 ], [ -66.848198, 1.293783 ], [ -66.847343, 1.296730 ], [ -66.846588, 1.299908 ], [ -66.845100, 1.306036 ], [ -66.844788, 1.309680 ], [ -66.844826, 1.312990 ], [ -66.845085, 1.316534 ], [ -66.845581, 1.319855 ], [ -66.846062, 1.323518 ], [ -66.846550, 1.326838 ], [ -66.847275, 1.329936 ], [ -66.848328, 1.333155 ], [ -66.849739, 1.336040 ], [ -66.853226, 1.341712 ], [ -66.855080, 1.344608 ], [ -66.857162, 1.347509 ], [ -66.859238, 1.350524 ], [ -66.861099, 1.353077 ], [ -66.863418, 1.355641 ], [ -66.865272, 1.358651 ], [ -66.866448, 1.361530 ], [ -66.868530, 1.364432 ], [ -66.871880, 1.366106 ], [ -66.875038, 1.366180 ], [ -66.878212, 1.365910 ], [ -66.881363, 1.366324 ], [ -66.884277, 1.367533 ], [ -66.886948, 1.369193 ], [ -66.889732, 1.370968 ], [ -66.892509, 1.372972 ], [ -66.895172, 1.375201 ], [ -66.897598, 1.377882 ], [ -66.901886, 1.383116 ], [ -66.903404, 1.386005 ], [ -66.904457, 1.389224 ], [ -66.905174, 1.392664 ], [ -66.905334, 1.395749 ], [ -66.905250, 1.399399 ], [ -66.905060, 1.402932 ], [ -66.905098, 1.406128 ], [ -66.905128, 1.409667 ], [ -66.905281, 1.412979 ], [ -66.905083, 1.416741 ], [ -66.904671, 1.420155 ], [ -66.904373, 1.423343 ], [ -66.904175, 1.427219 ], [ -66.904022, 1.433834 ], [ -66.904068, 1.436916 ], [ -66.904221, 1.440115 ], [ -66.904152, 1.443309 ], [ -66.904526, 1.446856 ], [ -66.904785, 1.450171 ], [ -66.904831, 1.453253 ], [ -66.905312, 1.457144 ], [ -66.906021, 1.460584 ], [ -66.907425, 1.463698 ], [ -66.908943, 1.466358 ], [ -66.910118, 1.469238 ], [ -66.911598, 1.473836 ], [ -66.912422, 1.477394 ], [ -66.913490, 1.480271 ], [ -66.915611, 1.486255 ], [ -66.916664, 1.489702 ], [ -66.917953, 1.492699 ], [ -66.919357, 1.495585 ], [ -66.920982, 1.498818 ], [ -66.922608, 1.501936 ], [ -66.924126, 1.504710 ], [ -66.925415, 1.507479 ], [ -66.929970, 1.516143 ], [ -66.931480, 1.519259 ], [ -66.932999, 1.522034 ], [ -66.934731, 1.525268 ], [ -66.936134, 1.528154 ], [ -66.937767, 1.531045 ], [ -66.939629, 1.533598 ], [ -66.941956, 1.535706 ], [ -66.944969, 1.537374 ], [ -66.947876, 1.538811 ], [ -66.951240, 1.539916 ], [ -66.954262, 1.541241 ], [ -66.956352, 1.543457 ], [ -66.957756, 1.546343 ], [ -66.957687, 1.549651 ], [ -66.957497, 1.552956 ], [ -66.956863, 1.556137 ], [ -66.956230, 1.559203 ], [ -66.955933, 1.562278 ], [ -66.955406, 1.565690 ], [ -66.954659, 1.568639 ], [ -66.954361, 1.571828 ], [ -66.954407, 1.574910 ], [ -66.954659, 1.578796 ], [ -66.954811, 1.581881 ], [ -66.955749, 1.585441 ], [ -66.956917, 1.588777 ], [ -66.958214, 1.591546 ], [ -66.959488, 1.594999 ], [ -66.961121, 1.597662 ], [ -66.962524, 1.600548 ], [ -66.963821, 1.603430 ], [ -66.965111, 1.606199 ], [ -66.967896, 1.607976 ], [ -66.969856, 1.611330 ], [ -66.971718, 1.613999 ], [ -66.973679, 1.617125 ], [ -66.975319, 1.619674 ], [ -66.977181, 1.622342 ], [ -66.978920, 1.625349 ], [ -66.980995, 1.628365 ], [ -66.983070, 1.631494 ], [ -66.984703, 1.634271 ], [ -66.986221, 1.637045 ], [ -66.987846, 1.640278 ], [ -66.990532, 1.646503 ], [ -66.992035, 1.650076 ], [ -66.995056, 1.656081 ], [ -66.996460, 1.658966 ], [ -66.997643, 1.661960 ], [ -66.998810, 1.665183 ], [ -66.999985, 1.668178 ], [ -67.001373, 1.671748 ], [ -67.002777, 1.674519 ], [ -67.004517, 1.677755 ], [ -67.006142, 1.680646 ], [ -67.007767, 1.683765 ], [ -67.009522, 1.686316 ], [ -67.011368, 1.689555 ], [ -67.012985, 1.692902 ], [ -67.014275, 1.695785 ], [ -67.015900, 1.698904 ], [ -67.017868, 1.701803 ], [ -67.019836, 1.704929 ], [ -67.021683, 1.707940 ], [ -67.023186, 1.711741 ], [ -67.025139, 1.715210 ], [ -67.027214, 1.718225 ], [ -67.029518, 1.721360 ], [ -67.031830, 1.724039 ], [ -67.033356, 1.726699 ], [ -67.034637, 1.729810 ], [ -67.035698, 1.732916 ], [ -67.036766, 1.735794 ], [ -67.037934, 1.739131 ], [ -67.038544, 1.742112 ], [ -67.039146, 1.745550 ], [ -67.039749, 1.748532 ], [ -67.040459, 1.752200 ], [ -67.040955, 1.755522 ], [ -67.041557, 1.758617 ], [ -67.042282, 1.761601 ], [ -67.042778, 1.764694 ], [ -67.042931, 1.767893 ], [ -67.042969, 1.771432 ], [ -67.043228, 1.774748 ], [ -67.043495, 1.777836 ], [ -67.043976, 1.781727 ], [ -67.044685, 1.785395 ], [ -67.045723, 1.789300 ], [ -67.047462, 1.792422 ], [ -67.049660, 1.795098 ], [ -67.051979, 1.797777 ], [ -67.053955, 1.800333 ], [ -67.056251, 1.803582 ], [ -67.058227, 1.806253 ], [ -67.060074, 1.809492 ], [ -67.061478, 1.812377 ], [ -67.064278, 1.818378 ], [ -67.065567, 1.821375 ], [ -67.067062, 1.825176 ], [ -67.068230, 1.828513 ], [ -67.069176, 1.831731 ], [ -67.070007, 1.834831 ], [ -67.070724, 1.838158 ], [ -67.071327, 1.841481 ], [ -67.072044, 1.844922 ], [ -67.073433, 1.848264 ], [ -67.074722, 1.851261 ], [ -67.076347, 1.854381 ], [ -67.077637, 1.857150 ], [ -67.078819, 1.860030 ], [ -67.080338, 1.862805 ], [ -67.082314, 1.865476 ], [ -67.084297, 1.867805 ], [ -67.088234, 1.873603 ], [ -67.090187, 1.877072 ], [ -67.092506, 1.879522 ], [ -67.094360, 1.882305 ], [ -67.096443, 1.885092 ], [ -67.098770, 1.887430 ], [ -67.101082, 1.889880 ], [ -67.103409, 1.891988 ], [ -67.105972, 1.893646 ], [ -67.108643, 1.895305 ], [ -67.110855, 1.897412 ], [ -67.113060, 1.899859 ], [ -67.117928, 1.904538 ], [ -67.120254, 1.906532 ], [ -67.122467, 1.908752 ], [ -67.124901, 1.911092 ], [ -67.127342, 1.913202 ], [ -67.130005, 1.915318 ], [ -67.133034, 1.916302 ], [ -67.136192, 1.916604 ], [ -67.139229, 1.917245 ], [ -67.140861, 1.919908 ], [ -67.140793, 1.922988 ], [ -67.140259, 1.926628 ], [ -67.139946, 1.930501 ], [ -67.139313, 1.933568 ], [ -67.138336, 1.936742 ], [ -67.137695, 1.940037 ], [ -67.136719, 1.943323 ], [ -67.135963, 1.946616 ], [ -67.135551, 1.949917 ], [ -67.135246, 1.953447 ], [ -67.134949, 1.956636 ], [ -67.134422, 1.959705 ], [ -67.133568, 1.962767 ], [ -67.132355, 1.966278 ], [ -67.130936, 1.969212 ], [ -67.128075, 1.975537 ], [ -67.126869, 1.978933 ], [ -67.125664, 1.982214 ], [ -67.124474, 1.985041 ], [ -67.122825, 1.987855 ], [ -67.121567, 1.990851 ], [ -67.120529, 1.992319 ], [ -67.119713, 1.994722 ], [ -67.118553, 1.997811 ], [ -67.116241, 2.001807 ], [ -67.114403, 2.004775 ], [ -67.112900, 2.007516 ], [ -67.110596, 2.011397 ], [ -67.108406, 2.015050 ], [ -67.106331, 2.018589 ], [ -67.103920, 2.021894 ], [ -67.101738, 2.024399 ], [ -67.098640, 2.028616 ], [ -67.096443, 2.032729 ], [ -67.094940, 2.035929 ], [ -67.093887, 2.039019 ], [ -67.092728, 2.041994 ], [ -67.091889, 2.046694 ], [ -67.091286, 2.050248 ], [ -67.091248, 2.054383 ], [ -67.091324, 2.057945 ], [ -67.092720, 2.065884 ], [ -67.093033, 2.069104 ], [ -67.093346, 2.072208 ], [ -67.094208, 2.076467 ], [ -67.094749, 2.079689 ], [ -67.095734, 2.083260 ], [ -67.096718, 2.086716 ], [ -67.097244, 2.091086 ], [ -67.098122, 2.094311 ], [ -67.099220, 2.097768 ], [ -67.099869, 2.101336 ], [ -67.100517, 2.104788 ], [ -67.100708, 2.108122 ], [ -67.101700, 2.111693 ], [ -67.102348, 2.114800 ], [ -67.103104, 2.118599 ], [ -67.106163, 2.119205 ], [ -67.110138, 2.118558 ], [ -67.113548, 2.117674 ], [ -67.116730, 2.116904 ], [ -67.119797, 2.116476 ], [ -67.122986, 2.115361 ], [ -67.126274, 2.114707 ], [ -67.130028, 2.114286 ], [ -67.133423, 2.115126 ], [ -67.136688, 2.116998 ], [ -67.139389, 2.119323 ], [ -67.141975, 2.121647 ], [ -67.144112, 2.123852 ], [ -67.146462, 2.126978 ], [ -67.147797, 2.129863 ], [ -67.149124, 2.132864 ], [ -67.150459, 2.135749 ], [ -67.154930, 2.142687 ], [ -67.156830, 2.145924 ], [ -67.157936, 2.148922 ], [ -67.159722, 2.151697 ], [ -67.164665, 2.156573 ], [ -67.167931, 2.159019 ], [ -67.169823, 2.162485 ], [ -67.171722, 2.165722 ], [ -67.173508, 2.168611 ], [ -67.174950, 2.172417 ], [ -67.175926, 2.176562 ], [ -67.176460, 2.180243 ], [ -67.177109, 2.183811 ], [ -67.177292, 2.188063 ], [ -67.178619, 2.191408 ], [ -67.180176, 2.194641 ], [ -67.181961, 2.197761 ], [ -67.183067, 2.200874 ], [ -67.183945, 2.203985 ], [ -67.184486, 2.207091 ], [ -67.185921, 2.210553 ], [ -67.187706, 2.213902 ], [ -67.189377, 2.216907 ], [ -67.190712, 2.219792 ], [ -67.192039, 2.223022 ], [ -67.193482, 2.226368 ], [ -67.194923, 2.230404 ], [ -67.195686, 2.233398 ], [ -67.197243, 2.236631 ], [ -67.199150, 2.239178 ], [ -67.200477, 2.242408 ], [ -67.201576, 2.245636 ], [ -67.202225, 2.249433 ], [ -67.200828, 2.252864 ], [ -67.200119, 2.255959 ], [ -67.199409, 2.259282 ], [ -67.198921, 2.262838 ], [ -67.198433, 2.265934 ], [ -67.197380, 2.269828 ], [ -67.196663, 2.273037 ], [ -67.197189, 2.277408 ], [ -67.197266, 2.281199 ], [ -67.196998, 2.285216 ], [ -67.196854, 2.288776 ], [ -67.196816, 2.293025 ], [ -67.196205, 2.297384 ], [ -67.194694, 2.301044 ], [ -67.191391, 2.302617 ], [ -67.188652, 2.304082 ], [ -67.185455, 2.306001 ], [ -67.182495, 2.307348 ], [ -67.179413, 2.309154 ], [ -67.176895, 2.312114 ], [ -67.174820, 2.315308 ], [ -67.173317, 2.318164 ], [ -67.171470, 2.321706 ], [ -67.170746, 2.325718 ], [ -67.170815, 2.330657 ], [ -67.170898, 2.333760 ], [ -67.171547, 2.337098 ], [ -67.172424, 2.340209 ], [ -67.173645, 2.343323 ], [ -67.174858, 2.346551 ], [ -67.176529, 2.350015 ], [ -67.178314, 2.352561 ], [ -67.180328, 2.355914 ], [ -67.181656, 2.358685 ], [ -67.183212, 2.362147 ], [ -67.184997, 2.365727 ], [ -67.188797, 2.371510 ], [ -67.190689, 2.375435 ], [ -67.191788, 2.378892 ], [ -67.192764, 2.383038 ], [ -67.193870, 2.385922 ], [ -67.195999, 2.389160 ], [ -67.198807, 2.392176 ], [ -67.201729, 2.394505 ], [ -67.204437, 2.396371 ], [ -67.206909, 2.398235 ], [ -67.209618, 2.400217 ], [ -67.212204, 2.402082 ], [ -67.215027, 2.404064 ], [ -67.217728, 2.405930 ], [ -67.220543, 2.408142 ], [ -67.222786, 2.410579 ], [ -67.225372, 2.412903 ], [ -67.227966, 2.414769 ], [ -67.231239, 2.416870 ], [ -67.234505, 2.418629 ], [ -67.237785, 2.419926 ], [ -67.241402, 2.421228 ], [ -67.244904, 2.422528 ], [ -67.247726, 2.423822 ], [ -67.250443, 2.425343 ], [ -67.253487, 2.426983 ], [ -67.256424, 2.428393 ], [ -67.259583, 2.429805 ], [ -67.263084, 2.431335 ], [ -67.267044, 2.432296 ], [ -67.270439, 2.433595 ], [ -67.273704, 2.436386 ], [ -67.276054, 2.439053 ], [ -67.277962, 2.441715 ], [ -67.280205, 2.444381 ], [ -67.282448, 2.446932 ], [ -67.285027, 2.449945 ], [ -67.287277, 2.452382 ], [ -67.290314, 2.455055 ], [ -67.293007, 2.457955 ], [ -67.295250, 2.460392 ], [ -67.297607, 2.463288 ], [ -67.299621, 2.465837 ], [ -67.302086, 2.469308 ], [ -67.304436, 2.472550 ], [ -67.306793, 2.474987 ], [ -67.308929, 2.477422 ], [ -67.311737, 2.480323 ], [ -67.313988, 2.482414 ], [ -67.316460, 2.484509 ], [ -67.318932, 2.487177 ], [ -67.320496, 2.489949 ], [ -67.321938, 2.493181 ], [ -67.322815, 2.496407 ], [ -67.323807, 2.499519 ], [ -67.324905, 2.502633 ], [ -67.326920, 2.505526 ], [ -67.328827, 2.507958 ], [ -67.330841, 2.510736 ], [ -67.333321, 2.512945 ], [ -67.335678, 2.515266 ], [ -67.338150, 2.517935 ], [ -67.341080, 2.519919 ], [ -67.343331, 2.522125 ], [ -67.346153, 2.523303 ], [ -67.349884, 2.524836 ], [ -67.353729, 2.525680 ], [ -67.357361, 2.525949 ], [ -67.360420, 2.526440 ], [ -67.363815, 2.527165 ], [ -67.367088, 2.528578 ], [ -67.369911, 2.530331 ], [ -67.373177, 2.532778 ], [ -67.376099, 2.535565 ], [ -67.378800, 2.538350 ], [ -67.380814, 2.540899 ], [ -67.383049, 2.544139 ], [ -67.384499, 2.547256 ], [ -67.385826, 2.550831 ], [ -67.387268, 2.553948 ], [ -67.389160, 2.557644 ], [ -67.390266, 2.560757 ], [ -67.391945, 2.563532 ], [ -67.394760, 2.565284 ], [ -67.398041, 2.566582 ], [ -67.401771, 2.567770 ], [ -67.405617, 2.569189 ], [ -67.408890, 2.571062 ], [ -67.411941, 2.572587 ], [ -67.414871, 2.574111 ], [ -67.417465, 2.575862 ], [ -67.420403, 2.577730 ], [ -67.423447, 2.579371 ], [ -67.426720, 2.581472 ], [ -67.432465, 2.585439 ], [ -67.434822, 2.588221 ], [ -67.436951, 2.590770 ], [ -67.438743, 2.593546 ], [ -67.441094, 2.596558 ], [ -67.443344, 2.598879 ], [ -67.445702, 2.601431 ], [ -67.448296, 2.603296 ], [ -67.450890, 2.605047 ], [ -67.453590, 2.607028 ], [ -67.456634, 2.609013 ], [ -67.459572, 2.610422 ], [ -67.462730, 2.612293 ], [ -67.465660, 2.614277 ], [ -67.468483, 2.615800 ], [ -67.471191, 2.617782 ], [ -67.474236, 2.619881 ], [ -67.476013, 2.623691 ], [ -67.477119, 2.626804 ], [ -67.477997, 2.629800 ], [ -67.478638, 2.633369 ], [ -67.479401, 2.636823 ], [ -67.480705, 2.643270 ], [ -67.481354, 2.646378 ], [ -67.482002, 2.650062 ], [ -67.482651, 2.653285 ], [ -67.483871, 2.656170 ], [ -67.485885, 2.658948 ], [ -67.488472, 2.661732 ], [ -67.491058, 2.663713 ], [ -67.496712, 2.666069 ], [ -67.499649, 2.667594 ], [ -67.502701, 2.668315 ], [ -67.505989, 2.669038 ], [ -67.509049, 2.669645 ], [ -67.512100, 2.670366 ], [ -67.515274, 2.671204 ], [ -67.521736, 2.671730 ], [ -67.525146, 2.671421 ], [ -67.528206, 2.671339 ], [ -67.531609, 2.671834 ], [ -67.535232, 2.672216 ], [ -67.538872, 2.671335 ], [ -67.541840, 2.670217 ], [ -67.544128, 2.667829 ], [ -67.546768, 2.665099 ], [ -67.549515, 2.662484 ], [ -67.552818, 2.661255 ], [ -67.555893, 2.659909 ], [ -67.559067, 2.660171 ], [ -67.562584, 2.660667 ], [ -67.565956, 2.663575 ], [ -67.567520, 2.666348 ], [ -67.568397, 2.669575 ], [ -67.568817, 2.673370 ], [ -67.568321, 2.677156 ], [ -67.568070, 2.680370 ], [ -67.567924, 2.683471 ], [ -67.567429, 2.688061 ], [ -67.567505, 2.691394 ], [ -67.567352, 2.695643 ], [ -67.567322, 2.698974 ], [ -67.567947, 2.705185 ], [ -67.568245, 2.709324 ], [ -67.569237, 2.712436 ], [ -67.570671, 2.716473 ], [ -67.572235, 2.719475 ], [ -67.574135, 2.722252 ], [ -67.576149, 2.725030 ], [ -67.578392, 2.727811 ], [ -67.579956, 2.730470 ], [ -67.581863, 2.733247 ], [ -67.583420, 2.736250 ], [ -67.585548, 2.739490 ], [ -67.586761, 2.742719 ], [ -67.587303, 2.746057 ], [ -67.587463, 2.752377 ], [ -67.587097, 2.755590 ], [ -67.587067, 2.758921 ], [ -67.587258, 2.762140 ], [ -67.587448, 2.765934 ], [ -67.588211, 2.769044 ], [ -67.588982, 2.772038 ], [ -67.590317, 2.774809 ], [ -67.592331, 2.777473 ], [ -67.597618, 2.782928 ], [ -67.600090, 2.784907 ], [ -67.602570, 2.787231 ], [ -67.604813, 2.789666 ], [ -67.607063, 2.791758 ], [ -67.609772, 2.793739 ], [ -67.612244, 2.796063 ], [ -67.614952, 2.797700 ], [ -67.617546, 2.799565 ], [ -67.620369, 2.800859 ], [ -67.623535, 2.802384 ], [ -67.630096, 2.804291 ], [ -67.633621, 2.804098 ], [ -67.636680, 2.804360 ], [ -67.640091, 2.804166 ], [ -67.643722, 2.803974 ], [ -67.646240, 2.801932 ], [ -67.648193, 2.798850 ], [ -67.650162, 2.795308 ], [ -67.652344, 2.792344 ], [ -67.655663, 2.789621 ], [ -67.658722, 2.789997 ], [ -67.662117, 2.790722 ], [ -67.665627, 2.791678 ], [ -67.669365, 2.792521 ], [ -67.672768, 2.793246 ], [ -67.676277, 2.794086 ], [ -67.679672, 2.795155 ], [ -67.682839, 2.795992 ], [ -67.686348, 2.796833 ], [ -67.689408, 2.797669 ], [ -67.692467, 2.798160 ], [ -67.695862, 2.799115 ], [ -67.699028, 2.800296 ], [ -67.702652, 2.801137 ], [ -67.705826, 2.801745 ], [ -67.709106, 2.803158 ], [ -67.712151, 2.804913 ], [ -67.714279, 2.807693 ], [ -67.717216, 2.809790 ], [ -67.723297, 2.814335 ], [ -67.726005, 2.816316 ], [ -67.727448, 2.820007 ], [ -67.727982, 2.823115 ], [ -67.728630, 2.826453 ], [ -67.729172, 2.829791 ], [ -67.730270, 2.833249 ], [ -67.732979, 2.834655 ], [ -67.736282, 2.834115 ], [ -67.739693, 2.833462 ], [ -67.743103, 2.832692 ], [ -67.746628, 2.832039 ], [ -67.749695, 2.831726 ], [ -67.752876, 2.831185 ], [ -67.756409, 2.830302 ], [ -67.759476, 2.829644 ], [ -67.762543, 2.829102 ], [ -67.765732, 2.828445 ], [ -67.769028, 2.827904 ], [ -67.772323, 2.827249 ], [ -67.775627, 2.826479 ], [ -67.779144, 2.826170 ], [ -67.782219, 2.825627 ], [ -67.785400, 2.825085 ], [ -67.788696, 2.824775 ], [ -67.791992, 2.824349 ], [ -67.795517, 2.823811 ], [ -67.798920, 2.823501 ], [ -67.801880, 2.822612 ], [ -67.805069, 2.821381 ], [ -67.808151, 2.820034 ], [ -67.810661, 2.818221 ], [ -67.812729, 2.815599 ], [ -67.814232, 2.812513 ], [ -67.815628, 2.809311 ], [ -67.816795, 2.805760 ], [ -67.818069, 2.802786 ], [ -67.819343, 2.799927 ], [ -67.820511, 2.797066 ], [ -67.822464, 2.794214 ], [ -67.824753, 2.792169 ], [ -67.827385, 2.790473 ], [ -67.830566, 2.789356 ], [ -67.833641, 2.788468 ], [ -67.836487, 2.787348 ], [ -67.839683, 2.786117 ], [ -67.842987, 2.784657 ], [ -67.846176, 2.783541 ], [ -67.849251, 2.782423 ], [ -67.852211, 2.781075 ], [ -67.855171, 2.780186 ], [ -67.857910, 2.778376 ], [ -67.858345, 2.779348 ], [ -67.859184, 2.781983 ], [ -67.859612, 2.783921 ], [ -67.859764, 2.784852 ], [ -67.859940, 2.786611 ], [ -67.860107, 2.789735 ], [ -67.860329, 2.792104 ], [ -67.860329, 2.794066 ], [ -67.860718, 2.796421 ], [ -67.860710, 2.800344 ], [ -67.861282, 2.803632 ], [ -67.861031, 2.807286 ], [ -67.861275, 2.810939 ], [ -67.861755, 2.814348 ], [ -67.862717, 2.821656 ], [ -67.862717, 2.823604 ], [ -67.862472, 2.827014 ], [ -67.862709, 2.830180 ], [ -67.862946, 2.832615 ], [ -67.863182, 2.836512 ], [ -67.863426, 2.838460 ], [ -67.863663, 2.842845 ], [ -67.863419, 2.845767 ], [ -67.863655, 2.848933 ], [ -67.863655, 2.852586 ], [ -67.863632, 2.860090 ], [ -67.440239, 3.248775 ], [ -67.437393, 3.249412 ], [ -67.433319, 3.249455 ], [ -67.431046, 3.249645 ], [ -67.428543, 3.250058 ], [ -67.426048, 3.250244 ], [ -67.422867, 3.250532 ], [ -67.419914, 3.250938 ], [ -67.416962, 3.251229 ], [ -67.413567, 3.251055 ], [ -67.410851, 3.250664 ], [ -67.406090, 3.250581 ], [ -67.401337, 3.250267 ], [ -67.399292, 3.250231 ], [ -67.395897, 3.250057 ], [ -67.392723, 3.250001 ], [ -67.390465, 3.249618 ], [ -67.383095, 3.249488 ], [ -67.381050, 3.249795 ], [ -67.378784, 3.249641 ], [ -67.375038, 3.250716 ], [ -67.375320, 3.253770 ], [ -67.376175, 3.256536 ], [ -67.376671, 3.260669 ], [ -67.376862, 3.262850 ], [ -67.376823, 3.265025 ], [ -67.375504, 3.269356 ], [ -67.374672, 3.271633 ], [ -67.374397, 3.274606 ], [ -67.374573, 3.277474 ], [ -67.374054, 3.281245 ], [ -67.373001, 3.283175 ], [ -67.371361, 3.286354 ], [ -67.371552, 3.288534 ], [ -67.371826, 3.292091 ], [ -67.370636, 3.295735 ], [ -67.369789, 3.298470 ], [ -67.368630, 3.300169 ], [ -67.365631, 3.302980 ], [ -67.362991, 3.305110 ], [ -67.360924, 3.306792 ], [ -67.359314, 3.308023 ], [ -67.356682, 3.309581 ], [ -67.354729, 3.310921 ], [ -67.351868, 3.312704 ], [ -67.349213, 3.315178 ], [ -67.346352, 3.317074 ], [ -67.344055, 3.318408 ], [ -67.341652, 3.319741 ], [ -67.340263, 3.321320 ], [ -67.338081, 3.323114 ], [ -67.337028, 3.325158 ], [ -67.335854, 3.327315 ], [ -67.334457, 3.329466 ], [ -67.332726, 3.331613 ], [ -67.330658, 3.333065 ], [ -67.328247, 3.334855 ], [ -67.327194, 3.336899 ], [ -67.327149, 3.339533 ], [ -67.327331, 3.341714 ], [ -67.327072, 3.344000 ], [ -67.326561, 3.347085 ], [ -67.325706, 3.350735 ], [ -67.324760, 3.353125 ], [ -67.323479, 3.354821 ], [ -67.322205, 3.356402 ], [ -67.320580, 3.358779 ], [ -67.319527, 3.360708 ], [ -67.319153, 3.362878 ], [ -67.318771, 3.365162 ], [ -67.318047, 3.367556 ], [ -67.317215, 3.369832 ], [ -67.315827, 3.371411 ], [ -67.312958, 3.373653 ], [ -67.311012, 3.374649 ], [ -67.308494, 3.376093 ], [ -67.306755, 3.378353 ], [ -67.304901, 3.380612 ], [ -67.305061, 3.384510 ], [ -67.305466, 3.387152 ], [ -67.306206, 3.390488 ], [ -67.306938, 3.393938 ], [ -67.307678, 3.397274 ], [ -67.308983, 3.400275 ], [ -67.310074, 3.402701 ], [ -67.311066, 3.404666 ], [ -67.311928, 3.407087 ], [ -67.312805, 3.409050 ], [ -67.314346, 3.411598 ], [ -67.315895, 3.413917 ], [ -67.317551, 3.416467 ], [ -67.318985, 3.418554 ], [ -67.320312, 3.420640 ], [ -67.321411, 3.422607 ], [ -67.322273, 3.425258 ], [ -67.323029, 3.427334 ], [ -67.324104, 3.430904 ], [ -67.325295, 3.434019 ], [ -67.327591, 3.439100 ], [ -67.328789, 3.441986 ], [ -67.329536, 3.444749 ], [ -67.329933, 3.447850 ], [ -67.330917, 3.449929 ], [ -67.332703, 3.451794 ], [ -67.335274, 3.454016 ], [ -67.340088, 3.457310 ], [ -67.342888, 3.459307 ], [ -67.345123, 3.461409 ], [ -67.349716, 3.464813 ], [ -67.352516, 3.466467 ], [ -67.355446, 3.467436 ], [ -67.357819, 3.468280 ], [ -67.360512, 3.469588 ], [ -67.363335, 3.470440 ], [ -67.365936, 3.470945 ], [ -67.368752, 3.472026 ], [ -67.374046, 3.473838 ], [ -67.376083, 3.474332 ], [ -67.378685, 3.474607 ], [ -67.381058, 3.474879 ], [ -67.383545, 3.475267 ], [ -67.386360, 3.476463 ], [ -67.388153, 3.477868 ], [ -67.389595, 3.479842 ], [ -67.391022, 3.482388 ], [ -67.392571, 3.484821 ], [ -67.393776, 3.486905 ], [ -67.394653, 3.489097 ], [ -67.395515, 3.491633 ], [ -67.396050, 3.493590 ], [ -67.396683, 3.496008 ], [ -67.397026, 3.502659 ], [ -67.396980, 3.505408 ], [ -67.397392, 3.507935 ], [ -67.397797, 3.510349 ], [ -67.398201, 3.513334 ], [ -67.398613, 3.515863 ], [ -67.398895, 3.519190 ], [ -67.399063, 3.522859 ], [ -67.399704, 3.524818 ], [ -67.400810, 3.526786 ], [ -67.401337, 3.528972 ], [ -67.401970, 3.531733 ], [ -67.402496, 3.534148 ], [ -67.402542, 3.537815 ], [ -67.402619, 3.540337 ], [ -67.403709, 3.542533 ], [ -67.405914, 3.546239 ], [ -67.407135, 3.547980 ], [ -67.409363, 3.550310 ], [ -67.410698, 3.551823 ], [ -67.412582, 3.554491 ], [ -67.414474, 3.556358 ], [ -67.416596, 3.558115 ], [ -67.418388, 3.559406 ], [ -67.420525, 3.560475 ], [ -67.422317, 3.561882 ], [ -67.424095, 3.564091 ], [ -67.425301, 3.566289 ], [ -67.426392, 3.569059 ], [ -67.426811, 3.571128 ], [ -67.426987, 3.574110 ], [ -67.426948, 3.576286 ], [ -67.426781, 3.579377 ], [ -67.428093, 3.582264 ], [ -67.431000, 3.584722 ], [ -67.433106, 3.587394 ], [ -67.435448, 3.589727 ], [ -67.437332, 3.592167 ], [ -67.439125, 3.593688 ], [ -67.440788, 3.595780 ], [ -67.442001, 3.597864 ], [ -67.443070, 3.601778 ], [ -67.443252, 3.604302 ], [ -67.443192, 3.607509 ], [ -67.442917, 3.610712 ], [ -67.442650, 3.612769 ], [ -67.442146, 3.615625 ], [ -67.441551, 3.617562 ], [ -67.440803, 3.621444 ], [ -67.439972, 3.623607 ], [ -67.439003, 3.627370 ], [ -67.438621, 3.629655 ], [ -67.438232, 3.632169 ], [ -67.438080, 3.634687 ], [ -67.437919, 3.637549 ], [ -67.437981, 3.640414 ], [ -67.437935, 3.643048 ], [ -67.438576, 3.645351 ], [ -67.439674, 3.647319 ], [ -67.441467, 3.648495 ], [ -67.444496, 3.650611 ], [ -67.446503, 3.652481 ], [ -67.447830, 3.654452 ], [ -67.449470, 3.658147 ], [ -67.450112, 3.660450 ], [ -67.450302, 3.662631 ], [ -67.450249, 3.665723 ], [ -67.449753, 3.668120 ], [ -67.449715, 3.670411 ], [ -67.449562, 3.672470 ], [ -67.449165, 3.676016 ], [ -67.448540, 3.679441 ], [ -67.448609, 3.681849 ], [ -67.450165, 3.683824 ], [ -67.452744, 3.685703 ], [ -67.454872, 3.686887 ], [ -67.457237, 3.688189 ], [ -67.459824, 3.689151 ], [ -67.462883, 3.689664 ], [ -67.465126, 3.690964 ], [ -67.466675, 3.693168 ], [ -67.467308, 3.695815 ], [ -67.468178, 3.698236 ], [ -67.469612, 3.700324 ], [ -67.470947, 3.701952 ], [ -67.472275, 3.704038 ], [ -67.473488, 3.705778 ], [ -67.474930, 3.707866 ], [ -67.476471, 3.710643 ], [ -67.477333, 3.713065 ], [ -67.478424, 3.715948 ], [ -67.479278, 3.718827 ], [ -67.479576, 3.721353 ], [ -67.479301, 3.724213 ], [ -67.479027, 3.726958 ], [ -67.478920, 3.733028 ], [ -67.479798, 3.735106 ], [ -67.480888, 3.737532 ], [ -67.480393, 3.740043 ], [ -67.480789, 3.743029 ], [ -67.481888, 3.745111 ], [ -67.484558, 3.748367 ], [ -67.486214, 3.750803 ], [ -67.487068, 3.753911 ], [ -67.487030, 3.756316 ], [ -67.487778, 3.759080 ], [ -67.489792, 3.760376 ], [ -67.491577, 3.762126 ], [ -67.492683, 3.763864 ], [ -67.493561, 3.765827 ], [ -67.494545, 3.767793 ], [ -67.496430, 3.770232 ], [ -67.498108, 3.771637 ], [ -67.500450, 3.773970 ], [ -67.502472, 3.775266 ], [ -67.504929, 3.777258 ], [ -67.506264, 3.779001 ], [ -67.508057, 3.780293 ], [ -67.510086, 3.781016 ], [ -67.512810, 3.781064 ], [ -67.515320, 3.779848 ], [ -67.517273, 3.778394 ], [ -67.519341, 3.777169 ], [ -67.520729, 3.775361 ], [ -67.522804, 3.773565 ], [ -67.524651, 3.771650 ], [ -67.526154, 3.769957 ], [ -67.527664, 3.767693 ], [ -67.528511, 3.764842 ], [ -67.529236, 3.762335 ], [ -67.531181, 3.761453 ], [ -67.533798, 3.760698 ], [ -67.535629, 3.759699 ], [ -67.537659, 3.760536 ], [ -67.540146, 3.760810 ], [ -67.542099, 3.759584 ], [ -67.545067, 3.758261 ], [ -67.547340, 3.758072 ], [ -67.549828, 3.758689 ], [ -67.552444, 3.758162 ], [ -67.554489, 3.758198 ], [ -67.556625, 3.759153 ], [ -67.558762, 3.759994 ], [ -67.562279, 3.760284 ], [ -67.564445, 3.759750 ], [ -67.567284, 3.759227 ], [ -67.569336, 3.758919 ], [ -67.571487, 3.758728 ], [ -67.574104, 3.758431 ], [ -67.576607, 3.758131 ], [ -67.579346, 3.757148 ], [ -67.582665, 3.755488 ], [ -67.585060, 3.754728 ], [ -67.587562, 3.754085 ], [ -67.590294, 3.753559 ], [ -67.593361, 3.753270 ], [ -67.596878, 3.753561 ], [ -67.599251, 3.754061 ], [ -67.601624, 3.754332 ], [ -67.604225, 3.754837 ], [ -67.606949, 3.754999 ], [ -67.610229, 3.755171 ], [ -67.612144, 3.756007 ], [ -67.614845, 3.757544 ], [ -67.617195, 3.759419 ], [ -67.618858, 3.761396 ], [ -67.620628, 3.764177 ], [ -67.622727, 3.767537 ], [ -67.624260, 3.770543 ], [ -67.625358, 3.772739 ], [ -67.626892, 3.775861 ], [ -67.628906, 3.777729 ], [ -67.631584, 3.780182 ], [ -67.634361, 3.783554 ], [ -67.636940, 3.785661 ], [ -67.638710, 3.788214 ], [ -67.639572, 3.790635 ], [ -67.639770, 3.792702 ], [ -67.639938, 3.795797 ], [ -67.641029, 3.798567 ], [ -67.642227, 3.801338 ], [ -67.642189, 3.803629 ], [ -67.643280, 3.806398 ], [ -67.645149, 3.809754 ], [ -67.646477, 3.811611 ], [ -67.648239, 3.814850 ], [ -67.648888, 3.816924 ], [ -67.649864, 3.819347 ], [ -67.651390, 3.822926 ], [ -67.652710, 3.825585 ], [ -67.652886, 3.828223 ], [ -67.652481, 3.832112 ], [ -67.652222, 3.834170 ], [ -67.651726, 3.836453 ], [ -67.650886, 3.839074 ], [ -67.650391, 3.841700 ], [ -67.650467, 3.843879 ], [ -67.650772, 3.845946 ], [ -67.651177, 3.848818 ], [ -67.651253, 3.850997 ], [ -67.651886, 3.853643 ], [ -67.652649, 3.855719 ], [ -67.653862, 3.857803 ], [ -67.655617, 3.861156 ], [ -67.656494, 3.863120 ], [ -67.657921, 3.865666 ], [ -67.658913, 3.867746 ], [ -67.660561, 3.870754 ], [ -67.661667, 3.872606 ], [ -67.662651, 3.874457 ], [ -67.663178, 3.876873 ], [ -67.663811, 3.879634 ], [ -67.665123, 3.882865 ], [ -67.666885, 3.885875 ], [ -67.668770, 3.888315 ], [ -67.670761, 3.891444 ], [ -67.671860, 3.893526 ], [ -67.673264, 3.897676 ], [ -67.675155, 3.899657 ], [ -67.679191, 3.902592 ], [ -67.680977, 3.904228 ], [ -67.682869, 3.906553 ], [ -67.684189, 3.909097 ], [ -67.685173, 3.911062 ], [ -67.686272, 3.913488 ], [ -67.687370, 3.915455 ], [ -67.689827, 3.917790 ], [ -67.691742, 3.918740 ], [ -67.694099, 3.919928 ], [ -67.696121, 3.921108 ], [ -67.697456, 3.922622 ], [ -67.698784, 3.924708 ], [ -67.699760, 3.927589 ], [ -67.700394, 3.930007 ], [ -67.700813, 3.932306 ], [ -67.700775, 3.934597 ], [ -67.700615, 3.937229 ], [ -67.699448, 3.939157 ], [ -67.698616, 3.941205 ], [ -67.698112, 3.944060 ], [ -67.697846, 3.946692 ], [ -67.697243, 3.948858 ], [ -67.696861, 3.951143 ], [ -67.697846, 3.953109 ], [ -67.699287, 3.955196 ], [ -67.700623, 3.956709 ], [ -67.701149, 3.959125 ], [ -67.701340, 3.961420 ], [ -67.701507, 3.964631 ], [ -67.701462, 3.967495 ], [ -67.701088, 3.969551 ], [ -67.700462, 3.972863 ], [ -67.700539, 3.975270 ], [ -67.700813, 3.978713 ], [ -67.701576, 3.980904 ], [ -67.701950, 3.985493 ], [ -67.701561, 3.988466 ], [ -67.701408, 3.990755 ], [ -67.700882, 3.993526 ], [ -67.700874, 3.995055 ], [ -67.700813, 3.996615 ], [ -67.700264, 3.999947 ], [ -67.699379, 4.004084 ], [ -67.699738, 4.007295 ], [ -67.700104, 4.011539 ], [ -67.701271, 4.015436 ], [ -67.702316, 4.019217 ], [ -67.703476, 4.022884 ], [ -67.704636, 4.026206 ], [ -67.706596, 4.029753 ], [ -67.707977, 4.032614 ], [ -67.709472, 4.035475 ], [ -67.710403, 4.038799 ], [ -67.711685, 4.042694 ], [ -67.712502, 4.045788 ], [ -67.713089, 4.048998 ], [ -67.713905, 4.052782 ], [ -67.714836, 4.056219 ], [ -67.716003, 4.059771 ], [ -67.716934, 4.063438 ], [ -67.718437, 4.067333 ], [ -67.719940, 4.070767 ], [ -67.721443, 4.074087 ], [ -67.722824, 4.077522 ], [ -67.724098, 4.080729 ], [ -67.725372, 4.084165 ], [ -67.726646, 4.087717 ], [ -67.729195, 4.094244 ], [ -67.730354, 4.097567 ], [ -67.731514, 4.100658 ], [ -67.732788, 4.104209 ], [ -67.734291, 4.108218 ], [ -67.735680, 4.111309 ], [ -67.737289, 4.114858 ], [ -67.738563, 4.117950 ], [ -67.740410, 4.121727 ], [ -67.743629, 4.127218 ], [ -67.745590, 4.130422 ], [ -67.747315, 4.133625 ], [ -67.749268, 4.136600 ], [ -67.751343, 4.139686 ], [ -67.753746, 4.141853 ], [ -67.756378, 4.144020 ], [ -67.759125, 4.145497 ], [ -67.761871, 4.147547 ], [ -67.764961, 4.149138 ], [ -67.768043, 4.151186 ], [ -67.770561, 4.153008 ], [ -67.773430, 4.155976 ], [ -67.775726, 4.158488 ], [ -67.778252, 4.162377 ], [ -67.780098, 4.165006 ], [ -67.781708, 4.167752 ], [ -67.783317, 4.171071 ], [ -67.784820, 4.174276 ], [ -67.786896, 4.178397 ], [ -67.788284, 4.182177 ], [ -67.789902, 4.185152 ], [ -67.791977, 4.188928 ], [ -67.793930, 4.192016 ], [ -67.795769, 4.194875 ], [ -67.797844, 4.198421 ], [ -67.799461, 4.202315 ], [ -67.800735, 4.205177 ], [ -67.802238, 4.208726 ], [ -67.803848, 4.212161 ], [ -67.805008, 4.215368 ], [ -67.805717, 4.219381 ], [ -67.806076, 4.222478 ], [ -67.806442, 4.226264 ], [ -67.806351, 4.229593 ], [ -67.806488, 4.233380 ], [ -67.806396, 4.237398 ], [ -67.806534, 4.241758 ], [ -67.806786, 4.246004 ], [ -67.806694, 4.249332 ], [ -67.806488, 4.253006 ], [ -67.805954, 4.258748 ], [ -67.806091, 4.262076 ], [ -67.806107, 4.265748 ], [ -67.805786, 4.269423 ], [ -67.805359, 4.273787 ], [ -67.804817, 4.278151 ], [ -67.804726, 4.282169 ], [ -67.804298, 4.286417 ], [ -67.803635, 4.290094 ], [ -67.802864, 4.294460 ], [ -67.802429, 4.298135 ], [ -67.801994, 4.302613 ], [ -67.801445, 4.305945 ], [ -67.800446, 4.310197 ], [ -67.799553, 4.313301 ], [ -67.798660, 4.316635 ], [ -67.797089, 4.320201 ], [ -67.795174, 4.323770 ], [ -67.793136, 4.326880 ], [ -67.787475, 4.332650 ], [ -67.785095, 4.335648 ], [ -67.783752, 4.339327 ], [ -67.783317, 4.343347 ], [ -67.784248, 4.346555 ], [ -67.785294, 4.349878 ], [ -67.786453, 4.353315 ], [ -67.787499, 4.356637 ], [ -67.788544, 4.359731 ], [ -67.790512, 4.364770 ], [ -67.792130, 4.368549 ], [ -67.793747, 4.371523 ], [ -67.796043, 4.374724 ], [ -67.798797, 4.378497 ], [ -67.800529, 4.382160 ], [ -67.801125, 4.385600 ], [ -67.800690, 4.389504 ], [ -67.799690, 4.393872 ], [ -67.798340, 4.397438 ], [ -67.797447, 4.400426 ], [ -67.796333, 4.404335 ], [ -67.795555, 4.408011 ], [ -67.795357, 4.412374 ], [ -67.795944, 4.416158 ], [ -67.797333, 4.419709 ], [ -67.799172, 4.422454 ], [ -67.801125, 4.424968 ], [ -67.804222, 4.427132 ], [ -67.807991, 4.428947 ], [ -67.811424, 4.430994 ], [ -67.814514, 4.432584 ], [ -67.816124, 4.435904 ], [ -67.816826, 4.438998 ], [ -67.817535, 4.443011 ], [ -67.818009, 4.446108 ], [ -67.818604, 4.450466 ], [ -67.818863, 4.454597 ], [ -67.818649, 4.458385 ], [ -67.818786, 4.461943 ], [ -67.819611, 4.465840 ], [ -67.821701, 4.472830 ], [ -67.822975, 4.475692 ], [ -67.824928, 4.478896 ], [ -67.827232, 4.482212 ], [ -67.829407, 4.484609 ], [ -67.832046, 4.486891 ], [ -67.835136, 4.488825 ], [ -67.838112, 4.490645 ], [ -67.841766, 4.492231 ], [ -67.845078, 4.492672 ], [ -67.849075, 4.493798 ], [ -67.852165, 4.495617 ], [ -67.854912, 4.497553 ], [ -67.857659, 4.499259 ], [ -67.860291, 4.501655 ], [ -67.862816, 4.504281 ], [ -67.865341, 4.506793 ], [ -67.867180, 4.509422 ], [ -67.869591, 4.512507 ], [ -67.872002, 4.515019 ], [ -67.874191, 4.518450 ], [ -67.875809, 4.522229 ], [ -67.876968, 4.525436 ], [ -67.877441, 4.529221 ], [ -67.877479, 4.530335 ], [ -67.877586, 4.533812 ], [ -67.877151, 4.537142 ], [ -67.876373, 4.540476 ], [ -67.875252, 4.544269 ], [ -67.873901, 4.547146 ], [ -67.871872, 4.551059 ], [ -67.869728, 4.554745 ], [ -67.868263, 4.557622 ], [ -67.866798, 4.560385 ], [ -67.865456, 4.563835 ], [ -67.864449, 4.567399 ], [ -67.863449, 4.571996 ], [ -67.862671, 4.575672 ], [ -67.861893, 4.579006 ], [ -67.861122, 4.583142 ], [ -67.860458, 4.586933 ], [ -67.859566, 4.590610 ], [ -67.858681, 4.594173 ], [ -67.857674, 4.597507 ], [ -67.856666, 4.601186 ], [ -67.855667, 4.605209 ], [ -67.855118, 4.609229 ], [ -67.854347, 4.613480 ], [ -67.853691, 4.618648 ], [ -67.853256, 4.621750 ], [ -67.852844, 4.629786 ], [ -67.852989, 4.634605 ], [ -67.853355, 4.638506 ], [ -67.853829, 4.642521 ], [ -67.853745, 4.646768 ], [ -67.853538, 4.650557 ], [ -67.852531, 4.654350 ], [ -67.851189, 4.658144 ], [ -67.849724, 4.661596 ], [ -67.848038, 4.665393 ], [ -67.846459, 4.668615 ], [ -67.844772, 4.671953 ], [ -67.843308, 4.675863 ], [ -67.841850, 4.679658 ], [ -67.840614, 4.683224 ], [ -67.839607, 4.686213 ], [ -67.838265, 4.689894 ], [ -67.837257, 4.693686 ], [ -67.836815, 4.696788 ], [ -67.835609, 4.704599 ], [ -67.834953, 4.709079 ], [ -67.833954, 4.714019 ], [ -67.833290, 4.718040 ], [ -67.832413, 4.722980 ], [ -67.831749, 4.726771 ], [ -67.830750, 4.730908 ], [ -67.828964, 4.738034 ], [ -67.827728, 4.741370 ], [ -67.826950, 4.744817 ], [ -67.826172, 4.748149 ], [ -67.825508, 4.751367 ], [ -67.824844, 4.754813 ], [ -67.824181, 4.758375 ], [ -67.823524, 4.763659 ], [ -67.823204, 4.766988 ], [ -67.822998, 4.770778 ], [ -67.822563, 4.775370 ], [ -67.822708, 4.780763 ], [ -67.824325, 4.784314 ], [ -67.825035, 4.788211 ], [ -67.824837, 4.793377 ], [ -67.824982, 4.798082 ], [ -67.824783, 4.803478 ], [ -67.824463, 4.807038 ], [ -67.824822, 4.810250 ], [ -67.824844, 4.813692 ], [ -67.824524, 4.817367 ], [ -67.825241, 4.824019 ], [ -67.825836, 4.828148 ], [ -67.826660, 4.832276 ], [ -67.828530, 4.839842 ], [ -67.829468, 4.844197 ], [ -67.830177, 4.848211 ], [ -67.831230, 4.852796 ], [ -67.831932, 4.856695 ], [ -67.832641, 4.860477 ], [ -67.833343, 4.864146 ], [ -67.834053, 4.868390 ], [ -67.834656, 4.873437 ], [ -67.835144, 4.879173 ], [ -67.835510, 4.883762 ], [ -67.835785, 4.891106 ], [ -67.836029, 4.894318 ], [ -67.836052, 4.897532 ], [ -67.835953, 4.901090 ], [ -67.836212, 4.905221 ], [ -67.836693, 4.909924 ], [ -67.836716, 4.913598 ], [ -67.836296, 4.920026 ], [ -67.835747, 4.923702 ], [ -67.835312, 4.927607 ], [ -67.834534, 4.931742 ], [ -67.833649, 4.935535 ], [ -67.831955, 4.939446 ], [ -67.829918, 4.942327 ], [ -67.827766, 4.944863 ], [ -67.825272, 4.946827 ], [ -67.822090, 4.949714 ], [ -67.820167, 4.952823 ], [ -67.818138, 4.955932 ], [ -67.816330, 4.959500 ], [ -67.815094, 4.962835 ], [ -67.813858, 4.965826 ], [ -67.812737, 4.969274 ], [ -67.811844, 4.973182 ], [ -67.811432, 4.979956 ], [ -67.811111, 4.983860 ], [ -67.811470, 4.987072 ], [ -67.812172, 4.990625 ], [ -67.812538, 4.994870 ], [ -67.812561, 4.998427 ], [ -67.812355, 5.001872 ], [ -67.812141, 5.005087 ], [ -67.812050, 5.008416 ], [ -67.811264, 5.011519 ], [ -67.810143, 5.014739 ], [ -67.809136, 5.017957 ], [ -67.808014, 5.021636 ], [ -67.807007, 5.024854 ], [ -67.806000, 5.028189 ], [ -67.805336, 5.031521 ], [ -67.804329, 5.035543 ], [ -67.803780, 5.039218 ], [ -67.803825, 5.047022 ], [ -67.805435, 5.049883 ], [ -67.807961, 5.052395 ], [ -67.810257, 5.054909 ], [ -67.812447, 5.057881 ], [ -67.813713, 5.060743 ], [ -67.814644, 5.064067 ], [ -67.815231, 5.067277 ], [ -67.815712, 5.070604 ], [ -67.816528, 5.073812 ], [ -67.817459, 5.076792 ], [ -67.818619, 5.080344 ], [ -67.819778, 5.083437 ], [ -67.822075, 5.086064 ], [ -67.825279, 5.087884 ], [ -67.827347, 5.090283 ], [ -67.828850, 5.094062 ], [ -67.830696, 5.097151 ], [ -67.832313, 5.100242 ], [ -67.834038, 5.102872 ], [ -67.835541, 5.105849 ], [ -67.836586, 5.109745 ], [ -67.837974, 5.113066 ], [ -67.838799, 5.116964 ], [ -67.839958, 5.120057 ], [ -67.840775, 5.123266 ], [ -67.841362, 5.126361 ], [ -67.842178, 5.130031 ], [ -67.842545, 5.134045 ], [ -67.842567, 5.137832 ], [ -67.842247, 5.141277 ], [ -67.841576, 5.144609 ], [ -67.841026, 5.148057 ], [ -67.840363, 5.151158 ], [ -67.839470, 5.154950 ], [ -67.838692, 5.158397 ], [ -67.835541, 5.166793 ], [ -67.833069, 5.173462 ], [ -67.832291, 5.177255 ], [ -67.831406, 5.181046 ], [ -67.830505, 5.184379 ], [ -67.829727, 5.187941 ], [ -67.829407, 5.191271 ], [ -67.829193, 5.194486 ], [ -67.828873, 5.197931 ], [ -67.828667, 5.201835 ], [ -67.828812, 5.207688 ], [ -67.828834, 5.211245 ], [ -67.829193, 5.214343 ], [ -67.829674, 5.218127 ], [ -67.830605, 5.221106 ], [ -67.832100, 5.224083 ], [ -67.833611, 5.227633 ], [ -67.834999, 5.231183 ], [ -67.836502, 5.234504 ], [ -67.838341, 5.237478 ], [ -67.840416, 5.241255 ], [ -67.842720, 5.245145 ], [ -67.844566, 5.248004 ], [ -67.846756, 5.251321 ], [ -67.848366, 5.254067 ], [ -67.850326, 5.257271 ], [ -67.852402, 5.260818 ], [ -67.854820, 5.264363 ], [ -67.856888, 5.267222 ], [ -67.858612, 5.269967 ], [ -67.859886, 5.272945 ], [ -67.861282, 5.276724 ], [ -67.862213, 5.280966 ], [ -67.862694, 5.285096 ], [ -67.863060, 5.288537 ], [ -67.862961, 5.291866 ], [ -67.862640, 5.295540 ], [ -67.861862, 5.298987 ], [ -67.860512, 5.301864 ], [ -67.858696, 5.304513 ], [ -67.856888, 5.307048 ], [ -67.854843, 5.309814 ], [ -67.852356, 5.312925 ], [ -67.850197, 5.315462 ], [ -67.847931, 5.317884 ], [ -67.845543, 5.320191 ], [ -67.843277, 5.323072 ], [ -67.842453, 5.324040 ], [ -67.841011, 5.325725 ], [ -67.839203, 5.328258 ], [ -67.837044, 5.331140 ], [ -67.834778, 5.333791 ], [ -67.832512, 5.336213 ], [ -67.829559, 5.339098 ], [ -67.826950, 5.341866 ], [ -67.823769, 5.344866 ], [ -67.821388, 5.347633 ], [ -67.819458, 5.350168 ], [ -67.817307, 5.353048 ], [ -67.815155, 5.355470 ], [ -67.812652, 5.358007 ], [ -67.809242, 5.360664 ], [ -67.805832, 5.363092 ], [ -67.802879, 5.365518 ], [ -67.800384, 5.368056 ], [ -67.796974, 5.371402 ], [ -67.794250, 5.373711 ], [ -67.791183, 5.375793 ], [ -67.788109, 5.377531 ], [ -67.783325, 5.380309 ], [ -67.779800, 5.382049 ], [ -67.776276, 5.384132 ], [ -67.773544, 5.385983 ], [ -67.770363, 5.388409 ], [ -67.767517, 5.389915 ], [ -67.764328, 5.391538 ], [ -67.761368, 5.393275 ], [ -67.758179, 5.394668 ], [ -67.755218, 5.396060 ], [ -67.751236, 5.398950 ], [ -67.747597, 5.400460 ], [ -67.743378, 5.401628 ], [ -67.740074, 5.402908 ], [ -67.736321, 5.404993 ], [ -67.729263, 5.409504 ], [ -67.726311, 5.411814 ], [ -67.722786, 5.414242 ], [ -67.719482, 5.416324 ], [ -67.716186, 5.418177 ], [ -67.713226, 5.419569 ], [ -67.710152, 5.421076 ], [ -67.707306, 5.422582 ], [ -67.703659, 5.423634 ], [ -67.700577, 5.424567 ], [ -67.697502, 5.425729 ], [ -67.693970, 5.427468 ], [ -67.690209, 5.428405 ], [ -67.687248, 5.429338 ], [ -67.683838, 5.432453 ], [ -67.680885, 5.434648 ], [ -67.676445, 5.437425 ], [ -67.673149, 5.439621 ], [ -67.667465, 5.444469 ], [ -67.664619, 5.446319 ], [ -67.661896, 5.449088 ], [ -67.659508, 5.451394 ], [ -67.656776, 5.453358 ], [ -67.654282, 5.455665 ], [ -67.651215, 5.458205 ], [ -67.648369, 5.460514 ], [ -67.645531, 5.462938 ], [ -67.642685, 5.465018 ], [ -67.639160, 5.467904 ], [ -67.636551, 5.470096 ], [ -67.634163, 5.472175 ], [ -67.631439, 5.475400 ], [ -67.629402, 5.478624 ], [ -67.627365, 5.482076 ], [ -67.626007, 5.485297 ], [ -67.625229, 5.488743 ], [ -67.624115, 5.493224 ], [ -67.623100, 5.496328 ], [ -67.621979, 5.499661 ], [ -67.620849, 5.502880 ], [ -67.619499, 5.506330 ], [ -67.617805, 5.509665 ], [ -67.616104, 5.512428 ], [ -67.614525, 5.515648 ], [ -67.612824, 5.518755 ], [ -67.610443, 5.521521 ], [ -67.607948, 5.524286 ], [ -67.605560, 5.526364 ], [ -67.603058, 5.528441 ], [ -67.600792, 5.531551 ], [ -67.600471, 5.535339 ], [ -67.601059, 5.539124 ], [ -67.601875, 5.542792 ], [ -67.602692, 5.546116 ], [ -67.603966, 5.549323 ], [ -67.605583, 5.552300 ], [ -67.607536, 5.555388 ], [ -67.610176, 5.557786 ], [ -67.612358, 5.560301 ], [ -67.614769, 5.563158 ], [ -67.616615, 5.565904 ], [ -67.618225, 5.568880 ], [ -67.619843, 5.572315 ], [ -67.621231, 5.575751 ], [ -67.621704, 5.579536 ], [ -67.621613, 5.583898 ], [ -67.621979, 5.587912 ], [ -67.622795, 5.591696 ], [ -67.623062, 5.599383 ], [ -67.623429, 5.603054 ], [ -67.624832, 5.609244 ], [ -67.625763, 5.612339 ], [ -67.626694, 5.615548 ], [ -67.627960, 5.618640 ], [ -67.629921, 5.621730 ], [ -67.631531, 5.624591 ], [ -67.632576, 5.627800 ], [ -67.633400, 5.631582 ], [ -67.633987, 5.635252 ], [ -67.634689, 5.638462 ], [ -67.635506, 5.641557 ], [ -67.635979, 5.644997 ], [ -67.636345, 5.648898 ], [ -67.637169, 5.653599 ], [ -67.637642, 5.657384 ], [ -67.637779, 5.661399 ], [ -67.638023, 5.665414 ], [ -67.638046, 5.669202 ], [ -67.637832, 5.672647 ], [ -67.637283, 5.675747 ], [ -67.636726, 5.679079 ], [ -67.636398, 5.682521 ], [ -67.636078, 5.685623 ], [ -67.635521, 5.689183 ], [ -67.634400, 5.693319 ], [ -67.633507, 5.696537 ], [ -67.631828, 5.704119 ], [ -67.631279, 5.707564 ], [ -67.630280, 5.713423 ], [ -67.629158, 5.717101 ], [ -67.628143, 5.720547 ], [ -67.627136, 5.724110 ], [ -67.625671, 5.728477 ], [ -67.624329, 5.733190 ], [ -67.623429, 5.736407 ], [ -67.622086, 5.741806 ], [ -67.620964, 5.745370 ], [ -67.619835, 5.748359 ], [ -67.619171, 5.751804 ], [ -67.618500, 5.755021 ], [ -67.617721, 5.758467 ], [ -67.616821, 5.761914 ], [ -67.616158, 5.765476 ], [ -67.615494, 5.769380 ], [ -67.614601, 5.773746 ], [ -67.613701, 5.776963 ], [ -67.612465, 5.781330 ], [ -67.611458, 5.784432 ], [ -67.610214, 5.787307 ], [ -67.608063, 5.791104 ], [ -67.605682, 5.795132 ], [ -67.603645, 5.798469 ], [ -67.601830, 5.801003 ], [ -67.599449, 5.804801 ], [ -67.597183, 5.808483 ], [ -67.595375, 5.811591 ], [ -67.593559, 5.814582 ], [ -67.585396, 5.825866 ], [ -67.582787, 5.829550 ], [ -67.580627, 5.832201 ], [ -67.578812, 5.834733 ], [ -67.576653, 5.837497 ], [ -67.574493, 5.840032 ], [ -67.572342, 5.842910 ], [ -67.569733, 5.846365 ], [ -67.567917, 5.849012 ], [ -67.565529, 5.852007 ], [ -67.563492, 5.855115 ], [ -67.561790, 5.857761 ], [ -67.559525, 5.861100 ], [ -67.557259, 5.864667 ], [ -67.554649, 5.868697 ], [ -67.551811, 5.872266 ], [ -67.550110, 5.874913 ], [ -67.547951, 5.877792 ], [ -67.545120, 5.881706 ], [ -67.541824, 5.886312 ], [ -67.539444, 5.889765 ], [ -67.536041, 5.894600 ], [ -67.533768, 5.897249 ], [ -67.531837, 5.899898 ], [ -67.529571, 5.902662 ], [ -67.527527, 5.905425 ], [ -67.524795, 5.907846 ], [ -67.521271, 5.910387 ], [ -67.517738, 5.912698 ], [ -67.514549, 5.915007 ], [ -67.511704, 5.917201 ], [ -67.508064, 5.920314 ], [ -67.504761, 5.923083 ], [ -67.501915, 5.925391 ], [ -67.496231, 5.930694 ], [ -67.494072, 5.933229 ], [ -67.490891, 5.936225 ], [ -67.487587, 5.939224 ], [ -67.484406, 5.941991 ], [ -67.480537, 5.945796 ], [ -67.473030, 5.952942 ], [ -67.470184, 5.955250 ], [ -67.466766, 5.957789 ], [ -67.463013, 5.960444 ], [ -67.460053, 5.962179 ], [ -67.456749, 5.963914 ], [ -67.449677, 5.967502 ], [ -67.446144, 5.969584 ], [ -67.442047, 5.972124 ], [ -67.434410, 5.976289 ], [ -67.431106, 5.978368 ], [ -67.428032, 5.980675 ], [ -67.425865, 5.982694 ], [ -67.425247, 5.983140 ], [ -67.423691, 5.984411 ], [ -67.420296, 5.988255 ], [ -67.418518, 5.992663 ], [ -67.416740, 5.998617 ], [ -67.416489, 5.999555 ], [ -67.416450, 6.001046 ], [ -67.416283, 6.003108 ], [ -67.416359, 6.004373 ], [ -67.416427, 6.006096 ], [ -67.416733, 6.007597 ], [ -67.416786, 6.009779 ], [ -67.417198, 6.011511 ], [ -67.417397, 6.012550 ], [ -67.417938, 6.013826 ], [ -67.418678, 6.015798 ], [ -67.419441, 6.017195 ], [ -67.420303, 6.019284 ], [ -67.421287, 6.020917 ], [ -67.422356, 6.023586 ], [ -67.422897, 6.024633 ], [ -67.424316, 6.027311 ], [ -67.424522, 6.028005 ], [ -67.425171, 6.029516 ], [ -67.425804, 6.031254 ], [ -67.426346, 6.032531 ], [ -67.427627, 6.035664 ], [ -67.427933, 6.037279 ], [ -67.428474, 6.038327 ], [ -67.429008, 6.039488 ], [ -67.429459, 6.039959 ], [ -67.430115, 6.041126 ], [ -67.430977, 6.042984 ], [ -67.431870, 6.043812 ], [ -67.432854, 6.045330 ], [ -67.433411, 6.045804 ], [ -67.434960, 6.047682 ], [ -67.435638, 6.048045 ], [ -67.436417, 6.048754 ], [ -67.438317, 6.050412 ], [ -67.439102, 6.051006 ], [ -67.440765, 6.052774 ], [ -67.441773, 6.053604 ], [ -67.442993, 6.055014 ], [ -67.444336, 6.055853 ], [ -67.445343, 6.056798 ], [ -67.446915, 6.057643 ], [ -67.448929, 6.059189 ], [ -67.449608, 6.059552 ], [ -67.451294, 6.060630 ], [ -67.452744, 6.061931 ], [ -67.454079, 6.063344 ], [ -67.455063, 6.064747 ], [ -67.455620, 6.065337 ], [ -67.456177, 6.066040 ], [ -67.456848, 6.066632 ], [ -67.458077, 6.067468 ], [ -67.458740, 6.068174 ], [ -67.459419, 6.068652 ], [ -67.459976, 6.069126 ], [ -67.460533, 6.069714 ], [ -67.461426, 6.070541 ], [ -67.462089, 6.071134 ], [ -67.462982, 6.071961 ], [ -67.464546, 6.073265 ], [ -67.465896, 6.074219 ], [ -67.466896, 6.075165 ], [ -67.468125, 6.076345 ], [ -67.470123, 6.078464 ], [ -67.470772, 6.079629 ], [ -67.471634, 6.081834 ], [ -67.472191, 6.082077 ], [ -67.473854, 6.084188 ], [ -67.474396, 6.085235 ], [ -67.474823, 6.086395 ], [ -67.475136, 6.087321 ], [ -67.475433, 6.089167 ], [ -67.475517, 6.090201 ], [ -67.475700, 6.092043 ], [ -67.476112, 6.093776 ], [ -67.476318, 6.094584 ], [ -67.476921, 6.097699 ], [ -67.477211, 6.099544 ], [ -67.477303, 6.100349 ], [ -67.477715, 6.102082 ], [ -67.478142, 6.103127 ], [ -67.478890, 6.105212 ], [ -67.479210, 6.106025 ], [ -67.479866, 6.106960 ], [ -67.480415, 6.107778 ], [ -67.481407, 6.109298 ], [ -67.482513, 6.110590 ], [ -67.482948, 6.111405 ], [ -67.483849, 6.112002 ], [ -67.484955, 6.113294 ], [ -67.485512, 6.113883 ], [ -67.486618, 6.115290 ], [ -67.487175, 6.115764 ], [ -67.487945, 6.116702 ], [ -67.488495, 6.117635 ], [ -67.489143, 6.118916 ], [ -67.489456, 6.120186 ], [ -67.489883, 6.121346 ], [ -67.490189, 6.122616 ], [ -67.490387, 6.123769 ], [ -67.490471, 6.125033 ], [ -67.490784, 6.125961 ], [ -67.490860, 6.127456 ], [ -67.491066, 6.128379 ], [ -67.491036, 6.129411 ], [ -67.490753, 6.131355 ], [ -67.490494, 6.132725 ], [ -67.490105, 6.134207 ], [ -67.489952, 6.135810 ], [ -67.489685, 6.137295 ], [ -67.489632, 6.139131 ], [ -67.489502, 6.139929 ], [ -67.489471, 6.140847 ], [ -67.489326, 6.142221 ], [ -67.489266, 6.144401 ], [ -67.489349, 6.145435 ], [ -67.489304, 6.147156 ], [ -67.489166, 6.148185 ], [ -67.489143, 6.148989 ], [ -67.488838, 6.151850 ], [ -67.488342, 6.153329 ], [ -67.487617, 6.154687 ], [ -67.487106, 6.156624 ], [ -67.486511, 6.157756 ], [ -67.486374, 6.158556 ], [ -67.486015, 6.159121 ], [ -67.485168, 6.160820 ], [ -67.484688, 6.161725 ], [ -67.484215, 6.162401 ], [ -67.483849, 6.163310 ], [ -67.483246, 6.164441 ], [ -67.481811, 6.166698 ], [ -67.481216, 6.167601 ], [ -67.480034, 6.169177 ], [ -67.479447, 6.169849 ], [ -67.478615, 6.170860 ], [ -67.477913, 6.171530 ], [ -67.477325, 6.172203 ], [ -67.476501, 6.172870 ], [ -67.475685, 6.173766 ], [ -67.475098, 6.174324 ], [ -67.474045, 6.175100 ], [ -67.471825, 6.176991 ], [ -67.470657, 6.177879 ], [ -67.469139, 6.179216 ], [ -67.467857, 6.179985 ], [ -67.465980, 6.182000 ], [ -67.465157, 6.182668 ], [ -67.464226, 6.183331 ], [ -67.463287, 6.184224 ], [ -67.462235, 6.185114 ], [ -67.461769, 6.185562 ], [ -67.460831, 6.186340 ], [ -67.459892, 6.187347 ], [ -67.459534, 6.187911 ], [ -67.458710, 6.188922 ], [ -67.458229, 6.189599 ], [ -67.457169, 6.191062 ], [ -67.456810, 6.191627 ], [ -67.455971, 6.192866 ], [ -67.455032, 6.193989 ], [ -67.452866, 6.196630 ], [ -67.448036, 6.193977 ], [ -67.447250, 6.193498 ], [ -67.446007, 6.192776 ], [ -67.444206, 6.191810 ], [ -67.443420, 6.191329 ], [ -67.441063, 6.189660 ], [ -67.439942, 6.188941 ], [ -67.438377, 6.187750 ], [ -67.437477, 6.187153 ], [ -67.436691, 6.186559 ], [ -67.435692, 6.185498 ], [ -67.434250, 6.184083 ], [ -67.433022, 6.182901 ], [ -67.432129, 6.181959 ], [ -67.431358, 6.180906 ], [ -67.430367, 6.179731 ], [ -67.429260, 6.178323 ], [ -67.427818, 6.176793 ], [ -67.426704, 6.175731 ], [ -67.425918, 6.175135 ], [ -67.425026, 6.174194 ], [ -67.423576, 6.173007 ], [ -67.422676, 6.172295 ], [ -67.421562, 6.171460 ], [ -67.420662, 6.170863 ], [ -67.418754, 6.169664 ], [ -67.417526, 6.168598 ], [ -67.416748, 6.167774 ], [ -67.416077, 6.167297 ], [ -67.415291, 6.166587 ], [ -67.414299, 6.165412 ], [ -67.413406, 6.164585 ], [ -67.412735, 6.163993 ], [ -67.411965, 6.162940 ], [ -67.411186, 6.162000 ], [ -67.410751, 6.161300 ], [ -67.410202, 6.160597 ], [ -67.410011, 6.159100 ], [ -67.409698, 6.157829 ], [ -67.409508, 6.156560 ], [ -67.409576, 6.153922 ], [ -67.409203, 6.150814 ], [ -67.408890, 6.149657 ], [ -67.408462, 6.148727 ], [ -67.408264, 6.147460 ], [ -67.408066, 6.146536 ], [ -67.407974, 6.145615 ], [ -67.407890, 6.144351 ], [ -67.407829, 6.142513 ], [ -67.407623, 6.141704 ], [ -67.407425, 6.140550 ], [ -67.406921, 6.138012 ], [ -67.406601, 6.137085 ], [ -67.406075, 6.135464 ], [ -67.405762, 6.134423 ], [ -67.405441, 6.133496 ], [ -67.405014, 6.132567 ], [ -67.404465, 6.131747 ], [ -67.403458, 6.130917 ], [ -67.402222, 6.130081 ], [ -67.401093, 6.129592 ], [ -67.399956, 6.129332 ], [ -67.398941, 6.128959 ], [ -67.397346, 6.128688 ], [ -67.396324, 6.128431 ], [ -67.395531, 6.128180 ], [ -67.394173, 6.127799 ], [ -67.393036, 6.127653 ], [ -67.391678, 6.127043 ], [ -67.389862, 6.126651 ], [ -67.388496, 6.126385 ], [ -67.386788, 6.126338 ], [ -67.385643, 6.126422 ], [ -67.384613, 6.126509 ], [ -67.383347, 6.126706 ], [ -67.381859, 6.126894 ], [ -67.380714, 6.126864 ], [ -67.379806, 6.126725 ], [ -67.378670, 6.126579 ], [ -67.375702, 6.126385 ], [ -67.374794, 6.126245 ], [ -67.370468, 6.125670 ], [ -67.367378, 6.125701 ], [ -67.364739, 6.126205 ], [ -67.362785, 6.126612 ], [ -67.361389, 6.127721 ], [ -67.358154, 6.128897 ], [ -67.356476, 6.131721 ], [ -67.355408, 6.133184 ], [ -67.354454, 6.134881 ], [ -67.353836, 6.136700 ], [ -67.352989, 6.138169 ], [ -67.352737, 6.139081 ], [ -67.351784, 6.140662 ], [ -67.350845, 6.141554 ], [ -67.350120, 6.142912 ], [ -67.349296, 6.143808 ], [ -67.348694, 6.145056 ], [ -67.347397, 6.146512 ], [ -67.346687, 6.147411 ], [ -67.345413, 6.148180 ], [ -67.344818, 6.148853 ], [ -67.342506, 6.149823 ], [ -67.339295, 6.150425 ], [ -67.336769, 6.150816 ], [ -67.335175, 6.150659 ], [ -67.333916, 6.150740 ], [ -67.331985, 6.150458 ], [ -67.330269, 6.150412 ], [ -67.327873, 6.150232 ], [ -67.326279, 6.150190 ], [ -67.324570, 6.150029 ], [ -67.322281, 6.149967 ], [ -67.319664, 6.149552 ], [ -67.318298, 6.149401 ], [ -67.314880, 6.149194 ], [ -67.313156, 6.149376 ], [ -67.311562, 6.149219 ], [ -67.309853, 6.149172 ], [ -67.308037, 6.148779 ], [ -67.307129, 6.148524 ], [ -67.306107, 6.148153 ], [ -67.304642, 6.147539 ], [ -67.303505, 6.147395 ], [ -67.302376, 6.146905 ], [ -67.301468, 6.146650 ], [ -67.300797, 6.146172 ], [ -67.299790, 6.145341 ], [ -67.298668, 6.144393 ], [ -67.297905, 6.143225 ], [ -67.297249, 6.142060 ], [ -67.296715, 6.140668 ], [ -67.296051, 6.139848 ], [ -67.294731, 6.137974 ], [ -67.293854, 6.136803 ], [ -67.292961, 6.135746 ], [ -67.291611, 6.135021 ], [ -67.290603, 6.134306 ], [ -67.288597, 6.132645 ], [ -67.287811, 6.132164 ], [ -67.285904, 6.130735 ], [ -67.284668, 6.129899 ], [ -67.283768, 6.129415 ], [ -67.282753, 6.129043 ], [ -67.281510, 6.128435 ], [ -67.280273, 6.127714 ], [ -67.279488, 6.127233 ], [ -67.278259, 6.126282 ], [ -67.277237, 6.125909 ], [ -67.274765, 6.124580 ], [ -67.273415, 6.123741 ], [ -67.272171, 6.123362 ], [ -67.271149, 6.122990 ], [ -67.270241, 6.122852 ], [ -67.268654, 6.122349 ], [ -67.267517, 6.121975 ], [ -67.266495, 6.121946 ], [ -67.264099, 6.121767 ], [ -67.262489, 6.122182 ], [ -67.260536, 6.122474 ], [ -67.259270, 6.122898 ], [ -67.258003, 6.123208 ], [ -67.255699, 6.123949 ], [ -67.254661, 6.124266 ], [ -67.253395, 6.124576 ], [ -67.251785, 6.125105 ], [ -67.249367, 6.125844 ], [ -67.248093, 6.126383 ], [ -67.246033, 6.126671 ], [ -67.244194, 6.127080 ], [ -67.243164, 6.127167 ], [ -67.240402, 6.127781 ], [ -67.238907, 6.128085 ], [ -67.236145, 6.128813 ], [ -67.233971, 6.129214 ], [ -67.230865, 6.129703 ], [ -67.227776, 6.130078 ], [ -67.226738, 6.130280 ], [ -67.224335, 6.130558 ], [ -67.222382, 6.130849 ], [ -67.221352, 6.131051 ], [ -67.219513, 6.131461 ], [ -67.217796, 6.131643 ], [ -67.216293, 6.132061 ], [ -67.213318, 6.132439 ], [ -67.211022, 6.132721 ], [ -67.206230, 6.132591 ], [ -67.204635, 6.132318 ], [ -67.203270, 6.132166 ], [ -67.201576, 6.131546 ], [ -67.199768, 6.130809 ], [ -67.198738, 6.130781 ], [ -67.197388, 6.130169 ], [ -67.196358, 6.130142 ], [ -67.195114, 6.129763 ], [ -67.194206, 6.129509 ], [ -67.193298, 6.129370 ], [ -67.192276, 6.128998 ], [ -67.190460, 6.128490 ], [ -67.189346, 6.127541 ], [ -67.187447, 6.126112 ], [ -67.186546, 6.125514 ], [ -67.185310, 6.124906 ], [ -67.184517, 6.124540 ], [ -67.183617, 6.123942 ], [ -67.181816, 6.122975 ], [ -67.181152, 6.122268 ], [ -67.180260, 6.121439 ], [ -67.179367, 6.120727 ], [ -67.178459, 6.120357 ], [ -67.177673, 6.119878 ], [ -67.176773, 6.119509 ], [ -67.176102, 6.119032 ], [ -67.174095, 6.117141 ], [ -67.172745, 6.116301 ], [ -67.170967, 6.114417 ], [ -67.170311, 6.113366 ], [ -67.169121, 6.111038 ], [ -67.168648, 6.107352 ], [ -67.168442, 6.106544 ], [ -67.168533, 6.103217 ], [ -67.168449, 6.102068 ], [ -67.168404, 6.099657 ], [ -67.168327, 6.098392 ], [ -67.167694, 6.096423 ], [ -67.167267, 6.095264 ], [ -67.166511, 6.093752 ], [ -67.165512, 6.092691 ], [ -67.163833, 6.091269 ], [ -67.162933, 6.090785 ], [ -67.162262, 6.090307 ], [ -67.161377, 6.089251 ], [ -67.160713, 6.088429 ], [ -67.160049, 6.087722 ], [ -67.159165, 6.086666 ], [ -67.158058, 6.085373 ], [ -67.157067, 6.084083 ], [ -67.156067, 6.082908 ], [ -67.155296, 6.081969 ], [ -67.154854, 6.081269 ], [ -67.154091, 6.080101 ], [ -67.153549, 6.079052 ], [ -67.153107, 6.078352 ], [ -67.151039, 6.074738 ], [ -67.150490, 6.073919 ], [ -67.150055, 6.073104 ], [ -67.149628, 6.072060 ], [ -67.149193, 6.071130 ], [ -67.148773, 6.069856 ], [ -67.148239, 6.068580 ], [ -67.147362, 6.067064 ], [ -67.146614, 6.065207 ], [ -67.145744, 6.063576 ], [ -67.145317, 6.062531 ], [ -67.144676, 6.061022 ], [ -67.143799, 6.059736 ], [ -67.142281, 6.056596 ], [ -67.141502, 6.055772 ], [ -67.141083, 6.054383 ], [ -67.140328, 6.052870 ], [ -67.140129, 6.051717 ], [ -67.139488, 6.050208 ], [ -67.138939, 6.049274 ], [ -67.138412, 6.047769 ], [ -67.137947, 6.043739 ], [ -67.137405, 6.042692 ], [ -67.137001, 6.040959 ], [ -67.136795, 6.040150 ], [ -67.136490, 6.038535 ], [ -67.136352, 6.035317 ], [ -67.135979, 6.032323 ], [ -67.136620, 6.029817 ], [ -67.137344, 6.028229 ], [ -67.137985, 6.025837 ], [ -67.138367, 6.024355 ], [ -67.138756, 6.022645 ], [ -67.139259, 6.020936 ], [ -67.140022, 6.017973 ], [ -67.140297, 6.016374 ], [ -67.141052, 6.013756 ], [ -67.142082, 6.009538 ], [ -67.142029, 6.008578 ], [ -67.142494, 6.007024 ], [ -67.142639, 6.005995 ], [ -67.143272, 6.003870 ], [ -67.143509, 6.002868 ], [ -67.144752, 6.000245 ], [ -67.145531, 5.998857 ], [ -67.145844, 5.997389 ], [ -67.146309, 5.996310 ], [ -67.146698, 5.994845 ], [ -67.147247, 5.992606 ], [ -67.147896, 5.989765 ], [ -67.148049, 5.987706 ], [ -67.148087, 5.985300 ], [ -67.147896, 5.983234 ], [ -67.147728, 5.980022 ], [ -67.147438, 5.976809 ], [ -67.146805, 5.973703 ], [ -67.146507, 5.971291 ], [ -67.146210, 5.968764 ], [ -67.146713, 5.966024 ], [ -67.147453, 5.962716 ], [ -67.148079, 5.959633 ], [ -67.148926, 5.956899 ], [ -67.149674, 5.953017 ], [ -67.150207, 5.948788 ], [ -67.150581, 5.946732 ], [ -67.151199, 5.944338 ], [ -67.152275, 5.941609 ], [ -67.153458, 5.939339 ], [ -67.154739, 5.937530 ], [ -67.156738, 5.934359 ], [ -67.157577, 5.932198 ], [ -67.159004, 5.928672 ], [ -67.160408, 5.926638 ], [ -67.161362, 5.924592 ], [ -67.162651, 5.922441 ], [ -67.163948, 5.920173 ], [ -67.165466, 5.918138 ], [ -67.167687, 5.915316 ], [ -67.169312, 5.913514 ], [ -67.171517, 5.911378 ], [ -67.173264, 5.909806 ], [ -67.175110, 5.908696 ], [ -67.176949, 5.907700 ], [ -67.179253, 5.906482 ], [ -67.181221, 5.905144 ], [ -67.183762, 5.903245 ], [ -67.186073, 5.901684 ], [ -67.188736, 5.899672 ], [ -67.189682, 5.897741 ], [ -67.190414, 5.895005 ], [ -67.191139, 5.892613 ], [ -67.191414, 5.889983 ], [ -67.191452, 5.887919 ], [ -67.191826, 5.885865 ], [ -67.191879, 5.883001 ], [ -67.191238, 5.880468 ], [ -67.190720, 5.877478 ], [ -67.189392, 5.874589 ], [ -67.188171, 5.872504 ], [ -67.187759, 5.870204 ], [ -67.187569, 5.868024 ], [ -67.187157, 5.865380 ], [ -67.187325, 5.862290 ], [ -67.187363, 5.859884 ], [ -67.187530, 5.857137 ], [ -67.187676, 5.855077 ], [ -67.187958, 5.852102 ], [ -67.187546, 5.849230 ], [ -67.188042, 5.847063 ], [ -67.190018, 5.845151 ], [ -67.191963, 5.844502 ], [ -67.193810, 5.843504 ], [ -67.195435, 5.842160 ], [ -67.197853, 5.840831 ], [ -67.200043, 5.839612 ], [ -67.202004, 5.838616 ], [ -67.203957, 5.837737 ], [ -67.206482, 5.836867 ], [ -67.209457, 5.836581 ], [ -67.212196, 5.836746 ], [ -67.214592, 5.836792 ], [ -67.217110, 5.836379 ], [ -67.219284, 5.836076 ], [ -67.222710, 5.835797 ], [ -67.224762, 5.836180 ], [ -67.227150, 5.836569 ], [ -67.228996, 5.835342 ], [ -67.231880, 5.833678 ], [ -67.234184, 5.832461 ], [ -67.236397, 5.829981 ], [ -67.238380, 5.827383 ], [ -67.237846, 5.825310 ], [ -67.237083, 5.823347 ], [ -67.236084, 5.821610 ], [ -67.234634, 5.819520 ], [ -67.232849, 5.817424 ], [ -67.230934, 5.815899 ], [ -67.228325, 5.814933 ], [ -67.226166, 5.814205 ], [ -67.222977, 5.813686 ], [ -67.219902, 5.813400 ], [ -67.217850, 5.813132 ], [ -67.214661, 5.812843 ], [ -67.212051, 5.811649 ], [ -67.210022, 5.810121 ], [ -67.207771, 5.808360 ], [ -67.205978, 5.806492 ], [ -67.203613, 5.804386 ], [ -67.203201, 5.801742 ], [ -67.203262, 5.798306 ], [ -67.203873, 5.796025 ], [ -67.205978, 5.792972 ], [ -67.209106, 5.790394 ], [ -67.210953, 5.789169 ], [ -67.213493, 5.787726 ], [ -67.216713, 5.786297 ], [ -67.219246, 5.784740 ], [ -67.222710, 5.782857 ], [ -67.227058, 5.782136 ], [ -67.229484, 5.780463 ], [ -67.232254, 5.778451 ], [ -67.234901, 5.777242 ], [ -67.236420, 5.775437 ], [ -67.238167, 5.773406 ], [ -67.239121, 5.770790 ], [ -67.239624, 5.768277 ], [ -67.239433, 5.765982 ], [ -67.240379, 5.764051 ], [ -67.241684, 5.760982 ], [ -67.242523, 5.758706 ], [ -67.243256, 5.755855 ], [ -67.243195, 5.752989 ], [ -67.242340, 5.749421 ], [ -67.241470, 5.746998 ], [ -67.239937, 5.743302 ], [ -67.238945, 5.740993 ], [ -67.237953, 5.739141 ], [ -67.237068, 5.737061 ], [ -67.235741, 5.734630 ], [ -67.234398, 5.732999 ], [ -67.232391, 5.730442 ], [ -67.230713, 5.728233 ], [ -67.229378, 5.726604 ], [ -67.227913, 5.725202 ], [ -67.226005, 5.723447 ], [ -67.224426, 5.722157 ], [ -67.221390, 5.719808 ], [ -67.219353, 5.718625 ], [ -67.216186, 5.716732 ], [ -67.214379, 5.715667 ], [ -67.212227, 5.714709 ], [ -67.208611, 5.712808 ], [ -67.205551, 5.711491 ], [ -67.203621, 5.710881 ], [ -67.199303, 5.709769 ], [ -67.195992, 5.709592 ], [ -67.192452, 5.709870 ], [ -67.190048, 5.710283 ], [ -67.187065, 5.711259 ], [ -67.184532, 5.712242 ], [ -67.182243, 5.712888 ], [ -67.179482, 5.713981 ], [ -67.177185, 5.714969 ], [ -67.174774, 5.715726 ], [ -67.172813, 5.716835 ], [ -67.169945, 5.717697 ], [ -67.168098, 5.718923 ], [ -67.165344, 5.719789 ], [ -67.160423, 5.720727 ], [ -67.157776, 5.721937 ], [ -67.155022, 5.722803 ], [ -67.151008, 5.723873 ], [ -67.148697, 5.725319 ], [ -67.146278, 5.726534 ], [ -67.144325, 5.727299 ], [ -67.141686, 5.728510 ], [ -67.140282, 5.730317 ], [ -67.139107, 5.732357 ], [ -67.134918, 5.736977 ], [ -67.133736, 5.739244 ], [ -67.130943, 5.742286 ], [ -67.128960, 5.744884 ], [ -67.127678, 5.746579 ], [ -67.125702, 5.748260 ], [ -67.123619, 5.750054 ], [ -67.121986, 5.751972 ], [ -67.120254, 5.753313 ], [ -67.117386, 5.754290 ], [ -67.115318, 5.754825 ], [ -67.112801, 5.755120 ], [ -67.108818, 5.754587 ], [ -67.106217, 5.753163 ], [ -67.103271, 5.751960 ], [ -67.100342, 5.749729 ], [ -67.098434, 5.747859 ], [ -67.095856, 5.745289 ], [ -67.094398, 5.743543 ], [ -67.092941, 5.742025 ], [ -67.091148, 5.740044 ], [ -67.089378, 5.737031 ], [ -67.086906, 5.734464 ], [ -67.083984, 5.732003 ], [ -67.081284, 5.729888 ], [ -67.077927, 5.725814 ], [ -67.076469, 5.724298 ], [ -67.075020, 5.722436 ], [ -67.073677, 5.720693 ], [ -67.072113, 5.718715 ], [ -67.070442, 5.716277 ], [ -67.068565, 5.713033 ], [ -67.065453, 5.708046 ], [ -67.063896, 5.705496 ], [ -67.062790, 5.703757 ], [ -67.061569, 5.701786 ], [ -67.060455, 5.700046 ], [ -67.059578, 5.697967 ], [ -67.059158, 5.695667 ], [ -67.059204, 5.693377 ], [ -67.059013, 5.690967 ], [ -67.058502, 5.687748 ], [ -67.057998, 5.683959 ], [ -67.057602, 5.680399 ], [ -67.056519, 5.677170 ], [ -67.054955, 5.674848 ], [ -67.053414, 5.671726 ], [ -67.052315, 5.669299 ], [ -67.050072, 5.667079 ], [ -67.046928, 5.664155 ], [ -67.044785, 5.662511 ], [ -67.042305, 5.660745 ], [ -67.039604, 5.658746 ], [ -67.037239, 5.656867 ], [ -67.035553, 5.655346 ], [ -67.032509, 5.653111 ], [ -67.030708, 5.651816 ], [ -67.028343, 5.649938 ], [ -67.025635, 5.648168 ], [ -67.023720, 5.646871 ], [ -67.021912, 5.645691 ], [ -67.020111, 5.644397 ], [ -67.017059, 5.642735 ], [ -67.014572, 5.641427 ], [ -67.012077, 5.640233 ], [ -67.009811, 5.639618 ], [ -67.006516, 5.638867 ], [ -67.003326, 5.638577 ], [ -67.001266, 5.638537 ], [ -66.996140, 5.638211 ], [ -66.993751, 5.637937 ], [ -66.987831, 5.637137 ], [ -66.985672, 5.636637 ], [ -66.983711, 5.637631 ], [ -66.980804, 5.637916 ], [ -66.978790, 5.638681 ], [ -66.977516, 5.638975 ], [ -66.974968, 5.639159 ], [ -66.971718, 5.639005 ], [ -66.969093, 5.639185 ], [ -66.967033, 5.639490 ], [ -66.963707, 5.640227 ], [ -66.961418, 5.640871 ], [ -66.959007, 5.641742 ], [ -66.956818, 5.642845 ], [ -66.955078, 5.644301 ], [ -66.952538, 5.646200 ], [ -66.947220, 5.650109 ], [ -66.945137, 5.651788 ], [ -66.943520, 5.653018 ], [ -66.941437, 5.654467 ], [ -66.937591, 5.658975 ], [ -66.935837, 5.661806 ], [ -66.934433, 5.663498 ], [ -66.932343, 5.665520 ], [ -66.929352, 5.666837 ], [ -66.927055, 5.667596 ], [ -66.924545, 5.667891 ], [ -66.921120, 5.667826 ], [ -66.918610, 5.667891 ], [ -66.916550, 5.668195 ], [ -66.914047, 5.667575 ], [ -66.911896, 5.666846 ], [ -66.909515, 5.665884 ], [ -66.907021, 5.664920 ], [ -66.905090, 5.664310 ], [ -66.902710, 5.663691 ], [ -66.899979, 5.663065 ], [ -66.897240, 5.663013 ], [ -66.895286, 5.663777 ], [ -66.892990, 5.664649 ], [ -66.890350, 5.665515 ], [ -66.887360, 5.666833 ], [ -66.884941, 5.668389 ], [ -66.883202, 5.669732 ], [ -66.881119, 5.671524 ], [ -66.879608, 5.672869 ], [ -66.877983, 5.674442 ], [ -66.876243, 5.676013 ], [ -66.874611, 5.678043 ], [ -66.873100, 5.679847 ], [ -66.871002, 5.681983 ], [ -66.867172, 5.685691 ], [ -66.865547, 5.687491 ], [ -66.863800, 5.689291 ], [ -66.862167, 5.691322 ], [ -66.860077, 5.693343 ], [ -66.858002, 5.694793 ], [ -66.853989, 5.695632 ], [ -66.850792, 5.695685 ], [ -66.848175, 5.695520 ], [ -66.845551, 5.695240 ], [ -66.842125, 5.695403 ], [ -66.840072, 5.695478 ], [ -66.837914, 5.694977 ], [ -66.835182, 5.694237 ], [ -66.831551, 5.693480 ], [ -66.828362, 5.693074 ], [ -66.826309, 5.692804 ], [ -66.823807, 5.692527 ], [ -66.820961, 5.692243 ], [ -66.818680, 5.691969 ], [ -66.814926, 5.691438 ], [ -66.811966, 5.691152 ], [ -66.808777, 5.690861 ], [ -66.805580, 5.690914 ], [ -66.801468, 5.691177 ], [ -66.799408, 5.691137 ], [ -66.796105, 5.690958 ], [ -66.793259, 5.690789 ], [ -66.790070, 5.690497 ], [ -66.788017, 5.690343 ], [ -66.785629, 5.689838 ], [ -66.771370, 5.689561 ], [ -66.768051, 5.690069 ], [ -66.765648, 5.690366 ], [ -66.762795, 5.690539 ], [ -66.759827, 5.690596 ], [ -66.756744, 5.690879 ], [ -66.754227, 5.690945 ], [ -66.752060, 5.691246 ], [ -66.749085, 5.691532 ], [ -66.747139, 5.692067 ], [ -66.743812, 5.692689 ], [ -66.737862, 5.693719 ], [ -66.734993, 5.694579 ], [ -66.732819, 5.694994 ], [ -66.730408, 5.696093 ], [ -66.728210, 5.697654 ], [ -66.725891, 5.699441 ], [ -66.721947, 5.703260 ], [ -66.719856, 5.705166 ], [ -66.718460, 5.706628 ], [ -66.716370, 5.708993 ], [ -66.714737, 5.710564 ], [ -66.712189, 5.712921 ], [ -66.710564, 5.714376 ], [ -66.708252, 5.716166 ], [ -66.706055, 5.717841 ], [ -66.703506, 5.719966 ], [ -66.701652, 5.721305 ], [ -66.699455, 5.722865 ], [ -66.697609, 5.723975 ], [ -66.695656, 5.725082 ], [ -66.693802, 5.726306 ], [ -66.691734, 5.727297 ], [ -66.689545, 5.728399 ], [ -66.687706, 5.729279 ], [ -66.682404, 5.732039 ], [ -66.679985, 5.733366 ], [ -66.677795, 5.734698 ], [ -66.675606, 5.735914 ], [ -66.673409, 5.737360 ], [ -66.670876, 5.738456 ], [ -66.668228, 5.739778 ], [ -66.666160, 5.740654 ], [ -66.663513, 5.741747 ], [ -66.661102, 5.742731 ], [ -66.659149, 5.743265 ], [ -66.655830, 5.744116 ], [ -66.653191, 5.744981 ], [ -66.650658, 5.745962 ], [ -66.648140, 5.746485 ], [ -66.644936, 5.747224 ], [ -66.642868, 5.747641 ], [ -66.640465, 5.748051 ], [ -66.638176, 5.748579 ], [ -66.635773, 5.749104 ], [ -66.632797, 5.749618 ], [ -66.629936, 5.749790 ], [ -66.626846, 5.750189 ], [ -66.623764, 5.750470 ], [ -66.617943, 5.750356 ], [ -66.615333, 5.749731 ], [ -66.613403, 5.749005 ], [ -66.611374, 5.748049 ], [ -66.609444, 5.747438 ], [ -66.607521, 5.746598 ], [ -66.605713, 5.745532 ], [ -66.604019, 5.744352 ], [ -66.601891, 5.742248 ], [ -66.599640, 5.740371 ], [ -66.597626, 5.738499 ], [ -66.595375, 5.736850 ], [ -66.593231, 5.735433 ], [ -66.590073, 5.733424 ], [ -66.587814, 5.732233 ], [ -66.584870, 5.731029 ], [ -66.582024, 5.730400 ], [ -66.579521, 5.729892 ], [ -66.577133, 5.729501 ], [ -66.574631, 5.729108 ], [ -66.572235, 5.729060 ], [ -66.569832, 5.729700 ], [ -66.566849, 5.730557 ], [ -66.564545, 5.731771 ], [ -66.561310, 5.733654 ], [ -66.559006, 5.735213 ], [ -66.557037, 5.736662 ], [ -66.554825, 5.738910 ], [ -66.553208, 5.740137 ], [ -66.551697, 5.741711 ], [ -66.550072, 5.743282 ], [ -66.548668, 5.744971 ], [ -66.547386, 5.746778 ], [ -66.546211, 5.748589 ], [ -66.544907, 5.750968 ], [ -66.543724, 5.753464 ], [ -66.542313, 5.755841 ], [ -66.540787, 5.757988 ], [ -66.539383, 5.760021 ], [ -66.537865, 5.761708 ], [ -66.535439, 5.763494 ], [ -66.533928, 5.764952 ], [ -66.531265, 5.767075 ], [ -66.529297, 5.768754 ], [ -66.526985, 5.770426 ], [ -66.525360, 5.771768 ], [ -66.523163, 5.773328 ], [ -66.520737, 5.774883 ], [ -66.517967, 5.776775 ], [ -66.515541, 5.778216 ], [ -66.512772, 5.780221 ], [ -66.510239, 5.781317 ], [ -66.507942, 5.782073 ], [ -66.505195, 5.782475 ], [ -66.502899, 5.783117 ], [ -66.500252, 5.783980 ], [ -66.497643, 5.772928 ], [ -66.496010, 5.769161 ], [ -66.493912, 5.766885 ], [ -66.490532, 5.763626 ], [ -66.486687, 5.761549 ], [ -66.483513, 5.758753 ], [ -66.480286, 5.755237 ], [ -66.478493, 5.753168 ], [ -66.476494, 5.751563 ], [ -66.473892, 5.747328 ], [ -66.472206, 5.744900 ], [ -66.470116, 5.741440 ], [ -66.468483, 5.737673 ], [ -66.467056, 5.734937 ], [ -66.465378, 5.730448 ], [ -66.464630, 5.726634 ], [ -66.462952, 5.721940 ], [ -66.462143, 5.718845 ], [ -66.461586, 5.716113 ], [ -66.460526, 5.712297 ], [ -66.458893, 5.709200 ], [ -66.456802, 5.705122 ], [ -66.455017, 5.701406 ], [ -66.453278, 5.699183 ], [ -66.450989, 5.695207 ], [ -66.452187, 5.690217 ], [ -66.454727, 5.686932 ], [ -66.456482, 5.684107 ], [ -66.459328, 5.679638 ], [ -66.460220, 5.676243 ], [ -66.460495, 5.672794 ], [ -66.460144, 5.669444 ], [ -66.459038, 5.665267 ], [ -66.458435, 5.661248 ], [ -66.458145, 5.657538 ], [ -66.458466, 5.653780 ], [ -66.460029, 5.649048 ], [ -66.461594, 5.644986 ], [ -66.462898, 5.639842 ], [ -66.460350, 5.635040 ], [ -66.458672, 5.629934 ], [ -66.457192, 5.627713 ], [ -66.455353, 5.624460 ], [ -66.453247, 5.621874 ], [ -66.452431, 5.620337 ], [ -66.447968, 5.620707 ], [ -66.430153, 5.618224 ], [ -66.408920, 5.612291 ], [ -66.396271, 5.604679 ], [ -66.370605, 5.594260 ], [ -66.356339, 5.588632 ], [ -66.347130, 5.590634 ], [ -66.337242, 5.592879 ], [ -66.328262, 5.594877 ], [ -66.319443, 5.591367 ], [ -66.313164, 5.590060 ], [ -66.311310, 5.588985 ], [ -66.302032, 5.585024 ], [ -66.293900, 5.582648 ], [ -66.285774, 5.581190 ], [ -66.278534, 5.578108 ], [ -66.268585, 5.574388 ], [ -66.259788, 5.572941 ], [ -66.254837, 5.572178 ], [ -66.250816, 5.576320 ], [ -66.244576, 5.581939 ], [ -66.235191, 5.588073 ], [ -66.227791, 5.591188 ], [ -66.218361, 5.593423 ], [ -66.210274, 5.595403 ], [ -66.199257, 5.596978 ], [ -66.189354, 5.597615 ], [ -66.179672, 5.597787 ], [ -66.170929, 5.601156 ], [ -66.163780, 5.606561 ], [ -66.157776, 5.613092 ], [ -66.151322, 5.620321 ], [ -66.145767, 5.627074 ], [ -66.140663, 5.634049 ], [ -66.134667, 5.641499 ], [ -66.128899, 5.649403 ], [ -66.124023, 5.656373 ], [ -66.118256, 5.664737 ], [ -66.112961, 5.674469 ], [ -66.108330, 5.683500 ], [ -66.105263, 5.690897 ], [ -66.102753, 5.697016 ] ] ] } }

]
}
