{
"type": "FeatureCollection",
"features": [
{ "type": "Feature", "properties": { "COD_ESTADO": "04", "ESTADO": "APURE" }, "geometry": { "type": "Polygon", "coordinates": [ [ [ -69.898903, 7.794531 ], [ -69.898377, 7.795038 ], [ -69.897804, 7.795500 ], [ -69.897339, 7.795961 ], [ -69.896950, 7.796491 ], [ -69.896477, 7.797090 ], [ -69.895966, 7.797505 ], [ -69.895347, 7.797967 ], [ -69.894821, 7.798383 ], [ -69.894318, 7.798867 ], [ -69.893768, 7.799237 ], [ -69.893127, 7.799699 ], [ -69.892502, 7.800000 ], [ -69.891861, 7.800210 ], [ -69.891014, 7.800374 ], [ -69.890343, 7.800468 ], [ -69.889008, 7.800865 ], [ -69.887512, 7.801032 ], [ -69.886826, 7.801150 ], [ -69.886185, 7.801290 ], [ -69.885513, 7.801339 ], [ -69.884850, 7.801319 ], [ -69.884224, 7.801551 ], [ -69.883514, 7.801554 ], [ -69.882866, 7.801442 ], [ -69.882133, 7.801606 ], [ -69.881485, 7.801701 ], [ -69.880844, 7.802002 ], [ -69.880158, 7.802441 ], [ -69.879394, 7.802559 ], [ -69.878777, 7.802792 ], [ -69.878136, 7.802932 ], [ -69.877464, 7.802774 ], [ -69.876755, 7.802961 ], [ -69.876106, 7.802987 ], [ -69.875183, 7.802991 ], [ -69.874405, 7.803109 ], [ -69.873733, 7.803180 ], [ -69.873024, 7.803138 ], [ -69.872352, 7.802979 ], [ -69.871689, 7.802799 ], [ -69.870285, 7.802759 ], [ -69.869637, 7.802692 ], [ -69.868950, 7.802719 ], [ -69.868256, 7.802768 ], [ -69.867592, 7.802885 ], [ -69.866806, 7.802980 ], [ -69.866165, 7.803006 ], [ -69.864738, 7.803011 ], [ -69.864067, 7.803129 ], [ -69.862663, 7.803549 ], [ -69.862000, 7.803804 ], [ -69.861290, 7.804014 ], [ -69.860641, 7.804269 ], [ -69.859955, 7.804524 ], [ -69.859200, 7.804849 ], [ -69.858437, 7.805151 ], [ -69.856872, 7.805456 ], [ -69.856255, 7.805688 ], [ -69.855614, 7.806013 ], [ -69.854874, 7.806222 ], [ -69.854210, 7.806386 ], [ -69.853584, 7.806572 ], [ -69.852783, 7.806851 ], [ -69.852051, 7.807245 ], [ -69.851425, 7.807500 ], [ -69.849960, 7.808240 ], [ -69.847679, 7.808801 ], [ -69.847061, 7.808988 ], [ -69.845657, 7.809246 ], [ -69.844925, 7.809272 ], [ -69.844162, 7.809413 ], [ -69.843521, 7.809439 ], [ -69.842781, 7.809350 ], [ -69.842018, 7.809284 ], [ -69.841309, 7.809104 ], [ -69.840523, 7.808970 ], [ -69.839790, 7.808949 ], [ -69.839142, 7.809021 ], [ -69.838432, 7.809139 ], [ -69.837784, 7.809210 ], [ -69.837029, 7.809076 ], [ -69.836266, 7.808872 ], [ -69.835480, 7.808600 ], [ -69.834717, 7.808236 ], [ -69.834053, 7.807986 ], [ -69.833359, 7.807437 ], [ -69.832848, 7.806981 ], [ -69.832405, 7.806500 ], [ -69.831856, 7.805974 ], [ -69.831436, 7.805379 ], [ -69.831131, 7.804806 ], [ -69.830742, 7.804188 ], [ -69.830116, 7.803410 ], [ -69.829697, 7.802837 ], [ -69.828636, 7.801854 ], [ -69.828125, 7.801259 ], [ -69.827683, 7.800596 ], [ -69.827293, 7.800046 ], [ -69.826805, 7.799451 ], [ -69.826362, 7.798833 ], [ -69.825989, 7.798260 ], [ -69.825668, 7.797688 ], [ -69.825226, 7.797184 ], [ -69.824623, 7.796704 ], [ -69.824142, 7.796225 ], [ -69.823540, 7.795951 ], [ -69.822823, 7.795702 ], [ -69.822113, 7.795521 ], [ -69.821442, 7.795501 ], [ -69.820709, 7.795435 ], [ -69.820038, 7.795461 ], [ -69.819214, 7.795464 ], [ -69.818543, 7.795352 ], [ -69.817825, 7.795263 ], [ -69.817070, 7.795220 ], [ -69.816376, 7.795269 ], [ -69.815643, 7.795364 ], [ -69.814858, 7.795436 ], [ -69.814102, 7.795531 ], [ -69.812698, 7.795537 ], [ -69.812050, 7.795792 ], [ -69.810860, 7.796600 ], [ -69.810333, 7.796970 ], [ -69.809647, 7.797432 ], [ -69.809120, 7.797871 ], [ -69.808540, 7.798332 ], [ -69.807991, 7.798886 ], [ -69.807533, 7.799485 ], [ -69.806870, 7.800268 ], [ -69.806320, 7.800868 ], [ -69.805817, 7.801444 ], [ -69.805427, 7.801996 ], [ -69.804993, 7.802549 ], [ -69.804535, 7.803102 ], [ -69.804077, 7.803678 ], [ -69.803596, 7.804231 ], [ -69.803070, 7.804876 ], [ -69.802681, 7.805406 ], [ -69.802315, 7.805935 ], [ -69.801857, 7.806511 ], [ -69.801109, 7.807823 ], [ -69.800766, 7.808375 ], [ -69.800308, 7.808952 ], [ -69.799873, 7.809435 ], [ -69.799438, 7.809943 ], [ -69.798958, 7.810427 ], [ -69.798432, 7.810888 ], [ -69.797783, 7.811419 ], [ -69.797188, 7.811812 ], [ -69.796593, 7.812227 ], [ -69.795883, 7.812667 ], [ -69.795166, 7.813083 ], [ -69.794456, 7.813407 ], [ -69.793747, 7.813800 ], [ -69.793083, 7.814217 ], [ -69.791634, 7.814888 ], [ -69.790871, 7.815213 ], [ -69.788803, 7.815795 ], [ -69.788071, 7.815959 ], [ -69.787399, 7.816123 ], [ -69.786735, 7.816263 ], [ -69.786072, 7.816518 ], [ -69.785423, 7.816750 ], [ -69.784691, 7.816960 ], [ -69.784027, 7.817124 ], [ -69.782669, 7.817221 ], [ -69.781906, 7.817224 ], [ -69.781235, 7.817135 ], [ -69.780571, 7.817023 ], [ -69.779899, 7.816979 ], [ -69.779030, 7.816937 ], [ -69.776794, 7.816946 ], [ -69.775413, 7.816906 ], [ -69.774765, 7.816840 ], [ -69.774033, 7.816866 ], [ -69.773361, 7.816937 ], [ -69.772675, 7.817031 ], [ -69.772026, 7.817172 ], [ -69.771408, 7.817359 ], [ -69.770653, 7.817637 ], [ -69.769981, 7.817915 ], [ -69.768448, 7.818679 ], [ -69.767845, 7.818934 ], [ -69.767273, 7.819281 ], [ -69.766792, 7.819719 ], [ -69.766220, 7.820272 ], [ -69.765671, 7.820780 ], [ -69.765144, 7.821287 ], [ -69.764404, 7.821749 ], [ -69.763832, 7.822073 ], [ -69.763100, 7.822558 ], [ -69.762413, 7.822951 ], [ -69.761078, 7.823691 ], [ -69.760391, 7.824038 ], [ -69.759766, 7.824294 ], [ -69.758919, 7.824757 ], [ -69.757286, 7.825428 ], [ -69.756531, 7.825661 ], [ -69.755836, 7.825848 ], [ -69.754578, 7.826105 ], [ -69.753654, 7.826270 ], [ -69.752991, 7.826364 ], [ -69.752273, 7.826689 ], [ -69.751541, 7.826944 ], [ -69.750733, 7.826970 ], [ -69.750091, 7.826973 ], [ -69.749329, 7.826907 ], [ -69.747993, 7.826821 ], [ -69.747231, 7.826800 ], [ -69.746338, 7.826758 ], [ -69.745644, 7.826876 ], [ -69.744980, 7.826947 ], [ -69.744286, 7.826996 ], [ -69.743530, 7.826792 ], [ -69.742859, 7.826749 ], [ -69.742073, 7.826729 ], [ -69.741295, 7.826801 ], [ -69.740509, 7.826827 ], [ -69.739617, 7.826739 ], [ -69.738808, 7.826581 ], [ -69.738182, 7.826354 ], [ -69.737450, 7.826219 ], [ -69.736733, 7.826130 ], [ -69.735809, 7.826042 ], [ -69.735077, 7.825884 ], [ -69.734291, 7.825887 ], [ -69.733551, 7.825867 ], [ -69.732841, 7.825962 ], [ -69.732155, 7.826102 ], [ -69.730171, 7.826707 ], [ -69.728584, 7.826759 ], [ -69.727371, 7.827270 ], [ -69.726792, 7.827685 ], [ -69.726219, 7.828054 ], [ -69.724938, 7.828840 ], [ -69.724403, 7.829255 ], [ -69.723808, 7.829970 ], [ -69.723381, 7.830660 ], [ -69.723015, 7.831305 ], [ -69.722740, 7.832064 ], [ -69.722443, 7.832753 ], [ -69.722031, 7.833444 ], [ -69.721619, 7.833997 ], [ -69.721184, 7.834550 ], [ -69.720566, 7.835264 ], [ -69.720085, 7.835748 ], [ -69.719193, 7.836004 ], [ -69.718498, 7.836489 ], [ -69.717972, 7.836904 ], [ -69.716896, 7.837988 ], [ -69.716393, 7.838541 ], [ -69.715889, 7.838979 ], [ -69.715340, 7.839372 ], [ -69.714073, 7.840065 ], [ -69.713410, 7.840527 ], [ -69.712326, 7.841358 ], [ -69.711319, 7.842464 ], [ -69.710861, 7.843040 ], [ -69.710335, 7.843662 ], [ -69.709809, 7.844376 ], [ -69.709396, 7.844975 ], [ -69.708893, 7.845459 ], [ -69.708344, 7.845966 ], [ -69.707886, 7.846519 ], [ -69.707474, 7.847278 ], [ -69.707199, 7.847876 ], [ -69.706764, 7.848590 ], [ -69.706283, 7.849143 ], [ -69.705757, 7.849604 ], [ -69.705208, 7.850042 ], [ -69.703766, 7.851357 ], [ -69.703148, 7.851819 ], [ -69.702385, 7.852258 ], [ -69.701813, 7.852627 ], [ -69.700622, 7.853459 ], [ -69.700020, 7.853828 ], [ -69.699425, 7.854313 ], [ -69.698784, 7.854522 ], [ -69.698158, 7.854754 ], [ -69.696755, 7.854851 ], [ -69.696114, 7.855015 ], [ -69.695427, 7.855293 ], [ -69.694710, 7.855433 ], [ -69.694046, 7.855505 ], [ -69.693237, 7.855669 ], [ -69.692597, 7.855924 ], [ -69.692024, 7.856408 ], [ -69.691261, 7.856457 ], [ -69.690643, 7.856643 ], [ -69.689972, 7.856944 ], [ -69.689354, 7.857245 ], [ -69.688713, 7.857661 ], [ -69.687561, 7.858606 ], [ -69.687058, 7.859137 ], [ -69.686073, 7.860220 ], [ -69.685661, 7.860727 ], [ -69.685249, 7.861302 ], [ -69.684723, 7.862085 ], [ -69.684334, 7.862799 ], [ -69.683968, 7.863351 ], [ -69.683609, 7.863926 ], [ -69.683052, 7.864480 ], [ -69.682549, 7.864964 ], [ -69.681976, 7.865425 ], [ -69.681404, 7.866001 ], [ -69.680901, 7.866416 ], [ -69.679428, 7.867570 ], [ -69.678856, 7.867963 ], [ -69.678238, 7.868402 ], [ -69.677620, 7.868725 ], [ -69.677017, 7.868980 ], [ -69.676353, 7.869074 ], [ -69.675644, 7.869376 ], [ -69.675041, 7.869654 ], [ -69.674217, 7.870002 ], [ -69.673622, 7.870348 ], [ -69.673019, 7.870672 ], [ -69.672310, 7.870858 ], [ -69.671593, 7.871068 ], [ -69.670769, 7.871369 ], [ -69.670082, 7.871693 ], [ -69.669411, 7.871972 ], [ -69.668838, 7.872272 ], [ -69.668037, 7.872620 ], [ -69.667389, 7.872851 ], [ -69.666588, 7.873061 ], [ -69.665871, 7.873225 ], [ -69.665230, 7.873411 ], [ -69.664490, 7.873575 ], [ -69.663849, 7.873898 ], [ -69.663185, 7.874337 ], [ -69.662560, 7.874638 ], [ -69.662010, 7.874984 ], [ -69.661301, 7.875515 ], [ -69.660637, 7.875840 ], [ -69.660080, 7.876209 ], [ -69.659416, 7.876510 ], [ -69.658821, 7.876995 ], [ -69.658272, 7.877456 ], [ -69.657837, 7.877940 ], [ -69.656754, 7.878839 ], [ -69.655655, 7.879647 ], [ -69.655152, 7.880085 ], [ -69.654556, 7.880500 ], [ -69.653450, 7.881561 ], [ -69.652969, 7.882114 ], [ -69.652466, 7.882598 ], [ -69.651985, 7.883082 ], [ -69.651413, 7.883590 ], [ -69.650841, 7.884074 ], [ -69.650383, 7.884581 ], [ -69.649826, 7.885066 ], [ -69.649322, 7.885550 ], [ -69.648819, 7.886056 ], [ -69.648315, 7.886540 ], [ -69.647812, 7.886956 ], [ -69.647262, 7.887440 ], [ -69.646553, 7.887948 ], [ -69.645973, 7.888432 ], [ -69.645401, 7.888847 ], [ -69.644096, 7.889634 ], [ -69.642944, 7.890396 ], [ -69.642418, 7.890833 ], [ -69.641869, 7.891272 ], [ -69.641342, 7.891664 ], [ -69.640717, 7.892149 ], [ -69.640144, 7.892472 ], [ -69.639641, 7.892888 ], [ -69.639023, 7.893349 ], [ -69.638451, 7.893833 ], [ -69.637962, 7.894295 ], [ -69.637001, 7.895309 ], [ -69.636497, 7.895724 ], [ -69.635971, 7.896185 ], [ -69.635376, 7.896601 ], [ -69.634590, 7.897201 ], [ -69.633926, 7.897616 ], [ -69.633309, 7.898055 ], [ -69.632713, 7.898425 ], [ -69.632133, 7.898748 ], [ -69.631332, 7.899095 ], [ -69.630692, 7.899396 ], [ -69.630089, 7.899651 ], [ -69.629379, 7.899907 ], [ -69.628761, 7.900207 ], [ -69.628181, 7.900508 ], [ -69.627541, 7.900924 ], [ -69.626877, 7.901270 ], [ -69.626320, 7.901617 ], [ -69.625610, 7.901872 ], [ -69.624207, 7.902222 ], [ -69.623566, 7.902500 ], [ -69.622757, 7.902641 ], [ -69.621979, 7.902713 ], [ -69.621124, 7.902853 ], [ -69.620384, 7.902787 ], [ -69.619675, 7.902652 ], [ -69.619003, 7.902586 ], [ -69.618294, 7.902496 ], [ -69.617622, 7.902544 ], [ -69.616768, 7.902571 ], [ -69.615944, 7.902666 ], [ -69.615249, 7.902645 ], [ -69.614494, 7.902579 ], [ -69.613754, 7.902627 ], [ -69.613045, 7.902699 ], [ -69.612396, 7.902839 ], [ -69.611755, 7.903048 ], [ -69.611153, 7.903326 ], [ -69.610512, 7.903650 ], [ -69.609939, 7.903996 ], [ -69.609322, 7.904435 ], [ -69.608742, 7.904897 ], [ -69.608055, 7.905220 ], [ -69.607506, 7.905567 ], [ -69.606911, 7.906052 ], [ -69.606331, 7.906467 ], [ -69.605759, 7.906951 ], [ -69.605324, 7.907595 ], [ -69.604889, 7.908148 ], [ -69.604523, 7.908815 ], [ -69.604134, 7.909483 ], [ -69.603745, 7.910196 ], [ -69.603203, 7.911645 ], [ -69.602928, 7.912266 ], [ -69.602585, 7.912910 ], [ -69.602173, 7.913440 ], [ -69.601829, 7.914038 ], [ -69.601647, 7.914773 ], [ -69.601517, 7.915417 ], [ -69.601425, 7.916083 ], [ -69.601288, 7.916864 ], [ -69.601044, 7.918611 ], [ -69.600929, 7.919369 ], [ -69.600799, 7.920793 ], [ -69.600624, 7.922240 ], [ -69.600487, 7.923044 ], [ -69.600304, 7.923757 ], [ -69.599945, 7.925021 ], [ -69.599350, 7.926493 ], [ -69.599144, 7.927159 ], [ -69.598823, 7.927826 ], [ -69.598579, 7.928562 ], [ -69.598350, 7.929184 ], [ -69.597962, 7.929805 ], [ -69.597549, 7.930335 ], [ -69.597046, 7.930933 ], [ -69.596519, 7.931348 ], [ -69.595962, 7.931764 ], [ -69.595345, 7.932179 ], [ -69.594658, 7.932619 ], [ -69.594108, 7.932988 ], [ -69.593483, 7.933495 ], [ -69.592224, 7.934464 ], [ -69.591629, 7.934811 ], [ -69.591026, 7.935134 ], [ -69.590340, 7.935366 ], [ -69.589599, 7.935553 ], [ -69.588959, 7.935854 ], [ -69.588265, 7.935971 ], [ -69.587555, 7.936111 ], [ -69.584404, 7.936214 ], [ -69.583092, 7.936403 ], [ -69.582420, 7.936451 ], [ -69.581314, 7.936639 ], [ -69.580414, 7.936091 ], [ -69.579750, 7.935933 ], [ -69.579079, 7.935797 ], [ -69.578407, 7.935731 ], [ -69.577766, 7.935641 ], [ -69.577026, 7.935552 ], [ -69.576340, 7.935394 ], [ -69.575600, 7.935282 ], [ -69.574951, 7.935284 ], [ -69.574287, 7.935195 ], [ -69.573639, 7.934990 ], [ -69.572975, 7.934969 ], [ -69.572258, 7.934880 ], [ -69.571632, 7.934653 ], [ -69.570923, 7.934564 ], [ -69.570206, 7.934681 ], [ -69.569450, 7.934684 ], [ -69.568710, 7.934824 ], [ -69.567261, 7.935128 ], [ -69.566437, 7.935268 ], [ -69.565765, 7.935317 ], [ -69.565033, 7.935319 ], [ -69.564339, 7.935574 ], [ -69.563675, 7.935852 ], [ -69.562523, 7.936614 ], [ -69.561973, 7.937052 ], [ -69.561516, 7.937536 ], [ -69.561150, 7.938088 ], [ -69.560806, 7.938802 ], [ -69.560577, 7.939445 ], [ -69.560394, 7.940158 ], [ -69.560082, 7.941606 ], [ -69.559990, 7.942318 ], [ -69.559906, 7.943122 ], [ -69.559906, 7.943765 ], [ -69.559791, 7.944408 ], [ -69.559799, 7.945074 ], [ -69.559822, 7.945763 ], [ -69.559868, 7.946406 ], [ -69.559898, 7.947209 ], [ -69.559967, 7.947990 ], [ -69.559906, 7.948702 ], [ -69.559700, 7.949667 ], [ -69.559425, 7.950334 ], [ -69.559082, 7.950932 ], [ -69.558693, 7.951530 ], [ -69.558304, 7.952175 ], [ -69.557937, 7.952750 ], [ -69.557342, 7.953602 ], [ -69.556885, 7.954086 ], [ -69.556404, 7.954616 ], [ -69.555878, 7.955054 ], [ -69.555237, 7.955630 ], [ -69.554276, 7.956598 ], [ -69.553673, 7.957082 ], [ -69.553009, 7.957567 ], [ -69.550987, 7.958975 ], [ -69.550369, 7.959276 ], [ -69.549774, 7.959599 ], [ -69.549103, 7.959785 ], [ -69.548439, 7.959995 ], [ -69.547836, 7.960295 ], [ -69.547195, 7.960665 ], [ -69.546532, 7.961195 ], [ -69.546074, 7.961679 ], [ -69.545570, 7.962186 ], [ -69.545036, 7.962762 ], [ -69.544556, 7.963246 ], [ -69.544075, 7.963822 ], [ -69.543571, 7.964443 ], [ -69.543320, 7.965064 ], [ -69.543091, 7.965685 ], [ -69.542984, 7.966352 ], [ -69.542961, 7.966995 ], [ -69.543076, 7.967660 ], [ -69.543266, 7.968394 ], [ -69.543480, 7.969013 ], [ -69.543663, 7.969679 ], [ -69.543785, 7.970413 ], [ -69.543968, 7.971240 ], [ -69.544159, 7.971905 ], [ -69.544441, 7.973236 ], [ -69.544540, 7.974751 ], [ -69.544540, 7.975417 ], [ -69.544289, 7.976887 ], [ -69.544136, 7.977553 ], [ -69.543930, 7.978243 ], [ -69.543656, 7.978887 ], [ -69.543152, 7.980359 ], [ -69.542862, 7.980980 ], [ -69.542519, 7.981670 ], [ -69.542221, 7.982406 ], [ -69.541901, 7.983049 ], [ -69.541534, 7.983602 ], [ -69.540825, 7.984776 ], [ -69.540550, 7.985373 ], [ -69.539703, 7.986617 ], [ -69.539269, 7.987284 ], [ -69.538353, 7.988573 ], [ -69.537918, 7.989218 ], [ -69.537483, 7.989724 ], [ -69.537048, 7.990254 ], [ -69.536064, 7.991337 ], [ -69.535576, 7.991775 ], [ -69.534981, 7.992420 ], [ -69.534386, 7.993111 ], [ -69.533997, 7.993640 ], [ -69.533058, 7.994746 ], [ -69.532578, 7.995230 ], [ -69.532028, 7.995737 ], [ -69.531448, 7.996222 ], [ -69.530876, 7.996613 ], [ -69.530304, 7.996983 ], [ -69.529663, 7.997329 ], [ -69.528328, 7.998184 ], [ -69.527802, 7.998553 ], [ -69.527222, 7.999014 ], [ -69.526650, 7.999430 ], [ -69.526504, 7.999991 ], [ -69.526153, 8.000294 ], [ -69.525627, 8.000806 ], [ -69.525085, 8.001296 ], [ -69.524346, 8.001560 ], [ -69.523598, 8.002007 ], [ -69.522995, 8.002223 ], [ -69.521965, 8.002561 ], [ -69.521347, 8.002685 ], [ -69.520661, 8.002856 ], [ -69.520012, 8.003004 ], [ -69.519280, 8.003060 ], [ -69.518608, 8.003071 ], [ -69.517914, 8.002990 ], [ -69.517296, 8.002976 ], [ -69.516670, 8.002917 ], [ -69.516113, 8.002765 ], [ -69.515442, 8.002522 ], [ -69.514885, 8.002348 ], [ -69.514244, 8.002219 ], [ -69.513619, 8.002046 ], [ -69.512924, 8.001826 ], [ -69.511215, 8.001577 ], [ -69.510406, 8.001520 ], [ -69.509781, 8.001461 ], [ -69.509132, 8.001356 ], [ -69.507866, 8.001284 ], [ -69.507088, 8.001411 ], [ -69.505821, 8.001683 ], [ -69.504677, 8.001999 ], [ -69.504074, 8.002191 ], [ -69.503433, 8.002454 ], [ -69.502724, 8.002694 ], [ -69.502152, 8.003024 ], [ -69.501579, 8.003263 ], [ -69.500916, 8.003593 ], [ -69.500343, 8.003901 ], [ -69.499535, 8.004575 ], [ -69.498894, 8.004970 ], [ -69.497879, 8.005712 ], [ -69.497353, 8.006061 ], [ -69.496803, 8.006477 ], [ -69.494858, 8.007663 ], [ -69.494194, 8.008058 ], [ -69.493759, 8.008406 ], [ -69.492081, 8.009520 ], [ -69.491417, 8.009915 ], [ -69.490662, 8.010311 ], [ -69.489815, 8.010845 ], [ -69.488388, 8.011614 ], [ -69.487633, 8.011964 ], [ -69.486939, 8.012198 ], [ -69.485008, 8.012603 ], [ -69.484276, 8.012838 ], [ -69.483704, 8.013118 ], [ -69.483131, 8.013674 ], [ -69.482651, 8.014205 ], [ -69.482216, 8.014713 ], [ -69.481713, 8.015267 ], [ -69.481163, 8.015892 ], [ -69.480614, 8.016584 ], [ -69.480270, 8.017046 ], [ -69.479637, 8.018451 ], [ -69.479362, 8.019028 ], [ -69.478478, 8.020756 ], [ -69.478165, 8.021676 ], [ -69.477188, 8.024139 ], [ -69.476807, 8.025129 ], [ -69.476562, 8.025798 ], [ -69.476151, 8.026994 ], [ -69.476067, 8.027683 ], [ -69.475838, 8.028259 ], [ -69.475494, 8.028721 ], [ -69.474991, 8.029230 ], [ -69.474510, 8.029670 ], [ -69.473946, 8.030362 ], [ -69.472961, 8.031448 ], [ -69.472549, 8.031980 ], [ -69.472115, 8.032695 ], [ -69.471802, 8.033294 ], [ -69.471275, 8.033734 ], [ -69.469757, 8.034847 ], [ -69.469093, 8.035311 ], [ -69.468521, 8.035613 ], [ -69.467072, 8.036290 ], [ -69.466270, 8.036824 ], [ -69.464760, 8.037937 ], [ -69.464188, 8.038308 ], [ -69.463570, 8.038681 ], [ -69.463036, 8.038982 ], [ -69.462463, 8.039516 ], [ -69.462105, 8.040046 ], [ -69.461723, 8.041403 ], [ -69.461273, 8.043197 ], [ -69.461044, 8.043750 ], [ -69.460709, 8.044394 ], [ -69.459885, 8.045595 ], [ -69.459495, 8.046057 ], [ -69.458923, 8.046566 ], [ -69.458351, 8.047030 ], [ -69.457870, 8.047355 ], [ -69.456635, 8.048213 ], [ -69.456062, 8.048585 ], [ -69.455322, 8.048911 ], [ -69.453209, 8.050029 ], [ -69.452156, 8.050725 ], [ -69.451271, 8.051128 ], [ -69.450828, 8.051283 ], [ -69.450272, 8.051405 ], [ -69.449448, 8.051502 ], [ -69.448616, 8.051670 ], [ -69.447838, 8.051951 ], [ -69.447380, 8.052367 ], [ -69.446488, 8.053591 ], [ -69.445717, 8.054813 ], [ -69.445396, 8.055344 ], [ -69.445099, 8.055920 ], [ -69.444824, 8.056496 ], [ -69.444397, 8.057257 ], [ -69.443733, 8.058340 ], [ -69.443344, 8.058917 ], [ -69.442894, 8.059540 ], [ -69.442436, 8.060002 ], [ -69.440254, 8.061970 ], [ -69.439621, 8.062572 ], [ -69.438614, 8.063749 ], [ -69.437035, 8.065322 ], [ -69.436600, 8.065693 ], [ -69.435387, 8.066666 ], [ -69.434929, 8.066991 ], [ -69.434395, 8.067339 ], [ -69.433594, 8.067689 ], [ -69.433044, 8.067900 ], [ -69.431847, 8.068298 ], [ -69.431229, 8.068602 ], [ -69.430657, 8.068812 ], [ -69.429962, 8.069024 ], [ -69.429344, 8.069189 ], [ -69.428307, 8.069335 ], [ -69.427200, 8.069320 ], [ -69.425865, 8.069215 ], [ -69.425125, 8.069175 ], [ -69.424393, 8.069202 ], [ -69.423653, 8.069300 ], [ -69.423058, 8.069419 ], [ -69.422318, 8.069609 ], [ -69.421379, 8.069890 ], [ -69.420708, 8.070079 ], [ -69.420090, 8.070129 ], [ -69.418701, 8.070002 ], [ -69.417389, 8.069828 ], [ -69.416237, 8.069607 ], [ -69.415245, 8.069522 ], [ -69.414574, 8.069481 ], [ -69.413742, 8.069349 ], [ -69.413055, 8.069147 ], [ -69.411781, 8.068812 ], [ -69.410423, 8.068478 ], [ -69.409798, 8.068345 ], [ -69.409111, 8.068350 ], [ -69.408234, 8.068195 ], [ -69.407608, 8.068109 ], [ -69.406799, 8.068045 ], [ -69.405975, 8.068097 ], [ -69.405350, 8.068171 ], [ -69.404564, 8.068222 ], [ -69.403877, 8.068227 ], [ -69.403183, 8.068278 ], [ -69.402611, 8.068282 ], [ -69.401916, 8.068058 ], [ -69.401314, 8.067810 ], [ -69.400665, 8.067447 ], [ -69.399856, 8.067039 ], [ -69.398819, 8.066496 ], [ -69.398171, 8.066225 ], [ -69.397156, 8.065727 ], [ -69.396576, 8.065365 ], [ -69.396065, 8.065023 ], [ -69.395531, 8.064683 ], [ -69.395073, 8.064343 ], [ -69.394562, 8.063818 ], [ -69.394119, 8.063293 ], [ -69.393562, 8.062746 ], [ -69.393120, 8.062244 ], [ -69.392723, 8.061811 ], [ -69.391823, 8.060761 ], [ -69.390801, 8.059713 ], [ -69.389893, 8.058893 ], [ -69.389313, 8.058393 ], [ -69.388733, 8.057915 ], [ -69.387482, 8.057097 ], [ -69.386978, 8.056710 ], [ -69.386421, 8.056370 ], [ -69.385284, 8.055713 ], [ -69.384316, 8.054916 ], [ -69.383408, 8.054096 ], [ -69.382370, 8.053507 ], [ -69.381721, 8.053259 ], [ -69.381073, 8.053080 ], [ -69.380478, 8.052946 ], [ -69.379486, 8.052701 ], [ -69.378677, 8.052684 ], [ -69.377983, 8.052758 ], [ -69.377296, 8.052809 ], [ -69.376030, 8.052703 ], [ -69.375290, 8.052846 ], [ -69.374214, 8.053336 ], [ -69.373680, 8.053660 ], [ -69.372994, 8.054033 ], [ -69.371643, 8.054594 ], [ -69.371040, 8.054759 ], [ -69.370216, 8.054948 ], [ -69.369545, 8.055068 ], [ -69.368858, 8.055120 ], [ -69.368210, 8.055123 ], [ -69.367561, 8.055082 ], [ -69.366943, 8.055156 ], [ -69.366348, 8.055412 ], [ -69.366028, 8.055920 ], [ -69.365639, 8.056474 ], [ -69.365135, 8.056913 ], [ -69.364540, 8.057239 ], [ -69.363960, 8.057358 ], [ -69.363319, 8.057385 ], [ -69.362602, 8.057460 ], [ -69.360512, 8.057727 ], [ -69.359886, 8.057823 ], [ -69.359223, 8.057943 ], [ -69.358391, 8.058155 ], [ -69.357773, 8.058297 ], [ -69.357056, 8.058372 ], [ -69.356300, 8.058308 ], [ -69.355743, 8.058220 ], [ -69.355194, 8.058109 ], [ -69.354546, 8.058090 ], [ -69.353943, 8.058118 ], [ -69.353371, 8.058237 ], [ -69.352127, 8.058544 ], [ -69.351463, 8.058687 ], [ -69.350769, 8.058806 ], [ -69.350174, 8.058810 ], [ -69.348678, 8.058776 ], [ -69.347427, 8.058785 ], [ -69.346023, 8.058886 ], [ -69.345199, 8.058869 ], [ -69.344322, 8.058669 ], [ -69.343071, 8.058265 ], [ -69.342422, 8.058017 ], [ -69.340744, 8.057524 ], [ -69.339356, 8.057212 ], [ -69.338799, 8.056987 ], [ -69.338318, 8.056691 ], [ -69.337715, 8.056443 ], [ -69.337135, 8.056264 ], [ -69.336472, 8.056199 ], [ -69.335526, 8.056137 ], [ -69.334282, 8.056100 ], [ -69.333565, 8.056106 ], [ -69.332756, 8.056133 ], [ -69.331795, 8.056210 ], [ -69.331078, 8.056352 ], [ -69.330345, 8.056449 ], [ -69.329628, 8.056500 ], [ -69.327507, 8.056332 ], [ -69.326882, 8.056314 ], [ -69.326034, 8.056228 ], [ -69.325066, 8.056166 ], [ -69.324303, 8.056148 ], [ -69.322578, 8.056137 ], [ -69.321838, 8.056119 ], [ -69.321167, 8.056078 ], [ -69.320526, 8.055967 ], [ -69.319946, 8.055949 ], [ -69.319283, 8.055861 ], [ -69.318543, 8.055798 ], [ -69.317780, 8.055620 ], [ -69.317062, 8.055395 ], [ -69.316025, 8.055173 ], [ -69.315216, 8.055064 ], [ -69.313904, 8.055027 ], [ -69.312935, 8.055103 ], [ -69.311974, 8.055133 ], [ -69.311119, 8.055184 ], [ -69.310494, 8.055120 ], [ -69.309784, 8.054987 ], [ -69.307892, 8.054703 ], [ -69.307175, 8.054569 ], [ -69.306251, 8.054461 ], [ -69.305351, 8.054376 ], [ -69.304474, 8.054336 ], [ -69.303627, 8.054342 ], [ -69.302818, 8.054325 ], [ -69.301346, 8.054335 ], [ -69.300308, 8.054296 ], [ -69.298973, 8.054259 ], [ -69.298210, 8.054265 ], [ -69.297378, 8.054340 ], [ -69.296783, 8.054482 ], [ -69.294991, 8.054954 ], [ -69.294068, 8.055166 ], [ -69.292687, 8.055406 ], [ -69.291977, 8.055572 ], [ -69.291168, 8.055737 ], [ -69.290390, 8.055926 ], [ -69.289581, 8.056139 ], [ -69.288711, 8.056329 ], [ -69.287559, 8.056636 ], [ -69.286934, 8.056823 ], [ -69.286384, 8.056919 ], [ -69.285744, 8.057061 ], [ -69.284981, 8.057204 ], [ -69.283920, 8.057442 ], [ -69.283256, 8.057537 ], [ -69.282242, 8.057796 ], [ -69.281029, 8.058403 ], [ -69.280342, 8.058821 ], [ -69.279717, 8.059169 ], [ -69.279121, 8.059448 ], [ -69.278526, 8.059705 ], [ -69.277649, 8.059987 ], [ -69.276962, 8.060106 ], [ -69.276337, 8.060203 ], [ -69.275444, 8.060324 ], [ -69.274635, 8.060444 ], [ -69.273712, 8.060542 ], [ -69.272560, 8.060642 ], [ -69.271690, 8.060625 ], [ -69.270973, 8.060584 ], [ -69.270187, 8.060567 ], [ -69.269547, 8.060640 ], [ -69.268921, 8.060782 ], [ -69.268189, 8.061040 ], [ -69.266853, 8.061577 ], [ -69.265434, 8.062115 ], [ -69.264076, 8.062400 ], [ -69.263359, 8.062634 ], [ -69.262604, 8.062984 ], [ -69.261543, 8.063497 ], [ -69.260719, 8.064030 ], [ -69.259506, 8.064773 ], [ -69.258934, 8.065145 ], [ -69.258385, 8.065607 ], [ -69.257973, 8.066115 ], [ -69.257309, 8.066693 ], [ -69.256821, 8.067019 ], [ -69.256043, 8.067460 ], [ -69.254524, 8.068205 ], [ -69.253723, 8.068555 ], [ -69.253128, 8.068789 ], [ -69.252457, 8.068954 ], [ -69.250984, 8.068964 ], [ -69.250427, 8.068852 ], [ -69.249832, 8.068627 ], [ -69.249092, 8.068312 ], [ -69.248489, 8.067994 ], [ -69.247887, 8.067608 ], [ -69.247330, 8.067267 ], [ -69.246780, 8.066881 ], [ -69.246315, 8.066471 ], [ -69.245941, 8.065923 ], [ -69.245522, 8.065236 ], [ -69.245262, 8.064641 ], [ -69.244789, 8.062464 ], [ -69.244599, 8.061869 ], [ -69.244133, 8.061343 ], [ -69.243447, 8.061141 ], [ -69.242752, 8.061193 ], [ -69.241806, 8.061405 ], [ -69.240822, 8.061642 ], [ -69.239578, 8.061995 ], [ -69.238358, 8.062439 ], [ -69.237053, 8.063091 ], [ -69.236298, 8.063486 ], [ -69.235557, 8.063950 ], [ -69.235077, 8.064276 ], [ -69.234505, 8.064463 ], [ -69.233818, 8.064766 ], [ -69.232780, 8.065324 ], [ -69.232071, 8.065581 ], [ -69.231171, 8.065863 ], [ -69.230271, 8.066007 ], [ -69.229401, 8.066128 ], [ -69.228684, 8.066178 ], [ -69.227997, 8.066206 ], [ -69.227257, 8.066189 ], [ -69.226425, 8.066102 ], [ -69.225807, 8.066106 ], [ -69.225205, 8.066087 ], [ -69.224472, 8.066115 ], [ -69.223060, 8.066286 ], [ -69.222420, 8.066428 ], [ -69.221825, 8.066639 ], [ -69.221153, 8.066941 ], [ -69.219711, 8.067869 ], [ -69.218636, 8.068703 ], [ -69.217277, 8.069654 ], [ -69.216774, 8.069979 ], [ -69.216065, 8.070374 ], [ -69.215378, 8.070677 ], [ -69.214798, 8.070910 ], [ -69.214226, 8.071120 ], [ -69.213516, 8.071332 ], [ -69.212799, 8.071452 ], [ -69.212105, 8.071456 ], [ -69.211533, 8.071368 ], [ -69.210770, 8.071121 ], [ -69.210098, 8.070827 ], [ -69.209518, 8.070510 ], [ -69.207718, 8.069741 ], [ -69.206383, 8.069222 ], [ -69.205780, 8.069020 ], [ -69.205154, 8.068841 ], [ -69.204208, 8.068388 ], [ -69.203651, 8.068185 ], [ -69.202011, 8.067462 ], [ -69.201439, 8.067190 ], [ -69.200394, 8.066761 ], [ -69.199776, 8.066627 ], [ -69.198387, 8.066499 ], [ -69.197838, 8.066388 ], [ -69.197235, 8.066185 ], [ -69.196541, 8.065915 ], [ -69.195892, 8.065643 ], [ -69.194557, 8.064963 ], [ -69.193771, 8.064602 ], [ -69.192894, 8.064286 ], [ -69.192177, 8.064039 ], [ -69.191254, 8.063769 ], [ -69.190605, 8.063567 ], [ -69.189453, 8.063253 ], [ -69.188828, 8.063051 ], [ -69.188156, 8.062735 ], [ -69.187553, 8.062393 ], [ -69.186882, 8.062031 ], [ -69.185799, 8.061510 ], [ -69.185265, 8.061284 ], [ -69.184761, 8.060989 ], [ -69.184112, 8.060534 ], [ -69.183533, 8.060056 ], [ -69.182930, 8.059509 ], [ -69.182419, 8.059215 ], [ -69.181564, 8.058922 ], [ -69.180756, 8.058812 ], [ -69.180069, 8.058817 ], [ -69.178780, 8.058963 ], [ -69.177811, 8.058924 ], [ -69.177185, 8.058836 ], [ -69.176475, 8.058703 ], [ -69.175804, 8.058501 ], [ -69.175018, 8.058186 ], [ -69.174462, 8.057936 ], [ -69.173859, 8.057618 ], [ -69.173073, 8.057165 ], [ -69.172356, 8.056642 ], [ -69.171204, 8.055731 ], [ -69.170670, 8.055183 ], [ -69.170296, 8.054750 ], [ -69.169922, 8.054225 ], [ -69.169594, 8.053653 ], [ -69.169251, 8.053219 ], [ -69.168854, 8.052648 ], [ -69.168297, 8.051917 ], [ -69.167854, 8.051437 ], [ -69.167046, 8.050685 ], [ -69.166534, 8.050253 ], [ -69.165817, 8.049684 ], [ -69.165123, 8.049275 ], [ -69.164360, 8.049073 ], [ -69.163712, 8.049008 ], [ -69.162911, 8.048945 ], [ -69.162239, 8.048835 ], [ -69.161590, 8.048701 ], [ -69.160927, 8.048523 ], [ -69.160278, 8.048389 ], [ -69.159676, 8.048278 ], [ -69.159057, 8.048213 ], [ -69.156891, 8.048274 ], [ -69.155945, 8.048555 ], [ -69.155350, 8.048812 ], [ -69.154457, 8.049415 ], [ -69.153931, 8.049809 ], [ -69.153381, 8.050271 ], [ -69.152619, 8.050874 ], [ -69.151680, 8.051522 ], [ -69.151062, 8.051870 ], [ -69.150536, 8.052081 ], [ -69.149589, 8.052225 ], [ -69.149010, 8.052229 ], [ -69.148254, 8.052119 ], [ -69.147606, 8.052009 ], [ -69.146294, 8.051856 ], [ -69.145622, 8.051746 ], [ -69.145073, 8.051635 ], [ -69.144264, 8.051411 ], [ -69.143570, 8.051254 ], [ -69.142830, 8.051007 ], [ -69.142067, 8.050690 ], [ -69.141235, 8.050282 ], [ -69.140381, 8.049784 ], [ -69.139755, 8.049397 ], [ -69.139061, 8.048988 ], [ -69.138504, 8.048602 ], [ -69.137253, 8.047669 ], [ -69.135887, 8.046484 ], [ -69.135330, 8.045915 ], [ -69.135002, 8.045251 ], [ -69.134750, 8.044449 ], [ -69.134559, 8.043761 ], [ -69.134300, 8.042936 ], [ -69.134018, 8.042111 ], [ -69.133453, 8.040692 ], [ -69.133034, 8.039984 ], [ -69.132454, 8.039115 ], [ -69.131805, 8.038270 ], [ -69.131249, 8.037700 ], [ -69.130852, 8.037105 ], [ -69.130409, 8.036489 ], [ -69.129944, 8.035894 ], [ -69.129478, 8.035346 ], [ -69.128998, 8.034799 ], [ -69.128395, 8.034183 ], [ -69.127792, 8.033636 ], [ -69.127098, 8.033181 ], [ -69.124992, 8.032070 ], [ -69.124367, 8.031730 ], [ -69.123741, 8.031298 ], [ -69.123253, 8.030772 ], [ -69.122886, 8.030293 ], [ -69.122513, 8.029561 ], [ -69.122139, 8.028874 ], [ -69.121765, 8.028005 ], [ -69.121460, 8.027341 ], [ -69.121269, 8.026792 ], [ -69.121086, 8.026150 ], [ -69.120918, 8.025485 ], [ -69.120773, 8.024728 ], [ -69.120682, 8.024155 ], [ -69.120651, 8.023352 ], [ -69.120689, 8.022549 ], [ -69.120758, 8.021928 ], [ -69.120796, 8.021101 ], [ -69.120796, 8.020481 ], [ -69.120811, 8.019815 ], [ -69.120804, 8.019034 ], [ -69.120918, 8.018392 ], [ -69.121139, 8.017564 ], [ -69.121231, 8.016966 ], [ -69.121346, 8.016391 ], [ -69.121361, 8.015771 ], [ -69.121353, 8.014921 ], [ -69.121437, 8.013039 ], [ -69.121452, 8.012074 ], [ -69.121490, 8.011225 ], [ -69.121414, 8.009825 ], [ -69.121315, 8.009022 ], [ -69.121170, 8.008036 ], [ -69.121010, 8.007118 ], [ -69.120911, 8.006385 ], [ -69.120743, 8.005766 ], [ -69.120255, 8.004230 ], [ -69.119736, 8.003179 ], [ -69.119316, 8.002378 ], [ -69.118156, 8.000434 ], [ -69.117576, 8.000078 ], [ -69.117195, 7.999239 ], [ -69.116669, 7.998388 ], [ -69.116120, 7.997766 ], [ -69.115685, 7.997167 ], [ -69.115112, 7.996476 ], [ -69.114586, 7.995992 ], [ -69.114029, 7.995508 ], [ -69.113457, 7.995092 ], [ -69.112907, 7.994654 ], [ -69.111733, 7.993891 ], [ -69.111091, 7.993613 ], [ -69.110352, 7.993403 ], [ -69.109688, 7.993285 ], [ -69.108993, 7.993259 ], [ -69.108208, 7.993187 ], [ -69.107475, 7.993252 ], [ -69.106781, 7.993410 ], [ -69.106087, 7.993751 ], [ -69.105461, 7.994069 ], [ -69.104889, 7.994571 ], [ -69.104355, 7.994982 ], [ -69.103752, 7.995461 ], [ -69.102593, 7.996511 ], [ -69.101898, 7.997105 ], [ -69.101257, 7.997606 ], [ -69.100677, 7.998086 ], [ -69.099869, 7.998564 ], [ -69.099129, 7.998905 ], [ -69.098297, 7.999199 ], [ -69.097465, 7.999402 ], [ -69.094353, 7.999709 ], [ -69.093658, 7.999889 ], [ -69.092209, 8.000073 ], [ -69.091476, 8.000333 ], [ -69.089729, 8.000872 ], [ -69.088554, 8.001155 ], [ -69.087448, 8.001300 ], [ -69.086533, 8.001398 ], [ -69.085930, 8.001516 ], [ -69.085243, 8.001682 ], [ -69.084137, 8.002079 ], [ -69.083336, 8.002314 ], [ -69.082435, 8.002458 ], [ -69.081764, 8.002461 ], [ -69.080917, 8.002306 ], [ -69.080154, 8.002059 ], [ -69.079483, 8.001788 ], [ -69.078743, 8.001310 ], [ -69.078186, 8.000993 ], [ -69.077583, 8.000607 ], [ -69.077057, 8.000288 ], [ -69.076774, 7.999678 ], [ -69.075973, 7.998390 ], [ -69.075470, 7.997653 ], [ -69.075012, 7.997077 ], [ -69.074417, 7.996501 ], [ -69.073860, 7.996017 ], [ -69.073357, 7.995510 ], [ -69.072716, 7.994979 ], [ -69.072166, 7.994471 ], [ -69.071480, 7.993940 ], [ -69.070900, 7.993456 ], [ -69.070351, 7.993018 ], [ -69.069779, 7.992464 ], [ -69.069183, 7.992025 ], [ -69.068535, 7.991518 ], [ -69.067871, 7.990895 ], [ -69.067322, 7.990411 ], [ -69.066704, 7.989789 ], [ -69.065941, 7.989257 ], [ -69.064728, 7.988173 ], [ -69.064270, 7.987597 ], [ -69.063789, 7.987021 ], [ -69.063278, 7.986515 ], [ -69.062752, 7.985893 ], [ -69.062294, 7.985385 ], [ -69.061722, 7.984947 ], [ -69.061035, 7.984554 ], [ -69.060410, 7.984138 ], [ -69.059074, 7.983443 ], [ -69.058434, 7.983096 ], [ -69.057793, 7.982841 ], [ -69.056412, 7.982490 ], [ -69.055672, 7.982074 ], [ -69.055122, 7.981681 ], [ -69.054550, 7.981311 ], [ -69.054016, 7.980896 ], [ -69.053444, 7.980388 ], [ -69.052940, 7.979675 ], [ -69.052437, 7.979145 ], [ -69.051819, 7.978637 ], [ -69.049866, 7.977228 ], [ -69.048531, 7.976694 ], [ -69.047790, 7.976438 ], [ -69.047127, 7.976183 ], [ -69.046486, 7.975973 ], [ -69.045769, 7.975809 ], [ -69.045075, 7.975737 ], [ -69.044365, 7.975711 ], [ -69.042839, 7.975704 ], [ -69.042153, 7.975861 ], [ -69.041504, 7.976041 ], [ -69.040901, 7.976406 ], [ -69.040230, 7.976792 ], [ -69.039543, 7.977248 ], [ -69.038986, 7.977659 ], [ -69.038475, 7.978161 ], [ -69.038055, 7.978710 ], [ -69.037407, 7.979601 ], [ -69.036987, 7.980196 ], [ -69.036758, 7.980929 ], [ -69.036545, 7.981662 ], [ -69.036400, 7.982603 ], [ -69.036263, 7.983405 ], [ -69.036072, 7.984115 ], [ -69.035980, 7.984941 ], [ -69.035812, 7.985858 ], [ -69.035713, 7.986568 ], [ -69.035644, 7.987509 ], [ -69.035637, 7.988381 ], [ -69.035545, 7.989183 ], [ -69.035538, 7.990744 ], [ -69.035507, 7.991615 ], [ -69.035415, 7.992372 ], [ -69.035248, 7.993128 ], [ -69.035248, 7.993863 ], [ -69.035286, 7.994643 ], [ -69.035286, 7.995400 ], [ -69.035393, 7.996135 ], [ -69.035324, 7.996823 ], [ -69.035225, 7.997625 ], [ -69.035111, 7.998451 ], [ -69.034874, 7.999276 ], [ -69.034439, 8.000099 ], [ -69.033226, 8.001465 ], [ -69.032814, 8.002018 ], [ -69.032082, 8.003101 ], [ -69.031624, 8.003701 ], [ -69.031006, 8.004188 ], [ -69.030502, 8.004489 ], [ -69.029953, 8.004837 ], [ -69.029488, 8.005184 ], [ -69.029030, 8.005508 ], [ -69.028343, 8.005835 ], [ -69.027679, 8.006091 ], [ -69.026985, 8.006302 ], [ -69.025765, 8.006494 ], [ -69.025146, 8.006520 ], [ -69.024429, 8.006594 ], [ -69.023766, 8.006690 ], [ -69.023140, 8.006763 ], [ -69.022568, 8.006812 ], [ -69.021530, 8.006750 ], [ -69.020950, 8.006707 ], [ -69.019547, 8.006326 ], [ -69.018921, 8.006215 ], [ -69.018135, 8.005991 ], [ -69.017189, 8.005584 ], [ -69.016594, 8.005358 ], [ -69.016060, 8.004972 ], [ -69.015457, 8.004561 ], [ -69.014671, 8.004130 ], [ -69.013497, 8.003633 ], [ -69.012848, 8.003385 ], [ -69.012222, 8.003067 ], [ -69.011619, 8.002727 ], [ -69.011116, 8.002362 ], [ -69.010513, 8.001952 ], [ -69.010048, 8.001611 ], [ -69.009560, 8.001201 ], [ -69.009148, 8.000814 ], [ -69.008591, 8.000449 ], [ -69.007744, 7.999560 ], [ -69.007149, 7.999213 ], [ -69.006500, 7.998889 ], [ -69.005791, 7.998633 ], [ -69.005150, 7.998377 ], [ -69.004364, 7.998213 ], [ -69.003670, 7.998003 ], [ -69.002060, 7.997743 ], [ -69.001396, 7.997533 ], [ -69.000679, 7.997369 ], [ -68.999954, 7.997139 ], [ -68.998978, 7.996641 ], [ -68.997963, 7.996671 ], [ -68.997475, 7.996742 ], [ -68.996994, 7.996839 ], [ -68.995651, 7.996994 ], [ -68.994598, 7.997360 ], [ -68.994163, 7.997570 ], [ -68.993889, 7.997663 ], [ -68.993217, 7.997943 ], [ -68.992592, 7.998174 ], [ -68.992302, 7.998386 ], [ -68.991989, 7.998588 ], [ -68.991539, 7.998942 ], [ -68.991173, 7.999266 ], [ -68.990723, 7.999981 ], [ -68.989357, 8.001361 ], [ -68.988830, 8.001801 ], [ -68.988342, 8.002171 ], [ -68.986992, 8.002867 ], [ -68.985886, 8.003400 ], [ -68.985267, 8.003794 ], [ -68.984596, 8.004303 ], [ -68.983864, 8.004743 ], [ -68.983131, 8.005206 ], [ -68.982529, 8.005485 ], [ -68.981979, 8.005786 ], [ -68.980553, 8.006483 ], [ -68.979843, 8.006784 ], [ -68.979034, 8.007042 ], [ -68.978394, 8.007297 ], [ -68.977539, 8.007578 ], [ -68.976944, 8.007764 ], [ -68.976021, 8.007976 ], [ -68.975212, 8.008186 ], [ -68.973717, 8.008264 ], [ -68.973007, 8.008221 ], [ -68.972404, 8.008063 ], [ -68.971893, 8.007836 ], [ -68.970924, 8.007313 ], [ -68.969772, 8.006652 ], [ -68.968918, 8.006105 ], [ -68.968453, 8.005694 ], [ -68.967941, 8.005306 ], [ -68.967461, 8.004827 ], [ -68.965950, 8.002974 ], [ -68.964516, 8.001626 ], [ -68.964004, 8.001123 ], [ -68.963593, 8.000644 ], [ -68.963219, 8.000185 ], [ -68.962585, 8.000072 ], [ -68.961990, 7.999262 ], [ -68.961525, 7.998600 ], [ -68.961037, 7.997982 ], [ -68.960152, 7.996795 ], [ -68.959244, 7.995698 ], [ -68.958710, 7.995036 ], [ -68.958389, 7.994556 ], [ -68.957893, 7.993710 ], [ -68.957428, 7.992841 ], [ -68.956772, 7.991421 ], [ -68.956535, 7.990689 ], [ -68.956375, 7.989932 ], [ -68.956230, 7.989083 ], [ -68.956101, 7.987477 ], [ -68.956070, 7.986421 ], [ -68.956062, 7.985296 ], [ -68.956085, 7.984446 ], [ -68.956146, 7.983551 ], [ -68.956161, 7.982724 ], [ -68.956223, 7.981139 ], [ -68.956284, 7.980036 ], [ -68.956299, 7.979003 ], [ -68.956299, 7.978384 ], [ -68.956268, 7.977258 ], [ -68.956215, 7.976249 ], [ -68.956138, 7.975629 ], [ -68.956024, 7.974895 ], [ -68.955856, 7.974299 ], [ -68.955597, 7.973658 ], [ -68.955315, 7.973063 ], [ -68.954849, 7.972354 ], [ -68.954109, 7.971280 ], [ -68.953758, 7.970731 ], [ -68.953270, 7.970046 ], [ -68.952667, 7.969338 ], [ -68.952034, 7.968746 ], [ -68.951363, 7.968153 ], [ -68.950760, 7.967743 ], [ -68.950134, 7.967450 ], [ -68.948868, 7.966930 ], [ -68.948059, 7.966614 ], [ -68.947342, 7.966228 ], [ -68.946503, 7.965775 ], [ -68.945648, 7.965252 ], [ -68.945091, 7.964980 ], [ -68.944214, 7.964527 ], [ -68.943565, 7.964118 ], [ -68.942985, 7.963778 ], [ -68.942497, 7.963367 ], [ -68.942009, 7.962842 ], [ -68.941498, 7.962226 ], [ -68.941032, 7.961586 ], [ -68.940292, 7.960374 ], [ -68.939896, 7.959780 ], [ -68.939453, 7.958979 ], [ -68.938751, 7.957675 ], [ -68.938332, 7.956782 ], [ -68.938003, 7.956050 ], [ -68.937790, 7.955317 ], [ -68.937576, 7.954492 ], [ -68.937408, 7.953896 ], [ -68.937172, 7.952749 ], [ -68.936890, 7.951878 ], [ -68.936027, 7.949933 ], [ -68.935676, 7.949200 ], [ -68.935440, 7.948605 ], [ -68.935249, 7.947894 ], [ -68.935158, 7.947344 ], [ -68.935104, 7.946632 ], [ -68.935074, 7.945645 ], [ -68.935089, 7.944635 ], [ -68.935150, 7.943234 ], [ -68.935104, 7.942614 ], [ -68.935005, 7.941949 ], [ -68.934883, 7.941215 ], [ -68.934860, 7.940435 ], [ -68.934853, 7.939494 ], [ -68.934914, 7.938758 ], [ -68.935028, 7.938092 ], [ -68.935707, 7.936044 ], [ -68.935928, 7.935330 ], [ -68.936157, 7.934525 ], [ -68.936264, 7.933905 ], [ -68.936333, 7.932779 ], [ -68.936279, 7.932022 ], [ -68.936134, 7.931196 ], [ -68.935898, 7.930303 ], [ -68.935593, 7.929478 ], [ -68.935265, 7.928722 ], [ -68.934937, 7.928151 ], [ -68.934082, 7.927146 ], [ -68.932800, 7.925892 ], [ -68.932388, 7.925504 ], [ -68.931946, 7.925025 ], [ -68.931572, 7.924568 ], [ -68.931221, 7.924111 ], [ -68.930038, 7.922719 ], [ -68.929482, 7.922194 ], [ -68.928902, 7.921715 ], [ -68.928207, 7.921238 ], [ -68.927651, 7.920966 ], [ -68.926887, 7.920672 ], [ -68.926170, 7.920379 ], [ -68.924690, 7.920045 ], [ -68.923797, 7.919959 ], [ -68.923126, 7.919963 ], [ -68.922112, 7.919946 ], [ -68.919922, 7.919892 ], [ -68.919090, 7.919898 ], [ -68.917473, 7.919955 ], [ -68.916046, 7.920101 ], [ -68.915237, 7.920176 ], [ -68.914436, 7.920204 ], [ -68.913788, 7.920254 ], [ -68.913048, 7.920259 ], [ -68.912171, 7.920218 ], [ -68.911270, 7.920156 ], [ -68.910606, 7.920092 ], [ -68.910049, 7.919980 ], [ -68.909287, 7.919733 ], [ -68.907951, 7.919420 ], [ -68.906563, 7.918970 ], [ -68.905937, 7.918860 ], [ -68.905220, 7.918703 ], [ -68.904388, 7.918548 ], [ -68.903488, 7.918485 ], [ -68.902519, 7.918468 ], [ -68.901787, 7.918473 ], [ -68.901047, 7.918501 ], [ -68.900215, 7.918552 ], [ -68.899429, 7.918534 ], [ -68.898720, 7.918494 ], [ -68.897171, 7.918297 ], [ -68.895599, 7.918031 ], [ -68.894882, 7.917852 ], [ -68.894127, 7.917697 ], [ -68.893456, 7.917472 ], [ -68.892761, 7.917086 ], [ -68.891579, 7.916152 ], [ -68.891090, 7.915742 ], [ -68.890282, 7.915081 ], [ -68.889420, 7.914444 ], [ -68.888939, 7.914057 ], [ -68.888588, 7.913531 ], [ -68.886841, 7.911109 ], [ -68.886352, 7.910538 ], [ -68.885933, 7.910012 ], [ -68.885262, 7.909029 ], [ -68.884262, 7.907544 ], [ -68.883934, 7.906834 ], [ -68.883697, 7.906239 ], [ -68.883438, 7.905643 ], [ -68.883087, 7.905048 ], [ -68.882599, 7.904110 ], [ -68.882088, 7.903265 ], [ -68.881737, 7.902624 ], [ -68.881088, 7.901664 ], [ -68.880340, 7.900750 ], [ -68.879669, 7.900088 ], [ -68.879112, 7.899702 ], [ -68.878395, 7.899293 ], [ -68.877815, 7.899044 ], [ -68.876595, 7.898570 ], [ -68.875946, 7.898299 ], [ -68.874100, 7.897898 ], [ -68.873474, 7.897948 ], [ -68.872696, 7.898159 ], [ -68.871658, 7.898419 ], [ -68.870232, 7.898864 ], [ -68.868851, 7.899309 ], [ -68.867493, 7.899731 ], [ -68.866798, 7.899988 ], [ -68.866181, 7.900245 ], [ -68.864868, 7.900919 ], [ -68.864296, 7.901244 ], [ -68.863724, 7.901616 ], [ -68.862114, 7.902475 ], [ -68.861397, 7.902824 ], [ -68.860573, 7.903243 ], [ -68.859955, 7.903569 ], [ -68.858895, 7.903920 ], [ -68.858040, 7.904131 ], [ -68.856773, 7.904416 ], [ -68.856064, 7.904558 ], [ -68.855415, 7.904654 ], [ -68.854866, 7.904634 ], [ -68.853989, 7.904387 ], [ -68.851051, 7.903120 ], [ -68.850472, 7.902918 ], [ -68.849289, 7.902443 ], [ -68.848740, 7.902240 ], [ -68.848023, 7.901947 ], [ -68.847420, 7.901721 ], [ -68.846077, 7.901247 ], [ -68.845482, 7.901090 ], [ -68.844788, 7.900888 ], [ -68.844185, 7.900731 ], [ -68.843056, 7.900394 ], [ -68.842224, 7.900192 ], [ -68.840927, 7.899857 ], [ -68.840324, 7.899723 ], [ -68.839592, 7.899521 ], [ -68.838829, 7.899365 ], [ -68.837349, 7.899007 ], [ -68.836563, 7.898805 ], [ -68.835320, 7.898515 ], [ -68.834648, 7.898289 ], [ -68.833885, 7.897950 ], [ -68.833282, 7.897609 ], [ -68.832657, 7.897269 ], [ -68.831825, 7.896998 ], [ -68.829079, 7.896397 ], [ -68.827644, 7.896199 ], [ -68.826813, 7.896158 ], [ -68.824554, 7.896173 ], [ -68.823891, 7.896154 ], [ -68.823197, 7.896112 ], [ -68.821838, 7.895983 ], [ -68.820984, 7.895874 ], [ -68.820107, 7.895719 ], [ -68.819183, 7.895587 ], [ -68.818710, 7.895541 ], [ -68.818191, 7.895518 ], [ -68.817314, 7.895507 ], [ -68.816162, 7.895698 ], [ -68.815560, 7.895885 ], [ -68.814941, 7.896142 ], [ -68.814369, 7.896398 ], [ -68.813675, 7.896793 ], [ -68.812554, 7.897351 ], [ -68.811882, 7.897699 ], [ -68.811333, 7.897933 ], [ -68.809517, 7.898862 ], [ -68.808777, 7.899211 ], [ -68.807907, 7.899585 ], [ -68.807053, 7.899889 ], [ -68.806251, 7.900077 ], [ -68.805694, 7.900104 ], [ -68.804131, 7.900068 ], [ -68.803459, 7.900003 ], [ -68.802879, 7.899915 ], [ -68.802139, 7.899690 ], [ -68.801354, 7.899351 ], [ -68.800339, 7.898806 ], [ -68.797401, 7.897149 ], [ -68.796310, 7.896558 ], [ -68.795731, 7.896287 ], [ -68.793304, 7.895314 ], [ -68.791969, 7.894749 ], [ -68.791069, 7.894571 ], [ -68.790047, 7.894440 ], [ -68.789223, 7.894422 ], [ -68.788574, 7.894448 ], [ -68.787956, 7.894568 ], [ -68.786224, 7.894785 ], [ -68.784660, 7.895048 ], [ -68.783966, 7.895236 ], [ -68.783234, 7.895493 ], [ -68.782471, 7.895796 ], [ -68.781365, 7.896147 ], [ -68.779869, 7.896708 ], [ -68.779251, 7.897010 ], [ -68.778679, 7.897266 ], [ -68.777962, 7.897661 ], [ -68.776749, 7.898312 ], [ -68.776169, 7.898636 ], [ -68.775391, 7.899147 ], [ -68.774513, 7.899680 ], [ -68.772934, 7.900769 ], [ -68.772316, 7.901255 ], [ -68.771645, 7.901879 ], [ -68.770523, 7.902988 ], [ -68.769676, 7.903934 ], [ -68.768784, 7.905065 ], [ -68.767716, 7.906840 ], [ -68.767235, 7.907509 ], [ -68.766823, 7.907925 ], [ -68.766403, 7.908295 ], [ -68.765785, 7.908689 ], [ -68.765259, 7.908945 ], [ -68.764633, 7.909201 ], [ -68.764015, 7.909366 ], [ -68.763412, 7.909507 ], [ -68.762726, 7.909603 ], [ -68.762031, 7.909677 ], [ -68.761154, 7.909682 ], [ -68.760117, 7.909619 ], [ -68.758392, 7.909470 ], [ -68.757347, 7.909339 ], [ -68.756729, 7.909296 ], [ -68.756126, 7.909185 ], [ -68.755341, 7.909052 ], [ -68.754509, 7.908828 ], [ -68.753105, 7.908400 ], [ -68.752251, 7.908107 ], [ -68.751648, 7.907835 ], [ -68.749870, 7.907341 ], [ -68.748459, 7.907074 ], [ -68.747559, 7.906850 ], [ -68.746124, 7.906607 ], [ -68.744972, 7.906430 ], [ -68.744278, 7.906365 ], [ -68.742020, 7.906035 ], [ -68.741165, 7.905972 ], [ -68.739715, 7.905820 ], [ -68.739067, 7.905732 ], [ -68.737335, 7.905352 ], [ -68.735695, 7.904972 ], [ -68.734886, 7.904816 ], [ -68.733383, 7.904642 ], [ -68.732300, 7.904533 ], [ -68.729630, 7.904481 ], [ -68.728866, 7.904486 ], [ -68.727348, 7.904541 ], [ -68.726677, 7.904545 ], [ -68.725594, 7.904598 ], [ -68.724739, 7.904695 ], [ -68.724053, 7.904837 ], [ -68.723289, 7.905025 ], [ -68.722618, 7.905167 ], [ -68.722023, 7.905262 ], [ -68.721191, 7.905428 ], [ -68.719742, 7.905690 ], [ -68.719124, 7.905855 ], [ -68.718475, 7.906065 ], [ -68.716842, 7.906764 ], [ -68.716110, 7.907182 ], [ -68.715095, 7.907831 ], [ -68.714546, 7.908224 ], [ -68.712982, 7.909543 ], [ -68.712318, 7.910190 ], [ -68.711540, 7.910929 ], [ -68.710419, 7.911923 ], [ -68.709938, 7.912385 ], [ -68.709290, 7.912963 ], [ -68.708488, 7.913657 ], [ -68.707710, 7.914351 ], [ -68.706726, 7.915183 ], [ -68.705139, 7.916593 ], [ -68.704727, 7.916940 ], [ -68.703972, 7.917565 ], [ -68.703163, 7.918144 ], [ -68.702270, 7.918723 ], [ -68.700912, 7.919535 ], [ -68.700340, 7.919859 ], [ -68.699745, 7.920254 ], [ -68.698753, 7.920971 ], [ -68.697861, 7.921735 ], [ -68.697357, 7.922197 ], [ -68.695686, 7.923860 ], [ -68.695038, 7.924530 ], [ -68.694351, 7.925200 ], [ -68.693710, 7.925778 ], [ -68.693184, 7.926194 ], [ -68.692726, 7.926541 ], [ -68.692215, 7.926820 ], [ -68.691437, 7.927169 ], [ -68.690262, 7.927613 ], [ -68.688721, 7.928173 ], [ -68.687294, 7.928525 ], [ -68.686073, 7.928785 ], [ -68.684578, 7.929025 ], [ -68.683609, 7.929168 ], [ -68.681831, 7.929362 ], [ -68.681022, 7.929459 ], [ -68.680290, 7.929532 ], [ -68.679504, 7.929629 ], [ -68.678742, 7.929748 ], [ -68.678215, 7.929798 ], [ -68.671486, 7.931238 ], [ -68.669876, 7.931868 ], [ -68.668426, 7.932474 ], [ -68.666908, 7.933148 ], [ -68.666016, 7.933567 ], [ -68.665443, 7.933846 ], [ -68.664429, 7.934288 ], [ -68.663093, 7.934847 ], [ -68.662239, 7.935220 ], [ -68.659363, 7.936339 ], [ -68.658699, 7.936573 ], [ -68.658058, 7.936829 ], [ -68.657226, 7.937202 ], [ -68.654533, 7.938320 ], [ -68.653755, 7.938715 ], [ -68.652832, 7.939133 ], [ -68.652306, 7.939412 ], [ -68.651825, 7.939713 ], [ -68.651222, 7.940038 ], [ -68.649246, 7.941312 ], [ -68.648765, 7.941706 ], [ -68.647225, 7.942863 ], [ -68.646194, 7.943719 ], [ -68.645760, 7.944066 ], [ -68.645256, 7.944482 ], [ -68.644615, 7.945083 ], [ -68.643875, 7.945753 ], [ -68.642891, 7.946608 ], [ -68.642433, 7.947093 ], [ -68.642021, 7.947555 ], [ -68.641312, 7.948615 ], [ -68.640991, 7.949168 ], [ -68.640602, 7.950112 ], [ -68.640312, 7.950986 ], [ -68.640198, 7.951790 ], [ -68.640228, 7.952548 ], [ -68.640167, 7.954110 ], [ -68.640106, 7.955005 ], [ -68.640038, 7.955717 ], [ -68.639954, 7.956889 ], [ -68.639862, 7.957532 ], [ -68.639710, 7.958245 ], [ -68.639465, 7.959120 ], [ -68.639046, 7.960177 ], [ -68.638451, 7.960732 ], [ -68.637672, 7.960966 ], [ -68.637138, 7.961061 ], [ -68.636497, 7.961225 ], [ -68.635780, 7.961368 ], [ -68.635017, 7.961464 ], [ -68.634468, 7.961513 ], [ -68.633568, 7.961565 ], [ -68.632668, 7.961547 ], [ -68.630661, 7.961375 ], [ -68.629181, 7.961108 ], [ -68.628235, 7.960953 ], [ -68.627380, 7.960912 ], [ -68.626068, 7.961057 ], [ -68.625313, 7.961269 ], [ -68.624664, 7.961663 ], [ -68.624001, 7.962309 ], [ -68.623543, 7.962817 ], [ -68.623016, 7.963325 ], [ -68.622558, 7.963788 ], [ -68.622101, 7.964180 ], [ -68.621612, 7.964551 ], [ -68.621033, 7.964880 ], [ -68.620148, 7.965340 ], [ -68.619430, 7.965642 ], [ -68.618790, 7.965899 ], [ -68.618233, 7.966063 ], [ -68.617592, 7.966273 ], [ -68.616875, 7.966484 ], [ -68.616089, 7.966604 ], [ -68.615402, 7.966653 ], [ -68.614685, 7.966635 ], [ -68.613899, 7.966571 ], [ -68.613068, 7.966438 ], [ -68.612213, 7.966282 ], [ -68.611504, 7.966103 ], [ -68.610550, 7.965947 ], [ -68.609909, 7.965790 ], [ -68.609123, 7.965634 ], [ -68.608131, 7.965341 ], [ -68.607346, 7.965139 ], [ -68.605820, 7.964666 ], [ -68.604897, 7.964396 ], [ -68.603417, 7.963831 ], [ -68.602791, 7.963604 ], [ -68.601036, 7.962857 ], [ -68.600227, 7.962495 ], [ -68.599350, 7.962086 ], [ -68.598465, 7.961655 ], [ -68.595627, 7.960478 ], [ -68.593941, 7.959937 ], [ -68.593155, 7.959712 ], [ -68.592392, 7.959533 ], [ -68.591538, 7.959400 ], [ -68.590660, 7.959313 ], [ -68.589897, 7.959271 ], [ -68.589089, 7.959276 ], [ -68.588402, 7.959349 ], [ -68.587662, 7.959399 ], [ -68.586510, 7.959498 ], [ -68.585197, 7.959689 ], [ -68.584572, 7.959761 ], [ -68.583259, 7.960021 ], [ -68.582619, 7.960163 ], [ -68.581947, 7.960351 ], [ -68.581184, 7.960538 ], [ -68.580544, 7.960726 ], [ -68.579437, 7.961145 ], [ -68.578705, 7.961472 ], [ -68.576958, 7.962170 ], [ -68.576012, 7.962451 ], [ -68.575386, 7.962593 ], [ -68.574860, 7.962665 ], [ -68.574165, 7.962715 ], [ -68.573402, 7.962719 ], [ -68.572548, 7.962655 ], [ -68.571884, 7.962567 ], [ -68.571076, 7.962434 ], [ -68.570496, 7.962323 ], [ -68.569641, 7.962121 ], [ -68.568809, 7.961873 ], [ -68.568001, 7.961602 ], [ -68.567497, 7.961421 ], [ -68.566643, 7.961059 ], [ -68.566109, 7.960855 ], [ -68.564674, 7.960243 ], [ -68.563889, 7.959972 ], [ -68.563148, 7.959678 ], [ -68.562454, 7.959361 ], [ -68.561806, 7.959021 ], [ -68.560745, 7.958406 ], [ -68.560188, 7.958065 ], [ -68.559631, 7.957701 ], [ -68.558334, 7.956790 ], [ -68.557823, 7.956379 ], [ -68.556900, 7.955513 ], [ -68.556183, 7.954782 ], [ -68.555649, 7.954188 ], [ -68.555138, 7.953709 ], [ -68.554207, 7.953071 ], [ -68.553032, 7.952458 ], [ -68.551804, 7.951914 ], [ -68.551277, 7.951734 ], [ -68.550301, 7.951372 ], [ -68.548180, 7.950718 ], [ -68.547325, 7.950447 ], [ -68.546448, 7.950222 ], [ -68.545708, 7.950066 ], [ -68.544533, 7.949866 ], [ -68.543953, 7.949778 ], [ -68.543304, 7.949621 ], [ -68.542564, 7.949418 ], [ -68.540741, 7.948993 ], [ -68.539429, 7.948564 ], [ -68.538132, 7.948043 ], [ -68.537186, 7.947681 ], [ -68.536308, 7.947387 ], [ -68.535660, 7.947185 ], [ -68.534760, 7.946960 ], [ -68.533859, 7.946805 ], [ -68.533073, 7.946717 ], [ -68.532410, 7.946721 ], [ -68.531280, 7.946865 ], [ -68.530426, 7.947145 ], [ -68.528953, 7.947659 ], [ -68.528374, 7.947868 ], [ -68.527641, 7.948171 ], [ -68.526947, 7.948473 ], [ -68.525940, 7.948893 ], [ -68.525108, 7.949219 ], [ -68.524231, 7.949499 ], [ -68.523636, 7.949663 ], [ -68.523033, 7.949781 ], [ -68.522301, 7.949901 ], [ -68.520752, 7.949955 ], [ -68.519096, 7.949918 ], [ -68.517181, 7.949654 ], [ -68.516113, 7.949407 ], [ -68.514687, 7.949048 ], [ -68.514061, 7.948868 ], [ -68.513527, 7.948779 ], [ -68.513023, 7.948621 ], [ -68.511703, 7.948146 ], [ -68.511124, 7.947874 ], [ -68.510597, 7.947532 ], [ -68.509781, 7.946183 ], [ -68.509544, 7.945702 ], [ -68.509407, 7.945059 ], [ -68.509331, 7.944394 ], [ -68.509331, 7.943567 ], [ -68.509461, 7.942672 ], [ -68.509659, 7.941155 ], [ -68.509888, 7.940396 ], [ -68.510185, 7.939522 ], [ -68.510292, 7.938970 ], [ -68.510429, 7.938441 ], [ -68.510567, 7.937775 ], [ -68.510605, 7.937131 ], [ -68.510445, 7.936421 ], [ -68.509880, 7.935437 ], [ -68.509232, 7.934844 ], [ -68.508217, 7.934092 ], [ -68.507271, 7.933546 ], [ -68.505325, 7.932730 ], [ -68.504104, 7.932393 ], [ -68.503227, 7.932076 ], [ -68.501770, 7.931717 ], [ -68.500023, 7.931746 ], [ -68.498665, 7.931580 ], [ -68.497345, 7.931307 ], [ -68.496773, 7.931125 ], [ -68.496193, 7.930920 ], [ -68.495430, 7.930669 ], [ -68.494278, 7.930350 ], [ -68.493401, 7.930169 ], [ -68.492478, 7.930010 ], [ -68.491577, 7.930012 ], [ -68.490608, 7.930083 ], [ -68.489899, 7.930176 ], [ -68.489204, 7.930247 ], [ -68.488442, 7.930341 ], [ -68.487915, 7.930388 ], [ -68.487381, 7.930412 ], [ -68.486618, 7.930483 ], [ -68.483620, 7.930880 ], [ -68.482674, 7.930997 ], [ -68.481156, 7.931138 ], [ -68.480599, 7.931162 ], [ -68.479889, 7.931164 ], [ -68.478706, 7.931121 ], [ -68.477905, 7.931054 ], [ -68.477257, 7.931009 ], [ -68.476105, 7.930851 ], [ -68.475227, 7.930715 ], [ -68.474465, 7.930625 ], [ -68.473221, 7.930490 ], [ -68.472206, 7.930424 ], [ -68.471146, 7.930403 ], [ -68.470383, 7.930450 ], [ -68.469437, 7.930568 ], [ -68.468376, 7.930960 ], [ -68.467819, 7.931145 ], [ -68.467201, 7.931399 ], [ -68.466484, 7.931768 ], [ -68.465813, 7.931999 ], [ -68.465263, 7.932207 ], [ -68.464683, 7.932369 ], [ -68.464111, 7.932485 ], [ -68.463577, 7.932555 ], [ -68.462471, 7.932741 ], [ -68.461479, 7.933019 ], [ -68.460052, 7.933619 ], [ -68.458672, 7.934586 ], [ -68.457565, 7.935507 ], [ -68.457077, 7.935944 ], [ -68.456482, 7.936450 ], [ -68.455932, 7.936888 ], [ -68.455261, 7.937394 ], [ -68.454178, 7.938131 ], [ -68.453652, 7.938454 ], [ -68.452545, 7.939168 ], [ -68.451294, 7.940020 ], [ -68.450813, 7.940297 ], [ -68.450241, 7.940596 ], [ -68.449570, 7.940850 ], [ -68.448738, 7.941105 ], [ -68.448189, 7.941244 ], [ -68.447220, 7.941452 ], [ -68.446663, 7.941499 ], [ -68.445946, 7.941547 ], [ -68.445190, 7.941503 ], [ -68.444542, 7.941481 ], [ -68.443230, 7.941507 ], [ -68.441200, 7.941741 ], [ -68.439514, 7.941836 ], [ -68.438614, 7.941815 ], [ -68.438057, 7.941702 ], [ -68.437271, 7.941497 ], [ -68.436539, 7.941155 ], [ -68.435661, 7.940766 ], [ -68.434921, 7.940331 ], [ -68.434341, 7.939919 ], [ -68.433716, 7.939323 ], [ -68.432953, 7.938430 ], [ -68.432564, 7.937995 ], [ -68.432167, 7.937514 ], [ -68.431686, 7.936964 ], [ -68.430740, 7.936025 ], [ -68.430275, 7.935589 ], [ -68.429260, 7.934719 ], [ -68.428337, 7.934079 ], [ -68.427803, 7.933644 ], [ -68.427368, 7.933254 ], [ -68.426788, 7.932704 ], [ -68.426186, 7.932109 ], [ -68.425674, 7.931628 ], [ -68.425194, 7.931376 ], [ -68.424614, 7.931332 ], [ -68.423904, 7.931379 ], [ -68.423279, 7.931381 ], [ -68.422585, 7.931359 ], [ -68.421898, 7.931383 ], [ -68.421181, 7.931477 ], [ -68.420441, 7.931593 ], [ -68.418640, 7.931987 ], [ -68.417999, 7.932172 ], [ -68.417351, 7.932380 ], [ -68.416084, 7.932934 ], [ -68.415550, 7.933118 ], [ -68.414978, 7.933304 ], [ -68.414375, 7.933535 ], [ -68.413315, 7.933812 ], [ -68.412437, 7.933837 ], [ -68.411636, 7.933563 ], [ -68.410896, 7.933243 ], [ -68.410339, 7.932877 ], [ -68.409737, 7.932534 ], [ -68.409119, 7.932122 ], [ -68.408585, 7.931733 ], [ -68.408028, 7.931252 ], [ -68.407433, 7.930771 ], [ -68.406715, 7.930245 ], [ -68.405701, 7.929719 ], [ -68.404335, 7.929056 ], [ -68.403664, 7.928713 ], [ -68.403000, 7.928348 ], [ -68.402374, 7.927981 ], [ -68.401886, 7.927569 ], [ -68.401360, 7.926928 ], [ -68.400940, 7.926469 ], [ -68.400040, 7.925691 ], [ -68.399208, 7.925050 ], [ -68.398331, 7.924478 ], [ -68.397453, 7.923997 ], [ -68.396164, 7.923357 ], [ -68.395355, 7.923175 ], [ -68.394501, 7.923131 ], [ -68.393532, 7.923179 ], [ -68.392906, 7.923180 ], [ -68.391846, 7.923343 ], [ -68.390968, 7.923575 ], [ -68.390373, 7.923897 ], [ -68.389496, 7.924404 ], [ -68.388947, 7.924704 ], [ -68.388367, 7.924957 ], [ -68.387772, 7.925188 ], [ -68.387192, 7.925488 ], [ -68.386665, 7.925718 ], [ -68.386108, 7.926064 ], [ -68.385300, 7.926410 ], [ -68.384750, 7.926526 ], [ -68.384148, 7.926504 ], [ -68.383522, 7.926390 ], [ -68.383064, 7.926138 ], [ -68.382416, 7.925314 ], [ -68.382072, 7.924832 ], [ -68.381813, 7.924305 ], [ -68.381630, 7.923754 ], [ -68.381538, 7.923227 ], [ -68.381470, 7.922676 ], [ -68.381584, 7.922055 ], [ -68.381905, 7.921390 ], [ -68.382271, 7.920745 ], [ -68.382965, 7.919597 ], [ -68.383263, 7.918999 ], [ -68.383858, 7.917712 ], [ -68.384292, 7.916633 ], [ -68.384521, 7.915966 ], [ -68.384705, 7.914818 ], [ -68.384590, 7.914221 ], [ -68.384361, 7.913579 ], [ -68.384079, 7.912914 ], [ -68.383781, 7.912341 ], [ -68.383339, 7.911653 ], [ -68.382530, 7.910691 ], [ -68.382095, 7.910232 ], [ -68.381630, 7.909705 ], [ -68.381027, 7.909110 ], [ -68.380478, 7.908675 ], [ -68.379738, 7.908194 ], [ -68.379021, 7.907828 ], [ -68.378280, 7.907462 ], [ -68.377685, 7.907211 ], [ -68.377197, 7.906960 ], [ -68.376694, 7.906639 ], [ -68.376205, 7.906204 ], [ -68.375374, 7.905517 ], [ -68.374771, 7.905128 ], [ -68.374130, 7.904854 ], [ -68.372970, 7.904489 ], [ -68.372444, 7.904169 ], [ -68.371193, 7.903207 ], [ -68.370499, 7.902635 ], [ -68.369278, 7.901581 ], [ -68.368630, 7.901169 ], [ -68.368035, 7.900826 ], [ -68.367340, 7.900528 ], [ -68.366623, 7.900255 ], [ -68.365883, 7.899912 ], [ -68.365219, 7.899477 ], [ -68.364571, 7.898996 ], [ -68.363830, 7.898424 ], [ -68.363365, 7.898126 ], [ -68.362930, 7.897806 ], [ -68.362007, 7.897234 ], [ -68.361427, 7.897051 ], [ -68.360458, 7.896985 ], [ -68.359886, 7.896917 ], [ -68.359375, 7.896780 ], [ -68.358635, 7.896552 ], [ -68.357231, 7.895935 ], [ -68.356697, 7.895660 ], [ -68.355957, 7.895249 ], [ -68.355454, 7.894951 ], [ -68.354553, 7.894356 ], [ -68.353630, 7.893807 ], [ -68.352776, 7.893235 ], [ -68.352287, 7.892869 ], [ -68.351967, 7.892249 ], [ -68.351616, 7.891516 ], [ -68.351227, 7.890552 ], [ -68.350899, 7.889841 ], [ -68.350647, 7.889153 ], [ -68.350456, 7.888373 ], [ -68.350159, 7.887432 ], [ -68.349907, 7.886675 ], [ -68.349304, 7.885643 ], [ -68.348816, 7.884978 ], [ -68.348381, 7.884521 ], [ -68.347916, 7.884200 ], [ -68.347336, 7.884063 ], [ -68.346603, 7.884042 ], [ -68.346023, 7.884111 ], [ -68.344322, 7.884827 ], [ -68.343674, 7.885195 ], [ -68.343193, 7.885426 ], [ -68.342041, 7.885887 ], [ -68.341438, 7.886187 ], [ -68.340835, 7.886464 ], [ -68.339752, 7.887085 ], [ -68.339157, 7.887339 ], [ -68.338600, 7.887524 ], [ -68.337982, 7.887502 ], [ -68.337494, 7.887136 ], [ -68.337036, 7.886769 ], [ -68.336525, 7.886334 ], [ -68.335899, 7.886128 ], [ -68.335144, 7.886291 ], [ -68.334427, 7.886568 ], [ -68.333458, 7.887166 ], [ -68.332771, 7.887649 ], [ -68.332100, 7.888064 ], [ -68.331429, 7.888318 ], [ -68.330856, 7.888113 ], [ -68.330208, 7.887815 ], [ -68.329147, 7.887381 ], [ -68.328476, 7.887199 ], [ -68.327187, 7.887109 ], [ -68.326492, 7.887157 ], [ -68.325661, 7.887296 ], [ -68.324837, 7.887482 ], [ -68.324028, 7.887690 ], [ -68.323471, 7.887966 ], [ -68.322922, 7.888358 ], [ -68.322624, 7.888817 ], [ -68.322533, 7.889345 ], [ -68.322464, 7.889943 ], [ -68.322533, 7.890654 ], [ -68.322624, 7.891343 ], [ -68.322716, 7.891916 ], [ -68.322723, 7.893064 ], [ -68.322510, 7.893730 ], [ -68.322167, 7.894488 ], [ -68.321434, 7.895775 ], [ -68.321251, 7.896418 ], [ -68.321159, 7.897290 ], [ -68.321068, 7.898462 ], [ -68.320908, 7.899885 ], [ -68.320633, 7.900459 ], [ -68.320244, 7.900896 ], [ -68.319687, 7.901264 ], [ -68.319015, 7.901495 ], [ -68.318169, 7.901727 ], [ -68.317383, 7.901912 ], [ -68.316757, 7.902028 ], [ -68.316208, 7.902098 ], [ -68.315514, 7.902145 ], [ -68.314911, 7.902261 ], [ -68.313438, 7.902677 ], [ -68.312355, 7.903321 ], [ -68.311943, 7.903736 ], [ -68.311524, 7.904080 ], [ -68.310951, 7.904403 ], [ -68.310440, 7.904565 ], [ -68.309173, 7.904682 ], [ -68.308525, 7.904890 ], [ -68.307953, 7.905212 ], [ -68.306595, 7.906202 ], [ -68.305306, 7.906479 ], [ -68.304680, 7.906664 ], [ -68.304123, 7.906941 ], [ -68.303642, 7.907424 ], [ -68.303322, 7.907838 ], [ -68.303047, 7.908389 ], [ -68.302719, 7.908964 ], [ -68.301781, 7.910389 ], [ -68.300926, 7.911538 ], [ -68.300537, 7.911974 ], [ -68.300163, 7.912366 ], [ -68.299820, 7.912780 ], [ -68.299431, 7.913171 ], [ -68.298920, 7.913608 ], [ -68.298324, 7.913999 ], [ -68.297653, 7.914321 ], [ -68.296867, 7.914599 ], [ -68.296295, 7.914738 ], [ -68.295647, 7.914922 ], [ -68.294266, 7.915292 ], [ -68.293182, 7.915776 ], [ -68.292747, 7.916374 ], [ -68.292511, 7.916856 ], [ -68.292351, 7.917384 ], [ -68.292145, 7.918119 ], [ -68.292008, 7.918785 ], [ -68.291939, 7.919313 ], [ -68.291916, 7.919980 ], [ -68.291801, 7.920599 ], [ -68.291618, 7.921104 ], [ -68.291298, 7.921656 ], [ -68.290932, 7.922185 ], [ -68.290543, 7.922553 ], [ -68.290054, 7.923036 ], [ -68.289299, 7.924001 ], [ -68.288765, 7.924645 ], [ -68.288238, 7.925128 ], [ -68.287476, 7.925474 ], [ -68.286804, 7.925682 ], [ -68.286049, 7.925798 ], [ -68.285332, 7.925845 ], [ -68.284660, 7.925754 ], [ -68.284103, 7.925526 ], [ -68.283554, 7.925274 ], [ -68.283112, 7.924931 ], [ -68.282631, 7.924449 ], [ -68.281662, 7.923694 ], [ -68.280647, 7.923190 ], [ -68.280090, 7.923008 ], [ -68.279419, 7.922734 ], [ -68.278847, 7.922253 ], [ -68.278564, 7.921748 ], [ -68.278427, 7.921152 ], [ -68.278122, 7.919384 ], [ -68.278053, 7.918627 ], [ -68.278031, 7.917892 ], [ -68.278076, 7.917112 ], [ -68.278099, 7.916515 ], [ -68.278145, 7.915941 ], [ -68.278168, 7.915161 ], [ -68.278091, 7.914541 ], [ -68.278000, 7.913968 ], [ -68.277771, 7.913416 ], [ -68.277473, 7.912981 ], [ -68.276825, 7.912592 ], [ -68.276199, 7.912386 ], [ -68.275696, 7.912250 ], [ -68.274887, 7.912412 ], [ -68.273964, 7.912620 ], [ -68.273369, 7.913103 ], [ -68.272835, 7.913563 ], [ -68.271843, 7.914231 ], [ -68.270851, 7.914875 ], [ -68.269630, 7.915635 ], [ -68.269104, 7.916049 ], [ -68.267952, 7.917015 ], [ -68.267510, 7.917429 ], [ -68.267166, 7.917843 ], [ -68.266914, 7.918303 ], [ -68.266708, 7.918831 ], [ -68.266662, 7.920139 ], [ -68.266777, 7.920989 ], [ -68.267082, 7.922067 ], [ -68.267151, 7.922686 ], [ -68.267174, 7.923214 ], [ -68.267242, 7.923788 ], [ -68.267242, 7.924316 ], [ -68.267082, 7.924868 ], [ -68.266510, 7.925305 ], [ -68.265999, 7.925512 ], [ -68.265450, 7.925628 ], [ -68.264847, 7.925790 ], [ -68.264107, 7.926204 ], [ -68.263123, 7.927101 ], [ -68.262566, 7.927423 ], [ -68.261963, 7.927516 ], [ -68.261459, 7.927356 ], [ -68.260971, 7.927151 ], [ -68.260536, 7.926692 ], [ -68.260208, 7.926234 ], [ -68.260048, 7.925660 ], [ -68.260002, 7.925064 ], [ -68.260071, 7.924489 ], [ -68.260323, 7.923869 ], [ -68.260666, 7.923317 ], [ -68.260925, 7.922790 ], [ -68.261406, 7.921870 ], [ -68.261749, 7.921135 ], [ -68.261887, 7.920377 ], [ -68.261932, 7.919620 ], [ -68.261841, 7.918747 ], [ -68.261680, 7.917967 ], [ -68.261421, 7.917440 ], [ -68.260895, 7.916936 ], [ -68.260292, 7.916638 ], [ -68.259209, 7.916296 ], [ -68.258331, 7.916137 ], [ -68.257019, 7.916024 ], [ -68.256325, 7.916003 ], [ -68.254547, 7.916098 ], [ -68.253235, 7.916352 ], [ -68.252632, 7.916537 ], [ -68.251251, 7.916929 ], [ -68.250420, 7.917183 ], [ -68.249611, 7.917438 ], [ -68.248993, 7.917668 ], [ -68.247627, 7.917624 ], [ -68.247124, 7.917465 ], [ -68.245110, 7.915907 ], [ -68.244492, 7.915633 ], [ -68.243820, 7.915450 ], [ -68.243172, 7.915222 ], [ -68.242645, 7.914925 ], [ -68.242157, 7.914581 ], [ -68.241882, 7.913916 ], [ -68.241837, 7.912883 ], [ -68.241768, 7.912171 ], [ -68.241486, 7.911368 ], [ -68.240929, 7.910635 ], [ -68.240471, 7.910245 ], [ -68.239433, 7.909099 ], [ -68.238739, 7.908136 ], [ -68.238136, 7.907655 ], [ -68.237030, 7.907221 ], [ -68.236359, 7.907153 ], [ -68.235786, 7.907200 ], [ -68.235161, 7.907270 ], [ -68.234215, 7.907409 ], [ -68.233497, 7.907571 ], [ -68.232437, 7.908010 ], [ -68.231796, 7.908309 ], [ -68.231285, 7.908562 ], [ -68.229904, 7.909161 ], [ -68.228798, 7.909668 ], [ -68.228058, 7.910174 ], [ -68.226883, 7.910957 ], [ -68.226448, 7.911394 ], [ -68.225708, 7.912405 ], [ -68.225205, 7.913117 ], [ -68.224724, 7.913715 ], [ -68.224281, 7.914083 ], [ -68.223755, 7.914382 ], [ -68.223244, 7.914590 ], [ -68.222000, 7.915005 ], [ -68.221100, 7.915420 ], [ -68.220550, 7.915581 ], [ -68.219742, 7.915698 ], [ -68.219116, 7.915699 ], [ -68.218567, 7.915607 ], [ -68.217964, 7.915379 ], [ -68.217339, 7.915036 ], [ -68.216766, 7.914669 ], [ -68.216324, 7.914234 ], [ -68.215378, 7.913042 ], [ -68.215011, 7.912515 ], [ -68.214684, 7.911941 ], [ -68.214478, 7.911161 ], [ -68.214386, 7.910541 ], [ -68.214478, 7.909806 ], [ -68.214569, 7.909256 ], [ -68.215233, 7.907969 ], [ -68.215576, 7.907349 ], [ -68.215973, 7.906797 ], [ -68.216385, 7.906269 ], [ -68.216843, 7.905716 ], [ -68.217560, 7.904728 ], [ -68.217857, 7.903970 ], [ -68.217835, 7.903236 ], [ -68.217628, 7.902731 ], [ -68.217232, 7.902273 ], [ -68.216751, 7.902021 ], [ -68.215851, 7.901930 ], [ -68.214745, 7.901978 ], [ -68.214073, 7.901957 ], [ -68.212990, 7.901499 ], [ -68.212685, 7.900949 ], [ -68.212524, 7.900306 ], [ -68.212502, 7.899113 ], [ -68.211441, 7.898334 ], [ -68.210838, 7.898036 ], [ -68.210098, 7.897762 ], [ -68.209686, 7.897304 ], [ -68.209412, 7.896730 ], [ -68.208969, 7.896249 ], [ -68.208183, 7.895883 ], [ -68.207520, 7.895724 ], [ -68.206573, 7.895312 ], [ -68.206062, 7.895129 ], [ -68.204773, 7.894626 ], [ -68.204239, 7.894466 ], [ -68.202835, 7.894009 ], [ -68.202278, 7.893919 ], [ -68.201515, 7.894218 ], [ -68.200806, 7.894656 ], [ -68.200340, 7.895000 ], [ -68.200020, 7.895414 ], [ -68.199699, 7.895920 ], [ -68.199402, 7.896494 ], [ -68.198822, 7.897872 ], [ -68.198456, 7.898401 ], [ -68.198090, 7.898838 ], [ -68.197578, 7.899229 ], [ -68.196632, 7.899185 ], [ -68.195870, 7.899048 ], [ -68.195320, 7.898934 ], [ -68.194671, 7.898866 ], [ -68.193886, 7.899005 ], [ -68.193314, 7.899189 ], [ -68.192825, 7.899443 ], [ -68.192253, 7.899765 ], [ -68.190941, 7.900341 ], [ -68.190224, 7.900503 ], [ -68.189278, 7.900597 ], [ -68.188560, 7.900643 ], [ -68.187546, 7.900783 ], [ -68.186714, 7.900968 ], [ -68.186004, 7.901290 ], [ -68.185539, 7.901658 ], [ -68.185127, 7.902026 ], [ -68.184670, 7.902532 ], [ -68.184227, 7.902991 ], [ -68.183792, 7.903474 ], [ -68.183449, 7.903888 ], [ -68.182503, 7.904808 ], [ -68.181992, 7.905406 ], [ -68.181053, 7.906302 ], [ -68.180611, 7.906647 ], [ -68.180153, 7.906946 ], [ -68.179482, 7.907085 ], [ -68.178696, 7.907017 ], [ -68.178146, 7.906880 ], [ -68.177544, 7.906698 ], [ -68.175057, 7.905990 ], [ -68.172974, 7.905511 ], [ -68.172119, 7.905306 ], [ -68.171570, 7.905490 ], [ -68.171089, 7.905904 ], [ -68.170982, 7.905972 ], [ -68.170509, 7.906272 ], [ -68.169838, 7.906457 ], [ -68.169151, 7.906550 ], [ -68.168548, 7.906597 ], [ -68.167877, 7.906690 ], [ -68.167191, 7.906828 ], [ -68.166084, 7.907267 ], [ -68.165459, 7.907703 ], [ -68.164490, 7.908485 ], [ -68.164009, 7.908853 ], [ -68.163521, 7.909153 ], [ -68.162765, 7.909406 ], [ -68.162094, 7.909660 ], [ -68.160988, 7.910212 ], [ -68.160454, 7.910695 ], [ -68.159813, 7.911156 ], [ -68.159233, 7.911523 ], [ -68.158615, 7.911800 ], [ -68.157990, 7.912007 ], [ -68.156563, 7.912331 ], [ -68.155777, 7.912447 ], [ -68.154693, 7.912632 ], [ -68.153954, 7.912702 ], [ -68.153336, 7.912726 ], [ -68.152641, 7.912543 ], [ -68.152062, 7.912292 ], [ -68.151627, 7.911535 ], [ -68.151390, 7.910870 ], [ -68.151390, 7.910181 ], [ -68.151230, 7.909584 ], [ -68.150955, 7.909126 ], [ -68.150421, 7.908644 ], [ -68.149773, 7.908278 ], [ -68.149292, 7.907934 ], [ -68.148872, 7.907453 ], [ -68.148506, 7.906834 ], [ -68.148255, 7.906283 ], [ -68.148018, 7.905663 ], [ -68.147278, 7.904586 ], [ -68.146614, 7.903990 ], [ -68.145600, 7.903188 ], [ -68.145065, 7.902868 ], [ -68.144302, 7.902547 ], [ -68.143105, 7.902251 ], [ -68.142319, 7.902137 ], [ -68.141792, 7.902046 ], [ -68.141258, 7.901978 ], [ -68.140266, 7.901887 ], [ -68.139481, 7.901843 ], [ -68.138909, 7.901821 ], [ -68.138351, 7.901890 ], [ -68.136413, 7.902169 ], [ -68.135773, 7.902238 ], [ -68.134941, 7.902308 ], [ -68.134224, 7.902356 ], [ -68.133621, 7.902448 ], [ -68.133186, 7.902770 ], [ -68.132728, 7.903207 ], [ -68.132263, 7.903781 ], [ -68.131714, 7.904310 ], [ -68.131203, 7.904541 ], [ -68.130562, 7.904702 ], [ -68.129936, 7.904749 ], [ -68.128899, 7.904635 ], [ -68.127403, 7.904638 ], [ -68.126732, 7.904869 ], [ -68.126106, 7.905168 ], [ -68.125534, 7.905490 ], [ -68.124931, 7.905812 ], [ -68.124451, 7.906135 ], [ -68.123939, 7.906434 ], [ -68.123390, 7.906663 ], [ -68.122833, 7.906871 ], [ -68.122307, 7.907010 ], [ -68.121773, 7.907010 ], [ -68.120964, 7.906919 ], [ -68.119858, 7.906830 ], [ -68.119194, 7.906807 ], [ -68.118569, 7.906693 ], [ -68.117943, 7.906487 ], [ -68.117485, 7.906213 ], [ -68.116997, 7.905846 ], [ -68.116424, 7.905663 ], [ -68.115822, 7.905458 ], [ -68.115311, 7.905023 ], [ -68.114807, 7.904472 ], [ -68.114273, 7.904014 ], [ -68.113769, 7.903831 ], [ -68.112526, 7.903924 ], [ -68.111832, 7.903903 ], [ -68.111000, 7.903651 ], [ -68.110375, 7.903331 ], [ -68.109871, 7.903125 ], [ -68.109314, 7.902942 ], [ -68.108208, 7.902760 ], [ -68.107513, 7.902600 ], [ -68.106896, 7.902441 ], [ -68.106293, 7.902074 ], [ -68.105255, 7.901318 ], [ -68.104652, 7.901066 ], [ -68.104034, 7.900723 ], [ -68.103409, 7.900311 ], [ -68.103111, 7.899461 ], [ -68.102531, 7.898016 ], [ -68.102303, 7.897350 ], [ -68.101814, 7.896708 ], [ -68.101188, 7.896296 ], [ -68.100479, 7.895770 ], [ -68.099602, 7.895013 ], [ -68.099068, 7.894578 ], [ -68.098679, 7.893499 ], [ -68.098053, 7.892766 ], [ -68.097336, 7.892124 ], [ -68.096001, 7.891368 ], [ -68.095101, 7.890704 ], [ -68.094406, 7.890062 ], [ -68.093918, 7.889581 ], [ -68.093254, 7.888961 ], [ -68.091820, 7.887816 ], [ -68.091331, 7.887404 ], [ -68.090782, 7.886877 ], [ -68.090179, 7.886464 ], [ -68.089607, 7.886120 ], [ -68.089005, 7.885800 ], [ -68.087853, 7.885388 ], [ -68.087250, 7.885274 ], [ -68.086166, 7.885207 ], [ -68.085518, 7.885299 ], [ -68.084877, 7.885346 ], [ -68.084137, 7.885255 ], [ -68.083633, 7.885026 ], [ -68.083122, 7.884683 ], [ -68.082542, 7.884271 ], [ -68.081856, 7.883858 ], [ -68.080627, 7.883378 ], [ -68.080032, 7.883172 ], [ -68.078140, 7.882394 ], [ -68.077446, 7.882143 ], [ -68.076340, 7.881915 ], [ -68.075714, 7.881801 ], [ -68.075165, 7.881640 ], [ -68.074631, 7.881251 ], [ -68.074104, 7.880723 ], [ -68.073662, 7.880013 ], [ -68.073296, 7.879508 ], [ -68.072739, 7.878315 ], [ -68.072395, 7.877811 ], [ -68.071701, 7.877191 ], [ -68.071076, 7.877078 ], [ -68.069649, 7.877355 ], [ -68.069000, 7.877379 ], [ -68.067963, 7.876852 ], [ -68.067246, 7.876555 ], [ -68.066673, 7.876372 ], [ -68.066025, 7.876327 ], [ -68.065453, 7.876420 ], [ -68.064896, 7.876489 ], [ -68.064362, 7.876513 ], [ -68.063652, 7.876376 ], [ -68.063118, 7.876147 ], [ -68.062614, 7.875803 ], [ -68.062103, 7.875345 ], [ -68.061760, 7.874863 ], [ -68.061523, 7.874313 ], [ -68.061455, 7.873142 ], [ -68.061363, 7.872362 ], [ -68.060829, 7.871789 ], [ -68.060371, 7.871514 ], [ -68.059677, 7.871285 ], [ -68.057052, 7.871679 ], [ -68.056221, 7.871887 ], [ -68.055527, 7.872071 ], [ -68.054421, 7.872256 ], [ -68.053917, 7.872739 ], [ -68.053566, 7.873291 ], [ -68.052994, 7.873612 ], [ -68.052391, 7.873659 ], [ -68.051636, 7.873293 ], [ -68.050987, 7.872995 ], [ -68.049881, 7.872606 ], [ -68.049233, 7.873318 ], [ -68.048752, 7.873985 ], [ -68.048332, 7.874720 ], [ -68.048081, 7.875294 ], [ -68.047371, 7.876718 ], [ -68.047066, 7.877361 ], [ -68.046585, 7.878073 ], [ -68.045959, 7.878694 ], [ -68.045319, 7.879360 ], [ -68.044853, 7.879751 ], [ -68.044373, 7.879958 ], [ -68.043724, 7.880074 ], [ -68.043175, 7.880052 ], [ -68.042480, 7.879961 ], [ -68.041885, 7.879824 ], [ -68.041328, 7.879756 ], [ -68.040176, 7.879458 ], [ -68.039505, 7.879230 ], [ -68.038956, 7.879116 ], [ -68.038307, 7.879163 ], [ -68.037773, 7.879232 ], [ -68.037315, 7.879714 ], [ -68.036881, 7.880243 ], [ -68.036598, 7.880702 ], [ -68.036392, 7.881254 ], [ -68.036095, 7.881874 ], [ -68.035683, 7.882379 ], [ -68.035126, 7.882770 ], [ -68.034622, 7.883023 ], [ -68.034088, 7.883024 ], [ -68.033584, 7.882887 ], [ -68.032822, 7.882658 ], [ -68.032128, 7.882728 ], [ -68.031532, 7.882958 ], [ -68.030861, 7.883303 ], [ -68.029915, 7.883810 ], [ -68.028854, 7.884316 ], [ -68.028160, 7.884546 ], [ -68.027611, 7.884662 ], [ -68.027077, 7.884639 ], [ -68.026505, 7.884525 ], [ -68.025902, 7.884342 ], [ -68.025307, 7.884045 ], [ -68.024567, 7.883724 ], [ -68.023941, 7.883839 ], [ -68.022881, 7.884758 ], [ -68.021019, 7.886299 ], [ -68.020462, 7.886851 ], [ -68.020164, 7.887287 ], [ -68.019836, 7.887884 ], [ -68.019470, 7.888986 ], [ -68.019173, 7.889653 ], [ -68.018783, 7.890227 ], [ -68.018341, 7.890801 ], [ -68.017372, 7.891881 ], [ -68.016800, 7.892456 ], [ -68.016106, 7.893054 ], [ -68.015305, 7.893628 ], [ -68.014542, 7.894019 ], [ -68.013962, 7.894112 ], [ -68.013176, 7.894181 ], [ -68.012512, 7.894182 ], [ -68.011887, 7.894206 ], [ -68.011337, 7.894344 ], [ -68.010368, 7.894988 ], [ -68.009972, 7.895769 ], [ -68.009628, 7.896504 ], [ -68.009422, 7.897101 ], [ -68.008636, 7.898617 ], [ -68.008064, 7.899444 ], [ -68.007416, 7.900110 ], [ -68.006889, 7.900524 ], [ -68.006035, 7.900938 ], [ -68.005341, 7.901031 ], [ -68.004211, 7.900872 ], [ -68.003448, 7.900666 ], [ -68.002876, 7.900552 ], [ -68.002136, 7.900346 ], [ -68.001190, 7.900095 ], [ -68.000496, 7.899866 ], [ -67.999542, 7.900412 ], [ -67.999008, 7.900961 ], [ -67.998291, 7.901647 ], [ -67.997604, 7.902012 ], [ -67.996796, 7.902123 ], [ -67.995438, 7.902255 ], [ -67.994698, 7.902275 ], [ -67.993728, 7.902432 ], [ -67.993149, 7.902498 ], [ -67.992256, 7.902839 ], [ -67.991470, 7.903296 ], [ -67.990524, 7.903383 ], [ -67.989601, 7.903241 ], [ -67.988960, 7.903192 ], [ -67.988312, 7.903489 ], [ -67.987732, 7.903739 ], [ -67.986969, 7.904103 ], [ -67.986328, 7.904330 ], [ -67.985588, 7.904442 ], [ -67.985016, 7.904370 ], [ -67.984344, 7.904115 ], [ -67.983818, 7.903790 ], [ -67.982552, 7.902659 ], [ -67.982002, 7.902266 ], [ -67.981079, 7.902124 ], [ -67.980202, 7.902074 ], [ -67.979538, 7.902002 ], [ -67.978111, 7.901490 ], [ -67.976982, 7.901072 ], [ -67.974960, 7.900259 ], [ -67.974312, 7.899957 ], [ -67.973831, 7.899473 ], [ -67.973259, 7.898942 ], [ -67.972587, 7.898410 ], [ -67.971626, 7.898038 ], [ -67.970703, 7.897758 ], [ -67.969963, 7.897663 ], [ -67.969391, 7.897545 ], [ -67.968422, 7.897564 ], [ -67.967590, 7.897630 ], [ -67.966858, 7.897971 ], [ -67.966019, 7.898703 ], [ -67.965652, 7.899161 ], [ -67.965187, 7.899871 ], [ -67.964935, 7.900513 ], [ -67.964768, 7.901248 ], [ -67.964539, 7.901890 ], [ -67.964119, 7.902578 ], [ -67.963539, 7.903012 ], [ -67.962807, 7.903285 ], [ -67.962044, 7.903442 ], [ -67.960426, 7.904009 ], [ -67.959572, 7.904443 ], [ -67.958763, 7.904737 ], [ -67.958191, 7.905148 ], [ -67.957268, 7.905765 ], [ -67.956711, 7.906199 ], [ -67.955673, 7.906861 ], [ -67.954910, 7.907294 ], [ -67.954285, 7.907545 ], [ -67.953621, 7.907840 ], [ -67.952995, 7.908319 ], [ -67.952416, 7.908777 ], [ -67.951790, 7.909096 ], [ -67.951172, 7.909392 ], [ -67.950478, 7.909618 ], [ -67.949600, 7.909867 ], [ -67.948700, 7.910254 ], [ -67.947639, 7.910847 ], [ -67.947037, 7.911166 ], [ -67.946464, 7.911416 ], [ -67.945076, 7.912123 ], [ -67.944344, 7.912234 ], [ -67.943649, 7.912231 ], [ -67.942955, 7.912366 ], [ -67.942215, 7.912546 ], [ -67.941505, 7.912704 ], [ -67.940880, 7.912724 ], [ -67.940124, 7.912629 ], [ -67.939293, 7.912487 ], [ -67.938576, 7.912185 ], [ -67.937637, 7.911813 ], [ -67.935814, 7.911300 ], [ -67.935082, 7.910975 ], [ -67.934647, 7.910467 ], [ -67.934143, 7.909799 ], [ -67.933823, 7.909315 ], [ -67.933410, 7.908508 ], [ -67.933067, 7.907978 ], [ -67.932556, 7.907356 ], [ -67.932007, 7.906894 ], [ -67.931549, 7.906432 ], [ -67.930931, 7.906015 ], [ -67.930351, 7.905852 ], [ -67.929459, 7.905434 ], [ -67.928444, 7.904786 ], [ -67.927757, 7.904369 ], [ -67.927017, 7.903861 ], [ -67.926422, 7.903375 ], [ -67.925842, 7.903120 ], [ -67.925178, 7.903048 ], [ -67.924370, 7.903068 ], [ -67.923638, 7.902995 ], [ -67.922966, 7.902854 ], [ -67.922371, 7.902668 ], [ -67.921814, 7.902366 ], [ -67.921150, 7.901904 ], [ -67.920578, 7.901304 ], [ -67.920112, 7.900911 ], [ -67.919472, 7.900679 ], [ -67.918900, 7.900629 ], [ -67.918114, 7.900856 ], [ -67.917236, 7.901197 ], [ -67.916725, 7.901494 ], [ -67.915993, 7.901605 ], [ -67.915184, 7.901371 ], [ -67.914635, 7.901070 ], [ -67.914055, 7.900608 ], [ -67.913345, 7.899870 ], [ -67.912933, 7.899408 ], [ -67.912567, 7.898786 ], [ -67.912178, 7.898049 ], [ -67.911583, 7.897127 ], [ -67.911057, 7.896665 ], [ -67.910591, 7.896318 ], [ -67.909996, 7.895971 ], [ -67.909325, 7.895646 ], [ -67.908592, 7.895413 ], [ -67.907967, 7.895318 ], [ -67.907234, 7.895545 ], [ -67.906471, 7.895840 ], [ -67.905640, 7.895629 ], [ -67.904816, 7.895396 ], [ -67.904213, 7.895048 ], [ -67.903618, 7.894471 ], [ -67.903183, 7.894009 ], [ -67.902374, 7.893362 ], [ -67.901848, 7.893107 ], [ -67.901298, 7.892921 ], [ -67.900696, 7.892896 ], [ -67.899963, 7.892984 ], [ -67.899315, 7.893050 ], [ -67.898620, 7.893070 ], [ -67.897980, 7.893228 ], [ -67.897308, 7.893546 ], [ -67.896591, 7.894117 ], [ -67.895805, 7.894642 ], [ -67.895439, 7.895468 ], [ -67.895248, 7.896317 ], [ -67.895088, 7.896914 ], [ -67.894875, 7.897602 ], [ -67.894501, 7.898359 ], [ -67.893929, 7.898747 ], [ -67.893349, 7.898837 ], [ -67.892754, 7.898765 ], [ -67.892128, 7.898624 ], [ -67.891510, 7.898460 ], [ -67.890770, 7.898457 ], [ -67.890053, 7.898683 ], [ -67.889343, 7.899002 ], [ -67.888580, 7.899389 ], [ -67.887726, 7.899753 ], [ -67.887123, 7.899842 ], [ -67.886528, 7.899724 ], [ -67.884987, 7.899051 ], [ -67.884224, 7.898633 ], [ -67.883537, 7.898217 ], [ -67.882896, 7.897663 ], [ -67.882431, 7.897178 ], [ -67.881996, 7.896693 ], [ -67.881515, 7.896277 ], [ -67.881058, 7.895770 ], [ -67.880485, 7.895193 ], [ -67.879906, 7.894477 ], [ -67.879539, 7.894039 ], [ -67.878830, 7.893140 ], [ -67.878281, 7.892471 ], [ -67.877914, 7.892010 ], [ -67.877411, 7.891272 ], [ -67.876564, 7.890073 ], [ -67.875115, 7.887745 ], [ -67.874725, 7.887146 ], [ -67.874268, 7.886501 ], [ -67.873695, 7.885946 ], [ -67.873100, 7.885553 ], [ -67.872497, 7.885320 ], [ -67.871880, 7.885364 ], [ -67.871277, 7.885476 ], [ -67.870567, 7.885426 ], [ -67.869690, 7.885055 ], [ -67.868866, 7.884500 ], [ -67.868355, 7.884175 ], [ -67.867737, 7.883713 ], [ -67.867279, 7.883205 ], [ -67.866753, 7.882858 ], [ -67.866104, 7.882648 ], [ -67.865502, 7.882967 ], [ -67.864952, 7.883746 ], [ -67.864532, 7.884387 ], [ -67.864113, 7.885052 ], [ -67.863533, 7.885739 ], [ -67.862541, 7.886814 ], [ -67.862213, 7.887548 ], [ -67.861801, 7.888351 ], [ -67.861244, 7.889174 ], [ -67.860847, 7.889633 ], [ -67.860596, 7.890252 ], [ -67.860382, 7.890963 ], [ -67.860062, 7.891674 ], [ -67.859528, 7.892154 ], [ -67.858879, 7.892381 ], [ -67.858238, 7.892355 ], [ -67.857659, 7.892007 ], [ -67.857338, 7.891454 ], [ -67.856995, 7.890787 ], [ -67.856697, 7.890073 ], [ -67.856453, 7.889405 ], [ -67.856018, 7.888622 ], [ -67.855652, 7.887862 ], [ -67.855308, 7.887102 ], [ -67.855126, 7.886504 ], [ -67.854759, 7.885905 ], [ -67.854180, 7.885649 ], [ -67.853310, 7.885829 ], [ -67.852615, 7.886170 ], [ -67.851600, 7.886855 ], [ -67.850998, 7.887128 ], [ -67.850304, 7.887194 ], [ -67.849640, 7.886823 ], [ -67.849045, 7.886429 ], [ -67.848503, 7.888059 ], [ -67.848366, 7.888724 ], [ -67.848244, 7.889390 ], [ -67.848061, 7.890079 ], [ -67.847733, 7.890744 ], [ -67.847389, 7.891385 ], [ -67.846878, 7.892623 ], [ -67.846710, 7.893266 ], [ -67.846550, 7.893817 ], [ -67.846436, 7.894414 ], [ -67.846336, 7.895102 ], [ -67.846382, 7.895769 ], [ -67.846519, 7.896505 ], [ -67.846672, 7.897219 ], [ -67.846787, 7.897908 ], [ -67.846947, 7.898737 ], [ -67.846969, 7.899495 ], [ -67.846779, 7.900505 ], [ -67.846405, 7.901009 ], [ -67.845695, 7.901373 ], [ -67.845207, 7.901854 ], [ -67.844811, 7.902472 ], [ -67.844376, 7.903274 ], [ -67.843933, 7.903985 ], [ -67.843445, 7.905085 ], [ -67.843162, 7.905865 ], [ -67.842880, 7.907127 ], [ -67.842697, 7.908460 ], [ -67.842140, 7.908779 ], [ -67.841637, 7.908478 ], [ -67.841171, 7.908131 ], [ -67.840576, 7.907622 ], [ -67.839355, 7.906996 ], [ -67.838760, 7.906810 ], [ -67.838089, 7.906668 ], [ -67.837448, 7.906643 ], [ -67.836594, 7.906822 ], [ -67.835716, 7.906979 ], [ -67.835030, 7.906562 ], [ -67.834358, 7.906559 ], [ -67.833923, 7.906971 ], [ -67.833458, 7.907588 ], [ -67.833038, 7.908506 ], [ -67.832764, 7.909263 ], [ -67.832436, 7.910112 ], [ -67.832016, 7.911741 ], [ -67.831596, 7.912888 ], [ -67.831268, 7.913668 ], [ -67.830597, 7.915090 ], [ -67.830246, 7.915892 ], [ -67.830223, 7.916558 ], [ -67.830429, 7.917364 ], [ -67.830841, 7.918193 ], [ -67.831185, 7.918768 ], [ -67.831573, 7.919345 ], [ -67.831962, 7.919991 ], [ -67.832024, 7.920818 ], [ -67.831658, 7.921827 ], [ -67.831215, 7.922492 ], [ -67.830635, 7.923086 ], [ -67.830101, 7.923428 ], [ -67.829529, 7.923748 ], [ -67.828903, 7.923974 ], [ -67.828232, 7.924430 ], [ -67.827309, 7.925138 ], [ -67.826752, 7.925549 ], [ -67.825646, 7.926463 ], [ -67.825089, 7.926875 ], [ -67.824325, 7.927101 ], [ -67.823547, 7.927258 ], [ -67.822922, 7.927278 ], [ -67.822098, 7.927159 ], [ -67.821495, 7.926989 ], [ -67.820503, 7.926669 ], [ -67.819908, 7.926528 ], [ -67.819099, 7.926180 ], [ -67.818367, 7.925808 ], [ -67.817566, 7.925437 ], [ -67.816917, 7.925089 ], [ -67.816277, 7.924673 ], [ -67.815514, 7.924140 ], [ -67.814758, 7.923539 ], [ -67.814117, 7.922961 ], [ -67.813446, 7.922384 ], [ -67.812714, 7.921622 ], [ -67.812141, 7.921000 ], [ -67.811226, 7.920053 ], [ -67.810692, 7.919660 ], [ -67.809959, 7.919449 ], [ -67.809151, 7.919423 ], [ -67.808502, 7.919649 ], [ -67.807579, 7.920035 ], [ -67.806770, 7.920445 ], [ -67.805923, 7.920717 ], [ -67.805344, 7.920783 ], [ -67.804703, 7.920619 ], [ -67.804382, 7.920043 ], [ -67.804085, 7.919283 ], [ -67.803879, 7.918409 ], [ -67.803764, 7.917765 ], [ -67.803467, 7.917166 ], [ -67.803124, 7.916658 ], [ -67.802711, 7.916197 ], [ -67.802231, 7.915620 ], [ -67.801613, 7.915158 ], [ -67.801033, 7.915040 ], [ -67.800110, 7.915450 ], [ -67.799301, 7.916204 ], [ -67.798813, 7.916753 ], [ -67.798470, 7.917257 ], [ -67.798073, 7.917807 ], [ -67.797661, 7.918517 ], [ -67.797401, 7.919114 ], [ -67.797165, 7.920123 ], [ -67.796791, 7.922695 ], [ -67.796486, 7.923383 ], [ -67.795998, 7.924024 ], [ -67.795303, 7.924779 ], [ -67.794174, 7.925623 ], [ -67.793663, 7.925989 ], [ -67.793068, 7.926193 ], [ -67.792374, 7.926281 ], [ -67.791802, 7.925980 ], [ -67.791481, 7.925289 ], [ -67.791252, 7.924438 ], [ -67.791069, 7.923564 ], [ -67.790916, 7.922207 ], [ -67.790665, 7.921631 ], [ -67.790001, 7.921237 ], [ -67.789353, 7.921097 ], [ -67.788567, 7.921115 ], [ -67.787552, 7.921180 ], [ -67.786400, 7.921335 ], [ -67.785225, 7.921513 ], [ -67.784469, 7.921637 ], [ -67.783775, 7.921736 ], [ -67.783150, 7.921549 ], [ -67.782074, 7.920648 ], [ -67.781105, 7.919724 ], [ -67.780792, 7.919079 ], [ -67.780586, 7.918527 ], [ -67.780174, 7.917214 ], [ -67.779739, 7.916707 ], [ -67.779045, 7.916773 ], [ -67.778488, 7.917206 ], [ -67.777939, 7.917410 ], [ -67.777267, 7.917247 ], [ -67.776924, 7.916785 ], [ -67.776909, 7.916142 ], [ -67.777092, 7.915408 ], [ -67.777191, 7.914672 ], [ -67.777077, 7.914028 ], [ -67.776665, 7.913360 ], [ -67.776024, 7.912829 ], [ -67.775215, 7.912985 ], [ -67.774544, 7.913166 ], [ -67.773873, 7.913485 ], [ -67.773163, 7.913757 ], [ -67.772583, 7.913892 ], [ -67.771683, 7.913908 ], [ -67.770851, 7.913952 ], [ -67.770065, 7.913905 ], [ -67.769356, 7.913899 ], [ -67.768761, 7.913827 ], [ -67.768120, 7.913733 ], [ -67.767471, 7.913683 ], [ -67.765831, 7.913514 ], [ -67.765121, 7.913304 ], [ -67.764572, 7.912979 ], [ -67.763741, 7.911896 ], [ -67.763443, 7.911228 ], [ -67.762878, 7.910076 ], [ -67.762230, 7.909751 ], [ -67.761612, 7.909564 ], [ -67.761032, 7.909217 ], [ -67.760437, 7.908892 ], [ -67.759773, 7.908338 ], [ -67.758759, 7.907551 ], [ -67.758118, 7.907525 ], [ -67.757629, 7.907913 ], [ -67.757164, 7.908830 ], [ -67.756721, 7.909747 ], [ -67.756401, 7.910527 ], [ -67.756050, 7.911054 ], [ -67.755562, 7.911603 ], [ -67.754990, 7.912083 ], [ -67.754479, 7.912654 ], [ -67.754059, 7.913066 ], [ -67.753304, 7.913453 ], [ -67.752541, 7.913518 ], [ -67.751732, 7.913376 ], [ -67.750908, 7.913211 ], [ -67.749985, 7.913046 ], [ -67.749222, 7.913111 ], [ -67.748322, 7.913359 ], [ -67.747353, 7.913837 ], [ -67.746750, 7.914225 ], [ -67.746018, 7.914589 ], [ -67.745323, 7.914700 ], [ -67.743874, 7.914601 ], [ -67.742905, 7.914666 ], [ -67.741982, 7.914752 ], [ -67.741379, 7.914888 ], [ -67.740738, 7.915091 ], [ -67.739838, 7.915454 ], [ -67.738899, 7.915780 ], [ -67.738357, 7.916021 ], [ -67.737434, 7.916385 ], [ -67.736351, 7.916839 ], [ -67.735794, 7.917250 ], [ -67.735336, 7.917661 ], [ -67.734848, 7.918210 ], [ -67.734451, 7.918691 ], [ -67.733948, 7.919125 ], [ -67.733391, 7.919421 ], [ -67.732742, 7.919739 ], [ -67.732010, 7.919989 ], [ -67.731339, 7.920077 ], [ -67.730766, 7.920074 ], [ -67.730003, 7.919909 ], [ -67.729035, 7.919812 ], [ -67.727997, 7.919830 ], [ -67.727425, 7.919827 ], [ -67.726875, 7.919412 ], [ -67.726227, 7.918741 ], [ -67.725540, 7.917957 ], [ -67.725037, 7.917195 ], [ -67.724716, 7.916597 ], [ -67.724190, 7.915561 ], [ -67.723709, 7.915075 ], [ -67.723137, 7.914774 ], [ -67.722603, 7.914473 ], [ -67.722061, 7.913969 ], [ -67.721642, 7.913457 ], [ -67.720657, 7.912579 ], [ -67.719567, 7.911936 ], [ -67.718933, 7.911812 ], [ -67.718262, 7.912015 ], [ -67.717728, 7.912404 ], [ -67.717270, 7.913044 ], [ -67.716713, 7.913409 ], [ -67.716087, 7.913521 ], [ -67.714752, 7.913239 ], [ -67.714066, 7.913350 ], [ -67.713371, 7.913760 ], [ -67.712975, 7.914310 ], [ -67.712532, 7.914790 ], [ -67.712097, 7.915247 ], [ -67.711517, 7.915773 ], [ -67.710915, 7.916046 ], [ -67.710182, 7.916042 ], [ -67.709465, 7.915877 ], [ -67.708847, 7.915576 ], [ -67.708153, 7.915297 ], [ -67.707512, 7.915545 ], [ -67.706909, 7.916026 ], [ -67.706238, 7.916688 ], [ -67.705566, 7.917328 ], [ -67.705055, 7.917855 ], [ -67.704063, 7.918998 ], [ -67.703415, 7.919639 ], [ -67.702835, 7.920109 ], [ -67.702355, 7.920392 ], [ -67.701798, 7.920687 ], [ -67.701195, 7.920960 ], [ -67.700668, 7.921187 ], [ -67.700088, 7.921299 ], [ -67.699471, 7.921249 ], [ -67.698845, 7.920994 ], [ -67.698250, 7.920623 ], [ -67.697098, 7.920112 ], [ -67.696411, 7.919833 ], [ -67.695862, 7.919486 ], [ -67.694847, 7.918906 ], [ -67.694229, 7.918788 ], [ -67.693649, 7.918923 ], [ -67.693115, 7.919403 ], [ -67.692749, 7.919930 ], [ -67.692375, 7.920710 ], [ -67.691681, 7.921946 ], [ -67.691444, 7.922588 ], [ -67.691185, 7.923414 ], [ -67.690956, 7.924010 ], [ -67.690651, 7.924514 ], [ -67.690216, 7.924880 ], [ -67.689224, 7.925656 ], [ -67.688690, 7.926135 ], [ -67.688133, 7.926432 ], [ -67.687325, 7.926534 ], [ -67.686661, 7.926630 ], [ -67.685921, 7.926903 ], [ -67.685295, 7.927245 ], [ -67.684769, 7.927517 ], [ -67.684349, 7.927975 ], [ -67.683960, 7.928525 ], [ -67.683189, 7.929784 ], [ -67.682610, 7.930953 ], [ -67.681908, 7.932719 ], [ -67.681282, 7.933957 ], [ -67.681007, 7.934553 ], [ -67.680588, 7.935677 ], [ -67.680374, 7.936410 ], [ -67.680237, 7.936984 ], [ -67.680390, 7.937720 ], [ -67.680595, 7.938365 ], [ -67.680916, 7.939078 ], [ -67.681305, 7.939701 ], [ -67.681786, 7.940324 ], [ -67.682663, 7.941385 ], [ -67.682983, 7.941892 ], [ -67.683021, 7.942697 ], [ -67.682793, 7.943271 ], [ -67.682327, 7.943681 ], [ -67.680885, 7.944550 ], [ -67.680481, 7.944890 ], [ -67.679855, 7.945369 ], [ -67.679344, 7.945688 ], [ -67.678444, 7.946097 ], [ -67.677803, 7.946323 ], [ -67.677246, 7.946550 ], [ -67.676414, 7.946569 ], [ -67.675339, 7.946674 ], [ -67.672844, 7.947033 ], [ -67.672218, 7.947099 ], [ -67.671486, 7.947142 ], [ -67.670792, 7.947230 ], [ -67.670029, 7.947272 ], [ -67.669250, 7.947337 ], [ -67.668373, 7.947379 ], [ -67.667450, 7.947465 ], [ -67.666824, 7.947508 ], [ -67.665283, 7.947317 ], [ -67.664665, 7.947290 ], [ -67.663880, 7.947195 ], [ -67.662636, 7.947027 ], [ -67.661758, 7.946954 ], [ -67.661003, 7.946881 ], [ -67.660354, 7.946808 ], [ -67.659691, 7.946644 ], [ -67.659088, 7.946113 ], [ -67.658729, 7.945490 ], [ -67.658569, 7.944915 ], [ -67.658501, 7.944134 ], [ -67.658485, 7.943214 ], [ -67.658531, 7.942524 ], [ -67.658791, 7.941791 ], [ -67.659134, 7.941242 ], [ -67.659553, 7.940761 ], [ -67.660057, 7.940236 ], [ -67.660568, 7.939663 ], [ -67.660988, 7.939252 ], [ -67.661400, 7.938725 ], [ -67.661797, 7.938200 ], [ -67.662148, 7.937535 ], [ -67.662613, 7.936251 ], [ -67.662727, 7.935654 ], [ -67.662781, 7.935034 ], [ -67.662689, 7.934344 ], [ -67.662231, 7.933882 ], [ -67.661491, 7.934016 ], [ -67.660827, 7.933943 ], [ -67.660088, 7.933687 ], [ -67.659393, 7.933638 ], [ -67.658684, 7.933956 ], [ -67.657547, 7.935052 ], [ -67.656921, 7.935716 ], [ -67.656464, 7.936127 ], [ -67.655632, 7.936766 ], [ -67.655075, 7.937039 ], [ -67.654495, 7.937128 ], [ -67.653763, 7.937101 ], [ -67.653023, 7.937098 ], [ -67.652420, 7.937416 ], [ -67.651825, 7.937827 ], [ -67.651154, 7.938076 ], [ -67.650276, 7.938048 ], [ -67.649605, 7.938137 ], [ -67.648644, 7.938086 ], [ -67.647949, 7.938036 ], [ -67.647141, 7.937963 ], [ -67.645897, 7.937795 ], [ -67.645256, 7.937884 ], [ -67.644653, 7.938065 ], [ -67.643944, 7.938222 ], [ -67.642784, 7.938767 ], [ -67.642303, 7.939156 ], [ -67.641724, 7.939750 ], [ -67.641052, 7.940551 ], [ -67.640312, 7.941627 ], [ -67.640007, 7.942245 ], [ -67.639816, 7.942865 ], [ -67.639725, 7.943577 ], [ -67.639748, 7.944151 ], [ -67.640114, 7.944728 ], [ -67.640640, 7.945213 ], [ -67.641213, 7.945560 ], [ -67.641693, 7.946000 ], [ -67.642159, 7.946531 ], [ -67.642593, 7.947130 ], [ -67.642906, 7.947845 ], [ -67.643021, 7.948580 ], [ -67.643021, 7.949246 ], [ -67.642921, 7.950050 ], [ -67.642319, 7.952092 ], [ -67.642082, 7.952734 ], [ -67.642128, 7.953423 ], [ -67.642326, 7.954183 ], [ -67.642716, 7.954852 ], [ -67.643181, 7.955428 ], [ -67.643707, 7.955891 ], [ -67.644371, 7.956170 ], [ -67.645142, 7.956417 ], [ -67.646255, 7.956938 ], [ -67.646812, 7.957308 ], [ -67.647293, 7.957770 ], [ -67.647568, 7.958323 ], [ -67.647514, 7.958898 ], [ -67.647308, 7.959677 ], [ -67.646980, 7.960388 ], [ -67.646538, 7.960846 ], [ -67.645966, 7.961302 ], [ -67.645431, 7.961667 ], [ -67.644928, 7.961986 ], [ -67.644051, 7.962326 ], [ -67.643288, 7.962552 ], [ -67.642639, 7.963008 ], [ -67.642128, 7.963465 ], [ -67.641594, 7.964059 ], [ -67.640854, 7.965044 ], [ -67.640205, 7.966257 ], [ -67.639877, 7.966785 ], [ -67.639511, 7.967288 ], [ -67.638954, 7.967837 ], [ -67.638397, 7.968225 ], [ -67.637665, 7.968428 ], [ -67.636810, 7.968515 ], [ -67.635429, 7.968508 ], [ -67.634712, 7.968527 ], [ -67.633331, 7.968520 ], [ -67.632683, 7.968608 ], [ -67.631714, 7.968695 ], [ -67.631073, 7.968783 ], [ -67.630424, 7.968941 ], [ -67.629639, 7.969167 ], [ -67.629043, 7.969325 ], [ -67.628052, 7.969572 ], [ -67.627106, 7.969797 ], [ -67.626206, 7.969999 ], [ -67.625191, 7.970292 ], [ -67.624565, 7.970496 ], [ -67.623413, 7.970927 ], [ -67.622673, 7.971221 ], [ -67.622093, 7.971424 ], [ -67.621406, 7.971720 ], [ -67.620712, 7.972038 ], [ -67.619255, 7.972765 ], [ -67.618378, 7.973220 ], [ -67.616966, 7.973902 ], [ -67.616257, 7.974312 ], [ -67.614082, 7.975771 ], [ -67.612923, 7.976891 ], [ -67.612343, 7.977554 ], [ -67.611694, 7.978056 ], [ -67.611122, 7.978398 ], [ -67.610382, 7.978762 ], [ -67.609825, 7.979058 ], [ -67.609276, 7.979400 ], [ -67.608650, 7.979764 ], [ -67.607956, 7.980242 ], [ -67.607353, 7.980630 ], [ -67.606750, 7.981063 ], [ -67.606133, 7.981405 ], [ -67.605484, 7.981723 ], [ -67.604721, 7.982133 ], [ -67.604095, 7.982451 ], [ -67.603432, 7.982815 ], [ -67.602363, 7.983498 ], [ -67.601624, 7.983932 ], [ -67.600838, 7.984433 ], [ -67.600403, 7.984867 ], [ -67.599892, 7.985462 ], [ -67.599381, 7.986011 ], [ -67.598480, 7.986948 ], [ -67.597854, 7.987451 ], [ -67.597298, 7.988044 ], [ -67.596840, 7.988501 ], [ -67.596329, 7.988821 ], [ -67.595589, 7.989115 ], [ -67.594895, 7.989226 ], [ -67.594299, 7.989177 ], [ -67.593681, 7.988877 ], [ -67.593285, 7.988391 ], [ -67.592964, 7.987814 ], [ -67.592720, 7.987146 ], [ -67.592583, 7.986503 ], [ -67.592377, 7.985904 ], [ -67.592102, 7.985190 ], [ -67.591850, 7.984477 ], [ -67.591583, 7.983786 ], [ -67.591171, 7.983049 ], [ -67.590408, 7.982080 ], [ -67.589859, 7.981663 ], [ -67.587608, 7.980065 ], [ -67.587059, 7.979718 ], [ -67.586510, 7.979462 ], [ -67.585884, 7.979137 ], [ -67.585358, 7.978836 ], [ -67.584274, 7.977957 ], [ -67.582787, 7.976593 ], [ -67.582283, 7.976177 ], [ -67.581566, 7.975530 ], [ -67.581040, 7.974929 ], [ -67.580238, 7.973845 ], [ -67.579826, 7.973314 ], [ -67.578911, 7.972276 ], [ -67.578362, 7.971514 ], [ -67.577995, 7.971030 ], [ -67.577698, 7.970486 ], [ -67.577309, 7.969878 ], [ -67.576691, 7.969001 ], [ -67.576279, 7.968516 ], [ -67.575684, 7.967778 ], [ -67.575294, 7.967317 ], [ -67.574906, 7.966631 ], [ -67.574562, 7.966072 ], [ -67.574219, 7.965404 ], [ -67.573647, 7.964757 ], [ -67.573135, 7.964386 ], [ -67.572449, 7.964085 ], [ -67.569939, 7.963381 ], [ -67.569298, 7.963149 ], [ -67.568718, 7.962985 ], [ -67.568161, 7.962758 ], [ -67.567573, 7.962565 ], [ -67.566834, 7.962262 ], [ -67.566078, 7.961982 ], [ -67.565453, 7.961703 ], [ -67.564812, 7.961286 ], [ -67.564354, 7.960916 ], [ -67.564011, 7.960363 ], [ -67.563782, 7.959742 ], [ -67.563446, 7.958912 ], [ -67.563194, 7.958337 ], [ -67.562920, 7.957830 ], [ -67.562370, 7.956632 ], [ -67.561912, 7.955848 ], [ -67.561501, 7.955179 ], [ -67.560951, 7.954234 ], [ -67.560516, 7.953681 ], [ -67.559715, 7.952597 ], [ -67.559257, 7.952111 ], [ -67.558685, 7.951534 ], [ -67.557945, 7.950910 ], [ -67.557442, 7.950540 ], [ -67.556801, 7.950122 ], [ -67.556229, 7.949820 ], [ -67.555626, 7.949473 ], [ -67.554665, 7.949031 ], [ -67.553947, 7.948659 ], [ -67.553169, 7.948357 ], [ -67.551003, 7.947656 ], [ -67.550361, 7.947514 ], [ -67.548935, 7.947277 ], [ -67.548286, 7.947158 ], [ -67.547485, 7.946947 ], [ -67.546837, 7.946691 ], [ -67.545738, 7.946202 ], [ -67.545113, 7.945900 ], [ -67.544495, 7.945713 ], [ -67.543732, 7.945456 ], [ -67.543037, 7.945246 ], [ -67.542122, 7.943772 ], [ -67.540917, 7.942630 ], [ -67.540321, 7.942276 ], [ -67.539703, 7.941854 ], [ -67.539039, 7.941524 ], [ -67.538399, 7.941238 ], [ -67.537575, 7.941020 ], [ -67.536675, 7.940824 ], [ -67.535843, 7.940698 ], [ -67.535088, 7.940596 ], [ -67.534325, 7.940470 ], [ -67.532837, 7.940128 ], [ -67.532074, 7.939910 ], [ -67.531319, 7.939532 ], [ -67.530449, 7.939176 ], [ -67.529671, 7.938613 ], [ -67.528969, 7.938121 ], [ -67.527939, 7.937898 ], [ -67.527107, 7.937210 ], [ -67.526672, 7.936770 ], [ -67.526169, 7.936216 ], [ -67.525642, 7.935616 ], [ -67.525223, 7.935086 ], [ -67.523903, 7.932941 ], [ -67.523483, 7.932364 ], [ -67.522713, 7.931166 ], [ -67.521637, 7.929299 ], [ -67.521065, 7.927847 ], [ -67.520744, 7.927110 ], [ -67.520470, 7.926374 ], [ -67.520226, 7.925752 ], [ -67.520065, 7.924901 ], [ -67.520020, 7.924281 ], [ -67.520042, 7.923649 ], [ -67.520180, 7.922853 ], [ -67.520584, 7.921399 ], [ -67.520584, 7.919554 ], [ -67.520202, 7.918791 ], [ -67.519776, 7.918004 ], [ -67.519463, 7.917310 ], [ -67.519096, 7.916661 ], [ -67.518669, 7.916012 ], [ -67.518150, 7.915201 ], [ -67.517563, 7.914457 ], [ -67.517136, 7.913876 ], [ -67.516609, 7.913249 ], [ -67.515922, 7.911973 ], [ -67.514877, 7.911662 ], [ -67.514267, 7.911263 ], [ -67.513550, 7.911092 ], [ -67.512558, 7.910964 ], [ -67.510811, 7.910316 ], [ -67.510124, 7.910054 ], [ -67.509437, 7.909816 ], [ -67.508705, 7.909622 ], [ -67.507897, 7.909544 ], [ -67.507042, 7.909624 ], [ -67.506256, 7.909797 ], [ -67.505516, 7.909789 ], [ -67.504829, 7.909664 ], [ -67.504005, 7.909424 ], [ -67.502724, 7.908809 ], [ -67.501045, 7.907982 ], [ -67.500389, 7.907561 ], [ -67.499794, 7.907024 ], [ -67.499130, 7.906533 ], [ -67.498398, 7.906064 ], [ -67.497673, 7.905710 ], [ -67.496864, 7.905354 ], [ -67.496224, 7.905048 ], [ -67.495216, 7.904851 ], [ -67.494453, 7.904680 ], [ -67.493721, 7.904602 ], [ -67.492935, 7.904568 ], [ -67.492157, 7.904443 ], [ -67.491371, 7.904294 ], [ -67.490616, 7.904124 ], [ -67.489830, 7.903999 ], [ -67.488220, 7.903635 ], [ -67.487350, 7.903600 ], [ -67.485435, 7.903667 ], [ -67.484695, 7.903679 ], [ -67.483909, 7.903646 ], [ -67.483200, 7.903545 ], [ -67.482460, 7.903512 ], [ -67.481766, 7.903503 ], [ -67.480873, 7.903445 ], [ -67.479904, 7.903365 ], [ -67.479187, 7.903493 ], [ -67.477661, 7.903610 ], [ -67.476944, 7.903693 ], [ -67.476090, 7.903820 ], [ -67.475311, 7.903901 ], [ -67.474434, 7.903867 ], [ -67.473717, 7.903789 ], [ -67.472992, 7.903757 ], [ -67.471344, 7.903735 ], [ -67.470589, 7.903701 ], [ -67.469688, 7.903528 ], [ -67.468926, 7.903426 ], [ -67.468101, 7.903210 ], [ -67.466377, 7.902934 ], [ -67.464790, 7.902568 ], [ -67.464127, 7.902399 ], [ -67.463303, 7.902112 ], [ -67.462242, 7.901868 ], [ -67.461159, 7.901693 ], [ -67.460449, 7.901616 ], [ -67.459251, 7.901553 ], [ -67.458374, 7.901588 ], [ -67.457291, 7.901390 ], [ -67.456490, 7.901104 ], [ -67.455734, 7.900773 ], [ -67.454750, 7.900300 ], [ -67.454109, 7.900039 ], [ -67.453446, 7.899662 ], [ -67.452698, 7.898802 ], [ -67.452019, 7.897965 ], [ -67.451424, 7.897338 ], [ -67.450836, 7.896686 ], [ -67.450195, 7.896058 ], [ -67.449539, 7.895543 ], [ -67.448921, 7.895214 ], [ -67.448258, 7.894814 ], [ -67.447434, 7.894343 ], [ -67.446770, 7.894129 ], [ -67.446106, 7.893867 ], [ -67.444779, 7.893069 ], [ -67.444092, 7.892576 ], [ -67.443382, 7.892108 ], [ -67.442741, 7.891708 ], [ -67.441963, 7.891285 ], [ -67.441216, 7.890792 ], [ -67.440208, 7.889928 ], [ -67.439591, 7.889599 ], [ -67.438858, 7.889290 ], [ -67.438034, 7.888844 ], [ -67.437210, 7.888488 ], [ -67.436569, 7.888249 ], [ -67.435737, 7.888078 ], [ -67.434845, 7.887928 ], [ -67.433968, 7.887847 ], [ -67.433182, 7.887861 ], [ -67.432518, 7.887990 ], [ -67.431885, 7.888326 ], [ -67.430695, 7.888839 ], [ -67.430359, 7.889684 ], [ -67.430031, 7.891153 ], [ -67.429596, 7.891806 ], [ -67.428802, 7.892931 ], [ -67.428207, 7.893327 ], [ -67.426910, 7.893632 ], [ -67.426079, 7.893629 ], [ -67.424927, 7.893594 ], [ -67.424210, 7.893756 ], [ -67.423500, 7.894147 ], [ -67.422912, 7.894567 ], [ -67.422272, 7.895144 ], [ -67.421799, 7.895659 ], [ -67.421150, 7.896466 ], [ -67.419846, 7.898266 ], [ -67.418823, 7.900028 ], [ -67.418365, 7.900657 ], [ -67.417587, 7.901944 ], [ -67.417038, 7.903008 ], [ -67.416718, 7.903733 ], [ -67.416313, 7.904963 ], [ -67.415970, 7.906217 ], [ -67.415741, 7.906899 ], [ -67.415444, 7.907649 ], [ -67.415047, 7.908442 ], [ -67.414680, 7.909029 ], [ -67.414276, 7.909523 ], [ -67.413819, 7.910037 ], [ -67.412781, 7.910902 ], [ -67.412193, 7.911274 ], [ -67.411087, 7.911861 ], [ -67.410248, 7.912087 ], [ -67.409416, 7.912361 ], [ -67.408508, 7.912586 ], [ -67.407181, 7.912982 ], [ -67.406456, 7.913188 ], [ -67.405388, 7.913546 ], [ -67.404366, 7.913814 ], [ -67.402382, 7.914351 ], [ -67.399689, 7.914405 ], [ -67.398804, 7.914562 ], [ -67.398063, 7.914631 ], [ -67.397400, 7.914450 ], [ -67.396911, 7.913860 ], [ -67.396629, 7.913230 ], [ -67.396400, 7.912557 ], [ -67.396103, 7.911881 ], [ -67.395584, 7.911405 ], [ -67.394371, 7.911068 ], [ -67.393562, 7.911894 ], [ -67.393753, 7.913188 ], [ -67.394051, 7.913955 ], [ -67.394348, 7.914609 ], [ -67.394653, 7.915239 ], [ -67.395126, 7.916335 ], [ -67.394844, 7.917360 ], [ -67.393723, 7.917831 ], [ -67.393104, 7.917468 ], [ -67.392662, 7.917039 ], [ -67.391930, 7.916121 ], [ -67.391297, 7.915088 ], [ -67.390991, 7.914458 ], [ -67.390381, 7.913383 ], [ -67.389389, 7.912592 ], [ -67.388847, 7.912254 ], [ -67.388046, 7.911402 ], [ -67.386970, 7.911047 ], [ -67.385712, 7.910846 ], [ -67.385116, 7.910644 ], [ -67.383636, 7.910092 ], [ -67.383118, 7.909617 ], [ -67.382530, 7.908541 ], [ -67.382294, 7.907890 ], [ -67.382110, 7.907285 ], [ -67.381744, 7.906355 ], [ -67.381378, 7.905631 ], [ -67.380760, 7.904647 ], [ -67.380440, 7.904085 ], [ -67.380135, 7.903477 ], [ -67.379784, 7.902937 ], [ -67.379219, 7.902506 ], [ -67.378532, 7.902256 ], [ -67.377777, 7.902093 ], [ -67.376480, 7.902284 ], [ -67.375854, 7.902425 ], [ -67.374657, 7.902986 ], [ -67.373703, 7.903501 ], [ -67.373139, 7.903743 ], [ -67.372413, 7.903928 ], [ -67.371216, 7.904051 ], [ -67.370544, 7.904077 ], [ -67.369400, 7.903881 ], [ -67.368790, 7.903471 ], [ -67.368141, 7.902899 ], [ -67.367691, 7.902402 ], [ -67.367103, 7.901327 ], [ -67.366890, 7.900722 ], [ -67.366707, 7.900095 ], [ -67.366585, 7.899494 ], [ -67.366371, 7.898912 ], [ -67.365975, 7.898325 ], [ -67.365082, 7.897539 ], [ -67.363930, 7.897503 ], [ -67.363159, 7.897686 ], [ -67.361954, 7.897856 ], [ -67.361320, 7.897674 ], [ -67.361168, 7.896521 ], [ -67.361648, 7.895938 ], [ -67.362236, 7.895565 ], [ -67.362984, 7.895243 ], [ -67.363663, 7.894874 ], [ -67.364601, 7.893707 ], [ -67.364861, 7.892772 ], [ -67.365021, 7.892065 ], [ -67.365082, 7.890894 ], [ -67.364876, 7.890151 ], [ -67.364273, 7.888892 ], [ -67.363472, 7.887947 ], [ -67.362869, 7.887376 ], [ -67.362236, 7.886874 ], [ -67.361565, 7.886371 ], [ -67.359344, 7.885060 ], [ -67.358704, 7.884764 ], [ -67.358093, 7.884583 ], [ -67.356964, 7.884526 ], [ -67.356270, 7.884551 ], [ -67.355484, 7.884549 ], [ -67.354362, 7.885181 ], [ -67.353592, 7.886192 ], [ -67.353294, 7.886781 ], [ -67.353134, 7.887397 ], [ -67.353188, 7.888042 ], [ -67.353416, 7.888693 ], [ -67.353889, 7.889742 ], [ -67.354011, 7.891103 ], [ -67.353958, 7.891906 ], [ -67.353844, 7.892615 ], [ -67.353546, 7.894054 ], [ -67.353317, 7.894645 ], [ -67.352623, 7.895612 ], [ -67.352005, 7.896076 ], [ -67.350929, 7.896594 ], [ -67.349647, 7.896393 ], [ -67.348984, 7.896188 ], [ -67.348412, 7.895872 ], [ -67.347946, 7.895467 ], [ -67.347382, 7.895013 ], [ -67.346886, 7.894583 ], [ -67.346321, 7.894244 ], [ -67.345566, 7.893302 ], [ -67.345406, 7.892584 ], [ -67.345337, 7.891892 ], [ -67.345497, 7.891276 ], [ -67.346313, 7.890243 ], [ -67.346810, 7.889845 ], [ -67.347305, 7.889422 ], [ -67.347824, 7.889025 ], [ -67.348488, 7.888541 ], [ -67.349007, 7.888142 ], [ -67.349457, 7.887720 ], [ -67.349915, 7.887227 ], [ -67.350250, 7.886709 ], [ -67.350548, 7.886074 ], [ -67.350746, 7.884931 ], [ -67.350296, 7.883790 ], [ -67.349876, 7.883272 ], [ -67.349312, 7.882932 ], [ -67.348000, 7.882937 ], [ -67.347198, 7.883373 ], [ -67.346542, 7.883836 ], [ -67.345520, 7.884677 ], [ -67.344856, 7.885369 ], [ -67.344254, 7.886110 ], [ -67.343765, 7.886876 ], [ -67.343376, 7.887576 ], [ -67.342987, 7.888300 ], [ -67.342667, 7.888819 ], [ -67.342354, 7.889362 ], [ -67.341942, 7.889946 ], [ -67.341362, 7.890733 ], [ -67.340469, 7.891901 ], [ -67.340057, 7.892509 ], [ -67.339623, 7.893093 ], [ -67.338699, 7.893984 ], [ -67.338081, 7.894517 ], [ -67.336952, 7.895309 ], [ -67.335915, 7.895899 ], [ -67.335289, 7.896109 ], [ -67.334274, 7.896675 ], [ -67.333786, 7.896293 ], [ -67.333946, 7.895630 ], [ -67.334259, 7.895065 ], [ -67.334671, 7.894389 ], [ -67.335015, 7.893777 ], [ -67.335266, 7.893050 ], [ -67.335411, 7.892228 ], [ -67.335228, 7.890864 ], [ -67.334923, 7.890280 ], [ -67.333870, 7.890018 ], [ -67.332924, 7.890609 ], [ -67.332313, 7.891027 ], [ -67.331238, 7.891430 ], [ -67.330101, 7.890936 ], [ -67.329613, 7.890369 ], [ -67.328407, 7.888446 ], [ -67.327965, 7.887788 ], [ -67.327522, 7.887223 ], [ -67.326698, 7.886254 ], [ -67.326348, 7.885737 ], [ -67.325890, 7.884942 ], [ -67.325470, 7.884491 ], [ -67.324829, 7.884287 ], [ -67.323654, 7.884136 ], [ -67.322922, 7.884090 ], [ -67.322227, 7.884115 ], [ -67.321625, 7.884211 ], [ -67.320885, 7.884303 ], [ -67.319099, 7.884570 ], [ -67.318482, 7.884550 ], [ -67.317627, 7.883765 ], [ -67.317925, 7.883084 ], [ -67.318336, 7.882545 ], [ -67.318863, 7.881987 ], [ -67.320267, 7.880559 ], [ -67.321197, 7.879553 ], [ -67.321655, 7.878877 ], [ -67.322121, 7.878133 ], [ -67.322517, 7.877249 ], [ -67.322937, 7.876388 ], [ -67.323158, 7.875798 ], [ -67.323410, 7.875185 ], [ -67.324181, 7.874219 ], [ -67.326736, 7.872207 ], [ -67.327278, 7.871718 ], [ -67.327690, 7.871179 ], [ -67.327965, 7.870543 ], [ -67.327934, 7.869277 ], [ -67.327370, 7.868203 ], [ -67.326904, 7.867751 ], [ -67.326126, 7.866693 ], [ -67.325913, 7.866112 ], [ -67.325798, 7.865372 ], [ -67.325821, 7.864154 ], [ -67.325951, 7.862778 ], [ -67.325951, 7.862158 ], [ -67.325882, 7.861488 ], [ -67.325386, 7.860347 ], [ -67.324867, 7.859916 ], [ -67.324089, 7.858973 ], [ -67.323837, 7.858183 ], [ -67.323677, 7.857557 ], [ -67.323563, 7.856681 ], [ -67.323586, 7.855991 ], [ -67.323586, 7.854725 ], [ -67.323608, 7.853900 ], [ -67.323608, 7.853256 ], [ -67.323631, 7.852474 ], [ -67.323586, 7.851760 ], [ -67.323425, 7.850904 ], [ -67.323128, 7.850091 ], [ -67.322731, 7.849596 ], [ -67.322143, 7.849279 ], [ -67.320908, 7.848941 ], [ -67.320289, 7.848807 ], [ -67.319168, 7.848496 ], [ -67.317261, 7.847587 ], [ -67.316696, 7.847270 ], [ -67.316131, 7.846838 ], [ -67.315636, 7.846432 ], [ -67.315193, 7.845981 ], [ -67.314568, 7.845388 ], [ -67.313980, 7.844863 ], [ -67.313469, 7.844387 ], [ -67.312973, 7.843982 ], [ -67.312157, 7.842944 ], [ -67.311615, 7.842398 ], [ -67.311005, 7.842150 ], [ -67.309563, 7.841852 ], [ -67.308670, 7.841617 ], [ -67.307846, 7.841316 ], [ -67.306984, 7.840968 ], [ -67.306305, 7.840486 ], [ -67.305244, 7.839855 ], [ -67.304298, 7.839228 ], [ -67.303284, 7.838460 ], [ -67.303009, 7.837647 ], [ -67.302757, 7.836972 ], [ -67.302521, 7.836276 ], [ -67.302338, 7.835648 ], [ -67.302170, 7.834978 ], [ -67.301735, 7.833400 ], [ -67.301529, 7.832682 ], [ -67.301300, 7.831938 ], [ -67.301002, 7.831170 ], [ -67.300705, 7.830493 ], [ -67.300423, 7.829888 ], [ -67.299782, 7.828925 ], [ -67.298950, 7.829842 ], [ -67.298737, 7.830548 ], [ -67.298569, 7.831462 ], [ -67.298317, 7.832972 ], [ -67.297905, 7.833465 ], [ -67.296585, 7.833170 ], [ -67.295685, 7.832429 ], [ -67.294746, 7.831366 ], [ -67.294182, 7.830981 ], [ -67.293457, 7.830590 ], [ -67.292915, 7.830252 ], [ -67.292305, 7.829888 ], [ -67.291718, 7.829640 ], [ -67.291054, 7.829458 ], [ -67.289856, 7.828753 ], [ -67.288902, 7.828103 ], [ -67.288117, 7.827504 ], [ -67.287621, 7.827144 ], [ -67.287056, 7.826712 ], [ -67.285927, 7.826033 ], [ -67.284820, 7.826023 ], [ -67.284126, 7.826184 ], [ -67.283409, 7.826277 ], [ -67.282806, 7.826373 ], [ -67.281929, 7.827127 ], [ -67.281517, 7.827643 ], [ -67.280403, 7.829379 ], [ -67.279503, 7.830823 ], [ -67.279099, 7.831293 ], [ -67.278198, 7.832092 ], [ -67.277611, 7.832374 ], [ -67.275787, 7.833212 ], [ -67.275162, 7.833354 ], [ -67.274483, 7.833471 ], [ -67.273674, 7.833538 ], [ -67.273003, 7.833610 ], [ -67.272270, 7.833609 ], [ -67.270958, 7.833522 ], [ -67.269745, 7.833162 ], [ -67.269089, 7.832843 ], [ -67.268547, 7.832550 ], [ -67.267860, 7.832207 ], [ -67.266914, 7.831534 ], [ -67.266327, 7.831193 ], [ -67.265114, 7.830971 ], [ -67.263863, 7.831255 ], [ -67.262703, 7.831403 ], [ -67.262054, 7.831589 ], [ -67.261322, 7.831912 ], [ -67.260574, 7.832256 ], [ -67.259483, 7.832589 ], [ -67.258164, 7.832640 ], [ -67.257050, 7.832238 ], [ -67.256584, 7.831740 ], [ -67.256111, 7.831312 ], [ -67.255737, 7.830795 ], [ -67.255524, 7.830213 ], [ -67.255432, 7.829520 ], [ -67.255226, 7.827375 ], [ -67.255127, 7.826705 ], [ -67.255081, 7.826084 ], [ -67.254936, 7.824815 ], [ -67.254852, 7.823870 ], [ -67.254677, 7.822897 ], [ -67.254509, 7.821696 ], [ -67.254227, 7.820424 ], [ -67.254036, 7.819798 ], [ -67.253265, 7.818646 ], [ -67.252212, 7.817648 ], [ -67.251724, 7.817241 ], [ -67.250732, 7.816567 ], [ -67.249573, 7.815957 ], [ -67.249008, 7.815686 ], [ -67.247894, 7.815008 ], [ -67.247215, 7.814618 ], [ -67.246467, 7.814204 ], [ -67.245903, 7.813957 ], [ -67.245239, 7.813751 ], [ -67.244621, 7.813525 ], [ -67.242348, 7.813316 ], [ -67.241219, 7.813258 ], [ -67.240601, 7.813169 ], [ -67.239555, 7.812654 ], [ -67.239021, 7.812269 ], [ -67.238976, 7.811326 ], [ -67.239731, 7.810982 ], [ -67.240967, 7.810537 ], [ -67.242020, 7.809972 ], [ -67.242660, 7.809486 ], [ -67.243637, 7.808527 ], [ -67.244354, 7.807540 ], [ -67.244812, 7.806334 ], [ -67.244926, 7.805649 ], [ -67.244972, 7.804984 ], [ -67.244873, 7.804314 ], [ -67.244217, 7.803213 ], [ -67.243149, 7.802743 ], [ -67.241982, 7.803303 ], [ -67.241570, 7.803773 ], [ -67.241280, 7.804339 ], [ -67.240646, 7.805400 ], [ -67.240257, 7.805986 ], [ -67.239380, 7.806671 ], [ -67.238777, 7.806905 ], [ -67.238052, 7.807205 ], [ -67.237419, 7.807437 ], [ -67.236710, 7.807461 ], [ -67.235496, 7.807033 ], [ -67.234932, 7.806072 ], [ -67.234901, 7.805405 ], [ -67.234909, 7.804576 ], [ -67.235039, 7.803408 ], [ -67.234970, 7.802671 ], [ -67.234810, 7.801976 ], [ -67.234169, 7.800920 ], [ -67.233246, 7.800318 ], [ -67.232514, 7.800157 ], [ -67.231071, 7.799950 ], [ -67.229813, 7.799636 ], [ -67.229202, 7.799317 ], [ -67.228065, 7.798661 ], [ -67.227272, 7.798223 ], [ -67.226303, 7.797640 ], [ -67.225403, 7.796946 ], [ -67.224846, 7.796445 ], [ -67.224373, 7.795925 ], [ -67.223808, 7.794826 ], [ -67.223457, 7.794218 ], [ -67.222946, 7.793120 ], [ -67.222740, 7.792195 ], [ -67.222649, 7.791433 ], [ -67.222626, 7.790053 ], [ -67.222725, 7.789252 ], [ -67.222809, 7.788052 ], [ -67.222176, 7.787823 ], [ -67.221603, 7.786802 ], [ -67.221321, 7.786127 ], [ -67.221001, 7.785450 ], [ -67.220741, 7.784798 ], [ -67.220421, 7.784053 ], [ -67.220184, 7.783470 ], [ -67.219513, 7.781540 ], [ -67.219261, 7.780843 ], [ -67.218971, 7.780305 ], [ -67.218674, 7.779629 ], [ -67.217873, 7.778822 ], [ -67.216606, 7.778623 ], [ -67.215660, 7.778777 ], [ -67.214584, 7.779134 ], [ -67.213959, 7.779297 ], [ -67.212585, 7.779807 ], [ -67.211906, 7.779969 ], [ -67.210983, 7.780170 ], [ -67.210243, 7.780147 ], [ -67.209557, 7.780056 ], [ -67.209022, 7.779350 ], [ -67.208824, 7.778470 ], [ -67.208450, 7.777125 ], [ -67.208084, 7.776470 ], [ -67.207420, 7.776242 ], [ -67.206840, 7.776430 ], [ -67.206177, 7.777537 ], [ -67.205910, 7.778149 ], [ -67.205498, 7.778619 ], [ -67.204819, 7.778943 ], [ -67.204010, 7.778986 ], [ -67.203132, 7.779098 ], [ -67.201889, 7.778966 ], [ -67.201256, 7.778694 ], [ -67.200691, 7.778400 ], [ -67.199944, 7.777963 ], [ -67.199303, 7.777827 ], [ -67.198036, 7.777719 ], [ -67.197167, 7.777553 ], [ -67.196434, 7.777439 ], [ -67.195869, 7.777145 ], [ -67.195305, 7.776736 ], [ -67.194710, 7.776557 ], [ -67.193413, 7.776608 ], [ -67.192009, 7.776702 ], [ -67.191132, 7.776675 ], [ -67.190354, 7.776581 ], [ -67.189636, 7.776719 ], [ -67.188896, 7.776765 ], [ -67.187874, 7.777630 ], [ -67.187348, 7.778257 ], [ -67.186752, 7.778883 ], [ -67.186318, 7.779375 ], [ -67.185699, 7.780045 ], [ -67.184364, 7.781291 ], [ -67.183845, 7.781712 ], [ -67.183235, 7.782014 ], [ -67.182518, 7.782267 ], [ -67.181862, 7.782385 ], [ -67.181167, 7.782593 ], [ -67.180534, 7.782826 ], [ -67.179405, 7.782952 ], [ -67.178627, 7.782858 ], [ -67.177086, 7.782603 ], [ -67.176354, 7.782557 ], [ -67.175591, 7.782625 ], [ -67.174690, 7.782689 ], [ -67.173637, 7.783024 ], [ -67.172874, 7.783138 ], [ -67.171867, 7.783037 ], [ -67.171112, 7.782853 ], [ -67.170326, 7.782827 ], [ -67.169640, 7.782691 ], [ -67.168862, 7.782574 ], [ -67.168198, 7.782485 ], [ -67.167580, 7.782351 ], [ -67.166435, 7.781924 ], [ -67.165733, 7.781511 ], [ -67.165123, 7.781101 ], [ -67.164398, 7.780112 ], [ -67.163689, 7.779171 ], [ -67.162788, 7.779211 ], [ -67.161529, 7.779678 ], [ -67.160896, 7.780072 ], [ -67.160095, 7.780552 ], [ -67.159553, 7.780857 ], [ -67.158806, 7.781247 ], [ -67.157684, 7.781764 ], [ -67.157005, 7.781926 ], [ -67.156357, 7.782205 ], [ -67.155258, 7.782699 ], [ -67.154099, 7.782893 ], [ -67.153458, 7.782804 ], [ -67.152885, 7.782556 ], [ -67.151970, 7.781791 ], [ -67.151657, 7.780562 ], [ -67.151817, 7.779923 ], [ -67.152100, 7.779197 ], [ -67.152443, 7.778449 ], [ -67.152855, 7.777727 ], [ -67.153534, 7.776805 ], [ -67.154663, 7.775485 ], [ -67.156105, 7.774242 ], [ -67.156838, 7.773070 ], [ -67.157112, 7.772411 ], [ -67.157318, 7.771751 ], [ -67.157501, 7.771021 ], [ -67.157959, 7.769058 ], [ -67.158180, 7.767800 ], [ -67.158279, 7.766908 ], [ -67.158241, 7.765825 ], [ -67.158058, 7.764533 ], [ -67.157890, 7.763929 ], [ -67.157517, 7.763319 ], [ -67.156982, 7.762890 ], [ -67.156509, 7.762368 ], [ -67.155930, 7.761890 ], [ -67.155342, 7.761573 ], [ -67.154701, 7.761346 ], [ -67.153992, 7.761140 ], [ -67.153259, 7.761024 ], [ -67.152435, 7.760861 ], [ -67.150734, 7.760808 ], [ -67.150063, 7.760879 ], [ -67.148880, 7.761025 ], [ -67.147903, 7.761248 ], [ -67.147072, 7.761405 ], [ -67.146164, 7.761722 ], [ -67.145317, 7.762039 ], [ -67.144310, 7.762559 ], [ -67.143814, 7.762981 ], [ -67.143272, 7.763400 ], [ -67.142799, 7.763823 ], [ -67.141678, 7.764776 ], [ -67.141113, 7.765242 ], [ -67.140572, 7.765662 ], [ -67.139671, 7.766214 ], [ -67.138786, 7.766685 ], [ -67.138206, 7.766874 ], [ -67.137581, 7.766946 ], [ -67.136383, 7.766817 ], [ -67.135536, 7.766652 ], [ -67.134918, 7.766495 ], [ -67.134399, 7.766157 ], [ -67.133575, 7.765395 ], [ -67.133164, 7.764600 ], [ -67.132484, 7.764189 ], [ -67.131119, 7.764283 ], [ -67.129936, 7.764590 ], [ -67.129097, 7.764793 ], [ -67.128098, 7.764969 ], [ -67.127403, 7.765063 ], [ -67.126640, 7.765153 ], [ -67.125923, 7.765338 ], [ -67.125130, 7.765589 ], [ -67.124435, 7.765797 ], [ -67.123154, 7.766101 ], [ -67.121948, 7.766294 ], [ -67.120506, 7.766616 ], [ -67.119720, 7.766775 ], [ -67.118980, 7.766844 ], [ -67.117691, 7.766803 ], [ -67.116936, 7.766687 ], [ -67.116341, 7.766531 ], [ -67.114944, 7.766257 ], [ -67.113701, 7.766195 ], [ -67.112251, 7.766241 ], [ -67.111023, 7.766409 ], [ -67.109703, 7.766529 ], [ -67.109077, 7.766578 ], [ -67.107399, 7.767306 ], [ -67.106651, 7.767582 ], [ -67.105812, 7.767877 ], [ -67.104836, 7.768192 ], [ -67.103462, 7.768561 ], [ -67.102714, 7.768722 ], [ -67.102043, 7.768816 ], [ -67.101219, 7.768813 ], [ -67.099915, 7.768380 ], [ -67.098808, 7.767748 ], [ -67.097092, 7.766622 ], [ -67.096520, 7.766328 ], [ -67.095955, 7.766079 ], [ -67.095360, 7.765945 ], [ -67.094238, 7.766394 ], [ -67.093696, 7.766882 ], [ -67.093285, 7.767352 ], [ -67.092514, 7.768477 ], [ -67.092178, 7.769570 ], [ -67.092178, 7.770215 ], [ -67.092300, 7.770839 ], [ -67.092499, 7.771718 ], [ -67.092918, 7.772973 ], [ -67.093079, 7.773715 ], [ -67.093269, 7.774916 ], [ -67.093269, 7.775651 ], [ -67.092812, 7.777016 ], [ -67.091980, 7.777817 ], [ -67.091415, 7.778145 ], [ -67.090553, 7.778463 ], [ -67.089783, 7.778668 ], [ -67.089020, 7.778827 ], [ -67.088043, 7.779073 ], [ -67.087189, 7.779230 ], [ -67.086235, 7.779452 ], [ -67.083862, 7.779975 ], [ -67.082847, 7.780173 ], [ -67.081245, 7.780398 ], [ -67.080391, 7.780509 ], [ -67.079765, 7.780605 ], [ -67.078507, 7.780909 ], [ -67.077766, 7.781024 ], [ -67.077118, 7.781210 ], [ -67.075813, 7.781606 ], [ -67.074257, 7.782040 ], [ -67.072884, 7.782479 ], [ -67.071739, 7.782856 ], [ -67.070786, 7.783125 ], [ -67.070091, 7.783264 ], [ -67.069443, 7.783336 ], [ -67.067162, 7.783309 ], [ -67.066467, 7.783403 ], [ -67.065864, 7.783498 ], [ -67.065147, 7.783637 ], [ -67.064423, 7.783958 ], [ -67.063461, 7.784457 ], [ -67.062363, 7.784928 ], [ -67.061379, 7.785310 ], [ -67.060219, 7.785665 ], [ -67.058838, 7.785529 ], [ -67.058014, 7.785343 ], [ -67.057281, 7.785112 ], [ -67.056664, 7.784999 ], [ -67.055969, 7.785025 ], [ -67.054741, 7.785422 ], [ -67.054069, 7.786067 ], [ -67.053589, 7.786603 ], [ -67.053177, 7.787281 ], [ -67.052818, 7.788420 ], [ -67.052544, 7.789216 ], [ -67.052269, 7.789873 ], [ -67.051994, 7.790439 ], [ -67.051651, 7.791026 ], [ -67.051170, 7.791585 ], [ -67.050575, 7.792096 ], [ -67.049507, 7.792521 ], [ -67.048431, 7.792326 ], [ -67.047134, 7.791664 ], [ -67.046051, 7.790917 ], [ -67.045540, 7.790488 ], [ -67.045113, 7.789991 ], [ -67.044762, 7.789474 ], [ -67.044510, 7.788892 ], [ -67.043922, 7.787701 ], [ -67.043404, 7.787361 ], [ -67.042694, 7.787132 ], [ -67.041374, 7.786654 ], [ -67.040009, 7.786128 ], [ -67.038971, 7.785383 ], [ -67.038460, 7.784906 ], [ -67.037994, 7.784409 ], [ -67.037499, 7.783911 ], [ -67.037079, 7.783322 ], [ -67.036469, 7.782361 ], [ -67.036072, 7.781796 ], [ -67.035606, 7.781276 ], [ -67.034660, 7.780533 ], [ -67.034096, 7.780193 ], [ -67.032936, 7.779651 ], [ -67.031662, 7.779196 ], [ -67.030128, 7.778757 ], [ -67.029419, 7.778573 ], [ -67.028786, 7.778369 ], [ -67.027413, 7.778004 ], [ -67.026894, 7.777665 ], [ -67.026123, 7.777228 ], [ -67.025589, 7.776773 ], [ -67.025078, 7.776136 ], [ -67.024818, 7.775577 ], [ -67.024635, 7.774950 ], [ -67.024399, 7.774368 ], [ -67.024139, 7.773785 ], [ -67.023766, 7.772486 ], [ -67.023293, 7.771482 ], [ -67.022568, 7.770402 ], [ -67.022072, 7.770040 ], [ -67.020889, 7.769452 ], [ -67.020325, 7.769227 ], [ -67.018105, 7.767961 ], [ -67.017097, 7.767079 ], [ -67.016373, 7.766573 ], [ -67.015694, 7.766253 ], [ -67.014877, 7.765973 ], [ -67.014267, 7.765610 ], [ -67.013733, 7.765063 ], [ -67.012794, 7.764021 ], [ -67.012306, 7.763363 ], [ -67.011818, 7.762796 ], [ -67.011353, 7.762367 ], [ -67.010475, 7.761696 ], [ -67.009315, 7.761269 ], [ -67.008728, 7.760927 ], [ -67.008163, 7.760565 ], [ -67.007576, 7.760224 ], [ -67.007004, 7.759930 ], [ -67.005981, 7.760105 ], [ -67.005447, 7.761121 ], [ -67.005424, 7.761811 ], [ -67.005424, 7.762548 ], [ -67.005333, 7.763164 ], [ -67.005493, 7.763906 ], [ -67.005844, 7.764537 ], [ -67.006027, 7.765187 ], [ -67.006218, 7.766389 ], [ -67.006210, 7.767262 ], [ -67.006096, 7.767971 ], [ -67.005867, 7.768607 ], [ -67.005226, 7.769874 ], [ -67.004677, 7.770569 ], [ -67.004204, 7.771014 ], [ -67.003609, 7.771409 ], [ -67.002891, 7.771616 ], [ -67.002243, 7.771733 ], [ -67.000961, 7.771394 ], [ -67.000305, 7.771143 ], [ -66.999214, 7.770766 ], [ -66.998520, 7.770722 ], [ -66.997643, 7.770932 ], [ -66.996910, 7.771280 ], [ -66.995667, 7.771583 ], [ -66.993889, 7.771681 ], [ -66.993225, 7.771684 ], [ -66.992043, 7.771642 ], [ -66.991424, 7.771667 ], [ -66.990753, 7.771600 ], [ -66.990158, 7.771419 ], [ -66.988769, 7.771032 ], [ -66.988098, 7.770874 ], [ -66.986923, 7.770372 ], [ -66.986046, 7.769640 ], [ -66.985237, 7.769160 ], [ -66.984566, 7.769023 ], [ -66.983925, 7.768911 ], [ -66.983185, 7.768615 ], [ -66.982582, 7.768342 ], [ -66.981842, 7.768183 ], [ -66.981224, 7.768255 ], [ -66.980461, 7.768419 ], [ -66.979637, 7.768674 ], [ -66.978363, 7.768931 ], [ -66.977470, 7.768934 ], [ -66.975990, 7.768847 ], [ -66.975304, 7.768849 ], [ -66.974403, 7.768898 ], [ -66.973686, 7.768878 ], [ -66.972328, 7.768285 ], [ -66.971771, 7.767919 ], [ -66.970734, 7.767096 ], [ -66.969879, 7.766707 ], [ -66.968697, 7.765999 ], [ -66.968147, 7.765656 ], [ -66.967407, 7.765222 ], [ -66.966454, 7.764421 ], [ -66.965691, 7.763481 ], [ -66.965370, 7.762861 ], [ -66.965111, 7.761782 ], [ -66.965157, 7.760816 ], [ -66.965317, 7.760172 ], [ -66.966362, 7.757388 ], [ -66.966568, 7.756765 ], [ -66.966820, 7.755960 ], [ -66.967163, 7.754580 ], [ -66.967293, 7.753293 ], [ -66.966881, 7.752007 ], [ -66.966209, 7.751526 ], [ -66.965469, 7.752470 ], [ -66.965149, 7.753023 ], [ -66.964920, 7.753623 ], [ -66.964127, 7.755854 ], [ -66.963318, 7.756661 ], [ -66.962700, 7.756756 ], [ -66.962006, 7.755862 ], [ -66.961540, 7.755358 ], [ -66.961075, 7.754876 ], [ -66.960381, 7.753775 ], [ -66.959572, 7.752583 ], [ -66.958672, 7.751597 ], [ -66.958137, 7.750956 ], [ -66.957672, 7.750336 ], [ -66.956589, 7.749697 ], [ -66.956062, 7.750021 ], [ -66.955696, 7.750642 ], [ -66.955032, 7.751542 ], [ -66.953903, 7.751959 ], [ -66.953186, 7.751869 ], [ -66.952103, 7.751389 ], [ -66.950851, 7.750728 ], [ -66.950134, 7.750386 ], [ -66.949425, 7.750158 ], [ -66.948799, 7.749976 ], [ -66.948196, 7.749748 ], [ -66.947579, 7.749567 ], [ -66.946976, 7.749408 ], [ -66.945847, 7.749206 ], [ -66.944740, 7.748932 ], [ -66.944092, 7.748637 ], [ -66.943008, 7.747836 ], [ -66.941849, 7.747127 ], [ -66.940514, 7.746373 ], [ -66.939980, 7.745983 ], [ -66.939362, 7.745549 ], [ -66.938202, 7.744932 ], [ -66.937462, 7.744728 ], [ -66.936844, 7.744775 ], [ -66.936195, 7.745122 ], [ -66.935394, 7.745999 ], [ -66.934776, 7.747242 ], [ -66.934181, 7.748487 ], [ -66.933815, 7.749062 ], [ -66.933334, 7.749707 ], [ -66.932732, 7.750169 ], [ -66.932205, 7.750538 ], [ -66.930939, 7.751370 ], [ -66.930161, 7.751925 ], [ -66.929077, 7.752641 ], [ -66.928413, 7.753033 ], [ -66.927742, 7.753335 ], [ -66.927124, 7.753590 ], [ -66.925438, 7.754077 ], [ -66.924706, 7.754356 ], [ -66.924080, 7.754449 ], [ -66.923439, 7.754292 ], [ -66.922722, 7.753950 ], [ -66.922051, 7.753791 ], [ -66.921287, 7.753747 ], [ -66.920578, 7.753612 ], [ -66.919929, 7.753475 ], [ -66.919258, 7.753478 ], [ -66.917099, 7.754335 ], [ -66.916336, 7.754568 ], [ -66.915535, 7.754892 ], [ -66.914841, 7.755193 ], [ -66.914177, 7.755724 ], [ -66.913528, 7.756300 ], [ -66.912842, 7.756855 ], [ -66.912125, 7.757386 ], [ -66.911301, 7.757756 ], [ -66.910469, 7.758058 ], [ -66.909897, 7.758289 ], [ -66.909248, 7.758430 ], [ -66.907890, 7.758296 ], [ -66.907265, 7.758160 ], [ -66.906525, 7.757956 ], [ -66.905304, 7.757569 ], [ -66.904663, 7.757410 ], [ -66.903877, 7.757114 ], [ -66.903092, 7.756726 ], [ -66.901893, 7.756386 ], [ -66.901016, 7.756181 ], [ -66.899681, 7.756002 ], [ -66.899078, 7.755843 ], [ -66.898247, 7.755593 ], [ -66.896583, 7.754840 ], [ -66.895912, 7.754428 ], [ -66.895317, 7.754039 ], [ -66.894783, 7.753673 ], [ -66.894089, 7.753077 ], [ -66.893486, 7.752459 ], [ -66.892982, 7.751909 ], [ -66.892517, 7.751153 ], [ -66.891869, 7.750924 ], [ -66.891273, 7.750789 ], [ -66.890114, 7.750402 ], [ -66.889008, 7.750245 ], [ -66.888390, 7.749809 ], [ -66.887833, 7.749076 ], [ -66.887505, 7.747859 ], [ -66.887794, 7.745927 ], [ -66.887886, 7.745053 ], [ -66.888069, 7.744271 ], [ -66.888161, 7.742937 ], [ -66.887924, 7.742203 ], [ -66.887619, 7.741400 ], [ -66.887230, 7.740642 ], [ -66.886902, 7.740114 ], [ -66.886139, 7.739266 ], [ -66.885170, 7.738626 ], [ -66.884430, 7.738168 ], [ -66.883438, 7.737391 ], [ -66.882904, 7.736910 ], [ -66.882469, 7.736336 ], [ -66.881729, 7.734868 ], [ -66.881538, 7.734271 ], [ -66.881393, 7.732914 ], [ -66.881416, 7.732295 ], [ -66.881363, 7.730847 ], [ -66.881157, 7.729974 ], [ -66.880463, 7.728849 ], [ -66.879791, 7.728990 ], [ -66.878990, 7.729475 ], [ -66.878227, 7.729891 ], [ -66.877655, 7.730123 ], [ -66.876938, 7.730287 ], [ -66.876251, 7.730150 ], [ -66.875229, 7.729441 ], [ -66.874374, 7.728662 ], [ -66.872528, 7.727427 ], [ -66.872063, 7.726923 ], [ -66.871651, 7.726442 ], [ -66.870911, 7.726099 ], [ -66.870148, 7.726033 ], [ -66.869347, 7.726059 ], [ -66.868675, 7.726198 ], [ -66.868027, 7.726293 ], [ -66.867340, 7.726433 ], [ -66.866715, 7.726527 ], [ -66.865959, 7.726598 ], [ -66.864761, 7.726579 ], [ -66.864067, 7.726490 ], [ -66.863304, 7.726216 ], [ -66.862709, 7.726058 ], [ -66.861923, 7.725784 ], [ -66.861069, 7.725419 ], [ -66.859428, 7.724665 ], [ -66.858048, 7.724417 ], [ -66.857422, 7.724510 ], [ -66.856804, 7.724627 ], [ -66.856018, 7.724722 ], [ -66.855278, 7.724725 ], [ -66.854362, 7.724773 ], [ -66.853714, 7.724684 ], [ -66.852471, 7.724779 ], [ -66.851730, 7.724621 ], [ -66.851090, 7.724600 ], [ -66.850326, 7.724556 ], [ -66.849655, 7.724627 ], [ -66.849060, 7.724744 ], [ -66.847748, 7.725139 ], [ -66.846939, 7.725303 ], [ -66.845902, 7.725996 ], [ -66.845581, 7.726594 ], [ -66.845467, 7.727329 ], [ -66.845406, 7.728158 ], [ -66.845429, 7.728825 ], [ -66.845543, 7.729560 ], [ -66.845711, 7.730456 ], [ -66.845802, 7.731075 ], [ -66.846108, 7.732408 ], [ -66.846153, 7.733120 ], [ -66.846024, 7.734292 ], [ -66.845840, 7.734983 ], [ -66.845589, 7.735742 ], [ -66.845245, 7.736571 ], [ -66.844925, 7.737215 ], [ -66.844124, 7.738252 ], [ -66.842972, 7.738440 ], [ -66.842346, 7.738304 ], [ -66.841675, 7.738169 ], [ -66.840546, 7.737689 ], [ -66.839920, 7.737438 ], [ -66.839325, 7.737302 ], [ -66.837547, 7.737169 ], [ -66.836349, 7.736921 ], [ -66.835014, 7.736327 ], [ -66.834503, 7.735915 ], [ -66.833694, 7.735067 ], [ -66.833275, 7.734471 ], [ -66.832817, 7.733943 ], [ -66.832146, 7.733280 ], [ -66.831520, 7.732546 ], [ -66.831032, 7.732042 ], [ -66.830414, 7.731860 ], [ -66.829514, 7.731793 ], [ -66.828568, 7.731865 ], [ -66.827713, 7.731891 ], [ -66.826813, 7.731940 ], [ -66.826057, 7.732035 ], [ -66.825409, 7.732174 ], [ -66.824699, 7.732406 ], [ -66.823891, 7.732638 ], [ -66.822807, 7.732986 ], [ -66.821838, 7.733334 ], [ -66.821083, 7.733589 ], [ -66.819977, 7.733823 ], [ -66.819306, 7.733848 ], [ -66.818039, 7.733967 ], [ -66.816612, 7.733833 ], [ -66.815964, 7.733835 ], [ -66.815254, 7.733860 ], [ -66.814514, 7.733748 ], [ -66.813705, 7.733567 ], [ -66.813019, 7.733362 ], [ -66.811973, 7.732835 ], [ -66.811447, 7.732447 ], [ -66.810753, 7.731875 ], [ -66.810333, 7.731370 ], [ -66.809898, 7.730798 ], [ -66.808761, 7.729721 ], [ -66.808350, 7.728803 ], [ -66.808113, 7.727860 ], [ -66.807762, 7.727126 ], [ -66.807327, 7.726439 ], [ -66.806282, 7.725337 ], [ -66.805382, 7.724422 ], [ -66.803856, 7.723162 ], [ -66.803352, 7.722796 ], [ -66.802910, 7.722245 ], [ -66.802498, 7.721672 ], [ -66.801941, 7.720938 ], [ -66.801338, 7.720181 ], [ -66.800644, 7.719426 ], [ -66.799904, 7.718853 ], [ -66.799004, 7.718373 ], [ -66.798103, 7.718054 ], [ -66.797317, 7.717642 ], [ -66.796631, 7.717185 ], [ -66.795891, 7.716521 ], [ -66.795174, 7.715627 ], [ -66.794800, 7.714939 ], [ -66.794479, 7.714204 ], [ -66.794060, 7.712573 ], [ -66.793823, 7.711861 ], [ -66.793312, 7.710967 ], [ -66.792641, 7.710050 ], [ -66.792084, 7.709270 ], [ -66.791580, 7.708719 ], [ -66.790909, 7.707964 ], [ -66.790215, 7.707230 ], [ -66.789246, 7.706566 ], [ -66.788551, 7.706545 ], [ -66.788071, 7.707582 ], [ -66.788513, 7.708890 ], [ -66.788727, 7.709693 ], [ -66.788887, 7.710360 ], [ -66.788978, 7.711256 ], [ -66.788872, 7.712060 ], [ -66.788666, 7.712911 ], [ -66.788048, 7.714430 ], [ -66.787567, 7.714869 ], [ -66.786461, 7.714802 ], [ -66.785835, 7.714460 ], [ -66.785415, 7.713910 ], [ -66.785027, 7.713152 ], [ -66.784164, 7.711708 ], [ -66.783867, 7.711156 ], [ -66.783516, 7.710606 ], [ -66.782776, 7.709712 ], [ -66.781601, 7.709853 ], [ -66.781304, 7.711004 ], [ -66.781174, 7.711624 ], [ -66.780922, 7.712981 ], [ -66.780716, 7.713648 ], [ -66.780373, 7.714246 ], [ -66.779892, 7.714731 ], [ -66.779335, 7.715123 ], [ -66.778648, 7.715218 ], [ -66.778023, 7.715104 ], [ -66.777351, 7.714762 ], [ -66.776756, 7.714488 ], [ -66.774795, 7.713804 ], [ -66.774101, 7.713392 ], [ -66.773155, 7.712523 ], [ -66.773079, 7.711396 ], [ -66.773514, 7.710314 ], [ -66.773720, 7.709670 ], [ -66.773789, 7.709026 ], [ -66.773811, 7.708177 ], [ -66.773781, 7.707440 ], [ -66.773735, 7.706705 ], [ -66.773506, 7.706132 ], [ -66.773087, 7.705557 ], [ -66.772140, 7.704871 ], [ -66.771561, 7.704574 ], [ -66.770874, 7.704507 ], [ -66.770180, 7.704693 ], [ -66.769356, 7.704833 ], [ -66.768524, 7.704928 ], [ -66.767670, 7.705092 ], [ -66.766747, 7.705255 ], [ -66.765411, 7.705512 ], [ -66.764748, 7.705675 ], [ -66.763481, 7.705909 ], [ -66.761543, 7.706352 ], [ -66.760368, 7.706561 ], [ -66.759773, 7.706425 ], [ -66.759170, 7.705922 ], [ -66.758842, 7.705164 ], [ -66.758888, 7.704314 ], [ -66.759117, 7.703578 ], [ -66.759300, 7.702887 ], [ -66.759552, 7.701553 ], [ -66.759361, 7.700911 ], [ -66.758881, 7.700177 ], [ -66.758484, 7.699626 ], [ -66.757973, 7.699283 ], [ -66.756912, 7.698781 ], [ -66.756172, 7.698530 ], [ -66.754906, 7.698533 ], [ -66.754036, 7.698720 ], [ -66.753158, 7.699021 ], [ -66.750854, 7.700131 ], [ -66.750145, 7.700386 ], [ -66.749496, 7.700341 ], [ -66.748756, 7.700000 ], [ -66.748024, 7.699542 ], [ -66.747375, 7.699153 ], [ -66.746132, 7.699248 ], [ -66.745461, 7.699710 ], [ -66.744980, 7.700126 ], [ -66.744476, 7.700495 ], [ -66.743164, 7.700775 ], [ -66.742538, 7.700593 ], [ -66.741363, 7.700274 ], [ -66.740738, 7.700024 ], [ -66.740211, 7.699680 ], [ -66.739632, 7.699268 ], [ -66.739143, 7.698833 ], [ -66.738640, 7.698444 ], [ -66.738037, 7.698055 ], [ -66.737228, 7.697690 ], [ -66.736336, 7.697554 ], [ -66.734810, 7.697604 ], [ -66.734192, 7.697583 ], [ -66.733520, 7.697516 ], [ -66.732872, 7.697403 ], [ -66.732208, 7.697199 ], [ -66.731125, 7.696489 ], [ -66.730797, 7.695800 ], [ -66.730240, 7.694515 ], [ -66.729637, 7.693530 ], [ -66.729080, 7.692933 ], [ -66.728554, 7.692429 ], [ -66.727951, 7.691879 ], [ -66.727371, 7.691398 ], [ -66.726425, 7.690390 ], [ -66.725899, 7.689885 ], [ -66.725273, 7.689473 ], [ -66.724556, 7.689200 ], [ -66.723839, 7.689248 ], [ -66.722877, 7.689987 ], [ -66.722786, 7.690699 ], [ -66.722809, 7.691411 ], [ -66.723274, 7.692605 ], [ -66.723763, 7.693155 ], [ -66.724289, 7.693544 ], [ -66.725006, 7.693795 ], [ -66.725746, 7.694000 ], [ -66.726875, 7.694387 ], [ -66.727432, 7.694753 ], [ -66.727707, 7.695373 ], [ -66.727364, 7.695971 ], [ -66.726791, 7.696226 ], [ -66.726097, 7.696435 ], [ -66.725479, 7.696506 ], [ -66.724853, 7.696668 ], [ -66.724068, 7.696809 ], [ -66.723221, 7.697041 ], [ -66.722504, 7.697250 ], [ -66.721909, 7.697435 ], [ -66.721260, 7.697552 ], [ -66.719208, 7.697420 ], [ -66.718475, 7.697445 ], [ -66.717781, 7.697516 ], [ -66.717132, 7.697564 ], [ -66.715866, 7.697407 ], [ -66.715271, 7.696972 ], [ -66.715080, 7.696307 ], [ -66.715012, 7.695180 ], [ -66.714844, 7.694399 ], [ -66.714569, 7.693780 ], [ -66.714150, 7.693252 ], [ -66.713226, 7.692611 ], [ -66.712563, 7.692567 ], [ -66.711800, 7.692707 ], [ -66.711136, 7.692939 ], [ -66.710396, 7.693148 ], [ -66.709724, 7.693218 ], [ -66.708740, 7.693774 ], [ -66.707748, 7.694511 ], [ -66.706947, 7.695295 ], [ -66.706375, 7.695917 ], [ -66.705521, 7.697138 ], [ -66.705017, 7.697990 ], [ -66.704422, 7.698956 ], [ -66.703896, 7.699647 ], [ -66.702766, 7.700685 ], [ -66.701775, 7.701262 ], [ -66.700745, 7.701679 ], [ -66.699798, 7.702440 ], [ -66.698692, 7.703063 ], [ -66.698120, 7.703318 ], [ -66.696968, 7.703988 ], [ -66.696251, 7.704128 ], [ -66.695518, 7.704061 ], [ -66.694870, 7.704040 ], [ -66.694183, 7.704065 ], [ -66.692963, 7.704252 ], [ -66.692131, 7.704392 ], [ -66.691002, 7.704418 ], [ -66.690354, 7.704719 ], [ -66.689850, 7.705180 ], [ -66.689392, 7.705618 ], [ -66.689003, 7.706125 ], [ -66.688240, 7.707300 ], [ -66.687851, 7.708105 ], [ -66.687622, 7.708795 ], [ -66.687447, 7.709829 ], [ -66.687447, 7.710566 ], [ -66.687706, 7.712334 ], [ -66.687866, 7.713114 ], [ -66.688026, 7.713735 ], [ -66.688217, 7.714355 ], [ -66.688469, 7.715066 ], [ -66.688660, 7.716214 ], [ -66.688705, 7.716928 ], [ -66.688705, 7.717548 ], [ -66.688690, 7.718284 ], [ -66.688576, 7.718973 ], [ -66.688209, 7.720261 ], [ -66.687843, 7.721090 ], [ -66.687271, 7.722057 ], [ -66.686768, 7.722725 ], [ -66.686256, 7.723140 ], [ -66.685173, 7.723741 ], [ -66.684601, 7.723972 ], [ -66.683792, 7.724065 ], [ -66.683014, 7.724045 ], [ -66.682251, 7.723840 ], [ -66.681671, 7.723588 ], [ -66.680725, 7.722948 ], [ -66.680244, 7.722489 ], [ -66.679321, 7.721573 ], [ -66.678833, 7.720977 ], [ -66.678345, 7.720357 ], [ -66.678024, 7.719716 ], [ -66.677811, 7.719141 ], [ -66.677467, 7.718062 ], [ -66.677345, 7.717465 ], [ -66.677277, 7.716776 ], [ -66.676926, 7.714869 ], [ -66.676834, 7.713583 ], [ -66.676735, 7.712824 ], [ -66.676689, 7.712111 ], [ -66.676712, 7.711353 ], [ -66.676865, 7.709837 ], [ -66.677345, 7.708019 ], [ -66.677620, 7.707146 ], [ -66.677895, 7.706455 ], [ -66.678284, 7.705764 ], [ -66.678650, 7.705257 ], [ -66.679253, 7.704750 ], [ -66.680382, 7.704793 ], [ -66.680977, 7.704998 ], [ -66.681648, 7.704835 ], [ -66.682289, 7.704627 ], [ -66.682869, 7.704350 ], [ -66.683533, 7.703221 ], [ -66.682930, 7.702281 ], [ -66.681709, 7.701572 ], [ -66.681061, 7.701481 ], [ -66.679886, 7.701737 ], [ -66.679222, 7.702061 ], [ -66.678574, 7.702408 ], [ -66.678024, 7.702800 ], [ -66.677032, 7.703654 ], [ -66.676071, 7.704300 ], [ -66.675469, 7.704761 ], [ -66.674713, 7.705200 ], [ -66.674133, 7.705569 ], [ -66.671677, 7.707323 ], [ -66.670593, 7.708153 ], [ -66.669952, 7.708499 ], [ -66.669350, 7.708639 ], [ -66.668014, 7.708505 ], [ -66.667412, 7.708299 ], [ -66.666748, 7.708094 ], [ -66.666145, 7.707889 ], [ -66.665382, 7.707708 ], [ -66.664764, 7.707618 ], [ -66.664024, 7.707160 ], [ -66.663773, 7.706585 ], [ -66.663696, 7.705965 ], [ -66.663513, 7.705231 ], [ -66.663437, 7.704358 ], [ -66.663483, 7.703737 ], [ -66.663551, 7.702978 ], [ -66.663849, 7.701782 ], [ -66.664169, 7.701207 ], [ -66.664513, 7.700700 ], [ -66.664627, 7.700057 ], [ -66.664490, 7.699344 ], [ -66.664322, 7.698678 ], [ -66.663612, 7.697968 ], [ -66.662826, 7.697925 ], [ -66.662109, 7.698041 ], [ -66.661537, 7.698342 ], [ -66.660889, 7.698735 ], [ -66.660111, 7.699379 ], [ -66.657921, 7.700857 ], [ -66.657303, 7.701248 ], [ -66.656776, 7.701572 ], [ -66.655762, 7.702012 ], [ -66.654587, 7.701946 ], [ -66.653389, 7.701719 ], [ -66.652512, 7.701654 ], [ -66.651863, 7.701654 ], [ -66.651153, 7.701703 ], [ -66.650299, 7.701958 ], [ -66.649033, 7.702581 ], [ -66.648460, 7.702905 ], [ -66.647423, 7.703781 ], [ -66.646965, 7.704862 ], [ -66.646805, 7.705644 ], [ -66.646668, 7.706242 ], [ -66.646439, 7.706887 ], [ -66.646164, 7.707577 ], [ -66.645638, 7.708497 ], [ -66.645248, 7.709050 ], [ -66.644905, 7.709626 ], [ -66.643295, 7.711514 ], [ -66.642677, 7.712343 ], [ -66.642036, 7.713356 ], [ -66.641533, 7.714300 ], [ -66.640816, 7.715795 ], [ -66.640312, 7.716762 ], [ -66.640015, 7.717291 ], [ -66.639442, 7.718167 ], [ -66.638939, 7.718996 ], [ -66.638527, 7.719777 ], [ -66.637955, 7.721134 ], [ -66.637795, 7.721870 ], [ -66.637726, 7.722675 ], [ -66.637726, 7.723618 ], [ -66.637802, 7.724353 ], [ -66.637825, 7.725386 ], [ -66.637779, 7.726214 ], [ -66.637596, 7.726973 ], [ -66.637367, 7.727571 ], [ -66.636589, 7.728837 ], [ -66.636154, 7.729412 ], [ -66.635582, 7.730104 ], [ -66.634979, 7.730749 ], [ -66.634453, 7.731256 ], [ -66.633720, 7.732544 ], [ -66.634041, 7.733095 ], [ -66.634621, 7.733462 ], [ -66.635773, 7.733022 ], [ -66.636574, 7.732560 ], [ -66.637428, 7.731984 ], [ -66.638023, 7.731545 ], [ -66.638809, 7.731106 ], [ -66.639771, 7.730643 ], [ -66.640625, 7.730298 ], [ -66.641296, 7.730042 ], [ -66.641937, 7.729903 ], [ -66.642677, 7.729900 ], [ -66.643600, 7.730059 ], [ -66.644493, 7.730287 ], [ -66.645325, 7.730583 ], [ -66.646088, 7.731063 ], [ -66.646462, 7.731591 ], [ -66.646896, 7.732418 ], [ -66.647293, 7.733083 ], [ -66.647659, 7.733840 ], [ -66.647965, 7.735219 ], [ -66.647720, 7.736598 ], [ -66.647766, 7.737770 ], [ -66.647972, 7.738413 ], [ -66.648575, 7.739606 ], [ -66.649200, 7.740225 ], [ -66.650032, 7.740820 ], [ -66.650673, 7.740911 ], [ -66.651504, 7.740908 ], [ -66.652176, 7.740952 ], [ -66.653191, 7.741042 ], [ -66.653877, 7.741200 ], [ -66.654320, 7.741637 ], [ -66.654663, 7.742256 ], [ -66.654739, 7.742991 ], [ -66.654396, 7.743544 ], [ -66.653908, 7.744143 ], [ -66.653382, 7.744557 ], [ -66.652832, 7.744973 ], [ -66.651451, 7.745229 ], [ -66.649925, 7.745555 ], [ -66.649055, 7.745879 ], [ -66.648407, 7.746340 ], [ -66.648025, 7.748410 ], [ -66.647888, 7.749422 ], [ -66.647934, 7.750179 ], [ -66.648193, 7.751006 ], [ -66.648956, 7.752130 ], [ -66.649574, 7.752565 ], [ -66.650269, 7.752953 ], [ -66.650986, 7.753205 ], [ -66.652161, 7.753754 ], [ -66.652809, 7.753729 ], [ -66.653519, 7.753726 ], [ -66.654167, 7.753564 ], [ -66.654785, 7.753263 ], [ -66.655251, 7.752825 ], [ -66.655708, 7.752203 ], [ -66.656143, 7.751421 ], [ -66.656395, 7.750685 ], [ -66.656715, 7.749995 ], [ -66.657493, 7.748591 ], [ -66.658096, 7.748176 ], [ -66.658760, 7.748242 ], [ -66.659340, 7.748517 ], [ -66.660469, 7.749341 ], [ -66.660912, 7.749800 ], [ -66.661323, 7.750649 ], [ -66.661583, 7.751291 ], [ -66.661789, 7.752027 ], [ -66.662048, 7.752830 ], [ -66.662697, 7.755150 ], [ -66.663071, 7.755861 ], [ -66.663437, 7.756412 ], [ -66.663765, 7.756939 ], [ -66.663971, 7.757582 ], [ -66.663879, 7.758939 ], [ -66.663536, 7.759629 ], [ -66.662598, 7.760229 ], [ -66.661285, 7.760738 ], [ -66.660591, 7.761176 ], [ -66.659721, 7.761615 ], [ -66.658936, 7.761894 ], [ -66.658058, 7.762034 ], [ -66.657326, 7.762197 ], [ -66.656700, 7.762290 ], [ -66.655960, 7.762500 ], [ -66.655136, 7.763444 ], [ -66.654770, 7.764916 ], [ -66.654610, 7.766203 ], [ -66.654617, 7.767443 ], [ -66.654800, 7.768110 ], [ -66.654968, 7.768799 ], [ -66.655106, 7.769672 ], [ -66.654945, 7.770362 ], [ -66.653892, 7.771261 ], [ -66.652550, 7.771655 ], [ -66.651421, 7.771819 ], [ -66.650085, 7.771914 ], [ -66.649399, 7.771824 ], [ -66.648498, 7.771574 ], [ -66.647781, 7.771346 ], [ -66.646515, 7.771004 ], [ -66.645843, 7.770754 ], [ -66.645081, 7.770296 ], [ -66.644600, 7.769884 ], [ -66.643974, 7.769380 ], [ -66.643188, 7.768555 ], [ -66.641823, 7.767202 ], [ -66.640533, 7.766424 ], [ -66.639839, 7.766127 ], [ -66.639191, 7.766037 ], [ -66.637787, 7.765949 ], [ -66.637146, 7.766042 ], [ -66.635948, 7.766552 ], [ -66.635368, 7.766921 ], [ -66.634819, 7.767358 ], [ -66.633995, 7.768235 ], [ -66.633575, 7.768810 ], [ -66.633095, 7.769914 ], [ -66.632843, 7.770558 ], [ -66.632385, 7.771961 ], [ -66.632088, 7.772605 ], [ -66.631836, 7.773204 ], [ -66.631584, 7.774009 ], [ -66.631081, 7.775090 ], [ -66.630691, 7.775598 ], [ -66.630188, 7.776081 ], [ -66.629219, 7.776910 ], [ -66.628533, 7.777326 ], [ -66.627815, 7.777466 ], [ -66.627075, 7.777583 ], [ -66.626480, 7.777470 ], [ -66.625831, 7.777265 ], [ -66.624863, 7.776647 ], [ -66.624428, 7.776165 ], [ -66.623940, 7.775730 ], [ -66.622482, 7.774516 ], [ -66.621628, 7.773575 ], [ -66.620842, 7.772635 ], [ -66.620361, 7.772154 ], [ -66.619667, 7.771582 ], [ -66.618996, 7.771009 ], [ -66.618370, 7.770389 ], [ -66.617889, 7.770000 ], [ -66.616753, 7.769268 ], [ -66.616181, 7.768971 ], [ -66.615417, 7.768743 ], [ -66.614586, 7.768630 ], [ -66.613228, 7.768932 ], [ -66.611938, 7.769464 ], [ -66.611343, 7.769696 ], [ -66.609680, 7.770206 ], [ -66.609039, 7.770230 ], [ -66.608208, 7.770209 ], [ -66.607330, 7.769981 ], [ -66.606895, 7.769431 ], [ -66.606728, 7.768811 ], [ -66.606590, 7.768099 ], [ -66.606148, 7.766698 ], [ -66.605804, 7.765986 ], [ -66.605408, 7.765413 ], [ -66.604874, 7.765023 ], [ -66.604210, 7.764888 ], [ -66.603378, 7.765050 ], [ -66.602852, 7.766385 ], [ -66.602508, 7.766961 ], [ -66.602074, 7.767398 ], [ -66.601608, 7.767813 ], [ -66.600876, 7.768182 ], [ -66.599976, 7.768529 ], [ -66.599380, 7.768715 ], [ -66.598274, 7.769040 ], [ -66.596779, 7.769595 ], [ -66.594704, 7.771140 ], [ -66.594086, 7.771578 ], [ -66.593788, 7.772153 ], [ -66.593514, 7.772706 ], [ -66.593216, 7.773373 ], [ -66.592873, 7.773993 ], [ -66.592590, 7.774547 ], [ -66.591675, 7.776250 ], [ -66.591309, 7.776985 ], [ -66.590988, 7.777722 ], [ -66.590256, 7.779102 ], [ -66.589584, 7.779610 ], [ -66.588386, 7.779958 ], [ -66.587769, 7.779752 ], [ -66.587212, 7.779386 ], [ -66.586655, 7.778882 ], [ -66.586128, 7.778562 ], [ -66.585503, 7.778310 ], [ -66.584885, 7.777990 ], [ -66.583542, 7.777786 ], [ -66.583016, 7.778248 ], [ -66.582581, 7.778961 ], [ -66.582443, 7.779582 ], [ -66.582466, 7.780224 ], [ -66.582703, 7.781535 ], [ -66.582588, 7.782178 ], [ -66.582176, 7.782708 ], [ -66.581162, 7.783446 ], [ -66.580010, 7.783748 ], [ -66.578903, 7.783773 ], [ -66.578186, 7.783683 ], [ -66.577339, 7.783501 ], [ -66.576439, 7.783228 ], [ -66.574844, 7.782726 ], [ -66.573601, 7.782040 ], [ -66.573044, 7.781674 ], [ -66.572540, 7.781306 ], [ -66.572006, 7.780964 ], [ -66.571266, 7.780644 ], [ -66.570579, 7.780461 ], [ -66.569885, 7.780325 ], [ -66.569054, 7.780259 ], [ -66.568314, 7.780306 ], [ -66.567329, 7.780401 ], [ -66.566543, 7.780495 ], [ -66.565689, 7.780566 ], [ -66.565025, 7.780683 ], [ -66.564171, 7.780892 ], [ -66.563545, 7.781123 ], [ -66.562584, 7.781768 ], [ -66.562103, 7.782229 ], [ -66.561478, 7.782897 ], [ -66.560928, 7.783450 ], [ -66.560325, 7.784027 ], [ -66.559822, 7.784464 ], [ -66.559273, 7.784857 ], [ -66.558647, 7.785203 ], [ -66.557754, 7.785595 ], [ -66.557015, 7.785849 ], [ -66.556419, 7.785990 ], [ -66.555748, 7.786106 ], [ -66.555122, 7.786177 ], [ -66.554253, 7.786408 ], [ -66.553421, 7.786663 ], [ -66.552452, 7.786871 ], [ -66.551392, 7.786921 ], [ -66.550545, 7.786738 ], [ -66.549454, 7.786212 ], [ -66.549042, 7.785708 ], [ -66.548927, 7.784996 ], [ -66.549103, 7.784398 ], [ -66.549545, 7.783685 ], [ -66.549957, 7.783201 ], [ -66.551292, 7.782187 ], [ -66.552002, 7.781771 ], [ -66.552673, 7.781287 ], [ -66.553246, 7.780689 ], [ -66.553658, 7.779998 ], [ -66.553887, 7.779215 ], [ -66.553726, 7.778618 ], [ -66.553284, 7.778137 ], [ -66.552780, 7.777702 ], [ -66.552178, 7.777405 ], [ -66.551514, 7.777338 ], [ -66.550247, 7.777778 ], [ -66.549072, 7.778562 ], [ -66.548584, 7.778954 ], [ -66.547875, 7.779552 ], [ -66.547279, 7.780198 ], [ -66.546723, 7.780888 ], [ -66.545624, 7.781787 ], [ -66.544266, 7.782847 ], [ -66.543709, 7.783377 ], [ -66.543205, 7.784045 ], [ -66.542908, 7.784642 ], [ -66.542747, 7.785310 ], [ -66.542656, 7.786253 ], [ -66.542572, 7.787470 ], [ -66.542572, 7.788183 ], [ -66.542595, 7.789102 ], [ -66.542687, 7.789860 ], [ -66.542854, 7.790572 ], [ -66.543129, 7.791330 ], [ -66.543411, 7.792155 ], [ -66.543709, 7.792937 ], [ -66.544106, 7.793694 ], [ -66.544518, 7.794452 ], [ -66.545212, 7.795759 ], [ -66.546372, 7.797205 ], [ -66.546783, 7.797686 ], [ -66.547295, 7.798237 ], [ -66.548218, 7.799336 ], [ -66.548729, 7.799887 ], [ -66.549400, 7.800553 ], [ -66.550186, 7.801815 ], [ -66.550346, 7.802457 ], [ -66.550415, 7.803101 ], [ -66.550278, 7.803883 ], [ -66.549934, 7.804481 ], [ -66.549385, 7.804965 ], [ -66.548782, 7.805265 ], [ -66.547447, 7.805912 ], [ -66.546852, 7.806097 ], [ -66.546066, 7.806282 ], [ -66.545242, 7.806490 ], [ -66.544434, 7.806792 ], [ -66.543396, 7.807300 ], [ -66.542404, 7.807831 ], [ -66.540932, 7.808731 ], [ -66.539856, 7.809445 ], [ -66.539162, 7.809862 ], [ -66.538612, 7.810229 ], [ -66.537850, 7.810690 ], [ -66.537117, 7.811175 ], [ -66.536240, 7.811707 ], [ -66.535660, 7.812075 ], [ -66.534836, 7.812514 ], [ -66.533798, 7.813159 ], [ -66.532715, 7.813967 ], [ -66.532143, 7.814382 ], [ -66.531502, 7.814958 ], [ -66.530922, 7.815395 ], [ -66.530281, 7.815742 ], [ -66.529472, 7.815928 ], [ -66.528778, 7.815883 ], [ -66.527977, 7.815701 ], [ -66.527374, 7.815336 ], [ -66.526550, 7.814558 ], [ -66.526314, 7.813619 ], [ -66.525711, 7.812608 ], [ -66.525413, 7.812058 ], [ -66.524628, 7.810197 ], [ -66.524323, 7.809579 ], [ -66.523697, 7.808086 ], [ -66.523422, 7.807236 ], [ -66.523018, 7.805472 ], [ -66.522652, 7.803814 ], [ -66.522629, 7.802702 ], [ -66.522438, 7.801264 ], [ -66.522301, 7.800437 ], [ -66.522163, 7.799809 ], [ -66.521927, 7.798975 ], [ -66.521652, 7.798302 ], [ -66.521255, 7.797636 ], [ -66.520859, 7.797063 ], [ -66.520424, 7.796374 ], [ -66.519958, 7.795778 ], [ -66.519432, 7.795296 ], [ -66.518738, 7.795160 ], [ -66.517929, 7.795346 ], [ -66.517265, 7.795646 ], [ -66.516647, 7.795969 ], [ -66.516067, 7.796200 ], [ -66.514847, 7.796295 ], [ -66.514267, 7.796091 ], [ -66.513718, 7.795723 ], [ -66.513252, 7.795219 ], [ -66.512604, 7.794094 ], [ -66.512306, 7.792854 ], [ -66.512497, 7.791859 ], [ -66.512924, 7.790073 ], [ -66.513077, 7.789199 ], [ -66.513123, 7.788578 ], [ -66.513145, 7.787705 ], [ -66.513306, 7.786211 ], [ -66.513229, 7.785590 ], [ -66.512817, 7.784328 ], [ -66.512169, 7.783342 ], [ -66.511795, 7.782836 ], [ -66.510986, 7.781874 ], [ -66.510437, 7.781392 ], [ -66.509766, 7.780911 ], [ -66.509117, 7.780637 ], [ -66.508453, 7.780478 ], [ -66.507851, 7.780271 ], [ -66.507156, 7.780067 ], [ -66.505844, 7.779427 ], [ -66.505150, 7.779152 ], [ -66.504463, 7.778901 ], [ -66.503792, 7.778628 ], [ -66.503120, 7.778376 ], [ -66.502411, 7.778057 ], [ -66.500954, 7.777370 ], [ -66.499969, 7.777390 ], [ -66.499245, 7.776970 ], [ -66.498299, 7.776481 ], [ -66.496872, 7.775804 ], [ -66.496254, 7.775524 ], [ -66.495491, 7.775197 ], [ -66.494728, 7.774882 ], [ -66.493927, 7.774520 ], [ -66.493263, 7.774285 ], [ -66.492714, 7.774005 ], [ -66.491928, 7.773655 ], [ -66.491356, 7.773331 ], [ -66.490570, 7.772957 ], [ -66.489769, 7.772515 ], [ -66.488823, 7.772071 ], [ -66.487976, 7.771583 ], [ -66.487167, 7.771164 ], [ -66.486618, 7.770815 ], [ -66.485542, 7.770188 ], [ -66.484962, 7.769816 ], [ -66.483742, 7.769302 ], [ -66.483101, 7.768999 ], [ -66.482529, 7.768651 ], [ -66.481239, 7.767769 ], [ -66.480621, 7.767328 ], [ -66.479958, 7.766887 ], [ -66.479355, 7.766423 ], [ -66.478737, 7.765983 ], [ -66.478211, 7.765587 ], [ -66.477661, 7.765194 ], [ -66.476997, 7.764638 ], [ -66.476608, 7.764130 ], [ -66.476265, 7.763576 ], [ -66.475922, 7.762907 ], [ -66.475678, 7.762170 ], [ -66.475449, 7.761411 ], [ -66.475227, 7.760559 ], [ -66.475067, 7.759823 ], [ -66.474823, 7.758259 ], [ -66.474754, 7.757638 ], [ -66.474724, 7.756466 ], [ -66.474686, 7.755709 ], [ -66.474686, 7.754951 ], [ -66.474785, 7.754332 ], [ -66.475021, 7.753621 ], [ -66.475189, 7.753002 ], [ -66.475471, 7.752361 ], [ -66.475868, 7.751629 ], [ -66.476311, 7.750782 ], [ -66.476708, 7.750301 ], [ -66.477173, 7.749639 ], [ -66.477592, 7.749159 ], [ -66.478172, 7.748383 ], [ -66.478615, 7.747926 ], [ -66.479035, 7.747471 ], [ -66.479614, 7.746969 ], [ -66.480217, 7.746330 ], [ -66.480774, 7.745829 ], [ -66.481445, 7.745327 ], [ -66.482727, 7.744486 ], [ -66.483253, 7.744123 ], [ -66.483810, 7.743714 ], [ -66.484299, 7.743304 ], [ -66.484833, 7.742778 ], [ -66.486191, 7.741020 ], [ -66.486496, 7.740264 ], [ -66.486572, 7.739460 ], [ -66.486366, 7.738610 ], [ -66.486023, 7.737734 ], [ -66.485596, 7.737110 ], [ -66.485039, 7.736624 ], [ -66.484421, 7.736115 ], [ -66.483757, 7.735651 ], [ -66.483170, 7.735291 ], [ -66.481872, 7.734673 ], [ -66.480194, 7.734132 ], [ -66.478699, 7.733754 ], [ -66.477615, 7.733608 ], [ -66.476318, 7.733508 ], [ -66.475258, 7.733523 ], [ -66.474381, 7.733609 ], [ -66.473686, 7.733627 ], [ -66.471451, 7.733610 ], [ -66.470642, 7.733513 ], [ -66.469978, 7.733417 ], [ -66.467651, 7.732918 ], [ -66.466751, 7.732521 ], [ -66.466156, 7.732196 ], [ -66.465546, 7.731779 ], [ -66.464752, 7.731220 ], [ -66.464272, 7.730735 ], [ -66.463669, 7.730231 ], [ -66.462830, 7.729622 ], [ -66.462227, 7.729503 ], [ -66.461510, 7.729590 ], [ -66.460823, 7.729148 ], [ -66.459976, 7.728637 ], [ -66.459213, 7.728195 ], [ -66.458412, 7.727776 ], [ -66.457535, 7.727379 ], [ -66.456642, 7.727119 ], [ -66.455994, 7.727070 ], [ -66.455162, 7.727064 ], [ -66.454285, 7.726943 ], [ -66.453346, 7.726592 ], [ -66.452583, 7.726264 ], [ -66.451828, 7.725961 ], [ -66.451157, 7.725726 ], [ -66.450516, 7.725629 ], [ -66.449844, 7.725602 ], [ -66.449249, 7.725460 ], [ -66.448601, 7.725065 ], [ -66.447891, 7.724532 ], [ -66.447067, 7.723929 ], [ -66.446396, 7.723510 ], [ -66.445847, 7.723138 ], [ -66.445091, 7.722605 ], [ -66.444382, 7.722232 ], [ -66.443802, 7.721975 ], [ -66.443230, 7.721696 ], [ -66.442123, 7.720976 ], [ -66.441551, 7.720559 ], [ -66.440865, 7.720117 ], [ -66.440247, 7.719699 ], [ -66.439598, 7.719350 ], [ -66.438866, 7.719275 ], [ -66.438057, 7.719316 ], [ -66.437271, 7.719264 ], [ -66.435814, 7.719254 ], [ -66.435036, 7.719088 ], [ -66.434364, 7.718922 ], [ -66.433586, 7.718663 ], [ -66.432800, 7.718544 ], [ -66.432129, 7.718584 ], [ -66.431534, 7.718741 ], [ -66.430603, 7.718919 ], [ -66.429962, 7.718960 ], [ -66.429199, 7.719023 ], [ -66.428482, 7.719018 ], [ -66.427628, 7.718805 ], [ -66.426804, 7.718546 ], [ -66.426087, 7.718381 ], [ -66.425468, 7.718352 ], [ -66.424843, 7.718394 ], [ -66.424171, 7.718459 ], [ -66.423523, 7.718569 ], [ -66.422882, 7.718610 ], [ -66.422142, 7.718605 ], [ -66.421494, 7.718486 ], [ -66.420807, 7.718320 ], [ -66.419998, 7.718176 ], [ -66.419334, 7.718034 ], [ -66.418594, 7.717913 ], [ -66.416450, 7.717760 ], [ -66.415711, 7.717663 ], [ -66.414978, 7.717497 ], [ -66.414375, 7.717287 ], [ -66.413620, 7.716982 ], [ -66.412994, 7.716794 ], [ -66.412354, 7.716628 ], [ -66.410973, 7.716205 ], [ -66.409431, 7.715689 ], [ -66.408005, 7.715105 ], [ -66.407425, 7.714800 ], [ -66.406761, 7.714566 ], [ -66.405952, 7.714377 ], [ -66.405289, 7.714281 ], [ -66.403877, 7.714017 ], [ -66.402702, 7.713871 ], [ -66.395409, 7.715219 ], [ -66.391663, 7.715927 ], [ -66.391083, 7.716130 ], [ -66.390457, 7.716378 ], [ -66.389740, 7.716694 ], [ -66.389091, 7.716943 ], [ -66.388512, 7.717260 ], [ -66.387916, 7.717508 ], [ -66.387245, 7.717848 ], [ -66.386688, 7.718211 ], [ -66.385407, 7.719143 ], [ -66.384850, 7.719576 ], [ -66.384293, 7.720031 ], [ -66.383461, 7.720577 ], [ -66.382233, 7.721325 ], [ -66.381653, 7.721642 ], [ -66.380959, 7.722006 ], [ -66.380310, 7.722299 ], [ -66.379570, 7.722523 ], [ -66.378716, 7.722631 ], [ -66.377815, 7.722671 ], [ -66.377197, 7.722622 ], [ -66.376503, 7.722524 ], [ -66.375145, 7.722216 ], [ -66.374313, 7.722187 ], [ -66.373413, 7.722387 ], [ -66.372536, 7.722656 ], [ -66.371750, 7.723041 ], [ -66.371094, 7.723380 ], [ -66.370430, 7.723812 ], [ -66.369171, 7.724676 ], [ -66.368683, 7.725063 ], [ -66.368034, 7.725540 ], [ -66.367523, 7.725882 ], [ -66.366966, 7.726199 ], [ -66.366417, 7.726471 ], [ -66.365791, 7.726879 ], [ -66.364975, 7.727287 ], [ -66.364212, 7.727648 ], [ -66.363449, 7.727896 ], [ -66.362037, 7.728275 ], [ -66.361351, 7.728408 ], [ -66.360588, 7.728403 ], [ -66.359848, 7.728329 ], [ -66.359108, 7.728208 ], [ -66.357872, 7.727878 ], [ -66.357063, 7.727550 ], [ -66.356254, 7.727131 ], [ -66.355591, 7.726574 ], [ -66.354927, 7.725903 ], [ -66.354034, 7.724910 ], [ -66.353607, 7.724240 ], [ -66.353126, 7.723594 ], [ -66.352211, 7.722231 ], [ -66.351891, 7.721678 ], [ -66.351120, 7.720157 ], [ -66.350731, 7.719418 ], [ -66.350395, 7.718727 ], [ -66.350006, 7.717898 ], [ -66.349510, 7.716745 ], [ -66.349212, 7.716100 ], [ -66.348557, 7.714740 ], [ -66.348107, 7.713382 ], [ -66.347786, 7.712483 ], [ -66.347473, 7.711769 ], [ -66.347153, 7.710986 ], [ -66.346153, 7.708934 ], [ -66.345810, 7.708289 ], [ -66.345405, 7.707436 ], [ -66.345039, 7.706768 ], [ -66.344765, 7.706191 ], [ -66.344452, 7.705385 ], [ -66.344154, 7.704832 ], [ -66.343811, 7.704232 ], [ -66.343513, 7.703678 ], [ -66.343132, 7.703010 ], [ -66.342789, 7.702318 ], [ -66.342514, 7.701695 ], [ -66.342178, 7.700981 ], [ -66.341202, 7.698631 ], [ -66.340881, 7.697964 ], [ -66.340561, 7.697386 ], [ -66.340202, 7.696786 ], [ -66.339768, 7.696140 ], [ -66.338257, 7.694154 ], [ -66.337845, 7.693645 ], [ -66.337341, 7.693113 ], [ -66.336723, 7.692534 ], [ -66.336197, 7.692163 ], [ -66.335487, 7.691813 ], [ -66.334724, 7.691532 ], [ -66.334015, 7.691436 ], [ -66.333344, 7.691453 ], [ -66.332695, 7.691448 ], [ -66.332008, 7.691421 ], [ -66.331291, 7.691369 ], [ -66.330643, 7.691341 ], [ -66.329819, 7.691244 ], [ -66.329193, 7.691032 ], [ -66.328575, 7.690500 ], [ -66.328186, 7.690014 ], [ -66.327866, 7.689415 ], [ -66.327598, 7.688770 ], [ -66.327301, 7.688125 ], [ -66.327118, 7.687503 ], [ -66.327034, 7.686882 ], [ -66.327110, 7.686239 ], [ -66.327393, 7.685506 ], [ -66.327744, 7.685004 ], [ -66.328209, 7.684433 ], [ -66.328789, 7.684024 ], [ -66.329437, 7.683547 ], [ -66.330643, 7.682728 ], [ -66.331200, 7.682296 ], [ -66.331665, 7.681886 ], [ -66.332245, 7.681271 ], [ -66.332779, 7.680562 ], [ -66.333221, 7.679899 ], [ -66.333618, 7.679167 ], [ -66.333946, 7.678435 ], [ -66.334114, 7.677678 ], [ -66.334236, 7.676968 ], [ -66.334511, 7.674718 ], [ -66.334625, 7.673984 ], [ -66.334679, 7.673296 ], [ -66.334755, 7.672539 ], [ -66.334740, 7.671711 ], [ -66.334694, 7.671044 ], [ -66.334633, 7.670378 ], [ -66.334366, 7.668975 ], [ -66.334145, 7.668147 ], [ -66.333710, 7.666903 ], [ -66.333107, 7.666739 ], [ -66.332573, 7.665577 ], [ -66.332115, 7.664543 ], [ -66.330643, 7.661302 ], [ -66.330162, 7.659945 ], [ -66.329636, 7.658267 ], [ -66.328987, 7.656268 ], [ -66.328300, 7.654475 ], [ -66.327820, 7.653371 ], [ -66.327614, 7.652522 ], [ -66.327499, 7.651625 ], [ -66.327370, 7.650821 ], [ -66.327538, 7.650753 ], [ -66.335274, 7.640831 ], [ -66.355095, 7.635612 ], [ -66.365456, 7.632421 ], [ -66.377151, 7.628285 ], [ -66.387718, 7.623941 ], [ -66.407936, 7.614127 ], [ -66.419151, 7.607935 ], [ -66.428108, 7.601789 ], [ -66.436417, 7.597491 ], [ -66.444931, 7.592272 ], [ -66.447975, 7.591186 ], [ -66.450279, 7.590200 ], [ -66.452499, 7.588778 ], [ -66.457413, 7.585822 ], [ -66.460167, 7.583713 ], [ -66.461777, 7.582290 ], [ -66.463951, 7.580295 ], [ -66.465988, 7.577954 ], [ -66.466842, 7.576875 ], [ -66.468758, 7.573983 ], [ -66.470818, 7.570034 ], [ -66.471855, 7.567646 ], [ -66.472389, 7.565671 ], [ -66.473160, 7.561261 ], [ -66.474083, 7.557379 ], [ -66.474434, 7.556070 ], [ -66.474663, 7.554278 ], [ -66.475273, 7.551177 ], [ -66.475342, 7.549364 ], [ -66.475182, 7.546078 ], [ -66.475533, 7.542839 ], [ -66.475792, 7.539830 ], [ -66.476303, 7.535397 ], [ -66.477669, 7.531194 ], [ -66.479195, 7.527956 ], [ -66.479889, 7.526326 ], [ -66.481605, 7.523388 ], [ -66.483429, 7.521207 ], [ -66.486199, 7.519258 ], [ -66.489449, 7.517057 ], [ -66.491760, 7.515750 ], [ -66.497856, 7.512885 ], [ -66.500160, 7.512112 ], [ -66.501442, 7.511443 ], [ -66.502747, 7.510780 ], [ -66.504257, 7.510204 ], [ -66.505577, 7.509471 ], [ -66.506737, 7.508534 ], [ -66.507919, 7.507366 ], [ -66.508507, 7.506667 ], [ -66.509400, 7.505296 ], [ -66.510025, 7.503976 ], [ -66.510414, 7.502453 ], [ -66.510437, 7.500942 ], [ -66.510292, 7.499351 ], [ -66.510109, 7.497768 ], [ -66.509933, 7.496965 ], [ -66.509712, 7.496096 ], [ -66.509537, 7.495178 ], [ -66.509323, 7.493503 ], [ -66.509071, 7.491874 ], [ -66.508789, 7.490293 ], [ -66.508255, 7.487082 ], [ -66.507599, 7.483920 ], [ -66.507286, 7.483005 ], [ -66.507179, 7.482178 ], [ -66.506798, 7.479656 ], [ -66.506630, 7.478164 ], [ -66.506424, 7.476741 ], [ -66.506248, 7.475939 ], [ -66.506142, 7.473595 ], [ -66.506317, 7.470351 ], [ -66.506256, 7.469432 ], [ -66.506210, 7.467938 ], [ -66.506241, 7.467109 ], [ -66.506195, 7.465525 ], [ -66.506172, 7.463962 ], [ -66.506592, 7.461541 ], [ -66.507034, 7.459075 ], [ -66.507248, 7.458266 ], [ -66.507400, 7.457459 ], [ -66.507614, 7.456627 ], [ -66.507980, 7.454967 ], [ -66.508194, 7.454136 ], [ -66.508438, 7.453351 ], [ -66.508987, 7.451801 ], [ -66.509582, 7.450436 ], [ -66.510185, 7.449116 ], [ -66.510567, 7.448352 ], [ -66.510872, 7.447565 ], [ -66.511475, 7.446268 ], [ -66.512657, 7.444226 ], [ -66.514175, 7.442387 ], [ -66.515327, 7.441311 ], [ -66.517120, 7.439789 ], [ -66.517853, 7.439226 ], [ -66.519714, 7.437956 ], [ -66.520897, 7.437133 ], [ -66.521652, 7.436776 ], [ -66.522522, 7.436464 ], [ -66.523850, 7.436006 ], [ -66.526901, 7.435338 ], [ -66.528511, 7.435106 ], [ -66.529335, 7.435002 ], [ -66.530968, 7.434700 ], [ -66.531838, 7.434596 ], [ -66.533356, 7.434433 ], [ -66.534187, 7.434283 ], [ -66.535011, 7.434040 ], [ -66.535812, 7.433843 ], [ -66.536682, 7.433692 ], [ -66.538200, 7.433485 ], [ -66.539024, 7.433311 ], [ -66.541962, 7.432852 ], [ -66.543663, 7.432503 ], [ -66.545128, 7.432066 ], [ -66.547325, 7.431159 ], [ -66.549019, 7.430443 ], [ -66.550499, 7.429845 ], [ -66.551277, 7.429465 ], [ -66.552506, 7.428664 ], [ -66.553726, 7.427289 ], [ -66.554375, 7.426013 ], [ -66.555000, 7.424624 ], [ -66.555512, 7.423858 ], [ -66.557075, 7.420867 ], [ -66.557747, 7.419638 ], [ -66.558266, 7.418779 ], [ -66.558640, 7.417969 ], [ -66.560173, 7.415991 ], [ -66.560875, 7.415267 ], [ -66.561867, 7.413987 ], [ -66.562653, 7.412710 ], [ -66.564057, 7.410182 ], [ -66.564873, 7.409020 ], [ -66.565590, 7.408067 ], [ -66.566200, 7.407367 ], [ -66.567329, 7.406177 ], [ -66.567917, 7.405523 ], [ -66.568581, 7.404938 ], [ -66.570465, 7.403460 ], [ -66.571671, 7.402453 ], [ -66.572327, 7.401937 ], [ -66.573120, 7.401235 ], [ -66.574005, 7.400577 ], [ -66.575210, 7.399570 ], [ -66.575867, 7.398916 ], [ -66.576523, 7.398307 ], [ -66.578201, 7.396671 ], [ -66.579841, 7.395564 ], [ -66.580521, 7.395002 ], [ -66.581726, 7.394271 ], [ -66.582894, 7.393448 ], [ -66.584168, 7.392600 ], [ -66.585205, 7.391549 ], [ -66.585678, 7.390876 ], [ -66.586533, 7.389482 ], [ -66.586929, 7.388648 ], [ -66.587486, 7.387237 ], [ -66.587700, 7.386405 ], [ -66.588112, 7.384929 ], [ -66.588524, 7.383358 ], [ -66.588776, 7.381974 ], [ -66.588806, 7.381100 ], [ -66.589241, 7.377920 ], [ -66.589241, 7.376771 ], [ -66.589424, 7.374009 ], [ -66.589409, 7.372997 ], [ -66.589302, 7.372056 ], [ -66.589241, 7.371183 ], [ -66.589272, 7.370217 ], [ -66.589256, 7.369206 ], [ -66.589272, 7.367573 ], [ -66.589180, 7.366103 ], [ -66.588951, 7.364634 ], [ -66.588913, 7.363807 ], [ -66.588722, 7.361994 ], [ -66.588669, 7.360431 ], [ -66.588608, 7.359535 ], [ -66.588692, 7.357718 ], [ -66.588608, 7.356846 ], [ -66.588448, 7.355330 ], [ -66.588470, 7.353858 ], [ -66.588463, 7.350846 ], [ -66.588730, 7.348520 ], [ -66.588913, 7.347505 ], [ -66.589043, 7.346676 ], [ -66.589302, 7.344325 ], [ -66.589378, 7.343474 ], [ -66.589531, 7.340275 ], [ -66.589653, 7.339284 ], [ -66.589867, 7.337005 ], [ -66.590096, 7.335507 ], [ -66.590462, 7.333983 ], [ -66.590866, 7.333237 ], [ -66.591530, 7.332095 ], [ -66.592216, 7.330743 ], [ -66.592636, 7.329962 ], [ -66.593292, 7.328516 ], [ -66.593712, 7.327716 ], [ -66.594711, 7.326391 ], [ -66.595360, 7.325753 ], [ -66.596031, 7.325160 ], [ -66.597267, 7.324023 ], [ -66.598007, 7.323453 ], [ -66.599396, 7.322340 ], [ -66.600830, 7.321271 ], [ -66.602638, 7.320182 ], [ -66.603607, 7.319638 ], [ -66.604370, 7.319185 ], [ -66.605965, 7.318302 ], [ -66.606941, 7.317781 ], [ -66.607727, 7.317420 ], [ -66.608788, 7.317152 ], [ -66.609726, 7.316884 ], [ -66.610588, 7.316500 ], [ -66.612106, 7.315869 ], [ -66.612411, 7.315748 ], [ -66.612717, 7.315670 ], [ -66.613029, 7.315499 ], [ -66.613678, 7.315239 ], [ -66.615295, 7.314240 ], [ -66.616035, 7.313856 ], [ -66.617752, 7.313065 ], [ -66.620155, 7.311774 ], [ -66.621262, 7.311347 ], [ -66.622459, 7.310965 ], [ -66.624146, 7.310747 ], [ -66.624886, 7.310736 ], [ -66.626564, 7.310863 ], [ -66.628685, 7.310918 ], [ -66.629509, 7.310955 ], [ -66.631561, 7.310927 ], [ -66.632530, 7.310794 ], [ -66.633545, 7.310527 ], [ -66.634376, 7.310396 ], [ -66.635132, 7.310287 ], [ -66.636101, 7.310248 ], [ -66.636932, 7.310233 ], [ -66.639862, 7.310253 ], [ -66.640694, 7.310190 ], [ -66.641617, 7.310104 ], [ -66.643250, 7.309912 ], [ -66.644981, 7.309764 ], [ -66.645927, 7.309611 ], [ -66.647697, 7.309279 ], [ -66.649338, 7.309017 ], [ -66.650376, 7.308818 ], [ -66.652817, 7.308400 ], [ -66.653648, 7.308246 ], [ -66.654640, 7.308001 ], [ -66.656250, 7.307849 ], [ -66.657730, 7.307844 ], [ -66.660782, 7.307750 ], [ -66.662460, 7.307880 ], [ -66.663116, 7.307883 ], [ -66.664795, 7.307990 ], [ -66.665787, 7.308067 ], [ -66.666588, 7.308119 ], [ -66.667419, 7.308195 ], [ -66.668396, 7.308200 ], [ -66.669319, 7.308160 ], [ -66.670219, 7.308077 ], [ -66.671692, 7.307858 ], [ -66.672638, 7.307590 ], [ -66.674156, 7.307417 ], [ -66.675522, 7.306739 ], [ -66.676285, 7.306216 ], [ -66.676933, 7.305694 ], [ -66.677582, 7.305100 ], [ -66.678299, 7.304487 ], [ -66.680244, 7.302938 ], [ -66.681015, 7.302371 ], [ -66.681709, 7.301916 ], [ -66.682449, 7.301486 ], [ -66.683235, 7.301147 ], [ -66.684639, 7.300400 ], [ -66.685913, 7.299445 ], [ -66.686707, 7.298808 ], [ -66.687515, 7.298284 ], [ -66.688805, 7.297536 ], [ -66.689735, 7.297017 ], [ -66.690498, 7.296632 ], [ -66.691307, 7.296133 ], [ -66.692047, 7.295700 ], [ -66.692902, 7.295180 ], [ -66.693848, 7.294589 ], [ -66.694702, 7.294021 ], [ -66.696327, 7.292839 ], [ -66.697899, 7.291611 ], [ -66.699478, 7.290405 ], [ -66.700981, 7.289405 ], [ -66.701721, 7.288883 ], [ -66.702690, 7.288247 ], [ -66.703407, 7.287840 ], [ -66.704361, 7.287226 ], [ -66.705261, 7.286727 ], [ -66.706138, 7.286298 ], [ -66.707313, 7.285801 ], [ -66.708145, 7.285463 ], [ -66.710083, 7.284812 ], [ -66.711792, 7.284273 ], [ -66.714172, 7.283488 ], [ -66.715691, 7.283039 ], [ -66.720100, 7.281419 ], [ -66.720513, 7.281333 ], [ -66.720665, 7.281311 ], [ -66.720848, 7.281263 ], [ -66.721695, 7.281086 ], [ -66.723259, 7.280685 ], [ -66.725708, 7.280239 ], [ -66.726654, 7.280212 ], [ -66.728905, 7.280177 ], [ -66.731239, 7.280107 ], [ -66.732017, 7.280134 ], [ -66.732193, 7.280133 ], [ -66.733742, 7.279980 ], [ -66.734413, 7.279970 ], [ -66.736115, 7.280027 ], [ -66.736946, 7.280217 ], [ -66.737816, 7.280292 ], [ -66.738716, 7.280299 ], [ -66.739487, 7.280283 ], [ -66.740395, 7.280312 ], [ -66.741295, 7.280411 ], [ -66.742210, 7.280555 ], [ -66.743317, 7.280748 ], [ -66.744163, 7.280869 ], [ -66.745155, 7.280968 ], [ -66.745979, 7.281181 ], [ -66.746811, 7.281326 ], [ -66.747726, 7.281424 ], [ -66.749451, 7.281484 ], [ -66.750580, 7.281451 ], [ -66.751770, 7.281433 ], [ -66.752655, 7.281462 ], [ -66.753700, 7.281444 ], [ -66.754532, 7.281358 ], [ -66.757202, 7.280988 ], [ -66.758057, 7.280811 ], [ -66.759071, 7.280566 ], [ -66.760040, 7.280366 ], [ -66.760941, 7.280189 ], [ -66.761818, 7.280058 ], [ -66.762077, 7.279994 ], [ -66.762375, 7.279949 ], [ -66.762672, 7.279849 ], [ -66.763268, 7.279702 ], [ -66.764610, 7.278815 ], [ -66.765327, 7.278316 ], [ -66.766136, 7.277723 ], [ -66.766830, 7.277270 ], [ -66.767799, 7.277024 ], [ -66.768745, 7.276871 ], [ -66.768974, 7.276824 ], [ -66.769310, 7.276785 ], [ -66.769714, 7.276674 ], [ -66.770386, 7.276538 ], [ -66.771256, 7.276246 ], [ -66.772064, 7.276069 ], [ -66.772468, 7.275899 ], [ -66.772652, 7.275846 ], [ -66.772865, 7.275732 ], [ -66.773727, 7.275370 ], [ -66.775391, 7.274416 ], [ -66.776917, 7.273830 ], [ -66.778511, 7.273268 ], [ -66.779961, 7.272842 ], [ -66.781509, 7.272348 ], [ -66.782387, 7.272125 ], [ -66.783218, 7.271925 ], [ -66.784111, 7.271747 ], [ -66.785751, 7.271254 ], [ -66.786652, 7.271008 ], [ -66.787598, 7.270808 ], [ -66.788567, 7.270586 ], [ -66.789513, 7.270294 ], [ -66.791145, 7.270009 ], [ -66.792854, 7.269515 ], [ -66.794426, 7.268723 ], [ -66.795441, 7.268385 ], [ -66.796227, 7.268070 ], [ -66.797638, 7.267483 ], [ -66.798469, 7.267190 ], [ -66.800110, 7.266283 ], [ -66.800942, 7.265852 ], [ -66.802467, 7.264991 ], [ -66.803276, 7.264514 ], [ -66.804085, 7.264107 ], [ -66.804825, 7.263746 ], [ -66.805702, 7.263200 ], [ -66.806740, 7.262634 ], [ -66.807594, 7.262157 ], [ -66.808937, 7.261179 ], [ -66.809609, 7.260565 ], [ -66.811722, 7.259040 ], [ -66.812576, 7.258403 ], [ -66.813202, 7.257834 ], [ -66.814499, 7.256786 ], [ -66.815239, 7.256172 ], [ -66.815865, 7.255487 ], [ -66.817055, 7.254025 ], [ -66.818375, 7.252909 ], [ -66.819649, 7.251976 ], [ -66.820877, 7.250858 ], [ -66.821480, 7.250196 ], [ -66.822197, 7.249444 ], [ -66.823006, 7.248622 ], [ -66.823845, 7.247734 ], [ -66.824585, 7.247026 ], [ -66.825913, 7.245634 ], [ -66.827164, 7.244472 ], [ -66.828186, 7.243009 ], [ -66.829025, 7.241454 ], [ -66.829773, 7.240401 ], [ -66.830467, 7.239579 ], [ -66.831047, 7.238940 ], [ -66.831818, 7.237935 ], [ -66.832908, 7.236679 ], [ -66.833511, 7.235925 ], [ -66.834885, 7.234282 ], [ -66.835464, 7.233596 ], [ -66.836067, 7.232980 ], [ -66.836624, 7.232272 ], [ -66.837303, 7.231150 ], [ -66.837952, 7.230030 ], [ -66.839966, 7.226483 ], [ -66.840500, 7.225293 ], [ -66.841789, 7.222659 ], [ -66.842140, 7.221788 ], [ -66.842400, 7.220871 ], [ -66.842728, 7.220024 ], [ -66.843078, 7.219153 ], [ -66.843483, 7.218283 ], [ -66.843903, 7.217551 ], [ -66.844437, 7.216842 ], [ -66.845093, 7.215399 ], [ -66.845695, 7.214783 ], [ -66.846390, 7.213985 ], [ -66.847389, 7.212682 ], [ -66.847992, 7.211974 ], [ -66.848457, 7.211242 ], [ -66.849037, 7.210580 ], [ -66.850105, 7.209508 ], [ -66.851379, 7.208345 ], [ -66.852653, 7.207252 ], [ -66.854645, 7.205589 ], [ -66.855759, 7.204563 ], [ -66.856460, 7.203902 ], [ -66.857056, 7.203286 ], [ -66.858154, 7.202053 ], [ -66.858734, 7.201323 ], [ -66.859314, 7.200545 ], [ -66.861221, 7.197710 ], [ -66.861733, 7.197023 ], [ -66.862389, 7.196018 ], [ -66.862785, 7.195263 ], [ -66.863342, 7.194439 ], [ -66.864014, 7.193616 ], [ -66.864639, 7.193001 ], [ -66.865593, 7.192249 ], [ -66.866867, 7.190811 ], [ -66.867516, 7.190287 ], [ -66.868813, 7.189309 ], [ -66.870712, 7.187530 ], [ -66.871506, 7.186755 ], [ -66.872131, 7.186208 ], [ -66.872826, 7.185662 ], [ -66.874100, 7.184752 ], [ -66.875115, 7.184000 ], [ -66.876572, 7.182839 ], [ -66.877869, 7.181860 ], [ -66.879120, 7.180858 ], [ -66.879928, 7.180290 ], [ -66.880669, 7.179836 ], [ -66.881454, 7.179336 ], [ -66.882866, 7.178909 ], [ -66.883583, 7.178455 ], [ -66.884941, 7.177660 ], [ -66.886604, 7.176869 ], [ -66.887459, 7.176576 ], [ -66.888359, 7.176238 ], [ -66.889839, 7.175720 ], [ -66.892578, 7.175189 ], [ -66.894119, 7.174944 ], [ -66.895973, 7.174962 ], [ -66.897309, 7.174990 ], [ -66.898292, 7.175163 ], [ -66.899262, 7.175285 ], [ -66.900276, 7.175333 ], [ -66.901009, 7.175388 ], [ -66.901924, 7.175510 ], [ -66.902847, 7.175770 ], [ -66.903671, 7.175983 ], [ -66.904548, 7.176196 ], [ -66.905304, 7.176362 ], [ -66.906036, 7.176482 ], [ -66.907074, 7.176673 ], [ -66.907898, 7.176839 ], [ -66.908577, 7.176961 ], [ -66.908821, 7.177019 ], [ -66.909462, 7.177219 ], [ -66.910294, 7.177432 ], [ -66.911049, 7.177644 ], [ -66.911759, 7.177878 ], [ -66.912605, 7.178138 ], [ -66.913345, 7.178418 ], [ -66.914261, 7.178838 ], [ -66.915863, 7.179677 ], [ -66.916664, 7.180050 ], [ -66.917373, 7.180354 ], [ -66.918228, 7.180683 ], [ -66.919212, 7.181080 ], [ -66.919968, 7.181407 ], [ -66.920769, 7.181620 ], [ -66.921578, 7.181809 ], [ -66.923233, 7.181959 ], [ -66.925117, 7.182317 ], [ -66.925850, 7.182437 ], [ -66.926750, 7.182674 ], [ -66.927505, 7.182908 ], [ -66.928307, 7.183190 ], [ -66.929070, 7.183563 ], [ -66.929871, 7.183982 ], [ -66.930534, 7.184355 ], [ -66.931221, 7.184864 ], [ -66.931839, 7.185352 ], [ -66.932403, 7.185907 ], [ -66.933044, 7.186463 ], [ -66.933708, 7.186974 ], [ -66.934585, 7.187301 ], [ -66.935547, 7.187515 ], [ -66.936348, 7.187751 ], [ -66.937134, 7.188077 ], [ -66.938965, 7.188643 ], [ -66.940094, 7.188949 ], [ -66.940918, 7.189185 ], [ -66.941658, 7.189301 ], [ -66.942391, 7.189493 ], [ -66.943489, 7.189455 ], [ -66.945076, 7.189465 ], [ -66.945992, 7.189701 ], [ -66.947601, 7.190011 ], [ -66.948570, 7.190110 ], [ -66.949440, 7.190068 ], [ -66.951271, 7.190040 ], [ -66.952270, 7.189999 ], [ -66.953148, 7.189892 ], [ -66.955040, 7.189958 ], [ -66.955322, 7.189976 ], [ -66.957024, 7.190196 ], [ -66.957138, 7.190186 ], [ -66.957199, 7.190194 ], [ -66.958275, 7.190106 ], [ -66.961418, 7.190044 ], [ -66.961823, 7.190068 ], [ -66.962677, 7.190158 ], [ -66.963028, 7.190214 ], [ -66.964020, 7.190218 ], [ -66.965073, 7.190344 ], [ -66.965881, 7.190511 ], [ -66.967621, 7.190844 ], [ -66.968361, 7.190942 ], [ -66.969276, 7.191006 ], [ -66.969337, 7.190997 ], [ -66.969452, 7.191005 ], [ -66.970787, 7.190784 ], [ -66.971596, 7.190629 ], [ -66.973411, 7.190344 ], [ -66.975075, 7.190238 ], [ -66.975944, 7.190223 ], [ -66.976822, 7.190046 ], [ -66.977181, 7.189912 ], [ -66.977364, 7.189868 ], [ -66.977577, 7.189766 ], [ -66.978417, 7.189459 ], [ -66.979271, 7.189189 ], [ -66.980095, 7.188942 ], [ -66.980972, 7.188604 ], [ -66.982590, 7.187926 ], [ -66.983467, 7.187633 ], [ -66.985084, 7.187116 ], [ -66.985962, 7.186892 ], [ -66.986816, 7.186577 ], [ -66.988174, 7.185920 ], [ -66.988960, 7.185512 ], [ -66.989868, 7.184880 ], [ -66.990006, 7.184784 ], [ -66.990807, 7.184513 ], [ -66.991638, 7.184175 ], [ -66.999947, 7.178051 ], [ -67.000542, 7.177245 ], [ -67.001183, 7.176279 ], [ -67.001915, 7.175289 ], [ -67.002556, 7.174368 ], [ -67.003266, 7.173264 ], [ -67.003952, 7.172388 ], [ -67.004707, 7.171491 ], [ -67.005348, 7.170753 ], [ -67.006103, 7.169992 ], [ -67.006958, 7.169095 ], [ -67.007736, 7.168058 ], [ -67.008858, 7.166286 ], [ -67.009476, 7.165228 ], [ -67.010162, 7.164077 ], [ -67.010750, 7.163042 ], [ -67.011627, 7.161592 ], [ -67.012291, 7.160625 ], [ -67.012901, 7.159635 ], [ -67.013565, 7.158599 ], [ -67.014252, 7.157563 ], [ -67.014778, 7.156804 ], [ -67.015396, 7.156022 ], [ -67.016044, 7.155308 ], [ -67.017510, 7.153832 ], [ -67.018196, 7.153026 ], [ -67.018997, 7.152174 ], [ -67.019981, 7.151184 ], [ -67.020813, 7.150332 ], [ -67.021706, 7.149501 ], [ -67.023285, 7.147958 ], [ -67.024178, 7.147220 ], [ -67.024940, 7.146482 ], [ -67.025856, 7.145837 ], [ -67.026451, 7.145261 ], [ -67.027207, 7.144478 ], [ -67.027939, 7.143763 ], [ -67.030167, 7.141666 ], [ -67.031059, 7.140883 ], [ -67.032112, 7.139983 ], [ -67.035645, 7.137033 ], [ -67.036377, 7.136410 ], [ -67.037186, 7.135694 ], [ -67.038078, 7.134980 ], [ -67.039086, 7.134151 ], [ -67.039909, 7.133413 ], [ -67.042229, 7.131223 ], [ -67.043144, 7.130417 ], [ -67.043899, 7.129702 ], [ -67.044594, 7.129126 ], [ -67.045486, 7.128411 ], [ -67.046265, 7.127812 ], [ -67.047020, 7.127281 ], [ -67.047684, 7.126774 ], [ -67.048401, 7.126290 ], [ -67.049271, 7.125804 ], [ -67.050049, 7.125389 ], [ -67.050903, 7.124881 ], [ -67.051865, 7.124326 ], [ -67.052666, 7.123910 ], [ -67.054573, 7.123101 ], [ -67.055450, 7.122663 ], [ -67.056229, 7.122200 ], [ -67.057098, 7.121875 ], [ -67.058090, 7.121413 ], [ -67.058823, 7.120929 ], [ -67.059715, 7.120238 ], [ -67.060379, 7.119683 ], [ -67.061119, 7.118992 ], [ -67.061943, 7.118139 ], [ -67.062698, 7.117310 ], [ -67.063339, 7.116275 ], [ -67.063957, 7.115353 ], [ -67.064484, 7.114502 ], [ -67.064896, 7.113766 ], [ -67.065414, 7.112660 ], [ -67.065941, 7.111650 ], [ -67.066376, 7.110567 ], [ -67.066673, 7.109739 ], [ -67.067040, 7.108590 ], [ -67.067650, 7.106497 ], [ -67.068130, 7.104680 ], [ -67.068466, 7.103531 ], [ -67.068787, 7.102519 ], [ -67.069107, 7.101553 ], [ -67.069740, 7.099736 ], [ -67.070015, 7.098586 ], [ -67.070244, 7.097483 ], [ -67.070397, 7.096564 ], [ -67.070534, 7.095484 ], [ -67.070625, 7.094541 ], [ -67.070480, 7.092244 ], [ -67.070496, 7.091370 ], [ -67.070564, 7.090497 ], [ -67.070656, 7.089646 ], [ -67.070671, 7.088498 ], [ -67.070717, 7.087625 ], [ -67.070847, 7.086728 ], [ -67.071007, 7.085900 ], [ -67.071190, 7.084820 ], [ -67.071320, 7.083740 ], [ -67.071434, 7.082683 ], [ -67.071594, 7.081534 ], [ -67.071747, 7.080569 ], [ -67.072243, 7.076362 ], [ -67.072350, 7.075305 ], [ -67.072418, 7.074156 ], [ -67.072411, 7.073144 ], [ -67.072251, 7.072042 ], [ -67.071831, 7.071033 ], [ -67.071434, 7.070230 ], [ -67.071068, 7.069450 ], [ -67.070648, 7.068187 ], [ -67.070366, 7.067131 ], [ -67.070228, 7.066281 ], [ -67.070198, 7.065293 ], [ -67.070335, 7.064053 ], [ -67.070534, 7.062743 ], [ -67.070694, 7.061593 ], [ -67.070778, 7.060352 ], [ -67.070892, 7.059248 ], [ -67.071030, 7.058421 ], [ -67.071159, 7.057341 ], [ -67.071274, 7.056146 ], [ -67.071403, 7.054905 ], [ -67.071449, 7.053871 ], [ -67.071533, 7.052722 ], [ -67.071739, 7.051205 ], [ -67.071968, 7.049940 ], [ -67.072144, 7.048630 ], [ -67.072479, 7.046722 ], [ -67.072868, 7.045503 ], [ -67.073280, 7.044331 ], [ -67.073669, 7.043387 ], [ -67.074165, 7.041548 ], [ -67.074326, 7.040628 ], [ -67.074463, 7.039708 ], [ -67.074570, 7.038421 ], [ -67.074585, 7.037318 ], [ -67.074562, 7.036146 ], [ -67.074486, 7.035067 ], [ -67.074303, 7.033965 ], [ -67.073509, 7.031923 ], [ -67.073234, 7.030912 ], [ -67.072884, 7.029741 ], [ -67.072578, 7.028916 ], [ -67.072373, 7.027974 ], [ -67.071838, 7.025769 ], [ -67.071136, 7.023382 ], [ -67.070717, 7.022166 ], [ -67.070511, 7.021270 ], [ -67.070251, 7.020237 ], [ -67.070022, 7.019089 ], [ -67.069878, 7.018147 ], [ -67.069733, 7.017114 ], [ -67.069473, 7.014771 ], [ -67.069290, 7.013623 ], [ -67.069099, 7.012589 ], [ -67.068863, 7.011395 ], [ -67.068375, 7.009076 ], [ -67.068093, 7.007607 ], [ -67.067978, 7.006780 ], [ -67.067673, 7.005448 ], [ -67.067367, 7.004346 ], [ -67.067024, 7.003405 ], [ -67.066742, 7.002556 ], [ -67.066299, 7.001430 ], [ -67.065979, 7.000536 ], [ -67.065140, 6.998677 ], [ -67.063393, 6.997015 ], [ -67.062607, 6.996315 ], [ -67.061882, 6.995798 ], [ -67.061409, 6.994953 ], [ -67.060974, 6.994133 ], [ -67.060257, 6.993050 ], [ -67.059753, 6.992137 ], [ -67.059212, 6.991313 ], [ -67.058731, 6.990561 ], [ -67.058090, 6.989665 ], [ -67.056824, 6.987759 ], [ -67.056274, 6.986890 ], [ -67.055611, 6.986177 ], [ -67.054611, 6.985199 ], [ -67.053925, 6.984417 ], [ -67.053398, 6.983687 ], [ -67.052849, 6.982749 ], [ -67.052269, 6.981624 ], [ -67.051727, 6.980778 ], [ -67.051018, 6.979949 ], [ -67.050247, 6.978980 ], [ -67.049744, 6.978204 ], [ -67.049286, 6.977384 ], [ -67.048836, 6.976356 ], [ -67.048279, 6.975233 ], [ -67.047913, 6.974416 ], [ -67.047249, 6.972324 ], [ -67.047104, 6.971146 ], [ -67.046570, 6.970070 ], [ -67.045990, 6.968946 ], [ -67.045418, 6.968144 ], [ -67.044624, 6.966968 ], [ -67.043510, 6.964745 ], [ -67.042969, 6.963737 ], [ -67.042465, 6.962871 ], [ -67.041855, 6.961975 ], [ -67.040878, 6.960907 ], [ -67.040009, 6.960026 ], [ -67.039162, 6.959261 ], [ -67.037880, 6.957723 ], [ -67.037086, 6.956753 ], [ -67.036514, 6.955997 ], [ -67.035957, 6.954874 ], [ -67.035378, 6.953545 ], [ -67.034859, 6.952652 ], [ -67.034340, 6.951646 ], [ -67.033890, 6.950641 ], [ -67.033425, 6.949545 ], [ -67.032639, 6.947610 ], [ -67.032234, 6.946515 ], [ -67.031746, 6.945417 ], [ -67.031220, 6.944572 ], [ -67.030815, 6.943684 ], [ -67.030319, 6.942655 ], [ -67.029663, 6.940540 ], [ -67.029320, 6.939586 ], [ -67.028854, 6.938489 ], [ -67.028313, 6.937436 ], [ -67.026543, 6.934753 ], [ -67.025910, 6.933881 ], [ -67.025261, 6.932594 ], [ -67.024750, 6.931473 ], [ -67.023811, 6.929900 ], [ -67.023399, 6.929103 ], [ -67.022880, 6.928236 ], [ -67.022476, 6.927371 ], [ -67.021996, 6.926503 ], [ -67.020805, 6.923749 ], [ -67.020271, 6.922443 ], [ -67.019913, 6.921626 ], [ -67.019394, 6.920620 ], [ -67.019058, 6.919665 ], [ -67.018311, 6.917823 ], [ -67.017898, 6.916568 ], [ -67.016785, 6.913357 ], [ -67.016548, 6.912313 ], [ -67.016289, 6.911040 ], [ -67.016091, 6.910136 ], [ -67.015518, 6.906851 ], [ -67.015365, 6.905926 ], [ -67.015282, 6.904912 ], [ -67.015106, 6.903963 ], [ -67.014839, 6.901792 ], [ -67.014664, 6.900706 ], [ -67.014534, 6.899805 ], [ -67.014481, 6.898722 ], [ -67.014290, 6.896163 ], [ -67.014320, 6.894002 ], [ -67.014427, 6.892857 ], [ -67.014473, 6.891593 ], [ -67.014656, 6.890404 ], [ -67.014847, 6.889491 ], [ -67.015061, 6.888533 ], [ -67.015297, 6.887598 ], [ -67.015526, 6.886410 ], [ -67.015816, 6.885224 ], [ -67.016083, 6.884267 ], [ -67.016464, 6.883131 ], [ -67.016815, 6.882246 ], [ -67.017128, 6.881107 ], [ -67.017441, 6.880037 ], [ -67.017876, 6.878903 ], [ -67.018295, 6.877928 ], [ -67.018540, 6.876972 ], [ -67.018982, 6.874710 ], [ -67.019318, 6.873617 ], [ -67.019775, 6.872414 ], [ -67.020012, 6.871549 ], [ -67.020256, 6.870453 ], [ -67.020493, 6.869496 ], [ -67.020828, 6.868403 ], [ -67.021004, 6.867398 ], [ -67.021393, 6.866100 ], [ -67.021660, 6.865143 ], [ -67.021881, 6.863955 ], [ -67.022667, 6.861753 ], [ -67.023125, 6.860596 ], [ -67.023621, 6.859463 ], [ -67.024040, 6.858557 ], [ -67.024536, 6.857609 ], [ -67.024910, 6.856771 ], [ -67.025269, 6.855679 ], [ -67.025886, 6.854366 ], [ -67.026169, 6.853479 ], [ -67.026627, 6.852300 ], [ -67.027069, 6.851349 ], [ -67.027359, 6.850371 ], [ -67.027977, 6.848529 ], [ -67.028404, 6.847463 ], [ -67.028778, 6.846418 ], [ -67.029022, 6.845529 ], [ -67.029846, 6.842224 ], [ -67.030044, 6.841150 ], [ -67.030258, 6.840238 ], [ -67.030579, 6.838961 ], [ -67.030892, 6.837799 ], [ -67.031029, 6.836562 ], [ -67.031196, 6.834383 ], [ -67.031372, 6.833263 ], [ -67.031448, 6.832253 ], [ -67.031601, 6.831246 ], [ -67.031898, 6.829854 ], [ -67.031929, 6.828889 ], [ -67.031944, 6.827764 ], [ -67.031937, 6.826728 ], [ -67.031860, 6.825553 ], [ -67.031906, 6.824244 ], [ -67.031975, 6.823004 ], [ -67.031937, 6.822061 ], [ -67.031967, 6.821073 ], [ -67.032127, 6.819860 ], [ -67.032120, 6.818617 ], [ -67.032089, 6.817536 ], [ -67.032097, 6.816639 ], [ -67.031746, 6.814902 ], [ -67.031578, 6.813586 ], [ -67.031357, 6.812705 ], [ -67.031143, 6.811525 ], [ -67.031014, 6.810556 ], [ -67.030899, 6.809355 ], [ -67.030701, 6.808475 ], [ -67.030472, 6.807547 ], [ -67.030403, 6.806418 ], [ -67.030273, 6.805447 ], [ -67.030235, 6.804458 ], [ -67.030273, 6.803355 ], [ -67.030052, 6.802451 ], [ -67.029930, 6.801343 ], [ -67.029709, 6.800346 ], [ -67.029465, 6.799488 ], [ -67.029114, 6.798395 ], [ -67.028923, 6.797215 ], [ -67.028908, 6.796227 ], [ -67.029190, 6.794028 ], [ -67.029427, 6.793048 ], [ -67.029602, 6.792111 ], [ -67.029930, 6.791111 ], [ -67.030533, 6.789084 ], [ -67.030869, 6.788039 ], [ -67.031059, 6.787056 ], [ -67.031387, 6.786148 ], [ -67.031677, 6.785122 ], [ -67.032143, 6.784335 ], [ -67.032768, 6.783390 ], [ -67.033440, 6.782700 ], [ -67.034042, 6.781847 ], [ -67.034607, 6.780831 ], [ -67.035164, 6.780045 ], [ -67.035934, 6.779083 ], [ -67.036537, 6.778161 ], [ -67.037117, 6.777238 ], [ -67.037628, 6.776474 ], [ -67.038231, 6.775713 ], [ -67.038956, 6.774748 ], [ -67.039726, 6.773693 ], [ -67.040581, 6.772757 ], [ -67.041580, 6.771780 ], [ -67.042480, 6.771006 ], [ -67.043259, 6.770504 ], [ -67.044220, 6.770031 ], [ -67.045082, 6.769532 ], [ -67.045982, 6.768988 ], [ -67.046806, 6.768279 ], [ -67.047607, 6.767663 ], [ -67.049301, 6.766594 ], [ -67.050179, 6.765912 ], [ -67.050819, 6.765221 ], [ -67.051536, 6.764349 ], [ -67.052215, 6.763498 ], [ -67.052994, 6.762834 ], [ -67.053802, 6.762035 ], [ -67.054649, 6.761420 ], [ -67.056335, 6.760005 ], [ -67.057137, 6.759388 ], [ -67.059036, 6.758350 ], [ -67.059830, 6.757894 ], [ -67.060745, 6.757397 ], [ -67.061661, 6.756923 ], [ -67.062668, 6.756382 ], [ -67.063507, 6.755996 ], [ -67.064484, 6.755525 ], [ -67.065468, 6.755121 ], [ -67.066467, 6.754694 ], [ -67.067474, 6.754293 ], [ -67.069466, 6.753740 ], [ -67.070534, 6.753431 ], [ -67.071564, 6.753098 ], [ -67.072823, 6.752566 ], [ -67.073891, 6.752213 ], [ -67.074890, 6.751810 ], [ -67.076058, 6.751320 ], [ -67.076942, 6.750959 ], [ -67.077835, 6.750530 ], [ -67.078720, 6.750079 ], [ -67.079712, 6.749467 ], [ -67.081337, 6.748212 ], [ -67.082421, 6.747398 ], [ -67.083275, 6.746599 ], [ -67.084046, 6.745752 ], [ -67.084877, 6.744792 ], [ -67.085594, 6.744126 ], [ -67.086350, 6.743439 ], [ -67.087021, 6.742749 ], [ -67.087822, 6.742017 ], [ -67.088684, 6.741058 ], [ -67.089356, 6.740208 ], [ -67.090004, 6.739470 ], [ -67.090584, 6.738730 ], [ -67.091202, 6.738017 ], [ -67.091805, 6.737210 ], [ -67.092476, 6.736336 ], [ -67.093063, 6.735481 ], [ -67.093636, 6.734788 ], [ -67.094284, 6.733890 ], [ -67.095085, 6.732814 ], [ -67.095696, 6.731778 ], [ -67.096886, 6.729840 ], [ -67.097496, 6.728711 ], [ -67.098534, 6.726608 ], [ -67.099053, 6.725613 ], [ -67.099640, 6.724598 ], [ -67.100105, 6.723741 ], [ -67.100609, 6.722977 ], [ -67.101143, 6.722236 ], [ -67.101868, 6.721317 ], [ -67.102654, 6.720356 ], [ -67.103218, 6.719432 ], [ -67.104332, 6.717722 ], [ -67.105034, 6.716758 ], [ -67.105538, 6.716016 ], [ -67.106217, 6.715073 ], [ -67.106964, 6.713995 ], [ -67.107429, 6.713068 ], [ -67.108093, 6.711895 ], [ -67.108475, 6.710896 ], [ -67.108841, 6.710058 ], [ -67.109177, 6.709149 ], [ -67.109367, 6.708213 ], [ -67.109520, 6.707183 ], [ -67.109711, 6.706132 ], [ -67.110024, 6.705154 ], [ -67.110420, 6.704270 ], [ -67.110611, 6.703451 ], [ -67.110825, 6.702653 ], [ -67.110840, 6.702527 ], [ -67.110649, 6.702655 ], [ -67.110817, 6.701028 ], [ -67.110710, 6.700036 ], [ -67.110451, 6.698992 ], [ -67.110184, 6.698018 ], [ -67.109940, 6.696975 ], [ -67.109612, 6.695951 ], [ -67.109428, 6.695049 ], [ -67.109375, 6.694012 ], [ -67.109337, 6.692999 ], [ -67.109421, 6.692059 ], [ -67.109474, 6.691164 ], [ -67.109459, 6.690244 ], [ -67.109291, 6.688973 ], [ -67.109093, 6.688093 ], [ -67.108940, 6.687145 ], [ -67.108864, 6.686016 ], [ -67.108872, 6.685050 ], [ -67.108902, 6.684154 ], [ -67.109215, 6.681175 ], [ -67.109360, 6.680214 ], [ -67.109489, 6.679092 ], [ -67.109665, 6.677971 ], [ -67.110321, 6.674981 ], [ -67.110519, 6.673816 ], [ -67.110687, 6.672901 ], [ -67.110977, 6.671761 ], [ -67.111267, 6.670713 ], [ -67.111626, 6.669691 ], [ -67.111938, 6.668552 ], [ -67.112846, 6.666708 ], [ -67.113434, 6.665815 ], [ -67.113708, 6.664941 ], [ -67.114052, 6.663929 ], [ -67.114509, 6.661790 ], [ -67.114693, 6.660800 ], [ -67.114807, 6.659651 ], [ -67.114876, 6.658799 ], [ -67.115013, 6.657764 ], [ -67.115196, 6.656684 ], [ -67.115845, 6.653717 ], [ -67.116028, 6.652705 ], [ -67.116211, 6.650796 ], [ -67.116348, 6.649852 ], [ -67.116486, 6.648679 ], [ -67.116547, 6.647667 ], [ -67.116569, 6.646702 ], [ -67.116661, 6.644655 ], [ -67.116730, 6.643344 ], [ -67.116798, 6.642286 ], [ -67.117027, 6.640101 ], [ -67.117119, 6.639089 ], [ -67.117188, 6.638008 ], [ -67.117302, 6.636790 ], [ -67.117577, 6.634904 ], [ -67.117851, 6.633201 ], [ -67.117897, 6.632351 ], [ -67.117897, 6.631247 ], [ -67.117874, 6.630121 ], [ -67.117874, 6.629178 ], [ -67.117920, 6.628120 ], [ -67.118080, 6.626118 ], [ -67.118126, 6.625154 ], [ -67.118126, 6.624256 ], [ -67.118149, 6.623243 ], [ -67.118057, 6.622370 ], [ -67.118004, 6.621290 ], [ -67.117958, 6.620048 ], [ -67.117981, 6.619013 ], [ -67.118118, 6.617978 ], [ -67.118279, 6.616897 ], [ -67.118347, 6.615770 ], [ -67.118324, 6.614736 ], [ -67.118324, 6.613884 ], [ -67.118279, 6.611977 ], [ -67.118279, 6.610711 ], [ -67.118347, 6.609631 ], [ -67.118416, 6.608710 ], [ -67.118439, 6.607837 ], [ -67.118439, 6.606939 ], [ -67.118393, 6.605906 ], [ -67.118271, 6.604870 ], [ -67.118202, 6.603973 ], [ -67.118156, 6.602984 ], [ -67.118248, 6.601996 ], [ -67.118477, 6.599903 ], [ -67.118614, 6.599051 ], [ -67.119003, 6.596982 ], [ -67.119278, 6.595763 ], [ -67.119507, 6.594911 ], [ -67.120132, 6.593048 ], [ -67.120476, 6.592105 ], [ -67.120773, 6.591184 ], [ -67.121391, 6.589345 ], [ -67.121643, 6.588516 ], [ -67.121918, 6.587665 ], [ -67.122261, 6.586537 ], [ -67.122490, 6.585686 ], [ -67.122879, 6.584581 ], [ -67.123268, 6.583592 ], [ -67.123527, 6.582786 ], [ -67.123802, 6.581982 ], [ -67.124100, 6.580969 ], [ -67.124443, 6.579935 ], [ -67.124901, 6.578806 ], [ -67.125336, 6.577863 ], [ -67.125862, 6.576850 ], [ -67.126388, 6.575723 ], [ -67.126808, 6.574872 ], [ -67.127655, 6.572824 ], [ -67.128136, 6.571904 ], [ -67.128571, 6.571029 ], [ -67.128937, 6.569994 ], [ -67.129372, 6.569073 ], [ -67.129669, 6.568153 ], [ -67.130333, 6.565530 ], [ -67.130661, 6.564540 ], [ -67.130890, 6.563622 ], [ -67.131188, 6.562494 ], [ -67.131531, 6.561090 ], [ -67.131760, 6.560055 ], [ -67.132034, 6.558768 ], [ -67.132309, 6.557387 ], [ -67.132561, 6.556191 ], [ -67.132767, 6.554995 ], [ -67.133064, 6.553684 ], [ -67.133316, 6.552464 ], [ -67.133522, 6.551567 ], [ -67.133820, 6.550371 ], [ -67.134025, 6.549451 ], [ -67.134186, 6.548623 ], [ -67.134392, 6.547702 ], [ -67.134552, 6.546874 ], [ -67.134918, 6.544805 ], [ -67.135147, 6.543746 ], [ -67.135399, 6.542827 ], [ -67.135582, 6.541928 ], [ -67.136269, 6.539789 ], [ -67.136658, 6.538754 ], [ -67.136963, 6.537879 ], [ -67.137192, 6.536798 ], [ -67.137489, 6.535787 ], [ -67.137695, 6.534728 ], [ -67.137833, 6.533671 ], [ -67.138016, 6.532750 ], [ -67.138245, 6.531875 ], [ -67.138656, 6.529967 ], [ -67.138908, 6.528862 ], [ -67.139252, 6.527712 ], [ -67.139526, 6.526539 ], [ -67.139709, 6.525619 ], [ -67.140053, 6.524468 ], [ -67.140328, 6.523411 ], [ -67.140556, 6.522398 ], [ -67.140854, 6.521156 ], [ -67.141060, 6.520098 ], [ -67.141358, 6.518993 ], [ -67.141609, 6.518096 ], [ -67.141861, 6.517268 ], [ -67.142181, 6.516139 ], [ -67.142593, 6.515036 ], [ -67.142891, 6.514139 ], [ -67.143211, 6.513241 ], [ -67.143562, 6.512368 ], [ -67.144157, 6.510572 ], [ -67.144455, 6.509561 ], [ -67.144684, 6.508640 ], [ -67.145142, 6.506684 ], [ -67.145370, 6.505765 ], [ -67.145714, 6.504522 ], [ -67.146240, 6.502544 ], [ -67.146698, 6.500519 ], [ -67.146835, 6.499646 ], [ -67.146996, 6.498771 ], [ -67.147179, 6.497668 ], [ -67.147385, 6.496516 ], [ -67.147591, 6.495551 ], [ -67.147751, 6.494677 ], [ -67.147911, 6.493733 ], [ -67.147980, 6.492883 ], [ -67.148025, 6.491963 ], [ -67.148094, 6.491112 ], [ -67.148186, 6.489203 ], [ -67.148346, 6.487938 ], [ -67.148506, 6.486857 ], [ -67.148666, 6.485914 ], [ -67.148804, 6.484763 ], [ -67.149216, 6.483637 ], [ -67.149468, 6.482601 ], [ -67.149719, 6.481635 ], [ -67.149971, 6.480761 ], [ -67.150314, 6.479771 ], [ -67.150612, 6.478575 ], [ -67.151001, 6.476390 ], [ -67.151184, 6.475447 ], [ -67.151436, 6.474504 ], [ -67.151710, 6.473537 ], [ -67.152008, 6.472548 ], [ -67.152695, 6.470639 ], [ -67.152901, 6.469787 ], [ -67.153130, 6.468775 ], [ -67.153496, 6.467532 ], [ -67.153908, 6.466726 ], [ -67.155106, 6.464909 ], [ -67.155632, 6.464172 ], [ -67.156639, 6.462606 ], [ -67.157142, 6.461916 ], [ -67.158203, 6.460212 ], [ -67.159393, 6.458394 ], [ -67.159988, 6.457541 ], [ -67.160469, 6.456828 ], [ -67.161507, 6.455171 ], [ -67.162491, 6.453537 ], [ -67.163521, 6.451949 ], [ -67.164238, 6.451119 ], [ -67.165039, 6.450152 ], [ -67.165726, 6.449300 ], [ -67.166573, 6.448309 ], [ -67.167267, 6.447366 ], [ -67.169327, 6.444810 ], [ -67.169945, 6.444026 ], [ -67.170685, 6.443129 ], [ -67.171371, 6.442438 ], [ -67.172081, 6.441747 ], [ -67.172791, 6.441033 ], [ -67.173599, 6.440319 ], [ -67.174286, 6.439743 ], [ -67.174950, 6.439075 ], [ -67.177246, 6.437001 ], [ -67.178139, 6.436172 ], [ -67.178856, 6.435527 ], [ -67.179634, 6.434721 ], [ -67.180595, 6.433776 ], [ -67.181465, 6.433039 ], [ -67.182480, 6.432394 ], [ -67.183418, 6.431771 ], [ -67.185211, 6.430780 ], [ -67.186173, 6.430272 ], [ -67.187897, 6.429418 ], [ -67.188766, 6.428957 ], [ -67.189873, 6.428426 ], [ -67.190628, 6.428033 ], [ -67.191429, 6.427550 ], [ -67.192215, 6.427042 ], [ -67.193153, 6.426397 ], [ -67.194046, 6.425798 ], [ -67.194786, 6.425360 ], [ -67.195518, 6.424944 ], [ -67.196411, 6.424184 ], [ -67.197723, 6.422825 ], [ -67.198341, 6.422111 ], [ -67.199051, 6.421352 ], [ -67.199692, 6.420705 ], [ -67.201119, 6.419577 ], [ -67.201920, 6.418954 ], [ -67.203667, 6.417709 ], [ -67.204536, 6.416950 ], [ -67.205292, 6.416190 ], [ -67.206047, 6.415452 ], [ -67.206718, 6.414738 ], [ -67.207314, 6.414139 ], [ -67.208069, 6.413447 ], [ -67.208710, 6.412803 ], [ -67.210159, 6.411466 ], [ -67.211761, 6.409854 ], [ -67.213302, 6.408518 ], [ -67.213966, 6.407919 ], [ -67.215317, 6.406744 ], [ -67.216011, 6.406191 ], [ -67.216675, 6.405568 ], [ -67.217636, 6.404693 ], [ -67.220230, 6.402250 ], [ -67.221100, 6.401444 ], [ -67.221931, 6.400753 ], [ -67.222710, 6.400130 ], [ -67.224243, 6.398863 ], [ -67.225006, 6.398264 ], [ -67.225853, 6.397572 ], [ -67.226517, 6.397019 ], [ -67.227204, 6.396420 ], [ -67.227875, 6.395821 ], [ -67.228745, 6.395015 ], [ -67.231018, 6.392988 ], [ -67.231728, 6.392342 ], [ -67.232460, 6.391651 ], [ -67.233169, 6.391052 ], [ -67.235260, 6.389092 ], [ -67.235993, 6.388425 ], [ -67.236732, 6.387664 ], [ -67.238014, 6.386122 ], [ -67.238632, 6.385408 ], [ -67.239273, 6.384487 ], [ -67.239777, 6.383796 ], [ -67.241249, 6.381379 ], [ -67.241844, 6.380596 ], [ -67.242622, 6.379537 ], [ -67.243217, 6.378593 ], [ -67.243950, 6.377602 ], [ -67.244621, 6.376566 ], [ -67.245171, 6.375783 ], [ -67.245743, 6.374862 ], [ -67.246292, 6.374171 ], [ -67.246727, 6.372790 ], [ -67.247208, 6.371525 ], [ -67.247711, 6.370834 ], [ -67.248451, 6.370350 ], [ -67.249939, 6.369404 ], [ -67.250832, 6.368782 ], [ -67.251686, 6.368343 ], [ -67.252556, 6.367974 ], [ -67.253540, 6.367535 ], [ -67.254349, 6.367280 ], [ -67.256294, 6.366702 ], [ -67.258316, 6.366055 ], [ -67.259560, 6.365777 ], [ -67.260727, 6.365475 ], [ -67.261559, 6.365243 ], [ -67.262314, 6.364874 ], [ -67.263275, 6.364597 ], [ -67.265434, 6.363581 ], [ -67.266350, 6.363165 ], [ -67.267273, 6.362726 ], [ -67.268074, 6.362265 ], [ -67.268761, 6.361781 ], [ -67.269638, 6.361113 ], [ -67.270462, 6.360582 ], [ -67.271744, 6.359384 ], [ -67.272385, 6.358761 ], [ -67.273125, 6.358139 ], [ -67.274177, 6.357332 ], [ -67.275001, 6.356756 ], [ -67.275688, 6.356088 ], [ -67.276405, 6.355189 ], [ -67.276909, 6.354338 ], [ -67.277458, 6.353210 ], [ -67.277893, 6.352450 ], [ -67.278831, 6.350424 ], [ -67.279221, 6.349550 ], [ -67.279724, 6.348192 ], [ -67.280090, 6.347133 ], [ -67.280411, 6.346075 ], [ -67.280617, 6.345178 ], [ -67.280891, 6.344326 ], [ -67.281303, 6.343267 ], [ -67.281784, 6.342208 ], [ -67.282127, 6.341380 ], [ -67.282585, 6.340321 ], [ -67.283112, 6.339332 ], [ -67.283798, 6.338426 ], [ -67.284195, 6.337711 ], [ -67.284958, 6.336468 ], [ -67.285332, 6.335893 ], [ -67.285614, 6.335225 ], [ -67.285934, 6.334694 ], [ -67.286308, 6.334212 ], [ -67.286804, 6.333466 ], [ -67.287407, 6.332642 ], [ -67.287819, 6.332139 ], [ -67.288773, 6.330949 ], [ -67.289322, 6.330377 ], [ -67.289856, 6.329851 ], [ -67.291031, 6.328732 ], [ -67.291603, 6.328320 ], [ -67.292252, 6.327773 ], [ -67.292694, 6.327292 ], [ -67.293243, 6.326720 ], [ -67.293732, 6.326148 ], [ -67.294212, 6.325462 ], [ -67.294632, 6.324797 ], [ -67.295120, 6.324179 ], [ -67.296066, 6.322875 ], [ -67.297081, 6.321410 ], [ -67.297615, 6.320585 ], [ -67.298469, 6.319348 ], [ -67.299255, 6.318112 ], [ -67.299721, 6.317448 ], [ -67.300140, 6.316876 ], [ -67.300575, 6.316326 ], [ -67.300972, 6.315753 ], [ -67.301781, 6.314631 ], [ -67.302193, 6.314082 ], [ -67.302681, 6.313464 ], [ -67.303650, 6.312068 ], [ -67.304047, 6.311335 ], [ -67.304367, 6.310601 ], [ -67.304672, 6.309822 ], [ -67.305206, 6.308492 ], [ -67.305534, 6.307826 ], [ -67.305786, 6.307208 ], [ -67.306671, 6.304869 ], [ -67.306954, 6.303975 ], [ -67.307228, 6.303195 ], [ -67.307533, 6.302484 ], [ -67.307976, 6.301705 ], [ -67.309036, 6.299712 ], [ -67.309524, 6.298818 ], [ -67.309944, 6.298200 ], [ -67.310402, 6.297421 ], [ -67.310867, 6.296711 ], [ -67.312576, 6.294146 ], [ -67.313065, 6.293436 ], [ -67.313553, 6.292679 ], [ -67.314316, 6.291260 ], [ -67.315056, 6.289816 ], [ -67.315933, 6.288259 ], [ -67.316307, 6.287547 ], [ -67.317047, 6.286379 ], [ -67.317879, 6.285258 ], [ -67.318298, 6.284755 ], [ -67.319199, 6.283702 ], [ -67.320580, 6.282284 ], [ -67.321159, 6.281804 ], [ -67.322174, 6.281029 ], [ -67.322815, 6.280595 ], [ -67.323372, 6.280160 ], [ -67.323898, 6.279773 ], [ -67.324570, 6.279224 ], [ -67.325310, 6.278538 ], [ -67.325905, 6.278059 ], [ -67.326599, 6.277579 ], [ -67.327194, 6.277215 ], [ -67.327843, 6.276759 ], [ -67.328415, 6.276302 ], [ -67.328949, 6.275845 ], [ -67.329521, 6.275410 ], [ -67.330307, 6.274933 ], [ -67.330979, 6.274545 ], [ -67.332062, 6.273792 ], [ -67.332634, 6.273404 ], [ -67.333260, 6.273039 ], [ -67.334015, 6.272653 ], [ -67.334633, 6.272356 ], [ -67.335236, 6.272038 ], [ -67.336067, 6.271697 ], [ -67.336731, 6.271448 ], [ -67.337608, 6.271084 ], [ -67.338478, 6.270881 ], [ -67.339096, 6.270700 ], [ -67.339813, 6.270451 ], [ -67.340477, 6.270247 ], [ -67.341148, 6.270066 ], [ -67.342567, 6.269935 ], [ -67.343788, 6.269711 ], [ -67.343964, 6.269706 ], [ -67.344429, 6.269691 ], [ -67.344879, 6.269633 ], [ -67.345291, 6.269601 ], [ -67.346214, 6.269443 ], [ -67.347084, 6.269217 ], [ -67.347984, 6.268946 ], [ -67.349480, 6.268632 ], [ -67.351845, 6.268023 ], [ -67.353226, 6.267706 ], [ -67.354790, 6.267553 ], [ -67.356926, 6.267563 ], [ -67.358276, 6.267455 ], [ -67.358681, 6.267360 ], [ -67.358765, 6.267338 ], [ -67.359711, 6.267073 ], [ -67.360451, 6.266846 ], [ -67.361206, 6.266781 ], [ -67.362243, 6.266487 ], [ -67.363068, 6.266238 ], [ -67.363876, 6.266013 ], [ -67.364723, 6.265740 ], [ -67.365669, 6.265354 ], [ -67.366516, 6.265059 ], [ -67.367485, 6.264810 ], [ -67.368217, 6.264608 ], [ -67.368889, 6.264451 ], [ -67.370270, 6.264020 ], [ -67.371071, 6.263817 ], [ -67.371696, 6.263613 ], [ -67.372360, 6.263478 ], [ -67.372955, 6.263227 ], [ -67.373672, 6.262863 ], [ -67.374222, 6.262544 ], [ -67.375443, 6.261724 ], [ -67.376045, 6.261151 ], [ -67.376663, 6.260809 ], [ -67.377289, 6.260536 ], [ -67.377952, 6.260195 ], [ -67.379425, 6.259582 ], [ -67.380257, 6.259287 ], [ -67.381058, 6.259037 ], [ -67.381844, 6.258834 ], [ -67.382553, 6.258585 ], [ -67.383545, 6.258290 ], [ -67.384437, 6.258180 ], [ -67.384964, 6.258135 ], [ -67.385223, 6.258114 ], [ -67.385506, 6.258071 ], [ -67.386268, 6.257979 ], [ -67.387627, 6.257779 ], [ -67.388565, 6.257598 ], [ -67.390869, 6.257524 ], [ -67.391045, 6.257518 ], [ -67.392120, 6.257455 ], [ -67.392342, 6.257434 ], [ -67.393173, 6.257208 ], [ -67.393860, 6.257051 ], [ -67.394684, 6.256847 ], [ -67.395515, 6.256507 ], [ -67.396393, 6.256096 ], [ -67.397148, 6.255756 ], [ -67.397934, 6.255484 ], [ -67.399315, 6.255076 ], [ -67.400047, 6.254735 ], [ -67.400643, 6.254439 ], [ -67.401268, 6.254074 ], [ -67.401840, 6.253778 ], [ -67.402489, 6.253483 ], [ -67.403267, 6.253164 ], [ -67.403984, 6.252891 ], [ -67.405342, 6.252232 ], [ -67.406052, 6.251866 ], [ -67.406906, 6.251366 ], [ -67.407593, 6.251001 ], [ -67.408241, 6.250637 ], [ -67.408913, 6.250202 ], [ -67.409645, 6.249701 ], [ -67.410202, 6.249336 ], [ -67.410820, 6.248879 ], [ -67.411354, 6.248422 ], [ -67.412895, 6.247165 ], [ -67.413498, 6.246709 ], [ -67.414093, 6.246206 ], [ -67.414581, 6.245725 ], [ -67.415245, 6.244970 ], [ -67.416237, 6.243781 ], [ -67.416748, 6.243254 ], [ -67.417305, 6.242659 ], [ -67.417717, 6.242018 ], [ -67.418251, 6.240986 ], [ -67.418625, 6.240230 ], [ -67.419662, 6.238512 ], [ -67.420082, 6.237894 ], [ -67.420731, 6.236656 ], [ -67.421051, 6.235922 ], [ -67.421448, 6.235143 ], [ -67.421867, 6.234134 ], [ -67.422165, 6.233193 ], [ -67.422424, 6.232460 ], [ -67.422608, 6.231840 ], [ -67.422775, 6.231152 ], [ -67.423027, 6.230463 ], [ -67.423355, 6.229524 ], [ -67.423683, 6.228675 ], [ -67.423912, 6.227964 ], [ -67.424431, 6.225485 ], [ -67.424576, 6.224613 ], [ -67.425041, 6.222202 ], [ -67.425369, 6.220917 ], [ -67.425507, 6.220183 ], [ -67.425652, 6.219242 ], [ -67.425819, 6.218531 ], [ -67.426117, 6.217520 ], [ -67.426422, 6.216650 ], [ -67.426704, 6.215800 ], [ -67.427284, 6.213483 ], [ -67.427727, 6.212107 ], [ -67.428100, 6.211258 ], [ -67.428360, 6.210432 ], [ -67.428703, 6.209560 ], [ -67.429031, 6.208873 ], [ -67.429398, 6.208231 ], [ -67.429725, 6.207612 ], [ -67.430092, 6.206971 ], [ -67.430534, 6.206491 ], [ -67.431038, 6.205873 ], [ -67.431503, 6.205231 ], [ -67.431992, 6.204590 ], [ -67.432747, 6.204019 ], [ -67.433395, 6.203678 ], [ -67.434059, 6.203221 ], [ -67.434639, 6.202764 ], [ -67.435165, 6.202238 ], [ -67.435791, 6.201596 ], [ -67.436371, 6.201095 ], [ -67.436966, 6.200752 ], [ -67.437584, 6.200365 ], [ -67.438507, 6.199542 ], [ -67.439018, 6.199131 ], [ -67.439773, 6.198983 ], [ -67.447624, 6.199004 ], [ -67.452789, 6.196663 ], [ -67.461479, 6.199384 ], [ -67.462166, 6.199894 ], [ -67.462967, 6.200405 ], [ -67.464264, 6.201194 ], [ -67.464950, 6.201727 ], [ -67.465614, 6.202282 ], [ -67.466370, 6.202977 ], [ -67.467262, 6.203671 ], [ -67.467964, 6.204251 ], [ -67.468651, 6.204783 ], [ -67.469429, 6.205339 ], [ -67.470299, 6.205851 ], [ -67.471664, 6.207031 ], [ -67.472420, 6.207495 ], [ -67.473152, 6.208075 ], [ -67.474777, 6.209142 ], [ -67.475510, 6.209606 ], [ -67.476379, 6.210070 ], [ -67.477203, 6.210375 ], [ -67.478256, 6.210841 ], [ -67.479072, 6.211375 ], [ -67.479897, 6.211839 ], [ -67.480652, 6.212395 ], [ -67.482964, 6.214134 ], [ -67.483734, 6.214759 ], [ -67.485565, 6.215942 ], [ -67.486229, 6.216520 ], [ -67.486962, 6.217008 ], [ -67.487686, 6.217586 ], [ -67.488396, 6.218189 ], [ -67.489174, 6.218768 ], [ -67.489952, 6.219439 ], [ -67.491226, 6.220827 ], [ -67.491867, 6.221405 ], [ -67.492645, 6.221961 ], [ -67.493400, 6.222632 ], [ -67.494194, 6.223372 ], [ -67.494881, 6.224043 ], [ -67.495430, 6.224806 ], [ -67.495903, 6.225635 ], [ -67.496292, 6.226534 ], [ -67.497200, 6.228126 ], [ -67.497467, 6.228955 ], [ -67.497902, 6.229785 ], [ -67.498398, 6.230570 ], [ -67.499085, 6.231287 ], [ -67.499886, 6.231636 ], [ -67.500618, 6.231755 ], [ -67.501373, 6.231737 ], [ -67.502228, 6.231604 ], [ -67.503166, 6.231265 ], [ -67.504067, 6.230994 ], [ -67.504959, 6.230908 ], [ -67.505943, 6.230913 ], [ -67.506866, 6.230988 ], [ -67.507782, 6.231017 ], [ -67.508652, 6.231115 ], [ -67.509522, 6.231072 ], [ -67.510399, 6.230803 ], [ -67.511452, 6.230947 ], [ -67.513031, 6.232059 ], [ -67.513764, 6.232547 ], [ -67.514465, 6.233034 ], [ -67.515221, 6.233475 ], [ -67.515999, 6.233984 ], [ -67.516800, 6.234473 ], [ -67.517670, 6.234914 ], [ -67.518448, 6.235264 ], [ -67.519363, 6.235522 ], [ -67.520393, 6.236081 ], [ -67.521149, 6.236981 ], [ -67.521645, 6.237742 ], [ -67.523041, 6.239245 ], [ -67.523720, 6.240009 ], [ -67.524269, 6.240701 ], [ -67.524727, 6.241439 ], [ -67.525246, 6.242546 ], [ -67.525635, 6.243443 ], [ -67.526085, 6.244205 ], [ -67.526520, 6.244967 ], [ -67.527062, 6.245751 ], [ -67.527679, 6.246605 ], [ -67.528770, 6.248382 ], [ -67.529335, 6.249237 ], [ -67.529747, 6.250020 ], [ -67.530159, 6.250826 ], [ -67.530586, 6.251565 ], [ -67.531158, 6.252396 ], [ -67.531654, 6.253180 ], [ -67.532135, 6.253896 ], [ -67.532684, 6.254612 ], [ -67.533272, 6.255488 ], [ -67.534271, 6.257035 ], [ -67.535507, 6.258627 ], [ -67.536026, 6.259366 ], [ -67.536575, 6.260082 ], [ -67.537163, 6.260937 ], [ -67.537804, 6.261562 ], [ -67.538582, 6.262186 ], [ -67.539429, 6.262835 ], [ -67.540207, 6.263368 ], [ -67.540932, 6.263970 ], [ -67.541779, 6.264734 ], [ -67.542511, 6.265336 ], [ -67.544090, 6.266425 ], [ -67.544846, 6.266959 ], [ -67.546394, 6.267934 ], [ -67.547127, 6.268444 ], [ -67.547951, 6.269092 ], [ -67.548843, 6.269948 ], [ -67.549545, 6.270757 ], [ -67.550301, 6.271358 ], [ -67.551125, 6.271869 ], [ -67.551949, 6.272265 ], [ -67.552772, 6.272523 ], [ -67.553688, 6.272735 ], [ -67.554581, 6.272786 ], [ -67.555458, 6.272884 ], [ -67.556465, 6.272843 ], [ -67.557915, 6.272668 ], [ -67.559082, 6.272538 ], [ -67.559952, 6.272473 ], [ -67.560921, 6.272249 ], [ -67.562920, 6.271664 ], [ -67.563766, 6.271554 ], [ -67.564827, 6.271307 ], [ -67.565857, 6.271245 ], [ -67.566933, 6.271366 ], [ -67.568703, 6.271813 ], [ -67.569573, 6.271841 ], [ -67.570557, 6.271686 ], [ -67.571457, 6.271369 ], [ -67.572441, 6.271169 ], [ -67.573410, 6.271266 ], [ -67.574486, 6.271088 ], [ -67.575592, 6.270958 ], [ -67.576553, 6.271078 ], [ -67.577583, 6.270992 ], [ -67.578598, 6.270837 ], [ -67.579719, 6.270476 ], [ -67.580711, 6.270205 ], [ -67.581696, 6.270120 ], [ -67.582733, 6.270126 ], [ -67.583855, 6.270201 ], [ -67.584816, 6.270368 ], [ -67.585777, 6.270465 ], [ -67.586632, 6.270540 ], [ -67.587639, 6.270775 ], [ -67.588577, 6.271126 ], [ -67.589562, 6.271637 ], [ -67.590363, 6.272216 ], [ -67.591065, 6.272819 ], [ -67.591842, 6.273375 ], [ -67.592667, 6.273862 ], [ -67.593445, 6.274258 ], [ -67.595230, 6.275325 ], [ -67.595940, 6.275812 ], [ -67.596695, 6.276253 ], [ -67.597702, 6.276604 ], [ -67.598709, 6.277000 ], [ -67.599602, 6.277397 ], [ -67.600449, 6.277815 ], [ -67.601250, 6.278280 ], [ -67.602165, 6.278791 ], [ -67.603035, 6.279302 ], [ -67.603950, 6.279858 ], [ -67.604698, 6.280300 ], [ -67.605888, 6.281088 ], [ -67.606964, 6.281761 ], [ -67.607902, 6.282410 ], [ -67.608589, 6.282920 ], [ -67.609390, 6.283545 ], [ -67.610367, 6.284379 ], [ -67.611076, 6.285073 ], [ -67.611923, 6.285813 ], [ -67.612747, 6.286553 ], [ -67.613403, 6.287178 ], [ -67.614204, 6.287872 ], [ -67.614937, 6.288336 ], [ -67.617477, 6.289891 ], [ -67.618416, 6.290494 ], [ -67.619423, 6.291167 ], [ -67.620270, 6.291516 ], [ -67.621254, 6.291936 ], [ -67.622192, 6.292264 ], [ -67.623085, 6.292498 ], [ -67.624962, 6.292763 ], [ -67.626892, 6.292589 ], [ -67.627724, 6.292250 ], [ -67.628570, 6.291933 ], [ -67.629288, 6.291409 ], [ -67.630272, 6.291000 ], [ -67.631424, 6.290616 ], [ -67.632484, 6.290208 ], [ -67.633492, 6.289938 ], [ -67.634621, 6.289715 ], [ -67.635605, 6.289560 ], [ -67.636436, 6.289358 ], [ -67.637352, 6.289110 ], [ -67.638229, 6.288816 ], [ -67.639213, 6.288569 ], [ -67.640106, 6.288391 ], [ -67.641167, 6.288098 ], [ -67.642250, 6.287782 ], [ -67.643051, 6.287465 ], [ -67.644020, 6.287195 ], [ -67.644913, 6.286970 ], [ -67.645943, 6.286838 ], [ -67.646843, 6.286843 ], [ -67.647850, 6.286896 ], [ -67.648926, 6.286925 ], [ -67.651039, 6.287029 ], [ -67.651955, 6.287149 ], [ -67.652992, 6.287270 ], [ -67.654114, 6.287437 ], [ -67.655190, 6.287650 ], [ -67.656265, 6.287956 ], [ -67.657158, 6.288352 ], [ -67.658073, 6.288817 ], [ -67.658966, 6.289304 ], [ -67.661575, 6.290836 ], [ -67.662514, 6.291463 ], [ -67.663383, 6.291973 ], [ -67.664276, 6.292576 ], [ -67.665077, 6.293086 ], [ -67.665825, 6.293504 ], [ -67.666725, 6.293946 ], [ -67.667709, 6.294182 ], [ -67.668579, 6.294325 ], [ -67.669518, 6.294422 ], [ -67.670571, 6.294520 ], [ -67.671425, 6.294662 ], [ -67.672340, 6.294783 ], [ -67.673988, 6.295390 ], [ -67.674812, 6.295785 ], [ -67.675728, 6.296114 ], [ -67.676575, 6.296348 ], [ -67.677513, 6.296629 ], [ -67.678360, 6.296909 ], [ -67.679298, 6.297282 ], [ -67.680359, 6.297656 ], [ -67.681526, 6.297939 ], [ -67.682465, 6.298013 ], [ -67.683655, 6.297974 ], [ -67.684647, 6.297956 ], [ -67.685539, 6.297893 ], [ -67.686478, 6.297898 ], [ -67.688408, 6.298047 ], [ -67.689461, 6.298031 ], [ -67.690315, 6.297943 ], [ -67.691208, 6.297880 ], [ -67.692291, 6.297840 ], [ -67.693253, 6.297982 ], [ -67.695870, 6.296939 ], [ -67.697594, 6.296284 ], [ -67.698471, 6.295897 ], [ -67.699249, 6.295511 ], [ -67.700081, 6.295171 ], [ -67.700974, 6.294831 ], [ -67.701828, 6.294560 ], [ -67.702698, 6.294336 ], [ -67.703712, 6.294135 ], [ -67.704582, 6.293864 ], [ -67.705689, 6.293663 ], [ -67.706627, 6.293553 ], [ -67.707665, 6.293536 ], [ -67.708580, 6.293587 ], [ -67.709450, 6.293684 ], [ -67.710434, 6.293782 ], [ -67.711326, 6.293993 ], [ -67.713142, 6.294050 ], [ -67.715164, 6.294016 ], [ -67.716400, 6.294091 ], [ -67.717316, 6.294074 ], [ -67.718514, 6.294264 ], [ -67.719658, 6.294477 ], [ -67.720734, 6.294576 ], [ -67.722595, 6.294724 ], [ -67.723763, 6.294754 ], [ -67.725693, 6.294925 ], [ -67.726814, 6.295161 ], [ -67.728806, 6.295655 ], [ -67.729675, 6.295799 ], [ -67.730690, 6.295919 ], [ -67.731560, 6.296084 ], [ -67.732452, 6.296274 ], [ -67.733505, 6.296463 ], [ -67.734535, 6.296630 ], [ -67.735619, 6.296912 ], [ -67.736443, 6.297147 ], [ -67.737381, 6.297358 ], [ -67.738274, 6.297548 ], [ -67.739166, 6.297760 ], [ -67.740196, 6.298018 ], [ -67.741142, 6.298276 ], [ -67.742127, 6.298466 ], [ -67.743134, 6.298541 ], [ -67.744240, 6.298432 ], [ -67.745178, 6.298138 ], [ -67.746078, 6.297913 ], [ -67.747086, 6.297711 ], [ -67.748032, 6.297510 ], [ -67.748993, 6.297354 ], [ -67.750122, 6.297062 ], [ -67.751038, 6.296792 ], [ -67.752876, 6.296043 ], [ -67.753799, 6.295796 ], [ -67.754715, 6.295618 ], [ -67.755585, 6.295599 ], [ -67.756462, 6.295695 ], [ -67.757607, 6.295771 ], [ -67.758499, 6.295844 ], [ -67.760635, 6.296064 ], [ -67.761665, 6.296276 ], [ -67.762695, 6.296627 ], [ -67.763679, 6.296816 ], [ -67.765610, 6.297333 ], [ -67.766685, 6.297706 ], [ -67.768539, 6.298522 ], [ -67.769432, 6.299008 ], [ -67.770210, 6.299588 ], [ -67.770935, 6.300328 ], [ -67.771507, 6.300998 ], [ -67.772011, 6.301827 ], [ -67.772484, 6.302819 ], [ -67.772781, 6.303855 ], [ -67.773117, 6.305626 ], [ -67.773201, 6.307420 ], [ -67.773216, 6.308477 ], [ -67.773186, 6.309420 ], [ -67.773224, 6.310455 ], [ -67.773338, 6.311467 ], [ -67.773628, 6.312457 ], [ -67.774155, 6.313173 ], [ -67.774704, 6.313842 ], [ -67.775703, 6.314975 ], [ -67.776665, 6.315922 ], [ -67.777489, 6.316387 ], [ -67.778473, 6.316851 ], [ -67.779365, 6.317247 ], [ -67.780327, 6.317689 ], [ -67.781197, 6.318062 ], [ -67.782227, 6.318551 ], [ -67.783554, 6.319110 ], [ -67.784607, 6.319368 ], [ -67.785507, 6.319465 ], [ -67.786720, 6.319564 ], [ -67.789612, 6.319649 ], [ -67.790527, 6.319746 ], [ -67.791657, 6.319753 ], [ -67.794457, 6.319630 ], [ -67.795532, 6.319567 ], [ -67.796501, 6.319135 ], [ -67.797325, 6.318794 ], [ -67.798180, 6.318570 ], [ -67.801743, 6.317140 ], [ -67.802864, 6.316872 ], [ -67.803856, 6.316578 ], [ -67.805923, 6.315808 ], [ -67.807579, 6.315311 ], [ -67.808517, 6.315132 ], [ -67.809372, 6.314953 ], [ -67.810219, 6.314867 ], [ -67.811234, 6.314825 ], [ -67.812172, 6.314876 ], [ -67.813133, 6.314996 ], [ -67.814049, 6.315208 ], [ -67.814926, 6.315352 ], [ -67.815842, 6.315517 ], [ -67.816986, 6.315615 ], [ -67.817925, 6.315712 ], [ -67.818802, 6.315832 ], [ -67.819946, 6.315907 ], [ -67.820961, 6.315775 ], [ -67.821991, 6.315551 ], [ -67.822800, 6.315165 ], [ -67.823646, 6.314733 ], [ -67.824455, 6.314185 ], [ -67.825211, 6.313499 ], [ -67.825836, 6.312882 ], [ -67.826530, 6.312288 ], [ -67.827149, 6.311624 ], [ -67.827774, 6.310916 ], [ -67.828445, 6.309999 ], [ -67.829224, 6.309315 ], [ -67.829758, 6.308628 ], [ -67.830963, 6.306795 ], [ -67.832115, 6.305422 ], [ -67.832810, 6.304529 ], [ -67.833458, 6.303797 ], [ -67.834541, 6.302217 ], [ -67.835190, 6.301508 ], [ -67.835831, 6.300868 ], [ -67.836525, 6.300274 ], [ -67.838921, 6.298424 ], [ -67.839661, 6.297670 ], [ -67.840469, 6.296962 ], [ -67.841202, 6.296230 ], [ -67.841873, 6.295452 ], [ -67.842499, 6.294743 ], [ -67.843262, 6.293804 ], [ -67.843926, 6.293187 ], [ -67.844620, 6.292686 ], [ -67.845398, 6.292276 ], [ -67.846527, 6.291890 ], [ -67.847397, 6.291620 ], [ -67.848595, 6.291327 ], [ -67.849464, 6.291194 ], [ -67.850525, 6.291084 ], [ -67.851463, 6.291090 ], [ -67.852425, 6.291026 ], [ -67.853485, 6.291032 ], [ -67.854469, 6.291198 ], [ -67.855293, 6.291823 ], [ -67.856186, 6.292150 ], [ -67.857056, 6.292546 ], [ -67.857811, 6.292940 ], [ -67.858704, 6.293198 ], [ -67.859833, 6.293319 ], [ -67.860840, 6.293370 ], [ -67.861870, 6.293330 ], [ -67.862747, 6.293219 ], [ -67.863640, 6.293087 ], [ -67.864555, 6.292906 ], [ -67.865478, 6.292705 ], [ -67.866371, 6.292526 ], [ -67.867294, 6.292279 ], [ -67.868187, 6.291893 ], [ -67.868973, 6.291482 ], [ -67.869919, 6.290937 ], [ -67.870812, 6.290527 ], [ -67.871712, 6.290026 ], [ -67.873596, 6.289024 ], [ -67.874451, 6.288501 ], [ -67.875343, 6.287930 ], [ -67.876198, 6.287453 ], [ -67.877213, 6.286975 ], [ -67.878059, 6.286658 ], [ -67.879143, 6.286365 ], [ -67.880173, 6.286140 ], [ -67.883133, 6.285673 ], [ -67.884010, 6.285449 ], [ -67.884926, 6.285131 ], [ -67.886864, 6.284383 ], [ -67.887756, 6.284066 ], [ -67.888588, 6.283679 ], [ -67.889320, 6.283085 ], [ -67.890152, 6.282608 ], [ -67.891853, 6.281605 ], [ -67.892822, 6.281058 ], [ -67.893532, 6.280555 ], [ -67.894249, 6.280009 ], [ -67.895035, 6.279323 ], [ -67.895744, 6.278568 ], [ -67.896370, 6.277859 ], [ -67.897133, 6.276920 ], [ -67.897850, 6.276234 ], [ -67.900284, 6.274615 ], [ -67.900887, 6.273859 ], [ -67.901626, 6.273150 ], [ -67.902268, 6.272556 ], [ -67.902939, 6.271892 ], [ -67.903450, 6.271183 ], [ -67.904091, 6.270497 ], [ -67.904739, 6.269649 ], [ -67.905456, 6.268988 ], [ -67.906097, 6.268231 ], [ -67.906769, 6.267499 ], [ -67.907372, 6.266651 ], [ -67.907791, 6.265780 ], [ -67.908409, 6.264750 ], [ -67.908829, 6.263877 ], [ -67.909203, 6.263006 ], [ -67.909668, 6.261767 ], [ -67.909996, 6.260804 ], [ -67.910271, 6.259954 ], [ -67.910690, 6.259060 ], [ -67.911034, 6.258119 ], [ -67.911430, 6.257248 ], [ -67.911918, 6.256515 ], [ -67.912331, 6.255735 ], [ -67.912750, 6.254657 ], [ -67.912987, 6.253738 ], [ -67.913292, 6.252614 ], [ -67.913521, 6.251695 ], [ -67.913666, 6.250616 ], [ -67.913902, 6.248525 ], [ -67.914047, 6.247629 ], [ -67.914261, 6.246779 ], [ -67.914536, 6.245540 ], [ -67.914703, 6.244231 ], [ -67.914894, 6.243311 ], [ -67.915108, 6.242416 ], [ -67.915657, 6.241637 ], [ -67.916443, 6.240745 ], [ -67.917046, 6.240035 ], [ -67.917831, 6.239281 ], [ -67.918632, 6.238826 ], [ -67.919716, 6.238440 ], [ -67.920654, 6.238170 ], [ -67.921555, 6.237875 ], [ -67.922768, 6.237605 ], [ -67.923851, 6.237542 ], [ -67.924812, 6.237502 ], [ -67.925911, 6.237392 ], [ -67.926788, 6.237213 ], [ -67.927773, 6.237149 ], [ -67.928764, 6.237108 ], [ -67.929909, 6.236999 ], [ -67.930755, 6.236751 ], [ -67.931725, 6.236411 ], [ -67.932487, 6.236023 ], [ -67.933357, 6.235500 ], [ -67.934326, 6.235023 ], [ -67.935333, 6.234636 ], [ -67.936325, 6.234320 ], [ -67.937309, 6.234026 ], [ -67.938232, 6.233801 ], [ -67.939102, 6.233552 ], [ -67.939979, 6.233281 ], [ -67.940895, 6.232826 ], [ -67.941887, 6.232280 ], [ -67.942787, 6.231756 ], [ -67.943565, 6.231370 ], [ -67.944397, 6.231051 ], [ -67.945290, 6.230758 ], [ -67.946167, 6.230416 ], [ -67.946968, 6.229984 ], [ -67.948784, 6.228752 ], [ -67.949616, 6.228274 ], [ -67.950371, 6.227865 ], [ -67.951271, 6.227363 ], [ -67.951988, 6.226837 ], [ -67.952698, 6.226266 ], [ -67.953484, 6.225718 ], [ -67.954307, 6.225172 ], [ -67.955071, 6.224647 ], [ -67.955788, 6.224099 ], [ -67.956474, 6.223367 ], [ -67.957031, 6.222633 ], [ -67.957932, 6.220960 ], [ -67.958420, 6.220134 ], [ -67.958931, 6.219310 ], [ -67.959831, 6.217590 ], [ -67.960411, 6.216697 ], [ -67.961006, 6.215965 ], [ -67.961815, 6.215071 ], [ -67.962646, 6.214294 ], [ -67.963135, 6.213516 ], [ -67.963707, 6.212852 ], [ -67.964218, 6.212119 ], [ -67.964775, 6.211386 ], [ -67.965370, 6.210745 ], [ -67.965927, 6.210082 ], [ -67.966499, 6.209326 ], [ -67.967262, 6.208571 ], [ -67.967911, 6.208000 ], [ -67.968483, 6.207313 ], [ -67.969223, 6.206650 ], [ -67.970001, 6.206056 ], [ -67.970650, 6.205438 ], [ -67.971550, 6.204731 ], [ -67.972283, 6.204114 ], [ -67.973091, 6.203383 ], [ -67.973786, 6.202697 ], [ -67.974403, 6.202033 ], [ -67.975143, 6.201439 ], [ -67.976959, 6.200460 ], [ -67.977722, 6.200294 ], [ -67.996689, 6.200330 ], [ -67.997406, 6.200841 ], [ -67.997963, 6.201388 ], [ -67.998474, 6.201909 ], [ -67.999611, 6.202979 ], [ -68.000031, 6.203544 ], [ -68.000793, 6.204188 ], [ -68.001396, 6.204666 ], [ -68.002045, 6.205284 ], [ -68.002670, 6.205809 ], [ -68.003235, 6.206309 ], [ -68.003769, 6.206853 ], [ -68.004578, 6.207454 ], [ -68.005318, 6.207959 ], [ -68.005951, 6.208347 ], [ -68.006645, 6.208758 ], [ -68.008026, 6.209467 ], [ -68.009003, 6.209957 ], [ -68.009682, 6.210254 ], [ -68.010681, 6.210676 ], [ -68.011948, 6.211174 ], [ -68.012680, 6.211358 ], [ -68.013817, 6.211599 ], [ -68.014618, 6.211740 ], [ -68.015511, 6.211950 ], [ -68.016350, 6.212205 ], [ -68.017418, 6.212469 ], [ -68.018601, 6.212850 ], [ -68.019768, 6.213069 ], [ -68.021210, 6.213113 ], [ -68.021996, 6.213069 ], [ -68.023071, 6.213148 ], [ -68.024078, 6.213270 ], [ -68.024857, 6.213295 ], [ -68.025955, 6.213304 ], [ -68.026787, 6.213238 ], [ -68.027733, 6.213060 ], [ -68.028702, 6.212837 ], [ -68.029488, 6.212745 ], [ -68.030365, 6.212726 ], [ -68.031326, 6.212756 ], [ -68.032402, 6.212880 ], [ -68.033363, 6.213047 ], [ -68.034325, 6.213031 ], [ -68.035500, 6.212975 ], [ -68.037308, 6.213076 ], [ -68.038269, 6.213151 ], [ -68.039116, 6.213223 ], [ -68.039917, 6.213317 ], [ -68.040901, 6.213416 ], [ -68.041725, 6.213464 ], [ -68.042694, 6.213470 ], [ -68.043541, 6.213450 ], [ -68.044396, 6.213316 ], [ -68.045181, 6.213248 ], [ -68.046173, 6.213094 ], [ -68.047043, 6.212983 ], [ -68.047852, 6.212869 ], [ -68.049530, 6.212920 ], [ -68.050377, 6.213038 ], [ -68.051338, 6.213113 ], [ -68.052254, 6.213211 ], [ -68.054085, 6.213358 ], [ -68.055809, 6.213296 ], [ -68.056610, 6.213344 ], [ -68.057549, 6.213464 ], [ -68.059372, 6.213727 ], [ -68.060127, 6.213865 ], [ -68.061203, 6.214081 ], [ -68.063667, 6.214547 ], [ -68.064812, 6.214789 ], [ -68.065567, 6.214880 ], [ -68.066437, 6.214954 ], [ -68.067192, 6.215001 ], [ -68.068863, 6.215142 ], [ -68.069664, 6.215259 ], [ -68.070412, 6.215420 ], [ -68.071236, 6.215537 ], [ -68.071922, 6.215765 ], [ -68.072601, 6.215969 ], [ -68.073380, 6.216131 ], [ -68.074173, 6.216431 ], [ -68.075691, 6.217168 ], [ -68.076591, 6.217586 ], [ -68.077408, 6.218025 ], [ -68.078285, 6.218534 ], [ -68.078941, 6.219014 ], [ -68.080246, 6.219997 ], [ -68.081368, 6.220859 ], [ -68.082085, 6.221456 ], [ -68.082977, 6.222219 ], [ -68.084885, 6.223633 ], [ -68.086235, 6.224617 ], [ -68.087700, 6.225650 ], [ -68.088417, 6.226109 ], [ -68.089226, 6.226617 ], [ -68.089905, 6.227006 ], [ -68.090561, 6.227347 ], [ -68.092079, 6.228084 ], [ -68.092934, 6.228523 ], [ -68.093796, 6.229011 ], [ -68.094406, 6.229373 ], [ -68.095283, 6.229860 ], [ -68.096329, 6.230351 ], [ -68.097321, 6.230842 ], [ -68.098023, 6.231299 ], [ -68.098602, 6.231778 ], [ -68.099213, 6.232165 ], [ -68.099914, 6.232553 ], [ -68.100616, 6.232873 ], [ -68.101517, 6.233315 ], [ -68.102203, 6.233589 ], [ -68.102882, 6.233839 ], [ -68.104385, 6.234207 ], [ -68.105141, 6.234299 ], [ -68.105896, 6.234345 ], [ -68.106834, 6.234442 ], [ -68.107727, 6.234608 ], [ -68.108757, 6.234685 ], [ -68.109695, 6.234736 ], [ -68.111687, 6.234889 ], [ -68.112610, 6.234871 ], [ -68.113411, 6.234826 ], [ -68.116013, 6.234708 ], [ -68.116775, 6.234684 ], [ -68.117485, 6.234615 ], [ -68.118423, 6.234644 ], [ -68.120056, 6.234646 ], [ -68.121117, 6.234587 ], [ -68.122032, 6.234592 ], [ -68.122932, 6.234528 ], [ -68.125053, 6.234223 ], [ -68.125977, 6.234136 ], [ -68.126663, 6.233997 ], [ -68.127548, 6.233747 ], [ -68.128448, 6.233476 ], [ -68.129471, 6.233208 ], [ -68.130394, 6.233006 ], [ -68.131248, 6.232894 ], [ -68.132172, 6.232739 ], [ -68.132912, 6.232577 ], [ -68.133743, 6.232372 ], [ -68.134499, 6.232234 ], [ -68.135445, 6.232101 ], [ -68.136490, 6.231879 ], [ -68.137207, 6.231649 ], [ -68.138275, 6.231267 ], [ -68.139320, 6.230885 ], [ -68.140968, 6.230245 ], [ -68.141846, 6.229996 ], [ -68.142662, 6.229676 ], [ -68.143562, 6.229381 ], [ -68.145165, 6.228947 ], [ -68.145927, 6.228718 ], [ -68.146782, 6.228582 ], [ -68.147499, 6.228442 ], [ -68.148308, 6.228145 ], [ -68.149162, 6.227872 ], [ -68.149956, 6.227528 ], [ -68.151291, 6.226672 ], [ -68.151962, 6.226417 ], [ -68.153008, 6.226126 ], [ -68.153747, 6.225850 ], [ -68.154449, 6.225480 ], [ -68.155151, 6.225134 ], [ -68.155823, 6.224923 ], [ -68.157379, 6.224351 ], [ -68.158256, 6.223963 ], [ -68.158936, 6.223684 ], [ -68.159584, 6.223382 ], [ -68.160278, 6.223151 ], [ -68.161163, 6.222946 ], [ -68.161857, 6.222739 ], [ -68.162506, 6.222459 ], [ -68.163391, 6.222118 ], [ -68.164108, 6.221772 ], [ -68.165688, 6.221268 ], [ -68.166390, 6.220851 ], [ -68.167160, 6.220323 ], [ -68.167816, 6.219837 ], [ -68.168503, 6.219306 ], [ -68.169747, 6.218401 ], [ -68.170402, 6.217891 ], [ -68.171783, 6.216945 ], [ -68.172630, 6.216465 ], [ -68.173355, 6.216003 ], [ -68.174118, 6.215590 ], [ -68.174820, 6.215289 ], [ -68.175583, 6.214991 ], [ -68.176399, 6.214694 ], [ -68.177093, 6.214415 ], [ -68.177818, 6.214092 ], [ -68.178558, 6.213838 ], [ -68.179558, 6.213478 ], [ -68.181069, 6.212880 ], [ -68.181885, 6.212490 ], [ -68.182739, 6.212125 ], [ -68.183464, 6.211779 ], [ -68.184212, 6.211457 ], [ -68.185089, 6.211162 ], [ -68.186821, 6.210754 ], [ -68.187584, 6.210593 ], [ -68.188530, 6.210484 ], [ -68.190048, 6.210391 ], [ -68.190811, 6.210323 ], [ -68.191590, 6.210277 ], [ -68.192375, 6.210094 ], [ -68.193283, 6.209869 ], [ -68.194138, 6.209642 ], [ -68.195106, 6.209372 ], [ -68.196075, 6.209172 ], [ -68.196838, 6.208987 ], [ -68.197670, 6.208806 ], [ -68.199196, 6.208599 ], [ -68.201034, 6.208378 ], [ -68.201920, 6.208152 ], [ -68.202774, 6.207971 ], [ -68.203697, 6.207746 ], [ -68.204415, 6.207653 ], [ -68.205246, 6.207494 ], [ -68.207108, 6.207228 ], [ -68.207893, 6.207067 ], [ -68.208573, 6.206858 ], [ -68.210327, 6.206360 ], [ -68.211319, 6.206091 ], [ -68.212341, 6.205776 ], [ -68.214127, 6.205325 ], [ -68.214798, 6.205092 ], [ -68.215752, 6.204660 ], [ -68.216652, 6.204343 ], [ -68.217331, 6.204041 ], [ -68.218178, 6.203354 ], [ -68.221580, 6.201663 ], [ -68.223686, 6.200721 ], [ -68.225678, 6.199459 ], [ -68.226433, 6.199082 ], [ -68.228607, 6.198025 ], [ -68.231079, 6.196918 ], [ -68.234054, 6.195323 ], [ -68.235634, 6.194639 ], [ -68.238235, 6.193232 ], [ -68.239845, 6.192525 ], [ -68.242447, 6.191071 ], [ -68.243889, 6.190550 ], [ -68.245491, 6.189774 ], [ -68.247971, 6.188805 ], [ -68.249024, 6.188540 ], [ -68.252602, 6.187352 ], [ -68.255119, 6.186336 ], [ -68.256973, 6.185604 ], [ -68.259956, 6.184697 ], [ -68.262573, 6.184071 ], [ -68.263512, 6.183692 ], [ -68.267288, 6.182088 ], [ -68.269371, 6.181284 ], [ -68.271866, 6.180085 ], [ -68.274429, 6.178792 ], [ -68.276474, 6.178058 ], [ -68.279610, 6.177081 ], [ -68.281700, 6.176644 ], [ -68.284866, 6.175758 ], [ -68.286934, 6.175230 ], [ -68.289314, 6.174537 ], [ -68.291496, 6.174306 ], [ -68.294144, 6.174437 ], [ -68.296395, 6.174274 ], [ -68.300140, 6.173819 ], [ -68.301933, 6.173592 ], [ -68.304871, 6.172962 ], [ -68.307419, 6.172565 ], [ -68.310104, 6.171869 ], [ -68.312103, 6.171639 ], [ -68.316109, 6.171595 ], [ -68.318642, 6.171681 ], [ -68.322716, 6.171842 ], [ -68.325783, 6.172657 ], [ -68.330353, 6.174053 ], [ -68.333214, 6.174687 ], [ -68.337036, 6.175609 ], [ -68.339783, 6.176037 ], [ -68.342545, 6.176098 ], [ -68.344841, 6.176118 ], [ -68.347954, 6.176312 ], [ -68.350532, 6.176629 ], [ -68.354240, 6.177184 ], [ -68.357834, 6.177419 ], [ -68.366310, 6.178127 ], [ -68.369179, 6.177934 ], [ -68.371437, 6.178138 ], [ -68.374641, 6.178630 ], [ -68.377495, 6.178896 ], [ -68.380165, 6.179072 ], [ -68.383621, 6.179424 ], [ -68.386368, 6.179990 ], [ -68.390099, 6.180843 ], [ -68.392128, 6.181073 ], [ -68.394135, 6.181647 ], [ -68.396004, 6.181948 ], [ -68.397804, 6.182203 ], [ -68.399071, 6.182556 ], [ -68.400642, 6.183067 ], [ -68.402374, 6.183897 ], [ -68.403465, 6.184597 ], [ -68.405205, 6.185679 ], [ -68.406227, 6.186587 ], [ -68.407578, 6.187973 ], [ -68.408409, 6.188744 ], [ -68.409477, 6.189674 ], [ -68.411682, 6.193141 ], [ -68.412453, 6.194304 ], [ -68.413536, 6.196313 ], [ -68.414147, 6.197478 ], [ -68.415642, 6.199460 ], [ -68.417503, 6.201804 ], [ -68.418976, 6.203396 ], [ -68.420296, 6.204208 ], [ -68.421944, 6.205338 ], [ -68.423210, 6.205966 ], [ -68.425018, 6.206819 ], [ -68.425942, 6.206923 ], [ -68.427711, 6.206834 ], [ -68.428810, 6.206614 ], [ -68.429978, 6.206119 ], [ -68.431122, 6.205508 ], [ -68.433037, 6.204177 ], [ -68.434090, 6.203522 ], [ -68.435616, 6.202401 ], [ -68.436485, 6.201817 ], [ -68.437401, 6.201118 ], [ -68.438675, 6.199931 ], [ -68.439903, 6.198722 ], [ -68.440949, 6.197677 ], [ -68.442268, 6.196053 ], [ -68.442764, 6.195496 ], [ -68.443703, 6.194796 ], [ -68.445358, 6.192962 ], [ -68.446457, 6.192008 ], [ -68.447594, 6.191168 ], [ -68.449005, 6.189773 ], [ -68.451348, 6.187541 ], [ -68.452629, 6.186630 ], [ -68.453636, 6.185860 ], [ -68.454681, 6.185090 ], [ -68.456367, 6.183715 ], [ -68.457695, 6.182804 ], [ -68.459358, 6.181567 ], [ -68.460564, 6.180611 ], [ -68.461983, 6.179584 ], [ -68.462776, 6.178840 ], [ -68.464447, 6.177741 ], [ -68.465775, 6.176944 ], [ -68.467033, 6.176310 ], [ -68.469025, 6.175598 ], [ -68.470467, 6.175351 ], [ -68.472145, 6.175033 ], [ -68.473961, 6.174782 ], [ -68.475777, 6.174670 ], [ -68.476883, 6.174656 ], [ -68.478699, 6.174567 ], [ -68.479569, 6.174626 ], [ -68.482147, 6.174596 ], [ -68.483208, 6.174515 ], [ -68.484169, 6.174458 ], [ -68.485481, 6.174397 ], [ -68.486908, 6.174311 ], [ -68.490166, 6.173562 ], [ -68.492119, 6.173079 ], [ -68.493126, 6.172930 ], [ -68.494247, 6.172411 ], [ -68.495575, 6.171615 ], [ -68.496399, 6.171077 ], [ -68.497833, 6.170095 ], [ -68.498405, 6.169607 ], [ -68.500137, 6.168437 ], [ -68.499771, 6.167862 ], [ -68.500854, 6.167467 ], [ -68.501518, 6.167119 ], [ -68.502251, 6.166840 ], [ -68.504944, 6.166437 ], [ -68.506371, 6.166384 ], [ -68.507401, 6.166378 ], [ -68.508759, 6.166395 ], [ -68.510254, 6.166502 ], [ -68.513405, 6.166854 ], [ -68.515869, 6.166957 ], [ -68.517616, 6.166765 ], [ -68.520508, 6.165786 ], [ -68.521843, 6.165320 ], [ -68.523926, 6.163863 ], [ -68.525070, 6.162273 ], [ -68.525459, 6.161330 ], [ -68.527847, 6.159182 ], [ -68.528946, 6.158373 ], [ -68.531082, 6.157558 ], [ -68.532669, 6.157114 ], [ -68.534660, 6.156278 ], [ -68.536224, 6.155719 ], [ -68.539329, 6.154808 ], [ -68.541672, 6.154176 ], [ -68.542908, 6.154170 ], [ -68.547699, 6.155386 ], [ -68.549751, 6.156203 ], [ -68.552055, 6.157064 ], [ -68.553871, 6.158020 ], [ -68.557793, 6.160227 ], [ -68.560211, 6.161272 ], [ -68.563522, 6.162242 ], [ -68.566261, 6.163469 ], [ -68.571999, 6.165967 ], [ -68.575058, 6.166755 ], [ -68.578125, 6.167773 ], [ -68.581947, 6.169085 ], [ -68.583534, 6.169307 ], [ -68.586037, 6.169134 ], [ -68.587509, 6.168805 ], [ -68.591141, 6.167684 ], [ -68.593323, 6.167305 ], [ -68.596031, 6.166695 ], [ -68.597733, 6.166181 ], [ -68.600075, 6.165112 ], [ -68.602096, 6.164666 ], [ -68.604736, 6.163826 ], [ -68.605843, 6.163338 ], [ -68.607857, 6.161559 ], [ -68.609413, 6.159967 ], [ -68.612373, 6.157289 ], [ -68.613792, 6.156109 ], [ -68.616013, 6.153366 ], [ -68.617958, 6.151013 ], [ -68.621124, 6.148172 ], [ -68.622681, 6.146488 ], [ -68.625404, 6.143236 ], [ -68.627464, 6.141067 ], [ -68.629822, 6.138207 ], [ -68.631676, 6.136292 ], [ -68.634041, 6.133547 ], [ -68.635185, 6.132507 ], [ -68.637794, 6.129922 ], [ -68.638985, 6.128974 ], [ -68.641533, 6.127629 ], [ -68.644638, 6.126810 ], [ -68.650314, 6.126894 ], [ -68.651604, 6.127026 ], [ -68.652893, 6.127088 ], [ -68.656601, 6.128217 ], [ -68.660927, 6.128608 ], [ -68.662369, 6.128532 ], [ -68.664024, 6.128592 ], [ -68.666237, 6.128443 ], [ -68.667549, 6.128735 ], [ -68.672264, 6.130156 ], [ -68.673599, 6.130586 ], [ -68.675537, 6.131334 ], [ -68.678253, 6.132651 ], [ -68.680328, 6.133399 ], [ -68.682678, 6.134144 ], [ -68.686409, 6.135272 ], [ -68.689263, 6.136085 ], [ -68.691032, 6.136281 ], [ -68.693954, 6.137576 ], [ -68.696747, 6.138388 ], [ -68.698585, 6.139113 ], [ -68.699875, 6.139520 ], [ -68.703285, 6.140673 ], [ -68.705170, 6.141283 ], [ -68.707268, 6.142328 ], [ -68.711388, 6.144166 ], [ -68.713814, 6.145486 ], [ -68.717316, 6.147557 ], [ -68.723999, 6.151426 ], [ -68.726997, 6.153040 ], [ -68.728859, 6.153857 ], [ -68.730911, 6.154972 ], [ -68.733521, 6.156749 ], [ -68.734558, 6.157639 ], [ -68.736236, 6.158617 ], [ -68.737923, 6.159320 ], [ -68.739624, 6.159955 ], [ -68.741814, 6.160494 ], [ -68.744530, 6.160502 ], [ -68.746300, 6.160492 ], [ -68.749588, 6.160337 ], [ -68.751770, 6.160165 ], [ -68.754227, 6.160129 ], [ -68.757263, 6.160480 ], [ -68.758484, 6.160749 ], [ -68.760811, 6.161471 ], [ -68.762611, 6.162197 ], [ -68.764664, 6.163610 ], [ -68.766067, 6.164520 ], [ -68.767700, 6.164948 ], [ -68.769615, 6.165144 ], [ -68.771309, 6.164401 ], [ -68.773262, 6.163242 ], [ -68.774750, 6.162246 ], [ -68.776703, 6.161455 ], [ -68.778282, 6.160436 ], [ -68.780991, 6.158492 ], [ -68.782982, 6.156966 ], [ -68.784202, 6.156638 ], [ -68.787193, 6.157494 ], [ -68.789452, 6.158124 ], [ -68.791664, 6.159100 ], [ -68.793282, 6.160308 ], [ -68.795937, 6.162774 ], [ -68.797066, 6.163778 ], [ -68.798752, 6.165354 ], [ -68.800972, 6.167983 ], [ -68.802009, 6.169493 ], [ -68.803650, 6.170999 ], [ -68.805816, 6.172573 ], [ -68.807205, 6.174035 ], [ -68.809006, 6.176000 ], [ -68.810135, 6.176590 ], [ -68.812508, 6.177864 ], [ -68.814949, 6.178861 ], [ -68.818153, 6.180497 ], [ -68.819878, 6.181084 ], [ -68.822113, 6.181715 ], [ -68.825363, 6.182524 ], [ -68.827683, 6.182741 ], [ -68.830215, 6.183255 ], [ -68.832771, 6.183608 ], [ -68.835182, 6.183435 ], [ -68.837418, 6.183376 ], [ -68.840637, 6.183749 ], [ -68.843239, 6.183850 ], [ -68.849609, 6.183814 ], [ -68.852684, 6.183476 ], [ -68.856941, 6.182855 ], [ -68.859306, 6.182405 ], [ -68.861992, 6.181908 ], [ -68.863991, 6.181392 ], [ -68.866196, 6.180599 ], [ -68.868698, 6.179620 ], [ -68.870720, 6.179126 ], [ -68.874512, 6.178233 ], [ -68.875870, 6.178156 ], [ -68.878075, 6.178144 ], [ -68.880470, 6.178452 ], [ -68.883072, 6.178575 ], [ -68.884293, 6.178729 ], [ -68.887855, 6.178962 ], [ -68.889191, 6.178908 ], [ -68.890427, 6.178901 ], [ -68.892204, 6.178800 ], [ -68.894615, 6.178786 ], [ -68.895630, 6.178643 ], [ -68.898453, 6.178122 ], [ -68.900291, 6.177858 ], [ -68.902061, 6.177481 ], [ -68.904564, 6.176617 ], [ -68.906174, 6.175919 ], [ -68.909477, 6.174270 ], [ -68.910690, 6.173712 ], [ -68.912346, 6.173128 ], [ -68.914597, 6.171600 ], [ -68.915810, 6.170789 ], [ -68.917503, 6.170136 ], [ -68.919457, 6.169690 ], [ -68.922127, 6.169192 ], [ -68.923599, 6.169069 ], [ -68.926796, 6.169877 ], [ -68.928223, 6.170420 ], [ -68.929977, 6.171903 ], [ -68.931229, 6.172998 ], [ -68.932175, 6.173889 ], [ -68.934578, 6.176194 ], [ -68.936027, 6.177426 ], [ -68.937416, 6.178521 ], [ -68.941177, 6.181347 ], [ -68.943848, 6.183238 ], [ -68.945076, 6.183989 ], [ -68.947197, 6.185492 ], [ -68.948952, 6.186906 ], [ -68.951141, 6.188341 ], [ -68.954025, 6.189978 ], [ -68.956978, 6.191729 ], [ -68.961403, 6.194160 ], [ -68.963753, 6.195594 ], [ -68.965782, 6.196776 ], [ -68.967720, 6.197752 ], [ -68.971199, 6.199203 ], [ -68.973663, 6.200566 ], [ -68.975624, 6.201979 ], [ -68.977013, 6.203280 ], [ -68.979965, 6.205467 ], [ -68.981857, 6.206329 ], [ -68.983978, 6.207350 ], [ -68.985634, 6.208190 ], [ -68.986763, 6.208230 ], [ -68.988396, 6.208014 ], [ -68.990463, 6.207496 ], [ -68.991539, 6.207077 ], [ -68.992920, 6.206471 ], [ -68.993858, 6.206144 ], [ -68.996063, 6.205328 ], [ -68.997696, 6.204790 ], [ -68.999535, 6.204159 ], [ -69.000511, 6.202987 ], [ -69.002350, 6.201456 ], [ -69.004288, 6.200501 ], [ -69.005081, 6.200180 ], [ -69.007881, 6.198976 ], [ -69.009544, 6.198680 ], [ -69.011894, 6.197830 ], [ -69.013351, 6.197459 ], [ -69.016205, 6.197613 ], [ -69.020760, 6.198415 ], [ -69.021835, 6.198699 ], [ -69.024093, 6.199318 ], [ -69.027679, 6.200206 ], [ -69.029396, 6.200693 ], [ -69.035744, 6.201593 ], [ -69.037926, 6.201727 ], [ -69.041023, 6.202003 ], [ -69.047012, 6.203306 ], [ -69.049492, 6.204414 ], [ -69.053909, 6.206085 ], [ -69.061287, 6.208763 ], [ -69.065781, 6.210091 ], [ -69.068352, 6.210972 ], [ -69.072052, 6.212092 ], [ -69.074188, 6.212776 ], [ -69.076836, 6.213543 ], [ -69.078529, 6.213984 ], [ -69.080406, 6.214407 ], [ -69.081985, 6.214615 ], [ -69.084381, 6.214502 ], [ -69.085266, 6.214275 ], [ -69.086868, 6.213679 ], [ -69.088333, 6.213239 ], [ -69.091751, 6.212765 ], [ -69.093651, 6.212407 ], [ -69.095093, 6.212036 ], [ -69.098465, 6.210687 ], [ -69.100677, 6.209833 ], [ -69.103706, 6.208519 ], [ -69.107124, 6.206735 ], [ -69.109886, 6.205183 ], [ -69.112641, 6.203748 ], [ -69.114845, 6.202525 ], [ -69.117516, 6.200972 ], [ -69.119827, 6.199132 ], [ -69.123863, 6.194859 ], [ -69.125076, 6.193561 ], [ -69.127533, 6.190553 ], [ -69.128525, 6.188973 ], [ -69.130432, 6.185327 ], [ -69.132141, 6.182711 ], [ -69.134247, 6.180037 ], [ -69.135536, 6.178282 ], [ -69.136910, 6.175426 ], [ -69.138642, 6.172304 ], [ -69.140213, 6.169753 ], [ -69.141579, 6.167194 ], [ -69.142891, 6.164636 ], [ -69.144218, 6.161157 ], [ -69.145714, 6.158764 ], [ -69.147545, 6.155208 ], [ -69.151283, 6.150881 ], [ -69.152779, 6.149431 ], [ -69.154236, 6.148301 ], [ -69.156517, 6.146644 ], [ -69.160789, 6.143827 ], [ -69.162033, 6.143197 ], [ -69.164848, 6.142060 ], [ -69.167114, 6.141023 ], [ -69.169167, 6.139934 ], [ -69.170532, 6.138871 ], [ -69.171341, 6.138205 ], [ -69.172150, 6.137309 ], [ -69.172890, 6.136273 ], [ -69.174484, 6.133745 ], [ -69.175461, 6.132486 ], [ -69.177086, 6.130580 ], [ -69.178177, 6.129485 ], [ -69.179871, 6.127397 ], [ -69.181648, 6.125702 ], [ -69.183266, 6.124623 ], [ -69.184143, 6.123936 ], [ -69.188004, 6.121796 ], [ -69.189201, 6.120912 ], [ -69.191933, 6.118716 ], [ -69.193687, 6.117112 ], [ -69.195778, 6.115495 ], [ -69.196823, 6.114468 ], [ -69.198456, 6.112883 ], [ -69.199844, 6.111958 ], [ -69.202438, 6.109666 ], [ -69.204277, 6.107513 ], [ -69.206070, 6.105933 ], [ -69.208992, 6.102939 ], [ -69.210838, 6.101245 ], [ -69.212509, 6.099202 ], [ -69.213264, 6.098465 ], [ -69.216247, 6.095610 ], [ -69.218254, 6.093163 ], [ -69.219399, 6.091817 ], [ -69.221291, 6.089919 ], [ -69.222786, 6.088583 ], [ -69.225372, 6.085715 ], [ -69.229134, 6.081595 ], [ -69.231567, 6.079413 ], [ -69.233345, 6.077741 ], [ -69.234741, 6.077024 ], [ -69.237625, 6.075958 ], [ -69.238930, 6.075513 ], [ -69.240867, 6.075386 ], [ -69.242783, 6.075281 ], [ -69.244743, 6.075063 ], [ -69.247048, 6.074923 ], [ -69.248459, 6.074619 ], [ -69.250374, 6.073732 ], [ -69.251640, 6.072897 ], [ -69.254524, 6.070176 ], [ -69.256493, 6.067566 ], [ -69.258316, 6.066401 ], [ -69.259888, 6.065574 ], [ -69.262772, 6.065267 ], [ -69.266533, 6.064962 ], [ -69.268356, 6.064602 ], [ -69.270927, 6.064033 ], [ -69.272911, 6.063838 ], [ -69.275505, 6.063431 ], [ -69.277573, 6.063376 ], [ -69.280006, 6.063585 ], [ -69.281616, 6.063701 ], [ -69.283867, 6.064548 ], [ -69.285438, 6.065215 ], [ -69.287170, 6.066483 ], [ -69.288643, 6.067377 ], [ -69.289520, 6.068023 ], [ -69.291008, 6.068940 ], [ -69.291969, 6.069865 ], [ -69.292694, 6.070369 ], [ -69.294205, 6.071562 ], [ -69.295914, 6.072716 ], [ -69.296997, 6.073643 ], [ -69.297615, 6.074305 ], [ -69.299065, 6.075933 ], [ -69.300514, 6.077631 ], [ -69.301689, 6.079183 ], [ -69.302994, 6.081014 ], [ -69.304573, 6.083611 ], [ -69.305458, 6.084809 ], [ -69.307007, 6.086188 ], [ -69.308357, 6.087975 ], [ -69.309372, 6.089406 ], [ -69.311004, 6.091799 ], [ -69.312828, 6.093852 ], [ -69.314736, 6.096528 ], [ -69.315941, 6.098494 ], [ -69.317200, 6.101036 ], [ -69.318168, 6.103272 ], [ -69.318741, 6.105081 ], [ -69.319588, 6.108278 ], [ -69.320870, 6.111627 ], [ -69.322388, 6.114797 ], [ -69.323769, 6.118124 ], [ -69.324615, 6.119781 ], [ -69.325783, 6.122321 ], [ -69.327011, 6.124242 ], [ -69.328385, 6.126075 ], [ -69.329681, 6.127399 ], [ -69.333214, 6.131089 ], [ -69.335029, 6.132796 ], [ -69.337234, 6.135114 ], [ -69.339394, 6.136923 ], [ -69.341415, 6.138568 ], [ -69.343414, 6.139385 ], [ -69.345680, 6.139887 ], [ -69.349136, 6.140563 ], [ -69.351807, 6.140594 ], [ -69.353935, 6.140127 ], [ -69.356865, 6.139132 ], [ -69.359405, 6.138009 ], [ -69.361366, 6.136963 ], [ -69.363480, 6.135667 ], [ -69.364937, 6.134561 ], [ -69.366394, 6.133431 ], [ -69.369049, 6.130932 ], [ -69.370209, 6.129862 ], [ -69.374206, 6.126047 ], [ -69.375435, 6.124956 ], [ -69.378067, 6.123147 ], [ -69.380837, 6.122078 ], [ -69.382935, 6.121817 ], [ -69.386749, 6.121996 ], [ -69.389046, 6.122178 ], [ -69.392510, 6.121910 ], [ -69.394661, 6.121374 ], [ -69.397079, 6.121192 ], [ -69.398659, 6.120731 ], [ -69.400078, 6.120244 ], [ -69.401276, 6.119497 ], [ -69.403015, 6.118305 ], [ -69.404770, 6.117161 ], [ -69.406914, 6.115384 ], [ -69.408401, 6.114116 ], [ -69.409622, 6.112634 ], [ -69.410461, 6.111371 ], [ -69.410835, 6.110324 ], [ -69.411118, 6.109459 ], [ -69.411842, 6.107457 ], [ -69.412430, 6.106233 ], [ -69.413323, 6.104925 ], [ -69.414429, 6.103991 ], [ -69.415901, 6.103206 ], [ -69.417130, 6.102897 ], [ -69.418655, 6.102757 ], [ -69.419640, 6.102740 ], [ -69.420563, 6.102766 ], [ -69.421226, 6.102716 ], [ -69.423523, 6.102300 ], [ -69.425056, 6.101792 ], [ -69.539169, 6.247862 ], [ -69.606590, 6.333329 ], [ -69.869881, 6.666689 ], [ -70.000412, 6.830214 ], [ -70.117356, 6.978246 ], [ -70.118065, 6.978053 ], [ -70.118782, 6.977928 ], [ -70.119431, 6.977848 ], [ -70.120094, 6.977860 ], [ -70.120880, 6.977897 ], [ -70.121796, 6.977983 ], [ -70.122604, 6.977974 ], [ -70.124077, 6.977910 ], [ -70.124741, 6.977899 ], [ -70.125412, 6.977911 ], [ -70.126213, 6.977789 ], [ -70.127441, 6.977558 ], [ -70.128151, 6.977433 ], [ -70.128868, 6.977355 ], [ -70.129608, 6.977299 ], [ -70.130249, 6.977311 ], [ -70.130982, 6.977416 ], [ -70.131668, 6.977591 ], [ -70.132538, 6.977790 ], [ -70.133202, 6.978055 ], [ -70.133865, 6.978435 ], [ -70.134598, 6.978770 ], [ -70.135322, 6.979128 ], [ -70.135986, 6.979393 ], [ -70.136787, 6.979638 ], [ -70.137474, 6.979765 ], [ -70.138252, 6.979964 ], [ -70.138985, 6.980298 ], [ -70.140327, 6.981151 ], [ -70.141098, 6.981486 ], [ -70.141739, 6.981982 ], [ -70.142280, 6.982565 ], [ -70.142677, 6.983422 ], [ -70.142959, 6.984233 ], [ -70.143272, 6.985020 ], [ -70.143601, 6.985623 ], [ -70.144150, 6.986001 ], [ -70.144760, 6.986357 ], [ -70.145546, 6.986486 ], [ -70.147247, 6.986472 ], [ -70.148170, 6.986213 ], [ -70.148842, 6.985972 ], [ -70.149536, 6.985663 ], [ -70.150330, 6.985333 ], [ -70.150909, 6.984999 ], [ -70.151581, 6.984805 ], [ -70.152268, 6.984656 ], [ -70.153076, 6.984509 ], [ -70.154045, 6.984299 ], [ -70.154739, 6.984104 ], [ -70.155411, 6.983909 ], [ -70.156036, 6.983623 ], [ -70.156777, 6.983338 ], [ -70.157425, 6.983188 ], [ -70.158096, 6.983062 ], [ -70.158882, 6.982800 ], [ -70.159760, 6.982494 ], [ -70.160568, 6.982280 ], [ -70.161354, 6.982271 ], [ -70.162231, 6.982195 ], [ -70.162872, 6.982346 ], [ -70.163650, 6.982359 ], [ -70.164711, 6.982241 ], [ -70.166008, 6.981690 ], [ -70.166596, 6.981218 ], [ -70.167244, 6.980932 ], [ -70.167915, 6.980828 ], [ -70.168762, 6.981005 ], [ -70.169472, 6.981179 ], [ -70.170204, 6.981445 ], [ -70.170860, 6.981733 ], [ -70.171615, 6.982137 ], [ -70.172180, 6.982516 ], [ -70.173256, 6.982880 ], [ -70.174202, 6.982989 ], [ -70.174934, 6.982934 ], [ -70.175583, 6.982831 ], [ -70.176369, 6.982615 ], [ -70.177109, 6.982329 ], [ -70.179138, 6.981838 ], [ -70.179848, 6.982150 ], [ -70.180489, 6.982529 ], [ -70.183884, 6.982821 ], [ -70.184692, 6.982675 ], [ -70.185623, 6.982256 ], [ -70.186317, 6.981832 ], [ -70.187042, 6.981362 ], [ -70.187706, 6.981512 ], [ -70.188431, 6.982238 ], [ -70.188736, 6.982818 ], [ -70.189186, 6.983447 ], [ -70.189804, 6.983688 ], [ -70.190468, 6.983723 ], [ -70.191254, 6.983645 ], [ -70.191948, 6.983475 ], [ -70.192665, 6.983235 ], [ -70.193344, 6.982763 ], [ -70.194015, 6.982454 ], [ -70.194756, 6.982054 ], [ -70.195366, 6.981583 ], [ -70.196053, 6.981481 ], [ -70.196701, 6.981538 ], [ -70.197388, 6.981643 ], [ -70.198212, 6.981934 ], [ -70.198662, 6.982424 ], [ -70.199318, 6.982805 ], [ -70.200081, 6.982886 ], [ -70.200821, 6.982487 ], [ -70.201446, 6.982177 ], [ -70.202003, 6.981819 ], [ -70.202476, 6.981322 ], [ -70.203056, 6.981033 ], [ -70.203636, 6.980652 ], [ -70.204216, 6.980319 ], [ -70.204956, 6.980309 ], [ -70.205803, 6.980486 ], [ -70.206421, 6.980727 ], [ -70.207085, 6.980969 ], [ -70.207649, 6.981278 ], [ -70.208290, 6.981611 ], [ -70.208977, 6.981739 ], [ -70.209709, 6.981936 ], [ -70.210602, 6.982251 ], [ -70.211273, 6.982057 ], [ -70.211876, 6.981792 ], [ -70.212479, 6.981550 ], [ -70.213242, 6.981173 ], [ -70.213982, 6.981026 ], [ -70.214676, 6.981015 ], [ -70.215340, 6.980958 ], [ -70.216385, 6.980610 ], [ -70.217400, 6.980306 ], [ -70.218185, 6.980022 ], [ -70.218903, 6.979713 ], [ -70.220108, 6.979115 ], [ -70.221062, 6.978604 ], [ -70.221863, 6.977836 ], [ -70.222351, 6.977408 ], [ -70.223022, 6.976892 ], [ -70.223450, 6.976349 ], [ -70.223900, 6.975736 ], [ -70.224114, 6.975096 ], [ -70.224434, 6.974251 ], [ -70.224411, 6.972896 ], [ -70.224327, 6.972228 ], [ -70.224342, 6.971537 ], [ -70.224739, 6.970948 ], [ -70.225258, 6.970544 ], [ -70.225929, 6.970234 ], [ -70.226601, 6.969971 ], [ -70.227272, 6.969753 ], [ -70.228081, 6.969561 ], [ -70.228813, 6.969459 ], [ -70.229645, 6.969312 ], [ -70.230545, 6.969169 ], [ -70.231262, 6.969044 ], [ -70.231956, 6.968941 ], [ -70.232735, 6.968864 ], [ -70.233658, 6.968651 ], [ -70.234474, 6.968413 ], [ -70.235397, 6.968085 ], [ -70.236138, 6.967845 ], [ -70.236740, 6.967557 ], [ -70.237412, 6.967202 ], [ -70.238106, 6.966984 ], [ -70.239128, 6.966567 ], [ -70.239891, 6.966236 ], [ -70.240631, 6.965996 ], [ -70.241440, 6.965643 ], [ -70.242233, 6.965244 ], [ -70.243187, 6.964777 ], [ -70.244064, 6.964565 ], [ -70.244820, 6.964441 ], [ -70.245453, 6.963969 ], [ -70.245873, 6.963448 ], [ -70.246185, 6.962788 ], [ -70.246246, 6.962053 ], [ -70.245811, 6.960574 ], [ -70.245430, 6.959878 ], [ -70.245094, 6.959297 ], [ -70.244789, 6.958694 ], [ -70.244751, 6.957889 ], [ -70.245338, 6.957211 ], [ -70.245972, 6.956877 ], [ -70.246620, 6.956567 ], [ -70.247246, 6.956072 ], [ -70.248039, 6.955398 ], [ -70.249535, 6.954252 ], [ -70.250320, 6.953784 ], [ -70.250824, 6.952966 ], [ -70.251289, 6.952446 ], [ -70.251694, 6.951832 ], [ -70.252205, 6.951290 ], [ -70.252678, 6.950678 ], [ -70.253639, 6.949592 ], [ -70.254875, 6.948649 ], [ -70.255577, 6.948226 ], [ -70.256134, 6.947868 ], [ -70.256836, 6.947237 ], [ -70.257553, 6.946699 ], [ -70.258369, 6.946300 ], [ -70.259041, 6.946013 ], [ -70.259994, 6.945502 ], [ -70.260872, 6.945081 ], [ -70.261612, 6.944957 ], [ -70.262352, 6.944946 ], [ -70.263016, 6.945119 ], [ -70.263680, 6.945247 ], [ -70.264336, 6.945512 ], [ -70.265030, 6.945478 ], [ -70.265701, 6.945352 ], [ -70.266419, 6.945159 ], [ -70.267044, 6.944778 ], [ -70.267922, 6.944726 ], [ -70.268753, 6.944465 ], [ -70.269493, 6.944018 ], [ -70.270104, 6.943456 ], [ -70.270683, 6.943029 ], [ -70.271225, 6.942648 ], [ -70.271973, 6.941949 ], [ -70.272575, 6.941432 ], [ -70.273117, 6.940936 ], [ -70.273628, 6.940439 ], [ -70.274185, 6.940060 ], [ -70.274994, 6.940188 ], [ -70.275627, 6.940590 ], [ -70.276146, 6.941013 ], [ -70.277351, 6.942093 ], [ -70.277870, 6.942516 ], [ -70.279274, 6.943598 ], [ -70.280029, 6.943796 ], [ -70.280815, 6.943879 ], [ -70.281525, 6.943869 ], [ -70.282196, 6.943513 ], [ -70.282715, 6.942856 ], [ -70.283028, 6.942012 ], [ -70.283295, 6.941396 ], [ -70.284004, 6.940145 ], [ -70.284546, 6.939534 ], [ -70.285294, 6.939042 ], [ -70.287544, 6.937980 ], [ -70.288284, 6.937738 ], [ -70.289185, 6.937549 ], [ -70.290634, 6.937391 ], [ -70.291458, 6.937429 ], [ -70.292313, 6.937490 ], [ -70.293045, 6.937619 ], [ -70.293686, 6.937882 ], [ -70.294273, 6.938169 ], [ -70.295006, 6.938481 ], [ -70.296379, 6.938989 ], [ -70.297768, 6.939589 ], [ -70.298432, 6.939807 ], [ -70.299217, 6.939798 ], [ -70.299935, 6.939604 ], [ -70.300598, 6.939502 ], [ -70.301537, 6.939748 ], [ -70.302208, 6.939898 ], [ -70.302986, 6.939912 ], [ -70.303810, 6.939950 ], [ -70.304573, 6.940033 ], [ -70.305565, 6.939913 ], [ -70.306579, 6.939701 ], [ -70.307289, 6.939622 ], [ -70.307915, 6.939312 ], [ -70.308548, 6.938886 ], [ -70.309265, 6.938601 ], [ -70.309936, 6.938429 ], [ -70.311111, 6.938266 ], [ -70.311897, 6.938211 ], [ -70.312653, 6.938133 ], [ -70.313553, 6.938149 ], [ -70.314308, 6.938095 ], [ -70.314957, 6.937990 ], [ -70.315788, 6.937890 ], [ -70.316544, 6.937904 ], [ -70.317513, 6.937968 ], [ -70.318184, 6.937657 ], [ -70.319237, 6.937700 ], [ -70.320068, 6.937692 ], [ -70.320709, 6.937703 ], [ -70.321358, 6.937738 ], [ -70.321945, 6.938002 ], [ -70.322563, 6.938472 ], [ -70.322914, 6.939122 ], [ -70.323250, 6.939886 ], [ -70.323784, 6.940838 ], [ -70.324410, 6.941746 ], [ -70.324905, 6.942421 ], [ -70.325493, 6.942960 ], [ -70.325989, 6.943452 ], [ -70.326607, 6.943830 ], [ -70.327431, 6.943891 ], [ -70.328911, 6.943643 ], [ -70.329643, 6.943656 ], [ -70.330383, 6.943623 ], [ -70.331230, 6.943982 ], [ -70.331863, 6.944270 ], [ -70.332504, 6.944580 ], [ -70.333069, 6.945074 ], [ -70.333610, 6.945657 ], [ -70.334038, 6.946309 ], [ -70.334648, 6.946756 ], [ -70.335266, 6.946997 ], [ -70.336639, 6.947344 ], [ -70.337334, 6.947448 ], [ -70.338135, 6.947439 ], [ -70.338798, 6.947543 ], [ -70.339577, 6.947648 ], [ -70.340317, 6.947708 ], [ -70.341072, 6.947791 ], [ -70.341896, 6.948035 ], [ -70.342468, 6.948368 ], [ -70.342941, 6.948927 ], [ -70.343338, 6.949693 ], [ -70.343536, 6.950386 ], [ -70.343819, 6.951057 ], [ -70.344131, 6.951637 ], [ -70.344444, 6.952287 ], [ -70.344757, 6.952890 ], [ -70.345116, 6.953425 ], [ -70.345520, 6.953938 ], [ -70.346153, 6.954431 ], [ -70.346748, 6.954695 ], [ -70.347504, 6.954846 ], [ -70.348259, 6.954861 ], [ -70.348999, 6.954804 ], [ -70.349785, 6.954818 ], [ -70.350563, 6.954763 ], [ -70.351250, 6.954913 ], [ -70.351586, 6.955564 ], [ -70.351692, 6.956209 ], [ -70.351517, 6.956872 ], [ -70.350449, 6.957312 ], [ -70.349800, 6.957531 ], [ -70.349060, 6.957793 ], [ -70.348526, 6.958312 ], [ -70.348900, 6.958985 ], [ -70.349495, 6.959455 ], [ -70.350250, 6.959653 ], [ -70.350891, 6.959756 ], [ -70.351669, 6.959816 ], [ -70.352432, 6.959852 ], [ -70.353142, 6.959797 ], [ -70.353790, 6.959648 ], [ -70.354507, 6.959407 ], [ -70.355202, 6.959213 ], [ -70.355942, 6.958813 ], [ -70.356567, 6.958548 ], [ -70.357140, 6.958880 ], [ -70.357704, 6.959557 ], [ -70.358040, 6.960206 ], [ -70.358345, 6.960970 ], [ -70.358589, 6.961618 ], [ -70.358803, 6.962266 ], [ -70.359039, 6.963258 ], [ -70.359291, 6.964802 ], [ -70.359276, 6.965491 ], [ -70.359222, 6.966134 ], [ -70.359070, 6.966797 ], [ -70.358833, 6.967483 ], [ -70.358467, 6.968349 ], [ -70.358185, 6.968965 ], [ -70.357887, 6.969856 ], [ -70.358154, 6.970505 ], [ -70.359383, 6.971193 ], [ -70.360146, 6.971251 ], [ -70.360786, 6.971126 ], [ -70.361412, 6.970884 ], [ -70.362038, 6.970712 ], [ -70.362793, 6.970817 ], [ -70.363365, 6.971218 ], [ -70.364182, 6.971646 ], [ -70.364868, 6.972118 ], [ -70.365341, 6.972701 ], [ -70.365700, 6.973374 ], [ -70.365936, 6.973975 ], [ -70.366249, 6.974625 ], [ -70.366814, 6.975209 ], [ -70.367523, 6.975429 ], [ -70.368278, 6.975787 ], [ -70.368515, 6.976435 ], [ -70.368553, 6.977149 ], [ -70.368233, 6.978038 ], [ -70.368271, 6.978775 ], [ -70.368584, 6.979401 ], [ -70.368683, 6.980161 ], [ -70.368736, 6.981034 ], [ -70.368721, 6.981771 ], [ -70.368637, 6.982573 ], [ -70.368813, 6.983311 ], [ -70.369331, 6.983712 ], [ -70.369950, 6.984067 ], [ -70.371323, 6.984414 ], [ -70.372124, 6.984474 ], [ -70.372772, 6.984324 ], [ -70.373673, 6.984180 ], [ -70.374481, 6.984171 ], [ -70.375122, 6.984113 ], [ -70.375771, 6.984034 ], [ -70.376434, 6.984114 ], [ -70.377121, 6.984241 ], [ -70.378151, 6.984536 ], [ -70.378677, 6.984935 ], [ -70.379196, 6.985312 ], [ -70.379738, 6.985804 ], [ -70.380234, 6.986320 ], [ -70.380737, 6.986811 ], [ -70.381210, 6.987301 ], [ -70.381958, 6.987936 ], [ -70.382530, 6.988244 ], [ -70.383171, 6.988417 ], [ -70.383880, 6.988453 ], [ -70.384636, 6.988534 ], [ -70.385468, 6.988504 ], [ -70.386047, 6.988216 ], [ -70.386787, 6.987999 ], [ -70.387413, 6.987803 ], [ -70.388031, 6.987630 ], [ -70.389610, 6.986992 ], [ -70.390465, 6.986571 ], [ -70.391098, 6.986237 ], [ -70.391746, 6.985767 ], [ -70.392395, 6.985433 ], [ -70.393067, 6.985216 ], [ -70.393829, 6.985184 ], [ -70.394470, 6.985447 ], [ -70.395126, 6.985941 ], [ -70.396393, 6.986929 ], [ -70.396851, 6.987398 ], [ -70.397301, 6.987933 ], [ -70.397675, 6.988561 ], [ -70.398033, 6.989119 ], [ -70.398483, 6.989701 ], [ -70.398888, 6.990260 ], [ -70.399323, 6.990773 ], [ -70.399818, 6.991196 ], [ -70.400459, 6.991506 ], [ -70.401100, 6.991379 ], [ -70.401687, 6.990931 ], [ -70.402176, 6.990387 ], [ -70.402557, 6.989842 ], [ -70.402977, 6.989275 ], [ -70.403427, 6.988778 ], [ -70.404030, 6.988215 ], [ -70.404701, 6.988111 ], [ -70.405350, 6.988030 ], [ -70.406105, 6.988067 ], [ -70.406753, 6.988033 ], [ -70.407990, 6.986722 ], [ -70.408691, 6.986044 ], [ -70.409439, 6.985507 ], [ -70.410202, 6.985106 ], [ -70.410805, 6.984818 ], [ -70.411568, 6.984579 ], [ -70.412491, 6.984504 ], [ -70.413345, 6.984519 ], [ -70.414032, 6.984784 ], [ -70.414597, 6.985185 ], [ -70.415253, 6.985679 ], [ -70.415802, 6.986148 ], [ -70.416527, 6.986712 ], [ -70.417168, 6.987022 ], [ -70.417778, 6.987378 ], [ -70.418419, 6.987781 ], [ -70.418983, 6.988111 ], [ -70.419594, 6.988652 ], [ -70.420098, 6.989120 ], [ -70.420548, 6.989726 ], [ -70.420944, 6.990560 ], [ -70.421166, 6.991231 ], [ -70.421562, 6.991904 ], [ -70.421967, 6.992785 ], [ -70.422295, 6.993572 ], [ -70.422562, 6.994173 ], [ -70.422897, 6.994800 ], [ -70.423294, 6.995588 ], [ -70.423950, 6.996267 ], [ -70.424606, 6.996670 ], [ -70.425224, 6.996910 ], [ -70.425751, 6.997378 ], [ -70.425964, 6.998118 ], [ -70.425934, 6.998784 ], [ -70.425781, 6.999539 ], [ -70.425354, 7.000130 ], [ -70.424256, 7.000688 ], [ -70.424713, 7.001287 ], [ -70.425148, 7.001817 ], [ -70.425636, 7.002438 ], [ -70.426117, 7.003105 ], [ -70.426277, 7.003750 ], [ -70.426437, 7.004507 ], [ -70.426521, 7.005886 ], [ -70.426659, 7.006621 ], [ -70.426842, 7.007472 ], [ -70.427162, 7.008230 ], [ -70.427780, 7.008967 ], [ -70.428589, 7.009198 ], [ -70.429253, 7.009109 ], [ -70.429924, 7.009088 ], [ -70.430656, 7.009044 ], [ -70.431305, 7.008954 ], [ -70.432060, 7.008795 ], [ -70.432548, 7.008200 ], [ -70.432846, 7.007557 ], [ -70.432892, 7.006776 ], [ -70.432915, 7.006110 ], [ -70.432991, 7.005422 ], [ -70.433014, 7.004618 ], [ -70.433151, 7.003952 ], [ -70.433609, 7.003357 ], [ -70.434235, 7.003633 ], [ -70.434670, 7.004232 ], [ -70.434921, 7.004829 ], [ -70.435173, 7.005519 ], [ -70.435379, 7.006232 ], [ -70.435608, 7.006921 ], [ -70.435700, 7.007611 ], [ -70.435860, 7.008392 ], [ -70.436134, 7.009082 ], [ -70.436706, 7.009429 ], [ -70.437492, 7.009383 ], [ -70.438133, 7.008996 ], [ -70.438553, 7.008399 ], [ -70.438919, 7.007712 ], [ -70.439194, 7.007000 ], [ -70.439514, 7.006404 ], [ -70.439980, 7.005854 ], [ -70.440414, 7.005258 ], [ -70.441017, 7.004962 ], [ -70.441658, 7.004756 ], [ -70.442467, 7.004552 ], [ -70.443153, 7.004577 ], [ -70.443779, 7.004809 ], [ -70.444420, 7.004994 ], [ -70.445480, 7.005387 ], [ -70.446236, 7.005549 ], [ -70.447090, 7.005621 ], [ -70.447800, 7.005646 ], [ -70.448463, 7.005717 ], [ -70.449112, 7.005765 ], [ -70.449867, 7.005722 ], [ -70.450653, 7.005723 ], [ -70.451409, 7.005954 ], [ -70.451569, 7.006667 ], [ -70.451019, 7.007010 ], [ -70.449104, 7.008015 ], [ -70.448578, 7.008496 ], [ -70.448204, 7.009231 ], [ -70.448044, 7.009988 ], [ -70.448044, 7.010860 ], [ -70.448204, 7.011619 ], [ -70.448525, 7.012262 ], [ -70.448959, 7.012769 ], [ -70.449486, 7.013207 ], [ -70.450157, 7.013507 ], [ -70.450798, 7.013739 ], [ -70.451561, 7.013832 ], [ -70.452225, 7.013765 ], [ -70.452820, 7.013446 ], [ -70.453423, 7.013081 ], [ -70.453949, 7.012691 ], [ -70.454437, 7.012164 ], [ -70.454758, 7.011545 ], [ -70.454987, 7.010856 ], [ -70.455177, 7.010213 ], [ -70.455269, 7.009571 ], [ -70.455498, 7.008767 ], [ -70.455711, 7.007964 ], [ -70.455757, 7.007229 ], [ -70.455734, 7.006540 ], [ -70.455780, 7.005736 ], [ -70.456169, 7.005049 ], [ -70.456795, 7.004798 ], [ -70.457550, 7.004640 ], [ -70.458244, 7.004641 ], [ -70.458908, 7.004574 ], [ -70.459717, 7.004622 ], [ -70.460380, 7.004762 ], [ -70.461189, 7.004856 ], [ -70.462082, 7.004790 ], [ -70.462868, 7.004539 ], [ -70.463394, 7.004035 ], [ -70.464065, 7.002727 ], [ -70.464707, 7.002637 ], [ -70.465378, 7.002639 ], [ -70.466110, 7.002734 ], [ -70.466782, 7.002919 ], [ -70.467606, 7.003104 ], [ -70.468254, 7.003221 ], [ -70.469078, 7.003338 ], [ -70.469742, 7.003410 ], [ -70.470436, 7.003434 ], [ -70.471214, 7.003390 ], [ -70.472023, 7.003438 ], [ -70.472664, 7.003646 ], [ -70.473404, 7.003901 ], [ -70.474136, 7.004224 ], [ -70.474922, 7.004640 ], [ -70.476273, 7.005540 ], [ -70.476845, 7.005886 ], [ -70.477425, 7.006255 ], [ -70.478065, 7.006739 ], [ -70.478798, 7.007268 ], [ -70.480087, 7.007962 ], [ -70.481399, 7.008424 ], [ -70.482041, 7.008702 ], [ -70.482826, 7.008980 ], [ -70.483490, 7.009233 ], [ -70.484108, 7.009511 ], [ -70.485489, 7.010249 ], [ -70.486313, 7.010734 ], [ -70.487122, 7.011104 ], [ -70.487999, 7.011313 ], [ -70.488708, 7.011245 ], [ -70.489281, 7.010695 ], [ -70.489449, 7.009916 ], [ -70.489426, 7.009271 ], [ -70.489311, 7.008560 ], [ -70.489449, 7.007688 ], [ -70.490028, 7.007298 ], [ -70.490830, 7.007622 ], [ -70.491653, 7.008039 ], [ -70.492851, 7.008455 ], [ -70.493683, 7.008618 ], [ -70.494415, 7.008688 ], [ -70.495110, 7.008620 ], [ -70.495773, 7.008393 ], [ -70.496414, 7.008142 ], [ -70.497086, 7.007983 ], [ -70.497864, 7.007940 ], [ -70.498558, 7.007988 ], [ -70.499573, 7.008496 ], [ -70.500290, 7.009725 ], [ -70.500580, 7.010396 ], [ -70.501099, 7.011232 ], [ -70.501526, 7.011859 ], [ -70.501884, 7.012416 ], [ -70.502403, 7.012976 ], [ -70.502815, 7.013533 ], [ -70.503288, 7.014047 ], [ -70.503899, 7.014584 ], [ -70.504425, 7.015029 ], [ -70.505013, 7.015452 ], [ -70.505699, 7.015992 ], [ -70.506149, 7.016458 ], [ -70.506256, 7.017126 ], [ -70.506188, 7.018274 ], [ -70.506248, 7.019217 ], [ -70.506485, 7.019842 ], [ -70.506889, 7.020560 ], [ -70.507416, 7.021142 ], [ -70.508209, 7.021592 ], [ -70.509125, 7.021904 ], [ -70.509903, 7.022262 ], [ -70.510796, 7.022690 ], [ -70.511429, 7.023344 ], [ -70.511948, 7.024064 ], [ -70.511566, 7.024701 ], [ -70.511116, 7.025406 ], [ -70.510719, 7.025974 ], [ -70.510185, 7.026633 ], [ -70.509735, 7.027154 ], [ -70.509132, 7.027673 ], [ -70.508530, 7.028031 ], [ -70.508217, 7.028716 ], [ -70.508095, 7.029404 ], [ -70.508545, 7.029939 ], [ -70.509254, 7.030318 ], [ -70.510628, 7.030775 ], [ -70.511330, 7.031132 ], [ -70.512474, 7.031908 ], [ -70.513061, 7.032422 ], [ -70.513557, 7.033235 ], [ -70.513962, 7.033747 ], [ -70.514389, 7.034351 ], [ -70.514938, 7.034819 ], [ -70.515480, 7.035379 ], [ -70.516251, 7.035920 ], [ -70.516914, 7.036252 ], [ -70.517647, 7.036493 ], [ -70.518516, 7.036851 ], [ -70.520248, 7.037752 ], [ -70.521004, 7.038199 ], [ -70.521645, 7.038508 ], [ -70.522370, 7.038842 ], [ -70.522965, 7.039218 ], [ -70.523804, 7.039990 ], [ -70.524117, 7.040569 ], [ -70.524475, 7.041172 ], [ -70.524903, 7.041914 ], [ -70.524895, 7.042581 ], [ -70.524948, 7.043271 ], [ -70.525238, 7.043919 ], [ -70.525917, 7.044665 ], [ -70.526604, 7.044905 ], [ -70.527367, 7.044710 ], [ -70.528107, 7.044400 ], [ -70.528710, 7.044111 ], [ -70.529335, 7.043776 ], [ -70.530098, 7.043512 ], [ -70.530884, 7.043272 ], [ -70.531509, 7.043098 ], [ -70.532135, 7.042901 ], [ -70.532921, 7.042729 ], [ -70.533562, 7.042694 ], [ -70.534225, 7.042818 ], [ -70.535026, 7.043267 ], [ -70.535507, 7.043827 ], [ -70.535858, 7.044474 ], [ -70.535850, 7.045164 ], [ -70.535317, 7.045731 ], [ -70.534737, 7.046042 ], [ -70.534134, 7.046309 ], [ -70.533394, 7.046390 ], [ -70.532608, 7.046424 ], [ -70.531944, 7.046574 ], [ -70.531341, 7.046886 ], [ -70.530846, 7.047362 ], [ -70.530289, 7.047743 ], [ -70.530029, 7.048452 ], [ -70.530197, 7.049121 ], [ -70.530510, 7.049976 ], [ -70.531006, 7.050397 ], [ -70.531647, 7.050752 ], [ -70.532311, 7.050901 ], [ -70.533028, 7.050820 ], [ -70.533791, 7.050555 ], [ -70.534439, 7.050313 ], [ -70.535065, 7.049909 ], [ -70.535835, 7.049461 ], [ -70.536529, 7.049037 ], [ -70.537247, 7.048977 ], [ -70.537788, 7.049491 ], [ -70.538238, 7.050211 ], [ -70.538551, 7.050836 ], [ -70.538765, 7.051690 ], [ -70.538780, 7.052426 ], [ -70.538673, 7.053228 ], [ -70.538025, 7.053747 ], [ -70.537262, 7.054011 ], [ -70.536568, 7.054276 ], [ -70.535874, 7.054494 ], [ -70.534996, 7.054665 ], [ -70.534279, 7.054677 ], [ -70.533562, 7.054918 ], [ -70.533211, 7.055648 ], [ -70.532921, 7.056310 ], [ -70.532868, 7.057022 ], [ -70.533508, 7.058618 ], [ -70.533936, 7.059152 ], [ -70.534485, 7.059666 ], [ -70.535042, 7.060410 ], [ -70.535431, 7.060991 ], [ -70.535828, 7.061709 ], [ -70.536232, 7.062359 ], [ -70.537208, 7.063294 ], [ -70.538529, 7.064188 ], [ -70.539284, 7.064820 ], [ -70.539780, 7.065402 ], [ -70.540047, 7.066072 ], [ -70.540032, 7.066900 ], [ -70.540108, 7.067866 ], [ -70.540260, 7.068512 ], [ -70.540390, 7.069295 ], [ -70.540604, 7.070103 ], [ -70.541054, 7.070775 ], [ -70.541527, 7.071519 ], [ -70.542137, 7.072287 ], [ -70.542633, 7.072777 ], [ -70.543434, 7.073272 ], [ -70.544044, 7.073695 ], [ -70.544617, 7.074141 ], [ -70.545090, 7.074608 ], [ -70.545502, 7.075120 ], [ -70.545669, 7.075788 ], [ -70.546005, 7.076391 ], [ -70.546478, 7.077111 ], [ -70.547050, 7.077579 ], [ -70.547752, 7.078028 ], [ -70.548447, 7.078130 ], [ -70.549156, 7.078209 ], [ -70.549866, 7.078382 ], [ -70.550506, 7.078575 ], [ -70.551376, 7.078980 ], [ -70.552063, 7.079334 ], [ -70.552651, 7.079689 ], [ -70.553383, 7.080320 ], [ -70.553719, 7.080900 ], [ -70.554192, 7.081482 ], [ -70.554970, 7.081908 ], [ -70.555611, 7.082170 ], [ -70.556389, 7.082412 ], [ -70.557060, 7.082193 ], [ -70.557755, 7.081859 ], [ -70.558540, 7.081503 ], [ -70.559258, 7.081078 ], [ -70.559860, 7.080742 ], [ -70.560623, 7.080524 ], [ -70.561287, 7.080811 ], [ -70.562065, 7.081190 ], [ -70.562584, 7.081681 ], [ -70.563126, 7.082311 ], [ -70.563721, 7.082732 ], [ -70.564293, 7.083109 ], [ -70.564881, 7.083372 ], [ -70.565498, 7.083611 ], [ -70.566193, 7.083621 ], [ -70.566834, 7.083584 ], [ -70.567574, 7.083367 ], [ -70.568153, 7.083031 ], [ -70.568855, 7.082537 ], [ -70.569878, 7.081587 ], [ -70.570419, 7.080906 ], [ -70.570885, 7.080386 ], [ -70.571358, 7.079886 ], [ -70.571823, 7.079411 ], [ -70.572471, 7.078985 ], [ -70.573143, 7.078650 ], [ -70.573792, 7.078407 ], [ -70.574486, 7.078327 ], [ -70.575264, 7.078315 ], [ -70.575935, 7.078371 ], [ -70.576645, 7.078544 ], [ -70.577263, 7.078737 ], [ -70.577904, 7.078862 ], [ -70.578796, 7.079244 ], [ -70.579483, 7.079300 ], [ -70.580315, 7.079175 ], [ -70.580940, 7.078748 ], [ -70.581390, 7.078227 ], [ -70.581947, 7.077890 ], [ -70.582665, 7.077395 ], [ -70.583138, 7.076920 ], [ -70.583511, 7.076305 ], [ -70.583687, 7.075550 ], [ -70.583580, 7.074859 ], [ -70.583313, 7.074050 ], [ -70.583351, 7.073338 ], [ -70.583588, 7.072653 ], [ -70.584015, 7.071947 ], [ -70.584732, 7.071728 ], [ -70.585632, 7.071535 ], [ -70.586365, 7.071477 ], [ -70.587059, 7.071374 ], [ -70.587730, 7.071247 ], [ -70.588516, 7.071005 ], [ -70.589203, 7.070856 ], [ -70.589897, 7.070958 ], [ -70.590607, 7.070969 ], [ -70.591301, 7.070796 ], [ -70.593521, 7.069911 ], [ -70.594215, 7.069669 ], [ -70.595093, 7.069475 ], [ -70.595970, 7.069420 ], [ -70.596802, 7.069340 ], [ -70.597404, 7.069006 ], [ -70.598236, 7.068697 ], [ -70.599060, 7.068663 ], [ -70.599731, 7.068559 ], [ -70.600494, 7.068317 ], [ -70.601303, 7.068123 ], [ -70.601906, 7.067857 ], [ -70.602623, 7.067570 ], [ -70.603340, 7.067350 ], [ -70.605431, 7.067244 ], [ -70.606827, 7.067749 ], [ -70.607445, 7.067942 ], [ -70.608086, 7.068274 ], [ -70.608704, 7.068536 ], [ -70.609436, 7.068870 ], [ -70.610100, 7.069247 ], [ -70.611053, 7.069767 ], [ -70.611694, 7.069984 ], [ -70.612610, 7.070273 ], [ -70.613350, 7.070377 ], [ -70.614822, 7.070261 ], [ -70.615509, 7.070134 ], [ -70.616249, 7.070122 ], [ -70.616913, 7.070247 ], [ -70.617790, 7.070353 ], [ -70.618614, 7.070526 ], [ -70.619598, 7.070864 ], [ -70.620331, 7.071243 ], [ -70.621056, 7.071667 ], [ -70.621696, 7.072159 ], [ -70.622261, 7.072537 ], [ -70.622948, 7.072914 ], [ -70.623665, 7.072879 ], [ -70.624649, 7.072757 ], [ -70.625343, 7.072560 ], [ -70.626617, 7.072419 ], [ -70.627373, 7.072200 ], [ -70.627998, 7.071980 ], [ -70.628624, 7.071806 ], [ -70.629295, 7.071565 ], [ -70.630035, 7.071483 ], [ -70.630768, 7.071632 ], [ -70.631523, 7.071805 ], [ -70.632187, 7.071930 ], [ -70.632919, 7.072010 ], [ -70.633705, 7.072022 ], [ -70.634491, 7.071920 ], [ -70.635277, 7.071840 ], [ -70.635918, 7.071895 ], [ -70.636749, 7.071747 ], [ -70.637504, 7.071712 ], [ -70.638268, 7.071794 ], [ -70.639000, 7.072058 ], [ -70.639565, 7.072503 ], [ -70.640106, 7.072994 ], [ -70.640518, 7.073505 ], [ -70.640945, 7.074132 ], [ -70.641304, 7.074735 ], [ -70.641548, 7.075360 ], [ -70.641724, 7.076074 ], [ -70.641708, 7.076809 ], [ -70.641975, 7.077456 ], [ -70.642357, 7.077992 ], [ -70.642860, 7.078505 ], [ -70.643448, 7.078928 ], [ -70.644203, 7.079214 ], [ -70.644844, 7.079523 ], [ -70.645485, 7.079878 ], [ -70.646278, 7.080303 ], [ -70.646965, 7.080613 ], [ -70.647674, 7.081083 ], [ -70.648521, 7.081487 ], [ -70.649223, 7.081796 ], [ -70.649933, 7.082060 ], [ -70.650719, 7.082302 ], [ -70.651405, 7.082496 ], [ -70.652206, 7.082669 ], [ -70.652916, 7.082795 ], [ -70.653648, 7.082898 ], [ -70.654526, 7.082842 ], [ -70.655189, 7.082875 ], [ -70.655968, 7.083186 ], [ -70.656700, 7.083588 ], [ -70.657242, 7.084056 ], [ -70.657814, 7.084524 ], [ -70.658432, 7.084924 ], [ -70.659042, 7.085371 ], [ -70.659638, 7.085747 ], [ -70.660278, 7.086079 ], [ -70.660942, 7.086341 ], [ -70.661720, 7.086492 ], [ -70.662384, 7.086684 ], [ -70.663117, 7.086926 ], [ -70.663780, 7.087097 ], [ -70.664535, 7.087315 ], [ -70.665359, 7.087466 ], [ -70.666351, 7.087527 ], [ -70.667130, 7.087562 ], [ -70.667870, 7.087688 ], [ -70.669350, 7.088422 ], [ -70.670059, 7.088847 ], [ -70.670669, 7.089317 ], [ -70.671806, 7.090276 ], [ -70.672356, 7.090766 ], [ -70.672897, 7.091120 ], [ -70.673447, 7.091518 ], [ -70.673988, 7.092261 ], [ -70.674232, 7.093092 ], [ -70.674355, 7.093784 ], [ -70.674370, 7.094657 ], [ -70.674515, 7.095418 ], [ -70.674736, 7.096065 ], [ -70.675140, 7.096875 ], [ -70.675568, 7.097433 ], [ -70.676041, 7.097900 ], [ -70.676750, 7.098394 ], [ -70.677597, 7.098728 ], [ -70.678192, 7.098990 ], [ -70.678856, 7.099161 ], [ -70.679543, 7.099308 ], [ -70.680206, 7.099503 ], [ -70.680916, 7.099859 ], [ -70.681458, 7.100303 ], [ -70.681869, 7.100861 ], [ -70.682365, 7.101351 ], [ -70.683052, 7.101821 ], [ -70.683708, 7.102245 ], [ -70.684440, 7.102577 ], [ -70.685127, 7.102864 ], [ -70.685768, 7.103034 ], [ -70.686432, 7.103275 ], [ -70.687378, 7.103242 ], [ -70.688065, 7.103115 ], [ -70.688965, 7.102990 ], [ -70.689781, 7.102566 ], [ -70.690315, 7.102185 ], [ -70.691009, 7.101804 ], [ -70.691612, 7.101308 ], [ -70.692268, 7.100881 ], [ -70.692871, 7.100362 ], [ -70.693336, 7.099909 ], [ -70.693939, 7.099459 ], [ -70.694595, 7.099032 ], [ -70.695107, 7.098626 ], [ -70.695755, 7.098177 ], [ -70.696358, 7.097864 ], [ -70.696938, 7.097391 ], [ -70.697594, 7.096895 ], [ -70.699753, 7.095778 ], [ -70.700264, 7.095304 ], [ -70.700981, 7.094970 ], [ -70.701714, 7.094935 ], [ -70.703232, 7.095189 ], [ -70.704056, 7.095315 ], [ -70.704926, 7.095536 ], [ -70.705574, 7.095660 ], [ -70.706352, 7.095879 ], [ -70.707131, 7.096029 ], [ -70.707932, 7.096202 ], [ -70.708756, 7.096329 ], [ -70.709518, 7.096501 ], [ -70.710228, 7.096651 ], [ -70.710938, 7.096752 ], [ -70.711792, 7.096835 ], [ -70.712708, 7.096780 ], [ -70.713402, 7.096698 ], [ -70.714119, 7.096502 ], [ -70.714859, 7.096237 ], [ -70.715507, 7.095879 ], [ -70.717636, 7.095108 ], [ -70.719093, 7.094716 ], [ -70.719757, 7.094519 ], [ -70.720543, 7.094278 ], [ -70.721168, 7.094058 ], [ -70.721932, 7.093931 ], [ -70.723495, 7.093726 ], [ -70.724350, 7.093532 ], [ -70.725159, 7.093223 ], [ -70.725899, 7.093026 ], [ -70.726570, 7.092830 ], [ -70.727333, 7.092681 ], [ -70.728142, 7.092601 ], [ -70.730072, 7.092493 ], [ -70.730927, 7.092390 ], [ -70.731735, 7.092126 ], [ -70.732475, 7.091978 ], [ -70.733162, 7.091804 ], [ -70.733833, 7.091699 ], [ -70.734550, 7.091687 ], [ -70.735443, 7.091654 ], [ -70.736206, 7.091690 ], [ -70.737724, 7.091827 ], [ -70.738640, 7.091887 ], [ -70.739472, 7.091899 ], [ -70.740135, 7.092046 ], [ -70.740822, 7.092264 ], [ -70.741600, 7.092529 ], [ -70.742195, 7.092791 ], [ -70.742973, 7.093078 ], [ -70.743606, 7.093386 ], [ -70.744476, 7.093743 ], [ -70.745209, 7.094007 ], [ -70.745895, 7.094271 ], [ -70.746696, 7.094628 ], [ -70.748024, 7.095406 ], [ -70.748772, 7.095784 ], [ -70.749344, 7.096116 ], [ -70.750076, 7.096471 ], [ -70.750923, 7.096897 ], [ -70.751587, 7.097183 ], [ -70.752243, 7.097560 ], [ -70.753090, 7.098148 ], [ -70.753708, 7.098433 ], [ -70.754440, 7.098696 ], [ -70.755264, 7.098915 ], [ -70.755928, 7.099247 ], [ -70.756538, 7.099486 ], [ -70.757553, 7.099709 ], [ -70.758285, 7.099788 ], [ -70.759048, 7.099708 ], [ -70.759766, 7.099489 ], [ -70.760414, 7.099085 ], [ -70.761040, 7.098658 ], [ -70.761551, 7.098114 ], [ -70.761910, 7.097316 ], [ -70.762222, 7.096585 ], [ -70.762092, 7.095870 ], [ -70.761848, 7.095154 ], [ -70.761063, 7.093902 ], [ -70.760544, 7.093320 ], [ -70.760483, 7.092629 ], [ -70.760750, 7.091944 ], [ -70.761261, 7.091492 ], [ -70.762024, 7.091297 ], [ -70.762733, 7.091330 ], [ -70.763351, 7.091547 ], [ -70.764061, 7.091833 ], [ -70.764794, 7.092074 ], [ -70.765533, 7.092085 ], [ -70.766243, 7.092050 ], [ -70.766914, 7.091877 ], [ -70.767517, 7.091357 ], [ -70.768059, 7.090652 ], [ -70.768341, 7.090013 ], [ -70.768631, 7.089260 ], [ -70.768776, 7.088572 ], [ -70.769089, 7.087796 ], [ -70.769188, 7.087153 ], [ -70.769455, 7.086377 ], [ -70.769653, 7.085690 ], [ -70.769982, 7.084891 ], [ -70.770943, 7.083550 ], [ -70.771736, 7.082758 ], [ -70.772140, 7.082166 ], [ -70.772743, 7.081555 ], [ -70.773323, 7.081242 ], [ -70.774673, 7.080342 ], [ -70.777390, 7.080291 ], [ -70.778053, 7.080394 ], [ -70.778763, 7.080634 ], [ -70.779404, 7.080920 ], [ -70.779930, 7.081387 ], [ -70.780449, 7.081785 ], [ -70.780991, 7.082391 ], [ -70.781349, 7.082993 ], [ -70.781593, 7.083595 ], [ -70.781906, 7.084312 ], [ -70.782288, 7.084892 ], [ -70.783264, 7.085964 ], [ -70.783836, 7.086409 ], [ -70.784561, 7.086696 ], [ -70.785324, 7.086730 ], [ -70.786041, 7.086626 ], [ -70.786621, 7.086336 ], [ -70.787201, 7.085931 ], [ -70.787758, 7.085525 ], [ -70.788338, 7.085167 ], [ -70.789055, 7.084810 ], [ -70.789703, 7.084589 ], [ -70.790375, 7.084416 ], [ -70.791199, 7.084359 ], [ -70.794373, 7.084453 ], [ -70.795174, 7.084625 ], [ -70.796280, 7.084941 ], [ -70.797012, 7.085089 ], [ -70.797836, 7.085171 ], [ -70.798599, 7.085205 ], [ -70.799515, 7.085150 ], [ -70.800323, 7.085070 ], [ -70.801964, 7.084590 ], [ -70.802521, 7.084161 ], [ -70.822174, 7.072851 ], [ -70.822601, 7.073339 ], [ -70.823006, 7.073921 ], [ -70.835197, 7.080421 ], [ -70.835838, 7.080523 ], [ -70.836548, 7.080602 ], [ -70.837631, 7.080458 ], [ -70.838623, 7.080288 ], [ -70.839340, 7.079978 ], [ -70.839836, 7.079549 ], [ -70.840836, 7.078529 ], [ -70.841461, 7.078170 ], [ -70.842339, 7.077862 ], [ -70.843033, 7.077574 ], [ -70.843796, 7.077402 ], [ -70.844444, 7.077319 ], [ -70.845154, 7.077261 ], [ -70.845848, 7.077226 ], [ -70.846901, 7.077425 ], [ -70.847748, 7.077805 ], [ -70.848435, 7.078228 ], [ -70.849281, 7.078516 ], [ -70.850014, 7.078803 ], [ -70.850815, 7.078838 ], [ -70.851944, 7.078832 ], [ -70.852775, 7.078546 ], [ -70.853401, 7.077981 ], [ -70.853989, 7.077483 ], [ -70.854363, 7.076800 ], [ -70.853981, 7.074842 ], [ -70.853645, 7.074124 ], [ -70.853218, 7.073589 ], [ -70.852768, 7.072847 ], [ -70.852402, 7.072291 ], [ -70.852089, 7.071712 ], [ -70.851288, 7.071608 ], [ -70.850365, 7.071686 ], [ -70.849533, 7.071926 ], [ -70.848953, 7.072263 ], [ -70.848305, 7.072574 ], [ -70.847542, 7.072954 ], [ -70.845780, 7.073686 ], [ -70.844513, 7.074080 ], [ -70.843918, 7.073590 ], [ -70.843613, 7.072918 ], [ -70.843758, 7.072254 ], [ -70.844154, 7.071617 ], [ -70.844772, 7.070293 ], [ -70.845131, 7.069678 ], [ -70.845596, 7.068950 ], [ -70.846352, 7.067629 ], [ -70.846733, 7.066945 ], [ -70.847153, 7.066400 ], [ -70.847641, 7.065971 ], [ -70.848183, 7.065450 ], [ -70.848602, 7.064858 ], [ -70.848999, 7.064198 ], [ -70.849129, 7.063396 ], [ -70.849144, 7.062523 ], [ -70.849335, 7.061837 ], [ -70.849602, 7.061198 ], [ -70.849861, 7.060305 ], [ -70.849968, 7.059571 ], [ -70.849976, 7.058791 ], [ -70.850082, 7.058080 ], [ -70.850205, 7.057438 ], [ -70.850464, 7.056776 ], [ -70.851074, 7.056256 ], [ -70.852020, 7.055903 ], [ -70.852692, 7.055866 ], [ -70.854462, 7.055664 ], [ -70.855263, 7.055744 ], [ -70.855766, 7.056234 ], [ -70.856033, 7.056859 ], [ -70.856392, 7.057507 ], [ -70.856842, 7.058203 ], [ -70.857292, 7.058669 ], [ -70.857933, 7.059092 ], [ -70.858658, 7.059632 ], [ -70.859344, 7.060102 ], [ -70.860008, 7.060525 ], [ -70.860779, 7.060973 ], [ -70.861465, 7.061121 ], [ -70.862183, 7.061063 ], [ -70.862938, 7.061051 ], [ -70.864433, 7.061072 ], [ -70.865219, 7.061245 ], [ -70.865906, 7.061256 ], [ -70.866638, 7.061358 ], [ -70.867256, 7.061574 ], [ -70.868011, 7.061862 ], [ -70.868629, 7.062055 ], [ -70.869339, 7.062318 ], [ -70.869980, 7.062673 ], [ -70.870704, 7.063211 ], [ -70.871254, 7.063725 ], [ -70.871750, 7.064284 ], [ -70.872368, 7.064637 ], [ -70.873077, 7.064900 ], [ -70.873833, 7.065073 ], [ -70.874519, 7.065267 ], [ -70.875229, 7.065438 ], [ -70.876083, 7.065519 ], [ -70.876976, 7.065579 ], [ -70.878052, 7.065802 ], [ -70.881225, 7.065849 ], [ -70.882126, 7.065815 ], [ -70.882980, 7.065736 ], [ -70.883804, 7.065634 ], [ -70.884705, 7.065418 ], [ -70.885490, 7.065153 ], [ -70.886284, 7.064820 ], [ -70.887878, 7.063993 ], [ -70.888550, 7.063591 ], [ -70.890129, 7.062786 ], [ -70.890823, 7.062453 ], [ -70.891914, 7.061870 ], [ -70.892586, 7.061468 ], [ -70.893097, 7.061038 ], [ -70.893661, 7.060426 ], [ -70.894295, 7.059471 ], [ -70.894836, 7.058629 ], [ -70.895256, 7.057899 ], [ -70.895683, 7.057285 ], [ -70.896080, 7.056625 ], [ -70.896347, 7.055894 ], [ -70.896515, 7.055229 ], [ -70.896622, 7.054404 ], [ -70.896729, 7.053441 ], [ -70.896759, 7.052683 ], [ -70.896675, 7.051993 ], [ -70.896667, 7.051165 ], [ -70.896675, 7.050314 ], [ -70.896599, 7.049579 ], [ -70.896477, 7.048199 ], [ -70.896469, 7.047509 ], [ -70.896545, 7.046638 ], [ -70.896698, 7.045697 ], [ -70.896782, 7.044688 ], [ -70.896606, 7.044065 ], [ -70.896385, 7.043326 ], [ -70.896126, 7.042611 ], [ -70.895828, 7.041986 ], [ -70.895493, 7.041430 ], [ -70.895042, 7.040894 ], [ -70.894363, 7.040148 ], [ -70.893249, 7.039190 ], [ -70.892799, 7.038679 ], [ -70.892349, 7.038029 ], [ -70.892243, 7.037039 ], [ -70.892807, 7.036587 ], [ -70.893501, 7.036323 ], [ -70.894165, 7.036171 ], [ -70.894806, 7.036388 ], [ -70.895637, 7.036514 ], [ -70.896301, 7.036800 ], [ -70.896934, 7.037177 ], [ -70.897575, 7.037623 ], [ -70.898140, 7.038044 ], [ -70.898804, 7.038606 ], [ -70.899345, 7.039236 ], [ -70.899979, 7.039750 ], [ -70.900734, 7.040128 ], [ -70.901421, 7.040345 ], [ -70.902069, 7.040148 ], [ -70.903526, 7.039618 ], [ -70.904312, 7.039262 ], [ -70.904846, 7.038857 ], [ -70.905380, 7.038359 ], [ -70.905853, 7.037883 ], [ -70.906250, 7.037337 ], [ -70.906631, 7.036539 ], [ -70.906799, 7.035852 ], [ -70.906899, 7.035119 ], [ -70.906959, 7.034361 ], [ -70.906899, 7.033511 ], [ -70.907028, 7.032778 ], [ -70.906967, 7.032087 ], [ -70.906883, 7.031419 ], [ -70.906899, 7.030409 ], [ -70.906982, 7.029399 ], [ -70.907364, 7.028807 ], [ -70.907990, 7.028243 ], [ -70.908753, 7.027793 ], [ -70.909637, 7.027210 ], [ -70.910400, 7.026784 ], [ -70.911278, 7.026590 ], [ -70.911926, 7.026531 ], [ -70.913254, 7.026689 ], [ -70.913895, 7.026836 ], [ -70.914467, 7.027235 ], [ -70.914963, 7.027679 ], [ -70.915443, 7.028146 ], [ -70.915917, 7.028704 ], [ -70.916412, 7.029423 ], [ -70.916771, 7.030049 ], [ -70.917152, 7.030744 ], [ -70.917488, 7.031323 ], [ -70.917893, 7.031927 ], [ -70.918327, 7.032531 ], [ -70.918892, 7.032929 ], [ -70.919670, 7.033193 ], [ -70.920342, 7.033249 ], [ -70.921051, 7.033099 ], [ -70.921631, 7.032763 ], [ -70.922012, 7.032147 ], [ -70.922318, 7.031579 ], [ -70.922577, 7.030870 ], [ -70.922798, 7.030183 ], [ -70.923035, 7.029521 ], [ -70.923256, 7.028788 ], [ -70.923500, 7.027874 ], [ -70.923622, 7.027071 ], [ -70.923783, 7.025626 ], [ -70.923721, 7.024960 ], [ -70.923759, 7.024040 ], [ -70.924202, 7.023518 ], [ -70.925156, 7.023005 ], [ -70.926216, 7.022537 ], [ -70.927093, 7.022183 ], [ -70.927742, 7.022100 ], [ -70.928459, 7.021904 ], [ -70.929359, 7.021550 ], [ -70.930054, 7.021446 ], [ -70.931473, 7.021558 ], [ -70.932465, 7.021344 ], [ -70.933388, 7.021103 ], [ -70.934059, 7.020998 ], [ -70.934891, 7.020827 ], [ -70.935539, 7.020537 ], [ -70.936211, 7.020364 ], [ -70.936852, 7.020166 ], [ -70.938034, 7.019587 ], [ -70.938980, 7.019417 ], [ -70.939651, 7.019105 ], [ -70.940369, 7.018863 ], [ -70.941154, 7.018575 ], [ -70.941849, 7.018241 ], [ -70.942825, 7.017797 ], [ -70.943466, 7.017691 ], [ -70.944115, 7.017654 ], [ -70.944893, 7.017642 ], [ -70.945816, 7.017312 ], [ -70.946770, 7.016912 ], [ -70.947617, 7.016855 ], [ -70.948311, 7.016773 ], [ -70.949181, 7.016788 ], [ -70.949852, 7.016911 ], [ -70.950653, 7.016947 ], [ -70.951294, 7.017093 ], [ -70.952026, 7.017449 ], [ -70.952621, 7.017802 ], [ -70.953186, 7.018408 ], [ -70.953636, 7.019127 ], [ -70.953880, 7.019796 ], [ -70.953911, 7.020624 ], [ -70.953972, 7.021315 ], [ -70.953918, 7.022026 ], [ -70.953926, 7.022922 ], [ -70.953918, 7.023634 ], [ -70.953949, 7.024370 ], [ -70.954056, 7.025176 ], [ -70.954208, 7.025844 ], [ -70.954521, 7.026423 ], [ -70.955086, 7.026914 ], [ -70.955681, 7.027198 ], [ -70.956413, 7.027347 ], [ -70.957062, 7.027517 ], [ -70.957703, 7.027411 ], [ -70.958374, 7.027261 ], [ -70.959023, 7.027017 ], [ -70.959648, 7.026705 ], [ -70.960136, 7.026138 ], [ -70.960541, 7.025386 ], [ -70.960731, 7.024768 ], [ -70.960854, 7.023965 ], [ -70.960968, 7.022497 ], [ -70.960937, 7.021646 ], [ -70.960487, 7.019412 ], [ -70.960404, 7.018766 ], [ -70.960411, 7.018077 ], [ -70.960884, 7.017441 ], [ -70.961487, 7.016760 ], [ -70.962211, 7.016312 ], [ -70.962875, 7.016161 ], [ -70.964485, 7.016184 ], [ -70.965248, 7.016127 ], [ -70.966095, 7.016161 ], [ -70.966995, 7.016083 ], [ -70.967690, 7.015748 ], [ -70.968475, 7.015462 ], [ -70.969124, 7.015172 ], [ -70.969887, 7.014724 ], [ -70.970795, 7.014255 ], [ -70.971375, 7.013873 ], [ -70.972725, 7.012698 ], [ -70.973267, 7.011971 ], [ -70.973618, 7.011310 ], [ -70.974022, 7.010304 ], [ -70.974220, 7.009435 ], [ -70.974373, 7.008080 ], [ -70.974526, 7.007257 ], [ -70.974655, 7.006408 ], [ -70.974708, 7.005651 ], [ -70.974953, 7.004666 ], [ -70.975220, 7.003866 ], [ -70.975387, 7.003203 ], [ -70.975723, 7.002472 ], [ -70.976029, 7.001879 ], [ -70.976402, 7.001264 ], [ -70.976898, 7.000720 ], [ -70.977478, 7.000108 ], [ -70.978035, 6.999657 ], [ -70.977913, 6.999052 ], [ -70.978447, 6.998615 ], [ -70.978950, 6.998179 ], [ -70.980102, 6.997329 ], [ -70.980606, 6.996893 ], [ -70.980949, 6.996295 ], [ -70.981209, 6.995561 ], [ -70.981415, 6.994872 ], [ -70.981644, 6.994205 ], [ -70.981918, 6.993608 ], [ -70.982170, 6.992850 ], [ -70.982376, 6.992161 ], [ -70.982673, 6.991379 ], [ -70.982979, 6.990508 ], [ -70.983299, 6.989818 ], [ -70.983643, 6.989151 ], [ -70.984077, 6.988669 ], [ -70.984726, 6.988210 ], [ -70.985458, 6.987935 ], [ -70.985992, 6.987475 ], [ -70.986542, 6.986947 ], [ -70.986931, 6.986351 ], [ -70.987282, 6.985799 ], [ -70.987671, 6.985087 ], [ -70.987991, 6.984191 ], [ -70.988152, 6.983409 ], [ -70.988358, 6.982676 ], [ -70.988563, 6.981780 ], [ -70.988792, 6.981160 ], [ -70.989212, 6.980401 ], [ -70.989510, 6.979804 ], [ -70.989944, 6.979069 ], [ -70.990433, 6.978495 ], [ -70.991005, 6.978219 ], [ -70.991653, 6.977990 ], [ -70.992989, 6.977416 ], [ -70.993561, 6.977117 ], [ -70.994393, 6.976819 ], [ -70.995171, 6.976613 ], [ -70.995796, 6.976361 ], [ -70.996483, 6.976063 ], [ -70.997200, 6.975626 ], [ -70.997841, 6.975304 ], [ -70.998604, 6.974960 ], [ -70.999390, 6.974823 ], [ -71.000328, 6.974547 ], [ -71.001823, 6.974157 ], [ -71.002701, 6.973790 ], [ -71.003464, 6.973538 ], [ -71.004105, 6.973286 ], [ -71.004845, 6.973217 ], [ -71.005486, 6.973034 ], [ -71.006340, 6.972804 ], [ -71.007149, 6.972413 ], [ -71.007858, 6.972254 ], [ -71.008530, 6.972138 ], [ -71.009331, 6.971886 ], [ -71.009979, 6.971657 ], [ -71.010734, 6.971289 ], [ -71.011429, 6.970991 ], [ -71.012741, 6.970348 ], [ -71.013405, 6.969981 ], [ -71.014099, 6.969567 ], [ -71.014694, 6.969178 ], [ -71.015365, 6.968833 ], [ -71.015984, 6.968442 ], [ -71.016701, 6.968328 ], [ -71.017548, 6.968351 ], [ -71.018242, 6.968467 ], [ -71.019073, 6.968742 ], [ -71.019692, 6.968973 ], [ -71.020386, 6.969317 ], [ -71.021195, 6.969731 ], [ -71.021698, 6.970145 ], [ -71.022225, 6.970788 ], [ -71.022781, 6.971225 ], [ -71.023193, 6.971731 ], [ -71.023682, 6.972213 ], [ -71.024208, 6.972902 ], [ -71.025085, 6.973179 ], [ -71.025848, 6.973409 ], [ -71.027207, 6.973891 ], [ -71.027824, 6.974144 ], [ -71.028496, 6.974283 ], [ -71.029274, 6.974467 ], [ -71.029922, 6.974697 ], [ -71.030495, 6.974996 ], [ -71.031166, 6.975409 ], [ -71.031975, 6.975846 ], [ -71.032547, 6.976122 ], [ -71.033241, 6.976513 ], [ -71.033974, 6.976788 ], [ -71.034714, 6.976973 ], [ -71.035454, 6.977065 ], [ -71.036140, 6.977088 ], [ -71.036835, 6.977135 ], [ -71.037590, 6.977204 ], [ -71.038284, 6.977273 ], [ -71.039070, 6.977387 ], [ -71.039711, 6.977525 ], [ -71.040405, 6.977687 ], [ -71.041229, 6.977939 ], [ -71.041969, 6.978147 ], [ -71.042824, 6.978308 ], [ -71.043693, 6.978353 ], [ -71.044342, 6.978400 ], [ -71.044983, 6.978424 ], [ -71.045792, 6.978401 ], [ -71.046532, 6.978355 ], [ -71.047333, 6.978401 ], [ -71.048096, 6.978540 ], [ -71.048874, 6.978240 ], [ -71.050446, 6.977897 ], [ -71.052513, 6.977759 ], [ -71.053208, 6.977783 ], [ -71.053970, 6.977968 ], [ -71.054634, 6.978105 ], [ -71.055229, 6.978358 ], [ -71.055992, 6.978634 ], [ -71.056709, 6.978772 ], [ -71.057419, 6.979093 ], [ -71.058067, 6.979208 ], [ -71.058800, 6.979415 ], [ -71.059494, 6.979668 ], [ -71.060257, 6.979761 ], [ -71.061058, 6.979623 ], [ -71.061821, 6.979416 ], [ -71.062462, 6.979187 ], [ -71.063110, 6.979049 ], [ -71.063797, 6.978934 ], [ -71.064423, 6.978774 ], [ -71.065155, 6.978544 ], [ -71.066589, 6.978040 ], [ -71.067390, 6.978108 ], [ -71.068245, 6.978407 ], [ -71.068932, 6.978821 ], [ -71.069580, 6.979280 ], [ -71.070755, 6.979832 ], [ -71.071358, 6.980131 ], [ -71.071976, 6.980292 ], [ -71.072739, 6.980315 ], [ -71.073448, 6.980361 ], [ -71.074234, 6.980086 ], [ -71.074875, 6.979604 ], [ -71.075661, 6.979075 ], [ -71.076393, 6.978525 ], [ -71.077545, 6.978157 ], [ -71.078308, 6.978135 ], [ -71.079048, 6.978249 ], [ -71.079735, 6.978594 ], [ -71.080383, 6.979032 ], [ -71.081024, 6.979514 ], [ -71.081581, 6.979950 ], [ -71.082108, 6.980341 ], [ -71.082779, 6.980754 ], [ -71.083489, 6.981168 ], [ -71.084228, 6.981489 ], [ -71.084870, 6.981536 ], [ -71.085609, 6.981559 ], [ -71.086441, 6.981513 ], [ -71.087174, 6.981307 ], [ -71.087982, 6.980916 ], [ -71.088882, 6.980320 ], [ -71.089523, 6.980136 ], [ -71.090401, 6.980297 ], [ -71.091019, 6.980664 ], [ -71.091530, 6.981147 ], [ -71.091896, 6.981812 ], [ -71.092522, 6.983192 ], [ -71.092773, 6.984019 ], [ -71.093285, 6.984593 ], [ -71.094017, 6.984938 ], [ -71.094666, 6.985167 ], [ -71.095284, 6.985490 ], [ -71.095909, 6.985789 ], [ -71.096527, 6.985995 ], [ -71.097244, 6.986156 ], [ -71.097961, 6.986364 ], [ -71.098602, 6.986409 ], [ -71.099365, 6.986547 ], [ -71.100189, 6.986661 ], [ -71.100975, 6.986823 ], [ -71.101669, 6.986847 ], [ -71.102333, 6.986892 ], [ -71.103096, 6.987168 ], [ -71.103851, 6.987467 ], [ -71.104546, 6.987650 ], [ -71.105187, 6.987858 ], [ -71.105858, 6.988019 ], [ -71.106575, 6.988111 ], [ -71.107307, 6.988180 ], [ -71.108162, 6.988249 ], [ -71.108826, 6.988318 ], [ -71.109428, 6.988594 ], [ -71.110146, 6.989008 ], [ -71.110764, 6.989284 ], [ -71.111435, 6.989445 ], [ -71.112099, 6.989696 ], [ -71.112724, 6.990018 ], [ -71.113251, 6.990524 ], [ -71.113556, 6.991282 ], [ -71.113556, 6.992316 ], [ -71.113441, 6.993028 ], [ -71.113045, 6.993718 ], [ -71.112656, 6.994222 ], [ -71.111946, 6.994774 ], [ -71.111389, 6.995187 ], [ -71.110451, 6.995762 ], [ -71.109642, 6.996428 ], [ -71.108833, 6.997254 ], [ -71.108261, 6.997760 ], [ -71.107758, 6.998242 ], [ -71.107269, 6.998954 ], [ -71.106857, 6.999780 ], [ -71.110237, 7.003116 ], [ -71.110268, 7.003944 ], [ -71.110458, 7.004908 ], [ -71.110786, 7.005824 ], [ -71.111206, 7.006580 ], [ -71.111557, 7.007382 ], [ -71.112023, 7.008253 ], [ -71.112533, 7.009237 ], [ -71.112633, 7.010132 ], [ -71.112106, 7.010849 ], [ -71.111122, 7.011040 ], [ -71.110473, 7.010447 ], [ -71.109825, 7.009761 ], [ -71.109306, 7.008891 ], [ -71.108887, 7.008044 ], [ -71.108185, 7.006301 ], [ -71.107696, 7.005478 ], [ -71.107094, 7.004655 ], [ -71.106239, 7.004385 ], [ -71.105278, 7.004484 ], [ -71.104332, 7.004697 ], [ -71.103622, 7.005138 ], [ -71.103058, 7.005832 ], [ -71.102623, 7.006731 ], [ -71.102402, 7.007629 ], [ -71.102341, 7.008572 ], [ -71.102493, 7.010479 ], [ -71.102699, 7.011420 ], [ -71.102982, 7.012291 ], [ -71.103584, 7.012862 ], [ -71.104324, 7.013408 ], [ -71.105133, 7.013839 ], [ -71.106102, 7.014155 ], [ -71.106957, 7.014355 ], [ -71.107811, 7.014372 ], [ -71.108864, 7.014274 ], [ -71.109787, 7.014266 ], [ -71.111076, 7.014304 ], [ -71.112244, 7.014204 ], [ -71.113785, 7.013917 ], [ -71.114754, 7.013956 ], [ -71.115624, 7.013974 ], [ -71.116501, 7.014128 ], [ -71.117355, 7.014513 ], [ -71.118256, 7.015081 ], [ -71.119018, 7.015604 ], [ -71.119782, 7.016174 ], [ -71.120499, 7.016605 ], [ -71.121285, 7.017289 ], [ -71.121864, 7.018158 ], [ -71.122146, 7.018939 ], [ -71.122315, 7.019810 ], [ -71.122345, 7.020730 ], [ -71.122398, 7.021763 ], [ -71.122315, 7.022638 ], [ -71.122322, 7.023672 ], [ -71.122253, 7.024569 ], [ -71.122284, 7.025419 ], [ -71.122452, 7.026314 ], [ -71.122437, 7.027142 ], [ -71.122681, 7.028864 ], [ -71.122864, 7.029713 ], [ -71.123642, 7.031455 ], [ -71.124573, 7.033241 ], [ -71.125267, 7.033971 ], [ -71.126701, 7.035088 ], [ -71.127854, 7.035563 ], [ -71.128662, 7.035832 ], [ -71.129532, 7.035826 ], [ -71.130638, 7.035726 ], [ -71.132751, 7.035551 ], [ -71.133766, 7.035520 ], [ -71.134590, 7.035515 ], [ -71.135628, 7.035461 ], [ -71.136757, 7.035522 ], [ -71.137886, 7.035630 ], [ -71.139610, 7.035663 ], [ -71.140854, 7.035609 ], [ -71.141724, 7.035487 ], [ -71.143516, 7.035199 ], [ -71.144409, 7.034779 ], [ -71.145165, 7.034223 ], [ -71.146034, 7.033434 ], [ -71.147339, 7.032298 ], [ -71.147957, 7.031744 ], [ -71.149513, 7.030537 ], [ -71.150360, 7.030095 ], [ -71.152077, 7.029531 ], [ -71.152977, 7.029409 ], [ -71.153915, 7.029357 ], [ -71.154770, 7.029374 ], [ -71.155853, 7.029412 ], [ -71.156723, 7.029452 ], [ -71.157600, 7.029446 ], [ -71.158585, 7.029370 ], [ -71.159553, 7.029363 ], [ -71.160660, 7.029332 ], [ -71.162338, 7.029321 ], [ -71.163414, 7.029151 ], [ -71.164429, 7.029052 ], [ -71.165481, 7.028907 ], [ -71.166565, 7.028716 ], [ -71.167625, 7.028616 ], [ -71.168449, 7.028542 ], [ -71.169304, 7.028535 ], [ -71.170151, 7.028598 ], [ -71.171066, 7.028247 ], [ -71.171875, 7.027805 ], [ -71.172653, 7.027454 ], [ -71.173523, 7.027104 ], [ -71.174599, 7.026706 ], [ -71.176392, 7.025980 ], [ -71.177216, 7.025629 ], [ -71.177994, 7.025164 ], [ -71.178772, 7.024860 ], [ -71.179756, 7.024415 ], [ -71.180657, 7.024111 ], [ -71.182404, 7.023799 ], [ -71.183273, 7.023678 ], [ -71.184151, 7.023672 ], [ -71.185158, 7.023757 ], [ -71.185989, 7.023613 ], [ -71.187019, 7.023331 ], [ -71.187958, 7.022910 ], [ -71.188950, 7.022558 ], [ -71.189819, 7.022460 ], [ -71.190903, 7.022590 ], [ -71.191643, 7.022999 ], [ -71.192612, 7.023520 ], [ -71.193329, 7.024112 ], [ -71.193977, 7.024751 ], [ -71.194466, 7.025461 ], [ -71.194977, 7.026147 ], [ -71.195625, 7.026716 ], [ -71.196617, 7.027169 ], [ -71.197494, 7.027369 ], [ -71.198547, 7.027454 ], [ -71.199562, 7.027263 ], [ -71.200317, 7.026774 ], [ -71.201027, 7.026196 ], [ -71.201828, 7.025638 ], [ -71.202698, 7.025080 ], [ -71.203682, 7.024568 ], [ -71.204552, 7.024078 ], [ -71.205353, 7.023498 ], [ -71.206062, 7.022941 ], [ -71.206932, 7.022521 ], [ -71.207992, 7.022284 ], [ -71.209068, 7.022253 ], [ -71.210083, 7.022361 ], [ -71.211998, 7.022761 ], [ -71.212967, 7.023168 ], [ -71.213700, 7.023553 ], [ -71.215340, 7.024483 ], [ -71.217010, 7.025621 ], [ -71.218605, 7.026597 ], [ -71.219597, 7.027371 ], [ -71.220245, 7.027918 ], [ -71.221306, 7.028486 ], [ -71.222160, 7.028916 ], [ -71.223084, 7.029300 ], [ -71.223961, 7.029546 ], [ -71.225754, 7.029993 ], [ -71.226631, 7.030147 ], [ -71.227486, 7.030211 ], [ -71.228424, 7.030158 ], [ -71.229439, 7.029989 ], [ -71.230240, 7.029640 ], [ -71.231018, 7.029335 ], [ -71.231705, 7.028756 ], [ -71.232224, 7.027832 ], [ -71.232567, 7.026933 ], [ -71.232719, 7.026082 ], [ -71.233139, 7.023321 ], [ -71.233627, 7.021524 ], [ -71.234238, 7.019498 ], [ -71.234573, 7.018737 ], [ -71.235031, 7.017975 ], [ -71.235642, 7.017212 ], [ -71.236397, 7.016494 ], [ -71.237152, 7.015914 ], [ -71.238419, 7.015929 ], [ -71.239082, 7.015395 ], [ -71.240005, 7.015411 ], [ -71.240853, 7.015497 ], [ -71.241707, 7.015628 ], [ -71.242607, 7.015829 ], [ -71.243484, 7.016122 ], [ -71.244309, 7.016552 ], [ -71.244888, 7.017146 ], [ -71.245583, 7.017807 ], [ -71.246139, 7.018424 ], [ -71.246582, 7.019133 ], [ -71.247024, 7.019865 ], [ -71.247627, 7.020504 ], [ -71.248398, 7.021212 ], [ -71.249107, 7.021803 ], [ -71.249893, 7.022165 ], [ -71.250725, 7.022412 ], [ -71.251602, 7.022543 ], [ -71.252777, 7.022604 ], [ -71.253807, 7.022643 ], [ -71.254753, 7.022727 ], [ -71.255654, 7.023021 ], [ -71.256325, 7.023543 ], [ -71.256973, 7.024251 ], [ -71.257393, 7.025076 ], [ -71.257721, 7.026084 ], [ -71.258049, 7.027001 ], [ -71.258377, 7.027848 ], [ -71.258613, 7.028698 ], [ -71.259010, 7.029591 ], [ -71.259567, 7.030437 ], [ -71.259994, 7.031331 ], [ -71.260483, 7.032201 ], [ -71.261017, 7.032840 ], [ -71.261574, 7.033456 ], [ -71.262291, 7.034072 ], [ -71.263054, 7.034595 ], [ -71.264137, 7.035001 ], [ -71.264961, 7.035064 ], [ -71.265861, 7.034874 ], [ -71.266685, 7.034569 ], [ -71.267418, 7.034150 ], [ -71.268173, 7.033730 ], [ -71.268883, 7.033288 ], [ -71.269661, 7.032731 ], [ -71.270325, 7.032129 ], [ -71.271034, 7.031457 ], [ -71.271881, 7.030784 ], [ -71.272614, 7.030342 ], [ -71.273529, 7.029853 ], [ -71.274330, 7.029502 ], [ -71.275337, 7.029197 ], [ -71.277268, 7.028837 ], [ -71.278282, 7.028624 ], [ -71.279198, 7.028410 ], [ -71.280067, 7.028150 ], [ -71.281632, 7.027702 ], [ -71.282532, 7.027811 ], [ -71.283470, 7.027941 ], [ -71.284325, 7.028073 ], [ -71.285340, 7.028273 ], [ -71.286308, 7.028450 ], [ -71.287247, 7.028603 ], [ -71.288055, 7.028805 ], [ -71.290039, 7.029134 ], [ -71.291054, 7.029334 ], [ -71.292153, 7.029555 ], [ -71.293053, 7.029756 ], [ -71.294159, 7.029977 ], [ -71.295311, 7.030268 ], [ -71.296211, 7.030560 ], [ -71.297066, 7.030761 ], [ -71.298218, 7.030821 ], [ -71.299110, 7.030653 ], [ -71.301132, 7.030293 ], [ -71.301933, 7.030036 ], [ -71.302948, 7.029706 ], [ -71.303749, 7.029355 ], [ -71.305183, 7.028242 ], [ -71.306168, 7.027338 ], [ -71.307037, 7.026390 ], [ -71.307579, 7.025742 ], [ -71.307945, 7.024889 ], [ -71.308395, 7.023966 ], [ -71.309059, 7.022928 ], [ -71.309692, 7.022072 ], [ -71.310493, 7.021170 ], [ -71.311317, 7.020705 ], [ -71.312302, 7.020054 ], [ -71.313011, 7.019612 ], [ -71.313812, 7.019260 ], [ -71.314728, 7.018955 ], [ -71.315559, 7.018788 ], [ -71.316475, 7.018713 ], [ -71.317329, 7.018753 ], [ -71.318321, 7.018837 ], [ -71.320534, 7.019396 ], [ -71.321404, 7.019640 ], [ -71.322304, 7.019795 ], [ -71.323273, 7.020133 ], [ -71.324173, 7.020402 ], [ -71.325279, 7.020578 ], [ -71.326103, 7.020595 ], [ -71.328270, 7.020578 ], [ -71.329300, 7.020640 ], [ -71.330315, 7.020747 ], [ -71.331146, 7.020925 ], [ -71.332153, 7.020987 ], [ -71.333900, 7.020744 ], [ -71.334778, 7.020530 ], [ -71.335602, 7.020294 ], [ -71.336449, 7.019874 ], [ -71.337364, 7.019683 ], [ -71.338333, 7.019608 ], [ -71.339203, 7.019509 ], [ -71.340126, 7.019387 ], [ -71.341301, 7.019287 ], [ -71.343185, 7.019319 ], [ -71.344215, 7.019403 ], [ -71.345467, 7.019623 ], [ -71.346313, 7.019755 ], [ -71.347122, 7.019978 ], [ -71.347977, 7.020409 ], [ -71.349106, 7.020883 ], [ -71.350235, 7.021403 ], [ -71.352562, 7.022121 ], [ -71.353668, 7.022366 ], [ -71.354546, 7.022428 ], [ -71.355423, 7.022445 ], [ -71.356270, 7.022438 ], [ -71.357102, 7.022500 ], [ -71.358017, 7.022425 ], [ -71.358940, 7.022303 ], [ -71.359787, 7.022067 ], [ -71.360611, 7.021808 ], [ -71.361526, 7.021410 ], [ -71.362335, 7.021175 ], [ -71.363365, 7.020891 ], [ -71.364258, 7.020723 ], [ -71.365318, 7.020463 ], [ -71.366165, 7.020296 ], [ -71.367111, 7.020128 ], [ -71.368141, 7.020028 ], [ -71.369385, 7.020019 ], [ -71.370209, 7.020036 ], [ -71.371269, 7.020257 ], [ -71.372078, 7.020481 ], [ -71.373161, 7.020749 ], [ -71.374245, 7.021200 ], [ -71.375168, 7.021699 ], [ -71.375931, 7.022130 ], [ -71.376831, 7.022697 ], [ -71.377594, 7.023404 ], [ -71.378204, 7.024181 ], [ -71.379646, 7.026491 ], [ -71.380203, 7.027337 ], [ -71.380669, 7.028138 ], [ -71.381180, 7.029076 ], [ -71.381531, 7.029947 ], [ -71.382637, 7.032788 ], [ -71.383194, 7.033749 ], [ -71.383865, 7.034479 ], [ -71.384590, 7.035071 ], [ -71.385277, 7.035548 ], [ -71.386086, 7.036025 ], [ -71.386986, 7.036501 ], [ -71.387863, 7.036862 ], [ -71.388717, 7.037246 ], [ -71.389618, 7.037584 ], [ -71.390495, 7.037876 ], [ -71.391601, 7.038259 ], [ -71.392502, 7.038757 ], [ -71.393379, 7.039095 ], [ -71.394188, 7.039457 ], [ -71.395065, 7.039864 ], [ -71.396309, 7.039831 ], [ -71.397224, 7.039825 ], [ -71.398079, 7.039795 ], [ -71.398994, 7.039650 ], [ -71.400055, 7.039320 ], [ -71.401886, 7.039053 ], [ -71.402809, 7.038840 ], [ -71.403908, 7.038648 ], [ -71.405747, 7.038450 ], [ -71.406693, 7.038465 ], [ -71.407562, 7.038528 ], [ -71.408485, 7.038544 ], [ -71.409408, 7.038514 ], [ -71.410667, 7.038389 ], [ -71.411797, 7.038497 ], [ -71.412789, 7.038695 ], [ -71.413643, 7.038964 ], [ -71.414520, 7.039257 ], [ -71.416519, 7.039724 ], [ -71.417442, 7.039900 ], [ -71.418274, 7.040031 ], [ -71.420502, 7.040429 ], [ -71.421539, 7.040535 ], [ -71.423424, 7.040521 ], [ -71.424278, 7.040468 ], [ -71.425263, 7.040277 ], [ -71.426132, 7.039902 ], [ -71.426819, 7.039438 ], [ -71.427528, 7.038858 ], [ -71.428123, 7.038279 ], [ -71.428742, 7.037632 ], [ -71.429306, 7.036914 ], [ -71.429901, 7.035944 ], [ -71.430305, 7.034792 ], [ -71.430549, 7.033756 ], [ -71.430931, 7.032927 ], [ -71.431343, 7.031843 ], [ -71.431770, 7.031036 ], [ -71.432388, 7.030204 ], [ -71.432884, 7.029419 ], [ -71.433594, 7.028609 ], [ -71.434372, 7.028074 ], [ -71.435356, 7.027791 ], [ -71.436394, 7.027646 ], [ -71.437240, 7.027708 ], [ -71.439056, 7.027740 ], [ -71.440002, 7.027778 ], [ -71.440948, 7.027863 ], [ -71.442001, 7.027786 ], [ -71.442848, 7.027388 ], [ -71.443581, 7.026924 ], [ -71.444473, 7.026250 ], [ -71.445366, 7.025186 ], [ -71.445862, 7.024425 ], [ -71.446342, 7.023570 ], [ -71.447815, 7.021329 ], [ -71.448296, 7.020408 ], [ -71.448654, 7.019624 ], [ -71.449150, 7.018379 ], [ -71.449646, 7.017433 ], [ -71.450378, 7.016646 ], [ -71.451248, 7.016042 ], [ -71.452392, 7.015412 ], [ -71.453285, 7.014877 ], [ -71.454132, 7.014503 ], [ -71.455139, 7.014127 ], [ -71.456108, 7.014029 ], [ -71.456932, 7.013861 ], [ -71.457878, 7.013739 ], [ -71.458862, 7.013755 ], [ -71.459762, 7.013724 ], [ -71.460586, 7.013764 ], [ -71.461510, 7.014077 ], [ -71.462227, 7.014647 ], [ -71.462921, 7.015285 ], [ -71.463547, 7.015969 ], [ -71.463905, 7.016726 ], [ -71.463982, 7.017759 ], [ -71.464081, 7.018677 ], [ -71.463921, 7.019598 ], [ -71.463745, 7.020403 ], [ -71.463501, 7.021256 ], [ -71.463326, 7.022130 ], [ -71.462845, 7.023144 ], [ -71.462395, 7.023998 ], [ -71.462105, 7.024874 ], [ -71.461830, 7.025749 ], [ -71.461586, 7.026601 ], [ -71.461365, 7.027453 ], [ -71.461372, 7.028441 ], [ -71.461403, 7.029383 ], [ -71.461479, 7.030210 ], [ -71.461792, 7.032115 ], [ -71.461983, 7.033031 ], [ -71.462219, 7.033972 ], [ -71.462616, 7.034912 ], [ -71.463219, 7.035757 ], [ -71.464058, 7.036486 ], [ -71.465050, 7.036960 ], [ -71.465858, 7.037231 ], [ -71.466843, 7.037338 ], [ -71.467697, 7.037285 ], [ -71.468750, 7.037277 ], [ -71.469719, 7.037062 ], [ -71.470497, 7.036713 ], [ -71.471710, 7.035899 ], [ -71.472374, 7.035227 ], [ -71.472984, 7.034441 ], [ -71.474053, 7.032618 ], [ -71.474533, 7.031856 ], [ -71.475029, 7.031093 ], [ -71.475533, 7.030423 ], [ -71.476028, 7.029707 ], [ -71.476715, 7.029104 ], [ -71.477333, 7.028479 ], [ -71.478020, 7.027922 ], [ -71.478928, 7.027203 ], [ -71.479820, 7.026392 ], [ -71.480530, 7.025926 ], [ -71.481468, 7.025344 ], [ -71.482361, 7.024924 ], [ -71.483185, 7.024504 ], [ -71.484863, 7.023825 ], [ -71.485710, 7.023633 ], [ -71.486542, 7.023627 ], [ -71.487366, 7.023344 ], [ -71.488258, 7.023177 ], [ -71.489204, 7.023217 ], [ -71.490997, 7.023524 ], [ -71.491783, 7.023954 ], [ -71.492683, 7.024500 ], [ -71.493447, 7.024975 ], [ -71.494164, 7.025545 ], [ -71.494950, 7.026136 ], [ -71.495667, 7.026843 ], [ -71.496346, 7.027664 ], [ -71.497040, 7.028440 ], [ -71.497620, 7.029171 ], [ -71.498245, 7.029741 ], [ -71.498726, 7.030566 ], [ -71.499779, 7.035214 ], [ -71.500298, 7.035710 ], [ -71.501091, 7.036028 ], [ -71.501900, 7.036141 ], [ -71.502632, 7.036160 ], [ -71.503372, 7.036155 ], [ -71.504082, 7.036128 ], [ -71.505493, 7.035841 ], [ -71.506325, 7.035724 ], [ -71.507225, 7.035609 ], [ -71.507965, 7.035490 ], [ -71.508911, 7.035376 ], [ -71.509560, 7.035278 ], [ -71.510254, 7.035019 ], [ -71.510887, 7.034760 ], [ -71.511582, 7.034501 ], [ -71.512329, 7.034151 ], [ -71.513046, 7.033895 ], [ -71.513718, 7.033728 ], [ -71.514366, 7.033675 ], [ -71.515030, 7.033599 ], [ -71.515770, 7.033458 ], [ -71.516442, 7.033291 ], [ -71.517990, 7.032985 ], [ -71.520371, 7.032608 ], [ -71.521042, 7.032510 ], [ -71.521668, 7.032388 ], [ -71.523033, 7.032055 ], [ -71.524605, 7.031819 ], [ -71.525391, 7.031723 ], [ -71.526360, 7.031679 ], [ -71.527054, 7.031605 ], [ -71.528038, 7.031538 ], [ -71.528938, 7.031491 ], [ -71.529678, 7.031509 ], [ -71.530411, 7.031505 ], [ -71.531929, 7.031545 ], [ -71.532639, 7.031701 ], [ -71.533302, 7.031946 ], [ -71.533958, 7.032331 ], [ -71.535164, 7.032890 ], [ -71.535843, 7.033345 ], [ -71.536591, 7.033777 ], [ -71.537796, 7.034337 ], [ -71.538360, 7.034742 ], [ -71.538994, 7.035149 ], [ -71.539543, 7.035439 ], [ -71.540154, 7.035707 ], [ -71.540909, 7.035933 ], [ -71.541450, 7.036292 ], [ -71.542023, 7.036513 ], [ -71.542938, 7.036697 ], [ -71.543785, 7.036788 ], [ -71.544548, 7.036899 ], [ -71.545441, 7.037082 ], [ -71.546242, 7.037103 ], [ -71.546867, 7.037073 ], [ -71.547554, 7.037021 ], [ -71.548363, 7.036902 ], [ -71.549126, 7.036762 ], [ -71.549820, 7.036572 ], [ -71.550476, 7.036198 ], [ -71.551201, 7.035757 ], [ -71.551765, 7.035357 ], [ -71.552940, 7.034444 ], [ -71.553970, 7.033596 ], [ -71.554909, 7.032930 ], [ -71.555725, 7.032491 ], [ -71.556656, 7.032077 ], [ -71.557472, 7.031661 ], [ -71.558052, 7.031354 ], [ -71.558731, 7.031049 ], [ -71.559311, 7.030742 ], [ -71.560028, 7.030576 ], [ -71.560768, 7.030571 ], [ -71.561600, 7.030409 ], [ -71.562294, 7.030150 ], [ -71.562996, 7.029937 ], [ -71.563690, 7.029679 ], [ -71.564270, 7.029418 ], [ -71.565018, 7.029024 ], [ -71.565926, 7.028678 ], [ -71.566590, 7.028579 ], [ -71.567329, 7.028507 ], [ -71.568626, 7.028264 ], [ -71.570175, 7.028027 ], [ -71.570801, 7.027950 ], [ -71.571579, 7.027833 ], [ -71.572251, 7.027757 ], [ -71.573036, 7.027708 ], [ -71.573975, 7.027777 ], [ -71.574715, 7.027796 ], [ -71.575493, 7.027793 ], [ -71.576393, 7.027770 ], [ -71.577156, 7.027789 ], [ -71.577774, 7.027874 ], [ -71.578529, 7.027892 ], [ -71.580185, 7.028026 ], [ -71.580849, 7.028111 ], [ -71.581719, 7.028272 ], [ -71.582359, 7.028402 ], [ -71.583000, 7.028579 ], [ -71.583588, 7.028893 ], [ -71.584251, 7.029232 ], [ -71.584907, 7.029524 ], [ -71.586204, 7.030155 ], [ -71.586746, 7.030582 ], [ -71.587242, 7.030986 ], [ -71.588257, 7.031931 ], [ -71.588654, 7.032515 ], [ -71.588913, 7.033259 ], [ -71.588974, 7.034502 ], [ -71.588951, 7.035305 ], [ -71.588867, 7.035970 ], [ -71.588829, 7.036775 ], [ -71.588715, 7.037393 ], [ -71.588470, 7.037983 ], [ -71.588295, 7.038624 ], [ -71.588097, 7.039308 ], [ -71.587807, 7.039921 ], [ -71.587425, 7.040486 ], [ -71.587196, 7.041171 ], [ -71.586906, 7.041807 ], [ -71.586769, 7.042493 ], [ -71.586571, 7.043201 ], [ -71.586502, 7.044004 ], [ -71.586472, 7.045314 ], [ -71.586433, 7.046003 ], [ -71.586639, 7.046836 ], [ -71.586899, 7.047485 ], [ -71.587227, 7.048184 ], [ -71.587425, 7.048764 ], [ -71.587219, 7.049494 ], [ -71.587044, 7.050250 ], [ -71.586975, 7.051006 ], [ -71.586983, 7.051650 ], [ -71.587013, 7.052317 ], [ -71.587105, 7.053033 ], [ -71.587250, 7.053795 ], [ -71.587509, 7.054399 ], [ -71.587883, 7.055053 ], [ -71.588516, 7.055574 ], [ -71.589127, 7.055958 ], [ -71.589745, 7.056203 ], [ -71.590454, 7.056451 ], [ -71.591064, 7.056743 ], [ -71.591728, 7.057104 ], [ -71.592339, 7.057418 ], [ -71.592934, 7.057571 ], [ -71.593552, 7.057771 ], [ -71.594238, 7.057925 ], [ -71.594879, 7.058011 ], [ -71.595520, 7.057982 ], [ -71.596260, 7.057839 ], [ -71.597610, 7.057389 ], [ -71.598190, 7.057105 ], [ -71.599640, 7.056313 ], [ -71.600342, 7.055826 ], [ -71.600860, 7.055402 ], [ -71.601349, 7.054977 ], [ -71.601982, 7.054488 ], [ -71.602615, 7.054044 ], [ -71.603340, 7.053579 ], [ -71.603951, 7.053088 ], [ -71.604446, 7.052549 ], [ -71.604942, 7.052033 ], [ -71.605347, 7.051560 ], [ -71.605919, 7.050976 ], [ -71.606575, 7.050395 ], [ -71.607094, 7.049833 ], [ -71.608086, 7.048847 ], [ -71.608673, 7.048356 ], [ -71.609306, 7.047935 ], [ -71.609840, 7.047603 ], [ -71.610611, 7.047186 ], [ -71.611267, 7.046857 ], [ -71.612152, 7.046489 ], [ -71.614349, 7.046016 ], [ -71.615181, 7.045898 ], [ -71.615845, 7.045983 ], [ -71.617180, 7.046063 ], [ -71.618530, 7.046235 ], [ -71.619232, 7.046528 ], [ -71.619804, 7.046841 ], [ -71.620461, 7.047180 ], [ -71.621056, 7.047448 ], [ -71.621498, 7.047988 ], [ -71.621902, 7.048504 ], [ -71.622399, 7.048999 ], [ -71.623123, 7.050190 ], [ -71.623505, 7.050683 ], [ -71.623932, 7.051198 ], [ -71.624443, 7.051856 ], [ -71.624962, 7.052397 ], [ -71.625504, 7.052733 ], [ -71.625900, 7.053226 ], [ -71.626938, 7.054079 ], [ -71.628075, 7.054913 ], [ -71.628799, 7.055367 ], [ -71.629501, 7.055615 ], [ -71.630180, 7.056069 ], [ -71.630821, 7.056407 ], [ -71.631416, 7.056561 ], [ -71.632103, 7.056669 ], [ -71.633430, 7.056703 ], [ -71.634171, 7.056813 ], [ -71.634926, 7.056901 ], [ -71.635635, 7.057079 ], [ -71.636299, 7.057257 ], [ -71.637146, 7.057370 ], [ -71.637901, 7.057435 ], [ -71.638687, 7.057432 ], [ -71.639351, 7.057471 ], [ -71.640091, 7.057444 ], [ -71.641540, 7.057343 ], [ -71.642258, 7.057269 ], [ -71.642883, 7.057077 ], [ -71.643722, 7.056730 ], [ -71.644981, 7.056118 ], [ -71.645561, 7.055902 ], [ -71.646187, 7.055596 ], [ -71.646843, 7.055314 ], [ -71.647377, 7.055005 ], [ -71.648499, 7.054229 ], [ -71.648972, 7.053827 ], [ -71.649353, 7.053330 ], [ -71.650505, 7.052187 ], [ -71.651024, 7.051648 ], [ -71.651596, 7.050995 ], [ -71.651932, 7.050476 ], [ -71.652290, 7.049956 ], [ -71.652649, 7.049459 ], [ -71.653458, 7.048169 ], [ -71.653892, 7.047374 ], [ -71.654305, 7.046718 ], [ -71.655182, 7.045453 ], [ -71.655548, 7.044794 ], [ -71.655800, 7.043835 ], [ -71.655998, 7.042484 ], [ -71.656174, 7.041799 ], [ -71.656311, 7.040997 ], [ -71.656372, 7.040286 ], [ -71.656372, 7.039482 ], [ -71.656341, 7.038836 ], [ -71.656189, 7.038236 ], [ -71.655884, 7.037653 ], [ -71.655296, 7.037339 ], [ -71.654732, 7.036842 ], [ -71.654312, 7.036211 ], [ -71.653862, 7.035717 ], [ -71.653366, 7.035152 ], [ -71.652924, 7.034704 ], [ -71.652519, 7.034234 ], [ -71.652046, 7.033602 ], [ -71.651558, 7.033107 ], [ -71.651085, 7.032590 ], [ -71.650566, 7.032071 ], [ -71.649651, 7.031082 ], [ -71.649223, 7.030519 ], [ -71.648735, 7.029956 ], [ -71.648331, 7.029416 ], [ -71.647888, 7.028716 ], [ -71.647537, 7.028178 ], [ -71.647163, 7.027410 ], [ -71.646950, 7.026830 ], [ -71.646782, 7.026158 ], [ -71.646637, 7.025466 ], [ -71.646561, 7.024797 ], [ -71.646576, 7.024176 ], [ -71.646683, 7.023512 ], [ -71.646980, 7.022830 ], [ -71.647522, 7.022407 ], [ -71.648102, 7.022099 ], [ -71.648704, 7.021862 ], [ -71.649353, 7.021716 ], [ -71.650047, 7.021642 ], [ -71.651337, 7.021445 ], [ -71.652191, 7.021466 ], [ -71.652924, 7.021646 ], [ -71.654472, 7.022167 ], [ -71.655159, 7.022415 ], [ -71.655800, 7.022545 ], [ -71.656487, 7.022769 ], [ -71.657219, 7.022948 ], [ -71.657898, 7.023333 ], [ -71.658417, 7.023691 ], [ -71.659004, 7.024119 ], [ -71.659477, 7.024523 ], [ -71.659996, 7.024926 ], [ -71.660492, 7.025330 ], [ -71.661034, 7.025711 ], [ -71.661552, 7.026368 ], [ -71.661835, 7.026972 ], [ -71.662094, 7.027624 ], [ -71.662239, 7.028317 ], [ -71.662437, 7.029585 ], [ -71.662651, 7.030258 ], [ -71.663361, 7.032321 ], [ -71.663620, 7.032903 ], [ -71.664139, 7.034158 ], [ -71.664330, 7.034738 ], [ -71.664619, 7.035319 ], [ -71.664879, 7.035878 ], [ -71.665749, 7.037072 ], [ -71.666244, 7.037475 ], [ -71.666924, 7.037929 ], [ -71.668129, 7.038602 ], [ -71.668671, 7.038960 ], [ -71.669235, 7.039228 ], [ -71.670609, 7.039791 ], [ -71.672112, 7.040197 ], [ -71.672867, 7.040285 ], [ -71.674202, 7.040272 ], [ -71.674873, 7.040174 ], [ -71.675476, 7.040028 ], [ -71.676193, 7.039839 ], [ -71.676819, 7.039717 ], [ -71.677444, 7.039663 ], [ -71.678047, 7.039517 ], [ -71.678825, 7.039445 ], [ -71.682282, 7.039531 ], [ -71.683037, 7.039458 ], [ -71.683823, 7.039409 ], [ -71.684517, 7.039380 ], [ -71.685318, 7.039377 ], [ -71.685989, 7.039394 ], [ -71.686653, 7.039387 ], [ -71.687408, 7.039453 ], [ -71.688278, 7.039612 ], [ -71.688942, 7.039789 ], [ -71.689606, 7.040059 ], [ -71.690269, 7.040305 ], [ -71.690994, 7.040760 ], [ -71.691696, 7.041146 ], [ -71.692261, 7.041504 ], [ -71.692917, 7.041935 ], [ -71.693893, 7.042397 ], [ -71.694740, 7.042854 ], [ -71.695511, 7.043149 ], [ -71.696243, 7.043374 ], [ -71.696922, 7.043667 ], [ -71.697723, 7.044033 ], [ -71.698288, 7.044275 ], [ -71.698952, 7.044430 ], [ -71.699593, 7.044561 ], [ -71.700310, 7.044580 ], [ -71.701004, 7.044481 ], [ -71.701721, 7.044338 ], [ -71.703102, 7.044097 ], [ -71.703774, 7.044090 ], [ -71.704437, 7.044107 ], [ -71.705177, 7.044011 ], [ -71.706818, 7.043638 ], [ -71.707497, 7.043378 ], [ -71.708283, 7.043031 ], [ -71.709053, 7.042659 ], [ -71.710007, 7.042177 ], [ -71.711266, 7.041496 ], [ -71.711830, 7.041211 ], [ -71.713058, 7.040873 ], [ -71.713837, 7.041077 ], [ -71.714447, 7.041322 ], [ -71.715752, 7.041630 ], [ -71.716507, 7.041833 ], [ -71.717148, 7.042033 ], [ -71.717712, 7.042369 ], [ -71.718162, 7.042954 ], [ -71.718597, 7.043724 ], [ -71.718834, 7.044626 ], [ -71.719025, 7.045298 ], [ -71.719048, 7.046173 ], [ -71.719010, 7.046839 ], [ -71.718834, 7.047431 ], [ -71.718544, 7.047998 ], [ -71.718246, 7.048612 ], [ -71.718071, 7.049230 ], [ -71.717918, 7.049938 ], [ -71.717491, 7.051467 ], [ -71.717194, 7.052173 ], [ -71.716965, 7.052995 ], [ -71.716950, 7.053777 ], [ -71.716995, 7.054719 ], [ -71.717072, 7.055365 ], [ -71.717102, 7.056056 ], [ -71.717018, 7.057594 ], [ -71.717117, 7.058262 ], [ -71.717354, 7.058867 ], [ -71.717445, 7.059651 ], [ -71.717499, 7.060296 ], [ -71.717598, 7.061126 ], [ -71.717575, 7.061976 ], [ -71.717537, 7.062687 ], [ -71.717468, 7.063352 ], [ -71.717430, 7.064019 ], [ -71.717300, 7.064636 ], [ -71.717354, 7.065373 ], [ -71.717468, 7.066273 ], [ -71.717613, 7.067081 ], [ -71.717499, 7.067837 ], [ -71.717484, 7.068595 ], [ -71.717552, 7.069309 ], [ -71.717697, 7.069980 ], [ -71.718025, 7.070908 ], [ -71.718422, 7.071400 ], [ -71.718872, 7.071872 ], [ -71.719368, 7.072320 ], [ -71.719841, 7.072792 ], [ -71.720406, 7.073151 ], [ -71.721115, 7.073421 ], [ -71.721794, 7.073668 ], [ -71.723145, 7.074047 ], [ -71.723900, 7.074112 ], [ -71.724655, 7.074246 ], [ -71.725418, 7.074287 ], [ -71.726181, 7.074237 ], [ -71.726891, 7.074140 ], [ -71.728394, 7.073855 ], [ -71.729027, 7.073617 ], [ -71.729813, 7.073293 ], [ -71.730377, 7.072985 ], [ -71.730805, 7.072398 ], [ -71.731140, 7.071671 ], [ -71.731300, 7.070938 ], [ -71.731415, 7.070090 ], [ -71.731453, 7.069401 ], [ -71.731750, 7.068513 ], [ -71.731957, 7.067621 ], [ -71.732208, 7.066776 ], [ -71.732574, 7.065981 ], [ -71.732818, 7.065229 ], [ -71.733047, 7.064361 ], [ -71.733437, 7.063635 ], [ -71.733818, 7.063070 ], [ -71.734154, 7.062435 ], [ -71.734490, 7.061913 ], [ -71.734871, 7.061257 ], [ -71.735779, 7.059947 ], [ -71.737274, 7.058074 ], [ -71.737816, 7.057674 ], [ -71.738632, 7.057327 ], [ -71.739418, 7.057139 ], [ -71.740181, 7.056929 ], [ -71.740921, 7.056855 ], [ -71.742371, 7.056890 ], [ -71.743195, 7.056980 ], [ -71.743836, 7.057134 ], [ -71.744949, 7.057783 ], [ -71.745842, 7.058862 ], [ -71.746826, 7.059898 ], [ -71.747345, 7.060393 ], [ -71.747978, 7.060731 ], [ -71.749634, 7.060956 ], [ -71.750397, 7.060859 ], [ -71.751106, 7.060740 ], [ -71.751770, 7.060872 ], [ -71.752258, 7.061665 ], [ -71.752571, 7.062270 ], [ -71.752693, 7.062895 ], [ -71.752625, 7.063606 ], [ -71.752586, 7.064340 ], [ -71.752457, 7.064935 ], [ -71.752052, 7.065408 ], [ -71.751404, 7.065737 ], [ -71.750771, 7.065974 ], [ -71.750130, 7.066095 ], [ -71.749390, 7.066261 ], [ -71.748734, 7.066544 ], [ -71.747894, 7.066868 ], [ -71.747246, 7.067196 ], [ -71.746590, 7.067640 ], [ -71.746002, 7.068177 ], [ -71.745407, 7.068852 ], [ -71.745003, 7.069371 ], [ -71.744507, 7.069956 ], [ -71.744011, 7.070633 ], [ -71.742615, 7.072254 ], [ -71.742279, 7.072798 ], [ -71.741920, 7.073295 ], [ -71.741508, 7.073997 ], [ -71.741173, 7.074517 ], [ -71.740730, 7.075726 ], [ -71.740448, 7.077810 ], [ -71.740502, 7.078524 ], [ -71.740601, 7.079169 ], [ -71.741508, 7.080595 ], [ -71.741867, 7.081131 ], [ -71.742470, 7.081699 ], [ -71.743202, 7.081901 ], [ -71.743896, 7.081849 ], [ -71.744637, 7.081523 ], [ -71.745430, 7.081221 ], [ -71.746147, 7.080871 ], [ -71.746780, 7.080610 ], [ -71.747475, 7.080352 ], [ -71.748100, 7.080137 ], [ -71.748680, 7.079922 ], [ -71.749458, 7.080079 ], [ -71.750030, 7.080369 ], [ -71.750709, 7.080754 ], [ -71.751297, 7.081137 ], [ -71.752380, 7.081923 ], [ -71.752922, 7.082349 ], [ -71.753464, 7.082823 ], [ -71.753914, 7.083247 ], [ -71.754387, 7.083787 ], [ -71.754807, 7.084351 ], [ -71.755211, 7.084843 ], [ -71.755615, 7.085381 ], [ -71.756081, 7.085968 ], [ -71.756477, 7.086621 ], [ -71.756928, 7.087138 ], [ -71.757469, 7.087474 ], [ -71.758110, 7.087765 ], [ -71.758751, 7.087896 ], [ -71.759461, 7.087867 ], [ -71.760315, 7.087866 ], [ -71.760964, 7.087560 ], [ -71.761643, 7.087071 ], [ -71.761986, 7.086482 ], [ -71.761932, 7.085607 ], [ -71.761841, 7.084777 ], [ -71.761696, 7.084130 ], [ -71.761688, 7.083440 ], [ -71.761521, 7.082723 ], [ -71.761360, 7.081915 ], [ -71.761024, 7.081308 ], [ -71.760559, 7.080653 ], [ -71.760094, 7.080067 ], [ -71.759689, 7.079482 ], [ -71.759155, 7.078825 ], [ -71.758682, 7.078377 ], [ -71.758148, 7.077697 ], [ -71.757873, 7.076770 ], [ -71.757706, 7.076123 ], [ -71.757789, 7.075503 ], [ -71.757851, 7.074793 ], [ -71.758118, 7.074179 ], [ -71.758774, 7.072770 ], [ -71.759346, 7.072117 ], [ -71.760399, 7.071200 ], [ -71.761414, 7.070236 ], [ -71.761909, 7.069813 ], [ -71.762497, 7.069390 ], [ -71.763031, 7.069036 ], [ -71.763550, 7.068658 ], [ -71.764198, 7.068375 ], [ -71.764915, 7.068117 ], [ -71.765732, 7.067929 ], [ -71.766495, 7.067789 ], [ -71.767143, 7.067598 ], [ -71.767746, 7.067359 ], [ -71.768349, 7.067053 ], [ -71.768890, 7.066744 ], [ -71.769470, 7.066321 ], [ -71.770134, 7.065787 ], [ -71.770576, 7.065315 ], [ -71.771194, 7.064732 ], [ -71.771759, 7.064103 ], [ -71.772781, 7.062886 ], [ -71.773209, 7.062391 ], [ -71.773750, 7.061808 ], [ -71.774284, 7.061475 ], [ -71.774910, 7.061330 ], [ -71.775604, 7.061209 ], [ -71.776291, 7.061203 ], [ -71.777008, 7.061313 ], [ -71.777641, 7.061490 ], [ -71.778213, 7.061756 ], [ -71.778969, 7.062005 ], [ -71.780197, 7.062495 ], [ -71.781044, 7.062815 ], [ -71.781769, 7.063017 ], [ -71.782532, 7.063151 ], [ -71.783173, 7.063235 ], [ -71.783814, 7.063344 ], [ -71.784592, 7.063408 ], [ -71.786179, 7.063402 ], [ -71.786820, 7.063579 ], [ -71.787544, 7.064010 ], [ -71.788109, 7.064415 ], [ -71.788582, 7.065070 ], [ -71.788971, 7.065930 ], [ -71.789345, 7.066699 ], [ -71.789513, 7.067299 ], [ -71.789566, 7.067990 ], [ -71.789711, 7.068800 ], [ -71.789948, 7.069450 ], [ -71.790138, 7.070051 ], [ -71.790329, 7.070723 ], [ -71.790497, 7.071417 ], [ -71.790710, 7.072135 ], [ -71.790970, 7.072784 ], [ -71.791481, 7.073326 ], [ -71.792236, 7.073712 ], [ -71.792969, 7.073800 ], [ -71.793709, 7.073473 ], [ -71.794464, 7.072871 ], [ -71.794914, 7.072331 ], [ -71.795159, 7.071647 ], [ -71.795319, 7.070777 ], [ -71.795433, 7.069998 ], [ -71.795631, 7.069244 ], [ -71.795761, 7.068604 ], [ -71.795898, 7.067826 ], [ -71.796242, 7.066960 ], [ -71.796532, 7.066325 ], [ -71.796913, 7.065713 ], [ -71.797417, 7.065128 ], [ -71.797958, 7.064567 ], [ -71.798546, 7.064052 ], [ -71.799133, 7.063630 ], [ -71.799805, 7.063211 ], [ -71.800369, 7.062947 ], [ -71.801109, 7.062667 ], [ -71.801689, 7.062474 ], [ -71.802963, 7.062231 ], [ -71.803657, 7.062109 ], [ -71.804390, 7.062036 ], [ -71.805016, 7.061959 ], [ -71.805633, 7.061928 ], [ -71.806259, 7.061852 ], [ -71.806908, 7.061661 ], [ -71.807533, 7.061447 ], [ -71.808113, 7.061231 ], [ -71.808723, 7.060947 ], [ -71.809303, 7.060639 ], [ -71.809799, 7.060261 ], [ -71.810517, 7.059843 ], [ -71.811035, 7.059487 ], [ -71.811645, 7.059111 ], [ -71.812225, 7.058712 ], [ -71.812790, 7.058382 ], [ -71.813438, 7.058030 ], [ -71.814186, 7.057772 ], [ -71.814972, 7.057653 ], [ -71.815987, 7.057517 ], [ -71.816651, 7.057510 ], [ -71.817390, 7.057552 ], [ -71.818100, 7.057500 ], [ -71.818863, 7.057496 ], [ -71.819603, 7.057445 ], [ -71.820244, 7.057278 ], [ -71.820991, 7.056997 ], [ -71.821640, 7.056623 ], [ -71.822159, 7.056221 ], [ -71.822655, 7.055820 ], [ -71.823295, 7.055077 ], [ -71.823700, 7.054466 ], [ -71.824013, 7.053900 ], [ -71.824348, 7.053264 ], [ -71.824890, 7.051852 ], [ -71.824997, 7.051165 ], [ -71.825089, 7.050339 ], [ -71.825035, 7.049695 ], [ -71.824776, 7.048172 ], [ -71.824402, 7.047174 ], [ -71.824051, 7.046567 ], [ -71.823792, 7.045917 ], [ -71.823555, 7.045290 ], [ -71.823318, 7.044526 ], [ -71.822685, 7.043200 ], [ -71.822334, 7.042571 ], [ -71.822044, 7.041965 ], [ -71.821854, 7.041294 ], [ -71.821762, 7.040511 ], [ -71.821800, 7.038834 ], [ -71.821869, 7.038122 ], [ -71.821976, 7.037390 ], [ -71.822128, 7.036681 ], [ -71.822380, 7.036066 ], [ -71.822693, 7.035476 ], [ -71.823074, 7.034819 ], [ -71.823387, 7.034252 ], [ -71.823822, 7.033573 ], [ -71.824509, 7.032601 ], [ -71.825005, 7.032154 ], [ -71.825729, 7.031712 ], [ -71.826385, 7.031245 ], [ -71.827042, 7.030571 ], [ -71.828148, 7.029611 ], [ -71.828781, 7.029098 ], [ -71.829391, 7.028653 ], [ -71.830002, 7.028162 ], [ -71.830498, 7.027715 ], [ -71.831078, 7.027384 ], [ -71.831688, 7.027009 ], [ -71.832245, 7.026723 ], [ -71.833153, 7.026401 ], [ -71.833938, 7.026283 ], [ -71.834724, 7.026048 ], [ -71.835419, 7.025881 ], [ -71.836205, 7.025741 ], [ -71.836876, 7.025597 ], [ -71.837685, 7.025409 ], [ -71.839126, 7.024824 ], [ -71.839706, 7.024631 ], [ -71.840378, 7.024395 ], [ -71.841118, 7.024184 ], [ -71.841881, 7.024042 ], [ -71.842483, 7.023896 ], [ -71.843132, 7.023819 ], [ -71.843750, 7.023789 ], [ -71.844490, 7.023784 ], [ -71.845200, 7.023686 ], [ -71.845917, 7.023566 ], [ -71.846657, 7.023470 ], [ -71.847671, 7.023541 ], [ -71.848358, 7.023649 ], [ -71.849022, 7.023712 ], [ -71.849640, 7.023750 ], [ -71.850540, 7.023773 ], [ -71.851181, 7.023765 ], [ -71.851852, 7.023782 ], [ -71.852539, 7.023753 ], [ -71.853302, 7.023748 ], [ -71.853974, 7.023604 ], [ -71.854645, 7.023275 ], [ -71.855202, 7.023014 ], [ -71.855789, 7.022614 ], [ -71.856422, 7.022239 ], [ -71.857681, 7.021466 ], [ -71.858498, 7.021071 ], [ -71.859192, 7.020835 ], [ -71.859795, 7.020713 ], [ -71.860374, 7.020474 ], [ -71.860954, 7.020282 ], [ -71.861580, 7.020205 ], [ -71.862198, 7.020335 ], [ -71.862854, 7.020558 ], [ -71.863541, 7.020875 ], [ -71.864296, 7.021099 ], [ -71.864952, 7.021345 ], [ -71.865593, 7.021546 ], [ -71.866211, 7.021676 ], [ -71.866951, 7.021646 ], [ -71.867569, 7.021548 ], [ -71.868217, 7.021334 ], [ -71.869080, 7.021171 ], [ -71.870484, 7.020953 ], [ -71.871254, 7.020626 ], [ -71.872574, 7.020130 ], [ -71.873924, 7.019681 ], [ -71.874565, 7.019536 ], [ -71.875191, 7.019436 ], [ -71.876121, 7.019137 ], [ -71.876724, 7.018922 ], [ -71.877373, 7.018800 ], [ -71.878044, 7.018632 ], [ -71.878716, 7.018488 ], [ -71.879341, 7.018274 ], [ -71.880173, 7.018041 ], [ -71.881096, 7.017903 ], [ -71.881813, 7.017899 ], [ -71.882401, 7.018073 ], [ -71.883568, 7.018608 ], [ -71.884300, 7.018672 ], [ -71.884987, 7.018712 ], [ -71.885635, 7.018682 ], [ -71.886459, 7.018633 ], [ -71.887314, 7.018493 ], [ -71.888008, 7.018303 ], [ -71.888779, 7.018046 ], [ -71.890076, 7.017733 ], [ -71.890862, 7.017499 ], [ -71.891670, 7.017335 ], [ -71.892357, 7.017375 ], [ -71.893257, 7.017467 ], [ -71.894104, 7.017464 ], [ -71.894775, 7.017366 ], [ -71.896461, 7.017178 ], [ -71.897316, 7.017060 ], [ -71.898094, 7.017056 ], [ -71.898872, 7.017145 ], [ -71.899498, 7.017137 ], [ -71.900208, 7.017108 ], [ -71.900925, 7.017126 ], [ -71.901955, 7.017221 ], [ -71.902641, 7.017352 ], [ -71.903473, 7.017419 ], [ -71.904205, 7.017437 ], [ -71.904938, 7.017500 ], [ -71.905701, 7.017473 ], [ -71.906464, 7.017423 ], [ -71.907150, 7.017347 ], [ -71.907799, 7.017133 ], [ -71.908608, 7.016992 ], [ -71.909393, 7.017012 ], [ -71.910080, 7.017098 ], [ -71.910744, 7.017205 ], [ -71.911392, 7.017221 ], [ -71.912056, 7.017215 ], [ -71.912773, 7.017072 ], [ -71.913399, 7.016994 ], [ -71.913994, 7.016871 ], [ -71.914688, 7.016819 ], [ -71.915634, 7.016682 ], [ -71.916283, 7.016628 ], [ -71.916900, 7.016482 ], [ -71.917526, 7.016384 ], [ -71.918243, 7.016240 ], [ -71.919029, 7.016098 ], [ -71.919678, 7.015954 ], [ -71.920349, 7.015855 ], [ -71.920990, 7.015824 ], [ -71.921593, 7.015678 ], [ -71.922241, 7.015672 ], [ -71.922974, 7.015735 ], [ -71.924301, 7.015975 ], [ -71.925056, 7.016062 ], [ -71.925926, 7.016199 ], [ -71.926727, 7.016379 ], [ -71.927414, 7.016511 ], [ -71.928040, 7.016595 ], [ -71.928772, 7.016612 ], [ -71.929504, 7.016607 ], [ -71.930313, 7.016535 ], [ -71.931145, 7.016395 ], [ -71.932602, 7.016178 ], [ -71.933472, 7.016198 ], [ -71.934258, 7.016241 ], [ -71.934898, 7.016234 ], [ -71.936516, 7.016159 ], [ -71.937637, 7.016140 ], [ -71.939362, 7.016182 ], [ -71.940193, 7.016225 ], [ -71.940811, 7.016218 ], [ -71.941666, 7.016170 ], [ -71.942589, 7.016100 ], [ -71.943420, 7.016027 ], [ -71.944404, 7.016007 ], [ -71.945877, 7.015927 ], [ -71.946800, 7.015950 ], [ -71.947701, 7.015903 ], [ -71.949173, 7.015732 ], [ -71.949890, 7.015612 ], [ -71.950745, 7.015380 ], [ -71.951904, 7.015087 ], [ -71.952621, 7.014944 ], [ -71.953293, 7.014822 ], [ -71.953987, 7.014655 ], [ -71.954910, 7.014378 ], [ -71.955513, 7.014233 ], [ -71.956413, 7.014139 ], [ -71.957176, 7.014043 ], [ -71.957779, 7.013919 ], [ -71.958405, 7.013773 ], [ -71.959534, 7.013710 ], [ -71.960404, 7.013800 ], [ -71.961891, 7.014020 ], [ -71.962624, 7.014107 ], [ -71.963776, 7.014204 ], [ -71.964417, 7.014173 ], [ -71.965157, 7.014237 ], [ -71.966347, 7.014221 ], [ -71.967644, 7.014161 ], [ -71.968513, 7.014181 ], [ -71.969437, 7.014112 ], [ -71.970154, 7.013968 ], [ -71.971077, 7.013830 ], [ -71.971718, 7.013801 ], [ -71.972481, 7.013818 ], [ -71.973762, 7.013964 ], [ -71.974609, 7.014078 ], [ -71.975411, 7.014258 ], [ -71.976334, 7.014349 ], [ -71.976974, 7.014479 ], [ -71.977798, 7.014500 ], [ -71.978470, 7.014469 ], [ -71.979340, 7.014468 ], [ -71.980217, 7.014444 ], [ -71.981918, 7.014301 ], [ -71.982658, 7.014181 ], [ -71.983490, 7.013971 ], [ -71.985390, 7.013558 ], [ -71.986382, 7.013375 ], [ -71.987259, 7.013189 ], [ -71.987930, 7.013069 ], [ -71.988853, 7.012885 ], [ -71.989891, 7.012772 ], [ -71.990585, 7.012743 ], [ -71.992310, 7.012623 ], [ -71.993118, 7.012596 ], [ -71.994034, 7.012734 ], [ -71.994682, 7.012796 ], [ -71.995529, 7.012908 ], [ -71.996284, 7.013041 ], [ -71.999199, 7.014147 ], [ -71.999748, 7.014762 ], [ -72.000427, 7.015268 ], [ -72.001076, 7.015922 ], [ -72.001984, 7.017002 ], [ -72.002739, 7.017677 ], [ -72.003471, 7.018138 ], [ -72.004234, 7.018576 ], [ -72.005127, 7.018899 ], [ -72.006187, 7.019154 ], [ -72.007019, 7.019409 ], [ -72.008766, 7.019871 ], [ -72.009735, 7.020056 ], [ -72.010559, 7.020149 ], [ -72.011505, 7.020427 ], [ -72.012192, 7.020819 ], [ -72.012932, 7.021372 ], [ -72.013779, 7.021879 ], [ -72.014473, 7.022569 ], [ -72.014839, 7.023352 ], [ -72.015251, 7.024272 ], [ -72.015732, 7.025008 ], [ -72.016121, 7.025767 ], [ -72.016655, 7.026641 ], [ -72.017365, 7.027493 ], [ -72.017853, 7.028229 ], [ -72.018425, 7.028783 ], [ -72.019203, 7.029174 ], [ -72.019920, 7.029520 ], [ -72.020912, 7.030051 ], [ -72.021782, 7.030489 ], [ -72.022591, 7.030858 ], [ -72.023735, 7.031549 ], [ -72.024567, 7.032079 ], [ -72.025299, 7.032471 ], [ -72.026176, 7.032979 ], [ -72.027100, 7.033393 ], [ -72.027946, 7.033877 ], [ -72.028664, 7.034361 ], [ -72.029465, 7.034868 ], [ -72.030411, 7.035444 ], [ -72.031143, 7.035997 ], [ -72.031906, 7.036367 ], [ -72.033607, 7.037334 ], [ -72.034370, 7.037796 ], [ -72.035789, 7.038901 ], [ -72.036461, 7.039385 ], [ -72.037911, 7.040352 ], [ -72.038712, 7.040975 ], [ -72.039383, 7.041458 ], [ -72.040398, 7.041873 ], [ -72.041725, 7.042129 ], [ -72.042694, 7.042452 ], [ -72.043617, 7.042844 ], [ -72.044533, 7.043029 ], [ -72.045616, 7.043399 ], [ -72.046280, 7.043886 ], [ -72.151955, 7.228911 ], [ -72.168175, 7.256301 ], [ -72.169434, 7.259014 ], [ -72.169518, 7.259659 ], [ -72.169685, 7.260399 ], [ -72.170128, 7.261466 ], [ -72.170845, 7.262400 ], [ -72.171936, 7.263111 ], [ -72.172500, 7.263653 ], [ -72.172859, 7.264396 ], [ -72.172378, 7.265419 ], [ -72.171951, 7.266078 ], [ -72.171440, 7.267217 ], [ -72.170906, 7.267528 ], [ -72.170342, 7.267976 ], [ -72.169991, 7.268474 ], [ -72.169678, 7.269181 ], [ -72.169456, 7.269843 ], [ -72.169258, 7.270643 ], [ -72.169220, 7.271516 ], [ -72.169342, 7.272277 ], [ -72.169418, 7.272899 ], [ -72.169312, 7.273564 ], [ -72.169029, 7.274109 ], [ -72.168442, 7.274741 ], [ -72.167969, 7.275146 ], [ -72.167381, 7.275777 ], [ -72.167183, 7.276440 ], [ -72.167008, 7.277195 ], [ -72.166931, 7.277837 ], [ -72.167107, 7.279289 ], [ -72.167305, 7.279959 ], [ -72.167358, 7.280788 ], [ -72.167305, 7.283270 ], [ -72.167381, 7.283984 ], [ -72.167580, 7.284586 ], [ -72.168152, 7.285930 ], [ -72.168182, 7.286714 ], [ -72.168121, 7.287378 ], [ -72.168083, 7.288320 ], [ -72.168068, 7.289033 ], [ -72.168083, 7.289654 ], [ -72.168304, 7.291014 ], [ -72.168747, 7.292173 ], [ -72.169098, 7.292824 ], [ -72.169380, 7.293979 ], [ -72.169235, 7.295332 ], [ -72.168846, 7.296405 ], [ -72.168602, 7.297204 ], [ -72.168213, 7.298277 ], [ -72.167946, 7.298893 ], [ -72.167587, 7.299529 ], [ -72.167137, 7.300301 ], [ -72.166710, 7.300890 ], [ -72.166306, 7.301388 ], [ -72.165787, 7.302205 ], [ -72.165520, 7.302774 ], [ -72.165207, 7.303595 ], [ -72.165001, 7.304579 ], [ -72.164848, 7.305427 ], [ -72.164604, 7.305996 ], [ -72.164085, 7.306745 ], [ -72.163475, 7.307467 ], [ -72.162705, 7.308073 ], [ -72.161667, 7.308948 ], [ -72.161194, 7.309582 ], [ -72.160820, 7.310218 ], [ -72.160507, 7.310878 ], [ -72.160172, 7.311515 ], [ -72.159859, 7.312083 ], [ -72.159531, 7.313479 ], [ -72.159355, 7.314303 ], [ -72.159012, 7.315284 ], [ -72.158607, 7.316034 ], [ -72.158180, 7.316601 ], [ -72.157799, 7.317397 ], [ -72.157577, 7.318151 ], [ -72.157318, 7.319525 ], [ -72.157234, 7.320167 ], [ -72.157242, 7.320972 ], [ -72.157395, 7.322631 ], [ -72.157524, 7.323299 ], [ -72.157532, 7.323990 ], [ -72.157020, 7.325221 ], [ -72.156593, 7.325970 ], [ -72.155952, 7.327130 ], [ -72.155304, 7.328358 ], [ -72.154541, 7.329538 ], [ -72.154045, 7.330218 ], [ -72.153740, 7.330740 ], [ -72.153473, 7.331355 ], [ -72.153389, 7.332020 ], [ -72.153427, 7.332641 ], [ -72.153252, 7.333433 ], [ -72.154312, 7.334550 ], [ -72.154701, 7.335033 ], [ -72.155144, 7.335541 ], [ -72.155579, 7.336001 ], [ -72.156105, 7.336508 ], [ -72.156563, 7.336922 ], [ -72.156998, 7.337497 ], [ -72.157440, 7.337934 ], [ -72.158470, 7.338329 ], [ -72.159050, 7.338743 ], [ -72.159622, 7.339181 ], [ -72.160401, 7.340194 ], [ -72.161293, 7.341161 ], [ -72.161804, 7.341783 ], [ -72.162285, 7.342197 ], [ -72.162834, 7.342612 ], [ -72.163315, 7.343003 ], [ -72.164055, 7.343465 ], [ -72.165176, 7.344340 ], [ -72.165733, 7.344871 ], [ -72.166237, 7.345263 ], [ -72.166763, 7.345607 ], [ -72.168259, 7.346807 ], [ -72.168808, 7.347152 ], [ -72.169472, 7.347521 ], [ -72.170051, 7.347960 ], [ -72.170624, 7.348650 ], [ -72.170990, 7.350534 ], [ -72.171265, 7.351270 ], [ -72.171417, 7.351982 ], [ -72.171883, 7.352488 ], [ -72.173836, 7.352677 ], [ -72.174271, 7.353276 ], [ -72.174705, 7.353759 ], [ -72.175049, 7.354449 ], [ -72.175232, 7.355047 ], [ -72.175697, 7.355576 ], [ -72.176018, 7.356174 ], [ -72.176544, 7.356474 ], [ -72.177071, 7.356820 ], [ -72.177620, 7.357418 ], [ -72.178452, 7.358293 ], [ -72.179138, 7.358616 ], [ -72.179810, 7.359169 ], [ -72.179939, 7.359789 ], [ -72.179664, 7.360386 ], [ -72.179459, 7.360960 ], [ -72.179573, 7.361694 ], [ -72.179848, 7.362362 ], [ -72.180214, 7.363005 ], [ -72.181221, 7.364064 ], [ -72.181518, 7.364594 ], [ -72.181839, 7.365398 ], [ -72.182091, 7.366110 ], [ -72.182686, 7.367444 ], [ -72.182892, 7.368042 ], [ -72.183235, 7.368778 ], [ -72.183464, 7.369398 ], [ -72.183762, 7.369973 ], [ -72.184036, 7.370549 ], [ -72.184402, 7.371123 ], [ -72.185066, 7.372364 ], [ -72.185364, 7.373008 ], [ -72.185524, 7.373697 ], [ -72.185616, 7.374410 ], [ -72.185845, 7.375214 ], [ -72.186027, 7.375904 ], [ -72.186348, 7.376503 ], [ -72.186691, 7.377031 ], [ -72.187012, 7.377605 ], [ -72.188164, 7.378205 ], [ -72.188667, 7.378712 ], [ -72.189308, 7.379013 ], [ -72.190483, 7.379750 ], [ -72.191353, 7.380763 ], [ -72.191933, 7.381109 ], [ -72.192459, 7.381570 ], [ -72.192688, 7.382191 ], [ -72.192963, 7.382742 ], [ -72.193329, 7.383317 ], [ -72.193649, 7.383870 ], [ -72.194039, 7.384468 ], [ -72.193275, 7.385567 ], [ -72.192955, 7.386095 ], [ -72.193024, 7.386715 ], [ -72.193436, 7.387313 ], [ -72.193939, 7.387728 ], [ -72.194634, 7.387937 ], [ -72.195389, 7.388053 ], [ -72.195923, 7.388376 ], [ -72.196449, 7.388676 ], [ -72.196998, 7.389067 ], [ -72.197739, 7.389299 ], [ -72.198425, 7.389095 ], [ -72.199142, 7.388844 ], [ -72.199875, 7.388639 ], [ -72.200638, 7.388894 ], [ -72.201050, 7.389353 ], [ -72.201507, 7.389975 ], [ -72.202019, 7.390528 ], [ -72.202728, 7.390346 ], [ -72.203400, 7.390209 ], [ -72.204018, 7.390257 ], [ -72.204781, 7.390283 ], [ -72.205399, 7.390398 ], [ -72.205933, 7.390813 ], [ -72.206367, 7.391319 ], [ -72.208115, 7.392013 ], [ -72.208344, 7.392610 ], [ -72.208298, 7.393253 ], [ -72.208473, 7.393920 ], [ -72.209007, 7.394219 ], [ -72.209717, 7.394451 ], [ -72.211792, 7.394387 ], [ -72.212341, 7.394664 ], [ -72.212639, 7.395263 ], [ -72.213165, 7.395814 ], [ -72.213837, 7.396138 ], [ -72.214478, 7.396002 ], [ -72.215103, 7.395957 ], [ -72.215721, 7.396304 ], [ -72.216210, 7.396718 ], [ -72.216827, 7.396857 ], [ -72.217445, 7.396928 ], [ -72.218094, 7.397044 ], [ -72.219429, 7.397048 ], [ -72.220230, 7.397027 ], [ -72.221596, 7.397122 ], [ -72.222237, 7.397009 ], [ -72.222877, 7.396873 ], [ -72.223549, 7.396646 ], [ -72.224358, 7.396417 ], [ -72.225067, 7.396144 ], [ -72.225670, 7.395984 ], [ -72.226341, 7.395688 ], [ -72.227005, 7.395229 ], [ -72.227654, 7.394703 ], [ -72.228271, 7.394360 ], [ -72.229546, 7.393766 ], [ -72.230255, 7.393677 ], [ -72.231087, 7.393679 ], [ -72.231728, 7.393703 ], [ -72.232422, 7.393751 ], [ -72.233131, 7.393845 ], [ -72.233848, 7.393916 ], [ -72.234467, 7.393893 ], [ -72.235092, 7.393895 ], [ -72.235870, 7.393782 ], [ -72.236519, 7.393807 ], [ -72.237137, 7.393808 ], [ -72.237831, 7.393742 ], [ -72.238472, 7.393651 ], [ -72.239853, 7.393424 ], [ -72.240456, 7.393197 ], [ -72.241539, 7.392465 ], [ -72.243363, 7.391390 ], [ -72.243958, 7.391139 ], [ -72.244789, 7.390842 ], [ -72.245872, 7.390317 ], [ -72.246795, 7.389285 ], [ -72.247093, 7.388689 ], [ -72.247330, 7.388048 ], [ -72.247719, 7.387475 ], [ -72.248161, 7.386970 ], [ -72.248856, 7.385135 ], [ -72.249130, 7.384539 ], [ -72.249359, 7.383919 ], [ -72.249619, 7.383346 ], [ -72.250076, 7.382772 ], [ -72.250771, 7.382636 ], [ -72.251846, 7.383421 ], [ -72.252563, 7.383285 ], [ -72.253212, 7.382987 ], [ -72.253693, 7.382598 ], [ -72.254227, 7.382117 ], [ -72.254982, 7.381752 ], [ -72.255585, 7.381891 ], [ -72.256111, 7.382306 ], [ -72.257355, 7.382859 ], [ -72.258545, 7.383620 ], [ -72.259789, 7.383715 ], [ -72.260414, 7.383717 ], [ -72.260941, 7.384086 ], [ -72.261467, 7.384431 ], [ -72.262093, 7.384707 ], [ -72.262939, 7.385674 ], [ -72.263512, 7.385974 ], [ -72.264069, 7.386251 ], [ -72.264755, 7.386208 ], [ -72.265289, 7.385726 ], [ -72.266304, 7.384948 ], [ -72.266975, 7.384583 ], [ -72.267708, 7.384378 ], [ -72.268334, 7.384379 ], [ -72.268951, 7.384450 ], [ -72.269592, 7.384566 ], [ -72.270172, 7.384797 ], [ -72.271484, 7.385374 ], [ -72.272194, 7.385559 ], [ -72.272957, 7.385722 ], [ -72.273758, 7.385839 ], [ -72.274384, 7.385979 ], [ -72.275627, 7.385958 ], [ -72.276268, 7.385937 ], [ -72.276886, 7.385939 ], [ -72.277557, 7.386077 ], [ -72.278221, 7.386240 ], [ -72.278801, 7.386448 ], [ -72.279419, 7.386702 ], [ -72.280022, 7.386933 ], [ -72.280617, 7.387210 ], [ -72.281166, 7.387602 ], [ -72.282662, 7.388593 ], [ -72.283165, 7.389008 ], [ -72.283722, 7.389513 ], [ -72.284248, 7.389929 ], [ -72.284935, 7.390344 ], [ -72.285538, 7.390575 ], [ -72.286179, 7.390667 ], [ -72.286804, 7.390784 ], [ -72.287353, 7.391083 ], [ -72.287903, 7.391567 ], [ -72.288689, 7.392626 ], [ -72.289238, 7.392994 ], [ -72.289902, 7.393272 ], [ -72.290665, 7.393366 ], [ -72.291282, 7.393183 ], [ -72.291862, 7.392817 ], [ -72.292412, 7.392520 ], [ -72.293083, 7.392314 ], [ -72.294418, 7.392158 ], [ -72.295662, 7.392252 ], [ -72.296280, 7.392322 ], [ -72.296860, 7.392575 ], [ -72.297455, 7.393060 ], [ -72.298096, 7.393520 ], [ -72.298721, 7.393752 ], [ -72.300102, 7.394053 ], [ -72.300697, 7.393847 ], [ -72.301392, 7.393482 ], [ -72.302635, 7.392704 ], [ -72.303306, 7.392338 ], [ -72.304039, 7.391903 ], [ -72.305077, 7.391171 ], [ -72.306160, 7.390370 ], [ -72.306671, 7.390005 ], [ -72.307243, 7.389638 ], [ -72.307732, 7.389112 ], [ -72.307915, 7.388515 ], [ -72.308121, 7.387895 ], [ -72.308403, 7.387345 ], [ -72.308769, 7.386749 ], [ -72.308952, 7.386153 ], [ -72.309555, 7.385051 ], [ -72.310112, 7.384548 ], [ -72.310593, 7.384159 ], [ -72.311127, 7.383793 ], [ -72.311745, 7.383495 ], [ -72.312943, 7.383153 ], [ -72.313522, 7.382856 ], [ -72.314117, 7.382513 ], [ -72.314743, 7.382194 ], [ -72.315918, 7.381554 ], [ -72.317299, 7.381029 ], [ -72.317947, 7.380823 ], [ -72.318588, 7.380435 ], [ -72.319237, 7.379978 ], [ -72.320458, 7.379359 ], [ -72.321098, 7.379064 ], [ -72.322395, 7.378561 ], [ -72.323128, 7.378425 ], [ -72.323822, 7.378495 ], [ -72.324486, 7.378612 ], [ -72.325249, 7.378774 ], [ -72.325684, 7.379257 ], [ -72.326027, 7.380497 ], [ -72.326416, 7.381119 ], [ -72.326874, 7.381671 ], [ -72.327400, 7.382062 ], [ -72.327888, 7.382523 ], [ -72.328346, 7.383028 ], [ -72.328941, 7.383283 ], [ -72.329658, 7.383445 ], [ -72.330254, 7.383814 ], [ -72.330597, 7.384344 ], [ -72.331009, 7.384802 ], [ -72.332253, 7.385448 ], [ -72.332756, 7.385955 ], [ -72.333748, 7.386898 ], [ -72.334160, 7.387358 ], [ -72.335930, 7.389453 ], [ -72.336365, 7.389935 ], [ -72.336800, 7.390488 ], [ -72.337418, 7.391040 ], [ -72.338043, 7.391156 ], [ -72.338730, 7.390997 ], [ -72.339699, 7.391734 ], [ -72.340019, 7.392354 ], [ -72.340660, 7.392655 ], [ -72.341240, 7.393000 ], [ -72.342247, 7.393806 ], [ -72.343239, 7.394659 ], [ -72.343811, 7.395095 ], [ -72.344826, 7.395947 ], [ -72.345489, 7.396201 ], [ -72.346710, 7.396778 ], [ -72.347260, 7.397123 ], [ -72.347969, 7.397607 ], [ -72.348595, 7.397678 ], [ -72.349304, 7.397634 ], [ -72.349998, 7.397773 ], [ -72.350479, 7.398256 ], [ -72.350937, 7.398693 ], [ -72.351448, 7.399107 ], [ -72.352020, 7.399384 ], [ -72.352829, 7.399409 ], [ -72.353424, 7.399227 ], [ -72.354645, 7.398931 ], [ -72.355888, 7.398361 ], [ -72.357224, 7.397674 ], [ -72.358421, 7.397080 ], [ -72.359070, 7.396806 ], [ -72.359665, 7.396646 ], [ -72.360931, 7.396741 ], [ -72.361648, 7.396926 ], [ -72.362221, 7.397203 ], [ -72.362869, 7.397387 ], [ -72.363556, 7.397504 ], [ -72.364685, 7.397966 ], [ -72.365234, 7.398221 ], [ -72.365928, 7.398475 ], [ -72.366592, 7.398522 ], [ -72.367287, 7.398706 ], [ -72.367996, 7.398938 ], [ -72.368805, 7.399216 ], [ -72.369629, 7.399791 ], [ -72.370270, 7.400183 ], [ -72.370758, 7.400597 ], [ -72.371376, 7.400919 ], [ -72.372086, 7.401036 ], [ -72.372803, 7.401198 ], [ -72.374687, 7.401455 ], [ -72.375313, 7.401411 ], [ -72.375954, 7.401343 ], [ -72.376694, 7.401207 ], [ -72.378166, 7.400959 ], [ -72.379066, 7.400798 ], [ -72.379753, 7.400594 ], [ -72.380356, 7.400343 ], [ -72.381020, 7.399999 ], [ -72.381622, 7.399633 ], [ -72.382156, 7.399199 ], [ -72.382614, 7.398764 ], [ -72.383095, 7.398191 ], [ -72.384247, 7.397711 ], [ -72.384941, 7.397689 ], [ -72.385651, 7.397783 ], [ -72.386825, 7.398107 ], [ -72.388947, 7.398501 ], [ -72.389748, 7.398572 ], [ -72.390671, 7.398620 ], [ -72.391289, 7.398690 ], [ -72.392166, 7.398761 ], [ -72.392883, 7.398901 ], [ -72.393684, 7.399017 ], [ -72.394493, 7.399110 ], [ -72.395111, 7.399204 ], [ -72.395760, 7.399343 ], [ -72.396515, 7.399528 ], [ -72.397164, 7.399529 ], [ -72.398491, 7.399785 ], [ -72.399986, 7.400040 ], [ -72.400772, 7.400042 ], [ -72.401604, 7.400066 ], [ -72.402336, 7.400206 ], [ -72.403076, 7.400414 ], [ -72.403671, 7.400599 ], [ -72.404381, 7.400807 ], [ -72.405098, 7.400946 ], [ -72.405815, 7.400994 ], [ -72.406525, 7.401018 ], [ -72.407929, 7.401206 ], [ -72.408524, 7.401320 ], [ -72.409195, 7.401506 ], [ -72.410019, 7.401646 ], [ -72.410690, 7.401807 ], [ -72.411377, 7.402107 ], [ -72.412094, 7.402476 ], [ -72.413155, 7.402736 ], [ -72.412849, 7.403625 ], [ -72.412781, 7.404475 ], [ -72.412178, 7.405783 ], [ -72.411858, 7.406562 ], [ -72.411530, 7.408077 ], [ -72.411484, 7.408720 ], [ -72.411293, 7.409546 ], [ -72.410950, 7.410142 ], [ -72.410515, 7.410578 ], [ -72.409866, 7.410966 ], [ -72.409149, 7.411286 ], [ -72.408394, 7.411492 ], [ -72.407608, 7.411949 ], [ -72.406433, 7.413071 ], [ -72.405784, 7.413437 ], [ -72.405189, 7.413735 ], [ -72.404541, 7.414079 ], [ -72.403969, 7.414283 ], [ -72.403366, 7.414465 ], [ -72.402725, 7.414418 ], [ -72.401917, 7.414233 ], [ -72.401161, 7.413910 ], [ -72.400589, 7.413702 ], [ -72.400009, 7.413472 ], [ -72.399368, 7.413424 ], [ -72.398743, 7.413514 ], [ -72.397179, 7.414016 ], [ -72.396462, 7.414222 ], [ -72.395752, 7.414220 ], [ -72.395035, 7.414150 ], [ -72.394348, 7.413895 ], [ -72.393745, 7.413550 ], [ -72.393196, 7.413273 ], [ -72.392624, 7.412996 ], [ -72.392021, 7.412743 ], [ -72.391266, 7.412718 ], [ -72.390572, 7.412877 ], [ -72.389931, 7.413106 ], [ -72.389328, 7.413471 ], [ -72.388824, 7.414068 ], [ -72.387505, 7.414891 ], [ -72.386772, 7.415280 ], [ -72.386063, 7.415688 ], [ -72.384926, 7.415643 ], [ -72.384262, 7.415665 ], [ -72.383408, 7.415709 ], [ -72.382072, 7.416050 ], [ -72.380737, 7.416507 ], [ -72.380119, 7.416780 ], [ -72.379562, 7.417101 ], [ -72.378891, 7.417605 ], [ -72.378296, 7.418131 ], [ -72.377716, 7.418590 ], [ -72.376984, 7.419024 ], [ -72.376404, 7.419344 ], [ -72.375618, 7.419848 ], [ -72.374977, 7.420167 ], [ -72.374260, 7.420465 ], [ -72.373482, 7.420716 ], [ -72.372208, 7.421103 ], [ -72.371544, 7.421239 ], [ -72.370735, 7.421467 ], [ -72.370003, 7.421696 ], [ -72.369148, 7.421717 ], [ -72.367951, 7.421691 ], [ -72.367287, 7.422080 ], [ -72.366013, 7.422904 ], [ -72.365326, 7.423545 ], [ -72.364746, 7.423888 ], [ -72.363968, 7.424162 ], [ -72.363365, 7.424299 ], [ -72.362747, 7.424204 ], [ -72.361870, 7.423974 ], [ -72.360535, 7.423534 ], [ -72.359268, 7.422935 ], [ -72.358513, 7.422611 ], [ -72.357796, 7.422358 ], [ -72.357063, 7.422149 ], [ -72.356346, 7.422102 ], [ -72.355751, 7.422284 ], [ -72.354484, 7.422465 ], [ -72.353630, 7.422303 ], [ -72.352760, 7.422117 ], [ -72.352020, 7.421817 ], [ -72.351425, 7.421563 ], [ -72.350777, 7.421309 ], [ -72.350113, 7.421147 ], [ -72.349304, 7.421008 ], [ -72.348228, 7.420913 ], [ -72.347603, 7.420888 ], [ -72.346893, 7.420841 ], [ -72.345276, 7.420884 ], [ -72.344658, 7.420974 ], [ -72.344010, 7.421134 ], [ -72.343323, 7.421384 ], [ -72.342606, 7.421727 ], [ -72.341988, 7.422093 ], [ -72.341522, 7.422551 ], [ -72.341064, 7.423170 ], [ -72.340713, 7.423743 ], [ -72.340370, 7.424409 ], [ -72.340111, 7.424982 ], [ -72.339836, 7.425808 ], [ -72.339531, 7.427071 ], [ -72.339394, 7.427851 ], [ -72.339142, 7.428492 ], [ -72.338936, 7.429112 ], [ -72.338722, 7.429800 ], [ -72.338516, 7.430397 ], [ -72.337799, 7.431360 ], [ -72.337082, 7.431519 ], [ -72.335769, 7.431286 ], [ -72.335243, 7.430963 ], [ -72.334442, 7.430617 ], [ -72.333816, 7.430387 ], [ -72.333153, 7.429972 ], [ -72.332321, 7.429649 ], [ -72.331451, 7.429532 ], [ -72.330780, 7.429530 ], [ -72.330139, 7.429460 ], [ -72.329468, 7.429297 ], [ -72.328873, 7.429182 ], [ -72.328224, 7.428974 ], [ -72.327400, 7.428879 ], [ -72.326775, 7.429176 ], [ -72.326225, 7.429474 ], [ -72.325646, 7.429749 ], [ -72.324905, 7.430481 ], [ -72.324654, 7.431262 ], [ -72.324333, 7.432522 ], [ -72.323937, 7.433050 ], [ -72.323524, 7.433531 ], [ -72.322693, 7.434632 ], [ -72.321655, 7.435617 ], [ -72.321053, 7.436213 ], [ -72.320640, 7.436718 ], [ -72.320107, 7.437313 ], [ -72.319595, 7.437839 ], [ -72.318977, 7.438114 ], [ -72.318237, 7.438250 ], [ -72.317642, 7.438065 ], [ -72.316925, 7.437741 ], [ -72.315689, 7.437142 ], [ -72.315041, 7.436681 ], [ -72.314514, 7.436358 ], [ -72.313896, 7.436150 ], [ -72.313225, 7.435988 ], [ -72.312492, 7.435734 ], [ -72.311913, 7.435503 ], [ -72.311180, 7.435249 ], [ -72.310532, 7.435178 ], [ -72.309708, 7.435176 ], [ -72.309059, 7.435152 ], [ -72.308395, 7.435173 ], [ -72.307633, 7.435332 ], [ -72.307060, 7.435561 ], [ -72.306252, 7.435972 ], [ -72.305145, 7.436452 ], [ -72.304359, 7.436496 ], [ -72.303787, 7.436288 ], [ -72.303238, 7.435828 ], [ -72.301949, 7.434332 ], [ -72.301399, 7.433895 ], [ -72.301079, 7.433366 ], [ -72.300942, 7.432769 ], [ -72.300178, 7.431779 ], [ -72.299629, 7.431250 ], [ -72.299080, 7.430790 ], [ -72.298523, 7.430467 ], [ -72.297951, 7.430235 ], [ -72.297264, 7.430027 ], [ -72.296478, 7.429888 ], [ -72.295487, 7.429726 ], [ -72.294617, 7.429562 ], [ -72.293762, 7.429561 ], [ -72.293022, 7.429604 ], [ -72.292152, 7.429602 ], [ -72.291435, 7.429462 ], [ -72.290054, 7.429299 ], [ -72.289391, 7.429205 ], [ -72.288582, 7.429134 ], [ -72.287201, 7.429131 ], [ -72.286491, 7.429038 ], [ -72.285774, 7.429036 ], [ -72.285088, 7.429287 ], [ -72.284462, 7.429654 ], [ -72.283928, 7.430065 ], [ -72.282844, 7.430775 ], [ -72.282318, 7.431232 ], [ -72.281807, 7.431645 ], [ -72.281303, 7.432079 ], [ -72.280655, 7.432376 ], [ -72.280014, 7.432536 ], [ -72.279205, 7.432534 ], [ -72.278473, 7.432349 ], [ -72.277893, 7.432026 ], [ -72.277161, 7.431679 ], [ -72.276512, 7.431287 ], [ -72.275986, 7.430942 ], [ -72.275345, 7.430458 ], [ -72.274811, 7.430112 ], [ -72.274101, 7.429881 ], [ -72.273598, 7.429513 ], [ -72.273018, 7.429120 ], [ -72.272583, 7.428614 ], [ -72.271851, 7.428429 ], [ -72.271065, 7.428496 ], [ -72.270310, 7.428494 ], [ -72.269066, 7.428262 ], [ -72.268394, 7.428076 ], [ -72.267731, 7.427868 ], [ -72.267128, 7.427637 ], [ -72.266602, 7.427314 ], [ -72.265892, 7.426899 ], [ -72.265175, 7.426599 ], [ -72.264397, 7.426391 ], [ -72.263634, 7.426205 ], [ -72.262230, 7.426179 ], [ -72.261513, 7.426246 ], [ -72.260292, 7.426816 ], [ -72.259628, 7.427320 ], [ -72.258102, 7.428832 ], [ -72.257591, 7.429290 ], [ -72.256996, 7.429932 ], [ -72.256393, 7.430551 ], [ -72.255913, 7.430940 ], [ -72.255310, 7.431237 ], [ -72.254738, 7.431465 ], [ -72.253449, 7.430957 ], [ -72.252800, 7.430450 ], [ -72.252296, 7.430104 ], [ -72.251495, 7.429643 ], [ -72.250870, 7.429366 ], [ -72.250183, 7.429089 ], [ -72.249443, 7.428995 ], [ -72.248825, 7.429017 ], [ -72.248199, 7.429015 ], [ -72.247581, 7.429036 ], [ -72.246361, 7.428643 ], [ -72.245697, 7.428526 ], [ -72.244385, 7.427926 ], [ -72.243714, 7.427925 ], [ -72.243118, 7.428084 ], [ -72.242515, 7.428358 ], [ -72.241318, 7.428516 ], [ -72.240700, 7.428882 ], [ -72.240029, 7.429408 ], [ -72.239525, 7.429820 ], [ -72.238503, 7.430552 ], [ -72.237930, 7.430895 ], [ -72.237282, 7.431147 ], [ -72.236572, 7.431466 ], [ -72.235283, 7.431854 ], [ -72.234017, 7.432034 ], [ -72.233253, 7.432009 ], [ -72.232590, 7.431733 ], [ -72.231804, 7.431432 ], [ -72.230698, 7.430855 ], [ -72.230125, 7.430624 ], [ -72.229508, 7.430531 ], [ -72.228859, 7.430460 ], [ -72.228172, 7.430436 ], [ -72.227570, 7.430618 ], [ -72.226578, 7.431441 ], [ -72.226097, 7.431992 ], [ -72.225517, 7.432702 ], [ -72.225006, 7.433390 ], [ -72.224594, 7.434032 ], [ -72.223785, 7.435040 ], [ -72.223274, 7.435544 ], [ -72.222794, 7.435980 ], [ -72.222168, 7.436437 ], [ -72.221390, 7.436595 ], [ -72.220719, 7.436617 ], [ -72.220009, 7.436684 ], [ -72.219338, 7.436660 ], [ -72.218666, 7.436428 ], [ -72.218094, 7.435966 ], [ -72.217590, 7.435415 ], [ -72.216812, 7.434426 ], [ -72.216301, 7.433942 ], [ -72.215797, 7.433504 ], [ -72.215225, 7.433113 ], [ -72.214691, 7.432812 ], [ -72.214096, 7.432650 ], [ -72.213386, 7.432442 ], [ -72.212669, 7.432348 ], [ -72.212074, 7.431933 ], [ -72.211617, 7.431381 ], [ -72.210671, 7.430599 ], [ -72.209404, 7.429607 ], [ -72.209038, 7.429032 ], [ -72.208740, 7.428228 ], [ -72.208580, 7.427539 ], [ -72.208351, 7.426872 ], [ -72.208008, 7.426206 ], [ -72.207619, 7.425631 ], [ -72.207184, 7.425101 ], [ -72.206543, 7.424548 ], [ -72.205940, 7.424202 ], [ -72.205299, 7.424040 ], [ -72.203781, 7.423852 ], [ -72.203133, 7.423805 ], [ -72.202423, 7.423826 ], [ -72.201088, 7.424144 ], [ -72.199799, 7.424163 ], [ -72.199127, 7.423841 ], [ -72.198647, 7.423357 ], [ -72.198555, 7.423213 ], [ -72.198326, 7.422828 ], [ -72.198075, 7.422230 ], [ -72.197800, 7.421472 ], [ -72.197227, 7.420827 ], [ -72.196716, 7.420482 ], [ -72.196121, 7.420159 ], [ -72.195427, 7.419881 ], [ -72.194626, 7.419764 ], [ -72.193954, 7.419739 ], [ -72.193268, 7.419738 ], [ -72.192482, 7.419690 ], [ -72.191704, 7.419550 ], [ -72.190941, 7.419318 ], [ -72.190323, 7.418720 ], [ -72.189819, 7.417938 ], [ -72.189522, 7.417386 ], [ -72.189201, 7.416833 ], [ -72.188255, 7.415914 ], [ -72.187775, 7.415360 ], [ -72.187157, 7.413935 ], [ -72.186790, 7.413406 ], [ -72.185203, 7.411886 ], [ -72.184219, 7.410896 ], [ -72.183548, 7.410412 ], [ -72.182884, 7.409997 ], [ -72.181984, 7.409582 ], [ -72.181045, 7.408821 ], [ -72.180565, 7.408223 ], [ -72.180244, 7.407694 ], [ -72.179779, 7.407096 ], [ -72.179413, 7.406520 ], [ -72.178749, 7.405921 ], [ -72.178177, 7.405507 ], [ -72.177597, 7.405276 ], [ -72.176819, 7.405044 ], [ -72.176148, 7.404812 ], [ -72.175026, 7.404235 ], [ -72.174378, 7.404073 ], [ -72.173737, 7.404140 ], [ -72.173111, 7.404276 ], [ -72.172424, 7.404344 ], [ -72.171135, 7.404340 ], [ -72.170486, 7.404270 ], [ -72.169891, 7.404061 ], [ -72.169456, 7.403601 ], [ -72.169083, 7.403071 ], [ -72.168259, 7.401669 ], [ -72.168030, 7.401095 ], [ -72.167984, 7.400451 ], [ -72.167991, 7.399096 ], [ -72.167946, 7.397650 ], [ -72.167900, 7.397006 ], [ -72.167816, 7.396248 ], [ -72.167656, 7.395628 ], [ -72.167381, 7.394983 ], [ -72.166855, 7.393834 ], [ -72.166603, 7.393260 ], [ -72.166306, 7.392638 ], [ -72.166122, 7.391880 ], [ -72.166031, 7.391260 ], [ -72.165985, 7.390502 ], [ -72.165916, 7.389858 ], [ -72.165779, 7.389146 ], [ -72.165573, 7.388526 ], [ -72.165001, 7.387445 ], [ -72.164177, 7.386524 ], [ -72.163719, 7.386086 ], [ -72.163139, 7.385673 ], [ -72.162476, 7.385348 ], [ -72.161766, 7.385369 ], [ -72.161095, 7.385597 ], [ -72.160423, 7.385918 ], [ -72.159874, 7.386375 ], [ -72.159386, 7.386901 ], [ -72.159065, 7.387429 ], [ -72.158646, 7.387888 ], [ -72.157036, 7.389192 ], [ -72.156502, 7.389604 ], [ -72.155464, 7.390336 ], [ -72.154816, 7.390587 ], [ -72.154106, 7.390814 ], [ -72.153389, 7.390813 ], [ -72.152588, 7.390742 ], [ -72.151939, 7.390670 ], [ -72.151321, 7.390646 ], [ -72.150604, 7.390759 ], [ -72.149963, 7.390757 ], [ -72.148445, 7.390156 ], [ -72.147728, 7.390131 ], [ -72.147087, 7.390130 ], [ -72.146416, 7.390082 ], [ -72.145424, 7.389918 ], [ -72.144646, 7.389916 ], [ -72.143127, 7.390028 ], [ -72.142204, 7.390231 ], [ -72.141579, 7.390345 ], [ -72.140823, 7.390572 ], [ -72.138634, 7.391438 ], [ -72.138054, 7.391735 ], [ -72.137413, 7.392010 ], [ -72.136230, 7.392557 ], [ -72.135590, 7.392694 ], [ -72.134941, 7.392876 ], [ -72.134369, 7.393150 ], [ -72.133743, 7.393332 ], [ -72.132965, 7.393514 ], [ -72.132133, 7.393763 ], [ -72.131348, 7.394037 ], [ -72.129784, 7.394376 ], [ -72.129135, 7.394489 ], [ -72.128517, 7.394627 ], [ -72.127823, 7.394968 ], [ -72.127228, 7.395243 ], [ -72.126625, 7.395586 ], [ -72.126053, 7.395860 ], [ -72.125221, 7.396224 ], [ -72.124367, 7.396406 ], [ -72.123558, 7.396610 ], [ -72.122917, 7.396884 ], [ -72.122223, 7.397273 ], [ -72.121506, 7.397707 ], [ -72.120331, 7.398186 ], [ -72.118996, 7.398573 ], [ -72.117615, 7.398752 ], [ -72.116554, 7.398933 ], [ -72.115867, 7.399070 ], [ -72.115150, 7.399297 ], [ -72.113953, 7.399708 ], [ -72.113350, 7.399889 ], [ -72.112526, 7.400002 ], [ -72.111855, 7.400206 ], [ -72.111214, 7.400366 ], [ -72.110428, 7.400455 ], [ -72.109184, 7.400797 ], [ -72.108559, 7.400956 ], [ -72.107758, 7.401183 ], [ -72.106537, 7.401661 ], [ -72.105843, 7.401890 ], [ -72.105102, 7.402071 ], [ -72.102684, 7.402616 ], [ -72.101883, 7.402728 ], [ -72.101189, 7.402842 ], [ -72.100426, 7.402977 ], [ -72.099739, 7.403044 ], [ -72.098335, 7.403039 ], [ -72.097664, 7.403084 ], [ -72.096237, 7.402919 ], [ -72.095528, 7.402871 ], [ -72.094765, 7.402800 ], [ -72.093567, 7.402865 ], [ -72.092949, 7.402910 ], [ -72.092369, 7.403115 ], [ -72.091286, 7.403617 ], [ -72.090637, 7.403868 ], [ -72.089859, 7.404026 ], [ -72.089165, 7.403634 ], [ -72.088501, 7.403241 ], [ -72.087837, 7.402781 ], [ -72.087211, 7.402411 ], [ -72.086525, 7.402019 ], [ -72.085945, 7.401788 ], [ -72.085258, 7.401534 ], [ -72.084663, 7.401279 ], [ -72.083992, 7.401047 ], [ -72.083328, 7.400793 ], [ -72.082405, 7.400537 ], [ -72.080749, 7.400027 ], [ -72.080040, 7.399773 ], [ -72.079392, 7.399473 ], [ -72.078613, 7.398987 ], [ -72.077164, 7.397974 ], [ -72.076378, 7.397603 ], [ -72.075806, 7.397257 ], [ -72.075325, 7.396774 ], [ -72.074661, 7.396152 ], [ -72.074226, 7.395485 ], [ -72.074043, 7.394886 ], [ -72.073746, 7.394220 ], [ -72.073403, 7.393576 ], [ -72.073013, 7.392725 ], [ -72.072853, 7.391944 ], [ -72.072739, 7.391254 ], [ -72.072784, 7.390635 ], [ -72.072258, 7.390013 ], [ -72.071892, 7.389300 ], [ -72.071594, 7.388610 ], [ -72.071228, 7.388012 ], [ -72.070862, 7.387391 ], [ -72.070404, 7.386723 ], [ -72.069641, 7.385688 ], [ -72.067924, 7.383960 ], [ -72.066543, 7.382509 ], [ -72.066040, 7.381888 ], [ -72.065147, 7.380714 ], [ -72.064636, 7.380069 ], [ -72.063721, 7.379080 ], [ -72.063126, 7.378526 ], [ -72.061859, 7.377145 ], [ -72.061356, 7.376661 ], [ -72.060463, 7.375671 ], [ -72.059608, 7.374588 ], [ -72.058327, 7.373575 ], [ -72.057564, 7.373067 ], [ -72.056373, 7.372375 ], [ -72.055748, 7.372027 ], [ -72.054489, 7.371564 ], [ -72.053886, 7.371356 ], [ -72.053131, 7.371286 ], [ -72.052414, 7.371422 ], [ -72.051628, 7.371626 ], [ -72.050918, 7.371716 ], [ -72.050293, 7.371690 ], [ -72.049446, 7.371711 ], [ -72.048706, 7.371686 ], [ -72.047974, 7.371478 ], [ -72.047211, 7.371245 ], [ -72.046501, 7.371013 ], [ -72.045830, 7.370736 ], [ -72.045166, 7.370367 ], [ -72.044518, 7.370043 ], [ -72.043808, 7.369605 ], [ -72.043121, 7.369258 ], [ -72.042381, 7.368842 ], [ -72.041718, 7.368403 ], [ -72.040360, 7.367573 ], [ -72.039185, 7.366950 ], [ -72.038613, 7.366695 ], [ -72.037460, 7.366256 ], [ -72.036728, 7.366000 ], [ -72.035988, 7.365883 ], [ -72.034699, 7.365949 ], [ -72.033920, 7.366153 ], [ -72.033340, 7.366357 ], [ -72.031982, 7.367043 ], [ -72.030640, 7.367589 ], [ -72.029839, 7.368001 ], [ -72.029098, 7.368298 ], [ -72.028313, 7.368295 ], [ -72.026909, 7.368039 ], [ -72.026108, 7.367806 ], [ -72.025345, 7.367482 ], [ -72.024681, 7.367158 ], [ -72.024086, 7.366813 ], [ -72.023232, 7.366397 ], [ -72.022499, 7.366003 ], [ -72.021919, 7.365726 ], [ -72.021324, 7.365426 ], [ -72.020012, 7.364848 ], [ -72.019279, 7.364685 ], [ -72.018585, 7.364660 ], [ -72.017227, 7.364518 ], [ -72.016609, 7.364470 ], [ -72.015938, 7.364446 ], [ -72.014534, 7.364349 ], [ -72.013680, 7.364254 ], [ -72.013038, 7.364230 ], [ -72.012253, 7.364273 ], [ -72.010918, 7.364361 ], [ -72.010185, 7.364450 ], [ -72.009491, 7.364609 ], [ -72.008827, 7.364883 ], [ -72.008133, 7.365133 ], [ -72.006615, 7.365496 ], [ -72.005921, 7.365678 ], [ -72.005272, 7.365974 ], [ -72.004654, 7.366363 ], [ -72.004074, 7.366614 ], [ -72.003456, 7.366819 ], [ -72.002091, 7.367091 ], [ -72.000755, 7.367086 ], [ -72.000053, 7.367001 ], [ -71.998734, 7.366754 ], [ -71.997353, 7.366802 ], [ -71.996406, 7.366850 ], [ -71.995629, 7.366851 ], [ -71.994957, 7.366761 ], [ -71.994179, 7.366624 ], [ -71.993462, 7.366487 ], [ -71.992226, 7.366420 ], [ -71.991646, 7.366903 ], [ -71.990913, 7.367387 ], [ -71.990250, 7.367755 ], [ -71.989166, 7.368629 ], [ -71.988594, 7.369136 ], [ -71.987625, 7.370102 ], [ -71.986847, 7.370540 ], [ -71.985992, 7.370931 ], [ -71.985168, 7.371093 ], [ -71.984429, 7.371163 ], [ -71.983696, 7.371119 ], [ -71.983025, 7.370959 ], [ -71.982361, 7.370937 ], [ -71.981697, 7.371006 ], [ -71.980980, 7.371122 ], [ -71.979530, 7.371492 ], [ -71.978592, 7.371678 ], [ -71.977966, 7.371816 ], [ -71.977211, 7.372002 ], [ -71.976608, 7.372186 ], [ -71.975990, 7.372509 ], [ -71.975418, 7.372854 ], [ -71.974983, 7.373313 ], [ -71.974358, 7.374372 ], [ -71.973648, 7.375452 ], [ -71.973190, 7.376050 ], [ -71.972801, 7.376670 ], [ -71.972435, 7.377223 ], [ -71.972015, 7.377775 ], [ -71.971535, 7.378373 ], [ -71.971672, 7.379085 ], [ -71.970825, 7.379108 ], [ -71.970177, 7.379546 ], [ -71.969650, 7.379937 ], [ -71.968567, 7.380697 ], [ -71.967903, 7.381111 ], [ -71.967399, 7.381457 ], [ -71.966942, 7.381872 ], [ -71.966385, 7.382400 ], [ -71.965721, 7.382447 ], [ -71.965172, 7.382838 ], [ -71.964638, 7.383161 ], [ -71.963905, 7.383460 ], [ -71.962547, 7.383945 ], [ -71.961258, 7.384475 ], [ -71.959351, 7.385143 ], [ -71.958687, 7.385352 ], [ -71.958038, 7.385652 ], [ -71.957466, 7.385951 ], [ -71.956848, 7.386343 ], [ -71.956268, 7.386780 ], [ -71.955673, 7.387285 ], [ -71.955032, 7.387723 ], [ -71.954430, 7.388206 ], [ -71.953903, 7.388528 ], [ -71.953400, 7.388897 ], [ -71.952820, 7.389197 ], [ -71.952133, 7.389405 ], [ -71.951515, 7.389497 ], [ -71.950890, 7.389521 ], [ -71.950043, 7.389523 ], [ -71.949234, 7.389431 ], [ -71.948036, 7.389480 ], [ -71.947418, 7.389572 ], [ -71.946732, 7.389572 ], [ -71.946083, 7.389596 ], [ -71.945396, 7.389850 ], [ -71.944771, 7.389943 ], [ -71.944107, 7.390104 ], [ -71.943413, 7.390405 ], [ -71.942475, 7.391211 ], [ -71.942108, 7.391716 ], [ -71.941719, 7.392198 ], [ -71.940865, 7.393165 ], [ -71.939880, 7.393809 ], [ -71.939186, 7.393834 ], [ -71.937759, 7.393698 ], [ -71.937141, 7.393722 ], [ -71.936379, 7.393975 ], [ -71.935875, 7.394573 ], [ -71.935623, 7.395171 ], [ -71.935509, 7.395860 ], [ -71.935532, 7.396480 ], [ -71.935669, 7.397100 ], [ -71.935623, 7.397835 ], [ -71.935188, 7.398433 ], [ -71.933899, 7.398665 ], [ -71.933144, 7.398574 ], [ -71.932381, 7.398415 ], [ -71.931557, 7.398277 ], [ -71.930313, 7.398027 ], [ -71.929672, 7.398097 ], [ -71.928406, 7.398098 ], [ -71.926590, 7.398905 ], [ -71.925896, 7.399251 ], [ -71.925346, 7.399664 ], [ -71.924797, 7.399988 ], [ -71.924171, 7.400332 ], [ -71.923576, 7.400633 ], [ -71.922836, 7.400816 ], [ -71.922264, 7.401048 ], [ -71.921623, 7.401370 ], [ -71.920998, 7.401624 ], [ -71.920242, 7.401855 ], [ -71.919640, 7.401993 ], [ -71.918884, 7.402200 ], [ -71.918106, 7.402454 ], [ -71.917480, 7.402708 ], [ -71.916099, 7.403192 ], [ -71.915550, 7.403515 ], [ -71.914955, 7.403906 ], [ -71.914352, 7.404252 ], [ -71.913757, 7.404666 ], [ -71.913322, 7.405102 ], [ -71.912811, 7.405562 ], [ -71.912193, 7.405908 ], [ -71.911644, 7.406253 ], [ -71.910950, 7.406645 ], [ -71.910355, 7.406853 ], [ -71.909828, 7.407244 ], [ -71.909271, 7.407864 ], [ -71.908791, 7.408531 ], [ -71.907898, 7.409612 ], [ -71.907432, 7.410141 ], [ -71.906448, 7.410993 ], [ -71.905830, 7.411454 ], [ -71.905159, 7.411798 ], [ -71.903961, 7.412122 ], [ -71.903343, 7.412238 ], [ -71.901985, 7.412539 ], [ -71.901321, 7.412654 ], [ -71.900307, 7.412701 ], [ -71.899529, 7.412657 ], [ -71.898811, 7.412589 ], [ -71.897980, 7.412590 ], [ -71.897110, 7.412614 ], [ -71.895798, 7.412822 ], [ -71.895203, 7.412961 ], [ -71.893890, 7.412894 ], [ -71.893196, 7.412964 ], [ -71.892601, 7.413125 ], [ -71.891792, 7.413311 ], [ -71.890648, 7.413472 ], [ -71.889999, 7.413496 ], [ -71.889130, 7.413682 ], [ -71.887886, 7.414051 ], [ -71.887192, 7.414282 ], [ -71.885796, 7.414490 ], [ -71.885147, 7.414628 ], [ -71.884255, 7.414929 ], [ -71.883629, 7.415204 ], [ -71.883011, 7.415597 ], [ -71.882408, 7.416034 ], [ -71.881882, 7.416447 ], [ -71.881401, 7.416908 ], [ -71.881012, 7.417390 ], [ -71.880669, 7.418057 ], [ -71.880363, 7.418701 ], [ -71.880020, 7.419207 ], [ -71.879517, 7.419782 ], [ -71.878990, 7.420311 ], [ -71.877792, 7.420909 ], [ -71.877006, 7.420957 ], [ -71.876343, 7.420751 ], [ -71.875031, 7.420270 ], [ -71.874436, 7.420064 ], [ -71.873718, 7.420042 ], [ -71.873100, 7.420411 ], [ -71.872757, 7.420962 ], [ -71.872368, 7.422112 ], [ -71.872551, 7.422915 ], [ -71.872597, 7.423604 ], [ -71.872528, 7.424868 ], [ -71.872253, 7.425420 ], [ -71.871033, 7.425949 ], [ -71.869698, 7.426204 ], [ -71.868622, 7.426665 ], [ -71.867584, 7.427171 ], [ -71.867195, 7.427724 ], [ -71.866829, 7.428298 ], [ -71.866501, 7.428849 ], [ -71.866157, 7.429585 ], [ -71.865997, 7.430183 ], [ -71.865906, 7.430827 ], [ -71.865929, 7.432021 ], [ -71.865562, 7.433147 ], [ -71.864441, 7.433861 ], [ -71.863724, 7.433838 ], [ -71.862572, 7.433381 ], [ -71.862160, 7.432875 ], [ -71.861771, 7.432349 ], [ -71.861260, 7.432004 ], [ -71.860596, 7.432120 ], [ -71.860069, 7.432717 ], [ -71.859055, 7.434603 ], [ -71.859055, 7.435269 ], [ -71.859077, 7.436004 ], [ -71.859055, 7.436624 ], [ -71.859077, 7.437406 ], [ -71.859039, 7.438140 ], [ -71.859131, 7.439496 ], [ -71.858787, 7.440668 ], [ -71.858185, 7.441013 ], [ -71.857475, 7.441152 ], [ -71.856827, 7.441314 ], [ -71.856186, 7.441452 ], [ -71.855408, 7.442441 ], [ -71.855408, 7.443176 ], [ -71.856369, 7.443818 ], [ -71.856995, 7.443726 ], [ -71.858307, 7.443586 ], [ -71.858925, 7.443493 ], [ -71.858879, 7.444688 ], [ -71.858513, 7.445332 ], [ -71.858170, 7.445861 ], [ -71.857689, 7.446390 ], [ -71.857224, 7.446942 ], [ -71.856811, 7.447402 ], [ -71.856331, 7.447861 ], [ -71.855713, 7.448068 ], [ -71.854996, 7.447174 ], [ -71.854927, 7.446508 ], [ -71.854767, 7.445773 ], [ -71.854324, 7.444625 ], [ -71.853126, 7.444327 ], [ -71.852531, 7.444628 ], [ -71.852371, 7.445891 ], [ -71.852371, 7.446558 ], [ -71.852394, 7.447177 ], [ -71.852646, 7.447866 ], [ -71.852653, 7.448555 ], [ -71.852302, 7.449222 ], [ -71.851982, 7.449750 ], [ -71.851570, 7.450372 ], [ -71.851227, 7.451108 ], [ -71.851067, 7.451750 ], [ -71.851090, 7.452509 ], [ -71.851524, 7.453267 ], [ -71.851692, 7.453863 ], [ -71.852081, 7.454989 ], [ -71.852631, 7.456022 ], [ -71.853210, 7.456388 ], [ -71.853645, 7.456847 ], [ -71.853874, 7.457421 ], [ -71.853645, 7.458042 ], [ -71.853188, 7.458570 ], [ -71.852661, 7.458939 ], [ -71.852112, 7.459398 ], [ -71.851623, 7.460571 ], [ -71.851601, 7.461214 ], [ -71.851906, 7.462340 ], [ -71.852249, 7.462868 ], [ -71.852203, 7.463511 ], [ -71.852478, 7.464062 ], [ -71.852577, 7.464797 ], [ -71.852577, 7.465417 ], [ -71.852646, 7.466038 ], [ -71.852302, 7.467302 ], [ -71.851959, 7.467854 ], [ -71.851540, 7.468313 ], [ -71.850876, 7.468590 ], [ -71.850227, 7.468706 ], [ -71.849632, 7.468959 ], [ -71.848595, 7.469649 ], [ -71.848114, 7.470225 ], [ -71.847816, 7.470799 ], [ -71.847359, 7.472040 ], [ -71.847290, 7.472683 ], [ -71.847267, 7.473304 ], [ -71.847313, 7.473947 ], [ -71.847733, 7.475233 ], [ -71.847984, 7.476428 ], [ -71.848053, 7.477208 ], [ -71.848144, 7.477850 ], [ -71.848190, 7.478541 ], [ -71.848144, 7.479207 ], [ -71.848144, 7.479896 ], [ -71.848518, 7.481113 ], [ -71.848953, 7.481617 ], [ -71.849228, 7.482192 ], [ -71.850197, 7.483753 ], [ -71.850197, 7.484418 ], [ -71.849853, 7.485729 ], [ -71.849647, 7.486372 ], [ -71.849304, 7.486947 ], [ -71.848892, 7.487545 ], [ -71.848000, 7.488442 ], [ -71.847008, 7.489201 ], [ -71.846481, 7.489592 ], [ -71.845375, 7.490122 ], [ -71.844704, 7.490422 ], [ -71.844040, 7.490584 ], [ -71.843369, 7.490722 ], [ -71.842659, 7.490907 ], [ -71.841927, 7.491046 ], [ -71.841255, 7.491138 ], [ -71.840614, 7.491277 ], [ -71.839943, 7.491485 ], [ -71.838798, 7.491877 ], [ -71.837784, 7.492568 ], [ -71.836884, 7.492432 ], [ -71.836289, 7.492272 ], [ -71.835503, 7.492020 ], [ -71.834122, 7.491287 ], [ -71.833595, 7.490943 ], [ -71.832191, 7.489842 ], [ -71.831589, 7.489337 ], [ -71.831017, 7.488924 ], [ -71.830459, 7.488489 ], [ -71.829422, 7.487824 ], [ -71.828247, 7.486929 ], [ -71.827560, 7.486517 ], [ -71.826866, 7.486196 ], [ -71.826271, 7.486013 ], [ -71.825668, 7.485899 ], [ -71.825073, 7.485739 ], [ -71.824387, 7.485579 ], [ -71.823646, 7.485466 ], [ -71.822289, 7.485466 ], [ -71.821602, 7.485720 ], [ -71.821137, 7.486112 ], [ -71.820381, 7.486388 ], [ -71.819779, 7.486527 ], [ -71.819069, 7.486711 ], [ -71.818474, 7.486896 ], [ -71.817139, 7.487494 ], [ -71.815506, 7.488209 ], [ -71.814789, 7.488462 ], [ -71.813942, 7.488694 ], [ -71.812446, 7.489338 ], [ -71.811775, 7.489661 ], [ -71.811157, 7.489731 ], [ -71.810555, 7.489778 ], [ -71.809128, 7.489733 ], [ -71.808372, 7.489619 ], [ -71.807495, 7.489437 ], [ -71.806854, 7.489184 ], [ -71.805405, 7.488359 ], [ -71.804825, 7.488108 ], [ -71.804276, 7.487786 ], [ -71.802292, 7.486273 ], [ -71.801788, 7.485767 ], [ -71.800636, 7.484666 ], [ -71.800125, 7.484161 ], [ -71.799713, 7.483679 ], [ -71.798698, 7.482578 ], [ -71.797752, 7.481477 ], [ -71.797317, 7.480903 ], [ -71.796860, 7.480466 ], [ -71.796394, 7.479916 ], [ -71.795937, 7.479342 ], [ -71.795448, 7.478860 ], [ -71.795036, 7.478424 ], [ -71.794647, 7.477988 ], [ -71.793999, 7.477622 ], [ -71.793404, 7.477438 ], [ -71.792206, 7.476934 ], [ -71.791489, 7.476774 ], [ -71.790871, 7.476683 ], [ -71.790108, 7.476661 ], [ -71.789375, 7.476662 ], [ -71.788704, 7.476686 ], [ -71.788040, 7.476847 ], [ -71.786842, 7.477308 ], [ -71.786156, 7.477631 ], [ -71.785370, 7.477838 ], [ -71.784775, 7.477977 ], [ -71.784149, 7.478046 ], [ -71.783508, 7.478047 ], [ -71.782745, 7.477887 ], [ -71.781479, 7.477337 ], [ -71.780746, 7.477063 ], [ -71.780212, 7.476718 ], [ -71.779572, 7.476122 ], [ -71.779182, 7.475617 ], [ -71.778763, 7.475112 ], [ -71.778259, 7.474470 ], [ -71.777962, 7.473941 ], [ -71.776901, 7.472748 ], [ -71.776367, 7.472312 ], [ -71.775795, 7.471922 ], [ -71.775192, 7.471555 ], [ -71.774574, 7.471211 ], [ -71.773949, 7.470936 ], [ -71.773262, 7.470730 ], [ -71.772499, 7.470708 ], [ -71.771629, 7.471169 ], [ -71.770981, 7.471767 ], [ -71.770500, 7.472342 ], [ -71.770157, 7.472847 ], [ -71.769631, 7.474019 ], [ -71.769447, 7.474640 ], [ -71.769470, 7.475352 ], [ -71.769631, 7.476041 ], [ -71.769859, 7.476822 ], [ -71.770042, 7.477374 ], [ -71.770096, 7.478016 ], [ -71.769768, 7.478660 ], [ -71.769402, 7.479189 ], [ -71.769264, 7.480522 ], [ -71.768967, 7.481097 ], [ -71.768486, 7.481556 ], [ -71.767975, 7.482131 ], [ -71.767311, 7.482408 ], [ -71.766068, 7.482409 ], [ -71.765472, 7.482387 ], [ -71.764183, 7.482067 ], [ -71.763626, 7.481769 ], [ -71.763031, 7.481287 ], [ -71.762405, 7.480713 ], [ -71.761925, 7.480116 ], [ -71.761559, 7.479565 ], [ -71.761208, 7.478854 ], [ -71.760819, 7.478234 ], [ -71.760475, 7.477660 ], [ -71.760193, 7.477017 ], [ -71.760010, 7.476397 ], [ -71.759804, 7.475754 ], [ -71.759552, 7.475133 ], [ -71.759346, 7.474514 ], [ -71.759064, 7.473847 ], [ -71.758697, 7.473205 ], [ -71.758308, 7.472768 ], [ -71.758049, 7.472218 ], [ -71.757316, 7.471851 ], [ -71.756737, 7.471529 ], [ -71.755913, 7.471370 ], [ -71.755287, 7.471324 ], [ -71.754440, 7.471417 ], [ -71.753036, 7.471557 ], [ -71.752274, 7.471650 ], [ -71.751564, 7.471857 ], [ -71.750893, 7.472087 ], [ -71.750252, 7.472341 ], [ -71.749603, 7.472434 ], [ -71.748917, 7.472480 ], [ -71.747925, 7.472481 ], [ -71.747284, 7.472459 ], [ -71.746041, 7.472322 ], [ -71.745369, 7.472094 ], [ -71.744751, 7.471864 ], [ -71.744110, 7.471520 ], [ -71.743645, 7.471085 ], [ -71.743256, 7.470603 ], [ -71.742515, 7.469500 ], [ -71.742264, 7.468812 ], [ -71.742058, 7.468168 ], [ -71.741943, 7.467548 ], [ -71.741844, 7.466928 ], [ -71.741753, 7.466193 ], [ -71.741730, 7.465435 ], [ -71.741844, 7.464791 ], [ -71.741982, 7.464125 ], [ -71.742165, 7.463527 ], [ -71.742515, 7.462837 ], [ -71.743385, 7.461688 ], [ -71.743797, 7.461113 ], [ -71.744309, 7.460538 ], [ -71.744858, 7.459963 ], [ -71.745224, 7.459503 ], [ -71.745613, 7.458975 ], [ -71.746376, 7.457710 ], [ -71.746582, 7.456998 ], [ -71.746674, 7.456308 ], [ -71.746857, 7.455366 ], [ -71.746902, 7.454723 ], [ -71.746925, 7.454126 ], [ -71.746834, 7.453506 ], [ -71.746574, 7.452839 ], [ -71.746185, 7.452334 ], [ -71.745216, 7.451417 ], [ -71.744690, 7.450865 ], [ -71.744064, 7.450452 ], [ -71.743515, 7.450132 ], [ -71.743011, 7.449788 ], [ -71.741836, 7.449122 ], [ -71.741119, 7.449008 ], [ -71.740455, 7.448710 ], [ -71.739967, 7.448320 ], [ -71.739372, 7.447792 ], [ -71.738724, 7.447495 ], [ -71.738151, 7.447334 ], [ -71.737488, 7.446944 ], [ -71.737068, 7.446531 ], [ -71.736588, 7.446026 ], [ -71.736099, 7.445683 ], [ -71.735642, 7.445131 ], [ -71.735252, 7.444626 ], [ -71.734764, 7.444052 ], [ -71.734306, 7.443593 ], [ -71.733612, 7.443089 ], [ -71.733109, 7.442606 ], [ -71.732651, 7.442033 ], [ -71.731842, 7.441114 ], [ -71.731338, 7.440609 ], [ -71.730873, 7.440174 ], [ -71.730255, 7.439646 ], [ -71.729813, 7.439232 ], [ -71.729080, 7.439096 ], [ -71.728432, 7.438637 ], [ -71.727882, 7.438132 ], [ -71.727264, 7.437650 ], [ -71.726684, 7.437237 ], [ -71.725975, 7.436847 ], [ -71.725487, 7.436480 ], [ -71.724731, 7.435814 ], [ -71.723877, 7.435126 ], [ -71.723091, 7.434575 ], [ -71.722061, 7.434140 ], [ -71.721069, 7.433636 ], [ -71.720398, 7.433222 ], [ -71.719551, 7.432741 ], [ -71.718788, 7.432351 ], [ -71.718193, 7.432099 ], [ -71.717407, 7.431893 ], [ -71.716812, 7.431595 ], [ -71.715981, 7.431320 ], [ -71.715362, 7.431137 ], [ -71.714554, 7.430839 ], [ -71.713264, 7.430541 ], [ -71.712418, 7.430358 ], [ -71.711677, 7.430290 ], [ -71.711174, 7.429946 ], [ -71.710846, 7.429464 ], [ -71.710503, 7.428890 ], [ -71.710182, 7.428178 ], [ -71.709885, 7.427420 ], [ -71.709648, 7.426685 ], [ -71.709511, 7.426088 ], [ -71.709053, 7.425284 ], [ -71.708565, 7.424618 ], [ -71.708038, 7.424297 ], [ -71.707466, 7.424068 ], [ -71.706772, 7.423816 ], [ -71.706154, 7.423678 ], [ -71.705414, 7.423656 ], [ -71.704635, 7.423795 ], [ -71.704102, 7.424117 ], [ -71.703461, 7.424187 ], [ -71.702721, 7.424302 ], [ -71.701965, 7.424487 ], [ -71.701248, 7.424717 ], [ -71.700470, 7.424947 ], [ -71.699844, 7.425086 ], [ -71.699089, 7.425293 ], [ -71.697754, 7.425548 ], [ -71.695542, 7.425802 ], [ -71.694763, 7.425964 ], [ -71.694046, 7.426148 ], [ -71.693199, 7.426241 ], [ -71.692505, 7.426195 ], [ -71.691750, 7.426127 ], [ -71.691055, 7.426036 ], [ -71.690254, 7.425876 ], [ -71.689514, 7.425876 ], [ -71.688087, 7.425786 ], [ -71.687401, 7.425694 ], [ -71.686821, 7.425443 ], [ -71.686226, 7.425098 ], [ -71.685715, 7.424616 ], [ -71.685280, 7.424042 ], [ -71.684937, 7.423422 ], [ -71.684570, 7.422917 ], [ -71.683876, 7.422344 ], [ -71.683327, 7.421953 ], [ -71.682335, 7.421150 ], [ -71.681709, 7.420783 ], [ -71.681160, 7.420599 ], [ -71.680306, 7.420508 ], [ -71.679687, 7.420624 ], [ -71.679001, 7.420969 ], [ -71.678421, 7.421199 ], [ -71.677734, 7.421430 ], [ -71.677131, 7.421591 ], [ -71.676536, 7.421798 ], [ -71.676010, 7.422075 ], [ -71.675476, 7.422512 ], [ -71.675018, 7.423293 ], [ -71.674561, 7.423868 ], [ -71.674072, 7.424558 ], [ -71.673569, 7.425178 ], [ -71.673134, 7.425638 ], [ -71.672623, 7.425983 ], [ -71.672028, 7.426145 ], [ -71.671272, 7.426192 ], [ -71.670532, 7.425939 ], [ -71.669983, 7.425664 ], [ -71.668693, 7.425481 ], [ -71.668022, 7.425413 ], [ -71.667359, 7.425391 ], [ -71.665932, 7.425093 ], [ -71.665192, 7.424956 ], [ -71.664505, 7.424841 ], [ -71.663811, 7.424773 ], [ -71.662941, 7.424613 ], [ -71.662247, 7.424407 ], [ -71.661606, 7.424430 ], [ -71.660912, 7.424546 ], [ -71.660317, 7.424615 ], [ -71.659462, 7.424616 ], [ -71.658775, 7.424502 ], [ -71.657280, 7.424503 ], [ -71.656632, 7.424526 ], [ -71.655876, 7.424527 ], [ -71.655296, 7.424206 ], [ -71.654472, 7.424046 ], [ -71.653252, 7.424024 ], [ -71.652558, 7.424185 ], [ -71.651871, 7.424508 ], [ -71.650032, 7.425405 ], [ -71.649383, 7.425750 ], [ -71.648788, 7.425889 ], [ -71.647270, 7.426188 ], [ -71.646599, 7.426465 ], [ -71.644874, 7.427109 ], [ -71.643974, 7.427454 ], [ -71.643082, 7.427961 ], [ -71.642410, 7.428375 ], [ -71.641311, 7.429387 ], [ -71.640663, 7.429847 ], [ -71.639908, 7.430238 ], [ -71.639397, 7.430606 ], [ -71.638939, 7.431112 ], [ -71.638390, 7.431641 ], [ -71.638023, 7.432193 ], [ -71.637535, 7.432606 ], [ -71.637077, 7.433043 ], [ -71.636597, 7.433549 ], [ -71.636131, 7.434055 ], [ -71.635811, 7.434561 ], [ -71.635513, 7.435159 ], [ -71.635124, 7.435756 ], [ -71.634498, 7.436216 ], [ -71.633903, 7.436447 ], [ -71.633263, 7.436769 ], [ -71.632751, 7.437137 ], [ -71.632225, 7.437735 ], [ -71.631882, 7.438401 ], [ -71.631210, 7.439803 ], [ -71.630569, 7.440953 ], [ -71.630226, 7.441527 ], [ -71.629944, 7.442079 ], [ -71.629578, 7.442631 ], [ -71.629212, 7.443136 ], [ -71.628685, 7.443712 ], [ -71.628174, 7.444057 ], [ -71.627510, 7.444401 ], [ -71.626961, 7.444586 ], [ -71.626358, 7.444633 ], [ -71.625740, 7.444564 ], [ -71.625023, 7.444357 ], [ -71.624405, 7.444059 ], [ -71.623802, 7.443623 ], [ -71.623093, 7.442889 ], [ -71.622581, 7.442269 ], [ -71.621918, 7.441511 ], [ -71.620445, 7.439880 ], [ -71.619133, 7.438251 ], [ -71.618622, 7.437745 ], [ -71.618141, 7.437332 ], [ -71.617561, 7.436804 ], [ -71.616989, 7.436253 ], [ -71.616463, 7.435679 ], [ -71.615883, 7.435105 ], [ -71.614891, 7.433887 ], [ -71.614365, 7.433405 ], [ -71.613815, 7.432924 ], [ -71.612381, 7.432028 ], [ -71.611854, 7.431776 ], [ -71.611168, 7.431570 ], [ -71.609253, 7.431434 ], [ -71.608589, 7.431273 ], [ -71.608009, 7.431113 ], [ -71.607369, 7.430838 ], [ -71.606079, 7.430195 ], [ -71.605507, 7.429781 ], [ -71.604904, 7.429254 ], [ -71.604446, 7.428817 ], [ -71.603866, 7.428244 ], [ -71.603294, 7.427715 ], [ -71.602852, 7.427233 ], [ -71.602394, 7.426774 ], [ -71.601173, 7.425787 ], [ -71.600647, 7.425396 ], [ -71.600235, 7.424960 ], [ -71.599815, 7.424455 ], [ -71.599380, 7.423973 ], [ -71.598991, 7.423513 ], [ -71.598732, 7.422778 ], [ -71.598389, 7.422204 ], [ -71.597977, 7.421538 ], [ -71.597488, 7.420918 ], [ -71.597053, 7.420459 ], [ -71.596321, 7.420092 ], [ -71.595696, 7.420046 ], [ -71.594383, 7.420300 ], [ -71.593788, 7.420576 ], [ -71.593163, 7.420898 ], [ -71.592682, 7.421243 ], [ -71.592201, 7.421680 ], [ -71.591759, 7.422140 ], [ -71.590935, 7.423036 ], [ -71.590477, 7.423657 ], [ -71.590103, 7.424760 ], [ -71.589943, 7.425381 ], [ -71.589714, 7.426209 ], [ -71.589371, 7.427036 ], [ -71.589073, 7.427588 ], [ -71.588654, 7.428254 ], [ -71.588219, 7.428829 ], [ -71.587738, 7.429426 ], [ -71.587234, 7.429863 ], [ -71.586586, 7.430140 ], [ -71.585640, 7.430645 ], [ -71.585022, 7.430761 ], [ -71.584259, 7.430716 ], [ -71.583618, 7.430785 ], [ -71.582931, 7.430946 ], [ -71.582169, 7.431038 ], [ -71.581573, 7.431131 ], [ -71.580879, 7.431430 ], [ -71.579613, 7.431867 ], [ -71.578903, 7.432419 ], [ -71.578232, 7.433017 ], [ -71.576805, 7.434121 ], [ -71.576233, 7.434512 ], [ -71.575661, 7.434834 ], [ -71.574944, 7.435041 ], [ -71.573952, 7.435203 ], [ -71.572731, 7.435296 ], [ -71.571678, 7.435319 ], [ -71.570686, 7.435320 ], [ -71.569855, 7.435274 ], [ -71.569031, 7.435160 ], [ -71.568291, 7.435023 ], [ -71.567375, 7.434840 ], [ -71.566315, 7.434679 ], [ -71.565620, 7.434588 ], [ -71.564934, 7.434405 ], [ -71.563484, 7.433647 ], [ -71.562424, 7.433280 ], [ -71.561592, 7.433074 ], [ -71.560265, 7.432868 ], [ -71.559525, 7.432776 ], [ -71.558884, 7.432662 ], [ -71.558281, 7.432433 ], [ -71.557800, 7.431996 ], [ -71.556877, 7.431078 ], [ -71.556373, 7.430619 ], [ -71.555885, 7.430068 ], [ -71.555450, 7.429539 ], [ -71.554802, 7.428873 ], [ -71.554344, 7.428207 ], [ -71.553612, 7.427197 ], [ -71.553215, 7.426714 ], [ -71.552757, 7.426232 ], [ -71.552185, 7.425750 ], [ -71.551560, 7.425313 ], [ -71.550819, 7.424923 ], [ -71.549950, 7.424556 ], [ -71.549278, 7.424419 ], [ -71.548614, 7.424511 ], [ -71.547943, 7.424672 ], [ -71.547371, 7.424994 ], [ -71.546799, 7.425523 ], [ -71.546310, 7.426006 ], [ -71.545875, 7.426558 ], [ -71.544563, 7.428075 ], [ -71.544151, 7.428489 ], [ -71.543503, 7.428926 ], [ -71.542931, 7.429179 ], [ -71.541687, 7.429524 ], [ -71.540306, 7.429939 ], [ -71.539665, 7.430123 ], [ -71.539017, 7.430100 ], [ -71.538444, 7.429801 ], [ -71.537750, 7.428768 ], [ -71.537315, 7.428171 ], [ -71.536857, 7.427045 ], [ -71.536209, 7.425851 ], [ -71.535454, 7.424886 ], [ -71.534920, 7.424519 ], [ -71.533539, 7.423761 ], [ -71.532921, 7.423440 ], [ -71.532226, 7.423256 ], [ -71.531494, 7.423119 ], [ -71.530823, 7.423096 ], [ -71.529488, 7.423143 ], [ -71.528221, 7.423374 ], [ -71.527420, 7.423443 ], [ -71.526222, 7.423444 ], [ -71.525436, 7.423329 ], [ -71.524704, 7.423008 ], [ -71.523850, 7.422732 ], [ -71.522469, 7.422389 ], [ -71.521736, 7.422251 ], [ -71.520172, 7.422045 ], [ -71.519409, 7.422068 ], [ -71.518028, 7.422207 ], [ -71.517410, 7.422414 ], [ -71.516922, 7.422851 ], [ -71.516556, 7.423540 ], [ -71.516281, 7.424138 ], [ -71.515846, 7.424828 ], [ -71.515404, 7.425310 ], [ -71.514648, 7.425908 ], [ -71.514183, 7.426391 ], [ -71.513771, 7.426989 ], [ -71.513359, 7.427494 ], [ -71.512901, 7.427954 ], [ -71.512276, 7.428207 ], [ -71.511635, 7.428552 ], [ -71.509811, 7.429357 ], [ -71.509171, 7.429496 ], [ -71.508522, 7.429542 ], [ -71.506844, 7.429543 ], [ -71.506134, 7.429451 ], [ -71.505302, 7.429314 ], [ -71.504036, 7.429131 ], [ -71.503235, 7.428947 ], [ -71.502495, 7.428833 ], [ -71.501320, 7.428627 ], [ -71.500725, 7.428833 ], [ -71.500191, 7.429178 ], [ -71.499962, 7.434586 ], [ -71.500427, 7.435061 ], [ -71.501434, 7.435819 ], [ -71.502014, 7.436209 ], [ -71.503418, 7.436944 ], [ -71.504059, 7.437403 ], [ -71.504684, 7.437770 ], [ -71.505280, 7.438252 ], [ -71.506065, 7.439470 ], [ -71.506294, 7.440206 ], [ -71.506294, 7.440918 ], [ -71.506363, 7.441561 ], [ -71.506340, 7.442205 ], [ -71.505882, 7.443514 ], [ -71.505745, 7.444135 ], [ -71.505630, 7.444779 ], [ -71.505310, 7.445261 ], [ -71.504730, 7.445491 ], [ -71.503929, 7.445331 ], [ -71.503372, 7.445032 ], [ -71.502915, 7.444504 ], [ -71.501923, 7.443493 ], [ -71.501602, 7.442919 ], [ -71.501183, 7.442322 ], [ -71.500702, 7.441840 ], [ -71.500130, 7.441334 ], [ -71.499931, 7.440618 ], [ -71.499290, 7.440080 ], [ -71.498222, 7.439396 ], [ -71.497536, 7.439110 ], [ -71.496849, 7.438915 ], [ -71.495674, 7.438850 ], [ -71.494453, 7.439174 ], [ -71.493820, 7.439577 ], [ -71.493195, 7.440141 ], [ -71.492676, 7.440683 ], [ -71.492256, 7.441204 ], [ -71.491493, 7.442569 ], [ -71.491188, 7.443092 ], [ -71.490921, 7.443708 ], [ -71.490593, 7.444345 ], [ -71.490082, 7.444497 ], [ -71.489502, 7.444534 ], [ -71.488853, 7.444821 ], [ -71.488014, 7.445542 ], [ -71.487427, 7.446084 ], [ -71.486916, 7.446351 ], [ -71.486137, 7.446522 ], [ -71.485535, 7.446672 ], [ -71.484215, 7.447156 ], [ -71.483635, 7.447376 ], [ -71.483124, 7.447827 ], [ -71.482346, 7.448687 ], [ -71.482040, 7.449232 ], [ -71.481796, 7.449710 ], [ -71.481537, 7.450188 ], [ -71.481155, 7.450825 ], [ -71.480850, 7.451485 ], [ -71.480560, 7.452031 ], [ -71.480293, 7.453106 ], [ -71.480095, 7.453700 ], [ -71.479813, 7.454223 ], [ -71.479347, 7.454628 ], [ -71.478905, 7.454965 ], [ -71.478417, 7.455255 ], [ -71.477699, 7.455497 ], [ -71.477028, 7.455532 ], [ -71.476501, 7.455270 ], [ -71.475937, 7.454825 ], [ -71.475479, 7.454519 ], [ -71.474960, 7.453960 ], [ -71.474510, 7.453516 ], [ -71.473915, 7.453094 ], [ -71.473351, 7.452763 ], [ -71.472732, 7.452500 ], [ -71.471924, 7.452326 ], [ -71.471054, 7.452266 ], [ -71.470383, 7.452301 ], [ -71.469833, 7.452361 ], [ -71.469002, 7.452554 ], [ -71.468422, 7.452774 ], [ -71.467903, 7.453362 ], [ -71.467148, 7.454406 ], [ -71.466911, 7.455022 ], [ -71.466759, 7.455616 ], [ -71.466705, 7.456166 ], [ -71.466835, 7.456902 ], [ -71.467033, 7.457457 ], [ -71.467323, 7.458058 ], [ -71.467651, 7.458661 ], [ -71.468231, 7.459818 ], [ -71.468361, 7.460486 ], [ -71.468254, 7.461149 ], [ -71.467926, 7.461649 ], [ -71.467484, 7.462101 ], [ -71.466988, 7.462575 ], [ -71.466293, 7.463092 ], [ -71.465782, 7.463381 ], [ -71.465080, 7.463737 ], [ -71.464531, 7.463889 ], [ -71.463837, 7.464015 ], [ -71.463288, 7.463983 ], [ -71.462639, 7.463812 ], [ -71.462143, 7.463391 ], [ -71.461967, 7.462722 ], [ -71.461838, 7.462169 ], [ -71.461738, 7.461525 ], [ -71.461288, 7.461185 ], [ -71.460808, 7.460821 ], [ -71.460213, 7.460329 ], [ -71.459648, 7.459976 ], [ -71.458847, 7.459572 ], [ -71.458069, 7.459215 ], [ -71.456818, 7.458483 ], [ -71.455994, 7.457965 ], [ -71.455429, 7.457657 ], [ -71.454696, 7.457301 ], [ -71.453461, 7.456729 ], [ -71.452774, 7.456696 ], [ -71.452049, 7.457189 ], [ -71.451630, 7.457733 ], [ -71.451568, 7.458305 ], [ -71.451767, 7.458906 ], [ -71.452156, 7.459371 ], [ -71.452881, 7.459773 ], [ -71.453453, 7.460058 ], [ -71.454041, 7.460481 ], [ -71.455658, 7.461586 ], [ -71.456161, 7.461985 ], [ -71.456566, 7.462496 ], [ -71.456901, 7.463144 ], [ -71.457169, 7.463608 ], [ -71.456886, 7.464085 ], [ -71.456482, 7.464515 ], [ -71.455788, 7.465077 ], [ -71.455154, 7.465457 ], [ -71.454437, 7.465767 ], [ -71.453835, 7.465894 ], [ -71.453148, 7.465929 ], [ -71.452598, 7.465851 ], [ -71.451958, 7.465680 ], [ -71.451225, 7.465438 ], [ -71.450699, 7.465154 ], [ -71.450287, 7.464735 ], [ -71.449455, 7.463665 ], [ -71.449165, 7.463224 ], [ -71.448753, 7.462827 ], [ -71.448440, 7.462363 ], [ -71.447922, 7.461803 ], [ -71.447380, 7.461358 ], [ -71.446327, 7.460699 ], [ -71.445641, 7.460504 ], [ -71.444885, 7.460399 ], [ -71.444191, 7.460411 ], [ -71.443413, 7.460467 ], [ -71.442261, 7.460494 ], [ -71.441315, 7.460547 ], [ -71.440766, 7.460538 ], [ -71.440025, 7.460481 ], [ -71.439430, 7.460333 ], [ -71.438904, 7.460048 ], [ -71.438568, 7.459561 ], [ -71.438377, 7.458869 ], [ -71.438240, 7.457421 ], [ -71.438156, 7.456754 ], [ -71.437782, 7.455715 ], [ -71.437225, 7.454535 ], [ -71.436752, 7.453907 ], [ -71.436279, 7.453372 ], [ -71.435234, 7.452689 ], [ -71.434135, 7.452418 ], [ -71.433487, 7.452316 ], [ -71.432915, 7.452260 ], [ -71.432320, 7.452182 ], [ -71.431694, 7.452217 ], [ -71.430359, 7.452241 ], [ -71.429695, 7.452024 ], [ -71.429268, 7.451649 ], [ -71.428902, 7.451253 ], [ -71.428520, 7.450650 ], [ -71.428169, 7.450047 ], [ -71.427444, 7.448980 ], [ -71.426659, 7.447773 ], [ -71.426277, 7.447261 ], [ -71.425491, 7.446376 ], [ -71.425011, 7.446139 ], [ -71.424484, 7.445924 ], [ -71.423981, 7.445732 ], [ -71.423340, 7.445698 ], [ -71.422600, 7.445893 ], [ -71.422020, 7.446204 ], [ -71.421555, 7.446518 ], [ -71.420990, 7.446853 ], [ -71.420479, 7.447212 ], [ -71.420059, 7.447596 ], [ -71.419548, 7.447931 ], [ -71.418991, 7.448221 ], [ -71.418251, 7.448415 ], [ -71.417602, 7.448404 ], [ -71.417099, 7.448235 ], [ -71.416580, 7.447974 ], [ -71.416099, 7.447760 ], [ -71.415596, 7.447499 ], [ -71.415093, 7.447215 ], [ -71.414596, 7.446840 ], [ -71.414093, 7.446441 ], [ -71.413574, 7.446065 ], [ -71.413093, 7.445851 ], [ -71.412521, 7.445657 ], [ -71.411903, 7.445579 ], [ -71.411209, 7.445590 ], [ -71.410469, 7.445899 ], [ -71.410027, 7.446190 ], [ -71.409653, 7.446620 ], [ -71.408829, 7.447479 ], [ -71.408363, 7.447907 ], [ -71.408035, 7.448315 ], [ -71.408226, 7.449008 ], [ -71.408493, 7.449471 ], [ -71.409218, 7.450309 ], [ -71.410027, 7.451310 ], [ -71.410065, 7.451884 ], [ -71.409622, 7.452473 ], [ -71.408989, 7.452807 ], [ -71.408462, 7.452844 ], [ -71.407753, 7.452672 ], [ -71.407181, 7.452433 ], [ -71.406677, 7.452264 ], [ -71.406288, 7.451890 ], [ -71.405907, 7.451333 ], [ -71.405640, 7.450824 ], [ -71.405403, 7.450177 ], [ -71.405388, 7.449374 ], [ -71.405334, 7.448776 ], [ -71.404930, 7.448172 ], [ -71.404495, 7.447775 ], [ -71.403969, 7.447605 ], [ -71.403396, 7.447596 ], [ -71.402817, 7.447655 ], [ -71.402168, 7.448150 ], [ -71.401741, 7.448601 ], [ -71.401161, 7.449097 ], [ -71.400375, 7.449359 ], [ -71.398132, 7.449713 ], [ -71.397560, 7.449864 ], [ -71.397049, 7.450130 ], [ -71.396599, 7.450490 ], [ -71.396294, 7.451037 ], [ -71.396103, 7.451607 ], [ -71.395881, 7.452338 ], [ -71.395660, 7.452931 ], [ -71.395401, 7.453524 ], [ -71.394951, 7.453976 ], [ -71.394425, 7.454082 ], [ -71.393822, 7.454164 ], [ -71.393318, 7.453971 ], [ -71.393074, 7.453348 ], [ -71.393044, 7.452682 ], [ -71.393097, 7.452063 ], [ -71.393112, 7.451351 ], [ -71.393051, 7.450822 ], [ -71.392906, 7.450109 ], [ -71.392586, 7.449666 ], [ -71.391899, 7.449449 ], [ -71.391304, 7.449485 ], [ -71.390610, 7.449749 ], [ -71.390007, 7.450037 ], [ -71.389496, 7.450213 ], [ -71.388847, 7.450202 ], [ -71.388184, 7.450030 ], [ -71.387703, 7.449816 ], [ -71.387321, 7.449213 ], [ -71.387268, 7.448546 ], [ -71.387139, 7.447901 ], [ -71.386856, 7.447185 ], [ -71.386398, 7.446902 ], [ -71.385567, 7.446888 ], [ -71.384872, 7.447037 ], [ -71.384201, 7.447279 ], [ -71.382950, 7.447992 ], [ -71.382279, 7.448417 ], [ -71.381790, 7.448638 ], [ -71.381096, 7.448834 ], [ -71.380379, 7.448936 ], [ -71.379684, 7.448948 ], [ -71.378815, 7.448979 ], [ -71.378212, 7.448947 ], [ -71.377365, 7.448772 ], [ -71.376701, 7.448462 ], [ -71.376251, 7.448180 ], [ -71.375770, 7.447712 ], [ -71.375053, 7.446874 ], [ -71.374329, 7.445899 ], [ -71.373879, 7.445271 ], [ -71.373436, 7.444552 ], [ -71.372894, 7.443900 ], [ -71.372391, 7.443479 ], [ -71.371872, 7.443102 ], [ -71.371323, 7.442726 ], [ -71.370773, 7.442396 ], [ -71.370163, 7.442041 ], [ -71.369362, 7.441546 ], [ -71.368843, 7.441262 ], [ -71.368309, 7.441161 ], [ -71.367569, 7.441378 ], [ -71.366157, 7.442135 ], [ -71.364761, 7.442939 ], [ -71.364136, 7.443203 ], [ -71.363602, 7.443401 ], [ -71.363022, 7.443690 ], [ -71.362282, 7.443954 ], [ -71.361611, 7.444103 ], [ -71.360870, 7.444068 ], [ -71.360115, 7.444009 ], [ -71.358597, 7.443984 ], [ -71.357857, 7.443995 ], [ -71.357307, 7.443963 ], [ -71.356781, 7.443770 ], [ -71.356140, 7.443438 ], [ -71.355392, 7.442852 ], [ -71.354301, 7.441939 ], [ -71.353348, 7.441165 ], [ -71.352852, 7.440790 ], [ -71.352280, 7.440435 ], [ -71.351799, 7.440198 ], [ -71.351067, 7.439979 ], [ -71.350403, 7.440014 ], [ -71.349953, 7.440488 ], [ -71.349709, 7.441266 ], [ -71.349564, 7.441951 ], [ -71.349365, 7.442545 ], [ -71.349129, 7.443115 ], [ -71.348961, 7.443663 ], [ -71.348900, 7.444259 ], [ -71.349030, 7.444812 ], [ -71.349167, 7.446192 ], [ -71.349197, 7.446927 ], [ -71.349190, 7.447661 ], [ -71.349129, 7.448280 ], [ -71.348824, 7.448803 ], [ -71.348244, 7.449138 ], [ -71.347641, 7.449243 ], [ -71.347023, 7.449094 ], [ -71.346497, 7.449109 ], [ -71.346054, 7.449399 ], [ -71.345512, 7.449712 ], [ -71.344917, 7.449794 ], [ -71.344299, 7.449623 ], [ -71.343727, 7.449361 ], [ -71.342720, 7.448793 ], [ -71.341675, 7.448179 ], [ -71.341248, 7.447782 ], [ -71.340675, 7.447336 ], [ -71.340103, 7.447143 ], [ -71.339577, 7.447111 ], [ -71.338860, 7.447122 ], [ -71.337547, 7.447375 ], [ -71.336967, 7.447526 ], [ -71.336388, 7.447632 ], [ -71.335678, 7.447781 ], [ -71.334984, 7.447976 ], [ -71.334312, 7.448148 ], [ -71.333313, 7.448522 ], [ -71.331810, 7.449139 ], [ -71.331276, 7.449429 ], [ -71.330742, 7.449673 ], [ -71.330093, 7.449731 ], [ -71.329498, 7.449652 ], [ -71.328247, 7.450228 ], [ -71.327713, 7.450448 ], [ -71.327133, 7.450531 ], [ -71.326561, 7.450383 ], [ -71.326080, 7.450146 ], [ -71.325356, 7.449628 ], [ -71.324852, 7.449207 ], [ -71.324333, 7.448648 ], [ -71.323822, 7.447858 ], [ -71.323235, 7.446907 ], [ -71.322922, 7.446466 ], [ -71.322540, 7.445862 ], [ -71.322021, 7.445096 ], [ -71.321075, 7.443933 ], [ -71.320511, 7.443510 ], [ -71.319870, 7.443178 ], [ -71.318794, 7.442907 ], [ -71.317482, 7.442885 ], [ -71.316490, 7.442984 ], [ -71.315842, 7.443133 ], [ -71.315353, 7.443355 ], [ -71.314979, 7.443831 ], [ -71.314453, 7.445015 ], [ -71.314262, 7.445563 ], [ -71.314018, 7.446042 ], [ -71.313553, 7.446653 ], [ -71.313011, 7.447149 ], [ -71.312431, 7.447484 ], [ -71.311897, 7.447567 ], [ -71.311279, 7.447534 ], [ -71.310493, 7.447728 ], [ -71.309845, 7.447854 ], [ -71.308731, 7.448295 ], [ -71.308106, 7.448560 ], [ -71.307068, 7.449024 ], [ -71.306351, 7.449059 ], [ -71.305687, 7.448909 ], [ -71.304909, 7.448575 ], [ -71.304085, 7.448240 ], [ -71.302666, 7.447712 ], [ -71.302139, 7.447565 ], [ -71.300377, 7.447030 ], [ -71.299782, 7.446768 ], [ -71.299103, 7.446343 ], [ -71.298416, 7.445849 ], [ -71.297874, 7.445381 ], [ -71.297279, 7.444935 ], [ -71.296600, 7.444487 ], [ -71.295921, 7.443971 ], [ -71.295281, 7.443547 ], [ -71.294502, 7.443144 ], [ -71.293755, 7.442810 ], [ -71.292534, 7.442537 ], [ -71.291893, 7.442480 ], [ -71.291344, 7.442448 ], [ -71.290772, 7.442277 ], [ -71.290245, 7.442039 ], [ -71.289604, 7.441638 ], [ -71.289154, 7.441125 ], [ -71.288841, 7.440547 ], [ -71.288628, 7.439762 ], [ -71.288406, 7.439070 ], [ -71.287911, 7.437340 ], [ -71.287392, 7.436412 ], [ -71.286796, 7.436219 ], [ -71.285973, 7.435884 ], [ -71.285240, 7.435780 ], [ -71.284691, 7.435793 ], [ -71.284065, 7.436012 ], [ -71.283348, 7.436321 ], [ -71.282760, 7.436610 ], [ -71.281448, 7.437989 ], [ -71.280731, 7.438505 ], [ -71.280243, 7.438726 ], [ -71.279594, 7.438968 ], [ -71.278923, 7.439025 ], [ -71.278259, 7.438830 ], [ -71.277687, 7.438523 ], [ -71.277214, 7.438033 ], [ -71.276833, 7.437498 ], [ -71.277054, 7.436790 ], [ -71.277298, 7.436105 ], [ -71.277580, 7.435421 ], [ -71.277962, 7.434854 ], [ -71.278267, 7.434423 ], [ -71.278664, 7.433948 ], [ -71.279182, 7.433382 ], [ -71.279679, 7.432771 ], [ -71.279915, 7.432178 ], [ -71.279976, 7.431444 ], [ -71.279915, 7.430800 ], [ -71.279640, 7.429716 ], [ -71.279396, 7.429162 ], [ -71.279129, 7.428675 ], [ -71.278839, 7.428188 ], [ -71.278450, 7.427791 ], [ -71.277954, 7.427438 ], [ -71.277290, 7.427106 ], [ -71.276459, 7.427000 ], [ -71.275627, 7.427170 ], [ -71.274956, 7.427480 ], [ -71.274513, 7.427817 ], [ -71.274071, 7.428315 ], [ -71.273262, 7.429701 ], [ -71.272995, 7.430408 ], [ -71.272797, 7.431162 ], [ -71.272621, 7.432216 ], [ -71.272468, 7.432925 ], [ -71.272232, 7.433426 ], [ -71.271698, 7.433784 ], [ -71.271027, 7.433979 ], [ -71.270500, 7.433810 ], [ -71.270042, 7.433343 ], [ -71.269547, 7.433059 ], [ -71.268761, 7.433114 ], [ -71.267952, 7.433354 ], [ -71.267326, 7.433504 ], [ -71.266731, 7.433425 ], [ -71.265953, 7.433091 ], [ -71.265335, 7.432805 ], [ -71.264809, 7.432773 ], [ -71.264252, 7.432717 ], [ -71.263870, 7.432183 ], [ -71.263328, 7.431807 ], [ -71.262474, 7.431792 ], [ -71.261902, 7.431737 ], [ -71.261490, 7.431385 ], [ -71.261223, 7.430922 ], [ -71.260727, 7.430592 ], [ -71.260132, 7.430283 ], [ -71.259354, 7.430132 ], [ -71.258797, 7.430146 ], [ -71.257988, 7.430247 ], [ -71.256996, 7.430460 ], [ -71.256378, 7.430541 ], [ -71.255127, 7.430613 ], [ -71.254601, 7.430833 ], [ -71.254028, 7.431902 ], [ -71.253647, 7.432402 ], [ -71.253204, 7.432784 ], [ -71.252693, 7.433096 ], [ -71.251770, 7.433333 ], [ -71.251190, 7.433415 ], [ -71.250565, 7.433658 ], [ -71.249870, 7.433807 ], [ -71.249252, 7.433819 ], [ -71.248634, 7.433671 ], [ -71.248108, 7.433364 ], [ -71.247505, 7.432366 ], [ -71.246956, 7.432082 ], [ -71.246315, 7.432071 ], [ -71.245506, 7.432172 ], [ -71.244835, 7.432183 ], [ -71.244011, 7.431986 ], [ -71.243279, 7.431721 ], [ -71.242798, 7.431438 ], [ -71.242348, 7.430971 ], [ -71.241943, 7.430504 ], [ -71.241448, 7.429831 ], [ -71.241279, 7.429093 ], [ -71.241356, 7.428382 ], [ -71.241531, 7.427697 ], [ -71.241753, 7.426645 ], [ -71.241836, 7.425911 ], [ -71.241867, 7.425384 ], [ -71.241745, 7.424785 ], [ -71.241272, 7.424134 ], [ -71.240799, 7.423621 ], [ -71.240120, 7.422737 ], [ -71.239738, 7.422157 ], [ -71.239334, 7.421668 ], [ -71.238762, 7.421314 ], [ -71.237961, 7.421277 ], [ -71.237244, 7.421403 ], [ -71.236496, 7.421918 ], [ -71.235962, 7.422253 ], [ -71.235451, 7.422474 ], [ -71.234856, 7.422556 ], [ -71.234207, 7.422476 ], [ -71.233635, 7.422512 ], [ -71.233192, 7.422803 ], [ -71.232819, 7.423279 ], [ -71.232315, 7.424212 ], [ -71.231712, 7.424477 ], [ -71.231133, 7.424835 ], [ -71.230332, 7.425648 ], [ -71.229568, 7.426002 ], [ -71.228851, 7.426013 ], [ -71.228028, 7.425838 ], [ -71.227226, 7.425618 ], [ -71.224716, 7.425576 ], [ -71.223801, 7.425583 ], [ -71.223084, 7.425640 ], [ -71.222511, 7.425538 ], [ -71.221870, 7.425344 ], [ -71.221252, 7.425104 ], [ -71.220726, 7.424842 ], [ -71.220344, 7.424468 ], [ -71.219704, 7.424274 ], [ -71.218918, 7.424306 ], [ -71.218338, 7.424411 ], [ -71.217644, 7.424698 ], [ -71.216507, 7.425069 ], [ -71.215447, 7.425464 ], [ -71.214775, 7.425614 ], [ -71.214126, 7.425557 ], [ -71.213531, 7.425363 ], [ -71.213058, 7.425149 ], [ -71.212463, 7.424771 ], [ -71.212006, 7.424465 ], [ -71.211693, 7.423977 ], [ -71.211540, 7.423377 ], [ -71.211601, 7.422759 ], [ -71.211723, 7.422210 ], [ -71.211945, 7.421686 ], [ -71.212433, 7.421258 ], [ -71.213081, 7.420810 ], [ -71.213646, 7.420521 ], [ -71.214546, 7.420031 ], [ -71.215294, 7.419676 ], [ -71.216499, 7.419008 ], [ -71.217407, 7.418404 ], [ -71.217743, 7.417697 ], [ -71.217758, 7.417009 ], [ -71.217583, 7.416432 ], [ -71.217430, 7.415879 ], [ -71.217323, 7.415211 ], [ -71.217178, 7.414519 ], [ -71.216835, 7.413090 ], [ -71.216545, 7.412305 ], [ -71.215881, 7.410916 ], [ -71.215302, 7.409896 ], [ -71.214783, 7.409245 ], [ -71.214355, 7.408823 ], [ -71.213715, 7.408423 ], [ -71.213234, 7.408185 ], [ -71.212616, 7.407922 ], [ -71.211319, 7.407464 ], [ -71.210747, 7.407156 ], [ -71.210335, 7.406827 ], [ -71.209930, 7.406384 ], [ -71.209572, 7.405919 ], [ -71.209191, 7.405384 ], [ -71.208855, 7.404805 ], [ -71.208176, 7.404150 ], [ -71.207672, 7.403775 ], [ -71.207108, 7.403420 ], [ -71.206375, 7.403132 ], [ -71.205643, 7.402914 ], [ -71.204338, 7.402501 ], [ -71.203262, 7.402138 ], [ -71.202576, 7.401897 ], [ -71.201477, 7.401626 ], [ -71.200905, 7.401455 ], [ -71.200378, 7.401148 ], [ -71.199898, 7.400773 ], [ -71.199447, 7.400283 ], [ -71.199120, 7.399519 ], [ -71.198898, 7.398735 ], [ -71.198776, 7.398090 ], [ -71.198738, 7.397309 ], [ -71.198845, 7.396530 ], [ -71.199021, 7.395844 ], [ -71.199219, 7.395136 ], [ -71.199364, 7.394473 ], [ -71.199402, 7.393853 ], [ -71.199318, 7.393301 ], [ -71.198982, 7.392790 ], [ -71.198486, 7.392254 ], [ -71.198074, 7.391833 ], [ -71.197533, 7.391457 ], [ -71.196961, 7.391103 ], [ -71.196441, 7.390749 ], [ -71.195778, 7.390554 ], [ -71.195030, 7.390978 ], [ -71.194374, 7.391518 ], [ -71.193840, 7.392014 ], [ -71.193344, 7.392579 ], [ -71.192993, 7.393079 ], [ -71.192589, 7.393622 ], [ -71.191673, 7.394686 ], [ -71.191109, 7.395274 ], [ -71.190666, 7.395565 ], [ -71.190071, 7.395761 ], [ -71.189423, 7.395795 ], [ -71.188896, 7.395809 ], [ -71.188179, 7.395729 ], [ -71.187561, 7.395557 ], [ -71.186920, 7.395202 ], [ -71.185654, 7.394285 ], [ -71.185173, 7.393909 ], [ -71.183785, 7.393128 ], [ -71.183052, 7.392679 ], [ -71.182396, 7.392347 ], [ -71.181663, 7.392127 ], [ -71.181107, 7.392026 ], [ -71.180535, 7.391971 ], [ -71.179909, 7.392075 ], [ -71.179329, 7.392363 ], [ -71.178703, 7.392766 ], [ -71.177628, 7.393620 ], [ -71.177002, 7.393908 ], [ -71.176407, 7.393967 ], [ -71.175835, 7.393658 ], [ -71.175392, 7.392755 ], [ -71.175011, 7.392083 ], [ -71.174767, 7.391597 ], [ -71.174614, 7.391066 ], [ -71.174217, 7.390026 ], [ -71.173790, 7.389491 ], [ -71.173317, 7.389024 ], [ -71.173096, 7.388469 ], [ -71.173126, 7.387918 ], [ -71.173279, 7.387301 ], [ -71.173470, 7.386707 ], [ -71.173920, 7.386164 ], [ -71.174637, 7.385832 ], [ -71.175865, 7.385462 ], [ -71.176353, 7.385127 ], [ -71.176521, 7.384555 ], [ -71.176537, 7.383982 ], [ -71.176247, 7.383425 ], [ -71.175751, 7.382636 ], [ -71.175209, 7.382076 ], [ -71.174622, 7.381607 ], [ -71.173866, 7.381066 ], [ -71.173050, 7.380593 ], [ -71.172523, 7.380239 ], [ -71.170975, 7.379249 ], [ -71.170357, 7.378985 ], [ -71.169762, 7.378861 ], [ -71.169144, 7.378713 ], [ -71.168594, 7.378497 ], [ -71.168167, 7.378007 ], [ -71.167854, 7.377473 ], [ -71.167160, 7.376543 ], [ -71.166748, 7.376145 ], [ -71.166252, 7.375816 ], [ -71.165749, 7.375623 ], [ -71.164948, 7.375426 ], [ -71.164047, 7.375319 ], [ -71.163361, 7.375261 ], [ -71.162766, 7.375183 ], [ -71.161820, 7.374937 ], [ -71.161163, 7.374673 ], [ -71.160499, 7.374248 ], [ -71.159820, 7.373709 ], [ -71.158844, 7.372796 ], [ -71.158348, 7.372420 ], [ -71.157799, 7.372089 ], [ -71.156860, 7.371614 ], [ -71.155632, 7.371019 ], [ -71.155151, 7.370712 ], [ -71.154724, 7.370292 ], [ -71.153534, 7.369881 ], [ -71.152550, 7.369612 ], [ -71.151772, 7.369438 ], [ -71.150322, 7.369206 ], [ -71.148995, 7.369045 ], [ -71.147102, 7.368922 ], [ -71.146004, 7.368926 ], [ -71.145241, 7.369096 ], [ -71.144127, 7.369421 ], [ -71.143501, 7.369595 ], [ -71.142761, 7.369765 ], [ -71.140923, 7.369917 ], [ -71.140206, 7.370066 ], [ -71.139442, 7.370260 ], [ -71.138611, 7.370498 ], [ -71.137962, 7.370670 ], [ -71.136734, 7.371086 ], [ -71.136063, 7.371280 ], [ -71.135551, 7.371409 ], [ -71.135025, 7.371355 ], [ -71.134453, 7.371024 ], [ -71.133812, 7.370829 ], [ -71.133194, 7.370749 ], [ -71.132225, 7.370778 ], [ -71.131515, 7.370789 ], [ -71.130852, 7.370410 ], [ -71.129845, 7.370003 ], [ -71.129234, 7.369670 ], [ -71.128593, 7.369339 ], [ -71.128021, 7.368984 ], [ -71.127319, 7.368582 ], [ -71.126564, 7.368225 ], [ -71.125946, 7.367984 ], [ -71.124756, 7.367803 ], [ -71.123649, 7.367899 ], [ -71.122742, 7.368090 ], [ -71.121704, 7.368416 ], [ -71.121170, 7.368729 ], [ -71.120468, 7.369313 ], [ -71.119881, 7.369924 ], [ -71.119408, 7.370489 ], [ -71.119080, 7.371011 ], [ -71.118675, 7.371625 ], [ -71.118019, 7.372554 ], [ -71.117455, 7.373050 ], [ -71.116745, 7.373060 ], [ -71.115913, 7.372955 ], [ -71.115250, 7.372599 ], [ -71.114800, 7.372224 ], [ -71.114281, 7.371709 ], [ -71.113808, 7.371265 ], [ -71.112465, 7.370209 ], [ -71.111992, 7.369764 ], [ -71.111038, 7.368990 ], [ -71.110397, 7.368612 ], [ -71.109345, 7.368272 ], [ -71.108269, 7.368139 ], [ -71.107163, 7.368097 ], [ -71.106399, 7.368198 ], [ -71.106026, 7.368674 ], [ -71.105423, 7.369904 ], [ -71.104973, 7.370861 ], [ -71.104752, 7.371545 ], [ -71.104645, 7.372255 ], [ -71.104530, 7.373539 ], [ -71.104339, 7.374247 ], [ -71.104095, 7.374726 ], [ -71.103538, 7.375290 ], [ -71.102951, 7.375785 ], [ -71.102532, 7.376099 ], [ -71.101768, 7.376224 ], [ -71.101151, 7.376167 ], [ -71.100418, 7.376017 ], [ -71.099823, 7.375800 ], [ -71.099274, 7.375377 ], [ -71.098595, 7.374745 ], [ -71.098053, 7.374139 ], [ -71.097603, 7.373488 ], [ -71.097206, 7.372724 ], [ -71.096916, 7.372099 ], [ -71.096443, 7.371379 ], [ -71.095978, 7.370751 ], [ -71.095406, 7.370397 ], [ -71.094811, 7.370364 ], [ -71.094047, 7.370442 ], [ -71.093468, 7.370547 ], [ -71.092842, 7.370766 ], [ -71.092216, 7.371007 ], [ -71.091591, 7.371157 ], [ -71.090859, 7.371283 ], [ -71.090302, 7.371365 ], [ -71.088959, 7.371594 ], [ -71.087761, 7.372010 ], [ -71.087067, 7.372227 ], [ -71.086533, 7.372379 ], [ -71.085975, 7.372507 ], [ -71.085373, 7.372565 ], [ -71.084823, 7.372510 ], [ -71.084343, 7.372272 ], [ -71.083618, 7.371892 ], [ -71.083336, 7.370854 ], [ -71.083069, 7.370345 ], [ -71.082756, 7.369604 ], [ -71.082115, 7.368376 ], [ -71.081871, 7.367775 ], [ -71.081627, 7.367128 ], [ -71.081314, 7.366549 ], [ -71.080933, 7.365968 ], [ -71.080605, 7.365411 ], [ -71.079948, 7.364412 ], [ -71.079475, 7.363899 ], [ -71.078980, 7.363339 ], [ -71.078529, 7.362895 ], [ -71.078026, 7.362611 ], [ -71.077454, 7.362440 ], [ -71.076851, 7.362568 ], [ -71.076370, 7.362766 ], [ -71.075714, 7.363145 ], [ -71.075203, 7.363412 ], [ -71.074600, 7.363631 ], [ -71.074097, 7.363760 ], [ -71.073517, 7.363796 ], [ -71.072990, 7.363786 ], [ -71.072510, 7.363434 ], [ -71.072128, 7.362853 ], [ -71.072075, 7.362118 ], [ -71.072159, 7.361224 ], [ -71.072281, 7.360652 ], [ -71.072456, 7.360035 ], [ -71.072586, 7.359371 ], [ -71.072502, 7.358612 ], [ -71.072304, 7.357139 ], [ -71.071899, 7.356558 ], [ -71.071312, 7.355997 ], [ -71.070198, 7.355197 ], [ -71.069534, 7.354979 ], [ -71.068131, 7.354840 ], [ -71.066658, 7.354653 ], [ -71.066086, 7.354483 ], [ -71.065331, 7.354217 ], [ -71.063316, 7.353608 ], [ -71.062607, 7.353251 ], [ -71.061951, 7.352827 ], [ -71.060860, 7.352165 ], [ -71.060242, 7.351833 ], [ -71.059647, 7.351455 ], [ -71.059128, 7.351148 ], [ -71.058396, 7.350905 ], [ -71.057846, 7.350781 ], [ -71.057015, 7.350812 ], [ -71.056274, 7.350914 ], [ -71.055603, 7.351040 ], [ -71.054962, 7.351213 ], [ -71.054313, 7.351431 ], [ -71.053734, 7.351651 ], [ -71.053154, 7.351939 ], [ -71.052620, 7.352182 ], [ -71.051895, 7.352561 ], [ -71.051361, 7.352804 ], [ -71.050667, 7.352998 ], [ -71.049003, 7.353428 ], [ -71.048149, 7.353597 ], [ -71.047569, 7.353725 ], [ -71.046997, 7.353806 ], [ -71.046211, 7.353954 ], [ -71.045471, 7.354125 ], [ -71.044571, 7.354362 ], [ -71.043755, 7.354646 ], [ -71.042709, 7.355110 ], [ -71.041649, 7.355528 ], [ -71.040863, 7.355766 ], [ -71.040283, 7.355871 ], [ -71.039574, 7.355744 ], [ -71.039093, 7.355484 ], [ -71.038620, 7.354809 ], [ -71.038307, 7.354252 ], [ -71.037887, 7.353235 ], [ -71.037643, 7.352680 ], [ -71.037499, 7.352126 ], [ -71.037277, 7.351433 ], [ -71.036972, 7.350372 ], [ -71.036735, 7.349633 ], [ -71.036583, 7.348964 ], [ -71.036278, 7.348270 ], [ -71.035965, 7.347645 ], [ -71.035553, 7.347293 ], [ -71.034889, 7.347396 ], [ -71.034378, 7.347617 ], [ -71.033791, 7.348021 ], [ -71.033463, 7.348681 ], [ -71.033119, 7.349730 ], [ -71.032852, 7.350461 ], [ -71.032364, 7.350843 ], [ -71.031784, 7.351085 ], [ -71.031090, 7.351050 ], [ -71.030541, 7.350926 ], [ -71.030014, 7.350756 ], [ -71.029358, 7.350400 ], [ -71.028923, 7.350071 ], [ -71.027878, 7.349226 ], [ -71.027496, 7.348761 ], [ -71.027275, 7.348068 ], [ -71.027153, 7.347445 ], [ -71.027000, 7.346938 ], [ -71.026939, 7.346408 ], [ -71.026810, 7.345901 ], [ -71.026703, 7.345371 ], [ -71.025970, 7.344073 ], [ -71.025345, 7.343005 ], [ -71.024849, 7.342354 ], [ -71.024055, 7.341835 ], [ -71.023323, 7.341501 ], [ -71.022659, 7.341305 ], [ -71.022110, 7.341273 ], [ -71.021530, 7.341331 ], [ -71.020722, 7.341478 ], [ -71.019562, 7.341803 ], [ -71.018799, 7.342087 ], [ -71.018265, 7.342239 ], [ -71.017624, 7.342297 ], [ -71.017097, 7.342104 ], [ -71.016395, 7.341540 ], [ -71.015716, 7.340817 ], [ -71.015335, 7.340236 ], [ -71.015068, 7.339772 ], [ -71.014801, 7.339240 ], [ -71.014290, 7.338151 ], [ -71.013924, 7.336905 ], [ -71.013794, 7.336283 ], [ -71.013618, 7.335682 ], [ -71.013374, 7.335150 ], [ -71.013084, 7.334709 ], [ -71.012611, 7.334448 ], [ -71.011986, 7.334345 ], [ -71.011490, 7.335117 ], [ -71.011299, 7.335665 ], [ -71.011124, 7.336374 ], [ -71.011063, 7.336969 ], [ -71.011482, 7.338194 ], [ -71.011810, 7.339026 ], [ -71.012322, 7.340252 ], [ -71.012733, 7.341408 ], [ -71.013359, 7.342612 ], [ -71.013626, 7.343237 ], [ -71.013916, 7.343816 ], [ -71.014038, 7.344438 ], [ -71.013756, 7.344893 ], [ -71.013107, 7.344950 ], [ -71.012535, 7.344779 ], [ -71.011963, 7.344540 ], [ -71.011353, 7.344241 ], [ -71.010620, 7.343851 ], [ -71.009933, 7.343586 ], [ -71.009384, 7.343415 ], [ -71.008377, 7.343237 ], [ -71.007660, 7.343156 ], [ -71.006927, 7.343143 ], [ -71.006241, 7.343085 ], [ -71.005501, 7.342980 ], [ -71.004883, 7.342877 ], [ -71.004219, 7.342751 ], [ -71.002411, 7.342283 ], [ -71.001854, 7.342205 ], [ -71.001213, 7.342171 ], [ -71.000397, 7.342199 ], [ -70.999458, 7.342294 ], [ -70.998360, 7.342842 ], [ -70.997650, 7.342947 ], [ -70.996384, 7.342970 ], [ -70.995056, 7.343156 ], [ -70.994293, 7.343078 ], [ -70.993576, 7.342792 ], [ -70.992554, 7.342191 ], [ -70.991875, 7.341836 ], [ -70.991455, 7.341316 ], [ -70.991005, 7.340703 ], [ -70.990578, 7.340252 ], [ -70.990044, 7.339756 ], [ -70.989571, 7.339375 ], [ -70.989128, 7.338923 ], [ -70.988449, 7.338430 ], [ -70.987839, 7.337867 ], [ -70.987083, 7.336801 ], [ -70.986824, 7.336232 ], [ -70.986511, 7.335595 ], [ -70.986336, 7.334770 ], [ -70.986107, 7.333948 ], [ -70.985939, 7.333434 ], [ -70.985886, 7.332986 ], [ -70.985786, 7.331608 ], [ -70.985672, 7.330942 ], [ -70.985329, 7.330324 ], [ -70.984749, 7.330003 ], [ -70.984123, 7.329868 ], [ -70.983437, 7.329801 ], [ -70.982765, 7.329757 ], [ -70.982101, 7.329735 ], [ -70.981407, 7.329738 ], [ -70.980789, 7.329648 ], [ -70.980049, 7.329558 ], [ -70.979363, 7.329606 ], [ -70.978691, 7.329677 ], [ -70.978073, 7.329793 ], [ -70.977379, 7.330048 ], [ -70.976021, 7.330442 ], [ -70.975380, 7.330650 ], [ -70.974693, 7.330859 ], [ -70.974022, 7.330930 ], [ -70.973267, 7.330749 ], [ -70.972710, 7.330451 ], [ -70.972130, 7.330178 ], [ -70.971512, 7.329904 ], [ -70.970840, 7.329561 ], [ -70.970360, 7.329150 ], [ -70.969848, 7.328691 ], [ -70.969368, 7.328234 ], [ -70.968788, 7.327960 ], [ -70.968117, 7.327732 ], [ -70.967499, 7.327550 ], [ -70.966805, 7.327300 ], [ -70.966164, 7.326980 ], [ -70.965652, 7.326591 ], [ -70.965126, 7.326087 ], [ -70.964729, 7.325468 ], [ -70.964378, 7.324942 ], [ -70.964012, 7.324322 ], [ -70.963295, 7.323222 ], [ -70.962853, 7.322672 ], [ -70.962349, 7.322169 ], [ -70.961861, 7.321642 ], [ -70.961472, 7.321092 ], [ -70.960869, 7.319945 ], [ -70.960380, 7.318592 ], [ -70.960220, 7.317904 ], [ -70.960167, 7.317237 ], [ -70.960144, 7.316525 ], [ -70.960281, 7.315859 ], [ -70.960533, 7.315101 ], [ -70.960762, 7.314365 ], [ -70.960755, 7.313722 ], [ -70.960594, 7.313103 ], [ -70.960243, 7.312576 ], [ -70.959671, 7.312325 ], [ -70.958977, 7.312258 ], [ -70.958290, 7.312076 ], [ -70.957756, 7.311687 ], [ -70.955978, 7.310452 ], [ -70.955383, 7.310178 ], [ -70.954071, 7.309906 ], [ -70.953400, 7.309816 ], [ -70.952621, 7.309795 ], [ -70.951859, 7.309729 ], [ -70.951164, 7.309685 ], [ -70.950455, 7.309687 ], [ -70.949837, 7.309849 ], [ -70.949211, 7.309988 ], [ -70.948547, 7.310014 ], [ -70.947182, 7.309673 ], [ -70.946518, 7.309675 ], [ -70.945900, 7.309792 ], [ -70.945275, 7.309977 ], [ -70.944633, 7.310254 ], [ -70.944054, 7.310692 ], [ -70.943573, 7.311130 ], [ -70.943115, 7.311636 ], [ -70.942657, 7.312120 ], [ -70.942085, 7.312581 ], [ -70.941460, 7.312904 ], [ -70.940865, 7.313159 ], [ -70.940247, 7.313436 ], [ -70.939529, 7.313483 ], [ -70.938820, 7.313187 ], [ -70.938240, 7.312868 ], [ -70.937706, 7.312340 ], [ -70.937157, 7.311952 ], [ -70.936554, 7.311655 ], [ -70.935265, 7.311337 ], [ -70.934548, 7.311063 ], [ -70.933929, 7.310881 ], [ -70.933052, 7.310884 ], [ -70.932365, 7.310863 ], [ -70.931740, 7.310750 ], [ -70.931053, 7.310476 ], [ -70.930245, 7.310432 ], [ -70.929527, 7.310526 ], [ -70.928978, 7.310849 ], [ -70.928451, 7.311264 ], [ -70.927948, 7.311840 ], [ -70.927467, 7.312277 ], [ -70.926979, 7.312830 ], [ -70.926476, 7.313314 ], [ -70.925949, 7.313774 ], [ -70.925354, 7.314028 ], [ -70.924019, 7.314124 ], [ -70.923370, 7.314126 ], [ -70.922706, 7.314036 ], [ -70.922081, 7.313876 ], [ -70.921394, 7.313718 ], [ -70.920700, 7.313674 ], [ -70.919411, 7.313769 ], [ -70.918602, 7.313725 ], [ -70.917961, 7.313865 ], [ -70.917412, 7.314233 ], [ -70.916885, 7.314740 ], [ -70.916443, 7.315201 ], [ -70.915962, 7.315730 ], [ -70.915550, 7.316214 ], [ -70.915069, 7.316720 ], [ -70.914543, 7.317250 ], [ -70.914009, 7.317756 ], [ -70.913414, 7.318172 ], [ -70.912682, 7.318265 ], [ -70.911987, 7.318176 ], [ -70.911324, 7.317925 ], [ -70.909637, 7.316643 ], [ -70.909012, 7.316255 ], [ -70.908531, 7.315843 ], [ -70.907928, 7.315431 ], [ -70.907326, 7.315111 ], [ -70.906685, 7.314860 ], [ -70.906082, 7.314610 ], [ -70.905396, 7.314404 ], [ -70.904083, 7.314132 ], [ -70.903412, 7.314065 ], [ -70.902725, 7.314251 ], [ -70.902122, 7.314505 ], [ -70.901573, 7.314805 ], [ -70.900887, 7.315243 ], [ -70.900284, 7.315658 ], [ -70.899711, 7.316027 ], [ -70.899116, 7.316328 ], [ -70.898468, 7.316582 ], [ -70.897804, 7.316883 ], [ -70.897202, 7.317136 ], [ -70.896583, 7.317368 ], [ -70.895966, 7.317576 ], [ -70.895294, 7.317831 ], [ -70.894585, 7.318154 ], [ -70.893959, 7.318362 ], [ -70.892700, 7.318825 ], [ -70.892074, 7.319125 ], [ -70.891457, 7.319471 ], [ -70.890907, 7.319817 ], [ -70.890396, 7.320301 ], [ -70.889984, 7.320807 ], [ -70.889618, 7.321428 ], [ -70.889206, 7.322049 ], [ -70.888794, 7.322625 ], [ -70.888359, 7.323154 ], [ -70.887833, 7.323592 ], [ -70.887161, 7.323709 ], [ -70.885780, 7.323390 ], [ -70.885162, 7.323186 ], [ -70.884606, 7.322888 ], [ -70.884003, 7.322615 ], [ -70.883362, 7.322341 ], [ -70.882713, 7.322205 ], [ -70.882095, 7.322045 ], [ -70.881401, 7.321979 ], [ -70.880714, 7.322003 ], [ -70.879929, 7.322052 ], [ -70.879242, 7.322144 ], [ -70.878776, 7.322582 ], [ -70.878296, 7.323066 ], [ -70.877724, 7.323550 ], [ -70.877174, 7.323896 ], [ -70.876526, 7.324265 ], [ -70.875885, 7.324611 ], [ -70.875359, 7.325026 ], [ -70.874878, 7.325487 ], [ -70.874390, 7.325993 ], [ -70.873978, 7.326477 ], [ -70.873588, 7.327074 ], [ -70.873245, 7.327741 ], [ -70.872993, 7.328385 ], [ -70.872765, 7.329051 ], [ -70.872627, 7.329695 ], [ -70.872520, 7.330361 ], [ -70.872681, 7.330981 ], [ -70.872955, 7.331554 ], [ -70.873421, 7.331989 ], [ -70.874153, 7.332010 ], [ -70.874870, 7.331802 ], [ -70.875534, 7.331593 ], [ -70.876205, 7.331339 ], [ -70.876846, 7.331038 ], [ -70.877464, 7.330761 ], [ -70.878090, 7.330576 ], [ -70.878731, 7.330528 ], [ -70.879517, 7.330572 ], [ -70.880234, 7.330754 ], [ -70.880829, 7.331097 ], [ -70.881386, 7.331531 ], [ -70.881844, 7.332058 ], [ -70.881989, 7.332702 ], [ -70.881714, 7.333673 ], [ -70.881218, 7.334233 ], [ -70.880669, 7.334588 ], [ -70.879959, 7.334899 ], [ -70.879204, 7.335097 ], [ -70.878448, 7.335065 ], [ -70.877868, 7.334960 ], [ -70.877220, 7.334788 ], [ -70.876549, 7.334708 ], [ -70.875862, 7.334744 ], [ -70.875130, 7.334964 ], [ -70.874519, 7.335481 ], [ -70.873901, 7.335882 ], [ -70.873284, 7.336100 ], [ -70.872642, 7.336296 ], [ -70.871841, 7.336471 ], [ -70.871269, 7.336550 ], [ -70.870644, 7.336561 ], [ -70.869789, 7.336393 ], [ -70.869186, 7.336152 ], [ -70.868515, 7.335796 ], [ -70.867790, 7.335281 ], [ -70.867279, 7.334831 ], [ -70.866386, 7.334089 ], [ -70.865875, 7.333799 ], [ -70.865387, 7.333487 ], [ -70.862015, 7.333395 ], [ -70.861633, 7.335668 ], [ -70.861549, 7.336290 ], [ -70.861374, 7.336914 ], [ -70.861023, 7.337563 ], [ -70.860428, 7.337987 ], [ -70.859718, 7.337908 ], [ -70.859138, 7.337758 ], [ -70.858437, 7.337358 ], [ -70.857994, 7.336998 ], [ -70.857727, 7.336382 ], [ -70.857559, 7.335811 ], [ -70.857429, 7.335032 ], [ -70.857506, 7.334365 ], [ -70.857635, 7.333788 ], [ -70.857879, 7.333110 ], [ -70.857857, 7.332444 ], [ -70.857719, 7.331756 ], [ -70.857483, 7.330975 ], [ -70.857162, 7.330356 ], [ -70.856697, 7.329737 ], [ -70.856148, 7.329256 ], [ -70.855637, 7.328752 ], [ -70.855179, 7.328317 ], [ -70.854576, 7.327790 ], [ -70.854042, 7.327356 ], [ -70.853584, 7.326875 ], [ -70.853004, 7.326508 ], [ -70.852272, 7.326303 ], [ -70.851578, 7.326397 ], [ -70.850983, 7.326652 ], [ -70.850403, 7.327158 ], [ -70.849899, 7.327665 ], [ -70.849373, 7.328218 ], [ -70.848732, 7.328357 ], [ -70.848038, 7.328290 ], [ -70.847412, 7.328062 ], [ -70.846840, 7.327650 ], [ -70.846420, 7.327168 ], [ -70.845985, 7.326710 ], [ -70.845520, 7.326184 ], [ -70.844459, 7.325406 ], [ -70.843864, 7.325085 ], [ -70.843307, 7.324742 ], [ -70.842659, 7.324285 ], [ -70.842155, 7.323804 ], [ -70.841622, 7.323392 ], [ -70.841072, 7.323049 ], [ -70.840309, 7.322844 ], [ -70.839020, 7.322618 ], [ -70.838303, 7.322505 ], [ -70.837776, 7.322162 ], [ -70.837685, 7.321542 ], [ -70.837890, 7.320898 ], [ -70.838280, 7.320300 ], [ -70.838738, 7.319771 ], [ -70.839241, 7.319264 ], [ -70.839699, 7.318827 ], [ -70.840157, 7.318297 ], [ -70.840408, 7.317722 ], [ -70.840363, 7.317080 ], [ -70.839554, 7.317036 ], [ -70.838913, 7.316854 ], [ -70.838241, 7.316786 ], [ -70.837532, 7.316926 ], [ -70.836861, 7.317249 ], [ -70.836243, 7.317664 ], [ -70.835716, 7.318148 ], [ -70.834083, 7.319415 ], [ -70.833534, 7.319808 ], [ -70.833008, 7.320153 ], [ -70.832451, 7.320568 ], [ -70.831925, 7.320937 ], [ -70.831238, 7.321282 ], [ -70.830635, 7.321491 ], [ -70.829903, 7.321562 ], [ -70.828568, 7.321519 ], [ -70.827919, 7.321544 ], [ -70.827278, 7.321637 ], [ -70.826561, 7.321593 ], [ -70.825943, 7.321250 ], [ -70.825294, 7.321045 ], [ -70.824646, 7.320817 ], [ -70.824097, 7.320520 ], [ -70.823562, 7.319993 ], [ -70.823151, 7.319489 ], [ -70.822685, 7.319008 ], [ -70.822228, 7.318412 ], [ -70.821785, 7.317908 ], [ -70.821190, 7.317427 ], [ -70.820633, 7.317061 ], [ -70.819939, 7.316764 ], [ -70.819298, 7.316467 ], [ -70.818558, 7.316216 ], [ -70.817871, 7.316127 ], [ -70.817177, 7.316174 ], [ -70.816467, 7.316291 ], [ -70.815819, 7.316315 ], [ -70.814415, 7.316227 ], [ -70.813675, 7.316298 ], [ -70.812966, 7.316483 ], [ -70.812370, 7.316714 ], [ -70.811150, 7.317246 ], [ -70.809814, 7.317800 ], [ -70.808662, 7.318308 ], [ -70.807976, 7.318310 ], [ -70.807213, 7.318059 ], [ -70.806564, 7.317762 ], [ -70.805946, 7.317397 ], [ -70.805367, 7.316916 ], [ -70.804886, 7.316435 ], [ -70.804215, 7.316115 ], [ -70.803566, 7.315887 ], [ -70.802231, 7.315568 ], [ -70.801544, 7.315364 ], [ -70.800896, 7.315113 ], [ -70.800346, 7.314792 ], [ -70.799995, 7.314082 ], [ -70.800087, 7.313461 ], [ -70.800247, 7.312749 ], [ -70.800522, 7.312059 ], [ -70.800728, 7.311462 ], [ -70.800842, 7.310772 ], [ -70.800858, 7.310129 ], [ -70.800743, 7.309395 ], [ -70.800514, 7.308729 ], [ -70.800209, 7.308178 ], [ -70.799614, 7.307766 ], [ -70.798897, 7.307585 ], [ -70.798271, 7.307471 ], [ -70.797447, 7.307382 ], [ -70.796684, 7.307384 ], [ -70.796021, 7.307454 ], [ -70.795235, 7.307525 ], [ -70.794571, 7.307504 ], [ -70.793968, 7.307230 ], [ -70.793373, 7.306818 ], [ -70.792793, 7.306452 ], [ -70.792259, 7.306063 ], [ -70.791687, 7.305696 ], [ -70.791107, 7.305376 ], [ -70.790512, 7.304941 ], [ -70.789955, 7.304575 ], [ -70.789429, 7.304163 ], [ -70.788551, 7.303178 ], [ -70.788086, 7.302628 ], [ -70.787598, 7.302124 ], [ -70.787071, 7.301735 ], [ -70.786491, 7.301438 ], [ -70.785873, 7.301163 ], [ -70.785179, 7.301142 ], [ -70.784538, 7.301259 ], [ -70.783844, 7.301513 ], [ -70.783249, 7.301790 ], [ -70.782654, 7.302021 ], [ -70.782005, 7.302207 ], [ -70.781181, 7.302461 ], [ -70.779709, 7.302809 ], [ -70.778854, 7.302903 ], [ -70.778145, 7.302997 ], [ -70.777428, 7.303113 ], [ -70.776764, 7.303206 ], [ -70.776116, 7.303346 ], [ -70.775406, 7.303554 ], [ -70.774689, 7.303901 ], [ -70.774025, 7.304269 ], [ -70.773308, 7.304708 ], [ -70.772781, 7.305054 ], [ -70.772232, 7.305354 ], [ -70.771584, 7.305631 ], [ -70.770874, 7.305770 ], [ -70.770203, 7.305840 ], [ -70.769562, 7.305865 ], [ -70.768776, 7.305913 ], [ -70.768089, 7.305846 ], [ -70.767464, 7.305756 ], [ -70.766823, 7.305504 ], [ -70.766220, 7.305207 ], [ -70.765625, 7.304772 ], [ -70.765137, 7.304360 ], [ -70.764679, 7.303925 ], [ -70.764328, 7.303398 ], [ -70.763801, 7.302870 ], [ -70.763336, 7.302390 ], [ -70.762825, 7.301909 ], [ -70.762276, 7.301473 ], [ -70.761719, 7.300946 ], [ -70.761169, 7.300489 ], [ -70.760589, 7.300099 ], [ -70.760017, 7.299802 ], [ -70.759415, 7.299551 ], [ -70.758797, 7.299392 ], [ -70.757988, 7.299462 ], [ -70.757294, 7.299510 ], [ -70.756653, 7.299649 ], [ -70.756004, 7.299720 ], [ -70.755318, 7.299813 ], [ -70.754440, 7.299838 ], [ -70.753776, 7.299656 ], [ -70.753197, 7.299336 ], [ -70.752648, 7.298809 ], [ -70.752297, 7.298259 ], [ -70.752022, 7.297685 ], [ -70.751602, 7.297112 ], [ -70.751053, 7.296631 ], [ -70.750633, 7.296127 ], [ -70.750290, 7.295507 ], [ -70.750008, 7.294819 ], [ -70.749733, 7.293580 ], [ -70.749405, 7.292938 ], [ -70.748993, 7.292365 ], [ -70.748047, 7.291287 ], [ -70.747513, 7.290806 ], [ -70.746841, 7.290716 ], [ -70.746201, 7.290763 ], [ -70.745606, 7.290971 ], [ -70.745026, 7.291363 ], [ -70.744499, 7.291778 ], [ -70.744064, 7.292284 ], [ -70.743630, 7.292859 ], [ -70.743263, 7.293503 ], [ -70.742989, 7.294101 ], [ -70.742737, 7.294814 ], [ -70.742622, 7.295434 ], [ -70.742577, 7.296077 ], [ -70.742691, 7.296811 ], [ -70.742973, 7.297408 ], [ -70.743156, 7.298028 ], [ -70.743317, 7.298762 ], [ -70.743324, 7.299428 ], [ -70.743416, 7.300140 ], [ -70.743484, 7.300783 ], [ -70.743835, 7.302275 ], [ -70.743835, 7.302941 ], [ -70.743675, 7.303584 ], [ -70.743149, 7.303999 ], [ -70.742348, 7.304184 ], [ -70.741653, 7.304071 ], [ -70.741074, 7.303774 ], [ -70.740501, 7.303224 ], [ -70.739967, 7.302675 ], [ -70.739532, 7.302147 ], [ -70.739044, 7.301666 ], [ -70.738403, 7.301162 ], [ -70.737290, 7.300154 ], [ -70.736832, 7.299719 ], [ -70.736412, 7.299192 ], [ -70.735977, 7.298618 ], [ -70.735466, 7.298091 ], [ -70.734963, 7.297657 ], [ -70.734360, 7.297359 ], [ -70.733719, 7.297475 ], [ -70.733162, 7.297913 ], [ -70.732727, 7.298374 ], [ -70.732315, 7.298926 ], [ -70.731789, 7.300213 ], [ -70.731514, 7.300995 ], [ -70.731361, 7.302603 ], [ -70.731270, 7.303315 ], [ -70.731247, 7.303981 ], [ -70.731109, 7.305428 ], [ -70.731026, 7.306852 ], [ -70.730797, 7.307588 ], [ -70.730454, 7.308163 ], [ -70.729897, 7.308623 ], [ -70.729141, 7.308969 ], [ -70.728447, 7.309132 ], [ -70.727737, 7.309111 ], [ -70.727043, 7.308905 ], [ -70.726379, 7.308631 ], [ -70.725685, 7.308311 ], [ -70.725037, 7.307900 ], [ -70.723953, 7.307076 ], [ -70.723495, 7.306617 ], [ -70.723030, 7.306044 ], [ -70.722664, 7.305517 ], [ -70.722244, 7.304943 ], [ -70.721878, 7.304370 ], [ -70.721024, 7.303293 ], [ -70.720444, 7.302835 ], [ -70.719780, 7.302629 ], [ -70.719063, 7.302654 ], [ -70.718353, 7.303023 ], [ -70.717796, 7.303392 ], [ -70.717293, 7.303784 ], [ -70.716698, 7.304152 ], [ -70.716003, 7.304223 ], [ -70.715431, 7.303972 ], [ -70.714874, 7.303353 ], [ -70.714599, 7.302756 ], [ -70.714363, 7.302159 ], [ -70.714180, 7.301494 ], [ -70.714111, 7.300828 ], [ -70.713989, 7.300139 ], [ -70.713738, 7.299497 ], [ -70.713226, 7.299015 ], [ -70.712654, 7.298765 ], [ -70.711845, 7.298605 ], [ -70.711021, 7.298515 ], [ -70.710304, 7.298494 ], [ -70.709610, 7.298404 ], [ -70.708969, 7.298290 ], [ -70.708183, 7.298246 ], [ -70.706802, 7.298525 ], [ -70.706093, 7.298412 ], [ -70.705467, 7.298253 ], [ -70.704849, 7.297978 ], [ -70.704178, 7.297796 ], [ -70.703438, 7.297614 ], [ -70.702820, 7.297409 ], [ -70.702217, 7.297112 ], [ -70.701622, 7.296768 ], [ -70.700997, 7.296586 ], [ -70.700310, 7.296518 ], [ -70.699638, 7.296566 ], [ -70.698952, 7.296774 ], [ -70.698395, 7.297166 ], [ -70.697891, 7.297649 ], [ -70.697388, 7.298156 ], [ -70.696884, 7.298547 ], [ -70.696259, 7.298916 ], [ -70.695595, 7.299056 ], [ -70.694969, 7.298896 ], [ -70.694374, 7.298576 ], [ -70.693817, 7.298210 ], [ -70.693222, 7.297913 ], [ -70.692574, 7.297753 ], [ -70.691864, 7.297755 ], [ -70.691147, 7.297894 ], [ -70.690552, 7.298217 ], [ -70.690071, 7.298677 ], [ -70.689628, 7.299230 ], [ -70.689217, 7.299851 ], [ -70.688805, 7.300334 ], [ -70.688301, 7.300817 ], [ -70.687797, 7.301278 ], [ -70.687241, 7.301899 ], [ -70.686851, 7.302405 ], [ -70.686119, 7.303578 ], [ -70.685730, 7.304085 ], [ -70.684692, 7.305327 ], [ -70.684212, 7.305994 ], [ -70.683800, 7.306500 ], [ -70.683411, 7.307052 ], [ -70.683022, 7.307765 ], [ -70.682678, 7.308501 ], [ -70.682449, 7.309122 ], [ -70.682335, 7.309765 ], [ -70.682289, 7.310408 ], [ -70.682312, 7.311120 ], [ -70.682388, 7.311878 ], [ -70.682388, 7.312705 ], [ -70.682342, 7.313394 ], [ -70.682205, 7.314014 ], [ -70.682091, 7.314772 ], [ -70.682190, 7.316150 ], [ -70.682121, 7.316862 ], [ -70.681984, 7.317482 ], [ -70.681778, 7.318149 ], [ -70.681549, 7.318839 ], [ -70.680954, 7.320172 ], [ -70.680428, 7.320931 ], [ -70.679924, 7.321621 ], [ -70.679421, 7.322036 ], [ -70.678909, 7.322473 ], [ -70.678360, 7.323071 ], [ -70.677284, 7.323832 ], [ -70.676613, 7.324063 ], [ -70.675949, 7.324202 ], [ -70.675255, 7.324250 ], [ -70.674499, 7.324252 ], [ -70.673157, 7.324209 ], [ -70.672447, 7.324210 ], [ -70.671776, 7.324280 ], [ -70.671112, 7.324374 ], [ -70.670372, 7.324536 ], [ -70.669639, 7.324606 ], [ -70.668991, 7.324700 ], [ -70.668236, 7.324770 ], [ -70.667541, 7.324818 ], [ -70.665314, 7.325029 ], [ -70.664665, 7.324962 ], [ -70.663978, 7.324872 ], [ -70.663170, 7.324782 ], [ -70.662407, 7.324806 ], [ -70.661026, 7.325154 ], [ -70.659691, 7.325547 ], [ -70.658959, 7.325779 ], [ -70.658310, 7.326033 ], [ -70.657738, 7.326309 ], [ -70.657028, 7.326540 ], [ -70.656265, 7.326818 ], [ -70.654221, 7.327603 ], [ -70.653298, 7.327858 ], [ -70.651688, 7.328344 ], [ -70.651024, 7.328529 ], [ -70.649254, 7.329773 ], [ -70.648102, 7.330648 ], [ -70.647530, 7.331063 ], [ -70.646973, 7.331431 ], [ -70.646171, 7.331870 ], [ -70.645409, 7.332262 ], [ -70.644905, 7.332791 ], [ -70.644897, 7.333383 ], [ -70.644592, 7.333757 ], [ -70.643982, 7.334365 ], [ -70.642868, 7.335028 ], [ -70.641266, 7.335585 ], [ -70.640526, 7.335644 ], [ -70.639007, 7.335510 ], [ -70.637718, 7.335349 ], [ -70.636146, 7.335261 ], [ -70.635369, 7.335252 ], [ -70.634628, 7.335334 ], [ -70.633941, 7.335438 ], [ -70.632538, 7.335716 ], [ -70.631760, 7.335752 ], [ -70.630768, 7.335609 ], [ -70.630165, 7.335436 ], [ -70.627991, 7.334716 ], [ -70.627411, 7.334542 ], [ -70.626854, 7.334322 ], [ -70.626137, 7.334082 ], [ -70.625305, 7.333913 ], [ -70.623962, 7.333845 ], [ -70.623276, 7.333834 ], [ -70.622673, 7.333798 ], [ -70.622101, 7.333625 ], [ -70.620956, 7.333189 ], [ -70.619347, 7.331837 ], [ -70.618812, 7.331448 ], [ -70.618286, 7.330989 ], [ -70.617386, 7.329957 ], [ -70.616966, 7.329408 ], [ -70.616440, 7.328995 ], [ -70.615860, 7.328468 ], [ -70.615372, 7.327987 ], [ -70.614868, 7.327528 ], [ -70.614380, 7.327070 ], [ -70.613785, 7.326750 ], [ -70.613136, 7.326475 ], [ -70.612473, 7.326316 ], [ -70.611755, 7.326203 ], [ -70.611046, 7.326227 ], [ -70.610397, 7.326343 ], [ -70.609665, 7.326597 ], [ -70.609017, 7.326898 ], [ -70.608330, 7.327312 ], [ -70.607201, 7.327935 ], [ -70.606560, 7.328327 ], [ -70.605911, 7.328696 ], [ -70.605339, 7.328972 ], [ -70.604767, 7.329226 ], [ -70.604210, 7.329525 ], [ -70.603660, 7.329895 ], [ -70.602943, 7.330217 ], [ -70.602303, 7.330632 ], [ -70.601707, 7.330978 ], [ -70.601151, 7.331416 ], [ -70.600624, 7.331807 ], [ -70.600029, 7.332359 ], [ -70.599426, 7.332843 ], [ -70.598923, 7.333303 ], [ -70.597862, 7.333367 ], [ -70.597603, 7.333756 ], [ -70.597244, 7.334268 ], [ -70.596794, 7.334850 ], [ -70.596344, 7.335248 ], [ -70.595589, 7.335722 ], [ -70.594887, 7.336147 ], [ -70.594360, 7.336432 ], [ -70.593834, 7.336648 ], [ -70.593033, 7.337007 ], [ -70.591324, 7.337795 ], [ -70.590637, 7.338197 ], [ -70.589836, 7.338648 ], [ -70.589111, 7.339005 ], [ -70.588516, 7.339337 ], [ -70.587929, 7.339784 ], [ -70.587288, 7.340186 ], [ -70.585945, 7.340899 ], [ -70.585258, 7.341210 ], [ -70.584641, 7.341382 ], [ -70.583885, 7.341510 ], [ -70.583076, 7.341547 ], [ -70.582184, 7.341654 ], [ -70.581421, 7.341828 ], [ -70.580597, 7.341981 ], [ -70.579819, 7.342155 ], [ -70.579224, 7.342395 ], [ -70.578606, 7.342544 ], [ -70.577690, 7.342835 ], [ -70.577026, 7.343192 ], [ -70.576416, 7.343639 ], [ -70.575852, 7.344269 ], [ -70.575401, 7.344852 ], [ -70.574860, 7.345366 ], [ -70.574356, 7.345652 ], [ -70.573761, 7.346029 ], [ -70.573197, 7.346338 ], [ -70.571983, 7.347048 ], [ -70.571007, 7.347824 ], [ -70.569801, 7.348672 ], [ -70.569305, 7.349002 ], [ -70.568710, 7.349357 ], [ -70.568146, 7.349666 ], [ -70.567482, 7.350091 ], [ -70.566818, 7.350493 ], [ -70.566185, 7.350941 ], [ -70.565185, 7.351831 ], [ -70.564285, 7.352721 ], [ -70.563736, 7.353120 ], [ -70.563240, 7.353543 ], [ -70.562767, 7.354033 ], [ -70.562080, 7.354666 ], [ -70.561424, 7.355068 ], [ -70.560738, 7.355356 ], [ -70.560165, 7.355504 ], [ -70.559387, 7.355609 ], [ -70.558762, 7.355620 ], [ -70.557617, 7.355755 ], [ -70.557045, 7.356064 ], [ -70.556518, 7.356463 ], [ -70.555885, 7.357095 ], [ -70.554741, 7.358470 ], [ -70.553703, 7.359638 ], [ -70.553291, 7.360173 ], [ -70.552872, 7.360847 ], [ -70.552330, 7.361591 ], [ -70.551705, 7.362522 ], [ -70.551300, 7.363310 ], [ -70.551063, 7.363935 ], [ -70.550774, 7.364583 ], [ -70.550506, 7.365323 ], [ -70.549889, 7.366850 ], [ -70.549675, 7.367474 ], [ -70.549500, 7.368144 ], [ -70.549172, 7.369068 ], [ -70.548233, 7.370762 ], [ -70.547874, 7.371366 ], [ -70.547607, 7.371922 ], [ -70.547256, 7.372617 ], [ -70.546806, 7.373314 ], [ -70.546333, 7.373759 ], [ -70.545738, 7.374114 ], [ -70.545166, 7.374423 ], [ -70.544525, 7.374687 ], [ -70.543205, 7.375169 ], [ -70.542519, 7.375457 ], [ -70.541809, 7.375653 ], [ -70.541160, 7.375756 ], [ -70.540565, 7.375905 ], [ -70.539139, 7.375929 ], [ -70.538261, 7.375898 ], [ -70.537460, 7.375844 ], [ -70.536698, 7.375903 ], [ -70.536079, 7.376098 ], [ -70.535507, 7.376452 ], [ -70.534988, 7.376806 ], [ -70.534416, 7.377114 ], [ -70.533783, 7.377516 ], [ -70.533096, 7.377965 ], [ -70.532570, 7.378273 ], [ -70.531929, 7.378514 ], [ -70.531174, 7.378757 ], [ -70.530624, 7.378881 ], [ -70.530006, 7.378846 ], [ -70.528038, 7.378512 ], [ -70.527321, 7.378203 ], [ -70.526856, 7.377912 ], [ -70.526428, 7.377368 ], [ -70.526055, 7.376824 ], [ -70.525558, 7.376235 ], [ -70.525040, 7.375646 ], [ -70.524574, 7.375080 ], [ -70.524078, 7.374330 ], [ -70.523651, 7.373786 ], [ -70.523163, 7.373381 ], [ -70.522110, 7.372549 ], [ -70.521522, 7.371962 ], [ -70.521103, 7.371487 ], [ -70.520538, 7.371037 ], [ -70.519959, 7.370771 ], [ -70.519287, 7.370531 ], [ -70.518593, 7.370381 ], [ -70.517899, 7.370302 ], [ -70.517326, 7.370288 ], [ -70.516678, 7.370300 ], [ -70.515991, 7.370335 ], [ -70.515206, 7.370394 ], [ -70.514519, 7.370475 ], [ -70.513901, 7.370670 ], [ -70.513283, 7.370842 ], [ -70.512642, 7.371174 ], [ -70.511711, 7.371857 ], [ -70.511261, 7.372209 ], [ -70.510849, 7.372607 ], [ -70.510376, 7.373144 ], [ -70.509995, 7.373656 ], [ -70.509254, 7.374817 ], [ -70.508804, 7.375262 ], [ -70.508346, 7.375660 ], [ -70.507469, 7.376824 ], [ -70.507065, 7.377429 ], [ -70.506752, 7.378009 ], [ -70.506271, 7.379074 ], [ -70.505852, 7.380299 ], [ -70.505730, 7.381014 ], [ -70.505432, 7.382513 ], [ -70.505417, 7.383202 ], [ -70.505455, 7.383868 ], [ -70.505585, 7.384486 ], [ -70.505707, 7.385265 ], [ -70.505913, 7.386410 ], [ -70.506088, 7.387096 ], [ -70.506355, 7.387805 ], [ -70.506523, 7.388399 ], [ -70.506813, 7.389060 ], [ -70.507080, 7.389698 ], [ -70.507561, 7.390770 ], [ -70.507873, 7.391569 ], [ -70.508064, 7.392209 ], [ -70.508171, 7.392966 ], [ -70.508461, 7.396154 ], [ -70.508568, 7.397026 ], [ -70.508552, 7.397647 ], [ -70.508728, 7.398287 ], [ -70.509216, 7.398692 ], [ -70.509598, 7.399214 ], [ -70.510101, 7.400308 ], [ -70.510483, 7.401220 ], [ -70.511131, 7.402680 ], [ -70.511376, 7.403480 ], [ -70.511620, 7.404325 ], [ -70.511864, 7.404988 ], [ -70.512085, 7.405627 ], [ -70.512215, 7.406361 ], [ -70.512177, 7.407096 ], [ -70.512100, 7.407833 ], [ -70.511993, 7.408386 ], [ -70.511826, 7.409125 ], [ -70.511459, 7.410624 ], [ -70.511238, 7.411295 ], [ -70.510971, 7.411805 ], [ -70.510567, 7.412317 ], [ -70.510002, 7.412856 ], [ -70.509407, 7.413165 ], [ -70.508766, 7.413313 ], [ -70.508148, 7.413416 ], [ -70.506630, 7.413764 ], [ -70.505165, 7.414134 ], [ -70.504524, 7.414330 ], [ -70.503952, 7.414592 ], [ -70.503242, 7.414811 ], [ -70.502510, 7.415100 ], [ -70.501755, 7.415434 ], [ -70.501091, 7.415653 ], [ -70.500092, 7.416225 ], [ -70.499802, 7.416781 ], [ -70.499130, 7.417213 ], [ -70.498093, 7.417826 ], [ -70.497559, 7.418121 ], [ -70.496933, 7.418439 ], [ -70.496193, 7.418848 ], [ -70.495499, 7.419188 ], [ -70.494110, 7.419731 ], [ -70.492699, 7.420319 ], [ -70.492119, 7.420568 ], [ -70.491455, 7.420817 ], [ -70.490692, 7.420996 ], [ -70.490044, 7.421222 ], [ -70.488563, 7.421695 ], [ -70.487961, 7.421830 ], [ -70.487312, 7.421964 ], [ -70.486694, 7.422167 ], [ -70.485840, 7.422231 ], [ -70.485008, 7.422318 ], [ -70.484016, 7.422337 ], [ -70.483116, 7.422218 ], [ -70.482422, 7.422076 ], [ -70.481796, 7.422028 ], [ -70.481133, 7.422070 ], [ -70.480507, 7.422135 ], [ -70.479790, 7.422223 ], [ -70.479027, 7.422334 ], [ -70.478401, 7.422537 ], [ -70.477432, 7.422532 ], [ -70.476837, 7.422483 ], [ -70.475357, 7.422246 ], [ -70.474640, 7.422037 ], [ -70.473770, 7.421849 ], [ -70.473030, 7.421638 ], [ -70.471275, 7.421446 ], [ -70.469895, 7.421279 ], [ -70.469017, 7.421137 ], [ -70.468368, 7.421042 ], [ -70.467674, 7.421015 ], [ -70.466797, 7.420965 ], [ -70.465927, 7.420960 ], [ -70.464401, 7.420907 ], [ -70.463547, 7.420902 ], [ -70.462158, 7.420941 ], [ -70.460663, 7.421048 ], [ -70.459946, 7.421090 ], [ -70.459251, 7.421155 ], [ -70.457985, 7.421378 ], [ -70.457085, 7.421442 ], [ -70.456154, 7.421528 ], [ -70.455261, 7.421524 ], [ -70.454544, 7.421566 ], [ -70.452881, 7.421695 ], [ -70.452210, 7.421806 ], [ -70.451309, 7.421916 ], [ -70.450523, 7.422026 ], [ -70.449692, 7.422091 ], [ -70.449066, 7.422110 ], [ -70.448234, 7.422152 ], [ -70.444588, 7.422430 ], [ -70.443253, 7.422509 ], [ -70.443138, 7.422515 ], [ -70.442513, 7.422604 ], [ -70.441864, 7.422761 ], [ -70.441147, 7.422848 ], [ -70.440475, 7.422982 ], [ -70.439095, 7.423158 ], [ -70.438492, 7.423407 ], [ -70.437683, 7.423723 ], [ -70.436943, 7.424087 ], [ -70.436363, 7.424427 ], [ -70.435806, 7.424790 ], [ -70.435203, 7.425383 ], [ -70.434883, 7.425909 ], [ -70.434464, 7.426364 ], [ -70.433861, 7.426888 ], [ -70.433167, 7.427343 ], [ -70.432358, 7.427888 ], [ -70.431152, 7.428661 ], [ -70.430504, 7.429093 ], [ -70.429993, 7.429457 ], [ -70.429390, 7.429957 ], [ -70.428879, 7.430345 ], [ -70.428398, 7.430685 ], [ -70.426262, 7.432370 ], [ -70.425636, 7.432779 ], [ -70.425057, 7.433234 ], [ -70.424454, 7.433781 ], [ -70.423348, 7.434829 ], [ -70.422699, 7.435421 ], [ -70.422234, 7.435991 ], [ -70.421723, 7.436470 ], [ -70.421188, 7.436879 ], [ -70.420029, 7.437652 ], [ -70.419312, 7.438198 ], [ -70.418198, 7.439109 ], [ -70.416931, 7.439950 ], [ -70.415749, 7.440700 ], [ -70.415077, 7.441109 ], [ -70.414520, 7.441312 ], [ -70.413917, 7.441492 ], [ -70.413223, 7.441626 ], [ -70.412300, 7.441850 ], [ -70.411652, 7.442214 ], [ -70.411034, 7.442325 ], [ -70.410316, 7.442275 ], [ -70.409462, 7.442156 ], [ -70.408882, 7.442015 ], [ -70.408310, 7.441783 ], [ -70.407730, 7.441436 ], [ -70.407135, 7.441319 ], [ -70.406395, 7.441315 ], [ -70.405563, 7.441425 ], [ -70.404709, 7.441558 ], [ -70.403900, 7.441554 ], [ -70.403023, 7.441664 ], [ -70.402214, 7.441637 ], [ -70.401520, 7.441770 ], [ -70.400810, 7.441881 ], [ -70.400162, 7.442336 ], [ -70.399422, 7.442744 ], [ -70.398773, 7.443153 ], [ -70.397957, 7.443561 ], [ -70.397194, 7.443993 ], [ -70.396614, 7.444356 ], [ -70.396088, 7.444720 ], [ -70.395485, 7.445083 ], [ -70.394722, 7.445606 ], [ -70.393883, 7.446129 ], [ -70.392982, 7.446582 ], [ -70.392151, 7.447036 ], [ -70.391594, 7.447285 ], [ -70.390854, 7.447877 ], [ -70.390160, 7.448469 ], [ -70.389511, 7.448901 ], [ -70.388931, 7.449264 ], [ -70.388420, 7.449559 ], [ -70.387909, 7.450060 ], [ -70.387406, 7.450493 ], [ -70.386848, 7.451109 ], [ -70.385704, 7.452523 ], [ -70.385338, 7.453071 ], [ -70.384735, 7.453686 ], [ -70.384270, 7.454348 ], [ -70.383713, 7.455101 ], [ -70.383339, 7.455626 ], [ -70.382942, 7.456105 ], [ -70.382546, 7.456653 ], [ -70.382225, 7.457224 ], [ -70.381805, 7.457795 ], [ -70.380921, 7.458959 ], [ -70.380508, 7.459437 ], [ -70.380135, 7.460100 ], [ -70.379875, 7.460717 ], [ -70.379204, 7.462019 ], [ -70.378830, 7.462911 ], [ -70.378525, 7.463803 ], [ -70.378151, 7.464809 ], [ -70.377960, 7.465472 ], [ -70.377915, 7.466228 ], [ -70.378021, 7.467031 ], [ -70.378067, 7.467718 ], [ -70.378059, 7.468566 ], [ -70.378037, 7.469573 ], [ -70.377754, 7.470855 ], [ -70.376869, 7.472248 ], [ -70.375984, 7.473756 ], [ -70.375611, 7.474372 ], [ -70.375404, 7.474967 ], [ -70.375000, 7.476018 ], [ -70.374634, 7.476658 ], [ -70.374214, 7.477229 ], [ -70.373703, 7.477845 ], [ -70.372894, 7.478642 ], [ -70.372314, 7.479097 ], [ -70.371475, 7.479780 ], [ -70.370712, 7.480463 ], [ -70.369301, 7.481463 ], [ -70.368721, 7.481781 ], [ -70.367912, 7.482190 ], [ -70.367104, 7.482643 ], [ -70.366242, 7.483143 ], [ -70.365524, 7.483483 ], [ -70.364952, 7.483686 ], [ -70.364349, 7.483957 ], [ -70.363792, 7.484321 ], [ -70.363212, 7.484822 ], [ -70.362656, 7.485323 ], [ -70.362076, 7.485801 ], [ -70.361542, 7.486279 ], [ -70.361031, 7.486758 ], [ -70.360542, 7.487305 ], [ -70.360084, 7.487875 ], [ -70.359642, 7.488445 ], [ -70.359222, 7.488902 ], [ -70.358643, 7.489494 ], [ -70.358131, 7.490088 ], [ -70.357551, 7.490794 ], [ -70.357132, 7.491365 ], [ -70.356896, 7.492188 ], [ -70.356735, 7.492852 ], [ -70.356727, 7.493493 ], [ -70.356819, 7.494227 ], [ -70.356956, 7.494938 ], [ -70.357140, 7.495649 ], [ -70.357681, 7.496798 ], [ -70.358116, 7.497671 ], [ -70.358459, 7.498498 ], [ -70.358894, 7.499393 ], [ -70.360153, 7.501531 ], [ -70.360619, 7.501900 ], [ -70.361283, 7.502706 ], [ -70.361900, 7.503763 ], [ -70.362495, 7.504957 ], [ -70.362625, 7.506585 ], [ -70.362648, 7.507478 ], [ -70.362595, 7.508120 ], [ -70.362572, 7.508715 ], [ -70.362495, 7.509311 ], [ -70.362282, 7.510753 ], [ -70.362167, 7.511347 ], [ -70.361931, 7.511897 ], [ -70.361488, 7.513154 ], [ -70.361137, 7.513977 ], [ -70.360947, 7.514709 ], [ -70.360763, 7.515373 ], [ -70.360504, 7.516013 ], [ -70.360176, 7.516882 ], [ -70.359566, 7.518917 ], [ -70.359291, 7.519466 ], [ -70.358498, 7.520744 ], [ -70.358170, 7.521362 ], [ -70.357750, 7.521955 ], [ -70.357498, 7.522481 ], [ -70.357170, 7.523051 ], [ -70.356865, 7.523623 ], [ -70.356590, 7.524194 ], [ -70.356285, 7.524949 ], [ -70.355957, 7.525657 ], [ -70.355866, 7.526252 ], [ -70.355926, 7.527009 ], [ -70.356110, 7.528384 ], [ -70.356171, 7.529851 ], [ -70.356094, 7.530675 ], [ -70.356026, 7.531706 ], [ -70.355835, 7.532919 ], [ -70.355370, 7.533672 ], [ -70.353882, 7.535704 ], [ -70.353508, 7.536229 ], [ -70.352974, 7.537005 ], [ -70.352486, 7.537735 ], [ -70.352020, 7.538397 ], [ -70.351578, 7.539105 ], [ -70.351227, 7.539630 ], [ -70.350884, 7.540110 ], [ -70.350555, 7.540635 ], [ -70.350090, 7.541228 ], [ -70.349251, 7.542461 ], [ -70.348808, 7.543076 ], [ -70.348274, 7.543853 ], [ -70.347740, 7.544606 ], [ -70.347183, 7.545360 ], [ -70.346672, 7.546204 ], [ -70.346161, 7.547095 ], [ -70.345810, 7.547804 ], [ -70.345604, 7.548421 ], [ -70.344925, 7.550296 ], [ -70.344757, 7.550982 ], [ -70.344544, 7.551920 ], [ -70.344383, 7.552516 ], [ -70.344193, 7.553110 ], [ -70.344002, 7.553820 ], [ -70.343727, 7.554482 ], [ -70.343254, 7.555946 ], [ -70.343071, 7.556678 ], [ -70.342857, 7.557296 ], [ -70.342812, 7.557960 ], [ -70.342804, 7.559174 ], [ -70.342865, 7.560022 ], [ -70.342865, 7.561007 ], [ -70.342743, 7.561763 ], [ -70.342674, 7.562404 ], [ -70.342392, 7.563021 ], [ -70.341949, 7.563775 ], [ -70.341553, 7.564231 ], [ -70.341110, 7.564847 ], [ -70.340561, 7.565303 ], [ -70.339981, 7.565895 ], [ -70.339401, 7.566396 ], [ -70.338821, 7.566874 ], [ -70.338241, 7.567284 ], [ -70.337639, 7.567624 ], [ -70.336899, 7.568009 ], [ -70.336014, 7.568417 ], [ -70.334602, 7.569097 ], [ -70.333977, 7.569483 ], [ -70.332802, 7.569957 ], [ -70.331993, 7.570182 ], [ -70.331139, 7.570384 ], [ -70.330261, 7.570379 ], [ -70.329659, 7.570581 ], [ -70.328987, 7.570853 ], [ -70.328384, 7.571216 ], [ -70.327667, 7.571625 ], [ -70.326973, 7.571759 ], [ -70.326324, 7.571801 ], [ -70.325699, 7.571867 ], [ -70.325035, 7.572001 ], [ -70.324295, 7.572294 ], [ -70.323525, 7.572748 ], [ -70.323021, 7.573158 ], [ -70.322464, 7.573682 ], [ -70.321373, 7.574890 ], [ -70.320816, 7.575620 ], [ -70.320648, 7.576192 ], [ -70.320557, 7.576765 ], [ -70.320389, 7.578230 ], [ -70.320381, 7.578825 ], [ -70.320404, 7.579765 ], [ -70.320534, 7.580453 ], [ -70.320740, 7.581050 ], [ -70.321266, 7.582520 ], [ -70.322433, 7.584450 ], [ -70.322823, 7.585048 ], [ -70.323532, 7.586586 ], [ -70.323830, 7.587184 ], [ -70.324059, 7.587850 ], [ -70.324425, 7.588562 ], [ -70.324654, 7.589136 ], [ -70.325378, 7.591294 ], [ -70.325562, 7.591959 ], [ -70.325722, 7.592739 ], [ -70.325714, 7.593404 ], [ -70.325645, 7.594090 ], [ -70.325523, 7.595556 ], [ -70.325493, 7.596198 ], [ -70.325241, 7.597021 ], [ -70.325005, 7.597661 ], [ -70.324722, 7.598232 ], [ -70.324486, 7.599056 ], [ -70.324165, 7.599948 ], [ -70.323700, 7.600587 ], [ -70.323212, 7.601180 ], [ -70.322678, 7.601727 ], [ -70.322098, 7.602273 ], [ -70.321167, 7.603047 ], [ -70.320007, 7.603843 ], [ -70.319359, 7.604344 ], [ -70.318619, 7.604683 ], [ -70.318047, 7.604841 ], [ -70.317375, 7.605043 ], [ -70.316772, 7.605200 ], [ -70.316193, 7.605311 ], [ -70.315567, 7.605377 ], [ -70.314667, 7.605349 ], [ -70.313904, 7.605368 ], [ -70.313240, 7.605365 ], [ -70.312546, 7.605040 ], [ -70.311897, 7.604715 ], [ -70.311348, 7.604301 ], [ -70.310409, 7.603310 ], [ -70.309784, 7.602962 ], [ -70.308952, 7.602615 ], [ -70.308357, 7.602222 ], [ -70.307754, 7.601760 ], [ -70.307068, 7.601573 ], [ -70.306168, 7.601569 ], [ -70.305245, 7.601632 ], [ -70.304550, 7.601766 ], [ -70.303856, 7.601968 ], [ -70.303162, 7.602148 ], [ -70.302650, 7.602466 ], [ -70.302139, 7.602944 ], [ -70.301720, 7.603423 ], [ -70.301285, 7.604131 ], [ -70.301117, 7.604817 ], [ -70.301064, 7.605504 ], [ -70.301064, 7.606948 ], [ -70.301079, 7.607543 ], [ -70.300987, 7.608207 ], [ -70.300934, 7.608986 ], [ -70.300789, 7.609787 ], [ -70.300400, 7.610312 ], [ -70.299797, 7.610813 ], [ -70.299217, 7.611107 ], [ -70.298637, 7.611471 ], [ -70.298035, 7.611835 ], [ -70.297272, 7.612151 ], [ -70.296463, 7.612193 ], [ -70.295792, 7.612211 ], [ -70.295120, 7.612208 ], [ -70.294342, 7.612135 ], [ -70.293762, 7.612017 ], [ -70.292976, 7.611761 ], [ -70.291778, 7.611296 ], [ -70.290970, 7.611062 ], [ -70.290306, 7.610921 ], [ -70.288551, 7.610637 ], [ -70.286980, 7.610284 ], [ -70.286286, 7.610258 ], [ -70.284691, 7.610295 ], [ -70.283813, 7.610335 ], [ -70.283127, 7.610355 ], [ -70.281944, 7.610119 ], [ -70.281235, 7.609932 ], [ -70.279732, 7.609649 ], [ -70.279060, 7.609600 ], [ -70.278343, 7.609664 ], [ -70.276917, 7.609908 ], [ -70.276199, 7.609996 ], [ -70.275551, 7.610176 ], [ -70.274811, 7.610469 ], [ -70.274231, 7.610764 ], [ -70.272934, 7.611353 ], [ -70.272217, 7.611715 ], [ -70.271500, 7.612101 ], [ -70.270897, 7.612327 ], [ -70.269997, 7.612597 ], [ -70.269096, 7.612729 ], [ -70.268425, 7.612725 ], [ -70.267776, 7.612745 ], [ -70.267105, 7.613085 ], [ -70.266365, 7.613585 ], [ -70.265877, 7.613971 ], [ -70.265389, 7.614404 ], [ -70.264885, 7.614882 ], [ -70.264374, 7.615384 ], [ -70.262772, 7.616773 ], [ -70.262123, 7.617204 ], [ -70.261543, 7.617430 ], [ -70.260826, 7.617632 ], [ -70.260132, 7.617720 ], [ -70.259537, 7.617602 ], [ -70.258911, 7.617713 ], [ -70.257553, 7.617248 ], [ -70.256859, 7.616808 ], [ -70.256241, 7.616209 ], [ -70.255272, 7.615035 ], [ -70.254768, 7.614460 ], [ -70.254196, 7.613884 ], [ -70.253693, 7.613286 ], [ -70.253250, 7.612870 ], [ -70.252884, 7.612341 ], [ -70.252335, 7.611903 ], [ -70.251755, 7.611510 ], [ -70.251274, 7.611072 ], [ -70.250793, 7.610680 ], [ -70.249893, 7.609805 ], [ -70.249207, 7.609457 ], [ -70.248558, 7.609178 ], [ -70.247886, 7.608945 ], [ -70.247337, 7.608690 ], [ -70.246765, 7.608389 ], [ -70.246025, 7.608018 ], [ -70.245148, 7.607784 ], [ -70.243881, 7.607480 ], [ -70.242676, 7.607312 ], [ -70.241898, 7.607216 ], [ -70.240623, 7.607186 ], [ -70.239906, 7.607090 ], [ -70.239120, 7.607063 ], [ -70.237808, 7.607354 ], [ -70.236534, 7.607553 ], [ -70.235748, 7.607434 ], [ -70.234970, 7.607178 ], [ -70.233902, 7.607470 ], [ -70.233376, 7.606962 ], [ -70.232826, 7.606386 ], [ -70.232269, 7.605696 ], [ -70.231560, 7.604844 ], [ -70.230988, 7.603993 ], [ -70.230713, 7.603304 ], [ -70.229607, 7.602336 ], [ -70.228966, 7.601828 ], [ -70.228325, 7.601229 ], [ -70.227814, 7.600813 ], [ -70.227173, 7.600375 ], [ -70.226524, 7.600119 ], [ -70.225281, 7.599722 ], [ -70.224381, 7.599396 ], [ -70.223625, 7.599094 ], [ -70.223068, 7.598748 ], [ -70.222405, 7.598377 ], [ -70.221825, 7.598076 ], [ -70.221207, 7.597637 ], [ -70.220718, 7.597222 ], [ -70.220261, 7.596807 ], [ -70.219803, 7.596140 ], [ -70.219277, 7.595312 ], [ -70.218704, 7.594828 ], [ -70.217667, 7.593790 ], [ -70.217018, 7.593466 ], [ -70.216309, 7.593142 ], [ -70.215569, 7.592840 ], [ -70.214973, 7.592767 ], [ -70.214165, 7.592808 ], [ -70.213516, 7.592851 ], [ -70.212891, 7.592916 ], [ -70.212196, 7.593095 ], [ -70.211708, 7.593459 ], [ -70.211296, 7.593938 ], [ -70.210785, 7.594577 ], [ -70.210411, 7.595124 ], [ -70.210083, 7.595833 ], [ -70.209755, 7.596633 ], [ -70.209496, 7.597296 ], [ -70.209213, 7.598119 ], [ -70.208748, 7.599422 ], [ -70.208351, 7.600039 ], [ -70.207932, 7.600770 ], [ -70.207489, 7.601501 ], [ -70.207138, 7.602048 ], [ -70.206795, 7.602734 ], [ -70.206444, 7.603373 ], [ -70.206093, 7.603944 ], [ -70.205696, 7.604744 ], [ -70.205277, 7.605658 ], [ -70.204880, 7.606228 ], [ -70.204369, 7.606936 ], [ -70.203972, 7.607621 ], [ -70.203529, 7.608306 ], [ -70.203018, 7.608899 ], [ -70.202370, 7.609514 ], [ -70.201836, 7.610061 ], [ -70.201279, 7.610653 ], [ -70.200722, 7.611085 ], [ -70.200211, 7.611449 ], [ -70.199539, 7.611904 ], [ -70.198731, 7.612472 ], [ -70.198196, 7.612927 ], [ -70.197663, 7.613405 ], [ -70.196922, 7.613813 ], [ -70.196388, 7.614062 ], [ -70.195717, 7.614356 ], [ -70.194931, 7.614764 ], [ -70.194328, 7.615013 ], [ -70.193054, 7.615509 ], [ -70.191711, 7.616143 ], [ -70.190445, 7.616641 ], [ -70.189797, 7.616912 ], [ -70.189194, 7.617206 ], [ -70.188545, 7.617409 ], [ -70.187111, 7.617744 ], [ -70.186416, 7.617877 ], [ -70.185677, 7.617988 ], [ -70.184891, 7.618121 ], [ -70.184082, 7.618231 ], [ -70.183434, 7.618388 ], [ -70.182579, 7.618612 ], [ -70.181999, 7.618677 ], [ -70.181145, 7.618649 ], [ -70.180389, 7.618530 ], [ -70.179764, 7.618412 ], [ -70.179138, 7.618271 ], [ -70.178306, 7.618060 ], [ -70.177574, 7.617895 ], [ -70.176857, 7.617777 ], [ -70.176208, 7.617636 ], [ -70.175445, 7.617516 ], [ -70.174805, 7.617467 ], [ -70.173973, 7.617439 ], [ -70.173050, 7.617365 ], [ -70.172150, 7.617452 ], [ -70.171501, 7.617540 ], [ -70.170830, 7.617651 ], [ -70.170021, 7.617852 ], [ -70.169258, 7.618237 ], [ -70.168724, 7.618555 ], [ -70.168099, 7.619009 ], [ -70.167564, 7.619488 ], [ -70.166962, 7.619988 ], [ -70.166031, 7.620991 ], [ -70.165543, 7.621676 ], [ -70.165123, 7.622223 ], [ -70.164658, 7.622725 ], [ -70.164147, 7.623363 ], [ -70.163223, 7.624435 ], [ -70.162689, 7.625004 ], [ -70.162224, 7.625552 ], [ -70.161781, 7.626122 ], [ -70.161362, 7.626578 ], [ -70.160454, 7.627810 ], [ -70.160126, 7.628381 ], [ -70.159874, 7.629021 ], [ -70.159546, 7.629798 ], [ -70.159378, 7.630370 ], [ -70.159241, 7.631011 ], [ -70.159050, 7.632224 ], [ -70.159042, 7.632843 ], [ -70.158997, 7.633645 ], [ -70.159126, 7.634951 ], [ -70.159141, 7.635570 ], [ -70.159027, 7.636257 ], [ -70.158745, 7.637172 ], [ -70.157692, 7.639182 ], [ -70.157227, 7.639844 ], [ -70.156792, 7.640322 ], [ -70.156257, 7.640800 ], [ -70.155701, 7.641255 ], [ -70.155281, 7.641734 ], [ -70.154839, 7.642282 ], [ -70.154304, 7.642897 ], [ -70.153839, 7.643490 ], [ -70.152977, 7.644700 ], [ -70.152557, 7.645270 ], [ -70.152115, 7.645840 ], [ -70.151626, 7.646502 ], [ -70.151306, 7.647004 ], [ -70.150719, 7.648123 ], [ -70.150444, 7.648809 ], [ -70.150208, 7.649426 ], [ -70.150040, 7.650021 ], [ -70.149925, 7.650708 ], [ -70.149895, 7.651395 ], [ -70.149979, 7.652839 ], [ -70.150047, 7.653573 ], [ -70.150230, 7.654238 ], [ -70.150452, 7.655133 ], [ -70.150658, 7.655868 ], [ -70.151115, 7.657084 ], [ -70.151436, 7.657819 ], [ -70.151733, 7.658623 ], [ -70.151985, 7.659152 ], [ -70.152298, 7.659749 ], [ -70.152649, 7.660347 ], [ -70.153626, 7.662575 ], [ -70.154152, 7.663976 ], [ -70.154381, 7.664803 ], [ -70.154579, 7.665628 ], [ -70.154754, 7.666280 ], [ -70.154167, 7.669265 ], [ -70.153671, 7.669805 ], [ -70.152634, 7.670840 ], [ -70.152168, 7.671266 ], [ -70.151535, 7.671711 ], [ -70.150978, 7.672159 ], [ -70.150246, 7.672717 ], [ -70.149307, 7.673661 ], [ -70.148888, 7.674111 ], [ -70.148239, 7.675108 ], [ -70.147949, 7.675676 ], [ -70.147499, 7.676287 ], [ -70.147026, 7.676874 ], [ -70.146851, 7.677605 ], [ -70.146584, 7.678334 ], [ -70.146438, 7.678859 ], [ -70.146301, 7.679568 ], [ -70.146111, 7.681035 ], [ -70.145843, 7.681855 ], [ -70.145615, 7.682747 ], [ -70.145554, 7.683457 ], [ -70.145210, 7.684346 ], [ -70.144836, 7.684820 ], [ -70.144432, 7.685202 ], [ -70.143799, 7.685946 ], [ -70.143372, 7.686557 ], [ -70.142738, 7.687094 ], [ -70.142036, 7.687676 ], [ -70.141571, 7.687964 ], [ -70.140915, 7.688295 ], [ -70.140198, 7.688578 ], [ -70.139290, 7.688879 ], [ -70.138741, 7.689029 ], [ -70.137467, 7.689322 ], [ -70.136681, 7.689397 ], [ -70.135895, 7.689449 ], [ -70.134605, 7.689420 ], [ -70.133476, 7.689442 ], [ -70.132836, 7.689519 ], [ -70.130707, 7.689933 ], [ -70.130058, 7.690033 ], [ -70.129318, 7.690109 ], [ -70.128494, 7.690160 ], [ -70.127243, 7.690317 ], [ -70.126526, 7.690530 ], [ -70.124878, 7.691046 ], [ -70.124207, 7.691238 ], [ -70.123512, 7.691452 ], [ -70.122978, 7.691601 ], [ -70.122284, 7.691908 ], [ -70.121704, 7.692079 ], [ -70.120987, 7.692178 ], [ -70.120392, 7.692188 ], [ -70.119652, 7.692103 ], [ -70.119080, 7.691998 ], [ -70.118347, 7.691822 ], [ -70.117706, 7.691762 ], [ -70.117035, 7.691724 ], [ -70.116348, 7.691731 ], [ -70.115746, 7.691880 ], [ -70.115189, 7.692120 ], [ -70.114716, 7.692477 ], [ -70.114296, 7.692927 ], [ -70.113937, 7.693448 ], [ -70.113739, 7.694109 ], [ -70.113586, 7.694726 ], [ -70.113434, 7.695504 ], [ -70.113167, 7.696302 ], [ -70.112900, 7.696779 ], [ -70.112526, 7.697230 ], [ -70.111946, 7.698251 ], [ -70.111610, 7.698910 ], [ -70.111237, 7.700212 ], [ -70.111061, 7.701058 ], [ -70.110909, 7.701721 ], [ -70.110695, 7.703209 ], [ -70.110558, 7.704010 ], [ -70.110359, 7.704878 ], [ -70.110123, 7.706160 ], [ -70.109879, 7.706912 ], [ -70.109535, 7.707801 ], [ -70.109245, 7.708438 ], [ -70.108841, 7.708888 ], [ -70.107773, 7.709508 ], [ -70.107186, 7.709863 ], [ -70.106651, 7.710219 ], [ -70.105995, 7.710572 ], [ -70.105347, 7.710902 ], [ -70.104698, 7.711141 ], [ -70.104118, 7.711243 ], [ -70.103432, 7.711274 ], [ -70.102829, 7.711261 ], [ -70.102142, 7.711176 ], [ -70.101471, 7.711116 ], [ -70.100624, 7.711051 ], [ -70.099937, 7.711037 ], [ -70.099266, 7.711136 ], [ -70.098061, 7.711569 ], [ -70.096962, 7.712326 ], [ -70.096466, 7.712752 ], [ -70.096085, 7.713249 ], [ -70.095581, 7.714272 ], [ -70.095535, 7.716292 ], [ -70.095344, 7.716954 ], [ -70.094566, 7.717810 ], [ -70.094109, 7.718421 ], [ -70.093750, 7.719079 ], [ -70.093422, 7.719623 ], [ -70.092941, 7.720347 ], [ -70.092514, 7.720890 ], [ -70.091950, 7.721428 ], [ -70.091339, 7.721989 ], [ -70.090874, 7.722485 ], [ -70.090378, 7.722933 ], [ -70.089912, 7.723290 ], [ -70.088463, 7.724269 ], [ -70.087715, 7.724552 ], [ -70.086861, 7.724832 ], [ -70.086098, 7.724998 ], [ -70.085472, 7.725237 ], [ -70.084892, 7.725431 ], [ -70.084038, 7.725867 ], [ -70.082436, 7.726227 ], [ -70.081573, 7.726461 ], [ -70.080048, 7.726772 ], [ -70.079475, 7.726851 ], [ -70.078827, 7.726838 ], [ -70.077309, 7.726757 ], [ -70.076668, 7.726744 ], [ -70.075928, 7.726774 ], [ -70.075302, 7.726829 ], [ -70.074173, 7.726873 ], [ -70.073441, 7.726833 ], [ -70.072563, 7.726746 ], [ -70.071945, 7.726663 ], [ -70.070366, 7.726421 ], [ -70.069519, 7.726036 ], [ -70.068604, 7.725854 ], [ -70.067863, 7.725838 ], [ -70.067146, 7.725960 ], [ -70.066475, 7.726107 ], [ -70.064064, 7.726903 ], [ -70.063347, 7.727094 ], [ -70.062401, 7.727303 ], [ -70.061287, 7.727669 ], [ -70.060119, 7.728402 ], [ -70.059631, 7.728689 ], [ -70.059097, 7.728930 ], [ -70.058494, 7.729124 ], [ -70.057777, 7.729177 ], [ -70.056511, 7.729241 ], [ -70.055771, 7.729339 ], [ -70.055145, 7.729486 ], [ -70.054543, 7.729795 ], [ -70.054024, 7.730151 ], [ -70.053490, 7.730690 ], [ -70.052994, 7.731093 ], [ -70.051895, 7.731827 ], [ -70.050400, 7.732851 ], [ -70.049530, 7.733636 ], [ -70.048752, 7.734560 ], [ -70.048096, 7.735189 ], [ -70.047645, 7.735708 ], [ -70.047035, 7.736337 ], [ -70.046585, 7.736833 ], [ -70.046112, 7.737328 ], [ -70.045685, 7.737893 ], [ -70.045326, 7.738460 ], [ -70.044899, 7.739208 ], [ -70.044464, 7.740002 ], [ -70.043915, 7.741139 ], [ -70.042885, 7.742977 ], [ -70.041984, 7.744220 ], [ -70.041557, 7.744739 ], [ -70.041130, 7.745189 ], [ -70.040565, 7.745728 ], [ -70.040123, 7.746201 ], [ -70.039535, 7.746624 ], [ -70.038956, 7.747003 ], [ -70.038368, 7.747265 ], [ -70.037376, 7.747587 ], [ -70.036705, 7.747734 ], [ -70.035248, 7.747931 ], [ -70.034347, 7.748004 ], [ -70.033379, 7.748166 ], [ -70.031876, 7.748523 ], [ -70.030808, 7.748821 ], [ -70.030113, 7.748967 ], [ -70.028984, 7.749102 ], [ -70.028427, 7.749090 ], [ -70.027786, 7.749122 ], [ -70.026978, 7.749219 ], [ -70.025963, 7.749380 ], [ -70.025223, 7.749479 ], [ -70.024551, 7.749579 ], [ -70.023674, 7.749697 ], [ -70.022865, 7.749794 ], [ -70.021293, 7.749943 ], [ -70.020439, 7.750040 ], [ -70.019516, 7.750088 ], [ -70.018112, 7.750263 ], [ -70.017372, 7.750339 ], [ -70.016709, 7.750256 ], [ -70.015930, 7.750032 ], [ -70.015198, 7.749877 ], [ -70.014458, 7.749769 ], [ -70.013748, 7.749800 ], [ -70.013008, 7.749898 ], [ -70.012337, 7.750044 ], [ -70.011299, 7.750251 ], [ -70.010445, 7.750323 ], [ -70.009888, 7.750289 ], [ -70.009110, 7.750134 ], [ -70.007896, 7.749785 ], [ -70.006958, 7.749557 ], [ -70.006065, 7.749377 ], [ -70.005211, 7.749266 ], [ -70.004524, 7.749159 ], [ -70.003952, 7.748962 ], [ -70.003319, 7.748695 ], [ -70.001411, 7.748240 ], [ -70.000725, 7.748133 ], [ -70.000076, 7.748076 ], [ -69.997703, 7.746540 ], [ -69.997055, 7.746336 ], [ -69.993790, 7.746259 ], [ -69.993095, 7.746285 ], [ -69.992432, 7.746403 ], [ -69.991005, 7.746318 ], [ -69.990357, 7.746367 ], [ -69.989624, 7.746484 ], [ -69.988747, 7.746833 ], [ -69.987991, 7.746951 ], [ -69.987114, 7.747047 ], [ -69.986336, 7.747372 ], [ -69.985695, 7.747720 ], [ -69.985054, 7.748297 ], [ -69.984596, 7.748758 ], [ -69.983978, 7.749220 ], [ -69.983398, 7.749521 ], [ -69.982826, 7.749914 ], [ -69.982208, 7.750146 ], [ -69.981377, 7.750380 ], [ -69.980850, 7.750910 ], [ -69.980369, 7.751371 ], [ -69.979797, 7.751787 ], [ -69.979111, 7.752158 ], [ -69.978470, 7.752482 ], [ -69.977661, 7.752669 ], [ -69.976906, 7.752948 ], [ -69.976265, 7.753203 ], [ -69.975685, 7.753505 ], [ -69.975044, 7.753875 ], [ -69.974518, 7.754245 ], [ -69.973877, 7.754569 ], [ -69.973183, 7.754733 ], [ -69.972450, 7.754851 ], [ -69.971756, 7.754900 ], [ -69.970818, 7.754996 ], [ -69.970100, 7.755022 ], [ -69.969368, 7.755002 ], [ -69.968651, 7.754845 ], [ -69.967957, 7.754596 ], [ -69.967316, 7.754392 ], [ -69.966576, 7.754119 ], [ -69.965935, 7.754008 ], [ -69.965286, 7.753919 ], [ -69.964455, 7.753624 ], [ -69.963783, 7.753007 ], [ -69.963257, 7.752550 ], [ -69.962700, 7.752048 ], [ -69.962280, 7.751498 ], [ -69.961983, 7.750925 ], [ -69.961632, 7.750330 ], [ -69.961350, 7.749712 ], [ -69.961052, 7.749001 ], [ -69.960609, 7.748360 ], [ -69.960213, 7.747650 ], [ -69.960052, 7.747008 ], [ -69.959534, 7.745426 ], [ -69.959213, 7.744853 ], [ -69.958885, 7.744234 ], [ -69.958626, 7.743547 ], [ -69.958489, 7.742767 ], [ -69.958298, 7.742125 ], [ -69.957787, 7.741438 ], [ -69.957374, 7.740935 ], [ -69.956978, 7.740385 ], [ -69.956627, 7.739676 ], [ -69.956146, 7.739149 ], [ -69.955361, 7.738739 ], [ -69.954315, 7.737802 ], [ -69.953674, 7.737690 ], [ -69.952888, 7.737534 ], [ -69.952202, 7.737514 ], [ -69.951507, 7.737448 ], [ -69.950790, 7.737244 ], [ -69.950127, 7.737385 ], [ -69.949371, 7.737663 ], [ -69.948845, 7.738080 ], [ -69.948265, 7.738564 ], [ -69.947830, 7.739094 ], [ -69.947403, 7.739670 ], [ -69.946968, 7.740223 ], [ -69.946602, 7.740753 ], [ -69.946259, 7.741397 ], [ -69.945778, 7.742754 ], [ -69.945579, 7.743421 ], [ -69.945259, 7.744134 ], [ -69.944893, 7.744779 ], [ -69.944641, 7.745399 ], [ -69.944252, 7.746068 ], [ -69.943733, 7.746827 ], [ -69.943275, 7.747564 ], [ -69.942818, 7.748209 ], [ -69.942360, 7.748716 ], [ -69.941879, 7.749292 ], [ -69.941399, 7.749799 ], [ -69.940895, 7.750307 ], [ -69.940277, 7.750861 ], [ -69.939842, 7.751368 ], [ -69.939293, 7.751830 ], [ -69.938698, 7.752246 ], [ -69.938027, 7.752593 ], [ -69.937431, 7.752871 ], [ -69.936745, 7.753150 ], [ -69.935982, 7.753336 ], [ -69.935181, 7.753616 ], [ -69.934257, 7.753803 ], [ -69.933617, 7.753967 ], [ -69.932968, 7.754015 ], [ -69.932213, 7.754111 ], [ -69.931572, 7.754159 ], [ -69.930855, 7.754278 ], [ -69.930008, 7.754534 ], [ -69.929337, 7.754881 ], [ -69.928833, 7.755342 ], [ -69.927643, 7.756243 ], [ -69.927071, 7.756705 ], [ -69.926384, 7.757144 ], [ -69.925743, 7.757744 ], [ -69.925217, 7.758343 ], [ -69.924828, 7.758896 ], [ -69.924507, 7.759495 ], [ -69.924278, 7.760115 ], [ -69.924027, 7.760760 ], [ -69.923805, 7.761541 ], [ -69.923530, 7.762231 ], [ -69.923325, 7.762921 ], [ -69.923050, 7.763657 ], [ -69.922875, 7.764347 ], [ -69.922531, 7.765014 ], [ -69.921570, 7.766304 ], [ -69.921158, 7.766926 ], [ -69.920586, 7.767434 ], [ -69.920036, 7.767941 ], [ -69.919418, 7.768702 ], [ -69.918892, 7.769323 ], [ -69.918388, 7.770015 ], [ -69.917885, 7.770545 ], [ -69.917427, 7.771098 ], [ -69.916855, 7.771652 ], [ -69.916351, 7.772205 ], [ -69.915779, 7.772736 ], [ -69.915184, 7.773106 ], [ -69.914543, 7.773683 ], [ -69.913902, 7.774098 ], [ -69.913254, 7.774538 ], [ -69.912659, 7.774885 ], [ -69.912018, 7.775186 ], [ -69.911446, 7.775671 ], [ -69.910919, 7.776155 ], [ -69.910393, 7.776525 ], [ -69.909767, 7.776872 ], [ -69.909058, 7.777196 ], [ -69.908463, 7.777498 ], [ -69.907936, 7.778028 ], [ -69.907341, 7.778490 ], [ -69.906693, 7.778929 ], [ -69.906052, 7.779482 ], [ -69.905205, 7.780681 ], [ -69.904839, 7.781233 ], [ -69.904526, 7.781900 ], [ -69.904160, 7.782614 ], [ -69.903976, 7.783258 ], [ -69.903725, 7.783901 ], [ -69.903435, 7.784569 ], [ -69.903023, 7.785213 ], [ -69.902702, 7.785858 ], [ -69.902405, 7.786502 ], [ -69.902199, 7.787146 ], [ -69.901932, 7.787858 ], [ -69.901772, 7.788594 ], [ -69.901680, 7.789260 ], [ -69.901527, 7.790019 ], [ -69.901321, 7.790731 ], [ -69.901047, 7.791375 ], [ -69.900681, 7.791997 ], [ -69.899406, 7.794023 ], [ -69.898903, 7.794531 ] ] ] } }

]
}
