{
"type": "FeatureCollection",
"features": [
{ "type": "Feature", "properties": { "COD_ESTADO": "08", "ESTADO": "CARABOBO" }, "geometry": { "type": "MultiPolygon", "coordinates": [ [ [ [ -68.009033, 10.483151 ], [ -68.008881, 10.483666 ], [ -68.008728, 10.483892 ], [ -68.008560, 10.484063 ], [ -68.008377, 10.484225 ], [ -68.008148, 10.484297 ], [ -68.007896, 10.484368 ], [ -68.007668, 10.484423 ], [ -68.007133, 10.484574 ], [ -68.006592, 10.484627 ], [ -68.006348, 10.484698 ], [ -68.006111, 10.484734 ], [ -68.005882, 10.484778 ], [ -68.005394, 10.484840 ], [ -68.004883, 10.484802 ], [ -68.004600, 10.484738 ], [ -68.004364, 10.484674 ], [ -68.004135, 10.484629 ], [ -68.003853, 10.484519 ], [ -68.003410, 10.484283 ], [ -68.003105, 10.484191 ], [ -68.002869, 10.484172 ], [ -68.002640, 10.484136 ], [ -68.001678, 10.483879 ], [ -68.001427, 10.483833 ], [ -68.001144, 10.483724 ], [ -68.000534, 10.483785 ], [ -67.999985, 10.484036 ], [ -67.998436, 10.484203 ], [ -67.999031, 10.481212 ], [ -68.000000, 10.480745 ], [ -68.002915, 10.480673 ], [ -68.003807, 10.478777 ], [ -68.002754, 10.478059 ], [ -68.002632, 10.477787 ], [ -68.001007, 10.477692 ], [ -68.000626, 10.477971 ], [ -68.000000, 10.478557 ], [ -67.998436, 10.479583 ], [ -67.997436, 10.483522 ], [ -67.996361, 10.482778 ], [ -67.997238, 10.480122 ], [ -67.997147, 10.478728 ], [ -67.997849, 10.476579 ], [ -68.000091, 10.476414 ], [ -68.000320, 10.476360 ], [ -68.000710, 10.476198 ], [ -68.000931, 10.476127 ], [ -68.001137, 10.476047 ], [ -68.001663, 10.475813 ], [ -68.005745, 10.475645 ], [ -68.009743, 10.475549 ], [ -68.015602, 10.475676 ], [ -68.019150, 10.475904 ], [ -68.021843, 10.476439 ], [ -68.021477, 10.476905 ], [ -68.021210, 10.476841 ], [ -68.020683, 10.476857 ], [ -68.020332, 10.476884 ], [ -68.020096, 10.476847 ], [ -68.019867, 10.476783 ], [ -68.019379, 10.476555 ], [ -68.019134, 10.476491 ], [ -68.018837, 10.476391 ], [ -68.018532, 10.476326 ], [ -68.018250, 10.476280 ], [ -68.017769, 10.476296 ], [ -68.017509, 10.476296 ], [ -68.017258, 10.476277 ], [ -68.016975, 10.476285 ], [ -68.016716, 10.476267 ], [ -68.016479, 10.476202 ], [ -68.016250, 10.476184 ], [ -68.015740, 10.476101 ], [ -68.015228, 10.476090 ], [ -68.014992, 10.476116 ], [ -68.014763, 10.476125 ], [ -68.014534, 10.476178 ], [ -68.014275, 10.476223 ], [ -68.014000, 10.476321 ], [ -68.013329, 10.476455 ], [ -68.013008, 10.476454 ], [ -68.012543, 10.476516 ], [ -68.012314, 10.476615 ], [ -68.012077, 10.476659 ], [ -68.011574, 10.476874 ], [ -68.011345, 10.477000 ], [ -68.011040, 10.477117 ], [ -68.010811, 10.477189 ], [ -68.010582, 10.477315 ], [ -68.010422, 10.477477 ], [ -68.010261, 10.477684 ], [ -68.010132, 10.477964 ], [ -68.010040, 10.478290 ], [ -68.010002, 10.478516 ], [ -68.010056, 10.478859 ], [ -68.010109, 10.479086 ], [ -68.010109, 10.479321 ], [ -68.010101, 10.479754 ], [ -68.009994, 10.480306 ], [ -68.009880, 10.480568 ], [ -68.009644, 10.480983 ], [ -68.009544, 10.481218 ], [ -68.009529, 10.481471 ], [ -68.009460, 10.481697 ], [ -68.009338, 10.481932 ], [ -68.009247, 10.482140 ], [ -68.009117, 10.482691 ], [ -68.009033, 10.483151 ] ] ], [ [ [ -67.833908, 10.344556 ], [ -67.833237, 10.343584 ], [ -67.832802, 10.343093 ], [ -67.832375, 10.342670 ], [ -67.831894, 10.342270 ], [ -67.830750, 10.341558 ], [ -67.830292, 10.341227 ], [ -67.829689, 10.340916 ], [ -67.828888, 10.340624 ], [ -67.828308, 10.340452 ], [ -67.827705, 10.340233 ], [ -67.826973, 10.340011 ], [ -67.826347, 10.339837 ], [ -67.824982, 10.339511 ], [ -67.824265, 10.339313 ], [ -67.823464, 10.339021 ], [ -67.822220, 10.338535 ], [ -67.821594, 10.338339 ], [ -67.820991, 10.338120 ], [ -67.820488, 10.337789 ], [ -67.820007, 10.337503 ], [ -67.819435, 10.337215 ], [ -67.818901, 10.336997 ], [ -67.817520, 10.336395 ], [ -67.816185, 10.335909 ], [ -67.814919, 10.335469 ], [ -67.814247, 10.335157 ], [ -67.813744, 10.334871 ], [ -67.813172, 10.334583 ], [ -67.812668, 10.334298 ], [ -67.812119, 10.333964 ], [ -67.811325, 10.333430 ], [ -67.810570, 10.332718 ], [ -67.809921, 10.332328 ], [ -67.808502, 10.331775 ], [ -67.807831, 10.331521 ], [ -67.806534, 10.331129 ], [ -67.805931, 10.330992 ], [ -67.805283, 10.330876 ], [ -67.804214, 10.330783 ], [ -67.803497, 10.330783 ], [ -67.802704, 10.330805 ], [ -67.802124, 10.330805 ], [ -67.801430, 10.330827 ], [ -67.800713, 10.330918 ], [ -67.799965, 10.331056 ], [ -67.799156, 10.331238 ], [ -67.798576, 10.331421 ], [ -67.798042, 10.331604 ], [ -67.796715, 10.332125 ], [ -67.796066, 10.332446 ], [ -67.795601, 10.332721 ], [ -67.795380, 10.332878 ], [ -67.795158, 10.333118 ], [ -67.794998, 10.333432 ], [ -67.794556, 10.333953 ], [ -67.794128, 10.334334 ], [ -67.793686, 10.334693 ], [ -67.793190, 10.335074 ], [ -67.792694, 10.335500 ], [ -67.792213, 10.336041 ], [ -67.791786, 10.336608 ], [ -67.791282, 10.337194 ], [ -67.790665, 10.337801 ], [ -67.790192, 10.338321 ], [ -67.789810, 10.338864 ], [ -67.789070, 10.339860 ], [ -67.788666, 10.340311 ], [ -67.788193, 10.340738 ], [ -67.787743, 10.341121 ], [ -67.787270, 10.341432 ], [ -67.786713, 10.341627 ], [ -67.786056, 10.341568 ], [ -67.785477, 10.341556 ], [ -67.784874, 10.341498 ], [ -67.784225, 10.341508 ], [ -67.783501, 10.341700 ], [ -67.782990, 10.341918 ], [ -67.782516, 10.342369 ], [ -67.782135, 10.342798 ], [ -67.781731, 10.343204 ], [ -67.781227, 10.343813 ], [ -67.780136, 10.344848 ], [ -67.779686, 10.345322 ], [ -67.778900, 10.346315 ], [ -67.778450, 10.346675 ], [ -67.777908, 10.346916 ], [ -67.776741, 10.347374 ], [ -67.775475, 10.347832 ], [ -67.774895, 10.347911 ], [ -67.774239, 10.348082 ], [ -67.773582, 10.348298 ], [ -67.772903, 10.348652 ], [ -67.772430, 10.349010 ], [ -67.771439, 10.350046 ], [ -67.770958, 10.350611 ], [ -67.770439, 10.351014 ], [ -67.769142, 10.351769 ], [ -67.768654, 10.352035 ], [ -67.768158, 10.352323 ], [ -67.767685, 10.352681 ], [ -67.767143, 10.352991 ], [ -67.766487, 10.353300 ], [ -67.765930, 10.353473 ], [ -67.765297, 10.353597 ], [ -67.764557, 10.353628 ], [ -67.763832, 10.353637 ], [ -67.763252, 10.353578 ], [ -67.762680, 10.353452 ], [ -67.761551, 10.352969 ], [ -67.761040, 10.352729 ], [ -67.759926, 10.351856 ], [ -67.759399, 10.351522 ], [ -67.758759, 10.350936 ], [ -67.758331, 10.350376 ], [ -67.757805, 10.349860 ], [ -67.757301, 10.349504 ], [ -67.756798, 10.349265 ], [ -67.756149, 10.349159 ], [ -67.755585, 10.349239 ], [ -67.755051, 10.349504 ], [ -67.754646, 10.349955 ], [ -67.754234, 10.350522 ], [ -67.753853, 10.350996 ], [ -67.753632, 10.351566 ], [ -67.753387, 10.352136 ], [ -67.753265, 10.352708 ], [ -67.752907, 10.353206 ], [ -67.752319, 10.353353 ], [ -67.751579, 10.353224 ], [ -67.751007, 10.352914 ], [ -67.749786, 10.352314 ], [ -67.749283, 10.351822 ], [ -67.748688, 10.351464 ], [ -67.747955, 10.351105 ], [ -67.746780, 10.350484 ], [ -67.746117, 10.350079 ], [ -67.745636, 10.349749 ], [ -67.745110, 10.349483 ], [ -67.744553, 10.349243 ], [ -67.743958, 10.349071 ], [ -67.743385, 10.348760 ], [ -67.742714, 10.348585 ], [ -67.742020, 10.348501 ], [ -67.741394, 10.348259 ], [ -67.740822, 10.347972 ], [ -67.740318, 10.347685 ], [ -67.739761, 10.347445 ], [ -67.739212, 10.347272 ], [ -67.738678, 10.347077 ], [ -67.738129, 10.346837 ], [ -67.737076, 10.346507 ], [ -67.736374, 10.346387 ], [ -67.735748, 10.346375 ], [ -67.735138, 10.346431 ], [ -67.734558, 10.346510 ], [ -67.733955, 10.346360 ], [ -67.733383, 10.346026 ], [ -67.732742, 10.345737 ], [ -67.731071, 10.344439 ], [ -67.730591, 10.343970 ], [ -67.730064, 10.343615 ], [ -67.729469, 10.343281 ], [ -67.728203, 10.342864 ], [ -67.727532, 10.342735 ], [ -67.726906, 10.342653 ], [ -67.726280, 10.342641 ], [ -67.725716, 10.342697 ], [ -67.724999, 10.342637 ], [ -67.724258, 10.342552 ], [ -67.723595, 10.342286 ], [ -67.722946, 10.342043 ], [ -67.722344, 10.341802 ], [ -67.721794, 10.341515 ], [ -67.721268, 10.341296 ], [ -67.720810, 10.340850 ], [ -67.720352, 10.340473 ], [ -67.719757, 10.340162 ], [ -67.719185, 10.339851 ], [ -67.718681, 10.339451 ], [ -67.718201, 10.339027 ], [ -67.717629, 10.338648 ], [ -67.717125, 10.338362 ], [ -67.716599, 10.338007 ], [ -67.715981, 10.337718 ], [ -67.715424, 10.337501 ], [ -67.714829, 10.337234 ], [ -67.713699, 10.336683 ], [ -67.713173, 10.336373 ], [ -67.712593, 10.336131 ], [ -67.711334, 10.335554 ], [ -67.710777, 10.335405 ], [ -67.710152, 10.335415 ], [ -67.709564, 10.335518 ], [ -67.709030, 10.335713 ], [ -67.708427, 10.335586 ], [ -67.707298, 10.336275 ], [ -67.706642, 10.336653 ], [ -67.706123, 10.336964 ], [ -67.705536, 10.337411 ], [ -67.704468, 10.338169 ], [ -67.702980, 10.339311 ], [ -67.700981, 10.340763 ], [ -67.700699, 10.341016 ], [ -67.700058, 10.341594 ], [ -67.699562, 10.341928 ], [ -67.699066, 10.342239 ], [ -67.698547, 10.342550 ], [ -67.697891, 10.342721 ], [ -67.697266, 10.342731 ], [ -67.696594, 10.342603 ], [ -67.695984, 10.342842 ], [ -67.694847, 10.343876 ], [ -67.694283, 10.344346 ], [ -67.693764, 10.344749 ], [ -67.693176, 10.345104 ], [ -67.692612, 10.345231 ], [ -67.691849, 10.345284 ], [ -67.691284, 10.345313 ], [ -67.690979, 10.345312 ], [ -67.690590, 10.345305 ], [ -67.690018, 10.345201 ], [ -67.689323, 10.345095 ], [ -67.688301, 10.345050 ], [ -67.687576, 10.345036 ], [ -67.686997, 10.345045 ], [ -67.686302, 10.344940 ], [ -67.685448, 10.344761 ], [ -67.684708, 10.344630 ], [ -67.684151, 10.344481 ], [ -67.683411, 10.344328 ], [ -67.682716, 10.344222 ], [ -67.681511, 10.344151 ], [ -67.680214, 10.344032 ], [ -67.679642, 10.343583 ], [ -67.679146, 10.343160 ], [ -67.678780, 10.342692 ], [ -67.678375, 10.342133 ], [ -67.677895, 10.341640 ], [ -67.677277, 10.341191 ], [ -67.676201, 10.340594 ], [ -67.675491, 10.340189 ], [ -67.674782, 10.339760 ], [ -67.673492, 10.339067 ], [ -67.672989, 10.338781 ], [ -67.672508, 10.338404 ], [ -67.672005, 10.338026 ], [ -67.671570, 10.337649 ], [ -67.671005, 10.337109 ], [ -67.670639, 10.336641 ], [ -67.670349, 10.336153 ], [ -67.670036, 10.335572 ], [ -67.669815, 10.334993 ], [ -67.669525, 10.334459 ], [ -67.669304, 10.333948 ], [ -67.669319, 10.333415 ], [ -67.668854, 10.333096 ], [ -67.668625, 10.332430 ], [ -67.668396, 10.331902 ], [ -67.668114, 10.331326 ], [ -67.667770, 10.330913 ], [ -67.667374, 10.330499 ], [ -67.666863, 10.330177 ], [ -67.666382, 10.329808 ], [ -67.665825, 10.329624 ], [ -67.665405, 10.329233 ], [ -67.665009, 10.328773 ], [ -67.664642, 10.328405 ], [ -67.664383, 10.327853 ], [ -67.664177, 10.327232 ], [ -67.663902, 10.326176 ], [ -67.663696, 10.325005 ], [ -67.663582, 10.324476 ], [ -67.663376, 10.323878 ], [ -67.662887, 10.322752 ], [ -67.662613, 10.322154 ], [ -67.662308, 10.321602 ], [ -67.662033, 10.321028 ], [ -67.661850, 10.320499 ], [ -67.661522, 10.319970 ], [ -67.661247, 10.319556 ], [ -67.660942, 10.318982 ], [ -67.660576, 10.318430 ], [ -67.660317, 10.317993 ], [ -67.659599, 10.317096 ], [ -67.659279, 10.316637 ], [ -67.658928, 10.316176 ], [ -67.658470, 10.315670 ], [ -67.658050, 10.315280 ], [ -67.657608, 10.315003 ], [ -67.657104, 10.314727 ], [ -67.656174, 10.313991 ], [ -67.655777, 10.313622 ], [ -67.655342, 10.313094 ], [ -67.654137, 10.311713 ], [ -67.653419, 10.310634 ], [ -67.653091, 10.310104 ], [ -67.652771, 10.309507 ], [ -67.652382, 10.308908 ], [ -67.652100, 10.308449 ], [ -67.651802, 10.307990 ], [ -67.651199, 10.306748 ], [ -67.650902, 10.306104 ], [ -67.650642, 10.305599 ], [ -67.650436, 10.305116 ], [ -67.650185, 10.304633 ], [ -67.649948, 10.304151 ], [ -67.649719, 10.303507 ], [ -67.649467, 10.303001 ], [ -67.649231, 10.302426 ], [ -67.649162, 10.301715 ], [ -67.648979, 10.300473 ], [ -67.648910, 10.299876 ], [ -67.648865, 10.299326 ], [ -67.648796, 10.298751 ], [ -67.648781, 10.298200 ], [ -67.648735, 10.297603 ], [ -67.648735, 10.296431 ], [ -67.648735, 10.295925 ], [ -67.648758, 10.295214 ], [ -67.648758, 10.293972 ], [ -67.648788, 10.293421 ], [ -67.648926, 10.292824 ], [ -67.648972, 10.291767 ], [ -67.648903, 10.290803 ], [ -67.648888, 10.290044 ], [ -67.648888, 10.289378 ], [ -67.648910, 10.288780 ], [ -67.648956, 10.288137 ], [ -67.648979, 10.287356 ], [ -67.649101, 10.286117 ], [ -67.649521, 10.285129 ], [ -67.649887, 10.284578 ], [ -67.650231, 10.284186 ], [ -67.650330, 10.284074 ], [ -67.650726, 10.283730 ], [ -67.651215, 10.283409 ], [ -67.651726, 10.283202 ], [ -67.652283, 10.283088 ], [ -67.652886, 10.282998 ], [ -67.653442, 10.282975 ], [ -67.654205, 10.283023 ], [ -67.654854, 10.283092 ], [ -67.655411, 10.283161 ], [ -67.656036, 10.283162 ], [ -67.656570, 10.283232 ], [ -67.657295, 10.283164 ], [ -67.658012, 10.283005 ], [ -67.658684, 10.282821 ], [ -67.659195, 10.282546 ], [ -67.659706, 10.282110 ], [ -67.660149, 10.281629 ], [ -67.660523, 10.281146 ], [ -67.660843, 10.280595 ], [ -67.661194, 10.279930 ], [ -67.661430, 10.279402 ], [ -67.661682, 10.278598 ], [ -67.661987, 10.277428 ], [ -67.662247, 10.276324 ], [ -67.662338, 10.275727 ], [ -67.662460, 10.272834 ], [ -67.662552, 10.272099 ], [ -67.662834, 10.270536 ], [ -67.663017, 10.269894 ], [ -67.663208, 10.269159 ], [ -67.663490, 10.268378 ], [ -67.664139, 10.266840 ], [ -67.664513, 10.266105 ], [ -67.664863, 10.265599 ], [ -67.665184, 10.265210 ], [ -67.665604, 10.264774 ], [ -67.666161, 10.264269 ], [ -67.666580, 10.263994 ], [ -67.667809, 10.263261 ], [ -67.668366, 10.262940 ], [ -67.668991, 10.262665 ], [ -67.669479, 10.262367 ], [ -67.670158, 10.262000 ], [ -67.670616, 10.261633 ], [ -67.670967, 10.261220 ], [ -67.671364, 10.260784 ], [ -67.671806, 10.260049 ], [ -67.672180, 10.259406 ], [ -67.672478, 10.258925 ], [ -67.672592, 10.258259 ], [ -67.672623, 10.257685 ], [ -67.672600, 10.257179 ], [ -67.672623, 10.256421 ], [ -67.672577, 10.255869 ], [ -67.672508, 10.254861 ], [ -67.672485, 10.254445 ], [ -67.672378, 10.253748 ], [ -67.672325, 10.253296 ], [ -67.672188, 10.252997 ], [ -67.672005, 10.252675 ], [ -67.671913, 10.252354 ], [ -67.671699, 10.252009 ], [ -67.671471, 10.251296 ], [ -67.671333, 10.250952 ], [ -67.671265, 10.250585 ], [ -67.671288, 10.250240 ], [ -67.671379, 10.249849 ], [ -67.671494, 10.249458 ], [ -67.671425, 10.249068 ], [ -67.671333, 10.248723 ], [ -67.671150, 10.248263 ], [ -67.670853, 10.247941 ], [ -67.670593, 10.247757 ], [ -67.670387, 10.247413 ], [ -67.670319, 10.246999 ], [ -67.670410, 10.246448 ], [ -67.670547, 10.246173 ], [ -67.670921, 10.246035 ], [ -67.671295, 10.246173 ], [ -67.671684, 10.246381 ], [ -67.671890, 10.246515 ], [ -67.667290, 10.206857 ], [ -67.663025, 10.170620 ], [ -67.658997, 10.136352 ], [ -67.655495, 10.106654 ], [ -67.655296, 10.106064 ], [ -67.655251, 10.104731 ], [ -67.655258, 10.104111 ], [ -67.655304, 10.103442 ], [ -67.655472, 10.102748 ], [ -67.655678, 10.102029 ], [ -67.655892, 10.101425 ], [ -67.656090, 10.100913 ], [ -67.656609, 10.099679 ], [ -67.657204, 10.097982 ], [ -67.657852, 10.096583 ], [ -67.658226, 10.095837 ], [ -67.658623, 10.095134 ], [ -67.658913, 10.094688 ], [ -67.659264, 10.094035 ], [ -67.659721, 10.093078 ], [ -67.659912, 10.092612 ], [ -67.660263, 10.091911 ], [ -67.660614, 10.091235 ], [ -67.661079, 10.090554 ], [ -67.661575, 10.089918 ], [ -67.661934, 10.089493 ], [ -67.662514, 10.088886 ], [ -67.663353, 10.088141 ], [ -67.663711, 10.087738 ], [ -67.664253, 10.087238 ], [ -67.664703, 10.086788 ], [ -67.665268, 10.086196 ], [ -67.666214, 10.085362 ], [ -67.666824, 10.084791 ], [ -67.667236, 10.084480 ], [ -67.667709, 10.084075 ], [ -67.668640, 10.083403 ], [ -67.669304, 10.083014 ], [ -67.670151, 10.082667 ], [ -67.670815, 10.082486 ], [ -67.671326, 10.082423 ], [ -67.671997, 10.082426 ], [ -67.672623, 10.082385 ], [ -67.673202, 10.082298 ], [ -67.673775, 10.082050 ], [ -67.674477, 10.081546 ], [ -67.674980, 10.081140 ], [ -67.675339, 10.080738 ], [ -67.675827, 10.080149 ], [ -67.676117, 10.079657 ], [ -67.676331, 10.079076 ], [ -67.676788, 10.078028 ], [ -67.676842, 10.077474 ], [ -67.676887, 10.076184 ], [ -67.676895, 10.074805 ], [ -67.676872, 10.074208 ], [ -67.676811, 10.073704 ], [ -67.676743, 10.072971 ], [ -67.676758, 10.071798 ], [ -67.677017, 10.071353 ], [ -67.677513, 10.071637 ], [ -67.677895, 10.071970 ], [ -67.678345, 10.072256 ], [ -67.678986, 10.072696 ], [ -67.679482, 10.072955 ], [ -67.680031, 10.073353 ], [ -67.680572, 10.073521 ], [ -67.681152, 10.073594 ], [ -67.681686, 10.073462 ], [ -67.682251, 10.073124 ], [ -67.682800, 10.072693 ], [ -67.683670, 10.071540 ], [ -67.684166, 10.071203 ], [ -67.684814, 10.071022 ], [ -67.685394, 10.071095 ], [ -67.685913, 10.071380 ], [ -67.686546, 10.071475 ], [ -67.686974, 10.071208 ], [ -67.687378, 10.070690 ], [ -67.687866, 10.069894 ], [ -67.688248, 10.069423 ], [ -67.688637, 10.068675 ], [ -67.689033, 10.067996 ], [ -67.689209, 10.067485 ], [ -67.689491, 10.066878 ], [ -67.689720, 10.066204 ], [ -67.689911, 10.065601 ], [ -67.689987, 10.065047 ], [ -67.690086, 10.064492 ], [ -67.690071, 10.063964 ], [ -67.689896, 10.063441 ], [ -67.689575, 10.062991 ], [ -67.689186, 10.062497 ], [ -67.688828, 10.062117 ], [ -67.688171, 10.061793 ], [ -67.687721, 10.061485 ], [ -67.687126, 10.061204 ], [ -67.686539, 10.060877 ], [ -67.686134, 10.060523 ], [ -67.685768, 10.059890 ], [ -67.685394, 10.059166 ], [ -67.685150, 10.058714 ], [ -67.684746, 10.057669 ], [ -67.684540, 10.057055 ], [ -67.684448, 10.056459 ], [ -67.684265, 10.055753 ], [ -67.684082, 10.055183 ], [ -67.683975, 10.054658 ], [ -67.683846, 10.054133 ], [ -67.683731, 10.053471 ], [ -67.683662, 10.052829 ], [ -67.683617, 10.052071 ], [ -67.683548, 10.051476 ], [ -67.683578, 10.050899 ], [ -67.683464, 10.049318 ], [ -67.683426, 10.048261 ], [ -67.683273, 10.047737 ], [ -67.682747, 10.047317 ], [ -67.682244, 10.046689 ], [ -67.681869, 10.045987 ], [ -67.681664, 10.045396 ], [ -67.681549, 10.044710 ], [ -67.681419, 10.043496 ], [ -67.681496, 10.042827 ], [ -67.681618, 10.042294 ], [ -67.681809, 10.041782 ], [ -67.682022, 10.041133 ], [ -67.682167, 10.040553 ], [ -67.682404, 10.040087 ], [ -67.682694, 10.039618 ], [ -67.683052, 10.039124 ], [ -67.683411, 10.038676 ], [ -67.683769, 10.038274 ], [ -67.684219, 10.037893 ], [ -67.684692, 10.037533 ], [ -67.685196, 10.037081 ], [ -67.685760, 10.036628 ], [ -67.686302, 10.036242 ], [ -67.686875, 10.035811 ], [ -67.687325, 10.035430 ], [ -67.687782, 10.035140 ], [ -67.688278, 10.034871 ], [ -67.688736, 10.034512 ], [ -67.689003, 10.034090 ], [ -67.689445, 10.033433 ], [ -67.689781, 10.033010 ], [ -67.690201, 10.032352 ], [ -67.690506, 10.031815 ], [ -67.690842, 10.031436 ], [ -67.691109, 10.031014 ], [ -67.691467, 10.030567 ], [ -67.691917, 10.030070 ], [ -67.692390, 10.029596 ], [ -67.693275, 10.028327 ], [ -67.693970, 10.027386 ], [ -67.694138, 10.026876 ], [ -67.694214, 10.026344 ], [ -67.694199, 10.025840 ], [ -67.694115, 10.025341 ], [ -67.693748, 10.025474 ], [ -67.693542, 10.025550 ], [ -67.692940, 10.025710 ], [ -67.691826, 10.026099 ], [ -67.691337, 10.026237 ], [ -67.690735, 10.026512 ], [ -67.690018, 10.026671 ], [ -67.689339, 10.026740 ], [ -67.688766, 10.026671 ], [ -67.688164, 10.026577 ], [ -67.687630, 10.026324 ], [ -67.687233, 10.026002 ], [ -67.686768, 10.025519 ], [ -67.686424, 10.024945 ], [ -67.686081, 10.024485 ], [ -67.685616, 10.024208 ], [ -67.685265, 10.023772 ], [ -67.684875, 10.023449 ], [ -67.684387, 10.023105 ], [ -67.683876, 10.022920 ], [ -67.683296, 10.022804 ], [ -67.682694, 10.022713 ], [ -67.682045, 10.022780 ], [ -67.681511, 10.022803 ], [ -67.680863, 10.023032 ], [ -67.680420, 10.023284 ], [ -67.679962, 10.023743 ], [ -67.679542, 10.024202 ], [ -67.679214, 10.024753 ], [ -67.678841, 10.025534 ], [ -67.678680, 10.026015 ], [ -67.678452, 10.026659 ], [ -67.678330, 10.027348 ], [ -67.678192, 10.027923 ], [ -67.677956, 10.028381 ], [ -67.677635, 10.028818 ], [ -67.677307, 10.029345 ], [ -67.676987, 10.029758 ], [ -67.676567, 10.030034 ], [ -67.676010, 10.030010 ], [ -67.675522, 10.029757 ], [ -67.675087, 10.029457 ], [ -67.674576, 10.029572 ], [ -67.673439, 10.030007 ], [ -67.672905, 10.030121 ], [ -67.672371, 10.030006 ], [ -67.672027, 10.028788 ], [ -67.671860, 10.028283 ], [ -67.671448, 10.027800 ], [ -67.670868, 10.027362 ], [ -67.670334, 10.027132 ], [ -67.669617, 10.026948 ], [ -67.669037, 10.026900 ], [ -67.668549, 10.027039 ], [ -67.668060, 10.027289 ], [ -67.667717, 10.027956 ], [ -67.667717, 10.028461 ], [ -67.667786, 10.029013 ], [ -67.667946, 10.029541 ], [ -67.668198, 10.030162 ], [ -67.668571, 10.030828 ], [ -67.669006, 10.031334 ], [ -67.669937, 10.031957 ], [ -67.670418, 10.032118 ], [ -67.670929, 10.032210 ], [ -67.671600, 10.032257 ], [ -67.672180, 10.032394 ], [ -67.672760, 10.032717 ], [ -67.672920, 10.033292 ], [ -67.672554, 10.033774 ], [ -67.671974, 10.033795 ], [ -67.671440, 10.033864 ], [ -67.670700, 10.033864 ], [ -67.669952, 10.033771 ], [ -67.669190, 10.033654 ], [ -67.668495, 10.033471 ], [ -67.667732, 10.033308 ], [ -67.667015, 10.033101 ], [ -67.666527, 10.032939 ], [ -67.666016, 10.032756 ], [ -67.665390, 10.032571 ], [ -67.664368, 10.031995 ], [ -67.663818, 10.031557 ], [ -67.663353, 10.031213 ], [ -67.662933, 10.030822 ], [ -67.662613, 10.030432 ], [ -67.662056, 10.029580 ], [ -67.661758, 10.029098 ], [ -67.661362, 10.028592 ], [ -67.660904, 10.028109 ], [ -67.660255, 10.027579 ], [ -67.659790, 10.027349 ], [ -67.659164, 10.027073 ], [ -67.658470, 10.027026 ], [ -67.657150, 10.027024 ], [ -67.656525, 10.026978 ], [ -67.655548, 10.026884 ], [ -67.655037, 10.026770 ], [ -67.654228, 10.026447 ], [ -67.653694, 10.026262 ], [ -67.652977, 10.025917 ], [ -67.651634, 10.025157 ], [ -67.650246, 10.024351 ], [ -67.649437, 10.023891 ], [ -67.648666, 10.023477 ], [ -67.646843, 10.022579 ], [ -67.646263, 10.022257 ], [ -67.645638, 10.021842 ], [ -67.645195, 10.021566 ], [ -67.644684, 10.021198 ], [ -67.643898, 10.020461 ], [ -67.643509, 10.019956 ], [ -67.643249, 10.019473 ], [ -67.643043, 10.018829 ], [ -67.642815, 10.018209 ], [ -67.642700, 10.017680 ], [ -67.642418, 10.017198 ], [ -67.641823, 10.017014 ], [ -67.641243, 10.016851 ], [ -67.640663, 10.016621 ], [ -67.639686, 10.016437 ], [ -67.638992, 10.016367 ], [ -67.638458, 10.016296 ], [ -67.637924, 10.016273 ], [ -67.637276, 10.016181 ], [ -67.636742, 10.016133 ], [ -67.636047, 10.016179 ], [ -67.635536, 10.016248 ], [ -67.634987, 10.016361 ], [ -67.634453, 10.016499 ], [ -67.633965, 10.016750 ], [ -67.633522, 10.017095 ], [ -67.633079, 10.017461 ], [ -67.632225, 10.018218 ], [ -67.631760, 10.018678 ], [ -67.631317, 10.018999 ], [ -67.630600, 10.019365 ], [ -67.629646, 10.019571 ], [ -67.629135, 10.019616 ], [ -67.628418, 10.019547 ], [ -67.627884, 10.019477 ], [ -67.627258, 10.019292 ], [ -67.626633, 10.019130 ], [ -67.626129, 10.018969 ], [ -67.625504, 10.018739 ], [ -67.623604, 10.018208 ], [ -67.622978, 10.017817 ], [ -67.622284, 10.017333 ], [ -67.621796, 10.017034 ], [ -67.621376, 10.016735 ], [ -67.620384, 10.016068 ], [ -67.619545, 10.015561 ], [ -67.618805, 10.015169 ], [ -67.618248, 10.014847 ], [ -67.617721, 10.014571 ], [ -67.617188, 10.014317 ], [ -67.616447, 10.013903 ], [ -67.615867, 10.013557 ], [ -67.615425, 10.013281 ], [ -67.613808, 10.012131 ], [ -67.613113, 10.011556 ], [ -67.612694, 10.011187 ], [ -67.612167, 10.010267 ], [ -67.611954, 10.009509 ], [ -67.611961, 10.009003 ], [ -67.612190, 10.008521 ], [ -67.612610, 10.008108 ], [ -67.613190, 10.007856 ], [ -67.613792, 10.007536 ], [ -67.614861, 10.006894 ], [ -67.615204, 10.006389 ], [ -67.615509, 10.005701 ], [ -67.615669, 10.004988 ], [ -67.615837, 10.004415 ], [ -67.615997, 10.003749 ], [ -67.616119, 10.003128 ], [ -67.616096, 10.002624 ], [ -67.615494, 10.002277 ], [ -67.615028, 10.002070 ], [ -67.613640, 10.002114 ], [ -67.612869, 10.002113 ], [ -67.612198, 10.001951 ], [ -67.611626, 10.001744 ], [ -67.610954, 10.001375 ], [ -67.610420, 10.001122 ], [ -67.609955, 10.000732 ], [ -67.609673, 10.000318 ], [ -67.609566, 9.999933 ], [ -67.609093, 9.999552 ], [ -67.607964, 9.998723 ], [ -67.607422, 9.998456 ], [ -67.606819, 9.998215 ], [ -67.606209, 9.997996 ], [ -67.605415, 9.997850 ], [ -67.604813, 9.997839 ], [ -67.604233, 9.997874 ], [ -67.603447, 9.997980 ], [ -67.602661, 9.998064 ], [ -67.602059, 9.998076 ], [ -67.601341, 9.998159 ], [ -67.600624, 9.998173 ], [ -67.599999, 9.998230 ], [ -67.599335, 9.998405 ], [ -67.598640, 9.998625 ], [ -67.596817, 9.998867 ], [ -67.596146, 9.998949 ], [ -67.595405, 9.998962 ], [ -67.594826, 9.998951 ], [ -67.594177, 9.998963 ], [ -67.592690, 9.999038 ], [ -67.591881, 9.999053 ], [ -67.591164, 9.999044 ], [ -67.589470, 9.998961 ], [ -67.588791, 9.998882 ], [ -67.588165, 9.998756 ], [ -67.587540, 9.998608 ], [ -67.586883, 9.998551 ], [ -67.585686, 9.998574 ], [ -67.585007, 9.998610 ], [ -67.584366, 9.998714 ], [ -67.583695, 9.998911 ], [ -67.583168, 9.999174 ], [ -67.582665, 9.999643 ], [ -67.582260, 10.000305 ], [ -67.582123, 10.000578 ], [ -67.581841, 10.001221 ], [ -67.581566, 10.001749 ], [ -67.581169, 10.002369 ], [ -67.580681, 10.002896 ], [ -67.580101, 10.003469 ], [ -67.579636, 10.003882 ], [ -67.579170, 10.004272 ], [ -67.578591, 10.004663 ], [ -67.578011, 10.005030 ], [ -67.577568, 10.005280 ], [ -67.577110, 10.005510 ], [ -67.576531, 10.005785 ], [ -67.575874, 10.006014 ], [ -67.575066, 10.006242 ], [ -67.574112, 10.006448 ], [ -67.573463, 10.006516 ], [ -67.572906, 10.006607 ], [ -67.572304, 10.006674 ], [ -67.571800, 10.006743 ], [ -67.570984, 10.006696 ], [ -67.570473, 10.006741 ], [ -67.569969, 10.006579 ], [ -67.569389, 10.006349 ], [ -67.568649, 10.005774 ], [ -67.568070, 10.005084 ], [ -67.567581, 10.004439 ], [ -67.567307, 10.004003 ], [ -67.566933, 10.003519 ], [ -67.566589, 10.003129 ], [ -67.566101, 10.002554 ], [ -67.565735, 10.001703 ], [ -67.565552, 10.001037 ], [ -67.565323, 10.000440 ], [ -67.565277, 10.000296 ], [ -67.565094, 9.999542 ], [ -67.564713, 9.999043 ], [ -67.564377, 9.998474 ], [ -67.563927, 9.998093 ], [ -67.563438, 9.997733 ], [ -67.562874, 9.997582 ], [ -67.562294, 9.997594 ], [ -67.561577, 9.997701 ], [ -67.560799, 9.997830 ], [ -67.559990, 9.998007 ], [ -67.559227, 9.998136 ], [ -67.558555, 9.998263 ], [ -67.557907, 9.998344 ], [ -67.556587, 9.998462 ], [ -67.554604, 9.998731 ], [ -67.554024, 9.998741 ], [ -67.553367, 9.998707 ], [ -67.552559, 9.998609 ], [ -67.551697, 9.998601 ], [ -67.551094, 9.998544 ], [ -67.550377, 9.998557 ], [ -67.549774, 9.998614 ], [ -67.548393, 9.998848 ], [ -67.547653, 9.999046 ], [ -67.546845, 9.999360 ], [ -67.546250, 9.999579 ], [ -67.544769, 9.999699 ], [ -67.544167, 9.999619 ], [ -67.543488, 9.999585 ], [ -67.542793, 9.999621 ], [ -67.542168, 9.999634 ], [ -67.541893, 9.999570 ], [ -67.532555, 9.958168 ], [ -67.514892, 9.879792 ], [ -67.515358, 9.879546 ], [ -67.515991, 9.879955 ], [ -67.516106, 9.880156 ], [ -67.516266, 9.880391 ], [ -67.516525, 9.880817 ], [ -67.517036, 9.881823 ], [ -67.517365, 9.882303 ], [ -67.517693, 9.882739 ], [ -67.518028, 9.883165 ], [ -67.518349, 9.883646 ], [ -67.518883, 9.884670 ], [ -67.519005, 9.884878 ], [ -67.519196, 9.885105 ], [ -67.519592, 9.885514 ], [ -67.520012, 9.885922 ], [ -67.520264, 9.886105 ], [ -67.520760, 9.886378 ], [ -67.521240, 9.886552 ], [ -67.521523, 9.886625 ], [ -67.521843, 9.886690 ], [ -67.522484, 9.886757 ], [ -67.524078, 9.886854 ], [ -67.524429, 9.886855 ], [ -67.524773, 9.886830 ], [ -67.527244, 9.886696 ], [ -67.527878, 9.886672 ], [ -67.528450, 9.886692 ], [ -67.529083, 9.886686 ], [ -67.529678, 9.886724 ], [ -67.530304, 9.886791 ], [ -67.530945, 9.886902 ], [ -67.531922, 9.886988 ], [ -67.533096, 9.886929 ], [ -67.533493, 9.886886 ], [ -67.533836, 9.886861 ], [ -67.534233, 9.886790 ], [ -67.534577, 9.886692 ], [ -67.535774, 9.886291 ], [ -67.536240, 9.886175 ], [ -67.537277, 9.886080 ], [ -67.537834, 9.885982 ], [ -67.538589, 9.886094 ], [ -67.538994, 9.886178 ], [ -67.539612, 9.886361 ], [ -67.540100, 9.886680 ], [ -67.540360, 9.886907 ], [ -67.540733, 9.887361 ], [ -67.540893, 9.887606 ], [ -67.541107, 9.887833 ], [ -67.541847, 9.888360 ], [ -67.542381, 9.888670 ], [ -67.542687, 9.888762 ], [ -67.542969, 9.888781 ], [ -67.543197, 9.888763 ], [ -67.543510, 9.888693 ], [ -67.543816, 9.888576 ], [ -67.544098, 9.888596 ], [ -67.544396, 9.888705 ], [ -67.544884, 9.888952 ], [ -67.545250, 9.889179 ], [ -67.545532, 9.889660 ], [ -67.545860, 9.890114 ], [ -67.546097, 9.890367 ], [ -67.546379, 9.890613 ], [ -67.546631, 9.890795 ], [ -67.547051, 9.891140 ], [ -67.547302, 9.891268 ], [ -67.547516, 9.891359 ], [ -67.548073, 9.891561 ], [ -67.548355, 9.891725 ], [ -67.548355, 9.892249 ], [ -67.548263, 9.892665 ], [ -67.548035, 9.893143 ], [ -67.547760, 9.893648 ], [ -67.547280, 9.894478 ], [ -67.547173, 9.894703 ], [ -67.546944, 9.895254 ], [ -67.546829, 9.895489 ], [ -67.546768, 9.895714 ], [ -67.546646, 9.895994 ], [ -67.546608, 9.896247 ], [ -67.546585, 9.896536 ], [ -67.546631, 9.896816 ], [ -67.546707, 9.897116 ], [ -67.546890, 9.897731 ], [ -67.548019, 9.899047 ], [ -67.548248, 9.899138 ], [ -67.548485, 9.899184 ], [ -67.550079, 9.899382 ], [ -67.550652, 9.899393 ], [ -67.551391, 9.899487 ], [ -67.551903, 9.899570 ], [ -67.553734, 9.899967 ], [ -67.554314, 9.900259 ], [ -67.554566, 9.900377 ], [ -67.555305, 9.900624 ], [ -67.555634, 9.900752 ], [ -67.555962, 9.900917 ], [ -67.556397, 9.901235 ], [ -67.556709, 9.901507 ], [ -67.557099, 9.901871 ], [ -67.557289, 9.902071 ], [ -67.557518, 9.902252 ], [ -67.557709, 9.902461 ], [ -67.557900, 9.902616 ], [ -67.558540, 9.903296 ], [ -67.558762, 9.903505 ], [ -67.558922, 9.903706 ], [ -67.559128, 9.903933 ], [ -67.559265, 9.904122 ], [ -67.559876, 9.904848 ], [ -67.560806, 9.906055 ], [ -67.561066, 9.906345 ], [ -67.561508, 9.906736 ], [ -67.561882, 9.906964 ], [ -67.562164, 9.907164 ], [ -67.562553, 9.907392 ], [ -67.563408, 9.907839 ], [ -67.563644, 9.907929 ], [ -67.563927, 9.908067 ], [ -67.564201, 9.908086 ], [ -67.564476, 9.908015 ], [ -67.564804, 9.907881 ], [ -67.565048, 9.907764 ], [ -67.565308, 9.907576 ], [ -67.565719, 9.907324 ], [ -67.566154, 9.907001 ], [ -67.566460, 9.906767 ], [ -67.567024, 9.906281 ], [ -67.567261, 9.906119 ], [ -67.567764, 9.905823 ], [ -67.568070, 9.905616 ], [ -67.568573, 9.905338 ], [ -67.568871, 9.905194 ], [ -67.569145, 9.905106 ], [ -67.569954, 9.904756 ], [ -67.570480, 9.904450 ], [ -67.570969, 9.904218 ], [ -67.571243, 9.904128 ], [ -67.571815, 9.903896 ], [ -67.572342, 9.903636 ], [ -67.572693, 9.903502 ], [ -67.573341, 9.903215 ], [ -67.573593, 9.903081 ], [ -67.575317, 9.902084 ], [ -67.575569, 9.901877 ], [ -67.575752, 9.901643 ], [ -67.575867, 9.901436 ], [ -67.575943, 9.901165 ], [ -67.575889, 9.900848 ], [ -67.575798, 9.900640 ], [ -67.575653, 9.900368 ], [ -67.575279, 9.899960 ], [ -67.574928, 9.899542 ], [ -67.574600, 9.899089 ], [ -67.574303, 9.898707 ], [ -67.574089, 9.898525 ], [ -67.573883, 9.898298 ], [ -67.573662, 9.898135 ], [ -67.573479, 9.897981 ], [ -67.573227, 9.897726 ], [ -67.572990, 9.897454 ], [ -67.572830, 9.897201 ], [ -67.572479, 9.896476 ], [ -67.571945, 9.895740 ], [ -67.571823, 9.895541 ], [ -67.571724, 9.895269 ], [ -67.571724, 9.895017 ], [ -67.571747, 9.894763 ], [ -67.571808, 9.894510 ], [ -67.571991, 9.894032 ], [ -67.572243, 9.893455 ], [ -67.572311, 9.893202 ], [ -67.572426, 9.892903 ], [ -67.572495, 9.892606 ], [ -67.572670, 9.892036 ], [ -67.572945, 9.891622 ], [ -67.573128, 9.891315 ], [ -67.573311, 9.891045 ], [ -67.573494, 9.890810 ], [ -67.573746, 9.890586 ], [ -67.574181, 9.890217 ], [ -67.574394, 9.890010 ], [ -67.574684, 9.889793 ], [ -67.575172, 9.889524 ], [ -67.575378, 9.889380 ], [ -67.575653, 9.889246 ], [ -67.576157, 9.888941 ], [ -67.576576, 9.888599 ], [ -67.576828, 9.888365 ], [ -67.577034, 9.888204 ], [ -67.577812, 9.887692 ], [ -67.578133, 9.887440 ], [ -67.578484, 9.887188 ], [ -67.579376, 9.886215 ], [ -67.579719, 9.885800 ], [ -67.579918, 9.885340 ], [ -67.580010, 9.884771 ], [ -67.580047, 9.884473 ], [ -67.580162, 9.884156 ], [ -67.580345, 9.883741 ], [ -67.580559, 9.883417 ], [ -67.580742, 9.883164 ], [ -67.580895, 9.882984 ], [ -67.581169, 9.882723 ], [ -67.581535, 9.882309 ], [ -67.581932, 9.881922 ], [ -67.582115, 9.881669 ], [ -67.582298, 9.881480 ], [ -67.582481, 9.881273 ], [ -67.583183, 9.880562 ], [ -67.583412, 9.880373 ], [ -67.583672, 9.880239 ], [ -67.583901, 9.880095 ], [ -67.584244, 9.879707 ], [ -67.584625, 9.878741 ], [ -67.584671, 9.878235 ], [ -67.584663, 9.877710 ], [ -67.584541, 9.876887 ], [ -67.584496, 9.876661 ], [ -67.584396, 9.876408 ], [ -67.584137, 9.875430 ], [ -67.583923, 9.874353 ], [ -67.583633, 9.873511 ], [ -67.583397, 9.872090 ], [ -67.583298, 9.871611 ], [ -67.583206, 9.871113 ], [ -67.583153, 9.870580 ], [ -67.583145, 9.870353 ], [ -67.583191, 9.870037 ], [ -67.583260, 9.869784 ], [ -67.583573, 9.868791 ], [ -67.583740, 9.868384 ], [ -67.583877, 9.868150 ], [ -67.584145, 9.867781 ], [ -67.584396, 9.867465 ], [ -67.584694, 9.867023 ], [ -67.585060, 9.866356 ], [ -67.585243, 9.866040 ], [ -67.585495, 9.865553 ], [ -67.585602, 9.865300 ], [ -67.585724, 9.865092 ], [ -67.585968, 9.864615 ], [ -67.586433, 9.863785 ], [ -67.586975, 9.862937 ], [ -67.587135, 9.862702 ], [ -67.587265, 9.862405 ], [ -67.587616, 9.861873 ], [ -67.587753, 9.861575 ], [ -67.588005, 9.861096 ], [ -67.588181, 9.860546 ], [ -67.588410, 9.860041 ], [ -67.588783, 9.858758 ], [ -67.588837, 9.858460 ], [ -67.588943, 9.858117 ], [ -67.589165, 9.857267 ], [ -67.589211, 9.856789 ], [ -67.589203, 9.856490 ], [ -67.589211, 9.855893 ], [ -67.589157, 9.855550 ], [ -67.589104, 9.854862 ], [ -67.588997, 9.853723 ], [ -67.589005, 9.853261 ], [ -67.588974, 9.852855 ], [ -67.588966, 9.852393 ], [ -67.588921, 9.852077 ], [ -67.588913, 9.851841 ], [ -67.588982, 9.851136 ], [ -67.590149, 9.849252 ], [ -67.590378, 9.849063 ], [ -67.590897, 9.848722 ], [ -67.591247, 9.848578 ], [ -67.591545, 9.848434 ], [ -67.592422, 9.848131 ], [ -67.593514, 9.847810 ], [ -67.595009, 9.847409 ], [ -67.595566, 9.847239 ], [ -67.595901, 9.847151 ], [ -67.596504, 9.846936 ], [ -67.597015, 9.846839 ], [ -67.598328, 9.846672 ], [ -67.598556, 9.846737 ], [ -67.598839, 9.846964 ], [ -67.599045, 9.847191 ], [ -67.599266, 9.847490 ], [ -67.599503, 9.847970 ], [ -67.599663, 9.848514 ], [ -67.600067, 9.849591 ], [ -67.600258, 9.850071 ], [ -67.600509, 9.850552 ], [ -67.600670, 9.850886 ], [ -67.600838, 9.851168 ], [ -67.601219, 9.851685 ], [ -67.601471, 9.852192 ], [ -67.601753, 9.852663 ], [ -67.602211, 9.852982 ], [ -67.602524, 9.853119 ], [ -67.602821, 9.853210 ], [ -67.603096, 9.853230 ], [ -67.603401, 9.853231 ], [ -67.603912, 9.853133 ], [ -67.604225, 9.853035 ], [ -67.604576, 9.852901 ], [ -67.605148, 9.852804 ], [ -67.605614, 9.852752 ], [ -67.606445, 9.852728 ], [ -67.607002, 9.852749 ], [ -67.607605, 9.852760 ], [ -67.608070, 9.852762 ], [ -67.608299, 9.852736 ], [ -67.608612, 9.852756 ], [ -67.608872, 9.852801 ], [ -67.609200, 9.852911 ], [ -67.609711, 9.853157 ], [ -67.609917, 9.853294 ], [ -67.610153, 9.853431 ], [ -67.610382, 9.853612 ], [ -67.610573, 9.853748 ], [ -67.611054, 9.853977 ], [ -67.611633, 9.854178 ], [ -67.611984, 9.854260 ], [ -67.612488, 9.854489 ], [ -67.612747, 9.854626 ], [ -67.612953, 9.854808 ], [ -67.613373, 9.855216 ], [ -67.613609, 9.855516 ], [ -67.613846, 9.855924 ], [ -67.614014, 9.856421 ], [ -67.615898, 9.857921 ], [ -67.616340, 9.858284 ], [ -67.617088, 9.859038 ], [ -67.617966, 9.859991 ], [ -67.618393, 9.860463 ], [ -67.618645, 9.860789 ], [ -67.618835, 9.861016 ], [ -67.619331, 9.861488 ], [ -67.619812, 9.861988 ], [ -67.620399, 9.862560 ], [ -67.621071, 9.863105 ], [ -67.621933, 9.863732 ], [ -67.622147, 9.863896 ], [ -67.622352, 9.864005 ], [ -67.622955, 9.864207 ], [ -67.623512, 9.864345 ], [ -67.624710, 9.864765 ], [ -67.625176, 9.864948 ], [ -67.625656, 9.865041 ], [ -67.626221, 9.865197 ], [ -67.626572, 9.865307 ], [ -67.626823, 9.865371 ], [ -67.627098, 9.865372 ], [ -67.627533, 9.865319 ], [ -67.628067, 9.865268 ], [ -67.628349, 9.865269 ], [ -67.628624, 9.865225 ], [ -67.628853, 9.865171 ], [ -67.629105, 9.865100 ], [ -67.630150, 9.864571 ], [ -67.630440, 9.864454 ], [ -67.630692, 9.864311 ], [ -67.631012, 9.864104 ], [ -67.631332, 9.863852 ], [ -67.631531, 9.863663 ], [ -67.631844, 9.862914 ], [ -67.632118, 9.862427 ], [ -67.632591, 9.861714 ], [ -67.633095, 9.860839 ], [ -67.633469, 9.860379 ], [ -67.634171, 9.859578 ], [ -67.634430, 9.859343 ], [ -67.634628, 9.859181 ], [ -67.635025, 9.858794 ], [ -67.635620, 9.858101 ], [ -67.636856, 9.857012 ], [ -67.637062, 9.856805 ], [ -67.637245, 9.856579 ], [ -67.637657, 9.856228 ], [ -67.638237, 9.855950 ], [ -67.638809, 9.855718 ], [ -67.639290, 9.855484 ], [ -67.639496, 9.855350 ], [ -67.639862, 9.854862 ], [ -67.640297, 9.854476 ], [ -67.640556, 9.854269 ], [ -67.640800, 9.854053 ], [ -67.641029, 9.853783 ], [ -67.641564, 9.853088 ], [ -67.642059, 9.852259 ], [ -67.642273, 9.851943 ], [ -67.642563, 9.851411 ], [ -67.642700, 9.851112 ], [ -67.642830, 9.850787 ], [ -67.642906, 9.850544 ], [ -67.642929, 9.850173 ], [ -67.642876, 9.849604 ], [ -67.643051, 9.849097 ], [ -67.643280, 9.848845 ], [ -67.643715, 9.848449 ], [ -67.644127, 9.848243 ], [ -67.644981, 9.848237 ], [ -67.645584, 9.848349 ], [ -67.646172, 9.848504 ], [ -67.646469, 9.848569 ], [ -67.647026, 9.848724 ], [ -67.647583, 9.848853 ], [ -67.648178, 9.849055 ], [ -67.648972, 9.849492 ], [ -67.649323, 9.849648 ], [ -67.649559, 9.849711 ], [ -67.649780, 9.849757 ], [ -67.650009, 9.849776 ], [ -67.650269, 9.849777 ], [ -67.650917, 9.849798 ], [ -67.651710, 9.849928 ], [ -67.652817, 9.850448 ], [ -67.653099, 9.850557 ], [ -67.654183, 9.850914 ], [ -67.654693, 9.851115 ], [ -67.655830, 9.851726 ], [ -67.656082, 9.851745 ], [ -67.656639, 9.851747 ], [ -67.657242, 9.851695 ], [ -67.657471, 9.851642 ], [ -67.657821, 9.851525 ], [ -67.658089, 9.851391 ], [ -67.658302, 9.851247 ], [ -67.658577, 9.851023 ], [ -67.658989, 9.850654 ], [ -67.660187, 9.850098 ], [ -67.660515, 9.849972 ], [ -67.660973, 9.849748 ], [ -67.661529, 9.849560 ], [ -67.661896, 9.849489 ], [ -67.662170, 9.849391 ], [ -67.662514, 9.849248 ], [ -67.662765, 9.849231 ], [ -67.662994, 9.849177 ], [ -67.663300, 9.849043 ], [ -67.663551, 9.848881 ], [ -67.663803, 9.848692 ], [ -67.663994, 9.848530 ], [ -67.664848, 9.846463 ], [ -67.664871, 9.845921 ], [ -67.664978, 9.845595 ], [ -67.665321, 9.845108 ], [ -67.665596, 9.844838 ], [ -67.666031, 9.844514 ], [ -67.666382, 9.844280 ], [ -67.666679, 9.844119 ], [ -67.667000, 9.843912 ], [ -67.667442, 9.843724 ], [ -67.667809, 9.843517 ], [ -67.668038, 9.843328 ], [ -67.668220, 9.843049 ], [ -67.668511, 9.842525 ], [ -67.668861, 9.841975 ], [ -67.669044, 9.841742 ], [ -67.669220, 9.841489 ], [ -67.669800, 9.840776 ], [ -67.670181, 9.840335 ], [ -67.670547, 9.839993 ], [ -67.670921, 9.839597 ], [ -67.671173, 9.839372 ], [ -67.671562, 9.838975 ], [ -67.671768, 9.838750 ], [ -67.671974, 9.838497 ], [ -67.672287, 9.837965 ], [ -67.672607, 9.837550 ], [ -67.673393, 9.836858 ], [ -67.673622, 9.836533 ], [ -67.673691, 9.836307 ], [ -67.673866, 9.835484 ], [ -67.674110, 9.834934 ], [ -67.674408, 9.834519 ], [ -67.674690, 9.834286 ], [ -67.675407, 9.833800 ], [ -67.675675, 9.833593 ], [ -67.675949, 9.833359 ], [ -67.676270, 9.832944 ], [ -67.676384, 9.832719 ], [ -67.676476, 9.832438 ], [ -67.676521, 9.832168 ], [ -67.676544, 9.831942 ], [ -67.676697, 9.831436 ], [ -67.676903, 9.830949 ], [ -67.677170, 9.830081 ], [ -67.677475, 9.829595 ], [ -67.677704, 9.829414 ], [ -67.678131, 9.829000 ], [ -67.678497, 9.828531 ], [ -67.679138, 9.827820 ], [ -67.679489, 9.827360 ], [ -67.679688, 9.827198 ], [ -67.679901, 9.827108 ], [ -67.680702, 9.826804 ], [ -67.681213, 9.826643 ], [ -67.681671, 9.826564 ], [ -67.682343, 9.826493 ], [ -67.682663, 9.826495 ], [ -67.682899, 9.826514 ], [ -67.683700, 9.826553 ], [ -67.684074, 9.826618 ], [ -67.685806, 9.826471 ], [ -67.686157, 9.826535 ], [ -67.686798, 9.826574 ], [ -67.687080, 9.826575 ], [ -67.687660, 9.826686 ], [ -67.687912, 9.826723 ], [ -67.688454, 9.826879 ], [ -67.688980, 9.827107 ], [ -67.689468, 9.827308 ], [ -67.689774, 9.827427 ], [ -67.690041, 9.827509 ], [ -67.690910, 9.827892 ], [ -67.691376, 9.828165 ], [ -67.692207, 9.828819 ], [ -67.692696, 9.829184 ], [ -67.693253, 9.829547 ], [ -67.693672, 9.829838 ], [ -67.694115, 9.830183 ], [ -67.694343, 9.830428 ], [ -67.694977, 9.831226 ], [ -67.695442, 9.831662 ], [ -67.695679, 9.831844 ], [ -67.696396, 9.832290 ], [ -67.696632, 9.832454 ], [ -67.696892, 9.832608 ], [ -67.697304, 9.832881 ], [ -67.697724, 9.833064 ], [ -67.697952, 9.833200 ], [ -67.698189, 9.833310 ], [ -67.699280, 9.833965 ], [ -67.699585, 9.834120 ], [ -67.700043, 9.834374 ], [ -67.700882, 9.834803 ], [ -67.701454, 9.835113 ], [ -67.702233, 9.835505 ], [ -67.702576, 9.835705 ], [ -67.703010, 9.835933 ], [ -67.703507, 9.836106 ], [ -67.703804, 9.836288 ], [ -67.704643, 9.836762 ], [ -67.705177, 9.837080 ], [ -67.705757, 9.837444 ], [ -67.706222, 9.837762 ], [ -67.706566, 9.837917 ], [ -67.706848, 9.838099 ], [ -67.707123, 9.838254 ], [ -67.707543, 9.838554 ], [ -67.707894, 9.838727 ], [ -67.708214, 9.838864 ], [ -67.708710, 9.839210 ], [ -67.709076, 9.839500 ], [ -67.709312, 9.839727 ], [ -67.709480, 9.840026 ], [ -67.709549, 9.840370 ], [ -67.709595, 9.840713 ], [ -67.709625, 9.841166 ], [ -67.709625, 9.841673 ], [ -67.709541, 9.842061 ], [ -67.709381, 9.842386 ], [ -67.709267, 9.842730 ], [ -67.708633, 9.844399 ], [ -67.708458, 9.844977 ], [ -67.708252, 9.845410 ], [ -67.708115, 9.845754 ], [ -67.707932, 9.846332 ], [ -67.707779, 9.846992 ], [ -67.707665, 9.847362 ], [ -67.707413, 9.847867 ], [ -67.707138, 9.848237 ], [ -67.706734, 9.848949 ], [ -67.706367, 9.849382 ], [ -67.705910, 9.849796 ], [ -67.705200, 9.850382 ], [ -67.704941, 9.850607 ], [ -67.704414, 9.850975 ], [ -67.703957, 9.851235 ], [ -67.703682, 9.851370 ], [ -67.703453, 9.851514 ], [ -67.702942, 9.851928 ], [ -67.702690, 9.852180 ], [ -67.702507, 9.852343 ], [ -67.702233, 9.852640 ], [ -67.702049, 9.852874 ], [ -67.701759, 9.853334 ], [ -67.701622, 9.853795 ], [ -67.701576, 9.854111 ], [ -67.701599, 9.854391 ], [ -67.701759, 9.854591 ], [ -67.701973, 9.854773 ], [ -67.703117, 9.855817 ], [ -67.703507, 9.856135 ], [ -67.703819, 9.856335 ], [ -67.704025, 9.856453 ], [ -67.704582, 9.856700 ], [ -67.705116, 9.856973 ], [ -67.705551, 9.857246 ], [ -67.706001, 9.857447 ], [ -67.706558, 9.857666 ], [ -67.707085, 9.857894 ], [ -67.707596, 9.858167 ], [ -67.707947, 9.858395 ], [ -67.708382, 9.858568 ], [ -67.708984, 9.858751 ], [ -67.709267, 9.858888 ], [ -67.709389, 9.859087 ], [ -67.709534, 9.859431 ], [ -67.709602, 9.859657 ], [ -67.709671, 9.860046 ], [ -67.709839, 9.860527 ], [ -67.709953, 9.860826 ], [ -67.709938, 9.861078 ], [ -67.709839, 9.861558 ], [ -67.709801, 9.861883 ], [ -67.709709, 9.862362 ], [ -67.709877, 9.863393 ], [ -67.709915, 9.863782 ], [ -67.709915, 9.864072 ], [ -67.709992, 9.865103 ], [ -67.709992, 9.865383 ], [ -67.709969, 9.865862 ], [ -67.709999, 9.868422 ], [ -67.709839, 9.869361 ], [ -67.709770, 9.869596 ], [ -67.709686, 9.870048 ], [ -67.709625, 9.870536 ], [ -67.709579, 9.871079 ], [ -67.709496, 9.871612 ], [ -67.709519, 9.871856 ], [ -67.709610, 9.872154 ], [ -67.709732, 9.872480 ], [ -67.709854, 9.873005 ], [ -67.710129, 9.873712 ], [ -67.710205, 9.873956 ], [ -67.710327, 9.874490 ], [ -67.710396, 9.875214 ], [ -67.710495, 9.875720 ], [ -67.710640, 9.876245 ], [ -67.710831, 9.876753 ], [ -67.710975, 9.877088 ], [ -67.711212, 9.877523 ], [ -67.711495, 9.877913 ], [ -67.711701, 9.878049 ], [ -67.711975, 9.878203 ], [ -67.712326, 9.878476 ], [ -67.712837, 9.878704 ], [ -67.713066, 9.878796 ], [ -67.713966, 9.879061 ], [ -67.714226, 9.879152 ], [ -67.714508, 9.879235 ], [ -67.715034, 9.879437 ], [ -67.715614, 9.879619 ], [ -67.716202, 9.879775 ], [ -67.716728, 9.879886 ], [ -67.717262, 9.879969 ], [ -67.717766, 9.880034 ], [ -67.718399, 9.880100 ], [ -67.718742, 9.880192 ], [ -67.718979, 9.880283 ], [ -67.719185, 9.880392 ], [ -67.719604, 9.880692 ], [ -67.720322, 9.881319 ], [ -67.720558, 9.881546 ], [ -67.721039, 9.881909 ], [ -67.721321, 9.882092 ], [ -67.721832, 9.882338 ], [ -67.722641, 9.882702 ], [ -67.723015, 9.882839 ], [ -67.723572, 9.882995 ], [ -67.723831, 9.883059 ], [ -67.724113, 9.883105 ], [ -67.724640, 9.883216 ], [ -67.725128, 9.883345 ], [ -67.725616, 9.883455 ], [ -67.726097, 9.883611 ], [ -67.726540, 9.883657 ], [ -67.726891, 9.883704 ], [ -67.727211, 9.883723 ], [ -67.728271, 9.883709 ], [ -67.728577, 9.883756 ], [ -67.729103, 9.883911 ], [ -67.729523, 9.884202 ], [ -67.730675, 9.885644 ], [ -67.730927, 9.885889 ], [ -67.731232, 9.886297 ], [ -67.731461, 9.886705 ], [ -67.731743, 9.887167 ], [ -67.731979, 9.887620 ], [ -67.732246, 9.888028 ], [ -67.732666, 9.889033 ], [ -67.733139, 9.889967 ], [ -67.733299, 9.890519 ], [ -67.733398, 9.891017 ], [ -67.733574, 9.891569 ], [ -67.733688, 9.891976 ], [ -67.733803, 9.892321 ], [ -67.733925, 9.892619 ], [ -67.734024, 9.892918 ], [ -67.734093, 9.893216 ], [ -67.734139, 9.893461 ], [ -67.734238, 9.894131 ], [ -67.734306, 9.894402 ], [ -67.734436, 9.895018 ], [ -67.734474, 9.895316 ], [ -67.734665, 9.895751 ], [ -67.734878, 9.896095 ], [ -67.735229, 9.896458 ], [ -67.735756, 9.896659 ], [ -67.736061, 9.896841 ], [ -67.736572, 9.896789 ], [ -67.738045, 9.896730 ], [ -67.738419, 9.896750 ], [ -67.738884, 9.896843 ], [ -67.739441, 9.897017 ], [ -67.740066, 9.897263 ], [ -67.741104, 9.897619 ], [ -67.741661, 9.897893 ], [ -67.742363, 9.898212 ], [ -67.742798, 9.898385 ], [ -67.743157, 9.898567 ], [ -67.743637, 9.898931 ], [ -67.744339, 9.899549 ], [ -67.744904, 9.900184 ], [ -67.745316, 9.900727 ], [ -67.745598, 9.901045 ], [ -67.745956, 9.901526 ], [ -67.746376, 9.902296 ], [ -67.746613, 9.902822 ], [ -67.746773, 9.903120 ], [ -67.746910, 9.903319 ], [ -67.747238, 9.903592 ], [ -67.747612, 9.903955 ], [ -67.747917, 9.904390 ], [ -67.748131, 9.904572 ], [ -67.748428, 9.904799 ], [ -67.748993, 9.905715 ], [ -67.751503, 9.907226 ], [ -67.751755, 9.907316 ], [ -67.752266, 9.907445 ], [ -67.753632, 9.907667 ], [ -67.754211, 9.907823 ], [ -67.754608, 9.907887 ], [ -67.755112, 9.907935 ], [ -67.755905, 9.908065 ], [ -67.756477, 9.908103 ], [ -67.756927, 9.908194 ], [ -67.757408, 9.908277 ], [ -67.758057, 9.908343 ], [ -67.758385, 9.908390 ], [ -67.758629, 9.908409 ], [ -67.759239, 9.908520 ], [ -67.759483, 9.908539 ], [ -67.760025, 9.908559 ], [ -67.761063, 9.908752 ], [ -67.761620, 9.908800 ], [ -67.761871, 9.908792 ], [ -67.762360, 9.908902 ], [ -67.762566, 9.909039 ], [ -67.762733, 9.909202 ], [ -67.763100, 9.909610 ], [ -67.763367, 9.909837 ], [ -67.763596, 9.910064 ], [ -67.763786, 9.910318 ], [ -67.764137, 9.910953 ], [ -67.764480, 9.911387 ], [ -67.764816, 9.911859 ], [ -67.764938, 9.912158 ], [ -67.764984, 9.912429 ], [ -67.765030, 9.913072 ], [ -67.765030, 9.913324 ], [ -67.765068, 9.914012 ], [ -67.765159, 9.914926 ], [ -67.765358, 9.915839 ], [ -67.765442, 9.916735 ], [ -67.765656, 9.917604 ], [ -67.765983, 9.918013 ], [ -67.766380, 9.918647 ], [ -67.766540, 9.918945 ], [ -67.766709, 9.919172 ], [ -67.767036, 9.919517 ], [ -67.767242, 9.919644 ], [ -67.767517, 9.919691 ], [ -67.767799, 9.919664 ], [ -67.768486, 9.919522 ], [ -67.768951, 9.919479 ], [ -67.769867, 9.919464 ], [ -67.770149, 9.919511 ], [ -67.770691, 9.919711 ], [ -67.770943, 9.919848 ], [ -67.771218, 9.920030 ], [ -67.771568, 9.920420 ], [ -67.771973, 9.920937 ], [ -67.772270, 9.921399 ], [ -67.774445, 9.923758 ], [ -67.774750, 9.924121 ], [ -67.775498, 9.924892 ], [ -67.775955, 9.925301 ], [ -67.776680, 9.925665 ], [ -67.777183, 9.925939 ], [ -67.777496, 9.926075 ], [ -67.777954, 9.926249 ], [ -67.778564, 9.926495 ], [ -67.778908, 9.926586 ], [ -67.779419, 9.926814 ], [ -67.779694, 9.926879 ], [ -67.780273, 9.926990 ], [ -67.780533, 9.927053 ], [ -67.781311, 9.927183 ], [ -67.781898, 9.927231 ], [ -67.782150, 9.927268 ], [ -67.782799, 9.927333 ], [ -67.783150, 9.927335 ], [ -67.783791, 9.927373 ], [ -67.784279, 9.927411 ], [ -67.784668, 9.927430 ], [ -67.785042, 9.927432 ], [ -67.785317, 9.927478 ], [ -67.785553, 9.927497 ], [ -67.786942, 9.927764 ], [ -67.787285, 9.927847 ], [ -67.787865, 9.927958 ], [ -67.788170, 9.927977 ], [ -67.788513, 9.928023 ], [ -67.788742, 9.928042 ], [ -67.789329, 9.928044 ], [ -67.789650, 9.928036 ], [ -67.790245, 9.927984 ], [ -67.790848, 9.927941 ], [ -67.791077, 9.927933 ], [ -67.791382, 9.927889 ], [ -67.792282, 9.927811 ], [ -67.793182, 9.927805 ], [ -67.793808, 9.927825 ], [ -67.794968, 9.927838 ], [ -67.795883, 9.927760 ], [ -67.796142, 9.927779 ], [ -67.796699, 9.927799 ], [ -67.797180, 9.927792 ], [ -67.797669, 9.927932 ], [ -67.798737, 9.928331 ], [ -67.799172, 9.928586 ], [ -67.799530, 9.928759 ], [ -67.799736, 9.928941 ], [ -67.799949, 9.929077 ], [ -67.800201, 9.929286 ], [ -67.800384, 9.929485 ], [ -67.800606, 9.929694 ], [ -67.800949, 9.930147 ], [ -67.802261, 9.932060 ], [ -67.802429, 9.932360 ], [ -67.802651, 9.932814 ], [ -67.802376, 9.932950 ], [ -67.803146, 9.932950 ], [ -67.803444, 9.932941 ], [ -67.803673, 9.932761 ], [ -67.803993, 9.932320 ], [ -67.804436, 9.931842 ], [ -67.805168, 9.930822 ], [ -67.805298, 9.930615 ], [ -67.805435, 9.930363 ], [ -67.805786, 9.929975 ], [ -67.806168, 9.929488 ], [ -67.806351, 9.929173 ], [ -67.806534, 9.928730 ], [ -67.806709, 9.928251 ], [ -67.806969, 9.927700 ], [ -67.807053, 9.927375 ], [ -67.807022, 9.926580 ], [ -67.807091, 9.926119 ], [ -67.807220, 9.925612 ], [ -67.807312, 9.925314 ], [ -67.807381, 9.924998 ], [ -67.807579, 9.924447 ], [ -67.807716, 9.923869 ], [ -67.807785, 9.923643 ], [ -67.807831, 9.923390 ], [ -67.807899, 9.922911 ], [ -67.808075, 9.922405 ], [ -67.808273, 9.921783 ], [ -67.808434, 9.921457 ], [ -67.808548, 9.921186 ], [ -67.808632, 9.920934 ], [ -67.808800, 9.920500 ], [ -67.809044, 9.919968 ], [ -67.809425, 9.918865 ], [ -67.809563, 9.918405 ], [ -67.809700, 9.918089 ], [ -67.809921, 9.917376 ], [ -67.810059, 9.916806 ], [ -67.810081, 9.916480 ], [ -67.809982, 9.916028 ], [ -67.809815, 9.915503 ], [ -67.809738, 9.915222 ], [ -67.809646, 9.914932 ], [ -67.809547, 9.914652 ], [ -67.809402, 9.914127 ], [ -67.809364, 9.913765 ], [ -67.809318, 9.913539 ], [ -67.809258, 9.912779 ], [ -67.809258, 9.912373 ], [ -67.809227, 9.912028 ], [ -67.809136, 9.911657 ], [ -67.809090, 9.911296 ], [ -67.808868, 9.910517 ], [ -67.808845, 9.910200 ], [ -67.808723, 9.909603 ], [ -67.808647, 9.909349 ], [ -67.808601, 9.909097 ], [ -67.808502, 9.908762 ], [ -67.808434, 9.908436 ], [ -67.808228, 9.907775 ], [ -67.807808, 9.905124 ], [ -67.807846, 9.904211 ], [ -67.807884, 9.903587 ], [ -67.807930, 9.903225 ], [ -67.807999, 9.902882 ], [ -67.808060, 9.902629 ], [ -67.808174, 9.902286 ], [ -67.808312, 9.901960 ], [ -67.808494, 9.901636 ], [ -67.808830, 9.901157 ], [ -67.809013, 9.900625 ], [ -67.809174, 9.900074 ], [ -67.809425, 9.899523 ], [ -67.809715, 9.898702 ], [ -67.809784, 9.898421 ], [ -67.810119, 9.897807 ], [ -67.810280, 9.897437 ], [ -67.810348, 9.897184 ], [ -67.810509, 9.896887 ], [ -67.810646, 9.896679 ], [ -67.811302, 9.895895 ], [ -67.811791, 9.895526 ], [ -67.812111, 9.895156 ], [ -67.812340, 9.894677 ], [ -67.812470, 9.894081 ], [ -67.812599, 9.893394 ], [ -67.812645, 9.893051 ], [ -67.812668, 9.892500 ], [ -67.812569, 9.891993 ], [ -67.812378, 9.891495 ], [ -67.812141, 9.890969 ], [ -67.812042, 9.890671 ], [ -67.811973, 9.890399 ], [ -67.811874, 9.889802 ], [ -67.811829, 9.889322 ], [ -67.811775, 9.888979 ], [ -67.811752, 9.888635 ], [ -67.811630, 9.888047 ], [ -67.811462, 9.887449 ], [ -67.811348, 9.887196 ], [ -67.811203, 9.886653 ], [ -67.811157, 9.886399 ], [ -67.811058, 9.885938 ], [ -67.811012, 9.885667 ], [ -67.811005, 9.885413 ], [ -67.811020, 9.885187 ], [ -67.811073, 9.884961 ], [ -67.811089, 9.884663 ], [ -67.811180, 9.884175 ], [ -67.811356, 9.883326 ], [ -67.811516, 9.882829 ], [ -67.811577, 9.882594 ], [ -67.812538, 9.880345 ], [ -67.812897, 9.879379 ], [ -67.812958, 9.879127 ], [ -67.813164, 9.878557 ], [ -67.813347, 9.877961 ], [ -67.813599, 9.875874 ], [ -67.813652, 9.875367 ], [ -67.813599, 9.874887 ], [ -67.813354, 9.873793 ], [ -67.813118, 9.873177 ], [ -67.812782, 9.872353 ], [ -67.812691, 9.872054 ], [ -67.812462, 9.871511 ], [ -67.812057, 9.870939 ], [ -67.811867, 9.870649 ], [ -67.811676, 9.870142 ], [ -67.811066, 9.868685 ], [ -67.810829, 9.868177 ], [ -67.810593, 9.867751 ], [ -67.809944, 9.866727 ], [ -67.809776, 9.866401 ], [ -67.809586, 9.866129 ], [ -67.809395, 9.865839 ], [ -67.809097, 9.865449 ], [ -67.808937, 9.865286 ], [ -67.808655, 9.864878 ], [ -67.808342, 9.864470 ], [ -67.808044, 9.863990 ], [ -67.807739, 9.863564 ], [ -67.807365, 9.863128 ], [ -67.806831, 9.862764 ], [ -67.806320, 9.862474 ], [ -67.805618, 9.862000 ], [ -67.805153, 9.861493 ], [ -67.804993, 9.861293 ], [ -67.804733, 9.861021 ], [ -67.804543, 9.860794 ], [ -67.804382, 9.860496 ], [ -67.804291, 9.860242 ], [ -67.804222, 9.859998 ], [ -67.804169, 9.859627 ], [ -67.804184, 9.859282 ], [ -67.804184, 9.858984 ], [ -67.804245, 9.858089 ], [ -67.804222, 9.857845 ], [ -67.804237, 9.857592 ], [ -67.804214, 9.857067 ], [ -67.804092, 9.855828 ], [ -67.803894, 9.854941 ], [ -67.803703, 9.854389 ], [ -67.803627, 9.854117 ], [ -67.803512, 9.853339 ], [ -67.803436, 9.852534 ], [ -67.803444, 9.852453 ], [ -67.803985, 9.852165 ], [ -67.804543, 9.851995 ], [ -67.805160, 9.851771 ], [ -67.805740, 9.851602 ], [ -67.806862, 9.850982 ], [ -67.807320, 9.850631 ], [ -67.807839, 9.850199 ], [ -67.808411, 9.849776 ], [ -67.808914, 9.849353 ], [ -67.809914, 9.848597 ], [ -67.810417, 9.848191 ], [ -67.810944, 9.847750 ], [ -67.811493, 9.847390 ], [ -67.811997, 9.847103 ], [ -67.812546, 9.846815 ], [ -67.813698, 9.846403 ], [ -67.814384, 9.846207 ], [ -67.815742, 9.845931 ], [ -67.816345, 9.845798 ], [ -67.816994, 9.845674 ], [ -67.817543, 9.845504 ], [ -67.818115, 9.845262 ], [ -67.820030, 9.844626 ], [ -67.820763, 9.844358 ], [ -67.821480, 9.844044 ], [ -67.822052, 9.843846 ], [ -67.822991, 9.843415 ], [ -67.823586, 9.843083 ], [ -67.824158, 9.842751 ], [ -67.824867, 9.842391 ], [ -67.825493, 9.842050 ], [ -67.826042, 9.841699 ], [ -67.826614, 9.841367 ], [ -67.827133, 9.840961 ], [ -67.827705, 9.840556 ], [ -67.828232, 9.840134 ], [ -67.828735, 9.839846 ], [ -67.829422, 9.839423 ], [ -67.830040, 9.839090 ], [ -67.830589, 9.838821 ], [ -67.831215, 9.838652 ], [ -67.831795, 9.838726 ], [ -67.832420, 9.838945 ], [ -67.832977, 9.839201 ], [ -67.833298, 9.839276 ], [ -67.833557, 9.839392 ], [ -67.833809, 9.839483 ], [ -67.834038, 9.839547 ], [ -67.834786, 9.839704 ], [ -67.835060, 9.839660 ], [ -67.835976, 9.839464 ], [ -67.836807, 9.839231 ], [ -67.837112, 9.839133 ], [ -67.837410, 9.839017 ], [ -67.837715, 9.838837 ], [ -67.837944, 9.838810 ], [ -67.838219, 9.838766 ], [ -67.838501, 9.838695 ], [ -67.838730, 9.838669 ], [ -67.839027, 9.838615 ], [ -67.839600, 9.838680 ], [ -67.839790, 9.838817 ], [ -67.840347, 9.839406 ], [ -67.840629, 9.839380 ], [ -67.841133, 9.839292 ], [ -67.841385, 9.839193 ], [ -67.843124, 9.838719 ], [ -67.843414, 9.838630 ], [ -67.843666, 9.838513 ], [ -67.843926, 9.838369 ], [ -67.844269, 9.838253 ], [ -67.844589, 9.838182 ], [ -67.844849, 9.838165 ], [ -67.845314, 9.838112 ], [ -67.845612, 9.838203 ], [ -67.845886, 9.838313 ], [ -67.846138, 9.838465 ], [ -67.846977, 9.839013 ], [ -67.847862, 9.838935 ], [ -67.848694, 9.839047 ], [ -67.849320, 9.839265 ], [ -67.849785, 9.839448 ], [ -67.850037, 9.839539 ], [ -67.850525, 9.839622 ], [ -67.850983, 9.839741 ], [ -67.851525, 9.839897 ], [ -67.852577, 9.840000 ], [ -67.852882, 9.839947 ], [ -67.853134, 9.839884 ], [ -67.853546, 9.839759 ], [ -67.853783, 9.839742 ], [ -67.854088, 9.839643 ], [ -67.854317, 9.839599 ], [ -67.854614, 9.839573 ], [ -67.854965, 9.839564 ], [ -67.855217, 9.839611 ], [ -67.855514, 9.839747 ], [ -67.855843, 9.839884 ], [ -67.856377, 9.840085 ], [ -67.856926, 9.840404 ], [ -67.857208, 9.840576 ], [ -67.857445, 9.840739 ], [ -67.857750, 9.840985 ], [ -67.857956, 9.841122 ], [ -67.858162, 9.841303 ], [ -67.858421, 9.841484 ], [ -67.858627, 9.841648 ], [ -67.858864, 9.841784 ], [ -67.859077, 9.841893 ], [ -67.860046, 9.842141 ], [ -67.860321, 9.842114 ], [ -67.860596, 9.842062 ], [ -67.861595, 9.841784 ], [ -67.861916, 9.841577 ], [ -67.863068, 9.840713 ], [ -67.863243, 9.840551 ], [ -67.863495, 9.840299 ], [ -67.863724, 9.840092 ], [ -67.863930, 9.839885 ], [ -67.864136, 9.839632 ], [ -67.864548, 9.839217 ], [ -67.864967, 9.838848 ], [ -67.865677, 9.838362 ], [ -67.865952, 9.838219 ], [ -67.866180, 9.838156 ], [ -67.866394, 9.838057 ], [ -67.866646, 9.838013 ], [ -67.866890, 9.837986 ], [ -67.867401, 9.838024 ], [ -67.867752, 9.838095 ], [ -67.868034, 9.838161 ], [ -67.868286, 9.838173 ], [ -67.868515, 9.838227 ], [ -67.869072, 9.838337 ], [ -67.869369, 9.838374 ], [ -67.870110, 9.838440 ], [ -67.870369, 9.838441 ], [ -67.870788, 9.838486 ], [ -67.871040, 9.838552 ], [ -67.871414, 9.838616 ], [ -67.872124, 9.838610 ], [ -67.872497, 9.838629 ], [ -67.872757, 9.838603 ], [ -67.872986, 9.838513 ], [ -67.873527, 9.838343 ], [ -67.873741, 9.838253 ], [ -67.874016, 9.838155 ], [ -67.874893, 9.837922 ], [ -67.875404, 9.837716 ], [ -67.875771, 9.837545 ], [ -67.876327, 9.837339 ], [ -67.876595, 9.837223 ], [ -67.876824, 9.837152 ], [ -67.877175, 9.836989 ], [ -67.877640, 9.836846 ], [ -67.878143, 9.836640 ], [ -67.878418, 9.836542 ], [ -67.878792, 9.836362 ], [ -67.879021, 9.836264 ], [ -67.879318, 9.836075 ], [ -67.879547, 9.835967 ], [ -67.880096, 9.835570 ], [ -67.880348, 9.835408 ], [ -67.880669, 9.835175 ], [ -67.880974, 9.834968 ], [ -67.881401, 9.834599 ], [ -67.881889, 9.834202 ], [ -67.882072, 9.834022 ], [ -67.882645, 9.833553 ], [ -67.882858, 9.833446 ], [ -67.883087, 9.833302 ], [ -67.883377, 9.833095 ], [ -67.883606, 9.832842 ], [ -67.883835, 9.832635 ], [ -67.884110, 9.832174 ], [ -67.884384, 9.831642 ], [ -67.884773, 9.831110 ], [ -67.885002, 9.830885 ], [ -67.885178, 9.830740 ], [ -67.885422, 9.830605 ], [ -67.885757, 9.830490 ], [ -67.885994, 9.830462 ], [ -67.886246, 9.830463 ], [ -67.886551, 9.830482 ], [ -67.887032, 9.830475 ], [ -67.887291, 9.830503 ], [ -67.887978, 9.830650 ], [ -67.888351, 9.830696 ], [ -67.889816, 9.829218 ], [ -67.889908, 9.828965 ], [ -67.890114, 9.828505 ], [ -67.890175, 9.828280 ], [ -67.890297, 9.827981 ], [ -67.890404, 9.827746 ], [ -67.890518, 9.827448 ], [ -67.890678, 9.827177 ], [ -67.891128, 9.826646 ], [ -67.891434, 9.826529 ], [ -67.891807, 9.826412 ], [ -67.892082, 9.826341 ], [ -67.892357, 9.826242 ], [ -67.892998, 9.826353 ], [ -67.893257, 9.826381 ], [ -67.893585, 9.826373 ], [ -67.894066, 9.826321 ], [ -67.894928, 9.826116 ], [ -67.895172, 9.826016 ], [ -67.895401, 9.825900 ], [ -67.895729, 9.825784 ], [ -67.896210, 9.825577 ], [ -67.896438, 9.825415 ], [ -67.896667, 9.825271 ], [ -67.897179, 9.825019 ], [ -67.897476, 9.824903 ], [ -67.898003, 9.824669 ], [ -67.898376, 9.824526 ], [ -67.898865, 9.824292 ], [ -67.899406, 9.824059 ], [ -67.899727, 9.823942 ], [ -67.899941, 9.823853 ], [ -67.900589, 9.823710 ], [ -67.900993, 9.823566 ], [ -67.901253, 9.823450 ], [ -67.901482, 9.823360 ], [ -67.901764, 9.823262 ], [ -67.902084, 9.823100 ], [ -67.902359, 9.822984 ], [ -67.902656, 9.822822 ], [ -67.902870, 9.822686 ], [ -67.903069, 9.822542 ], [ -67.903298, 9.822363 ], [ -67.903465, 9.822200 ], [ -67.903740, 9.821993 ], [ -67.903984, 9.821759 ], [ -67.904244, 9.821551 ], [ -67.904655, 9.821182 ], [ -67.905045, 9.820786 ], [ -67.905182, 9.820560 ], [ -67.905480, 9.820027 ], [ -67.905586, 9.819801 ], [ -67.905754, 9.819522 ], [ -67.906044, 9.819107 ], [ -67.906212, 9.818927 ], [ -67.906548, 9.818514 ], [ -67.906731, 9.818350 ], [ -67.906899, 9.818142 ], [ -67.907097, 9.817980 ], [ -67.907463, 9.817583 ], [ -67.907875, 9.817214 ], [ -67.908127, 9.817079 ], [ -67.908402, 9.816980 ], [ -67.908707, 9.816963 ], [ -67.908989, 9.816910 ], [ -67.910736, 9.816373 ], [ -67.911354, 9.816221 ], [ -67.913223, 9.815585 ], [ -67.913910, 9.815389 ], [ -67.914551, 9.815143 ], [ -67.915245, 9.814995 ], [ -67.915848, 9.814982 ], [ -67.916427, 9.815107 ], [ -67.917015, 9.815281 ], [ -67.917595, 9.815473 ], [ -67.918159, 9.815691 ], [ -67.918259, 9.815741 ], [ -67.918716, 9.815955 ], [ -67.919304, 9.816274 ], [ -67.919846, 9.816556 ], [ -67.920387, 9.816865 ], [ -67.920853, 9.817273 ], [ -67.921394, 9.817727 ], [ -67.921753, 9.818171 ], [ -67.922295, 9.818625 ], [ -67.922790, 9.818961 ], [ -67.923287, 9.819316 ], [ -67.923760, 9.819770 ], [ -67.924233, 9.820168 ], [ -67.925079, 9.821031 ], [ -67.925575, 9.821485 ], [ -67.926025, 9.821866 ], [ -67.926636, 9.822193 ], [ -67.927292, 9.822457 ], [ -67.927918, 9.822677 ], [ -67.928505, 9.822895 ], [ -67.928802, 9.822943 ], [ -67.929039, 9.823042 ], [ -67.929543, 9.823133 ], [ -67.929772, 9.823197 ], [ -67.930008, 9.823244 ], [ -67.930519, 9.823372 ], [ -67.930748, 9.823400 ], [ -67.931229, 9.823347 ], [ -67.931503, 9.823276 ], [ -67.931946, 9.823114 ], [ -67.932182, 9.823088 ], [ -67.932785, 9.823198 ], [ -67.933052, 9.823262 ], [ -67.933342, 9.823281 ], [ -67.933655, 9.823346 ], [ -67.933937, 9.823437 ], [ -67.934242, 9.823574 ], [ -67.934708, 9.823756 ], [ -67.935036, 9.823838 ], [ -67.935288, 9.823930 ], [ -67.935608, 9.824021 ], [ -67.936401, 9.824177 ], [ -67.936676, 9.824196 ], [ -67.937302, 9.824262 ], [ -67.937553, 9.824299 ], [ -67.937805, 9.824299 ], [ -67.938156, 9.824346 ], [ -67.938431, 9.824365 ], [ -67.938736, 9.824356 ], [ -67.939331, 9.824358 ], [ -67.939636, 9.824377 ], [ -67.939865, 9.824351 ], [ -67.940422, 9.824344 ], [ -67.940697, 9.824317 ], [ -67.940979, 9.824346 ], [ -67.941200, 9.824337 ], [ -67.941711, 9.824492 ], [ -67.941948, 9.824583 ], [ -67.943184, 9.825718 ], [ -67.943466, 9.826135 ], [ -67.943604, 9.826361 ], [ -67.943794, 9.826606 ], [ -67.943977, 9.826787 ], [ -67.944160, 9.827003 ], [ -67.944443, 9.827241 ], [ -67.944916, 9.827667 ], [ -67.945412, 9.828049 ], [ -67.946014, 9.828291 ], [ -67.947258, 9.828640 ], [ -67.947922, 9.828759 ], [ -67.948418, 9.828908 ], [ -67.949638, 9.829364 ], [ -67.950157, 9.829818 ], [ -67.950562, 9.830244 ], [ -67.950935, 9.830697 ], [ -67.951363, 9.831151 ], [ -67.951698, 9.831622 ], [ -67.952080, 9.832103 ], [ -67.952484, 9.832529 ], [ -67.952934, 9.832937 ], [ -67.953476, 9.833292 ], [ -67.953941, 9.833628 ], [ -67.954529, 9.833892 ], [ -67.955131, 9.833993 ], [ -67.955780, 9.834049 ], [ -67.956436, 9.834079 ], [ -67.957657, 9.834055 ], [ -67.958839, 9.833986 ], [ -67.959442, 9.833835 ], [ -67.960732, 9.833631 ], [ -67.961311, 9.833524 ], [ -67.961937, 9.833489 ], [ -67.963203, 9.833366 ], [ -67.963600, 9.833277 ], [ -67.964539, 9.832919 ], [ -67.964836, 9.832848 ], [ -67.965187, 9.832776 ], [ -67.965515, 9.832723 ], [ -67.966271, 9.832671 ], [ -67.966553, 9.832717 ], [ -67.966827, 9.832781 ], [ -67.967155, 9.832846 ], [ -67.967758, 9.833001 ], [ -67.968071, 9.833047 ], [ -67.968704, 9.832994 ], [ -67.969025, 9.832951 ], [ -67.969307, 9.832897 ], [ -67.969628, 9.832871 ], [ -67.969902, 9.832827 ], [ -67.972893, 9.831172 ], [ -67.973198, 9.831127 ], [ -67.973427, 9.831083 ], [ -67.973679, 9.831012 ], [ -67.973923, 9.830894 ], [ -67.974480, 9.830725 ], [ -67.974739, 9.830635 ], [ -67.975357, 9.830492 ], [ -67.975617, 9.830493 ], [ -67.975868, 9.830557 ], [ -67.976143, 9.830667 ], [ -67.976402, 9.830830 ], [ -67.976753, 9.831030 ], [ -67.977005, 9.831229 ], [ -67.977173, 9.831392 ], [ -67.977364, 9.831619 ], [ -67.977539, 9.831846 ], [ -67.977707, 9.832100 ], [ -67.977913, 9.832344 ], [ -67.978149, 9.832571 ], [ -67.978340, 9.832711 ], [ -67.978805, 9.833008 ], [ -67.979332, 9.833317 ], [ -67.979874, 9.833499 ], [ -67.980126, 9.833563 ], [ -67.980545, 9.833610 ], [ -67.981117, 9.833648 ], [ -67.981468, 9.833649 ], [ -67.981842, 9.833622 ], [ -67.982086, 9.833596 ], [ -67.982368, 9.833543 ], [ -67.982643, 9.833526 ], [ -67.982880, 9.833499 ], [ -67.983108, 9.833446 ], [ -67.983360, 9.833401 ], [ -67.983612, 9.833329 ], [ -67.983894, 9.833213 ], [ -67.984138, 9.833141 ], [ -67.984466, 9.833024 ], [ -67.984787, 9.832935 ], [ -67.985138, 9.832818 ], [ -67.985481, 9.832693 ], [ -67.985802, 9.832559 ], [ -67.986404, 9.832279 ], [ -67.986633, 9.832163 ], [ -67.986954, 9.832091 ], [ -67.987282, 9.832038 ], [ -67.987625, 9.832012 ], [ -67.988197, 9.832014 ], [ -67.988487, 9.831987 ], [ -67.988777, 9.831979 ], [ -67.989113, 9.831906 ], [ -67.989677, 9.831765 ], [ -67.989937, 9.831676 ], [ -67.990189, 9.831631 ], [ -67.990463, 9.831605 ], [ -67.990807, 9.831533 ], [ -67.991112, 9.831507 ], [ -67.991341, 9.831552 ], [ -67.991730, 9.831591 ], [ -67.992012, 9.831681 ], [ -67.993050, 9.831857 ], [ -67.993355, 9.831876 ], [ -67.993957, 9.832013 ], [ -67.994240, 9.832122 ], [ -67.994492, 9.832186 ], [ -67.994789, 9.832277 ], [ -67.995003, 9.832387 ], [ -67.995231, 9.832459 ], [ -67.995514, 9.832569 ], [ -67.995796, 9.832661 ], [ -67.995979, 9.832814 ], [ -67.996185, 9.832924 ], [ -67.996376, 9.833115 ], [ -67.996590, 9.833223 ], [ -67.996796, 9.833360 ], [ -67.997307, 9.833560 ], [ -67.997604, 9.833696 ], [ -67.998039, 9.833924 ], [ -67.998321, 9.834006 ], [ -67.998581, 9.834098 ], [ -67.999138, 9.834189 ], [ -67.999527, 9.834317 ], [ -68.000031, 9.834210 ], [ -68.000702, 9.834198 ], [ -68.000977, 9.834244 ], [ -68.001228, 9.834271 ], [ -68.001472, 9.834309 ], [ -68.001694, 9.834399 ], [ -68.001953, 9.834400 ], [ -68.002251, 9.834419 ], [ -68.002579, 9.834465 ], [ -68.002975, 9.834557 ], [ -68.003273, 9.834648 ], [ -68.003525, 9.834803 ], [ -68.003853, 9.835165 ], [ -68.004067, 9.835283 ], [ -68.004227, 9.835465 ], [ -68.004372, 9.835647 ], [ -68.004555, 9.835978 ], [ -68.004715, 9.836217 ], [ -68.004883, 9.836408 ], [ -68.005348, 9.836743 ], [ -68.005539, 9.836906 ], [ -68.005699, 9.837106 ], [ -68.005981, 9.837586 ], [ -68.006119, 9.837840 ], [ -68.006218, 9.838120 ], [ -68.006317, 9.838971 ], [ -68.006317, 9.839468 ], [ -68.006325, 9.839704 ], [ -68.006294, 9.840002 ], [ -68.006348, 9.840508 ], [ -68.006371, 9.840870 ], [ -68.006447, 9.841168 ], [ -68.006493, 9.841467 ], [ -68.006561, 9.841721 ], [ -68.006592, 9.841956 ], [ -68.006584, 9.842273 ], [ -68.006615, 9.842643 ], [ -68.006714, 9.843195 ], [ -68.006828, 9.843720 ], [ -68.007019, 9.844273 ], [ -68.007118, 9.844616 ], [ -68.007240, 9.845132 ], [ -68.007332, 9.845364 ], [ -68.007668, 9.845943 ], [ -68.008118, 9.846460 ], [ -68.009537, 9.847450 ], [ -68.010246, 9.847896 ], [ -68.010887, 9.848250 ], [ -68.011551, 9.848660 ], [ -68.011940, 9.849194 ], [ -68.012207, 9.849701 ], [ -68.012657, 9.850353 ], [ -68.012993, 9.850978 ], [ -68.013443, 9.851785 ], [ -68.013428, 9.852590 ], [ -68.013207, 9.853113 ], [ -68.012848, 9.853637 ], [ -68.012443, 9.854178 ], [ -68.011902, 9.854701 ], [ -68.011337, 9.855143 ], [ -68.010750, 9.855665 ], [ -68.010391, 9.856234 ], [ -68.009895, 9.856866 ], [ -68.009422, 9.857389 ], [ -68.008873, 9.857884 ], [ -68.007934, 9.858578 ], [ -68.007210, 9.859046 ], [ -68.006553, 9.859424 ], [ -68.005074, 9.860333 ], [ -68.004540, 9.860648 ], [ -68.003853, 9.861161 ], [ -68.003365, 9.861477 ], [ -68.002754, 9.861764 ], [ -68.002457, 9.861964 ], [ -68.002419, 9.862017 ], [ -68.002205, 9.862151 ], [ -68.001999, 9.862268 ], [ -68.001556, 9.862665 ], [ -68.001327, 9.862935 ], [ -68.001099, 9.863188 ], [ -68.000732, 9.863748 ], [ -68.000595, 9.863974 ], [ -68.000488, 9.864226 ], [ -68.000183, 9.865039 ], [ -68.000145, 9.865265 ], [ -68.000115, 9.865519 ], [ -68.000015, 9.867127 ], [ -68.000069, 9.867724 ], [ -68.000153, 9.867951 ], [ -68.000297, 9.868232 ], [ -68.000466, 9.868458 ], [ -68.000656, 9.868685 ], [ -68.000817, 9.868938 ], [ -68.000984, 9.869165 ], [ -68.001144, 9.869464 ], [ -68.001472, 9.870316 ], [ -68.001640, 9.870858 ], [ -68.001808, 9.871094 ], [ -68.001969, 9.871438 ], [ -68.002106, 9.871963 ], [ -68.002258, 9.872741 ], [ -68.002319, 9.872994 ], [ -68.002464, 9.873773 ], [ -68.002487, 9.874008 ], [ -68.002708, 9.874786 ], [ -68.002754, 9.875012 ], [ -68.002823, 9.875284 ], [ -68.002853, 9.875565 ], [ -68.002815, 9.876134 ], [ -68.002716, 9.876802 ], [ -68.002716, 9.877129 ], [ -68.002655, 9.877355 ], [ -68.002609, 9.877652 ], [ -68.002663, 9.878295 ], [ -68.002663, 9.878548 ], [ -68.002640, 9.878801 ], [ -68.002464, 9.879750 ], [ -68.002434, 9.880021 ], [ -68.002342, 9.880302 ], [ -68.002304, 9.880618 ], [ -68.002258, 9.880853 ], [ -68.002167, 9.881196 ], [ -68.002060, 9.881449 ], [ -68.001969, 9.881774 ], [ -68.001877, 9.881982 ], [ -68.001732, 9.882551 ], [ -68.001717, 9.882832 ], [ -68.001717, 9.883085 ], [ -68.001770, 9.883356 ], [ -68.001862, 9.883610 ], [ -68.002007, 9.883882 ], [ -68.002144, 9.884180 ], [ -68.002335, 9.884362 ], [ -68.002586, 9.884480 ], [ -68.002861, 9.884544 ], [ -68.003159, 9.884663 ], [ -68.003395, 9.884682 ], [ -68.003670, 9.884655 ], [ -68.003906, 9.884583 ], [ -68.004395, 9.884350 ], [ -68.004593, 9.884188 ], [ -68.004784, 9.884052 ], [ -68.004967, 9.883863 ], [ -68.005310, 9.883403 ], [ -68.005470, 9.883150 ], [ -68.005684, 9.882897 ], [ -68.005836, 9.882572 ], [ -68.005928, 9.882347 ], [ -68.005974, 9.882093 ], [ -68.006012, 9.881516 ], [ -68.006020, 9.881217 ], [ -68.005966, 9.880710 ], [ -68.005989, 9.880484 ], [ -68.006058, 9.880249 ], [ -68.006103, 9.879978 ], [ -68.006195, 9.879770 ], [ -68.006302, 9.879562 ], [ -68.006470, 9.879400 ], [ -68.006699, 9.879103 ], [ -68.006928, 9.878850 ], [ -68.007111, 9.878706 ], [ -68.007347, 9.878544 ], [ -68.007805, 9.878129 ], [ -68.007988, 9.877940 ], [ -68.008354, 9.877461 ], [ -68.008583, 9.877136 ], [ -68.009781, 9.875793 ], [ -68.010056, 9.875676 ], [ -68.010338, 9.875704 ], [ -68.010567, 9.875786 ], [ -68.010818, 9.875922 ], [ -68.011055, 9.876014 ], [ -68.011520, 9.875924 ], [ -68.012070, 9.875709 ], [ -68.012352, 9.875574 ], [ -68.012565, 9.875412 ], [ -68.012947, 9.875060 ], [ -68.013115, 9.874880 ], [ -68.013298, 9.874736 ], [ -68.013764, 9.874529 ], [ -68.013992, 9.874373 ], [ -68.014221, 9.874160 ], [ -68.014443, 9.874088 ], [ -68.014656, 9.873999 ], [ -68.014893, 9.873855 ], [ -68.015381, 9.873512 ], [ -68.015831, 9.873160 ], [ -68.016060, 9.873016 ], [ -68.016319, 9.872900 ], [ -68.016701, 9.872686 ], [ -68.016937, 9.872531 ], [ -68.017151, 9.872351 ], [ -68.017334, 9.872189 ], [ -68.017494, 9.871999 ], [ -68.017700, 9.871792 ], [ -68.018089, 9.871468 ], [ -68.018257, 9.871286 ], [ -68.018715, 9.870917 ], [ -68.019104, 9.870476 ], [ -68.019592, 9.870033 ], [ -68.019867, 9.869754 ], [ -68.020050, 9.869592 ], [ -68.020210, 9.869385 ], [ -68.020348, 9.869177 ], [ -68.020561, 9.869015 ], [ -68.020973, 9.868763 ], [ -68.021225, 9.868619 ], [ -68.021454, 9.868439 ], [ -68.021637, 9.868231 ], [ -68.021851, 9.868114 ], [ -68.022102, 9.867925 ], [ -68.022309, 9.867808 ], [ -68.022514, 9.867673 ], [ -68.022835, 9.867438 ], [ -68.023048, 9.867304 ], [ -68.023514, 9.867070 ], [ -68.024116, 9.866792 ], [ -68.024407, 9.866630 ], [ -68.024689, 9.866558 ], [ -68.024994, 9.866441 ], [ -68.026169, 9.866137 ], [ -68.027145, 9.865941 ], [ -68.027435, 9.865869 ], [ -68.027672, 9.865825 ], [ -68.028320, 9.865727 ], [ -68.028740, 9.865611 ], [ -68.029480, 9.865378 ], [ -68.029785, 9.865307 ], [ -68.030663, 9.865047 ], [ -68.031258, 9.864903 ], [ -68.031517, 9.864904 ], [ -68.032074, 9.864852 ], [ -68.032631, 9.864899 ], [ -68.032883, 9.864944 ], [ -68.033157, 9.864982 ], [ -68.033394, 9.865027 ], [ -68.034042, 9.865120 ], [ -68.034271, 9.865138 ], [ -68.034523, 9.865139 ], [ -68.034805, 9.865113 ], [ -68.036941, 9.865146 ], [ -68.037170, 9.865165 ], [ -68.038101, 9.865412 ], [ -68.038612, 9.865503 ], [ -68.039391, 9.865569 ], [ -68.039932, 9.865589 ], [ -68.040253, 9.865581 ], [ -68.040504, 9.865600 ], [ -68.040764, 9.865582 ], [ -68.041572, 9.865575 ], [ -68.041855, 9.865521 ], [ -68.042084, 9.865504 ], [ -68.042389, 9.865406 ], [ -68.042641, 9.865361 ], [ -68.042870, 9.865290 ], [ -68.043816, 9.865030 ], [ -68.044212, 9.864959 ], [ -68.044861, 9.864906 ], [ -68.045250, 9.864862 ], [ -68.045578, 9.864836 ], [ -68.045921, 9.864792 ], [ -68.046806, 9.864713 ], [ -68.047035, 9.864732 ], [ -68.047295, 9.864733 ], [ -68.047943, 9.864770 ], [ -68.048180, 9.864771 ], [ -68.048424, 9.864790 ], [ -68.049049, 9.864909 ], [ -68.049400, 9.864991 ], [ -68.049774, 9.865065 ], [ -68.050606, 9.864914 ], [ -68.050858, 9.864896 ], [ -68.051353, 9.864753 ], [ -68.051697, 9.864636 ], [ -68.052200, 9.864421 ], [ -68.052712, 9.864169 ], [ -68.052925, 9.864079 ], [ -68.053360, 9.863818 ], [ -68.053604, 9.863656 ], [ -68.053909, 9.863476 ], [ -68.054390, 9.863125 ], [ -68.054993, 9.862710 ], [ -68.055176, 9.862548 ], [ -68.055588, 9.862151 ], [ -68.055801, 9.861989 ], [ -68.056007, 9.861872 ], [ -68.056282, 9.861683 ], [ -68.056511, 9.861503 ], [ -68.056679, 9.861340 ], [ -68.056862, 9.861106 ], [ -68.057045, 9.860926 ], [ -68.057388, 9.860483 ], [ -68.057709, 9.860113 ], [ -68.058151, 9.859726 ], [ -68.058311, 9.859518 ], [ -68.058563, 9.859257 ], [ -68.058746, 9.859031 ], [ -68.058884, 9.858842 ], [ -68.059479, 9.857803 ], [ -68.059761, 9.857596 ], [ -68.059944, 9.857389 ], [ -68.060219, 9.857182 ], [ -68.060448, 9.857046 ], [ -68.060867, 9.856722 ], [ -68.061096, 9.856560 ], [ -68.061348, 9.856398 ], [ -68.061836, 9.856118 ], [ -68.062042, 9.856020 ], [ -68.062591, 9.855722 ], [ -68.062897, 9.855507 ], [ -68.063103, 9.855390 ], [ -68.065246, 9.854663 ], [ -68.065506, 9.854618 ], [ -68.065758, 9.854547 ], [ -68.066269, 9.854503 ], [ -68.066757, 9.854450 ], [ -68.067055, 9.854405 ], [ -68.067383, 9.854398 ], [ -68.068306, 9.854328 ], [ -68.068558, 9.854328 ], [ -68.069191, 9.854231 ], [ -68.069656, 9.854133 ], [ -68.070274, 9.853990 ], [ -68.070625, 9.853900 ], [ -68.070923, 9.853847 ], [ -68.071228, 9.853775 ], [ -68.071693, 9.853749 ], [ -68.071991, 9.853795 ], [ -68.072288, 9.853814 ], [ -68.072548, 9.853860 ], [ -68.072823, 9.853879 ], [ -68.073074, 9.853880 ], [ -68.073570, 9.853836 ], [ -68.074142, 9.853828 ], [ -68.074951, 9.853731 ], [ -68.075424, 9.853588 ], [ -68.075645, 9.853498 ], [ -68.075951, 9.853399 ], [ -68.076462, 9.853192 ], [ -68.076759, 9.853094 ], [ -68.077011, 9.853049 ], [ -68.077293, 9.852978 ], [ -68.077545, 9.852843 ], [ -68.077797, 9.852681 ], [ -68.078262, 9.852329 ], [ -68.078773, 9.852051 ], [ -68.079002, 9.851889 ], [ -68.079201, 9.851727 ], [ -68.079681, 9.851429 ], [ -68.079895, 9.851267 ], [ -68.080170, 9.850987 ], [ -68.080544, 9.850662 ], [ -68.080788, 9.850429 ], [ -68.081261, 9.850040 ], [ -68.081444, 9.849878 ], [ -68.081581, 9.849670 ], [ -68.081802, 9.849391 ], [ -68.082107, 9.848904 ], [ -68.082489, 9.848461 ], [ -68.082916, 9.848002 ], [ -68.083282, 9.847587 ], [ -68.083488, 9.847425 ], [ -68.083855, 9.847190 ], [ -68.084114, 9.847010 ], [ -68.084389, 9.846703 ], [ -68.084793, 9.846360 ], [ -68.085007, 9.846271 ], [ -68.085213, 9.846153 ], [ -68.085426, 9.846009 ], [ -68.085625, 9.845847 ], [ -68.085793, 9.845639 ], [ -68.086227, 9.845361 ], [ -68.086639, 9.845126 ], [ -68.087334, 9.844758 ], [ -68.087562, 9.844667 ], [ -68.087845, 9.844569 ], [ -68.088196, 9.844480 ], [ -68.088470, 9.844380 ], [ -68.088814, 9.844292 ], [ -68.089165, 9.844174 ], [ -68.089462, 9.844103 ], [ -68.090019, 9.843978 ], [ -68.090271, 9.843933 ], [ -68.090530, 9.843907 ], [ -68.093452, 9.843409 ], [ -68.093697, 9.843382 ], [ -68.093979, 9.843338 ], [ -68.094253, 9.843284 ], [ -68.094551, 9.843240 ], [ -68.095093, 9.843186 ], [ -68.095696, 9.843188 ], [ -68.096359, 9.843136 ], [ -68.096611, 9.843137 ], [ -68.097168, 9.843174 ], [ -68.097427, 9.843247 ], [ -68.097778, 9.843329 ], [ -68.098396, 9.843539 ], [ -68.099075, 9.843740 ], [ -68.099327, 9.843804 ], [ -68.099586, 9.843822 ], [ -68.099823, 9.843850 ], [ -68.100052, 9.843897 ], [ -68.100288, 9.843933 ], [ -68.100906, 9.843998 ], [ -68.101265, 9.844071 ], [ -68.101623, 9.844109 ], [ -68.102165, 9.844200 ], [ -68.102768, 9.844238 ], [ -68.103020, 9.844239 ], [ -68.103294, 9.844213 ], [ -68.103973, 9.844006 ], [ -68.104248, 9.843889 ], [ -68.104622, 9.843791 ], [ -68.105240, 9.843603 ], [ -68.105568, 9.843513 ], [ -68.105797, 9.843414 ], [ -68.106117, 9.843298 ], [ -68.106369, 9.843253 ], [ -68.106697, 9.843208 ], [ -68.108246, 9.843286 ], [ -68.108505, 9.843331 ], [ -68.108879, 9.843422 ], [ -68.109993, 9.843733 ], [ -68.110336, 9.843797 ], [ -68.111099, 9.843998 ], [ -68.111549, 9.844089 ], [ -68.111824, 9.844135 ], [ -68.112335, 9.844173 ], [ -68.112663, 9.844156 ], [ -68.112885, 9.844220 ], [ -68.113396, 9.844420 ], [ -68.113938, 9.844557 ], [ -68.114220, 9.844648 ], [ -68.114563, 9.844740 ], [ -68.114822, 9.844831 ], [ -68.115120, 9.844967 ], [ -68.115402, 9.845121 ], [ -68.115677, 9.845285 ], [ -68.115959, 9.845512 ], [ -68.116424, 9.845802 ], [ -68.116882, 9.846166 ], [ -68.117096, 9.846374 ], [ -68.117287, 9.846538 ], [ -68.117729, 9.846873 ], [ -68.118172, 9.847236 ], [ -68.118378, 9.847489 ], [ -68.118614, 9.847807 ], [ -68.118942, 9.848269 ], [ -68.119057, 9.848477 ], [ -68.119224, 9.848703 ], [ -68.119324, 9.849120 ], [ -68.119438, 9.849364 ], [ -68.119530, 9.849600 ], [ -68.119606, 9.849898 ], [ -68.119644, 9.850197 ], [ -68.119820, 9.850740 ], [ -68.119865, 9.851066 ], [ -68.119965, 9.851545 ], [ -68.120644, 9.853401 ], [ -68.120903, 9.853745 ], [ -68.121086, 9.854108 ], [ -68.121231, 9.854298 ], [ -68.121323, 9.854525 ], [ -68.121437, 9.854733 ], [ -68.121635, 9.854932 ], [ -68.121841, 9.855113 ], [ -68.122070, 9.855304 ], [ -68.122467, 9.855595 ], [ -68.122681, 9.855803 ], [ -68.122932, 9.855985 ], [ -68.123123, 9.856166 ], [ -68.123260, 9.856374 ], [ -68.123375, 9.856627 ], [ -68.123375, 9.856899 ], [ -68.123238, 9.857106 ], [ -68.123131, 9.857314 ], [ -68.122948, 9.857504 ], [ -68.122665, 9.857711 ], [ -68.122223, 9.857964 ], [ -68.121994, 9.858126 ], [ -68.121811, 9.858315 ], [ -68.121628, 9.858522 ], [ -68.121330, 9.858955 ], [ -68.121193, 9.859208 ], [ -68.121124, 9.859462 ], [ -68.121033, 9.859670 ], [ -68.120941, 9.860022 ], [ -68.121040, 9.860366 ], [ -68.121086, 9.860846 ], [ -68.121162, 9.861116 ], [ -68.121323, 9.861298 ], [ -68.121513, 9.861479 ], [ -68.121697, 9.861670 ], [ -68.121941, 9.861890 ], [ -68.122177, 9.862047 ], [ -68.122658, 9.862350 ], [ -68.123276, 9.862687 ], [ -68.124153, 9.863087 ], [ -68.124863, 9.863351 ], [ -68.125366, 9.863687 ], [ -68.125847, 9.864086 ], [ -68.126228, 9.864549 ], [ -68.126427, 9.865101 ], [ -68.126450, 9.865525 ], [ -68.126465, 9.865769 ], [ -68.126312, 9.866457 ], [ -68.126106, 9.867785 ], [ -68.126091, 9.868427 ], [ -68.126175, 9.869042 ], [ -68.126320, 9.869604 ], [ -68.126404, 9.870173 ], [ -68.126534, 9.870753 ], [ -68.126778, 9.871287 ], [ -68.127159, 9.871957 ], [ -68.127449, 9.872537 ], [ -68.127739, 9.873071 ], [ -68.128006, 9.873651 ], [ -68.128342, 9.874275 ], [ -68.128586, 9.874827 ], [ -68.128784, 9.875407 ], [ -68.128891, 9.876004 ], [ -68.129089, 9.876746 ], [ -68.129288, 9.877298 ], [ -68.129555, 9.877832 ], [ -68.130112, 9.879127 ], [ -68.130379, 9.879680 ], [ -68.130646, 9.880169 ], [ -68.131272, 9.881482 ], [ -68.131516, 9.882152 ], [ -68.132133, 9.883564 ], [ -68.132248, 9.883887 ], [ -68.132332, 9.884143 ], [ -68.132622, 9.884813 ], [ -68.132912, 9.885393 ], [ -68.133583, 9.886832 ], [ -68.133934, 9.887620 ], [ -68.134224, 9.888380 ], [ -68.134491, 9.889113 ], [ -68.134636, 9.889720 ], [ -68.134857, 9.890435 ], [ -68.135101, 9.891014 ], [ -68.135430, 9.891911 ], [ -68.135628, 9.892652 ], [ -68.135826, 9.893322 ], [ -68.136063, 9.894055 ], [ -68.136139, 9.894888 ], [ -68.136162, 9.896127 ], [ -68.136490, 9.897602 ], [ -68.136627, 9.898823 ], [ -68.136780, 9.899375 ], [ -68.137039, 9.900226 ], [ -68.137276, 9.901058 ], [ -68.137543, 9.901792 ], [ -68.137916, 9.902697 ], [ -68.138359, 9.903873 ], [ -68.139008, 9.905358 ], [ -68.139290, 9.906237 ], [ -68.139626, 9.908263 ], [ -68.139725, 9.909131 ], [ -68.139732, 9.909710 ], [ -68.139816, 9.910325 ], [ -68.140175, 9.911185 ], [ -68.140434, 9.911928 ], [ -68.140724, 9.912598 ], [ -68.140991, 9.913331 ], [ -68.141167, 9.913910 ], [ -68.141442, 9.915159 ], [ -68.141754, 9.915874 ], [ -68.142090, 9.916725 ], [ -68.142418, 9.917513 ], [ -68.142639, 9.918019 ], [ -68.142960, 9.918551 ], [ -68.143181, 9.918998 ], [ -68.143326, 9.919207 ], [ -68.143906, 9.920166 ], [ -68.144066, 9.920393 ], [ -68.144165, 9.920601 ], [ -68.144257, 9.920899 ], [ -68.144562, 9.921036 ], [ -68.144958, 9.921173 ], [ -68.145470, 9.921210 ], [ -68.145699, 9.921283 ], [ -68.145996, 9.921392 ], [ -68.146286, 9.921456 ], [ -68.146835, 9.921503 ], [ -68.147369, 9.921595 ], [ -68.147904, 9.921678 ], [ -68.148132, 9.921705 ], [ -68.148369, 9.921697 ], [ -68.148689, 9.921716 ], [ -68.149071, 9.921723 ], [ -68.149521, 9.921836 ], [ -68.150169, 9.921964 ], [ -68.150726, 9.922002 ], [ -68.151398, 9.922075 ], [ -68.153633, 9.922488 ], [ -68.154465, 9.922571 ], [ -68.155372, 9.922673 ], [ -68.156296, 9.922757 ], [ -68.157265, 9.922940 ], [ -68.158028, 9.923041 ], [ -68.158813, 9.923306 ], [ -68.159592, 9.923507 ], [ -68.160705, 9.923691 ], [ -68.161354, 9.923701 ], [ -68.162048, 9.923920 ], [ -68.162643, 9.924293 ], [ -68.163071, 9.924718 ], [ -68.163757, 9.925344 ], [ -68.164665, 9.926278 ], [ -68.165054, 9.926703 ], [ -68.165482, 9.927257 ], [ -68.166000, 9.927955 ], [ -68.166267, 9.928443 ], [ -68.167198, 9.929703 ], [ -68.167648, 9.930283 ], [ -68.167893, 9.931025 ], [ -68.167969, 9.931875 ], [ -68.168098, 9.932446 ], [ -68.168503, 9.933024 ], [ -68.168839, 9.933840 ], [ -68.168983, 9.934464 ], [ -68.169296, 9.935297 ], [ -68.169495, 9.935940 ], [ -68.169571, 9.936537 ], [ -68.169266, 9.937133 ], [ -68.168747, 9.937439 ], [ -68.168320, 9.938007 ], [ -68.168144, 9.938603 ], [ -68.167992, 9.939426 ], [ -68.168075, 9.940042 ], [ -68.168320, 9.940576 ], [ -68.168610, 9.941092 ], [ -68.169136, 9.941257 ], [ -68.169853, 9.941457 ], [ -68.170433, 9.941693 ], [ -68.170982, 9.941976 ], [ -68.171532, 9.942221 ], [ -68.172089, 9.942412 ], [ -68.172844, 9.942586 ], [ -68.173630, 9.942669 ], [ -68.174187, 9.942770 ], [ -68.175087, 9.942899 ], [ -68.175926, 9.942892 ], [ -68.176598, 9.942839 ], [ -68.177147, 9.943048 ], [ -68.178230, 9.943350 ], [ -68.179199, 9.943523 ], [ -68.179962, 9.943715 ], [ -68.180466, 9.944115 ], [ -68.180710, 9.944739 ], [ -68.180817, 9.945318 ], [ -68.181107, 9.945826 ], [ -68.181992, 9.947040 ], [ -68.182564, 9.947412 ], [ -68.183113, 9.947585 ], [ -68.183693, 9.947731 ], [ -68.184273, 9.947633 ], [ -68.185371, 9.947138 ], [ -68.186066, 9.947131 ], [ -68.186691, 9.947214 ], [ -68.187248, 9.947179 ], [ -68.187782, 9.946981 ], [ -68.188324, 9.946575 ], [ -68.188751, 9.946170 ], [ -68.189385, 9.945674 ], [ -68.189949, 9.945313 ], [ -68.190712, 9.945053 ], [ -68.191322, 9.944973 ], [ -68.191834, 9.944594 ], [ -68.192177, 9.943953 ], [ -68.192573, 9.943547 ], [ -68.193001, 9.943187 ], [ -68.193581, 9.942998 ], [ -68.194351, 9.942774 ], [ -68.195564, 9.942315 ], [ -68.196312, 9.942055 ], [ -68.196938, 9.941857 ], [ -68.197495, 9.942122 ], [ -68.197998, 9.943506 ], [ -68.198334, 9.944014 ], [ -68.198814, 9.944367 ], [ -68.199463, 9.944477 ], [ -68.200028, 9.944189 ], [ -68.200523, 9.943575 ], [ -68.200996, 9.942944 ], [ -68.201675, 9.942746 ], [ -68.202392, 9.942595 ], [ -68.203064, 9.942632 ], [ -68.203613, 9.942959 ], [ -68.203987, 9.944118 ], [ -68.204468, 9.944679 ], [ -68.205132, 9.945006 ], [ -68.205521, 9.945432 ], [ -68.205986, 9.946311 ], [ -68.206329, 9.946863 ], [ -68.206619, 9.947424 ], [ -68.206726, 9.947976 ], [ -68.206711, 9.948754 ], [ -68.206741, 9.949352 ], [ -68.206787, 9.949921 ], [ -68.206787, 9.950201 ], [ -68.206856, 9.950473 ], [ -68.207237, 9.951297 ], [ -68.207374, 9.951686 ], [ -68.207359, 9.951939 ], [ -68.207222, 9.952237 ], [ -68.206993, 9.952399 ], [ -68.206764, 9.952471 ], [ -68.206253, 9.952479 ], [ -68.205894, 9.952460 ], [ -68.205650, 9.952577 ], [ -68.205162, 9.952874 ], [ -68.204971, 9.953010 ], [ -68.204727, 9.953289 ], [ -68.204605, 9.953542 ], [ -68.204613, 9.953795 ], [ -68.204704, 9.954076 ], [ -68.204895, 9.954393 ], [ -68.205063, 9.954692 ], [ -68.205086, 9.954990 ], [ -68.205086, 9.955289 ], [ -68.205040, 9.955750 ], [ -68.205093, 9.955976 ], [ -68.205093, 9.956229 ], [ -68.205070, 9.956528 ], [ -68.205162, 9.956800 ], [ -68.205398, 9.956989 ], [ -68.205627, 9.956873 ], [ -68.205811, 9.956728 ], [ -68.206040, 9.956594 ], [ -68.206253, 9.956404 ], [ -68.206619, 9.955989 ], [ -68.206779, 9.955690 ], [ -68.206963, 9.955157 ], [ -68.207077, 9.954949 ], [ -68.207283, 9.954724 ], [ -68.207588, 9.954671 ], [ -68.207863, 9.954671 ], [ -68.208069, 9.954781 ], [ -68.208382, 9.955170 ], [ -68.208496, 9.955405 ], [ -68.208710, 9.955903 ], [ -68.208984, 9.956429 ], [ -68.209152, 9.956818 ], [ -68.209267, 9.957053 ], [ -68.209488, 9.957759 ], [ -68.209602, 9.958013 ], [ -68.210114, 9.958792 ], [ -68.210213, 9.959000 ], [ -68.210541, 9.959453 ], [ -68.210632, 9.959706 ], [ -68.210731, 9.959914 ], [ -68.210937, 9.960530 ], [ -68.211059, 9.961100 ], [ -68.211388, 9.961191 ], [ -68.211624, 9.961192 ], [ -68.212356, 9.961528 ], [ -68.212524, 9.961691 ], [ -68.212731, 9.961990 ], [ -68.212967, 9.962190 ], [ -68.213196, 9.962235 ], [ -68.213501, 9.962255 ], [ -68.213692, 9.962119 ], [ -68.213890, 9.961942 ], [ -68.214478, 9.961605 ], [ -68.214722, 9.961606 ], [ -68.214981, 9.961624 ], [ -68.215263, 9.961761 ], [ -68.215362, 9.962014 ], [ -68.215286, 9.962250 ], [ -68.215088, 9.962521 ], [ -68.214844, 9.962665 ], [ -68.214660, 9.962845 ], [ -68.214439, 9.962872 ], [ -68.214180, 9.962943 ], [ -68.213951, 9.963015 ], [ -68.213417, 9.963222 ], [ -68.213188, 9.963366 ], [ -68.212929, 9.963573 ], [ -68.212791, 9.963781 ], [ -68.212700, 9.964034 ], [ -68.212639, 9.964305 ], [ -68.212547, 9.964585 ], [ -68.212524, 9.964911 ], [ -68.212639, 9.965598 ], [ -68.212578, 9.965870 ], [ -68.212463, 9.966105 ], [ -68.212372, 9.966403 ], [ -68.212280, 9.966927 ], [ -68.212288, 9.967461 ], [ -68.212257, 9.967714 ], [ -68.212273, 9.967985 ], [ -68.212242, 9.968220 ], [ -68.212273, 9.968473 ], [ -68.212387, 9.968745 ], [ -68.212624, 9.968719 ], [ -68.213226, 9.968602 ], [ -68.213516, 9.968458 ], [ -68.213936, 9.968342 ], [ -68.214195, 9.968388 ], [ -68.214478, 9.968451 ], [ -68.214844, 9.968588 ], [ -68.215218, 9.968706 ], [ -68.215752, 9.968906 ], [ -68.215965, 9.969016 ], [ -68.216240, 9.969197 ], [ -68.216728, 9.969723 ], [ -68.217056, 9.970140 ], [ -68.217201, 9.970339 ], [ -68.217453, 9.970548 ], [ -68.217621, 9.970711 ], [ -68.217804, 9.970910 ], [ -68.217918, 9.971118 ], [ -68.218017, 9.971327 ], [ -68.218231, 9.971526 ], [ -68.218437, 9.971644 ], [ -68.218696, 9.971690 ], [ -68.218918, 9.971663 ], [ -68.219406, 9.971519 ], [ -68.219658, 9.971476 ], [ -68.219871, 9.971584 ], [ -68.220428, 9.971631 ], [ -68.220665, 9.971532 ], [ -68.220848, 9.971352 ], [ -68.220909, 9.971071 ], [ -68.220909, 9.970818 ], [ -68.220856, 9.970519 ], [ -68.220863, 9.969922 ], [ -68.220810, 9.969398 ], [ -68.220734, 9.969127 ], [ -68.220497, 9.968484 ], [ -68.220428, 9.968204 ], [ -68.220383, 9.967932 ], [ -68.220375, 9.967380 ], [ -68.220398, 9.967100 ], [ -68.220444, 9.966874 ], [ -68.220604, 9.966693 ], [ -68.220810, 9.966531 ], [ -68.221085, 9.966504 ], [ -68.221344, 9.966686 ], [ -68.222206, 9.967574 ], [ -68.222351, 9.967755 ], [ -68.222565, 9.967918 ], [ -68.222725, 9.968118 ], [ -68.223023, 9.968553 ], [ -68.223190, 9.968716 ], [ -68.223381, 9.968852 ], [ -68.223564, 9.969015 ], [ -68.223847, 9.969197 ], [ -68.224075, 9.969288 ], [ -68.224419, 9.969261 ], [ -68.224655, 9.969208 ], [ -68.225212, 9.969047 ], [ -68.225472, 9.968956 ], [ -68.225929, 9.968722 ], [ -68.226242, 9.968506 ], [ -68.226486, 9.968416 ], [ -68.226753, 9.968281 ], [ -68.226982, 9.968209 ], [ -68.227478, 9.968111 ], [ -68.227776, 9.968021 ], [ -68.228081, 9.967904 ], [ -68.228767, 9.967508 ], [ -68.228958, 9.967363 ], [ -68.229202, 9.967319 ], [ -68.229515, 9.967338 ], [ -68.229904, 9.967520 ], [ -68.230133, 9.967701 ], [ -68.230369, 9.967864 ], [ -68.230629, 9.968000 ], [ -68.230926, 9.968082 ], [ -68.231300, 9.968129 ], [ -68.231583, 9.968147 ], [ -68.231880, 9.968148 ], [ -68.232155, 9.968103 ], [ -68.232384, 9.967987 ], [ -68.232735, 9.967825 ], [ -68.232941, 9.967934 ], [ -68.233109, 9.968097 ], [ -68.233299, 9.968251 ], [ -68.233459, 9.968432 ], [ -68.233765, 9.968569 ], [ -68.234016, 9.968569 ], [ -68.234322, 9.968525 ], [ -68.234642, 9.968408 ], [ -68.234924, 9.968381 ], [ -68.235176, 9.968400 ], [ -68.235481, 9.968373 ], [ -68.235779, 9.968401 ], [ -68.236030, 9.968438 ], [ -68.236290, 9.968556 ], [ -68.236519, 9.968693 ], [ -68.236725, 9.968801 ], [ -68.237335, 9.969074 ], [ -68.237564, 9.969193 ], [ -68.237953, 9.969230 ], [ -68.238243, 9.969068 ], [ -68.238495, 9.969041 ], [ -68.238724, 9.969204 ], [ -68.239006, 9.969385 ], [ -68.239006, 9.969639 ], [ -68.238892, 9.969865 ], [ -68.238708, 9.970081 ], [ -68.238518, 9.970262 ], [ -68.238152, 9.970632 ], [ -68.237999, 9.970840 ], [ -68.237724, 9.971300 ], [ -68.237648, 9.971535 ], [ -68.237602, 9.971787 ], [ -68.237564, 9.972294 ], [ -68.237595, 9.972566 ], [ -68.237686, 9.972819 ], [ -68.237877, 9.973299 ], [ -68.238037, 9.973553 ], [ -68.238228, 9.973752 ], [ -68.238411, 9.973960 ], [ -68.239021, 9.974712 ], [ -68.239441, 9.975084 ], [ -68.239678, 9.975310 ], [ -68.239944, 9.975633 ], [ -68.240280, 9.976138 ], [ -68.240425, 9.976335 ], [ -68.240631, 9.976542 ], [ -68.240913, 9.976977 ], [ -68.241196, 9.977475 ], [ -68.241310, 9.977756 ], [ -68.241356, 9.977982 ], [ -68.241432, 9.978236 ], [ -68.241455, 9.978489 ], [ -68.241547, 9.978715 ], [ -68.241722, 9.979041 ], [ -68.241905, 9.979222 ], [ -68.242157, 9.979404 ], [ -68.242485, 9.979586 ], [ -68.242935, 9.979786 ], [ -68.243187, 9.979877 ], [ -68.243576, 9.980059 ], [ -68.243790, 9.980194 ], [ -68.243904, 9.980421 ], [ -68.243996, 9.980629 ], [ -68.244141, 9.980810 ], [ -68.244354, 9.980947 ], [ -68.244560, 9.981128 ], [ -68.244697, 9.981319 ], [ -68.244934, 9.981427 ], [ -68.245163, 9.981491 ], [ -68.245415, 9.981537 ], [ -68.245605, 9.981745 ], [ -68.245727, 9.981954 ], [ -68.245964, 9.982407 ], [ -68.246056, 9.982867 ], [ -68.246170, 9.983094 ], [ -68.246544, 9.983511 ], [ -68.246765, 9.984036 ], [ -68.246857, 9.984335 ], [ -68.246925, 9.984633 ], [ -68.247002, 9.984859 ], [ -68.247162, 9.985502 ], [ -68.247177, 9.986786 ], [ -68.247246, 9.987021 ], [ -68.247292, 9.987266 ], [ -68.247383, 9.987519 ], [ -68.247459, 9.987772 ], [ -68.247597, 9.988077 ], [ -68.247673, 9.988253 ], [ -68.247810, 9.988487 ], [ -68.247887, 9.988714 ], [ -68.247925, 9.988940 ], [ -68.247894, 9.989447 ], [ -68.247887, 9.989980 ], [ -68.247872, 9.990278 ], [ -68.247825, 9.990785 ], [ -68.247879, 9.991029 ], [ -68.248116, 9.991446 ], [ -68.248299, 9.991880 ], [ -68.248260, 9.992477 ], [ -68.248260, 9.992730 ], [ -68.248314, 9.993002 ], [ -68.248382, 9.993255 ], [ -68.248428, 9.993535 ], [ -68.248459, 9.993789 ], [ -68.248451, 9.994295 ], [ -68.248505, 9.994521 ], [ -68.248596, 9.995136 ], [ -68.248650, 9.995390 ], [ -68.248680, 9.995716 ], [ -68.248726, 9.995987 ], [ -68.248749, 9.996267 ], [ -68.249008, 9.996765 ], [ -68.249199, 9.996974 ], [ -68.249405, 9.997228 ], [ -68.249573, 9.997454 ], [ -68.249703, 9.997726 ], [ -68.249825, 9.997934 ], [ -68.249016, 10.000093 ], [ -68.247688, 10.000895 ], [ -68.247597, 10.001103 ], [ -68.247505, 10.001637 ], [ -68.247536, 10.001890 ], [ -68.247604, 10.002143 ], [ -68.248054, 10.002777 ], [ -68.248200, 10.002958 ], [ -68.248551, 10.003439 ], [ -68.248733, 10.003620 ], [ -68.248924, 10.003828 ], [ -68.249046, 10.004055 ], [ -68.249024, 10.004308 ], [ -68.248741, 10.004379 ], [ -68.248467, 10.004406 ], [ -68.248184, 10.004388 ], [ -68.247703, 10.004396 ], [ -68.247444, 10.004422 ], [ -68.247024, 10.004448 ], [ -68.246796, 10.004475 ], [ -68.246498, 10.004546 ], [ -68.246193, 10.004663 ], [ -68.246078, 10.004871 ], [ -68.245987, 10.005079 ], [ -68.245918, 10.005332 ], [ -68.245903, 10.005558 ], [ -68.245972, 10.005794 ], [ -68.246018, 10.006046 ], [ -68.246094, 10.006291 ], [ -68.246208, 10.006499 ], [ -68.246376, 10.006753 ], [ -68.246727, 10.007206 ], [ -68.246895, 10.007460 ], [ -68.247040, 10.007713 ], [ -68.247185, 10.007921 ], [ -68.247276, 10.008175 ], [ -68.248375, 10.009262 ], [ -68.248581, 10.009444 ], [ -68.248749, 10.009625 ], [ -68.248940, 10.009906 ], [ -68.249054, 10.010105 ], [ -68.248962, 10.010313 ], [ -68.248947, 10.010566 ], [ -68.249084, 10.010757 ], [ -68.249153, 10.011055 ], [ -68.248978, 10.011606 ], [ -68.248886, 10.011832 ], [ -68.248657, 10.012049 ], [ -68.248405, 10.012066 ], [ -68.248169, 10.012030 ], [ -68.247635, 10.011920 ], [ -68.247307, 10.011828 ], [ -68.247055, 10.011855 ], [ -68.246948, 10.011957 ], [ -68.246735, 10.012270 ], [ -68.247269, 10.012543 ], [ -68.247803, 10.012906 ], [ -68.247757, 10.013484 ], [ -68.247505, 10.014053 ], [ -68.247368, 10.014605 ], [ -68.247482, 10.015184 ], [ -68.248108, 10.015411 ], [ -68.247856, 10.015981 ], [ -68.247185, 10.016450 ], [ -68.247002, 10.017091 ], [ -68.247185, 10.017616 ], [ -68.246590, 10.018148 ], [ -68.246124, 10.018518 ], [ -68.245705, 10.018951 ], [ -68.245407, 10.019547 ], [ -68.245270, 10.020103 ], [ -68.245407, 10.020297 ], [ -68.245491, 10.020497 ], [ -68.245567, 10.020723 ], [ -68.245636, 10.020995 ], [ -68.245621, 10.021230 ], [ -68.245575, 10.021556 ], [ -68.245552, 10.021827 ], [ -68.245552, 10.022062 ], [ -68.245422, 10.022269 ], [ -68.245125, 10.022431 ], [ -68.244888, 10.022549 ], [ -68.244446, 10.022801 ], [ -68.244171, 10.023226 ], [ -68.243896, 10.023388 ], [ -68.243576, 10.023504 ], [ -68.243279, 10.023503 ], [ -68.243065, 10.023621 ], [ -68.242836, 10.023883 ], [ -68.242699, 10.024199 ], [ -68.242729, 10.024434 ], [ -68.242775, 10.024688 ], [ -68.242920, 10.024869 ], [ -68.243172, 10.024915 ], [ -68.243492, 10.024888 ], [ -68.243820, 10.024907 ], [ -68.244080, 10.025061 ], [ -68.244034, 10.025314 ], [ -68.243919, 10.025522 ], [ -68.243767, 10.025712 ], [ -68.243721, 10.025937 ], [ -68.243538, 10.026217 ], [ -68.243324, 10.026361 ], [ -68.243118, 10.026452 ], [ -68.242866, 10.026659 ], [ -68.242615, 10.027120 ], [ -68.242531, 10.027491 ], [ -68.242737, 10.027654 ], [ -68.242966, 10.027762 ], [ -68.243294, 10.027881 ], [ -68.243507, 10.028017 ], [ -68.243378, 10.028822 ], [ -68.243149, 10.028867 ], [ -68.242866, 10.028848 ], [ -68.242630, 10.028739 ], [ -68.242355, 10.028647 ], [ -68.242096, 10.028646 ], [ -68.241890, 10.028810 ], [ -68.241638, 10.029117 ], [ -68.241478, 10.029388 ], [ -68.241341, 10.029640 ], [ -68.241112, 10.029857 ], [ -68.240807, 10.029902 ], [ -68.240570, 10.029719 ], [ -68.240479, 10.029421 ], [ -68.240471, 10.029195 ], [ -68.240311, 10.028987 ], [ -68.240051, 10.029031 ], [ -68.239822, 10.029103 ], [ -68.239616, 10.029247 ], [ -68.239387, 10.029383 ], [ -68.239113, 10.029527 ], [ -68.238831, 10.029625 ], [ -68.238602, 10.029552 ], [ -68.238319, 10.029443 ], [ -68.238090, 10.029425 ], [ -68.237549, 10.029424 ], [ -68.237305, 10.029568 ], [ -68.237099, 10.029775 ], [ -68.237076, 10.030028 ], [ -68.237152, 10.030327 ], [ -68.237267, 10.030553 ], [ -68.237518, 10.030762 ], [ -68.237503, 10.030988 ], [ -68.237381, 10.031250 ], [ -68.237106, 10.031665 ], [ -68.236748, 10.031619 ], [ -68.236099, 10.031762 ], [ -68.235809, 10.031834 ], [ -68.235512, 10.031951 ], [ -68.235031, 10.032166 ], [ -68.234802, 10.032374 ], [ -68.234711, 10.032609 ], [ -68.234734, 10.032863 ], [ -68.235458, 10.032783 ], [ -68.235848, 10.032802 ], [ -68.236404, 10.033030 ], [ -68.236641, 10.033165 ], [ -68.236832, 10.033319 ], [ -68.236801, 10.033572 ], [ -68.236694, 10.033780 ], [ -68.236420, 10.034015 ], [ -68.236137, 10.033951 ], [ -68.235718, 10.033724 ], [ -68.235268, 10.033424 ], [ -68.235000, 10.033360 ], [ -68.234863, 10.033568 ], [ -68.234856, 10.033803 ], [ -68.234886, 10.034029 ], [ -68.234932, 10.034283 ], [ -68.234940, 10.034563 ], [ -68.234772, 10.034862 ], [ -68.234543, 10.035159 ], [ -68.234390, 10.035394 ], [ -68.234177, 10.035628 ], [ -68.233925, 10.035691 ], [ -68.233696, 10.035609 ], [ -68.233459, 10.035491 ], [ -68.232696, 10.035037 ], [ -68.232437, 10.034901 ], [ -68.232178, 10.034864 ], [ -68.231949, 10.034891 ], [ -68.231583, 10.035007 ], [ -68.231392, 10.035170 ], [ -68.231232, 10.035351 ], [ -68.231026, 10.035540 ], [ -68.230820, 10.035838 ], [ -68.230751, 10.036073 ], [ -68.230759, 10.036326 ], [ -68.230736, 10.036552 ], [ -68.230667, 10.036805 ], [ -68.230553, 10.037086 ], [ -68.230347, 10.037230 ], [ -68.230072, 10.037347 ], [ -68.229790, 10.037318 ], [ -68.229530, 10.037327 ], [ -68.229279, 10.037399 ], [ -68.229149, 10.037652 ], [ -68.229164, 10.037923 ], [ -68.229240, 10.038177 ], [ -68.229339, 10.038457 ], [ -68.229363, 10.038683 ], [ -68.228836, 10.039469 ], [ -68.228798, 10.039703 ], [ -68.229004, 10.040184 ], [ -68.229286, 10.040709 ], [ -68.229431, 10.041306 ], [ -68.229408, 10.041559 ], [ -68.229164, 10.042092 ], [ -68.228913, 10.042119 ], [ -68.228638, 10.042118 ], [ -68.228027, 10.041990 ], [ -68.227814, 10.041872 ], [ -68.227608, 10.041736 ], [ -68.227371, 10.041554 ], [ -68.227142, 10.041464 ], [ -68.226883, 10.041418 ], [ -68.226646, 10.041399 ], [ -68.226120, 10.041334 ], [ -68.225838, 10.041451 ], [ -68.225678, 10.041686 ], [ -68.225616, 10.041922 ], [ -68.225639, 10.042374 ], [ -68.225624, 10.042654 ], [ -68.225578, 10.043024 ], [ -68.225365, 10.043141 ], [ -68.225273, 10.043349 ], [ -68.225258, 10.043575 ], [ -68.225357, 10.044037 ], [ -68.225403, 10.044309 ], [ -68.225334, 10.044561 ], [ -68.225227, 10.044769 ], [ -68.224999, 10.044958 ], [ -68.224762, 10.044958 ], [ -68.224533, 10.044894 ], [ -68.223991, 10.044785 ], [ -68.223740, 10.044784 ], [ -68.223434, 10.044855 ], [ -68.223183, 10.044981 ], [ -68.222954, 10.045161 ], [ -68.222771, 10.045369 ], [ -68.222656, 10.045650 ], [ -68.222588, 10.045902 ], [ -68.222641, 10.046174 ], [ -68.222755, 10.046410 ], [ -68.222923, 10.046609 ], [ -68.223015, 10.046817 ], [ -68.223068, 10.047052 ], [ -68.222992, 10.047323 ], [ -68.222954, 10.047558 ], [ -68.222862, 10.047784 ], [ -68.222771, 10.048109 ], [ -68.222618, 10.048299 ], [ -68.222359, 10.048479 ], [ -68.222122, 10.048578 ], [ -68.221756, 10.048622 ], [ -68.221474, 10.048649 ], [ -68.221153, 10.048630 ], [ -68.220901, 10.048584 ], [ -68.220619, 10.048502 ], [ -68.220062, 10.048546 ], [ -68.219833, 10.048600 ], [ -68.219620, 10.048780 ], [ -68.219414, 10.048987 ], [ -68.219162, 10.049204 ], [ -68.218925, 10.049231 ], [ -68.218597, 10.048904 ], [ -68.218483, 10.048705 ], [ -68.218574, 10.048470 ], [ -68.218666, 10.048263 ], [ -68.218803, 10.047756 ], [ -68.218330, 10.047439 ], [ -68.218071, 10.047348 ], [ -68.217819, 10.047329 ], [ -68.217499, 10.047374 ], [ -68.217201, 10.047563 ], [ -68.217064, 10.047752 ], [ -68.216927, 10.048023 ], [ -68.216881, 10.048276 ], [ -68.216904, 10.048557 ], [ -68.216972, 10.048856 ], [ -68.217071, 10.049380 ], [ -68.217354, 10.049906 ], [ -68.217476, 10.050186 ], [ -68.217529, 10.050457 ], [ -68.217461, 10.050737 ], [ -68.217255, 10.051081 ], [ -68.216392, 10.050952 ], [ -68.216095, 10.050816 ], [ -68.215767, 10.050734 ], [ -68.215515, 10.050688 ], [ -68.215256, 10.050714 ], [ -68.214928, 10.050786 ], [ -68.214256, 10.051318 ], [ -68.214104, 10.051553 ], [ -68.213936, 10.051779 ], [ -68.213753, 10.052103 ], [ -68.213646, 10.052401 ], [ -68.213493, 10.052591 ], [ -68.213295, 10.052727 ], [ -68.213074, 10.052825 ], [ -68.212799, 10.052761 ], [ -68.212440, 10.052697 ], [ -68.212212, 10.052787 ], [ -68.212105, 10.053022 ], [ -68.212059, 10.053248 ], [ -68.212105, 10.053474 ], [ -68.212174, 10.053727 ], [ -68.212227, 10.053981 ], [ -68.212341, 10.054831 ], [ -68.212471, 10.055384 ], [ -68.212448, 10.055709 ], [ -68.212151, 10.055736 ], [ -68.211914, 10.055735 ], [ -68.211685, 10.055671 ], [ -68.211449, 10.055580 ], [ -68.210823, 10.055307 ], [ -68.210594, 10.055216 ], [ -68.210335, 10.055224 ], [ -68.210098, 10.055287 ], [ -68.209854, 10.055431 ], [ -68.209572, 10.055638 ], [ -68.209389, 10.055801 ], [ -68.209206, 10.055990 ], [ -68.209046, 10.056180 ], [ -68.208855, 10.056360 ], [ -68.208717, 10.056550 ], [ -68.208519, 10.056776 ], [ -68.208336, 10.056965 ], [ -68.208198, 10.057199 ], [ -68.208031, 10.057425 ], [ -68.207893, 10.057633 ], [ -68.207787, 10.057959 ], [ -68.207672, 10.058193 ], [ -68.207512, 10.058374 ], [ -68.207283, 10.058491 ], [ -68.206978, 10.058544 ], [ -68.206741, 10.058571 ], [ -68.206467, 10.058571 ], [ -68.206184, 10.058552 ], [ -68.205956, 10.058524 ], [ -68.205719, 10.058460 ], [ -68.205444, 10.058414 ], [ -68.205048, 10.058377 ], [ -68.204742, 10.058376 ], [ -68.204445, 10.058448 ], [ -68.204193, 10.058565 ], [ -68.204010, 10.058772 ], [ -68.203873, 10.058962 ], [ -68.203598, 10.059422 ], [ -68.203186, 10.060163 ], [ -68.203094, 10.060371 ], [ -68.202942, 10.060624 ], [ -68.202850, 10.060832 ], [ -68.202499, 10.061410 ], [ -68.202392, 10.061762 ], [ -68.202210, 10.062241 ], [ -68.202141, 10.062494 ], [ -68.202171, 10.062747 ], [ -68.202148, 10.063073 ], [ -68.202011, 10.063398 ], [ -68.201805, 10.063488 ], [ -68.201546, 10.063378 ], [ -68.201012, 10.063196 ], [ -68.200783, 10.063150 ], [ -68.200683, 10.063178 ], [ -68.200501, 10.063223 ], [ -68.200294, 10.063367 ], [ -68.200180, 10.063575 ], [ -68.200119, 10.064362 ], [ -68.199982, 10.064569 ], [ -68.199730, 10.064613 ], [ -68.199493, 10.064640 ], [ -68.199287, 10.064776 ], [ -68.199272, 10.064838 ], [ -68.199364, 10.064893 ], [ -68.199593, 10.065056 ], [ -68.199875, 10.065120 ], [ -68.200310, 10.065257 ], [ -68.200546, 10.065186 ], [ -68.200752, 10.065068 ], [ -68.201218, 10.064852 ], [ -68.201424, 10.064735 ], [ -68.201675, 10.064546 ], [ -68.202110, 10.064248 ], [ -68.202370, 10.064132 ], [ -68.202698, 10.064014 ], [ -68.203064, 10.064007 ], [ -68.203362, 10.064025 ], [ -68.203972, 10.064136 ], [ -68.204605, 10.064381 ], [ -68.204811, 10.064563 ], [ -68.204948, 10.064797 ], [ -68.205017, 10.065051 ], [ -68.205025, 10.065350 ], [ -68.205010, 10.065739 ], [ -68.204964, 10.066037 ], [ -68.204826, 10.066524 ], [ -68.204765, 10.067257 ], [ -68.204765, 10.067511 ], [ -68.204750, 10.067836 ], [ -68.204773, 10.068134 ], [ -68.204826, 10.068451 ], [ -68.204903, 10.068731 ], [ -68.204994, 10.068883 ], [ -68.205055, 10.069057 ], [ -68.205498, 10.069701 ], [ -68.205673, 10.069855 ], [ -68.205956, 10.070145 ], [ -68.206146, 10.070281 ], [ -68.206375, 10.070390 ], [ -68.206947, 10.070783 ], [ -68.207169, 10.070871 ], [ -68.207634, 10.070999 ], [ -68.207916, 10.071045 ], [ -68.208145, 10.071136 ], [ -68.208573, 10.071390 ], [ -68.208778, 10.071545 ], [ -68.209061, 10.071772 ], [ -68.209244, 10.071953 ], [ -68.209480, 10.072251 ], [ -68.209625, 10.072505 ], [ -68.209671, 10.072731 ], [ -68.209701, 10.073011 ], [ -68.209725, 10.073464 ], [ -68.210213, 10.075815 ], [ -68.210541, 10.076405 ], [ -68.210884, 10.076840 ], [ -68.211418, 10.077094 ], [ -68.212234, 10.077277 ], [ -68.212837, 10.077568 ], [ -68.213280, 10.077958 ], [ -68.213768, 10.078511 ], [ -68.214371, 10.079037 ], [ -68.215439, 10.079673 ], [ -68.216019, 10.079900 ], [ -68.216850, 10.080083 ], [ -68.217499, 10.080356 ], [ -68.218079, 10.080999 ], [ -68.218384, 10.081524 ], [ -68.218727, 10.082275 ], [ -68.219101, 10.082783 ], [ -68.219704, 10.083029 ], [ -68.220474, 10.083211 ], [ -68.221580, 10.083304 ], [ -68.223000, 10.083389 ], [ -68.223694, 10.083409 ], [ -68.224503, 10.083474 ], [ -68.225822, 10.083559 ], [ -68.226654, 10.083624 ], [ -68.227539, 10.083743 ], [ -68.228302, 10.083989 ], [ -68.228882, 10.084082 ], [ -68.229462, 10.084056 ], [ -68.230087, 10.084147 ], [ -68.230759, 10.084420 ], [ -68.231430, 10.084828 ], [ -68.231941, 10.085355 ], [ -68.232223, 10.085907 ], [ -68.232689, 10.086287 ], [ -68.233337, 10.086660 ], [ -68.234009, 10.087024 ], [ -68.234772, 10.087460 ], [ -68.235405, 10.087795 ], [ -68.236008, 10.088095 ], [ -68.236587, 10.088205 ], [ -68.237137, 10.087971 ], [ -68.237511, 10.087493 ], [ -68.237740, 10.086987 ], [ -68.238129, 10.085559 ], [ -68.238388, 10.084917 ], [ -68.238754, 10.084339 ], [ -68.239075, 10.083879 ], [ -68.239632, 10.083193 ], [ -68.239983, 10.082687 ], [ -68.240486, 10.082109 ], [ -68.240997, 10.081460 ], [ -68.241829, 10.080494 ], [ -68.242287, 10.080106 ], [ -68.242775, 10.079664 ], [ -68.243286, 10.079249 ], [ -68.243820, 10.078861 ], [ -68.244515, 10.078402 ], [ -68.245186, 10.078006 ], [ -68.245995, 10.077546 ], [ -68.246986, 10.076942 ], [ -68.247658, 10.076501 ], [ -68.248352, 10.076023 ], [ -68.248863, 10.075626 ], [ -68.249367, 10.075347 ], [ -68.249924, 10.074960 ], [ -68.250389, 10.074517 ], [ -68.251015, 10.073832 ], [ -68.251983, 10.073002 ], [ -68.252609, 10.072488 ], [ -68.254089, 10.071089 ], [ -68.254692, 10.070855 ], [ -68.255409, 10.070848 ], [ -68.256081, 10.070714 ], [ -68.256935, 10.070480 ], [ -68.257858, 10.070175 ], [ -68.258461, 10.070014 ], [ -68.259132, 10.069708 ], [ -68.260750, 10.068653 ], [ -68.261025, 10.068446 ], [ -68.261368, 10.068329 ], [ -68.261597, 10.068284 ], [ -68.261948, 10.068158 ], [ -68.262459, 10.068015 ], [ -68.262787, 10.067970 ], [ -68.263344, 10.067918 ], [ -68.263687, 10.067936 ], [ -68.264244, 10.068046 ], [ -68.264542, 10.068065 ], [ -68.264801, 10.068092 ], [ -68.265030, 10.068021 ], [ -68.265656, 10.067778 ], [ -68.266212, 10.067734 ], [ -68.267075, 10.067763 ], [ -68.267326, 10.067763 ], [ -68.267838, 10.067710 ], [ -68.268234, 10.067783 ], [ -68.268891, 10.068074 ], [ -68.269165, 10.068111 ], [ -68.269745, 10.068086 ], [ -68.270256, 10.068177 ], [ -68.270485, 10.068241 ], [ -68.270721, 10.068169 ], [ -68.270950, 10.068025 ], [ -68.271347, 10.067800 ], [ -68.271622, 10.067628 ], [ -68.271904, 10.067512 ], [ -68.272133, 10.067467 ], [ -68.272461, 10.067440 ], [ -68.272690, 10.067459 ], [ -68.273033, 10.067523 ], [ -68.273315, 10.067659 ], [ -68.273522, 10.067822 ], [ -68.273720, 10.067959 ], [ -68.273926, 10.068068 ], [ -68.274437, 10.068412 ], [ -68.274643, 10.068612 ], [ -68.274879, 10.068820 ], [ -68.275047, 10.069029 ], [ -68.275207, 10.069210 ], [ -68.275581, 10.069572 ], [ -68.275726, 10.069754 ], [ -68.275894, 10.070007 ], [ -68.276008, 10.070215 ], [ -68.276222, 10.070442 ], [ -68.276459, 10.070506 ], [ -68.276733, 10.070615 ], [ -68.276993, 10.070688 ], [ -68.277313, 10.070825 ], [ -68.277550, 10.070906 ], [ -68.277779, 10.071024 ], [ -68.277992, 10.071115 ], [ -68.278275, 10.071206 ], [ -68.278481, 10.071315 ], [ -68.278717, 10.071469 ], [ -68.278946, 10.071606 ], [ -68.279213, 10.071814 ], [ -68.279396, 10.072041 ], [ -68.279602, 10.072177 ], [ -68.279838, 10.072242 ], [ -68.280342, 10.072413 ], [ -68.281288, 10.072867 ], [ -68.281662, 10.073366 ], [ -68.282150, 10.074633 ], [ -68.282570, 10.075113 ], [ -68.283150, 10.075178 ], [ -68.283730, 10.075270 ], [ -68.284401, 10.075678 ], [ -68.284958, 10.075815 ], [ -68.285721, 10.075907 ], [ -68.286278, 10.075782 ], [ -68.286858, 10.075575 ], [ -68.287369, 10.075368 ], [ -68.287460, 10.075251 ], [ -68.287643, 10.074699 ], [ -68.287941, 10.073940 ], [ -68.288521, 10.073507 ], [ -68.289101, 10.073364 ], [ -68.289795, 10.073175 ], [ -68.290352, 10.072805 ], [ -68.290672, 10.072346 ], [ -68.290558, 10.071775 ], [ -68.290344, 10.071115 ], [ -68.290207, 10.070354 ], [ -68.290161, 10.069640 ], [ -68.290154, 10.068980 ], [ -68.290222, 10.068428 ], [ -68.290245, 10.067804 ], [ -68.290336, 10.067072 ], [ -68.290565, 10.066331 ], [ -68.291054, 10.065735 ], [ -68.291634, 10.065366 ], [ -68.292137, 10.065131 ], [ -68.292717, 10.064879 ], [ -68.293396, 10.064677 ], [ -68.293877, 10.064322 ], [ -68.294457, 10.063771 ], [ -68.294937, 10.063446 ], [ -68.295563, 10.063312 ], [ -68.296326, 10.063187 ], [ -68.297005, 10.063098 ], [ -68.297745, 10.063046 ], [ -68.298324, 10.062974 ], [ -68.299088, 10.062722 ], [ -68.299690, 10.062353 ], [ -68.300217, 10.061983 ], [ -68.300911, 10.061479 ], [ -68.301468, 10.060991 ], [ -68.301834, 10.060504 ], [ -68.302506, 10.059773 ], [ -68.303085, 10.059403 ], [ -68.303688, 10.059096 ], [ -68.304291, 10.058845 ], [ -68.304794, 10.058475 ], [ -68.305512, 10.057853 ], [ -68.305794, 10.057346 ], [ -68.306045, 10.056813 ], [ -68.306465, 10.056308 ], [ -68.307015, 10.055802 ], [ -68.307640, 10.055361 ], [ -68.308334, 10.054901 ], [ -68.309700, 10.054027 ], [ -68.310303, 10.053747 ], [ -68.311554, 10.053307 ], [ -68.312103, 10.052938 ], [ -68.312454, 10.052404 ], [ -68.312958, 10.051719 ], [ -68.313469, 10.051123 ], [ -68.313927, 10.050355 ], [ -68.314163, 10.049578 ], [ -68.314201, 10.048818 ], [ -68.314201, 10.047950 ], [ -68.314293, 10.047280 ], [ -68.314690, 10.046847 ], [ -68.315354, 10.046315 ], [ -68.315956, 10.045918 ], [ -68.316673, 10.045576 ], [ -68.317856, 10.045108 ], [ -68.318344, 10.044811 ], [ -68.318779, 10.044414 ], [ -68.319153, 10.043908 ], [ -68.319313, 10.043311 ], [ -68.319450, 10.042760 ], [ -68.319634, 10.042146 ], [ -68.319771, 10.041567 ], [ -68.320045, 10.040971 ], [ -68.320351, 10.040375 ], [ -68.320602, 10.039570 ], [ -68.320786, 10.038919 ], [ -68.320992, 10.038233 ], [ -68.321289, 10.037636 ], [ -68.321564, 10.037130 ], [ -68.321915, 10.036597 ], [ -68.322357, 10.036227 ], [ -68.323090, 10.035949 ], [ -68.323860, 10.035995 ], [ -68.324440, 10.036015 ], [ -68.325012, 10.035971 ], [ -68.325592, 10.035764 ], [ -68.326241, 10.035593 ], [ -68.326843, 10.035640 ], [ -68.327568, 10.035659 ], [ -68.328186, 10.035706 ], [ -68.329025, 10.035726 ], [ -68.329697, 10.035880 ], [ -68.330299, 10.035782 ], [ -68.331131, 10.035368 ], [ -68.331848, 10.034935 ], [ -68.333099, 10.034486 ], [ -68.334183, 10.033818 ], [ -68.334786, 10.033566 ], [ -68.335503, 10.033306 ], [ -68.336243, 10.032936 ], [ -68.336777, 10.032476 ], [ -68.337334, 10.032179 ], [ -68.337936, 10.032081 ], [ -68.338631, 10.031549 ], [ -68.339203, 10.031043 ], [ -68.339501, 10.030733 ], [ -68.339531, 10.030046 ], [ -68.339478, 10.029370 ], [ -68.339523, 10.028791 ], [ -68.339478, 10.028222 ], [ -68.339386, 10.027625 ], [ -68.338921, 10.027163 ], [ -68.338478, 10.026665 ], [ -68.338036, 10.026139 ], [ -68.337593, 10.025586 ], [ -68.337082, 10.024925 ], [ -68.336708, 10.024373 ], [ -68.336846, 10.023713 ], [ -68.336891, 10.022818 ], [ -68.336960, 10.022239 ], [ -68.336891, 10.021253 ], [ -68.336357, 10.020890 ], [ -68.335724, 10.020591 ], [ -68.335312, 10.020201 ], [ -68.335007, 10.019675 ], [ -68.334656, 10.018897 ], [ -68.334564, 10.018327 ], [ -68.334724, 10.017124 ], [ -68.334770, 10.016555 ], [ -68.334579, 10.016030 ], [ -68.334068, 10.015568 ], [ -68.333931, 10.014880 ], [ -68.334412, 10.014538 ], [ -68.335205, 10.014693 ], [ -68.335762, 10.015056 ], [ -68.336204, 10.015518 ], [ -68.336548, 10.015058 ], [ -68.336685, 10.014461 ], [ -68.336197, 10.014089 ], [ -68.336037, 10.013429 ], [ -68.336288, 10.012922 ], [ -68.336197, 10.012325 ], [ -68.335609, 10.011818 ], [ -68.335777, 10.011176 ], [ -68.336075, 10.010652 ], [ -68.336006, 10.010073 ], [ -68.336373, 10.009640 ], [ -68.337181, 10.008628 ], [ -68.337715, 10.008259 ], [ -68.338409, 10.008431 ], [ -68.338852, 10.008777 ], [ -68.339424, 10.008524 ], [ -68.339584, 10.007973 ], [ -68.340096, 10.007513 ], [ -68.340790, 10.007505 ], [ -68.341141, 10.006999 ], [ -68.341370, 10.006430 ], [ -68.341461, 10.005834 ], [ -68.341202, 10.005236 ], [ -68.340805, 10.004728 ], [ -68.340828, 10.004113 ], [ -68.341385, 10.003898 ], [ -68.341965, 10.003763 ], [ -68.342522, 10.003692 ], [ -68.343124, 10.003412 ], [ -68.343773, 10.003251 ], [ -68.344376, 10.003198 ], [ -68.345093, 10.003244 ], [ -68.345695, 10.002993 ], [ -68.346458, 10.003013 ], [ -68.349251, 10.000060 ], [ -68.349671, 9.999536 ], [ -68.350311, 9.998859 ], [ -68.350853, 9.998408 ], [ -68.351532, 9.998030 ], [ -68.352089, 9.997950 ], [ -68.352737, 9.997888 ], [ -68.353409, 9.997763 ], [ -68.354019, 9.997709 ], [ -68.354622, 9.997692 ], [ -68.355316, 9.997612 ], [ -68.356041, 9.997469 ], [ -68.356666, 9.997272 ], [ -68.357437, 9.996938 ], [ -68.358086, 9.996876 ], [ -68.358642, 9.997004 ], [ -68.359314, 9.997087 ], [ -68.359963, 9.997097 ], [ -68.360520, 9.996971 ], [ -68.361099, 9.996774 ], [ -68.361809, 9.996395 ], [ -68.362457, 9.996079 ], [ -68.362999, 9.995791 ], [ -68.363487, 9.995476 ], [ -68.364075, 9.995079 ], [ -68.364594, 9.994808 ], [ -68.365128, 9.994565 ], [ -68.365738, 9.994412 ], [ -68.366570, 9.994568 ], [ -68.367195, 9.994578 ], [ -68.367798, 9.994408 ], [ -68.368477, 9.994074 ], [ -68.369057, 9.993831 ], [ -68.370087, 9.993344 ], [ -68.370163, 9.993589 ], [ -68.370407, 9.994186 ], [ -68.370987, 9.995255 ], [ -68.371330, 9.995716 ], [ -68.371735, 9.996305 ], [ -68.372185, 9.997021 ], [ -68.372452, 9.997509 ], [ -68.372864, 9.997998 ], [ -68.373299, 9.998415 ], [ -68.373802, 9.998742 ], [ -68.374351, 9.999005 ], [ -68.375000, 9.999250 ], [ -68.375801, 9.999487 ], [ -68.376312, 9.999732 ], [ -68.376831, 10.000095 ], [ -68.377167, 10.000937 ], [ -68.377632, 10.001327 ], [ -68.378075, 10.001662 ], [ -68.378563, 10.002142 ], [ -68.379028, 10.002532 ], [ -68.379440, 10.002922 ], [ -68.379677, 10.003492 ], [ -68.379860, 10.004071 ], [ -68.380142, 10.004614 ], [ -68.380516, 10.005167 ], [ -68.380913, 10.005602 ], [ -68.381348, 10.005991 ], [ -68.381859, 10.006399 ], [ -68.382347, 10.006816 ], [ -68.382836, 10.007297 ], [ -68.383049, 10.007821 ], [ -68.383232, 10.008347 ], [ -68.383346, 10.009016 ], [ -68.383515, 10.009748 ], [ -68.383606, 10.010408 ], [ -68.383614, 10.011106 ], [ -68.383522, 10.011657 ], [ -68.383263, 10.012163 ], [ -68.383408, 10.012706 ], [ -68.383781, 10.013330 ], [ -68.384010, 10.013828 ], [ -68.384155, 10.014470 ], [ -68.384270, 10.015068 ], [ -68.384361, 10.015647 ], [ -68.384415, 10.016198 ], [ -68.384621, 10.016742 ], [ -68.384971, 10.017203 ], [ -68.385460, 10.017566 ], [ -68.386017, 10.017865 ], [ -68.386574, 10.018229 ], [ -68.386947, 10.018916 ], [ -68.387062, 10.019559 ], [ -68.387276, 10.020410 ], [ -68.387344, 10.021096 ], [ -68.387390, 10.022155 ], [ -68.387535, 10.022816 ], [ -68.387695, 10.023385 ], [ -68.387863, 10.024308 ], [ -68.387634, 10.024977 ], [ -68.387032, 10.025066 ], [ -68.386612, 10.025481 ], [ -68.386429, 10.026060 ], [ -68.386643, 10.026630 ], [ -68.386734, 10.027227 ], [ -68.386482, 10.027779 ], [ -68.386208, 10.028266 ], [ -68.386063, 10.028881 ], [ -68.385879, 10.029414 ], [ -68.385582, 10.029893 ], [ -68.385216, 10.030399 ], [ -68.384705, 10.030724 ], [ -68.384033, 10.030985 ], [ -68.383476, 10.031327 ], [ -68.383110, 10.031905 ], [ -68.382904, 10.032430 ], [ -68.382904, 10.033162 ], [ -68.383095, 10.033696 ], [ -68.383575, 10.034059 ], [ -68.384178, 10.034404 ], [ -68.384735, 10.034784 ], [ -68.385086, 10.035274 ], [ -68.384903, 10.035915 ], [ -68.384491, 10.036484 ], [ -68.384323, 10.037090 ], [ -68.384262, 10.037660 ], [ -68.384003, 10.038445 ], [ -68.383522, 10.038969 ], [ -68.382873, 10.039176 ], [ -68.382294, 10.039455 ], [ -68.381668, 10.039807 ], [ -68.381531, 10.040449 ], [ -68.381813, 10.041019 ], [ -68.382134, 10.041572 ], [ -68.382118, 10.042195 ], [ -68.381790, 10.042765 ], [ -68.381607, 10.043362 ], [ -68.381561, 10.043958 ], [ -68.381546, 10.044555 ], [ -68.381409, 10.045224 ], [ -68.381081, 10.045685 ], [ -68.379929, 10.046379 ], [ -68.378815, 10.046838 ], [ -68.378304, 10.047072 ], [ -68.377747, 10.047514 ], [ -68.377495, 10.048065 ], [ -68.377640, 10.048662 ], [ -68.377663, 10.049277 ], [ -68.377503, 10.049856 ], [ -68.377251, 10.050363 ], [ -68.377068, 10.050977 ], [ -68.376999, 10.051673 ], [ -68.377159, 10.052243 ], [ -68.377625, 10.052751 ], [ -68.378113, 10.053159 ], [ -68.378441, 10.053711 ], [ -68.378838, 10.054164 ], [ -68.379318, 10.054526 ], [ -68.379669, 10.055260 ], [ -68.379745, 10.055929 ], [ -68.380043, 10.056590 ], [ -68.380463, 10.057007 ], [ -68.380905, 10.057549 ], [ -68.381325, 10.058193 ], [ -68.381767, 10.058655 ], [ -68.382416, 10.058792 ], [ -68.383041, 10.058811 ], [ -68.383690, 10.058939 ], [ -68.384224, 10.059311 ], [ -68.384804, 10.059701 ], [ -68.385452, 10.059783 ], [ -68.386170, 10.059757 ], [ -68.386955, 10.059804 ], [ -68.387703, 10.060032 ], [ -68.388443, 10.060458 ], [ -68.389069, 10.061056 ], [ -68.389374, 10.061771 ], [ -68.389534, 10.062639 ], [ -68.389702, 10.063345 ], [ -68.390076, 10.063925 ], [ -68.390679, 10.064107 ], [ -68.392044, 10.064354 ], [ -68.392723, 10.064553 ], [ -68.393250, 10.064346 ], [ -68.393921, 10.063950 ], [ -68.394501, 10.063580 ], [ -68.395081, 10.063644 ], [ -68.395683, 10.063899 ], [ -68.396423, 10.063991 ], [ -68.396980, 10.063775 ], [ -68.397583, 10.063568 ], [ -68.398132, 10.063614 ], [ -68.398689, 10.063814 ], [ -68.398995, 10.064294 ], [ -68.398880, 10.064963 ], [ -68.398674, 10.065650 ], [ -68.398651, 10.066274 ], [ -68.398651, 10.066844 ], [ -68.399048, 10.067332 ], [ -68.399536, 10.067605 ], [ -68.400650, 10.067779 ], [ -68.401138, 10.068096 ], [ -68.401535, 10.068513 ], [ -68.401787, 10.069156 ], [ -68.401558, 10.069679 ], [ -68.401215, 10.070186 ], [ -68.400795, 10.070673 ], [ -68.400406, 10.071342 ], [ -68.400726, 10.072075 ], [ -68.401237, 10.072510 ], [ -68.401726, 10.073261 ], [ -68.402054, 10.073741 ], [ -68.402313, 10.074248 ], [ -68.402054, 10.074800 ], [ -68.401688, 10.075287 ], [ -68.401367, 10.075811 ], [ -68.400971, 10.076507 ], [ -68.400536, 10.076941 ], [ -68.400230, 10.077563 ], [ -68.400238, 10.078160 ], [ -68.400398, 10.078712 ], [ -68.400887, 10.079121 ], [ -68.401489, 10.079302 ], [ -68.401886, 10.079737 ], [ -68.402161, 10.080217 ], [ -68.402626, 10.080625 ], [ -68.403648, 10.081286 ], [ -68.403908, 10.081839 ], [ -68.403839, 10.082391 ], [ -68.404396, 10.083468 ], [ -68.404861, 10.084201 ], [ -68.405373, 10.084908 ], [ -68.405655, 10.085577 ], [ -68.405701, 10.086473 ], [ -68.405358, 10.087141 ], [ -68.405151, 10.087666 ], [ -68.405151, 10.088289 ], [ -68.405083, 10.088860 ], [ -68.404594, 10.089319 ], [ -68.404205, 10.089943 ], [ -68.403954, 10.090585 ], [ -68.403793, 10.091227 ], [ -68.403564, 10.091732 ], [ -68.403030, 10.092039 ], [ -68.402519, 10.092291 ], [ -68.402107, 10.092779 ], [ -68.401779, 10.093420 ], [ -68.401344, 10.093836 ], [ -68.400787, 10.094070 ], [ -68.400322, 10.094530 ], [ -68.399887, 10.095081 ], [ -68.399544, 10.095560 ], [ -68.399399, 10.096229 ], [ -68.399704, 10.096781 ], [ -68.400192, 10.097171 ], [ -68.400543, 10.097832 ], [ -68.400474, 10.098501 ], [ -68.400085, 10.099097 ], [ -68.399483, 10.099585 ], [ -68.399155, 10.100063 ], [ -68.399071, 10.100796 ], [ -68.399208, 10.101347 ], [ -68.399071, 10.102043 ], [ -68.398842, 10.102820 ], [ -68.398842, 10.103580 ], [ -68.398819, 10.104385 ], [ -68.398659, 10.104955 ], [ -68.398476, 10.105506 ], [ -68.398247, 10.106148 ], [ -68.398132, 10.106771 ], [ -68.398064, 10.107350 ], [ -68.397926, 10.108173 ], [ -68.397743, 10.109484 ], [ -68.397583, 10.110153 ], [ -68.397286, 10.111021 ], [ -68.396873, 10.111734 ], [ -68.396691, 10.112268 ], [ -68.396691, 10.112838 ], [ -68.396782, 10.113417 ], [ -68.396828, 10.113959 ], [ -68.396767, 10.114746 ], [ -68.396439, 10.115315 ], [ -68.396164, 10.115893 ], [ -68.396118, 10.116725 ], [ -68.396584, 10.117178 ], [ -68.396980, 10.117586 ], [ -68.397468, 10.118872 ], [ -68.397705, 10.119586 ], [ -68.397377, 10.120155 ], [ -68.397293, 10.120761 ], [ -68.397385, 10.121376 ], [ -68.397034, 10.121864 ], [ -68.396644, 10.122343 ], [ -68.396713, 10.122912 ], [ -68.396995, 10.123420 ], [ -68.397346, 10.124243 ], [ -68.397141, 10.124894 ], [ -68.396492, 10.125878 ], [ -68.396286, 10.126475 ], [ -68.396400, 10.127072 ], [ -68.396683, 10.127669 ], [ -68.397430, 10.129019 ], [ -68.397751, 10.129779 ], [ -68.398079, 10.130304 ], [ -68.398430, 10.130784 ], [ -68.398827, 10.131310 ], [ -68.399315, 10.131907 ], [ -68.400498, 10.132913 ], [ -68.401054, 10.133438 ], [ -68.401611, 10.133983 ], [ -68.402077, 10.134372 ], [ -68.403122, 10.135314 ], [ -68.403656, 10.135930 ], [ -68.404099, 10.136292 ], [ -68.404610, 10.136683 ], [ -68.405121, 10.137136 ], [ -68.405533, 10.137552 ], [ -68.405884, 10.138078 ], [ -68.406372, 10.138784 ], [ -68.407028, 10.139445 ], [ -68.407562, 10.139772 ], [ -68.408180, 10.139792 ], [ -68.408760, 10.139783 ], [ -68.409439, 10.139874 ], [ -68.409927, 10.140174 ], [ -68.410439, 10.140655 ], [ -68.410759, 10.141152 ], [ -68.411019, 10.141868 ], [ -68.411201, 10.142483 ], [ -68.411484, 10.143858 ], [ -68.411560, 10.144482 ], [ -68.411606, 10.145242 ], [ -68.411514, 10.145902 ], [ -68.411423, 10.146751 ], [ -68.411423, 10.147439 ], [ -68.411568, 10.148108 ], [ -68.411942, 10.149366 ], [ -68.412132, 10.150082 ], [ -68.412384, 10.151320 ], [ -68.412460, 10.151891 ], [ -68.412437, 10.152623 ], [ -68.412483, 10.153293 ], [ -68.412674, 10.153908 ], [ -68.412880, 10.154442 ], [ -68.413391, 10.154832 ], [ -68.413879, 10.155168 ], [ -68.414436, 10.155512 ], [ -68.414902, 10.155874 ], [ -68.415459, 10.156490 ], [ -68.416161, 10.157613 ], [ -68.416481, 10.158211 ], [ -68.416924, 10.158989 ], [ -68.417229, 10.159587 ], [ -68.417511, 10.160247 ], [ -68.417763, 10.160781 ], [ -68.418183, 10.161325 ], [ -68.418602, 10.161787 ], [ -68.419205, 10.162375 ], [ -68.419670, 10.162856 ], [ -68.421272, 10.164324 ], [ -68.421784, 10.164777 ], [ -68.422371, 10.165420 ], [ -68.422737, 10.165973 ], [ -68.423065, 10.166723 ], [ -68.423279, 10.167294 ], [ -68.423279, 10.167963 ], [ -68.423256, 10.168560 ], [ -68.423302, 10.169184 ], [ -68.423515, 10.169871 ], [ -68.424332, 10.171040 ], [ -68.424698, 10.171628 ], [ -68.425003, 10.172180 ], [ -68.425262, 10.172750 ], [ -68.425491, 10.173393 ], [ -68.425773, 10.174750 ], [ -68.425896, 10.175438 ], [ -68.425827, 10.176261 ], [ -68.425919, 10.176949 ], [ -68.425827, 10.177526 ], [ -68.425690, 10.178168 ], [ -68.425674, 10.178838 ], [ -68.425812, 10.179408 ], [ -68.426071, 10.179960 ], [ -68.426300, 10.180531 ], [ -68.426330, 10.181109 ], [ -68.426308, 10.181769 ], [ -68.426002, 10.182321 ], [ -68.425613, 10.182808 ], [ -68.425102, 10.183269 ], [ -68.424499, 10.183476 ], [ -68.423851, 10.184008 ], [ -68.423416, 10.184495 ], [ -68.423042, 10.185001 ], [ -68.422585, 10.185462 ], [ -68.422119, 10.186012 ], [ -68.421707, 10.186545 ], [ -68.421364, 10.187349 ], [ -68.421104, 10.188009 ], [ -68.420647, 10.188497 ], [ -68.420159, 10.188822 ], [ -68.419647, 10.189119 ], [ -68.419144, 10.189580 ], [ -68.418587, 10.189949 ], [ -68.418076, 10.190228 ], [ -68.417641, 10.190671 ], [ -68.417313, 10.191313 ], [ -68.416946, 10.191773 ], [ -68.416695, 10.192306 ], [ -68.416367, 10.192830 ], [ -68.415978, 10.193291 ], [ -68.415558, 10.193688 ], [ -68.415215, 10.194284 ], [ -68.415100, 10.194944 ], [ -68.415031, 10.195550 ], [ -68.414802, 10.196075 ], [ -68.414406, 10.196535 ], [ -68.414085, 10.197022 ], [ -68.413994, 10.197619 ], [ -68.413650, 10.198098 ], [ -68.413139, 10.198495 ], [ -68.412720, 10.199001 ], [ -68.412491, 10.199553 ], [ -68.412491, 10.200212 ], [ -68.412522, 10.200864 ], [ -68.412239, 10.201343 ], [ -68.412010, 10.201966 ], [ -68.412064, 10.202581 ], [ -68.412087, 10.203205 ], [ -68.412041, 10.203820 ], [ -68.412041, 10.204462 ], [ -68.411995, 10.205204 ], [ -68.411949, 10.205755 ], [ -68.411842, 10.206397 ], [ -68.411629, 10.207039 ], [ -68.411423, 10.207590 ], [ -68.411148, 10.208259 ], [ -68.410988, 10.208991 ], [ -68.410805, 10.209570 ], [ -68.410530, 10.210093 ], [ -68.410133, 10.210762 ], [ -68.409904, 10.211657 ], [ -68.409882, 10.212344 ], [ -68.409904, 10.212969 ], [ -68.410049, 10.214805 ], [ -68.410080, 10.215519 ], [ -68.410126, 10.216252 ], [ -68.410103, 10.216822 ], [ -68.410057, 10.217564 ], [ -68.409920, 10.218224 ], [ -68.409653, 10.219312 ], [ -68.409187, 10.219886 ], [ -68.408722, 10.220365 ], [ -68.408188, 10.220870 ], [ -68.407684, 10.221240 ], [ -68.407082, 10.221564 ], [ -68.406433, 10.221889 ], [ -68.405693, 10.221987 ], [ -68.405022, 10.222013 ], [ -68.404343, 10.222102 ], [ -68.403770, 10.222273 ], [ -68.403183, 10.222344 ], [ -68.402702, 10.222705 ], [ -68.402191, 10.223120 ], [ -68.401733, 10.223445 ], [ -68.401031, 10.223679 ], [ -68.400436, 10.224003 ], [ -68.399811, 10.224192 ], [ -68.399139, 10.224326 ], [ -68.398438, 10.224406 ], [ -68.397697, 10.224269 ], [ -68.397117, 10.224060 ], [ -68.396561, 10.223978 ], [ -68.395821, 10.223841 ], [ -68.395218, 10.223614 ], [ -68.394592, 10.223684 ], [ -68.393685, 10.223873 ], [ -68.392899, 10.223917 ], [ -68.392273, 10.223897 ], [ -68.391693, 10.223950 ], [ -68.390419, 10.224111 ], [ -68.389839, 10.224508 ], [ -68.389313, 10.224923 ], [ -68.388870, 10.225311 ], [ -68.388290, 10.225636 ], [ -68.387688, 10.225707 ], [ -68.387131, 10.225850 ], [ -68.386551, 10.226057 ], [ -68.385971, 10.226355 ], [ -68.385491, 10.226679 ], [ -68.385002, 10.227095 ], [ -68.384422, 10.227491 ], [ -68.383148, 10.228095 ], [ -68.382591, 10.228139 ], [ -68.381783, 10.228029 ], [ -68.381042, 10.227892 ], [ -68.379692, 10.227627 ], [ -68.379112, 10.227535 ], [ -68.378540, 10.227652 ], [ -68.378143, 10.228000 ], [ -68.378098, 10.228040 ], [ -68.377869, 10.228591 ], [ -68.377731, 10.229142 ], [ -68.377594, 10.229794 ], [ -68.377388, 10.230453 ], [ -68.377106, 10.231005 ], [ -68.376648, 10.231565 ], [ -68.376228, 10.232042 ], [ -68.375816, 10.232711 ], [ -68.374611, 10.234075 ], [ -68.373413, 10.235384 ], [ -68.372345, 10.236240 ], [ -68.371765, 10.236746 ], [ -68.370728, 10.237558 ], [ -68.370216, 10.237919 ], [ -68.369202, 10.238704 ], [ -68.368713, 10.239028 ], [ -68.368294, 10.239561 ], [ -68.367996, 10.240212 ], [ -68.367615, 10.241185 ], [ -68.367515, 10.241766 ], [ -68.367401, 10.242345 ], [ -68.367309, 10.242914 ], [ -68.367287, 10.243556 ], [ -68.367149, 10.244226 ], [ -68.366898, 10.244803 ], [ -68.366570, 10.245328 ], [ -68.366157, 10.245833 ], [ -68.365738, 10.246366 ], [ -68.364838, 10.247269 ], [ -68.364303, 10.247683 ], [ -68.363869, 10.248098 ], [ -68.363426, 10.248577 ], [ -68.362465, 10.249146 ], [ -68.362221, 10.249606 ], [ -68.362160, 10.249748 ], [ -68.361877, 10.250509 ], [ -68.361610, 10.251405 ], [ -68.361519, 10.251612 ], [ -68.361290, 10.252281 ], [ -68.361297, 10.252832 ], [ -68.361290, 10.253692 ], [ -68.361221, 10.254424 ], [ -68.361252, 10.254723 ], [ -68.361229, 10.255229 ], [ -68.361145, 10.255735 ], [ -68.361008, 10.256242 ], [ -68.360901, 10.256775 ], [ -68.360794, 10.258086 ], [ -68.360748, 10.258321 ], [ -68.360664, 10.258873 ], [ -68.360527, 10.259442 ], [ -68.360489, 10.259931 ], [ -68.360397, 10.260211 ], [ -68.360245, 10.260391 ], [ -68.360077, 10.260553 ], [ -68.359940, 10.260789 ], [ -68.359833, 10.260996 ], [ -68.359665, 10.261177 ], [ -68.358788, 10.261998 ], [ -68.358360, 10.262341 ], [ -68.358078, 10.262413 ], [ -68.357544, 10.262584 ], [ -68.355049, 10.263664 ], [ -68.354568, 10.263970 ], [ -68.354149, 10.264295 ], [ -68.353782, 10.264755 ], [ -68.353668, 10.264963 ], [ -68.353508, 10.265198 ], [ -68.353142, 10.265686 ], [ -68.352867, 10.266191 ], [ -68.352570, 10.266906 ], [ -68.352417, 10.267466 ], [ -68.352394, 10.267719 ], [ -68.352493, 10.267945 ], [ -68.352661, 10.268126 ], [ -68.352913, 10.268353 ], [ -68.353127, 10.268444 ], [ -68.353356, 10.268490 ], [ -68.353829, 10.268626 ], [ -68.354103, 10.268690 ], [ -68.354385, 10.268709 ], [ -68.354988, 10.268909 ], [ -68.355545, 10.269064 ], [ -68.355827, 10.269110 ], [ -68.356079, 10.269128 ], [ -68.356529, 10.269283 ], [ -68.356995, 10.269628 ], [ -68.357323, 10.270035 ], [ -68.357628, 10.270515 ], [ -68.357887, 10.271022 ], [ -68.358192, 10.271565 ], [ -68.358460, 10.272100 ], [ -68.358742, 10.272579 ], [ -68.358978, 10.273149 ], [ -68.359100, 10.273674 ], [ -68.359276, 10.274551 ], [ -68.359657, 10.275466 ], [ -68.359756, 10.275990 ], [ -68.359802, 10.276543 ], [ -68.359779, 10.276777 ], [ -68.359810, 10.277031 ], [ -68.359879, 10.277285 ], [ -68.359978, 10.277555 ], [ -68.360123, 10.278063 ], [ -68.360169, 10.278316 ], [ -68.360359, 10.278795 ], [ -68.360527, 10.279022 ], [ -68.360924, 10.279321 ], [ -68.361389, 10.279612 ], [ -68.361961, 10.280137 ], [ -68.362404, 10.280427 ], [ -68.363213, 10.280863 ], [ -68.363739, 10.281180 ], [ -68.364670, 10.281789 ], [ -68.365112, 10.282151 ], [ -68.365624, 10.282469 ], [ -68.366074, 10.282768 ], [ -68.366470, 10.283103 ], [ -68.366875, 10.283511 ], [ -68.367409, 10.284362 ], [ -68.367630, 10.284914 ], [ -68.367821, 10.285458 ], [ -68.368065, 10.286634 ], [ -68.368210, 10.287204 ], [ -68.368309, 10.287502 ], [ -68.368423, 10.287756 ], [ -68.368545, 10.288353 ], [ -68.368523, 10.288904 ], [ -68.368485, 10.289366 ], [ -68.368469, 10.289917 ], [ -68.368477, 10.290631 ], [ -68.368454, 10.291256 ], [ -68.368492, 10.291853 ], [ -68.368561, 10.292305 ], [ -68.368706, 10.293047 ], [ -68.368782, 10.293273 ], [ -68.368881, 10.293527 ], [ -68.369278, 10.294214 ], [ -68.369705, 10.295038 ], [ -68.369797, 10.295310 ], [ -68.370041, 10.295880 ], [ -68.370209, 10.296369 ], [ -68.370323, 10.296822 ], [ -68.370468, 10.297300 ], [ -68.370690, 10.297763 ], [ -68.370880, 10.298287 ], [ -68.371330, 10.299410 ], [ -68.371437, 10.299989 ], [ -68.371445, 10.300540 ], [ -68.371422, 10.301137 ], [ -68.371353, 10.301734 ], [ -68.371292, 10.301969 ], [ -68.371246, 10.302222 ], [ -68.371132, 10.302729 ], [ -68.371071, 10.302955 ], [ -68.371025, 10.303189 ], [ -68.370964, 10.303443 ], [ -68.370979, 10.306020 ], [ -68.371063, 10.306707 ], [ -68.371262, 10.307857 ], [ -68.371262, 10.308381 ], [ -68.371292, 10.308617 ], [ -68.371323, 10.309466 ], [ -68.371368, 10.309692 ], [ -68.371483, 10.310019 ], [ -68.371628, 10.310571 ], [ -68.371849, 10.311023 ], [ -68.373253, 10.311975 ], [ -68.374000, 10.312456 ], [ -68.374588, 10.312955 ], [ -68.375122, 10.313291 ], [ -68.375687, 10.313590 ], [ -68.376175, 10.313880 ], [ -68.376900, 10.314361 ], [ -68.377083, 10.314542 ], [ -68.377304, 10.314696 ], [ -68.377556, 10.314922 ], [ -68.377861, 10.315267 ], [ -68.378021, 10.315430 ], [ -68.378212, 10.315675 ], [ -68.378380, 10.315973 ], [ -68.378449, 10.316209 ], [ -68.378548, 10.316851 ], [ -68.378693, 10.317421 ], [ -68.378800, 10.317675 ], [ -68.379181, 10.318471 ], [ -68.379341, 10.318960 ], [ -68.379517, 10.319557 ], [ -68.379753, 10.320009 ], [ -68.380081, 10.320535 ], [ -68.380409, 10.320996 ], [ -68.380836, 10.321360 ], [ -68.381279, 10.321722 ], [ -68.382194, 10.322583 ], [ -68.382774, 10.322883 ], [ -68.383011, 10.323082 ], [ -68.383179, 10.323290 ], [ -68.383415, 10.323770 ], [ -68.383484, 10.324041 ], [ -68.383583, 10.324919 ], [ -68.383728, 10.325489 ], [ -68.383919, 10.325977 ], [ -68.384041, 10.326177 ], [ -68.384529, 10.326819 ], [ -68.384796, 10.327228 ], [ -68.385124, 10.327852 ], [ -68.385384, 10.328304 ], [ -68.385574, 10.328766 ], [ -68.385673, 10.329363 ], [ -68.385658, 10.329960 ], [ -68.385666, 10.330530 ], [ -68.385719, 10.331018 ], [ -68.385857, 10.331244 ], [ -68.386078, 10.331426 ], [ -68.386818, 10.331762 ], [ -68.387077, 10.331853 ], [ -68.387398, 10.331943 ], [ -68.388191, 10.332072 ], [ -68.388405, 10.332190 ], [ -68.388565, 10.332389 ], [ -68.388786, 10.332824 ], [ -68.388847, 10.333059 ], [ -68.388702, 10.333393 ], [ -68.388741, 10.334063 ], [ -68.388817, 10.334651 ], [ -68.389282, 10.335348 ], [ -68.389519, 10.335638 ], [ -68.389709, 10.335892 ], [ -68.389900, 10.336091 ], [ -68.390091, 10.336254 ], [ -68.390228, 10.336453 ], [ -68.390549, 10.336978 ], [ -68.390694, 10.337177 ], [ -68.390816, 10.337386 ], [ -68.390869, 10.337657 ], [ -68.390854, 10.338209 ], [ -68.390793, 10.338489 ], [ -68.390701, 10.338742 ], [ -68.390518, 10.338904 ], [ -68.390030, 10.339121 ], [ -68.389122, 10.339644 ], [ -68.388733, 10.339951 ], [ -68.388092, 10.340564 ], [ -68.387894, 10.340727 ], [ -68.387573, 10.341105 ], [ -68.387413, 10.341340 ], [ -68.387322, 10.341566 ], [ -68.387298, 10.342191 ], [ -68.387306, 10.342715 ], [ -68.387360, 10.342968 ], [ -68.387504, 10.343448 ], [ -68.387604, 10.343674 ], [ -68.387749, 10.343883 ], [ -68.387939, 10.344036 ], [ -68.388176, 10.344173 ], [ -68.388435, 10.344281 ], [ -68.388664, 10.344345 ], [ -68.388970, 10.344364 ], [ -68.389244, 10.344311 ], [ -68.389473, 10.344238 ], [ -68.390053, 10.343904 ], [ -68.390526, 10.343571 ], [ -68.390831, 10.343382 ], [ -68.391105, 10.343256 ], [ -68.391357, 10.343229 ], [ -68.391663, 10.343247 ], [ -68.391869, 10.343384 ], [ -68.392044, 10.343555 ], [ -68.392158, 10.343782 ], [ -68.392364, 10.344307 ], [ -68.392441, 10.344795 ], [ -68.392540, 10.345275 ], [ -68.392570, 10.345501 ], [ -68.392517, 10.345981 ], [ -68.392319, 10.346586 ], [ -68.391831, 10.347834 ], [ -68.391663, 10.348393 ], [ -68.391456, 10.348836 ], [ -68.391121, 10.349189 ], [ -68.390671, 10.349721 ], [ -68.390396, 10.350163 ], [ -68.390160, 10.350652 ], [ -68.389931, 10.351068 ], [ -68.389816, 10.351302 ], [ -68.389732, 10.351583 ], [ -68.389633, 10.352180 ], [ -68.389862, 10.353898 ], [ -68.389885, 10.354269 ], [ -68.390015, 10.354586 ], [ -68.390152, 10.354785 ], [ -68.390366, 10.355057 ], [ -68.390602, 10.355418 ], [ -68.390778, 10.355627 ], [ -68.391258, 10.356623 ], [ -68.391403, 10.356849 ], [ -68.391701, 10.357239 ], [ -68.392227, 10.358071 ], [ -68.392464, 10.358371 ], [ -68.392815, 10.358751 ], [ -68.393128, 10.359185 ], [ -68.393463, 10.359684 ], [ -68.393707, 10.360001 ], [ -68.393875, 10.360173 ], [ -68.394165, 10.360653 ], [ -68.394546, 10.361196 ], [ -68.394882, 10.361739 ], [ -68.395103, 10.362265 ], [ -68.395180, 10.362491 ], [ -68.395729, 10.363441 ], [ -68.396004, 10.363849 ], [ -68.396271, 10.364328 ], [ -68.396469, 10.364925 ], [ -68.396759, 10.365541 ], [ -68.396935, 10.366111 ], [ -68.397041, 10.366636 ], [ -68.397240, 10.367296 ], [ -68.397415, 10.367822 ], [ -68.397438, 10.368120 ], [ -68.397492, 10.368437 ], [ -68.397522, 10.368690 ], [ -68.397606, 10.368961 ], [ -68.397659, 10.369514 ], [ -68.397766, 10.370038 ], [ -68.397819, 10.370636 ], [ -68.397819, 10.371422 ], [ -68.397629, 10.372453 ], [ -68.397575, 10.372895 ], [ -68.397522, 10.373718 ], [ -68.397446, 10.374370 ], [ -68.397430, 10.374622 ], [ -68.397438, 10.374939 ], [ -68.397308, 10.375635 ], [ -68.397247, 10.376024 ], [ -68.397232, 10.376277 ], [ -68.397247, 10.377263 ], [ -68.397278, 10.378203 ], [ -68.397308, 10.378827 ], [ -68.397392, 10.379353 ], [ -68.397461, 10.379651 ], [ -68.397560, 10.379922 ], [ -68.397743, 10.380538 ], [ -68.397797, 10.380999 ], [ -68.397789, 10.381460 ], [ -68.397881, 10.382446 ], [ -68.397980, 10.382898 ], [ -68.398056, 10.383197 ], [ -68.398155, 10.383704 ], [ -68.398445, 10.384934 ], [ -68.398590, 10.385487 ], [ -68.398750, 10.386011 ], [ -68.398872, 10.386563 ], [ -68.398987, 10.387197 ], [ -68.399055, 10.387449 ], [ -68.399185, 10.387794 ], [ -68.399208, 10.388020 ], [ -68.399262, 10.388255 ], [ -68.399284, 10.388942 ], [ -68.399307, 10.389286 ], [ -68.399315, 10.389792 ], [ -68.399353, 10.390335 ], [ -68.399346, 10.390914 ], [ -68.399284, 10.391285 ], [ -68.399269, 10.391583 ], [ -68.399200, 10.391954 ], [ -68.399185, 10.392207 ], [ -68.398979, 10.393291 ], [ -68.398834, 10.393915 ], [ -68.398659, 10.394512 ], [ -68.398331, 10.395298 ], [ -68.398079, 10.395768 ], [ -68.397942, 10.395976 ], [ -68.397369, 10.396952 ], [ -68.397164, 10.397259 ], [ -68.396782, 10.397791 ], [ -68.396469, 10.398324 ], [ -68.396217, 10.398857 ], [ -68.396027, 10.399508 ], [ -68.395897, 10.399788 ], [ -68.395783, 10.399996 ], [ -68.395561, 10.400511 ], [ -68.395492, 10.400809 ], [ -68.395424, 10.401451 ], [ -68.395432, 10.401822 ], [ -68.395409, 10.402076 ], [ -68.395424, 10.402853 ], [ -68.395462, 10.403315 ], [ -68.395470, 10.403658 ], [ -68.395622, 10.404545 ], [ -68.395622, 10.405150 ], [ -68.395607, 10.405449 ], [ -68.395614, 10.405721 ], [ -68.395638, 10.405973 ], [ -68.395714, 10.406200 ], [ -68.395821, 10.406725 ], [ -68.395905, 10.407259 ], [ -68.395973, 10.407485 ], [ -68.396072, 10.407711 ], [ -68.396164, 10.407965 ], [ -68.396324, 10.408299 ], [ -68.396637, 10.409078 ], [ -68.396782, 10.409349 ], [ -68.397697, 10.411558 ], [ -68.397896, 10.412200 ], [ -68.397949, 10.412498 ], [ -68.398018, 10.412770 ], [ -68.398064, 10.413575 ], [ -68.398087, 10.414697 ], [ -68.398170, 10.415312 ], [ -68.398308, 10.416090 ], [ -68.398506, 10.416868 ], [ -68.398651, 10.417185 ], [ -68.398796, 10.417439 ], [ -68.399040, 10.418027 ], [ -68.399445, 10.419239 ], [ -68.399567, 10.419791 ], [ -68.399597, 10.420062 ], [ -68.399750, 10.420768 ], [ -68.399811, 10.421257 ], [ -68.399772, 10.421808 ], [ -68.399719, 10.422315 ], [ -68.399635, 10.422866 ], [ -68.399490, 10.423490 ], [ -68.399414, 10.424113 ], [ -68.399399, 10.424385 ], [ -68.399384, 10.425172 ], [ -68.399361, 10.425678 ], [ -68.399246, 10.426293 ], [ -68.399216, 10.426736 ], [ -68.399262, 10.427053 ], [ -68.399216, 10.427749 ], [ -68.399078, 10.428762 ], [ -68.399055, 10.429078 ], [ -68.398964, 10.429982 ], [ -68.398964, 10.430236 ], [ -68.398865, 10.430832 ], [ -68.398598, 10.431546 ], [ -68.398514, 10.431899 ], [ -68.398338, 10.432495 ], [ -68.398163, 10.432983 ], [ -68.397972, 10.433561 ], [ -68.397606, 10.434809 ], [ -68.397583, 10.435089 ], [ -68.397614, 10.435333 ], [ -68.397629, 10.435840 ], [ -68.397682, 10.436166 ], [ -68.397759, 10.436464 ], [ -68.397774, 10.437106 ], [ -68.397873, 10.437396 ], [ -68.398064, 10.437650 ], [ -68.398300, 10.438012 ], [ -68.398445, 10.438193 ], [ -68.398682, 10.438419 ], [ -68.398918, 10.438619 ], [ -68.399231, 10.439045 ], [ -68.399521, 10.439525 ], [ -68.399941, 10.441469 ], [ -68.400185, 10.442311 ], [ -68.400292, 10.442818 ], [ -68.400070, 10.443306 ], [ -68.399689, 10.443793 ], [ -68.399101, 10.444633 ], [ -68.398811, 10.445193 ], [ -68.398598, 10.445817 ], [ -68.398201, 10.447064 ], [ -68.398010, 10.447625 ], [ -68.397804, 10.448131 ], [ -68.397568, 10.448664 ], [ -68.397324, 10.449315 ], [ -68.397102, 10.449802 ], [ -68.396950, 10.450381 ], [ -68.396896, 10.450978 ], [ -68.396889, 10.451485 ], [ -68.396866, 10.451711 ], [ -68.396820, 10.451945 ], [ -68.396660, 10.452569 ], [ -68.396454, 10.453102 ], [ -68.396393, 10.453445 ], [ -68.396263, 10.453861 ], [ -68.396065, 10.454413 ], [ -68.395920, 10.455037 ], [ -68.395699, 10.455570 ], [ -68.395195, 10.456229 ], [ -68.395004, 10.456573 ], [ -68.394913, 10.456988 ], [ -68.394905, 10.457567 ], [ -68.394936, 10.459105 ], [ -68.394989, 10.459403 ], [ -68.395134, 10.459675 ], [ -68.395233, 10.459883 ], [ -68.395424, 10.460082 ], [ -68.395737, 10.460327 ], [ -68.396080, 10.460436 ], [ -68.396530, 10.460745 ], [ -68.396957, 10.461198 ], [ -68.397087, 10.461587 ], [ -68.397308, 10.462039 ], [ -68.397499, 10.462311 ], [ -68.397743, 10.462764 ], [ -68.397957, 10.463198 ], [ -68.398109, 10.463425 ], [ -68.398392, 10.463624 ], [ -68.398628, 10.463823 ], [ -68.398911, 10.464032 ], [ -68.399162, 10.464204 ], [ -68.399399, 10.464295 ], [ -68.399849, 10.464585 ], [ -68.400162, 10.465038 ], [ -68.400474, 10.465672 ], [ -68.400696, 10.466287 ], [ -68.400749, 10.466558 ], [ -68.401047, 10.467337 ], [ -68.401275, 10.468984 ], [ -68.401367, 10.469236 ], [ -68.401466, 10.469463 ], [ -68.401497, 10.469689 ], [ -68.401573, 10.469942 ], [ -68.401650, 10.470268 ], [ -68.401718, 10.470512 ], [ -68.401855, 10.471065 ], [ -68.402153, 10.472069 ], [ -68.402252, 10.472621 ], [ -68.402298, 10.473263 ], [ -68.402199, 10.474022 ], [ -68.402023, 10.474528 ], [ -68.401833, 10.475180 ], [ -68.401726, 10.475731 ], [ -68.401527, 10.476264 ], [ -68.401275, 10.476769 ], [ -68.401039, 10.477213 ], [ -68.400589, 10.477917 ], [ -68.400269, 10.478288 ], [ -68.400040, 10.478477 ], [ -68.399177, 10.478131 ], [ -68.398918, 10.478113 ], [ -68.398689, 10.478167 ], [ -68.398483, 10.478302 ], [ -68.398300, 10.478474 ], [ -68.397759, 10.479124 ], [ -68.397446, 10.479567 ], [ -68.397263, 10.479774 ], [ -68.397003, 10.480018 ], [ -68.396576, 10.480297 ], [ -68.395538, 10.480802 ], [ -68.395073, 10.481018 ], [ -68.394600, 10.481279 ], [ -68.394111, 10.481432 ], [ -68.393356, 10.481819 ], [ -68.392540, 10.482089 ], [ -68.392128, 10.482278 ], [ -68.391487, 10.482594 ], [ -68.390938, 10.482900 ], [ -68.390655, 10.483044 ], [ -68.390045, 10.483631 ], [ -68.389755, 10.484010 ], [ -68.389595, 10.484236 ], [ -68.389420, 10.484543 ], [ -68.389145, 10.485094 ], [ -68.388817, 10.485591 ], [ -68.388649, 10.485799 ], [ -68.388519, 10.486078 ], [ -68.388428, 10.486332 ], [ -68.388450, 10.486811 ], [ -68.388550, 10.487363 ], [ -68.388763, 10.487843 ], [ -68.388908, 10.488114 ], [ -68.389275, 10.488567 ], [ -68.390762, 10.489818 ], [ -68.391075, 10.489927 ], [ -68.391396, 10.490009 ], [ -68.391678, 10.490027 ], [ -68.392174, 10.490038 ], [ -68.392777, 10.490075 ], [ -68.393074, 10.490067 ], [ -68.393334, 10.490040 ], [ -68.393654, 10.489942 ], [ -68.393951, 10.489752 ], [ -68.394432, 10.489509 ], [ -68.394989, 10.489292 ], [ -68.395218, 10.489239 ], [ -68.395500, 10.489303 ], [ -68.395752, 10.489393 ], [ -68.396156, 10.489656 ], [ -68.396530, 10.489928 ], [ -68.397018, 10.490119 ], [ -68.397240, 10.490255 ], [ -68.397453, 10.490455 ], [ -68.397850, 10.490790 ], [ -68.398064, 10.490899 ], [ -68.398300, 10.490990 ], [ -68.398796, 10.491208 ], [ -68.399216, 10.491426 ], [ -68.399452, 10.491634 ], [ -68.399597, 10.491816 ], [ -68.399742, 10.492015 ], [ -68.399857, 10.492223 ], [ -68.400063, 10.492702 ], [ -68.400185, 10.493200 ], [ -68.400009, 10.493779 ], [ -68.399902, 10.493986 ], [ -68.399765, 10.494176 ], [ -68.399582, 10.494366 ], [ -68.399338, 10.494510 ], [ -68.399033, 10.494672 ], [ -68.398804, 10.494771 ], [ -68.398567, 10.494754 ], [ -68.398308, 10.494716 ], [ -68.398056, 10.494716 ], [ -68.397873, 10.494878 ], [ -68.397690, 10.495094 ], [ -68.397530, 10.495302 ], [ -68.397468, 10.495538 ], [ -68.397392, 10.496134 ], [ -68.397286, 10.496595 ], [ -68.397201, 10.496848 ], [ -68.396927, 10.497336 ], [ -68.396767, 10.497526 ], [ -68.396584, 10.497670 ], [ -68.396294, 10.497832 ], [ -68.395370, 10.498383 ], [ -68.395141, 10.498436 ], [ -68.394859, 10.498463 ], [ -68.394600, 10.498426 ], [ -68.394348, 10.498363 ], [ -68.393837, 10.498207 ], [ -68.393326, 10.498216 ], [ -68.393097, 10.498297 ], [ -68.392883, 10.498386 ], [ -68.392403, 10.498630 ], [ -68.392197, 10.498747 ], [ -68.391968, 10.498918 ], [ -68.391334, 10.499822 ], [ -68.391014, 10.500218 ], [ -68.390724, 10.500644 ], [ -68.390221, 10.500814 ], [ -68.389923, 10.500841 ], [ -68.389717, 10.501012 ], [ -68.389351, 10.501382 ], [ -68.389214, 10.502377 ], [ -68.388954, 10.502403 ], [ -68.388718, 10.502204 ], [ -68.388550, 10.502023 ], [ -68.388367, 10.501860 ], [ -68.388146, 10.501733 ], [ -68.387917, 10.501804 ], [ -68.387741, 10.502057 ], [ -68.387833, 10.502338 ], [ -68.388497, 10.502783 ], [ -68.388596, 10.503027 ], [ -68.388702, 10.503507 ], [ -68.388588, 10.503741 ], [ -68.388405, 10.503903 ], [ -68.387977, 10.504237 ], [ -68.387512, 10.504480 ], [ -68.387260, 10.504553 ], [ -68.387032, 10.504652 ], [ -68.386940, 10.504860 ], [ -68.386879, 10.505085 ], [ -68.386795, 10.505646 ], [ -68.386681, 10.505872 ], [ -68.386650, 10.506125 ], [ -68.386627, 10.506405 ], [ -68.386635, 10.506659 ], [ -68.386497, 10.506911 ], [ -68.386314, 10.507101 ], [ -68.386002, 10.507499 ], [ -68.385712, 10.507941 ], [ -68.385300, 10.508338 ], [ -68.385162, 10.508546 ], [ -68.385078, 10.508781 ], [ -68.385246, 10.508980 ], [ -68.385437, 10.509161 ], [ -68.385834, 10.509541 ], [ -68.386047, 10.509678 ], [ -68.386246, 10.510176 ], [ -68.386093, 10.510456 ], [ -68.385727, 10.510925 ], [ -68.385223, 10.511259 ], [ -68.385185, 10.511485 ], [ -68.385254, 10.511739 ], [ -68.385353, 10.511965 ], [ -68.385475, 10.512173 ], [ -68.385979, 10.512716 ], [ -68.386078, 10.512943 ], [ -68.386101, 10.513169 ], [ -68.385994, 10.513404 ], [ -68.385834, 10.513584 ], [ -68.385696, 10.513892 ], [ -68.385620, 10.514117 ], [ -68.385491, 10.514633 ], [ -68.385513, 10.514904 ], [ -68.385635, 10.515203 ], [ -68.385712, 10.515456 ], [ -68.385765, 10.515728 ], [ -68.385719, 10.516008 ], [ -68.385643, 10.516279 ], [ -68.385551, 10.516514 ], [ -68.385391, 10.516722 ], [ -68.385208, 10.516911 ], [ -68.385056, 10.517146 ], [ -68.384941, 10.517489 ], [ -68.384796, 10.517996 ], [ -68.385124, 10.518358 ], [ -68.385040, 10.518611 ], [ -68.384934, 10.518819 ], [ -68.384773, 10.519289 ], [ -68.385109, 10.519696 ], [ -68.385094, 10.519922 ], [ -68.384956, 10.520112 ], [ -68.384773, 10.520320 ], [ -68.384575, 10.520482 ], [ -68.384361, 10.520609 ], [ -68.384178, 10.520771 ], [ -68.383949, 10.520888 ], [ -68.383751, 10.521032 ], [ -68.383491, 10.521150 ], [ -68.382935, 10.521375 ], [ -68.382378, 10.522115 ], [ -68.382194, 10.522260 ], [ -68.381935, 10.522286 ], [ -68.381424, 10.522231 ], [ -68.381187, 10.522230 ], [ -68.380989, 10.522402 ], [ -68.380699, 10.522980 ], [ -68.380585, 10.523188 ], [ -68.380638, 10.523486 ], [ -68.380806, 10.523993 ], [ -68.381073, 10.524193 ], [ -68.381355, 10.524257 ], [ -68.381874, 10.524032 ], [ -68.382187, 10.524050 ], [ -68.382278, 10.524322 ], [ -68.382332, 10.524557 ], [ -68.382202, 10.524882 ], [ -68.381950, 10.525135 ], [ -68.381599, 10.525830 ], [ -68.381424, 10.526545 ], [ -68.381386, 10.526807 ], [ -68.381416, 10.527033 ], [ -68.381523, 10.527648 ], [ -68.381599, 10.527920 ], [ -68.381744, 10.528173 ], [ -68.382050, 10.528599 ], [ -68.382172, 10.528807 ], [ -68.382156, 10.529196 ], [ -68.382103, 10.529702 ], [ -68.382042, 10.529983 ], [ -68.381836, 10.530470 ], [ -68.381706, 10.530724 ], [ -68.381523, 10.531139 ], [ -68.381371, 10.532224 ], [ -68.381310, 10.532730 ], [ -68.381149, 10.532983 ], [ -68.380791, 10.533453 ], [ -68.380356, 10.533787 ], [ -68.380074, 10.533885 ], [ -68.379830, 10.533957 ], [ -68.379570, 10.533966 ], [ -68.378982, 10.533720 ], [ -68.378494, 10.533666 ], [ -68.378029, 10.533746 ], [ -68.377754, 10.533953 ], [ -68.377525, 10.534170 ], [ -68.377304, 10.534495 ], [ -68.377152, 10.534775 ], [ -68.376831, 10.535263 ], [ -68.376564, 10.535823 ], [ -68.376343, 10.536329 ], [ -68.376144, 10.536518 ], [ -68.375885, 10.536680 ], [ -68.375473, 10.537015 ], [ -68.375321, 10.537204 ], [ -68.374931, 10.537574 ], [ -68.374519, 10.538026 ], [ -68.374107, 10.538396 ], [ -68.373878, 10.538567 ], [ -68.373703, 10.538801 ], [ -68.373459, 10.539308 ], [ -68.373192, 10.539750 ], [ -68.373100, 10.539958 ], [ -68.372925, 10.540265 ], [ -68.372757, 10.540427 ], [ -68.372559, 10.540663 ], [ -68.372467, 10.540870 ], [ -68.372406, 10.541096 ], [ -68.372139, 10.541521 ], [ -68.371025, 10.542739 ], [ -68.370468, 10.542937 ], [ -68.370171, 10.542918 ], [ -68.369942, 10.542945 ], [ -68.369682, 10.543044 ], [ -68.369018, 10.543468 ], [ -68.368836, 10.543639 ], [ -68.368706, 10.543847 ], [ -68.368523, 10.544009 ], [ -68.368339, 10.544217 ], [ -68.368157, 10.544361 ], [ -68.367668, 10.544650 ], [ -68.367104, 10.545001 ], [ -68.366920, 10.545173 ], [ -68.366249, 10.545579 ], [ -68.366020, 10.545695 ], [ -68.365768, 10.545794 ], [ -68.365189, 10.545920 ], [ -68.364678, 10.546045 ], [ -68.364220, 10.546307 ], [ -68.363289, 10.546974 ], [ -68.362923, 10.547372 ], [ -68.362488, 10.547813 ], [ -68.362122, 10.548148 ], [ -68.361786, 10.548518 ], [ -68.361633, 10.548753 ], [ -68.361466, 10.548915 ], [ -68.361153, 10.549357 ], [ -68.360794, 10.549917 ], [ -68.360657, 10.550198 ], [ -68.360390, 10.550640 ], [ -68.360207, 10.550830 ], [ -68.359841, 10.551182 ], [ -68.359688, 10.551434 ], [ -68.359276, 10.551877 ], [ -68.358315, 10.552563 ], [ -68.358086, 10.552689 ], [ -68.357277, 10.553048 ], [ -68.357002, 10.553121 ], [ -68.356522, 10.553336 ], [ -68.356064, 10.553625 ], [ -68.354958, 10.554174 ], [ -68.354378, 10.554372 ], [ -68.353546, 10.554551 ], [ -68.352737, 10.554640 ], [ -68.351601, 10.554710 ], [ -68.351135, 10.554673 ], [ -68.350807, 10.554609 ], [ -68.350502, 10.554500 ], [ -68.349922, 10.554236 ], [ -68.349609, 10.554082 ], [ -68.349358, 10.554000 ], [ -68.349052, 10.554008 ], [ -68.348541, 10.553989 ], [ -68.348236, 10.553934 ], [ -68.345993, 10.553360 ], [ -68.345009, 10.552942 ], [ -68.344406, 10.552769 ], [ -68.343773, 10.552695 ], [ -68.343162, 10.552658 ], [ -68.342811, 10.552649 ], [ -68.342728, 10.552634 ], [ -68.341789, 10.552573 ], [ -68.341308, 10.552564 ], [ -68.340797, 10.552571 ], [ -68.340164, 10.552633 ], [ -68.339561, 10.552759 ], [ -68.338501, 10.553055 ], [ -68.338242, 10.553109 ], [ -68.337876, 10.553163 ], [ -68.337547, 10.553243 ], [ -68.337319, 10.553269 ], [ -68.336235, 10.553340 ], [ -68.335647, 10.553303 ], [ -68.335388, 10.553266 ], [ -68.335091, 10.553175 ], [ -68.334435, 10.553028 ], [ -68.333542, 10.552981 ], [ -68.332916, 10.552718 ], [ -68.332634, 10.552536 ], [ -68.332397, 10.552454 ], [ -68.331955, 10.552345 ], [ -68.331085, 10.552180 ], [ -68.330834, 10.552144 ], [ -68.330551, 10.552053 ], [ -68.330277, 10.551944 ], [ -68.329430, 10.551480 ], [ -68.328995, 10.551145 ], [ -68.328758, 10.550991 ], [ -68.328476, 10.550764 ], [ -68.328033, 10.550473 ], [ -68.327446, 10.550192 ], [ -68.326927, 10.549992 ], [ -68.326668, 10.549911 ], [ -68.325874, 10.549556 ], [ -68.325340, 10.549337 ], [ -68.324768, 10.549210 ], [ -68.324493, 10.549173 ], [ -68.324165, 10.549090 ], [ -68.323952, 10.548955 ], [ -68.323738, 10.548756 ], [ -68.323402, 10.548393 ], [ -68.323280, 10.548140 ], [ -68.322929, 10.547804 ], [ -68.322693, 10.547649 ], [ -68.322388, 10.547567 ], [ -68.321716, 10.547484 ], [ -68.321159, 10.547384 ], [ -68.320938, 10.547185 ], [ -68.320770, 10.547004 ], [ -68.320137, 10.546370 ], [ -68.319962, 10.546143 ], [ -68.319397, 10.545535 ], [ -68.318893, 10.545064 ], [ -68.318153, 10.544258 ], [ -68.317894, 10.543914 ], [ -68.317703, 10.543777 ], [ -68.317299, 10.543397 ], [ -68.316688, 10.542953 ], [ -68.316467, 10.542753 ], [ -68.316025, 10.542281 ], [ -68.315826, 10.542146 ], [ -68.315498, 10.541945 ], [ -68.315247, 10.541837 ], [ -68.314980, 10.541773 ], [ -68.314659, 10.541736 ], [ -68.313957, 10.541563 ], [ -68.313751, 10.541471 ], [ -68.313232, 10.541326 ], [ -68.312881, 10.541262 ], [ -68.312561, 10.541297 ], [ -68.312279, 10.541297 ], [ -68.312050, 10.541324 ], [ -68.311676, 10.541331 ], [ -68.311119, 10.541304 ], [ -68.310379, 10.541338 ], [ -68.309997, 10.541347 ], [ -68.309280, 10.541435 ], [ -68.309051, 10.541480 ], [ -68.308174, 10.541848 ], [ -68.307548, 10.542047 ], [ -68.307022, 10.542190 ], [ -68.306763, 10.542243 ], [ -68.306511, 10.542252 ], [ -68.306252, 10.542233 ], [ -68.306000, 10.542142 ], [ -68.305839, 10.541346 ], [ -68.305817, 10.541111 ], [ -68.305801, 10.540659 ], [ -68.305481, 10.540595 ], [ -68.305244, 10.540621 ], [ -68.304970, 10.540693 ], [ -68.304711, 10.540773 ], [ -68.304405, 10.540846 ], [ -68.303757, 10.540790 ], [ -68.303535, 10.540798 ], [ -68.303291, 10.540870 ], [ -68.302719, 10.541086 ], [ -68.302444, 10.541166 ], [ -68.302231, 10.541257 ], [ -68.301910, 10.541500 ], [ -68.301735, 10.541680 ], [ -68.301552, 10.541852 ], [ -68.301346, 10.541942 ], [ -68.301262, 10.542403 ], [ -68.301285, 10.542656 ], [ -68.301491, 10.543109 ], [ -68.301514, 10.543344 ], [ -68.301476, 10.543597 ], [ -68.301369, 10.543896 ], [ -68.301231, 10.544130 ], [ -68.301048, 10.544365 ], [ -68.300819, 10.544600 ], [ -68.300613, 10.544834 ], [ -68.300369, 10.545069 ], [ -68.300171, 10.545303 ], [ -68.300033, 10.545529 ], [ -68.299980, 10.545765 ], [ -68.299996, 10.546036 ], [ -68.299980, 10.546524 ], [ -68.299782, 10.547030 ], [ -68.299347, 10.547482 ], [ -68.298874, 10.547788 ], [ -68.298546, 10.547950 ], [ -68.298317, 10.548094 ], [ -68.297913, 10.548428 ], [ -68.297333, 10.548761 ], [ -68.295425, 10.549444 ], [ -68.294426, 10.549903 ], [ -68.294197, 10.550065 ], [ -68.293686, 10.550724 ], [ -68.293228, 10.551167 ], [ -68.292770, 10.551455 ], [ -68.292595, 10.551201 ], [ -68.292572, 10.550930 ], [ -68.292702, 10.550261 ], [ -68.292603, 10.550008 ], [ -68.292343, 10.549944 ], [ -68.292084, 10.550042 ], [ -68.291809, 10.550232 ], [ -68.291473, 10.550611 ], [ -68.291336, 10.550837 ], [ -68.291184, 10.551053 ], [ -68.291008, 10.551533 ], [ -68.290848, 10.551812 ], [ -68.290649, 10.552093 ], [ -68.290299, 10.552444 ], [ -68.289688, 10.552967 ], [ -68.289475, 10.553084 ], [ -68.289184, 10.553210 ], [ -68.288948, 10.553237 ], [ -68.288689, 10.553218 ], [ -68.288498, 10.553010 ], [ -68.288353, 10.552440 ], [ -68.288071, 10.552376 ], [ -68.287788, 10.552384 ], [ -68.287537, 10.552411 ], [ -68.286957, 10.552491 ], [ -68.286407, 10.552644 ], [ -68.285988, 10.552841 ], [ -68.285499, 10.553012 ], [ -68.285240, 10.553012 ], [ -68.285019, 10.552902 ], [ -68.284912, 10.552694 ], [ -68.284844, 10.552450 ], [ -68.284744, 10.552223 ], [ -68.284599, 10.552015 ], [ -68.284371, 10.551996 ], [ -68.284157, 10.552095 ], [ -68.283951, 10.552213 ], [ -68.283676, 10.552403 ], [ -68.283180, 10.552826 ], [ -68.282860, 10.553160 ], [ -68.282677, 10.553322 ], [ -68.282471, 10.553575 ], [ -68.282089, 10.553999 ], [ -68.281601, 10.554260 ], [ -68.281441, 10.554422 ], [ -68.281334, 10.554730 ], [ -68.281273, 10.554955 ], [ -68.281151, 10.555209 ], [ -68.281006, 10.555561 ], [ -68.280868, 10.555751 ], [ -68.280731, 10.555959 ], [ -68.280457, 10.556121 ], [ -68.280083, 10.556129 ], [ -68.279129, 10.556108 ], [ -68.278618, 10.556234 ], [ -68.278389, 10.556351 ], [ -68.278053, 10.556495 ], [ -68.277634, 10.556711 ], [ -68.277451, 10.556855 ], [ -68.277130, 10.557017 ], [ -68.276550, 10.557242 ], [ -68.276070, 10.557385 ], [ -68.275795, 10.557557 ], [ -68.275612, 10.557765 ], [ -68.274681, 10.558702 ], [ -68.274475, 10.558847 ], [ -68.274269, 10.559010 ], [ -68.273811, 10.559316 ], [ -68.273331, 10.559514 ], [ -68.273117, 10.559630 ], [ -68.272934, 10.559775 ], [ -68.272751, 10.559982 ], [ -68.272530, 10.560289 ], [ -68.272194, 10.560705 ], [ -68.271690, 10.561183 ], [ -68.271477, 10.561300 ], [ -68.271347, 10.561508 ], [ -68.271004, 10.561814 ], [ -68.270546, 10.562193 ], [ -68.270043, 10.562382 ], [ -68.269600, 10.562580 ], [ -68.269188, 10.562904 ], [ -68.268990, 10.563030 ], [ -68.268684, 10.563085 ], [ -68.267967, 10.563164 ], [ -68.267739, 10.563398 ], [ -68.267578, 10.563588 ], [ -68.267441, 10.563796 ], [ -68.267265, 10.564003 ], [ -68.267067, 10.564328 ], [ -68.266769, 10.564753 ], [ -68.265831, 10.565483 ], [ -68.265556, 10.565627 ], [ -68.265328, 10.565699 ], [ -68.264793, 10.565762 ], [ -68.264183, 10.565723 ], [ -68.263931, 10.565777 ], [ -68.263680, 10.565921 ], [ -68.263344, 10.566291 ], [ -68.262932, 10.566697 ], [ -68.262772, 10.566923 ], [ -68.262726, 10.567158 ], [ -68.262695, 10.567682 ], [ -68.262733, 10.568189 ], [ -68.262673, 10.568469 ], [ -68.262459, 10.568704 ], [ -68.261345, 10.569624 ], [ -68.261208, 10.569831 ], [ -68.261170, 10.570057 ], [ -68.261192, 10.570337 ], [ -68.261185, 10.570817 ], [ -68.261009, 10.571278 ], [ -68.260849, 10.571494 ], [ -68.260597, 10.571729 ], [ -68.260140, 10.572062 ], [ -68.259865, 10.572107 ], [ -68.259628, 10.572116 ], [ -68.258537, 10.572022 ], [ -68.258049, 10.571967 ], [ -68.257835, 10.571804 ], [ -68.257599, 10.571650 ], [ -68.257317, 10.571586 ], [ -68.257111, 10.571730 ], [ -68.256927, 10.571919 ], [ -68.256775, 10.572109 ], [ -68.256638, 10.572453 ], [ -68.256104, 10.573618 ], [ -68.255928, 10.573825 ], [ -68.255699, 10.574015 ], [ -68.255196, 10.574601 ], [ -68.255340, 10.574782 ], [ -68.255577, 10.574937 ], [ -68.255806, 10.574973 ], [ -68.256066, 10.574946 ], [ -68.256622, 10.574840 ], [ -68.256851, 10.574859 ], [ -68.257164, 10.574967 ], [ -68.257355, 10.575130 ], [ -68.257400, 10.575356 ], [ -68.257378, 10.575628 ], [ -68.257248, 10.575909 ], [ -68.257049, 10.576097 ], [ -68.256836, 10.576215 ], [ -68.256539, 10.576296 ], [ -68.256279, 10.576295 ], [ -68.256042, 10.576186 ], [ -68.255859, 10.576004 ], [ -68.255623, 10.575940 ], [ -68.255371, 10.575922 ], [ -68.255142, 10.575931 ], [ -68.254974, 10.576093 ], [ -68.254845, 10.576327 ], [ -68.254753, 10.576535 ], [ -68.254692, 10.576771 ], [ -68.254761, 10.577042 ], [ -68.254936, 10.577223 ], [ -68.255310, 10.577377 ], [ -68.255562, 10.577441 ], [ -68.256027, 10.577524 ], [ -68.256271, 10.577606 ], [ -68.256714, 10.578014 ], [ -68.256927, 10.578168 ], [ -68.257042, 10.578377 ], [ -68.256897, 10.578837 ], [ -68.256805, 10.579045 ], [ -68.256645, 10.579235 ], [ -68.256378, 10.579722 ], [ -68.256332, 10.579948 ], [ -68.256256, 10.580201 ], [ -68.256119, 10.580437 ], [ -68.255913, 10.580644 ], [ -68.255470, 10.580977 ], [ -68.255241, 10.581095 ], [ -68.254989, 10.581148 ], [ -68.254440, 10.581210 ], [ -68.253876, 10.581200 ], [ -68.253616, 10.581154 ], [ -68.252762, 10.580898 ], [ -68.252525, 10.580880 ], [ -68.252174, 10.580816 ], [ -68.251564, 10.580668 ], [ -68.250977, 10.580542 ], [ -68.250405, 10.580486 ], [ -68.249847, 10.580548 ], [ -68.249588, 10.580593 ], [ -68.249359, 10.580673 ], [ -68.249107, 10.580817 ], [ -68.248855, 10.580980 ], [ -68.248192, 10.581358 ], [ -68.248009, 10.581502 ], [ -68.247795, 10.581710 ], [ -68.247360, 10.582088 ], [ -68.246933, 10.582513 ], [ -68.246521, 10.582819 ], [ -68.245506, 10.583278 ], [ -68.245048, 10.583521 ], [ -68.244819, 10.583683 ], [ -68.244438, 10.584017 ], [ -68.243836, 10.584603 ], [ -68.243179, 10.585370 ], [ -68.242760, 10.586002 ], [ -68.242706, 10.586043 ], [ -68.242500, 10.586210 ], [ -68.241997, 10.586408 ], [ -68.241486, 10.586533 ], [ -68.241226, 10.586559 ], [ -68.240974, 10.586523 ], [ -68.240746, 10.586477 ], [ -68.240509, 10.586503 ], [ -68.240303, 10.586648 ], [ -68.240097, 10.586764 ], [ -68.239868, 10.586909 ], [ -68.239639, 10.587035 ], [ -68.239205, 10.587034 ], [ -68.238777, 10.586354 ], [ -68.238571, 10.585784 ], [ -68.238487, 10.585784 ], [ -68.238365, 10.585558 ], [ -68.238167, 10.585377 ], [ -68.238052, 10.585123 ], [ -68.237862, 10.584833 ], [ -68.237671, 10.584652 ], [ -68.237480, 10.584425 ], [ -68.237160, 10.583719 ], [ -68.237015, 10.583447 ], [ -68.236870, 10.583221 ], [ -68.236778, 10.583013 ], [ -68.236649, 10.582813 ], [ -68.236458, 10.582560 ], [ -68.236252, 10.582360 ], [ -68.236061, 10.582161 ], [ -68.235939, 10.581907 ], [ -68.235695, 10.581454 ], [ -68.235527, 10.581228 ], [ -68.235146, 10.580820 ], [ -68.234550, 10.580285 ], [ -68.234360, 10.580013 ], [ -68.234169, 10.579850 ], [ -68.233437, 10.579062 ], [ -68.233170, 10.578799 ], [ -68.232979, 10.578590 ], [ -68.232651, 10.578255 ], [ -68.232315, 10.577829 ], [ -68.232147, 10.577666 ], [ -68.231834, 10.577303 ], [ -68.231720, 10.577077 ], [ -68.231430, 10.576606 ], [ -68.231209, 10.576172 ], [ -68.231064, 10.575991 ], [ -68.230919, 10.575791 ], [ -68.230491, 10.575130 ], [ -68.230202, 10.574767 ], [ -68.229347, 10.573934 ], [ -68.229202, 10.573707 ], [ -68.228913, 10.573163 ], [ -68.228744, 10.572964 ], [ -68.228577, 10.572801 ], [ -68.228310, 10.572375 ], [ -68.228165, 10.572166 ], [ -68.227974, 10.571967 ], [ -68.227836, 10.571759 ], [ -68.227692, 10.571514 ], [ -68.227379, 10.570944 ], [ -68.227226, 10.570763 ], [ -68.227035, 10.570563 ], [ -68.226890, 10.570247 ], [ -68.226708, 10.570065 ], [ -68.226448, 10.569956 ], [ -68.226280, 10.569793 ], [ -68.225990, 10.569295 ], [ -68.225800, 10.569096 ], [ -68.225662, 10.568887 ], [ -68.225342, 10.568506 ], [ -68.225105, 10.568071 ], [ -68.224884, 10.567800 ], [ -68.224693, 10.567628 ], [ -68.224342, 10.567220 ], [ -68.224220, 10.567012 ], [ -68.223930, 10.566604 ], [ -68.223625, 10.566060 ], [ -68.223404, 10.565861 ], [ -68.222854, 10.565227 ], [ -68.222710, 10.565019 ], [ -68.222526, 10.564818 ], [ -68.222359, 10.564574 ], [ -68.222191, 10.564365 ], [ -68.222015, 10.564184 ], [ -68.221878, 10.563958 ], [ -68.221733, 10.563777 ], [ -68.221565, 10.563505 ], [ -68.221047, 10.563079 ], [ -68.220879, 10.562898 ], [ -68.220688, 10.562725 ], [ -68.220474, 10.562499 ], [ -68.219948, 10.561864 ], [ -68.219742, 10.561665 ], [ -68.219360, 10.561167 ], [ -68.219185, 10.560986 ], [ -68.218620, 10.560306 ], [ -68.218163, 10.559807 ], [ -68.217827, 10.559309 ], [ -68.217659, 10.559136 ], [ -68.217461, 10.558810 ], [ -68.217300, 10.558584 ], [ -68.217125, 10.558086 ], [ -68.216965, 10.557887 ], [ -68.216789, 10.557724 ], [ -68.216553, 10.557406 ], [ -68.216240, 10.556935 ], [ -68.216049, 10.556727 ], [ -68.215744, 10.556347 ], [ -68.215523, 10.556165 ], [ -68.215286, 10.555921 ], [ -68.215050, 10.555694 ], [ -68.214714, 10.555223 ], [ -68.214447, 10.554815 ], [ -68.214279, 10.554606 ], [ -68.214088, 10.554452 ], [ -68.213898, 10.554271 ], [ -68.213661, 10.554027 ], [ -68.213455, 10.553773 ], [ -68.212997, 10.553139 ], [ -68.212639, 10.552739 ], [ -68.212471, 10.552531 ], [ -68.211784, 10.552041 ], [ -68.211502, 10.551814 ], [ -68.211250, 10.551597 ], [ -68.211098, 10.551388 ], [ -68.210709, 10.550636 ], [ -68.210518, 10.550392 ], [ -68.210419, 10.550184 ], [ -68.210106, 10.549803 ], [ -68.209519, 10.549241 ], [ -68.209374, 10.549060 ], [ -68.209183, 10.548788 ], [ -68.208946, 10.548516 ], [ -68.208633, 10.548244 ], [ -68.207924, 10.547483 ], [ -68.207756, 10.547275 ], [ -68.207565, 10.547074 ], [ -68.207405, 10.546875 ], [ -68.207085, 10.546422 ], [ -68.206917, 10.546214 ], [ -68.206612, 10.545788 ], [ -68.206436, 10.545607 ], [ -68.206207, 10.545425 ], [ -68.205871, 10.545208 ], [ -68.205658, 10.545044 ], [ -68.205421, 10.544827 ], [ -68.205162, 10.544528 ], [ -68.204849, 10.544147 ], [ -68.204704, 10.543939 ], [ -68.204590, 10.543739 ], [ -68.204231, 10.543331 ], [ -68.203941, 10.542969 ], [ -68.203445, 10.542425 ], [ -68.203255, 10.542198 ], [ -68.203011, 10.541936 ], [ -68.202637, 10.541501 ], [ -68.202042, 10.540984 ], [ -68.201828, 10.540856 ], [ -68.201332, 10.540339 ], [ -68.201012, 10.539842 ], [ -68.200821, 10.539588 ], [ -68.200470, 10.539162 ], [ -68.200142, 10.538817 ], [ -68.199966, 10.538591 ], [ -68.199555, 10.537867 ], [ -68.199204, 10.537440 ], [ -68.198822, 10.537033 ], [ -68.198700, 10.536834 ], [ -68.198555, 10.536625 ], [ -68.197960, 10.536154 ], [ -68.197769, 10.536026 ], [ -68.197609, 10.535845 ], [ -68.197441, 10.535637 ], [ -68.197296, 10.535410 ], [ -68.197121, 10.535211 ], [ -68.196991, 10.535003 ], [ -68.196816, 10.534848 ], [ -68.196648, 10.534667 ], [ -68.196411, 10.534531 ], [ -68.196182, 10.534376 ], [ -68.195969, 10.534132 ], [ -68.195824, 10.533878 ], [ -68.195656, 10.533679 ], [ -68.195198, 10.533298 ], [ -68.194870, 10.532962 ], [ -68.194519, 10.532509 ], [ -68.194275, 10.532102 ], [ -68.194168, 10.531894 ], [ -68.193962, 10.531649 ], [ -68.193787, 10.531467 ], [ -68.193550, 10.531240 ], [ -68.193344, 10.531104 ], [ -68.193199, 10.530878 ], [ -68.193031, 10.530697 ], [ -68.192917, 10.530498 ], [ -68.192726, 10.530226 ], [ -68.192596, 10.530018 ], [ -68.192238, 10.529636 ], [ -68.192055, 10.529455 ], [ -68.191910, 10.529274 ], [ -68.191673, 10.529002 ], [ -68.191483, 10.528757 ], [ -68.191315, 10.528503 ], [ -68.191116, 10.528322 ], [ -68.190910, 10.528078 ], [ -68.190620, 10.527670 ], [ -68.190338, 10.527471 ], [ -68.190102, 10.527289 ], [ -68.189652, 10.526908 ], [ -68.189461, 10.526709 ], [ -68.189034, 10.526210 ], [ -68.188797, 10.525984 ], [ -68.188560, 10.525739 ], [ -68.188415, 10.525530 ], [ -68.188225, 10.525312 ], [ -68.188057, 10.525149 ], [ -68.187653, 10.524859 ], [ -68.187203, 10.524478 ], [ -68.187019, 10.524297 ], [ -68.186783, 10.524097 ], [ -68.186592, 10.523916 ], [ -68.186424, 10.523717 ], [ -68.186295, 10.523490 ], [ -68.186058, 10.523218 ], [ -68.185913, 10.523037 ], [ -68.185722, 10.522838 ], [ -68.185486, 10.522629 ], [ -68.185326, 10.522448 ], [ -68.185112, 10.522158 ], [ -68.184967, 10.521977 ], [ -68.184723, 10.521614 ], [ -68.184509, 10.521387 ], [ -68.184227, 10.521143 ], [ -68.183754, 10.520806 ], [ -68.183357, 10.520498 ], [ -68.183144, 10.520317 ], [ -68.182953, 10.520136 ], [ -68.182594, 10.519754 ], [ -68.182190, 10.519364 ], [ -68.181999, 10.519165 ], [ -68.181740, 10.518921 ], [ -68.181549, 10.518694 ], [ -68.181343, 10.518539 ], [ -68.181168, 10.518358 ], [ -68.180840, 10.517951 ], [ -68.179855, 10.516890 ], [ -68.179626, 10.516736 ], [ -68.179108, 10.516472 ], [ -68.178871, 10.516291 ], [ -68.178490, 10.515864 ], [ -68.178223, 10.515548 ], [ -68.178039, 10.515366 ], [ -68.177849, 10.515212 ], [ -68.177559, 10.514713 ], [ -68.177391, 10.514532 ], [ -68.176987, 10.514152 ], [ -68.176849, 10.513943 ], [ -68.176514, 10.513472 ], [ -68.176315, 10.513218 ], [ -68.176155, 10.513037 ], [ -68.175919, 10.512837 ], [ -68.175728, 10.512656 ], [ -68.175537, 10.512502 ], [ -68.175369, 10.512276 ], [ -68.175201, 10.512121 ], [ -68.174988, 10.511985 ], [ -68.174767, 10.511713 ], [ -68.174545, 10.511532 ], [ -68.173622, 10.511050 ], [ -68.173386, 10.510941 ], [ -68.172775, 10.510532 ], [ -68.172577, 10.510261 ], [ -68.172371, 10.510016 ], [ -68.172196, 10.509790 ], [ -68.172005, 10.509635 ], [ -68.171799, 10.509526 ], [ -68.171585, 10.509390 ], [ -68.171326, 10.509000 ], [ -68.171104, 10.508710 ], [ -68.170937, 10.508456 ], [ -68.170349, 10.507804 ], [ -68.170082, 10.507586 ], [ -68.169563, 10.507133 ], [ -68.169357, 10.506978 ], [ -68.169136, 10.506797 ], [ -68.168877, 10.506642 ], [ -68.168571, 10.506352 ], [ -68.168259, 10.506107 ], [ -68.167885, 10.505862 ], [ -68.167679, 10.505681 ], [ -68.167488, 10.505500 ], [ -68.167267, 10.505273 ], [ -68.167076, 10.505118 ], [ -68.166580, 10.504575 ], [ -68.166366, 10.504375 ], [ -68.166130, 10.504175 ], [ -68.165962, 10.503967 ], [ -68.165726, 10.503795 ], [ -68.165276, 10.503504 ], [ -68.165016, 10.503349 ], [ -68.164757, 10.503168 ], [ -68.164268, 10.502877 ], [ -68.164032, 10.502750 ], [ -68.163719, 10.502523 ], [ -68.163467, 10.502369 ], [ -68.163254, 10.502214 ], [ -68.162590, 10.501761 ], [ -68.161934, 10.501433 ], [ -68.161652, 10.501234 ], [ -68.160705, 10.500743 ], [ -68.160378, 10.500615 ], [ -68.160080, 10.500461 ], [ -68.159843, 10.500352 ], [ -68.159515, 10.500242 ], [ -68.159256, 10.500043 ], [ -68.159020, 10.499907 ], [ -68.158737, 10.499779 ], [ -68.158440, 10.499743 ], [ -68.158180, 10.499696 ], [ -68.157921, 10.499704 ], [ -68.157639, 10.499640 ], [ -68.157341, 10.499649 ], [ -68.156784, 10.499774 ], [ -68.156532, 10.499918 ], [ -68.156303, 10.500107 ], [ -68.156120, 10.500288 ], [ -68.155983, 10.500523 ], [ -68.155899, 10.500757 ], [ -68.155861, 10.501146 ], [ -68.155815, 10.501381 ], [ -68.155785, 10.501652 ], [ -68.155716, 10.501932 ], [ -68.155586, 10.502303 ], [ -68.155312, 10.502627 ], [ -68.155113, 10.502817 ], [ -68.154762, 10.503078 ], [ -68.154488, 10.503195 ], [ -68.154236, 10.503249 ], [ -68.153976, 10.503067 ], [ -68.153786, 10.502868 ], [ -68.153473, 10.502433 ], [ -68.153305, 10.502252 ], [ -68.153137, 10.502006 ], [ -68.152977, 10.501825 ], [ -68.152786, 10.501672 ], [ -68.152595, 10.501535 ], [ -68.152382, 10.501426 ], [ -68.152176, 10.501335 ], [ -68.151649, 10.501054 ], [ -68.151443, 10.500890 ], [ -68.151207, 10.500646 ], [ -68.150826, 10.500328 ], [ -68.150635, 10.500200 ], [ -68.150452, 10.500019 ], [ -68.150261, 10.499883 ], [ -68.150047, 10.499774 ], [ -68.149597, 10.499483 ], [ -68.149429, 10.499330 ], [ -68.149246, 10.499147 ], [ -68.149025, 10.498994 ], [ -68.148369, 10.498594 ], [ -68.148178, 10.498458 ], [ -68.147972, 10.498348 ], [ -68.147758, 10.498213 ], [ -68.147568, 10.498058 ], [ -68.147377, 10.497922 ], [ -68.147141, 10.497605 ], [ -68.146927, 10.497423 ], [ -68.146713, 10.497197 ], [ -68.146339, 10.496888 ], [ -68.146149, 10.496680 ], [ -68.145912, 10.496480 ], [ -68.145699, 10.496344 ], [ -68.145462, 10.496217 ], [ -68.144630, 10.495636 ], [ -68.144401, 10.495500 ], [ -68.143959, 10.495263 ], [ -68.143738, 10.495082 ], [ -68.143295, 10.494583 ], [ -68.143097, 10.494429 ], [ -68.142906, 10.494292 ], [ -68.142670, 10.494139 ], [ -68.142487, 10.493984 ], [ -68.142273, 10.493848 ], [ -68.142044, 10.493711 ], [ -68.141808, 10.493603 ], [ -68.141594, 10.493493 ], [ -68.141373, 10.493339 ], [ -68.141197, 10.493176 ], [ -68.140976, 10.493021 ], [ -68.140465, 10.492539 ], [ -68.139954, 10.492006 ], [ -68.138359, 10.490952 ], [ -68.137916, 10.490670 ], [ -68.137535, 10.490329 ], [ -68.136826, 10.489963 ], [ -68.136635, 10.489808 ], [ -68.136322, 10.489491 ], [ -68.135925, 10.489219 ], [ -68.135430, 10.488937 ], [ -68.135239, 10.488801 ], [ -68.134766, 10.488510 ], [ -68.134537, 10.488356 ], [ -68.134064, 10.488137 ], [ -68.133827, 10.488047 ], [ -68.133598, 10.487937 ], [ -68.133377, 10.487801 ], [ -68.133148, 10.487692 ], [ -68.132912, 10.487628 ], [ -68.132584, 10.487473 ], [ -68.132301, 10.487319 ], [ -68.132042, 10.487146 ], [ -68.131805, 10.487010 ], [ -68.131225, 10.486746 ], [ -68.130943, 10.486637 ], [ -68.130447, 10.486508 ], [ -68.130195, 10.486517 ], [ -68.129967, 10.486544 ], [ -68.129684, 10.486525 ], [ -68.129456, 10.486488 ], [ -68.129196, 10.486424 ], [ -68.128883, 10.486378 ], [ -68.128654, 10.486360 ], [ -68.128418, 10.486296 ], [ -68.128189, 10.486186 ], [ -68.127624, 10.486113 ], [ -68.126885, 10.486056 ], [ -68.126137, 10.486045 ], [ -68.125580, 10.486061 ], [ -68.125122, 10.486114 ], [ -68.124794, 10.486186 ], [ -68.124428, 10.486284 ], [ -68.124008, 10.486410 ], [ -68.123779, 10.486536 ], [ -68.123550, 10.486626 ], [ -68.123322, 10.486752 ], [ -68.123093, 10.486914 ], [ -68.122909, 10.487076 ], [ -68.122566, 10.487473 ], [ -68.122429, 10.487708 ], [ -68.122276, 10.487943 ], [ -68.122192, 10.488313 ], [ -68.122223, 10.488539 ], [ -68.122429, 10.488721 ], [ -68.122742, 10.488830 ], [ -68.122955, 10.489355 ], [ -68.123215, 10.489392 ], [ -68.123406, 10.489546 ], [ -68.123505, 10.489773 ], [ -68.123154, 10.490124 ], [ -68.123024, 10.490359 ], [ -68.122871, 10.490548 ], [ -68.122696, 10.491127 ], [ -68.122566, 10.491515 ], [ -68.122505, 10.491840 ], [ -68.122436, 10.492076 ], [ -68.122261, 10.492581 ], [ -68.122200, 10.492834 ], [ -68.122017, 10.492979 ], [ -68.121780, 10.492933 ], [ -68.121544, 10.492761 ], [ -68.121346, 10.492552 ], [ -68.121277, 10.492308 ], [ -68.121269, 10.492054 ], [ -68.121284, 10.491819 ], [ -68.121231, 10.491267 ], [ -68.121224, 10.490996 ], [ -68.121201, 10.490716 ], [ -68.121147, 10.490489 ], [ -68.121071, 10.490263 ], [ -68.120834, 10.490082 ], [ -68.120224, 10.489755 ], [ -68.119987, 10.489618 ], [ -68.119728, 10.489346 ], [ -68.119515, 10.489192 ], [ -68.118965, 10.488657 ], [ -68.118713, 10.488475 ], [ -68.118431, 10.488338 ], [ -68.118187, 10.488275 ], [ -68.117966, 10.488166 ], [ -68.117745, 10.488011 ], [ -68.117386, 10.487631 ], [ -68.117195, 10.487449 ], [ -68.117035, 10.487267 ], [ -68.116775, 10.487040 ], [ -68.116371, 10.486705 ], [ -68.115951, 10.486487 ], [ -68.115707, 10.486396 ], [ -68.115456, 10.486269 ], [ -68.114845, 10.485869 ], [ -68.114700, 10.485687 ], [ -68.114578, 10.485479 ], [ -68.114418, 10.485298 ], [ -68.114242, 10.485144 ], [ -68.114037, 10.484989 ], [ -68.113686, 10.484853 ], [ -68.112953, 10.484526 ], [ -68.112480, 10.484325 ], [ -68.112228, 10.484198 ], [ -68.112000, 10.484134 ], [ -68.111763, 10.484088 ], [ -68.111343, 10.483897 ], [ -68.111107, 10.483761 ], [ -68.110657, 10.483542 ], [ -68.110466, 10.483406 ], [ -68.110206, 10.483270 ], [ -68.109909, 10.483142 ], [ -68.109627, 10.483060 ], [ -68.109253, 10.482924 ], [ -68.108894, 10.482868 ], [ -68.108459, 10.482731 ], [ -68.108154, 10.482649 ], [ -68.107872, 10.482585 ], [ -68.107559, 10.482457 ], [ -68.107247, 10.482393 ], [ -68.107002, 10.482302 ], [ -68.106766, 10.482238 ], [ -68.106514, 10.482174 ], [ -68.106239, 10.482164 ], [ -68.105980, 10.482236 ], [ -68.105316, 10.482569 ], [ -68.104782, 10.482811 ], [ -68.104553, 10.482955 ], [ -68.104301, 10.483099 ], [ -68.104004, 10.483216 ], [ -68.103752, 10.483288 ], [ -68.103287, 10.483251 ], [ -68.103027, 10.483258 ], [ -68.102730, 10.483285 ], [ -68.102501, 10.483338 ], [ -68.102219, 10.483365 ], [ -68.101990, 10.483373 ], [ -68.101776, 10.483472 ], [ -68.101669, 10.483725 ], [ -68.101601, 10.483960 ], [ -68.101471, 10.484213 ], [ -68.101379, 10.484421 ], [ -68.101242, 10.484673 ], [ -68.101066, 10.484908 ], [ -68.100639, 10.485377 ], [ -68.100471, 10.485539 ], [ -68.100334, 10.485729 ], [ -68.100044, 10.485801 ], [ -68.099762, 10.485808 ], [ -68.099457, 10.485835 ], [ -68.099205, 10.485933 ], [ -68.099030, 10.486123 ], [ -68.098633, 10.486475 ], [ -68.098495, 10.486664 ], [ -68.098297, 10.486898 ], [ -68.098045, 10.487106 ], [ -68.097336, 10.487601 ], [ -68.097153, 10.487745 ], [ -68.096397, 10.488521 ], [ -68.096222, 10.488710 ], [ -68.095856, 10.489035 ], [ -68.095261, 10.489648 ], [ -68.095077, 10.489856 ], [ -68.094879, 10.490063 ], [ -68.094696, 10.490325 ], [ -68.094475, 10.490532 ], [ -68.094292, 10.490722 ], [ -68.094078, 10.490866 ], [ -68.093880, 10.491055 ], [ -68.093491, 10.491497 ], [ -68.093307, 10.491686 ], [ -68.092941, 10.492011 ], [ -68.092758, 10.492200 ], [ -68.092575, 10.492362 ], [ -68.092377, 10.492624 ], [ -68.092217, 10.492805 ], [ -68.092033, 10.492976 ], [ -68.091782, 10.493165 ], [ -68.091530, 10.493282 ], [ -68.091278, 10.493354 ], [ -68.091049, 10.493407 ], [ -68.090813, 10.493479 ], [ -68.090538, 10.493577 ], [ -68.090233, 10.493649 ], [ -68.090035, 10.493775 ], [ -68.089851, 10.493937 ], [ -68.089737, 10.494144 ], [ -68.089577, 10.494334 ], [ -68.089416, 10.494542 ], [ -68.089218, 10.494759 ], [ -68.089050, 10.494921 ], [ -68.088921, 10.495147 ], [ -68.088783, 10.495363 ], [ -68.088699, 10.495616 ], [ -68.088585, 10.495851 ], [ -68.088425, 10.496058 ], [ -68.088181, 10.496202 ], [ -68.087967, 10.496437 ], [ -68.087380, 10.496923 ], [ -68.087173, 10.497067 ], [ -68.086945, 10.497139 ], [ -68.086616, 10.497174 ], [ -68.086357, 10.497183 ], [ -68.085892, 10.497100 ], [ -68.085640, 10.496964 ], [ -68.085426, 10.496827 ], [ -68.085190, 10.496745 ], [ -68.084740, 10.496518 ], [ -68.084518, 10.496481 ], [ -68.084023, 10.496489 ], [ -68.083794, 10.496452 ], [ -68.083603, 10.496316 ], [ -68.083435, 10.496135 ], [ -68.082985, 10.495708 ], [ -68.082726, 10.495554 ], [ -68.082474, 10.495462 ], [ -68.082146, 10.495498 ], [ -68.081886, 10.495551 ], [ -68.081581, 10.495532 ], [ -68.081329, 10.495486 ], [ -68.081116, 10.495332 ], [ -68.080925, 10.495151 ], [ -68.080673, 10.495069 ], [ -68.080437, 10.494932 ], [ -68.080032, 10.494551 ], [ -68.079819, 10.494396 ], [ -68.079514, 10.494332 ], [ -68.079239, 10.494341 ], [ -68.079002, 10.494385 ], [ -68.078743, 10.494421 ], [ -68.078278, 10.494383 ], [ -68.078003, 10.494382 ], [ -68.077751, 10.494436 ], [ -68.077522, 10.494508 ], [ -68.077263, 10.494606 ], [ -68.077034, 10.494841 ], [ -68.076904, 10.495030 ], [ -68.076553, 10.495680 ], [ -68.076088, 10.496312 ], [ -68.075966, 10.496538 ], [ -68.075798, 10.496709 ], [ -68.075638, 10.496889 ], [ -68.075500, 10.497107 ], [ -68.075394, 10.497332 ], [ -68.075317, 10.497883 ], [ -68.075256, 10.498145 ], [ -68.075165, 10.498371 ], [ -68.075050, 10.498579 ], [ -68.074852, 10.498768 ], [ -68.074638, 10.498930 ], [ -68.074486, 10.499102 ], [ -68.074226, 10.499246 ], [ -68.073997, 10.499426 ], [ -68.073769, 10.499552 ], [ -68.073494, 10.499650 ], [ -68.073288, 10.499785 ], [ -68.073059, 10.499956 ], [ -68.072807, 10.500055 ], [ -68.072266, 10.500198 ], [ -68.072044, 10.500179 ], [ -68.071480, 10.500332 ], [ -68.071236, 10.500385 ], [ -68.070938, 10.500439 ], [ -68.070694, 10.500465 ], [ -68.070412, 10.500374 ], [ -68.070206, 10.500247 ], [ -68.069977, 10.500129 ], [ -68.069755, 10.500001 ], [ -68.069595, 10.499820 ], [ -68.069404, 10.499639 ], [ -68.068718, 10.499239 ], [ -68.068504, 10.499057 ], [ -68.068298, 10.498930 ], [ -68.067779, 10.498639 ], [ -68.067474, 10.498602 ], [ -68.067238, 10.498583 ], [ -68.066963, 10.498519 ], [ -68.066711, 10.498473 ], [ -68.066536, 10.498292 ], [ -68.066421, 10.498093 ], [ -68.066177, 10.498001 ], [ -68.065910, 10.497919 ], [ -68.065368, 10.497972 ], [ -68.064323, 10.498204 ], [ -68.063820, 10.498420 ], [ -68.063576, 10.498609 ], [ -68.063233, 10.499005 ], [ -68.062820, 10.499339 ], [ -68.062355, 10.499527 ], [ -68.062080, 10.499671 ], [ -68.061806, 10.499752 ], [ -68.061554, 10.499796 ], [ -68.061249, 10.499877 ], [ -68.060997, 10.499921 ], [ -68.060768, 10.500002 ], [ -68.060532, 10.499938 ], [ -68.060303, 10.499846 ], [ -68.059532, 10.499935 ], [ -68.059250, 10.499888 ], [ -68.058647, 10.499815 ], [ -68.058411, 10.499751 ], [ -68.058151, 10.499704 ], [ -68.057877, 10.499640 ], [ -68.057663, 10.499514 ], [ -68.057480, 10.499332 ], [ -68.057259, 10.499196 ], [ -68.057030, 10.499042 ], [ -68.056626, 10.498588 ], [ -68.056221, 10.498252 ], [ -68.055908, 10.498079 ], [ -68.055679, 10.497916 ], [ -68.055443, 10.497788 ], [ -68.055252, 10.497607 ], [ -68.055061, 10.497408 ], [ -68.054916, 10.497199 ], [ -68.054588, 10.496819 ], [ -68.054413, 10.496637 ], [ -68.054329, 10.496428 ], [ -68.054153, 10.496184 ], [ -68.053924, 10.496075 ], [ -68.053009, 10.495765 ], [ -68.052567, 10.495546 ], [ -68.052299, 10.495437 ], [ -68.052093, 10.495310 ], [ -68.051880, 10.495129 ], [ -68.051437, 10.494883 ], [ -68.051201, 10.494657 ], [ -68.050934, 10.494384 ], [ -68.050720, 10.494229 ], [ -68.050293, 10.494011 ], [ -68.050064, 10.493857 ], [ -68.049683, 10.493539 ], [ -68.049522, 10.493358 ], [ -68.049301, 10.493158 ], [ -68.049072, 10.493050 ], [ -68.048805, 10.492940 ], [ -68.048584, 10.492804 ], [ -68.048058, 10.492558 ], [ -68.047852, 10.492449 ], [ -68.047524, 10.492339 ], [ -68.047241, 10.492284 ], [ -68.046753, 10.492247 ], [ -68.045982, 10.492009 ], [ -68.045769, 10.491899 ], [ -68.045532, 10.491791 ], [ -68.045250, 10.491681 ], [ -68.044762, 10.491553 ], [ -68.044197, 10.491470 ], [ -68.043945, 10.491406 ], [ -68.043732, 10.491252 ], [ -68.043350, 10.490934 ], [ -68.042786, 10.490598 ], [ -68.042526, 10.490425 ], [ -68.042366, 10.490262 ], [ -68.042000, 10.489818 ], [ -68.041863, 10.489592 ], [ -68.041695, 10.489365 ], [ -68.041031, 10.488639 ], [ -68.040840, 10.488484 ], [ -68.040512, 10.488077 ], [ -68.040367, 10.487850 ], [ -68.040199, 10.487669 ], [ -68.040009, 10.487488 ], [ -68.039604, 10.487152 ], [ -68.039436, 10.486970 ], [ -68.039032, 10.486589 ], [ -68.038826, 10.486408 ], [ -68.038605, 10.486299 ], [ -68.038376, 10.486144 ], [ -68.038093, 10.486053 ], [ -68.037865, 10.486134 ], [ -68.037727, 10.486341 ], [ -68.037498, 10.486368 ], [ -68.037262, 10.486258 ], [ -68.037071, 10.486104 ], [ -68.036903, 10.485941 ], [ -68.036941, 10.485715 ], [ -68.037155, 10.485616 ], [ -68.037361, 10.485499 ], [ -68.037491, 10.485292 ], [ -68.037346, 10.485065 ], [ -68.037140, 10.484947 ], [ -68.036858, 10.484702 ], [ -68.036637, 10.484457 ], [ -68.036339, 10.484257 ], [ -68.035889, 10.484056 ], [ -68.035698, 10.483921 ], [ -68.035461, 10.483721 ], [ -68.035248, 10.483521 ], [ -68.035057, 10.483358 ], [ -68.034866, 10.483204 ], [ -68.034637, 10.483049 ], [ -68.034447, 10.482895 ], [ -68.034286, 10.482732 ], [ -68.034065, 10.482559 ], [ -68.033829, 10.482423 ], [ -68.032959, 10.481977 ], [ -68.032707, 10.481777 ], [ -68.032440, 10.481623 ], [ -68.032143, 10.481423 ], [ -68.031784, 10.481223 ], [ -68.031532, 10.481113 ], [ -68.031265, 10.480932 ], [ -68.030777, 10.480551 ], [ -68.030541, 10.480423 ], [ -68.030327, 10.480332 ], [ -68.030121, 10.480224 ], [ -68.029877, 10.480132 ], [ -68.029655, 10.480068 ], [ -68.029411, 10.479986 ], [ -68.029221, 10.479850 ], [ -68.028984, 10.479713 ], [ -68.028732, 10.479604 ], [ -68.028450, 10.479449 ], [ -68.028145, 10.479340 ], [ -68.027611, 10.479176 ], [ -68.027374, 10.479084 ], [ -68.027145, 10.479020 ], [ -68.026909, 10.478930 ], [ -68.026596, 10.478775 ], [ -68.026039, 10.478538 ], [ -68.025803, 10.478474 ], [ -68.025307, 10.478300 ], [ -68.025078, 10.478209 ], [ -68.024589, 10.478081 ], [ -68.023979, 10.477935 ], [ -68.023705, 10.477825 ], [ -68.023468, 10.477743 ], [ -68.023254, 10.477625 ], [ -68.023018, 10.477543 ], [ -68.022568, 10.477325 ], [ -68.022224, 10.477188 ], [ -68.021958, 10.477105 ], [ -68.021706, 10.477015 ], [ -68.021843, 10.476439 ], [ -68.021896, 10.476264 ], [ -68.021980, 10.475640 ], [ -68.022018, 10.474972 ], [ -68.022095, 10.473959 ], [ -68.022118, 10.473426 ], [ -68.022156, 10.472874 ], [ -68.022446, 10.472368 ], [ -68.022934, 10.471991 ], [ -68.023994, 10.471586 ], [ -68.024063, 10.471566 ], [ -68.024017, 10.471424 ], [ -68.024101, 10.470918 ], [ -68.024238, 10.470366 ], [ -68.024277, 10.470026 ], [ -68.024063, 10.470022 ], [ -68.023392, 10.469957 ], [ -68.022812, 10.469883 ], [ -68.022186, 10.469845 ], [ -68.021645, 10.469825 ], [ -68.020996, 10.469768 ], [ -68.020409, 10.469704 ], [ -68.019882, 10.469666 ], [ -68.019203, 10.469627 ], [ -68.018585, 10.469635 ], [ -68.017883, 10.469551 ], [ -68.017326, 10.469405 ], [ -68.016762, 10.469113 ], [ -68.016250, 10.468868 ], [ -68.015785, 10.468596 ], [ -68.014725, 10.468149 ], [ -68.014076, 10.467957 ], [ -68.013329, 10.467638 ], [ -68.012672, 10.467392 ], [ -68.012222, 10.467056 ], [ -68.011665, 10.466602 ], [ -68.011215, 10.466248 ], [ -68.010750, 10.465930 ], [ -68.010330, 10.465657 ], [ -68.009788, 10.465366 ], [ -68.009178, 10.465165 ], [ -68.008652, 10.465128 ], [ -68.008133, 10.465253 ], [ -68.006958, 10.465818 ], [ -68.006431, 10.466106 ], [ -68.005920, 10.466358 ], [ -68.005417, 10.466628 ], [ -68.004356, 10.467122 ], [ -68.003769, 10.467337 ], [ -68.003288, 10.467481 ], [ -68.002770, 10.467505 ], [ -68.001656, 10.467376 ], [ -67.999977, 10.467672 ], [ -67.999962, 10.467673 ], [ -67.999603, 10.468906 ], [ -67.999298, 10.469168 ], [ -67.999062, 10.469655 ], [ -67.998879, 10.469872 ], [ -67.998764, 10.470124 ], [ -67.998627, 10.470395 ], [ -67.998581, 10.470721 ], [ -67.998634, 10.470947 ], [ -67.998634, 10.471246 ], [ -67.998680, 10.471480 ], [ -67.998802, 10.471960 ], [ -67.998848, 10.472214 ], [ -67.998924, 10.472458 ], [ -67.998932, 10.472756 ], [ -67.998810, 10.473037 ], [ -67.998772, 10.473335 ], [ -67.998543, 10.473615 ], [ -67.998077, 10.473667 ], [ -67.997826, 10.473739 ], [ -67.997566, 10.473783 ], [ -67.997032, 10.473927 ], [ -67.996781, 10.474089 ], [ -67.996574, 10.474233 ], [ -67.996414, 10.474395 ], [ -67.996201, 10.474575 ], [ -67.995957, 10.474737 ], [ -67.995766, 10.474899 ], [ -67.995560, 10.475133 ], [ -67.995377, 10.475323 ], [ -67.995079, 10.475186 ], [ -67.994797, 10.475004 ], [ -67.994583, 10.474751 ], [ -67.994621, 10.474525 ], [ -67.994743, 10.474317 ], [ -67.994896, 10.474128 ], [ -67.994942, 10.473902 ], [ -67.994827, 10.473675 ], [ -67.994659, 10.473512 ], [ -67.994454, 10.473357 ], [ -67.994308, 10.473149 ], [ -67.994308, 10.472615 ], [ -67.994240, 10.472299 ], [ -67.993996, 10.472190 ], [ -67.993767, 10.472234 ], [ -67.993584, 10.472396 ], [ -67.993492, 10.472631 ], [ -67.993591, 10.473110 ], [ -67.993690, 10.473708 ], [ -67.993713, 10.473934 ], [ -67.993690, 10.474160 ], [ -67.993698, 10.474413 ], [ -67.993668, 10.474648 ], [ -67.993515, 10.474829 ], [ -67.993233, 10.474927 ], [ -67.993004, 10.474836 ], [ -67.992767, 10.474772 ], [ -67.992554, 10.474653 ], [ -67.992424, 10.474454 ], [ -67.992348, 10.474201 ], [ -67.992233, 10.473948 ], [ -67.992035, 10.473793 ], [ -67.991829, 10.473657 ], [ -67.991615, 10.473774 ], [ -67.991554, 10.473999 ], [ -67.991531, 10.474253 ], [ -67.991585, 10.474714 ], [ -67.991630, 10.474940 ], [ -67.991775, 10.475511 ], [ -67.992043, 10.476035 ], [ -67.992134, 10.476271 ], [ -67.992142, 10.476524 ], [ -67.992096, 10.476777 ], [ -67.991882, 10.476957 ], [ -67.991623, 10.476938 ], [ -67.991402, 10.476830 ], [ -67.991188, 10.476711 ], [ -67.990951, 10.476602 ], [ -67.990700, 10.476438 ], [ -67.990204, 10.476148 ], [ -67.989769, 10.475966 ], [ -67.989525, 10.475973 ], [ -67.989227, 10.476063 ], [ -67.988907, 10.476134 ], [ -67.988647, 10.476142 ], [ -67.988411, 10.476024 ], [ -67.988251, 10.475842 ], [ -67.988114, 10.475643 ], [ -67.987968, 10.475453 ], [ -67.987740, 10.475299 ], [ -67.987503, 10.475234 ], [ -67.987290, 10.475116 ], [ -67.987190, 10.474890 ], [ -67.986915, 10.472484 ], [ -67.985458, 10.472542 ], [ -67.985306, 10.471602 ], [ -67.986671, 10.471316 ], [ -67.986298, 10.468719 ], [ -67.985718, 10.468247 ], [ -67.985275, 10.468689 ], [ -67.984459, 10.467475 ], [ -67.984474, 10.464997 ], [ -67.983902, 10.465140 ], [ -67.983917, 10.467527 ], [ -67.981384, 10.467782 ], [ -67.981079, 10.471850 ], [ -67.980347, 10.472382 ], [ -67.992927, 10.483562 ], [ -67.992951, 10.483562 ], [ -67.993050, 10.484132 ], [ -67.991310, 10.484380 ], [ -67.991310, 10.489299 ], [ -67.991264, 10.489317 ], [ -67.991073, 10.489461 ], [ -67.990875, 10.489669 ], [ -67.990738, 10.489876 ], [ -67.990715, 10.490102 ], [ -67.990791, 10.490355 ], [ -67.990921, 10.490609 ], [ -67.991371, 10.490927 ], [ -67.991669, 10.491064 ], [ -67.991882, 10.491173 ], [ -67.992424, 10.491373 ], [ -67.992630, 10.491491 ], [ -67.993255, 10.491919 ], [ -67.993500, 10.492055 ], [ -67.993782, 10.492191 ], [ -67.994049, 10.492301 ], [ -67.994339, 10.492393 ], [ -67.994591, 10.492438 ], [ -67.994850, 10.492502 ], [ -67.995132, 10.492521 ], [ -67.996147, 10.492416 ], [ -67.996430, 10.492372 ], [ -67.996986, 10.492365 ], [ -67.997498, 10.492312 ], [ -67.997696, 10.492195 ], [ -67.997910, 10.492015 ], [ -67.997948, 10.491553 ], [ -67.997917, 10.491327 ], [ -67.997925, 10.490839 ], [ -67.997940, 10.490568 ], [ -67.998032, 10.490334 ], [ -67.998123, 10.490126 ], [ -67.998284, 10.489900 ], [ -67.998444, 10.489693 ], [ -68.000053, 10.488404 ], [ -68.001495, 10.487441 ], [ -68.002037, 10.487479 ], [ -68.002502, 10.487562 ], [ -68.002800, 10.487717 ], [ -68.002991, 10.487844 ], [ -68.003181, 10.488052 ], [ -68.003571, 10.488388 ], [ -68.003639, 10.488615 ], [ -68.003769, 10.489121 ], [ -68.003983, 10.489647 ], [ -68.004112, 10.489873 ], [ -68.004440, 10.490372 ], [ -68.004608, 10.490525 ], [ -68.004822, 10.490662 ], [ -68.005028, 10.490771 ], [ -68.005714, 10.491081 ], [ -68.005943, 10.491145 ], [ -68.006226, 10.491300 ], [ -68.006553, 10.491264 ], [ -68.006737, 10.491102 ], [ -68.007095, 10.490434 ], [ -68.007317, 10.489946 ], [ -68.007385, 10.489712 ], [ -68.007355, 10.489458 ], [ -68.007279, 10.489186 ], [ -68.007080, 10.489005 ], [ -68.006859, 10.488869 ], [ -68.006470, 10.488605 ], [ -68.006218, 10.488568 ], [ -68.005958, 10.488613 ], [ -68.005730, 10.488621 ], [ -68.005493, 10.488575 ], [ -68.005264, 10.488466 ], [ -68.005005, 10.488312 ], [ -68.004364, 10.487866 ], [ -68.004112, 10.487621 ], [ -68.003891, 10.487485 ], [ -68.003677, 10.487394 ], [ -68.003723, 10.487168 ], [ -68.003929, 10.487051 ], [ -68.004181, 10.486953 ], [ -68.004410, 10.486898 ], [ -68.004700, 10.486891 ], [ -68.005028, 10.486910 ], [ -68.005257, 10.486974 ], [ -68.005493, 10.487065 ], [ -68.005920, 10.487446 ], [ -68.006172, 10.487600 ], [ -68.006409, 10.487710 ], [ -68.006638, 10.487846 ], [ -68.006904, 10.487974 ], [ -68.007179, 10.487992 ], [ -68.007431, 10.487985 ], [ -68.007675, 10.487958 ], [ -68.007927, 10.487977 ], [ -68.008186, 10.488041 ], [ -68.008369, 10.487834 ], [ -68.008476, 10.487598 ], [ -68.008453, 10.487346 ], [ -68.008347, 10.487102 ], [ -68.008179, 10.486919 ], [ -68.007713, 10.486792 ], [ -68.007477, 10.486673 ], [ -68.007027, 10.486346 ], [ -68.006798, 10.486256 ], [ -68.006630, 10.486074 ], [ -68.006630, 10.485821 ], [ -68.006782, 10.485631 ], [ -68.006988, 10.485497 ], [ -68.007271, 10.485443 ], [ -68.007500, 10.485435 ], [ -68.007736, 10.485363 ], [ -68.007981, 10.485264 ], [ -68.008217, 10.485265 ], [ -68.008491, 10.485374 ], [ -68.008758, 10.485501 ], [ -68.008964, 10.485656 ], [ -68.009109, 10.485837 ], [ -68.009865, 10.486030 ], [ -68.009857, 10.486265 ], [ -68.009895, 10.486536 ], [ -68.009972, 10.486762 ], [ -68.009949, 10.487016 ], [ -68.009956, 10.487296 ], [ -68.009918, 10.487775 ], [ -68.009834, 10.488236 ], [ -68.009743, 10.488443 ], [ -68.009430, 10.488823 ], [ -68.009277, 10.489076 ], [ -68.009109, 10.489283 ], [ -68.008980, 10.489499 ], [ -68.008842, 10.489707 ], [ -68.008751, 10.489933 ], [ -68.008705, 10.490674 ], [ -68.008659, 10.490900 ], [ -68.008621, 10.491361 ], [ -68.008644, 10.491596 ], [ -68.008652, 10.491822 ], [ -68.008621, 10.492058 ], [ -68.008522, 10.492265 ], [ -68.008369, 10.492446 ], [ -68.008186, 10.492635 ], [ -68.007973, 10.492825 ], [ -68.007805, 10.493013 ], [ -68.007637, 10.493221 ], [ -68.007393, 10.493338 ], [ -68.007149, 10.493419 ], [ -68.006920, 10.493535 ], [ -68.006500, 10.493244 ], [ -68.006294, 10.493135 ], [ -68.006027, 10.493072 ], [ -68.005570, 10.493033 ], [ -68.005333, 10.492996 ], [ -68.005081, 10.492878 ], [ -68.004768, 10.492751 ], [ -68.004562, 10.492641 ], [ -68.004189, 10.492469 ], [ -68.003898, 10.492377 ], [ -68.003647, 10.492340 ], [ -68.003342, 10.492249 ], [ -68.003014, 10.492193 ], [ -68.002525, 10.492065 ], [ -68.002296, 10.492020 ], [ -68.002014, 10.491982 ], [ -68.001755, 10.491981 ], [ -68.001526, 10.492017 ], [ -68.000946, 10.492024 ], [ -68.000717, 10.492078 ], [ -68.000488, 10.492222 ], [ -68.000275, 10.492312 ], [ -68.000015, 10.492437 ], [ -67.998619, 10.493572 ], [ -67.998047, 10.494059 ], [ -67.997612, 10.494401 ], [ -67.997353, 10.494545 ], [ -67.997078, 10.494734 ], [ -67.996841, 10.494823 ], [ -67.996597, 10.494941 ], [ -67.996101, 10.495084 ], [ -67.995850, 10.495111 ], [ -67.995293, 10.495117 ], [ -67.994805, 10.495116 ], [ -67.994362, 10.495096 ], [ -67.993851, 10.495104 ], [ -67.993614, 10.495058 ], [ -67.993385, 10.494922 ], [ -67.992851, 10.494720 ], [ -67.992638, 10.494630 ], [ -67.992386, 10.494548 ], [ -67.992096, 10.494474 ], [ -67.991890, 10.494365 ], [ -67.991638, 10.494256 ], [ -67.991379, 10.494074 ], [ -67.991173, 10.493911 ], [ -67.990799, 10.493547 ], [ -67.990303, 10.493275 ], [ -67.990021, 10.493094 ], [ -67.989586, 10.492875 ], [ -67.989319, 10.492711 ], [ -67.988853, 10.492483 ], [ -67.988594, 10.492401 ], [ -67.988388, 10.492311 ], [ -67.988129, 10.492264 ], [ -67.987907, 10.492246 ], [ -67.987106, 10.492089 ], [ -67.986870, 10.492025 ], [ -67.986572, 10.491979 ], [ -67.986343, 10.491888 ], [ -67.986107, 10.491823 ], [ -67.985664, 10.491623 ], [ -67.985519, 10.491442 ], [ -67.985313, 10.491143 ], [ -67.985077, 10.490735 ], [ -67.984932, 10.490437 ], [ -67.984795, 10.490210 ], [ -67.984482, 10.489820 ], [ -67.984116, 10.489312 ], [ -67.983925, 10.489086 ], [ -67.983711, 10.488859 ], [ -67.983582, 10.488851 ], [ -67.983521, 10.488678 ], [ -67.983314, 10.488496 ], [ -67.983070, 10.488359 ], [ -67.982864, 10.488269 ], [ -67.982307, 10.488140 ], [ -67.981781, 10.488048 ], [ -67.981026, 10.487991 ], [ -67.980751, 10.487990 ], [ -67.980011, 10.488187 ], [ -67.979775, 10.488349 ], [ -67.979645, 10.488557 ], [ -67.979553, 10.488810 ], [ -67.979553, 10.489080 ], [ -67.979698, 10.489560 ], [ -67.979912, 10.489742 ], [ -67.980164, 10.489861 ], [ -67.980423, 10.489952 ], [ -67.981102, 10.490307 ], [ -67.981316, 10.490515 ], [ -67.982132, 10.491720 ], [ -67.982323, 10.491902 ], [ -67.982529, 10.492021 ], [ -67.982742, 10.492111 ], [ -67.982933, 10.492311 ], [ -67.983055, 10.492519 ], [ -67.983078, 10.492745 ], [ -67.983032, 10.492998 ], [ -67.982941, 10.493278 ], [ -67.982544, 10.493350 ], [ -67.982216, 10.493348 ], [ -67.981987, 10.493357 ], [ -67.981735, 10.493383 ], [ -67.981201, 10.493319 ], [ -67.980965, 10.493272 ], [ -67.980736, 10.493208 ], [ -67.980453, 10.493090 ], [ -67.980202, 10.493026 ], [ -67.979271, 10.492624 ], [ -67.979034, 10.492534 ], [ -67.978729, 10.492469 ], [ -67.978447, 10.492450 ], [ -67.977982, 10.492386 ], [ -67.977753, 10.492312 ], [ -67.977302, 10.491904 ], [ -67.977020, 10.491750 ], [ -67.976799, 10.491676 ], [ -67.976540, 10.491612 ], [ -67.975975, 10.491439 ], [ -67.975700, 10.491438 ], [ -67.975441, 10.491391 ], [ -67.974953, 10.491237 ], [ -67.974693, 10.491199 ], [ -67.974419, 10.491126 ], [ -67.974182, 10.491089 ], [ -67.973579, 10.490834 ], [ -67.973297, 10.490725 ], [ -67.973000, 10.490633 ], [ -67.972717, 10.490523 ], [ -67.972504, 10.490387 ], [ -67.971924, 10.489816 ], [ -67.971756, 10.489572 ], [ -67.971611, 10.489389 ], [ -67.971497, 10.489154 ], [ -67.971420, 10.488928 ], [ -67.971367, 10.488448 ], [ -67.971466, 10.487761 ], [ -67.971459, 10.487228 ], [ -67.971497, 10.486749 ], [ -67.971405, 10.486513 ], [ -67.971168, 10.486241 ], [ -67.970909, 10.485996 ], [ -67.970650, 10.485860 ], [ -67.970375, 10.485814 ], [ -67.969727, 10.485730 ], [ -67.969490, 10.485684 ], [ -67.968994, 10.485484 ], [ -67.968788, 10.485330 ], [ -67.968575, 10.485076 ], [ -67.968437, 10.484867 ], [ -67.968323, 10.484668 ], [ -67.968178, 10.484387 ], [ -67.968033, 10.484160 ], [ -67.967865, 10.483952 ], [ -67.967613, 10.483707 ], [ -67.967423, 10.483543 ], [ -67.967209, 10.483316 ], [ -67.967026, 10.483163 ], [ -67.966866, 10.482999 ], [ -67.966675, 10.482845 ], [ -67.966255, 10.482428 ], [ -67.965988, 10.482227 ], [ -67.965736, 10.482073 ], [ -67.965523, 10.481910 ], [ -67.965340, 10.481755 ], [ -67.964989, 10.481411 ], [ -67.964615, 10.481092 ], [ -67.963959, 10.480620 ], [ -67.963791, 10.480457 ], [ -67.963287, 10.480066 ], [ -67.963051, 10.479939 ], [ -67.962807, 10.479775 ], [ -67.962601, 10.479667 ], [ -67.962341, 10.479548 ], [ -67.961418, 10.479030 ], [ -67.961205, 10.478893 ], [ -67.961014, 10.478739 ], [ -67.960777, 10.478576 ], [ -67.960548, 10.478466 ], [ -67.960251, 10.478356 ], [ -67.959724, 10.478129 ], [ -67.959084, 10.477793 ], [ -67.958839, 10.477701 ], [ -67.958168, 10.477409 ], [ -67.957932, 10.477319 ], [ -67.957626, 10.477137 ], [ -67.957275, 10.476747 ], [ -67.957062, 10.476547 ], [ -67.956902, 10.476365 ], [ -67.956619, 10.475930 ], [ -67.956383, 10.475495 ], [ -67.956192, 10.475016 ], [ -67.956101, 10.474808 ], [ -67.955986, 10.474608 ], [ -67.955795, 10.474444 ], [ -67.955628, 10.474263 ], [ -67.955437, 10.474036 ], [ -67.955277, 10.473810 ], [ -67.955109, 10.473629 ], [ -67.954498, 10.472713 ], [ -67.954262, 10.472297 ], [ -67.954147, 10.472070 ], [ -67.953957, 10.471771 ], [ -67.953812, 10.471590 ], [ -67.953674, 10.471345 ], [ -67.953369, 10.470883 ], [ -67.953011, 10.470502 ], [ -67.952850, 10.470266 ], [ -67.952682, 10.470085 ], [ -67.952568, 10.469886 ], [ -67.952286, 10.469469 ], [ -67.952164, 10.469270 ], [ -67.952026, 10.469079 ], [ -67.951866, 10.468880 ], [ -67.951675, 10.468743 ], [ -67.951210, 10.468515 ], [ -67.950973, 10.468407 ], [ -67.950699, 10.468315 ], [ -67.950485, 10.468106 ], [ -67.950340, 10.467925 ], [ -67.950195, 10.467698 ], [ -67.950012, 10.467444 ], [ -67.949898, 10.467218 ], [ -67.949799, 10.466920 ], [ -67.949707, 10.466693 ], [ -67.949562, 10.466439 ], [ -67.949348, 10.466258 ], [ -67.949158, 10.466059 ], [ -67.948906, 10.465877 ], [ -67.948692, 10.465695 ], [ -67.948486, 10.465559 ], [ -67.948280, 10.465350 ], [ -67.948044, 10.465151 ], [ -67.947365, 10.464759 ], [ -67.947083, 10.464695 ], [ -67.946823, 10.464603 ], [ -67.946571, 10.464585 ], [ -67.946030, 10.464520 ], [ -67.945709, 10.464438 ], [ -67.945381, 10.464364 ], [ -67.945152, 10.464345 ], [ -67.944916, 10.464507 ], [ -67.944717, 10.464669 ], [ -67.943955, 10.465625 ], [ -67.943542, 10.465995 ], [ -67.943176, 10.466364 ], [ -67.942902, 10.466806 ], [ -67.942719, 10.466987 ], [ -67.942535, 10.467131 ], [ -67.942306, 10.467293 ], [ -67.941933, 10.467427 ], [ -67.941658, 10.467544 ], [ -67.941444, 10.467661 ], [ -67.941261, 10.467850 ], [ -67.941094, 10.468040 ], [ -67.940819, 10.468201 ], [ -67.940567, 10.468336 ], [ -67.940338, 10.468434 ], [ -67.940064, 10.468461 ], [ -67.939827, 10.468460 ], [ -67.939522, 10.468441 ], [ -67.939270, 10.468485 ], [ -67.939041, 10.468556 ], [ -67.938782, 10.468610 ], [ -67.938484, 10.468727 ], [ -67.938225, 10.468843 ], [ -67.937691, 10.469005 ], [ -67.937446, 10.469284 ], [ -67.936844, 10.469752 ], [ -67.936630, 10.469869 ], [ -67.936172, 10.470166 ], [ -67.936020, 10.470355 ], [ -67.935776, 10.470563 ], [ -67.935074, 10.471401 ], [ -67.934662, 10.471744 ], [ -67.934151, 10.472004 ], [ -67.933937, 10.472094 ], [ -67.933708, 10.472147 ], [ -67.933502, 10.472237 ], [ -67.932602, 10.472686 ], [ -67.932342, 10.472957 ], [ -67.932159, 10.473119 ], [ -67.931770, 10.473516 ], [ -67.931656, 10.473750 ], [ -67.931564, 10.474021 ], [ -67.931381, 10.474436 ], [ -67.931297, 10.474671 ], [ -67.931221, 10.474924 ], [ -67.931160, 10.475195 ], [ -67.931114, 10.475448 ], [ -67.930839, 10.475474 ], [ -67.930580, 10.475482 ], [ -67.930832, 10.474815 ], [ -67.930282, 10.475364 ], [ -67.930138, 10.475183 ], [ -67.930061, 10.474957 ], [ -67.930084, 10.474676 ], [ -67.930267, 10.474242 ], [ -67.930359, 10.473989 ], [ -67.930443, 10.473412 ], [ -67.930443, 10.473140 ], [ -67.930237, 10.472886 ], [ -67.929954, 10.472732 ], [ -67.929764, 10.472595 ], [ -67.929642, 10.472323 ], [ -67.929550, 10.472043 ], [ -67.929527, 10.471816 ], [ -67.929527, 10.471581 ], [ -67.929543, 10.471355 ], [ -67.929474, 10.471057 ], [ -67.929161, 10.470667 ], [ -67.929207, 10.470142 ], [ -67.929268, 10.469591 ], [ -67.929337, 10.469293 ], [ -67.929405, 10.469058 ], [ -67.929543, 10.468850 ], [ -67.929772, 10.468716 ], [ -67.930046, 10.468572 ], [ -67.930565, 10.468357 ], [ -67.930794, 10.468240 ], [ -67.931252, 10.467871 ], [ -67.931320, 10.467645 ], [ -67.931412, 10.467437 ], [ -67.931526, 10.467230 ], [ -67.931618, 10.466994 ], [ -67.931679, 10.466769 ], [ -67.931595, 10.466443 ], [ -67.931442, 10.466216 ], [ -67.931328, 10.465990 ], [ -67.931183, 10.465736 ], [ -67.931046, 10.465528 ], [ -67.930839, 10.465256 ], [ -67.930695, 10.465012 ], [ -67.930755, 10.464776 ], [ -67.930969, 10.464497 ], [ -67.931122, 10.464244 ], [ -67.931305, 10.463811 ], [ -67.931419, 10.463603 ], [ -67.931511, 10.463395 ], [ -67.931572, 10.463142 ], [ -67.931603, 10.462890 ], [ -67.931732, 10.462401 ], [ -67.931618, 10.462103 ], [ -67.931496, 10.461858 ], [ -67.931244, 10.461812 ], [ -67.931130, 10.462083 ], [ -67.931038, 10.462345 ], [ -67.930946, 10.462869 ], [ -67.930862, 10.463104 ], [ -67.930786, 10.463375 ], [ -67.930565, 10.463881 ], [ -67.930428, 10.464088 ], [ -67.930191, 10.464250 ], [ -67.929939, 10.464186 ], [ -67.929863, 10.463960 ], [ -67.929817, 10.463706 ], [ -67.929840, 10.463408 ], [ -67.929978, 10.462920 ], [ -67.929993, 10.462694 ], [ -67.929970, 10.462422 ], [ -67.929848, 10.462214 ], [ -67.929611, 10.461065 ], [ -67.929436, 10.460567 ], [ -67.929367, 10.460286 ], [ -67.929291, 10.460060 ], [ -67.929192, 10.459490 ], [ -67.929146, 10.459147 ], [ -67.929123, 10.458911 ], [ -67.929123, 10.458640 ], [ -67.929161, 10.458386 ], [ -67.929252, 10.458152 ], [ -67.929436, 10.457927 ], [ -67.929649, 10.457809 ], [ -67.929848, 10.457367 ], [ -67.929970, 10.457160 ], [ -67.930008, 10.456934 ], [ -67.929932, 10.456636 ], [ -67.929886, 10.456400 ], [ -67.929863, 10.456156 ], [ -67.929886, 10.455902 ], [ -67.930046, 10.455686 ], [ -67.930229, 10.455479 ], [ -67.930687, 10.455110 ], [ -67.931038, 10.454767 ], [ -67.931236, 10.454551 ], [ -67.931450, 10.454415 ], [ -67.931709, 10.454317 ], [ -67.931931, 10.454246 ], [ -67.932159, 10.454129 ], [ -67.932419, 10.454012 ], [ -67.932648, 10.453922 ], [ -67.932861, 10.453806 ], [ -67.933067, 10.453644 ], [ -67.933205, 10.453436 ], [ -67.933273, 10.453201 ], [ -67.933174, 10.452857 ], [ -67.933128, 10.452631 ], [ -67.933052, 10.452405 ], [ -67.932907, 10.452196 ], [ -67.932419, 10.451770 ], [ -67.932205, 10.451633 ], [ -67.932030, 10.451469 ], [ -67.931534, 10.451152 ], [ -67.931236, 10.450996 ], [ -67.931023, 10.450906 ], [ -67.930786, 10.450977 ], [ -67.930603, 10.451139 ], [ -67.930611, 10.451365 ], [ -67.930656, 10.451918 ], [ -67.930802, 10.452442 ], [ -67.930763, 10.452677 ], [ -67.930672, 10.452930 ], [ -67.930534, 10.453137 ], [ -67.930229, 10.453118 ], [ -67.929947, 10.453117 ], [ -67.929718, 10.453144 ], [ -67.929489, 10.453125 ], [ -67.929299, 10.452989 ], [ -67.929184, 10.452781 ], [ -67.929138, 10.452555 ], [ -67.929062, 10.452328 ], [ -67.928871, 10.451983 ], [ -67.928680, 10.451820 ], [ -67.928429, 10.451775 ], [ -67.928124, 10.451800 ], [ -67.927940, 10.451944 ], [ -67.927788, 10.452152 ], [ -67.927666, 10.452405 ], [ -67.927528, 10.452612 ], [ -67.926994, 10.452846 ], [ -67.926788, 10.452962 ], [ -67.926605, 10.453170 ], [ -67.926353, 10.453612 ], [ -67.926384, 10.453929 ], [ -67.926453, 10.454164 ], [ -67.926621, 10.454409 ], [ -67.926872, 10.454572 ], [ -67.927109, 10.454681 ], [ -67.927299, 10.454863 ], [ -67.927696, 10.455551 ], [ -67.927864, 10.455760 ], [ -67.928047, 10.455959 ], [ -67.928284, 10.456096 ], [ -67.928566, 10.456205 ], [ -67.928726, 10.456505 ], [ -67.928772, 10.456758 ], [ -67.928505, 10.457706 ], [ -67.928467, 10.458258 ], [ -67.928497, 10.458502 ], [ -67.928475, 10.458737 ], [ -67.928429, 10.459008 ], [ -67.928406, 10.459244 ], [ -67.928360, 10.459469 ], [ -67.928360, 10.459723 ], [ -67.928177, 10.459911 ], [ -67.927902, 10.459893 ], [ -67.927742, 10.459684 ], [ -67.927711, 10.459458 ], [ -67.927780, 10.459223 ], [ -67.927872, 10.459016 ], [ -67.927887, 10.458790 ], [ -67.927742, 10.458264 ], [ -67.927719, 10.458030 ], [ -67.927536, 10.457829 ], [ -67.927330, 10.457693 ], [ -67.927139, 10.457530 ], [ -67.926948, 10.457276 ], [ -67.926811, 10.457049 ], [ -67.926712, 10.456841 ], [ -67.926590, 10.456642 ], [ -67.926338, 10.456641 ], [ -67.926109, 10.456758 ], [ -67.926102, 10.457056 ], [ -67.926117, 10.457292 ], [ -67.926155, 10.457518 ], [ -67.926300, 10.457971 ], [ -67.926491, 10.458387 ], [ -67.926636, 10.458641 ], [ -67.926773, 10.458912 ], [ -67.926895, 10.459121 ], [ -67.926994, 10.459365 ], [ -67.927040, 10.459619 ], [ -67.927094, 10.459854 ], [ -67.927116, 10.460080 ], [ -67.927002, 10.460288 ], [ -67.927010, 10.460613 ], [ -67.927216, 10.460858 ], [ -67.927422, 10.461040 ], [ -67.927681, 10.461204 ], [ -67.927918, 10.461177 ], [ -67.928093, 10.460897 ], [ -67.928124, 10.460671 ], [ -67.928352, 10.460618 ], [ -67.928726, 10.460936 ], [ -67.928841, 10.461216 ], [ -67.928940, 10.461669 ], [ -67.929039, 10.461967 ], [ -67.929085, 10.462193 ], [ -67.929184, 10.462429 ], [ -67.929252, 10.462701 ], [ -67.929092, 10.462908 ], [ -67.928909, 10.463070 ], [ -67.928741, 10.463232 ], [ -67.928604, 10.463422 ], [ -67.928520, 10.463675 ], [ -67.928520, 10.464245 ], [ -67.928619, 10.464471 ], [ -67.928688, 10.464725 ], [ -67.928826, 10.464960 ], [ -67.928970, 10.465186 ], [ -67.929115, 10.465367 ], [ -67.929283, 10.465549 ], [ -67.929375, 10.465757 ], [ -67.929520, 10.465957 ], [ -67.929543, 10.466237 ], [ -67.929543, 10.466536 ], [ -67.929390, 10.466806 ], [ -67.929222, 10.466968 ], [ -67.929016, 10.467086 ], [ -67.928833, 10.466859 ], [ -67.928734, 10.466605 ], [ -67.928398, 10.465880 ], [ -67.928184, 10.465166 ], [ -67.927940, 10.464550 ], [ -67.927734, 10.464097 ], [ -67.927445, 10.463545 ], [ -67.927353, 10.463336 ], [ -67.927239, 10.463137 ], [ -67.926857, 10.462421 ], [ -67.926735, 10.462176 ], [ -67.926597, 10.461878 ], [ -67.926430, 10.461307 ], [ -67.926338, 10.461072 ], [ -67.925934, 10.460664 ], [ -67.925766, 10.460365 ], [ -67.925598, 10.460165 ], [ -67.925469, 10.459703 ], [ -67.925323, 10.459450 ], [ -67.925178, 10.459087 ], [ -67.925041, 10.458835 ], [ -67.924866, 10.458680 ], [ -67.924446, 10.458498 ], [ -67.924148, 10.458316 ], [ -67.923889, 10.458179 ], [ -67.923638, 10.458115 ], [ -67.923378, 10.458096 ], [ -67.922867, 10.457959 ], [ -67.922661, 10.457868 ], [ -67.922379, 10.457786 ], [ -67.922073, 10.457712 ], [ -67.921822, 10.457675 ], [ -67.921234, 10.457447 ], [ -67.920982, 10.457400 ], [ -67.920754, 10.457409 ], [ -67.920197, 10.457344 ], [ -67.919937, 10.457388 ], [ -67.919701, 10.457369 ], [ -67.919426, 10.457369 ], [ -67.919167, 10.457395 ], [ -67.918915, 10.457403 ], [ -67.918632, 10.457375 ], [ -67.918404, 10.457401 ], [ -67.918175, 10.457500 ], [ -67.918007, 10.457680 ], [ -67.917923, 10.458033 ], [ -67.917786, 10.458855 ], [ -67.917671, 10.459244 ], [ -67.917542, 10.459804 ], [ -67.917480, 10.460030 ], [ -67.917206, 10.460444 ], [ -67.917038, 10.460724 ], [ -67.916946, 10.460995 ], [ -67.916763, 10.461257 ], [ -67.916565, 10.461437 ], [ -67.916046, 10.461670 ], [ -67.915772, 10.461814 ], [ -67.915665, 10.462094 ], [ -67.915634, 10.462320 ], [ -67.915619, 10.462573 ], [ -67.915581, 10.462826 ], [ -67.915344, 10.463060 ], [ -67.915039, 10.463104 ], [ -67.914513, 10.462931 ], [ -67.914276, 10.462885 ], [ -67.914001, 10.462912 ], [ -67.913742, 10.462911 ], [ -67.913460, 10.462864 ], [ -67.913231, 10.462935 ], [ -67.913017, 10.463035 ], [ -67.912788, 10.463242 ], [ -67.912582, 10.463404 ], [ -67.912376, 10.463611 ], [ -67.912193, 10.463819 ], [ -67.911918, 10.464233 ], [ -67.911758, 10.464440 ], [ -67.911492, 10.464883 ], [ -67.911323, 10.465117 ], [ -67.910820, 10.465993 ], [ -67.910599, 10.466426 ], [ -67.910431, 10.466661 ], [ -67.910293, 10.466895 ], [ -67.910111, 10.467121 ], [ -67.909973, 10.467328 ], [ -67.909790, 10.467563 ], [ -67.909630, 10.467815 ], [ -67.909492, 10.468005 ], [ -67.909332, 10.468185 ], [ -67.909195, 10.468374 ], [ -67.908989, 10.468627 ], [ -67.908829, 10.468789 ], [ -67.908486, 10.469177 ], [ -67.908302, 10.469348 ], [ -67.907906, 10.469763 ], [ -67.907722, 10.469925 ], [ -67.907471, 10.470087 ], [ -67.907028, 10.470339 ], [ -67.906616, 10.470672 ], [ -67.906387, 10.470806 ], [ -67.906296, 10.471060 ], [ -67.906281, 10.471294 ], [ -67.906319, 10.471566 ], [ -67.906441, 10.471792 ], [ -67.906509, 10.472046 ], [ -67.906540, 10.472272 ], [ -67.906456, 10.472833 ], [ -67.906174, 10.472786 ], [ -67.905960, 10.472668 ], [ -67.905708, 10.472558 ], [ -67.905449, 10.472630 ], [ -67.905312, 10.472819 ], [ -67.905098, 10.472981 ], [ -67.904846, 10.472980 ], [ -67.904617, 10.472961 ], [ -67.904358, 10.472988 ], [ -67.904129, 10.473168 ], [ -67.904015, 10.473403 ], [ -67.903977, 10.473629 ], [ -67.903839, 10.473882 ], [ -67.903656, 10.474026 ], [ -67.903420, 10.474070 ], [ -67.902908, 10.474122 ], [ -67.902588, 10.474175 ], [ -67.902474, 10.474402 ], [ -67.902504, 10.474835 ], [ -67.902573, 10.475071 ], [ -67.902573, 10.475324 ], [ -67.902481, 10.475576 ], [ -67.902298, 10.475757 ], [ -67.901901, 10.476063 ], [ -67.901031, 10.476621 ], [ -67.900383, 10.476899 ], [ -67.900154, 10.477042 ], [ -67.899918, 10.477024 ], [ -67.899689, 10.476977 ], [ -67.899475, 10.477095 ], [ -67.899246, 10.477346 ], [ -67.899017, 10.477373 ], [ -67.898781, 10.477210 ], [ -67.898667, 10.476965 ], [ -67.898476, 10.476684 ], [ -67.898010, 10.476483 ], [ -67.897842, 10.476302 ], [ -67.897789, 10.476076 ], [ -67.897743, 10.475850 ], [ -67.897789, 10.475596 ], [ -67.897972, 10.475452 ], [ -67.898201, 10.475409 ], [ -67.898415, 10.475265 ], [ -67.898552, 10.475012 ], [ -67.898575, 10.474758 ], [ -67.898453, 10.474486 ], [ -67.898399, 10.474188 ], [ -67.898468, 10.473985 ], [ -67.898582, 10.473727 ], [ -67.898857, 10.473331 ], [ -67.898994, 10.473105 ], [ -67.899140, 10.472916 ], [ -67.899277, 10.472708 ], [ -67.899429, 10.472501 ], [ -67.899567, 10.472248 ], [ -67.899613, 10.471786 ], [ -67.899742, 10.471281 ], [ -67.899864, 10.470956 ], [ -67.899979, 10.470748 ], [ -67.900177, 10.470287 ], [ -67.900246, 10.470035 ], [ -67.900246, 10.469782 ], [ -67.900200, 10.469510 ], [ -67.900024, 10.469283 ], [ -67.899841, 10.469102 ], [ -67.899468, 10.468784 ], [ -67.899140, 10.468368 ], [ -67.898789, 10.467986 ], [ -67.898552, 10.467850 ], [ -67.898323, 10.467758 ], [ -67.897812, 10.467667 ], [ -67.897552, 10.467584 ], [ -67.897018, 10.467492 ], [ -67.896759, 10.467473 ], [ -67.896477, 10.467408 ], [ -67.896202, 10.467389 ], [ -67.895462, 10.467531 ], [ -67.895233, 10.467667 ], [ -67.895073, 10.467855 ], [ -67.894935, 10.468108 ], [ -67.894836, 10.468389 ], [ -67.894638, 10.468867 ], [ -67.894409, 10.469381 ], [ -67.894234, 10.469906 ], [ -67.894211, 10.470159 ], [ -67.894257, 10.470457 ], [ -67.894325, 10.470711 ], [ -67.894432, 10.470937 ], [ -67.894730, 10.471399 ], [ -67.894798, 10.471716 ], [ -67.894806, 10.471942 ], [ -67.894791, 10.472240 ], [ -67.894813, 10.472521 ], [ -67.894905, 10.472729 ], [ -67.895187, 10.472812 ], [ -67.895447, 10.472813 ], [ -67.895676, 10.472768 ], [ -67.896233, 10.473015 ], [ -67.896347, 10.473213 ], [ -67.896660, 10.473648 ], [ -67.896851, 10.473857 ], [ -67.897125, 10.473876 ], [ -67.897362, 10.473968 ], [ -67.897568, 10.474167 ], [ -67.897507, 10.474421 ], [ -67.897324, 10.474609 ], [ -67.897087, 10.474564 ], [ -67.896706, 10.474589 ], [ -67.896484, 10.474525 ], [ -67.896240, 10.474416 ], [ -67.896019, 10.474370 ], [ -67.895760, 10.474396 ], [ -67.895500, 10.474350 ], [ -67.895149, 10.473896 ], [ -67.894920, 10.473850 ], [ -67.894669, 10.473831 ], [ -67.894432, 10.473622 ], [ -67.894234, 10.473469 ], [ -67.894074, 10.473305 ], [ -67.893822, 10.472779 ], [ -67.893700, 10.472481 ], [ -67.893555, 10.472254 ], [ -67.893410, 10.472046 ], [ -67.893295, 10.471847 ], [ -67.892921, 10.471140 ], [ -67.892777, 10.470904 ], [ -67.892449, 10.470406 ], [ -67.892189, 10.470269 ], [ -67.891953, 10.470205 ], [ -67.891769, 10.470412 ], [ -67.891632, 10.470638 ], [ -67.891479, 10.470873 ], [ -67.891312, 10.471035 ], [ -67.891083, 10.471179 ], [ -67.890877, 10.471340 ], [ -67.890694, 10.471502 ], [ -67.890488, 10.471710 ], [ -67.890304, 10.471917 ], [ -67.890137, 10.472079 ], [ -67.889953, 10.472314 ], [ -67.889748, 10.472494 ], [ -67.889214, 10.472664 ], [ -67.889015, 10.472844 ], [ -67.888779, 10.472961 ], [ -67.888550, 10.473105 ], [ -67.888336, 10.473222 ], [ -67.888138, 10.473384 ], [ -67.887711, 10.473690 ], [ -67.887512, 10.473897 ], [ -67.887238, 10.474122 ], [ -67.887070, 10.474284 ], [ -67.886932, 10.474474 ], [ -67.886825, 10.474681 ], [ -67.886688, 10.474889 ], [ -67.886597, 10.475123 ], [ -67.886528, 10.475376 ], [ -67.886482, 10.475648 ], [ -67.886368, 10.476181 ], [ -67.886276, 10.476406 ], [ -67.886230, 10.476660 ], [ -67.886032, 10.476849 ], [ -67.885773, 10.477011 ], [ -67.885567, 10.477100 ], [ -67.885407, 10.477426 ], [ -67.885384, 10.477751 ], [ -67.885483, 10.478249 ], [ -67.885467, 10.478501 ], [ -67.885231, 10.478619 ], [ -67.884765, 10.478536 ], [ -67.884506, 10.478372 ], [ -67.884346, 10.478172 ], [ -67.884270, 10.477937 ], [ -67.884178, 10.477711 ], [ -67.883873, 10.477022 ], [ -67.883713, 10.476841 ], [ -67.883591, 10.476642 ], [ -67.883354, 10.476568 ], [ -67.883118, 10.476432 ], [ -67.882980, 10.476160 ], [ -67.883018, 10.475843 ], [ -67.883110, 10.475383 ], [ -67.883011, 10.475102 ], [ -67.882713, 10.474874 ], [ -67.882500, 10.474738 ], [ -67.882294, 10.474494 ], [ -67.882126, 10.474330 ], [ -67.882011, 10.474131 ], [ -67.881775, 10.474085 ], [ -67.881470, 10.474129 ], [ -67.881218, 10.474155 ], [ -67.880943, 10.474209 ], [ -67.880684, 10.474325 ], [ -67.880478, 10.474442 ], [ -67.880295, 10.474622 ], [ -67.880043, 10.474830 ], [ -67.879761, 10.474883 ], [ -67.879501, 10.474909 ], [ -67.879273, 10.474954 ], [ -67.878792, 10.475079 ], [ -67.878250, 10.475166 ], [ -67.878006, 10.475238 ], [ -67.877770, 10.475337 ], [ -67.876755, 10.475432 ], [ -67.876175, 10.475973 ], [ -67.875710, 10.476297 ], [ -67.875481, 10.476477 ], [ -67.875275, 10.476739 ], [ -67.875137, 10.476946 ], [ -67.874954, 10.477154 ], [ -67.874794, 10.477361 ], [ -67.874611, 10.477541 ], [ -67.874451, 10.477776 ], [ -67.874268, 10.478190 ], [ -67.874222, 10.478444 ], [ -67.874184, 10.478787 ], [ -67.874184, 10.479023 ], [ -67.874161, 10.479276 ], [ -67.874191, 10.479502 ], [ -67.874397, 10.480145 ], [ -67.874496, 10.480489 ], [ -67.874520, 10.480832 ], [ -67.874313, 10.481012 ], [ -67.874016, 10.481066 ], [ -67.873756, 10.481001 ], [ -67.873527, 10.480973 ], [ -67.873268, 10.480982 ], [ -67.872803, 10.481071 ], [ -67.872528, 10.481051 ], [ -67.871811, 10.480949 ], [ -67.871269, 10.480857 ], [ -67.870994, 10.480765 ], [ -67.870743, 10.480656 ], [ -67.870522, 10.480501 ], [ -67.870133, 10.480157 ], [ -67.869964, 10.479975 ], [ -67.869820, 10.479767 ], [ -67.869774, 10.479541 ], [ -67.869797, 10.479287 ], [ -67.869888, 10.479034 ], [ -67.870018, 10.478501 ], [ -67.869896, 10.478302 ], [ -67.869644, 10.478374 ], [ -67.869202, 10.478607 ], [ -67.869041, 10.478398 ], [ -67.869011, 10.478100 ], [ -67.868973, 10.477846 ], [ -67.868851, 10.477593 ], [ -67.868568, 10.477466 ], [ -67.868240, 10.477392 ], [ -67.867920, 10.477372 ], [ -67.867683, 10.477381 ], [ -67.866943, 10.477450 ], [ -67.866669, 10.477549 ], [ -67.866386, 10.477593 ], [ -67.866157, 10.477647 ], [ -67.865646, 10.477790 ], [ -67.865387, 10.477879 ], [ -67.864677, 10.478184 ], [ -67.864418, 10.478328 ], [ -67.864189, 10.478417 ], [ -67.863975, 10.478534 ], [ -67.863747, 10.478723 ], [ -67.863518, 10.478957 ], [ -67.863312, 10.479119 ], [ -67.863106, 10.479255 ], [ -67.862923, 10.479462 ], [ -67.862762, 10.479696 ], [ -67.862648, 10.479904 ], [ -67.862465, 10.480319 ], [ -67.862350, 10.480870 ], [ -67.862290, 10.481123 ], [ -67.862076, 10.481331 ], [ -67.861824, 10.481429 ], [ -67.861549, 10.481519 ], [ -67.861275, 10.481590 ], [ -67.860947, 10.481616 ], [ -67.860687, 10.481569 ], [ -67.859695, 10.481494 ], [ -67.858940, 10.481338 ], [ -67.858414, 10.481390 ], [ -67.858154, 10.481389 ], [ -67.857872, 10.481433 ], [ -67.857506, 10.481624 ], [ -67.857712, 10.481049 ], [ -67.858009, 10.480388 ], [ -67.858299, 10.479866 ], [ -67.858589, 10.479251 ], [ -67.858902, 10.478521 ], [ -67.859199, 10.477953 ], [ -67.859329, 10.477313 ], [ -67.859490, 10.476098 ], [ -67.859550, 10.475456 ], [ -67.859566, 10.474858 ], [ -67.859550, 10.474215 ], [ -67.859612, 10.473596 ], [ -67.859833, 10.473050 ], [ -67.860168, 10.472459 ], [ -67.860504, 10.471983 ], [ -67.861031, 10.471487 ], [ -67.861549, 10.471040 ], [ -67.862114, 10.470728 ], [ -67.862678, 10.470349 ], [ -67.863335, 10.470041 ], [ -67.863945, 10.469847 ], [ -67.864571, 10.469629 ], [ -67.865112, 10.469434 ], [ -67.865677, 10.469215 ], [ -67.866402, 10.468885 ], [ -67.866943, 10.468620 ], [ -67.867531, 10.468288 ], [ -67.867981, 10.467814 ], [ -67.868362, 10.467361 ], [ -67.869103, 10.466435 ], [ -67.870011, 10.465143 ], [ -67.870514, 10.464487 ], [ -67.870872, 10.463966 ], [ -67.871163, 10.463283 ], [ -67.871391, 10.462645 ], [ -67.871544, 10.462027 ], [ -67.871742, 10.461295 ], [ -67.872246, 10.459215 ], [ -67.872353, 10.458666 ], [ -67.872459, 10.458047 ], [ -67.872589, 10.457453 ], [ -67.872696, 10.456788 ], [ -67.872780, 10.456146 ], [ -67.872955, 10.455553 ], [ -67.873032, 10.454956 ], [ -67.873215, 10.454293 ], [ -67.873482, 10.453655 ], [ -67.873818, 10.453111 ], [ -67.874268, 10.452591 ], [ -67.874718, 10.452188 ], [ -67.875847, 10.451704 ], [ -67.876785, 10.451011 ], [ -67.877006, 10.450418 ], [ -67.877068, 10.449845 ], [ -67.877190, 10.448445 ], [ -67.877090, 10.447801 ], [ -67.876961, 10.447200 ], [ -67.876778, 10.445888 ], [ -67.876633, 10.445195 ], [ -67.876480, 10.444640 ], [ -67.876190, 10.443922 ], [ -67.875900, 10.443251 ], [ -67.875633, 10.442716 ], [ -67.875412, 10.442161 ], [ -67.875290, 10.441606 ], [ -67.875183, 10.441030 ], [ -67.875122, 10.440431 ], [ -67.875160, 10.439835 ], [ -67.875633, 10.438419 ], [ -67.875900, 10.437758 ], [ -67.876198, 10.437075 ], [ -67.876442, 10.436437 ], [ -67.876595, 10.435658 ], [ -67.876655, 10.434855 ], [ -67.876747, 10.434008 ], [ -67.876900, 10.433251 ], [ -67.877136, 10.431831 ], [ -67.877205, 10.431075 ], [ -67.877190, 10.430409 ], [ -67.877136, 10.429649 ], [ -67.877106, 10.428913 ], [ -67.877251, 10.427492 ], [ -67.877388, 10.426713 ], [ -67.877426, 10.425841 ], [ -67.877487, 10.425153 ], [ -67.877479, 10.424508 ], [ -67.877594, 10.422122 ], [ -67.877563, 10.421546 ], [ -67.877426, 10.420303 ], [ -67.877251, 10.419748 ], [ -67.876755, 10.417876 ], [ -67.876648, 10.417323 ], [ -67.876244, 10.415752 ], [ -67.876053, 10.414945 ], [ -67.875976, 10.414162 ], [ -67.875923, 10.413333 ], [ -67.875938, 10.412438 ], [ -67.875885, 10.411725 ], [ -67.875854, 10.411057 ], [ -67.875832, 10.409770 ], [ -67.875801, 10.408988 ], [ -67.875778, 10.407724 ], [ -67.875885, 10.407106 ], [ -67.876083, 10.405663 ], [ -67.876198, 10.404378 ], [ -67.876145, 10.403757 ], [ -67.875946, 10.402994 ], [ -67.875824, 10.402164 ], [ -67.875854, 10.400671 ], [ -67.875824, 10.399890 ], [ -67.875824, 10.399040 ], [ -67.875839, 10.398373 ], [ -67.875931, 10.397295 ], [ -67.875961, 10.396652 ], [ -67.875885, 10.395916 ], [ -67.875923, 10.395295 ], [ -67.876030, 10.394608 ], [ -67.876205, 10.393877 ], [ -67.876411, 10.393191 ], [ -67.876717, 10.391819 ], [ -67.877068, 10.390402 ], [ -67.877243, 10.389854 ], [ -67.877396, 10.389214 ], [ -67.877548, 10.388551 ], [ -67.877678, 10.387909 ], [ -67.877838, 10.387062 ], [ -67.877968, 10.386238 ], [ -67.878143, 10.385690 ], [ -67.878349, 10.384797 ], [ -67.878525, 10.384250 ], [ -67.878700, 10.383495 ], [ -67.878899, 10.382856 ], [ -67.879143, 10.382286 ], [ -67.879395, 10.381556 ], [ -67.879578, 10.380274 ], [ -67.879639, 10.379655 ], [ -67.879715, 10.378415 ], [ -67.879768, 10.377842 ], [ -67.879738, 10.377106 ], [ -67.879608, 10.376529 ], [ -67.879181, 10.376060 ], [ -67.878838, 10.375853 ], [ -67.878631, 10.375728 ], [ -67.878121, 10.375487 ], [ -67.877594, 10.375270 ], [ -67.877068, 10.374915 ], [ -67.876488, 10.374720 ], [ -67.875931, 10.374594 ], [ -67.875359, 10.374443 ], [ -67.874710, 10.374225 ], [ -67.874138, 10.374005 ], [ -67.873558, 10.373878 ], [ -67.873001, 10.373638 ], [ -67.872398, 10.373604 ], [ -67.871780, 10.373429 ], [ -67.871155, 10.373164 ], [ -67.870529, 10.373014 ], [ -67.869881, 10.372977 ], [ -67.869209, 10.372781 ], [ -67.868538, 10.372629 ], [ -67.867989, 10.372480 ], [ -67.867439, 10.372193 ], [ -67.866859, 10.371929 ], [ -67.866287, 10.371710 ], [ -67.865730, 10.371378 ], [ -67.865204, 10.371045 ], [ -67.864227, 10.370175 ], [ -67.863770, 10.369822 ], [ -67.863151, 10.369395 ], [ -67.862740, 10.368996 ], [ -67.862236, 10.368595 ], [ -67.861374, 10.367636 ], [ -67.860939, 10.367283 ], [ -67.860458, 10.366951 ], [ -67.860077, 10.366530 ], [ -67.859528, 10.366106 ], [ -67.858978, 10.365772 ], [ -67.858475, 10.365372 ], [ -67.857994, 10.365018 ], [ -67.856987, 10.364216 ], [ -67.856484, 10.363838 ], [ -67.855888, 10.363366 ], [ -67.855248, 10.362917 ], [ -67.854744, 10.362494 ], [ -67.854263, 10.362139 ], [ -67.852737, 10.360821 ], [ -67.852234, 10.360444 ], [ -67.851730, 10.360044 ], [ -67.851273, 10.359712 ], [ -67.850220, 10.359116 ], [ -67.849663, 10.358897 ], [ -67.849114, 10.358657 ], [ -67.848511, 10.358416 ], [ -67.847939, 10.358128 ], [ -67.847298, 10.357770 ], [ -67.846626, 10.357367 ], [ -67.846054, 10.356987 ], [ -67.845444, 10.356515 ], [ -67.844910, 10.356136 ], [ -67.844436, 10.355713 ], [ -67.843002, 10.354306 ], [ -67.842430, 10.353788 ], [ -67.841881, 10.353364 ], [ -67.841423, 10.353033 ], [ -67.840317, 10.352735 ], [ -67.839691, 10.352584 ], [ -67.839020, 10.352387 ], [ -67.838425, 10.352168 ], [ -67.837753, 10.351902 ], [ -67.837112, 10.351521 ], [ -67.836609, 10.351051 ], [ -67.836250, 10.350538 ], [ -67.835915, 10.349957 ], [ -67.835602, 10.349469 ], [ -67.834953, 10.348145 ], [ -67.834732, 10.347498 ], [ -67.834305, 10.345743 ], [ -67.833908, 10.344556 ] ] ] ] } }

]
}
