{
"type": "FeatureCollection",
"features": [
{ "type": "Feature", "properties": { "COD_ESTADO": "09", "ESTADO": "COJEDES" }, "geometry": { "type": "Polygon", "coordinates": [ [ [ -68.199272, 10.064838 ], [ -68.199287, 10.064776 ], [ -68.199493, 10.064640 ], [ -68.199730, 10.064613 ], [ -68.199982, 10.064569 ], [ -68.200119, 10.064362 ], [ -68.200180, 10.063575 ], [ -68.200294, 10.063367 ], [ -68.200501, 10.063223 ], [ -68.200683, 10.063178 ], [ -68.200783, 10.063150 ], [ -68.201012, 10.063196 ], [ -68.201546, 10.063378 ], [ -68.201805, 10.063488 ], [ -68.202011, 10.063398 ], [ -68.202148, 10.063073 ], [ -68.202171, 10.062747 ], [ -68.202141, 10.062494 ], [ -68.202210, 10.062241 ], [ -68.202392, 10.061762 ], [ -68.202499, 10.061410 ], [ -68.202850, 10.060832 ], [ -68.202942, 10.060624 ], [ -68.203094, 10.060371 ], [ -68.203186, 10.060163 ], [ -68.203598, 10.059422 ], [ -68.203873, 10.058962 ], [ -68.204010, 10.058772 ], [ -68.204193, 10.058565 ], [ -68.204445, 10.058448 ], [ -68.204742, 10.058376 ], [ -68.205048, 10.058377 ], [ -68.205444, 10.058414 ], [ -68.205719, 10.058460 ], [ -68.205956, 10.058524 ], [ -68.206184, 10.058552 ], [ -68.206467, 10.058571 ], [ -68.206741, 10.058571 ], [ -68.206978, 10.058544 ], [ -68.207283, 10.058491 ], [ -68.207512, 10.058374 ], [ -68.207672, 10.058193 ], [ -68.207787, 10.057959 ], [ -68.207893, 10.057633 ], [ -68.208031, 10.057425 ], [ -68.208198, 10.057199 ], [ -68.208336, 10.056965 ], [ -68.208519, 10.056776 ], [ -68.208717, 10.056550 ], [ -68.208855, 10.056360 ], [ -68.209046, 10.056180 ], [ -68.209206, 10.055990 ], [ -68.209389, 10.055801 ], [ -68.209572, 10.055638 ], [ -68.209854, 10.055431 ], [ -68.210098, 10.055287 ], [ -68.210335, 10.055224 ], [ -68.210594, 10.055216 ], [ -68.210823, 10.055307 ], [ -68.211449, 10.055580 ], [ -68.211685, 10.055671 ], [ -68.211914, 10.055735 ], [ -68.212151, 10.055736 ], [ -68.212448, 10.055709 ], [ -68.212471, 10.055384 ], [ -68.212341, 10.054831 ], [ -68.212227, 10.053981 ], [ -68.212174, 10.053727 ], [ -68.212105, 10.053474 ], [ -68.212059, 10.053248 ], [ -68.212105, 10.053022 ], [ -68.212212, 10.052787 ], [ -68.212440, 10.052697 ], [ -68.212799, 10.052761 ], [ -68.213074, 10.052825 ], [ -68.213295, 10.052727 ], [ -68.213493, 10.052591 ], [ -68.213646, 10.052401 ], [ -68.213753, 10.052103 ], [ -68.213936, 10.051779 ], [ -68.214104, 10.051553 ], [ -68.214256, 10.051318 ], [ -68.214928, 10.050786 ], [ -68.215256, 10.050714 ], [ -68.215515, 10.050688 ], [ -68.215767, 10.050734 ], [ -68.216095, 10.050816 ], [ -68.216392, 10.050952 ], [ -68.217255, 10.051081 ], [ -68.217461, 10.050737 ], [ -68.217529, 10.050457 ], [ -68.217476, 10.050186 ], [ -68.217354, 10.049906 ], [ -68.217071, 10.049380 ], [ -68.216972, 10.048856 ], [ -68.216904, 10.048557 ], [ -68.216881, 10.048276 ], [ -68.216927, 10.048023 ], [ -68.217064, 10.047752 ], [ -68.217201, 10.047563 ], [ -68.217499, 10.047374 ], [ -68.217819, 10.047329 ], [ -68.218071, 10.047348 ], [ -68.218330, 10.047439 ], [ -68.218803, 10.047756 ], [ -68.218666, 10.048263 ], [ -68.218574, 10.048470 ], [ -68.218483, 10.048705 ], [ -68.218597, 10.048904 ], [ -68.218925, 10.049231 ], [ -68.219162, 10.049204 ], [ -68.219414, 10.048987 ], [ -68.219620, 10.048780 ], [ -68.219833, 10.048600 ], [ -68.220062, 10.048546 ], [ -68.220619, 10.048502 ], [ -68.220901, 10.048584 ], [ -68.221153, 10.048630 ], [ -68.221474, 10.048649 ], [ -68.221756, 10.048622 ], [ -68.222122, 10.048578 ], [ -68.222359, 10.048479 ], [ -68.222618, 10.048299 ], [ -68.222771, 10.048109 ], [ -68.222862, 10.047784 ], [ -68.222954, 10.047558 ], [ -68.222992, 10.047323 ], [ -68.223068, 10.047052 ], [ -68.223015, 10.046817 ], [ -68.222923, 10.046609 ], [ -68.222755, 10.046410 ], [ -68.222641, 10.046174 ], [ -68.222588, 10.045902 ], [ -68.222656, 10.045650 ], [ -68.222771, 10.045369 ], [ -68.222954, 10.045161 ], [ -68.223183, 10.044981 ], [ -68.223434, 10.044855 ], [ -68.223740, 10.044784 ], [ -68.223991, 10.044785 ], [ -68.224533, 10.044894 ], [ -68.224762, 10.044958 ], [ -68.224999, 10.044958 ], [ -68.225227, 10.044769 ], [ -68.225334, 10.044561 ], [ -68.225403, 10.044309 ], [ -68.225357, 10.044037 ], [ -68.225258, 10.043575 ], [ -68.225273, 10.043349 ], [ -68.225365, 10.043141 ], [ -68.225578, 10.043024 ], [ -68.225624, 10.042654 ], [ -68.225639, 10.042374 ], [ -68.225616, 10.041922 ], [ -68.225678, 10.041686 ], [ -68.225838, 10.041451 ], [ -68.226120, 10.041334 ], [ -68.226646, 10.041399 ], [ -68.226883, 10.041418 ], [ -68.227142, 10.041464 ], [ -68.227371, 10.041554 ], [ -68.227608, 10.041736 ], [ -68.227814, 10.041872 ], [ -68.228027, 10.041990 ], [ -68.228638, 10.042118 ], [ -68.228913, 10.042119 ], [ -68.229164, 10.042092 ], [ -68.229408, 10.041559 ], [ -68.229431, 10.041306 ], [ -68.229286, 10.040709 ], [ -68.229004, 10.040184 ], [ -68.228798, 10.039703 ], [ -68.228836, 10.039469 ], [ -68.229363, 10.038683 ], [ -68.229339, 10.038457 ], [ -68.229240, 10.038177 ], [ -68.229164, 10.037923 ], [ -68.229149, 10.037652 ], [ -68.229279, 10.037399 ], [ -68.229530, 10.037327 ], [ -68.229790, 10.037318 ], [ -68.230072, 10.037347 ], [ -68.230347, 10.037230 ], [ -68.230553, 10.037086 ], [ -68.230667, 10.036805 ], [ -68.230736, 10.036552 ], [ -68.230759, 10.036326 ], [ -68.230751, 10.036073 ], [ -68.230820, 10.035838 ], [ -68.231026, 10.035540 ], [ -68.231232, 10.035351 ], [ -68.231392, 10.035170 ], [ -68.231583, 10.035007 ], [ -68.231949, 10.034891 ], [ -68.232178, 10.034864 ], [ -68.232437, 10.034901 ], [ -68.232696, 10.035037 ], [ -68.233459, 10.035491 ], [ -68.233696, 10.035609 ], [ -68.233925, 10.035691 ], [ -68.234177, 10.035628 ], [ -68.234390, 10.035394 ], [ -68.234543, 10.035159 ], [ -68.234772, 10.034862 ], [ -68.234940, 10.034563 ], [ -68.234932, 10.034283 ], [ -68.234886, 10.034029 ], [ -68.234856, 10.033803 ], [ -68.234863, 10.033568 ], [ -68.235000, 10.033360 ], [ -68.235268, 10.033424 ], [ -68.235718, 10.033724 ], [ -68.236137, 10.033951 ], [ -68.236420, 10.034015 ], [ -68.236694, 10.033780 ], [ -68.236801, 10.033572 ], [ -68.236832, 10.033319 ], [ -68.236641, 10.033165 ], [ -68.236404, 10.033030 ], [ -68.235848, 10.032802 ], [ -68.235458, 10.032783 ], [ -68.234734, 10.032863 ], [ -68.234711, 10.032609 ], [ -68.234802, 10.032374 ], [ -68.235031, 10.032166 ], [ -68.235512, 10.031951 ], [ -68.235809, 10.031834 ], [ -68.236099, 10.031762 ], [ -68.236748, 10.031619 ], [ -68.237106, 10.031665 ], [ -68.237381, 10.031250 ], [ -68.237503, 10.030988 ], [ -68.237518, 10.030762 ], [ -68.237267, 10.030553 ], [ -68.237152, 10.030327 ], [ -68.237076, 10.030028 ], [ -68.237099, 10.029775 ], [ -68.237305, 10.029568 ], [ -68.237549, 10.029424 ], [ -68.238090, 10.029425 ], [ -68.238319, 10.029443 ], [ -68.238602, 10.029552 ], [ -68.238831, 10.029625 ], [ -68.239113, 10.029527 ], [ -68.239387, 10.029383 ], [ -68.239616, 10.029247 ], [ -68.239822, 10.029103 ], [ -68.240051, 10.029031 ], [ -68.240311, 10.028987 ], [ -68.240471, 10.029195 ], [ -68.240479, 10.029421 ], [ -68.240570, 10.029719 ], [ -68.240807, 10.029902 ], [ -68.241112, 10.029857 ], [ -68.241341, 10.029640 ], [ -68.241478, 10.029388 ], [ -68.241638, 10.029117 ], [ -68.241890, 10.028810 ], [ -68.242096, 10.028646 ], [ -68.242355, 10.028647 ], [ -68.242630, 10.028739 ], [ -68.242866, 10.028848 ], [ -68.243149, 10.028867 ], [ -68.243378, 10.028822 ], [ -68.243507, 10.028017 ], [ -68.243294, 10.027881 ], [ -68.242966, 10.027762 ], [ -68.242737, 10.027654 ], [ -68.242531, 10.027491 ], [ -68.242615, 10.027120 ], [ -68.242866, 10.026659 ], [ -68.243118, 10.026452 ], [ -68.243324, 10.026361 ], [ -68.243538, 10.026217 ], [ -68.243721, 10.025937 ], [ -68.243767, 10.025712 ], [ -68.243919, 10.025522 ], [ -68.244034, 10.025314 ], [ -68.244080, 10.025061 ], [ -68.243820, 10.024907 ], [ -68.243492, 10.024888 ], [ -68.243172, 10.024915 ], [ -68.242920, 10.024869 ], [ -68.242775, 10.024688 ], [ -68.242729, 10.024434 ], [ -68.242699, 10.024199 ], [ -68.242836, 10.023883 ], [ -68.243065, 10.023621 ], [ -68.243279, 10.023503 ], [ -68.243576, 10.023504 ], [ -68.243896, 10.023388 ], [ -68.244171, 10.023226 ], [ -68.244446, 10.022801 ], [ -68.244888, 10.022549 ], [ -68.245125, 10.022431 ], [ -68.245422, 10.022269 ], [ -68.245552, 10.022062 ], [ -68.245552, 10.021827 ], [ -68.245575, 10.021556 ], [ -68.245621, 10.021230 ], [ -68.245636, 10.020995 ], [ -68.245567, 10.020723 ], [ -68.245491, 10.020497 ], [ -68.245407, 10.020297 ], [ -68.245270, 10.020103 ], [ -68.245407, 10.019547 ], [ -68.245705, 10.018951 ], [ -68.246124, 10.018518 ], [ -68.246590, 10.018148 ], [ -68.247185, 10.017616 ], [ -68.247002, 10.017091 ], [ -68.247185, 10.016450 ], [ -68.247856, 10.015981 ], [ -68.248108, 10.015411 ], [ -68.247482, 10.015184 ], [ -68.247368, 10.014605 ], [ -68.247505, 10.014053 ], [ -68.247757, 10.013484 ], [ -68.247803, 10.012906 ], [ -68.247269, 10.012543 ], [ -68.246735, 10.012270 ], [ -68.246948, 10.011957 ], [ -68.247055, 10.011855 ], [ -68.247307, 10.011828 ], [ -68.247635, 10.011920 ], [ -68.248169, 10.012030 ], [ -68.248405, 10.012066 ], [ -68.248657, 10.012049 ], [ -68.248886, 10.011832 ], [ -68.248978, 10.011606 ], [ -68.249153, 10.011055 ], [ -68.249084, 10.010757 ], [ -68.248947, 10.010566 ], [ -68.248962, 10.010313 ], [ -68.249054, 10.010105 ], [ -68.248940, 10.009906 ], [ -68.248749, 10.009625 ], [ -68.248581, 10.009444 ], [ -68.248375, 10.009262 ], [ -68.247276, 10.008175 ], [ -68.247185, 10.007921 ], [ -68.247040, 10.007713 ], [ -68.246895, 10.007460 ], [ -68.246727, 10.007206 ], [ -68.246376, 10.006753 ], [ -68.246208, 10.006499 ], [ -68.246094, 10.006291 ], [ -68.246018, 10.006046 ], [ -68.245972, 10.005794 ], [ -68.245903, 10.005558 ], [ -68.245918, 10.005332 ], [ -68.245987, 10.005079 ], [ -68.246078, 10.004871 ], [ -68.246193, 10.004663 ], [ -68.246498, 10.004546 ], [ -68.246796, 10.004475 ], [ -68.247024, 10.004448 ], [ -68.247444, 10.004422 ], [ -68.247703, 10.004396 ], [ -68.248184, 10.004388 ], [ -68.248467, 10.004406 ], [ -68.248741, 10.004379 ], [ -68.249024, 10.004308 ], [ -68.249046, 10.004055 ], [ -68.248924, 10.003828 ], [ -68.248733, 10.003620 ], [ -68.248551, 10.003439 ], [ -68.248200, 10.002958 ], [ -68.248054, 10.002777 ], [ -68.247604, 10.002143 ], [ -68.247536, 10.001890 ], [ -68.247505, 10.001637 ], [ -68.247597, 10.001103 ], [ -68.247688, 10.000895 ], [ -68.249016, 10.000093 ], [ -68.249825, 9.997934 ], [ -68.249703, 9.997726 ], [ -68.249573, 9.997454 ], [ -68.249405, 9.997228 ], [ -68.249199, 9.996974 ], [ -68.249008, 9.996765 ], [ -68.248749, 9.996267 ], [ -68.248726, 9.995987 ], [ -68.248680, 9.995716 ], [ -68.248650, 9.995390 ], [ -68.248596, 9.995136 ], [ -68.248505, 9.994521 ], [ -68.248451, 9.994295 ], [ -68.248459, 9.993789 ], [ -68.248428, 9.993535 ], [ -68.248382, 9.993255 ], [ -68.248314, 9.993002 ], [ -68.248260, 9.992730 ], [ -68.248260, 9.992477 ], [ -68.248299, 9.991880 ], [ -68.248116, 9.991446 ], [ -68.247879, 9.991029 ], [ -68.247825, 9.990785 ], [ -68.247872, 9.990278 ], [ -68.247887, 9.989980 ], [ -68.247894, 9.989447 ], [ -68.247925, 9.988940 ], [ -68.247887, 9.988714 ], [ -68.247810, 9.988487 ], [ -68.247673, 9.988253 ], [ -68.247597, 9.988077 ], [ -68.247459, 9.987772 ], [ -68.247383, 9.987519 ], [ -68.247292, 9.987266 ], [ -68.247246, 9.987021 ], [ -68.247177, 9.986786 ], [ -68.247162, 9.985502 ], [ -68.247002, 9.984859 ], [ -68.246925, 9.984633 ], [ -68.246857, 9.984335 ], [ -68.246765, 9.984036 ], [ -68.246544, 9.983511 ], [ -68.246170, 9.983094 ], [ -68.246056, 9.982867 ], [ -68.245964, 9.982407 ], [ -68.245727, 9.981954 ], [ -68.245605, 9.981745 ], [ -68.245415, 9.981537 ], [ -68.245163, 9.981491 ], [ -68.244934, 9.981427 ], [ -68.244697, 9.981319 ], [ -68.244560, 9.981128 ], [ -68.244354, 9.980947 ], [ -68.244141, 9.980810 ], [ -68.243996, 9.980629 ], [ -68.243904, 9.980421 ], [ -68.243790, 9.980194 ], [ -68.243576, 9.980059 ], [ -68.243187, 9.979877 ], [ -68.242935, 9.979786 ], [ -68.242485, 9.979586 ], [ -68.242157, 9.979404 ], [ -68.241905, 9.979222 ], [ -68.241722, 9.979041 ], [ -68.241547, 9.978715 ], [ -68.241455, 9.978489 ], [ -68.241432, 9.978236 ], [ -68.241356, 9.977982 ], [ -68.241310, 9.977756 ], [ -68.241196, 9.977475 ], [ -68.240913, 9.976977 ], [ -68.240631, 9.976542 ], [ -68.240425, 9.976335 ], [ -68.240280, 9.976138 ], [ -68.239944, 9.975633 ], [ -68.239678, 9.975310 ], [ -68.239441, 9.975084 ], [ -68.239021, 9.974712 ], [ -68.238411, 9.973960 ], [ -68.238228, 9.973752 ], [ -68.238037, 9.973553 ], [ -68.237877, 9.973299 ], [ -68.237686, 9.972819 ], [ -68.237595, 9.972566 ], [ -68.237564, 9.972294 ], [ -68.237602, 9.971787 ], [ -68.237648, 9.971535 ], [ -68.237724, 9.971300 ], [ -68.237999, 9.970840 ], [ -68.238152, 9.970632 ], [ -68.238518, 9.970262 ], [ -68.238708, 9.970081 ], [ -68.238892, 9.969865 ], [ -68.239006, 9.969639 ], [ -68.239006, 9.969385 ], [ -68.238724, 9.969204 ], [ -68.238495, 9.969041 ], [ -68.238243, 9.969068 ], [ -68.237953, 9.969230 ], [ -68.237564, 9.969193 ], [ -68.237335, 9.969074 ], [ -68.236725, 9.968801 ], [ -68.236519, 9.968693 ], [ -68.236290, 9.968556 ], [ -68.236030, 9.968438 ], [ -68.235779, 9.968401 ], [ -68.235481, 9.968373 ], [ -68.235176, 9.968400 ], [ -68.234924, 9.968381 ], [ -68.234642, 9.968408 ], [ -68.234322, 9.968525 ], [ -68.234016, 9.968569 ], [ -68.233765, 9.968569 ], [ -68.233459, 9.968432 ], [ -68.233299, 9.968251 ], [ -68.233109, 9.968097 ], [ -68.232941, 9.967934 ], [ -68.232735, 9.967825 ], [ -68.232384, 9.967987 ], [ -68.232155, 9.968103 ], [ -68.231880, 9.968148 ], [ -68.231583, 9.968147 ], [ -68.231300, 9.968129 ], [ -68.230926, 9.968082 ], [ -68.230629, 9.968000 ], [ -68.230369, 9.967864 ], [ -68.230133, 9.967701 ], [ -68.229904, 9.967520 ], [ -68.229515, 9.967338 ], [ -68.229202, 9.967319 ], [ -68.228958, 9.967363 ], [ -68.228767, 9.967508 ], [ -68.228081, 9.967904 ], [ -68.227776, 9.968021 ], [ -68.227478, 9.968111 ], [ -68.226982, 9.968209 ], [ -68.226753, 9.968281 ], [ -68.226486, 9.968416 ], [ -68.226242, 9.968506 ], [ -68.225929, 9.968722 ], [ -68.225472, 9.968956 ], [ -68.225212, 9.969047 ], [ -68.224655, 9.969208 ], [ -68.224419, 9.969261 ], [ -68.224075, 9.969288 ], [ -68.223847, 9.969197 ], [ -68.223564, 9.969015 ], [ -68.223381, 9.968852 ], [ -68.223190, 9.968716 ], [ -68.223023, 9.968553 ], [ -68.222725, 9.968118 ], [ -68.222565, 9.967918 ], [ -68.222351, 9.967755 ], [ -68.222206, 9.967574 ], [ -68.221344, 9.966686 ], [ -68.221085, 9.966504 ], [ -68.220810, 9.966531 ], [ -68.220604, 9.966693 ], [ -68.220444, 9.966874 ], [ -68.220398, 9.967100 ], [ -68.220375, 9.967380 ], [ -68.220383, 9.967932 ], [ -68.220428, 9.968204 ], [ -68.220497, 9.968484 ], [ -68.220734, 9.969127 ], [ -68.220810, 9.969398 ], [ -68.220863, 9.969922 ], [ -68.220856, 9.970519 ], [ -68.220909, 9.970818 ], [ -68.220909, 9.971071 ], [ -68.220848, 9.971352 ], [ -68.220665, 9.971532 ], [ -68.220428, 9.971631 ], [ -68.219871, 9.971584 ], [ -68.219658, 9.971476 ], [ -68.219406, 9.971519 ], [ -68.218918, 9.971663 ], [ -68.218696, 9.971690 ], [ -68.218437, 9.971644 ], [ -68.218231, 9.971526 ], [ -68.218017, 9.971327 ], [ -68.217918, 9.971118 ], [ -68.217804, 9.970910 ], [ -68.217621, 9.970711 ], [ -68.217453, 9.970548 ], [ -68.217201, 9.970339 ], [ -68.217056, 9.970140 ], [ -68.216728, 9.969723 ], [ -68.216240, 9.969197 ], [ -68.215965, 9.969016 ], [ -68.215752, 9.968906 ], [ -68.215218, 9.968706 ], [ -68.214844, 9.968588 ], [ -68.214478, 9.968451 ], [ -68.214195, 9.968388 ], [ -68.213936, 9.968342 ], [ -68.213516, 9.968458 ], [ -68.213226, 9.968602 ], [ -68.212624, 9.968719 ], [ -68.212387, 9.968745 ], [ -68.212273, 9.968473 ], [ -68.212242, 9.968220 ], [ -68.212273, 9.967985 ], [ -68.212257, 9.967714 ], [ -68.212288, 9.967461 ], [ -68.212280, 9.966927 ], [ -68.212372, 9.966403 ], [ -68.212463, 9.966105 ], [ -68.212578, 9.965870 ], [ -68.212639, 9.965598 ], [ -68.212524, 9.964911 ], [ -68.212547, 9.964585 ], [ -68.212639, 9.964305 ], [ -68.212700, 9.964034 ], [ -68.212791, 9.963781 ], [ -68.212929, 9.963573 ], [ -68.213188, 9.963366 ], [ -68.213417, 9.963222 ], [ -68.213951, 9.963015 ], [ -68.214180, 9.962943 ], [ -68.214439, 9.962872 ], [ -68.214660, 9.962845 ], [ -68.214844, 9.962665 ], [ -68.215088, 9.962521 ], [ -68.215286, 9.962250 ], [ -68.215362, 9.962014 ], [ -68.215263, 9.961761 ], [ -68.214981, 9.961624 ], [ -68.214722, 9.961606 ], [ -68.214478, 9.961605 ], [ -68.213890, 9.961942 ], [ -68.213692, 9.962119 ], [ -68.213501, 9.962255 ], [ -68.213196, 9.962235 ], [ -68.212967, 9.962190 ], [ -68.212731, 9.961990 ], [ -68.212524, 9.961691 ], [ -68.212356, 9.961528 ], [ -68.211624, 9.961192 ], [ -68.211388, 9.961191 ], [ -68.211059, 9.961100 ], [ -68.210937, 9.960530 ], [ -68.210731, 9.959914 ], [ -68.210632, 9.959706 ], [ -68.210541, 9.959453 ], [ -68.210213, 9.959000 ], [ -68.210114, 9.958792 ], [ -68.209602, 9.958013 ], [ -68.209488, 9.957759 ], [ -68.209267, 9.957053 ], [ -68.209152, 9.956818 ], [ -68.208984, 9.956429 ], [ -68.208710, 9.955903 ], [ -68.208496, 9.955405 ], [ -68.208382, 9.955170 ], [ -68.208069, 9.954781 ], [ -68.207863, 9.954671 ], [ -68.207588, 9.954671 ], [ -68.207283, 9.954724 ], [ -68.207077, 9.954949 ], [ -68.206963, 9.955157 ], [ -68.206779, 9.955690 ], [ -68.206619, 9.955989 ], [ -68.206253, 9.956404 ], [ -68.206040, 9.956594 ], [ -68.205811, 9.956728 ], [ -68.205627, 9.956873 ], [ -68.205398, 9.956989 ], [ -68.205162, 9.956800 ], [ -68.205070, 9.956528 ], [ -68.205093, 9.956229 ], [ -68.205093, 9.955976 ], [ -68.205040, 9.955750 ], [ -68.205086, 9.955289 ], [ -68.205086, 9.954990 ], [ -68.205063, 9.954692 ], [ -68.204895, 9.954393 ], [ -68.204704, 9.954076 ], [ -68.204613, 9.953795 ], [ -68.204605, 9.953542 ], [ -68.204727, 9.953289 ], [ -68.204971, 9.953010 ], [ -68.205162, 9.952874 ], [ -68.205650, 9.952577 ], [ -68.205894, 9.952460 ], [ -68.206253, 9.952479 ], [ -68.206764, 9.952471 ], [ -68.206993, 9.952399 ], [ -68.207222, 9.952237 ], [ -68.207359, 9.951939 ], [ -68.207374, 9.951686 ], [ -68.207237, 9.951297 ], [ -68.206856, 9.950473 ], [ -68.206787, 9.950201 ], [ -68.206787, 9.949921 ], [ -68.206741, 9.949352 ], [ -68.206711, 9.948754 ], [ -68.206726, 9.947976 ], [ -68.206619, 9.947424 ], [ -68.206329, 9.946863 ], [ -68.205986, 9.946311 ], [ -68.205521, 9.945432 ], [ -68.205132, 9.945006 ], [ -68.204468, 9.944679 ], [ -68.203987, 9.944118 ], [ -68.203613, 9.942959 ], [ -68.203064, 9.942632 ], [ -68.202392, 9.942595 ], [ -68.201675, 9.942746 ], [ -68.200996, 9.942944 ], [ -68.200523, 9.943575 ], [ -68.200028, 9.944189 ], [ -68.199463, 9.944477 ], [ -68.198814, 9.944367 ], [ -68.198334, 9.944014 ], [ -68.197998, 9.943506 ], [ -68.197495, 9.942122 ], [ -68.196938, 9.941857 ], [ -68.196312, 9.942055 ], [ -68.195564, 9.942315 ], [ -68.194351, 9.942774 ], [ -68.193581, 9.942998 ], [ -68.193001, 9.943187 ], [ -68.192573, 9.943547 ], [ -68.192177, 9.943953 ], [ -68.191834, 9.944594 ], [ -68.191322, 9.944973 ], [ -68.190712, 9.945053 ], [ -68.189949, 9.945313 ], [ -68.189385, 9.945674 ], [ -68.188751, 9.946170 ], [ -68.188324, 9.946575 ], [ -68.187782, 9.946981 ], [ -68.187248, 9.947179 ], [ -68.186691, 9.947214 ], [ -68.186066, 9.947131 ], [ -68.185371, 9.947138 ], [ -68.184273, 9.947633 ], [ -68.183693, 9.947731 ], [ -68.183113, 9.947585 ], [ -68.182564, 9.947412 ], [ -68.181992, 9.947040 ], [ -68.181107, 9.945826 ], [ -68.180817, 9.945318 ], [ -68.180710, 9.944739 ], [ -68.180466, 9.944115 ], [ -68.179962, 9.943715 ], [ -68.179199, 9.943523 ], [ -68.178230, 9.943350 ], [ -68.177147, 9.943048 ], [ -68.176598, 9.942839 ], [ -68.175926, 9.942892 ], [ -68.175087, 9.942899 ], [ -68.174187, 9.942770 ], [ -68.173630, 9.942669 ], [ -68.172844, 9.942586 ], [ -68.172089, 9.942412 ], [ -68.171532, 9.942221 ], [ -68.170982, 9.941976 ], [ -68.170433, 9.941693 ], [ -68.169853, 9.941457 ], [ -68.169136, 9.941257 ], [ -68.168610, 9.941092 ], [ -68.168320, 9.940576 ], [ -68.168075, 9.940042 ], [ -68.167992, 9.939426 ], [ -68.168144, 9.938603 ], [ -68.168320, 9.938007 ], [ -68.168747, 9.937439 ], [ -68.169266, 9.937133 ], [ -68.169571, 9.936537 ], [ -68.169495, 9.935940 ], [ -68.169296, 9.935297 ], [ -68.168983, 9.934464 ], [ -68.168839, 9.933840 ], [ -68.168503, 9.933024 ], [ -68.168098, 9.932446 ], [ -68.167969, 9.931875 ], [ -68.167893, 9.931025 ], [ -68.167648, 9.930283 ], [ -68.167198, 9.929703 ], [ -68.166267, 9.928443 ], [ -68.166000, 9.927955 ], [ -68.165482, 9.927257 ], [ -68.165054, 9.926703 ], [ -68.164665, 9.926278 ], [ -68.163757, 9.925344 ], [ -68.163071, 9.924718 ], [ -68.162643, 9.924293 ], [ -68.162048, 9.923920 ], [ -68.161354, 9.923701 ], [ -68.160705, 9.923691 ], [ -68.159592, 9.923507 ], [ -68.158813, 9.923306 ], [ -68.158028, 9.923041 ], [ -68.157265, 9.922940 ], [ -68.156296, 9.922757 ], [ -68.155372, 9.922673 ], [ -68.154465, 9.922571 ], [ -68.153633, 9.922488 ], [ -68.151398, 9.922075 ], [ -68.150726, 9.922002 ], [ -68.150169, 9.921964 ], [ -68.149521, 9.921836 ], [ -68.149071, 9.921723 ], [ -68.148689, 9.921716 ], [ -68.148369, 9.921697 ], [ -68.148132, 9.921705 ], [ -68.147904, 9.921678 ], [ -68.147369, 9.921595 ], [ -68.146835, 9.921503 ], [ -68.146286, 9.921456 ], [ -68.145996, 9.921392 ], [ -68.145699, 9.921283 ], [ -68.145470, 9.921210 ], [ -68.144958, 9.921173 ], [ -68.144562, 9.921036 ], [ -68.144257, 9.920899 ], [ -68.144165, 9.920601 ], [ -68.144066, 9.920393 ], [ -68.143906, 9.920166 ], [ -68.143326, 9.919207 ], [ -68.143181, 9.918998 ], [ -68.142960, 9.918551 ], [ -68.142639, 9.918019 ], [ -68.142418, 9.917513 ], [ -68.142090, 9.916725 ], [ -68.141754, 9.915874 ], [ -68.141442, 9.915159 ], [ -68.141167, 9.913910 ], [ -68.140991, 9.913331 ], [ -68.140724, 9.912598 ], [ -68.140434, 9.911928 ], [ -68.140175, 9.911185 ], [ -68.139816, 9.910325 ], [ -68.139732, 9.909710 ], [ -68.139725, 9.909131 ], [ -68.139626, 9.908263 ], [ -68.139290, 9.906237 ], [ -68.139008, 9.905358 ], [ -68.138359, 9.903873 ], [ -68.137916, 9.902697 ], [ -68.137543, 9.901792 ], [ -68.137276, 9.901058 ], [ -68.137039, 9.900226 ], [ -68.136780, 9.899375 ], [ -68.136627, 9.898823 ], [ -68.136490, 9.897602 ], [ -68.136162, 9.896127 ], [ -68.136139, 9.894888 ], [ -68.136063, 9.894055 ], [ -68.135826, 9.893322 ], [ -68.135628, 9.892652 ], [ -68.135430, 9.891911 ], [ -68.135101, 9.891014 ], [ -68.134857, 9.890435 ], [ -68.134636, 9.889720 ], [ -68.134491, 9.889113 ], [ -68.134224, 9.888380 ], [ -68.133934, 9.887620 ], [ -68.133583, 9.886832 ], [ -68.132912, 9.885393 ], [ -68.132622, 9.884813 ], [ -68.132332, 9.884143 ], [ -68.132248, 9.883887 ], [ -68.132133, 9.883564 ], [ -68.131516, 9.882152 ], [ -68.131272, 9.881482 ], [ -68.130646, 9.880169 ], [ -68.130379, 9.879680 ], [ -68.130112, 9.879127 ], [ -68.129555, 9.877832 ], [ -68.129288, 9.877298 ], [ -68.129089, 9.876746 ], [ -68.128891, 9.876004 ], [ -68.128784, 9.875407 ], [ -68.128586, 9.874827 ], [ -68.128342, 9.874275 ], [ -68.128006, 9.873651 ], [ -68.127739, 9.873071 ], [ -68.127449, 9.872537 ], [ -68.127159, 9.871957 ], [ -68.126778, 9.871287 ], [ -68.126534, 9.870753 ], [ -68.126404, 9.870173 ], [ -68.126320, 9.869604 ], [ -68.126175, 9.869042 ], [ -68.126091, 9.868427 ], [ -68.126106, 9.867785 ], [ -68.126312, 9.866457 ], [ -68.126465, 9.865769 ], [ -68.126450, 9.865525 ], [ -68.126427, 9.865101 ], [ -68.126228, 9.864549 ], [ -68.125847, 9.864086 ], [ -68.125366, 9.863687 ], [ -68.124863, 9.863351 ], [ -68.124153, 9.863087 ], [ -68.123276, 9.862687 ], [ -68.122658, 9.862350 ], [ -68.122177, 9.862047 ], [ -68.121941, 9.861890 ], [ -68.121697, 9.861670 ], [ -68.121513, 9.861479 ], [ -68.121323, 9.861298 ], [ -68.121162, 9.861116 ], [ -68.121086, 9.860846 ], [ -68.121040, 9.860366 ], [ -68.120941, 9.860022 ], [ -68.121033, 9.859670 ], [ -68.121124, 9.859462 ], [ -68.121193, 9.859208 ], [ -68.121330, 9.858955 ], [ -68.121628, 9.858522 ], [ -68.121811, 9.858315 ], [ -68.121994, 9.858126 ], [ -68.122223, 9.857964 ], [ -68.122665, 9.857711 ], [ -68.122948, 9.857504 ], [ -68.123131, 9.857314 ], [ -68.123238, 9.857106 ], [ -68.123375, 9.856899 ], [ -68.123375, 9.856627 ], [ -68.123260, 9.856374 ], [ -68.123123, 9.856166 ], [ -68.122932, 9.855985 ], [ -68.122681, 9.855803 ], [ -68.122467, 9.855595 ], [ -68.122070, 9.855304 ], [ -68.121841, 9.855113 ], [ -68.121635, 9.854932 ], [ -68.121437, 9.854733 ], [ -68.121323, 9.854525 ], [ -68.121231, 9.854298 ], [ -68.121086, 9.854108 ], [ -68.120903, 9.853745 ], [ -68.120644, 9.853401 ], [ -68.119965, 9.851545 ], [ -68.119865, 9.851066 ], [ -68.119820, 9.850740 ], [ -68.119644, 9.850197 ], [ -68.119606, 9.849898 ], [ -68.119530, 9.849600 ], [ -68.119438, 9.849364 ], [ -68.119324, 9.849120 ], [ -68.119224, 9.848703 ], [ -68.119057, 9.848477 ], [ -68.118942, 9.848269 ], [ -68.118614, 9.847807 ], [ -68.118378, 9.847489 ], [ -68.118172, 9.847236 ], [ -68.117729, 9.846873 ], [ -68.117287, 9.846538 ], [ -68.117096, 9.846374 ], [ -68.116882, 9.846166 ], [ -68.116424, 9.845802 ], [ -68.115959, 9.845512 ], [ -68.115677, 9.845285 ], [ -68.115402, 9.845121 ], [ -68.115120, 9.844967 ], [ -68.114822, 9.844831 ], [ -68.114563, 9.844740 ], [ -68.114220, 9.844648 ], [ -68.113938, 9.844557 ], [ -68.113396, 9.844420 ], [ -68.112885, 9.844220 ], [ -68.112663, 9.844156 ], [ -68.112335, 9.844173 ], [ -68.111824, 9.844135 ], [ -68.111549, 9.844089 ], [ -68.111099, 9.843998 ], [ -68.110336, 9.843797 ], [ -68.109993, 9.843733 ], [ -68.108879, 9.843422 ], [ -68.108505, 9.843331 ], [ -68.108246, 9.843286 ], [ -68.106697, 9.843208 ], [ -68.106369, 9.843253 ], [ -68.106117, 9.843298 ], [ -68.105797, 9.843414 ], [ -68.105568, 9.843513 ], [ -68.105240, 9.843603 ], [ -68.104622, 9.843791 ], [ -68.104248, 9.843889 ], [ -68.103973, 9.844006 ], [ -68.103294, 9.844213 ], [ -68.103020, 9.844239 ], [ -68.102768, 9.844238 ], [ -68.102165, 9.844200 ], [ -68.101623, 9.844109 ], [ -68.101265, 9.844071 ], [ -68.100906, 9.843998 ], [ -68.100288, 9.843933 ], [ -68.100052, 9.843897 ], [ -68.099823, 9.843850 ], [ -68.099586, 9.843822 ], [ -68.099327, 9.843804 ], [ -68.099075, 9.843740 ], [ -68.098396, 9.843539 ], [ -68.097778, 9.843329 ], [ -68.097427, 9.843247 ], [ -68.097168, 9.843174 ], [ -68.096611, 9.843137 ], [ -68.096359, 9.843136 ], [ -68.095696, 9.843188 ], [ -68.095093, 9.843186 ], [ -68.094551, 9.843240 ], [ -68.094253, 9.843284 ], [ -68.093979, 9.843338 ], [ -68.093697, 9.843382 ], [ -68.093452, 9.843409 ], [ -68.090530, 9.843907 ], [ -68.090271, 9.843933 ], [ -68.090019, 9.843978 ], [ -68.089462, 9.844103 ], [ -68.089165, 9.844174 ], [ -68.088814, 9.844292 ], [ -68.088470, 9.844380 ], [ -68.088196, 9.844480 ], [ -68.087845, 9.844569 ], [ -68.087562, 9.844667 ], [ -68.087334, 9.844758 ], [ -68.086639, 9.845126 ], [ -68.086227, 9.845361 ], [ -68.085793, 9.845639 ], [ -68.085625, 9.845847 ], [ -68.085426, 9.846009 ], [ -68.085213, 9.846153 ], [ -68.085007, 9.846271 ], [ -68.084793, 9.846360 ], [ -68.084389, 9.846703 ], [ -68.084114, 9.847010 ], [ -68.083855, 9.847190 ], [ -68.083488, 9.847425 ], [ -68.083282, 9.847587 ], [ -68.082916, 9.848002 ], [ -68.082489, 9.848461 ], [ -68.082107, 9.848904 ], [ -68.081802, 9.849391 ], [ -68.081581, 9.849670 ], [ -68.081444, 9.849878 ], [ -68.081261, 9.850040 ], [ -68.080788, 9.850429 ], [ -68.080544, 9.850662 ], [ -68.080170, 9.850987 ], [ -68.079895, 9.851267 ], [ -68.079681, 9.851429 ], [ -68.079201, 9.851727 ], [ -68.079002, 9.851889 ], [ -68.078773, 9.852051 ], [ -68.078262, 9.852329 ], [ -68.077797, 9.852681 ], [ -68.077545, 9.852843 ], [ -68.077293, 9.852978 ], [ -68.077011, 9.853049 ], [ -68.076759, 9.853094 ], [ -68.076462, 9.853192 ], [ -68.075951, 9.853399 ], [ -68.075645, 9.853498 ], [ -68.075424, 9.853588 ], [ -68.074951, 9.853731 ], [ -68.074142, 9.853828 ], [ -68.073570, 9.853836 ], [ -68.073074, 9.853880 ], [ -68.072823, 9.853879 ], [ -68.072548, 9.853860 ], [ -68.072288, 9.853814 ], [ -68.071991, 9.853795 ], [ -68.071693, 9.853749 ], [ -68.071228, 9.853775 ], [ -68.070923, 9.853847 ], [ -68.070625, 9.853900 ], [ -68.070274, 9.853990 ], [ -68.069656, 9.854133 ], [ -68.069191, 9.854231 ], [ -68.068558, 9.854328 ], [ -68.068306, 9.854328 ], [ -68.067383, 9.854398 ], [ -68.067055, 9.854405 ], [ -68.066757, 9.854450 ], [ -68.066269, 9.854503 ], [ -68.065758, 9.854547 ], [ -68.065506, 9.854618 ], [ -68.065246, 9.854663 ], [ -68.063103, 9.855390 ], [ -68.062897, 9.855507 ], [ -68.062591, 9.855722 ], [ -68.062042, 9.856020 ], [ -68.061836, 9.856118 ], [ -68.061348, 9.856398 ], [ -68.061096, 9.856560 ], [ -68.060867, 9.856722 ], [ -68.060448, 9.857046 ], [ -68.060219, 9.857182 ], [ -68.059944, 9.857389 ], [ -68.059761, 9.857596 ], [ -68.059479, 9.857803 ], [ -68.058884, 9.858842 ], [ -68.058746, 9.859031 ], [ -68.058563, 9.859257 ], [ -68.058311, 9.859518 ], [ -68.058151, 9.859726 ], [ -68.057709, 9.860113 ], [ -68.057388, 9.860483 ], [ -68.057045, 9.860926 ], [ -68.056862, 9.861106 ], [ -68.056679, 9.861340 ], [ -68.056511, 9.861503 ], [ -68.056282, 9.861683 ], [ -68.056007, 9.861872 ], [ -68.055801, 9.861989 ], [ -68.055588, 9.862151 ], [ -68.055176, 9.862548 ], [ -68.054993, 9.862710 ], [ -68.054390, 9.863125 ], [ -68.053909, 9.863476 ], [ -68.053604, 9.863656 ], [ -68.053360, 9.863818 ], [ -68.052925, 9.864079 ], [ -68.052712, 9.864169 ], [ -68.052200, 9.864421 ], [ -68.051697, 9.864636 ], [ -68.051353, 9.864753 ], [ -68.050858, 9.864896 ], [ -68.050606, 9.864914 ], [ -68.049774, 9.865065 ], [ -68.049400, 9.864991 ], [ -68.049049, 9.864909 ], [ -68.048424, 9.864790 ], [ -68.048180, 9.864771 ], [ -68.047943, 9.864770 ], [ -68.047295, 9.864733 ], [ -68.047035, 9.864732 ], [ -68.046806, 9.864713 ], [ -68.045921, 9.864792 ], [ -68.045578, 9.864836 ], [ -68.045250, 9.864862 ], [ -68.044861, 9.864906 ], [ -68.044212, 9.864959 ], [ -68.043816, 9.865030 ], [ -68.042870, 9.865290 ], [ -68.042641, 9.865361 ], [ -68.042389, 9.865406 ], [ -68.042084, 9.865504 ], [ -68.041855, 9.865521 ], [ -68.041572, 9.865575 ], [ -68.040764, 9.865582 ], [ -68.040504, 9.865600 ], [ -68.040253, 9.865581 ], [ -68.039932, 9.865589 ], [ -68.039391, 9.865569 ], [ -68.038612, 9.865503 ], [ -68.038101, 9.865412 ], [ -68.037170, 9.865165 ], [ -68.036941, 9.865146 ], [ -68.034805, 9.865113 ], [ -68.034523, 9.865139 ], [ -68.034271, 9.865138 ], [ -68.034042, 9.865120 ], [ -68.033394, 9.865027 ], [ -68.033157, 9.864982 ], [ -68.032883, 9.864944 ], [ -68.032631, 9.864899 ], [ -68.032074, 9.864852 ], [ -68.031517, 9.864904 ], [ -68.031258, 9.864903 ], [ -68.030663, 9.865047 ], [ -68.029785, 9.865307 ], [ -68.029480, 9.865378 ], [ -68.028740, 9.865611 ], [ -68.028320, 9.865727 ], [ -68.027672, 9.865825 ], [ -68.027435, 9.865869 ], [ -68.027145, 9.865941 ], [ -68.026169, 9.866137 ], [ -68.024994, 9.866441 ], [ -68.024689, 9.866558 ], [ -68.024407, 9.866630 ], [ -68.024116, 9.866792 ], [ -68.023514, 9.867070 ], [ -68.023048, 9.867304 ], [ -68.022835, 9.867438 ], [ -68.022514, 9.867673 ], [ -68.022309, 9.867808 ], [ -68.022102, 9.867925 ], [ -68.021851, 9.868114 ], [ -68.021637, 9.868231 ], [ -68.021454, 9.868439 ], [ -68.021225, 9.868619 ], [ -68.020973, 9.868763 ], [ -68.020561, 9.869015 ], [ -68.020348, 9.869177 ], [ -68.020210, 9.869385 ], [ -68.020050, 9.869592 ], [ -68.019867, 9.869754 ], [ -68.019592, 9.870033 ], [ -68.019104, 9.870476 ], [ -68.018715, 9.870917 ], [ -68.018257, 9.871286 ], [ -68.018089, 9.871468 ], [ -68.017700, 9.871792 ], [ -68.017494, 9.871999 ], [ -68.017334, 9.872189 ], [ -68.017151, 9.872351 ], [ -68.016937, 9.872531 ], [ -68.016701, 9.872686 ], [ -68.016319, 9.872900 ], [ -68.016060, 9.873016 ], [ -68.015831, 9.873160 ], [ -68.015381, 9.873512 ], [ -68.014893, 9.873855 ], [ -68.014656, 9.873999 ], [ -68.014443, 9.874088 ], [ -68.014221, 9.874160 ], [ -68.013992, 9.874373 ], [ -68.013764, 9.874529 ], [ -68.013298, 9.874736 ], [ -68.013115, 9.874880 ], [ -68.012947, 9.875060 ], [ -68.012565, 9.875412 ], [ -68.012352, 9.875574 ], [ -68.012070, 9.875709 ], [ -68.011520, 9.875924 ], [ -68.011055, 9.876014 ], [ -68.010818, 9.875922 ], [ -68.010567, 9.875786 ], [ -68.010338, 9.875704 ], [ -68.010056, 9.875676 ], [ -68.009781, 9.875793 ], [ -68.008583, 9.877136 ], [ -68.008354, 9.877461 ], [ -68.007988, 9.877940 ], [ -68.007805, 9.878129 ], [ -68.007347, 9.878544 ], [ -68.007111, 9.878706 ], [ -68.006928, 9.878850 ], [ -68.006699, 9.879103 ], [ -68.006470, 9.879400 ], [ -68.006302, 9.879562 ], [ -68.006195, 9.879770 ], [ -68.006103, 9.879978 ], [ -68.006058, 9.880249 ], [ -68.005989, 9.880484 ], [ -68.005966, 9.880710 ], [ -68.006020, 9.881217 ], [ -68.006012, 9.881516 ], [ -68.005974, 9.882093 ], [ -68.005928, 9.882347 ], [ -68.005836, 9.882572 ], [ -68.005684, 9.882897 ], [ -68.005470, 9.883150 ], [ -68.005310, 9.883403 ], [ -68.004967, 9.883863 ], [ -68.004784, 9.884052 ], [ -68.004593, 9.884188 ], [ -68.004395, 9.884350 ], [ -68.003906, 9.884583 ], [ -68.003670, 9.884655 ], [ -68.003395, 9.884682 ], [ -68.003159, 9.884663 ], [ -68.002861, 9.884544 ], [ -68.002586, 9.884480 ], [ -68.002335, 9.884362 ], [ -68.002144, 9.884180 ], [ -68.002007, 9.883882 ], [ -68.001862, 9.883610 ], [ -68.001770, 9.883356 ], [ -68.001717, 9.883085 ], [ -68.001717, 9.882832 ], [ -68.001732, 9.882551 ], [ -68.001877, 9.881982 ], [ -68.001969, 9.881774 ], [ -68.002060, 9.881449 ], [ -68.002167, 9.881196 ], [ -68.002258, 9.880853 ], [ -68.002304, 9.880618 ], [ -68.002342, 9.880302 ], [ -68.002434, 9.880021 ], [ -68.002464, 9.879750 ], [ -68.002640, 9.878801 ], [ -68.002663, 9.878548 ], [ -68.002663, 9.878295 ], [ -68.002609, 9.877652 ], [ -68.002655, 9.877355 ], [ -68.002716, 9.877129 ], [ -68.002716, 9.876802 ], [ -68.002815, 9.876134 ], [ -68.002853, 9.875565 ], [ -68.002823, 9.875284 ], [ -68.002754, 9.875012 ], [ -68.002708, 9.874786 ], [ -68.002487, 9.874008 ], [ -68.002464, 9.873773 ], [ -68.002319, 9.872994 ], [ -68.002258, 9.872741 ], [ -68.002106, 9.871963 ], [ -68.001969, 9.871438 ], [ -68.001808, 9.871094 ], [ -68.001640, 9.870858 ], [ -68.001472, 9.870316 ], [ -68.001144, 9.869464 ], [ -68.000984, 9.869165 ], [ -68.000817, 9.868938 ], [ -68.000656, 9.868685 ], [ -68.000466, 9.868458 ], [ -68.000297, 9.868232 ], [ -68.000153, 9.867951 ], [ -68.000069, 9.867724 ], [ -68.000015, 9.867127 ], [ -68.000115, 9.865519 ], [ -68.000145, 9.865265 ], [ -68.000183, 9.865039 ], [ -68.000488, 9.864226 ], [ -68.000595, 9.863974 ], [ -68.000732, 9.863748 ], [ -68.001099, 9.863188 ], [ -68.001327, 9.862935 ], [ -68.001556, 9.862665 ], [ -68.001999, 9.862268 ], [ -68.002205, 9.862151 ], [ -68.002419, 9.862017 ], [ -68.002457, 9.861964 ], [ -68.002754, 9.861764 ], [ -68.003365, 9.861477 ], [ -68.003853, 9.861161 ], [ -68.004540, 9.860648 ], [ -68.005074, 9.860333 ], [ -68.006553, 9.859424 ], [ -68.007210, 9.859046 ], [ -68.007934, 9.858578 ], [ -68.008873, 9.857884 ], [ -68.009422, 9.857389 ], [ -68.009895, 9.856866 ], [ -68.010391, 9.856234 ], [ -68.010750, 9.855665 ], [ -68.011337, 9.855143 ], [ -68.011902, 9.854701 ], [ -68.012443, 9.854178 ], [ -68.012848, 9.853637 ], [ -68.013207, 9.853113 ], [ -68.013428, 9.852590 ], [ -68.013443, 9.851785 ], [ -68.012993, 9.850978 ], [ -68.012657, 9.850353 ], [ -68.012207, 9.849701 ], [ -68.011940, 9.849194 ], [ -68.011551, 9.848660 ], [ -68.010887, 9.848250 ], [ -68.010246, 9.847896 ], [ -68.009537, 9.847450 ], [ -68.008118, 9.846460 ], [ -68.007668, 9.845943 ], [ -68.007332, 9.845364 ], [ -68.007240, 9.845132 ], [ -68.007118, 9.844616 ], [ -68.007019, 9.844273 ], [ -68.006828, 9.843720 ], [ -68.006714, 9.843195 ], [ -68.006615, 9.842643 ], [ -68.006584, 9.842273 ], [ -68.006592, 9.841956 ], [ -68.006561, 9.841721 ], [ -68.006493, 9.841467 ], [ -68.006447, 9.841168 ], [ -68.006371, 9.840870 ], [ -68.006348, 9.840508 ], [ -68.006294, 9.840002 ], [ -68.006325, 9.839704 ], [ -68.006317, 9.839468 ], [ -68.006317, 9.838971 ], [ -68.006218, 9.838120 ], [ -68.006119, 9.837840 ], [ -68.005981, 9.837586 ], [ -68.005699, 9.837106 ], [ -68.005539, 9.836906 ], [ -68.005348, 9.836743 ], [ -68.004883, 9.836408 ], [ -68.004715, 9.836217 ], [ -68.004555, 9.835978 ], [ -68.004372, 9.835647 ], [ -68.004227, 9.835465 ], [ -68.004067, 9.835283 ], [ -68.003853, 9.835165 ], [ -68.003525, 9.834803 ], [ -68.003273, 9.834648 ], [ -68.002975, 9.834557 ], [ -68.002579, 9.834465 ], [ -68.002251, 9.834419 ], [ -68.001953, 9.834400 ], [ -68.001694, 9.834399 ], [ -68.001472, 9.834309 ], [ -68.001228, 9.834271 ], [ -68.000977, 9.834244 ], [ -68.000702, 9.834198 ], [ -68.000031, 9.834210 ], [ -67.999527, 9.834317 ], [ -67.999138, 9.834189 ], [ -67.998581, 9.834098 ], [ -67.998321, 9.834006 ], [ -67.998039, 9.833924 ], [ -67.997604, 9.833696 ], [ -67.997307, 9.833560 ], [ -67.996796, 9.833360 ], [ -67.996590, 9.833223 ], [ -67.996376, 9.833115 ], [ -67.996185, 9.832924 ], [ -67.995979, 9.832814 ], [ -67.995796, 9.832661 ], [ -67.995514, 9.832569 ], [ -67.995231, 9.832459 ], [ -67.995003, 9.832387 ], [ -67.994789, 9.832277 ], [ -67.994492, 9.832186 ], [ -67.994240, 9.832122 ], [ -67.993957, 9.832013 ], [ -67.993355, 9.831876 ], [ -67.993050, 9.831857 ], [ -67.992012, 9.831681 ], [ -67.991730, 9.831591 ], [ -67.991341, 9.831552 ], [ -67.991112, 9.831507 ], [ -67.990807, 9.831533 ], [ -67.990463, 9.831605 ], [ -67.990189, 9.831631 ], [ -67.989937, 9.831676 ], [ -67.989677, 9.831765 ], [ -67.989113, 9.831906 ], [ -67.988777, 9.831979 ], [ -67.988487, 9.831987 ], [ -67.988197, 9.832014 ], [ -67.987625, 9.832012 ], [ -67.987282, 9.832038 ], [ -67.986954, 9.832091 ], [ -67.986633, 9.832163 ], [ -67.986404, 9.832279 ], [ -67.985802, 9.832559 ], [ -67.985481, 9.832693 ], [ -67.985138, 9.832818 ], [ -67.984787, 9.832935 ], [ -67.984466, 9.833024 ], [ -67.984138, 9.833141 ], [ -67.983894, 9.833213 ], [ -67.983612, 9.833329 ], [ -67.983360, 9.833401 ], [ -67.983108, 9.833446 ], [ -67.982880, 9.833499 ], [ -67.982643, 9.833526 ], [ -67.982368, 9.833543 ], [ -67.982086, 9.833596 ], [ -67.981842, 9.833622 ], [ -67.981468, 9.833649 ], [ -67.981117, 9.833648 ], [ -67.980545, 9.833610 ], [ -67.980126, 9.833563 ], [ -67.979874, 9.833499 ], [ -67.979332, 9.833317 ], [ -67.978805, 9.833008 ], [ -67.978340, 9.832711 ], [ -67.978149, 9.832571 ], [ -67.977913, 9.832344 ], [ -67.977707, 9.832100 ], [ -67.977539, 9.831846 ], [ -67.977364, 9.831619 ], [ -67.977173, 9.831392 ], [ -67.977005, 9.831229 ], [ -67.976753, 9.831030 ], [ -67.976402, 9.830830 ], [ -67.976143, 9.830667 ], [ -67.975868, 9.830557 ], [ -67.975617, 9.830493 ], [ -67.975357, 9.830492 ], [ -67.974739, 9.830635 ], [ -67.974480, 9.830725 ], [ -67.973923, 9.830894 ], [ -67.973679, 9.831012 ], [ -67.973427, 9.831083 ], [ -67.973198, 9.831127 ], [ -67.972893, 9.831172 ], [ -67.969902, 9.832827 ], [ -67.969628, 9.832871 ], [ -67.969307, 9.832897 ], [ -67.969025, 9.832951 ], [ -67.968704, 9.832994 ], [ -67.968071, 9.833047 ], [ -67.967758, 9.833001 ], [ -67.967155, 9.832846 ], [ -67.966827, 9.832781 ], [ -67.966553, 9.832717 ], [ -67.966271, 9.832671 ], [ -67.965515, 9.832723 ], [ -67.965187, 9.832776 ], [ -67.964836, 9.832848 ], [ -67.964539, 9.832919 ], [ -67.963600, 9.833277 ], [ -67.963203, 9.833366 ], [ -67.961937, 9.833489 ], [ -67.961311, 9.833524 ], [ -67.960732, 9.833631 ], [ -67.959442, 9.833835 ], [ -67.958839, 9.833986 ], [ -67.957657, 9.834055 ], [ -67.956436, 9.834079 ], [ -67.955780, 9.834049 ], [ -67.955131, 9.833993 ], [ -67.954529, 9.833892 ], [ -67.953941, 9.833628 ], [ -67.953476, 9.833292 ], [ -67.952934, 9.832937 ], [ -67.952484, 9.832529 ], [ -67.952080, 9.832103 ], [ -67.951698, 9.831622 ], [ -67.951363, 9.831151 ], [ -67.950935, 9.830697 ], [ -67.950562, 9.830244 ], [ -67.950157, 9.829818 ], [ -67.949638, 9.829364 ], [ -67.948418, 9.828908 ], [ -67.947922, 9.828759 ], [ -67.947258, 9.828640 ], [ -67.946014, 9.828291 ], [ -67.945412, 9.828049 ], [ -67.944916, 9.827667 ], [ -67.944443, 9.827241 ], [ -67.944160, 9.827003 ], [ -67.943977, 9.826787 ], [ -67.943794, 9.826606 ], [ -67.943604, 9.826361 ], [ -67.943466, 9.826135 ], [ -67.943184, 9.825718 ], [ -67.941948, 9.824583 ], [ -67.941711, 9.824492 ], [ -67.941200, 9.824337 ], [ -67.940979, 9.824346 ], [ -67.940697, 9.824317 ], [ -67.940422, 9.824344 ], [ -67.939865, 9.824351 ], [ -67.939636, 9.824377 ], [ -67.939331, 9.824358 ], [ -67.938736, 9.824356 ], [ -67.938431, 9.824365 ], [ -67.938156, 9.824346 ], [ -67.937805, 9.824299 ], [ -67.937553, 9.824299 ], [ -67.937302, 9.824262 ], [ -67.936676, 9.824196 ], [ -67.936401, 9.824177 ], [ -67.935608, 9.824021 ], [ -67.935288, 9.823930 ], [ -67.935036, 9.823838 ], [ -67.934708, 9.823756 ], [ -67.934242, 9.823574 ], [ -67.933937, 9.823437 ], [ -67.933655, 9.823346 ], [ -67.933342, 9.823281 ], [ -67.933052, 9.823262 ], [ -67.932785, 9.823198 ], [ -67.932182, 9.823088 ], [ -67.931946, 9.823114 ], [ -67.931503, 9.823276 ], [ -67.931229, 9.823347 ], [ -67.930748, 9.823400 ], [ -67.930519, 9.823372 ], [ -67.930008, 9.823244 ], [ -67.929772, 9.823197 ], [ -67.929543, 9.823133 ], [ -67.929039, 9.823042 ], [ -67.928802, 9.822943 ], [ -67.928505, 9.822895 ], [ -67.927918, 9.822677 ], [ -67.927292, 9.822457 ], [ -67.926636, 9.822193 ], [ -67.926025, 9.821866 ], [ -67.925575, 9.821485 ], [ -67.925079, 9.821031 ], [ -67.924233, 9.820168 ], [ -67.923760, 9.819770 ], [ -67.923287, 9.819316 ], [ -67.922790, 9.818961 ], [ -67.922295, 9.818625 ], [ -67.921753, 9.818171 ], [ -67.921394, 9.817727 ], [ -67.920853, 9.817273 ], [ -67.920387, 9.816865 ], [ -67.919846, 9.816556 ], [ -67.919304, 9.816274 ], [ -67.918716, 9.815955 ], [ -67.918259, 9.815741 ], [ -67.918159, 9.815691 ], [ -67.917595, 9.815473 ], [ -67.917015, 9.815281 ], [ -67.916427, 9.815107 ], [ -67.915848, 9.814982 ], [ -67.915245, 9.814995 ], [ -67.914551, 9.815143 ], [ -67.913910, 9.815389 ], [ -67.913223, 9.815585 ], [ -67.911354, 9.816221 ], [ -67.910736, 9.816373 ], [ -67.908989, 9.816910 ], [ -67.908707, 9.816963 ], [ -67.908402, 9.816980 ], [ -67.908127, 9.817079 ], [ -67.907875, 9.817214 ], [ -67.907463, 9.817583 ], [ -67.907097, 9.817980 ], [ -67.906899, 9.818142 ], [ -67.906731, 9.818350 ], [ -67.906548, 9.818514 ], [ -67.906212, 9.818927 ], [ -67.906044, 9.819107 ], [ -67.905754, 9.819522 ], [ -67.905586, 9.819801 ], [ -67.905480, 9.820027 ], [ -67.905182, 9.820560 ], [ -67.905045, 9.820786 ], [ -67.904655, 9.821182 ], [ -67.904244, 9.821551 ], [ -67.903984, 9.821759 ], [ -67.903740, 9.821993 ], [ -67.903465, 9.822200 ], [ -67.903298, 9.822363 ], [ -67.903069, 9.822542 ], [ -67.902870, 9.822686 ], [ -67.902656, 9.822822 ], [ -67.902359, 9.822984 ], [ -67.902084, 9.823100 ], [ -67.901764, 9.823262 ], [ -67.901482, 9.823360 ], [ -67.901253, 9.823450 ], [ -67.900993, 9.823566 ], [ -67.900589, 9.823710 ], [ -67.899941, 9.823853 ], [ -67.899727, 9.823942 ], [ -67.899406, 9.824059 ], [ -67.898865, 9.824292 ], [ -67.898376, 9.824526 ], [ -67.898003, 9.824669 ], [ -67.897476, 9.824903 ], [ -67.897179, 9.825019 ], [ -67.896667, 9.825271 ], [ -67.896438, 9.825415 ], [ -67.896210, 9.825577 ], [ -67.895729, 9.825784 ], [ -67.895401, 9.825900 ], [ -67.895172, 9.826016 ], [ -67.894928, 9.826116 ], [ -67.894066, 9.826321 ], [ -67.893585, 9.826373 ], [ -67.893257, 9.826381 ], [ -67.892998, 9.826353 ], [ -67.892357, 9.826242 ], [ -67.892082, 9.826341 ], [ -67.891807, 9.826412 ], [ -67.891434, 9.826529 ], [ -67.891128, 9.826646 ], [ -67.890678, 9.827177 ], [ -67.890518, 9.827448 ], [ -67.890404, 9.827746 ], [ -67.890297, 9.827981 ], [ -67.890175, 9.828280 ], [ -67.890114, 9.828505 ], [ -67.889908, 9.828965 ], [ -67.889816, 9.829218 ], [ -67.888351, 9.830696 ], [ -67.887978, 9.830650 ], [ -67.887291, 9.830503 ], [ -67.887032, 9.830475 ], [ -67.886551, 9.830482 ], [ -67.886246, 9.830463 ], [ -67.885994, 9.830462 ], [ -67.885757, 9.830490 ], [ -67.885422, 9.830605 ], [ -67.885178, 9.830740 ], [ -67.885002, 9.830885 ], [ -67.884773, 9.831110 ], [ -67.884384, 9.831642 ], [ -67.884110, 9.832174 ], [ -67.883835, 9.832635 ], [ -67.883606, 9.832842 ], [ -67.883377, 9.833095 ], [ -67.883087, 9.833302 ], [ -67.882858, 9.833446 ], [ -67.882645, 9.833553 ], [ -67.882072, 9.834022 ], [ -67.881889, 9.834202 ], [ -67.881401, 9.834599 ], [ -67.880974, 9.834968 ], [ -67.880669, 9.835175 ], [ -67.880348, 9.835408 ], [ -67.880096, 9.835570 ], [ -67.879547, 9.835967 ], [ -67.879318, 9.836075 ], [ -67.879021, 9.836264 ], [ -67.878792, 9.836362 ], [ -67.878418, 9.836542 ], [ -67.878143, 9.836640 ], [ -67.877640, 9.836846 ], [ -67.877175, 9.836989 ], [ -67.876824, 9.837152 ], [ -67.876595, 9.837223 ], [ -67.876327, 9.837339 ], [ -67.875771, 9.837545 ], [ -67.875404, 9.837716 ], [ -67.874893, 9.837922 ], [ -67.874016, 9.838155 ], [ -67.873741, 9.838253 ], [ -67.873527, 9.838343 ], [ -67.872986, 9.838513 ], [ -67.872757, 9.838603 ], [ -67.872497, 9.838629 ], [ -67.872124, 9.838610 ], [ -67.871414, 9.838616 ], [ -67.871040, 9.838552 ], [ -67.870788, 9.838486 ], [ -67.870369, 9.838441 ], [ -67.870110, 9.838440 ], [ -67.869369, 9.838374 ], [ -67.869072, 9.838337 ], [ -67.868515, 9.838227 ], [ -67.868286, 9.838173 ], [ -67.868034, 9.838161 ], [ -67.867752, 9.838095 ], [ -67.867401, 9.838024 ], [ -67.866890, 9.837986 ], [ -67.866646, 9.838013 ], [ -67.866394, 9.838057 ], [ -67.866180, 9.838156 ], [ -67.865952, 9.838219 ], [ -67.865677, 9.838362 ], [ -67.864967, 9.838848 ], [ -67.864548, 9.839217 ], [ -67.864136, 9.839632 ], [ -67.863930, 9.839885 ], [ -67.863724, 9.840092 ], [ -67.863495, 9.840299 ], [ -67.863243, 9.840551 ], [ -67.863068, 9.840713 ], [ -67.861916, 9.841577 ], [ -67.861595, 9.841784 ], [ -67.860596, 9.842062 ], [ -67.860321, 9.842114 ], [ -67.860046, 9.842141 ], [ -67.859077, 9.841893 ], [ -67.858864, 9.841784 ], [ -67.858627, 9.841648 ], [ -67.858421, 9.841484 ], [ -67.858162, 9.841303 ], [ -67.857956, 9.841122 ], [ -67.857750, 9.840985 ], [ -67.857445, 9.840739 ], [ -67.857208, 9.840576 ], [ -67.856926, 9.840404 ], [ -67.856377, 9.840085 ], [ -67.855843, 9.839884 ], [ -67.855514, 9.839747 ], [ -67.855217, 9.839611 ], [ -67.854965, 9.839564 ], [ -67.854614, 9.839573 ], [ -67.854317, 9.839599 ], [ -67.854088, 9.839643 ], [ -67.853783, 9.839742 ], [ -67.853546, 9.839759 ], [ -67.853134, 9.839884 ], [ -67.852882, 9.839947 ], [ -67.852577, 9.840000 ], [ -67.851525, 9.839897 ], [ -67.850983, 9.839741 ], [ -67.850525, 9.839622 ], [ -67.850037, 9.839539 ], [ -67.849785, 9.839448 ], [ -67.849320, 9.839265 ], [ -67.848694, 9.839047 ], [ -67.847862, 9.838935 ], [ -67.846977, 9.839013 ], [ -67.846138, 9.838465 ], [ -67.845886, 9.838313 ], [ -67.845612, 9.838203 ], [ -67.845314, 9.838112 ], [ -67.844849, 9.838165 ], [ -67.844589, 9.838182 ], [ -67.844269, 9.838253 ], [ -67.843926, 9.838369 ], [ -67.843666, 9.838513 ], [ -67.843414, 9.838630 ], [ -67.843124, 9.838719 ], [ -67.841385, 9.839193 ], [ -67.841133, 9.839292 ], [ -67.840629, 9.839380 ], [ -67.840347, 9.839406 ], [ -67.839790, 9.838817 ], [ -67.839600, 9.838680 ], [ -67.839027, 9.838615 ], [ -67.838730, 9.838669 ], [ -67.838501, 9.838695 ], [ -67.838219, 9.838766 ], [ -67.837944, 9.838810 ], [ -67.837715, 9.838837 ], [ -67.837410, 9.839017 ], [ -67.837112, 9.839133 ], [ -67.836807, 9.839231 ], [ -67.835976, 9.839464 ], [ -67.835060, 9.839660 ], [ -67.834786, 9.839704 ], [ -67.834038, 9.839547 ], [ -67.833809, 9.839483 ], [ -67.833557, 9.839392 ], [ -67.833298, 9.839276 ], [ -67.832977, 9.839201 ], [ -67.832420, 9.838945 ], [ -67.831795, 9.838726 ], [ -67.831215, 9.838652 ], [ -67.830589, 9.838821 ], [ -67.830040, 9.839090 ], [ -67.829422, 9.839423 ], [ -67.828735, 9.839846 ], [ -67.828232, 9.840134 ], [ -67.827705, 9.840556 ], [ -67.827133, 9.840961 ], [ -67.826614, 9.841367 ], [ -67.826042, 9.841699 ], [ -67.825493, 9.842050 ], [ -67.824867, 9.842391 ], [ -67.824158, 9.842751 ], [ -67.823586, 9.843083 ], [ -67.822991, 9.843415 ], [ -67.822052, 9.843846 ], [ -67.821480, 9.844044 ], [ -67.820763, 9.844358 ], [ -67.820030, 9.844626 ], [ -67.818115, 9.845262 ], [ -67.817543, 9.845504 ], [ -67.816994, 9.845674 ], [ -67.816345, 9.845798 ], [ -67.815742, 9.845931 ], [ -67.814384, 9.846207 ], [ -67.813698, 9.846403 ], [ -67.812546, 9.846815 ], [ -67.811997, 9.847103 ], [ -67.811493, 9.847390 ], [ -67.810944, 9.847750 ], [ -67.810417, 9.848191 ], [ -67.809914, 9.848597 ], [ -67.808914, 9.849353 ], [ -67.808411, 9.849776 ], [ -67.807839, 9.850199 ], [ -67.807320, 9.850631 ], [ -67.806862, 9.850982 ], [ -67.805740, 9.851602 ], [ -67.805160, 9.851771 ], [ -67.804543, 9.851995 ], [ -67.803985, 9.852165 ], [ -67.803444, 9.852453 ], [ -67.803360, 9.852525 ], [ -67.803139, 9.852416 ], [ -67.802643, 9.852079 ], [ -67.802261, 9.851554 ], [ -67.801972, 9.850965 ], [ -67.801727, 9.850412 ], [ -67.801193, 9.849253 ], [ -67.801064, 9.848611 ], [ -67.800911, 9.847922 ], [ -67.800827, 9.847325 ], [ -67.800651, 9.846737 ], [ -67.800552, 9.846095 ], [ -67.800293, 9.844855 ], [ -67.800186, 9.844285 ], [ -67.800079, 9.843642 ], [ -67.799949, 9.843000 ], [ -67.799774, 9.842358 ], [ -67.799553, 9.841715 ], [ -67.799309, 9.841189 ], [ -67.798973, 9.840600 ], [ -67.798615, 9.840101 ], [ -67.798256, 9.839531 ], [ -67.797562, 9.838561 ], [ -67.797165, 9.838107 ], [ -67.796738, 9.837681 ], [ -67.796219, 9.837344 ], [ -67.795700, 9.836963 ], [ -67.795296, 9.836536 ], [ -67.795036, 9.835983 ], [ -67.794952, 9.835414 ], [ -67.794937, 9.834789 ], [ -67.794990, 9.834075 ], [ -67.795006, 9.833506 ], [ -67.795151, 9.832855 ], [ -67.795258, 9.832213 ], [ -67.795578, 9.830957 ], [ -67.795914, 9.830399 ], [ -67.796226, 9.829803 ], [ -67.796669, 9.828683 ], [ -67.797005, 9.828123 ], [ -67.797318, 9.827636 ], [ -67.797989, 9.826662 ], [ -67.798691, 9.825697 ], [ -67.799049, 9.825237 ], [ -67.799362, 9.824740 ], [ -67.799629, 9.824235 ], [ -67.799850, 9.823657 ], [ -67.799934, 9.823079 ], [ -67.799896, 9.822454 ], [ -67.799789, 9.821885 ], [ -67.799637, 9.821287 ], [ -67.799294, 9.820147 ], [ -67.799141, 9.819576 ], [ -67.798943, 9.819006 ], [ -67.798630, 9.818454 ], [ -67.798279, 9.818000 ], [ -67.797424, 9.817101 ], [ -67.797134, 9.816576 ], [ -67.796982, 9.815916 ], [ -67.796944, 9.815265 ], [ -67.796928, 9.814623 ], [ -67.796997, 9.813356 ], [ -67.797005, 9.812787 ], [ -67.797043, 9.812163 ], [ -67.797028, 9.811494 ], [ -67.796990, 9.810925 ], [ -67.796844, 9.810327 ], [ -67.796570, 9.809684 ], [ -67.796234, 9.809167 ], [ -67.795883, 9.808641 ], [ -67.795471, 9.808080 ], [ -67.795136, 9.807571 ], [ -67.794731, 9.807073 ], [ -67.794357, 9.806583 ], [ -67.794090, 9.806058 ], [ -67.793892, 9.805461 ], [ -67.793945, 9.804729 ], [ -67.794044, 9.804050 ], [ -67.794273, 9.802813 ], [ -67.794426, 9.802234 ], [ -67.794571, 9.801349 ], [ -67.794670, 9.800590 ], [ -67.794777, 9.799948 ], [ -67.794876, 9.799233 ], [ -67.795021, 9.798538 ], [ -67.795105, 9.797959 ], [ -67.795227, 9.797336 ], [ -67.795311, 9.796667 ], [ -67.795341, 9.795980 ], [ -67.795349, 9.795402 ], [ -67.795418, 9.794163 ], [ -67.795425, 9.793511 ], [ -67.795464, 9.792843 ], [ -67.795448, 9.792200 ], [ -67.795456, 9.791604 ], [ -67.795540, 9.790935 ], [ -67.795708, 9.789136 ], [ -67.795647, 9.788475 ], [ -67.795563, 9.787878 ], [ -67.795441, 9.787281 ], [ -67.795219, 9.786711 ], [ -67.795044, 9.786159 ], [ -67.794777, 9.785498 ], [ -67.794533, 9.784954 ], [ -67.794220, 9.784429 ], [ -67.793953, 9.783857 ], [ -67.793617, 9.783269 ], [ -67.793282, 9.782788 ], [ -67.792854, 9.782344 ], [ -67.792496, 9.781863 ], [ -67.792076, 9.781455 ], [ -67.791603, 9.781055 ], [ -67.791130, 9.780628 ], [ -67.789650, 9.779484 ], [ -67.788475, 9.778955 ], [ -67.787895, 9.778709 ], [ -67.787422, 9.778373 ], [ -67.787132, 9.777811 ], [ -67.786797, 9.777258 ], [ -67.786507, 9.776597 ], [ -67.786308, 9.776009 ], [ -67.786133, 9.775438 ], [ -67.785843, 9.774931 ], [ -67.785439, 9.774477 ], [ -67.785088, 9.774006 ], [ -67.784729, 9.773480 ], [ -67.784325, 9.773008 ], [ -67.783852, 9.772536 ], [ -67.783379, 9.772128 ], [ -67.783043, 9.771656 ], [ -67.782822, 9.771086 ], [ -67.782600, 9.770416 ], [ -67.782356, 9.769873 ], [ -67.782181, 9.769302 ], [ -67.781967, 9.768750 ], [ -67.781471, 9.768351 ], [ -67.780975, 9.767923 ], [ -67.780548, 9.767515 ], [ -67.780121, 9.767043 ], [ -67.779587, 9.766752 ], [ -67.778954, 9.766650 ], [ -67.778382, 9.766820 ], [ -67.777214, 9.766526 ], [ -67.776016, 9.766685 ], [ -67.775436, 9.766809 ], [ -67.774864, 9.767034 ], [ -67.774307, 9.766878 ], [ -67.773163, 9.766494 ], [ -67.772560, 9.766410 ], [ -67.771950, 9.766372 ], [ -67.770721, 9.766169 ], [ -67.770119, 9.766139 ], [ -67.769539, 9.765938 ], [ -67.768936, 9.765954 ], [ -67.768349, 9.765853 ], [ -67.767792, 9.765634 ], [ -67.767189, 9.765523 ], [ -67.766609, 9.765584 ], [ -67.766029, 9.765528 ], [ -67.765442, 9.765354 ], [ -67.764816, 9.765270 ], [ -67.764191, 9.765267 ], [ -67.763619, 9.765410 ], [ -67.763039, 9.765445 ], [ -67.762413, 9.765578 ], [ -67.761810, 9.765539 ], [ -67.761253, 9.765366 ], [ -67.760719, 9.765101 ], [ -67.760178, 9.764810 ], [ -67.759659, 9.764501 ], [ -67.759392, 9.763975 ], [ -67.759224, 9.763432 ], [ -67.759254, 9.762808 ], [ -67.759354, 9.762185 ], [ -67.759834, 9.761834 ], [ -67.760414, 9.761890 ], [ -67.761001, 9.762019 ], [ -67.761574, 9.761976 ], [ -67.762031, 9.761535 ], [ -67.762413, 9.760930 ], [ -67.762795, 9.760370 ], [ -67.763016, 9.759810 ], [ -67.763252, 9.759143 ], [ -67.763405, 9.758537 ], [ -67.763481, 9.757805 ], [ -67.763588, 9.757227 ], [ -67.763687, 9.756557 ], [ -67.763847, 9.755193 ], [ -67.763901, 9.754597 ], [ -67.763847, 9.753972 ], [ -67.763832, 9.753312 ], [ -67.763748, 9.752733 ], [ -67.763573, 9.752190 ], [ -67.763412, 9.750951 ], [ -67.763893, 9.749722 ], [ -67.764183, 9.749090 ], [ -67.764519, 9.748531 ], [ -67.764923, 9.748062 ], [ -67.765381, 9.747576 ], [ -67.765785, 9.747107 ], [ -67.766029, 9.746547 ], [ -67.766045, 9.745977 ], [ -67.765961, 9.745354 ], [ -67.765762, 9.744810 ], [ -67.765587, 9.744230 ], [ -67.765388, 9.743660 ], [ -67.765060, 9.743189 ], [ -67.764519, 9.742943 ], [ -67.763962, 9.742723 ], [ -67.763626, 9.742208 ], [ -67.763359, 9.741654 ], [ -67.763229, 9.741084 ], [ -67.763313, 9.740506 ], [ -67.763458, 9.739955 ], [ -67.763565, 9.739349 ], [ -67.763527, 9.738752 ], [ -67.763428, 9.738182 ], [ -67.763252, 9.737585 ], [ -67.763054, 9.736969 ], [ -67.762810, 9.736426 ], [ -67.762405, 9.735972 ], [ -67.761894, 9.735708 ], [ -67.761330, 9.735553 ], [ -67.760864, 9.735216 ], [ -67.760437, 9.734817 ], [ -67.760033, 9.734382 ], [ -67.759971, 9.733739 ], [ -67.760078, 9.733097 ], [ -67.760132, 9.732519 ], [ -67.759918, 9.731948 ], [ -67.759560, 9.731450 ], [ -67.759132, 9.730978 ], [ -67.758728, 9.730452 ], [ -67.758301, 9.730025 ], [ -67.757713, 9.729734 ], [ -67.757248, 9.729398 ], [ -67.756706, 9.729115 ], [ -67.756210, 9.728734 ], [ -67.755806, 9.728280 ], [ -67.755524, 9.727845 ], [ -67.754906, 9.727174 ], [ -67.754639, 9.726648 ], [ -67.754440, 9.726078 ], [ -67.754456, 9.725472 ], [ -67.754753, 9.724343 ], [ -67.755188, 9.723902 ], [ -67.755714, 9.723614 ], [ -67.756287, 9.723417 ], [ -67.756935, 9.723266 ], [ -67.757576, 9.723069 ], [ -67.758125, 9.722827 ], [ -67.758682, 9.722612 ], [ -67.759254, 9.722280 ], [ -67.759750, 9.721902 ], [ -67.760231, 9.721360 ], [ -67.760399, 9.720756 ], [ -67.760391, 9.720185 ], [ -67.760216, 9.719588 ], [ -67.760040, 9.718927 ], [ -67.759567, 9.718501 ], [ -67.759254, 9.717993 ], [ -67.758873, 9.717477 ], [ -67.758446, 9.717023 ], [ -67.757995, 9.716524 ], [ -67.757485, 9.716169 ], [ -67.756965, 9.715742 ], [ -67.756492, 9.715406 ], [ -67.755462, 9.714778 ], [ -67.755036, 9.714307 ], [ -67.754745, 9.713808 ], [ -67.754570, 9.713238 ], [ -67.754494, 9.712641 ], [ -67.754456, 9.712017 ], [ -67.754440, 9.711420 ], [ -67.754310, 9.710805 ], [ -67.754051, 9.710252 ], [ -67.753761, 9.709736 ], [ -67.753380, 9.709237 ], [ -67.753044, 9.708711 ], [ -67.752327, 9.707787 ], [ -67.751923, 9.707351 ], [ -67.751457, 9.706996 ], [ -67.751007, 9.706588 ], [ -67.750671, 9.706089 ], [ -67.750404, 9.705519 ], [ -67.750229, 9.704948 ], [ -67.750152, 9.704306 ], [ -67.750160, 9.703727 ], [ -67.750267, 9.703086 ], [ -67.750412, 9.702525 ], [ -67.750801, 9.702065 ], [ -67.751228, 9.701660 ], [ -67.751617, 9.701219 ], [ -67.751953, 9.700731 ], [ -67.752197, 9.700171 ], [ -67.752319, 9.699549 ], [ -67.752357, 9.698952 ], [ -67.752411, 9.698328 ], [ -67.752678, 9.697813 ], [ -67.752854, 9.697263 ], [ -67.753189, 9.696676 ], [ -67.753456, 9.696143 ], [ -67.753632, 9.695592 ], [ -67.753708, 9.695014 ], [ -67.753700, 9.694435 ], [ -67.753639, 9.693865 ], [ -67.753624, 9.693241 ], [ -67.753754, 9.692599 ], [ -67.753975, 9.692013 ], [ -67.754120, 9.691435 ], [ -67.754295, 9.690811 ], [ -67.754379, 9.690233 ], [ -67.754181, 9.689662 ], [ -67.753914, 9.689146 ], [ -67.753578, 9.688665 ], [ -67.753197, 9.688212 ], [ -67.752838, 9.687758 ], [ -67.752556, 9.687261 ], [ -67.752403, 9.686663 ], [ -67.752434, 9.686084 ], [ -67.752724, 9.685507 ], [ -67.753113, 9.685020 ], [ -67.753662, 9.684823 ], [ -67.754204, 9.685114 ], [ -67.754807, 9.685234 ], [ -67.755432, 9.685381 ], [ -67.756035, 9.685193 ], [ -67.756584, 9.684878 ], [ -67.757080, 9.684428 ], [ -67.757538, 9.684032 ], [ -67.757995, 9.683681 ], [ -67.758515, 9.683258 ], [ -67.759880, 9.682033 ], [ -67.760384, 9.681746 ], [ -67.760910, 9.681386 ], [ -67.761414, 9.681107 ], [ -67.761894, 9.680747 ], [ -67.762299, 9.680306 ], [ -67.762634, 9.679764 ], [ -67.763001, 9.679304 ], [ -67.763550, 9.679126 ], [ -67.764084, 9.679344 ], [ -67.764664, 9.679428 ], [ -67.765244, 9.679258 ], [ -67.765694, 9.678807 ], [ -67.766083, 9.678339 ], [ -67.766533, 9.677916 ], [ -67.767349, 9.677005 ], [ -67.767639, 9.676491 ], [ -67.767998, 9.675931 ], [ -67.768478, 9.675463 ], [ -67.768929, 9.674995 ], [ -67.769409, 9.674571 ], [ -67.770004, 9.674375 ], [ -67.770584, 9.674294 ], [ -67.771164, 9.674306 ], [ -67.771736, 9.674227 ], [ -67.773003, 9.673697 ], [ -67.773529, 9.673437 ], [ -67.774704, 9.672954 ], [ -67.775276, 9.672666 ], [ -67.775802, 9.672351 ], [ -67.776299, 9.672000 ], [ -67.777329, 9.671126 ], [ -67.777779, 9.670676 ], [ -67.778213, 9.670208 ], [ -67.778618, 9.669793 ], [ -67.779068, 9.669271 ], [ -67.779457, 9.668783 ], [ -67.779739, 9.668160 ], [ -67.779915, 9.667555 ], [ -67.780182, 9.667023 ], [ -67.780258, 9.666724 ], [ -67.783241, 9.663904 ], [ -67.783455, 9.663326 ], [ -67.783951, 9.662713 ], [ -67.784584, 9.662246 ], [ -67.785057, 9.661768 ], [ -67.785164, 9.661126 ], [ -67.785049, 9.660483 ], [ -67.785271, 9.659861 ], [ -67.785889, 9.659592 ], [ -67.786720, 9.659613 ], [ -67.787415, 9.659715 ], [ -67.788025, 9.659997 ], [ -67.788681, 9.660190 ], [ -67.789375, 9.660101 ], [ -67.789848, 9.659623 ], [ -67.789925, 9.659009 ], [ -67.790512, 9.658550 ], [ -67.791153, 9.658191 ], [ -67.791771, 9.657876 ], [ -67.792603, 9.657671 ], [ -67.793427, 9.657448 ], [ -67.794144, 9.657288 ], [ -67.794792, 9.657271 ], [ -67.795387, 9.657002 ], [ -67.795838, 9.656579 ], [ -67.796410, 9.656292 ], [ -67.797073, 9.655977 ], [ -67.797623, 9.655690 ], [ -67.798271, 9.655620 ], [ -67.798874, 9.655766 ], [ -67.799568, 9.655706 ], [ -67.800163, 9.655301 ], [ -67.800758, 9.654960 ], [ -67.801399, 9.654673 ], [ -67.802040, 9.654493 ], [ -67.802734, 9.654387 ], [ -67.803375, 9.654300 ], [ -67.804001, 9.654166 ], [ -67.804695, 9.654042 ], [ -67.805046, 9.653456 ], [ -67.805122, 9.652760 ], [ -67.804855, 9.652198 ], [ -67.804329, 9.651726 ], [ -67.804108, 9.651137 ], [ -67.804092, 9.650395 ], [ -67.804428, 9.649881 ], [ -67.804993, 9.649431 ], [ -67.805565, 9.649189 ], [ -67.806274, 9.648983 ], [ -67.806991, 9.648805 ], [ -67.807732, 9.648745 ], [ -67.808342, 9.648954 ], [ -67.809013, 9.648984 ], [ -67.809654, 9.648859 ], [ -67.810181, 9.648473 ], [ -67.810417, 9.647849 ], [ -67.810776, 9.647218 ], [ -67.811012, 9.646612 ], [ -67.810928, 9.645952 ], [ -67.810814, 9.645337 ], [ -67.810501, 9.644739 ], [ -67.810119, 9.644222 ], [ -67.810448, 9.643662 ], [ -67.811073, 9.643583 ], [ -67.811775, 9.643794 ], [ -67.812340, 9.644121 ], [ -67.812988, 9.644268 ], [ -67.813538, 9.643953 ], [ -67.813988, 9.643503 ], [ -67.814392, 9.642971 ], [ -67.814797, 9.642267 ], [ -67.814964, 9.641662 ], [ -67.814903, 9.641047 ], [ -67.814560, 9.640430 ], [ -67.814339, 9.639770 ], [ -67.813980, 9.638494 ], [ -67.813705, 9.637922 ], [ -67.813461, 9.637243 ], [ -67.813309, 9.636646 ], [ -67.813149, 9.635941 ], [ -67.813042, 9.635325 ], [ -67.813072, 9.634674 ], [ -67.813568, 9.634323 ], [ -67.814270, 9.634461 ], [ -67.814766, 9.634960 ], [ -67.815193, 9.635405 ], [ -67.815827, 9.635642 ], [ -67.816482, 9.635952 ], [ -67.817108, 9.635863 ], [ -67.817673, 9.635296 ], [ -67.818123, 9.634800 ], [ -67.818626, 9.634421 ], [ -67.819069, 9.633818 ], [ -67.819664, 9.633412 ], [ -67.820313, 9.633577 ], [ -67.821037, 9.633742 ], [ -67.821686, 9.633745 ], [ -67.822380, 9.633729 ], [ -67.823029, 9.633740 ], [ -67.823654, 9.633653 ], [ -67.823845, 9.633056 ], [ -67.824181, 9.632487 ], [ -67.824509, 9.631955 ], [ -67.824798, 9.631369 ], [ -67.824944, 9.630772 ], [ -67.824837, 9.630039 ], [ -67.824814, 9.629352 ], [ -67.825173, 9.628838 ], [ -67.825798, 9.628677 ], [ -67.826424, 9.628778 ], [ -67.827027, 9.628970 ], [ -67.827576, 9.629370 ], [ -67.828179, 9.629544 ], [ -67.828926, 9.629637 ], [ -67.829567, 9.629503 ], [ -67.830017, 9.629062 ], [ -67.830421, 9.628539 ], [ -67.830856, 9.628070 ], [ -67.831474, 9.627936 ], [ -67.832085, 9.628201 ], [ -67.832741, 9.628456 ], [ -67.833328, 9.628720 ], [ -67.833572, 9.629381 ], [ -67.833634, 9.630024 ], [ -67.833931, 9.630594 ], [ -67.834244, 9.631156 ], [ -67.834717, 9.631655 ], [ -67.835442, 9.631702 ], [ -67.835846, 9.631207 ], [ -67.836227, 9.630720 ], [ -67.836578, 9.630115 ], [ -67.836868, 9.629556 ], [ -67.837013, 9.628950 ], [ -67.837341, 9.628300 ], [ -67.837677, 9.627786 ], [ -67.838318, 9.627399 ], [ -67.839058, 9.627357 ], [ -67.839706, 9.627368 ], [ -67.840385, 9.627604 ], [ -67.840881, 9.628077 ], [ -67.841423, 9.628431 ], [ -67.842026, 9.628569 ], [ -67.842659, 9.628607 ], [ -67.843300, 9.628474 ], [ -67.843918, 9.628178 ], [ -67.844467, 9.627845 ], [ -67.845009, 9.627395 ], [ -67.845390, 9.626881 ], [ -67.845909, 9.626357 ], [ -67.846405, 9.625934 ], [ -67.846741, 9.625347 ], [ -67.847031, 9.624769 ], [ -67.847359, 9.624074 ], [ -67.847809, 9.623507 ], [ -67.848373, 9.623011 ], [ -67.848900, 9.622678 ], [ -67.849548, 9.622680 ], [ -67.850197, 9.622709 ], [ -67.850823, 9.622784 ], [ -67.851364, 9.623211 ], [ -67.851997, 9.623493 ], [ -67.852600, 9.623640 ], [ -67.853226, 9.623624 ], [ -67.853767, 9.623933 ], [ -67.854065, 9.624476 ], [ -67.854469, 9.624948 ], [ -67.855087, 9.624868 ], [ -67.855659, 9.624509 ], [ -67.856018, 9.623967 ], [ -67.855995, 9.623235 ], [ -67.856049, 9.622566 ], [ -67.856285, 9.621843 ], [ -67.856857, 9.621628 ], [ -67.857529, 9.621558 ], [ -67.858246, 9.621362 ], [ -67.858910, 9.621156 ], [ -67.859482, 9.620895 ], [ -67.859955, 9.620462 ], [ -67.860550, 9.619994 ], [ -67.861115, 9.619590 ], [ -67.861710, 9.619140 ], [ -67.862160, 9.618707 ], [ -67.862656, 9.618311 ], [ -67.863281, 9.618340 ], [ -67.863716, 9.618830 ], [ -67.864121, 9.619329 ], [ -67.864685, 9.619728 ], [ -67.865204, 9.620128 ], [ -67.865410, 9.620770 ], [ -67.866081, 9.620890 ], [ -67.866760, 9.620982 ], [ -67.867409, 9.621102 ], [ -67.868080, 9.621041 ], [ -67.868461, 9.620527 ], [ -67.868324, 9.619884 ], [ -67.868126, 9.619224 ], [ -67.868317, 9.618628 ], [ -67.868820, 9.618222 ], [ -67.869507, 9.617971 ], [ -67.870094, 9.618280 ], [ -67.870361, 9.618959 ], [ -67.870407, 9.619584 ], [ -67.870674, 9.620154 ], [ -67.871277, 9.620346 ], [ -67.871933, 9.620349 ], [ -67.872528, 9.620170 ], [ -67.872627, 9.619501 ], [ -67.872749, 9.618859 ], [ -67.872826, 9.618208 ], [ -67.872894, 9.617476 ], [ -67.873139, 9.616844 ], [ -67.873779, 9.616556 ], [ -67.874496, 9.616441 ], [ -67.875771, 9.615767 ], [ -67.876434, 9.615543 ], [ -67.877037, 9.615328 ], [ -67.877701, 9.615212 ], [ -67.878349, 9.615151 ], [ -67.878944, 9.614882 ], [ -67.879349, 9.614278 ], [ -67.879890, 9.613873 ], [ -67.880585, 9.613667 ], [ -67.881249, 9.613561 ], [ -67.881928, 9.613708 ], [ -67.882469, 9.614017 ], [ -67.882805, 9.614560 ], [ -67.882828, 9.615338 ], [ -67.882820, 9.616053 ], [ -67.882881, 9.616694 ], [ -67.882973, 9.617427 ], [ -67.883377, 9.617899 ], [ -67.884048, 9.617928 ], [ -67.885322, 9.617896 ], [ -67.885643, 9.618485 ], [ -67.885910, 9.619101 ], [ -67.885948, 9.619725 ], [ -67.885918, 9.620339 ], [ -67.885704, 9.620917 ], [ -67.885742, 9.622319 ], [ -67.886322, 9.622629 ], [ -67.887070, 9.622613 ], [ -67.887894, 9.622426 ], [ -67.888542, 9.622392 ], [ -67.889191, 9.622303 ], [ -67.889755, 9.622640 ], [ -67.890297, 9.623039 ], [ -67.890961, 9.623476 ], [ -67.891548, 9.623812 ], [ -67.892242, 9.623905 ], [ -67.892860, 9.623590 ], [ -67.893448, 9.623167 ], [ -67.894020, 9.622916 ], [ -67.894829, 9.622738 ], [ -67.895477, 9.622631 ], [ -67.896103, 9.622588 ], [ -67.896789, 9.622391 ], [ -67.897385, 9.622167 ], [ -67.898239, 9.621917 ], [ -67.898880, 9.621783 ], [ -67.899689, 9.621722 ], [ -67.900284, 9.621516 ], [ -67.900856, 9.621066 ], [ -67.901329, 9.620625 ], [ -67.901756, 9.620056 ], [ -67.902565, 9.619027 ], [ -67.903366, 9.618776 ], [ -67.904037, 9.618806 ], [ -67.904686, 9.618880 ], [ -67.905441, 9.619271 ], [ -67.906097, 9.619626 ], [ -67.906754, 9.619791 ], [ -67.907425, 9.619802 ], [ -67.908096, 9.619714 ], [ -67.908829, 9.619463 ], [ -67.909538, 9.619285 ], [ -67.910278, 9.619179 ], [ -67.911606, 9.619328 ], [ -67.913048, 9.619522 ], [ -67.913788, 9.619542 ], [ -67.914459, 9.619617 ], [ -67.915031, 9.619211 ], [ -67.915497, 9.618652 ], [ -67.915901, 9.618138 ], [ -67.916260, 9.617534 ], [ -67.916565, 9.616919 ], [ -67.916924, 9.616297 ], [ -67.917259, 9.615782 ], [ -67.917564, 9.615222 ], [ -67.917992, 9.614726 ], [ -67.918632, 9.614457 ], [ -67.919350, 9.614251 ], [ -67.919899, 9.613963 ], [ -67.920418, 9.613604 ], [ -67.921013, 9.613297 ], [ -67.921463, 9.612730 ], [ -67.921913, 9.612233 ], [ -67.922127, 9.611583 ], [ -67.922135, 9.610923 ], [ -67.921837, 9.610262 ], [ -67.921455, 9.609646 ], [ -67.921318, 9.608985 ], [ -67.921440, 9.608316 ], [ -67.921822, 9.607757 ], [ -67.922439, 9.607623 ], [ -67.923096, 9.607770 ], [ -67.923698, 9.607962 ], [ -67.924377, 9.607991 ], [ -67.924820, 9.607377 ], [ -67.924873, 9.606709 ], [ -67.924446, 9.606236 ], [ -67.923897, 9.605837 ], [ -67.923447, 9.605320 ], [ -67.923569, 9.604607 ], [ -67.924164, 9.604201 ], [ -67.924896, 9.604086 ], [ -67.925491, 9.603826 ], [ -67.926041, 9.603438 ], [ -67.926636, 9.603241 ], [ -67.927261, 9.603207 ], [ -67.927940, 9.603372 ], [ -67.928650, 9.603193 ], [ -67.929367, 9.603106 ], [ -67.930061, 9.603107 ], [ -67.930755, 9.602974 ], [ -67.931496, 9.602958 ], [ -67.932175, 9.603331 ], [ -67.932968, 9.603659 ], [ -67.933716, 9.603888 ], [ -67.934326, 9.604061 ], [ -67.935074, 9.604244 ], [ -67.935768, 9.604300 ], [ -67.936416, 9.604239 ], [ -67.936767, 9.603670 ], [ -67.936363, 9.603136 ], [ -67.935860, 9.602410 ], [ -67.935677, 9.601769 ], [ -67.935539, 9.601017 ], [ -67.935204, 9.600473 ], [ -67.934913, 9.599885 ], [ -67.934479, 9.599386 ], [ -67.934189, 9.598770 ], [ -67.934029, 9.598109 ], [ -67.933968, 9.597377 ], [ -67.934136, 9.596771 ], [ -67.934326, 9.596148 ], [ -67.934540, 9.595389 ], [ -67.934662, 9.594648 ], [ -67.934669, 9.593265 ], [ -67.934654, 9.592577 ], [ -67.934494, 9.591799 ], [ -67.934196, 9.591210 ], [ -67.933861, 9.590621 ], [ -67.933250, 9.589507 ], [ -67.933029, 9.588919 ], [ -67.932877, 9.588322 ], [ -67.932693, 9.587706 ], [ -67.932335, 9.587189 ], [ -67.931702, 9.586103 ], [ -67.931686, 9.585298 ], [ -67.932014, 9.584665 ], [ -67.932495, 9.584260 ], [ -67.932960, 9.583673 ], [ -67.933579, 9.582283 ], [ -67.933670, 9.581614 ], [ -67.933655, 9.580972 ], [ -67.933502, 9.580302 ], [ -67.933228, 9.579740 ], [ -67.932846, 9.579079 ], [ -67.932434, 9.578517 ], [ -67.931793, 9.577982 ], [ -67.931183, 9.577563 ], [ -67.930641, 9.577092 ], [ -67.930168, 9.576665 ], [ -67.929596, 9.576247 ], [ -67.929070, 9.575658 ], [ -67.928528, 9.575213 ], [ -67.927940, 9.574994 ], [ -67.927353, 9.574576 ], [ -67.927109, 9.573934 ], [ -67.926865, 9.572568 ], [ -67.926636, 9.571816 ], [ -67.926361, 9.571200 ], [ -67.926048, 9.570657 ], [ -67.925896, 9.570014 ], [ -67.925690, 9.569426 ], [ -67.925423, 9.568738 ], [ -67.925217, 9.568077 ], [ -67.925125, 9.567363 ], [ -67.925064, 9.566657 ], [ -67.925072, 9.565915 ], [ -67.925545, 9.565429 ], [ -67.926064, 9.564996 ], [ -67.926613, 9.564681 ], [ -67.927231, 9.564439 ], [ -67.927826, 9.564169 ], [ -67.928421, 9.563927 ], [ -67.929070, 9.563793 ], [ -67.929741, 9.564004 ], [ -67.930329, 9.564340 ], [ -67.930939, 9.564531 ], [ -67.931671, 9.564280 ], [ -67.932266, 9.564102 ], [ -67.932861, 9.563787 ], [ -67.933434, 9.563544 ], [ -67.934059, 9.563366 ], [ -67.934753, 9.563440 ], [ -67.935661, 9.563560 ], [ -67.936356, 9.563635 ], [ -67.937080, 9.563846 ], [ -67.937653, 9.563602 ], [ -67.938034, 9.563107 ], [ -67.938088, 9.562437 ], [ -67.937859, 9.561686 ], [ -67.937515, 9.560917 ], [ -67.937080, 9.560327 ], [ -67.936585, 9.559883 ], [ -67.935997, 9.559619 ], [ -67.935234, 9.559634 ], [ -67.933914, 9.559721 ], [ -67.933487, 9.559195 ], [ -67.933052, 9.558633 ], [ -67.932808, 9.558063 ], [ -67.932907, 9.557447 ], [ -67.933472, 9.556971 ], [ -67.934052, 9.556728 ], [ -67.935318, 9.556650 ], [ -67.936035, 9.556581 ], [ -67.936752, 9.556447 ], [ -67.937439, 9.556160 ], [ -67.938675, 9.555531 ], [ -67.939339, 9.555397 ], [ -67.940041, 9.555490 ], [ -67.940712, 9.555591 ], [ -67.941422, 9.555412 ], [ -67.942017, 9.555007 ], [ -67.943398, 9.554605 ], [ -67.943970, 9.554379 ], [ -67.944657, 9.554138 ], [ -67.945305, 9.554049 ], [ -67.945869, 9.553644 ], [ -67.946373, 9.553239 ], [ -67.947105, 9.552970 ], [ -67.947884, 9.552764 ], [ -67.948524, 9.552522 ], [ -67.949196, 9.552433 ], [ -67.949867, 9.552463 ], [ -67.950500, 9.552672 ], [ -67.951103, 9.552801 ], [ -67.951736, 9.552875 ], [ -67.952431, 9.552877 ], [ -67.953095, 9.552726 ], [ -67.953621, 9.552392 ], [ -67.953743, 9.551786 ], [ -67.953728, 9.551163 ], [ -67.954437, 9.550785 ], [ -67.955009, 9.550515 ], [ -67.955574, 9.550200 ], [ -67.956291, 9.549905 ], [ -67.956978, 9.549562 ], [ -67.957657, 9.549158 ], [ -67.958298, 9.548843 ], [ -67.958961, 9.548484 ], [ -67.960075, 9.547764 ], [ -67.960914, 9.547142 ], [ -67.961769, 9.546828 ], [ -67.962379, 9.546532 ], [ -67.963539, 9.545649 ], [ -67.964226, 9.545271 ], [ -67.965004, 9.544992 ], [ -67.965652, 9.544905 ], [ -67.966393, 9.544870 ], [ -67.967018, 9.544872 ], [ -67.967667, 9.544947 ], [ -67.968292, 9.544867 ], [ -67.968941, 9.544914 ], [ -67.969528, 9.545133 ], [ -67.970223, 9.545135 ], [ -67.970695, 9.544639 ], [ -67.970421, 9.543960 ], [ -67.970055, 9.543253 ], [ -67.969650, 9.542665 ], [ -67.969376, 9.542030 ], [ -67.969750, 9.541399 ], [ -67.970703, 9.540434 ], [ -67.971077, 9.539892 ], [ -67.971130, 9.539178 ], [ -67.970772, 9.538616 ], [ -67.970383, 9.538073 ], [ -67.969841, 9.537746 ], [ -67.969261, 9.537509 ], [ -67.968674, 9.537199 ], [ -67.968010, 9.536755 ], [ -67.967483, 9.536174 ], [ -67.967010, 9.535766 ], [ -67.966881, 9.535105 ], [ -67.966980, 9.534481 ], [ -67.967010, 9.533794 ], [ -67.966942, 9.533170 ], [ -67.966583, 9.532654 ], [ -67.965973, 9.532326 ], [ -67.965279, 9.532225 ], [ -67.964653, 9.532268 ], [ -67.963959, 9.532401 ], [ -67.963364, 9.532617 ], [ -67.962814, 9.532977 ], [ -67.962250, 9.533264 ], [ -67.961632, 9.533769 ], [ -67.961067, 9.534147 ], [ -67.960373, 9.534353 ], [ -67.960060, 9.533719 ], [ -67.959923, 9.533094 ], [ -67.959587, 9.532579 ], [ -67.958961, 9.532522 ], [ -67.958206, 9.532755 ], [ -67.957634, 9.533106 ], [ -67.956756, 9.534071 ], [ -67.956306, 9.534549 ], [ -67.955757, 9.534077 ], [ -67.955719, 9.533462 ], [ -67.955498, 9.532891 ], [ -67.955505, 9.532195 ], [ -67.955345, 9.531517 ], [ -67.955101, 9.530901 ], [ -67.955246, 9.530277 ], [ -67.955765, 9.529917 ], [ -67.956459, 9.529783 ], [ -67.957138, 9.529930 ], [ -67.957855, 9.530050 ], [ -67.958069, 9.529418 ], [ -67.957687, 9.528901 ], [ -67.957191, 9.527670 ], [ -67.956993, 9.527054 ], [ -67.956925, 9.526348 ], [ -67.956818, 9.525679 ], [ -67.956848, 9.524964 ], [ -67.956917, 9.524278 ], [ -67.957176, 9.523582 ], [ -67.957680, 9.523176 ], [ -67.958313, 9.522835 ], [ -67.958862, 9.522411 ], [ -67.959167, 9.521734 ], [ -67.959267, 9.521020 ], [ -67.959343, 9.520396 ], [ -67.959557, 9.519701 ], [ -67.959770, 9.519050 ], [ -67.960053, 9.518382 ], [ -67.960060, 9.517713 ], [ -67.959564, 9.517331 ], [ -67.958954, 9.517185 ], [ -67.958077, 9.517282 ], [ -67.957435, 9.517479 ], [ -67.956749, 9.517639 ], [ -67.956001, 9.517538 ], [ -67.955399, 9.517373 ], [ -67.954849, 9.516947 ], [ -67.954491, 9.516430 ], [ -67.954292, 9.515814 ], [ -67.954277, 9.515172 ], [ -67.954346, 9.514476 ], [ -67.953941, 9.513842 ], [ -67.953293, 9.513930 ], [ -67.952766, 9.514336 ], [ -67.952660, 9.513721 ], [ -67.952804, 9.513042 ], [ -67.952973, 9.512356 ], [ -67.953117, 9.511660 ], [ -67.953377, 9.510982 ], [ -67.953224, 9.510394 ], [ -67.952591, 9.510176 ], [ -67.952324, 9.509541 ], [ -67.952278, 9.508872 ], [ -67.952217, 9.508184 ], [ -67.952087, 9.506855 ], [ -67.952003, 9.506103 ], [ -67.952125, 9.505426 ], [ -67.952271, 9.504803 ], [ -67.952294, 9.504115 ], [ -67.952164, 9.503473 ], [ -67.951988, 9.502143 ], [ -67.951721, 9.501581 ], [ -67.951027, 9.501525 ], [ -67.950440, 9.501333 ], [ -67.950165, 9.500654 ], [ -67.950218, 9.499895 ], [ -67.949837, 9.499324 ], [ -67.949219, 9.498997 ], [ -67.948616, 9.498832 ], [ -67.948120, 9.498379 ], [ -67.948219, 9.497737 ], [ -67.947701, 9.497400 ], [ -67.946571, 9.496700 ], [ -67.945961, 9.496482 ], [ -67.945351, 9.496218 ], [ -67.944725, 9.496261 ], [ -67.944702, 9.496903 ], [ -67.945107, 9.497447 ], [ -67.944488, 9.497581 ], [ -67.943718, 9.497416 ], [ -67.943107, 9.497224 ], [ -67.942482, 9.497168 ], [ -67.941651, 9.497165 ], [ -67.940994, 9.496973 ], [ -67.940361, 9.496691 ], [ -67.940048, 9.496129 ], [ -67.939873, 9.495532 ], [ -67.940041, 9.494908 ], [ -67.940117, 9.494212 ], [ -67.939888, 9.493651 ], [ -67.939461, 9.493125 ], [ -67.938988, 9.492708 ], [ -67.938538, 9.492281 ], [ -67.937904, 9.492000 ], [ -67.936653, 9.491227 ], [ -67.936050, 9.490990 ], [ -67.935532, 9.490608 ], [ -67.934883, 9.490697 ], [ -67.934387, 9.491094 ], [ -67.933815, 9.491480 ], [ -67.933166, 9.491496 ], [ -67.932732, 9.490862 ], [ -67.932396, 9.490273 ], [ -67.932495, 9.489559 ], [ -67.932869, 9.489018 ], [ -67.932877, 9.488376 ], [ -67.932335, 9.488003 ], [ -67.931709, 9.487992 ], [ -67.931091, 9.488279 ], [ -67.930412, 9.487934 ], [ -67.929756, 9.487742 ], [ -67.929138, 9.487876 ], [ -67.928436, 9.487711 ], [ -67.927879, 9.487447 ], [ -67.926903, 9.486594 ], [ -67.926361, 9.486221 ], [ -67.925774, 9.485731 ], [ -67.925339, 9.485232 ], [ -67.925049, 9.484689 ], [ -67.924728, 9.484028 ], [ -67.924621, 9.483386 ], [ -67.924675, 9.482771 ], [ -67.924637, 9.482129 ], [ -67.924499, 9.481459 ], [ -67.924507, 9.480845 ], [ -67.924652, 9.480239 ], [ -67.924942, 9.479544 ], [ -67.925720, 9.478416 ], [ -67.926033, 9.477856 ], [ -67.926216, 9.477141 ], [ -67.926224, 9.476518 ], [ -67.926025, 9.475903 ], [ -67.926002, 9.475197 ], [ -67.925850, 9.474509 ], [ -67.925644, 9.473776 ], [ -67.925102, 9.473449 ], [ -67.924439, 9.473691 ], [ -67.923721, 9.473806 ], [ -67.923004, 9.473777 ], [ -67.922485, 9.473422 ], [ -67.921738, 9.472290 ], [ -67.921493, 9.471702 ], [ -67.921799, 9.471087 ], [ -67.922439, 9.470728 ], [ -67.923088, 9.470575 ], [ -67.923706, 9.470261 ], [ -67.924194, 9.469720 ], [ -67.924484, 9.469088 ], [ -67.924538, 9.468446 ], [ -67.924355, 9.467831 ], [ -67.924088, 9.467196 ], [ -67.923561, 9.466724 ], [ -67.922951, 9.466352 ], [ -67.922409, 9.466042 ], [ -67.921829, 9.465689 ], [ -67.921303, 9.465307 ], [ -67.921013, 9.464764 ], [ -67.921249, 9.464158 ], [ -67.921875, 9.464142 ], [ -67.922562, 9.463873 ], [ -67.922989, 9.463404 ], [ -67.923325, 9.462845 ], [ -67.923469, 9.462175 ], [ -67.923546, 9.461507 ], [ -67.922890, 9.461360 ], [ -67.922295, 9.461584 ], [ -67.921700, 9.461854 ], [ -67.921318, 9.461192 ], [ -67.921112, 9.460577 ], [ -67.920685, 9.460105 ], [ -67.920120, 9.459705 ], [ -67.919441, 9.459360 ], [ -67.918922, 9.459023 ], [ -67.918495, 9.458579 ], [ -67.918312, 9.457865 ], [ -67.919044, 9.457667 ], [ -67.919563, 9.458067 ], [ -67.920174, 9.458259 ], [ -67.922104, 9.458599 ], [ -67.922752, 9.458673 ], [ -67.923378, 9.458639 ], [ -67.923760, 9.458026 ], [ -67.923645, 9.457411 ], [ -67.923378, 9.456840 ], [ -67.923225, 9.456180 ], [ -67.923065, 9.455582 ], [ -67.922867, 9.454921 ], [ -67.922730, 9.454215 ], [ -67.922806, 9.453547 ], [ -67.922974, 9.452878 ], [ -67.923309, 9.452272 ], [ -67.923546, 9.451595 ], [ -67.923500, 9.450953 ], [ -67.923096, 9.450481 ], [ -67.922714, 9.449865 ], [ -67.922104, 9.449565 ], [ -67.921493, 9.449301 ], [ -67.921059, 9.448622 ], [ -67.920677, 9.448078 ], [ -67.920242, 9.447588 ], [ -67.919884, 9.447072 ], [ -67.919945, 9.445751 ], [ -67.919853, 9.445019 ], [ -67.919724, 9.444340 ], [ -67.919044, 9.444283 ], [ -67.918305, 9.444300 ], [ -67.917641, 9.444369 ], [ -67.917343, 9.443754 ], [ -67.917419, 9.443085 ], [ -67.917236, 9.442424 ], [ -67.917267, 9.441773 ], [ -67.917694, 9.441259 ], [ -67.917984, 9.440654 ], [ -67.918053, 9.439868 ], [ -67.918427, 9.439127 ], [ -67.918709, 9.438477 ], [ -67.918999, 9.437872 ], [ -67.918930, 9.437158 ], [ -67.918892, 9.436398 ], [ -67.918823, 9.435665 ], [ -67.918716, 9.435004 ], [ -67.918770, 9.434336 ], [ -67.918770, 9.433602 ], [ -67.918755, 9.432861 ], [ -67.918503, 9.432245 ], [ -67.918442, 9.431468 ], [ -67.918510, 9.430826 ], [ -67.918175, 9.430164 ], [ -67.917923, 9.429576 ], [ -67.917519, 9.429105 ], [ -67.917114, 9.428515 ], [ -67.916656, 9.427926 ], [ -67.916336, 9.427292 ], [ -67.916435, 9.426578 ], [ -67.917091, 9.426743 ], [ -67.917763, 9.426863 ], [ -67.917999, 9.426212 ], [ -67.918243, 9.425589 ], [ -67.918503, 9.425029 ], [ -67.918487, 9.424387 ], [ -67.918335, 9.423772 ], [ -67.918243, 9.423102 ], [ -67.917572, 9.423055 ], [ -67.916916, 9.422890 ], [ -67.916603, 9.422319 ], [ -67.916634, 9.421696 ], [ -67.916824, 9.421117 ], [ -67.916283, 9.420699 ], [ -67.915718, 9.420300 ], [ -67.915954, 9.419713 ], [ -67.916481, 9.419308 ], [ -67.916672, 9.418711 ], [ -67.916588, 9.418069 ], [ -67.915916, 9.417994 ], [ -67.915375, 9.417686 ], [ -67.915009, 9.417069 ], [ -67.914604, 9.416579 ], [ -67.914154, 9.416126 ], [ -67.913590, 9.415771 ], [ -67.912979, 9.415652 ], [ -67.912376, 9.415461 ], [ -67.912659, 9.414883 ], [ -67.912666, 9.414231 ], [ -67.913048, 9.413699 ], [ -67.913643, 9.413520 ], [ -67.914314, 9.413368 ], [ -67.914620, 9.412827 ], [ -67.914284, 9.412238 ], [ -67.914063, 9.411668 ], [ -67.913452, 9.411476 ], [ -67.912842, 9.411239 ], [ -67.912277, 9.410912 ], [ -67.911918, 9.410368 ], [ -67.912514, 9.409981 ], [ -67.913055, 9.409602 ], [ -67.913017, 9.408987 ], [ -67.912842, 9.408390 ], [ -67.912849, 9.407748 ], [ -67.913132, 9.407071 ], [ -67.913490, 9.406556 ], [ -67.913910, 9.406015 ], [ -67.914032, 9.405374 ], [ -67.913513, 9.404920 ], [ -67.913292, 9.404358 ], [ -67.913322, 9.403662 ], [ -67.913818, 9.403284 ], [ -67.914444, 9.403403 ], [ -67.915047, 9.403234 ], [ -67.915634, 9.402828 ], [ -67.916206, 9.402486 ], [ -67.916725, 9.402062 ], [ -67.917275, 9.401775 ], [ -67.917892, 9.401551 ], [ -67.918587, 9.401345 ], [ -67.919129, 9.400985 ], [ -67.919159, 9.400370 ], [ -67.918663, 9.399989 ], [ -67.918365, 9.399282 ], [ -67.918190, 9.398685 ], [ -67.917831, 9.398124 ], [ -67.918068, 9.397455 ], [ -67.918663, 9.397113 ], [ -67.918831, 9.396489 ], [ -67.918762, 9.395775 ], [ -67.918656, 9.395160 ], [ -67.918526, 9.394545 ], [ -67.918297, 9.393902 ], [ -67.918373, 9.393260 ], [ -67.918968, 9.392855 ], [ -67.919182, 9.392249 ], [ -67.919235, 9.391625 ], [ -67.919220, 9.391010 ], [ -67.918785, 9.390439 ], [ -67.918129, 9.390021 ], [ -67.917504, 9.390082 ], [ -67.916984, 9.390470 ], [ -67.915749, 9.391190 ], [ -67.915733, 9.390430 ], [ -67.916092, 9.389915 ], [ -67.916542, 9.389393 ], [ -67.917038, 9.388969 ], [ -67.917511, 9.388500 ], [ -67.917892, 9.387986 ], [ -67.917824, 9.387317 ], [ -67.917831, 9.386629 ], [ -67.918526, 9.386613 ], [ -67.919205, 9.386796 ], [ -67.919937, 9.386555 ], [ -67.920174, 9.385877 ], [ -67.920387, 9.385299 ], [ -67.920555, 9.384603 ], [ -67.920654, 9.383961 ], [ -67.920387, 9.383318 ], [ -67.920250, 9.382658 ], [ -67.920189, 9.381989 ], [ -67.920059, 9.381355 ], [ -67.919624, 9.380784 ], [ -67.919289, 9.380222 ], [ -67.919151, 9.379561 ], [ -67.919678, 9.379219 ], [ -67.920273, 9.379004 ], [ -67.920723, 9.378509 ], [ -67.921127, 9.377949 ], [ -67.921341, 9.377343 ], [ -67.921097, 9.376728 ], [ -67.920441, 9.376536 ], [ -67.919922, 9.376182 ], [ -67.919746, 9.375521 ], [ -67.919311, 9.375022 ], [ -67.918732, 9.374741 ], [ -67.918297, 9.374250 ], [ -67.918373, 9.373582 ], [ -67.918709, 9.373013 ], [ -67.919373, 9.372907 ], [ -67.919968, 9.372682 ], [ -67.920425, 9.372240 ], [ -67.920128, 9.371652 ], [ -67.919792, 9.371063 ], [ -67.919846, 9.370439 ], [ -67.919846, 9.369724 ], [ -67.920769, 9.368760 ], [ -67.920914, 9.368091 ], [ -67.920853, 9.367467 ], [ -67.921066, 9.366798 ], [ -67.921463, 9.365868 ], [ -67.921700, 9.365172 ], [ -67.922096, 9.364631 ], [ -67.922783, 9.364244 ], [ -67.923332, 9.363884 ], [ -67.923706, 9.363352 ], [ -67.923439, 9.362754 ], [ -67.922989, 9.362219 ], [ -67.922531, 9.361748 ], [ -67.921745, 9.360705 ], [ -67.921127, 9.360930 ], [ -67.921051, 9.361598 ], [ -67.920906, 9.362204 ], [ -67.920296, 9.361967 ], [ -67.920189, 9.361324 ], [ -67.920006, 9.360727 ], [ -67.919784, 9.360111 ], [ -67.919724, 9.359496 ], [ -67.919678, 9.358808 ], [ -67.919617, 9.358121 ], [ -67.919693, 9.357497 ], [ -67.919998, 9.356866 ], [ -67.920425, 9.356279 ], [ -67.921013, 9.356516 ], [ -67.921142, 9.357159 ], [ -67.921387, 9.357747 ], [ -67.921814, 9.357215 ], [ -67.922058, 9.356627 ], [ -67.922455, 9.356140 ], [ -67.923058, 9.355934 ], [ -67.923111, 9.355320 ], [ -67.922569, 9.354983 ], [ -67.922317, 9.354395 ], [ -67.922913, 9.354107 ], [ -67.923393, 9.353675 ], [ -67.924194, 9.352601 ], [ -67.924713, 9.352168 ], [ -67.925301, 9.351655 ], [ -67.925896, 9.351294 ], [ -67.926208, 9.350680 ], [ -67.926262, 9.350066 ], [ -67.926475, 9.349479 ], [ -67.926597, 9.348810 ], [ -67.926880, 9.348232 ], [ -67.927544, 9.347980 ], [ -67.928200, 9.348109 ], [ -67.928894, 9.348111 ], [ -67.929520, 9.348231 ], [ -67.930038, 9.348567 ], [ -67.930664, 9.348569 ], [ -67.931068, 9.348055 ], [ -67.931145, 9.347431 ], [ -67.931290, 9.346735 ], [ -67.931694, 9.346248 ], [ -67.932282, 9.345906 ], [ -67.932907, 9.345989 ], [ -67.933556, 9.345991 ], [ -67.934036, 9.345523 ], [ -67.933739, 9.344861 ], [ -67.933403, 9.344291 ], [ -67.933273, 9.342916 ], [ -67.933670, 9.342383 ], [ -67.934303, 9.342430 ], [ -67.934921, 9.342323 ], [ -67.935249, 9.341646 ], [ -67.935608, 9.341132 ], [ -67.936180, 9.340844 ], [ -67.936806, 9.340991 ], [ -67.937462, 9.341084 ], [ -67.938057, 9.340914 ], [ -67.938438, 9.340399 ], [ -67.938789, 9.339812 ], [ -67.938774, 9.339170 ], [ -67.938637, 9.338455 ], [ -67.938789, 9.337831 ], [ -67.939331, 9.337499 ], [ -67.939972, 9.337022 ], [ -67.940369, 9.336480 ], [ -67.941040, 9.336256 ], [ -67.941368, 9.335606 ], [ -67.941422, 9.334891 ], [ -67.941330, 9.334113 ], [ -67.941055, 9.333498 ], [ -67.941231, 9.332802 ], [ -67.941589, 9.332242 ], [ -67.941544, 9.331465 ], [ -67.941094, 9.330993 ], [ -67.940666, 9.330494 ], [ -67.941002, 9.329889 ], [ -67.941574, 9.329529 ], [ -67.942268, 9.329649 ], [ -67.942810, 9.330057 ], [ -67.943420, 9.330430 ], [ -67.944115, 9.330278 ], [ -67.944328, 9.329610 ], [ -67.944153, 9.328940 ], [ -67.943588, 9.328523 ], [ -67.943481, 9.327835 ], [ -67.943878, 9.327221 ], [ -67.944000, 9.326489 ], [ -67.943481, 9.326017 ], [ -67.942894, 9.325681 ], [ -67.942200, 9.325471 ], [ -67.941612, 9.325161 ], [ -67.941185, 9.324663 ], [ -67.941704, 9.324194 ], [ -67.942253, 9.323834 ], [ -67.942795, 9.323410 ], [ -67.943062, 9.322805 ], [ -67.942657, 9.322234 ], [ -67.941940, 9.322232 ], [ -67.941292, 9.322357 ], [ -67.940720, 9.322690 ], [ -67.940048, 9.322571 ], [ -67.939827, 9.321928 ], [ -67.939422, 9.320560 ], [ -67.939041, 9.319926 ], [ -67.938637, 9.319383 ], [ -67.938088, 9.318938 ], [ -67.937370, 9.318909 ], [ -67.936821, 9.319260 ], [ -67.936203, 9.319502 ], [ -67.935600, 9.319247 ], [ -67.935417, 9.318532 ], [ -67.935684, 9.317882 ], [ -67.936134, 9.317295 ], [ -67.936607, 9.316763 ], [ -67.937149, 9.316268 ], [ -67.937744, 9.315772 ], [ -67.937820, 9.315121 ], [ -67.937477, 9.314550 ], [ -67.936829, 9.314268 ], [ -67.936218, 9.313913 ], [ -67.935699, 9.313441 ], [ -67.935333, 9.312835 ], [ -67.935997, 9.312448 ], [ -67.936760, 9.312269 ], [ -67.937378, 9.311910 ], [ -67.937729, 9.311332 ], [ -67.937782, 9.310572 ], [ -67.937538, 9.309884 ], [ -67.937180, 9.309268 ], [ -67.936767, 9.308660 ], [ -67.936409, 9.308090 ], [ -67.935883, 9.307528 ], [ -67.934891, 9.306540 ], [ -67.934532, 9.305968 ], [ -67.934196, 9.305307 ], [ -67.933632, 9.304039 ], [ -67.933228, 9.303469 ], [ -67.932617, 9.303069 ], [ -67.932007, 9.302741 ], [ -67.931351, 9.302360 ], [ -67.930710, 9.301942 ], [ -67.930077, 9.301587 ], [ -67.929413, 9.301648 ], [ -67.928100, 9.302178 ], [ -67.927475, 9.301941 ], [ -67.927323, 9.301298 ], [ -67.927353, 9.300630 ], [ -67.927406, 9.299970 ], [ -67.927223, 9.299210 ], [ -67.926979, 9.298575 ], [ -67.926621, 9.298032 ], [ -67.926079, 9.297533 ], [ -67.925377, 9.297251 ], [ -67.924675, 9.297104 ], [ -67.923988, 9.297119 ], [ -67.923332, 9.296973 ], [ -67.922699, 9.296618 ], [ -67.922249, 9.296074 ], [ -67.921822, 9.295512 ], [ -67.921570, 9.294851 ], [ -67.921371, 9.294209 ], [ -67.921219, 9.293548 ], [ -67.921135, 9.292833 ], [ -67.920837, 9.292128 ], [ -67.920410, 9.291583 ], [ -67.919731, 9.291301 ], [ -67.919144, 9.290946 ], [ -67.918648, 9.290502 ], [ -67.917579, 9.289440 ], [ -67.917084, 9.288878 ], [ -67.916542, 9.288388 ], [ -67.916023, 9.287934 ], [ -67.915481, 9.287553 ], [ -67.914917, 9.287199 ], [ -67.914329, 9.286889 ], [ -67.913704, 9.286653 ], [ -67.913025, 9.286415 ], [ -67.912353, 9.286449 ], [ -67.911690, 9.286700 ], [ -67.910950, 9.286671 ], [ -67.910454, 9.286244 ], [ -67.910484, 9.285548 ], [ -67.911003, 9.285080 ], [ -67.911674, 9.284973 ], [ -67.912315, 9.284749 ], [ -67.912979, 9.284462 ], [ -67.913460, 9.283993 ], [ -67.913765, 9.283360 ], [ -67.913475, 9.282655 ], [ -67.912865, 9.282300 ], [ -67.912254, 9.282036 ], [ -67.911781, 9.281501 ], [ -67.911331, 9.280957 ], [ -67.910828, 9.280485 ], [ -67.910309, 9.280077 ], [ -67.910133, 9.279416 ], [ -67.910210, 9.278728 ], [ -67.910545, 9.278097 ], [ -67.910622, 9.277355 ], [ -67.909989, 9.276893 ], [ -67.909492, 9.276466 ], [ -67.908951, 9.276067 ], [ -67.908249, 9.275938 ], [ -67.907532, 9.275935 ], [ -67.906845, 9.276133 ], [ -67.906174, 9.276076 ], [ -67.905518, 9.275911 ], [ -67.904999, 9.275484 ], [ -67.904640, 9.274940 ], [ -67.904373, 9.274253 ], [ -67.904213, 9.273475 ], [ -67.903969, 9.272768 ], [ -67.903542, 9.272224 ], [ -67.902931, 9.271960 ], [ -67.902283, 9.271813 ], [ -67.901802, 9.271234 ], [ -67.901626, 9.270518 ], [ -67.901657, 9.269832 ], [ -67.901733, 9.269180 ], [ -67.901764, 9.268466 ], [ -67.901703, 9.267806 ], [ -67.901688, 9.267137 ], [ -67.901695, 9.266467 ], [ -67.901726, 9.265807 ], [ -67.901619, 9.265165 ], [ -67.901581, 9.264450 ], [ -67.901497, 9.263736 ], [ -67.901199, 9.263102 ], [ -67.900909, 9.262513 ], [ -67.900574, 9.261915 ], [ -67.899986, 9.261470 ], [ -67.899468, 9.261044 ], [ -67.898811, 9.260716 ], [ -67.898247, 9.260362 ], [ -67.897819, 9.259818 ], [ -67.897621, 9.259175 ], [ -67.897903, 9.258507 ], [ -67.898354, 9.257894 ], [ -67.898476, 9.257252 ], [ -67.898209, 9.256518 ], [ -67.897804, 9.255956 ], [ -67.896851, 9.254913 ], [ -67.896492, 9.254261 ], [ -67.896080, 9.253554 ], [ -67.895676, 9.252983 ], [ -67.895317, 9.252421 ], [ -67.894775, 9.251190 ], [ -67.894440, 9.250574 ], [ -67.893761, 9.250219 ], [ -67.892998, 9.250172 ], [ -67.892364, 9.249980 ], [ -67.891777, 9.249508 ], [ -67.891167, 9.249153 ], [ -67.890473, 9.249006 ], [ -67.889778, 9.248977 ], [ -67.889084, 9.249039 ], [ -67.888458, 9.249263 ], [ -67.887840, 9.249550 ], [ -67.887154, 9.249701 ], [ -67.886482, 9.249690 ], [ -67.885826, 9.249544 ], [ -67.885155, 9.249379 ], [ -67.884506, 9.249277 ], [ -67.883812, 9.249293 ], [ -67.883163, 9.249191 ], [ -67.882660, 9.248702 ], [ -67.882416, 9.248086 ], [ -67.882149, 9.247443 ], [ -67.881950, 9.246756 ], [ -67.881798, 9.246004 ], [ -67.881592, 9.245298 ], [ -67.881668, 9.244530 ], [ -67.881699, 9.243870 ], [ -67.881317, 9.243181 ], [ -67.880821, 9.242737 ], [ -67.880203, 9.242337 ], [ -67.879753, 9.241766 ], [ -67.879623, 9.240942 ], [ -67.879646, 9.240183 ], [ -67.878838, 9.238941 ], [ -67.878654, 9.238298 ], [ -67.878708, 9.237449 ], [ -67.878853, 9.236708 ], [ -67.878883, 9.236038 ], [ -67.878616, 9.235332 ], [ -67.878235, 9.235032 ], [ -67.878006, 9.234074 ], [ -67.877441, 9.233602 ], [ -67.877083, 9.232967 ], [ -67.876900, 9.232234 ], [ -67.876839, 9.231565 ], [ -67.876732, 9.230905 ], [ -67.876366, 9.230125 ], [ -67.876030, 9.229564 ], [ -67.875786, 9.228948 ], [ -67.875679, 9.228207 ], [ -67.875450, 9.227546 ], [ -67.875092, 9.227001 ], [ -67.874733, 9.226368 ], [ -67.874413, 9.225706 ], [ -67.874405, 9.225038 ], [ -67.874496, 9.224233 ], [ -67.874527, 9.223518 ], [ -67.874626, 9.222804 ], [ -67.874779, 9.222154 ], [ -67.875015, 9.221458 ], [ -67.875275, 9.220762 ], [ -67.875656, 9.220095 ], [ -67.875916, 9.219372 ], [ -67.876038, 9.218676 ], [ -67.875885, 9.217943 ], [ -67.875458, 9.217453 ], [ -67.874893, 9.217072 ], [ -67.874512, 9.216500 ], [ -67.874473, 9.215796 ], [ -67.874901, 9.215282 ], [ -67.874977, 9.214585 ], [ -67.874458, 9.214140 ], [ -67.873825, 9.213758 ], [ -67.873787, 9.213098 ], [ -67.873932, 9.212420 ], [ -67.873985, 9.211643 ], [ -67.874085, 9.210929 ], [ -67.874298, 9.210188 ], [ -67.874580, 9.209538 ], [ -67.875061, 9.208146 ], [ -67.875183, 9.207405 ], [ -67.874779, 9.205894 ], [ -67.874741, 9.205224 ], [ -67.874657, 9.204492 ], [ -67.874619, 9.203786 ], [ -67.874397, 9.202293 ], [ -67.874268, 9.201651 ], [ -67.873947, 9.200990 ], [ -67.873497, 9.200400 ], [ -67.872955, 9.199865 ], [ -67.872368, 9.199529 ], [ -67.871849, 9.199129 ], [ -67.871514, 9.198468 ], [ -67.871475, 9.197799 ], [ -67.871315, 9.197093 ], [ -67.871254, 9.196424 ], [ -67.871170, 9.195627 ], [ -67.871132, 9.194886 ], [ -67.871025, 9.194243 ], [ -67.870705, 9.193591 ], [ -67.870255, 9.193066 ], [ -67.869782, 9.192458 ], [ -67.869553, 9.191707 ], [ -67.869469, 9.190947 ], [ -67.869400, 9.190214 ], [ -67.869522, 9.189383 ], [ -67.869835, 9.188750 ], [ -67.870094, 9.187964 ], [ -67.870430, 9.187332 ], [ -67.870712, 9.186683 ], [ -67.870926, 9.186014 ], [ -67.870888, 9.185327 ], [ -67.870529, 9.184711 ], [ -67.869576, 9.183487 ], [ -67.868942, 9.182219 ], [ -67.868790, 9.181576 ], [ -67.868660, 9.180870 ], [ -67.868416, 9.180227 ], [ -67.868080, 9.179611 ], [ -67.867470, 9.179284 ], [ -67.866745, 9.179001 ], [ -67.866318, 9.178385 ], [ -67.865730, 9.177063 ], [ -67.865433, 9.176429 ], [ -67.864983, 9.175867 ], [ -67.864532, 9.175395 ], [ -67.864059, 9.174733 ], [ -67.863739, 9.174145 ], [ -67.863472, 9.173438 ], [ -67.863151, 9.172687 ], [ -67.862907, 9.171926 ], [ -67.862434, 9.170631 ], [ -67.862213, 9.169944 ], [ -67.861588, 9.167817 ], [ -67.861336, 9.167092 ], [ -67.860977, 9.166494 ], [ -67.860504, 9.166023 ], [ -67.860054, 9.165533 ], [ -67.859550, 9.164899 ], [ -67.858444, 9.164000 ], [ -67.857880, 9.163600 ], [ -67.857407, 9.163038 ], [ -67.856972, 9.162259 ], [ -67.856751, 9.161625 ], [ -67.856712, 9.160955 ], [ -67.856789, 9.160196 ], [ -67.856819, 9.159482 ], [ -67.856895, 9.158795 ], [ -67.856926, 9.158035 ], [ -67.856888, 9.156607 ], [ -67.856804, 9.155891 ], [ -67.856674, 9.155250 ], [ -67.856361, 9.154525 ], [ -67.856201, 9.153819 ], [ -67.856262, 9.153150 ], [ -67.856384, 9.152409 ], [ -67.856598, 9.151740 ], [ -67.856903, 9.151109 ], [ -67.857261, 9.150476 ], [ -67.857544, 9.149781 ], [ -67.858192, 9.148599 ], [ -67.858597, 9.147984 ], [ -67.858673, 9.147298 ], [ -67.858269, 9.145976 ], [ -67.858047, 9.145216 ], [ -67.858009, 9.144483 ], [ -67.857849, 9.143795 ], [ -67.857605, 9.143180 ], [ -67.857315, 9.142546 ], [ -67.857071, 9.141885 ], [ -67.856865, 9.141215 ], [ -67.856598, 9.140599 ], [ -67.856171, 9.139992 ], [ -67.855835, 9.139331 ], [ -67.855469, 9.138715 ], [ -67.855225, 9.138054 ], [ -67.855163, 9.137302 ], [ -67.855423, 9.136653 ], [ -67.855904, 9.135216 ], [ -67.856003, 9.134521 ], [ -67.855957, 9.133787 ], [ -67.855827, 9.133118 ], [ -67.855423, 9.132529 ], [ -67.855499, 9.131842 ], [ -67.855553, 9.131127 ], [ -67.855492, 9.130440 ], [ -67.855202, 9.129843 ], [ -67.854546, 9.129632 ], [ -67.853836, 9.129784 ], [ -67.853409, 9.129222 ], [ -67.853386, 9.128508 ], [ -67.853584, 9.127785 ], [ -67.853310, 9.127124 ], [ -67.853180, 9.126490 ], [ -67.853210, 9.125704 ], [ -67.853195, 9.124970 ], [ -67.853272, 9.124320 ], [ -67.853584, 9.123715 ], [ -67.853729, 9.123028 ], [ -67.853661, 9.122241 ], [ -67.853859, 9.121591 ], [ -67.854149, 9.120995 ], [ -67.854500, 9.120227 ], [ -67.854858, 9.119640 ], [ -67.855095, 9.118917 ], [ -67.855591, 9.118404 ], [ -67.856133, 9.117890 ], [ -67.856751, 9.117485 ], [ -67.857246, 9.116989 ], [ -67.857742, 9.116521 ], [ -67.858246, 9.116070 ], [ -67.858788, 9.115457 ], [ -67.859169, 9.114880 ], [ -67.859642, 9.114384 ], [ -67.859810, 9.113688 ], [ -67.859772, 9.113018 ], [ -67.859596, 9.112339 ], [ -67.859161, 9.111705 ], [ -67.858689, 9.111206 ], [ -67.858261, 9.110662 ], [ -67.857948, 9.109983 ], [ -67.857796, 9.109341 ], [ -67.857452, 9.108769 ], [ -67.856911, 9.108343 ], [ -67.856262, 9.108223 ], [ -67.855621, 9.108511 ], [ -67.855026, 9.108826 ], [ -67.854439, 9.108426 ], [ -67.854057, 9.107837 ], [ -67.853928, 9.107122 ], [ -67.853745, 9.106298 ], [ -67.853523, 9.105565 ], [ -67.853249, 9.104959 ], [ -67.852890, 9.104361 ], [ -67.852646, 9.103745 ], [ -67.852608, 9.103039 ], [ -67.852425, 9.102261 ], [ -67.851997, 9.101717 ], [ -67.851662, 9.101129 ], [ -67.851280, 9.100557 ], [ -67.850853, 9.100059 ], [ -67.850395, 9.099479 ], [ -67.850105, 9.098863 ], [ -67.849609, 9.098409 ], [ -67.849022, 9.097963 ], [ -67.848434, 9.097628 ], [ -67.847847, 9.097273 ], [ -67.847359, 9.096847 ], [ -67.847176, 9.096168 ], [ -67.847489, 9.095418 ], [ -67.847817, 9.094813 ], [ -67.848053, 9.094054 ], [ -67.848320, 9.093358 ], [ -67.848511, 9.092681 ], [ -67.848679, 9.091949 ], [ -67.848641, 9.091252 ], [ -67.848557, 9.090592 ], [ -67.848633, 9.089806 ], [ -67.849007, 9.089201 ], [ -67.849388, 9.088659 ], [ -67.849587, 9.087964 ], [ -67.849983, 9.087196 ], [ -67.850342, 9.086592 ], [ -67.850670, 9.085941 ], [ -67.850929, 9.085155 ], [ -67.851219, 9.084478 ], [ -67.851433, 9.083764 ], [ -67.851624, 9.083051 ], [ -67.851959, 9.082418 ], [ -67.852386, 9.081860 ], [ -67.852837, 9.081291 ], [ -67.853332, 9.080750 ], [ -67.853661, 9.080100 ], [ -67.854187, 9.078872 ], [ -67.854591, 9.078267 ], [ -67.854759, 9.077409 ], [ -67.854981, 9.075935 ], [ -67.855286, 9.075258 ], [ -67.855553, 9.074544 ], [ -67.855598, 9.073775 ], [ -67.855698, 9.073062 ], [ -67.855965, 9.072393 ], [ -67.856338, 9.071743 ], [ -67.856606, 9.071138 ], [ -67.856842, 9.070488 ], [ -67.857155, 9.069838 ], [ -67.857559, 9.069297 ], [ -67.858238, 9.068819 ], [ -67.858620, 9.068287 ], [ -67.858910, 9.067655 ], [ -67.859490, 9.065712 ], [ -67.859314, 9.064934 ], [ -67.858993, 9.064345 ], [ -67.858933, 9.063676 ], [ -67.859062, 9.062980 ], [ -67.859139, 9.062338 ], [ -67.859261, 9.061669 ], [ -67.859497, 9.061046 ], [ -67.859901, 9.060505 ], [ -67.860451, 9.060054 ], [ -67.861069, 9.059767 ], [ -67.861588, 9.059361 ], [ -67.861229, 9.058701 ], [ -67.860870, 9.058093 ], [ -67.860741, 9.057424 ], [ -67.860817, 9.056754 ], [ -67.861031, 9.056131 ], [ -67.861297, 9.055526 ], [ -67.861557, 9.054858 ], [ -67.861893, 9.054153 ], [ -67.862198, 9.053549 ], [ -67.862694, 9.053035 ], [ -67.863220, 9.052629 ], [ -67.863579, 9.052025 ], [ -67.863975, 9.051447 ], [ -67.864784, 9.050391 ], [ -67.865303, 9.049760 ], [ -67.865875, 9.049264 ], [ -67.866798, 9.048254 ], [ -67.867271, 9.047668 ], [ -67.867722, 9.047036 ], [ -67.868073, 9.046405 ], [ -67.868385, 9.045799 ], [ -67.868744, 9.045176 ], [ -67.869049, 9.044475 ], [ -67.869194, 9.043804 ], [ -67.869415, 9.042374 ], [ -67.869728, 9.041792 ], [ -67.870178, 9.041275 ], [ -67.870842, 9.040847 ], [ -67.871338, 9.040399 ], [ -67.871811, 9.039836 ], [ -67.872307, 9.039296 ], [ -67.872711, 9.038758 ], [ -67.873192, 9.038287 ], [ -67.873634, 9.037748 ], [ -67.874298, 9.037366 ], [ -67.875481, 9.036488 ], [ -67.875984, 9.036017 ], [ -67.876457, 9.035545 ], [ -67.876999, 9.035120 ], [ -67.878021, 9.034270 ], [ -67.878571, 9.033865 ], [ -67.878784, 9.033217 ], [ -67.879280, 9.032654 ], [ -67.879593, 9.032073 ], [ -67.879906, 9.031445 ], [ -67.880256, 9.030792 ], [ -67.880707, 9.030276 ], [ -67.881203, 9.029691 ], [ -67.881538, 9.029061 ], [ -67.881798, 9.028458 ], [ -67.881806, 9.027721 ], [ -67.881699, 9.027034 ], [ -67.881729, 9.026228 ], [ -67.881966, 9.025556 ], [ -67.882088, 9.024771 ], [ -67.881958, 9.024084 ], [ -67.881866, 9.023349 ], [ -67.881973, 9.022680 ], [ -67.882210, 9.022031 ], [ -67.882240, 9.021340 ], [ -67.882454, 9.020668 ], [ -67.882858, 9.020061 ], [ -67.883286, 9.019568 ], [ -67.883499, 9.018873 ], [ -67.883881, 9.018152 ], [ -67.884727, 9.016937 ], [ -67.885040, 9.016286 ], [ -67.885353, 9.015681 ], [ -67.885872, 9.015208 ], [ -67.886421, 9.014829 ], [ -67.886917, 9.014358 ], [ -67.887535, 9.013976 ], [ -67.888168, 9.013547 ], [ -67.888695, 9.013076 ], [ -67.889214, 9.012512 ], [ -67.890091, 9.011504 ], [ -67.890686, 9.011168 ], [ -67.891327, 9.010901 ], [ -67.891914, 9.010474 ], [ -67.892441, 9.009979 ], [ -67.893051, 9.009528 ], [ -67.893524, 9.009035 ], [ -67.893906, 9.008314 ], [ -67.894096, 9.007573 ], [ -67.894241, 9.006810 ], [ -67.894432, 9.006163 ], [ -67.894531, 9.005470 ], [ -67.894676, 9.004753 ], [ -67.895172, 9.004168 ], [ -67.895577, 9.003653 ], [ -67.896072, 9.003227 ], [ -67.896500, 9.002643 ], [ -67.896927, 9.001921 ], [ -67.897537, 9.001492 ], [ -67.897987, 9.001022 ], [ -67.898209, 9.000327 ], [ -67.898560, 8.998707 ], [ -67.898781, 8.998131 ], [ -67.899002, 8.997439 ], [ -67.899498, 8.996126 ], [ -67.899727, 8.995459 ], [ -67.900192, 8.993869 ], [ -67.900421, 8.993270 ], [ -67.900734, 8.992532 ], [ -67.901123, 8.991794 ], [ -67.901436, 8.991240 ], [ -67.901825, 8.990707 ], [ -67.902138, 8.989970 ], [ -67.902412, 8.989209 ], [ -67.902565, 8.988404 ], [ -67.902603, 8.987577 ], [ -67.902527, 8.986844 ], [ -67.902420, 8.986042 ], [ -67.902344, 8.985217 ], [ -67.902222, 8.984438 ], [ -67.902099, 8.983727 ], [ -67.902000, 8.983040 ], [ -67.901848, 8.981803 ], [ -67.901817, 8.981138 ], [ -67.901741, 8.980289 ], [ -67.901711, 8.979670 ], [ -67.901726, 8.979028 ], [ -67.901855, 8.978176 ], [ -67.901939, 8.977442 ], [ -67.902092, 8.976683 ], [ -67.902489, 8.975072 ], [ -67.902695, 8.974359 ], [ -67.902985, 8.973414 ], [ -67.903206, 8.972746 ], [ -67.903854, 8.970719 ], [ -67.904259, 8.969360 ], [ -67.904732, 8.967956 ], [ -67.905090, 8.967424 ], [ -67.905548, 8.966800 ], [ -67.905891, 8.966222 ], [ -67.906593, 8.964929 ], [ -67.906868, 8.964330 ], [ -67.907158, 8.963798 ], [ -67.907616, 8.963265 ], [ -67.908051, 8.962688 ], [ -67.908554, 8.962246 ], [ -67.909058, 8.961849 ], [ -67.909607, 8.961431 ], [ -67.910111, 8.961081 ], [ -67.910644, 8.960616 ], [ -67.911263, 8.960197 ], [ -67.911720, 8.959779 ], [ -67.912132, 8.959269 ], [ -67.912560, 8.958622 ], [ -67.913719, 8.956681 ], [ -67.914131, 8.955966 ], [ -67.914490, 8.955273 ], [ -67.915146, 8.954095 ], [ -67.915810, 8.953010 ], [ -67.916107, 8.952478 ], [ -67.916283, 8.951858 ], [ -67.916389, 8.951236 ], [ -67.916527, 8.950638 ], [ -67.916702, 8.950039 ], [ -67.917153, 8.948795 ], [ -67.917450, 8.948240 ], [ -67.917763, 8.947710 ], [ -67.918243, 8.947130 ], [ -67.918747, 8.946713 ], [ -67.919876, 8.945942 ], [ -67.920357, 8.945571 ], [ -67.920837, 8.945106 ], [ -67.921318, 8.944595 ], [ -67.922272, 8.943322 ], [ -67.923096, 8.942098 ], [ -67.923454, 8.941474 ], [ -67.923866, 8.940872 ], [ -67.924233, 8.940364 ], [ -67.924668, 8.939809 ], [ -67.925194, 8.939435 ], [ -67.925674, 8.938971 ], [ -67.926293, 8.938643 ], [ -67.926895, 8.938384 ], [ -67.927536, 8.938147 ], [ -67.928139, 8.937958 ], [ -67.928779, 8.937789 ], [ -67.929474, 8.937621 ], [ -67.930168, 8.937498 ], [ -67.930794, 8.937538 ], [ -67.931419, 8.937509 ], [ -67.932152, 8.937500 ], [ -67.933304, 8.937074 ], [ -67.933914, 8.937205 ], [ -67.934425, 8.937545 ], [ -67.935028, 8.937791 ], [ -67.935677, 8.937921 ], [ -67.936302, 8.937913 ], [ -67.936951, 8.938021 ], [ -67.937500, 8.937739 ], [ -67.938164, 8.937343 ], [ -67.938667, 8.936831 ], [ -67.939102, 8.936276 ], [ -67.939514, 8.935676 ], [ -67.939972, 8.935051 ], [ -67.940407, 8.934541 ], [ -67.940956, 8.934053 ], [ -67.941505, 8.933725 ], [ -67.942154, 8.933833 ], [ -67.942757, 8.934010 ], [ -67.943359, 8.934233 ], [ -67.944435, 8.935024 ], [ -67.945038, 8.935201 ], [ -67.945434, 8.935724 ], [ -67.945877, 8.936155 ], [ -67.946251, 8.936679 ], [ -67.946510, 8.937227 ], [ -67.947029, 8.937680 ], [ -67.947563, 8.938019 ], [ -67.948097, 8.938404 ], [ -67.948746, 8.938465 ], [ -67.949272, 8.938137 ], [ -67.949707, 8.937605 ], [ -67.950165, 8.936980 ], [ -67.950462, 8.936357 ], [ -67.950775, 8.935802 ], [ -67.951141, 8.935247 ], [ -67.951553, 8.934670 ], [ -67.952034, 8.934114 ], [ -67.952606, 8.933557 ], [ -67.953087, 8.933139 ], [ -67.953705, 8.932925 ], [ -67.954262, 8.932667 ], [ -67.954857, 8.932499 ], [ -67.955505, 8.932721 ], [ -67.956848, 8.932798 ], [ -67.957565, 8.932722 ], [ -67.958214, 8.932693 ], [ -67.958839, 8.932548 ], [ -67.959343, 8.932128 ], [ -67.959846, 8.931733 ], [ -67.960350, 8.931314 ], [ -67.960998, 8.931237 ], [ -67.961578, 8.931507 ], [ -67.962128, 8.931249 ], [ -67.962311, 8.930650 ], [ -67.962235, 8.929985 ], [ -67.962273, 8.929364 ], [ -67.962616, 8.928833 ], [ -67.963188, 8.928576 ], [ -67.963676, 8.929029 ], [ -67.964348, 8.929112 ], [ -67.964996, 8.929013 ], [ -67.965546, 8.928595 ], [ -67.965843, 8.928040 ], [ -67.966064, 8.927326 ], [ -67.966263, 8.926728 ], [ -67.966652, 8.926218 ], [ -67.967209, 8.925868 ], [ -67.967758, 8.925609 ], [ -67.968407, 8.925533 ], [ -67.969124, 8.925777 ], [ -67.969750, 8.925656 ], [ -67.970192, 8.926087 ], [ -67.970497, 8.926658 ], [ -67.970985, 8.927065 ], [ -67.971565, 8.927358 ], [ -67.972198, 8.927443 ], [ -67.972580, 8.926955 ], [ -67.972343, 8.926315 ], [ -67.972244, 8.925697 ], [ -67.972191, 8.925010 ], [ -67.972694, 8.924637 ], [ -67.973320, 8.924698 ], [ -67.973900, 8.924897 ], [ -67.974449, 8.924502 ], [ -67.974373, 8.923791 ], [ -67.974274, 8.923174 ], [ -67.974106, 8.922533 ], [ -67.973915, 8.921892 ], [ -67.973862, 8.921067 ], [ -67.973877, 8.920356 ], [ -67.973999, 8.918816 ], [ -67.974129, 8.918148 ], [ -67.974350, 8.917480 ], [ -67.974716, 8.916810 ], [ -67.975052, 8.916119 ], [ -67.975487, 8.915334 ], [ -67.975830, 8.914824 ], [ -67.976669, 8.913692 ], [ -67.977013, 8.913136 ], [ -67.977257, 8.912561 ], [ -67.977394, 8.911916 ], [ -67.977478, 8.911089 ], [ -67.977585, 8.910261 ], [ -67.977623, 8.909617 ], [ -67.977684, 8.908814 ], [ -67.977768, 8.907987 ], [ -67.977852, 8.907344 ], [ -67.977913, 8.906700 ], [ -67.978066, 8.905827 ], [ -67.978172, 8.905022 ], [ -67.978302, 8.904172 ], [ -67.978584, 8.902654 ], [ -67.978805, 8.901298 ], [ -67.978844, 8.900609 ], [ -67.978760, 8.899782 ], [ -67.978615, 8.899118 ], [ -67.978279, 8.897723 ], [ -67.978058, 8.896738 ], [ -67.977867, 8.896075 ], [ -67.977631, 8.895367 ], [ -67.977387, 8.894474 ], [ -67.977096, 8.893514 ], [ -67.976517, 8.891224 ], [ -67.976326, 8.890286 ], [ -67.975937, 8.888867 ], [ -67.975792, 8.888248 ], [ -67.975624, 8.887585 ], [ -67.975388, 8.886991 ], [ -67.975128, 8.886443 ], [ -67.974747, 8.885965 ], [ -67.974190, 8.885558 ], [ -67.973541, 8.885244 ], [ -67.972893, 8.885092 ], [ -67.972313, 8.884869 ], [ -67.971710, 8.884737 ], [ -67.971062, 8.884698 ], [ -67.970413, 8.884705 ], [ -67.969605, 8.884760 ], [ -67.968956, 8.884974 ], [ -67.968338, 8.885096 ], [ -67.967712, 8.885195 ], [ -67.967018, 8.885385 ], [ -67.966423, 8.885599 ], [ -67.965752, 8.885905 ], [ -67.965111, 8.886049 ], [ -67.963745, 8.886018 ], [ -67.963119, 8.885819 ], [ -67.962608, 8.885435 ], [ -67.962135, 8.885003 ], [ -67.961830, 8.884410 ], [ -67.961594, 8.883817 ], [ -67.961471, 8.883106 ], [ -67.961441, 8.882487 ], [ -67.961616, 8.881843 ], [ -67.961868, 8.881174 ], [ -67.962181, 8.880596 ], [ -67.962685, 8.880201 ], [ -67.963119, 8.879738 ], [ -67.964012, 8.878741 ], [ -67.964470, 8.878161 ], [ -67.964714, 8.877608 ], [ -67.964546, 8.876967 ], [ -67.964149, 8.876467 ], [ -67.963913, 8.875896 ], [ -67.963928, 8.875230 ], [ -67.964271, 8.874722 ], [ -67.964752, 8.874280 ], [ -67.965210, 8.873816 ], [ -67.965477, 8.873239 ], [ -67.965652, 8.872503 ], [ -67.965790, 8.871881 ], [ -67.966003, 8.870548 ], [ -67.966087, 8.869859 ], [ -67.965599, 8.869405 ], [ -67.965431, 8.868765 ], [ -67.965423, 8.868098 ], [ -67.965813, 8.867613 ], [ -67.966362, 8.867332 ], [ -67.967033, 8.867278 ], [ -67.967659, 8.867363 ], [ -67.968285, 8.867585 ], [ -67.968956, 8.867303 ], [ -67.969574, 8.867249 ], [ -67.970200, 8.867083 ], [ -67.970489, 8.866551 ], [ -67.970604, 8.865931 ], [ -67.970757, 8.865264 ], [ -67.970749, 8.864552 ], [ -67.970627, 8.863934 ], [ -67.970276, 8.863386 ], [ -67.969826, 8.862818 ], [ -67.969429, 8.862271 ], [ -67.968887, 8.861038 ], [ -67.968880, 8.860326 ], [ -67.968986, 8.859729 ], [ -67.969467, 8.859242 ], [ -67.969994, 8.858800 ], [ -67.970451, 8.858381 ], [ -67.970955, 8.857984 ], [ -67.971504, 8.857727 ], [ -67.972176, 8.857766 ], [ -67.972756, 8.857437 ], [ -67.973000, 8.856885 ], [ -67.973038, 8.856217 ], [ -67.972962, 8.855576 ], [ -67.973160, 8.854197 ], [ -67.973244, 8.853553 ], [ -67.973534, 8.853023 ], [ -67.974182, 8.852855 ], [ -67.974762, 8.852595 ], [ -67.975242, 8.852200 ], [ -67.975677, 8.851760 ], [ -67.976036, 8.851159 ], [ -67.976051, 8.850470 ], [ -67.976021, 8.849828 ], [ -67.975761, 8.849074 ], [ -67.975296, 8.848665 ], [ -67.975471, 8.847998 ], [ -67.976044, 8.847671 ], [ -67.976807, 8.847616 ], [ -67.977387, 8.847334 ], [ -67.978027, 8.847120 ], [ -67.979362, 8.846531 ], [ -67.979958, 8.846203 ], [ -67.980392, 8.845763 ], [ -67.980453, 8.845074 ], [ -67.980591, 8.844476 ], [ -67.980927, 8.843922 ], [ -67.981460, 8.843594 ], [ -67.982841, 8.843143 ], [ -67.983414, 8.842813 ], [ -67.983986, 8.842509 ], [ -67.984635, 8.842571 ], [ -67.985237, 8.842403 ], [ -67.985863, 8.842351 ], [ -67.986145, 8.842898 ], [ -67.986427, 8.843470 ], [ -67.987076, 8.843369 ], [ -67.987556, 8.842859 ], [ -67.987938, 8.842304 ], [ -67.988258, 8.841751 ], [ -67.988251, 8.841107 ], [ -67.988083, 8.840467 ], [ -67.987869, 8.839896 ], [ -67.987198, 8.839720 ], [ -67.986633, 8.839313 ], [ -67.986076, 8.838791 ], [ -67.985634, 8.838360 ], [ -67.984741, 8.837176 ], [ -67.984390, 8.836630 ], [ -67.984192, 8.835852 ], [ -67.984024, 8.835050 ], [ -67.983948, 8.834386 ], [ -67.984123, 8.833741 ], [ -67.984398, 8.833164 ], [ -67.984924, 8.832585 ], [ -67.985496, 8.832165 ], [ -67.986023, 8.831815 ], [ -67.986694, 8.831670 ], [ -67.987266, 8.831341 ], [ -67.987793, 8.831015 ], [ -67.988785, 8.830522 ], [ -67.989380, 8.830378 ], [ -67.990074, 8.830392 ], [ -67.990700, 8.830362 ], [ -67.991325, 8.830187 ], [ -67.991783, 8.829768 ], [ -67.991814, 8.829128 ], [ -67.991424, 8.828625 ], [ -67.991028, 8.828038 ], [ -67.990296, 8.826830 ], [ -67.990150, 8.826215 ], [ -67.990227, 8.825525 ], [ -67.990387, 8.824858 ], [ -67.990494, 8.824100 ], [ -67.990257, 8.823482 ], [ -67.989883, 8.822933 ], [ -67.989555, 8.822364 ], [ -67.989380, 8.821701 ], [ -67.989281, 8.820992 ], [ -67.989487, 8.820390 ], [ -67.990059, 8.820134 ], [ -67.990730, 8.820259 ], [ -67.991295, 8.820668 ], [ -67.991661, 8.821218 ], [ -67.992180, 8.821626 ], [ -67.992760, 8.821849 ], [ -67.993355, 8.821681 ], [ -67.993736, 8.821187 ], [ -67.993576, 8.820530 ], [ -67.993340, 8.819798 ], [ -67.993057, 8.819159 ], [ -67.992676, 8.818650 ], [ -67.992203, 8.817255 ], [ -67.991524, 8.814738 ], [ -67.991135, 8.812685 ], [ -67.991173, 8.811974 ], [ -67.991417, 8.811351 ], [ -67.991799, 8.810817 ], [ -67.992378, 8.810446 ], [ -67.992882, 8.810049 ], [ -67.993454, 8.809699 ], [ -67.994034, 8.809395 ], [ -67.994537, 8.809022 ], [ -67.995018, 8.808626 ], [ -67.994461, 8.808380 ], [ -67.993813, 8.808318 ], [ -67.993187, 8.808019 ], [ -67.992622, 8.807614 ], [ -67.992279, 8.807089 ], [ -67.992355, 8.806315 ], [ -67.992600, 8.805760 ], [ -67.993034, 8.804992 ], [ -67.993484, 8.804395 ], [ -67.993965, 8.803974 ], [ -67.994446, 8.803328 ], [ -67.994835, 8.802727 ], [ -67.995193, 8.802196 ], [ -67.995613, 8.801542 ], [ -67.996430, 8.800483 ], [ -67.997002, 8.799970 ], [ -67.998108, 8.799319 ], [ -67.998726, 8.799061 ], [ -67.999420, 8.798961 ], [ -68.000015, 8.798976 ], [ -68.000046, 8.798954 ], [ -68.000725, 8.798717 ], [ -68.001450, 8.798521 ], [ -68.002098, 8.798306 ], [ -68.002670, 8.798092 ], [ -68.003243, 8.797825 ], [ -68.003792, 8.797430 ], [ -68.004059, 8.796875 ], [ -68.003868, 8.796264 ], [ -68.003197, 8.796044 ], [ -68.002556, 8.796190 ], [ -68.002022, 8.796403 ], [ -68.001427, 8.796664 ], [ -68.000832, 8.796807 ], [ -68.000206, 8.796794 ], [ -68.000015, 8.796701 ], [ -68.000015, 8.795327 ], [ -68.000389, 8.795025 ], [ -68.000892, 8.794766 ], [ -68.001541, 8.794598 ], [ -68.002785, 8.794490 ], [ -68.003342, 8.794529 ], [ -68.003891, 8.794544 ], [ -68.004608, 8.794527 ], [ -68.005097, 8.794178 ], [ -68.005333, 8.793652 ], [ -68.005379, 8.792943 ], [ -68.005211, 8.792417 ], [ -68.004883, 8.791846 ], [ -68.004684, 8.791024 ], [ -68.004837, 8.790359 ], [ -68.005287, 8.789867 ], [ -68.005928, 8.789285 ], [ -68.006332, 8.788844 ], [ -68.006722, 8.788382 ], [ -68.007195, 8.787620 ], [ -68.007652, 8.786970 ], [ -68.008125, 8.786345 ], [ -68.008758, 8.785213 ], [ -68.009201, 8.784647 ], [ -68.009788, 8.784002 ], [ -68.010277, 8.783500 ], [ -68.011185, 8.782354 ], [ -68.011513, 8.781897 ], [ -68.012092, 8.780658 ], [ -68.012306, 8.779879 ], [ -68.012421, 8.779212 ], [ -68.012428, 8.778501 ], [ -68.012199, 8.777856 ], [ -68.011597, 8.777693 ], [ -68.010971, 8.777919 ], [ -68.010551, 8.778354 ], [ -68.009857, 8.779292 ], [ -68.009300, 8.779542 ], [ -68.008698, 8.779424 ], [ -68.008217, 8.779078 ], [ -68.007919, 8.778547 ], [ -68.007805, 8.777972 ], [ -68.007927, 8.777214 ], [ -68.008133, 8.776458 ], [ -68.008392, 8.775930 ], [ -68.008743, 8.775403 ], [ -68.009224, 8.775039 ], [ -68.009689, 8.774718 ], [ -68.010201, 8.774307 ], [ -68.010483, 8.773643 ], [ -68.010666, 8.773046 ], [ -68.010971, 8.772221 ], [ -68.011253, 8.771533 ], [ -68.011833, 8.770203 ], [ -68.012092, 8.769698 ], [ -68.012443, 8.769171 ], [ -68.012840, 8.768553 ], [ -68.013344, 8.768119 ], [ -68.013946, 8.768076 ], [ -68.014572, 8.768103 ], [ -68.015289, 8.768175 ], [ -68.016510, 8.768662 ], [ -68.017204, 8.768826 ], [ -68.017822, 8.769083 ], [ -68.018402, 8.769453 ], [ -68.018982, 8.769800 ], [ -68.019463, 8.770286 ], [ -68.019806, 8.770746 ], [ -68.020286, 8.771139 ], [ -68.020821, 8.771373 ], [ -68.021301, 8.771696 ], [ -68.021904, 8.771952 ], [ -68.022553, 8.772001 ], [ -68.023224, 8.771866 ], [ -68.023827, 8.771547 ], [ -68.024170, 8.771067 ], [ -68.024429, 8.770561 ], [ -68.024429, 8.769987 ], [ -68.024246, 8.769435 ], [ -68.023743, 8.768881 ], [ -68.023331, 8.768466 ], [ -68.022797, 8.768073 ], [ -68.022293, 8.767795 ], [ -68.021667, 8.767608 ], [ -68.021141, 8.767215 ], [ -68.020744, 8.766707 ], [ -68.020424, 8.766223 ], [ -68.020149, 8.765578 ], [ -68.020088, 8.764911 ], [ -68.020477, 8.764500 ], [ -68.021172, 8.764411 ], [ -68.021561, 8.764827 ], [ -68.022049, 8.765242 ], [ -68.022697, 8.765407 ], [ -68.023292, 8.765249 ], [ -68.023872, 8.764930 ], [ -68.024063, 8.764401 ], [ -68.024017, 8.763736 ], [ -68.023788, 8.763160 ], [ -68.023514, 8.762630 ], [ -68.023102, 8.762215 ], [ -68.022705, 8.761799 ], [ -68.022316, 8.761360 ], [ -68.021416, 8.760506 ], [ -68.020889, 8.760274 ], [ -68.020332, 8.760157 ], [ -68.019623, 8.760221 ], [ -68.019089, 8.760472 ], [ -68.018601, 8.760815 ], [ -68.018250, 8.761787 ], [ -68.017922, 8.762246 ], [ -68.017273, 8.762674 ], [ -68.016655, 8.762843 ], [ -68.016098, 8.762874 ], [ -68.015564, 8.762628 ], [ -68.015327, 8.762079 ], [ -68.015160, 8.761486 ], [ -68.015060, 8.760823 ], [ -68.014702, 8.760138 ], [ -68.014419, 8.759650 ], [ -68.014160, 8.759134 ], [ -68.014015, 8.758541 ], [ -68.014206, 8.758035 ], [ -68.014092, 8.757464 ], [ -68.013855, 8.756937 ], [ -68.013267, 8.756762 ], [ -68.012718, 8.756656 ], [ -68.012139, 8.756525 ], [ -68.011826, 8.755990 ], [ -68.012139, 8.755445 ], [ -68.012672, 8.754907 ], [ -68.013100, 8.754417 ], [ -68.014320, 8.753833 ], [ -68.014870, 8.753202 ], [ -68.015198, 8.752675 ], [ -68.015244, 8.752012 ], [ -68.015366, 8.751231 ], [ -68.015343, 8.750657 ], [ -68.014710, 8.750253 ], [ -68.014084, 8.750100 ], [ -68.013275, 8.750179 ], [ -68.012131, 8.750813 ], [ -68.011398, 8.751075 ], [ -68.010658, 8.751223 ], [ -68.009994, 8.751436 ], [ -68.009255, 8.751654 ], [ -68.008400, 8.751802 ], [ -68.007759, 8.751741 ], [ -68.007225, 8.751496 ], [ -68.006714, 8.751182 ], [ -68.005989, 8.750617 ], [ -68.005386, 8.750303 ], [ -68.004982, 8.749896 ], [ -68.004700, 8.749281 ], [ -68.004715, 8.748570 ], [ -68.005165, 8.747829 ], [ -68.005485, 8.747344 ], [ -68.005730, 8.746859 ], [ -68.006134, 8.745845 ], [ -68.006546, 8.745381 ], [ -68.007141, 8.744983 ], [ -68.007828, 8.744561 ], [ -68.008377, 8.744256 ], [ -68.009140, 8.744201 ], [ -68.009689, 8.744079 ], [ -68.010124, 8.743660 ], [ -68.010506, 8.743013 ], [ -68.010689, 8.742415 ], [ -68.010765, 8.741726 ], [ -68.010857, 8.741174 ], [ -68.011330, 8.740777 ], [ -68.011910, 8.740564 ], [ -68.012573, 8.740233 ], [ -68.013122, 8.739837 ], [ -68.013535, 8.739443 ], [ -68.013893, 8.738956 ], [ -68.014282, 8.738515 ], [ -68.014809, 8.738187 ], [ -68.015434, 8.738133 ], [ -68.015922, 8.738379 ], [ -68.016434, 8.738602 ], [ -68.016830, 8.739078 ], [ -68.017158, 8.739671 ], [ -68.017830, 8.739777 ], [ -68.018250, 8.740138 ], [ -68.018356, 8.740780 ], [ -68.018593, 8.741533 ], [ -68.018669, 8.742105 ], [ -68.018471, 8.742636 ], [ -68.018318, 8.743303 ], [ -68.018211, 8.743877 ], [ -68.018219, 8.744520 ], [ -68.018318, 8.745230 ], [ -68.018738, 8.745614 ], [ -68.019295, 8.745539 ], [ -68.019936, 8.745209 ], [ -68.020790, 8.745359 ], [ -68.021530, 8.745556 ], [ -68.022202, 8.745615 ], [ -68.022728, 8.745471 ], [ -68.023377, 8.745256 ], [ -68.023994, 8.744973 ], [ -68.024567, 8.744737 ], [ -68.024979, 8.744341 ], [ -68.025482, 8.743898 ], [ -68.025803, 8.743390 ], [ -68.026138, 8.742949 ], [ -68.026131, 8.742308 ], [ -68.025917, 8.741692 ], [ -68.025681, 8.741121 ], [ -68.025673, 8.740524 ], [ -68.025803, 8.739859 ], [ -68.025673, 8.739241 ], [ -68.025368, 8.738833 ], [ -68.025459, 8.738647 ], [ -68.025574, 8.738485 ], [ -68.025741, 8.738165 ], [ -68.025833, 8.738028 ], [ -68.026062, 8.737866 ], [ -68.026154, 8.737821 ], [ -68.026245, 8.737751 ], [ -68.026459, 8.737637 ], [ -68.026596, 8.737523 ], [ -68.026733, 8.737453 ], [ -68.026825, 8.737362 ], [ -68.026917, 8.737178 ], [ -68.026962, 8.737018 ], [ -68.027054, 8.736810 ], [ -68.027077, 8.736671 ], [ -68.027145, 8.736534 ], [ -68.027168, 8.736408 ], [ -68.027367, 8.735856 ], [ -68.027626, 8.735237 ], [ -68.028114, 8.734757 ], [ -68.028412, 8.734138 ], [ -68.028625, 8.733587 ], [ -68.028839, 8.732968 ], [ -68.028793, 8.732279 ], [ -68.028358, 8.731770 ], [ -68.027847, 8.731378 ], [ -68.027222, 8.731214 ], [ -68.026581, 8.731257 ], [ -68.026047, 8.731622 ], [ -68.025490, 8.732240 ], [ -68.024910, 8.732192 ], [ -68.024589, 8.731614 ], [ -68.024292, 8.731039 ], [ -68.023926, 8.730486 ], [ -68.023277, 8.730345 ], [ -68.022789, 8.730756 ], [ -68.022392, 8.731259 ], [ -68.021774, 8.731072 ], [ -68.021103, 8.730954 ], [ -68.020515, 8.731255 ], [ -68.020439, 8.731307 ], [ -68.020012, 8.731708 ], [ -68.019737, 8.732235 ], [ -68.019707, 8.732809 ], [ -68.020050, 8.733385 ], [ -68.020378, 8.733892 ], [ -68.020371, 8.734467 ], [ -68.020256, 8.735041 ], [ -68.019722, 8.735383 ], [ -68.019051, 8.735288 ], [ -68.018547, 8.734872 ], [ -68.018181, 8.734365 ], [ -68.017830, 8.733812 ], [ -68.017647, 8.733121 ], [ -68.017449, 8.732500 ], [ -68.017494, 8.731811 ], [ -68.017616, 8.731144 ], [ -68.018288, 8.729425 ], [ -68.018570, 8.728897 ], [ -68.018783, 8.728301 ], [ -68.018921, 8.727751 ], [ -68.018852, 8.727107 ], [ -68.018692, 8.726484 ], [ -68.018517, 8.725864 ], [ -68.018471, 8.725267 ], [ -68.018425, 8.723956 ], [ -68.018295, 8.723404 ], [ -68.017944, 8.722897 ], [ -68.017464, 8.722597 ], [ -68.016701, 8.722340 ], [ -68.016174, 8.722131 ], [ -68.015343, 8.721920 ], [ -68.014763, 8.721802 ], [ -68.014374, 8.721662 ], [ -68.014854, 8.719860 ], [ -68.015145, 8.719399 ], [ -68.015648, 8.718955 ], [ -68.016151, 8.718674 ], [ -68.016723, 8.718368 ], [ -68.017227, 8.717903 ], [ -68.017471, 8.717303 ], [ -68.017395, 8.716685 ], [ -68.016930, 8.716301 ], [ -68.016281, 8.716081 ], [ -68.015724, 8.716110 ], [ -68.015060, 8.716188 ], [ -68.014481, 8.716333 ], [ -68.013145, 8.716625 ], [ -68.012245, 8.716660 ], [ -68.011597, 8.716577 ], [ -68.011109, 8.716078 ], [ -68.010689, 8.715602 ], [ -68.010315, 8.715194 ], [ -68.010025, 8.714693 ], [ -68.009827, 8.713502 ], [ -68.009865, 8.712654 ], [ -68.009880, 8.712011 ], [ -68.009705, 8.711279 ], [ -68.009628, 8.710684 ], [ -68.009758, 8.709902 ], [ -68.009910, 8.709373 ], [ -68.010559, 8.709021 ], [ -68.011497, 8.708711 ], [ -68.011650, 8.708112 ], [ -68.011688, 8.707561 ], [ -68.012306, 8.707048 ], [ -68.013138, 8.706808 ], [ -68.013687, 8.706733 ], [ -68.014237, 8.706472 ], [ -68.014770, 8.706604 ], [ -68.015038, 8.707243 ], [ -68.015205, 8.707813 ], [ -68.015740, 8.708082 ], [ -68.016312, 8.707800 ], [ -68.016601, 8.707245 ], [ -68.016762, 8.706693 ], [ -68.016708, 8.706097 ], [ -68.016533, 8.705457 ], [ -68.016273, 8.704703 ], [ -68.015892, 8.704066 ], [ -68.015267, 8.703708 ], [ -68.014618, 8.703578 ], [ -68.012764, 8.703236 ], [ -68.012215, 8.703082 ], [ -68.011398, 8.702909 ], [ -68.010750, 8.702893 ], [ -68.009857, 8.703065 ], [ -68.009026, 8.703329 ], [ -68.008225, 8.703523 ], [ -68.007668, 8.703646 ], [ -68.006485, 8.703063 ], [ -68.005951, 8.702864 ], [ -68.005234, 8.702621 ], [ -68.004654, 8.702559 ], [ -68.004005, 8.702408 ], [ -68.003632, 8.701977 ], [ -68.003738, 8.701401 ], [ -68.003639, 8.700783 ], [ -68.003311, 8.700306 ], [ -68.002777, 8.700520 ], [ -68.002579, 8.701187 ], [ -68.002502, 8.702541 ], [ -68.002327, 8.703116 ], [ -68.001778, 8.703445 ], [ -68.001137, 8.703344 ], [ -68.000549, 8.702928 ], [ -68.000313, 8.702622 ], [ -68.000031, 8.702053 ], [ -68.000145, 8.701582 ], [ -68.000404, 8.700784 ], [ -68.000717, 8.699995 ], [ -68.001236, 8.699231 ], [ -68.001717, 8.698698 ], [ -68.002220, 8.698324 ], [ -68.002792, 8.698019 ], [ -68.003372, 8.697828 ], [ -68.004036, 8.697704 ], [ -68.004540, 8.697399 ], [ -68.004997, 8.696889 ], [ -68.005432, 8.696447 ], [ -68.005958, 8.696075 ], [ -68.006508, 8.695862 ], [ -68.007034, 8.695624 ], [ -68.007606, 8.695182 ], [ -68.008133, 8.694739 ], [ -68.008522, 8.694321 ], [ -68.008278, 8.693728 ], [ -68.007606, 8.693461 ], [ -68.007050, 8.693262 ], [ -68.006836, 8.692599 ], [ -68.006874, 8.692049 ], [ -68.007141, 8.691449 ], [ -68.007530, 8.691009 ], [ -68.008011, 8.690612 ], [ -68.008782, 8.689662 ], [ -68.009590, 8.689537 ], [ -68.010094, 8.689209 ], [ -68.010506, 8.688746 ], [ -68.011101, 8.688417 ], [ -68.011810, 8.688292 ], [ -68.012596, 8.688259 ], [ -68.013222, 8.688206 ], [ -68.013962, 8.688356 ], [ -68.014450, 8.688741 ], [ -68.014526, 8.689382 ], [ -68.014443, 8.689956 ], [ -68.014656, 8.690619 ], [ -68.015145, 8.690865 ], [ -68.015793, 8.690695 ], [ -68.016388, 8.690390 ], [ -68.016869, 8.689856 ], [ -68.016975, 8.689166 ], [ -68.016983, 8.688524 ], [ -68.016960, 8.687974 ], [ -68.016830, 8.687356 ], [ -68.016434, 8.686789 ], [ -68.015251, 8.686138 ], [ -68.014938, 8.685431 ], [ -68.014747, 8.684883 ], [ -68.014374, 8.684406 ], [ -68.013817, 8.684253 ], [ -68.012916, 8.684149 ], [ -68.012291, 8.684089 ], [ -68.011642, 8.684051 ], [ -68.011154, 8.683805 ], [ -68.010780, 8.683214 ], [ -68.010658, 8.682642 ], [ -68.010696, 8.682068 ], [ -68.010849, 8.681516 ], [ -68.011093, 8.681008 ], [ -68.010971, 8.680390 ], [ -68.010666, 8.679867 ], [ -68.010727, 8.679293 ], [ -68.011002, 8.678785 ], [ -68.011246, 8.678276 ], [ -68.011375, 8.677747 ], [ -68.011345, 8.677152 ], [ -68.010834, 8.676814 ], [ -68.010254, 8.676592 ], [ -68.009606, 8.676302 ], [ -68.009086, 8.675781 ], [ -68.008713, 8.675304 ], [ -68.009171, 8.674484 ], [ -68.009377, 8.674091 ], [ -68.009491, 8.673929 ], [ -68.010079, 8.673210 ], [ -68.010651, 8.672539 ], [ -68.010857, 8.672283 ], [ -68.011086, 8.672028 ], [ -68.011589, 8.671380 ], [ -68.011764, 8.671102 ], [ -68.012016, 8.670777 ], [ -68.012222, 8.670407 ], [ -68.012581, 8.669646 ], [ -68.012695, 8.669276 ], [ -68.012825, 8.668908 ], [ -68.012985, 8.668539 ], [ -68.013145, 8.668239 ], [ -68.013779, 8.667243 ], [ -68.014030, 8.666896 ], [ -68.014351, 8.666824 ], [ -68.014794, 8.666664 ], [ -68.011955, 8.663324 ], [ -68.011642, 8.662479 ], [ -68.011109, 8.661996 ], [ -68.010696, 8.661561 ], [ -68.010094, 8.661355 ], [ -68.009521, 8.661102 ], [ -68.008919, 8.661057 ], [ -68.008301, 8.661035 ], [ -68.007073, 8.660943 ], [ -68.006478, 8.660967 ], [ -68.006241, 8.660211 ], [ -68.006569, 8.659704 ], [ -68.006958, 8.659222 ], [ -68.007210, 8.658648 ], [ -68.007233, 8.657983 ], [ -68.006889, 8.657341 ], [ -68.006523, 8.656858 ], [ -68.005806, 8.656630 ], [ -68.005157, 8.656767 ], [ -68.004532, 8.656837 ], [ -68.003220, 8.657159 ], [ -68.002647, 8.657274 ], [ -68.001953, 8.657504 ], [ -68.001282, 8.657597 ], [ -68.000679, 8.657597 ], [ -68.000130, 8.657413 ], [ -68.000015, 8.657124 ], [ -68.000015, 8.655404 ], [ -68.000061, 8.654682 ], [ -68.000130, 8.654108 ], [ -68.000175, 8.653443 ], [ -68.000496, 8.652088 ], [ -68.000633, 8.651284 ], [ -68.000702, 8.650573 ], [ -68.000748, 8.649954 ], [ -68.000892, 8.649311 ], [ -68.001030, 8.648599 ], [ -68.001190, 8.647980 ], [ -68.001396, 8.646051 ], [ -68.001534, 8.645432 ], [ -68.001930, 8.644146 ], [ -68.002113, 8.643480 ], [ -68.002457, 8.642999 ], [ -68.002945, 8.642653 ], [ -68.003517, 8.642355 ], [ -68.004234, 8.642079 ], [ -68.004860, 8.642101 ], [ -68.005478, 8.642009 ], [ -68.005989, 8.641458 ], [ -68.006149, 8.640861 ], [ -68.006149, 8.640151 ], [ -68.006127, 8.640058 ], [ -68.005989, 8.639553 ], [ -68.005547, 8.639141 ], [ -68.004997, 8.638934 ], [ -68.004395, 8.638752 ], [ -68.003731, 8.638476 ], [ -68.002968, 8.638315 ], [ -68.002365, 8.638225 ], [ -68.001625, 8.637996 ], [ -68.000885, 8.637651 ], [ -68.000450, 8.637010 ], [ -68.000473, 8.636184 ], [ -68.000702, 8.635632 ], [ -68.000961, 8.635104 ], [ -68.001373, 8.634690 ], [ -68.001907, 8.634277 ], [ -68.002945, 8.633405 ], [ -68.003311, 8.632922 ], [ -68.003799, 8.632462 ], [ -68.004326, 8.632095 ], [ -68.004837, 8.631659 ], [ -68.005478, 8.631268 ], [ -68.006012, 8.630992 ], [ -68.006569, 8.630602 ], [ -68.007118, 8.630280 ], [ -68.007767, 8.629867 ], [ -68.008316, 8.629683 ], [ -68.008919, 8.629545 ], [ -68.010277, 8.629153 ], [ -68.011665, 8.628855 ], [ -68.012337, 8.628601 ], [ -68.013557, 8.628210 ], [ -68.014229, 8.627912 ], [ -68.014778, 8.627705 ], [ -68.015541, 8.627245 ], [ -68.016167, 8.626832 ], [ -68.016716, 8.626418 ], [ -68.016762, 8.625730 ], [ -68.016624, 8.625134 ], [ -68.016304, 8.624468 ], [ -68.015884, 8.623870 ], [ -68.015381, 8.623046 ], [ -68.014938, 8.622448 ], [ -68.014549, 8.621944 ], [ -68.014175, 8.621416 ], [ -68.012772, 8.619880 ], [ -68.012238, 8.619420 ], [ -68.011711, 8.618894 ], [ -68.011223, 8.618297 ], [ -68.010834, 8.617655 ], [ -68.010551, 8.617013 ], [ -68.010536, 8.616369 ], [ -68.011154, 8.616002 ], [ -68.011826, 8.615589 ], [ -68.012474, 8.615335 ], [ -68.013092, 8.615129 ], [ -68.013741, 8.614898 ], [ -68.014389, 8.614531 ], [ -68.014847, 8.613865 ], [ -68.014824, 8.613177 ], [ -68.014618, 8.612465 ], [ -68.014389, 8.611800 ], [ -68.014084, 8.611295 ], [ -68.013626, 8.610928 ], [ -68.012932, 8.610997 ], [ -68.012261, 8.611227 ], [ -68.011734, 8.611687 ], [ -68.011200, 8.612237 ], [ -68.010719, 8.612629 ], [ -68.010071, 8.613088 ], [ -68.009514, 8.613318 ], [ -68.008782, 8.613066 ], [ -68.008339, 8.612470 ], [ -68.008270, 8.611895 ], [ -68.008591, 8.611023 ], [ -68.009033, 8.610288 ], [ -68.009910, 8.609760 ], [ -68.011314, 8.608887 ], [ -68.012009, 8.608726 ], [ -68.012749, 8.608634 ], [ -68.013527, 8.608472 ], [ -68.014152, 8.608219 ], [ -68.014618, 8.607714 ], [ -68.014824, 8.607072 ], [ -68.015053, 8.606428 ], [ -68.015121, 8.605694 ], [ -68.014801, 8.605120 ], [ -68.014435, 8.604639 ], [ -68.013946, 8.604249 ], [ -68.013413, 8.603997 ], [ -68.012863, 8.603722 ], [ -68.011688, 8.602620 ], [ -68.011314, 8.602024 ], [ -68.010971, 8.601198 ], [ -68.010880, 8.600624 ], [ -68.011154, 8.600073 ], [ -68.011803, 8.599798 ], [ -68.012634, 8.599751 ], [ -68.013229, 8.599659 ], [ -68.013878, 8.599522 ], [ -68.014549, 8.599405 ], [ -68.015213, 8.599222 ], [ -68.015884, 8.599129 ], [ -68.016434, 8.598945 ], [ -68.016968, 8.598693 ], [ -68.017525, 8.598165 ], [ -68.017731, 8.597568 ], [ -68.017548, 8.596948 ], [ -68.017014, 8.596488 ], [ -68.016419, 8.596237 ], [ -68.015213, 8.595687 ], [ -68.014641, 8.595435 ], [ -68.014084, 8.595205 ], [ -68.013481, 8.594931 ], [ -68.012909, 8.594770 ], [ -68.012238, 8.594656 ], [ -68.011017, 8.594337 ], [ -68.010414, 8.594038 ], [ -68.009865, 8.593740 ], [ -68.009399, 8.593373 ], [ -68.009125, 8.592753 ], [ -68.009010, 8.592065 ], [ -68.008896, 8.591469 ], [ -68.008270, 8.591559 ], [ -68.008018, 8.592386 ], [ -68.007881, 8.593764 ], [ -68.007950, 8.594452 ], [ -68.008041, 8.595233 ], [ -68.007996, 8.595853 ], [ -68.007973, 8.596541 ], [ -68.008064, 8.597230 ], [ -68.007973, 8.597896 ], [ -68.007484, 8.598241 ], [ -68.006866, 8.598402 ], [ -68.006195, 8.598080 ], [ -68.005570, 8.597530 ], [ -68.005272, 8.596865 ], [ -68.005157, 8.596015 ], [ -68.005180, 8.595372 ], [ -68.005249, 8.594661 ], [ -68.005409, 8.594064 ], [ -68.005638, 8.593352 ], [ -68.005798, 8.592779 ], [ -68.006081, 8.592159 ], [ -68.006676, 8.591401 ], [ -68.007416, 8.590323 ], [ -68.007904, 8.589655 ], [ -68.008385, 8.589036 ], [ -68.008774, 8.588508 ], [ -68.009262, 8.587911 ], [ -68.010071, 8.586808 ], [ -68.010437, 8.586188 ], [ -68.010758, 8.585706 ], [ -68.011200, 8.584926 ], [ -68.011406, 8.584328 ], [ -68.011589, 8.583571 ], [ -68.011749, 8.582997 ], [ -68.012169, 8.582447 ], [ -68.012741, 8.581986 ], [ -68.013252, 8.581435 ], [ -68.013481, 8.580884 ], [ -68.013390, 8.580195 ], [ -68.013092, 8.579669 ], [ -68.012833, 8.579049 ], [ -68.012329, 8.578498 ], [ -68.011086, 8.578200 ], [ -68.010391, 8.577971 ], [ -68.009811, 8.577581 ], [ -68.009262, 8.577238 ], [ -68.008705, 8.577422 ], [ -68.008110, 8.577698 ], [ -68.007461, 8.578157 ], [ -68.007019, 8.578547 ], [ -68.006447, 8.579260 ], [ -68.005821, 8.579719 ], [ -68.005318, 8.580408 ], [ -68.004990, 8.580914 ], [ -68.004509, 8.581511 ], [ -68.003929, 8.582084 ], [ -68.003472, 8.582705 ], [ -68.003097, 8.583324 ], [ -68.002846, 8.583876 ], [ -68.002296, 8.584358 ], [ -68.000977, 8.584955 ], [ -68.000313, 8.585575 ], [ -68.000000, 8.586064 ], [ -67.999824, 8.586475 ], [ -67.999436, 8.586942 ], [ -67.999054, 8.587453 ], [ -67.998528, 8.587714 ], [ -67.998062, 8.587285 ], [ -67.997635, 8.586811 ], [ -67.997231, 8.586335 ], [ -67.996674, 8.585792 ], [ -67.995918, 8.584885 ], [ -67.995445, 8.584412 ], [ -67.995003, 8.584004 ], [ -67.994530, 8.583551 ], [ -67.993996, 8.583125 ], [ -67.993523, 8.582696 ], [ -67.992859, 8.581627 ], [ -67.992592, 8.581058 ], [ -67.992584, 8.580437 ], [ -67.992805, 8.579859 ], [ -67.993050, 8.579327 ], [ -67.993340, 8.578747 ], [ -67.993653, 8.578145 ], [ -67.994057, 8.577586 ], [ -67.994469, 8.577144 ], [ -67.994927, 8.576770 ], [ -67.995354, 8.576303 ], [ -67.995689, 8.575790 ], [ -67.996010, 8.575280 ], [ -67.996162, 8.574635 ], [ -67.996033, 8.574040 ], [ -67.995735, 8.572874 ], [ -67.995567, 8.572255 ], [ -67.995278, 8.571709 ], [ -67.995056, 8.571092 ], [ -67.994957, 8.570451 ], [ -67.994919, 8.569762 ], [ -67.995026, 8.569117 ], [ -67.995316, 8.568562 ], [ -67.995682, 8.568095 ], [ -67.996086, 8.567675 ], [ -67.996567, 8.567208 ], [ -67.996994, 8.566741 ], [ -67.997811, 8.565626 ], [ -67.998192, 8.565137 ], [ -67.998550, 8.564603 ], [ -67.998963, 8.564092 ], [ -67.999367, 8.563579 ], [ -67.999680, 8.563045 ], [ -67.999901, 8.562490 ], [ -67.999847, 8.561848 ], [ -67.999626, 8.561300 ], [ -67.999184, 8.560825 ], [ -67.998726, 8.561247 ], [ -67.998253, 8.561644 ], [ -67.997772, 8.561996 ], [ -67.997269, 8.562349 ], [ -67.996719, 8.562612 ], [ -67.996147, 8.562781 ], [ -67.995522, 8.562768 ], [ -67.994965, 8.562548 ], [ -67.994698, 8.562001 ], [ -67.994644, 8.561358 ], [ -67.995026, 8.560802 ], [ -67.995529, 8.560402 ], [ -67.996742, 8.560015 ], [ -67.997291, 8.559753 ], [ -67.997795, 8.559400 ], [ -67.998367, 8.558954 ], [ -67.998871, 8.558533 ], [ -67.999809, 8.558064 ], [ -68.000885, 8.557184 ], [ -68.001717, 8.556839 ], [ -68.002357, 8.556953 ], [ -68.003029, 8.557091 ], [ -68.003632, 8.557251 ], [ -68.004326, 8.557526 ], [ -68.004898, 8.557961 ], [ -68.005455, 8.558604 ], [ -68.005798, 8.559086 ], [ -68.006187, 8.559729 ], [ -68.006630, 8.560232 ], [ -68.007156, 8.560715 ], [ -68.007874, 8.561334 ], [ -68.008407, 8.561975 ], [ -68.008797, 8.562595 ], [ -68.009766, 8.563651 ], [ -68.010185, 8.564132 ], [ -68.010689, 8.564429 ], [ -68.011383, 8.564705 ], [ -68.011772, 8.564246 ], [ -68.012100, 8.563695 ], [ -68.012215, 8.562983 ], [ -68.012215, 8.562364 ], [ -68.012032, 8.561721 ], [ -68.011658, 8.561079 ], [ -68.011177, 8.560574 ], [ -68.010666, 8.560139 ], [ -68.010323, 8.559610 ], [ -68.010139, 8.558991 ], [ -68.010017, 8.558326 ], [ -68.009697, 8.557569 ], [ -68.009354, 8.556950 ], [ -68.008774, 8.555618 ], [ -68.008453, 8.555113 ], [ -68.008034, 8.554701 ], [ -68.007690, 8.554172 ], [ -68.007782, 8.553508 ], [ -68.008125, 8.553025 ], [ -68.008774, 8.552634 ], [ -68.009354, 8.552404 ], [ -68.010597, 8.552495 ], [ -68.011910, 8.552977 ], [ -68.012672, 8.553021 ], [ -68.013344, 8.552907 ], [ -68.013733, 8.552402 ], [ -68.013802, 8.551667 ], [ -68.013642, 8.551024 ], [ -68.013298, 8.549580 ], [ -68.013062, 8.548890 ], [ -68.012764, 8.548156 ], [ -68.012421, 8.547468 ], [ -68.012261, 8.546825 ], [ -68.012207, 8.545930 ], [ -68.012375, 8.545287 ], [ -68.012604, 8.544667 ], [ -68.013062, 8.544162 ], [ -68.013618, 8.543795 ], [ -68.014221, 8.543542 ], [ -68.014862, 8.543472 ], [ -68.015671, 8.543725 ], [ -68.016297, 8.544068 ], [ -68.017029, 8.544412 ], [ -68.017906, 8.544732 ], [ -68.018532, 8.544779 ], [ -68.019249, 8.544686 ], [ -68.019798, 8.544502 ], [ -68.020447, 8.544135 ], [ -68.020881, 8.543606 ], [ -68.021072, 8.542940 ], [ -68.020859, 8.542230 ], [ -68.020561, 8.541633 ], [ -68.020195, 8.541036 ], [ -68.019913, 8.540485 ], [ -68.019524, 8.539911 ], [ -68.019318, 8.539268 ], [ -68.019341, 8.538581 ], [ -68.019569, 8.538008 ], [ -68.020142, 8.537708 ], [ -68.020767, 8.537846 ], [ -68.021232, 8.538351 ], [ -68.021553, 8.538854 ], [ -68.022034, 8.539428 ], [ -68.022613, 8.539932 ], [ -68.023193, 8.540300 ], [ -68.023765, 8.540690 ], [ -68.024345, 8.541057 ], [ -68.024964, 8.541262 ], [ -68.025612, 8.541261 ], [ -68.026260, 8.541192 ], [ -68.026863, 8.541008 ], [ -68.027412, 8.540687 ], [ -68.027916, 8.540297 ], [ -68.028450, 8.539860 ], [ -68.028816, 8.539377 ], [ -68.029144, 8.538712 ], [ -68.029373, 8.538137 ], [ -68.029533, 8.537472 ], [ -68.029533, 8.536852 ], [ -68.029854, 8.536402 ], [ -68.030525, 8.536576 ], [ -68.031105, 8.536667 ], [ -68.031700, 8.536736 ], [ -68.032280, 8.536827 ], [ -68.032905, 8.536896 ], [ -68.033592, 8.536895 ], [ -68.034241, 8.536779 ], [ -68.034981, 8.536550 ], [ -68.035622, 8.536595 ], [ -68.036247, 8.536778 ], [ -68.036873, 8.537030 ], [ -68.037674, 8.537488 ], [ -68.038368, 8.537625 ], [ -68.039292, 8.537625 ], [ -68.040054, 8.537440 ], [ -68.040748, 8.537233 ], [ -68.041527, 8.537233 ], [ -68.042961, 8.537393 ], [ -68.043579, 8.537530 ], [ -68.044205, 8.537713 ], [ -68.044762, 8.537919 ], [ -68.045563, 8.538149 ], [ -68.046165, 8.538377 ], [ -68.046814, 8.538698 ], [ -68.047409, 8.539110 ], [ -68.047943, 8.539569 ], [ -68.048409, 8.540029 ], [ -68.048889, 8.540647 ], [ -68.049492, 8.541381 ], [ -68.049812, 8.541863 ], [ -68.050278, 8.542965 ], [ -68.050484, 8.543515 ], [ -68.050667, 8.544112 ], [ -68.050827, 8.544685 ], [ -68.050965, 8.545488 ], [ -68.051033, 8.546268 ], [ -68.051056, 8.546935 ], [ -68.051224, 8.548197 ], [ -68.051292, 8.549069 ], [ -68.051224, 8.549826 ], [ -68.050987, 8.551318 ], [ -68.050941, 8.551962 ], [ -68.050987, 8.552650 ], [ -68.051132, 8.553361 ], [ -68.051384, 8.554095 ], [ -68.051475, 8.554692 ], [ -68.051567, 8.556046 ], [ -68.051544, 8.556644 ], [ -68.051430, 8.557217 ], [ -68.051132, 8.557791 ], [ -68.050827, 8.558319 ], [ -68.050598, 8.558939 ], [ -68.050323, 8.559582 ], [ -68.049904, 8.560109 ], [ -68.049400, 8.560523 ], [ -68.048920, 8.560844 ], [ -68.048477, 8.561304 ], [ -68.048088, 8.561855 ], [ -68.047783, 8.562475 ], [ -68.047554, 8.563279 ], [ -68.047417, 8.564013 ], [ -68.047531, 8.564611 ], [ -68.047836, 8.565115 ], [ -68.048782, 8.565275 ], [ -68.049515, 8.565343 ], [ -68.050301, 8.565366 ], [ -68.050995, 8.565343 ], [ -68.051872, 8.565295 ], [ -68.052536, 8.565249 ], [ -68.053185, 8.565271 ], [ -68.053902, 8.565454 ], [ -68.054314, 8.565913 ], [ -68.054550, 8.566486 ], [ -68.054642, 8.567198 ], [ -68.054688, 8.567841 ], [ -68.054619, 8.568415 ], [ -68.054436, 8.569104 ], [ -68.054245, 8.569678 ], [ -68.054085, 8.570251 ], [ -68.053947, 8.571076 ], [ -68.053536, 8.571858 ], [ -68.053276, 8.572454 ], [ -68.053093, 8.573075 ], [ -68.052887, 8.573833 ], [ -68.052795, 8.574430 ], [ -68.052612, 8.575049 ], [ -68.052239, 8.575669 ], [ -68.051849, 8.576221 ], [ -68.051460, 8.576886 ], [ -68.051292, 8.577529 ], [ -68.051369, 8.578173 ], [ -68.051529, 8.578769 ], [ -68.051346, 8.579412 ], [ -68.051064, 8.580123 ], [ -68.051300, 8.580766 ], [ -68.051781, 8.581155 ], [ -68.052383, 8.581062 ], [ -68.052887, 8.580742 ], [ -68.053467, 8.580259 ], [ -68.053970, 8.579867 ], [ -68.054573, 8.579454 ], [ -68.055099, 8.578996 ], [ -68.056069, 8.578030 ], [ -68.056511, 8.577640 ], [ -68.057060, 8.577318 ], [ -68.057709, 8.576996 ], [ -68.058403, 8.576697 ], [ -68.059624, 8.575825 ], [ -68.060204, 8.575571 ], [ -68.061012, 8.575295 ], [ -68.061767, 8.575110 ], [ -68.062553, 8.575111 ], [ -68.064835, 8.575040 ], [ -68.065552, 8.575085 ], [ -68.066246, 8.574945 ], [ -68.066887, 8.574945 ], [ -68.067650, 8.575084 ], [ -68.068252, 8.575404 ], [ -68.068687, 8.575817 ], [ -68.069290, 8.576459 ], [ -68.069710, 8.577032 ], [ -68.070076, 8.577629 ], [ -68.070305, 8.578179 ], [ -68.070488, 8.578776 ], [ -68.070885, 8.579350 ], [ -68.071342, 8.579831 ], [ -68.071762, 8.580244 ], [ -68.072266, 8.580703 ], [ -68.073585, 8.582193 ], [ -68.074043, 8.582697 ], [ -68.074555, 8.583295 ], [ -68.075012, 8.583753 ], [ -68.075455, 8.584281 ], [ -68.075775, 8.584946 ], [ -68.076126, 8.585427 ], [ -68.076515, 8.586093 ], [ -68.077019, 8.586505 ], [ -68.077644, 8.586459 ], [ -68.078041, 8.585977 ], [ -68.078499, 8.585448 ], [ -68.079285, 8.584139 ], [ -68.080185, 8.583336 ], [ -68.081726, 8.582278 ], [ -68.082306, 8.581957 ], [ -68.082924, 8.581703 ], [ -68.083687, 8.581473 ], [ -68.084381, 8.581359 ], [ -68.085213, 8.581358 ], [ -68.086159, 8.581333 ], [ -68.086899, 8.581333 ], [ -68.087723, 8.581470 ], [ -68.088280, 8.581836 ], [ -68.088646, 8.582364 ], [ -68.088883, 8.583121 ], [ -68.088928, 8.583741 ], [ -68.088791, 8.584338 ], [ -68.088577, 8.584981 ], [ -68.088188, 8.585463 ], [ -68.087700, 8.585899 ], [ -68.087151, 8.586337 ], [ -68.086639, 8.586772 ], [ -68.086250, 8.587347 ], [ -68.085838, 8.587852 ], [ -68.085304, 8.588244 ], [ -68.084801, 8.588634 ], [ -68.084267, 8.589116 ], [ -68.084015, 8.589712 ], [ -68.083946, 8.590379 ], [ -68.084015, 8.590975 ], [ -68.084267, 8.591503 ], [ -68.084755, 8.592099 ], [ -68.085167, 8.592535 ], [ -68.085747, 8.592351 ], [ -68.086159, 8.591914 ], [ -68.086601, 8.591364 ], [ -68.087013, 8.590789 ], [ -68.087380, 8.590216 ], [ -68.087708, 8.589617 ], [ -68.088211, 8.588998 ], [ -68.088883, 8.588652 ], [ -68.089531, 8.588446 ], [ -68.090149, 8.588468 ], [ -68.090866, 8.588605 ], [ -68.091515, 8.588995 ], [ -68.092110, 8.589408 ], [ -68.092598, 8.589750 ], [ -68.093247, 8.590257 ], [ -68.093819, 8.590416 ], [ -68.094330, 8.590094 ], [ -68.094810, 8.589726 ], [ -68.095345, 8.589474 ], [ -68.096077, 8.589151 ], [ -68.096703, 8.589036 ], [ -68.097374, 8.588898 ], [ -68.098114, 8.588921 ], [ -68.098709, 8.589057 ], [ -68.099449, 8.589125 ], [ -68.100052, 8.589332 ], [ -68.100555, 8.589745 ], [ -68.100975, 8.590295 ], [ -68.101273, 8.590892 ], [ -68.101181, 8.591489 ], [ -68.100693, 8.591925 ], [ -68.100098, 8.592086 ], [ -68.099426, 8.592154 ], [ -68.098846, 8.592316 ], [ -68.098183, 8.592432 ], [ -68.097397, 8.592615 ], [ -68.096863, 8.592984 ], [ -68.096703, 8.593558 ], [ -68.096863, 8.594201 ], [ -68.096931, 8.594889 ], [ -68.096657, 8.595440 ], [ -68.096474, 8.596083 ], [ -68.096794, 8.596564 ], [ -68.097374, 8.596862 ], [ -68.097954, 8.597022 ], [ -68.098572, 8.597091 ], [ -68.099175, 8.596861 ], [ -68.099610, 8.596446 ], [ -68.100166, 8.595964 ], [ -68.100792, 8.595895 ], [ -68.101204, 8.596308 ], [ -68.101479, 8.596905 ], [ -68.102150, 8.597018 ], [ -68.102379, 8.596308 ], [ -68.102616, 8.595734 ], [ -68.103073, 8.595204 ], [ -68.103653, 8.595020 ], [ -68.104225, 8.594859 ], [ -68.104942, 8.594789 ], [ -68.105522, 8.594904 ], [ -68.106094, 8.595294 ], [ -68.106628, 8.595546 ], [ -68.107040, 8.596004 ], [ -68.107247, 8.596647 ], [ -68.107506, 8.597219 ], [ -68.107575, 8.597910 ], [ -68.107247, 8.598391 ], [ -68.106812, 8.598804 ], [ -68.106262, 8.599126 ], [ -68.105866, 8.599563 ], [ -68.105431, 8.600000 ], [ -68.105057, 8.600574 ], [ -68.104714, 8.601192 ], [ -68.104462, 8.601814 ], [ -68.104714, 8.602342 ], [ -68.105034, 8.602915 ], [ -68.105408, 8.603396 ], [ -68.105866, 8.603809 ], [ -68.106331, 8.604267 ], [ -68.106857, 8.604589 ], [ -68.108063, 8.605252 ], [ -68.108566, 8.605689 ], [ -68.109032, 8.606055 ], [ -68.109535, 8.606354 ], [ -68.110069, 8.606652 ], [ -68.110550, 8.607110 ], [ -68.111130, 8.607430 ], [ -68.112305, 8.606948 ], [ -68.112930, 8.606832 ], [ -68.113602, 8.606670 ], [ -68.114151, 8.606280 ], [ -68.114525, 8.605821 ], [ -68.114754, 8.605269 ], [ -68.115006, 8.604512 ], [ -68.114960, 8.603870 ], [ -68.114777, 8.603135 ], [ -68.114685, 8.602493 ], [ -68.114517, 8.601896 ], [ -68.114426, 8.601299 ], [ -68.114265, 8.600726 ], [ -68.114151, 8.600129 ], [ -68.114242, 8.599532 ], [ -68.114655, 8.599096 ], [ -68.115280, 8.598797 ], [ -68.116020, 8.598544 ], [ -68.116753, 8.598452 ], [ -68.117470, 8.598473 ], [ -68.118072, 8.598450 ], [ -68.118744, 8.598611 ], [ -68.119339, 8.599091 ], [ -68.120033, 8.600100 ], [ -68.120262, 8.600719 ], [ -68.121925, 8.600764 ], [ -68.123260, 8.601337 ], [ -68.123543, 8.601887 ], [ -68.123329, 8.602553 ], [ -68.123314, 8.603173 ], [ -68.123177, 8.604572 ], [ -68.123337, 8.605169 ], [ -68.123909, 8.605399 ], [ -68.124558, 8.605307 ], [ -68.125137, 8.605077 ], [ -68.125641, 8.604777 ], [ -68.126335, 8.604455 ], [ -68.126839, 8.604042 ], [ -68.127236, 8.603514 ], [ -68.127739, 8.602894 ], [ -68.128685, 8.602020 ], [ -68.129028, 8.601492 ], [ -68.129448, 8.600918 ], [ -68.129837, 8.600205 ], [ -68.130096, 8.599608 ], [ -68.130417, 8.599126 ], [ -68.130829, 8.598713 ], [ -68.131409, 8.598230 ], [ -68.132073, 8.597863 ], [ -68.132675, 8.597747 ], [ -68.133301, 8.597930 ], [ -68.133713, 8.598342 ], [ -68.134041, 8.598824 ], [ -68.134293, 8.599352 ], [ -68.134682, 8.600109 ], [ -68.134918, 8.600659 ], [ -68.135033, 8.601257 ], [ -68.135170, 8.601853 ], [ -68.135635, 8.602358 ], [ -68.136093, 8.602748 ], [ -68.136673, 8.603206 ], [ -68.137337, 8.603436 ], [ -68.137985, 8.603457 ], [ -68.138611, 8.603296 ], [ -68.139183, 8.603387 ], [ -68.139854, 8.603730 ], [ -68.140434, 8.603937 ], [ -68.141075, 8.603776 ], [ -68.141541, 8.603408 ], [ -68.141952, 8.602994 ], [ -68.142372, 8.602374 ], [ -68.142738, 8.601731 ], [ -68.143082, 8.601226 ], [ -68.143501, 8.600765 ], [ -68.144142, 8.600422 ], [ -68.144745, 8.600627 ], [ -68.145256, 8.600948 ], [ -68.145805, 8.601154 ], [ -68.146477, 8.601452 ], [ -68.147003, 8.601795 ], [ -68.147560, 8.602277 ], [ -68.148208, 8.602666 ], [ -68.148872, 8.602964 ], [ -68.149498, 8.603078 ], [ -68.150192, 8.602848 ], [ -68.150856, 8.602572 ], [ -68.151436, 8.602387 ], [ -68.152084, 8.602295 ], [ -68.152802, 8.602295 ], [ -68.153465, 8.602202 ], [ -68.154182, 8.602041 ], [ -68.154777, 8.601971 ], [ -68.155426, 8.601971 ], [ -68.155983, 8.602315 ], [ -68.156326, 8.602841 ], [ -68.156769, 8.603346 ], [ -68.157158, 8.603920 ], [ -68.157440, 8.605228 ], [ -68.157898, 8.605846 ], [ -68.158333, 8.606283 ], [ -68.158844, 8.606626 ], [ -68.159355, 8.606923 ], [ -68.159996, 8.607130 ], [ -68.160713, 8.606945 ], [ -68.162102, 8.606462 ], [ -68.162765, 8.606462 ], [ -68.164086, 8.606644 ], [ -68.165375, 8.607285 ], [ -68.166000, 8.607308 ], [ -68.166572, 8.607122 ], [ -68.167175, 8.606709 ], [ -68.167725, 8.606273 ], [ -68.168976, 8.605698 ], [ -68.169785, 8.605421 ], [ -68.170517, 8.605420 ], [ -68.171188, 8.605350 ], [ -68.171791, 8.605395 ], [ -68.172455, 8.605556 ], [ -68.173103, 8.605623 ], [ -68.173706, 8.605509 ], [ -68.174278, 8.605118 ], [ -68.174698, 8.604544 ], [ -68.175270, 8.604244 ], [ -68.175896, 8.603992 ], [ -68.176636, 8.603853 ], [ -68.177208, 8.603921 ], [ -68.177788, 8.604150 ], [ -68.178200, 8.604608 ], [ -68.178367, 8.605206 ], [ -68.178596, 8.605780 ], [ -68.178940, 8.606353 ], [ -68.179199, 8.606903 ], [ -68.179520, 8.607430 ], [ -68.180145, 8.607522 ], [ -68.181641, 8.607473 ], [ -68.182243, 8.607565 ], [ -68.182915, 8.607840 ], [ -68.183533, 8.607701 ], [ -68.183807, 8.607150 ], [ -68.183922, 8.606461 ], [ -68.184067, 8.605886 ], [ -68.184273, 8.605268 ], [ -68.184708, 8.604739 ], [ -68.185448, 8.604646 ], [ -68.186051, 8.604876 ], [ -68.186623, 8.605173 ], [ -68.187088, 8.605563 ], [ -68.187523, 8.605975 ], [ -68.188057, 8.606433 ], [ -68.188683, 8.606663 ], [ -68.189369, 8.606845 ], [ -68.189972, 8.606844 ], [ -68.190498, 8.606546 ], [ -68.191032, 8.606177 ], [ -68.191681, 8.605880 ], [ -68.192070, 8.605328 ], [ -68.192413, 8.604799 ], [ -68.192879, 8.604133 ], [ -68.193337, 8.603514 ], [ -68.193848, 8.602939 ], [ -68.194443, 8.602548 ], [ -68.195206, 8.602478 ], [ -68.195831, 8.602547 ], [ -68.196472, 8.602661 ], [ -68.197052, 8.602889 ], [ -68.197746, 8.603233 ], [ -68.198319, 8.603393 ], [ -68.198898, 8.603530 ], [ -68.199547, 8.603873 ], [ -68.200050, 8.604378 ], [ -68.200470, 8.604951 ], [ -68.200813, 8.605547 ], [ -68.201416, 8.605707 ], [ -68.201920, 8.606073 ], [ -68.202385, 8.606508 ], [ -68.202843, 8.606991 ], [ -68.203262, 8.607495 ], [ -68.203819, 8.607816 ], [ -68.204415, 8.607724 ], [ -68.204948, 8.607332 ], [ -68.206100, 8.605679 ], [ -68.206513, 8.605151 ], [ -68.207138, 8.604691 ], [ -68.207733, 8.604507 ], [ -68.208450, 8.604160 ], [ -68.209030, 8.603863 ], [ -68.209602, 8.603701 ], [ -68.210342, 8.603724 ], [ -68.210991, 8.603653 ], [ -68.211494, 8.603285 ], [ -68.212005, 8.602665 ], [ -68.212372, 8.602137 ], [ -68.212738, 8.601563 ], [ -68.213066, 8.601081 ], [ -68.213524, 8.600552 ], [ -68.214150, 8.600069 ], [ -68.214538, 8.599609 ], [ -68.215050, 8.599173 ], [ -68.216133, 8.598368 ], [ -68.217216, 8.597701 ], [ -68.217789, 8.597264 ], [ -68.218346, 8.596667 ], [ -68.218826, 8.596253 ], [ -68.219406, 8.595955 ], [ -68.220100, 8.595746 ], [ -68.220741, 8.595584 ], [ -68.222267, 8.595583 ], [ -68.222939, 8.595514 ], [ -68.223534, 8.595283 ], [ -68.224205, 8.594961 ], [ -68.224922, 8.594822 ], [ -68.225731, 8.594821 ], [ -68.226395, 8.594913 ], [ -68.227066, 8.594706 ], [ -68.227646, 8.594337 ], [ -68.228104, 8.593946 ], [ -68.228775, 8.593510 ], [ -68.229370, 8.593164 ], [ -68.229973, 8.593025 ], [ -68.230644, 8.593002 ], [ -68.231354, 8.593000 ], [ -68.231956, 8.593093 ], [ -68.232696, 8.593275 ], [ -68.234314, 8.594214 ], [ -68.234566, 8.594765 ], [ -68.234726, 8.595499 ], [ -68.235092, 8.595957 ], [ -68.235718, 8.596209 ], [ -68.236343, 8.596163 ], [ -68.236992, 8.596208 ], [ -68.237655, 8.596230 ], [ -68.238281, 8.596505 ], [ -68.238739, 8.596940 ], [ -68.239944, 8.598592 ], [ -68.240334, 8.599234 ], [ -68.240913, 8.599898 ], [ -68.241631, 8.600907 ], [ -68.242088, 8.601459 ], [ -68.242577, 8.601871 ], [ -68.243179, 8.602306 ], [ -68.243729, 8.602764 ], [ -68.244286, 8.603176 ], [ -68.244812, 8.603428 ], [ -68.245575, 8.603519 ], [ -68.246269, 8.603495 ], [ -68.247101, 8.603448 ], [ -68.247772, 8.603378 ], [ -68.248390, 8.603400 ], [ -68.249084, 8.603445 ], [ -68.249939, 8.603468 ], [ -68.250557, 8.603375 ], [ -68.251343, 8.603396 ], [ -68.251991, 8.603580 ], [ -68.252617, 8.603831 ], [ -68.253166, 8.604220 ], [ -68.253700, 8.604542 ], [ -68.254272, 8.604426 ], [ -68.255013, 8.604356 ], [ -68.255661, 8.604355 ], [ -68.256302, 8.604056 ], [ -68.256882, 8.603734 ], [ -68.257484, 8.603917 ], [ -68.258057, 8.604214 ], [ -68.258499, 8.604672 ], [ -68.259048, 8.605291 ], [ -68.260162, 8.606393 ], [ -68.260780, 8.606322 ], [ -68.261292, 8.605886 ], [ -68.261703, 8.605449 ], [ -68.262009, 8.604876 ], [ -68.262123, 8.604301 ], [ -68.262283, 8.603566 ], [ -68.262489, 8.602900 ], [ -68.262466, 8.602235 ], [ -68.262512, 8.601638 ], [ -68.262444, 8.600904 ], [ -68.261887, 8.599618 ], [ -68.261818, 8.598885 ], [ -68.262115, 8.598333 ], [ -68.262604, 8.597988 ], [ -68.263313, 8.597804 ], [ -68.263916, 8.597826 ], [ -68.264564, 8.597917 ], [ -68.265206, 8.597733 ], [ -68.265739, 8.597457 ], [ -68.266174, 8.597066 ], [ -68.266731, 8.596789 ], [ -68.268181, 8.596993 ], [ -68.268921, 8.596924 ], [ -68.269501, 8.596670 ], [ -68.270050, 8.596280 ], [ -68.270744, 8.596004 ], [ -68.271317, 8.595704 ], [ -68.271782, 8.595267 ], [ -68.272148, 8.594693 ], [ -68.272499, 8.594118 ], [ -68.272957, 8.593659 ], [ -68.273491, 8.593384 ], [ -68.274063, 8.593473 ], [ -68.274643, 8.593657 ], [ -68.275269, 8.593656 ], [ -68.275841, 8.593540 ], [ -68.276329, 8.593149 ], [ -68.276764, 8.592575 ], [ -68.277176, 8.592001 ], [ -68.277573, 8.591426 ], [ -68.278008, 8.590920 ], [ -68.278541, 8.590530 ], [ -68.279183, 8.590346 ], [ -68.279968, 8.590413 ], [ -68.281120, 8.590824 ], [ -68.281769, 8.590961 ], [ -68.282509, 8.591236 ], [ -68.283546, 8.592153 ], [ -68.283867, 8.592657 ], [ -68.284287, 8.593162 ], [ -68.284912, 8.593298 ], [ -68.285553, 8.593367 ], [ -68.286087, 8.593733 ], [ -68.286613, 8.594053 ], [ -68.287308, 8.594511 ], [ -68.287819, 8.594832 ], [ -68.288323, 8.595221 ], [ -68.288765, 8.595657 ], [ -68.289391, 8.595978 ], [ -68.290680, 8.596550 ], [ -68.291306, 8.596917 ], [ -68.291855, 8.597283 ], [ -68.292481, 8.597534 ], [ -68.293129, 8.597717 ], [ -68.293747, 8.597395 ], [ -68.294235, 8.596958 ], [ -68.294807, 8.596544 ], [ -68.295387, 8.596153 ], [ -68.296104, 8.595877 ], [ -68.296654, 8.596220 ], [ -68.296936, 8.596770 ], [ -68.297028, 8.597413 ], [ -68.296959, 8.598033 ], [ -68.296616, 8.598677 ], [ -68.295624, 8.600239 ], [ -68.295715, 8.600812 ], [ -68.296036, 8.601546 ], [ -68.296455, 8.602119 ], [ -68.296913, 8.602531 ], [ -68.297447, 8.602853 ], [ -68.297928, 8.603219 ], [ -68.298622, 8.603517 ], [ -68.299179, 8.603814 ], [ -68.299660, 8.604157 ], [ -68.300331, 8.604569 ], [ -68.300652, 8.605051 ], [ -68.300957, 8.605578 ], [ -68.301231, 8.606130 ], [ -68.301582, 8.606656 ], [ -68.301834, 8.607230 ], [ -68.302223, 8.607919 ], [ -68.302643, 8.608469 ], [ -68.303055, 8.608904 ], [ -68.303543, 8.609340 ], [ -68.304375, 8.610233 ], [ -68.304840, 8.610601 ], [ -68.305527, 8.610783 ], [ -68.306198, 8.610897 ], [ -68.306847, 8.611171 ], [ -68.307213, 8.611652 ], [ -68.307770, 8.612088 ], [ -68.308418, 8.612248 ], [ -68.309036, 8.612315 ], [ -68.309753, 8.612291 ], [ -68.310372, 8.612176 ], [ -68.311043, 8.612014 ], [ -68.311737, 8.611600 ], [ -68.312386, 8.611301 ], [ -68.312981, 8.611255 ], [ -68.313721, 8.611277 ], [ -68.314346, 8.611252 ], [ -68.315079, 8.611252 ], [ -68.315842, 8.611181 ], [ -68.316582, 8.611203 ], [ -68.317345, 8.611110 ], [ -68.317802, 8.610673 ], [ -68.318176, 8.610213 ], [ -68.318726, 8.609938 ], [ -68.319328, 8.609798 ], [ -68.320038, 8.609728 ], [ -68.320686, 8.609682 ], [ -68.321381, 8.609475 ], [ -68.321678, 8.608947 ], [ -68.321610, 8.608304 ], [ -68.321381, 8.607730 ], [ -68.321190, 8.607157 ], [ -68.321190, 8.606422 ], [ -68.321373, 8.605687 ], [ -68.321793, 8.605136 ], [ -68.322250, 8.604768 ], [ -68.322853, 8.604491 ], [ -68.323471, 8.604192 ], [ -68.324028, 8.603686 ], [ -68.324371, 8.603135 ], [ -68.324509, 8.602561 ], [ -68.324531, 8.601827 ], [ -68.324280, 8.601093 ], [ -68.323860, 8.600679 ], [ -68.323402, 8.600267 ], [ -68.322983, 8.599763 ], [ -68.322662, 8.599258 ], [ -68.322388, 8.598731 ], [ -68.322342, 8.598135 ], [ -68.322571, 8.597584 ], [ -68.323006, 8.597170 ], [ -68.323654, 8.596893 ], [ -68.324371, 8.596777 ], [ -68.325012, 8.596821 ], [ -68.325615, 8.596845 ], [ -68.326210, 8.596889 ], [ -68.326950, 8.596820 ], [ -68.327599, 8.596726 ], [ -68.328361, 8.596519 ], [ -68.329102, 8.596655 ], [ -68.330345, 8.597251 ], [ -68.331016, 8.597709 ], [ -68.331474, 8.598098 ], [ -68.331940, 8.598464 ], [ -68.332535, 8.598784 ], [ -68.333138, 8.599196 ], [ -68.333649, 8.599679 ], [ -68.334152, 8.600183 ], [ -68.334618, 8.600709 ], [ -68.335030, 8.601419 ], [ -68.335701, 8.602635 ], [ -68.336098, 8.603210 ], [ -68.336624, 8.603828 ], [ -68.337158, 8.604309 ], [ -68.337685, 8.604630 ], [ -68.338402, 8.605020 ], [ -68.338982, 8.605386 ], [ -68.339653, 8.605844 ], [ -68.340225, 8.606141 ], [ -68.340828, 8.606370 ], [ -68.341454, 8.606530 ], [ -68.342125, 8.606667 ], [ -68.342674, 8.606872 ], [ -68.343368, 8.607239 ], [ -68.344086, 8.607558 ], [ -68.345513, 8.607854 ], [ -68.346092, 8.608198 ], [ -68.346764, 8.608680 ], [ -68.347221, 8.609069 ], [ -68.348450, 8.609456 ], [ -68.349022, 8.609525 ], [ -68.349693, 8.609455 ], [ -68.350433, 8.609292 ], [ -68.351028, 8.609246 ], [ -68.351814, 8.609475 ], [ -68.352486, 8.609819 ], [ -68.352921, 8.610253 ], [ -68.353546, 8.610665 ], [ -68.354004, 8.610230 ], [ -68.354309, 8.609632 ], [ -68.354607, 8.608896 ], [ -68.354881, 8.608300 ], [ -68.355553, 8.608183 ], [ -68.356125, 8.608412 ], [ -68.356796, 8.608251 ], [ -68.357239, 8.607767 ], [ -68.357719, 8.607308 ], [ -68.358276, 8.607101 ], [ -68.358986, 8.607214 ], [ -68.359657, 8.607557 ], [ -68.360306, 8.607924 ], [ -68.360909, 8.608335 ], [ -68.361923, 8.608999 ], [ -68.362381, 8.609505 ], [ -68.362800, 8.610031 ], [ -68.363167, 8.610536 ], [ -68.363724, 8.611040 ], [ -68.364204, 8.611522 ], [ -68.365250, 8.612598 ], [ -68.365776, 8.613240 ], [ -68.366150, 8.613744 ], [ -68.366539, 8.614318 ], [ -68.367096, 8.614637 ], [ -68.367744, 8.614866 ], [ -68.368362, 8.614957 ], [ -68.369125, 8.615026 ], [ -68.369888, 8.615047 ], [ -68.370606, 8.615024 ], [ -68.371803, 8.615205 ], [ -68.372452, 8.615387 ], [ -68.373672, 8.615959 ], [ -68.374207, 8.616302 ], [ -68.374733, 8.616554 ], [ -68.375336, 8.616646 ], [ -68.376030, 8.616667 ], [ -68.376770, 8.616757 ], [ -68.377319, 8.616963 ], [ -68.377899, 8.617077 ], [ -68.378662, 8.617030 ], [ -68.379303, 8.616960 ], [ -68.380043, 8.616660 ], [ -68.380524, 8.616270 ], [ -68.381035, 8.615718 ], [ -68.381424, 8.615211 ], [ -68.382187, 8.614132 ], [ -68.382576, 8.612845 ], [ -68.382736, 8.612271 ], [ -68.382896, 8.611607 ], [ -68.383202, 8.611055 ], [ -68.383705, 8.610663 ], [ -68.384651, 8.609744 ], [ -68.385178, 8.609283 ], [ -68.385803, 8.609053 ], [ -68.386429, 8.608891 ], [ -68.387047, 8.608776 ], [ -68.387741, 8.608706 ], [ -68.388412, 8.608658 ], [ -68.389076, 8.608566 ], [ -68.389702, 8.608450 ], [ -68.390396, 8.608288 ], [ -68.390991, 8.607988 ], [ -68.391571, 8.607621 ], [ -68.392220, 8.607298 ], [ -68.392860, 8.606998 ], [ -68.393440, 8.606676 ], [ -68.394035, 8.606377 ], [ -68.394684, 8.606147 ], [ -68.395424, 8.605915 ], [ -68.396111, 8.605731 ], [ -68.396919, 8.605660 ], [ -68.397522, 8.605660 ], [ -68.398117, 8.605704 ], [ -68.398766, 8.605543 ], [ -68.399300, 8.605289 ], [ -68.399895, 8.605081 ], [ -68.400543, 8.605082 ], [ -68.401123, 8.605241 ], [ -68.401787, 8.605216 ], [ -68.402367, 8.605101 ], [ -68.403221, 8.604893 ], [ -68.403915, 8.604777 ], [ -68.404510, 8.604731 ], [ -68.405090, 8.604659 ], [ -68.405731, 8.604498 ], [ -68.406403, 8.604383 ], [ -68.407555, 8.604151 ], [ -68.408943, 8.603850 ], [ -68.409492, 8.603597 ], [ -68.410095, 8.603343 ], [ -68.411247, 8.602905 ], [ -68.411919, 8.602881 ], [ -68.412308, 8.603339 ], [ -68.412750, 8.603751 ], [ -68.413231, 8.604073 ], [ -68.413811, 8.603956 ], [ -68.414223, 8.603519 ], [ -68.414551, 8.603037 ], [ -68.415215, 8.601889 ], [ -68.415421, 8.601291 ], [ -68.415535, 8.600648 ], [ -68.415794, 8.600052 ], [ -68.416229, 8.599476 ], [ -68.416618, 8.599017 ], [ -68.417198, 8.598487 ], [ -68.417793, 8.598027 ], [ -68.418282, 8.597636 ], [ -68.418785, 8.597337 ], [ -68.419937, 8.596761 ], [ -68.420540, 8.596646 ], [ -68.421142, 8.596760 ], [ -68.421761, 8.596897 ], [ -68.422272, 8.597239 ], [ -68.422775, 8.597607 ], [ -68.423355, 8.597995 ], [ -68.423866, 8.598384 ], [ -68.424301, 8.598796 ], [ -68.424767, 8.599210 ], [ -68.425247, 8.599529 ], [ -68.425735, 8.599941 ], [ -68.426338, 8.600286 ], [ -68.426819, 8.600766 ], [ -68.427078, 8.601316 ], [ -68.427422, 8.602005 ], [ -68.427651, 8.602554 ], [ -68.427978, 8.603128 ], [ -68.428970, 8.603953 ], [ -68.429642, 8.604434 ], [ -68.430214, 8.604915 ], [ -68.430885, 8.605281 ], [ -68.431511, 8.605395 ], [ -68.432182, 8.605486 ], [ -68.432800, 8.605507 ], [ -68.433494, 8.605598 ], [ -68.434029, 8.605849 ], [ -68.434624, 8.606215 ], [ -68.435295, 8.606215 ], [ -68.436035, 8.606305 ], [ -68.436539, 8.606603 ], [ -68.436913, 8.607084 ], [ -68.437302, 8.607703 ], [ -68.437813, 8.608208 ], [ -68.438461, 8.608802 ], [ -68.439545, 8.609444 ], [ -68.440262, 8.609740 ], [ -68.440788, 8.610062 ], [ -68.441460, 8.610037 ], [ -68.442062, 8.609737 ], [ -68.442474, 8.609278 ], [ -68.442871, 8.608818 ], [ -68.443443, 8.608266 ], [ -68.443855, 8.607783 ], [ -68.444366, 8.607277 ], [ -68.444824, 8.606794 ], [ -68.445381, 8.606542 ], [ -68.446075, 8.606333 ], [ -68.446785, 8.606149 ], [ -68.447456, 8.606055 ], [ -68.448105, 8.606077 ], [ -68.448700, 8.606237 ], [ -68.449440, 8.606281 ], [ -68.450157, 8.606257 ], [ -68.450844, 8.606141 ], [ -68.451675, 8.606208 ], [ -68.452141, 8.606644 ], [ -68.452789, 8.606780 ], [ -68.454147, 8.606938 ], [ -68.454887, 8.607098 ], [ -68.455628, 8.607348 ], [ -68.456085, 8.607853 ], [ -68.456551, 8.608288 ], [ -68.457084, 8.608748 ], [ -68.457680, 8.609090 ], [ -68.458374, 8.609226 ], [ -68.458977, 8.609224 ], [ -68.459640, 8.609178 ], [ -68.460220, 8.609062 ], [ -68.460823, 8.609083 ], [ -68.461418, 8.609358 ], [ -68.461700, 8.609955 ], [ -68.461884, 8.610598 ], [ -68.462113, 8.611170 ], [ -68.462532, 8.611606 ], [ -68.463127, 8.611673 ], [ -68.463707, 8.611764 ], [ -68.464264, 8.611992 ], [ -68.465004, 8.612082 ], [ -68.465645, 8.611967 ], [ -68.466225, 8.611759 ], [ -68.466705, 8.611323 ], [ -68.466957, 8.610748 ], [ -68.467026, 8.610175 ], [ -68.467072, 8.609531 ], [ -68.467186, 8.608865 ], [ -68.467346, 8.608291 ], [ -68.467438, 8.607534 ], [ -68.467461, 8.606914 ], [ -68.467552, 8.606340 ], [ -68.467903, 8.605812 ], [ -68.468613, 8.604777 ], [ -68.468933, 8.604134 ], [ -68.469742, 8.602893 ], [ -68.470177, 8.602455 ], [ -68.470779, 8.602087 ], [ -68.471497, 8.601902 ], [ -68.472138, 8.601786 ], [ -68.472763, 8.601624 ], [ -68.473343, 8.601509 ], [ -68.474030, 8.601507 ], [ -68.474655, 8.601598 ], [ -68.475349, 8.601712 ], [ -68.475945, 8.601849 ], [ -68.476593, 8.602099 ], [ -68.477242, 8.602213 ], [ -68.477936, 8.602235 ], [ -68.478554, 8.602188 ], [ -68.479248, 8.602095 ], [ -68.479820, 8.601978 ], [ -68.480400, 8.601770 ], [ -68.480980, 8.601541 ], [ -68.481621, 8.601310 ], [ -68.482361, 8.601079 ], [ -68.483078, 8.600917 ], [ -68.483864, 8.600823 ], [ -68.485451, 8.600522 ], [ -68.486053, 8.600498 ], [ -68.486580, 8.600887 ], [ -68.486977, 8.601369 ], [ -68.487251, 8.601941 ], [ -68.487534, 8.603089 ], [ -68.487648, 8.603708 ], [ -68.487808, 8.604304 ], [ -68.488182, 8.604786 ], [ -68.488785, 8.604832 ], [ -68.489357, 8.604921 ], [ -68.490051, 8.604736 ], [ -68.490700, 8.604873 ], [ -68.491364, 8.605078 ], [ -68.491943, 8.605238 ], [ -68.492470, 8.605558 ], [ -68.493164, 8.605878 ], [ -68.493812, 8.605395 ], [ -68.494133, 8.604844 ], [ -68.494476, 8.604338 ], [ -68.495056, 8.604107 ], [ -68.495705, 8.604015 ], [ -68.496345, 8.603898 ], [ -68.496971, 8.603990 ], [ -68.497620, 8.603850 ], [ -68.498192, 8.603757 ], [ -68.498840, 8.603733 ], [ -68.499489, 8.603892 ], [ -68.500031, 8.604328 ], [ -68.500633, 8.604271 ], [ -68.501076, 8.604102 ], [ -68.501518, 8.603688 ], [ -68.501976, 8.603413 ], [ -68.502464, 8.603136 ], [ -68.502945, 8.602883 ], [ -68.503433, 8.602652 ], [ -68.504028, 8.602605 ], [ -68.504585, 8.602924 ], [ -68.505005, 8.603429 ], [ -68.505562, 8.604484 ], [ -68.505791, 8.605058 ], [ -68.506096, 8.605675 ], [ -68.506531, 8.606157 ], [ -68.506996, 8.606615 ], [ -68.507439, 8.606981 ], [ -68.507996, 8.607370 ], [ -68.508568, 8.607690 ], [ -68.509193, 8.607987 ], [ -68.509911, 8.608170 ], [ -68.510582, 8.608191 ], [ -68.511231, 8.608167 ], [ -68.511894, 8.608074 ], [ -68.512520, 8.607890 ], [ -68.513077, 8.607613 ], [ -68.513626, 8.607222 ], [ -68.514092, 8.606853 ], [ -68.514664, 8.606347 ], [ -68.515106, 8.605910 ], [ -68.516579, 8.604669 ], [ -68.517113, 8.604368 ], [ -68.517731, 8.604230 ], [ -68.519074, 8.604181 ], [ -68.519607, 8.604250 ], [ -68.520134, 8.604363 ], [ -68.520759, 8.604545 ], [ -68.521294, 8.604752 ], [ -68.521919, 8.604957 ], [ -68.522682, 8.605047 ], [ -68.523254, 8.604954 ], [ -68.524040, 8.604791 ], [ -68.524574, 8.604630 ], [ -68.525200, 8.604306 ], [ -68.525635, 8.603985 ], [ -68.526146, 8.603570 ], [ -68.526627, 8.603226 ], [ -68.527206, 8.602880 ], [ -68.528290, 8.602327 ], [ -68.528778, 8.602034 ], [ -68.529411, 8.601596 ], [ -68.529655, 8.601772 ], [ -68.530190, 8.602001 ], [ -68.531273, 8.602274 ], [ -68.531921, 8.602343 ], [ -68.532471, 8.602432 ], [ -68.533051, 8.602592 ], [ -68.533722, 8.602889 ], [ -68.534927, 8.603391 ], [ -68.535477, 8.603642 ], [ -68.536011, 8.603825 ], [ -68.536682, 8.604121 ], [ -68.537216, 8.604304 ], [ -68.538254, 8.604807 ], [ -68.539162, 8.605608 ], [ -68.539596, 8.605974 ], [ -68.540451, 8.606752 ], [ -68.541474, 8.607417 ], [ -68.541962, 8.607714 ], [ -68.543159, 8.608561 ], [ -68.544251, 8.609361 ], [ -68.544762, 8.609797 ], [ -68.545197, 8.610345 ], [ -68.545433, 8.610827 ], [ -68.545456, 8.611402 ], [ -68.545433, 8.611975 ], [ -68.545433, 8.612663 ], [ -68.545341, 8.613857 ], [ -68.545021, 8.615028 ], [ -68.544906, 8.615556 ], [ -68.544906, 8.616152 ], [ -68.545212, 8.616679 ], [ -68.545723, 8.616977 ], [ -68.546875, 8.617479 ], [ -68.547432, 8.617685 ], [ -68.548538, 8.618073 ], [ -68.549210, 8.618347 ], [ -68.549927, 8.618598 ], [ -68.550484, 8.618711 ], [ -68.551659, 8.618869 ], [ -68.552239, 8.618959 ], [ -68.552818, 8.619074 ], [ -68.553627, 8.619278 ], [ -68.554436, 8.619529 ], [ -68.555084, 8.619872 ], [ -68.555641, 8.620352 ], [ -68.556099, 8.620810 ], [ -68.556541, 8.621131 ], [ -68.557053, 8.621475 ], [ -68.557487, 8.621818 ], [ -68.557999, 8.622299 ], [ -68.558510, 8.622526 ], [ -68.559181, 8.622640 ], [ -68.559898, 8.622684 ], [ -68.560516, 8.622522 ], [ -68.561028, 8.622292 ], [ -68.561554, 8.621946 ], [ -68.561974, 8.621601 ], [ -68.562386, 8.621187 ], [ -68.562874, 8.620797 ], [ -68.563354, 8.620383 ], [ -68.563866, 8.619877 ], [ -68.564529, 8.618980 ], [ -68.564949, 8.618612 ], [ -68.565544, 8.618359 ], [ -68.566078, 8.618242 ], [ -68.566635, 8.618103 ], [ -68.567230, 8.618056 ], [ -68.568062, 8.617917 ], [ -68.568710, 8.617961 ], [ -68.569404, 8.618075 ], [ -68.570190, 8.618234 ], [ -68.570793, 8.618324 ], [ -68.571434, 8.618575 ], [ -68.571945, 8.618896 ], [ -68.572410, 8.619263 ], [ -68.572777, 8.619788 ], [ -68.573242, 8.620361 ], [ -68.573708, 8.620981 ], [ -68.574173, 8.621393 ], [ -68.574821, 8.621850 ], [ -68.575607, 8.622468 ], [ -68.576233, 8.622926 ], [ -68.576782, 8.623315 ], [ -68.577247, 8.623818 ], [ -68.577621, 8.624252 ], [ -68.578011, 8.624758 ], [ -68.578453, 8.625353 ], [ -68.578713, 8.625834 ], [ -68.579262, 8.626820 ], [ -68.579475, 8.627348 ], [ -68.579590, 8.628058 ], [ -68.579590, 8.628632 ], [ -68.579552, 8.629297 ], [ -68.579483, 8.629941 ], [ -68.579483, 8.631227 ], [ -68.579620, 8.631845 ], [ -68.579903, 8.633245 ], [ -68.579925, 8.633863 ], [ -68.579834, 8.634460 ], [ -68.579559, 8.635012 ], [ -68.579193, 8.635471 ], [ -68.578758, 8.635818 ], [ -68.578178, 8.636093 ], [ -68.577759, 8.636438 ], [ -68.577416, 8.637127 ], [ -68.577416, 8.637702 ], [ -68.577858, 8.638067 ], [ -68.578346, 8.638341 ], [ -68.578713, 8.638730 ], [ -68.579086, 8.639167 ], [ -68.579529, 8.639533 ], [ -68.580032, 8.639715 ], [ -68.580681, 8.639897 ], [ -68.581215, 8.640148 ], [ -68.581627, 8.640583 ], [ -68.582138, 8.640904 ], [ -68.582741, 8.641178 ], [ -68.583298, 8.641199 ], [ -68.583824, 8.641130 ], [ -68.584450, 8.641013 ], [ -68.585792, 8.640827 ], [ -68.586342, 8.640734 ], [ -68.587036, 8.640549 ], [ -68.587593, 8.640479 ], [ -68.588402, 8.640340 ], [ -68.589737, 8.640176 ], [ -68.590317, 8.640083 ], [ -68.590920, 8.639898 ], [ -68.591469, 8.639759 ], [ -68.592072, 8.639575 ], [ -68.592743, 8.639229 ], [ -68.593224, 8.638791 ], [ -68.593452, 8.638264 ], [ -68.593544, 8.637690 ], [ -68.593476, 8.637116 ], [ -68.593361, 8.636451 ], [ -68.593262, 8.635809 ], [ -68.593101, 8.635259 ], [ -68.592911, 8.634547 ], [ -68.592796, 8.634020 ], [ -68.592682, 8.633286 ], [ -68.592705, 8.632551 ], [ -68.592842, 8.632023 ], [ -68.593163, 8.631541 ], [ -68.593765, 8.631379 ], [ -68.594383, 8.631308 ], [ -68.594963, 8.631353 ], [ -68.595566, 8.631374 ], [ -68.596138, 8.631167 ], [ -68.596695, 8.630890 ], [ -68.597298, 8.630752 ], [ -68.598152, 8.630909 ], [ -68.598778, 8.631045 ], [ -68.599495, 8.631022 ], [ -68.600113, 8.630929 ], [ -68.600762, 8.630950 ], [ -68.601295, 8.631086 ], [ -68.601799, 8.631361 ], [ -68.602402, 8.631542 ], [ -68.603027, 8.631679 ], [ -68.603745, 8.631701 ], [ -68.604645, 8.631836 ], [ -68.606125, 8.632086 ], [ -68.606796, 8.632175 ], [ -68.607376, 8.632220 ], [ -68.607994, 8.632448 ], [ -68.608597, 8.632792 ], [ -68.609177, 8.633249 ], [ -68.609688, 8.633684 ], [ -68.610222, 8.633959 ], [ -68.610794, 8.634187 ], [ -68.611954, 8.634597 ], [ -68.613480, 8.635098 ], [ -68.614311, 8.635258 ], [ -68.614914, 8.635280 ], [ -68.615463, 8.635278 ], [ -68.615974, 8.635507 ], [ -68.616394, 8.636056 ], [ -68.616806, 8.636422 ], [ -68.617111, 8.636880 ], [ -68.617599, 8.637201 ], [ -68.618103, 8.637589 ], [ -68.618660, 8.637794 ], [ -68.619865, 8.638273 ], [ -68.620582, 8.638455 ], [ -68.621132, 8.638523 ], [ -68.621666, 8.638453 ], [ -68.622337, 8.638382 ], [ -68.623169, 8.638267 ], [ -68.623817, 8.638242 ], [ -68.624390, 8.638425 ], [ -68.624924, 8.638998 ], [ -68.625298, 8.639478 ], [ -68.625778, 8.639936 ], [ -68.626266, 8.640234 ], [ -68.626800, 8.640507 ], [ -68.627335, 8.640575 ], [ -68.627884, 8.640665 ], [ -68.628464, 8.640664 ], [ -68.629021, 8.640824 ], [ -68.629433, 8.641166 ], [ -68.629921, 8.641533 ], [ -68.630501, 8.641691 ], [ -68.631058, 8.641714 ], [ -68.631767, 8.641759 ], [ -68.632416, 8.641734 ], [ -68.633225, 8.641640 ], [ -68.633873, 8.641432 ], [ -68.634384, 8.641202 ], [ -68.635025, 8.640947 ], [ -68.635719, 8.640579 ], [ -68.636917, 8.639865 ], [ -68.637749, 8.639403 ], [ -68.639084, 8.638507 ], [ -68.639664, 8.638344 ], [ -68.640152, 8.638641 ], [ -68.640404, 8.639123 ], [ -68.640686, 8.639695 ], [ -68.641052, 8.640337 ], [ -68.641403, 8.640773 ], [ -68.641754, 8.641231 ], [ -68.642258, 8.641619 ], [ -68.642723, 8.642307 ], [ -68.643463, 8.643360 ], [ -68.643791, 8.643842 ], [ -68.644165, 8.644415 ], [ -68.644279, 8.645033 ], [ -68.644188, 8.645677 ], [ -68.644050, 8.646342 ], [ -68.643799, 8.646872 ], [ -68.643379, 8.647423 ], [ -68.642944, 8.647814 ], [ -68.642509, 8.648159 ], [ -68.642044, 8.648481 ], [ -68.641419, 8.648850 ], [ -68.640846, 8.649150 ], [ -68.639763, 8.649772 ], [ -68.639229, 8.650025 ], [ -68.638771, 8.650324 ], [ -68.638329, 8.650717 ], [ -68.637871, 8.651060 ], [ -68.636787, 8.651500 ], [ -68.636162, 8.651685 ], [ -68.635628, 8.651824 ], [ -68.635147, 8.652054 ], [ -68.634201, 8.652743 ], [ -68.633667, 8.653090 ], [ -68.633163, 8.653275 ], [ -68.632561, 8.653644 ], [ -68.632263, 8.654171 ], [ -68.632515, 8.654676 ], [ -68.632706, 8.655180 ], [ -68.632752, 8.655777 ], [ -68.632843, 8.656397 ], [ -68.633171, 8.656969 ], [ -68.633560, 8.657381 ], [ -68.633705, 8.658024 ], [ -68.633705, 8.658666 ], [ -68.633682, 8.659354 ], [ -68.633568, 8.659997 ], [ -68.633362, 8.660548 ], [ -68.633110, 8.661055 ], [ -68.632904, 8.661697 ], [ -68.632606, 8.662317 ], [ -68.632286, 8.662754 ], [ -68.631935, 8.663168 ], [ -68.631569, 8.663674 ], [ -68.631294, 8.664202 ], [ -68.631249, 8.664753 ], [ -68.631454, 8.665418 ], [ -68.631943, 8.665761 ], [ -68.632500, 8.665829 ], [ -68.633026, 8.665735 ], [ -68.633583, 8.665711 ], [ -68.634117, 8.665848 ], [ -68.634674, 8.666077 ], [ -68.635063, 8.666443 ], [ -68.636002, 8.667466 ], [ -68.636497, 8.668035 ], [ -68.636894, 8.668579 ], [ -68.637436, 8.669078 ], [ -68.637993, 8.669325 ], [ -68.638733, 8.669544 ], [ -68.639381, 8.669444 ], [ -68.640007, 8.669459 ], [ -68.640472, 8.669889 ], [ -68.640900, 8.670527 ], [ -68.641434, 8.671002 ], [ -68.642036, 8.671247 ], [ -68.642776, 8.671215 ], [ -68.643379, 8.671230 ], [ -68.644119, 8.671335 ], [ -68.644699, 8.671466 ], [ -68.645256, 8.671781 ], [ -68.645660, 8.672303 ], [ -68.645874, 8.672920 ], [ -68.645950, 8.673723 ], [ -68.645874, 8.674413 ], [ -68.645691, 8.675012 ], [ -68.645424, 8.675590 ], [ -68.645157, 8.676121 ], [ -68.644776, 8.676930 ], [ -68.644386, 8.677371 ], [ -68.643829, 8.677653 ], [ -68.643311, 8.678234 ], [ -68.643044, 8.678881 ], [ -68.643120, 8.679591 ], [ -68.643402, 8.680139 ], [ -68.643707, 8.680616 ], [ -68.643906, 8.681303 ], [ -68.643730, 8.682132 ], [ -68.643624, 8.682707 ], [ -68.643791, 8.683279 ], [ -68.644119, 8.683871 ], [ -68.644455, 8.684603 ], [ -68.644623, 8.685197 ], [ -68.644653, 8.685817 ], [ -68.644821, 8.686366 ], [ -68.645042, 8.687143 ], [ -68.645164, 8.687716 ], [ -68.645035, 8.688360 ], [ -68.645348, 8.689642 ], [ -68.645454, 8.690399 ], [ -68.645371, 8.691043 ], [ -68.645241, 8.691825 ], [ -68.645134, 8.692607 ], [ -68.644722, 8.693026 ], [ -68.644249, 8.693582 ], [ -68.644074, 8.694205 ], [ -68.644196, 8.694892 ], [ -68.644432, 8.695509 ], [ -68.644669, 8.696056 ], [ -68.645279, 8.696394 ], [ -68.645851, 8.696111 ], [ -68.646553, 8.694931 ], [ -68.646988, 8.694467 ], [ -68.647560, 8.693977 ], [ -68.648140, 8.694200 ], [ -68.648559, 8.694768 ], [ -68.648712, 8.695432 ], [ -68.648529, 8.696077 ], [ -68.648331, 8.696722 ], [ -68.648270, 8.697434 ], [ -68.648537, 8.698052 ], [ -68.648956, 8.698460 ], [ -68.649513, 8.698729 ], [ -68.650047, 8.699158 ], [ -68.650383, 8.699658 ], [ -68.650368, 8.700324 ], [ -68.650009, 8.701110 ], [ -68.649666, 8.701711 ], [ -68.649307, 8.702152 ], [ -68.648689, 8.702710 ], [ -68.648186, 8.703038 ], [ -68.647591, 8.703597 ], [ -68.647316, 8.704174 ], [ -68.647118, 8.704866 ], [ -68.647018, 8.705648 ], [ -68.646957, 8.706614 ], [ -68.647080, 8.707163 ], [ -68.647362, 8.707664 ], [ -68.647789, 8.708370 ], [ -68.648193, 8.708917 ], [ -68.648659, 8.709438 ], [ -68.649170, 8.709845 ], [ -68.649826, 8.710251 ], [ -68.650452, 8.710518 ], [ -68.651100, 8.710716 ], [ -68.651733, 8.710961 ], [ -68.652313, 8.711367 ], [ -68.652809, 8.711958 ], [ -68.653137, 8.712459 ], [ -68.653679, 8.713508 ], [ -68.654038, 8.714055 ], [ -68.654411, 8.714738 ], [ -68.654907, 8.715168 ], [ -68.655464, 8.715507 ], [ -68.656158, 8.715635 ], [ -68.656761, 8.715581 ], [ -68.657425, 8.715388 ], [ -68.658074, 8.715129 ], [ -68.658829, 8.714889 ], [ -68.660286, 8.714572 ], [ -68.661713, 8.714370 ], [ -68.662498, 8.714292 ], [ -68.663238, 8.714098 ], [ -68.663994, 8.713859 ], [ -68.664589, 8.713484 ], [ -68.665871, 8.712434 ], [ -68.666374, 8.712083 ], [ -68.666954, 8.711845 ], [ -68.667641, 8.711745 ], [ -68.668335, 8.711760 ], [ -68.669518, 8.712066 ], [ -68.670189, 8.711966 ], [ -68.670738, 8.711682 ], [ -68.671318, 8.711400 ], [ -68.671982, 8.710956 ], [ -68.672577, 8.710580 ], [ -68.673195, 8.710113 ], [ -68.674629, 8.708855 ], [ -68.675110, 8.708389 ], [ -68.675728, 8.707739 ], [ -68.676140, 8.707251 ], [ -68.676590, 8.706762 ], [ -68.677025, 8.706229 ], [ -68.677437, 8.705812 ], [ -68.678253, 8.704837 ], [ -68.678871, 8.704254 ], [ -68.679489, 8.703695 ], [ -68.680199, 8.703135 ], [ -68.680679, 8.702739 ], [ -68.681183, 8.702411 ], [ -68.681755, 8.702127 ], [ -68.682358, 8.701890 ], [ -68.683067, 8.701629 ], [ -68.683739, 8.701414 ], [ -68.684494, 8.701266 ], [ -68.685143, 8.701282 ], [ -68.685882, 8.701409 ], [ -68.686539, 8.701585 ], [ -68.687302, 8.701804 ], [ -68.688111, 8.701978 ], [ -68.688690, 8.702063 ], [ -68.689453, 8.702122 ], [ -68.690262, 8.702110 ], [ -68.691093, 8.702123 ], [ -68.691856, 8.702089 ], [ -68.692482, 8.702128 ], [ -68.693268, 8.702118 ], [ -68.693894, 8.702156 ], [ -68.694473, 8.702148 ], [ -68.695190, 8.702300 ], [ -68.695930, 8.702589 ], [ -68.696465, 8.702903 ], [ -68.697121, 8.703424 ], [ -68.697594, 8.703854 ], [ -68.698128, 8.704306 ], [ -68.698639, 8.704621 ], [ -68.699760, 8.705546 ], [ -68.700256, 8.706116 ], [ -68.700867, 8.706705 ], [ -68.701446, 8.707294 ], [ -68.702522, 8.708130 ], [ -68.703133, 8.708535 ], [ -68.703804, 8.708917 ], [ -68.704384, 8.709024 ], [ -68.704964, 8.709223 ], [ -68.705567, 8.709376 ], [ -68.706169, 8.709484 ], [ -68.706795, 8.709498 ], [ -68.707374, 8.709559 ], [ -68.707954, 8.709599 ], [ -68.708763, 8.709725 ], [ -68.709618, 8.709898 ], [ -68.710937, 8.710064 ], [ -68.711708, 8.710217 ], [ -68.712288, 8.710644 ], [ -68.712830, 8.711349 ], [ -68.713135, 8.711897 ], [ -68.713470, 8.712398 ], [ -68.713982, 8.713056 ], [ -68.714317, 8.713834 ], [ -68.714439, 8.714474 ], [ -68.714500, 8.715162 ], [ -68.714531, 8.715828 ], [ -68.714538, 8.716401 ], [ -68.714592, 8.717044 ], [ -68.714744, 8.718373 ], [ -68.714966, 8.719060 ], [ -68.715523, 8.719420 ], [ -68.716148, 8.719366 ], [ -68.716774, 8.719427 ], [ -68.717468, 8.719670 ], [ -68.718071, 8.719960 ], [ -68.718498, 8.720369 ], [ -68.718941, 8.720845 ], [ -68.719360, 8.721368 ], [ -68.719788, 8.722005 ], [ -68.719955, 8.722784 ], [ -68.719673, 8.723614 ], [ -68.719193, 8.724011 ], [ -68.718567, 8.724318 ], [ -68.717789, 8.724626 ], [ -68.717071, 8.724727 ], [ -68.716194, 8.724739 ], [ -68.715591, 8.724793 ], [ -68.714600, 8.724919 ], [ -68.713959, 8.725111 ], [ -68.713104, 8.725582 ], [ -68.712700, 8.726091 ], [ -68.712776, 8.726757 ], [ -68.712921, 8.727490 ], [ -68.713119, 8.728061 ], [ -68.713448, 8.728631 ], [ -68.714149, 8.728989 ], [ -68.714913, 8.729186 ], [ -68.715630, 8.729338 ], [ -68.716278, 8.729284 ], [ -68.716972, 8.729252 ], [ -68.717613, 8.729105 ], [ -68.718445, 8.728865 ], [ -68.719131, 8.728649 ], [ -68.719666, 8.728414 ], [ -68.720215, 8.728153 ], [ -68.720970, 8.727707 ], [ -68.721451, 8.727403 ], [ -68.722351, 8.727184 ], [ -68.722977, 8.727314 ], [ -68.723602, 8.727535 ], [ -68.724190, 8.727895 ], [ -68.724770, 8.728438 ], [ -68.725128, 8.729100 ], [ -68.725227, 8.729719 ], [ -68.725006, 8.730365 ], [ -68.724319, 8.731040 ], [ -68.723610, 8.731278 ], [ -68.723007, 8.731355 ], [ -68.722435, 8.731615 ], [ -68.721886, 8.732081 ], [ -68.721893, 8.732701 ], [ -68.722290, 8.733201 ], [ -68.722801, 8.733585 ], [ -68.723503, 8.733622 ], [ -68.724197, 8.733613 ], [ -68.724907, 8.733558 ], [ -68.725601, 8.733479 ], [ -68.726181, 8.733542 ], [ -68.726784, 8.733832 ], [ -68.727257, 8.734353 ], [ -68.727654, 8.734831 ], [ -68.728012, 8.735378 ], [ -68.728203, 8.736086 ], [ -68.728493, 8.737369 ], [ -68.728806, 8.738214 ], [ -68.729301, 8.738805 ], [ -68.729836, 8.739234 ], [ -68.730751, 8.740278 ], [ -68.731224, 8.740732 ], [ -68.731598, 8.741162 ], [ -68.732094, 8.741914 ], [ -68.732452, 8.742737 ], [ -68.732689, 8.743467 ], [ -68.732727, 8.744180 ], [ -68.732780, 8.744872 ], [ -68.732941, 8.746288 ], [ -68.732857, 8.747070 ], [ -68.732773, 8.747646 ], [ -68.732475, 8.748293 ], [ -68.731812, 8.748600 ], [ -68.731262, 8.748814 ], [ -68.730499, 8.749167 ], [ -68.729744, 8.749383 ], [ -68.729072, 8.749508 ], [ -68.728355, 8.749448 ], [ -68.727730, 8.749410 ], [ -68.727081, 8.749418 ], [ -68.726463, 8.749496 ], [ -68.725815, 8.749457 ], [ -68.725250, 8.749098 ], [ -68.724922, 8.748551 ], [ -68.724724, 8.747842 ], [ -68.724670, 8.747107 ], [ -68.724732, 8.746372 ], [ -68.725151, 8.745127 ], [ -68.725235, 8.744575 ], [ -68.725319, 8.743862 ], [ -68.725265, 8.743174 ], [ -68.725098, 8.742556 ], [ -68.724770, 8.742078 ], [ -68.724228, 8.741649 ], [ -68.723488, 8.741291 ], [ -68.722801, 8.740014 ], [ -68.722450, 8.739950 ], [ -68.721710, 8.739937 ], [ -68.721039, 8.740014 ], [ -68.720490, 8.740135 ], [ -68.719933, 8.740281 ], [ -68.719406, 8.740471 ], [ -68.718857, 8.740639 ], [ -68.718323, 8.740852 ], [ -68.717636, 8.741092 ], [ -68.716278, 8.741545 ], [ -68.714897, 8.742251 ], [ -68.714325, 8.742579 ], [ -68.713867, 8.742953 ], [ -68.713295, 8.743351 ], [ -68.712341, 8.744466 ], [ -68.712044, 8.744974 ], [ -68.711685, 8.745553 ], [ -68.711388, 8.746085 ], [ -68.711052, 8.746617 ], [ -68.710663, 8.747058 ], [ -68.710136, 8.747387 ], [ -68.709579, 8.747555 ], [ -68.709030, 8.747745 ], [ -68.708450, 8.747890 ], [ -68.707115, 8.747863 ], [ -68.706467, 8.747801 ], [ -68.705605, 8.747651 ], [ -68.704170, 8.747670 ], [ -68.703430, 8.747473 ], [ -68.702827, 8.747114 ], [ -68.702148, 8.746663 ], [ -68.701409, 8.746375 ], [ -68.700638, 8.746178 ], [ -68.699989, 8.746141 ], [ -68.699295, 8.746079 ], [ -68.698677, 8.746065 ], [ -68.697891, 8.746143 ], [ -68.697197, 8.746383 ], [ -68.696487, 8.746758 ], [ -68.695633, 8.747000 ], [ -68.694969, 8.747146 ], [ -68.694435, 8.747360 ], [ -68.693932, 8.747664 ], [ -68.693291, 8.748086 ], [ -68.692436, 8.748441 ], [ -68.691841, 8.748633 ], [ -68.691177, 8.748962 ], [ -68.690537, 8.749475 ], [ -68.689941, 8.750035 ], [ -68.689484, 8.750706 ], [ -68.689079, 8.751101 ], [ -68.688621, 8.751430 ], [ -68.688164, 8.751802 ], [ -68.687775, 8.752336 ], [ -68.687370, 8.752959 ], [ -68.687233, 8.753513 ], [ -68.687065, 8.754732 ], [ -68.687164, 8.755374 ], [ -68.687828, 8.756515 ], [ -68.688156, 8.756969 ], [ -68.688377, 8.757494 ], [ -68.688217, 8.758162 ], [ -68.687996, 8.758762 ], [ -68.687752, 8.759293 ], [ -68.687271, 8.759758 ], [ -68.686600, 8.759905 ], [ -68.685982, 8.760119 ], [ -68.685432, 8.760631 ], [ -68.685440, 8.761343 ], [ -68.685516, 8.761916 ], [ -68.685455, 8.762513 ], [ -68.685287, 8.763870 ], [ -68.685066, 8.764585 ], [ -68.684708, 8.765049 ], [ -68.684181, 8.765492 ], [ -68.683670, 8.765773 ], [ -68.683075, 8.766034 ], [ -68.682358, 8.766088 ], [ -68.681786, 8.766051 ], [ -68.681419, 8.766056 ], [ -68.681114, 8.766060 ], [ -68.680443, 8.766253 ], [ -68.679802, 8.766650 ], [ -68.679115, 8.767140 ], [ -68.678566, 8.767631 ], [ -68.678108, 8.768026 ], [ -68.677444, 8.768380 ], [ -68.676727, 8.768503 ], [ -68.676102, 8.768579 ], [ -68.675530, 8.768771 ], [ -68.674843, 8.769124 ], [ -68.674286, 8.769361 ], [ -68.673714, 8.769645 ], [ -68.673141, 8.769950 ], [ -68.672524, 8.770417 ], [ -68.671974, 8.770769 ], [ -68.671417, 8.770913 ], [ -68.670769, 8.770990 ], [ -68.670166, 8.770884 ], [ -68.669609, 8.770523 ], [ -68.669098, 8.770070 ], [ -68.668510, 8.769572 ], [ -68.667885, 8.769145 ], [ -68.667229, 8.768947 ], [ -68.666588, 8.769184 ], [ -68.665970, 8.769559 ], [ -68.665413, 8.769841 ], [ -68.664841, 8.770216 ], [ -68.664459, 8.770726 ], [ -68.663841, 8.771355 ], [ -68.663200, 8.771937 ], [ -68.662674, 8.772173 ], [ -68.662025, 8.772274 ], [ -68.661377, 8.772350 ], [ -68.660759, 8.772519 ], [ -68.659378, 8.773087 ], [ -68.658615, 8.773281 ], [ -68.657997, 8.773266 ], [ -68.657303, 8.773297 ], [ -68.656540, 8.773651 ], [ -68.655922, 8.774165 ], [ -68.655281, 8.774449 ], [ -68.654800, 8.774776 ], [ -68.654137, 8.775335 ], [ -68.653839, 8.775867 ], [ -68.653778, 8.776510 ], [ -68.653893, 8.777933 ], [ -68.654022, 8.779332 ], [ -68.654015, 8.779952 ], [ -68.653488, 8.780648 ], [ -68.652817, 8.780795 ], [ -68.651985, 8.780919 ], [ -68.651253, 8.781044 ], [ -68.650673, 8.781005 ], [ -68.649880, 8.780694 ], [ -68.649277, 8.780380 ], [ -68.648186, 8.779865 ], [ -68.647606, 8.779575 ], [ -68.647026, 8.779490 ], [ -68.646309, 8.779453 ], [ -68.645615, 8.779486 ], [ -68.644783, 8.779541 ], [ -68.644089, 8.779620 ], [ -68.643509, 8.779626 ], [ -68.642960, 8.779725 ], [ -68.642311, 8.779964 ], [ -68.641647, 8.780384 ], [ -68.641213, 8.780894 ], [ -68.640922, 8.781427 ], [ -68.640366, 8.782811 ], [ -68.640091, 8.783435 ], [ -68.639847, 8.784173 ], [ -68.639694, 8.784818 ], [ -68.639588, 8.785578 ], [ -68.639572, 8.786220 ], [ -68.639595, 8.787851 ], [ -68.639626, 8.788470 ], [ -68.639633, 8.789205 ], [ -68.639618, 8.789847 ], [ -68.639580, 8.790583 ], [ -68.639603, 8.791800 ], [ -68.639702, 8.792441 ], [ -68.639847, 8.793220 ], [ -68.639931, 8.794091 ], [ -68.639702, 8.796390 ], [ -68.639526, 8.797173 ], [ -68.639328, 8.797727 ], [ -68.638695, 8.798792 ], [ -68.638306, 8.799255 ], [ -68.637734, 8.799538 ], [ -68.637115, 8.799799 ], [ -68.636543, 8.800174 ], [ -68.635963, 8.800158 ], [ -68.634804, 8.799782 ], [ -68.634247, 8.799674 ], [ -68.633598, 8.799567 ], [ -68.632927, 8.799599 ], [ -68.632424, 8.799903 ], [ -68.632377, 8.800780 ], [ -68.632019, 8.800942 ], [ -68.631447, 8.801179 ], [ -68.630913, 8.801461 ], [ -68.630364, 8.801651 ], [ -68.629761, 8.801544 ], [ -68.628388, 8.801148 ], [ -68.627861, 8.801522 ], [ -68.627502, 8.802101 ], [ -68.627556, 8.802743 ], [ -68.627746, 8.803292 ], [ -68.627868, 8.803956 ], [ -68.627693, 8.804509 ], [ -68.627235, 8.804859 ], [ -68.626755, 8.805279 ], [ -68.625633, 8.805983 ], [ -68.624992, 8.806357 ], [ -68.624412, 8.806412 ], [ -68.623833, 8.806120 ], [ -68.623268, 8.805805 ], [ -68.622642, 8.805537 ], [ -68.621971, 8.805593 ], [ -68.621376, 8.805830 ], [ -68.620712, 8.806114 ], [ -68.620224, 8.806440 ], [ -68.620026, 8.807109 ], [ -68.620476, 8.807540 ], [ -68.620987, 8.807833 ], [ -68.621567, 8.808124 ], [ -68.622032, 8.808438 ], [ -68.622482, 8.808869 ], [ -68.622490, 8.809489 ], [ -68.621864, 8.809680 ], [ -68.621315, 8.809779 ], [ -68.620735, 8.809855 ], [ -68.620155, 8.810023 ], [ -68.619606, 8.810145 ], [ -68.619003, 8.810222 ], [ -68.618546, 8.810549 ], [ -68.618156, 8.811013 ], [ -68.617889, 8.811522 ], [ -68.617500, 8.811963 ], [ -68.616852, 8.812039 ], [ -68.616280, 8.812254 ], [ -68.615936, 8.812787 ], [ -68.615761, 8.813340 ], [ -68.615654, 8.814007 ], [ -68.615685, 8.814580 ], [ -68.615692, 8.815338 ], [ -68.615814, 8.815933 ], [ -68.616036, 8.816527 ], [ -68.616295, 8.817099 ], [ -68.616539, 8.817785 ], [ -68.616775, 8.818378 ], [ -68.616989, 8.819041 ], [ -68.617310, 8.820323 ], [ -68.617317, 8.820897 ], [ -68.617157, 8.821473 ], [ -68.616135, 8.822335 ], [ -68.615608, 8.822756 ], [ -68.615120, 8.823106 ], [ -68.614593, 8.823388 ], [ -68.613953, 8.823603 ], [ -68.613236, 8.823543 ], [ -68.612587, 8.823321 ], [ -68.611534, 8.822761 ], [ -68.611114, 8.822375 ], [ -68.610741, 8.821944 ], [ -68.610390, 8.821466 ], [ -68.609413, 8.819802 ], [ -68.608971, 8.819419 ], [ -68.608299, 8.819334 ], [ -68.608055, 8.819935 ], [ -68.607903, 8.820558 ], [ -68.607796, 8.821201 ], [ -68.607757, 8.821798 ], [ -68.607811, 8.822395 ], [ -68.607826, 8.823634 ], [ -68.607879, 8.824254 ], [ -68.607750, 8.824828 ], [ -68.607666, 8.825428 ], [ -68.607697, 8.826093 ], [ -68.607773, 8.826666 ], [ -68.607544, 8.827243 ], [ -68.607208, 8.827821 ], [ -68.606751, 8.828195 ], [ -68.606132, 8.828476 ], [ -68.605530, 8.828439 ], [ -68.604393, 8.828178 ], [ -68.603790, 8.828025 ], [ -68.603188, 8.827780 ], [ -68.602715, 8.827441 ], [ -68.602203, 8.827149 ], [ -68.601555, 8.826882 ], [ -68.601158, 8.826449 ], [ -68.600891, 8.825925 ], [ -68.600609, 8.825264 ], [ -68.600250, 8.824648 ], [ -68.599503, 8.823647 ], [ -68.599052, 8.823171 ], [ -68.598473, 8.822787 ], [ -68.597916, 8.822495 ], [ -68.597229, 8.822072 ], [ -68.596771, 8.821753 ], [ -68.596283, 8.821368 ], [ -68.595680, 8.821155 ], [ -68.595161, 8.820900 ], [ -68.594612, 8.820815 ], [ -68.594032, 8.820753 ], [ -68.593384, 8.820623 ], [ -68.592804, 8.820539 ], [ -68.592178, 8.820478 ], [ -68.590904, 8.820311 ], [ -68.590164, 8.820251 ], [ -68.588753, 8.820108 ], [ -68.588081, 8.820093 ], [ -68.587433, 8.820009 ], [ -68.586784, 8.819949 ], [ -68.585930, 8.819891 ], [ -68.585350, 8.819898 ], [ -68.584518, 8.819932 ], [ -68.583641, 8.820058 ], [ -68.582809, 8.820207 ], [ -68.581978, 8.820446 ], [ -68.581177, 8.820708 ], [ -68.580414, 8.820925 ], [ -68.579033, 8.821355 ], [ -68.578201, 8.821641 ], [ -68.577515, 8.821857 ], [ -68.576843, 8.822095 ], [ -68.576225, 8.822331 ], [ -68.575440, 8.822618 ], [ -68.574821, 8.822831 ], [ -68.574059, 8.823071 ], [ -68.573440, 8.823239 ], [ -68.572884, 8.823339 ], [ -68.571571, 8.823653 ], [ -68.571037, 8.823843 ], [ -68.570168, 8.824129 ], [ -68.569588, 8.824343 ], [ -68.568924, 8.824535 ], [ -68.568092, 8.824937 ], [ -68.567635, 8.825286 ], [ -68.567108, 8.825568 ], [ -68.566513, 8.825782 ], [ -68.565681, 8.826137 ], [ -68.564850, 8.826423 ], [ -68.563751, 8.826964 ], [ -68.563126, 8.827248 ], [ -68.562485, 8.827578 ], [ -68.561844, 8.827884 ], [ -68.561249, 8.828236 ], [ -68.560394, 8.828773 ], [ -68.559868, 8.829081 ], [ -68.559227, 8.829478 ], [ -68.558563, 8.829876 ], [ -68.557739, 8.830345 ], [ -68.556954, 8.830837 ], [ -68.556267, 8.831237 ], [ -68.555534, 8.831635 ], [ -68.554985, 8.831987 ], [ -68.553558, 8.832878 ], [ -68.552918, 8.833254 ], [ -68.551933, 8.833885 ], [ -68.551353, 8.834306 ], [ -68.550789, 8.834749 ], [ -68.549553, 8.835958 ], [ -68.548546, 8.837073 ], [ -68.547775, 8.838322 ], [ -68.547417, 8.838946 ], [ -68.546982, 8.839595 ], [ -68.546463, 8.840635 ], [ -68.546196, 8.841281 ], [ -68.545799, 8.842506 ], [ -68.545616, 8.842638 ], [ -68.545425, 8.842983 ], [ -68.545395, 8.843513 ], [ -68.545647, 8.843998 ], [ -68.546105, 8.844325 ], [ -68.546562, 8.844536 ], [ -68.547111, 8.844818 ], [ -68.547668, 8.844962 ], [ -68.548203, 8.845129 ], [ -68.548729, 8.845365 ], [ -68.549263, 8.845509 ], [ -68.549790, 8.845560 ], [ -68.550369, 8.845567 ], [ -68.550972, 8.845595 ], [ -68.551552, 8.845556 ], [ -68.552078, 8.845539 ], [ -68.552635, 8.845591 ], [ -68.553329, 8.845797 ], [ -68.553406, 8.845967 ], [ -68.553528, 8.846539 ], [ -68.553879, 8.847018 ], [ -68.554390, 8.847402 ], [ -68.555061, 8.847416 ], [ -68.555778, 8.847476 ], [ -68.556381, 8.847560 ], [ -68.556961, 8.847714 ], [ -68.557564, 8.847857 ], [ -68.558121, 8.847941 ], [ -68.558769, 8.848025 ], [ -68.559463, 8.848085 ], [ -68.560089, 8.848078 ], [ -68.561432, 8.848199 ], [ -68.562126, 8.848212 ], [ -68.562775, 8.848274 ], [ -68.563423, 8.848450 ], [ -68.563942, 8.848745 ], [ -68.564491, 8.849102 ], [ -68.565010, 8.849381 ], [ -68.565621, 8.849737 ], [ -68.566002, 8.850213 ], [ -68.565925, 8.850806 ], [ -68.565796, 8.851506 ], [ -68.565590, 8.852036 ], [ -68.565422, 8.852613 ], [ -68.565468, 8.853188 ], [ -68.565575, 8.853896 ], [ -68.565925, 8.854467 ], [ -68.566483, 8.854690 ], [ -68.567108, 8.854728 ], [ -68.567688, 8.854652 ], [ -68.568283, 8.854506 ], [ -68.568954, 8.854361 ], [ -68.569649, 8.854466 ], [ -68.570603, 8.855167 ], [ -68.571282, 8.855457 ], [ -68.571838, 8.855657 ], [ -68.572487, 8.855649 ], [ -68.573036, 8.855550 ], [ -68.573662, 8.855243 ], [ -68.574402, 8.855120 ], [ -68.575096, 8.855317 ], [ -68.575607, 8.855862 ], [ -68.575943, 8.856408 ], [ -68.576157, 8.857003 ], [ -68.576233, 8.857599 ], [ -68.576477, 8.858285 ], [ -68.576645, 8.858857 ], [ -68.576538, 8.859431 ], [ -68.576408, 8.859952 ], [ -68.575966, 8.860800 ], [ -68.575882, 8.861192 ], [ -68.575844, 8.861744 ], [ -68.575714, 8.862022 ], [ -68.575424, 8.862373 ], [ -68.575058, 8.862703 ], [ -68.574654, 8.862989 ], [ -68.574410, 8.863499 ], [ -68.574264, 8.864328 ], [ -68.574867, 8.865417 ], [ -68.575089, 8.866145 ], [ -68.575584, 8.866318 ], [ -68.575996, 8.866262 ], [ -68.576286, 8.866002 ], [ -68.577065, 8.865641 ], [ -68.577858, 8.865806 ], [ -68.577866, 8.866150 ], [ -68.577942, 8.866515 ], [ -68.577682, 8.867347 ], [ -68.577507, 8.867742 ], [ -68.577408, 8.868341 ], [ -68.577484, 8.868798 ], [ -68.577927, 8.869040 ], [ -68.578400, 8.869373 ], [ -68.578926, 8.869269 ], [ -68.579422, 8.868936 ], [ -68.579720, 8.868585 ], [ -68.579987, 8.868166 ], [ -68.580300, 8.867814 ], [ -68.580734, 8.867505 ], [ -68.581123, 8.867450 ], [ -68.582443, 8.867626 ], [ -68.582703, 8.867804 ], [ -68.583176, 8.868252 ], [ -68.583183, 8.868642 ], [ -68.583122, 8.868987 ], [ -68.583107, 8.869515 ], [ -68.583397, 8.869853 ], [ -68.583977, 8.870253 ], [ -68.584724, 8.870626 ], [ -68.585098, 8.870846 ], [ -68.585342, 8.871368 ], [ -68.585312, 8.871874 ], [ -68.585182, 8.872221 ], [ -68.585396, 8.872675 ], [ -68.585640, 8.873152 ], [ -68.585602, 8.873657 ], [ -68.584900, 8.874202 ], [ -68.584419, 8.874305 ], [ -68.583771, 8.874389 ], [ -68.583115, 8.874818 ], [ -68.582962, 8.875212 ], [ -68.582955, 8.875809 ], [ -68.582893, 8.876291 ], [ -68.583061, 8.876563 ], [ -68.583626, 8.877078 ], [ -68.584068, 8.877113 ], [ -68.584969, 8.877230 ], [ -68.585594, 8.877467 ], [ -68.585922, 8.877461 ], [ -68.586273, 8.877658 ], [ -68.586670, 8.878016 ], [ -68.586853, 8.878861 ], [ -68.586700, 8.879187 ], [ -68.586434, 8.879789 ], [ -68.586220, 8.880345 ], [ -68.586678, 8.880449 ], [ -68.586983, 8.880396 ], [ -68.587425, 8.880685 ], [ -68.587746, 8.880677 ], [ -68.588394, 8.880615 ], [ -68.588875, 8.880489 ], [ -68.589584, 8.881069 ], [ -68.589867, 8.881385 ], [ -68.590324, 8.881420 ], [ -68.590805, 8.881110 ], [ -68.591026, 8.880692 ], [ -68.591370, 8.880546 ], [ -68.591660, 8.880263 ], [ -68.591881, 8.879776 ], [ -68.592293, 8.879400 ], [ -68.593132, 8.878875 ], [ -68.594315, 8.879030 ], [ -68.594704, 8.879090 ], [ -68.595528, 8.879599 ], [ -68.595581, 8.880034 ], [ -68.596138, 8.880250 ], [ -68.596313, 8.880613 ], [ -68.596069, 8.881193 ], [ -68.595367, 8.881761 ], [ -68.594795, 8.882118 ], [ -68.594025, 8.882641 ], [ -68.593666, 8.883108 ], [ -68.593551, 8.884029 ], [ -68.593742, 8.884530 ], [ -68.593811, 8.885424 ], [ -68.593796, 8.885815 ], [ -68.593575, 8.886255 ], [ -68.593132, 8.886954 ], [ -68.593063, 8.887898 ], [ -68.593193, 8.888560 ], [ -68.593681, 8.888709 ], [ -68.594231, 8.888673 ], [ -68.594620, 8.888549 ], [ -68.595123, 8.888422 ], [ -68.595657, 8.888364 ], [ -68.596527, 8.888160 ], [ -68.597046, 8.887505 ], [ -68.597549, 8.887264 ], [ -68.598221, 8.887615 ], [ -68.597923, 8.888747 ], [ -68.597984, 8.889158 ], [ -68.598389, 8.889700 ], [ -68.598511, 8.889973 ], [ -68.598755, 8.890633 ], [ -68.598923, 8.890973 ], [ -68.599762, 8.891160 ], [ -68.600464, 8.890730 ], [ -68.600754, 8.890265 ], [ -68.601219, 8.889404 ], [ -68.601486, 8.888893 ], [ -68.601982, 8.888445 ], [ -68.602287, 8.888598 ], [ -68.602890, 8.888768 ], [ -68.603523, 8.889144 ], [ -68.603668, 8.889576 ], [ -68.603691, 8.890356 ], [ -68.603462, 8.890729 ], [ -68.603195, 8.891102 ], [ -68.602608, 8.891575 ], [ -68.602036, 8.891910 ], [ -68.600754, 8.892399 ], [ -68.599991, 8.892371 ], [ -68.599701, 8.892768 ], [ -68.599617, 8.893137 ], [ -68.599472, 8.893646 ], [ -68.599770, 8.894763 ], [ -68.599968, 8.895332 ], [ -68.600197, 8.896085 ], [ -68.600433, 8.896423 ], [ -68.600929, 8.896916 ], [ -68.601212, 8.897094 ], [ -68.602142, 8.897645 ], [ -68.602447, 8.897638 ], [ -68.603210, 8.897804 ], [ -68.603950, 8.897741 ], [ -68.604683, 8.897655 ], [ -68.605537, 8.897589 ], [ -68.606400, 8.897982 ], [ -68.606423, 8.898876 ], [ -68.606186, 8.899662 ], [ -68.606194, 8.900006 ], [ -68.606842, 8.900128 ], [ -68.607399, 8.900162 ], [ -68.607369, 8.900828 ], [ -68.607262, 8.901427 ], [ -68.607796, 8.901461 ], [ -68.608147, 8.901729 ], [ -68.608048, 8.902534 ], [ -68.608803, 8.903021 ], [ -68.609375, 8.902893 ], [ -68.609939, 8.902490 ], [ -68.610153, 8.901544 ], [ -68.610581, 8.901143 ], [ -68.610901, 8.900883 ], [ -68.612412, 8.900549 ], [ -68.612709, 8.900404 ], [ -68.613403, 8.900502 ], [ -68.614143, 8.900485 ], [ -68.614388, 8.901031 ], [ -68.614479, 8.901923 ], [ -68.614235, 8.902320 ], [ -68.614494, 8.902658 ], [ -68.615288, 8.902984 ], [ -68.615730, 8.903294 ], [ -68.615997, 8.903748 ], [ -68.615845, 8.904118 ], [ -68.615692, 8.904557 ], [ -68.615540, 8.904882 ], [ -68.615059, 8.905284 ], [ -68.614388, 8.905231 ], [ -68.613907, 8.905242 ], [ -68.613937, 8.905746 ], [ -68.614113, 8.906224 ], [ -68.614075, 8.906615 ], [ -68.613876, 8.907056 ], [ -68.613891, 8.907515 ], [ -68.614357, 8.907780 ], [ -68.614914, 8.907812 ], [ -68.615631, 8.908025 ], [ -68.615959, 8.908040 ], [ -68.616402, 8.908328 ], [ -68.616806, 8.908731 ], [ -68.617096, 8.909529 ], [ -68.617493, 8.909702 ], [ -68.617844, 8.909809 ], [ -68.618126, 8.909963 ], [ -68.618362, 8.910233 ], [ -68.618187, 8.910788 ], [ -68.617920, 8.911161 ], [ -68.617554, 8.911216 ], [ -68.617020, 8.911229 ], [ -68.616546, 8.911561 ], [ -68.616432, 8.911862 ], [ -68.616684, 8.912568 ], [ -68.616783, 8.913116 ], [ -68.616981, 8.913548 ], [ -68.617241, 8.913748 ], [ -68.617798, 8.913804 ], [ -68.618927, 8.913777 ], [ -68.619370, 8.913882 ], [ -68.619675, 8.914356 ], [ -68.619781, 8.914882 ], [ -68.619652, 8.915298 ], [ -68.619385, 8.915741 ], [ -68.619400, 8.916223 ], [ -68.619644, 8.916813 ], [ -68.619949, 8.917265 ], [ -68.619934, 8.917587 ], [ -68.619552, 8.917871 ], [ -68.619041, 8.917975 ], [ -68.618027, 8.918022 ], [ -68.617851, 8.918256 ], [ -68.617859, 8.918692 ], [ -68.618240, 8.919142 ], [ -68.618843, 8.919380 ], [ -68.619171, 8.919556 ], [ -68.619781, 8.919794 ], [ -68.620064, 8.920086 ], [ -68.620003, 8.920454 ], [ -68.619774, 8.920690 ], [ -68.619179, 8.920749 ], [ -68.618553, 8.920718 ], [ -68.617905, 8.920733 ], [ -68.617729, 8.921036 ], [ -68.617737, 8.921472 ], [ -68.617950, 8.921788 ], [ -68.618324, 8.921917 ], [ -68.618889, 8.922156 ], [ -68.619102, 8.922542 ], [ -68.618370, 8.922926 ], [ -68.618057, 8.923461 ], [ -68.618606, 8.923953 ], [ -68.618996, 8.923944 ], [ -68.619736, 8.924110 ], [ -68.619774, 8.924568 ], [ -68.618637, 8.925490 ], [ -68.618347, 8.925864 ], [ -68.618271, 8.926463 ], [ -68.618233, 8.926877 ], [ -68.617775, 8.927049 ], [ -68.617226, 8.927405 ], [ -68.617188, 8.927728 ], [ -68.617569, 8.928178 ], [ -68.618179, 8.928508 ], [ -68.618530, 8.928775 ], [ -68.619354, 8.929490 ], [ -68.619316, 8.930065 ], [ -68.619126, 8.930597 ], [ -68.618729, 8.931341 ], [ -68.618210, 8.931974 ], [ -68.618660, 8.932399 ], [ -68.619194, 8.932708 ], [ -68.619919, 8.932966 ], [ -68.620911, 8.933172 ], [ -68.621773, 8.933381 ], [ -68.622147, 8.933602 ], [ -68.622360, 8.933872 ], [ -68.622185, 8.934221 ], [ -68.621781, 8.934712 ], [ -68.622162, 8.935231 ], [ -68.622376, 8.935433 ], [ -68.622849, 8.936156 ], [ -68.622909, 8.936683 ], [ -68.622688, 8.937124 ], [ -68.622620, 8.938021 ], [ -68.622658, 8.938617 ], [ -68.623077, 8.939043 ], [ -68.623566, 8.938940 ], [ -68.624176, 8.938696 ], [ -68.624733, 8.938774 ], [ -68.624771, 8.939187 ], [ -68.624718, 8.939877 ], [ -68.624817, 8.940288 ], [ -68.625435, 8.940938 ], [ -68.625900, 8.941386 ], [ -68.626823, 8.941365 ], [ -68.627243, 8.941446 ], [ -68.627823, 8.941594 ], [ -68.628342, 8.941926 ], [ -68.628403, 8.942751 ], [ -68.628685, 8.943043 ], [ -68.629127, 8.942941 ], [ -68.629341, 8.942385 ], [ -68.629860, 8.941615 ], [ -68.630043, 8.941840 ], [ -68.630135, 8.942573 ], [ -68.629707, 8.943339 ], [ -68.629356, 8.944014 ], [ -68.629135, 8.945534 ], [ -68.628670, 8.946325 ], [ -68.628479, 8.947087 ], [ -68.628639, 8.948071 ], [ -68.628693, 8.948459 ], [ -68.629341, 8.949316 ], [ -68.629463, 8.949773 ], [ -68.630104, 8.950538 ], [ -68.631065, 8.950929 ], [ -68.631782, 8.951163 ], [ -68.632668, 8.951418 ], [ -68.633606, 8.951190 ], [ -68.633774, 8.951461 ], [ -68.634026, 8.952396 ], [ -68.634285, 8.952666 ], [ -68.634903, 8.953271 ], [ -68.635529, 8.953464 ], [ -68.636299, 8.953835 ], [ -68.636833, 8.953915 ], [ -68.637276, 8.954202 ], [ -68.637871, 8.954830 ], [ -68.638641, 8.955318 ], [ -68.639290, 8.955486 ], [ -68.639595, 8.955479 ], [ -68.640259, 8.955234 ], [ -68.641037, 8.954963 ], [ -68.641563, 8.954905 ], [ -68.642196, 8.955234 ], [ -68.642769, 8.955128 ], [ -68.643349, 8.955114 ], [ -68.643791, 8.955265 ], [ -68.644585, 8.955797 ], [ -68.645012, 8.957211 ], [ -68.645416, 8.957705 ], [ -68.646050, 8.958196 ], [ -68.646126, 8.958652 ], [ -68.646172, 8.959478 ], [ -68.645981, 8.960102 ], [ -68.646477, 8.960550 ], [ -68.647400, 8.960689 ], [ -68.648369, 8.960780 ], [ -68.648926, 8.960882 ], [ -68.649994, 8.961018 ], [ -68.650528, 8.961327 ], [ -68.652580, 8.963160 ], [ -68.653259, 8.963580 ], [ -68.653511, 8.964263 ], [ -68.654038, 8.965215 ], [ -68.654381, 8.965253 ], [ -68.655388, 8.965618 ], [ -68.655685, 8.966759 ], [ -68.656280, 8.967457 ], [ -68.655876, 8.968017 ], [ -68.655426, 8.968418 ], [ -68.655678, 8.969284 ], [ -68.655434, 8.969772 ], [ -68.655022, 8.970035 ], [ -68.654640, 8.970433 ], [ -68.654488, 8.970781 ], [ -68.654236, 8.971017 ], [ -68.653793, 8.971533 ], [ -68.653267, 8.971981 ], [ -68.652679, 8.972523 ], [ -68.652679, 8.973395 ], [ -68.652893, 8.973757 ], [ -68.652969, 8.974076 ], [ -68.653168, 8.974508 ], [ -68.653755, 8.975091 ], [ -68.654129, 8.975450 ], [ -68.654312, 8.976042 ], [ -68.654366, 8.976568 ], [ -68.654854, 8.976604 ], [ -68.655243, 8.976456 ], [ -68.656387, 8.977255 ], [ -68.656654, 8.977777 ], [ -68.656837, 8.978507 ], [ -68.656853, 8.979127 ], [ -68.656891, 8.979769 ], [ -68.656601, 8.980441 ], [ -68.656296, 8.981113 ], [ -68.656815, 8.981607 ], [ -68.656082, 8.982932 ], [ -68.656067, 8.983276 ], [ -68.655968, 8.983945 ], [ -68.656044, 8.984379 ], [ -68.655846, 8.984751 ], [ -68.655426, 8.985426 ], [ -68.656364, 8.986070 ], [ -68.656235, 8.986464 ], [ -68.656098, 8.986811 ], [ -68.656113, 8.987201 ], [ -68.656349, 8.987471 ], [ -68.657089, 8.987614 ], [ -68.657471, 8.987905 ], [ -68.657150, 8.988277 ], [ -68.656586, 8.988681 ], [ -68.656067, 8.989176 ], [ -68.656074, 8.989612 ], [ -68.656746, 8.989596 ], [ -68.657310, 8.989169 ], [ -68.657898, 8.988513 ], [ -68.658234, 8.988160 ], [ -68.658607, 8.988313 ], [ -68.659012, 8.988616 ], [ -68.658859, 8.989706 ], [ -68.626221, 9.220933 ], [ -68.626747, 9.220952 ], [ -68.627304, 9.220790 ], [ -68.627853, 9.220655 ], [ -68.628456, 9.220448 ], [ -68.629127, 9.220285 ], [ -68.629730, 9.220449 ], [ -68.630119, 9.220928 ], [ -68.630356, 9.221507 ], [ -68.630333, 9.222285 ], [ -68.630264, 9.222927 ], [ -68.630287, 9.223506 ], [ -68.630516, 9.224167 ], [ -68.630768, 9.224719 ], [ -68.631004, 9.225298 ], [ -68.631279, 9.225940 ], [ -68.631714, 9.226330 ], [ -68.632248, 9.226122 ], [ -68.632690, 9.225688 ], [ -68.633011, 9.225110 ], [ -68.633522, 9.224812 ], [ -68.634171, 9.224722 ], [ -68.634796, 9.224741 ], [ -68.635376, 9.224932 ], [ -68.635902, 9.225276 ], [ -68.636322, 9.225683 ], [ -68.636902, 9.225874 ], [ -68.637482, 9.225729 ], [ -68.638062, 9.225504 ], [ -68.638565, 9.225179 ], [ -68.638985, 9.224745 ], [ -68.639099, 9.224103 ], [ -68.638687, 9.223641 ], [ -68.638199, 9.223279 ], [ -68.638016, 9.222682 ], [ -68.638542, 9.222429 ], [ -68.639122, 9.222340 ], [ -68.639099, 9.221761 ], [ -68.638756, 9.221209 ], [ -68.638451, 9.220683 ], [ -68.638687, 9.220059 ], [ -68.639099, 9.219653 ], [ -68.639610, 9.219355 ], [ -68.640213, 9.219238 ], [ -68.640793, 9.219212 ], [ -68.641350, 9.219049 ], [ -68.642021, 9.218986 ], [ -68.642571, 9.219195 ], [ -68.642830, 9.219837 ], [ -68.642387, 9.220199 ], [ -68.641899, 9.220524 ], [ -68.641441, 9.220913 ], [ -68.641022, 9.221437 ], [ -68.640717, 9.222060 ], [ -68.640717, 9.222630 ], [ -68.641182, 9.223119 ], [ -68.641716, 9.223418 ], [ -68.642342, 9.223645 ], [ -68.642868, 9.223944 ], [ -68.643333, 9.224316 ], [ -68.643699, 9.224957 ], [ -68.643822, 9.225528 ], [ -68.644096, 9.226080 ], [ -68.644562, 9.226496 ], [ -68.645210, 9.226543 ], [ -68.645805, 9.226606 ], [ -68.646408, 9.227022 ], [ -68.646736, 9.227502 ], [ -68.647034, 9.228172 ], [ -68.647125, 9.228859 ], [ -68.647080, 9.230099 ], [ -68.647011, 9.230741 ], [ -68.647148, 9.231293 ], [ -68.647545, 9.231890 ], [ -68.648026, 9.232261 ], [ -68.648583, 9.232470 ], [ -68.649139, 9.232715 ], [ -68.649742, 9.232995 ], [ -68.650383, 9.233250 ], [ -68.650642, 9.232716 ], [ -68.650803, 9.232164 ], [ -68.651360, 9.232011 ], [ -68.651657, 9.231460 ], [ -68.651680, 9.230863 ], [ -68.651940, 9.230284 ], [ -68.652313, 9.229778 ], [ -68.652771, 9.229344 ], [ -68.653396, 9.229390 ], [ -68.653908, 9.229825 ], [ -68.654091, 9.230376 ], [ -68.654205, 9.230956 ], [ -68.654228, 9.231598 ], [ -68.654343, 9.232240 ], [ -68.654640, 9.232747 ], [ -68.655060, 9.233245 ], [ -68.655479, 9.233662 ], [ -68.655960, 9.233987 ], [ -68.656449, 9.234286 ], [ -68.657051, 9.234377 ], [ -68.657562, 9.233844 ], [ -68.658112, 9.233546 ], [ -68.658646, 9.233230 ], [ -68.659294, 9.233086 ], [ -68.659920, 9.232996 ], [ -68.660523, 9.232680 ], [ -68.660843, 9.232192 ], [ -68.661171, 9.231668 ], [ -68.661468, 9.231116 ], [ -68.661613, 9.230547 ], [ -68.661514, 9.229968 ], [ -68.661499, 9.229235 ], [ -68.661423, 9.228476 ], [ -68.661308, 9.227670 ], [ -68.661171, 9.226340 ], [ -68.660988, 9.225698 ], [ -68.661217, 9.225146 ], [ -68.661682, 9.224730 ], [ -68.662354, 9.224641 ], [ -68.662911, 9.224967 ], [ -68.663437, 9.225375 ], [ -68.663994, 9.225629 ], [ -68.664574, 9.225629 ], [ -68.665154, 9.225883 ], [ -68.665039, 9.226453 ], [ -68.664734, 9.227004 ], [ -68.664108, 9.228225 ], [ -68.664757, 9.228433 ], [ -68.665802, 9.227674 ], [ -68.666382, 9.227720 ], [ -68.666885, 9.227992 ], [ -68.667214, 9.228571 ], [ -68.666977, 9.229122 ], [ -68.666397, 9.229330 ], [ -68.665802, 9.229347 ], [ -68.665199, 9.229555 ], [ -68.664757, 9.229989 ], [ -68.664986, 9.230568 ], [ -68.666214, 9.230732 ], [ -68.666260, 9.231057 ], [ -68.666306, 9.231374 ], [ -68.666145, 9.232061 ], [ -68.665939, 9.232586 ], [ -68.665680, 9.233182 ], [ -68.665909, 9.233734 ], [ -68.666512, 9.233988 ], [ -68.667114, 9.233989 ], [ -68.667786, 9.233808 ], [ -68.668411, 9.233574 ], [ -68.668945, 9.233303 ], [ -68.669479, 9.233095 ], [ -68.670143, 9.232961 ], [ -68.670845, 9.232934 ], [ -68.671349, 9.233278 ], [ -68.671585, 9.233803 ], [ -68.671722, 9.234400 ], [ -68.671974, 9.234997 ], [ -68.672508, 9.235414 ], [ -68.673035, 9.235758 ], [ -68.673500, 9.236237 ], [ -68.673965, 9.236699 ], [ -68.674469, 9.237179 ], [ -68.675049, 9.237370 ], [ -68.675720, 9.237280 ], [ -68.676971, 9.237733 ], [ -68.677574, 9.237806 ], [ -68.678177, 9.237644 ], [ -68.678482, 9.237436 ], [ -68.678383, 9.238033 ], [ -68.678268, 9.238657 ], [ -68.678009, 9.239118 ], [ -68.677780, 9.239642 ], [ -68.677590, 9.240194 ], [ -68.677421, 9.240790 ], [ -68.677444, 9.241369 ], [ -68.677742, 9.241786 ], [ -68.678162, 9.242229 ], [ -68.679710, 9.243018 ], [ -68.680145, 9.243272 ], [ -68.680557, 9.243597 ], [ -68.680931, 9.244077 ], [ -68.681206, 9.244520 ], [ -68.681595, 9.244892 ], [ -68.682610, 9.245535 ], [ -68.683510, 9.246051 ], [ -68.684067, 9.246052 ], [ -68.684395, 9.245636 ], [ -68.684486, 9.245111 ], [ -68.684563, 9.244442 ], [ -68.684608, 9.243891 ], [ -68.684631, 9.243357 ], [ -68.684685, 9.242760 ], [ -68.684822, 9.241656 ], [ -68.684967, 9.241150 ], [ -68.684944, 9.240617 ], [ -68.684975, 9.240046 ], [ -68.685081, 9.239739 ], [ -68.685829, 9.240337 ], [ -68.687126, 9.241686 ], [ -68.687614, 9.242012 ], [ -68.688240, 9.242148 ], [ -68.688866, 9.242356 ], [ -68.689346, 9.242656 ], [ -68.689926, 9.242864 ], [ -68.690506, 9.243000 ], [ -68.691063, 9.243163 ], [ -68.691589, 9.243408 ], [ -68.692169, 9.243752 ], [ -68.692444, 9.244376 ], [ -68.692238, 9.245001 ], [ -68.691658, 9.246095 ], [ -68.691589, 9.246674 ], [ -68.691749, 9.247289 ], [ -68.692123, 9.247795 ], [ -68.692543, 9.248212 ], [ -68.692909, 9.248854 ], [ -68.692818, 9.249424 ], [ -68.692398, 9.249885 ], [ -68.691918, 9.250228 ], [ -68.691406, 9.250571 ], [ -68.691498, 9.251150 ], [ -68.692032, 9.251377 ], [ -68.692657, 9.251377 ], [ -68.693275, 9.251215 ], [ -68.693878, 9.251152 ], [ -68.694504, 9.251262 ], [ -68.694969, 9.251678 ], [ -68.695526, 9.252049 ], [ -68.696175, 9.251860 ], [ -68.696327, 9.251652 ], [ -68.696884, 9.251354 ], [ -68.697792, 9.250757 ], [ -68.698296, 9.250903 ], [ -68.698898, 9.251157 ], [ -68.699455, 9.251410 ], [ -68.700050, 9.251511 ], [ -68.700539, 9.251303 ], [ -68.700936, 9.250978 ], [ -68.701309, 9.250634 ], [ -68.701775, 9.250227 ], [ -68.702957, 9.249124 ], [ -68.703514, 9.249035 ], [ -68.704017, 9.249198 ], [ -68.704620, 9.249552 ], [ -68.705010, 9.249941 ], [ -68.704872, 9.250447 ], [ -68.704407, 9.250863 ], [ -68.704010, 9.251179 ], [ -68.703156, 9.251893 ], [ -68.703148, 9.252444 ], [ -68.703567, 9.252716 ], [ -68.704117, 9.252925 ], [ -68.704643, 9.252826 ], [ -68.704781, 9.253016 ], [ -68.705078, 9.253540 ], [ -68.705429, 9.254002 ], [ -68.705864, 9.254436 ], [ -68.706421, 9.254853 ], [ -68.707023, 9.255125 ], [ -68.707649, 9.255243 ], [ -68.708038, 9.254782 ], [ -68.708275, 9.254230 ], [ -68.708755, 9.253679 ], [ -68.709335, 9.253590 ], [ -68.709938, 9.253201 ], [ -68.710335, 9.252694 ], [ -68.710892, 9.252397 ], [ -68.711556, 9.252397 ], [ -68.712044, 9.252714 ], [ -68.712326, 9.253266 ], [ -68.712158, 9.253908 ], [ -68.711792, 9.254369 ], [ -68.711372, 9.254758 ], [ -68.710999, 9.255336 ], [ -68.711327, 9.255816 ], [ -68.712486, 9.255338 ], [ -68.713035, 9.255085 ], [ -68.713615, 9.254968 ], [ -68.714195, 9.254968 ], [ -68.714684, 9.255312 ], [ -68.715187, 9.255610 ], [ -68.715561, 9.255150 ], [ -68.715843, 9.254625 ], [ -68.716461, 9.254644 ], [ -68.717041, 9.254735 ], [ -68.717667, 9.254926 ], [ -68.718361, 9.255079 ], [ -68.718361, 9.255731 ], [ -68.717438, 9.256598 ], [ -68.717224, 9.257177 ], [ -68.717690, 9.257585 ], [ -68.718246, 9.257865 ], [ -68.718636, 9.258273 ], [ -68.719101, 9.258689 ], [ -68.719726, 9.258735 ], [ -68.720238, 9.258410 ], [ -68.720512, 9.257867 ], [ -68.720741, 9.257271 ], [ -68.721252, 9.256900 ], [ -68.721558, 9.257380 ], [ -68.721901, 9.257859 ], [ -68.722527, 9.257661 ], [ -68.723015, 9.257245 ], [ -68.723473, 9.256902 ], [ -68.723961, 9.256486 ], [ -68.724541, 9.256143 ], [ -68.725166, 9.256207 ], [ -68.725792, 9.256460 ], [ -68.726341, 9.256714 ], [ -68.726784, 9.257131 ], [ -68.726692, 9.257772 ], [ -68.726387, 9.258251 ], [ -68.725349, 9.258920 ], [ -68.724953, 9.259354 ], [ -68.725441, 9.259680 ], [ -68.725838, 9.260141 ], [ -68.725556, 9.260639 ], [ -68.725166, 9.261100 ], [ -68.724053, 9.261470 ], [ -68.723961, 9.262112 ], [ -68.724075, 9.262709 ], [ -68.724373, 9.263324 ], [ -68.724678, 9.263876 ], [ -68.725113, 9.264591 ], [ -68.725586, 9.264962 ], [ -68.726097, 9.265224 ], [ -68.726700, 9.265433 ], [ -68.727341, 9.265596 ], [ -68.727920, 9.265759 ], [ -68.728546, 9.265878 ], [ -68.729126, 9.266041 ], [ -68.729774, 9.266159 ], [ -68.730369, 9.266088 ], [ -68.730995, 9.265843 ], [ -68.731438, 9.265591 ], [ -68.731949, 9.265292 ], [ -68.732369, 9.265021 ], [ -68.733269, 9.264399 ], [ -68.734360, 9.264010 ], [ -68.734932, 9.263558 ], [ -68.735115, 9.263603 ], [ -68.735550, 9.263152 ], [ -68.736130, 9.262917 ], [ -68.736756, 9.263035 ], [ -68.737381, 9.263244 ], [ -68.737938, 9.263606 ], [ -68.738373, 9.263977 ], [ -68.739021, 9.264086 ], [ -68.739510, 9.263769 ], [ -68.739952, 9.263381 ], [ -68.740623, 9.263038 ], [ -68.741241, 9.262966 ], [ -68.741867, 9.263030 ], [ -68.742332, 9.263446 ], [ -68.742493, 9.264025 ], [ -68.742470, 9.264595 ], [ -68.742424, 9.265174 ], [ -68.742653, 9.265743 ], [ -68.743118, 9.266088 ], [ -68.743652, 9.266414 ], [ -68.744255, 9.266730 ], [ -68.745498, 9.267148 ], [ -68.746033, 9.267419 ], [ -68.746269, 9.267564 ], [ -68.746544, 9.267745 ], [ -68.746864, 9.268342 ], [ -68.746841, 9.268957 ], [ -68.746712, 9.269554 ], [ -68.746498, 9.270178 ], [ -68.746216, 9.270775 ], [ -68.746498, 9.271282 ], [ -68.747025, 9.271581 ], [ -68.747627, 9.271762 ], [ -68.748230, 9.271925 ], [ -68.748879, 9.271989 ], [ -68.749550, 9.271990 ], [ -68.750130, 9.272062 ], [ -68.750709, 9.271945 ], [ -68.751335, 9.271737 ], [ -68.751938, 9.271620 ], [ -68.752579, 9.271576 ], [ -68.753693, 9.271902 ], [ -68.754272, 9.272056 ], [ -68.754852, 9.272156 ], [ -68.755447, 9.272220 ], [ -68.756027, 9.272310 ], [ -68.756630, 9.272447 ], [ -68.757324, 9.272592 ], [ -68.758041, 9.272728 ], [ -68.758781, 9.272819 ], [ -68.759476, 9.272937 ], [ -68.760078, 9.273118 ], [ -68.760658, 9.273372 ], [ -68.760773, 9.274014 ], [ -68.760330, 9.274376 ], [ -68.759804, 9.274774 ], [ -68.759338, 9.275180 ], [ -68.759270, 9.275849 ], [ -68.759735, 9.276194 ], [ -68.760330, 9.276076 ], [ -68.760864, 9.275868 ], [ -68.762161, 9.275670 ], [ -68.762741, 9.275553 ], [ -68.763321, 9.275318 ], [ -68.763756, 9.275689 ], [ -68.763618, 9.276241 ], [ -68.763458, 9.276838 ], [ -68.763802, 9.277390 ], [ -68.764107, 9.277942 ], [ -68.764267, 9.278584 ], [ -68.764084, 9.279136 ], [ -68.764313, 9.279733 ], [ -68.764710, 9.280185 ], [ -68.765350, 9.280186 ], [ -68.765838, 9.279869 ], [ -68.766022, 9.279318 ], [ -68.765862, 9.278675 ], [ -68.765541, 9.278142 ], [ -68.765282, 9.277598 ], [ -68.765190, 9.277001 ], [ -68.765282, 9.276378 ], [ -68.765564, 9.275808 ], [ -68.766007, 9.275365 ], [ -68.766602, 9.275203 ], [ -68.767181, 9.275158 ], [ -68.768456, 9.275023 ], [ -68.769013, 9.275349 ], [ -68.769035, 9.275991 ], [ -68.768967, 9.276607 ], [ -68.769081, 9.277248 ], [ -68.769592, 9.277637 ], [ -68.770119, 9.277412 ], [ -68.770584, 9.276997 ], [ -68.771233, 9.276680 ], [ -68.771812, 9.276653 ], [ -68.772461, 9.276907 ], [ -68.773041, 9.277161 ], [ -68.773544, 9.277432 ], [ -68.774216, 9.277505 ], [ -68.775467, 9.277596 ], [ -68.776047, 9.277596 ], [ -68.776627, 9.277687 ], [ -68.776947, 9.278213 ], [ -68.776787, 9.278764 ], [ -68.776367, 9.279270 ], [ -68.775841, 9.279658 ], [ -68.775169, 9.279866 ], [ -68.774521, 9.279893 ], [ -68.773850, 9.279865 ], [ -68.773155, 9.279801 ], [ -68.772552, 9.279964 ], [ -68.772041, 9.280308 ], [ -68.771744, 9.280814 ], [ -68.772064, 9.281312 ], [ -68.772736, 9.281475 ], [ -68.773315, 9.281358 ], [ -68.773964, 9.281249 ], [ -68.774544, 9.281404 ], [ -68.774704, 9.281982 ], [ -68.774841, 9.282553 ], [ -68.774956, 9.283176 ], [ -68.775215, 9.283747 ], [ -68.775421, 9.284281 ], [ -68.775558, 9.284850 ], [ -68.776184, 9.285954 ], [ -68.776459, 9.286506 ], [ -68.776627, 9.287076 ], [ -68.776581, 9.287718 ], [ -68.776321, 9.288270 ], [ -68.775955, 9.288776 ], [ -68.775673, 9.289372 ], [ -68.775558, 9.289969 ], [ -68.775719, 9.290566 ], [ -68.775810, 9.291163 ], [ -68.775627, 9.291742 ], [ -68.775116, 9.292041 ], [ -68.774536, 9.292221 ], [ -68.773918, 9.292293 ], [ -68.773338, 9.292311 ], [ -68.772644, 9.292356 ], [ -68.771927, 9.292310 ], [ -68.771278, 9.292246 ], [ -68.770607, 9.292218 ], [ -68.770004, 9.292335 ], [ -68.769447, 9.292661 ], [ -68.768891, 9.293050 ], [ -68.768356, 9.293510 ], [ -68.767570, 9.294614 ], [ -68.767113, 9.294975 ], [ -68.766045, 9.295689 ], [ -68.765465, 9.295987 ], [ -68.764816, 9.296077 ], [ -68.764145, 9.296122 ], [ -68.763474, 9.296194 ], [ -68.762848, 9.296329 ], [ -68.762322, 9.296654 ], [ -68.762177, 9.297315 ], [ -68.762482, 9.297912 ], [ -68.762894, 9.298327 ], [ -68.763519, 9.298581 ], [ -68.764008, 9.298998 ], [ -68.763962, 9.299658 ], [ -68.763870, 9.300282 ], [ -68.763641, 9.300807 ], [ -68.763313, 9.301294 ], [ -68.762917, 9.301746 ], [ -68.762322, 9.302045 ], [ -68.761719, 9.302144 ], [ -68.761047, 9.302279 ], [ -68.760490, 9.302577 ], [ -68.759956, 9.302894 ], [ -68.759422, 9.303309 ], [ -68.759239, 9.303888 ], [ -68.759567, 9.304367 ], [ -68.760002, 9.304784 ], [ -68.760490, 9.305173 ], [ -68.760903, 9.305580 ], [ -68.761230, 9.306132 ], [ -68.761459, 9.306684 ], [ -68.761436, 9.307326 ], [ -68.761391, 9.308068 ], [ -68.761642, 9.308611 ], [ -68.761780, 9.309208 ], [ -68.761856, 9.309950 ], [ -68.761879, 9.310592 ], [ -68.761879, 9.311162 ], [ -68.761803, 9.311786 ], [ -68.761856, 9.312518 ], [ -68.761993, 9.313088 ], [ -68.762497, 9.313486 ], [ -68.763123, 9.313388 ], [ -68.763542, 9.312999 ], [ -68.763962, 9.312583 ], [ -68.764397, 9.312014 ], [ -68.764725, 9.311462 ], [ -68.765068, 9.311001 ], [ -68.765396, 9.310494 ], [ -68.765953, 9.309925 ], [ -68.766594, 9.309926 ], [ -68.767219, 9.310134 ], [ -68.767754, 9.310478 ], [ -68.768105, 9.311030 ], [ -68.768219, 9.311600 ], [ -68.768265, 9.312224 ], [ -68.768105, 9.312866 ], [ -68.767570, 9.313988 ], [ -68.767219, 9.314611 ], [ -68.766945, 9.315208 ], [ -68.767014, 9.315778 ], [ -68.767311, 9.316284 ], [ -68.767662, 9.316764 ], [ -68.768105, 9.317135 ], [ -68.768677, 9.317389 ], [ -68.769951, 9.317824 ], [ -68.770508, 9.318186 ], [ -68.771019, 9.319335 ], [ -68.771568, 9.319498 ], [ -68.772102, 9.319272 ], [ -68.772568, 9.318902 ], [ -68.773102, 9.318585 ], [ -68.773659, 9.318306 ], [ -68.774307, 9.318098 ], [ -68.774971, 9.317981 ], [ -68.775620, 9.317964 ], [ -68.776222, 9.317937 ], [ -68.776779, 9.318235 ], [ -68.776985, 9.318788 ], [ -68.776848, 9.319339 ], [ -68.776383, 9.320487 ], [ -68.776222, 9.321129 ], [ -68.776108, 9.321754 ], [ -68.776108, 9.322369 ], [ -68.776245, 9.322920 ], [ -68.776573, 9.323400 ], [ -68.777031, 9.323038 ], [ -68.777313, 9.322505 ], [ -68.777565, 9.321953 ], [ -68.778030, 9.320877 ], [ -68.778305, 9.320353 ], [ -68.778633, 9.319801 ], [ -68.779114, 9.319295 ], [ -68.779740, 9.319115 ], [ -68.780273, 9.319314 ], [ -68.780624, 9.319848 ], [ -68.780853, 9.320399 ], [ -68.781014, 9.320951 ], [ -68.781082, 9.321548 ], [ -68.781014, 9.322145 ], [ -68.780830, 9.322761 ], [ -68.780090, 9.324551 ], [ -68.779999, 9.325238 ], [ -68.779953, 9.325817 ], [ -68.780182, 9.326342 ], [ -68.780739, 9.326523 ], [ -68.781151, 9.326134 ], [ -68.781296, 9.325564 ], [ -68.781570, 9.324326 ], [ -68.781982, 9.323864 ], [ -68.782661, 9.323883 ], [ -68.783256, 9.324227 ], [ -68.783768, 9.324716 ], [ -68.784233, 9.325123 ], [ -68.784737, 9.325512 ], [ -68.785202, 9.325955 ], [ -68.785622, 9.326390 ], [ -68.785919, 9.326941 ], [ -68.786034, 9.327584 ], [ -68.786270, 9.328181 ], [ -68.786728, 9.328526 ], [ -68.787285, 9.328915 ], [ -68.787445, 9.329466 ], [ -68.787033, 9.330090 ], [ -68.786011, 9.330777 ], [ -68.785507, 9.331048 ], [ -68.785042, 9.331419 ], [ -68.784599, 9.331880 ], [ -68.784256, 9.332386 ], [ -68.784020, 9.332911 ], [ -68.783562, 9.333399 ], [ -68.783661, 9.334900 ], [ -68.783745, 9.335470 ], [ -68.784164, 9.336881 ], [ -68.784249, 9.337523 ], [ -68.784279, 9.338147 ], [ -68.784966, 9.338844 ], [ -68.785439, 9.339378 ], [ -68.785980, 9.340193 ], [ -68.786553, 9.340754 ], [ -68.787125, 9.341062 ], [ -68.787857, 9.341342 ], [ -68.788559, 9.341243 ], [ -68.788956, 9.340719 ], [ -68.789055, 9.340149 ], [ -68.789162, 9.339317 ], [ -68.789619, 9.339652 ], [ -68.790268, 9.339914 ], [ -68.790863, 9.340060 ], [ -68.791389, 9.340295 ], [ -68.791756, 9.340756 ], [ -68.792229, 9.341300 ], [ -68.793015, 9.341562 ], [ -68.793419, 9.340993 ], [ -68.793289, 9.340070 ], [ -68.793442, 9.339319 ], [ -68.793968, 9.339555 ], [ -68.794403, 9.340044 ], [ -68.794739, 9.340532 ], [ -68.795128, 9.340976 ], [ -68.795647, 9.341718 ], [ -68.796036, 9.342134 ], [ -68.796494, 9.342550 ], [ -68.796806, 9.343039 ], [ -68.796699, 9.343708 ], [ -68.796143, 9.343906 ], [ -68.795662, 9.343527 ], [ -68.795258, 9.342876 ], [ -68.794525, 9.342414 ], [ -68.793991, 9.342585 ], [ -68.793617, 9.343082 ], [ -68.793816, 9.343661 ], [ -68.794083, 9.344286 ], [ -68.794609, 9.344729 ], [ -68.795151, 9.345155 ], [ -68.795837, 9.345580 ], [ -68.796692, 9.345608 ], [ -68.797302, 9.345436 ], [ -68.797974, 9.345283 ], [ -68.798668, 9.345229 ], [ -68.799057, 9.345691 ], [ -68.798492, 9.346097 ], [ -68.798073, 9.346486 ], [ -68.797691, 9.347028 ], [ -68.798004, 9.347562 ], [ -68.798676, 9.347843 ], [ -68.799370, 9.347789 ], [ -68.799965, 9.347843 ], [ -68.800400, 9.348196 ], [ -68.800812, 9.348639 ], [ -68.801354, 9.349174 ], [ -68.801949, 9.349961 ], [ -68.802566, 9.350359 ], [ -68.803276, 9.350469 ], [ -68.804092, 9.350360 ], [ -68.804833, 9.350143 ], [ -68.805580, 9.349854 ], [ -68.806740, 9.349457 ], [ -68.807388, 9.349376 ], [ -68.808105, 9.349340 ], [ -68.809372, 9.349549 ], [ -68.810089, 9.349649 ], [ -68.810875, 9.349849 ], [ -68.812233, 9.350256 ], [ -68.812920, 9.350564 ], [ -68.813560, 9.351007 ], [ -68.814224, 9.351433 ], [ -68.815315, 9.352455 ], [ -68.816704, 9.354112 ], [ -68.817108, 9.354646 ], [ -68.817543, 9.355161 ], [ -68.818062, 9.355695 ], [ -68.819107, 9.356808 ], [ -68.819641, 9.357098 ], [ -68.820373, 9.357361 ], [ -68.821083, 9.357740 ], [ -68.821632, 9.358111 ], [ -68.822273, 9.358510 ], [ -68.822777, 9.358772 ], [ -68.823585, 9.359126 ], [ -68.824203, 9.359370 ], [ -68.824966, 9.359561 ], [ -68.825607, 9.359805 ], [ -68.826431, 9.360140 ], [ -68.827240, 9.360538 ], [ -68.828018, 9.360964 ], [ -68.829231, 9.361607 ], [ -68.829834, 9.361752 ], [ -68.830475, 9.361924 ], [ -68.831192, 9.362087 ], [ -68.831787, 9.362287 ], [ -68.832436, 9.362522 ], [ -68.834244, 9.363328 ], [ -68.834953, 9.363708 ], [ -68.835487, 9.363971 ], [ -68.836060, 9.364324 ], [ -68.836540, 9.364632 ], [ -68.837219, 9.365255 ], [ -68.837700, 9.365726 ], [ -68.838478, 9.366404 ], [ -68.838905, 9.366894 ], [ -68.839455, 9.367590 ], [ -68.839928, 9.368151 ], [ -68.840362, 9.368594 ], [ -68.841644, 9.369554 ], [ -68.843788, 9.370984 ], [ -68.844482, 9.371428 ], [ -68.844986, 9.371791 ], [ -68.845276, 9.371998 ], [ -68.845764, 9.372323 ], [ -68.846374, 9.372812 ], [ -68.847015, 9.373373 ], [ -68.847771, 9.374006 ], [ -68.848503, 9.374568 ], [ -68.849029, 9.374875 ], [ -68.849693, 9.375300 ], [ -68.850258, 9.375925 ], [ -68.850601, 9.376387 ], [ -68.851029, 9.376993 ], [ -68.851555, 9.377437 ], [ -68.852173, 9.377862 ], [ -68.852608, 9.378233 ], [ -68.853035, 9.378748 ], [ -68.853516, 9.379282 ], [ -68.853989, 9.379753 ], [ -68.854446, 9.380124 ], [ -68.854881, 9.380540 ], [ -68.855171, 9.381119 ], [ -68.855202, 9.382476 ], [ -68.855644, 9.383769 ], [ -68.855858, 9.384556 ], [ -68.855896, 9.385243 ], [ -68.855873, 9.386528 ], [ -68.855934, 9.387152 ], [ -68.856018, 9.387749 ], [ -68.856216, 9.388391 ], [ -68.856766, 9.388817 ], [ -68.857338, 9.389079 ], [ -68.858169, 9.389341 ], [ -68.858910, 9.389351 ], [ -68.859528, 9.389342 ], [ -68.860199, 9.389370 ], [ -68.861030, 9.389614 ], [ -68.861534, 9.389967 ], [ -68.862076, 9.390528 ], [ -68.862465, 9.390945 ], [ -68.863014, 9.391433 ], [ -68.863472, 9.391813 ], [ -68.863899, 9.392320 ], [ -68.864571, 9.393758 ], [ -68.864998, 9.394427 ], [ -68.865387, 9.395006 ], [ -68.865768, 9.395631 ], [ -68.865830, 9.396183 ], [ -68.865868, 9.396833 ], [ -68.865990, 9.397639 ], [ -68.866280, 9.398263 ], [ -68.866341, 9.399086 ], [ -68.866127, 9.399611 ], [ -68.865517, 9.399855 ], [ -68.865006, 9.400099 ], [ -68.864395, 9.400641 ], [ -68.863968, 9.401138 ], [ -68.863503, 9.401482 ], [ -68.862854, 9.401699 ], [ -68.862228, 9.401780 ], [ -68.861557, 9.401934 ], [ -68.860993, 9.402178 ], [ -68.860481, 9.402657 ], [ -68.860146, 9.403127 ], [ -68.859886, 9.403724 ], [ -68.859810, 9.404293 ], [ -68.859940, 9.404845 ], [ -68.860435, 9.405361 ], [ -68.861008, 9.405668 ], [ -68.861595, 9.405289 ], [ -68.862015, 9.404837 ], [ -68.862602, 9.404548 ], [ -68.863152, 9.404783 ], [ -68.863327, 9.405334 ], [ -68.863083, 9.406113 ], [ -68.863213, 9.406873 ], [ -68.863434, 9.407452 ], [ -68.863380, 9.408049 ], [ -68.863258, 9.408600 ], [ -68.862968, 9.409070 ], [ -68.862755, 9.409649 ], [ -68.862671, 9.410219 ], [ -68.862824, 9.410934 ], [ -68.863235, 9.411468 ], [ -68.863503, 9.412065 ], [ -68.864052, 9.412309 ], [ -68.864631, 9.412381 ], [ -68.865158, 9.412572 ], [ -68.865730, 9.412879 ], [ -68.866234, 9.413232 ], [ -68.866836, 9.413178 ], [ -68.867767, 9.413007 ], [ -68.869156, 9.412682 ], [ -68.870255, 9.412167 ], [ -68.870857, 9.411922 ], [ -68.871605, 9.411660 ], [ -68.872879, 9.411100 ], [ -68.874161, 9.410711 ], [ -68.874679, 9.410233 ], [ -68.875015, 9.409410 ], [ -68.875206, 9.408839 ], [ -68.875519, 9.408298 ], [ -68.875831, 9.407592 ], [ -68.876182, 9.405801 ], [ -68.876625, 9.405349 ], [ -68.877113, 9.405032 ], [ -68.877609, 9.404626 ], [ -68.878616, 9.403567 ], [ -68.879181, 9.403278 ], [ -68.879661, 9.403577 ], [ -68.880043, 9.404301 ], [ -68.879867, 9.404871 ], [ -68.879494, 9.405396 ], [ -68.879295, 9.406055 ], [ -68.878937, 9.406878 ], [ -68.878746, 9.407421 ], [ -68.878731, 9.408162 ], [ -68.879334, 9.408262 ], [ -68.879929, 9.408407 ], [ -68.880486, 9.408688 ], [ -68.881088, 9.408443 ], [ -68.881302, 9.407874 ], [ -68.881432, 9.407304 ], [ -68.881462, 9.406662 ], [ -68.881661, 9.405974 ], [ -68.882103, 9.405595 ], [ -68.882683, 9.405441 ], [ -68.883278, 9.405903 ], [ -68.883659, 9.406835 ], [ -68.883759, 9.406102 ], [ -68.884316, 9.406201 ], [ -68.884865, 9.406410 ], [ -68.885391, 9.406880 ], [ -68.885613, 9.407685 ], [ -68.885712, 9.408328 ], [ -68.885750, 9.408934 ], [ -68.885857, 9.409694 ], [ -68.886048, 9.410815 ], [ -68.885918, 9.411620 ], [ -68.885681, 9.412217 ], [ -68.885437, 9.412786 ], [ -68.885170, 9.413537 ], [ -68.885094, 9.414107 ], [ -68.885086, 9.414731 ], [ -68.884979, 9.415391 ], [ -68.884766, 9.415915 ], [ -68.884254, 9.417218 ], [ -68.884041, 9.418023 ], [ -68.884232, 9.418737 ], [ -68.884338, 9.419334 ], [ -68.884232, 9.420664 ], [ -68.884194, 9.421469 ], [ -68.884186, 9.422048 ], [ -68.884331, 9.422853 ], [ -68.884560, 9.423360 ], [ -68.884842, 9.424048 ], [ -68.884971, 9.424952 ], [ -68.884872, 9.425504 ], [ -68.884789, 9.426137 ], [ -68.884941, 9.426787 ], [ -68.885208, 9.427366 ], [ -68.885460, 9.427874 ], [ -68.885933, 9.428434 ], [ -68.886436, 9.428688 ], [ -68.886894, 9.429023 ], [ -68.887329, 9.429394 ], [ -68.887901, 9.429791 ], [ -68.888474, 9.430307 ], [ -68.889290, 9.431104 ], [ -68.889816, 9.431655 ], [ -68.890480, 9.432289 ], [ -68.890907, 9.432642 ], [ -68.891388, 9.433103 ], [ -68.891800, 9.433619 ], [ -68.891998, 9.434153 ], [ -68.892166, 9.435139 ], [ -68.892364, 9.435970 ], [ -68.892700, 9.436567 ], [ -68.893410, 9.437291 ], [ -68.893722, 9.437753 ], [ -68.893967, 9.438422 ], [ -68.893700, 9.439046 ], [ -68.893600, 9.439796 ], [ -68.893913, 9.440421 ], [ -68.894318, 9.441072 ], [ -68.894539, 9.441624 ], [ -68.894722, 9.442185 ], [ -68.894753, 9.443098 ], [ -68.894668, 9.443650 ], [ -68.894364, 9.444130 ], [ -68.894195, 9.444699 ], [ -68.894157, 9.445296 ], [ -68.894173, 9.445875 ], [ -68.894073, 9.446445 ], [ -68.893784, 9.447132 ], [ -68.893410, 9.447584 ], [ -68.892723, 9.448696 ], [ -68.892525, 9.449384 ], [ -68.892563, 9.449981 ], [ -68.892570, 9.450759 ], [ -68.892677, 9.451546 ], [ -68.892807, 9.452215 ], [ -68.892868, 9.452766 ], [ -68.892853, 9.453545 ], [ -68.892861, 9.454513 ], [ -68.892784, 9.455154 ], [ -68.892769, 9.455842 ], [ -68.892952, 9.456376 ], [ -68.893097, 9.457036 ], [ -68.892998, 9.457678 ], [ -68.892517, 9.458872 ], [ -68.891777, 9.460120 ], [ -68.891930, 9.460834 ], [ -68.892013, 9.461432 ], [ -68.891823, 9.462001 ], [ -68.891441, 9.462733 ], [ -68.890808, 9.463096 ], [ -68.890274, 9.463294 ], [ -68.889938, 9.463819 ], [ -68.889633, 9.464524 ], [ -68.889412, 9.465094 ], [ -68.889381, 9.465664 ], [ -68.889557, 9.466269 ], [ -68.889893, 9.466939 ], [ -68.890114, 9.467536 ], [ -68.890266, 9.468250 ], [ -68.890465, 9.468920 ], [ -68.890823, 9.469363 ], [ -68.891396, 9.469789 ], [ -68.892036, 9.470250 ], [ -68.892471, 9.470648 ], [ -68.892883, 9.471091 ], [ -68.893456, 9.471625 ], [ -68.893883, 9.472231 ], [ -68.894280, 9.473253 ], [ -68.894524, 9.474176 ], [ -68.894722, 9.474746 ], [ -68.895126, 9.475425 ], [ -68.895531, 9.476067 ], [ -68.896255, 9.477135 ], [ -68.896813, 9.478455 ], [ -68.897110, 9.478944 ], [ -68.897583, 9.479568 ], [ -68.898018, 9.479939 ], [ -68.898498, 9.480454 ], [ -68.898926, 9.480898 ], [ -68.899315, 9.481431 ], [ -68.899330, 9.482001 ], [ -68.899384, 9.482861 ], [ -68.899376, 9.483521 ], [ -68.899597, 9.484099 ], [ -68.900093, 9.484661 ], [ -68.900665, 9.485222 ], [ -68.901009, 9.485656 ], [ -68.901001, 9.486253 ], [ -68.900734, 9.486804 ], [ -68.900604, 9.487510 ], [ -68.900620, 9.488297 ], [ -68.900680, 9.488867 ], [ -68.900574, 9.489509 ], [ -68.900223, 9.490015 ], [ -68.899712, 9.490350 ], [ -68.899170, 9.490666 ], [ -68.898727, 9.491137 ], [ -68.898300, 9.491633 ], [ -68.897919, 9.492230 ], [ -68.897118, 9.493134 ], [ -68.896675, 9.493542 ], [ -68.896293, 9.494229 ], [ -68.895889, 9.494744 ], [ -68.895470, 9.495206 ], [ -68.894577, 9.496110 ], [ -68.894333, 9.496653 ], [ -68.894211, 9.497231 ], [ -68.894180, 9.497801 ], [ -68.894173, 9.498371 ], [ -68.894089, 9.499040 ], [ -68.894585, 9.499827 ], [ -68.894974, 9.500360 ], [ -68.895141, 9.501284 ], [ -68.894768, 9.501663 ], [ -68.894478, 9.502214 ], [ -68.894310, 9.502920 ], [ -68.894043, 9.503634 ], [ -68.893761, 9.504114 ], [ -68.893356, 9.504520 ], [ -68.893097, 9.505154 ], [ -68.892616, 9.505886 ], [ -68.892242, 9.506311 ], [ -68.892143, 9.506935 ], [ -68.892738, 9.507424 ], [ -68.893311, 9.507804 ], [ -68.893921, 9.508429 ], [ -68.894241, 9.508962 ], [ -68.894966, 9.509731 ], [ -68.895424, 9.510056 ], [ -68.895973, 9.510554 ], [ -68.896286, 9.511242 ], [ -68.896019, 9.512110 ], [ -68.895660, 9.512815 ], [ -68.895187, 9.513548 ], [ -68.894417, 9.513629 ], [ -68.893906, 9.514036 ], [ -68.893364, 9.514371 ], [ -68.892677, 9.514108 ], [ -68.891853, 9.513682 ], [ -68.890968, 9.513809 ], [ -68.890732, 9.514397 ], [ -68.890770, 9.514976 ], [ -68.891266, 9.515790 ], [ -68.891602, 9.516252 ], [ -68.891731, 9.517129 ], [ -68.891373, 9.517761 ], [ -68.891152, 9.518449 ], [ -68.891182, 9.519372 ], [ -68.891823, 9.519905 ], [ -68.892159, 9.520738 ], [ -68.892517, 9.521344 ], [ -68.893158, 9.521669 ], [ -68.893646, 9.521977 ], [ -68.894073, 9.522330 ], [ -68.894646, 9.522819 ], [ -68.895767, 9.523597 ], [ -68.896103, 9.524402 ], [ -68.896576, 9.525325 ], [ -68.896912, 9.525795 ], [ -68.897247, 9.526555 ], [ -68.897522, 9.527061 ], [ -68.897926, 9.527758 ], [ -68.898193, 9.528292 ], [ -68.898582, 9.528708 ], [ -68.898941, 9.529287 ], [ -68.898979, 9.530137 ], [ -68.898987, 9.530833 ], [ -68.899330, 9.531313 ], [ -68.899826, 9.531811 ], [ -68.900192, 9.532245 ], [ -68.900604, 9.532643 ], [ -68.901588, 9.533321 ], [ -68.902092, 9.533793 ], [ -68.902542, 9.534326 ], [ -68.902954, 9.534769 ], [ -68.903335, 9.535231 ], [ -68.903938, 9.535565 ], [ -68.904534, 9.535620 ], [ -68.905174, 9.535973 ], [ -68.905632, 9.536371 ], [ -68.906113, 9.536841 ], [ -68.906540, 9.537438 ], [ -68.906876, 9.538253 ], [ -68.907005, 9.539030 ], [ -68.906845, 9.540405 ], [ -68.906952, 9.541101 ], [ -68.906822, 9.541943 ], [ -68.906326, 9.542603 ], [ -68.906105, 9.543155 ], [ -68.906006, 9.543905 ], [ -68.906037, 9.544692 ], [ -68.905846, 9.545307 ], [ -68.905533, 9.545949 ], [ -68.905205, 9.546401 ], [ -68.904938, 9.546944 ], [ -68.904770, 9.547496 ], [ -68.904617, 9.548164 ], [ -68.904495, 9.548798 ], [ -68.904411, 9.549422 ], [ -68.904495, 9.550019 ], [ -68.904716, 9.550806 ], [ -68.905029, 9.551476 ], [ -68.905136, 9.552253 ], [ -68.905029, 9.552805 ], [ -68.904678, 9.553374 ], [ -68.904320, 9.553854 ], [ -68.904358, 9.554423 ], [ -68.904465, 9.555002 ], [ -68.904549, 9.555853 ], [ -68.904480, 9.557255 ], [ -68.904373, 9.557915 ], [ -68.904365, 9.558494 ], [ -68.904335, 9.559254 ], [ -68.903931, 9.559977 ], [ -68.903709, 9.560529 ], [ -68.903488, 9.561306 ], [ -68.903145, 9.562654 ], [ -68.903038, 9.563477 ], [ -68.903076, 9.564219 ], [ -68.903046, 9.564789 ], [ -68.902984, 9.565566 ], [ -68.902634, 9.566000 ], [ -68.902069, 9.566172 ], [ -68.901581, 9.566607 ], [ -68.901268, 9.567384 ], [ -68.901230, 9.568297 ], [ -68.901855, 9.568497 ], [ -68.902519, 9.568569 ], [ -68.903053, 9.568759 ], [ -68.903671, 9.568886 ], [ -68.904320, 9.568940 ], [ -68.904892, 9.569230 ], [ -68.905281, 9.569736 ], [ -68.905693, 9.570135 ], [ -68.906120, 9.570759 ], [ -68.906387, 9.571311 ], [ -68.906677, 9.571989 ], [ -68.906952, 9.572586 ], [ -68.907333, 9.573074 ], [ -68.907890, 9.573663 ], [ -68.908127, 9.574142 ], [ -68.908371, 9.574794 ], [ -68.908638, 9.575462 ], [ -68.909050, 9.575996 ], [ -68.909500, 9.576530 ], [ -68.909820, 9.577019 ], [ -68.910111, 9.577688 ], [ -68.910377, 9.578358 ], [ -68.910759, 9.579027 ], [ -68.911209, 9.579588 ], [ -68.911758, 9.580167 ], [ -68.912079, 9.580628 ], [ -68.912415, 9.581252 ], [ -68.912636, 9.581877 ], [ -68.912972, 9.582410 ], [ -68.913292, 9.582944 ], [ -68.913536, 9.583478 ], [ -68.913757, 9.584102 ], [ -68.913910, 9.584744 ], [ -68.914017, 9.585368 ], [ -68.914147, 9.586038 ], [ -68.914391, 9.586679 ], [ -68.914566, 9.587258 ], [ -68.914742, 9.587792 ], [ -68.914940, 9.588552 ], [ -68.915825, 9.589664 ], [ -68.916069, 9.590243 ], [ -68.916313, 9.590895 ], [ -68.916657, 9.591356 ], [ -68.917084, 9.591754 ], [ -68.917610, 9.592316 ], [ -68.918167, 9.593563 ], [ -68.918388, 9.594160 ], [ -68.918610, 9.594920 ], [ -68.918693, 9.595608 ], [ -68.918930, 9.596766 ], [ -68.919335, 9.597507 ], [ -68.919975, 9.598177 ], [ -68.920479, 9.598620 ], [ -68.920815, 9.599219 ], [ -68.920838, 9.599814 ], [ -68.920914, 9.600402 ], [ -68.921074, 9.601062 ], [ -68.921097, 9.602201 ], [ -68.921158, 9.602780 ], [ -68.921257, 9.603341 ], [ -68.921478, 9.603992 ], [ -68.921616, 9.604589 ], [ -68.921631, 9.605205 ], [ -68.921600, 9.605830 ], [ -68.921539, 9.606544 ], [ -68.921333, 9.607837 ], [ -68.921272, 9.608416 ], [ -68.921311, 9.609112 ], [ -68.921555, 9.609636 ], [ -68.921707, 9.610197 ], [ -68.922119, 9.610641 ], [ -68.922279, 9.611193 ], [ -68.922318, 9.611826 ], [ -68.922417, 9.612413 ], [ -68.922867, 9.613155 ], [ -68.923576, 9.613644 ], [ -68.923797, 9.614145 ], [ -68.923531, 9.614793 ], [ -68.923004, 9.614458 ], [ -68.922318, 9.614450 ], [ -68.922035, 9.614929 ], [ -68.921875, 9.615751 ], [ -68.922211, 9.616330 ], [ -68.922485, 9.616975 ], [ -68.922310, 9.617532 ], [ -68.921844, 9.617892 ], [ -68.921265, 9.618248 ], [ -68.920830, 9.618889 ], [ -68.921242, 9.619468 ], [ -68.921814, 9.619613 ], [ -68.922417, 9.619524 ], [ -68.923035, 9.619459 ], [ -68.923607, 9.619632 ], [ -68.924042, 9.620029 ], [ -68.924377, 9.620463 ], [ -68.924400, 9.620543 ], [ -68.924637, 9.621142 ], [ -68.924591, 9.621289 ], [ -68.924446, 9.621710 ], [ -68.923844, 9.621919 ], [ -68.923347, 9.622374 ], [ -68.922996, 9.622950 ], [ -68.923340, 9.623529 ], [ -68.923981, 9.623819 ], [ -68.924675, 9.623937 ], [ -68.925339, 9.624154 ], [ -68.925964, 9.624444 ], [ -68.926506, 9.624932 ], [ -68.927048, 9.625927 ], [ -68.927345, 9.626416 ], [ -68.927917, 9.626832 ], [ -68.928543, 9.626918 ], [ -68.929092, 9.626696 ], [ -68.929649, 9.626904 ], [ -68.930153, 9.627257 ], [ -68.930542, 9.627836 ], [ -68.930717, 9.628443 ], [ -68.930824, 9.628994 ], [ -68.930977, 9.629546 ], [ -68.931244, 9.630034 ], [ -68.931374, 9.630686 ], [ -68.931343, 9.631284 ], [ -68.931282, 9.631880 ], [ -68.931267, 9.632495 ], [ -68.931351, 9.633236 ], [ -68.931663, 9.633725 ], [ -68.932243, 9.633915 ], [ -68.932701, 9.634313 ], [ -68.932899, 9.634865 ], [ -68.933304, 9.635426 ], [ -68.933929, 9.635571 ], [ -68.934479, 9.635670 ], [ -68.935036, 9.635788 ], [ -68.935425, 9.636258 ], [ -68.935852, 9.636909 ], [ -68.936165, 9.637443 ], [ -68.936394, 9.638204 ], [ -68.936310, 9.638774 ], [ -68.936096, 9.639325 ], [ -68.935715, 9.640003 ], [ -68.935379, 9.640483 ], [ -68.934952, 9.641277 ], [ -68.935272, 9.641767 ], [ -68.935913, 9.641748 ], [ -68.936447, 9.641526 ], [ -68.936951, 9.641160 ], [ -68.937477, 9.640760 ], [ -68.937996, 9.640399 ], [ -68.938744, 9.639999 ], [ -68.939446, 9.640076 ], [ -68.940018, 9.640519 ], [ -68.940239, 9.641082 ], [ -68.940010, 9.641855 ], [ -68.939529, 9.642161 ], [ -68.938942, 9.642229 ], [ -68.938263, 9.642285 ], [ -68.937660, 9.642460 ], [ -68.937080, 9.642779 ], [ -68.936691, 9.643182 ], [ -68.936646, 9.643784 ], [ -68.937195, 9.644181 ], [ -68.937798, 9.644425 ], [ -68.938370, 9.644634 ], [ -68.938827, 9.645012 ], [ -68.938774, 9.645584 ], [ -68.939255, 9.646027 ], [ -68.939827, 9.646289 ], [ -68.940170, 9.646778 ], [ -68.940628, 9.647032 ], [ -68.941162, 9.647375 ], [ -68.941597, 9.647800 ], [ -68.941795, 9.648334 ], [ -68.941879, 9.648985 ], [ -68.941887, 9.649601 ], [ -68.941688, 9.650126 ], [ -68.941422, 9.650647 ], [ -68.940933, 9.651004 ], [ -68.940307, 9.651115 ], [ -68.939819, 9.651408 ], [ -68.940270, 9.651987 ], [ -68.940773, 9.652322 ], [ -68.941467, 9.652557 ], [ -68.942039, 9.652847 ], [ -68.942406, 9.653354 ], [ -68.942856, 9.654068 ], [ -68.943085, 9.654855 ], [ -68.943115, 9.655516 ], [ -68.943466, 9.656221 ], [ -68.944046, 9.656016 ], [ -68.944572, 9.655651 ], [ -68.944580, 9.655064 ], [ -68.943924, 9.653951 ], [ -68.943726, 9.653164 ], [ -68.943619, 9.652594 ], [ -68.943932, 9.652116 ], [ -68.944565, 9.652324 ], [ -68.945152, 9.652631 ], [ -68.945396, 9.652804 ], [ -68.945618, 9.652974 ], [ -68.946022, 9.653535 ], [ -68.946243, 9.654204 ], [ -68.946693, 9.654693 ], [ -68.947151, 9.655118 ], [ -68.947609, 9.655651 ], [ -68.947685, 9.656312 ], [ -68.947792, 9.656956 ], [ -68.947136, 9.657986 ], [ -68.946792, 9.658736 ], [ -68.946632, 9.659286 ], [ -68.946831, 9.659903 ], [ -68.947281, 9.660418 ], [ -68.947762, 9.660707 ], [ -68.948303, 9.661260 ], [ -68.948563, 9.661773 ], [ -68.948753, 9.662462 ], [ -68.949165, 9.662906 ], [ -68.949577, 9.663440 ], [ -68.950699, 9.664100 ], [ -68.951157, 9.664543 ], [ -68.951538, 9.664959 ], [ -68.951996, 9.665565 ], [ -68.952568, 9.666687 ], [ -68.952919, 9.667076 ], [ -68.953438, 9.667556 ], [ -68.954003, 9.668044 ], [ -68.954758, 9.668488 ], [ -68.955383, 9.668732 ], [ -68.955917, 9.668858 ], [ -68.956474, 9.668966 ], [ -68.957176, 9.669021 ], [ -68.957916, 9.669003 ], [ -68.958496, 9.669085 ], [ -68.959038, 9.669510 ], [ -68.959236, 9.670152 ], [ -68.959129, 9.670704 ], [ -68.959114, 9.671273 ], [ -68.958969, 9.671898 ], [ -68.959091, 9.672513 ], [ -68.959473, 9.672947 ], [ -68.960678, 9.672965 ], [ -68.961189, 9.673191 ], [ -68.961571, 9.673616 ], [ -68.961533, 9.674258 ], [ -68.961197, 9.674702 ], [ -68.960647, 9.675036 ], [ -68.959984, 9.675389 ], [ -68.959412, 9.675886 ], [ -68.959076, 9.676374 ], [ -68.959381, 9.676935 ], [ -68.959923, 9.677090 ], [ -68.960503, 9.677334 ], [ -68.961037, 9.677433 ], [ -68.961800, 9.677379 ], [ -68.962379, 9.677361 ], [ -68.963074, 9.677379 ], [ -68.963676, 9.677433 ], [ -68.964264, 9.677650 ], [ -68.964737, 9.678166 ], [ -68.964951, 9.678718 ], [ -68.964805, 9.679478 ], [ -68.964378, 9.680083 ], [ -68.963715, 9.680373 ], [ -68.963242, 9.681088 ], [ -68.962921, 9.681531 ], [ -68.962540, 9.682091 ], [ -68.962112, 9.682607 ], [ -68.961700, 9.683050 ], [ -68.961342, 9.683557 ], [ -68.960983, 9.684325 ], [ -68.960655, 9.685112 ], [ -68.960503, 9.685663 ], [ -68.960236, 9.686468 ], [ -68.960037, 9.687002 ], [ -68.959961, 9.687626 ], [ -68.960060, 9.688196 ], [ -68.960236, 9.688811 ], [ -68.960411, 9.689544 ], [ -68.960678, 9.690222 ], [ -68.960945, 9.690729 ], [ -68.961372, 9.691244 ], [ -68.961914, 9.691651 ], [ -68.962517, 9.691823 ], [ -68.963234, 9.692013 ], [ -68.963822, 9.692321 ], [ -68.964203, 9.692801 ], [ -68.963913, 9.693289 ], [ -68.963547, 9.693687 ], [ -68.962860, 9.694157 ], [ -68.962402, 9.694572 ], [ -68.961975, 9.695016 ], [ -68.961563, 9.695468 ], [ -68.960732, 9.696508 ], [ -68.960556, 9.697042 ], [ -68.960678, 9.697729 ], [ -68.960991, 9.698272 ], [ -68.961327, 9.698814 ], [ -68.962044, 9.699837 ], [ -68.962357, 9.700407 ], [ -68.962662, 9.700932 ], [ -68.962959, 9.701636 ], [ -68.963104, 9.702162 ], [ -68.963302, 9.702794 ], [ -68.963387, 9.703527 ], [ -68.963371, 9.704151 ], [ -68.963341, 9.704884 ], [ -68.963287, 9.705688 ], [ -68.963219, 9.707064 ], [ -68.963234, 9.707823 ], [ -68.963211, 9.708927 ], [ -68.963249, 9.709587 ], [ -68.963325, 9.710184 ], [ -68.963631, 9.711558 ], [ -68.963829, 9.712147 ], [ -68.964073, 9.712970 ], [ -68.964432, 9.713468 ], [ -68.964974, 9.713784 ], [ -68.965485, 9.714028 ], [ -68.965866, 9.714426 ], [ -68.966240, 9.714924 ], [ -68.966759, 9.715376 ], [ -68.967300, 9.715711 ], [ -68.967659, 9.716136 ], [ -68.968140, 9.717276 ], [ -68.968292, 9.717899 ], [ -68.968346, 9.718442 ], [ -68.968430, 9.719039 ], [ -68.968536, 9.720070 ], [ -68.968781, 9.720640 ], [ -68.969116, 9.721066 ], [ -68.969429, 9.721617 ], [ -68.969605, 9.722278 ], [ -68.969475, 9.722811 ], [ -68.969154, 9.723290 ], [ -68.968773, 9.723715 ], [ -68.968552, 9.724412 ], [ -68.968613, 9.724981 ], [ -68.969040, 9.725451 ], [ -68.969574, 9.725696 ], [ -68.970123, 9.725506 ], [ -68.970513, 9.725126 ], [ -68.970871, 9.724683 ], [ -68.971283, 9.724285 ], [ -68.971809, 9.723978 ], [ -68.972366, 9.723851 ], [ -68.973053, 9.723544 ], [ -68.973511, 9.723146 ], [ -68.973450, 9.722594 ], [ -68.973274, 9.721907 ], [ -68.972954, 9.720794 ], [ -68.972870, 9.720152 ], [ -68.973328, 9.719863 ], [ -68.973862, 9.719736 ], [ -68.974335, 9.720125 ], [ -68.974739, 9.720713 ], [ -68.975235, 9.721138 ], [ -68.975700, 9.721446 ], [ -68.976234, 9.721600 ], [ -68.976593, 9.722052 ], [ -68.976906, 9.722576 ], [ -68.977196, 9.723165 ], [ -68.977531, 9.723752 ], [ -68.978028, 9.724277 ], [ -68.978607, 9.724657 ], [ -68.979240, 9.724937 ], [ -68.979713, 9.725226 ], [ -68.980041, 9.725660 ], [ -68.980469, 9.726131 ], [ -68.981026, 9.726330 ], [ -68.981697, 9.726221 ], [ -68.982277, 9.726140 ], [ -68.982941, 9.725760 ], [ -68.983345, 9.725163 ], [ -68.983589, 9.724603 ], [ -68.984016, 9.724024 ], [ -68.984497, 9.723598 ], [ -68.985237, 9.723590 ], [ -68.985573, 9.724060 ], [ -68.985420, 9.724711 ], [ -68.985199, 9.725218 ], [ -68.984886, 9.725823 ], [ -68.984077, 9.726981 ], [ -68.983665, 9.727515 ], [ -68.983421, 9.728030 ], [ -68.983597, 9.728600 ], [ -68.983955, 9.729097 ], [ -68.985092, 9.730500 ], [ -68.985489, 9.730880 ], [ -68.985687, 9.731377 ], [ -68.985817, 9.731911 ], [ -68.985969, 9.732635 ], [ -68.986115, 9.733159 ], [ -68.986198, 9.733801 ], [ -68.986046, 9.734335 ], [ -68.985855, 9.735212 ], [ -68.985771, 9.735827 ], [ -68.985527, 9.736478 ], [ -68.985382, 9.737103 ], [ -68.985207, 9.737699 ], [ -68.985100, 9.738323 ], [ -68.984841, 9.739038 ], [ -68.984314, 9.739390 ], [ -68.983780, 9.739590 ], [ -68.983070, 9.739806 ], [ -68.982468, 9.739770 ], [ -68.981880, 9.739463 ], [ -68.981522, 9.739011 ], [ -68.981171, 9.738531 ], [ -68.980766, 9.738152 ], [ -68.980232, 9.737979 ], [ -68.979576, 9.737853 ], [ -68.978905, 9.737662 ], [ -68.978371, 9.737762 ], [ -68.977867, 9.738160 ], [ -68.977531, 9.738630 ], [ -68.977753, 9.739445 ], [ -68.978165, 9.740014 ], [ -68.978584, 9.740466 ], [ -68.979080, 9.740847 ], [ -68.979645, 9.741136 ], [ -68.980179, 9.741470 ], [ -68.980675, 9.742013 ], [ -68.981010, 9.742511 ], [ -68.981163, 9.743035 ], [ -68.981285, 9.743560 ], [ -68.981460, 9.744193 ], [ -68.981377, 9.744727 ], [ -68.981201, 9.745278 ], [ -68.980820, 9.745794 ], [ -68.980576, 9.746301 ], [ -68.980698, 9.746825 ], [ -68.981102, 9.747322 ], [ -68.981598, 9.747820 ], [ -68.981819, 9.748318 ], [ -68.981781, 9.748941 ], [ -68.981377, 9.749593 ], [ -68.980507, 9.750253 ], [ -68.980057, 9.750714 ], [ -68.979691, 9.751158 ], [ -68.979446, 9.751719 ], [ -68.979271, 9.752225 ], [ -68.979027, 9.752776 ], [ -68.978859, 9.753428 ], [ -68.978752, 9.754097 ], [ -68.978645, 9.754666 ], [ -68.978706, 9.755336 ], [ -68.978882, 9.755924 ], [ -68.979004, 9.756475 ], [ -68.979248, 9.756973 ], [ -68.979606, 9.757561 ], [ -68.979942, 9.758266 ], [ -68.980095, 9.758819 ], [ -68.980148, 9.759370 ], [ -68.980392, 9.760094 ], [ -68.980919, 9.760663 ], [ -68.981438, 9.761088 ], [ -68.982086, 9.761324 ], [ -68.982620, 9.761504 ], [ -68.983139, 9.761794 ], [ -68.983635, 9.762147 ], [ -68.984001, 9.763313 ], [ -68.984146, 9.763838 ], [ -68.984207, 9.764525 ], [ -68.983849, 9.764923 ], [ -68.983437, 9.765411 ], [ -68.983086, 9.766244 ], [ -68.982887, 9.766913 ], [ -68.982781, 9.767492 ], [ -68.982704, 9.768180 ], [ -68.982765, 9.768885 ], [ -68.982864, 9.769464 ], [ -68.982903, 9.770034 ], [ -68.982704, 9.770540 ], [ -68.982193, 9.770739 ], [ -68.981522, 9.770748 ], [ -68.980896, 9.770667 ], [ -68.980362, 9.770468 ], [ -68.979866, 9.770115 ], [ -68.979393, 9.769590 ], [ -68.978851, 9.769165 ], [ -68.978340, 9.768993 ], [ -68.977715, 9.769002 ], [ -68.977005, 9.769201 ], [ -68.976501, 9.769536 ], [ -68.976135, 9.769934 ], [ -68.975937, 9.770468 ], [ -68.975761, 9.771110 ], [ -68.975487, 9.772376 ], [ -68.975113, 9.773506 ], [ -68.975006, 9.774148 ], [ -68.974953, 9.774727 ], [ -68.975121, 9.776165 ], [ -68.975243, 9.776717 ], [ -68.975418, 9.777405 ], [ -68.975777, 9.777829 ], [ -68.976341, 9.778399 ], [ -68.976769, 9.778734 ], [ -68.977417, 9.778879 ], [ -68.977974, 9.778942 ], [ -68.978607, 9.779386 ], [ -68.979011, 9.779747 ], [ -68.979591, 9.780027 ], [ -68.980225, 9.780200 ], [ -68.980919, 9.780489 ], [ -68.981598, 9.780679 ], [ -68.981865, 9.780725 ], [ -68.981743, 9.781005 ], [ -68.981544, 9.781673 ], [ -68.981560, 9.782244 ], [ -68.981636, 9.782826 ], [ -68.981651, 9.783456 ], [ -68.981476, 9.784017 ], [ -68.981278, 9.784523 ], [ -68.980919, 9.785283 ], [ -68.980766, 9.785862 ], [ -68.980850, 9.786431 ], [ -68.981186, 9.786974 ], [ -68.982079, 9.787652 ], [ -68.982597, 9.788141 ], [ -68.983070, 9.788801 ], [ -68.983482, 9.789525 ], [ -68.983582, 9.790167 ], [ -68.983391, 9.790818 ], [ -68.983025, 9.791280 ], [ -68.982452, 9.791478 ], [ -68.981804, 9.791460 ], [ -68.981109, 9.791496 ], [ -68.980438, 9.791442 ], [ -68.979897, 9.791153 ], [ -68.979401, 9.790754 ], [ -68.979004, 9.790393 ], [ -68.978371, 9.789923 ], [ -68.977760, 9.789660 ], [ -68.977203, 9.789714 ], [ -68.976540, 9.789958 ], [ -68.975952, 9.789786 ], [ -68.975372, 9.789705 ], [ -68.974846, 9.789850 ], [ -68.974274, 9.790365 ], [ -68.973755, 9.790863 ], [ -68.973396, 9.791532 ], [ -68.973198, 9.792247 ], [ -68.973213, 9.792961 ], [ -68.973396, 9.794173 ], [ -68.973434, 9.794861 ], [ -68.973495, 9.795566 ], [ -68.973450, 9.796923 ], [ -68.973274, 9.797502 ], [ -68.972824, 9.798107 ], [ -68.972580, 9.798641 ], [ -68.972313, 9.799130 ], [ -68.972160, 9.799654 ], [ -68.971939, 9.800486 ], [ -68.971794, 9.801336 ], [ -68.972237, 9.802593 ], [ -68.972572, 9.803208 ], [ -68.972862, 9.803706 ], [ -68.973168, 9.804176 ], [ -68.973526, 9.804683 ], [ -68.973816, 9.805181 ], [ -68.974014, 9.805750 ], [ -68.974098, 9.806456 ], [ -68.974167, 9.807902 ], [ -68.974144, 9.809169 ], [ -68.973854, 9.809630 ], [ -68.973282, 9.810010 ], [ -68.972664, 9.810363 ], [ -68.972229, 9.810688 ], [ -68.971725, 9.811204 ], [ -68.971436, 9.811674 ], [ -68.971260, 9.812344 ], [ -68.971733, 9.812696 ], [ -68.972290, 9.812822 ], [ -68.972847, 9.812796 ], [ -68.973450, 9.812715 ], [ -68.974007, 9.812796 ], [ -68.974426, 9.813130 ], [ -68.974716, 9.813582 ], [ -68.975029, 9.814125 ], [ -68.975204, 9.814695 ], [ -68.975281, 9.815365 ], [ -68.975319, 9.817291 ], [ -68.975288, 9.818006 ], [ -68.975227, 9.818665 ], [ -68.975197, 9.819498 ], [ -68.975258, 9.820113 ], [ -68.975510, 9.821298 ], [ -68.975777, 9.822030 ], [ -68.976356, 9.823052 ], [ -68.976486, 9.823712 ], [ -68.976242, 9.824527 ], [ -68.976044, 9.825051 ], [ -68.975639, 9.825612 ], [ -68.974991, 9.825675 ], [ -68.974388, 9.825612 ], [ -68.973831, 9.825485 ], [ -68.973160, 9.825503 ], [ -68.972511, 9.825648 ], [ -68.972107, 9.826163 ], [ -68.972214, 9.827004 ], [ -68.972664, 9.827367 ], [ -68.973152, 9.827656 ], [ -68.973717, 9.827946 ], [ -68.974182, 9.828253 ], [ -68.974541, 9.828687 ], [ -68.974899, 9.829257 ], [ -68.974915, 9.829917 ], [ -68.974762, 9.830496 ], [ -68.974342, 9.831654 ], [ -68.974098, 9.832206 ], [ -68.973717, 9.832874 ], [ -68.973137, 9.834105 ], [ -68.972939, 9.834657 ], [ -68.972786, 9.835353 ], [ -68.972687, 9.835904 ], [ -68.972534, 9.836547 ], [ -68.972664, 9.837261 ], [ -68.973068, 9.837913 ], [ -68.973564, 9.838455 ], [ -68.974083, 9.838790 ], [ -68.974579, 9.839151 ], [ -68.974998, 9.839486 ], [ -68.975540, 9.839984 ], [ -68.975922, 9.840363 ], [ -68.976418, 9.840816 ], [ -68.976959, 9.841332 ], [ -68.977203, 9.841902 ], [ -68.976929, 9.842435 ], [ -68.976379, 9.842489 ], [ -68.975799, 9.842570 ], [ -68.975250, 9.842742 ], [ -68.974647, 9.842959 ], [ -68.974167, 9.843240 ], [ -68.973778, 9.843638 ], [ -68.973442, 9.844126 ], [ -68.973198, 9.844614 ], [ -68.973099, 9.845347 ], [ -68.972885, 9.845717 ], [ -68.972198, 9.845664 ], [ -68.971474, 9.845473 ], [ -68.970703, 9.845211 ], [ -68.970146, 9.844995 ], [ -68.969307, 9.844642 ], [ -68.968559, 9.844378 ], [ -68.967980, 9.844279 ], [ -68.967171, 9.844316 ], [ -68.966545, 9.844442 ], [ -68.965736, 9.844668 ], [ -68.965019, 9.844812 ], [ -68.964355, 9.845057 ], [ -68.963783, 9.845365 ], [ -68.963165, 9.845726 ], [ -68.962593, 9.846079 ], [ -68.962059, 9.846359 ], [ -68.961281, 9.846793 ], [ -68.960709, 9.847100 ], [ -68.960251, 9.847381 ], [ -68.959701, 9.847733 ], [ -68.959152, 9.848050 ], [ -68.958626, 9.848403 ], [ -68.957641, 9.849126 ], [ -68.957024, 9.849606 ], [ -68.956543, 9.850003 ], [ -68.956093, 9.850356 ], [ -68.953117, 9.852364 ], [ -68.952400, 9.852716 ], [ -68.951645, 9.853032 ], [ -68.949684, 9.853385 ], [ -68.949036, 9.853674 ], [ -68.948326, 9.853891 ], [ -68.947494, 9.854190 ], [ -68.946823, 9.854334 ], [ -68.946251, 9.854352 ], [ -68.945640, 9.853972 ], [ -68.945145, 9.853610 ], [ -68.944603, 9.853275 ], [ -68.944000, 9.853059 ], [ -68.943436, 9.852886 ], [ -68.943039, 9.852525 ], [ -68.942543, 9.852055 ], [ -68.941917, 9.851910 ], [ -68.941147, 9.851918 ], [ -68.940590, 9.851773 ], [ -68.940346, 9.851176 ], [ -68.940003, 9.850218 ], [ -68.939735, 9.849422 ], [ -68.939583, 9.848780 ], [ -68.939186, 9.847459 ], [ -68.938827, 9.846545 ], [ -68.938461, 9.845930 ], [ -68.937622, 9.845605 ], [ -68.936485, 9.845234 ], [ -68.934944, 9.844809 ], [ -68.934410, 9.844682 ], [ -68.933876, 9.844600 ], [ -68.933350, 9.845025 ], [ -68.932892, 9.845350 ], [ -68.932160, 9.845965 ], [ -68.931778, 9.846336 ], [ -68.931114, 9.846942 ], [ -68.930687, 9.847412 ], [ -68.930229, 9.848018 ], [ -68.929665, 9.848715 ], [ -68.928848, 9.849510 ], [ -68.928390, 9.849863 ], [ -68.927887, 9.850198 ], [ -68.927154, 9.850668 ], [ -68.926148, 9.851237 ], [ -68.925613, 9.851472 ], [ -68.924835, 9.851789 ], [ -68.923935, 9.852105 ], [ -68.923111, 9.852376 ], [ -68.922531, 9.852521 ], [ -68.921471, 9.852729 ], [ -68.920799, 9.852810 ], [ -68.920151, 9.852818 ], [ -68.919479, 9.852674 ], [ -68.918892, 9.852593 ], [ -68.918312, 9.852529 ], [ -68.917435, 9.852710 ], [ -68.916580, 9.852817 ], [ -68.915955, 9.852854 ], [ -68.915260, 9.852654 ], [ -68.914742, 9.852410 ], [ -68.913734, 9.851858 ], [ -68.913177, 9.851614 ], [ -68.912636, 9.851397 ], [ -68.911934, 9.850926 ], [ -68.911156, 9.850257 ], [ -68.910286, 9.849352 ], [ -68.909874, 9.848646 ], [ -68.909325, 9.847787 ], [ -68.908737, 9.847136 ], [ -68.908195, 9.846665 ], [ -68.907791, 9.846276 ], [ -68.907318, 9.845851 ], [ -68.906898, 9.845490 ], [ -68.906219, 9.845028 ], [ -68.905678, 9.844756 ], [ -68.905098, 9.844566 ], [ -68.904396, 9.844484 ], [ -68.903793, 9.844539 ], [ -68.902756, 9.844765 ], [ -68.901581, 9.844972 ], [ -68.900955, 9.845054 ], [ -68.900147, 9.845180 ], [ -68.899551, 9.845261 ], [ -68.898811, 9.845487 ], [ -68.898140, 9.845658 ], [ -68.897354, 9.845812 ], [ -68.896728, 9.845848 ], [ -68.896103, 9.845766 ], [ -68.895592, 9.845431 ], [ -68.894905, 9.845006 ], [ -68.894325, 9.844789 ], [ -68.893555, 9.844644 ], [ -68.892937, 9.844698 ], [ -68.891991, 9.844969 ], [ -68.891388, 9.845005 ], [ -68.890808, 9.845014 ], [ -68.890159, 9.844914 ], [ -68.889526, 9.844788 ], [ -68.888786, 9.844588 ], [ -68.888016, 9.844606 ], [ -68.887352, 9.844714 ], [ -68.885895, 9.844894 ], [ -68.885033, 9.844868 ], [ -68.884293, 9.844768 ], [ -68.883171, 9.844514 ], [ -68.882370, 9.844785 ], [ -68.881447, 9.845119 ], [ -68.880829, 9.845273 ], [ -68.880249, 9.845390 ], [ -68.879440, 9.845571 ], [ -68.878540, 9.845634 ], [ -68.877655, 9.845607 ], [ -68.877030, 9.845498 ], [ -68.876473, 9.845443 ], [ -68.875893, 9.845362 ], [ -68.875221, 9.845307 ], [ -68.874641, 9.845334 ], [ -68.873985, 9.845161 ], [ -68.873474, 9.844764 ], [ -68.872818, 9.844429 ], [ -68.872230, 9.844284 ], [ -68.871399, 9.844184 ], [ -68.870819, 9.844166 ], [ -68.870170, 9.844156 ], [ -68.869354, 9.844084 ], [ -68.868614, 9.843957 ], [ -68.868004, 9.843713 ], [ -68.867416, 9.843242 ], [ -68.866447, 9.842319 ], [ -68.865982, 9.841966 ], [ -68.865280, 9.841677 ], [ -68.864601, 9.841459 ], [ -68.863762, 9.841160 ], [ -68.863060, 9.840780 ], [ -68.862450, 9.840382 ], [ -68.861847, 9.840020 ], [ -68.861259, 9.839685 ], [ -68.860695, 9.839422 ], [ -68.860069, 9.839187 ], [ -68.859390, 9.838898 ], [ -68.858666, 9.838662 ], [ -68.857971, 9.838490 ], [ -68.857407, 9.838409 ], [ -68.856575, 9.838326 ], [ -68.855690, 9.838254 ], [ -68.854836, 9.838154 ], [ -68.854164, 9.838144 ], [ -68.853584, 9.838153 ], [ -68.851967, 9.838343 ], [ -68.851341, 9.838541 ], [ -68.850769, 9.838686 ], [ -68.849869, 9.838957 ], [ -68.849220, 9.839228 ], [ -68.848694, 9.839390 ], [ -68.848145, 9.839607 ], [ -68.846436, 9.840194 ], [ -68.845284, 9.840510 ], [ -68.844612, 9.840636 ], [ -68.844109, 9.840836 ], [ -68.843536, 9.841188 ], [ -68.843079, 9.841513 ], [ -68.842552, 9.841847 ], [ -68.841728, 9.842326 ], [ -68.840881, 9.842752 ], [ -68.839851, 9.843438 ], [ -68.839226, 9.843836 ], [ -68.838776, 9.844170 ], [ -68.837837, 9.844966 ], [ -68.837334, 9.845408 ], [ -68.836746, 9.845951 ], [ -68.836128, 9.846439 ], [ -68.835533, 9.846890 ], [ -68.835030, 9.847217 ], [ -68.834320, 9.847695 ], [ -68.833633, 9.848093 ], [ -68.832825, 9.848473 ], [ -68.832252, 9.848644 ], [ -68.831467, 9.848797 ], [ -68.830521, 9.849023 ], [ -68.829620, 9.849249 ], [ -68.828880, 9.849420 ], [ -68.828331, 9.849573 ], [ -68.826836, 9.850080 ], [ -68.826233, 9.850296 ], [ -68.825569, 9.850558 ], [ -68.824921, 9.850730 ], [ -68.824135, 9.850820 ], [ -68.823044, 9.850746 ], [ -68.822205, 9.850619 ], [ -68.821579, 9.850474 ], [ -68.820740, 9.850302 ], [ -68.819954, 9.850094 ], [ -68.819275, 9.849894 ], [ -68.818436, 9.849613 ], [ -68.817505, 9.849405 ], [ -68.816856, 9.849278 ], [ -68.815308, 9.848527 ], [ -68.814117, 9.847884 ], [ -68.813507, 9.847458 ], [ -68.812828, 9.847033 ], [ -68.812241, 9.846725 ], [ -68.811569, 9.846571 ], [ -68.810921, 9.846517 ], [ -68.810356, 9.846416 ], [ -68.809776, 9.846334 ], [ -68.808960, 9.846090 ], [ -68.808357, 9.845990 ], [ -68.806336, 9.845681 ], [ -68.805756, 9.845627 ], [ -68.804970, 9.845617 ], [ -68.803978, 9.845725 ], [ -68.803284, 9.845942 ], [ -68.802735, 9.846258 ], [ -68.802071, 9.846819 ], [ -68.801498, 9.847261 ], [ -68.800629, 9.847740 ], [ -68.800033, 9.848002 ], [ -68.799477, 9.848174 ], [ -68.798813, 9.848463 ], [ -68.797890, 9.848887 ], [ -68.797188, 9.849547 ], [ -68.796593, 9.850198 ], [ -68.795807, 9.851156 ], [ -68.795326, 9.851762 ], [ -68.794785, 9.852504 ], [ -68.794449, 9.852928 ], [ -68.793831, 9.853624 ], [ -68.793411, 9.854456 ], [ -68.793182, 9.855017 ], [ -68.792991, 9.855586 ], [ -68.792770, 9.856120 ], [ -68.792427, 9.856726 ], [ -68.792023, 9.857241 ], [ -68.791458, 9.857983 ], [ -68.790932, 9.858542 ], [ -68.790505, 9.858940 ], [ -68.788857, 9.860006 ], [ -68.788261, 9.860585 ], [ -68.787758, 9.861146 ], [ -68.787468, 9.861633 ], [ -68.787132, 9.862103 ], [ -68.786583, 9.862664 ], [ -68.785721, 9.863595 ], [ -68.785385, 9.864038 ], [ -68.784813, 9.864644 ], [ -68.784378, 9.865014 ], [ -68.783485, 9.865611 ], [ -68.782913, 9.865936 ], [ -68.782181, 9.866298 ], [ -68.781395, 9.866632 ], [ -68.779945, 9.867209 ], [ -68.779396, 9.867472 ], [ -68.778778, 9.867733 ], [ -68.777511, 9.868339 ], [ -68.776962, 9.868664 ], [ -68.776436, 9.869016 ], [ -68.776001, 9.869395 ], [ -68.775505, 9.869884 ], [ -68.774979, 9.870426 ], [ -68.774406, 9.870796 ], [ -68.773697, 9.871113 ], [ -68.773026, 9.871329 ], [ -68.772522, 9.871528 ], [ -68.771919, 9.871744 ], [ -68.771187, 9.871934 ], [ -68.770142, 9.872141 ], [ -68.769470, 9.872195 ], [ -68.768822, 9.872258 ], [ -68.767761, 9.872411 ], [ -68.766953, 9.872474 ], [ -68.766373, 9.872573 ], [ -68.765778, 9.872726 ], [ -68.765030, 9.872671 ], [ -68.763336, 9.872426 ], [ -68.762710, 9.872371 ], [ -68.762177, 9.872290 ], [ -68.761597, 9.872226 ], [ -68.761063, 9.872099 ], [ -68.760315, 9.871908 ], [ -68.759781, 9.871826 ], [ -68.759499, 9.871758 ], [ -68.758248, 9.871454 ], [ -68.756874, 9.871318 ], [ -68.756157, 9.871381 ], [ -68.755554, 9.871480 ], [ -68.754959, 9.871606 ], [ -68.753662, 9.871722 ], [ -68.751167, 9.872109 ], [ -68.750473, 9.872263 ], [ -68.749412, 9.872397 ], [ -68.748619, 9.872452 ], [ -68.748039, 9.872415 ], [ -68.747322, 9.872405 ], [ -68.746727, 9.872513 ], [ -68.745964, 9.872757 ], [ -68.745384, 9.873018 ], [ -68.744743, 9.873325 ], [ -68.743965, 9.873733 ], [ -68.743347, 9.873949 ], [ -68.742096, 9.874273 ], [ -68.740639, 9.874480 ], [ -68.739967, 9.874543 ], [ -68.739143, 9.874742 ], [ -68.738312, 9.875003 ], [ -68.737686, 9.875219 ], [ -68.737160, 9.875436 ], [ -68.736496, 9.875861 ], [ -68.735855, 9.876150 ], [ -68.735298, 9.876484 ], [ -68.734566, 9.876845 ], [ -68.734039, 9.877215 ], [ -68.732689, 9.877866 ], [ -68.732018, 9.878056 ], [ -68.731255, 9.878163 ], [ -68.730560, 9.878289 ], [ -68.728966, 9.878668 ], [ -68.728256, 9.879066 ], [ -68.727730, 9.879399 ], [ -68.727066, 9.879751 ], [ -68.726326, 9.880086 ], [ -68.725731, 9.880402 ], [ -68.725182, 9.880754 ], [ -68.724609, 9.881133 ], [ -68.724060, 9.881458 ], [ -68.723373, 9.881955 ], [ -68.722870, 9.882398 ], [ -68.722443, 9.882841 ], [ -68.721916, 9.883447 ], [ -68.721443, 9.883944 ], [ -68.721008, 9.884450 ], [ -68.720490, 9.885200 ], [ -68.720108, 9.885942 ], [ -68.719841, 9.886583 ], [ -68.719437, 9.887171 ], [ -68.718979, 9.887587 ], [ -68.718430, 9.887848 ], [ -68.717835, 9.888318 ], [ -68.717499, 9.888761 ], [ -68.717026, 9.889502 ], [ -68.716576, 9.890270 ], [ -68.716209, 9.890732 ], [ -68.715774, 9.891138 ], [ -68.715370, 9.891581 ], [ -68.714966, 9.892159 ], [ -68.714562, 9.892856 ], [ -68.714386, 9.893407 ], [ -68.714005, 9.894402 ], [ -68.713448, 9.895559 ], [ -68.713257, 9.896300 ], [ -68.712975, 9.897612 ], [ -68.712853, 9.898281 ], [ -68.712837, 9.898986 ], [ -68.713379, 9.899484 ], [ -68.713829, 9.899819 ], [ -68.715004, 9.900553 ], [ -68.715767, 9.900752 ], [ -68.716354, 9.900925 ], [ -68.717003, 9.901070 ], [ -68.717674, 9.901242 ], [ -68.718101, 9.901713 ], [ -68.718506, 9.902211 ], [ -68.718887, 9.902618 ], [ -68.719353, 9.902953 ], [ -68.719848, 9.903288 ], [ -68.720230, 9.903786 ], [ -68.720543, 9.904356 ], [ -68.720802, 9.904971 ], [ -68.721001, 9.905614 ], [ -68.721085, 9.906211 ], [ -68.721024, 9.906943 ], [ -68.721054, 9.908499 ], [ -68.721146, 9.909512 ], [ -68.721176, 9.910082 ], [ -68.721237, 9.910769 ], [ -68.721321, 9.911484 ], [ -68.721329, 9.912099 ], [ -68.721398, 9.913455 ], [ -68.721390, 9.914278 ], [ -68.721313, 9.915155 ], [ -68.721207, 9.915726 ], [ -68.721008, 9.916232 ], [ -68.720840, 9.917001 ], [ -68.720711, 9.917751 ], [ -68.720680, 9.918655 ], [ -68.720673, 9.919315 ], [ -68.720566, 9.920003 ], [ -68.720512, 9.920582 ], [ -68.720497, 9.921269 ], [ -68.719803, 9.923810 ], [ -68.719582, 9.924389 ], [ -68.719269, 9.925103 ], [ -68.718727, 9.925709 ], [ -68.718277, 9.926359 ], [ -68.717872, 9.927100 ], [ -68.717468, 9.927959 ], [ -68.716423, 9.930409 ], [ -68.716293, 9.931033 ], [ -68.716209, 9.931558 ], [ -68.716095, 9.932824 ], [ -68.716041, 9.933647 ], [ -68.715859, 9.935031 ], [ -68.715828, 9.935655 ], [ -68.715881, 9.936243 ], [ -68.715973, 9.937572 ], [ -68.716179, 9.938486 ], [ -68.716286, 9.939318 ], [ -68.716247, 9.939933 ], [ -68.715958, 9.940403 ], [ -68.715576, 9.941162 ], [ -68.715088, 9.942247 ], [ -68.714676, 9.942762 ], [ -68.714157, 9.943233 ], [ -68.713448, 9.943748 ], [ -68.712830, 9.944307 ], [ -68.712349, 9.944759 ], [ -68.711235, 9.945672 ], [ -68.710594, 9.946142 ], [ -68.710159, 9.946512 ], [ -68.709427, 9.947199 ], [ -68.708923, 9.947615 ], [ -68.708237, 9.948039 ], [ -68.707550, 9.948355 ], [ -68.706787, 9.948617 ], [ -68.706261, 9.948725 ], [ -68.705284, 9.948895 ], [ -68.704620, 9.949003 ], [ -68.703743, 9.949111 ], [ -68.702377, 9.949318 ], [ -68.700943, 9.949552 ], [ -68.700134, 9.949633 ], [ -68.698372, 9.949758 ], [ -68.697540, 9.949883 ], [ -68.696068, 9.950262 ], [ -68.694893, 9.950759 ], [ -68.694138, 9.951165 ], [ -68.693100, 9.951806 ], [ -68.692322, 9.952230 ], [ -68.691795, 9.952564 ], [ -68.690483, 9.953223 ], [ -68.689888, 9.953467 ], [ -68.688805, 9.953973 ], [ -68.688118, 9.954280 ], [ -68.686531, 9.954812 ], [ -68.685951, 9.955055 ], [ -68.685287, 9.955570 ], [ -68.684105, 9.956537 ], [ -68.683533, 9.956952 ], [ -68.683029, 9.957241 ], [ -68.682358, 9.957665 ], [ -68.681885, 9.958063 ], [ -68.681175, 9.958560 ], [ -68.680618, 9.958867 ], [ -68.680115, 9.959174 ], [ -68.679611, 9.959435 ], [ -68.678162, 9.960149 ], [ -68.677551, 9.960664 ], [ -68.677071, 9.961016 ], [ -68.676521, 9.961395 ], [ -68.675926, 9.961820 ], [ -68.675423, 9.962407 ], [ -68.674698, 9.963474 ], [ -68.674293, 9.963917 ], [ -68.673767, 9.964522 ], [ -68.673317, 9.964892 ], [ -68.672554, 9.965163 ], [ -68.672096, 9.965443 ], [ -68.671501, 9.965895 ], [ -68.671021, 9.966247 ], [ -68.670242, 9.966907 ], [ -68.669418, 9.967539 ], [ -68.668823, 9.967873 ], [ -68.668251, 9.968153 ], [ -68.667374, 9.968441 ], [ -68.666588, 9.968684 ], [ -68.666061, 9.968901 ], [ -68.665489, 9.969280 ], [ -68.664825, 9.969868 ], [ -68.664398, 9.970446 ], [ -68.664078, 9.970916 ], [ -68.662605, 9.972705 ], [ -68.662369, 9.973537 ], [ -68.662239, 9.974071 ], [ -68.661934, 9.975246 ], [ -68.661804, 9.975816 ], [ -68.661446, 9.976421 ], [ -68.661033, 9.976910 ], [ -68.660446, 9.977768 ], [ -68.660065, 9.978148 ], [ -68.659584, 9.978427 ], [ -68.658905, 9.978417 ], [ -68.658279, 9.978335 ], [ -68.657700, 9.978072 ], [ -68.657044, 9.977692 ], [ -68.656342, 9.977519 ], [ -68.655479, 9.977473 ], [ -68.654419, 9.977463 ], [ -68.653008, 9.977516 ], [ -68.652420, 9.977434 ], [ -68.650978, 9.977116 ], [ -68.650398, 9.976898 ], [ -68.648476, 9.975666 ], [ -68.647957, 9.975286 ], [ -68.646362, 9.974172 ], [ -68.645889, 9.973646 ], [ -68.644806, 9.972678 ], [ -68.644401, 9.972280 ], [ -68.643997, 9.971800 ], [ -68.643669, 9.971211 ], [ -68.643402, 9.970687 ], [ -68.642967, 9.969890 ], [ -68.642563, 9.969284 ], [ -68.642159, 9.968786 ], [ -68.641335, 9.967898 ], [ -68.640884, 9.967500 ], [ -68.640320, 9.967120 ], [ -68.639664, 9.966694 ], [ -68.639153, 9.966449 ], [ -68.638473, 9.966168 ], [ -68.637825, 9.966014 ], [ -68.637177, 9.966094 ], [ -68.636505, 9.966103 ], [ -68.634674, 9.966282 ], [ -68.634094, 9.966353 ], [ -68.633545, 9.966552 ], [ -68.632973, 9.966786 ], [ -68.632301, 9.967120 ], [ -68.631592, 9.967599 ], [ -68.630997, 9.968086 ], [ -68.630424, 9.968511 ], [ -68.629761, 9.968890 ], [ -68.628815, 9.969178 ], [ -68.627548, 9.969367 ], [ -68.626808, 9.969447 ], [ -68.624283, 9.969490 ], [ -68.623558, 9.969461 ], [ -68.622818, 9.969470 ], [ -68.620918, 9.969577 ], [ -68.620346, 9.969766 ], [ -68.619255, 9.970017 ], [ -68.618637, 9.970117 ], [ -68.617737, 9.970477 ], [ -68.617210, 9.970675 ], [ -68.616447, 9.970846 ], [ -68.615150, 9.970872 ], [ -68.614502, 9.970862 ], [ -68.613785, 9.970943 ], [ -68.613205, 9.970979 ], [ -68.612412, 9.970878 ], [ -68.611435, 9.970642 ], [ -68.610916, 9.970161 ], [ -68.610558, 9.969646 ], [ -68.610336, 9.968958 ], [ -68.610237, 9.968389 ], [ -68.610062, 9.967863 ], [ -68.609444, 9.966633 ], [ -68.609512, 9.965394 ], [ -68.609474, 9.964797 ], [ -68.609100, 9.963386 ], [ -68.608978, 9.962789 ], [ -68.609039, 9.962210 ], [ -68.609070, 9.961568 ], [ -68.609032, 9.960790 ], [ -68.608887, 9.960265 ], [ -68.608688, 9.959767 ], [ -68.608307, 9.958989 ], [ -68.608063, 9.958419 ], [ -68.607635, 9.956547 ], [ -68.607460, 9.955705 ], [ -68.607674, 9.954846 ], [ -68.607804, 9.954068 ], [ -68.607926, 9.953400 ], [ -68.608093, 9.952314 ], [ -68.608154, 9.951744 ], [ -68.608353, 9.951139 ], [ -68.608574, 9.950632 ], [ -68.608818, 9.949891 ], [ -68.608826, 9.949141 ], [ -68.608742, 9.948362 ], [ -68.608452, 9.947612 ], [ -68.608208, 9.947086 ], [ -68.608009, 9.946445 ], [ -68.607933, 9.945892 ], [ -68.608086, 9.945368 ], [ -68.608215, 9.944654 ], [ -68.608177, 9.944075 ], [ -68.607475, 9.943377 ], [ -68.606689, 9.942517 ], [ -68.606270, 9.942092 ], [ -68.605934, 9.941567 ], [ -68.605408, 9.940707 ], [ -68.605164, 9.940092 ], [ -68.605110, 9.939495 ], [ -68.604881, 9.938608 ], [ -68.604614, 9.937858 ], [ -68.604447, 9.937305 ], [ -68.604156, 9.936826 ], [ -68.603622, 9.936744 ], [ -68.603104, 9.936553 ], [ -68.602364, 9.936263 ], [ -68.601662, 9.936072 ], [ -68.600937, 9.935719 ], [ -68.600449, 9.935429 ], [ -68.599907, 9.935020 ], [ -68.599152, 9.934396 ], [ -68.598099, 9.933562 ], [ -68.597488, 9.933182 ], [ -68.596771, 9.933362 ], [ -68.596191, 9.933533 ], [ -68.594788, 9.934129 ], [ -68.594101, 9.934344 ], [ -68.593361, 9.934633 ], [ -68.592423, 9.935020 ], [ -68.591820, 9.935283 ], [ -68.590851, 9.935597 ], [ -68.590004, 9.935886 ], [ -68.589333, 9.936130 ], [ -68.588226, 9.936472 ], [ -68.587509, 9.936625 ], [ -68.586312, 9.936850 ], [ -68.585480, 9.937020 ], [ -68.584251, 9.937226 ], [ -68.583679, 9.937307 ], [ -68.582840, 9.937387 ], [ -68.582268, 9.937423 ], [ -68.580757, 9.937593 ], [ -68.580208, 9.937692 ], [ -68.579491, 9.937799 ], [ -68.578750, 9.937943 ], [ -68.577942, 9.938051 ], [ -68.577316, 9.938086 ], [ -68.576714, 9.938076 ], [ -68.575668, 9.938021 ], [ -68.575043, 9.937939 ], [ -68.573883, 9.937882 ], [ -68.573303, 9.937846 ], [ -68.572533, 9.937745 ], [ -68.571793, 9.937510 ], [ -68.571251, 9.937327 ], [ -68.570366, 9.937119 ], [ -68.569138, 9.936891 ], [ -68.568184, 9.936627 ], [ -68.567665, 9.936364 ], [ -68.566849, 9.935875 ], [ -68.566353, 9.935630 ], [ -68.565704, 9.935457 ], [ -68.565010, 9.935420 ], [ -68.564407, 9.935338 ], [ -68.563850, 9.935284 ], [ -68.563103, 9.935246 ], [ -68.562546, 9.935146 ], [ -68.561829, 9.934955 ], [ -68.560539, 9.934103 ], [ -68.560020, 9.933678 ], [ -68.559410, 9.933342 ], [ -68.558754, 9.933034 ], [ -68.557846, 9.932770 ], [ -68.557289, 9.932715 ], [ -68.556709, 9.932769 ], [ -68.556106, 9.932867 ], [ -68.555443, 9.933021 ], [ -68.554932, 9.933209 ], [ -68.554428, 9.933543 ], [ -68.553810, 9.933895 ], [ -68.553307, 9.934257 ], [ -68.552712, 9.934608 ], [ -68.552025, 9.934942 ], [ -68.551422, 9.935131 ], [ -68.550682, 9.935076 ], [ -68.549980, 9.934976 ], [ -68.549347, 9.934387 ], [ -68.548920, 9.934033 ], [ -68.548363, 9.933744 ], [ -68.547180, 9.933578 ], [ -68.546433, 9.933524 ], [ -68.544953, 9.933640 ], [ -68.544350, 9.933792 ], [ -68.543778, 9.933981 ], [ -68.543068, 9.934405 ], [ -68.542473, 9.934902 ], [ -68.542084, 9.935345 ], [ -68.541588, 9.935832 ], [ -68.541153, 9.936185 ], [ -68.540787, 9.936627 ], [ -68.540077, 9.937006 ], [ -68.539543, 9.937160 ], [ -68.537742, 9.937464 ], [ -68.537163, 9.937545 ], [ -68.536636, 9.937671 ], [ -68.535438, 9.938030 ], [ -68.533913, 9.938336 ], [ -68.533356, 9.938570 ], [ -68.532646, 9.938904 ], [ -68.531959, 9.939193 ], [ -68.530838, 9.940014 ], [ -68.530327, 9.940303 ], [ -68.529770, 9.940221 ], [ -68.529350, 9.939885 ], [ -68.528923, 9.939478 ], [ -68.528664, 9.938952 ], [ -68.528420, 9.938383 ], [ -68.528221, 9.937858 ], [ -68.528122, 9.937288 ], [ -68.527947, 9.936763 ], [ -68.527733, 9.936175 ], [ -68.527374, 9.935577 ], [ -68.526627, 9.935115 ], [ -68.526085, 9.934798 ], [ -68.525474, 9.934562 ], [ -68.524917, 9.934317 ], [ -68.524422, 9.933909 ], [ -68.524200, 9.933204 ], [ -68.524185, 9.932444 ], [ -68.524155, 9.931784 ], [ -68.524292, 9.930427 ], [ -68.524384, 9.929161 ], [ -68.524406, 9.927804 ], [ -68.524491, 9.927099 ], [ -68.524544, 9.926493 ], [ -68.524673, 9.925969 ], [ -68.524895, 9.925273 ], [ -68.525253, 9.924577 ], [ -68.525551, 9.924116 ], [ -68.526031, 9.923692 ], [ -68.526482, 9.923276 ], [ -68.526939, 9.922807 ], [ -68.527298, 9.922274 ], [ -68.528092, 9.921226 ], [ -68.528404, 9.920620 ], [ -68.528725, 9.920087 ], [ -68.529060, 9.919671 ], [ -68.529587, 9.919138 ], [ -68.530022, 9.918741 ], [ -68.530456, 9.918388 ], [ -68.530983, 9.918127 ], [ -68.531555, 9.917856 ], [ -68.532173, 9.917487 ], [ -68.532745, 9.917063 ], [ -68.533158, 9.916548 ], [ -68.533424, 9.916015 ], [ -68.533524, 9.915282 ], [ -68.533630, 9.914748 ], [ -68.533737, 9.914016 ], [ -68.533745, 9.913328 ], [ -68.533737, 9.912777 ], [ -68.533516, 9.912252 ], [ -68.533302, 9.911682 ], [ -68.532989, 9.911066 ], [ -68.532860, 9.910334 ], [ -68.533035, 9.909710 ], [ -68.533348, 9.908951 ], [ -68.533592, 9.908281 ], [ -68.533813, 9.907766 ], [ -68.534302, 9.906863 ], [ -68.534622, 9.906384 ], [ -68.535004, 9.905887 ], [ -68.535438, 9.905381 ], [ -68.535728, 9.904911 ], [ -68.536018, 9.904360 ], [ -68.536125, 9.903763 ], [ -68.536140, 9.903166 ], [ -68.536087, 9.902569 ], [ -68.535774, 9.902026 ], [ -68.535438, 9.901546 ], [ -68.535332, 9.900859 ], [ -68.535370, 9.900171 ], [ -68.535492, 9.899412 ], [ -68.536163, 9.897721 ], [ -68.536331, 9.897152 ], [ -68.536278, 9.896555 ], [ -68.536331, 9.895841 ], [ -68.536484, 9.895199 ], [ -68.536659, 9.894666 ], [ -68.537552, 9.892587 ], [ -68.537796, 9.891891 ], [ -68.537926, 9.891338 ], [ -68.537453, 9.890958 ], [ -68.536934, 9.890415 ], [ -68.536583, 9.890007 ], [ -68.536499, 9.890001 ], [ -68.535858, 9.889952 ], [ -68.534988, 9.890267 ], [ -68.534409, 9.890574 ], [ -68.533836, 9.890836 ], [ -68.533280, 9.890980 ], [ -68.532753, 9.891314 ], [ -68.532181, 9.891530 ], [ -68.531624, 9.891701 ], [ -68.531151, 9.892080 ], [ -68.530785, 9.892541 ], [ -68.530350, 9.893028 ], [ -68.529686, 9.893182 ], [ -68.528984, 9.893036 ], [ -68.528450, 9.892836 ], [ -68.527847, 9.892935 ], [ -68.527367, 9.893242 ], [ -68.527077, 9.893775 ], [ -68.526993, 9.894308 ], [ -68.527146, 9.895149 ], [ -68.527206, 9.895792 ], [ -68.526917, 9.896461 ], [ -68.526504, 9.897002 ], [ -68.525864, 9.897491 ], [ -68.524948, 9.898013 ], [ -68.524262, 9.898302 ], [ -68.523361, 9.898617 ], [ -68.522759, 9.898788 ], [ -68.521996, 9.898661 ], [ -68.521294, 9.898279 ], [ -68.520821, 9.897926 ], [ -68.520065, 9.897157 ], [ -68.519379, 9.896251 ], [ -68.519066, 9.895726 ], [ -68.518898, 9.895093 ], [ -68.518677, 9.894360 ], [ -68.518593, 9.893807 ], [ -68.518318, 9.892487 ], [ -68.518234, 9.891818 ], [ -68.518135, 9.891203 ], [ -68.518120, 9.890606 ], [ -68.518021, 9.890080 ], [ -68.517357, 9.889537 ], [ -68.516777, 9.889346 ], [ -68.516106, 9.889400 ], [ -68.515327, 9.889625 ], [ -68.514633, 9.889914 ], [ -68.513832, 9.890337 ], [ -68.513000, 9.890671 ], [ -68.512238, 9.890941 ], [ -68.511551, 9.891202 ], [ -68.510933, 9.891581 ], [ -68.510109, 9.892168 ], [ -68.509010, 9.893242 ], [ -68.507668, 9.894389 ], [ -68.506302, 9.895699 ], [ -68.505821, 9.896123 ], [ -68.505157, 9.896665 ], [ -68.504333, 9.897314 ], [ -68.503509, 9.897865 ], [ -68.502960, 9.898190 ], [ -68.502205, 9.898568 ], [ -68.501488, 9.898902 ], [ -68.500687, 9.899308 ], [ -68.499993, 9.899732 ], [ -68.499565, 9.900102 ], [ -68.498909, 9.900635 ], [ -68.498062, 9.901447 ], [ -68.497406, 9.901781 ], [ -68.496750, 9.902305 ], [ -68.496017, 9.902955 ], [ -68.495567, 9.903479 ], [ -68.495255, 9.904020 ], [ -68.494881, 9.904499 ], [ -68.494431, 9.904996 ], [ -68.493774, 9.905330 ], [ -68.493149, 9.905474 ], [ -68.492493, 9.905563 ], [ -68.491592, 9.905662 ], [ -68.491119, 9.906276 ], [ -68.490898, 9.906682 ], [ -68.490463, 9.907893 ], [ -68.490105, 9.908363 ], [ -68.489426, 9.908607 ], [ -68.488785, 9.908551 ], [ -68.488228, 9.908613 ], [ -68.487686, 9.908902 ], [ -68.487007, 9.909208 ], [ -68.486267, 9.909217 ], [ -68.485618, 9.909306 ], [ -68.485100, 9.909776 ], [ -68.484734, 9.910598 ], [ -68.484810, 9.911086 ], [ -68.484817, 9.911168 ], [ -68.485230, 9.911593 ], [ -68.485710, 9.911920 ], [ -68.485977, 9.912409 ], [ -68.485969, 9.912960 ], [ -68.485725, 9.913485 ], [ -68.485031, 9.913791 ], [ -68.484466, 9.913962 ], [ -68.483887, 9.914069 ], [ -68.483284, 9.914015 ], [ -68.482643, 9.913841 ], [ -68.482056, 9.913922 ], [ -68.481499, 9.914057 ], [ -68.480888, 9.914391 ], [ -68.480583, 9.914869 ], [ -68.480362, 9.915412 ], [ -68.480057, 9.915981 ], [ -68.479599, 9.916595 ], [ -68.478989, 9.917137 ], [ -68.478523, 9.917444 ], [ -68.477936, 9.917687 ], [ -68.477424, 9.917913 ], [ -68.476623, 9.918354 ], [ -68.475952, 9.918480 ], [ -68.475258, 9.918469 ], [ -68.474678, 9.918505 ], [ -68.473869, 9.918585 ], [ -68.473282, 9.918693 ], [ -68.472656, 9.919026 ], [ -68.471954, 9.919225 ], [ -68.470817, 9.919295 ], [ -68.470307, 9.919538 ], [ -68.469627, 9.919845 ], [ -68.469086, 9.920115 ], [ -68.468575, 9.920494 ], [ -68.467651, 9.921351 ], [ -68.466522, 9.922210 ], [ -68.466011, 9.922570 ], [ -68.465492, 9.922949 ], [ -68.464928, 9.923491 ], [ -68.464340, 9.924006 ], [ -68.463753, 9.924412 ], [ -68.463196, 9.924492 ], [ -68.462563, 9.924618 ], [ -68.461914, 9.924906 ], [ -68.461418, 9.925267 ], [ -68.460907, 9.925601 ], [ -68.460388, 9.926034 ], [ -68.459869, 9.926323 ], [ -68.458908, 9.926928 ], [ -68.458305, 9.927216 ], [ -68.457695, 9.927612 ], [ -68.457199, 9.927956 ], [ -68.456757, 9.928289 ], [ -68.456116, 9.928876 ], [ -68.455696, 9.929328 ], [ -68.455246, 9.929779 ], [ -68.454590, 9.929996 ], [ -68.453987, 9.929985 ], [ -68.453224, 9.929839 ], [ -68.452599, 9.930010 ], [ -68.451965, 9.930208 ], [ -68.451385, 9.930306 ], [ -68.450172, 9.930956 ], [ -68.449448, 9.931379 ], [ -68.448952, 9.931650 ], [ -68.448303, 9.931730 ], [ -68.447723, 9.931693 ], [ -68.447166, 9.931873 ], [ -68.446304, 9.932242 ], [ -68.445854, 9.932604 ], [ -68.444839, 9.933534 ], [ -68.444229, 9.934021 ], [ -68.443550, 9.934608 ], [ -68.442284, 9.935510 ], [ -68.441536, 9.935906 ], [ -68.440666, 9.936258 ], [ -68.439896, 9.936664 ], [ -68.438400, 9.937421 ], [ -68.437744, 9.937844 ], [ -68.437317, 9.938405 ], [ -68.437004, 9.938911 ], [ -68.436531, 9.939425 ], [ -68.436020, 9.939768 ], [ -68.435410, 9.939939 ], [ -68.434807, 9.940020 ], [ -68.434250, 9.940235 ], [ -68.433685, 9.940551 ], [ -68.433144, 9.940930 ], [ -68.432495, 9.941174 ], [ -68.431702, 9.941254 ], [ -68.431030, 9.941360 ], [ -68.430443, 9.941622 ], [ -68.429832, 9.942073 ], [ -68.429481, 9.942570 ], [ -68.429169, 9.943094 ], [ -68.428925, 9.943591 ], [ -68.428642, 9.944097 ], [ -68.428169, 9.944702 ], [ -68.427620, 9.945316 ], [ -68.427200, 9.945704 ], [ -68.426445, 9.946281 ], [ -68.426002, 9.946670 ], [ -68.425598, 9.947076 ], [ -68.425171, 9.947618 ], [ -68.424835, 9.948277 ], [ -68.424499, 9.948847 ], [ -68.424072, 9.949416 ], [ -68.423553, 9.949813 ], [ -68.422989, 9.950219 ], [ -68.422379, 9.950743 ], [ -68.421883, 9.951347 ], [ -68.421524, 9.951962 ], [ -68.421257, 9.952486 ], [ -68.420715, 9.953055 ], [ -68.420265, 9.953506 ], [ -68.419777, 9.953958 ], [ -68.419258, 9.954499 ], [ -68.418778, 9.955087 ], [ -68.418266, 9.955465 ], [ -68.417496, 9.955826 ], [ -68.416840, 9.956150 ], [ -68.416367, 9.956512 ], [ -68.415825, 9.956989 ], [ -68.415077, 9.957368 ], [ -68.414337, 9.957394 ], [ -68.413712, 9.957384 ], [ -68.413132, 9.957311 ], [ -68.412575, 9.957273 ], [ -68.411926, 9.957408 ], [ -68.411339, 9.957597 ], [ -68.410668, 9.957840 ], [ -68.410126, 9.958110 ], [ -68.409424, 9.958444 ], [ -68.408752, 9.958705 ], [ -68.408096, 9.958876 ], [ -68.407379, 9.958892 ], [ -68.406754, 9.958882 ], [ -68.406197, 9.959071 ], [ -68.405930, 9.959595 ], [ -68.406105, 9.960175 ], [ -68.405746, 9.960815 ], [ -68.405502, 9.961358 ], [ -68.405098, 9.961926 ], [ -68.404137, 9.962757 ], [ -68.403618, 9.963299 ], [ -68.403488, 9.963922 ], [ -68.403435, 9.964511 ], [ -68.403420, 9.965179 ], [ -68.403595, 9.965895 ], [ -68.403816, 9.966492 ], [ -68.403847, 9.967089 ], [ -68.403793, 9.967686 ], [ -68.403786, 9.968265 ], [ -68.403923, 9.969622 ], [ -68.403839, 9.970282 ], [ -68.403641, 9.970878 ], [ -68.403259, 9.971356 ], [ -68.402679, 9.971826 ], [ -68.402069, 9.971861 ], [ -68.401566, 9.971598 ], [ -68.400993, 9.971244 ], [ -68.400368, 9.971071 ], [ -68.398911, 9.971050 ], [ -68.398216, 9.970922 ], [ -68.397690, 9.970704 ], [ -68.397072, 9.970350 ], [ -68.396477, 9.969978 ], [ -68.395805, 9.969688 ], [ -68.395233, 9.969379 ], [ -68.394562, 9.969415 ], [ -68.393982, 9.969495 ], [ -68.393394, 9.969603 ], [ -68.392723, 9.969800 ], [ -68.392158, 9.970106 ], [ -68.391869, 9.970748 ], [ -68.391953, 9.971327 ], [ -68.391991, 9.971942 ], [ -68.391747, 9.972602 ], [ -68.391365, 9.973008 ], [ -68.391357, 9.973587 ], [ -68.391373, 9.974138 ], [ -68.391060, 9.974681 ], [ -68.390587, 9.974997 ], [ -68.390076, 9.975212 ], [ -68.389664, 9.974841 ], [ -68.389259, 9.974334 ], [ -68.388679, 9.973998 ], [ -68.388016, 9.973897 ], [ -68.387451, 9.974321 ], [ -68.387184, 9.974891 ], [ -68.386825, 9.975460 ], [ -68.386352, 9.975884 ], [ -68.385857, 9.976408 ], [ -68.385521, 9.976950 ], [ -68.385239, 9.977618 ], [ -68.384727, 9.978730 ], [ -68.383827, 9.979660 ], [ -68.383339, 9.980057 ], [ -68.382751, 9.980463 ], [ -68.382210, 9.980778 ], [ -68.381577, 9.981130 ], [ -68.381134, 9.981563 ], [ -68.380684, 9.981969 ], [ -68.380257, 9.982466 ], [ -68.379952, 9.982944 ], [ -68.379303, 9.984128 ], [ -68.378830, 9.984734 ], [ -68.378380, 9.985211 ], [ -68.377953, 9.985591 ], [ -68.377487, 9.985951 ], [ -68.376991, 9.986384 ], [ -68.376610, 9.986899 ], [ -68.376160, 9.987261 ], [ -68.374970, 9.987955 ], [ -68.374031, 9.988676 ], [ -68.373467, 9.989073 ], [ -68.372879, 9.989434 ], [ -68.372215, 9.989948 ], [ -68.371788, 9.990327 ], [ -68.371345, 9.990878 ], [ -68.370827, 9.991257 ], [ -68.370148, 9.991798 ], [ -68.369904, 9.992485 ], [ -68.369988, 9.993037 ], [ -68.370087, 9.993344 ], [ -68.369057, 9.993831 ], [ -68.368477, 9.994074 ], [ -68.367798, 9.994408 ], [ -68.367195, 9.994578 ], [ -68.366570, 9.994568 ], [ -68.365738, 9.994412 ], [ -68.365128, 9.994565 ], [ -68.364594, 9.994808 ], [ -68.364075, 9.995079 ], [ -68.363487, 9.995476 ], [ -68.362999, 9.995791 ], [ -68.362457, 9.996079 ], [ -68.361809, 9.996395 ], [ -68.361099, 9.996774 ], [ -68.360520, 9.996971 ], [ -68.359963, 9.997097 ], [ -68.359314, 9.997087 ], [ -68.358642, 9.997004 ], [ -68.358086, 9.996876 ], [ -68.357437, 9.996938 ], [ -68.356666, 9.997272 ], [ -68.356041, 9.997469 ], [ -68.355316, 9.997612 ], [ -68.354622, 9.997692 ], [ -68.354019, 9.997709 ], [ -68.353409, 9.997763 ], [ -68.352737, 9.997888 ], [ -68.352089, 9.997950 ], [ -68.351532, 9.998030 ], [ -68.350853, 9.998408 ], [ -68.350311, 9.998859 ], [ -68.349671, 9.999536 ], [ -68.349251, 10.000060 ], [ -68.346458, 10.003013 ], [ -68.345695, 10.002993 ], [ -68.345093, 10.003244 ], [ -68.344376, 10.003198 ], [ -68.343773, 10.003251 ], [ -68.343124, 10.003412 ], [ -68.342522, 10.003692 ], [ -68.341965, 10.003763 ], [ -68.341385, 10.003898 ], [ -68.340828, 10.004113 ], [ -68.340805, 10.004728 ], [ -68.341202, 10.005236 ], [ -68.341461, 10.005834 ], [ -68.341370, 10.006430 ], [ -68.341141, 10.006999 ], [ -68.340790, 10.007505 ], [ -68.340096, 10.007513 ], [ -68.339584, 10.007973 ], [ -68.339424, 10.008524 ], [ -68.338852, 10.008777 ], [ -68.338409, 10.008431 ], [ -68.337715, 10.008259 ], [ -68.337181, 10.008628 ], [ -68.336373, 10.009640 ], [ -68.336006, 10.010073 ], [ -68.336075, 10.010652 ], [ -68.335777, 10.011176 ], [ -68.335609, 10.011818 ], [ -68.336197, 10.012325 ], [ -68.336288, 10.012922 ], [ -68.336037, 10.013429 ], [ -68.336197, 10.014089 ], [ -68.336685, 10.014461 ], [ -68.336548, 10.015058 ], [ -68.336204, 10.015518 ], [ -68.335762, 10.015056 ], [ -68.335205, 10.014693 ], [ -68.334412, 10.014538 ], [ -68.333931, 10.014880 ], [ -68.334068, 10.015568 ], [ -68.334579, 10.016030 ], [ -68.334770, 10.016555 ], [ -68.334724, 10.017124 ], [ -68.334564, 10.018327 ], [ -68.334656, 10.018897 ], [ -68.335007, 10.019675 ], [ -68.335312, 10.020201 ], [ -68.335724, 10.020591 ], [ -68.336357, 10.020890 ], [ -68.336891, 10.021253 ], [ -68.336960, 10.022239 ], [ -68.336891, 10.022818 ], [ -68.336846, 10.023713 ], [ -68.336708, 10.024373 ], [ -68.337082, 10.024925 ], [ -68.337593, 10.025586 ], [ -68.338036, 10.026139 ], [ -68.338478, 10.026665 ], [ -68.338921, 10.027163 ], [ -68.339386, 10.027625 ], [ -68.339478, 10.028222 ], [ -68.339523, 10.028791 ], [ -68.339478, 10.029370 ], [ -68.339531, 10.030046 ], [ -68.339501, 10.030733 ], [ -68.339203, 10.031043 ], [ -68.338631, 10.031549 ], [ -68.337936, 10.032081 ], [ -68.337334, 10.032179 ], [ -68.336777, 10.032476 ], [ -68.336243, 10.032936 ], [ -68.335503, 10.033306 ], [ -68.334786, 10.033566 ], [ -68.334183, 10.033818 ], [ -68.333099, 10.034486 ], [ -68.331848, 10.034935 ], [ -68.331131, 10.035368 ], [ -68.330299, 10.035782 ], [ -68.329697, 10.035880 ], [ -68.329025, 10.035726 ], [ -68.328186, 10.035706 ], [ -68.327568, 10.035659 ], [ -68.326843, 10.035640 ], [ -68.326241, 10.035593 ], [ -68.325592, 10.035764 ], [ -68.325012, 10.035971 ], [ -68.324440, 10.036015 ], [ -68.323860, 10.035995 ], [ -68.323090, 10.035949 ], [ -68.322357, 10.036227 ], [ -68.321915, 10.036597 ], [ -68.321564, 10.037130 ], [ -68.321289, 10.037636 ], [ -68.320992, 10.038233 ], [ -68.320786, 10.038919 ], [ -68.320602, 10.039570 ], [ -68.320351, 10.040375 ], [ -68.320045, 10.040971 ], [ -68.319771, 10.041567 ], [ -68.319634, 10.042146 ], [ -68.319450, 10.042760 ], [ -68.319313, 10.043311 ], [ -68.319153, 10.043908 ], [ -68.318779, 10.044414 ], [ -68.318344, 10.044811 ], [ -68.317856, 10.045108 ], [ -68.316673, 10.045576 ], [ -68.315956, 10.045918 ], [ -68.315354, 10.046315 ], [ -68.314690, 10.046847 ], [ -68.314293, 10.047280 ], [ -68.314201, 10.047950 ], [ -68.314201, 10.048818 ], [ -68.314163, 10.049578 ], [ -68.313927, 10.050355 ], [ -68.313469, 10.051123 ], [ -68.312958, 10.051719 ], [ -68.312454, 10.052404 ], [ -68.312103, 10.052938 ], [ -68.311554, 10.053307 ], [ -68.310303, 10.053747 ], [ -68.309700, 10.054027 ], [ -68.308334, 10.054901 ], [ -68.307640, 10.055361 ], [ -68.307015, 10.055802 ], [ -68.306465, 10.056308 ], [ -68.306045, 10.056813 ], [ -68.305794, 10.057346 ], [ -68.305512, 10.057853 ], [ -68.304794, 10.058475 ], [ -68.304291, 10.058845 ], [ -68.303688, 10.059096 ], [ -68.303085, 10.059403 ], [ -68.302506, 10.059773 ], [ -68.301834, 10.060504 ], [ -68.301468, 10.060991 ], [ -68.300911, 10.061479 ], [ -68.300217, 10.061983 ], [ -68.299690, 10.062353 ], [ -68.299088, 10.062722 ], [ -68.298324, 10.062974 ], [ -68.297745, 10.063046 ], [ -68.297005, 10.063098 ], [ -68.296326, 10.063187 ], [ -68.295563, 10.063312 ], [ -68.294937, 10.063446 ], [ -68.294457, 10.063771 ], [ -68.293877, 10.064322 ], [ -68.293396, 10.064677 ], [ -68.292717, 10.064879 ], [ -68.292137, 10.065131 ], [ -68.291634, 10.065366 ], [ -68.291054, 10.065735 ], [ -68.290565, 10.066331 ], [ -68.290336, 10.067072 ], [ -68.290245, 10.067804 ], [ -68.290222, 10.068428 ], [ -68.290154, 10.068980 ], [ -68.290161, 10.069640 ], [ -68.290207, 10.070354 ], [ -68.290344, 10.071115 ], [ -68.290558, 10.071775 ], [ -68.290672, 10.072346 ], [ -68.290352, 10.072805 ], [ -68.289795, 10.073175 ], [ -68.289101, 10.073364 ], [ -68.288521, 10.073507 ], [ -68.287941, 10.073940 ], [ -68.287643, 10.074699 ], [ -68.287460, 10.075251 ], [ -68.287369, 10.075368 ], [ -68.286858, 10.075575 ], [ -68.286278, 10.075782 ], [ -68.285721, 10.075907 ], [ -68.284958, 10.075815 ], [ -68.284401, 10.075678 ], [ -68.283730, 10.075270 ], [ -68.283150, 10.075178 ], [ -68.282570, 10.075113 ], [ -68.282150, 10.074633 ], [ -68.281662, 10.073366 ], [ -68.281288, 10.072867 ], [ -68.280342, 10.072413 ], [ -68.279838, 10.072242 ], [ -68.279602, 10.072177 ], [ -68.279396, 10.072041 ], [ -68.279213, 10.071814 ], [ -68.278946, 10.071606 ], [ -68.278717, 10.071469 ], [ -68.278481, 10.071315 ], [ -68.278275, 10.071206 ], [ -68.277992, 10.071115 ], [ -68.277779, 10.071024 ], [ -68.277550, 10.070906 ], [ -68.277313, 10.070825 ], [ -68.276993, 10.070688 ], [ -68.276733, 10.070615 ], [ -68.276459, 10.070506 ], [ -68.276222, 10.070442 ], [ -68.276008, 10.070215 ], [ -68.275894, 10.070007 ], [ -68.275726, 10.069754 ], [ -68.275581, 10.069572 ], [ -68.275207, 10.069210 ], [ -68.275047, 10.069029 ], [ -68.274879, 10.068820 ], [ -68.274643, 10.068612 ], [ -68.274437, 10.068412 ], [ -68.273926, 10.068068 ], [ -68.273720, 10.067959 ], [ -68.273522, 10.067822 ], [ -68.273315, 10.067659 ], [ -68.273033, 10.067523 ], [ -68.272690, 10.067459 ], [ -68.272461, 10.067440 ], [ -68.272133, 10.067467 ], [ -68.271904, 10.067512 ], [ -68.271622, 10.067628 ], [ -68.271347, 10.067800 ], [ -68.270950, 10.068025 ], [ -68.270721, 10.068169 ], [ -68.270485, 10.068241 ], [ -68.270256, 10.068177 ], [ -68.269745, 10.068086 ], [ -68.269165, 10.068111 ], [ -68.268891, 10.068074 ], [ -68.268234, 10.067783 ], [ -68.267838, 10.067710 ], [ -68.267326, 10.067763 ], [ -68.267075, 10.067763 ], [ -68.266212, 10.067734 ], [ -68.265656, 10.067778 ], [ -68.265030, 10.068021 ], [ -68.264801, 10.068092 ], [ -68.264542, 10.068065 ], [ -68.264244, 10.068046 ], [ -68.263687, 10.067936 ], [ -68.263344, 10.067918 ], [ -68.262787, 10.067970 ], [ -68.262459, 10.068015 ], [ -68.261948, 10.068158 ], [ -68.261597, 10.068284 ], [ -68.261368, 10.068329 ], [ -68.261025, 10.068446 ], [ -68.260750, 10.068653 ], [ -68.259132, 10.069708 ], [ -68.258461, 10.070014 ], [ -68.257858, 10.070175 ], [ -68.256935, 10.070480 ], [ -68.256081, 10.070714 ], [ -68.255409, 10.070848 ], [ -68.254692, 10.070855 ], [ -68.254089, 10.071089 ], [ -68.252609, 10.072488 ], [ -68.251983, 10.073002 ], [ -68.251015, 10.073832 ], [ -68.250389, 10.074517 ], [ -68.249924, 10.074960 ], [ -68.249367, 10.075347 ], [ -68.248863, 10.075626 ], [ -68.248352, 10.076023 ], [ -68.247658, 10.076501 ], [ -68.246986, 10.076942 ], [ -68.245995, 10.077546 ], [ -68.245186, 10.078006 ], [ -68.244515, 10.078402 ], [ -68.243820, 10.078861 ], [ -68.243286, 10.079249 ], [ -68.242775, 10.079664 ], [ -68.242287, 10.080106 ], [ -68.241829, 10.080494 ], [ -68.240997, 10.081460 ], [ -68.240486, 10.082109 ], [ -68.239983, 10.082687 ], [ -68.239632, 10.083193 ], [ -68.239075, 10.083879 ], [ -68.238754, 10.084339 ], [ -68.238388, 10.084917 ], [ -68.238129, 10.085559 ], [ -68.237740, 10.086987 ], [ -68.237511, 10.087493 ], [ -68.237137, 10.087971 ], [ -68.236587, 10.088205 ], [ -68.236008, 10.088095 ], [ -68.235405, 10.087795 ], [ -68.234772, 10.087460 ], [ -68.234009, 10.087024 ], [ -68.233337, 10.086660 ], [ -68.232689, 10.086287 ], [ -68.232223, 10.085907 ], [ -68.231941, 10.085355 ], [ -68.231430, 10.084828 ], [ -68.230759, 10.084420 ], [ -68.230087, 10.084147 ], [ -68.229462, 10.084056 ], [ -68.228882, 10.084082 ], [ -68.228302, 10.083989 ], [ -68.227539, 10.083743 ], [ -68.226654, 10.083624 ], [ -68.225822, 10.083559 ], [ -68.224503, 10.083474 ], [ -68.223694, 10.083409 ], [ -68.223000, 10.083389 ], [ -68.221580, 10.083304 ], [ -68.220474, 10.083211 ], [ -68.219704, 10.083029 ], [ -68.219101, 10.082783 ], [ -68.218727, 10.082275 ], [ -68.218384, 10.081524 ], [ -68.218079, 10.080999 ], [ -68.217499, 10.080356 ], [ -68.216850, 10.080083 ], [ -68.216019, 10.079900 ], [ -68.215439, 10.079673 ], [ -68.214371, 10.079037 ], [ -68.213768, 10.078511 ], [ -68.213280, 10.077958 ], [ -68.212837, 10.077568 ], [ -68.212234, 10.077277 ], [ -68.211418, 10.077094 ], [ -68.210884, 10.076840 ], [ -68.210541, 10.076405 ], [ -68.210213, 10.075815 ], [ -68.209725, 10.073464 ], [ -68.209701, 10.073011 ], [ -68.209671, 10.072731 ], [ -68.209625, 10.072505 ], [ -68.209480, 10.072251 ], [ -68.209244, 10.071953 ], [ -68.209061, 10.071772 ], [ -68.208778, 10.071545 ], [ -68.208573, 10.071390 ], [ -68.208145, 10.071136 ], [ -68.207916, 10.071045 ], [ -68.207634, 10.070999 ], [ -68.207169, 10.070871 ], [ -68.206947, 10.070783 ], [ -68.206375, 10.070390 ], [ -68.206146, 10.070281 ], [ -68.205956, 10.070145 ], [ -68.205673, 10.069855 ], [ -68.205498, 10.069701 ], [ -68.205055, 10.069057 ], [ -68.204994, 10.068883 ], [ -68.204903, 10.068731 ], [ -68.204826, 10.068451 ], [ -68.204773, 10.068134 ], [ -68.204750, 10.067836 ], [ -68.204765, 10.067511 ], [ -68.204765, 10.067257 ], [ -68.204826, 10.066524 ], [ -68.204964, 10.066037 ], [ -68.205010, 10.065739 ], [ -68.205025, 10.065350 ], [ -68.205017, 10.065051 ], [ -68.204948, 10.064797 ], [ -68.204811, 10.064563 ], [ -68.204605, 10.064381 ], [ -68.203972, 10.064136 ], [ -68.203362, 10.064025 ], [ -68.203064, 10.064007 ], [ -68.202698, 10.064014 ], [ -68.202370, 10.064132 ], [ -68.202110, 10.064248 ], [ -68.201675, 10.064546 ], [ -68.201424, 10.064735 ], [ -68.201218, 10.064852 ], [ -68.200752, 10.065068 ], [ -68.200546, 10.065186 ], [ -68.200310, 10.065257 ], [ -68.199875, 10.065120 ], [ -68.199593, 10.065056 ], [ -68.199364, 10.064893 ], [ -68.199272, 10.064838 ] ] ] } }

]
}
