{
"type": "FeatureCollection",
"features": [
{ "type": "Feature", "properties": { "COD_ESTADO": "10", "ESTADO": "DELTA AMACURO" }, "geometry": { "type": "Polygon", "coordinates": [ [ [ -62.109684, 8.731353 ], [ -62.107593, 8.732497 ], [ -62.106262, 8.733166 ], [ -62.104236, 8.734388 ], [ -62.102722, 8.735289 ], [ -62.100883, 8.736602 ], [ -62.098934, 8.738464 ], [ -62.097740, 8.739477 ], [ -62.094891, 8.740955 ], [ -62.094318, 8.741507 ], [ -62.093353, 8.742496 ], [ -62.092941, 8.743048 ], [ -62.092300, 8.743713 ], [ -62.090828, 8.744613 ], [ -62.089405, 8.745353 ], [ -62.088394, 8.745860 ], [ -62.087059, 8.746622 ], [ -62.086144, 8.747313 ], [ -62.084579, 8.748189 ], [ -62.083454, 8.748767 ], [ -62.081547, 8.749851 ], [ -62.080719, 8.750359 ], [ -62.077892, 8.752179 ], [ -62.076424, 8.752965 ], [ -62.075340, 8.753633 ], [ -62.073067, 8.754879 ], [ -62.071735, 8.755870 ], [ -62.069805, 8.757458 ], [ -62.068981, 8.758170 ], [ -62.067375, 8.760123 ], [ -62.066940, 8.760767 ], [ -62.066322, 8.761846 ], [ -62.065773, 8.762877 ], [ -62.064633, 8.765058 ], [ -62.064175, 8.765816 ], [ -62.063671, 8.766802 ], [ -62.062847, 8.768249 ], [ -62.062504, 8.768822 ], [ -62.061634, 8.770542 ], [ -62.061020, 8.772056 ], [ -62.060722, 8.772881 ], [ -62.059994, 8.775014 ], [ -62.059452, 8.777237 ], [ -62.059296, 8.779000 ], [ -62.059002, 8.780399 ], [ -62.058712, 8.782139 ], [ -62.058418, 8.783675 ], [ -62.058434, 8.787773 ], [ -62.058655, 8.791114 ], [ -62.058731, 8.792510 ], [ -62.059105, 8.794203 ], [ -62.059387, 8.795964 ], [ -62.059742, 8.797428 ], [ -62.060021, 8.798846 ], [ -62.060032, 8.801434 ], [ -62.059925, 8.803563 ], [ -62.060001, 8.804822 ], [ -62.060165, 8.806218 ], [ -62.060291, 8.808072 ], [ -62.060207, 8.810179 ], [ -62.060284, 8.811827 ], [ -62.059673, 8.815172 ], [ -62.059612, 8.816935 ], [ -62.059433, 8.817944 ], [ -62.058746, 8.819732 ], [ -62.058132, 8.820993 ], [ -62.057442, 8.822118 ], [ -62.057007, 8.822852 ], [ -62.056000, 8.824024 ], [ -62.055336, 8.824646 ], [ -62.054417, 8.825382 ], [ -62.053154, 8.826418 ], [ -62.052029, 8.827247 ], [ -62.049591, 8.828699 ], [ -62.048237, 8.829667 ], [ -62.046051, 8.831096 ], [ -62.044834, 8.831811 ], [ -62.042698, 8.832872 ], [ -62.041203, 8.833796 ], [ -62.038700, 8.836003 ], [ -62.036518, 8.837661 ], [ -62.036129, 8.838143 ], [ -62.033371, 8.840559 ], [ -62.031303, 8.841850 ], [ -62.030521, 8.842219 ], [ -62.028564, 8.842410 ], [ -62.027618, 8.842529 ], [ -62.026077, 8.842788 ], [ -62.025387, 8.842974 ], [ -62.023453, 8.843393 ], [ -62.022556, 8.843696 ], [ -62.021244, 8.844251 ], [ -62.021156, 8.845158 ], [ -62.021133, 8.845395 ], [ -62.020794, 8.846976 ], [ -62.020573, 8.848763 ], [ -62.020435, 8.849314 ], [ -62.019890, 8.850597 ], [ -62.019001, 8.853462 ], [ -62.018478, 8.855205 ], [ -62.018024, 8.856671 ], [ -62.017685, 8.858482 ], [ -62.017231, 8.860773 ], [ -62.016548, 8.862883 ], [ -62.016121, 8.864853 ], [ -62.015480, 8.866138 ], [ -62.014885, 8.867399 ], [ -62.014290, 8.868295 ], [ -62.012867, 8.870270 ], [ -62.012043, 8.871303 ], [ -62.010918, 8.872750 ], [ -62.009727, 8.874151 ], [ -62.008946, 8.875048 ], [ -62.007546, 8.876496 ], [ -62.006721, 8.877232 ], [ -62.005615, 8.877831 ], [ -62.004307, 8.878478 ], [ -62.003063, 8.878986 ], [ -62.001961, 8.879540 ], [ -62.001408, 8.879841 ], [ -62.000740, 8.880187 ], [ -61.999069, 8.880816 ], [ -61.998485, 8.881246 ], [ -61.997975, 8.881607 ], [ -61.997505, 8.881969 ], [ -61.996990, 8.882490 ], [ -61.996498, 8.883035 ], [ -61.996098, 8.883626 ], [ -61.995743, 8.884219 ], [ -61.995316, 8.884972 ], [ -61.994988, 8.885472 ], [ -61.994629, 8.886203 ], [ -61.994274, 8.886819 ], [ -61.994129, 8.887529 ], [ -61.994053, 8.888126 ], [ -61.994019, 8.888976 ], [ -61.994007, 8.889688 ], [ -61.994045, 8.890355 ], [ -61.994221, 8.890909 ], [ -61.994515, 8.891442 ], [ -61.994831, 8.892090 ], [ -61.995125, 8.892599 ], [ -61.995533, 8.893248 ], [ -61.996010, 8.893898 ], [ -61.996399, 8.894340 ], [ -61.997448, 8.895320 ], [ -61.998382, 8.896320 ], [ -61.999458, 8.897416 ], [ -61.999844, 8.897835 ], [ -62.000347, 8.898232 ], [ -62.000874, 8.898699 ], [ -62.001400, 8.899096 ], [ -62.001881, 8.899402 ], [ -62.002480, 8.899617 ], [ -62.003197, 8.899696 ], [ -62.004837, 8.899765 ], [ -62.006271, 8.899714 ], [ -62.007195, 8.899727 ], [ -62.008492, 8.899469 ], [ -62.009884, 8.899213 ], [ -62.010532, 8.899038 ], [ -62.011391, 8.898728 ], [ -62.012020, 8.898437 ], [ -62.012646, 8.898239 ], [ -62.013275, 8.898087 ], [ -62.013786, 8.897818 ], [ -62.014530, 8.897530 ], [ -62.015228, 8.897217 ], [ -62.016414, 8.896475 ], [ -62.017025, 8.895954 ], [ -62.017559, 8.895571 ], [ -62.018913, 8.894464 ], [ -62.019970, 8.893398 ], [ -62.020695, 8.892856 ], [ -62.021465, 8.892108 ], [ -62.021980, 8.891702 ], [ -62.022636, 8.891068 ], [ -62.023056, 8.890682 ], [ -62.023689, 8.890069 ], [ -62.024323, 8.889435 ], [ -62.024906, 8.888891 ], [ -62.025608, 8.888327 ], [ -62.026333, 8.887716 ], [ -62.028759, 8.885864 ], [ -62.029461, 8.885368 ], [ -62.030209, 8.884688 ], [ -62.030911, 8.884124 ], [ -62.031586, 8.883535 ], [ -62.032078, 8.883174 ], [ -62.032848, 8.882586 ], [ -62.033527, 8.881885 ], [ -62.034061, 8.881661 ], [ -62.034714, 8.881326 ], [ -62.035343, 8.880966 ], [ -62.036762, 8.880181 ], [ -62.037296, 8.879981 ], [ -62.038040, 8.879808 ], [ -62.038662, 8.879794 ], [ -62.039242, 8.879801 ], [ -62.039959, 8.879581 ], [ -62.040703, 8.879315 ], [ -62.041374, 8.879416 ], [ -62.042114, 8.879450 ], [ -62.042690, 8.879549 ], [ -62.043567, 8.879607 ], [ -62.044285, 8.879572 ], [ -62.045002, 8.879489 ], [ -62.045693, 8.879636 ], [ -62.046383, 8.879991 ], [ -62.047714, 8.880904 ], [ -62.048611, 8.881169 ], [ -62.049114, 8.881452 ], [ -62.049824, 8.882013 ], [ -62.050281, 8.882525 ], [ -62.050644, 8.883035 ], [ -62.051121, 8.883731 ], [ -62.051437, 8.884241 ], [ -62.051914, 8.884983 ], [ -62.052277, 8.885516 ], [ -62.053116, 8.886861 ], [ -62.053433, 8.887441 ], [ -62.053658, 8.887972 ], [ -62.054016, 8.888619 ], [ -62.054428, 8.889132 ], [ -62.054855, 8.889850 ], [ -62.055264, 8.890613 ], [ -62.055512, 8.891168 ], [ -62.055824, 8.891953 ], [ -62.056141, 8.892532 ], [ -62.056526, 8.893088 ], [ -62.056797, 8.893599 ], [ -62.057159, 8.894339 ], [ -62.057358, 8.894894 ], [ -62.057537, 8.895515 ], [ -62.057980, 8.896878 ], [ -62.058227, 8.897549 ], [ -62.058563, 8.898380 ], [ -62.058784, 8.899073 ], [ -62.058941, 8.899672 ], [ -62.059162, 8.900410 ], [ -62.059338, 8.901172 ], [ -62.059372, 8.901837 ], [ -62.059483, 8.902391 ], [ -62.059658, 8.903152 ], [ -62.059719, 8.903956 ], [ -62.059956, 8.905201 ], [ -62.060017, 8.905777 ], [ -62.060009, 8.906352 ], [ -62.060097, 8.906972 ], [ -62.060295, 8.907688 ], [ -62.060513, 8.908748 ], [ -62.060768, 8.910291 ], [ -62.061268, 8.912849 ], [ -62.061421, 8.913495 ], [ -62.061642, 8.914348 ], [ -62.061909, 8.915271 ], [ -62.062401, 8.916587 ], [ -62.062649, 8.917188 ], [ -62.063114, 8.918573 ], [ -62.063404, 8.919381 ], [ -62.063671, 8.920167 ], [ -62.063988, 8.920860 ], [ -62.064487, 8.921419 ], [ -62.064945, 8.921770 ], [ -62.065357, 8.922189 ], [ -62.065811, 8.922700 ], [ -62.066246, 8.923259 ], [ -62.067181, 8.924304 ], [ -62.067673, 8.925507 ], [ -62.067963, 8.926247 ], [ -62.068256, 8.926916 ], [ -62.068596, 8.927565 ], [ -62.068977, 8.928397 ], [ -62.069382, 8.929460 ], [ -62.069714, 8.930384 ], [ -62.069962, 8.931122 ], [ -62.070206, 8.931746 ], [ -62.070408, 8.932369 ], [ -62.070946, 8.933779 ], [ -62.071213, 8.934287 ], [ -62.071846, 8.935606 ], [ -62.072140, 8.936139 ], [ -62.072479, 8.936810 ], [ -62.073150, 8.938359 ], [ -62.073467, 8.938960 ], [ -62.073715, 8.939491 ], [ -62.074124, 8.940164 ], [ -62.074459, 8.940881 ], [ -62.074703, 8.941666 ], [ -62.075047, 8.942222 ], [ -62.075455, 8.942779 ], [ -62.075817, 8.943220 ], [ -62.076271, 8.943802 ], [ -62.077183, 8.945032 ], [ -62.077522, 8.945565 ], [ -62.077908, 8.946237 ], [ -62.078224, 8.946885 ], [ -62.078491, 8.947485 ], [ -62.078762, 8.948018 ], [ -62.079079, 8.948620 ], [ -62.079441, 8.949199 ], [ -62.079666, 8.949800 ], [ -62.080074, 8.950333 ], [ -62.080689, 8.951031 ], [ -62.081055, 8.951565 ], [ -62.081391, 8.952305 ], [ -62.081684, 8.952860 ], [ -62.081955, 8.953507 ], [ -62.082268, 8.954178 ], [ -62.082562, 8.954756 ], [ -62.082970, 8.955337 ], [ -62.083401, 8.956009 ], [ -62.083671, 8.956587 ], [ -62.084034, 8.957281 ], [ -62.084255, 8.957974 ], [ -62.084545, 8.958691 ], [ -62.084862, 8.959246 ], [ -62.085247, 8.960033 ], [ -62.085541, 8.960519 ], [ -62.085876, 8.961236 ], [ -62.086239, 8.961953 ], [ -62.087005, 8.963435 ], [ -62.087231, 8.964059 ], [ -62.087478, 8.964683 ], [ -62.087769, 8.965352 ], [ -62.087994, 8.965930 ], [ -62.088020, 8.966034 ], [ -62.088169, 8.966622 ], [ -62.088276, 8.967313 ], [ -62.088405, 8.967936 ], [ -62.088551, 8.969247 ], [ -62.088657, 8.969870 ], [ -62.088780, 8.971318 ], [ -62.088863, 8.971987 ], [ -62.088833, 8.972652 ], [ -62.088825, 8.973319 ], [ -62.088715, 8.974581 ], [ -62.088615, 8.975269 ], [ -62.088444, 8.975911 ], [ -62.088291, 8.977150 ], [ -62.088066, 8.978572 ], [ -62.087982, 8.979397 ], [ -62.087971, 8.980317 ], [ -62.087822, 8.981303 ], [ -62.087650, 8.982037 ], [ -62.087456, 8.982815 ], [ -62.087284, 8.983366 ], [ -62.086853, 8.984692 ], [ -62.086517, 8.985422 ], [ -62.086235, 8.985970 ], [ -62.085712, 8.987066 ], [ -62.085472, 8.987752 ], [ -62.085068, 8.988505 ], [ -62.084622, 8.989258 ], [ -62.084194, 8.990033 ], [ -62.083908, 8.990627 ], [ -62.083622, 8.991268 ], [ -62.082870, 8.992429 ], [ -62.082493, 8.992861 ], [ -62.081978, 8.993359 ], [ -62.081577, 8.993768 ], [ -62.080994, 8.994288 ], [ -62.079609, 8.995763 ], [ -62.078674, 8.996739 ], [ -62.077759, 8.997807 ], [ -62.077286, 8.998445 ], [ -62.076958, 8.998968 ], [ -62.076416, 8.999650 ], [ -62.075924, 9.000195 ], [ -62.075008, 9.001125 ], [ -62.074566, 9.001648 ], [ -62.074211, 9.002103 ], [ -62.069710, 9.005734 ], [ -62.068836, 9.006914 ], [ -62.068436, 9.007484 ], [ -62.067680, 9.008621 ], [ -62.067253, 9.009235 ], [ -62.066383, 9.010278 ], [ -62.065769, 9.011188 ], [ -62.065182, 9.011845 ], [ -62.064571, 9.012388 ], [ -62.063869, 9.012975 ], [ -62.063446, 9.013404 ], [ -62.062858, 9.014108 ], [ -62.062340, 9.014881 ], [ -62.061958, 9.015472 ], [ -62.061603, 9.016224 ], [ -62.059773, 9.019619 ], [ -62.059414, 9.020371 ], [ -62.059059, 9.021032 ], [ -62.058727, 9.021578 ], [ -62.058182, 9.022374 ], [ -62.057808, 9.022875 ], [ -62.057335, 9.023440 ], [ -62.056843, 9.024100 ], [ -62.056393, 9.024645 ], [ -62.055946, 9.025305 ], [ -62.055637, 9.025827 ], [ -62.055306, 9.026465 ], [ -62.054947, 9.027218 ], [ -62.054588, 9.027924 ], [ -62.054463, 9.028657 ], [ -62.054360, 9.029550 ], [ -62.054276, 9.030514 ], [ -62.054100, 9.031453 ], [ -62.053906, 9.032207 ], [ -62.053837, 9.033652 ], [ -62.053875, 9.034295 ], [ -62.053837, 9.035258 ], [ -62.053757, 9.036037 ], [ -62.053654, 9.036702 ], [ -62.053482, 9.037365 ], [ -62.053238, 9.038211 ], [ -62.053093, 9.038805 ], [ -62.052944, 9.039584 ], [ -62.052883, 9.040479 ], [ -62.052902, 9.042269 ], [ -62.053066, 9.043947 ], [ -62.053150, 9.044545 ], [ -62.053208, 9.045326 ], [ -62.053337, 9.046013 ], [ -62.053421, 9.046683 ], [ -62.053421, 9.046983 ], [ -62.053429, 9.047605 ], [ -62.053558, 9.048294 ], [ -62.053803, 9.048918 ], [ -62.053955, 9.049587 ], [ -62.054249, 9.050184 ], [ -62.054722, 9.051109 ], [ -62.054920, 9.051688 ], [ -62.055141, 9.052494 ], [ -62.055409, 9.053092 ], [ -62.055797, 9.053608 ], [ -62.056347, 9.053998 ], [ -62.057285, 9.054571 ], [ -62.057888, 9.054644 ], [ -62.058365, 9.055269 ], [ -62.059849, 9.056485 ], [ -62.060490, 9.057048 ], [ -62.061310, 9.057863 ], [ -62.061974, 9.058444 ], [ -62.062542, 9.058996 ], [ -62.064057, 9.059941 ], [ -62.064793, 9.060477 ], [ -62.065185, 9.061011 ], [ -62.066189, 9.061322 ], [ -62.067520, 9.062030 ], [ -62.068302, 9.062384 ], [ -62.068947, 9.062576 ], [ -62.069706, 9.062868 ], [ -62.070511, 9.063241 ], [ -62.071197, 9.063694 ], [ -62.072140, 9.064276 ], [ -62.074112, 9.065565 ], [ -62.074753, 9.066082 ], [ -62.075367, 9.066663 ], [ -62.075871, 9.067226 ], [ -62.076302, 9.067759 ], [ -62.076732, 9.068266 ], [ -62.077557, 9.069011 ], [ -62.078010, 9.069409 ], [ -62.078537, 9.069899 ], [ -62.079178, 9.070372 ], [ -62.079636, 9.070789 ], [ -62.080597, 9.071560 ], [ -62.081261, 9.072078 ], [ -62.082382, 9.072939 ], [ -62.083160, 9.073502 ], [ -62.083870, 9.073991 ], [ -62.084675, 9.074437 ], [ -62.085659, 9.075027 ], [ -62.086235, 9.075354 ], [ -62.086899, 9.075707 ], [ -62.087544, 9.075990 ], [ -62.088280, 9.076344 ], [ -62.089016, 9.076654 ], [ -62.090740, 9.077418 ], [ -62.091522, 9.077791 ], [ -62.092232, 9.078191 ], [ -62.092922, 9.078499 ], [ -62.093494, 9.078809 ], [ -62.094120, 9.078955 ], [ -62.094742, 9.079057 ], [ -62.095368, 9.079040 ], [ -62.095993, 9.079004 ], [ -62.096687, 9.078879 ], [ -62.097363, 9.078700 ], [ -62.097920, 9.078485 ], [ -62.098526, 9.078143 ], [ -62.099598, 9.077585 ], [ -62.100575, 9.077207 ], [ -62.101345, 9.076857 ], [ -62.102066, 9.076469 ], [ -62.103092, 9.075911 ], [ -62.104446, 9.074966 ], [ -62.105125, 9.074361 ], [ -62.106560, 9.072935 ], [ -62.107098, 9.072368 ], [ -62.107826, 9.071691 ], [ -62.108433, 9.071149 ], [ -62.108951, 9.070508 ], [ -62.109424, 9.069850 ], [ -62.109989, 9.069172 ], [ -62.110348, 9.068468 ], [ -62.110680, 9.067736 ], [ -62.110943, 9.067004 ], [ -62.111046, 9.066406 ], [ -62.110985, 9.065721 ], [ -62.110790, 9.064933 ], [ -62.110500, 9.063992 ], [ -62.110260, 9.062978 ], [ -62.110130, 9.062309 ], [ -62.109886, 9.061729 ], [ -62.109615, 9.061203 ], [ -62.109184, 9.060670 ], [ -62.108868, 9.059999 ], [ -62.108623, 9.059420 ], [ -62.108425, 9.058795 ], [ -62.108177, 9.058125 ], [ -62.107853, 9.056723 ], [ -62.107723, 9.056126 ], [ -62.107613, 9.055528 ], [ -62.107487, 9.054723 ], [ -62.107426, 9.054081 ], [ -62.107388, 9.053456 ], [ -62.107445, 9.052833 ], [ -62.107418, 9.051340 ], [ -62.107567, 9.050545 ], [ -62.107739, 9.049858 ], [ -62.108097, 9.049082 ], [ -62.108433, 9.048422 ], [ -62.109017, 9.047809 ], [ -62.109577, 9.047448 ], [ -62.110248, 9.047414 ], [ -62.111771, 9.047707 ], [ -62.113430, 9.048217 ], [ -62.114121, 9.048454 ], [ -62.115780, 9.048964 ], [ -62.116356, 9.049247 ], [ -62.117138, 9.049601 ], [ -62.117733, 9.049882 ], [ -62.119255, 9.050384 ], [ -62.120151, 9.050630 ], [ -62.120773, 9.050838 ], [ -62.121902, 9.051294 ], [ -62.122913, 9.051839 ], [ -62.123600, 9.052329 ], [ -62.124146, 9.052864 ], [ -62.124603, 9.053371 ], [ -62.125099, 9.054096 ], [ -62.125530, 9.054649 ], [ -62.126148, 9.055166 ], [ -62.126907, 9.055655 ], [ -62.127552, 9.055965 ], [ -62.129089, 9.056746 ], [ -62.129803, 9.057028 ], [ -62.130443, 9.057356 ], [ -62.131592, 9.058037 ], [ -62.132648, 9.058627 ], [ -62.133614, 9.059100 ], [ -62.134213, 9.059381 ], [ -62.136139, 9.060426 ], [ -62.136967, 9.060889 ], [ -62.137630, 9.061290 ], [ -62.138271, 9.061760 ], [ -62.138798, 9.062134 ], [ -62.139786, 9.062795 ], [ -62.140381, 9.063239 ], [ -62.140858, 9.063702 ], [ -62.141384, 9.064146 ], [ -62.141934, 9.064744 ], [ -62.142502, 9.065397 ], [ -62.143047, 9.066139 ], [ -62.143753, 9.067028 ], [ -62.144249, 9.067761 ], [ -62.144543, 9.068503 ], [ -62.144966, 9.069428 ], [ -62.145302, 9.070260 ], [ -62.145618, 9.070812 ], [ -62.145679, 9.071546 ], [ -62.146141, 9.073138 ], [ -62.146397, 9.074703 ], [ -62.146549, 9.075463 ], [ -62.146675, 9.076223 ], [ -62.146782, 9.077002 ], [ -62.146816, 9.077807 ], [ -62.146690, 9.078521 ], [ -62.146496, 9.079207 ], [ -62.146206, 9.080030 ], [ -62.145893, 9.080871 ], [ -62.145653, 9.081584 ], [ -62.145413, 9.082127 ], [ -62.145145, 9.083112 ], [ -62.144814, 9.083842 ], [ -62.144478, 9.084413 ], [ -62.144104, 9.084909 ], [ -62.143581, 9.085731 ], [ -62.142758, 9.086868 ], [ -62.142307, 9.087455 ], [ -62.141861, 9.087997 ], [ -62.141319, 9.088774 ], [ -62.140823, 9.089459 ], [ -62.140419, 9.090137 ], [ -62.140133, 9.090778 ], [ -62.139866, 9.091619 ], [ -62.139694, 9.092306 ], [ -62.139641, 9.092902 ], [ -62.139606, 9.093843 ], [ -62.139641, 9.094440 ], [ -62.139725, 9.095109 ], [ -62.139831, 9.095841 ], [ -62.139843, 9.096583 ], [ -62.139881, 9.097199 ], [ -62.139988, 9.097868 ], [ -62.140461, 9.098630 ], [ -62.141144, 9.099444 ], [ -62.141735, 9.100305 ], [ -62.143162, 9.102433 ], [ -62.143593, 9.102987 ], [ -62.144642, 9.104264 ], [ -62.145325, 9.105007 ], [ -62.146030, 9.105733 ], [ -62.146534, 9.106132 ], [ -62.147385, 9.106694 ], [ -62.147957, 9.106948 ], [ -62.148811, 9.107267 ], [ -62.149571, 9.107387 ], [ -62.150192, 9.107605 ], [ -62.151714, 9.108033 ], [ -62.153378, 9.108318 ], [ -62.154232, 9.108392 ], [ -62.155018, 9.108430 ], [ -62.157028, 9.108453 ], [ -62.157841, 9.108491 ], [ -62.158443, 9.108475 ], [ -62.159138, 9.108350 ], [ -62.159813, 9.108171 ], [ -62.160488, 9.107820 ], [ -62.160999, 9.107459 ], [ -62.162308, 9.106738 ], [ -62.162842, 9.106468 ], [ -62.163177, 9.105763 ], [ -62.163212, 9.105031 ], [ -62.163010, 9.104388 ], [ -62.162697, 9.103764 ], [ -62.162380, 9.103230 ], [ -62.161728, 9.101863 ], [ -62.161263, 9.100477 ], [ -62.160499, 9.098586 ], [ -62.160141, 9.097779 ], [ -62.159756, 9.097155 ], [ -62.159058, 9.095933 ], [ -62.158741, 9.095280 ], [ -62.158321, 9.094040 ], [ -62.158146, 9.093163 ], [ -62.158249, 9.092493 ], [ -62.158604, 9.091925 ], [ -62.159145, 9.091292 ], [ -62.159801, 9.090615 ], [ -62.160294, 9.090183 ], [ -62.160854, 9.089777 ], [ -62.161648, 9.089309 ], [ -62.162250, 9.089201 ], [ -62.163128, 9.089213 ], [ -62.163799, 9.089269 ], [ -62.165165, 9.089198 ], [ -62.165840, 9.089110 ], [ -62.166626, 9.089058 ], [ -62.167229, 9.089060 ], [ -62.167919, 9.089188 ], [ -62.168865, 9.089316 ], [ -62.169907, 9.089536 ], [ -62.170734, 9.089799 ], [ -62.171356, 9.089928 ], [ -62.172188, 9.090029 ], [ -62.173229, 9.090068 ], [ -62.174202, 9.090079 ], [ -62.174850, 9.090017 ], [ -62.175549, 9.089757 ], [ -62.176266, 9.089560 ], [ -62.177197, 9.089379 ], [ -62.177914, 9.089391 ], [ -62.178654, 9.089384 ], [ -62.179325, 9.089413 ], [ -62.180225, 9.089423 ], [ -62.180851, 9.089388 ], [ -62.182957, 9.089348 ], [ -62.183628, 9.089286 ], [ -62.184349, 9.089089 ], [ -62.185047, 9.088846 ], [ -62.185558, 9.088539 ], [ -62.185936, 9.088034 ], [ -62.186272, 9.087347 ], [ -62.186394, 9.086715 ], [ -62.186356, 9.086019 ], [ -62.186184, 9.085330 ], [ -62.185776, 9.084588 ], [ -62.185211, 9.083755 ], [ -62.184872, 9.083202 ], [ -62.184532, 9.082532 ], [ -62.184261, 9.081952 ], [ -62.184044, 9.081147 ], [ -62.183914, 9.080550 ], [ -62.183933, 9.079121 ], [ -62.183895, 9.078506 ], [ -62.183788, 9.077791 ], [ -62.183544, 9.077059 ], [ -62.183346, 9.076343 ], [ -62.183312, 9.075466 ], [ -62.183323, 9.074779 ], [ -62.183285, 9.074136 ], [ -62.183292, 9.073494 ], [ -62.183277, 9.072852 ], [ -62.183243, 9.072046 ], [ -62.183346, 9.071405 ], [ -62.183586, 9.070791 ], [ -62.184055, 9.070150 ], [ -62.184368, 9.069609 ], [ -62.184746, 9.069057 ], [ -62.185166, 9.068633 ], [ -62.185658, 9.068109 ], [ -62.186127, 9.067631 ], [ -62.186829, 9.067117 ], [ -62.187786, 9.066531 ], [ -62.188461, 9.066289 ], [ -62.189155, 9.066110 ], [ -62.189922, 9.066011 ], [ -62.190708, 9.065977 ], [ -62.191334, 9.066078 ], [ -62.192184, 9.066342 ], [ -62.193451, 9.066771 ], [ -62.194096, 9.067007 ], [ -62.194763, 9.067180 ], [ -62.195664, 9.067371 ], [ -62.196285, 9.067518 ], [ -62.197094, 9.067692 ], [ -62.197811, 9.067793 ], [ -62.198433, 9.067965 ], [ -62.199146, 9.068068 ], [ -62.199955, 9.068141 ], [ -62.201019, 9.068179 ], [ -62.201969, 9.068055 ], [ -62.202831, 9.067795 ], [ -62.203506, 9.067507 ], [ -62.204323, 9.066875 ], [ -62.204933, 9.066334 ], [ -62.205681, 9.065766 ], [ -62.206310, 9.065405 ], [ -62.206871, 9.065044 ], [ -62.207615, 9.064667 ], [ -62.209106, 9.064046 ], [ -62.210060, 9.063596 ], [ -62.210899, 9.063218 ], [ -62.211693, 9.062777 ], [ -62.212345, 9.062344 ], [ -62.213066, 9.062010 ], [ -62.214020, 9.061615 ], [ -62.214741, 9.061417 ], [ -62.215389, 9.061282 ], [ -62.215973, 9.061131 ], [ -62.216877, 9.060987 ], [ -62.217918, 9.060926 ], [ -62.218563, 9.061027 ], [ -62.219139, 9.061200 ], [ -62.219715, 9.061437 ], [ -62.220429, 9.061746 ], [ -62.221142, 9.062072 ], [ -62.221783, 9.062408 ], [ -62.222355, 9.062754 ], [ -62.223114, 9.063316 ], [ -62.223705, 9.063951 ], [ -62.224354, 9.065607 ], [ -62.224552, 9.066186 ], [ -62.224682, 9.066946 ], [ -62.224808, 9.067842 ], [ -62.224979, 9.068809 ], [ -62.225037, 9.069678 ], [ -62.225029, 9.070366 ], [ -62.224926, 9.071035 ], [ -62.224777, 9.071767 ], [ -62.224606, 9.072427 ], [ -62.224411, 9.073232 ], [ -62.224236, 9.074144 ], [ -62.224110, 9.074994 ], [ -62.223793, 9.075997 ], [ -62.223457, 9.076866 ], [ -62.223168, 9.077732 ], [ -62.222858, 9.078465 ], [ -62.222595, 9.079034 ], [ -62.221855, 9.080795 ], [ -62.221588, 9.081483 ], [ -62.221256, 9.082205 ], [ -62.221062, 9.082829 ], [ -62.220798, 9.083552 ], [ -62.220505, 9.084564 ], [ -62.220367, 9.086300 ], [ -62.220333, 9.086951 ], [ -62.220554, 9.087820 ], [ -62.220821, 9.088608 ], [ -62.221065, 9.089414 ], [ -62.221447, 9.090156 ], [ -62.221947, 9.090826 ], [ -62.222469, 9.091434 ], [ -62.223065, 9.091833 ], [ -62.223823, 9.092322 ], [ -62.224651, 9.092676 ], [ -62.225598, 9.093013 ], [ -62.226448, 9.093205 ], [ -62.227302, 9.093352 ], [ -62.227928, 9.093407 ], [ -62.228600, 9.093418 ], [ -62.229500, 9.093546 ], [ -62.230679, 9.093557 ], [ -62.231998, 9.093515 ], [ -62.232601, 9.093516 ], [ -62.233871, 9.093555 ], [ -62.234794, 9.093757 ], [ -62.235371, 9.093965 ], [ -62.236336, 9.094393 ], [ -62.237301, 9.094866 ], [ -62.237988, 9.095319 ], [ -62.238491, 9.095780 ], [ -62.239037, 9.096406 ], [ -62.240036, 9.097801 ], [ -62.240765, 9.098635 ], [ -62.241360, 9.099260 ], [ -62.242478, 9.100285 ], [ -62.243004, 9.100801 ], [ -62.243527, 9.101426 ], [ -62.243984, 9.101889 ], [ -62.244369, 9.102359 ], [ -62.244732, 9.102839 ], [ -62.245236, 9.103329 ], [ -62.245739, 9.103773 ], [ -62.246429, 9.104200 ], [ -62.247116, 9.104527 ], [ -62.247623, 9.104853 ], [ -62.248768, 9.105560 ], [ -62.249779, 9.106151 ], [ -62.250309, 9.106450 ], [ -62.250973, 9.106850 ], [ -62.251476, 9.107185 ], [ -62.252350, 9.107603 ], [ -62.253269, 9.108148 ], [ -62.254188, 9.108710 ], [ -62.255058, 9.109155 ], [ -62.255909, 9.109673 ], [ -62.256573, 9.110234 ], [ -62.257031, 9.110652 ], [ -62.257855, 9.111331 ], [ -62.258381, 9.111731 ], [ -62.259708, 9.112664 ], [ -62.260326, 9.113154 ], [ -62.261566, 9.114024 ], [ -62.262207, 9.114470 ], [ -62.262825, 9.114841 ], [ -62.263619, 9.116073 ], [ -62.263885, 9.116761 ], [ -62.263970, 9.117475 ], [ -62.263912, 9.118254 ], [ -62.263718, 9.119122 ], [ -62.263394, 9.120676 ], [ -62.262955, 9.122258 ], [ -62.262619, 9.123334 ], [ -62.262402, 9.123903 ], [ -62.262138, 9.124473 ], [ -62.261803, 9.125277 ], [ -62.261379, 9.125773 ], [ -62.260861, 9.126523 ], [ -62.260506, 9.127210 ], [ -62.260266, 9.127751 ], [ -62.260002, 9.128439 ], [ -62.259735, 9.129216 ], [ -62.259327, 9.130354 ], [ -62.258942, 9.131385 ], [ -62.258888, 9.132008 ], [ -62.258995, 9.132651 ], [ -62.259377, 9.133502 ], [ -62.259743, 9.133991 ], [ -62.260311, 9.134481 ], [ -62.261074, 9.134654 ], [ -62.261673, 9.134818 ], [ -62.262550, 9.134974 ], [ -62.263432, 9.134840 ], [ -62.264431, 9.134471 ], [ -62.265453, 9.134138 ], [ -62.266079, 9.134049 ], [ -62.267105, 9.133563 ], [ -62.268154, 9.133167 ], [ -62.268894, 9.133033 ], [ -62.270702, 9.132901 ], [ -62.271789, 9.132704 ], [ -62.273598, 9.132572 ], [ -62.274689, 9.132475 ], [ -62.275311, 9.132476 ], [ -62.275936, 9.132513 ], [ -62.276840, 9.132524 ], [ -62.277603, 9.132581 ], [ -62.279312, 9.132647 ], [ -62.281509, 9.132905 ], [ -62.282177, 9.133032 ], [ -62.283051, 9.133342 ], [ -62.283787, 9.133722 ], [ -62.285076, 9.134422 ], [ -62.285740, 9.134803 ], [ -62.287372, 9.135647 ], [ -62.288105, 9.136074 ], [ -62.288910, 9.136591 ], [ -62.289642, 9.136991 ], [ -62.290378, 9.137435 ], [ -62.291020, 9.137907 ], [ -62.291523, 9.138369 ], [ -62.292324, 9.138931 ], [ -62.293175, 9.139358 ], [ -62.293911, 9.139594 ], [ -62.294651, 9.139722 ], [ -62.295345, 9.139796 ], [ -62.296062, 9.139852 ], [ -62.296963, 9.139909 ], [ -62.297749, 9.139918 ], [ -62.298538, 9.139884 ], [ -62.299141, 9.139731 ], [ -62.299675, 9.139469 ], [ -62.300377, 9.139109 ], [ -62.301102, 9.138613 ], [ -62.301826, 9.138044 ], [ -62.302689, 9.137512 ], [ -62.303600, 9.136882 ], [ -62.304348, 9.136340 ], [ -62.305096, 9.135818 ], [ -62.305866, 9.135321 ], [ -62.306541, 9.134826 ], [ -62.307083, 9.134375 ], [ -62.308067, 9.133381 ], [ -62.308628, 9.132948 ], [ -62.309189, 9.132641 ], [ -62.309982, 9.132164 ], [ -62.310680, 9.131784 ], [ -62.311215, 9.131515 ], [ -62.311917, 9.131137 ], [ -62.312473, 9.130894 ], [ -62.314331, 9.130363 ], [ -62.315029, 9.130238 ], [ -62.315796, 9.130067 ], [ -62.316513, 9.130005 ], [ -62.317368, 9.130043 ], [ -62.318134, 9.129998 ], [ -62.319081, 9.129973 ], [ -62.320515, 9.130040 ], [ -62.322689, 9.130207 ], [ -62.323383, 9.130235 ], [ -62.324123, 9.130291 ], [ -62.324791, 9.130482 ], [ -62.325409, 9.130863 ], [ -62.325890, 9.131207 ], [ -62.326534, 9.131724 ], [ -62.326828, 9.132258 ], [ -62.327095, 9.132928 ], [ -62.327125, 9.134005 ], [ -62.327091, 9.134963 ], [ -62.327034, 9.135588 ], [ -62.326572, 9.137395 ], [ -62.326355, 9.138145 ], [ -62.326157, 9.138923 ], [ -62.326012, 9.139565 ], [ -62.325687, 9.141310 ], [ -62.325535, 9.142314 ], [ -62.325386, 9.142910 ], [ -62.325306, 9.143641 ], [ -62.325237, 9.145388 ], [ -62.325230, 9.145986 ], [ -62.325264, 9.146898 ], [ -62.325302, 9.149178 ], [ -62.325226, 9.149819 ], [ -62.325142, 9.150661 ], [ -62.324989, 9.151537 ], [ -62.324936, 9.152406 ], [ -62.324924, 9.153210 ], [ -62.324959, 9.154016 ], [ -62.325039, 9.154794 ], [ -62.325123, 9.155391 ], [ -62.325348, 9.156061 ], [ -62.325546, 9.156847 ], [ -62.326054, 9.158739 ], [ -62.326019, 9.159444 ], [ -62.325756, 9.160059 ], [ -62.325539, 9.160746 ], [ -62.324963, 9.162228 ], [ -62.324455, 9.163719 ], [ -62.324169, 9.164406 ], [ -62.323952, 9.165085 ], [ -62.323780, 9.165726 ], [ -62.323315, 9.167652 ], [ -62.323189, 9.168502 ], [ -62.323017, 9.169088 ], [ -62.322590, 9.170029 ], [ -62.321995, 9.171140 ], [ -62.321160, 9.173038 ], [ -62.320469, 9.174356 ], [ -62.319927, 9.175361 ], [ -62.319550, 9.175911 ], [ -62.319100, 9.176588 ], [ -62.318699, 9.177068 ], [ -62.318016, 9.177951 ], [ -62.317356, 9.178702 ], [ -62.316864, 9.179180 ], [ -62.316349, 9.179559 ], [ -62.315319, 9.180398 ], [ -62.313732, 9.181588 ], [ -62.312939, 9.182021 ], [ -62.312332, 9.182309 ], [ -62.311378, 9.182642 ], [ -62.309845, 9.183056 ], [ -62.309101, 9.183326 ], [ -62.308311, 9.183659 ], [ -62.307609, 9.184055 ], [ -62.306866, 9.184416 ], [ -62.306168, 9.184821 ], [ -62.305630, 9.185092 ], [ -62.305023, 9.185307 ], [ -62.304306, 9.185487 ], [ -62.303631, 9.185730 ], [ -62.303001, 9.186081 ], [ -62.301785, 9.187128 ], [ -62.301010, 9.187868 ], [ -62.300587, 9.188392 ], [ -62.300137, 9.188988 ], [ -62.299782, 9.189648 ], [ -62.299469, 9.190425 ], [ -62.299252, 9.191156 ], [ -62.299171, 9.191890 ], [ -62.299229, 9.192712 ], [ -62.299381, 9.193545 ], [ -62.299625, 9.194350 ], [ -62.299847, 9.194947 ], [ -62.300022, 9.195689 ], [ -62.300285, 9.196838 ], [ -62.300434, 9.197734 ], [ -62.300541, 9.198512 ], [ -62.300717, 9.199227 ], [ -62.300869, 9.199942 ], [ -62.301067, 9.200640 ], [ -62.301239, 9.201398 ], [ -62.301369, 9.202249 ], [ -62.301510, 9.203759 ], [ -62.301479, 9.204402 ], [ -62.301396, 9.205206 ], [ -62.301434, 9.206129 ], [ -62.301445, 9.206771 ], [ -62.301434, 9.207549 ], [ -62.301495, 9.208146 ], [ -62.301628, 9.208772 ], [ -62.301964, 9.209649 ], [ -62.302303, 9.210183 ], [ -62.302803, 9.210663 ], [ -62.303604, 9.211370 ], [ -62.304245, 9.211967 ], [ -62.304817, 9.212441 ], [ -62.305458, 9.213046 ], [ -62.306965, 9.214534 ], [ -62.307373, 9.215067 ], [ -62.307598, 9.215619 ], [ -62.307678, 9.216453 ], [ -62.307411, 9.217455 ], [ -62.306603, 9.219118 ], [ -62.306130, 9.219714 ], [ -62.305637, 9.220093 ], [ -62.305195, 9.220526 ], [ -62.304539, 9.221111 ], [ -62.303719, 9.221717 ], [ -62.303066, 9.222167 ], [ -62.302315, 9.222754 ], [ -62.301708, 9.223206 ], [ -62.300564, 9.223908 ], [ -62.299866, 9.224215 ], [ -62.298626, 9.225026 ], [ -62.298275, 9.225569 ], [ -62.297989, 9.226255 ], [ -62.297814, 9.227195 ], [ -62.297756, 9.227910 ], [ -62.297863, 9.228525 ], [ -62.298015, 9.229220 ], [ -62.298237, 9.229938 ], [ -62.298481, 9.230652 ], [ -62.298817, 9.231413 ], [ -62.299110, 9.232145 ], [ -62.299286, 9.232724 ], [ -62.299488, 9.233303 ], [ -62.299828, 9.233883 ], [ -62.300278, 9.234616 ], [ -62.301300, 9.236129 ], [ -62.301754, 9.236843 ], [ -62.302479, 9.237913 ], [ -62.302933, 9.238555 ], [ -62.303250, 9.239073 ], [ -62.303684, 9.239624 ], [ -62.304207, 9.240367 ], [ -62.304524, 9.240947 ], [ -62.305210, 9.241482 ], [ -62.305828, 9.241880 ], [ -62.306446, 9.242298 ], [ -62.307045, 9.242634 ], [ -62.307621, 9.242915 ], [ -62.308335, 9.243196 ], [ -62.309048, 9.243506 ], [ -62.309948, 9.243770 ], [ -62.310520, 9.243988 ], [ -62.312477, 9.244996 ], [ -62.313095, 9.245377 ], [ -62.313667, 9.245866 ], [ -62.314262, 9.246428 ], [ -62.314808, 9.247026 ], [ -62.315220, 9.247515 ], [ -62.315647, 9.248303 ], [ -62.315895, 9.248927 ], [ -62.316071, 9.249732 ], [ -62.316154, 9.250348 ], [ -62.316284, 9.250999 ], [ -62.316437, 9.251660 ], [ -62.316254, 9.253106 ], [ -62.316197, 9.253984 ], [ -62.316349, 9.254671 ], [ -62.316528, 9.255251 ], [ -62.316654, 9.256056 ], [ -62.316833, 9.256653 ], [ -62.317169, 9.257233 ], [ -62.317810, 9.257785 ], [ -62.318653, 9.258167 ], [ -62.319122, 9.258448 ], [ -62.321712, 9.260479 ], [ -62.322285, 9.260905 ], [ -62.322811, 9.261250 ], [ -62.323475, 9.261902 ], [ -62.323929, 9.262464 ], [ -62.324474, 9.263251 ], [ -62.324673, 9.263849 ], [ -62.324848, 9.264636 ], [ -62.324654, 9.265550 ], [ -62.324524, 9.266282 ], [ -62.324444, 9.267150 ], [ -62.324387, 9.267955 ], [ -62.324329, 9.268895 ], [ -62.324318, 9.269609 ], [ -62.324352, 9.270505 ], [ -62.324268, 9.271419 ], [ -62.324261, 9.272087 ], [ -62.324299, 9.272820 ], [ -62.324429, 9.273490 ], [ -62.324650, 9.274222 ], [ -62.324871, 9.274847 ], [ -62.325069, 9.275634 ], [ -62.325195, 9.276592 ], [ -62.325371, 9.277246 ], [ -62.325783, 9.279426 ], [ -62.325924, 9.280899 ], [ -62.326202, 9.282673 ], [ -62.326355, 9.283360 ], [ -62.326416, 9.283984 ], [ -62.326035, 9.284916 ], [ -62.325653, 9.285466 ], [ -62.325226, 9.286235 ], [ -62.324894, 9.286758 ], [ -62.324444, 9.287508 ], [ -62.324043, 9.288104 ], [ -62.323479, 9.288972 ], [ -62.323074, 9.289632 ], [ -62.322719, 9.290263 ], [ -62.322365, 9.290859 ], [ -62.321537, 9.292224 ], [ -62.321156, 9.292820 ], [ -62.320801, 9.293290 ], [ -62.320492, 9.293886 ], [ -62.320415, 9.294528 ], [ -62.320522, 9.295171 ], [ -62.320835, 9.295885 ], [ -62.321175, 9.296465 ], [ -62.321541, 9.296972 ], [ -62.322040, 9.297534 ], [ -62.322750, 9.298213 ], [ -62.323277, 9.298631 ], [ -62.324005, 9.299373 ], [ -62.324486, 9.299790 ], [ -62.325218, 9.300469 ], [ -62.325653, 9.300887 ], [ -62.326427, 9.301748 ], [ -62.327545, 9.302953 ], [ -62.328255, 9.303768 ], [ -62.329056, 9.304447 ], [ -62.330242, 9.305798 ], [ -62.330925, 9.306604 ], [ -62.331398, 9.307418 ], [ -62.331898, 9.308179 ], [ -62.333103, 9.309891 ], [ -62.333599, 9.310678 ], [ -62.334122, 9.311539 ], [ -62.334709, 9.312463 ], [ -62.335461, 9.313458 ], [ -62.336143, 9.314346 ], [ -62.336575, 9.314926 ], [ -62.336941, 9.315452 ], [ -62.337505, 9.316339 ], [ -62.337955, 9.317262 ], [ -62.338203, 9.317949 ], [ -62.338447, 9.318547 ], [ -62.338692, 9.319425 ], [ -62.339085, 9.321062 ], [ -62.339287, 9.321705 ], [ -62.339394, 9.322375 ], [ -62.339588, 9.323271 ], [ -62.340103, 9.324518 ], [ -62.340569, 9.326067 ], [ -62.341175, 9.327452 ], [ -62.341530, 9.328782 ], [ -62.341831, 9.330438 ], [ -62.341984, 9.331089 ], [ -62.342064, 9.331848 ], [ -62.341919, 9.332526 ], [ -62.341763, 9.333793 ], [ -62.341660, 9.334454 ], [ -62.341324, 9.335464 ], [ -62.341102, 9.336306 ], [ -62.340908, 9.336904 ], [ -62.328095, 9.347669 ], [ -62.327469, 9.348011 ], [ -62.326355, 9.348669 ], [ -62.324539, 9.349760 ], [ -62.323891, 9.350094 ], [ -62.322682, 9.350869 ], [ -62.322193, 9.351230 ], [ -62.321472, 9.351781 ], [ -62.320469, 9.352963 ], [ -62.319607, 9.354182 ], [ -62.319160, 9.354887 ], [ -62.318432, 9.356287 ], [ -62.317963, 9.357127 ], [ -62.317684, 9.357678 ], [ -62.317585, 9.358393 ], [ -62.317738, 9.359867 ], [ -62.317825, 9.360464 ], [ -62.317959, 9.361179 ], [ -62.318207, 9.361804 ], [ -62.318665, 9.362673 ], [ -62.319168, 9.363398 ], [ -62.319855, 9.364322 ], [ -62.320221, 9.364828 ], [ -62.320725, 9.365500 ], [ -62.321068, 9.366005 ], [ -62.321411, 9.366540 ], [ -62.321800, 9.367092 ], [ -62.322376, 9.367853 ], [ -62.322834, 9.368433 ], [ -62.323315, 9.369013 ], [ -62.323868, 9.369538 ], [ -62.324509, 9.370100 ], [ -62.326004, 9.371188 ], [ -62.326904, 9.371814 ], [ -62.327709, 9.372395 ], [ -62.329392, 9.373447 ], [ -62.330196, 9.373865 ], [ -62.331184, 9.374517 ], [ -62.332775, 9.375470 ], [ -62.333835, 9.376078 ], [ -62.335796, 9.377058 ], [ -62.338032, 9.378012 ], [ -62.338562, 9.378293 ], [ -62.339138, 9.378648 ], [ -62.339851, 9.379182 ], [ -62.340839, 9.379944 ], [ -62.342014, 9.380824 ], [ -62.342545, 9.381268 ], [ -62.343094, 9.381820 ], [ -62.343716, 9.382590 ], [ -62.344082, 9.383070 ], [ -62.344975, 9.384438 ], [ -62.345501, 9.385199 ], [ -62.346027, 9.386004 ], [ -62.346920, 9.387327 ], [ -62.347446, 9.387997 ], [ -62.348591, 9.389563 ], [ -62.349556, 9.390840 ], [ -62.350037, 9.391411 ], [ -62.350540, 9.392154 ], [ -62.350818, 9.392723 ], [ -62.351322, 9.393466 ], [ -62.351711, 9.394244 ], [ -62.352032, 9.394824 ], [ -62.352490, 9.395431 ], [ -62.352974, 9.395803 ], [ -62.353756, 9.396265 ], [ -62.354771, 9.396710 ], [ -62.355484, 9.397038 ], [ -62.356087, 9.397228 ], [ -62.356918, 9.397276 ], [ -62.357544, 9.397213 ], [ -62.358330, 9.397061 ], [ -62.359119, 9.396854 ], [ -62.359860, 9.396630 ], [ -62.360416, 9.396495 ], [ -62.361111, 9.396341 ], [ -62.362480, 9.395965 ], [ -62.363266, 9.395758 ], [ -62.364197, 9.395442 ], [ -62.364914, 9.395245 ], [ -62.365566, 9.394948 ], [ -62.366165, 9.394796 ], [ -62.367557, 9.394482 ], [ -62.368229, 9.394375 ], [ -62.368854, 9.394240 ], [ -62.369480, 9.394150 ], [ -62.370338, 9.393908 ], [ -62.370987, 9.393818 ], [ -62.371746, 9.393965 ], [ -62.372440, 9.394174 ], [ -62.373135, 9.394410 ], [ -62.373848, 9.394737 ], [ -62.374630, 9.395226 ], [ -62.376591, 9.396523 ], [ -62.377140, 9.396940 ], [ -62.378018, 9.397684 ], [ -62.378498, 9.398172 ], [ -62.378983, 9.398499 ], [ -62.379486, 9.398826 ], [ -62.380226, 9.399216 ], [ -62.382023, 9.400313 ], [ -62.382576, 9.400595 ], [ -62.384007, 9.401158 ], [ -62.384674, 9.401413 ], [ -62.385345, 9.401604 ], [ -62.386109, 9.401768 ], [ -62.387169, 9.401933 ], [ -62.387840, 9.402006 ], [ -62.388836, 9.402153 ], [ -62.390152, 9.402281 ], [ -62.390938, 9.402327 ], [ -62.391518, 9.402383 ], [ -62.392258, 9.402385 ], [ -62.392879, 9.402458 ], [ -62.393646, 9.402486 ], [ -62.394337, 9.402605 ], [ -62.395031, 9.402705 ], [ -62.396435, 9.403703 ], [ -62.397217, 9.404355 ], [ -62.397934, 9.404728 ], [ -62.398483, 9.405127 ], [ -62.398991, 9.405543 ], [ -62.399589, 9.405888 ], [ -62.400120, 9.406169 ], [ -62.400810, 9.406469 ], [ -62.401482, 9.406796 ], [ -62.402126, 9.407032 ], [ -62.402679, 9.407476 ], [ -62.403393, 9.408101 ], [ -62.403782, 9.408518 ], [ -62.404747, 9.409487 ], [ -62.405277, 9.409949 ], [ -62.405964, 9.410828 ], [ -62.406445, 9.411363 ], [ -62.407387, 9.412179 ], [ -62.407734, 9.412704 ], [ -62.408074, 9.413446 ], [ -62.408409, 9.414893 ], [ -62.408569, 9.415635 ], [ -62.408772, 9.416440 ], [ -62.408951, 9.417218 ], [ -62.409195, 9.418485 ], [ -62.409050, 9.419661 ], [ -62.408436, 9.421305 ], [ -62.408154, 9.421884 ], [ -62.407944, 9.422453 ], [ -62.407471, 9.423511 ], [ -62.407093, 9.424468 ], [ -62.406696, 9.425390 ], [ -62.406387, 9.426187 ], [ -62.405979, 9.428347 ], [ -62.405743, 9.429241 ], [ -62.405437, 9.430018 ], [ -62.405037, 9.431122 ], [ -62.404495, 9.432432 ], [ -62.404350, 9.433092 ], [ -62.404137, 9.433779 ], [ -62.403946, 9.434719 ], [ -62.403889, 9.436284 ], [ -62.403790, 9.436954 ], [ -62.403622, 9.438327 ], [ -62.403522, 9.438997 ], [ -62.403141, 9.440560 ], [ -62.402996, 9.441520 ], [ -62.402851, 9.442252 ], [ -62.402683, 9.442993 ], [ -62.402512, 9.444295 ], [ -62.402370, 9.445055 ], [ -62.402241, 9.446692 ], [ -62.402031, 9.447468 ], [ -62.401741, 9.449123 ], [ -62.401520, 9.450796 ], [ -62.401420, 9.451628 ], [ -62.401317, 9.453138 ], [ -62.401142, 9.455029 ], [ -62.401070, 9.455644 ], [ -62.400993, 9.456566 ], [ -62.400848, 9.457181 ], [ -62.400612, 9.457894 ], [ -62.400261, 9.458672 ], [ -62.399910, 9.459476 ], [ -62.399460, 9.460389 ], [ -62.399086, 9.461057 ], [ -62.398338, 9.462195 ], [ -62.397384, 9.463044 ], [ -62.397030, 9.463821 ], [ -62.396797, 9.464391 ], [ -62.396576, 9.466091 ], [ -62.396481, 9.466688 ], [ -62.396431, 9.467330 ], [ -62.396401, 9.468180 ], [ -62.396454, 9.470341 ], [ -62.396542, 9.471128 ], [ -62.396557, 9.472051 ], [ -62.396667, 9.472756 ], [ -62.396824, 9.473362 ], [ -62.397030, 9.474006 ], [ -62.397278, 9.474602 ], [ -62.397484, 9.475182 ], [ -62.397713, 9.475734 ], [ -62.397984, 9.476331 ], [ -62.398258, 9.477001 ], [ -62.398621, 9.477715 ], [ -62.398991, 9.478295 ], [ -62.399357, 9.478829 ], [ -62.399673, 9.479445 ], [ -62.399948, 9.480052 ], [ -62.400383, 9.480858 ], [ -62.401253, 9.482243 ], [ -62.401848, 9.482931 ], [ -62.403229, 9.484462 ], [ -62.403778, 9.485131 ], [ -62.404766, 9.485902 ], [ -62.405274, 9.486338 ], [ -62.405826, 9.486691 ], [ -62.406334, 9.486991 ], [ -62.406910, 9.487289 ], [ -62.407532, 9.487553 ], [ -62.408226, 9.487690 ], [ -62.409889, 9.488118 ], [ -62.410629, 9.488292 ], [ -62.411274, 9.488428 ], [ -62.411854, 9.488574 ], [ -62.412525, 9.488621 ], [ -62.413219, 9.488693 ], [ -62.414120, 9.488586 ], [ -62.414955, 9.488407 ], [ -62.415512, 9.488228 ], [ -62.416347, 9.487984 ], [ -62.417160, 9.487715 ], [ -62.417740, 9.487507 ], [ -62.418297, 9.487283 ], [ -62.418968, 9.486967 ], [ -62.419712, 9.486650 ], [ -62.421917, 9.485678 ], [ -62.422588, 9.485335 ], [ -62.424053, 9.484732 ], [ -62.424747, 9.484525 ], [ -62.425491, 9.484390 ], [ -62.426090, 9.484328 ], [ -62.426693, 9.484311 ], [ -62.428127, 9.484322 ], [ -62.428799, 9.484442 ], [ -62.429493, 9.484587 ], [ -62.430161, 9.484678 ], [ -62.430927, 9.484798 ], [ -62.431480, 9.484988 ], [ -62.432125, 9.485360 ], [ -62.433418, 9.485923 ], [ -62.433949, 9.486250 ], [ -62.434525, 9.486712 ], [ -62.435165, 9.487247 ], [ -62.435764, 9.487663 ], [ -62.436295, 9.488080 ], [ -62.436802, 9.488498 ], [ -62.437328, 9.489104 ], [ -62.438385, 9.490417 ], [ -62.438797, 9.491069 ], [ -62.439232, 9.491712 ], [ -62.439644, 9.492517 ], [ -62.439983, 9.493396 ], [ -62.440689, 9.495060 ], [ -62.441006, 9.496074 ], [ -62.441231, 9.497132 ], [ -62.441223, 9.497983 ], [ -62.441128, 9.498788 ], [ -62.440811, 9.500686 ], [ -62.440739, 9.501328 ], [ -62.440407, 9.502892 ], [ -62.440170, 9.503489 ], [ -62.439934, 9.504013 ], [ -62.439606, 9.504636 ], [ -62.439346, 9.505432 ], [ -62.439110, 9.506029 ], [ -62.438850, 9.506562 ], [ -62.438545, 9.507429 ], [ -62.438259, 9.508415 ], [ -62.437874, 9.510550 ], [ -62.437729, 9.511246 ], [ -62.437656, 9.511842 ], [ -62.437599, 9.513351 ], [ -62.437428, 9.514962 ], [ -62.437325, 9.516481 ], [ -62.437321, 9.517259 ], [ -62.437355, 9.518705 ], [ -62.437420, 9.519330 ], [ -62.437599, 9.520018 ], [ -62.437828, 9.520805 ], [ -62.438122, 9.521610 ], [ -62.438419, 9.522281 ], [ -62.439060, 9.523430 ], [ -62.439312, 9.523963 ], [ -62.439724, 9.524498 ], [ -62.440067, 9.524960 ], [ -62.440617, 9.525513 ], [ -62.441147, 9.526182 ], [ -62.441833, 9.527243 ], [ -62.442150, 9.528011 ], [ -62.442471, 9.528727 ], [ -62.442814, 9.529324 ], [ -62.443226, 9.530011 ], [ -62.443634, 9.531008 ], [ -62.443794, 9.531559 ], [ -62.443970, 9.532961 ], [ -62.444035, 9.533703 ], [ -62.444115, 9.535403 ], [ -62.444111, 9.536001 ], [ -62.444199, 9.536778 ], [ -62.444214, 9.537836 ], [ -62.444111, 9.539121 ], [ -62.444130, 9.539700 ], [ -62.444122, 9.540939 ], [ -62.444023, 9.541771 ], [ -62.443855, 9.542413 ], [ -62.443550, 9.543326 ], [ -62.443363, 9.543949 ], [ -62.443054, 9.544771 ], [ -62.442772, 9.545621 ], [ -62.442467, 9.546263 ], [ -62.442070, 9.546832 ], [ -62.441342, 9.548161 ], [ -62.440777, 9.549281 ], [ -62.440426, 9.550086 ], [ -62.440121, 9.550845 ], [ -62.439766, 9.551685 ], [ -62.439529, 9.552282 ], [ -62.439178, 9.552923 ], [ -62.438736, 9.553610 ], [ -62.437939, 9.555101 ], [ -62.437351, 9.555996 ], [ -62.436909, 9.556745 ], [ -62.436203, 9.558029 ], [ -62.435760, 9.558761 ], [ -62.435337, 9.559492 ], [ -62.434940, 9.560134 ], [ -62.433884, 9.562058 ], [ -62.433369, 9.563026 ], [ -62.432831, 9.563910 ], [ -62.432339, 9.564696 ], [ -62.431965, 9.565131 ], [ -62.431408, 9.565582 ], [ -62.430824, 9.566087 ], [ -62.430336, 9.566538 ], [ -62.429890, 9.567089 ], [ -62.428795, 9.568572 ], [ -62.428188, 9.569240 ], [ -62.427746, 9.569646 ], [ -62.427185, 9.570287 ], [ -62.425758, 9.572184 ], [ -62.425362, 9.572753 ], [ -62.424869, 9.573512 ], [ -62.424355, 9.574198 ], [ -62.423912, 9.574651 ], [ -62.423332, 9.575183 ], [ -62.421353, 9.576635 ], [ -62.420605, 9.577322 ], [ -62.419861, 9.578097 ], [ -62.419254, 9.578785 ], [ -62.418625, 9.579444 ], [ -62.418137, 9.579877 ], [ -62.416763, 9.580896 ], [ -62.416344, 9.581285 ], [ -62.415829, 9.581863 ], [ -62.415245, 9.582684 ], [ -62.414780, 9.583181 ], [ -62.414360, 9.583597 ], [ -62.413917, 9.584003 ], [ -62.413475, 9.584554 ], [ -62.413006, 9.585267 ], [ -62.412537, 9.585927 ], [ -62.411884, 9.586822 ], [ -62.411511, 9.587318 ], [ -62.410881, 9.588078 ], [ -62.409920, 9.589514 ], [ -62.409451, 9.590408 ], [ -62.408981, 9.591330 ], [ -62.408699, 9.591826 ], [ -62.408375, 9.592314 ], [ -62.407837, 9.592974 ], [ -62.407112, 9.593704 ], [ -62.406460, 9.594437 ], [ -62.405899, 9.595214 ], [ -62.405499, 9.595919 ], [ -62.405079, 9.596469 ], [ -62.404426, 9.597038 ], [ -62.403660, 9.597678 ], [ -62.403145, 9.598130 ], [ -62.402424, 9.598798 ], [ -62.401981, 9.599295 ], [ -62.401371, 9.600072 ], [ -62.400833, 9.600903 ], [ -62.400437, 9.601589 ], [ -62.400017, 9.602068 ], [ -62.398991, 9.603206 ], [ -62.398311, 9.603892 ], [ -62.397705, 9.604713 ], [ -62.397285, 9.605400 ], [ -62.396748, 9.606205 ], [ -62.396046, 9.607026 ], [ -62.395092, 9.607802 ], [ -62.394604, 9.608136 ], [ -62.393395, 9.608939 ], [ -62.392834, 9.609435 ], [ -62.392414, 9.609850 ], [ -62.392017, 9.610284 ], [ -62.391434, 9.611105 ], [ -62.391014, 9.611657 ], [ -62.390617, 9.612136 ], [ -62.390148, 9.612615 ], [ -62.389568, 9.613183 ], [ -62.388962, 9.613589 ], [ -62.388405, 9.613841 ], [ -62.387802, 9.614139 ], [ -62.387081, 9.614590 ], [ -62.386334, 9.615140 ], [ -62.385681, 9.615772 ], [ -62.385098, 9.616440 ], [ -62.384491, 9.617008 ], [ -62.383839, 9.617596 ], [ -62.383328, 9.618174 ], [ -62.382671, 9.619014 ], [ -62.382179, 9.619790 ], [ -62.381874, 9.620622 ], [ -62.381592, 9.621281 ], [ -62.381260, 9.622175 ], [ -62.380909, 9.623053 ], [ -62.380714, 9.623948 ], [ -62.380524, 9.624770 ], [ -62.380474, 9.625340 ], [ -62.380493, 9.626081 ], [ -62.380554, 9.627050 ], [ -62.380543, 9.628633 ], [ -62.380516, 9.629347 ], [ -62.380463, 9.630106 ], [ -62.380363, 9.631020 ], [ -62.380173, 9.631915 ], [ -62.379909, 9.632854 ], [ -62.379410, 9.634897 ], [ -62.379173, 9.636001 ], [ -62.379093, 9.637032 ], [ -62.378735, 9.638641 ], [ -62.378235, 9.640594 ], [ -62.377949, 9.642103 ], [ -62.377872, 9.642908 ], [ -62.377915, 9.643696 ], [ -62.377857, 9.644745 ], [ -62.377785, 9.645368 ], [ -62.377705, 9.646906 ], [ -62.377411, 9.648976 ], [ -62.377094, 9.651525 ], [ -62.376831, 9.652375 ], [ -62.376549, 9.653198 ], [ -62.376404, 9.653885 ], [ -62.376373, 9.654717 ], [ -62.376369, 9.655404 ], [ -62.376389, 9.655974 ], [ -62.376381, 9.657061 ], [ -62.376282, 9.658000 ], [ -62.376186, 9.658732 ], [ -62.376064, 9.659356 ], [ -62.375923, 9.659998 ], [ -62.375519, 9.661445 ], [ -62.375442, 9.662014 ], [ -62.375252, 9.662801 ], [ -62.375111, 9.663623 ], [ -62.374824, 9.664401 ], [ -62.374496, 9.665043 ], [ -62.373982, 9.665864 ], [ -62.373535, 9.666551 ], [ -62.372997, 9.667237 ], [ -62.372601, 9.667906 ], [ -62.372272, 9.668385 ], [ -62.371830, 9.668890 ], [ -62.371365, 9.669369 ], [ -62.370945, 9.669866 ], [ -62.370751, 9.671032 ], [ -62.370243, 9.672098 ], [ -62.369663, 9.672947 ], [ -62.369198, 9.673759 ], [ -62.368839, 9.674275 ], [ -62.368412, 9.674816 ], [ -62.367870, 9.675377 ], [ -62.367535, 9.675891 ], [ -62.367165, 9.676777 ], [ -62.366905, 9.677563 ], [ -62.366696, 9.678350 ], [ -62.366413, 9.679163 ], [ -62.365807, 9.680763 ], [ -62.365589, 9.681478 ], [ -62.365398, 9.682055 ], [ -62.365231, 9.682824 ], [ -62.364849, 9.683312 ], [ -62.364246, 9.684196 ], [ -62.363674, 9.684558 ], [ -62.363060, 9.685055 ], [ -62.362270, 9.685839 ], [ -62.361866, 9.686309 ], [ -62.360733, 9.687455 ], [ -62.360237, 9.688024 ], [ -62.359787, 9.688494 ], [ -62.359104, 9.688991 ], [ -62.358532, 9.689278 ], [ -62.357895, 9.689666 ], [ -62.357185, 9.690206 ], [ -62.356670, 9.690848 ], [ -62.355766, 9.691714 ], [ -62.353897, 9.693050 ], [ -62.353424, 9.693501 ], [ -62.352680, 9.694341 ], [ -62.352302, 9.694901 ], [ -62.351898, 9.695470 ], [ -62.351471, 9.695957 ], [ -62.350994, 9.696363 ], [ -62.350445, 9.696671 ], [ -62.349876, 9.697148 ], [ -62.349518, 9.697681 ], [ -62.348911, 9.698459 ], [ -62.348144, 9.699279 ], [ -62.347217, 9.700200 ], [ -62.345741, 9.701409 ], [ -62.345127, 9.701860 ], [ -62.344471, 9.702401 ], [ -62.343701, 9.703134 ], [ -62.342838, 9.703845 ], [ -62.342113, 9.704531 ], [ -62.341320, 9.705245 ], [ -62.339687, 9.706662 ], [ -62.339211, 9.707058 ], [ -62.338688, 9.707555 ], [ -62.338051, 9.708060 ], [ -62.337368, 9.708510 ], [ -62.336529, 9.709169 ], [ -62.335869, 9.709765 ], [ -62.335369, 9.710144 ], [ -62.334827, 9.710758 ], [ -62.334179, 9.711625 ], [ -62.333775, 9.712203 ], [ -62.333187, 9.712861 ], [ -62.332645, 9.713386 ], [ -62.332100, 9.713837 ], [ -62.330742, 9.715063 ], [ -62.330059, 9.715650 ], [ -62.329586, 9.716074 ], [ -62.329086, 9.716617 ], [ -62.328457, 9.717276 ], [ -62.327801, 9.717935 ], [ -62.327282, 9.718594 ], [ -62.326611, 9.719578 ], [ -62.325810, 9.720788 ], [ -62.325451, 9.721303 ], [ -62.325046, 9.721863 ], [ -62.324486, 9.722594 ], [ -62.323856, 9.723434 ], [ -62.323189, 9.724437 ], [ -62.322811, 9.725087 ], [ -62.321659, 9.727346 ], [ -62.320755, 9.729053 ], [ -62.320377, 9.729749 ], [ -62.320091, 9.730354 ], [ -62.319290, 9.731772 ], [ -62.318695, 9.732893 ], [ -62.318382, 9.733426 ], [ -62.317803, 9.734339 ], [ -62.315857, 9.737120 ], [ -62.315456, 9.737843 ], [ -62.314838, 9.739126 ], [ -62.313843, 9.741005 ], [ -62.313290, 9.742008 ], [ -62.312694, 9.743290 ], [ -62.311718, 9.744944 ], [ -62.310780, 9.746416 ], [ -62.310089, 9.747536 ], [ -62.309757, 9.748115 ], [ -62.309403, 9.748882 ], [ -62.309139, 9.749516 ], [ -62.308857, 9.750256 ], [ -62.308514, 9.751323 ], [ -62.308079, 9.752362 ], [ -62.307590, 9.753391 ], [ -62.307373, 9.753970 ], [ -62.307068, 9.754711 ], [ -62.306477, 9.756012 ], [ -62.306038, 9.757106 ], [ -62.305557, 9.758217 ], [ -62.304836, 9.760078 ], [ -62.304623, 9.760675 ], [ -62.304386, 9.761489 ], [ -62.303989, 9.763197 ], [ -62.303619, 9.764218 ], [ -62.303162, 9.765402 ], [ -62.302948, 9.766098 ], [ -62.302761, 9.767002 ], [ -62.302639, 9.767690 ], [ -62.302406, 9.768612 ], [ -62.302261, 9.769289 ], [ -62.302139, 9.769958 ], [ -62.302021, 9.770762 ], [ -62.301933, 9.771820 ], [ -62.301857, 9.772580 ], [ -62.301849, 9.773223 ], [ -62.301712, 9.774144 ], [ -62.301659, 9.774886 ], [ -62.301643, 9.776079 ], [ -62.301647, 9.778061 ], [ -62.301617, 9.778792 ], [ -62.301617, 9.779625 ], [ -62.301659, 9.780357 ], [ -62.302013, 9.782619 ], [ -62.302197, 9.783380 ], [ -62.302548, 9.784448 ], [ -62.302773, 9.785090 ], [ -62.303169, 9.786177 ], [ -62.303623, 9.787642 ], [ -62.303894, 9.788321 ], [ -62.305096, 9.790847 ], [ -62.305458, 9.791481 ], [ -62.305939, 9.792132 ], [ -62.307091, 9.793808 ], [ -62.307667, 9.794478 ], [ -62.308212, 9.794950 ], [ -62.308918, 9.795467 ], [ -62.309791, 9.796156 ], [ -62.311218, 9.797480 ], [ -62.311718, 9.798014 ], [ -62.312264, 9.798531 ], [ -62.313614, 9.799690 ], [ -62.314465, 9.800407 ], [ -62.314983, 9.800788 ], [ -62.315762, 9.801296 ], [ -62.316658, 9.801849 ], [ -62.317578, 9.802376 ], [ -62.319439, 9.803709 ], [ -62.320831, 9.804616 ], [ -62.321774, 9.805216 ], [ -62.322525, 9.805733 ], [ -62.324669, 9.806940 ], [ -62.325493, 9.807447 ], [ -62.326294, 9.808001 ], [ -62.326904, 9.808354 ], [ -62.327701, 9.808708 ], [ -62.328499, 9.809028 ], [ -62.329456, 9.809309 ], [ -62.330299, 9.809673 ], [ -62.330955, 9.810008 ], [ -62.331520, 9.810335 ], [ -62.332256, 9.810943 ], [ -62.332848, 9.811387 ], [ -62.334007, 9.812484 ], [ -62.334660, 9.813479 ], [ -62.334999, 9.814023 ], [ -62.335563, 9.814350 ], [ -62.336368, 9.815110 ], [ -62.337154, 9.815872 ], [ -62.337887, 9.816453 ], [ -62.338455, 9.816970 ], [ -62.338982, 9.817648 ], [ -62.339630, 9.818436 ], [ -62.340179, 9.819088 ], [ -62.340843, 9.819758 ], [ -62.341438, 9.820258 ], [ -62.341980, 9.820629 ], [ -62.342644, 9.821237 ], [ -62.343220, 9.822006 ], [ -62.343746, 9.822677 ], [ -62.344318, 9.823357 ], [ -62.345131, 9.824281 ], [ -62.345539, 9.824769 ], [ -62.346329, 9.825884 ], [ -62.346905, 9.826536 ], [ -62.347568, 9.827233 ], [ -62.348095, 9.827886 ], [ -62.349033, 9.829217 ], [ -62.349445, 9.829851 ], [ -62.349934, 9.830919 ], [ -62.350426, 9.832105 ], [ -62.350754, 9.833099 ], [ -62.351002, 9.833760 ], [ -62.351688, 9.835309 ], [ -62.352474, 9.836947 ], [ -62.352699, 9.837581 ], [ -62.352901, 9.838295 ], [ -62.353443, 9.839635 ], [ -62.353649, 9.840341 ], [ -62.353890, 9.841671 ], [ -62.354332, 9.843661 ], [ -62.354820, 9.844593 ], [ -62.355354, 9.845544 ], [ -62.355774, 9.846522 ], [ -62.356053, 9.847499 ], [ -62.356338, 9.848694 ], [ -62.356445, 9.849354 ], [ -62.356632, 9.850341 ], [ -62.356842, 9.851182 ], [ -62.357067, 9.851934 ], [ -62.357292, 9.852530 ], [ -62.357517, 9.853191 ], [ -62.357838, 9.854005 ], [ -62.358063, 9.854692 ], [ -62.358314, 9.855490 ], [ -62.358601, 9.856675 ], [ -62.358997, 9.858647 ], [ -62.359207, 9.860592 ], [ -62.359276, 9.861398 ], [ -62.359390, 9.862175 ], [ -62.359413, 9.863207 ], [ -62.359463, 9.864146 ], [ -62.359547, 9.864835 ], [ -62.359611, 9.865622 ], [ -62.359665, 9.866671 ], [ -62.359730, 9.867566 ], [ -62.359783, 9.868669 ], [ -62.359791, 9.869864 ], [ -62.359875, 9.871356 ], [ -62.359962, 9.872043 ], [ -62.360008, 9.873102 ], [ -62.360100, 9.873952 ], [ -62.360165, 9.876457 ], [ -62.360146, 9.877560 ], [ -62.360146, 9.878366 ], [ -62.360737, 9.879812 ], [ -62.360611, 9.882164 ], [ -62.360653, 9.883340 ], [ -62.360645, 9.884831 ], [ -62.360664, 9.885555 ], [ -62.360863, 9.887636 ], [ -62.360966, 9.890825 ], [ -62.360821, 9.892385 ], [ -62.360672, 9.894827 ], [ -62.360664, 9.897155 ], [ -62.360607, 9.899281 ], [ -62.360515, 9.899981 ], [ -62.360001, 9.902399 ], [ -62.359901, 9.903483 ], [ -62.359547, 9.906309 ], [ -62.359260, 9.908140 ], [ -62.359165, 9.908886 ], [ -62.358952, 9.910851 ], [ -62.358875, 9.912344 ], [ -62.358730, 9.914514 ], [ -62.358585, 9.915915 ], [ -62.358463, 9.917814 ], [ -62.358364, 9.919126 ], [ -62.358223, 9.920549 ], [ -62.358055, 9.921590 ], [ -62.357941, 9.922221 ], [ -62.357841, 9.922945 ], [ -62.357796, 9.923691 ], [ -62.357742, 9.924933 ], [ -62.357830, 9.926292 ], [ -62.357963, 9.927626 ], [ -62.358002, 9.929028 ], [ -62.358112, 9.930295 ], [ -62.358177, 9.931245 ], [ -62.358242, 9.931947 ], [ -62.358353, 9.933847 ], [ -62.358459, 9.935044 ], [ -62.358475, 9.937396 ], [ -62.358494, 9.937962 ], [ -62.358490, 9.939545 ], [ -62.358414, 9.941059 ], [ -62.358406, 9.942282 ], [ -62.358330, 9.944045 ], [ -62.358349, 9.945695 ], [ -62.358368, 9.946645 ], [ -62.358219, 9.948566 ], [ -62.358215, 9.950216 ], [ -62.358143, 9.951054 ], [ -62.358089, 9.952071 ], [ -62.358036, 9.954105 ], [ -62.358055, 9.955123 ], [ -62.358006, 9.956299 ], [ -62.357838, 9.957835 ], [ -62.357834, 9.958831 ], [ -62.357937, 9.961093 ], [ -62.357887, 9.962088 ], [ -62.357887, 9.962833 ], [ -62.357765, 9.964530 ], [ -62.357529, 9.965523 ], [ -62.357365, 9.966336 ], [ -62.356918, 9.968867 ], [ -62.356731, 9.969770 ], [ -62.356609, 9.970607 ], [ -62.356190, 9.972255 ], [ -62.356094, 9.972820 ], [ -62.355884, 9.973860 ], [ -62.355839, 9.974380 ], [ -62.355579, 9.975667 ], [ -62.355297, 9.976955 ], [ -62.355015, 9.978175 ], [ -62.354641, 9.979667 ], [ -62.354706, 9.980955 ], [ -62.354721, 9.982425 ], [ -62.354881, 9.983150 ], [ -62.355038, 9.983784 ], [ -62.355518, 9.984780 ], [ -62.355972, 9.985641 ], [ -62.356407, 9.986615 ], [ -62.357063, 9.987944 ], [ -62.357159, 9.988134 ], [ -62.357849, 9.988611 ], [ -62.358261, 9.988862 ], [ -62.359108, 9.989454 ], [ -62.360165, 9.990046 ], [ -62.360619, 9.990333 ], [ -62.349441, 10.002627 ], [ -62.338337, 10.002650 ], [ -62.337910, 10.002911 ], [ -62.337223, 10.003833 ], [ -62.336765, 10.004185 ], [ -62.336189, 10.004654 ], [ -62.335495, 10.004887 ], [ -62.335037, 10.005240 ], [ -62.334797, 10.004777 ], [ -62.334446, 10.004324 ], [ -62.334210, 10.003862 ], [ -62.333855, 10.003527 ], [ -62.333389, 10.003182 ], [ -62.333034, 10.002621 ], [ -62.332733, 10.002621 ], [ -62.332100, 10.002276 ], [ -62.331631, 10.001940 ], [ -62.331051, 10.001713 ], [ -62.330582, 10.001487 ], [ -62.329647, 10.000806 ], [ -62.329063, 10.000587 ], [ -62.328362, 10.000134 ], [ -62.328007, 9.999672 ], [ -62.327076, 9.999228 ], [ -62.326717, 9.998422 ], [ -62.326363, 9.997969 ], [ -62.324367, 9.996029 ], [ -62.323433, 9.995348 ], [ -62.322498, 9.994904 ], [ -62.321922, 9.995138 ], [ -62.321232, 9.995833 ], [ -62.320774, 9.996184 ], [ -62.320080, 9.996645 ], [ -62.319622, 9.996888 ], [ -62.319275, 9.997231 ], [ -62.318699, 9.997355 ], [ -62.318123, 9.997698 ], [ -62.317543, 9.997706 ], [ -62.316734, 9.998057 ], [ -62.315922, 9.998182 ], [ -62.315227, 9.998308 ], [ -62.314651, 9.998541 ], [ -62.313839, 9.998548 ], [ -62.313026, 9.998673 ], [ -62.312565, 9.998908 ], [ -62.311985, 9.999024 ], [ -62.311405, 9.999032 ], [ -62.310917, 9.999285 ], [ -62.306492, 10.019551 ], [ -62.292072, 10.029171 ], [ -62.292145, 10.029569 ], [ -62.292267, 10.030139 ], [ -62.292156, 10.030834 ], [ -62.292168, 10.031640 ], [ -62.291824, 10.032101 ], [ -62.291832, 10.032670 ], [ -62.291378, 10.033601 ], [ -62.290691, 10.034522 ], [ -62.290115, 10.034873 ], [ -62.289772, 10.035225 ], [ -62.288849, 10.035694 ], [ -62.288273, 10.035927 ], [ -62.287926, 10.036280 ], [ -62.287464, 10.036514 ], [ -62.286888, 10.036630 ], [ -62.286541, 10.036982 ], [ -62.285850, 10.037441 ], [ -62.285389, 10.037794 ], [ -62.284931, 10.038263 ], [ -62.284470, 10.038605 ], [ -62.284008, 10.038839 ], [ -62.283668, 10.039309 ], [ -62.283211, 10.039886 ], [ -62.282749, 10.040121 ], [ -62.282173, 10.040472 ], [ -62.281597, 10.040933 ], [ -62.280674, 10.041636 ], [ -62.280330, 10.041979 ], [ -62.279869, 10.042213 ], [ -62.279178, 10.042682 ], [ -62.278721, 10.043151 ], [ -62.278145, 10.043611 ], [ -62.277450, 10.043962 ], [ -62.276874, 10.044195 ], [ -62.276535, 10.044774 ], [ -62.275955, 10.045125 ], [ -62.275383, 10.045712 ], [ -62.275047, 10.046634 ], [ -62.274590, 10.047329 ], [ -62.274136, 10.048133 ], [ -62.273792, 10.048593 ], [ -62.273564, 10.049064 ], [ -62.271957, 10.050688 ], [ -62.271381, 10.051040 ], [ -62.270691, 10.051498 ], [ -62.270119, 10.052085 ], [ -62.269424, 10.052320 ], [ -62.268848, 10.052671 ], [ -62.268387, 10.053022 ], [ -62.267925, 10.053256 ], [ -62.267117, 10.053716 ], [ -62.266773, 10.054068 ], [ -62.265968, 10.054653 ], [ -62.265392, 10.055006 ], [ -62.264812, 10.055239 ], [ -62.264355, 10.055817 ], [ -62.263664, 10.056051 ], [ -62.263321, 10.056402 ], [ -62.262627, 10.056980 ], [ -62.262169, 10.057331 ], [ -62.261593, 10.057800 ], [ -62.260902, 10.058378 ], [ -62.260097, 10.058846 ], [ -62.259518, 10.059197 ], [ -62.259060, 10.059548 ], [ -62.258480, 10.059783 ], [ -62.258140, 10.060243 ], [ -62.257561, 10.060477 ], [ -62.256870, 10.060945 ], [ -62.256176, 10.061296 ], [ -62.255482, 10.061531 ], [ -62.254909, 10.061999 ], [ -62.254452, 10.062577 ], [ -62.253876, 10.063154 ], [ -62.253532, 10.063624 ], [ -62.252960, 10.064201 ], [ -62.252388, 10.064898 ], [ -62.252045, 10.065248 ], [ -62.251583, 10.065592 ], [ -62.249977, 10.067216 ], [ -62.249287, 10.067684 ], [ -62.248940, 10.068037 ], [ -62.248234, 10.068334 ], [ -62.247902, 10.068504 ], [ -62.247326, 10.068738 ], [ -62.246746, 10.069089 ], [ -62.246170, 10.069324 ], [ -62.245358, 10.069448 ], [ -62.244660, 10.069338 ], [ -62.243961, 10.069001 ], [ -62.243378, 10.068666 ], [ -62.242794, 10.068557 ], [ -62.242443, 10.068212 ], [ -62.242088, 10.067758 ], [ -62.241966, 10.067180 ], [ -62.241726, 10.066491 ], [ -62.241604, 10.065922 ], [ -62.241367, 10.065460 ], [ -62.241245, 10.064890 ], [ -62.241005, 10.064202 ], [ -62.240879, 10.063515 ], [ -62.241108, 10.062937 ], [ -62.241215, 10.062357 ], [ -62.241440, 10.061671 ], [ -62.241665, 10.060858 ], [ -62.241650, 10.059709 ], [ -62.241528, 10.059139 ], [ -62.241402, 10.058333 ], [ -62.241157, 10.057185 ], [ -62.241150, 10.056614 ], [ -62.241257, 10.055810 ], [ -62.241482, 10.055114 ], [ -62.231663, 10.049113 ], [ -62.230499, 10.048903 ], [ -62.230034, 10.048558 ], [ -62.229450, 10.048223 ], [ -62.228745, 10.047307 ], [ -62.228504, 10.046845 ], [ -62.228150, 10.046274 ], [ -62.227799, 10.045822 ], [ -62.227558, 10.045134 ], [ -62.227203, 10.044682 ], [ -62.226734, 10.044335 ], [ -62.225571, 10.043773 ], [ -62.224747, 10.042975 ], [ -62.224281, 10.042747 ], [ -62.223812, 10.042412 ], [ -62.223576, 10.041950 ], [ -62.223225, 10.041615 ], [ -62.222984, 10.041154 ], [ -62.222748, 10.040464 ], [ -62.222393, 10.040012 ], [ -62.221924, 10.039667 ], [ -62.221573, 10.039332 ], [ -62.221336, 10.038870 ], [ -62.220978, 10.038074 ], [ -62.220623, 10.037385 ], [ -62.220383, 10.036816 ], [ -62.220146, 10.036353 ], [ -62.219795, 10.036008 ], [ -62.219440, 10.035555 ], [ -62.219089, 10.035211 ], [ -62.218502, 10.034758 ], [ -62.217682, 10.033960 ], [ -62.216980, 10.033505 ], [ -62.216393, 10.032945 ], [ -62.216042, 10.032482 ], [ -62.215687, 10.031803 ], [ -62.215675, 10.030880 ], [ -62.216019, 10.030529 ], [ -62.216480, 10.030294 ], [ -62.216824, 10.029835 ], [ -62.217285, 10.029482 ], [ -62.218338, 10.028418 ], [ -62.212597, 10.024109 ], [ -62.212242, 10.024930 ], [ -62.211330, 10.026439 ], [ -62.210758, 10.027017 ], [ -62.210060, 10.027023 ], [ -62.209362, 10.026914 ], [ -62.208782, 10.026803 ], [ -62.207386, 10.026592 ], [ -62.205643, 10.026262 ], [ -62.204945, 10.026153 ], [ -62.204361, 10.025925 ], [ -62.203552, 10.026284 ], [ -62.202633, 10.026978 ], [ -62.202171, 10.027213 ], [ -62.201824, 10.027564 ], [ -62.200672, 10.028258 ], [ -62.199978, 10.028501 ], [ -62.199287, 10.028970 ], [ -62.198826, 10.029202 ], [ -62.198475, 10.028858 ], [ -62.197781, 10.028974 ], [ -62.196037, 10.028996 ], [ -62.195458, 10.028887 ], [ -62.194527, 10.028668 ], [ -62.193947, 10.028559 ], [ -62.193363, 10.028331 ], [ -62.192894, 10.027995 ], [ -62.192310, 10.027650 ], [ -62.191608, 10.027196 ], [ -62.191257, 10.026860 ], [ -62.190323, 10.026406 ], [ -62.189854, 10.026061 ], [ -62.189045, 10.026303 ], [ -62.188465, 10.026420 ], [ -62.187889, 10.026663 ], [ -62.187309, 10.026779 ], [ -62.186615, 10.026904 ], [ -62.186153, 10.027138 ], [ -62.184753, 10.026455 ], [ -62.184055, 10.026345 ], [ -62.183590, 10.026127 ], [ -62.183006, 10.026017 ], [ -62.182308, 10.025789 ], [ -62.181843, 10.025562 ], [ -62.181259, 10.025343 ], [ -62.180679, 10.025233 ], [ -62.179863, 10.024897 ], [ -62.179279, 10.024787 ], [ -62.178814, 10.024560 ], [ -62.178230, 10.024333 ], [ -62.177765, 10.024115 ], [ -62.176949, 10.023887 ], [ -62.176483, 10.023659 ], [ -62.175900, 10.023322 ], [ -62.175316, 10.023095 ], [ -62.174847, 10.022878 ], [ -62.174263, 10.022531 ], [ -62.173565, 10.022079 ], [ -62.172977, 10.021625 ], [ -62.172512, 10.021289 ], [ -62.171688, 10.020491 ], [ -62.171333, 10.020029 ], [ -62.170753, 10.019919 ], [ -62.168316, 10.019949 ], [ -62.167622, 10.020064 ], [ -62.166115, 10.020080 ], [ -62.165531, 10.019969 ], [ -62.164833, 10.019750 ], [ -62.163666, 10.019304 ], [ -62.162853, 10.019194 ], [ -62.162270, 10.018966 ], [ -62.161690, 10.018856 ], [ -62.161106, 10.018638 ], [ -62.160408, 10.018527 ], [ -62.159477, 10.018072 ], [ -62.158893, 10.017854 ], [ -62.158424, 10.017628 ], [ -62.158073, 10.017283 ], [ -62.157608, 10.017055 ], [ -62.157024, 10.016719 ], [ -62.156555, 10.016266 ], [ -62.155735, 10.015695 ], [ -62.155499, 10.015242 ], [ -62.155029, 10.014895 ], [ -62.154564, 10.014669 ], [ -62.154095, 10.014333 ], [ -62.153629, 10.014106 ], [ -62.152931, 10.013995 ], [ -62.152001, 10.013893 ], [ -62.151188, 10.013783 ], [ -62.148983, 10.013804 ], [ -62.148289, 10.013929 ], [ -62.147476, 10.013819 ], [ -62.146893, 10.013709 ], [ -62.146313, 10.013716 ], [ -62.145615, 10.013488 ], [ -62.145035, 10.013378 ], [ -62.144451, 10.013160 ], [ -62.143986, 10.012933 ], [ -62.143631, 10.012588 ], [ -62.143165, 10.012361 ], [ -62.142002, 10.012141 ], [ -62.141418, 10.012040 ], [ -62.140953, 10.011812 ], [ -62.139793, 10.011592 ], [ -62.139091, 10.011364 ], [ -62.138508, 10.010911 ], [ -62.137802, 10.010230 ], [ -62.137566, 10.009661 ], [ -62.137444, 10.008973 ], [ -62.137436, 10.008394 ], [ -62.136799, 10.007271 ], [ -62.136009, 10.006121 ], [ -62.133976, 10.003230 ], [ -62.133468, 10.002497 ], [ -62.132534, 10.001346 ], [ -62.132248, 10.001172 ], [ -62.131832, 10.001009 ], [ -62.130688, 10.000500 ], [ -62.130344, 10.000326 ], [ -62.129955, 10.000173 ], [ -62.129612, 10.000017 ], [ -62.128956, 9.999808 ], [ -62.128624, 9.999725 ], [ -62.127773, 9.999471 ], [ -62.127152, 9.999306 ], [ -62.126454, 9.999078 ], [ -62.126190, 9.998968 ], [ -62.125557, 9.998740 ], [ -62.125202, 9.998622 ], [ -62.124321, 9.998222 ], [ -62.123699, 9.997967 ], [ -62.123379, 9.997876 ], [ -62.123081, 9.997812 ], [ -62.122807, 9.997730 ], [ -62.122185, 9.997601 ], [ -62.121185, 9.997418 ], [ -62.120609, 9.997272 ], [ -62.120239, 9.997198 ], [ -62.119160, 9.996934 ], [ -62.118378, 9.996768 ], [ -62.117653, 9.996594 ], [ -62.117333, 9.996530 ], [ -62.116711, 9.996375 ], [ -62.115963, 9.996210 ], [ -62.115009, 9.996027 ], [ -62.114597, 9.995963 ], [ -62.114262, 9.995926 ], [ -62.113754, 9.995852 ], [ -62.113434, 9.995796 ], [ -62.112686, 9.995705 ], [ -62.112007, 9.995594 ], [ -62.111614, 9.995503 ], [ -62.110432, 9.995292 ], [ -62.109486, 9.995144 ], [ -62.109074, 9.995089 ], [ -62.107887, 9.994887 ], [ -62.107082, 9.994740 ], [ -62.106712, 9.994702 ], [ -62.104851, 9.994308 ], [ -62.103497, 9.993953 ], [ -62.102417, 9.993688 ], [ -62.102013, 9.993560 ], [ -62.101601, 9.993460 ], [ -62.100819, 9.993213 ], [ -62.100521, 9.993131 ], [ -62.100174, 9.993021 ], [ -62.099762, 9.992875 ], [ -62.099304, 9.992747 ], [ -62.098866, 9.992602 ], [ -62.098156, 9.992347 ], [ -62.097893, 9.992228 ], [ -62.097241, 9.992000 ], [ -62.096264, 9.991636 ], [ -62.095955, 9.991499 ], [ -62.095635, 9.991381 ], [ -62.095322, 9.991254 ], [ -62.094898, 9.991035 ], [ -62.094567, 9.990908 ], [ -62.093582, 9.990444 ], [ -62.093205, 9.990280 ], [ -62.091839, 9.989725 ], [ -62.090279, 9.989123 ], [ -62.089066, 9.988623 ], [ -62.088158, 9.988277 ], [ -62.087894, 9.988158 ], [ -62.087585, 9.988030 ], [ -62.087231, 9.987858 ], [ -62.086922, 9.987685 ], [ -62.085857, 9.987230 ], [ -62.085361, 9.987039 ], [ -62.084549, 9.986748 ], [ -62.083904, 9.986529 ], [ -62.083111, 9.986282 ], [ -62.082710, 9.986128 ], [ -62.081379, 9.985726 ], [ -62.081047, 9.985643 ], [ -62.080768, 9.985561 ], [ -62.079758, 9.985333 ], [ -62.078980, 9.985096 ], [ -62.077911, 9.984749 ], [ -62.077278, 9.984530 ], [ -62.075756, 9.983948 ], [ -62.075375, 9.983792 ], [ -62.075100, 9.983665 ], [ -62.074642, 9.983492 ], [ -62.074368, 9.983365 ], [ -62.073978, 9.983201 ], [ -62.073704, 9.983064 ], [ -62.073402, 9.982901 ], [ -62.072796, 9.982609 ], [ -62.072018, 9.982264 ], [ -62.070824, 9.981771 ], [ -62.070542, 9.981671 ], [ -62.069679, 9.981290 ], [ -62.069370, 9.981171 ], [ -62.068478, 9.980780 ], [ -62.066963, 9.980161 ], [ -62.065826, 9.979713 ], [ -62.064739, 9.979313 ], [ -62.063625, 9.978849 ], [ -62.063225, 9.978667 ], [ -62.062813, 9.978495 ], [ -62.062378, 9.978293 ], [ -62.060901, 9.977584 ], [ -62.060158, 9.977166 ], [ -62.059872, 9.976994 ], [ -62.059208, 9.976548 ], [ -62.058113, 9.975831 ], [ -62.057175, 9.975185 ], [ -62.055702, 9.974251 ], [ -62.054878, 9.973787 ], [ -62.054478, 9.973551 ], [ -62.053837, 9.973223 ], [ -62.053505, 9.973023 ], [ -62.053150, 9.972833 ], [ -62.052773, 9.972651 ], [ -62.052360, 9.972432 ], [ -62.051582, 9.972105 ], [ -62.050735, 9.971695 ], [ -62.050297, 9.971513 ], [ -62.049851, 9.971295 ], [ -62.049427, 9.971123 ], [ -62.049141, 9.970967 ], [ -62.048626, 9.970739 ], [ -62.047928, 9.970411 ], [ -62.047539, 9.970194 ], [ -62.046806, 9.969839 ], [ -62.046383, 9.969604 ], [ -62.045158, 9.968966 ], [ -62.044735, 9.968730 ], [ -62.044460, 9.968594 ], [ -62.043224, 9.967930 ], [ -62.042503, 9.967529 ], [ -62.041683, 9.967040 ], [ -62.041042, 9.966612 ], [ -62.039330, 9.965513 ], [ -62.038906, 9.965222 ], [ -62.038471, 9.964951 ], [ -62.038128, 9.964706 ], [ -62.037480, 9.964270 ], [ -62.036919, 9.963860 ], [ -62.036209, 9.963361 ], [ -62.035011, 9.962571 ], [ -62.034759, 9.962434 ], [ -62.034324, 9.962161 ], [ -62.033196, 9.961399 ], [ -62.032944, 9.961245 ], [ -62.031849, 9.960437 ], [ -62.031109, 9.959855 ], [ -62.030399, 9.959257 ], [ -62.028271, 9.957523 ], [ -62.027336, 9.956788 ], [ -62.026672, 9.956306 ], [ -62.026012, 9.955770 ], [ -62.025692, 9.955490 ], [ -62.024895, 9.954882 ], [ -62.023903, 9.954083 ], [ -62.023514, 9.953829 ], [ -62.023140, 9.953556 ], [ -62.022808, 9.953339 ], [ -62.021404, 9.952367 ], [ -62.020557, 9.951739 ], [ -62.020264, 9.951558 ], [ -62.019863, 9.951268 ], [ -62.019611, 9.951114 ], [ -62.019154, 9.950787 ], [ -62.018810, 9.950559 ], [ -62.017479, 9.949533 ], [ -62.017021, 9.949163 ], [ -62.016441, 9.948627 ], [ -62.016125, 9.948318 ], [ -62.015545, 9.947792 ], [ -62.015247, 9.947537 ], [ -62.014954, 9.947256 ], [ -62.013981, 9.946431 ], [ -62.013687, 9.946168 ], [ -62.013325, 9.945869 ], [ -62.012730, 9.945415 ], [ -62.012341, 9.945159 ], [ -62.011990, 9.944887 ], [ -62.011280, 9.944379 ], [ -62.010918, 9.944079 ], [ -62.010597, 9.943834 ], [ -62.010346, 9.943625 ], [ -62.010105, 9.943444 ], [ -62.009857, 9.943226 ], [ -62.003735, 9.935295 ], [ -61.997928, 9.928947 ], [ -61.996624, 9.927090 ], [ -61.993134, 9.925262 ], [ -61.991505, 9.924343 ], [ -61.989762, 9.923317 ], [ -61.988251, 9.922516 ], [ -61.984760, 9.921041 ], [ -61.982788, 9.920465 ], [ -61.981159, 9.920016 ], [ -61.979534, 9.919786 ], [ -61.977795, 9.919446 ], [ -61.976055, 9.919341 ], [ -61.974426, 9.918883 ], [ -61.972454, 9.918434 ], [ -61.970825, 9.917751 ], [ -61.969082, 9.917069 ], [ -61.967571, 9.916267 ], [ -61.965481, 9.915357 ], [ -61.963852, 9.914556 ], [ -61.962108, 9.913636 ], [ -61.960598, 9.912953 ], [ -61.958851, 9.911693 ], [ -61.956989, 9.910555 ], [ -61.955593, 9.909637 ], [ -61.954079, 9.908494 ], [ -61.952568, 9.907576 ], [ -61.950939, 9.906775 ], [ -61.949082, 9.906552 ], [ -61.945839, 9.907257 ], [ -61.943867, 9.907259 ], [ -61.942123, 9.906919 ], [ -61.940151, 9.906352 ], [ -61.938408, 9.905668 ], [ -61.936085, 9.904874 ], [ -61.934223, 9.904073 ], [ -61.932362, 9.902927 ], [ -61.928639, 9.900412 ], [ -61.926548, 9.899156 ], [ -61.925034, 9.898011 ], [ -61.923286, 9.896523 ], [ -61.921772, 9.895036 ], [ -61.919796, 9.893772 ], [ -61.918282, 9.892510 ], [ -61.916882, 9.890561 ], [ -61.915600, 9.889183 ], [ -61.913151, 9.886779 ], [ -61.911289, 9.885181 ], [ -61.909889, 9.883801 ], [ -61.908493, 9.882197 ], [ -61.906860, 9.880591 ], [ -61.905346, 9.879220 ], [ -61.903252, 9.877613 ], [ -61.901856, 9.876351 ], [ -61.900688, 9.874865 ], [ -61.899174, 9.873377 ], [ -61.897541, 9.871535 ], [ -61.895794, 9.869938 ], [ -61.894394, 9.868677 ], [ -61.892879, 9.866954 ], [ -61.891483, 9.865466 ], [ -61.889732, 9.863516 ], [ -61.888336, 9.861911 ], [ -61.886120, 9.859498 ], [ -61.884491, 9.857901 ], [ -61.883324, 9.856523 ], [ -61.882271, 9.854918 ], [ -61.881222, 9.853540 ], [ -61.879822, 9.851357 ], [ -61.878773, 9.849978 ], [ -61.877605, 9.848147 ], [ -61.876434, 9.845964 ], [ -61.875500, 9.844243 ], [ -61.874447, 9.842522 ], [ -61.873284, 9.841378 ], [ -61.871883, 9.839882 ], [ -61.870483, 9.837824 ], [ -61.869316, 9.836211 ], [ -61.868149, 9.834263 ], [ -61.866981, 9.832433 ], [ -61.865929, 9.830710 ], [ -61.864761, 9.829097 ], [ -61.863712, 9.827728 ], [ -61.862663, 9.826458 ], [ -61.861496, 9.824971 ], [ -61.856487, 9.820045 ], [ -61.855438, 9.818440 ], [ -61.854389, 9.817171 ], [ -61.853107, 9.816028 ], [ -61.851482, 9.815578 ], [ -61.849510, 9.815237 ], [ -61.847424, 9.814777 ], [ -61.845680, 9.814329 ], [ -61.843937, 9.813753 ], [ -61.841965, 9.813186 ], [ -61.840221, 9.812619 ], [ -61.838249, 9.811934 ], [ -61.836620, 9.810672 ], [ -61.835338, 9.809528 ], [ -61.833595, 9.808618 ], [ -61.831856, 9.808159 ], [ -61.830227, 9.807593 ], [ -61.829063, 9.806214 ], [ -61.827900, 9.804954 ], [ -61.826614, 9.803466 ], [ -61.825337, 9.802314 ], [ -61.823708, 9.801286 ], [ -61.821850, 9.800375 ], [ -61.820221, 9.799691 ], [ -61.818481, 9.799233 ], [ -61.817017, 9.798947 ], [ -61.815002, 9.799013 ], [ -61.813381, 9.799360 ], [ -61.811642, 9.799824 ], [ -61.810024, 9.800524 ], [ -61.808521, 9.801332 ], [ -61.807598, 9.802948 ], [ -61.807621, 9.808464 ], [ -61.808094, 9.810066 ], [ -61.809143, 9.811562 ], [ -61.809845, 9.813173 ], [ -61.810894, 9.814435 ], [ -61.812290, 9.815343 ], [ -61.812992, 9.816957 ], [ -61.812534, 9.818564 ], [ -61.812195, 9.820172 ], [ -61.811043, 9.822248 ], [ -61.810120, 9.823627 ], [ -61.808735, 9.824781 ], [ -61.805958, 9.825947 ], [ -61.804337, 9.826755 ], [ -61.802715, 9.827445 ], [ -61.799824, 9.828493 ], [ -61.798084, 9.828840 ], [ -61.793678, 9.828851 ], [ -61.791706, 9.828970 ], [ -61.789852, 9.828864 ], [ -61.787415, 9.828874 ], [ -61.785095, 9.828766 ], [ -61.783474, 9.828651 ], [ -61.781502, 9.828546 ], [ -61.778698, 9.828409 ], [ -61.774658, 9.828222 ], [ -61.771179, 9.828002 ], [ -61.769089, 9.827777 ], [ -61.767468, 9.827662 ], [ -61.765724, 9.827321 ], [ -61.763638, 9.827097 ], [ -61.761200, 9.827106 ], [ -61.759346, 9.827000 ], [ -61.756908, 9.826430 ], [ -61.754589, 9.826088 ], [ -61.752033, 9.825409 ], [ -61.750061, 9.824949 ], [ -61.747856, 9.824154 ], [ -61.745998, 9.823469 ], [ -61.744255, 9.822667 ], [ -61.742397, 9.822100 ], [ -61.740540, 9.821297 ], [ -61.738796, 9.820612 ], [ -61.736824, 9.820162 ], [ -61.734966, 9.819593 ], [ -61.732994, 9.819361 ], [ -61.731369, 9.819255 ], [ -61.729397, 9.818796 ], [ -61.727077, 9.818462 ], [ -61.725452, 9.818121 ], [ -61.723827, 9.817437 ], [ -61.721966, 9.816751 ], [ -61.720226, 9.816185 ], [ -61.718716, 9.815492 ], [ -61.717091, 9.814699 ], [ -61.715462, 9.814123 ], [ -61.713837, 9.813212 ], [ -61.711514, 9.812300 ], [ -61.709656, 9.811497 ], [ -61.707218, 9.810466 ], [ -61.705356, 9.809553 ], [ -61.703266, 9.808867 ], [ -61.701759, 9.808066 ], [ -61.699783, 9.807036 ], [ -61.698273, 9.806354 ], [ -61.695950, 9.805440 ], [ -61.693626, 9.804635 ], [ -61.691536, 9.803958 ], [ -61.689099, 9.803152 ], [ -61.687592, 9.802469 ], [ -61.685383, 9.801674 ], [ -61.683292, 9.800869 ], [ -61.681782, 9.800186 ], [ -61.680157, 9.799383 ], [ -61.677135, 9.797554 ], [ -61.675278, 9.796408 ], [ -61.673302, 9.795152 ], [ -61.669582, 9.793321 ], [ -61.667492, 9.792055 ], [ -61.665867, 9.791370 ], [ -61.662846, 9.789776 ], [ -61.661102, 9.788629 ], [ -61.658661, 9.787255 ], [ -61.656803, 9.786570 ], [ -61.654484, 9.785765 ], [ -61.652626, 9.785197 ], [ -61.650768, 9.784512 ], [ -61.648911, 9.784169 ], [ -61.647053, 9.783601 ], [ -61.645428, 9.782917 ], [ -61.643223, 9.782229 ], [ -61.641483, 9.782005 ], [ -61.639980, 9.782705 ], [ -61.638359, 9.783738 ], [ -61.636505, 9.784545 ], [ -61.634769, 9.785242 ], [ -61.633148, 9.785480 ], [ -61.631294, 9.785827 ], [ -61.629440, 9.785828 ], [ -61.627121, 9.786180 ], [ -61.620979, 9.786200 ], [ -61.619125, 9.786546 ], [ -61.617153, 9.786899 ], [ -61.615997, 9.787128 ], [ -61.615295, 9.785634 ], [ -61.613670, 9.785067 ], [ -61.612045, 9.784835 ], [ -61.610188, 9.784502 ], [ -61.608448, 9.784042 ], [ -61.606823, 9.783122 ], [ -61.605080, 9.782555 ], [ -61.603455, 9.782096 ], [ -61.601719, 9.782106 ], [ -61.599979, 9.782570 ], [ -61.598591, 9.783605 ], [ -61.598831, 9.785214 ], [ -61.599529, 9.786709 ], [ -61.600464, 9.788314 ], [ -61.601280, 9.789808 ], [ -61.602791, 9.790836 ], [ -61.604073, 9.791982 ], [ -61.605351, 9.793017 ], [ -61.606632, 9.794505 ], [ -61.607567, 9.796119 ], [ -61.608498, 9.797605 ], [ -61.608967, 9.799335 ], [ -61.608749, 9.802778 ], [ -61.607944, 9.804503 ], [ -61.607021, 9.806000 ], [ -61.605869, 9.807387 ], [ -61.604481, 9.808422 ], [ -61.602051, 9.809460 ], [ -61.600078, 9.809696 ], [ -61.598225, 9.809355 ], [ -61.596367, 9.808785 ], [ -61.594509, 9.808443 ], [ -61.592766, 9.807532 ], [ -61.591255, 9.806848 ], [ -61.589283, 9.806044 ], [ -61.587544, 9.805242 ], [ -61.584751, 9.803177 ], [ -61.583355, 9.802267 ], [ -61.581959, 9.801121 ], [ -61.580334, 9.800320 ], [ -61.579063, 9.801353 ], [ -61.578953, 9.802963 ], [ -61.579422, 9.804574 ], [ -61.580242, 9.806069 ], [ -61.581059, 9.807556 ], [ -61.582222, 9.809278 ], [ -61.583157, 9.810774 ], [ -61.584320, 9.812144 ], [ -61.585716, 9.813868 ], [ -61.587112, 9.815014 ], [ -61.588627, 9.816276 ], [ -61.590252, 9.817306 ], [ -61.591877, 9.818451 ], [ -61.593159, 9.819487 ], [ -61.594784, 9.820751 ], [ -61.596180, 9.821661 ], [ -61.597229, 9.823039 ], [ -61.597931, 9.824879 ], [ -61.598980, 9.826374 ], [ -61.600144, 9.827744 ], [ -61.600960, 9.829240 ], [ -61.602356, 9.830384 ], [ -61.603870, 9.831531 ], [ -61.605266, 9.832676 ], [ -61.606773, 9.833595 ], [ -61.608517, 9.834506 ], [ -61.610027, 9.835307 ], [ -61.611652, 9.836001 ], [ -61.613396, 9.837030 ], [ -61.615025, 9.838177 ], [ -61.616650, 9.838980 ], [ -61.618279, 9.839890 ], [ -61.619789, 9.840810 ], [ -61.621185, 9.841720 ], [ -61.622578, 9.842873 ], [ -61.623512, 9.844478 ], [ -61.622822, 9.845975 ], [ -61.621201, 9.846205 ], [ -61.616676, 9.846222 ], [ -61.615055, 9.845990 ], [ -61.613541, 9.845079 ], [ -61.611569, 9.844392 ], [ -61.609829, 9.843933 ], [ -61.608090, 9.843826 ], [ -61.606468, 9.844290 ], [ -61.606358, 9.845900 ], [ -61.606827, 9.847502 ], [ -61.608109, 9.848999 ], [ -61.609501, 9.849909 ], [ -61.610664, 9.851062 ], [ -61.609043, 9.851644 ], [ -61.607308, 9.851989 ], [ -61.606152, 9.853258 ], [ -61.606506, 9.854860 ], [ -61.607323, 9.856582 ], [ -61.608372, 9.857960 ], [ -61.609882, 9.858763 ], [ -61.611622, 9.858986 ], [ -61.613476, 9.858298 ], [ -61.615211, 9.857835 ], [ -61.617298, 9.857708 ], [ -61.619388, 9.857933 ], [ -61.621014, 9.858167 ], [ -61.622868, 9.858508 ], [ -61.624611, 9.858958 ], [ -61.626469, 9.859528 ], [ -61.628094, 9.860103 ], [ -61.629372, 9.861248 ], [ -61.630768, 9.862166 ], [ -61.632622, 9.862156 ], [ -61.634483, 9.862960 ], [ -61.635994, 9.863877 ], [ -61.637619, 9.864680 ], [ -61.639362, 9.865366 ], [ -61.641105, 9.866277 ], [ -61.642616, 9.867196 ], [ -61.644241, 9.868342 ], [ -61.645870, 9.869144 ], [ -61.647267, 9.870054 ], [ -61.648777, 9.871200 ], [ -61.650055, 9.872236 ], [ -61.651684, 9.873147 ], [ -61.653194, 9.874183 ], [ -61.654476, 9.875328 ], [ -61.655060, 9.876940 ], [ -61.653439, 9.877512 ], [ -61.651699, 9.877062 ], [ -61.650185, 9.876025 ], [ -61.648678, 9.875223 ], [ -61.647164, 9.874313 ], [ -61.645538, 9.873972 ], [ -61.645199, 9.875580 ], [ -61.645901, 9.877192 ], [ -61.647533, 9.880174 ], [ -61.648815, 9.881435 ], [ -61.649982, 9.883040 ], [ -61.650799, 9.884536 ], [ -61.651386, 9.886374 ], [ -61.652557, 9.889588 ], [ -61.653374, 9.891310 ], [ -61.653847, 9.893029 ], [ -61.653855, 9.894992 ], [ -61.653626, 9.896601 ], [ -61.652241, 9.897635 ], [ -61.649922, 9.898213 ], [ -61.648300, 9.898677 ], [ -61.646557, 9.898227 ], [ -61.644932, 9.897651 ], [ -61.643074, 9.897082 ], [ -61.641102, 9.896631 ], [ -61.639362, 9.896291 ], [ -61.637619, 9.895605 ], [ -61.635994, 9.895028 ], [ -61.632278, 9.894236 ], [ -61.629265, 9.894360 ], [ -61.625088, 9.894134 ], [ -61.623348, 9.893909 ], [ -61.621258, 9.893683 ], [ -61.618824, 9.893809 ], [ -61.616737, 9.893810 ], [ -61.614418, 9.893584 ], [ -61.612789, 9.893017 ], [ -61.610817, 9.892565 ], [ -61.609077, 9.892106 ], [ -61.606987, 9.891301 ], [ -61.605129, 9.890625 ], [ -61.603386, 9.889704 ], [ -61.601177, 9.889017 ], [ -61.598740, 9.888564 ], [ -61.596886, 9.887996 ], [ -61.595142, 9.887427 ], [ -61.593399, 9.886508 ], [ -61.590149, 9.885138 ], [ -61.588287, 9.884225 ], [ -61.586548, 9.883648 ], [ -61.585037, 9.882620 ], [ -61.581551, 9.881249 ], [ -61.580040, 9.880103 ], [ -61.577950, 9.879182 ], [ -61.576092, 9.878731 ], [ -61.574352, 9.878389 ], [ -61.572380, 9.878163 ], [ -61.570641, 9.878057 ], [ -61.568901, 9.878058 ], [ -61.564609, 9.877831 ], [ -61.562984, 9.877491 ], [ -61.561127, 9.877157 ], [ -61.558575, 9.876585 ], [ -61.556717, 9.875899 ], [ -61.555206, 9.875097 ], [ -61.553349, 9.874068 ], [ -61.551605, 9.873039 ], [ -61.550556, 9.871778 ], [ -61.549740, 9.870164 ], [ -61.548691, 9.868442 ], [ -61.547523, 9.866719 ], [ -61.546474, 9.865231 ], [ -61.544029, 9.862011 ], [ -61.541698, 9.859261 ], [ -61.540306, 9.858116 ], [ -61.539024, 9.856972 ], [ -61.537747, 9.855935 ], [ -61.536236, 9.854906 ], [ -61.534958, 9.853869 ], [ -61.533676, 9.852500 ], [ -61.531231, 9.850084 ], [ -61.529838, 9.848938 ], [ -61.528442, 9.847567 ], [ -61.525883, 9.845504 ], [ -61.522045, 9.841717 ], [ -61.518791, 9.839650 ], [ -61.517395, 9.838161 ], [ -61.516113, 9.836673 ], [ -61.514015, 9.833453 ], [ -61.513080, 9.831849 ], [ -61.511917, 9.830009 ], [ -61.510750, 9.828284 ], [ -61.509468, 9.826335 ], [ -61.508652, 9.824731 ], [ -61.507717, 9.823010 ], [ -61.506668, 9.821169 ], [ -61.505966, 9.819447 ], [ -61.505150, 9.817610 ], [ -61.503750, 9.815767 ], [ -61.503403, 9.815197 ], [ -61.502354, 9.813591 ], [ -61.501190, 9.812212 ], [ -61.499679, 9.810949 ], [ -61.498283, 9.809577 ], [ -61.497002, 9.807854 ], [ -61.495605, 9.806247 ], [ -61.494209, 9.804984 ], [ -61.492813, 9.803377 ], [ -61.491760, 9.801311 ], [ -61.491177, 9.799238 ], [ -61.490704, 9.797057 ], [ -61.490235, 9.795102 ], [ -61.489651, 9.793382 ], [ -61.488831, 9.790854 ], [ -61.488243, 9.788899 ], [ -61.487427, 9.787295 ], [ -61.486839, 9.785340 ], [ -61.486252, 9.782814 ], [ -61.485317, 9.780514 ], [ -61.484268, 9.778565 ], [ -61.483219, 9.776725 ], [ -61.481937, 9.775119 ], [ -61.480309, 9.773855 ], [ -61.478684, 9.772366 ], [ -61.476940, 9.770992 ], [ -61.475311, 9.769962 ], [ -61.473686, 9.768582 ], [ -61.472286, 9.766406 ], [ -61.471123, 9.764564 ], [ -61.469723, 9.762497 ], [ -61.468445, 9.761008 ], [ -61.467049, 9.759627 ], [ -61.465653, 9.758364 ], [ -61.463677, 9.756647 ], [ -61.462513, 9.755268 ], [ -61.459141, 9.751944 ], [ -61.457977, 9.750455 ], [ -61.456695, 9.748840 ], [ -61.455765, 9.747117 ], [ -61.454944, 9.745171 ], [ -61.454246, 9.743449 ], [ -61.453426, 9.741611 ], [ -61.452610, 9.739887 ], [ -61.451675, 9.738049 ], [ -61.450974, 9.736093 ], [ -61.449928, 9.734488 ], [ -61.448532, 9.732999 ], [ -61.447483, 9.731502 ], [ -61.446083, 9.729091 ], [ -61.444687, 9.727139 ], [ -61.443523, 9.725534 ], [ -61.442242, 9.723810 ], [ -61.441311, 9.722089 ], [ -61.440491, 9.720132 ], [ -61.439560, 9.718527 ], [ -61.438396, 9.716922 ], [ -61.437115, 9.715198 ], [ -61.435371, 9.713245 ], [ -61.434208, 9.711758 ], [ -61.432465, 9.709924 ], [ -61.431297, 9.708544 ], [ -61.429901, 9.706594 ], [ -61.428505, 9.704987 ], [ -61.427574, 9.703374 ], [ -61.426296, 9.702110 ], [ -61.425133, 9.700739 ], [ -61.423736, 9.699477 ], [ -61.422111, 9.698447 ], [ -61.420139, 9.697987 ], [ -61.418404, 9.698566 ], [ -61.418060, 9.700409 ], [ -61.418301, 9.702471 ], [ -61.418999, 9.704193 ], [ -61.420048, 9.705915 ], [ -61.421444, 9.707414 ], [ -61.424232, 9.709931 ], [ -61.425514, 9.711546 ], [ -61.426678, 9.713035 ], [ -61.427494, 9.714638 ], [ -61.426918, 9.716372 ], [ -61.425064, 9.716029 ], [ -61.423092, 9.715459 ], [ -61.421352, 9.714764 ], [ -61.417869, 9.713392 ], [ -61.416130, 9.712940 ], [ -61.410213, 9.711223 ], [ -61.408127, 9.710888 ], [ -61.406036, 9.710318 ], [ -61.403717, 9.709745 ], [ -61.401978, 9.709285 ], [ -61.399891, 9.708714 ], [ -61.398037, 9.708254 ], [ -61.396294, 9.707803 ], [ -61.393978, 9.707459 ], [ -61.391193, 9.707119 ], [ -61.389221, 9.706893 ], [ -61.387367, 9.706667 ], [ -61.385513, 9.706098 ], [ -61.383308, 9.705526 ], [ -61.381569, 9.704841 ], [ -61.377159, 9.703002 ], [ -61.372517, 9.700829 ], [ -61.370777, 9.700142 ], [ -61.368801, 9.699347 ], [ -61.367062, 9.698886 ], [ -61.365322, 9.698199 ], [ -61.363583, 9.697278 ], [ -61.362072, 9.696250 ], [ -61.360329, 9.695337 ], [ -61.358127, 9.694648 ], [ -61.356384, 9.694079 ], [ -61.354648, 9.693619 ], [ -61.352676, 9.693167 ], [ -61.350471, 9.692822 ], [ -61.348618, 9.692361 ], [ -61.346760, 9.691791 ], [ -61.344673, 9.691220 ], [ -61.342468, 9.690649 ], [ -61.340149, 9.689960 ], [ -61.337830, 9.689162 ], [ -61.335976, 9.688475 ], [ -61.334000, 9.687904 ], [ -61.332260, 9.686983 ], [ -61.330402, 9.686069 ], [ -61.328781, 9.685040 ], [ -61.326805, 9.684236 ], [ -61.325180, 9.683433 ], [ -61.323326, 9.682636 ], [ -61.321003, 9.681485 ], [ -61.318680, 9.680109 ], [ -61.317055, 9.678962 ], [ -61.315312, 9.677244 ], [ -61.311943, 9.674146 ], [ -61.310204, 9.673116 ], [ -61.308926, 9.671735 ], [ -61.307644, 9.670245 ], [ -61.306251, 9.668756 ], [ -61.305202, 9.667259 ], [ -61.303692, 9.665995 ], [ -61.302185, 9.664622 ], [ -61.300789, 9.663476 ], [ -61.299049, 9.662437 ], [ -61.297539, 9.661408 ], [ -61.295681, 9.660494 ], [ -61.293942, 9.659573 ], [ -61.291504, 9.658540 ], [ -61.289765, 9.657970 ], [ -61.288143, 9.657166 ], [ -61.286286, 9.656370 ], [ -61.284313, 9.655338 ], [ -61.280830, 9.653270 ], [ -61.278511, 9.652010 ], [ -61.276882, 9.650980 ], [ -61.274795, 9.649831 ], [ -61.271778, 9.647763 ], [ -61.270035, 9.646389 ], [ -61.268059, 9.644436 ], [ -61.266434, 9.643180 ], [ -61.264694, 9.641914 ], [ -61.262951, 9.640766 ], [ -61.261093, 9.639509 ], [ -61.259007, 9.638243 ], [ -61.256798, 9.636523 ], [ -61.254711, 9.635264 ], [ -61.253086, 9.634226 ], [ -61.251461, 9.633314 ], [ -61.249489, 9.632047 ], [ -61.247745, 9.630907 ], [ -61.246239, 9.629644 ], [ -61.244495, 9.628261 ], [ -61.242985, 9.627113 ], [ -61.239620, 9.624819 ], [ -61.238342, 9.623565 ], [ -61.236950, 9.622409 ], [ -61.235092, 9.621152 ], [ -61.233582, 9.619887 ], [ -61.231724, 9.618278 ], [ -61.230331, 9.617023 ], [ -61.228474, 9.615531 ], [ -61.226963, 9.614492 ], [ -61.223717, 9.612659 ], [ -61.221512, 9.612086 ], [ -61.219776, 9.611517 ], [ -61.217339, 9.610826 ], [ -61.215370, 9.610492 ], [ -61.212818, 9.609917 ], [ -61.210152, 9.609344 ], [ -61.207951, 9.608654 ], [ -61.206093, 9.608201 ], [ -61.204353, 9.607632 ], [ -61.202499, 9.606944 ], [ -61.199947, 9.605909 ], [ -61.198208, 9.605222 ], [ -61.196354, 9.604652 ], [ -61.194614, 9.603965 ], [ -61.192875, 9.603043 ], [ -61.190555, 9.601900 ], [ -61.188351, 9.600986 ], [ -61.186497, 9.600180 ], [ -61.183945, 9.599036 ], [ -61.182205, 9.598114 ], [ -61.180115, 9.597081 ], [ -61.178490, 9.596169 ], [ -61.176403, 9.595019 ], [ -61.174545, 9.593752 ], [ -61.172691, 9.592721 ], [ -61.169441, 9.590425 ], [ -61.167583, 9.589169 ], [ -61.166077, 9.588021 ], [ -61.164451, 9.586757 ], [ -61.162712, 9.585264 ], [ -61.161083, 9.583891 ], [ -61.159458, 9.582744 ], [ -61.157833, 9.581243 ], [ -61.156094, 9.580103 ], [ -61.154587, 9.578947 ], [ -61.152844, 9.577808 ], [ -61.151222, 9.576886 ], [ -61.149483, 9.575974 ], [ -61.147278, 9.575166 ], [ -61.145538, 9.574252 ], [ -61.143452, 9.573680 ], [ -61.141136, 9.573334 ], [ -61.139278, 9.572881 ], [ -61.137543, 9.572419 ], [ -61.135452, 9.571730 ], [ -61.133488, 9.571503 ], [ -61.131283, 9.571165 ], [ -61.129196, 9.570584 ], [ -61.127109, 9.569904 ], [ -61.124561, 9.569556 ], [ -61.122242, 9.569101 ], [ -61.120274, 9.568756 ], [ -61.118420, 9.568420 ], [ -61.114945, 9.567497 ], [ -61.113091, 9.567731 ], [ -61.111588, 9.568771 ], [ -61.112400, 9.570495 ], [ -61.114258, 9.571291 ], [ -61.115994, 9.571752 ], [ -61.117851, 9.572439 ], [ -61.119705, 9.572902 ], [ -61.121445, 9.573472 ], [ -61.123180, 9.573924 ], [ -61.125034, 9.574160 ], [ -61.126659, 9.575073 ], [ -61.125622, 9.576568 ], [ -61.123886, 9.577264 ], [ -61.121918, 9.577498 ], [ -61.119945, 9.577614 ], [ -61.117977, 9.577611 ], [ -61.116009, 9.577501 ], [ -61.114155, 9.577382 ], [ -61.112072, 9.577507 ], [ -61.110218, 9.577389 ], [ -61.108017, 9.577276 ], [ -61.106159, 9.577050 ], [ -61.104191, 9.576479 ], [ -61.102223, 9.576015 ], [ -61.100369, 9.575789 ], [ -61.098396, 9.575678 ], [ -61.094692, 9.575686 ], [ -61.093884, 9.577290 ], [ -61.094467, 9.579128 ], [ -61.094010, 9.580970 ], [ -61.092388, 9.581892 ], [ -61.090534, 9.582008 ], [ -61.088566, 9.581545 ], [ -61.086826, 9.580750 ], [ -61.085201, 9.579827 ], [ -61.083347, 9.579365 ], [ -61.081261, 9.579145 ], [ -61.079174, 9.578565 ], [ -61.079296, 9.580410 ], [ -61.079761, 9.582365 ], [ -61.078377, 9.583622 ], [ -61.076523, 9.583630 ], [ -61.074669, 9.583286 ], [ -61.072697, 9.582940 ], [ -61.070961, 9.582488 ], [ -61.069103, 9.582143 ], [ -61.067253, 9.581916 ], [ -61.065166, 9.581570 ], [ -61.063194, 9.581224 ], [ -61.061226, 9.580653 ], [ -61.059025, 9.580315 ], [ -61.056938, 9.580194 ], [ -61.054737, 9.580084 ], [ -61.052651, 9.579854 ], [ -61.050682, 9.579743 ], [ -61.048714, 9.579515 ], [ -61.046513, 9.579973 ], [ -61.045357, 9.581359 ], [ -61.043507, 9.581819 ], [ -61.041653, 9.581935 ], [ -61.039799, 9.581824 ], [ -61.037830, 9.581479 ], [ -61.036091, 9.580909 ], [ -61.034237, 9.580329 ], [ -61.032383, 9.579875 ], [ -61.030411, 9.579647 ], [ -61.028675, 9.579068 ], [ -61.026703, 9.578732 ], [ -61.024616, 9.577807 ], [ -61.022648, 9.577008 ], [ -61.020790, 9.575742 ], [ -61.018471, 9.574942 ], [ -61.016384, 9.574135 ], [ -61.014763, 9.573339 ], [ -61.012097, 9.572881 ], [ -61.010128, 9.572300 ], [ -61.007809, 9.571383 ], [ -61.005955, 9.570694 ], [ -61.003983, 9.570013 ], [ -61.002129, 9.568981 ], [ -60.999695, 9.568407 ], [ -60.997379, 9.567834 ], [ -60.995174, 9.566799 ], [ -60.991699, 9.565885 ], [ -60.989960, 9.565305 ], [ -60.987755, 9.564388 ], [ -60.986134, 9.563475 ], [ -60.984280, 9.562207 ], [ -60.982769, 9.561060 ], [ -60.981377, 9.559913 ], [ -60.980103, 9.558532 ], [ -60.978710, 9.556923 ], [ -60.977432, 9.555659 ], [ -60.975693, 9.554401 ], [ -60.974182, 9.553019 ], [ -60.972794, 9.551293 ], [ -60.971516, 9.549578 ], [ -60.970352, 9.548079 ], [ -60.969074, 9.546590 ], [ -60.967914, 9.544982 ], [ -60.966751, 9.543485 ], [ -60.965710, 9.541760 ], [ -60.964432, 9.540272 ], [ -60.963501, 9.538666 ], [ -60.962456, 9.537168 ], [ -60.961178, 9.535443 ], [ -60.959900, 9.533492 ], [ -60.958626, 9.531885 ], [ -60.957233, 9.530159 ], [ -60.955837, 9.528551 ], [ -60.954445, 9.527178 ], [ -60.953171, 9.525453 ], [ -60.952240, 9.523730 ], [ -60.951657, 9.521999 ], [ -60.950909, 9.521407 ], [ -60.950398, 9.520049 ], [ -60.949768, 9.518572 ], [ -60.949024, 9.517220 ], [ -60.948166, 9.515869 ], [ -60.947315, 9.514743 ], [ -60.946442, 9.513047 ], [ -60.945579, 9.511587 ], [ -60.944706, 9.509775 ], [ -60.943741, 9.508658 ], [ -60.942883, 9.507305 ], [ -60.942013, 9.505718 ], [ -60.941151, 9.504258 ], [ -60.940525, 9.502898 ], [ -60.939777, 9.501430 ], [ -60.938911, 9.499843 ], [ -60.938156, 9.498148 ], [ -60.937530, 9.496788 ], [ -60.936123, 9.493037 ], [ -60.934868, 9.490318 ], [ -60.934101, 9.488279 ], [ -60.933128, 9.486928 ], [ -60.931499, 9.486755 ], [ -60.930092, 9.486231 ], [ -60.928463, 9.486050 ], [ -60.926598, 9.485768 ], [ -60.925194, 9.485353 ], [ -60.923794, 9.485056 ], [ -60.922275, 9.484649 ], [ -60.920750, 9.484124 ], [ -60.919453, 9.483483 ], [ -60.918038, 9.482725 ], [ -60.916630, 9.482310 ], [ -60.914985, 9.481559 ], [ -60.913464, 9.481153 ], [ -60.911926, 9.480285 ], [ -60.910519, 9.479752 ], [ -60.908989, 9.479119 ], [ -60.907692, 9.478470 ], [ -60.906284, 9.477945 ], [ -60.904732, 9.476617 ], [ -60.902473, 9.474967 ], [ -60.901169, 9.474092 ], [ -60.899372, 9.472427 ], [ -60.898178, 9.471434 ], [ -60.896976, 9.470206 ], [ -60.894966, 9.469011 ], [ -60.893547, 9.468252 ], [ -60.891769, 9.467049 ], [ -60.890461, 9.466055 ], [ -60.889038, 9.465178 ], [ -60.886436, 9.463662 ], [ -60.884666, 9.462685 ], [ -60.883465, 9.461457 ], [ -60.881661, 9.459567 ], [ -60.879978, 9.457784 ], [ -60.878540, 9.456448 ], [ -60.877243, 9.455807 ], [ -60.875812, 9.454586 ], [ -60.874622, 9.453703 ], [ -60.873436, 9.452936 ], [ -60.872131, 9.452061 ], [ -60.871048, 9.450952 ], [ -60.869629, 9.450075 ], [ -60.867851, 9.448872 ], [ -60.866299, 9.447542 ], [ -60.864632, 9.446339 ], [ -60.863201, 9.445118 ], [ -60.861756, 9.443555 ], [ -60.860672, 9.442328 ], [ -60.859127, 9.441225 ], [ -60.857811, 9.440006 ], [ -60.856621, 9.439131 ], [ -60.855534, 9.437787 ], [ -60.854340, 9.436786 ], [ -60.853252, 9.435559 ], [ -60.852280, 9.434216 ], [ -60.851303, 9.432754 ], [ -60.850441, 9.431285 ], [ -60.849102, 9.429486 ], [ -60.847897, 9.428150 ], [ -60.846210, 9.426251 ], [ -60.845024, 9.425485 ], [ -60.844059, 9.424367 ], [ -60.842411, 9.423615 ], [ -60.841103, 9.422631 ], [ -60.839420, 9.420840 ], [ -60.837982, 9.419512 ], [ -60.836792, 9.418520 ], [ -60.835476, 9.417300 ], [ -60.834385, 9.415956 ], [ -60.832947, 9.414618 ], [ -60.831738, 9.413164 ], [ -60.830994, 9.411695 ], [ -60.829788, 9.410359 ], [ -60.828823, 9.409243 ], [ -60.827709, 9.407202 ], [ -60.826149, 9.405646 ], [ -60.825180, 9.404411 ], [ -60.824215, 9.403294 ], [ -60.822903, 9.402191 ], [ -60.821716, 9.401425 ], [ -60.820530, 9.400540 ], [ -60.819565, 9.399432 ], [ -60.818466, 9.397853 ], [ -60.817387, 9.396744 ], [ -60.816406, 9.395282 ], [ -60.815304, 9.393595 ], [ -60.814678, 9.392234 ], [ -60.813702, 9.390764 ], [ -60.812492, 9.389311 ], [ -60.811520, 9.387967 ], [ -60.810894, 9.386607 ], [ -60.810371, 9.384895 ], [ -60.808647, 9.381967 ], [ -60.807659, 9.380160 ], [ -60.806805, 9.378927 ], [ -60.805935, 9.377231 ], [ -60.804634, 9.376463 ], [ -60.803898, 9.375230 ], [ -60.803261, 9.373635 ], [ -60.802517, 9.372167 ], [ -60.801998, 9.370572 ], [ -60.801483, 9.369213 ], [ -60.800518, 9.367978 ], [ -60.799778, 9.366735 ], [ -60.798687, 9.365282 ], [ -60.797699, 9.363586 ], [ -60.796600, 9.361898 ], [ -60.795845, 9.360203 ], [ -60.795212, 9.358608 ], [ -60.794460, 9.357022 ], [ -60.793594, 9.355444 ], [ -60.793056, 9.353280 ], [ -60.792507, 9.350764 ], [ -60.792099, 9.349053 ], [ -60.791588, 9.347694 ], [ -60.791306, 9.346202 ], [ -60.791344, 9.344014 ], [ -60.791061, 9.342531 ], [ -60.790882, 9.340704 ], [ -60.790695, 9.338633 ], [ -60.790523, 9.337031 ], [ -60.790443, 9.334736 ], [ -60.790154, 9.333134 ], [ -60.790016, 9.329110 ], [ -60.790165, 9.326807 ], [ -60.790112, 9.325198 ], [ -60.790356, 9.322315 ], [ -60.790371, 9.319442 ], [ -60.790184, 9.314045 ], [ -60.790447, 9.311615 ], [ -60.790504, 9.310007 ], [ -60.790775, 9.307812 ], [ -60.790947, 9.306078 ], [ -60.791244, 9.304588 ], [ -60.789112, 9.304322 ], [ -60.786419, 9.302407 ], [ -60.783954, 9.300268 ], [ -60.781036, 9.298812 ], [ -60.774979, 9.296380 ], [ -60.771835, 9.295167 ], [ -60.768917, 9.293712 ], [ -60.765987, 9.291578 ], [ -60.763863, 9.289080 ], [ -60.761620, 9.286355 ], [ -60.759262, 9.283863 ], [ -60.757938, 9.280782 ], [ -60.756962, 9.277575 ], [ -60.758781, 9.277163 ], [ -60.759456, 9.276082 ], [ -60.760239, 9.275247 ], [ -60.760792, 9.274545 ], [ -60.761013, 9.274194 ], [ -60.762005, 9.272772 ], [ -60.762447, 9.272188 ], [ -60.762661, 9.271719 ], [ -60.762993, 9.271251 ], [ -60.763428, 9.270431 ], [ -60.763523, 9.269853 ], [ -60.763847, 9.269150 ], [ -60.764057, 9.268564 ], [ -60.764385, 9.267979 ], [ -60.764477, 9.267401 ], [ -60.764809, 9.266933 ], [ -60.765018, 9.266238 ], [ -60.765339, 9.265535 ], [ -60.765659, 9.264715 ], [ -60.766304, 9.263317 ], [ -60.766731, 9.262272 ], [ -60.767162, 9.261335 ], [ -60.767254, 9.260639 ], [ -60.767464, 9.260062 ], [ -60.767673, 9.259358 ], [ -60.768104, 9.258430 ], [ -60.768295, 9.257275 ], [ -60.768498, 9.256463 ], [ -60.768688, 9.255299 ], [ -60.768471, 9.249096 ], [ -60.767826, 9.248795 ], [ -60.767479, 9.248683 ], [ -60.766545, 9.248234 ], [ -60.765965, 9.248131 ], [ -60.765499, 9.248019 ], [ -60.765034, 9.247800 ], [ -60.764565, 9.247463 ], [ -60.764328, 9.247235 ], [ -60.763977, 9.247016 ], [ -60.763630, 9.246906 ], [ -60.763042, 9.246449 ], [ -60.762691, 9.246113 ], [ -60.761757, 9.245665 ], [ -60.761288, 9.245327 ], [ -60.760708, 9.245108 ], [ -60.760006, 9.244778 ], [ -60.759537, 9.244440 ], [ -60.759186, 9.244094 ], [ -60.758717, 9.243756 ], [ -60.758366, 9.243538 ], [ -60.757786, 9.243317 ], [ -60.756848, 9.242643 ], [ -60.756375, 9.242187 ], [ -60.755791, 9.241849 ], [ -60.753918, 9.240500 ], [ -60.753563, 9.240046 ], [ -60.753094, 9.239709 ], [ -60.752743, 9.239371 ], [ -60.752270, 9.238800 ], [ -60.751568, 9.238352 ], [ -60.751217, 9.238015 ], [ -60.750980, 9.237672 ], [ -60.750629, 9.237452 ], [ -60.750271, 9.236998 ], [ -60.750038, 9.236652 ], [ -60.749802, 9.236425 ], [ -60.749561, 9.235971 ], [ -60.749325, 9.235627 ], [ -60.748737, 9.235063 ], [ -60.748497, 9.234610 ], [ -60.748032, 9.234272 ], [ -60.747677, 9.233926 ], [ -60.747440, 9.233591 ], [ -60.747089, 9.233362 ], [ -60.746029, 9.232343 ], [ -60.745445, 9.232014 ], [ -60.744976, 9.231560 ], [ -60.744625, 9.231332 ], [ -60.744041, 9.231002 ], [ -60.743805, 9.230776 ], [ -60.743458, 9.230664 ], [ -60.742756, 9.230216 ], [ -60.742519, 9.229990 ], [ -60.742169, 9.229761 ], [ -60.741936, 9.229534 ], [ -60.741810, 9.228963 ], [ -60.741688, 9.228620 ], [ -60.741566, 9.228167 ], [ -60.741329, 9.227821 ], [ -60.741314, 9.227017 ], [ -60.741073, 9.226329 ], [ -60.741028, 9.223806 ], [ -60.741135, 9.223112 ], [ -60.741013, 9.222650 ], [ -60.741001, 9.222198 ], [ -60.741104, 9.221386 ], [ -60.740978, 9.220698 ], [ -60.741085, 9.220129 ], [ -60.741062, 9.218864 ], [ -60.741173, 9.218403 ], [ -60.741135, 9.216099 ], [ -60.740765, 9.214731 ], [ -60.740757, 9.214387 ], [ -60.740639, 9.214043 ], [ -60.740631, 9.213700 ], [ -60.740398, 9.213472 ], [ -60.740154, 9.212784 ], [ -60.740032, 9.212322 ], [ -60.739910, 9.211988 ], [ -60.739902, 9.211635 ], [ -60.739540, 9.210610 ], [ -60.739300, 9.210157 ], [ -60.739296, 9.209805 ], [ -60.739060, 9.209469 ], [ -60.738930, 9.208664 ], [ -60.738693, 9.208436 ], [ -60.738686, 9.207975 ], [ -60.738564, 9.207641 ], [ -60.738441, 9.207178 ], [ -60.738319, 9.206835 ], [ -60.738083, 9.206607 ], [ -60.738079, 9.206265 ], [ -60.737724, 9.205809 ], [ -60.737602, 9.205465 ], [ -60.737247, 9.204893 ], [ -60.737003, 9.204214 ], [ -60.736881, 9.203752 ], [ -60.736645, 9.203417 ], [ -60.736397, 9.202494 ], [ -60.736275, 9.202157 ], [ -60.736271, 9.201806 ], [ -60.736149, 9.201470 ], [ -60.735779, 9.200094 ], [ -60.735775, 9.199750 ], [ -60.735672, 9.199370 ], [ -60.735752, 9.198603 ], [ -60.735863, 9.198143 ], [ -60.735855, 9.197790 ], [ -60.735962, 9.197220 ], [ -60.736416, 9.196004 ], [ -60.735943, 9.195794 ], [ -60.735577, 9.195231 ], [ -60.735108, 9.195010 ], [ -60.734733, 9.194339 ], [ -60.733898, 9.193557 ], [ -60.733536, 9.193111 ], [ -60.732804, 9.191987 ], [ -60.732307, 9.191080 ], [ -60.731941, 9.190517 ], [ -60.731693, 9.190063 ], [ -60.731449, 9.189728 ], [ -60.731205, 9.189274 ], [ -60.730953, 9.188712 ], [ -60.730698, 9.188032 ], [ -60.730339, 9.187696 ], [ -60.730076, 9.186781 ], [ -60.729828, 9.186337 ], [ -60.729565, 9.185422 ], [ -60.729317, 9.184969 ], [ -60.729183, 9.184399 ], [ -60.728935, 9.183946 ], [ -60.728806, 9.183492 ], [ -60.728424, 9.182586 ], [ -60.728054, 9.181906 ], [ -60.727924, 9.181453 ], [ -60.727676, 9.181000 ], [ -60.727295, 9.179976 ], [ -60.727161, 9.179523 ], [ -60.726669, 9.178617 ], [ -60.726299, 9.178053 ], [ -60.726044, 9.177375 ], [ -60.725800, 9.176922 ], [ -60.725555, 9.176585 ], [ -60.724835, 9.175920 ], [ -60.724125, 9.175365 ], [ -60.723636, 9.174693 ], [ -60.722683, 9.173810 ], [ -60.721756, 9.172766 ], [ -60.721447, 9.172845 ], [ -60.719017, 9.172883 ], [ -60.718551, 9.172653 ], [ -60.718086, 9.172553 ], [ -60.717739, 9.172441 ], [ -60.717270, 9.172221 ], [ -60.716923, 9.172111 ], [ -60.716915, 9.171767 ], [ -60.716564, 9.171540 ], [ -60.716091, 9.170859 ], [ -60.715389, 9.170411 ], [ -60.714920, 9.170074 ], [ -60.714573, 9.169963 ], [ -60.714230, 9.170078 ], [ -60.713882, 9.170086 ], [ -60.713421, 9.170326 ], [ -60.712734, 9.170792 ], [ -60.712395, 9.171142 ], [ -60.712288, 9.171602 ], [ -60.711945, 9.171835 ], [ -60.711834, 9.172188 ], [ -60.711491, 9.172420 ], [ -60.711143, 9.172544 ], [ -60.710220, 9.172557 ], [ -60.709759, 9.172789 ], [ -60.708732, 9.173614 ], [ -60.708504, 9.173848 ], [ -60.707695, 9.173861 ], [ -60.707344, 9.173632 ], [ -60.706650, 9.173645 ], [ -60.705723, 9.173431 ], [ -60.705028, 9.173436 ], [ -60.704563, 9.173334 ], [ -60.704212, 9.173223 ], [ -60.703636, 9.173111 ], [ -60.703285, 9.173119 ], [ -60.702587, 9.172670 ], [ -60.702240, 9.172678 ], [ -60.701656, 9.172458 ], [ -60.701191, 9.172346 ], [ -60.700954, 9.172009 ], [ -60.700607, 9.171899 ], [ -60.700253, 9.171554 ], [ -60.699905, 9.171560 ], [ -60.698975, 9.171121 ], [ -60.698277, 9.170898 ], [ -60.697807, 9.170679 ], [ -60.697460, 9.170451 ], [ -60.697106, 9.170114 ], [ -60.696640, 9.169887 ], [ -60.696171, 9.169439 ], [ -60.695816, 9.168985 ], [ -60.695347, 9.168648 ], [ -60.695110, 9.168304 ], [ -60.694874, 9.168076 ], [ -60.694172, 9.167628 ], [ -60.693706, 9.167292 ], [ -60.693355, 9.167063 ], [ -60.692886, 9.166725 ], [ -60.692421, 9.166505 ], [ -60.692184, 9.166278 ], [ -60.691830, 9.165825 ], [ -60.691593, 9.165479 ], [ -60.691124, 9.165142 ], [ -60.690773, 9.164805 ], [ -60.690300, 9.164242 ], [ -60.690178, 9.163897 ], [ -60.689827, 9.163561 ], [ -60.689472, 9.163107 ], [ -60.689003, 9.162878 ], [ -60.688885, 9.162534 ], [ -60.687824, 9.161514 ], [ -60.687240, 9.161068 ], [ -60.687004, 9.160723 ], [ -60.686535, 9.160385 ], [ -60.686062, 9.159822 ], [ -60.685593, 9.159368 ], [ -60.685242, 9.159148 ], [ -60.684887, 9.158693 ], [ -60.684418, 9.158239 ], [ -60.684055, 9.157208 ], [ -60.683704, 9.156987 ], [ -60.683468, 9.156643 ], [ -60.683117, 9.156531 ], [ -60.682881, 9.156196 ], [ -60.682526, 9.155742 ], [ -60.681587, 9.155058 ], [ -60.681236, 9.154720 ], [ -60.680996, 9.154150 ], [ -60.680641, 9.153696 ], [ -60.680401, 9.153242 ], [ -60.680168, 9.153015 ], [ -60.680046, 9.152672 ], [ -60.679810, 9.152335 ], [ -60.679688, 9.151991 ], [ -60.679451, 9.151646 ], [ -60.679325, 9.151076 ], [ -60.679203, 9.150731 ], [ -60.679081, 9.150269 ], [ -60.679070, 9.149583 ], [ -60.678948, 9.149130 ], [ -60.678928, 9.147973 ], [ -60.679039, 9.147630 ], [ -60.679146, 9.147170 ], [ -60.679142, 9.146827 ], [ -60.679253, 9.146475 ], [ -60.679245, 9.146132 ], [ -60.679356, 9.145788 ], [ -60.679581, 9.145437 ], [ -60.679691, 9.145095 ], [ -60.679916, 9.144626 ], [ -60.679909, 9.144283 ], [ -60.680130, 9.143587 ], [ -60.680351, 9.143129 ], [ -60.680462, 9.142786 ], [ -60.680786, 9.141396 ], [ -60.680889, 9.140592 ], [ -60.681106, 9.139672 ], [ -60.681202, 9.138515 ], [ -60.681313, 9.138173 ], [ -60.681419, 9.137713 ], [ -60.681416, 9.137369 ], [ -60.681522, 9.136909 ], [ -60.681507, 9.135987 ], [ -60.681614, 9.135409 ], [ -60.681606, 9.135066 ], [ -60.681717, 9.134714 ], [ -60.681824, 9.134146 ], [ -60.681816, 9.133685 ], [ -60.681923, 9.133224 ], [ -60.681919, 9.132763 ], [ -60.682030, 9.132411 ], [ -60.682136, 9.131951 ], [ -60.682247, 9.131609 ], [ -60.682354, 9.131148 ], [ -60.682346, 9.130687 ], [ -60.682457, 9.130228 ], [ -60.682678, 9.129651 ], [ -60.682671, 9.129307 ], [ -60.682781, 9.128837 ], [ -60.683006, 9.128495 ], [ -60.683106, 9.127574 ], [ -60.683327, 9.126997 ], [ -60.683433, 9.126419 ], [ -60.683418, 9.125498 ], [ -60.683529, 9.125155 ], [ -60.683525, 9.124811 ], [ -60.683750, 9.124578 ], [ -60.683861, 9.124108 ], [ -60.684082, 9.123766 ], [ -60.684307, 9.123298 ], [ -60.684986, 9.122254 ], [ -60.685330, 9.122021 ], [ -60.685536, 9.121806 ], [ -60.685455, 9.121462 ], [ -60.685314, 9.120773 ], [ -60.685181, 9.120204 ], [ -60.684887, 9.118375 ], [ -60.684628, 9.117579 ], [ -60.684490, 9.117009 ], [ -60.684471, 9.116430 ], [ -60.684208, 9.115525 ], [ -60.684067, 9.114837 ], [ -60.683930, 9.114265 ], [ -60.683777, 9.113118 ], [ -60.682964, 9.109697 ], [ -60.682945, 9.109127 ], [ -60.682690, 9.108438 ], [ -60.682671, 9.107869 ], [ -60.682510, 9.106603 ], [ -60.682121, 9.105471 ], [ -60.681976, 9.104557 ], [ -60.681923, 9.103065 ], [ -60.681782, 9.102261 ], [ -60.681644, 9.101689 ], [ -60.681618, 9.100929 ], [ -60.680706, 9.101060 ], [ -60.679318, 9.101078 ], [ -60.677685, 9.100417 ], [ -60.676983, 9.099853 ], [ -60.676510, 9.099289 ], [ -60.676037, 9.098491 ], [ -60.675556, 9.097575 ], [ -60.675430, 9.096769 ], [ -60.675304, 9.096082 ], [ -60.675171, 9.095168 ], [ -60.675041, 9.094363 ], [ -60.674801, 9.093793 ], [ -60.674675, 9.092996 ], [ -60.674648, 9.091496 ], [ -60.674522, 9.090808 ], [ -60.674393, 9.090012 ], [ -60.674339, 9.086794 ], [ -60.674210, 9.085871 ], [ -60.674198, 9.085184 ], [ -60.673717, 9.084043 ], [ -60.673588, 9.083128 ], [ -60.673344, 9.082558 ], [ -60.673218, 9.081753 ], [ -60.673191, 9.080144 ], [ -60.673412, 9.079567 ], [ -60.673515, 9.078763 ], [ -60.673737, 9.078068 ], [ -60.673958, 9.077491 ], [ -60.674179, 9.076797 ], [ -60.674400, 9.076221 ], [ -60.674732, 9.075526 ], [ -60.675644, 9.074593 ], [ -60.676216, 9.074234 ], [ -60.676903, 9.073770 ], [ -60.677467, 9.072949 ], [ -60.677807, 9.072373 ], [ -60.678825, 9.071096 ], [ -60.679390, 9.070277 ], [ -60.680073, 9.069468 ], [ -60.680523, 9.068885 ], [ -60.680981, 9.068417 ], [ -60.681431, 9.067833 ], [ -60.681652, 9.067254 ], [ -60.682110, 9.066788 ], [ -60.682446, 9.066212 ], [ -60.682781, 9.065518 ], [ -60.683003, 9.064823 ], [ -60.683338, 9.064130 ], [ -60.683674, 9.063554 ], [ -60.684341, 9.061813 ], [ -60.684914, 9.061464 ], [ -60.685604, 9.061334 ], [ -60.685917, 9.061335 ], [ -60.686924, 9.060456 ], [ -60.687485, 9.059980 ], [ -60.687816, 9.059513 ], [ -60.688263, 9.059036 ], [ -60.689938, 9.057259 ], [ -60.690506, 9.057008 ], [ -60.691067, 9.056523 ], [ -60.691631, 9.056165 ], [ -60.692196, 9.055680 ], [ -60.692760, 9.055324 ], [ -60.693550, 9.054722 ], [ -60.694000, 9.054355 ], [ -60.694683, 9.053989 ], [ -60.695244, 9.053513 ], [ -60.696041, 9.053139 ], [ -60.697163, 9.052179 ], [ -60.697842, 9.051703 ], [ -60.698399, 9.051111 ], [ -60.699082, 9.050735 ], [ -60.699528, 9.050259 ], [ -60.699978, 9.049900 ], [ -60.701565, 9.049043 ], [ -60.702133, 9.048685 ], [ -60.702812, 9.048309 ], [ -60.703381, 9.047952 ], [ -60.704056, 9.047467 ], [ -60.704506, 9.047110 ], [ -60.705193, 9.046851 ], [ -60.705761, 9.046601 ], [ -60.706337, 9.046588 ], [ -60.707039, 9.046674 ], [ -60.707615, 9.046659 ], [ -60.708561, 9.047315 ], [ -60.709160, 9.047870 ], [ -60.709755, 9.048308 ], [ -60.710228, 9.048636 ], [ -60.710705, 9.048938 ], [ -60.711075, 9.048994 ], [ -60.711659, 9.049333 ], [ -60.712364, 9.049897 ], [ -60.712871, 9.050478 ], [ -60.713551, 9.051062 ], [ -60.714127, 9.051589 ], [ -60.714714, 9.052161 ], [ -60.714954, 9.052733 ], [ -60.715317, 9.053531 ], [ -60.715740, 9.054093 ], [ -60.716568, 9.054641 ], [ -60.717159, 9.054961 ], [ -60.719193, 9.056854 ], [ -60.719555, 9.057299 ], [ -60.720158, 9.058081 ], [ -60.720760, 9.058752 ], [ -60.721233, 9.059081 ], [ -60.721836, 9.059753 ], [ -60.722435, 9.060308 ], [ -60.723885, 9.062098 ], [ -60.724358, 9.062426 ], [ -60.724850, 9.063215 ], [ -60.725334, 9.063779 ], [ -60.725811, 9.064216 ], [ -60.726177, 9.064778 ], [ -60.726776, 9.065334 ], [ -60.727257, 9.065896 ], [ -60.727974, 9.066562 ], [ -60.728569, 9.066999 ], [ -60.729046, 9.067444 ], [ -60.729751, 9.067765 ], [ -60.730232, 9.068328 ], [ -60.731190, 9.069211 ], [ -60.732014, 9.069650 ], [ -60.732613, 9.070205 ], [ -60.733089, 9.070534 ], [ -60.733566, 9.070979 ], [ -60.734398, 9.071635 ], [ -60.734871, 9.071963 ], [ -60.735352, 9.072410 ], [ -60.735825, 9.072737 ], [ -60.736645, 9.073059 ], [ -60.737354, 9.073498 ], [ -60.738178, 9.073927 ], [ -60.738766, 9.074139 ], [ -60.739700, 9.074334 ], [ -60.740864, 9.074522 ], [ -60.741791, 9.074609 ], [ -60.742489, 9.074704 ], [ -60.743309, 9.075015 ], [ -60.744240, 9.075220 ], [ -60.745056, 9.075307 ], [ -60.745865, 9.075276 ], [ -60.746678, 9.075363 ], [ -60.750607, 9.075233 ], [ -60.751186, 9.075327 ], [ -60.751885, 9.075420 ], [ -60.752579, 9.075398 ], [ -60.753391, 9.075486 ], [ -60.754433, 9.075447 ], [ -60.755348, 9.075190 ], [ -60.755810, 9.075174 ], [ -60.756031, 9.074716 ], [ -60.756600, 9.074131 ], [ -60.756943, 9.073898 ], [ -60.757168, 9.073547 ], [ -60.757397, 9.073314 ], [ -60.757740, 9.073080 ], [ -60.757965, 9.072846 ], [ -60.758194, 9.072496 ], [ -60.758419, 9.072263 ], [ -60.758758, 9.071795 ], [ -60.758987, 9.071561 ], [ -60.759331, 9.071327 ], [ -60.759781, 9.070634 ], [ -60.760239, 9.070285 ], [ -60.760578, 9.069818 ], [ -60.761028, 9.069115 ], [ -60.762051, 9.068073 ], [ -60.762390, 9.067604 ], [ -60.762619, 9.067371 ], [ -60.763077, 9.067021 ], [ -60.763302, 9.066787 ], [ -60.763527, 9.066319 ], [ -60.763866, 9.065969 ], [ -60.764206, 9.065509 ], [ -60.765003, 9.064693 ], [ -60.765228, 9.064342 ], [ -60.765457, 9.064107 ], [ -60.765911, 9.063758 ], [ -60.766251, 9.063290 ], [ -60.766705, 9.062823 ], [ -60.767044, 9.062246 ], [ -60.767273, 9.062013 ], [ -60.767609, 9.061545 ], [ -60.767838, 9.061202 ], [ -60.768059, 9.060734 ], [ -60.768398, 9.060266 ], [ -60.768624, 9.059806 ], [ -60.769074, 9.059221 ], [ -60.769302, 9.058989 ], [ -60.769527, 9.058646 ], [ -60.769867, 9.058061 ], [ -60.770317, 9.057485 ], [ -60.770428, 9.057133 ], [ -60.770653, 9.056674 ], [ -60.771107, 9.056207 ], [ -60.771213, 9.055746 ], [ -60.771774, 9.054584 ], [ -60.771999, 9.054350 ], [ -60.772110, 9.054008 ], [ -60.772335, 9.053548 ], [ -60.772678, 9.053306 ], [ -60.772671, 9.052961 ], [ -60.772782, 9.052619 ], [ -60.773007, 9.052151 ], [ -60.773563, 9.051114 ], [ -60.774120, 9.049727 ], [ -60.774452, 9.048797 ], [ -60.774563, 9.048454 ], [ -60.774788, 9.047985 ], [ -60.775238, 9.047292 ], [ -60.775349, 9.046949 ], [ -60.775574, 9.046716 ], [ -60.775570, 9.046364 ], [ -60.775910, 9.045905 ], [ -60.776016, 9.045552 ], [ -60.776352, 9.044750 ], [ -60.776691, 9.044283 ], [ -60.776916, 9.043931 ], [ -60.777595, 9.043004 ], [ -60.777820, 9.042771 ], [ -60.778725, 9.041374 ], [ -60.779060, 9.040907 ], [ -60.779289, 9.040566 ], [ -60.779511, 9.040096 ], [ -60.779739, 9.039863 ], [ -60.779965, 9.039517 ], [ -60.780304, 9.039053 ], [ -60.780754, 9.038356 ], [ -60.781094, 9.037890 ], [ -60.781658, 9.036963 ], [ -60.781998, 9.036498 ], [ -60.782104, 9.036152 ], [ -60.782329, 9.035688 ], [ -60.782898, 9.035105 ], [ -60.783123, 9.034757 ], [ -60.783920, 9.033940 ], [ -60.784027, 9.033479 ], [ -60.784824, 9.032661 ], [ -60.784931, 9.032314 ], [ -60.785275, 9.031964 ], [ -60.785954, 9.031034 ], [ -60.786408, 9.030567 ], [ -60.786518, 9.030222 ], [ -60.786858, 9.029871 ], [ -60.787083, 9.029408 ], [ -60.787533, 9.028711 ], [ -60.787872, 9.028245 ], [ -60.788093, 9.027669 ], [ -60.788322, 9.027435 ], [ -60.788735, 9.026905 ], [ -60.788586, 9.026573 ], [ -60.788155, 9.024172 ], [ -60.788136, 9.023599 ], [ -60.787983, 9.022568 ], [ -60.787846, 9.021997 ], [ -60.787693, 9.020852 ], [ -60.787621, 9.018785 ], [ -60.787075, 9.016503 ], [ -60.786930, 9.015587 ], [ -60.786671, 9.014792 ], [ -60.786644, 9.014103 ], [ -60.786224, 9.011931 ], [ -60.786068, 9.010787 ], [ -60.785805, 9.009875 ], [ -60.785660, 9.009076 ], [ -60.785519, 9.008389 ], [ -60.785385, 9.007819 ], [ -60.785240, 9.007020 ], [ -60.784988, 9.006453 ], [ -60.784733, 9.005771 ], [ -60.784462, 9.004631 ], [ -60.784206, 9.003949 ], [ -60.783943, 9.003037 ], [ -60.783806, 9.002352 ], [ -60.783783, 9.001778 ], [ -60.783402, 9.000756 ], [ -60.783256, 8.999956 ], [ -60.783237, 8.999380 ], [ -60.782829, 8.997669 ], [ -60.782799, 8.996751 ], [ -60.782742, 8.996436 ], [ -60.782486, 8.996634 ], [ -60.781792, 8.996645 ], [ -60.781212, 8.996425 ], [ -60.780514, 8.996319 ], [ -60.779930, 8.996098 ], [ -60.779461, 8.995647 ], [ -60.779453, 8.995071 ], [ -60.779667, 8.993919 ], [ -60.779888, 8.993341 ], [ -60.780334, 8.992530 ], [ -60.780556, 8.991837 ], [ -60.780777, 8.991258 ], [ -60.780422, 8.990805 ], [ -60.779839, 8.990469 ], [ -60.779259, 8.990478 ], [ -60.778679, 8.990257 ], [ -60.777981, 8.989923 ], [ -60.777397, 8.989702 ], [ -60.776928, 8.989365 ], [ -60.776230, 8.989031 ], [ -60.775646, 8.988810 ], [ -60.775062, 8.988474 ], [ -60.774364, 8.988140 ], [ -60.773781, 8.987920 ], [ -60.772964, 8.987473 ], [ -60.772266, 8.987138 ], [ -60.771797, 8.986686 ], [ -60.771213, 8.986350 ], [ -60.770622, 8.985785 ], [ -60.770039, 8.985449 ], [ -60.768624, 8.983747 ], [ -60.768154, 8.983294 ], [ -60.767910, 8.982609 ], [ -60.767555, 8.982040 ], [ -60.767429, 8.981467 ], [ -60.767422, 8.980892 ], [ -60.767296, 8.980320 ], [ -60.767284, 8.979745 ], [ -60.767391, 8.979168 ], [ -60.767609, 8.978361 ], [ -60.767944, 8.977550 ], [ -60.768047, 8.976860 ], [ -60.768154, 8.976282 ], [ -60.768597, 8.975127 ], [ -60.768803, 8.974696 ], [ -60.768467, 8.973887 ], [ -60.768322, 8.973087 ], [ -60.767914, 8.971375 ], [ -60.767769, 8.970460 ], [ -60.767742, 8.969770 ], [ -60.767605, 8.969086 ], [ -60.767468, 8.968515 ], [ -60.767448, 8.967942 ], [ -60.767296, 8.966911 ], [ -60.767227, 8.964958 ], [ -60.767074, 8.963927 ], [ -60.766937, 8.963243 ], [ -60.766800, 8.962672 ], [ -60.766766, 8.961638 ], [ -60.766628, 8.961068 ], [ -60.766605, 8.960379 ], [ -60.766335, 8.959237 ], [ -60.766296, 8.958203 ], [ -60.766147, 8.957289 ], [ -60.766014, 8.956718 ], [ -60.765987, 8.956029 ], [ -60.765724, 8.955118 ], [ -60.765438, 8.953517 ], [ -60.765278, 8.952257 ], [ -60.764999, 8.950887 ], [ -60.764973, 8.950084 ], [ -60.764713, 8.949286 ], [ -60.764694, 8.948712 ], [ -60.764397, 8.946882 ], [ -60.764256, 8.946197 ], [ -60.764122, 8.945627 ], [ -60.764095, 8.944937 ], [ -60.763962, 8.944366 ], [ -60.763939, 8.943677 ], [ -60.764263, 8.943090 ], [ -60.764347, 8.942168 ], [ -60.764660, 8.941237 ], [ -60.764721, 8.940592 ], [ -60.764320, 8.940598 ], [ -60.763622, 8.940379 ], [ -60.763038, 8.940274 ], [ -60.762344, 8.940055 ], [ -60.761875, 8.939717 ], [ -60.761402, 8.939151 ], [ -60.760933, 8.938698 ], [ -60.760349, 8.938247 ], [ -60.759995, 8.937793 ], [ -60.759636, 8.937223 ], [ -60.759514, 8.936651 ], [ -60.759503, 8.936077 ], [ -60.759606, 8.935386 ], [ -60.759598, 8.934811 ], [ -60.759933, 8.934231 ], [ -60.759895, 8.933923 ], [ -60.759186, 8.933486 ], [ -60.758591, 8.933046 ], [ -60.758225, 8.932484 ], [ -60.757752, 8.932155 ], [ -60.757149, 8.931484 ], [ -60.756557, 8.931046 ], [ -60.756069, 8.930371 ], [ -60.755478, 8.929931 ], [ -60.754997, 8.929487 ], [ -60.754276, 8.928706 ], [ -60.752964, 8.927485 ], [ -60.752602, 8.927038 ], [ -60.751881, 8.926372 ], [ -60.750793, 8.925029 ], [ -60.750309, 8.924356 ], [ -60.749584, 8.923459 ], [ -60.749218, 8.922896 ], [ -60.748734, 8.922338 ], [ -60.748367, 8.921775 ], [ -60.747887, 8.921216 ], [ -60.747524, 8.920769 ], [ -60.746910, 8.919754 ], [ -60.746548, 8.919307 ], [ -60.746296, 8.918739 ], [ -60.745685, 8.917840 ], [ -60.745319, 8.917277 ], [ -60.744831, 8.916489 ], [ -60.744347, 8.915930 ], [ -60.743870, 8.915486 ], [ -60.743507, 8.915038 ], [ -60.743011, 8.914135 ], [ -60.742291, 8.913354 ], [ -60.741688, 8.912684 ], [ -60.741440, 8.912118 ], [ -60.740723, 8.911451 ], [ -60.740116, 8.910667 ], [ -60.739754, 8.910219 ], [ -60.738789, 8.909102 ], [ -60.738186, 8.908431 ], [ -60.737472, 8.907880 ], [ -60.737106, 8.907317 ], [ -60.736275, 8.906656 ], [ -60.735794, 8.906097 ], [ -60.734238, 8.904655 ], [ -60.733650, 8.904329 ], [ -60.733288, 8.903881 ], [ -60.732811, 8.903552 ], [ -60.731140, 8.901999 ], [ -60.730549, 8.901673 ], [ -60.729946, 8.901003 ], [ -60.729466, 8.900445 ], [ -60.728756, 8.900009 ], [ -60.728161, 8.899454 ], [ -60.727676, 8.898895 ], [ -60.727310, 8.898333 ], [ -60.726826, 8.897658 ], [ -60.726334, 8.896870 ], [ -60.725967, 8.896307 ], [ -60.725593, 8.895515 ], [ -60.725227, 8.894952 ], [ -60.724976, 8.894385 ], [ -60.724609, 8.893824 ], [ -60.724113, 8.892804 ], [ -60.723923, 8.892462 ], [ -60.723694, 8.892162 ], [ -60.723179, 8.891174 ], [ -60.722767, 8.890665 ], [ -60.722164, 8.889995 ], [ -60.721565, 8.889441 ], [ -60.721195, 8.888762 ], [ -60.720715, 8.888204 ], [ -60.720329, 8.887181 ], [ -60.719841, 8.886393 ], [ -60.719704, 8.885822 ], [ -60.719456, 8.885256 ], [ -60.719196, 8.884574 ], [ -60.718948, 8.884007 ], [ -60.718693, 8.883327 ], [ -60.718555, 8.882756 ], [ -60.718052, 8.881507 ], [ -60.717915, 8.880938 ], [ -60.717430, 8.879640 ], [ -60.717155, 8.879007 ], [ -60.717014, 8.878322 ], [ -60.716866, 8.877923 ], [ -60.716633, 8.877300 ], [ -60.716263, 8.876623 ], [ -60.716125, 8.876052 ], [ -60.715755, 8.875375 ], [ -60.715252, 8.874242 ], [ -60.714874, 8.873334 ], [ -60.713886, 8.871528 ], [ -60.713280, 8.870743 ], [ -60.712517, 8.868698 ], [ -60.712379, 8.868128 ], [ -60.712124, 8.867447 ], [ -60.711872, 8.866880 ], [ -60.711498, 8.866087 ], [ -60.711243, 8.865406 ], [ -60.710865, 8.864499 ], [ -60.710365, 8.863366 ], [ -60.709854, 8.862002 ], [ -60.709484, 8.861325 ], [ -60.709225, 8.860528 ], [ -60.708721, 8.859396 ], [ -60.708588, 8.858825 ], [ -60.708214, 8.858032 ], [ -60.707962, 8.857466 ], [ -60.707699, 8.856555 ], [ -60.707199, 8.855537 ], [ -60.706944, 8.854740 ], [ -60.706684, 8.854059 ], [ -60.706322, 8.853611 ], [ -60.706066, 8.852815 ], [ -60.705425, 8.851111 ], [ -60.705292, 8.850540 ], [ -60.704922, 8.849863 ], [ -60.704670, 8.849297 ], [ -60.704403, 8.848270 ], [ -60.704147, 8.847590 ], [ -60.704010, 8.846903 ], [ -60.703628, 8.845996 ], [ -60.703495, 8.845426 ], [ -60.703228, 8.844399 ], [ -60.703087, 8.843715 ], [ -60.702827, 8.842918 ], [ -60.702576, 8.842352 ], [ -60.702557, 8.841778 ], [ -60.702416, 8.840977 ], [ -60.702385, 8.840173 ], [ -60.702251, 8.839602 ], [ -60.702099, 8.838572 ], [ -60.701954, 8.834438 ], [ -60.702042, 8.833630 ], [ -60.702019, 8.832941 ], [ -60.702114, 8.832362 ], [ -60.702045, 8.830409 ], [ -60.702137, 8.829717 ], [ -60.702087, 8.828361 ], [ -60.701756, 8.828476 ], [ -60.701416, 8.828826 ], [ -60.701256, 8.829946 ], [ -60.701157, 8.830705 ], [ -60.700874, 8.830898 ], [ -60.700180, 8.830909 ], [ -60.699711, 8.830687 ], [ -60.699470, 8.830116 ], [ -60.699348, 8.829658 ], [ -60.699341, 8.829198 ], [ -60.699219, 8.828740 ], [ -60.699146, 8.824374 ], [ -60.699020, 8.823915 ], [ -60.699013, 8.823342 ], [ -60.698887, 8.822654 ], [ -60.697830, 8.821636 ], [ -60.697243, 8.821185 ], [ -60.696777, 8.820963 ], [ -60.696541, 8.820621 ], [ -60.696194, 8.820626 ], [ -60.696072, 8.820284 ], [ -60.695725, 8.820174 ], [ -60.695488, 8.819948 ], [ -60.694084, 8.818936 ], [ -60.693733, 8.818711 ], [ -60.693615, 8.818369 ], [ -60.693260, 8.818028 ], [ -60.692325, 8.817354 ], [ -60.691974, 8.817014 ], [ -60.691505, 8.816677 ], [ -60.691158, 8.816567 ], [ -60.690922, 8.816226 ], [ -60.690452, 8.815889 ], [ -60.690330, 8.815547 ], [ -60.689980, 8.815321 ], [ -60.689743, 8.814865 ], [ -60.688686, 8.813848 ], [ -60.688217, 8.813510 ], [ -60.687866, 8.813285 ], [ -60.687397, 8.812948 ], [ -60.687161, 8.812607 ], [ -60.686814, 8.812497 ], [ -60.686463, 8.812272 ], [ -60.686112, 8.812162 ], [ -60.685757, 8.811708 ], [ -60.685524, 8.811482 ], [ -60.684471, 8.810809 ], [ -60.684002, 8.810357 ], [ -60.683655, 8.810247 ], [ -60.683304, 8.810022 ], [ -60.682716, 8.809458 ], [ -60.682133, 8.809121 ], [ -60.681309, 8.808330 ], [ -60.680958, 8.807876 ], [ -60.680721, 8.807650 ], [ -60.680599, 8.807306 ], [ -60.680248, 8.806967 ], [ -60.680126, 8.806623 ], [ -60.679890, 8.806169 ], [ -60.679768, 8.805710 ], [ -60.679409, 8.805140 ], [ -60.679405, 8.804796 ], [ -60.679275, 8.804109 ], [ -60.679157, 8.803765 ], [ -60.678913, 8.803195 ], [ -60.678909, 8.802850 ], [ -60.678787, 8.802506 ], [ -60.678783, 8.802162 ], [ -60.679005, 8.801584 ], [ -60.678997, 8.801240 ], [ -60.679337, 8.800775 ], [ -60.679676, 8.800425 ], [ -60.680325, 8.799983 ], [ -60.680046, 8.799638 ], [ -60.679791, 8.798956 ], [ -60.679646, 8.798041 ], [ -60.679508, 8.797471 ], [ -60.679363, 8.796670 ], [ -60.679318, 8.795292 ], [ -60.679173, 8.794492 ], [ -60.679161, 8.794118 ], [ -60.678413, 8.793900 ], [ -60.677834, 8.793793 ], [ -60.677486, 8.793798 ], [ -60.676899, 8.793233 ], [ -60.676434, 8.792894 ], [ -60.676190, 8.792210 ], [ -60.675953, 8.791983 ], [ -60.675831, 8.791525 ], [ -60.675476, 8.790956 ], [ -60.675240, 8.790615 ], [ -60.674770, 8.790278 ], [ -60.674190, 8.790172 ], [ -60.673843, 8.790061 ], [ -60.673374, 8.789840 ], [ -60.672333, 8.789510 ], [ -60.671982, 8.789287 ], [ -60.671627, 8.788946 ], [ -60.670692, 8.788272 ], [ -60.670341, 8.787932 ], [ -60.669872, 8.787596 ], [ -60.669403, 8.787142 ], [ -60.669052, 8.786918 ], [ -60.668816, 8.786462 ], [ -60.668457, 8.785893 ], [ -60.668335, 8.785549 ], [ -60.668327, 8.785089 ], [ -60.668202, 8.784517 ], [ -60.668083, 8.784174 ], [ -60.667824, 8.783948 ], [ -60.667126, 8.783856 ], [ -60.666317, 8.783768 ], [ -60.665623, 8.783792 ], [ -60.665043, 8.783695 ], [ -60.664223, 8.783493 ], [ -60.663532, 8.783517 ], [ -60.662945, 8.783306 ], [ -60.662250, 8.783215 ], [ -60.661327, 8.783246 ], [ -60.660526, 8.783502 ], [ -60.659836, 8.783641 ], [ -60.659263, 8.783773 ], [ -60.658459, 8.783916 ], [ -60.657768, 8.784055 ], [ -60.657192, 8.784074 ], [ -60.656383, 8.783987 ], [ -60.655800, 8.783891 ], [ -60.655109, 8.784028 ], [ -60.654194, 8.784289 ], [ -60.652347, 8.784352 ], [ -60.651768, 8.784256 ], [ -60.650371, 8.784073 ], [ -60.649792, 8.783977 ], [ -60.649208, 8.783767 ], [ -60.648510, 8.783675 ], [ -60.647339, 8.783255 ], [ -60.646751, 8.782929 ], [ -60.646164, 8.782719 ], [ -60.645691, 8.782391 ], [ -60.644966, 8.781493 ], [ -60.644714, 8.780927 ], [ -60.644581, 8.780356 ], [ -60.644440, 8.779672 ], [ -60.644528, 8.778864 ], [ -60.644730, 8.778051 ], [ -60.644886, 8.777658 ], [ -60.644398, 8.777528 ], [ -60.643932, 8.777306 ], [ -60.643696, 8.777079 ], [ -60.643112, 8.776743 ], [ -60.642292, 8.775951 ], [ -60.642052, 8.775495 ], [ -60.641815, 8.775154 ], [ -60.641460, 8.774699 ], [ -60.641334, 8.774127 ], [ -60.641209, 8.773439 ], [ -60.641201, 8.772980 ], [ -60.641075, 8.772292 ], [ -60.641064, 8.771603 ], [ -60.641285, 8.771025 ], [ -60.641281, 8.770680 ], [ -60.641506, 8.770448 ], [ -60.641727, 8.769753 ], [ -60.641949, 8.769291 ], [ -60.642170, 8.768598 ], [ -60.642513, 8.768362 ], [ -60.642731, 8.767670 ], [ -60.643188, 8.767318 ], [ -60.643414, 8.766854 ], [ -60.643757, 8.766734 ], [ -60.644096, 8.766385 ], [ -60.644207, 8.766039 ], [ -60.644554, 8.765918 ], [ -60.644547, 8.765573 ], [ -60.644890, 8.765453 ], [ -60.645348, 8.764986 ], [ -60.645455, 8.764525 ], [ -60.645798, 8.764290 ], [ -60.646023, 8.763942 ], [ -60.646477, 8.763475 ], [ -60.646702, 8.763126 ], [ -60.646931, 8.762894 ], [ -60.647270, 8.762659 ], [ -60.647728, 8.762307 ], [ -60.648071, 8.761957 ], [ -60.648292, 8.761608 ], [ -60.648640, 8.761488 ], [ -60.648865, 8.761255 ], [ -60.649437, 8.760787 ], [ -60.649662, 8.760553 ], [ -60.649891, 8.760204 ], [ -60.650230, 8.759854 ], [ -60.650799, 8.759386 ], [ -60.651138, 8.758922 ], [ -60.651596, 8.758684 ], [ -60.651936, 8.758334 ], [ -60.652283, 8.758100 ], [ -60.652619, 8.757634 ], [ -60.653305, 8.757049 ], [ -60.653645, 8.756814 ], [ -60.653870, 8.756466 ], [ -60.654217, 8.756230 ], [ -60.654781, 8.755648 ], [ -60.655125, 8.755412 ], [ -60.655468, 8.755062 ], [ -60.655804, 8.754597 ], [ -60.656258, 8.754016 ], [ -60.656715, 8.753664 ], [ -60.657394, 8.752734 ], [ -60.657841, 8.751923 ], [ -60.658180, 8.751458 ], [ -60.658630, 8.750647 ], [ -60.658852, 8.750183 ], [ -60.659077, 8.749835 ], [ -60.659073, 8.749490 ], [ -60.659409, 8.748911 ], [ -60.659634, 8.748447 ], [ -60.659855, 8.748099 ], [ -60.659962, 8.747523 ], [ -60.660301, 8.746943 ], [ -60.660408, 8.746482 ], [ -60.660744, 8.745902 ], [ -60.660854, 8.745556 ], [ -60.661079, 8.744978 ], [ -60.661301, 8.744630 ], [ -60.661530, 8.744395 ], [ -60.661980, 8.743699 ], [ -60.662319, 8.743235 ], [ -60.662663, 8.743000 ], [ -60.663685, 8.741949 ], [ -60.663910, 8.741486 ], [ -60.664253, 8.741365 ], [ -60.664703, 8.740669 ], [ -60.665161, 8.740317 ], [ -60.665386, 8.739969 ], [ -60.665840, 8.739502 ], [ -60.666065, 8.739155 ], [ -60.666408, 8.739034 ], [ -60.666519, 8.738688 ], [ -60.666859, 8.738339 ], [ -60.667202, 8.738102 ], [ -60.667542, 8.737637 ], [ -60.667996, 8.737056 ], [ -60.668904, 8.736122 ], [ -60.669129, 8.735774 ], [ -60.669464, 8.735194 ], [ -60.669689, 8.734731 ], [ -60.669800, 8.734385 ], [ -60.670025, 8.734036 ], [ -60.670254, 8.733803 ], [ -60.670471, 8.733225 ], [ -60.670807, 8.732415 ], [ -60.671028, 8.731837 ], [ -60.671249, 8.731144 ], [ -60.671471, 8.730681 ], [ -60.671581, 8.730335 ], [ -60.672138, 8.729177 ], [ -60.672363, 8.728828 ], [ -60.672470, 8.728252 ], [ -60.672695, 8.727788 ], [ -60.672806, 8.727443 ], [ -60.672794, 8.726983 ], [ -60.673012, 8.726175 ], [ -60.673119, 8.725598 ], [ -60.673229, 8.725252 ], [ -60.673561, 8.724442 ], [ -60.673557, 8.724098 ], [ -60.673664, 8.723522 ], [ -60.673889, 8.723289 ], [ -60.674107, 8.722480 ], [ -60.674336, 8.722248 ], [ -60.674557, 8.721669 ], [ -60.674778, 8.721207 ], [ -60.674889, 8.720860 ], [ -60.674995, 8.720398 ], [ -60.675445, 8.719471 ], [ -60.675663, 8.718779 ], [ -60.675888, 8.718315 ], [ -60.676228, 8.717966 ], [ -60.676338, 8.717620 ], [ -60.676331, 8.717275 ], [ -60.676559, 8.717041 ], [ -60.676785, 8.716578 ], [ -60.676777, 8.716233 ], [ -60.677002, 8.715770 ], [ -60.677109, 8.715424 ], [ -60.677567, 8.715073 ], [ -60.677677, 8.714725 ], [ -60.678013, 8.714260 ], [ -60.678696, 8.713560 ], [ -60.678955, 8.713091 ], [ -60.678723, 8.711936 ], [ -60.678791, 8.710667 ], [ -60.678967, 8.709053 ], [ -60.679043, 8.707899 ], [ -60.679215, 8.706169 ], [ -60.679401, 8.705012 ], [ -60.679584, 8.703627 ], [ -60.679764, 8.702125 ], [ -60.679939, 8.700509 ], [ -60.680241, 8.699234 ], [ -60.680313, 8.697967 ], [ -60.680500, 8.696695 ], [ -60.680557, 8.695083 ], [ -60.680393, 8.690373 ], [ -60.680462, 8.688991 ], [ -60.680298, 8.687616 ], [ -60.680241, 8.686008 ], [ -60.680069, 8.684404 ], [ -60.679794, 8.683148 ], [ -60.679562, 8.681786 ], [ -60.678635, 8.681956 ], [ -60.677937, 8.681852 ], [ -60.677353, 8.681402 ], [ -60.676659, 8.681298 ], [ -60.676300, 8.680728 ], [ -60.676060, 8.680042 ], [ -60.675701, 8.679358 ], [ -60.675457, 8.678673 ], [ -60.675102, 8.678103 ], [ -60.674164, 8.677198 ], [ -60.673351, 8.676981 ], [ -60.672653, 8.676878 ], [ -60.671154, 8.676900 ], [ -60.670345, 8.676797 ], [ -60.668945, 8.676129 ], [ -60.668247, 8.675911 ], [ -60.667549, 8.675463 ], [ -60.666382, 8.674791 ], [ -60.665684, 8.674342 ], [ -60.665096, 8.673777 ], [ -60.664738, 8.673207 ], [ -60.664040, 8.672872 ], [ -60.663681, 8.672189 ], [ -60.663555, 8.671502 ], [ -60.663532, 8.670123 ], [ -60.663750, 8.669430 ], [ -60.663857, 8.668738 ], [ -60.663845, 8.668050 ], [ -60.663948, 8.667358 ], [ -60.663937, 8.666669 ], [ -60.663811, 8.665981 ], [ -60.663452, 8.665412 ], [ -60.662868, 8.664962 ], [ -60.662285, 8.664625 ], [ -60.661815, 8.664173 ], [ -60.660648, 8.663502 ], [ -60.659946, 8.663054 ], [ -60.659367, 8.662717 ], [ -60.658894, 8.662265 ], [ -60.658649, 8.661464 ], [ -60.658409, 8.660778 ], [ -60.658051, 8.660094 ], [ -60.657807, 8.659409 ], [ -60.657562, 8.658492 ], [ -60.657204, 8.657807 ], [ -60.657074, 8.657006 ], [ -60.656830, 8.656205 ], [ -60.656704, 8.655519 ], [ -60.656681, 8.654058 ], [ -60.651314, 8.652780 ], [ -60.651238, 8.653304 ], [ -60.650562, 8.654464 ], [ -60.650112, 8.655160 ], [ -60.649780, 8.655970 ], [ -60.648872, 8.656903 ], [ -60.647487, 8.657154 ], [ -60.646797, 8.657165 ], [ -60.646099, 8.656946 ], [ -60.644710, 8.656736 ], [ -60.644016, 8.656748 ], [ -60.643089, 8.656532 ], [ -60.642395, 8.656544 ], [ -60.641476, 8.656788 ], [ -60.640663, 8.656685 ], [ -60.639858, 8.656812 ], [ -60.637432, 8.656849 ], [ -60.636051, 8.657102 ], [ -60.635357, 8.657111 ], [ -60.634670, 8.657351 ], [ -60.633976, 8.657362 ], [ -60.633285, 8.657602 ], [ -60.632595, 8.657728 ], [ -60.631790, 8.657971 ], [ -60.631363, 8.658614 ], [ -60.631123, 8.659089 ], [ -60.630547, 8.659599 ], [ -60.629856, 8.659724 ], [ -60.629162, 8.659736 ], [ -60.628353, 8.659633 ], [ -60.627884, 8.659181 ], [ -60.627529, 8.658611 ], [ -60.627514, 8.657922 ], [ -60.627209, 8.657430 ], [ -60.624241, 8.657531 ], [ -60.623085, 8.657455 ], [ -60.621929, 8.657493 ], [ -60.620655, 8.657420 ], [ -60.619389, 8.657578 ], [ -60.618229, 8.657387 ], [ -60.616825, 8.656975 ], [ -60.615658, 8.656553 ], [ -60.614376, 8.656251 ], [ -60.613079, 8.655490 ], [ -60.611675, 8.655077 ], [ -60.610386, 8.654545 ], [ -60.608974, 8.653788 ], [ -60.606369, 8.652034 ], [ -60.605083, 8.651503 ], [ -60.603908, 8.651082 ], [ -60.602737, 8.650547 ], [ -60.601452, 8.650129 ], [ -60.599335, 8.649051 ], [ -60.598160, 8.648516 ], [ -60.597214, 8.647856 ], [ -60.596256, 8.646969 ], [ -60.595417, 8.646077 ], [ -60.594570, 8.644956 ], [ -60.593727, 8.643948 ], [ -60.591457, 8.641840 ], [ -60.590156, 8.640963 ], [ -60.589203, 8.640190 ], [ -60.587792, 8.639432 ], [ -60.586727, 8.638778 ], [ -60.585548, 8.638128 ], [ -60.583649, 8.636581 ], [ -60.582703, 8.635922 ], [ -60.581741, 8.634919 ], [ -60.580788, 8.634031 ], [ -60.580063, 8.633136 ], [ -60.579102, 8.632133 ], [ -60.578480, 8.630774 ], [ -60.577973, 8.629526 ], [ -60.577350, 8.628283 ], [ -60.577080, 8.627026 ], [ -60.576462, 8.625896 ], [ -60.576076, 8.624761 ], [ -60.576031, 8.623497 ], [ -60.576103, 8.622230 ], [ -60.576523, 8.621065 ], [ -60.577187, 8.620123 ], [ -60.578427, 8.619277 ], [ -60.579681, 8.618774 ], [ -60.581169, 8.618381 ], [ -60.582313, 8.618112 ], [ -60.583576, 8.617840 ], [ -60.584843, 8.617682 ], [ -60.586220, 8.617406 ], [ -60.587719, 8.617355 ], [ -60.590248, 8.617042 ], [ -60.591976, 8.616869 ], [ -60.593475, 8.616817 ], [ -60.594853, 8.616542 ], [ -60.596115, 8.616269 ], [ -60.597374, 8.615882 ], [ -60.598515, 8.615499 ], [ -60.599769, 8.614997 ], [ -60.601028, 8.614724 ], [ -60.602173, 8.614341 ], [ -60.603428, 8.613955 ], [ -60.604328, 8.613235 ], [ -60.604752, 8.612070 ], [ -60.605286, 8.610902 ], [ -60.605949, 8.609960 ], [ -60.606602, 8.608788 ], [ -60.607258, 8.607731 ], [ -60.608322, 8.605166 ], [ -60.608284, 8.604016 ], [ -60.607891, 8.602765 ], [ -60.607506, 8.601628 ], [ -60.606884, 8.600384 ], [ -60.606384, 8.599251 ], [ -60.605995, 8.598113 ], [ -60.605488, 8.596750 ], [ -60.605087, 8.595155 ], [ -60.604702, 8.594017 ], [ -60.604305, 8.592651 ], [ -60.604034, 8.591510 ], [ -60.603752, 8.590025 ], [ -60.603477, 8.588768 ], [ -60.603199, 8.587398 ], [ -60.602917, 8.585912 ], [ -60.602405, 8.584550 ], [ -60.602001, 8.582838 ], [ -60.601608, 8.581471 ], [ -60.600929, 8.578619 ], [ -60.600536, 8.577252 ], [ -60.600254, 8.575768 ], [ -60.599743, 8.574405 ], [ -60.599468, 8.573148 ], [ -60.599083, 8.572011 ], [ -60.598690, 8.570760 ], [ -60.597919, 8.568485 ], [ -60.596763, 8.565189 ], [ -60.596256, 8.563827 ], [ -60.595623, 8.562238 ], [ -60.594486, 8.559401 ], [ -60.594254, 8.558902 ], [ -60.593651, 8.558739 ], [ -60.592586, 8.557970 ], [ -60.591301, 8.557552 ], [ -60.589088, 8.557053 ], [ -60.587219, 8.556425 ], [ -60.585934, 8.556008 ], [ -60.584541, 8.555824 ], [ -60.583271, 8.555867 ], [ -60.581993, 8.555680 ], [ -60.580360, 8.555161 ], [ -60.579086, 8.555087 ], [ -60.577579, 8.554908 ], [ -60.576164, 8.554150 ], [ -60.574986, 8.553500 ], [ -60.573216, 8.552410 ], [ -60.571335, 8.551437 ], [ -60.570167, 8.551132 ], [ -60.568661, 8.550952 ], [ -60.567039, 8.550777 ], [ -60.565651, 8.550823 ], [ -60.564026, 8.550532 ], [ -60.562393, 8.550126 ], [ -60.560536, 8.549844 ], [ -60.559139, 8.549546 ], [ -60.557633, 8.549366 ], [ -60.554962, 8.548996 ], [ -60.553803, 8.548919 ], [ -60.552635, 8.548498 ], [ -60.551010, 8.548323 ], [ -60.549503, 8.548142 ], [ -60.548340, 8.547952 ], [ -60.547176, 8.547646 ], [ -60.545429, 8.547245 ], [ -60.543694, 8.547188 ], [ -60.542191, 8.547123 ], [ -60.540451, 8.546951 ], [ -60.538952, 8.547002 ], [ -60.535831, 8.546990 ], [ -60.534443, 8.546923 ], [ -60.532482, 8.546988 ], [ -60.530632, 8.546934 ], [ -60.528671, 8.546999 ], [ -60.526814, 8.546716 ], [ -60.525654, 8.546640 ], [ -60.524151, 8.546576 ], [ -60.522408, 8.546288 ], [ -60.521008, 8.545876 ], [ -60.519840, 8.545569 ], [ -60.518776, 8.544801 ], [ -60.517826, 8.544027 ], [ -60.516537, 8.543494 ], [ -60.514797, 8.543323 ], [ -60.513390, 8.542680 ], [ -60.511639, 8.542164 ], [ -60.510345, 8.541516 ], [ -60.509395, 8.540743 ], [ -60.508896, 8.539610 ], [ -60.508282, 8.538595 ], [ -60.507438, 8.537588 ], [ -60.506371, 8.536820 ], [ -60.505417, 8.535932 ], [ -60.504227, 8.534936 ], [ -60.503151, 8.533822 ], [ -60.501961, 8.532827 ], [ -60.501122, 8.531935 ], [ -60.499943, 8.531284 ], [ -60.497612, 8.530673 ], [ -60.496563, 8.530363 ], [ -60.495747, 8.530160 ], [ -60.494606, 8.530542 ], [ -60.493465, 8.531039 ], [ -60.492451, 8.531764 ], [ -60.491440, 8.532602 ], [ -60.490311, 8.533330 ], [ -60.489414, 8.534164 ], [ -60.488293, 8.535123 ], [ -60.485764, 8.535436 ], [ -60.484600, 8.535130 ], [ -60.483540, 8.534590 ], [ -60.482700, 8.533698 ], [ -60.481750, 8.532925 ], [ -60.480675, 8.531925 ], [ -60.480064, 8.530911 ], [ -60.478386, 8.529127 ], [ -60.477440, 8.528469 ], [ -60.476269, 8.528048 ], [ -60.475323, 8.527390 ], [ -60.474373, 8.526616 ], [ -60.472019, 8.525430 ], [ -60.470734, 8.524898 ], [ -60.469566, 8.524591 ], [ -60.468407, 8.524515 ], [ -60.467037, 8.524905 ], [ -60.465901, 8.525518 ], [ -60.464535, 8.526023 ], [ -60.463398, 8.526522 ], [ -60.462383, 8.527360 ], [ -60.461487, 8.528080 ], [ -60.460476, 8.528918 ], [ -60.459461, 8.529641 ], [ -60.458450, 8.530480 ], [ -60.457443, 8.531433 ], [ -60.456341, 8.532965 ], [ -60.455685, 8.534021 ], [ -60.455143, 8.535074 ], [ -60.454388, 8.536594 ], [ -60.453964, 8.537757 ], [ -60.453434, 8.539041 ], [ -60.452892, 8.540093 ], [ -60.452149, 8.541958 ], [ -60.451500, 8.543359 ], [ -60.450867, 8.544990 ], [ -60.450100, 8.546281 ], [ -60.449345, 8.547799 ], [ -60.448586, 8.549205 ], [ -60.447819, 8.550495 ], [ -60.447407, 8.551888 ], [ -60.446983, 8.553052 ], [ -60.446915, 8.554435 ], [ -60.446617, 8.555824 ], [ -60.446434, 8.557210 ], [ -60.446022, 8.558718 ], [ -60.445618, 8.560342 ], [ -60.445202, 8.561735 ], [ -60.444546, 8.562792 ], [ -60.443657, 8.563742 ], [ -60.442536, 8.564813 ], [ -60.441521, 8.565536 ], [ -60.440510, 8.566374 ], [ -60.439033, 8.567114 ], [ -60.437782, 8.567616 ], [ -60.435513, 8.568840 ], [ -60.434147, 8.569461 ], [ -60.432667, 8.570085 ], [ -60.431530, 8.570581 ], [ -60.430279, 8.571083 ], [ -60.428684, 8.571826 ], [ -60.427555, 8.572554 ], [ -60.426655, 8.573273 ], [ -60.425526, 8.574000 ], [ -60.424515, 8.574839 ], [ -60.423508, 8.575792 ], [ -60.422619, 8.576855 ], [ -60.422081, 8.577909 ], [ -60.421661, 8.579187 ], [ -60.421360, 8.580461 ], [ -60.421517, 8.581722 ], [ -60.422028, 8.583084 ], [ -60.422653, 8.584558 ], [ -60.423042, 8.585810 ], [ -60.423549, 8.587058 ], [ -60.424050, 8.588191 ], [ -60.424667, 8.589436 ], [ -60.425060, 8.590687 ], [ -60.425335, 8.591944 ], [ -60.425720, 8.593195 ], [ -60.425877, 8.594339 ], [ -60.425735, 8.596989 ], [ -60.425213, 8.598501 ], [ -60.424561, 8.599672 ], [ -60.423897, 8.600615 ], [ -60.423016, 8.601792 ], [ -60.422134, 8.603087 ], [ -60.421238, 8.603922 ], [ -60.420349, 8.604871 ], [ -60.419464, 8.606050 ], [ -60.418697, 8.607340 ], [ -60.417854, 8.609668 ], [ -60.417324, 8.611065 ], [ -60.417019, 8.612225 ], [ -60.416599, 8.613502 ], [ -60.416294, 8.614663 ], [ -60.415993, 8.616053 ], [ -60.415687, 8.617212 ], [ -60.415383, 8.618486 ], [ -60.414623, 8.619892 ], [ -60.413971, 8.621063 ], [ -60.413212, 8.622468 ], [ -60.412552, 8.623526 ], [ -60.411789, 8.624815 ], [ -60.411129, 8.625757 ], [ -60.410133, 8.627053 ], [ -60.409252, 8.628348 ], [ -60.408375, 8.629757 ], [ -60.407604, 8.630816 ], [ -60.406830, 8.631762 ], [ -60.405933, 8.632597 ], [ -60.404816, 8.633668 ], [ -60.403686, 8.634510 ], [ -60.402443, 8.635242 ], [ -60.401306, 8.635854 ], [ -60.400291, 8.636577 ], [ -60.399155, 8.637074 ], [ -60.397449, 8.637936 ], [ -60.396309, 8.638318 ], [ -60.394245, 8.638731 ], [ -60.392983, 8.639003 ], [ -60.390354, 8.639895 ], [ -60.388985, 8.640285 ], [ -60.387840, 8.640667 ], [ -60.386467, 8.641057 ], [ -60.385090, 8.641332 ], [ -60.383022, 8.641630 ], [ -60.381527, 8.641794 ], [ -60.380371, 8.641832 ], [ -60.376690, 8.642299 ], [ -60.374973, 8.642816 ], [ -60.373821, 8.642853 ], [ -60.372562, 8.643239 ], [ -60.371418, 8.643506 ], [ -60.370041, 8.643782 ], [ -60.368774, 8.643938 ], [ -60.367634, 8.644320 ], [ -60.366371, 8.644592 ], [ -60.364647, 8.644879 ], [ -60.363388, 8.645266 ], [ -60.362011, 8.645426 ], [ -60.360863, 8.645693 ], [ -60.359478, 8.645739 ], [ -60.357746, 8.645681 ], [ -60.356594, 8.645833 ], [ -60.353478, 8.645935 ], [ -60.352203, 8.645863 ], [ -60.351048, 8.645786 ], [ -60.349903, 8.646053 ], [ -60.344479, 8.646231 ], [ -60.342499, 8.645837 ], [ -60.341335, 8.645644 ], [ -60.339703, 8.645124 ], [ -60.337959, 8.644835 ], [ -60.335423, 8.644918 ], [ -60.333557, 8.644519 ], [ -60.331936, 8.644343 ], [ -60.330776, 8.644266 ], [ -60.328922, 8.643982 ], [ -60.327648, 8.643909 ], [ -60.326252, 8.643610 ], [ -60.324379, 8.642867 ], [ -60.322624, 8.642234 ], [ -60.320770, 8.642065 ], [ -60.319260, 8.641885 ], [ -60.317982, 8.641582 ], [ -60.316586, 8.641398 ], [ -60.315083, 8.641332 ], [ -60.313797, 8.640914 ], [ -60.312515, 8.640611 ], [ -60.310997, 8.640085 ], [ -60.309235, 8.639223 ], [ -60.308067, 8.638803 ], [ -60.306782, 8.638384 ], [ -60.305493, 8.637852 ], [ -60.304325, 8.637430 ], [ -60.302921, 8.637016 ], [ -60.301765, 8.636939 ], [ -60.300487, 8.636751 ], [ -60.299332, 8.636673 ], [ -60.298061, 8.636715 ], [ -60.296551, 8.636420 ], [ -60.294693, 8.636251 ], [ -60.293068, 8.635959 ], [ -60.291676, 8.635775 ], [ -60.290169, 8.635594 ], [ -60.287971, 8.635550 ], [ -60.286453, 8.635026 ], [ -60.285179, 8.634952 ], [ -60.283672, 8.634771 ], [ -60.281815, 8.634486 ], [ -60.279377, 8.634222 ], [ -60.278210, 8.633800 ], [ -60.277050, 8.633723 ], [ -60.275768, 8.633419 ], [ -60.274147, 8.633243 ], [ -60.272518, 8.632836 ], [ -60.269611, 8.632357 ], [ -60.268330, 8.632053 ], [ -60.266933, 8.631755 ], [ -60.265656, 8.631566 ], [ -60.264027, 8.631159 ], [ -60.260773, 8.630575 ], [ -60.259266, 8.630394 ], [ -60.258102, 8.630202 ], [ -60.256813, 8.629670 ], [ -60.255306, 8.629490 ], [ -60.254028, 8.629186 ], [ -60.252628, 8.628886 ], [ -60.251110, 8.628362 ], [ -60.248779, 8.627748 ], [ -60.247025, 8.627114 ], [ -60.244575, 8.626390 ], [ -60.242603, 8.626110 ], [ -60.240620, 8.625599 ], [ -60.239342, 8.625296 ], [ -60.237942, 8.624996 ], [ -60.236427, 8.624586 ], [ -60.234917, 8.624290 ], [ -60.232353, 8.623684 ], [ -60.230145, 8.623180 ], [ -60.228981, 8.622989 ], [ -60.226543, 8.622608 ], [ -60.223747, 8.621894 ], [ -60.222465, 8.621592 ], [ -60.221191, 8.621403 ], [ -60.219097, 8.621011 ], [ -60.217129, 8.620845 ], [ -60.215386, 8.620557 ], [ -60.213760, 8.620265 ], [ -60.212483, 8.620077 ], [ -60.211319, 8.619769 ], [ -60.209812, 8.619703 ], [ -60.208302, 8.619408 ], [ -60.207138, 8.619215 ], [ -60.204582, 8.618724 ], [ -60.203407, 8.618072 ], [ -60.202236, 8.617650 ], [ -60.201061, 8.617114 ], [ -60.199772, 8.616467 ], [ -60.198601, 8.616044 ], [ -60.197430, 8.615508 ], [ -60.196258, 8.615086 ], [ -60.194965, 8.614438 ], [ -60.193897, 8.613553 ], [ -60.192951, 8.612894 ], [ -60.191772, 8.612243 ], [ -60.190716, 8.611702 ], [ -60.189434, 8.611284 ], [ -60.188030, 8.610754 ], [ -60.186859, 8.610333 ], [ -60.185230, 8.609925 ], [ -60.184059, 8.609504 ], [ -60.182911, 8.609656 ], [ -60.181522, 8.609587 ], [ -60.180363, 8.609509 ], [ -60.179104, 8.609780 ], [ -60.177952, 8.609932 ], [ -60.176567, 8.609977 ], [ -60.175282, 8.609443 ], [ -60.173889, 8.609259 ], [ -60.172608, 8.608955 ], [ -60.171200, 8.608312 ], [ -60.170032, 8.608005 ], [ -60.168636, 8.607591 ], [ -60.166283, 8.606287 ], [ -60.165337, 8.605628 ], [ -60.164272, 8.604972 ], [ -60.163093, 8.604205 ], [ -60.162025, 8.603436 ], [ -60.160969, 8.602896 ], [ -60.159908, 8.602240 ], [ -60.159065, 8.601233 ], [ -60.158226, 8.600340 ], [ -60.157272, 8.599451 ], [ -60.156323, 8.598677 ], [ -60.155037, 8.598259 ], [ -60.153519, 8.597733 ], [ -60.152347, 8.597197 ], [ -60.150837, 8.596901 ], [ -60.149673, 8.596708 ], [ -60.148395, 8.596405 ], [ -60.146538, 8.596120 ], [ -60.144329, 8.595733 ], [ -60.142822, 8.595551 ], [ -60.141544, 8.595362 ], [ -60.140034, 8.595066 ], [ -60.138638, 8.594767 ], [ -60.137364, 8.594692 ], [ -60.135628, 8.594519 ], [ -60.134350, 8.594331 ], [ -60.133186, 8.594024 ], [ -60.130867, 8.593753 ], [ -60.129581, 8.593335 ], [ -60.128300, 8.593032 ], [ -60.126209, 8.592639 ], [ -60.124462, 8.592236 ], [ -60.122826, 8.591599 ], [ -60.121193, 8.591192 ], [ -60.119686, 8.591010 ], [ -60.117600, 8.590734 ], [ -60.116093, 8.590552 ], [ -60.113663, 8.590401 ], [ -60.112156, 8.590219 ], [ -60.110886, 8.590261 ], [ -60.109268, 8.590198 ], [ -60.107536, 8.590253 ], [ -60.106380, 8.590176 ], [ -60.105225, 8.590213 ], [ -60.103832, 8.590028 ], [ -60.102562, 8.589954 ], [ -60.101391, 8.589531 ], [ -60.100014, 8.589807 ], [ -60.098869, 8.590073 ], [ -60.097721, 8.590225 ], [ -60.096459, 8.590496 ], [ -60.095081, 8.590770 ], [ -60.091644, 8.591571 ], [ -60.090263, 8.591730 ], [ -60.088890, 8.592119 ], [ -60.087627, 8.592274 ], [ -60.086132, 8.592438 ], [ -60.084869, 8.592709 ], [ -60.083484, 8.592752 ], [ -60.081867, 8.592690 ], [ -60.080128, 8.592516 ], [ -60.078968, 8.592438 ], [ -60.077228, 8.592149 ], [ -60.075829, 8.591734 ], [ -60.073036, 8.591134 ], [ -60.071636, 8.590720 ], [ -60.070126, 8.590424 ], [ -60.068726, 8.590009 ], [ -60.067566, 8.589816 ], [ -60.066402, 8.589509 ], [ -60.065121, 8.589206 ], [ -60.063949, 8.588669 ], [ -60.062778, 8.588245 ], [ -60.060593, 8.588546 ], [ -60.059326, 8.588587 ], [ -60.057476, 8.588532 ], [ -60.056202, 8.588343 ], [ -60.054813, 8.588272 ], [ -60.053650, 8.588079 ], [ -60.052147, 8.588013 ], [ -60.050861, 8.587594 ], [ -60.048515, 8.586405 ], [ -60.047451, 8.585634 ], [ -60.046726, 8.584739 ], [ -60.046688, 8.583591 ], [ -60.047112, 8.582427 ], [ -60.048256, 8.582161 ], [ -60.049412, 8.582124 ], [ -60.050568, 8.582202 ], [ -60.052891, 8.582586 ], [ -60.054047, 8.582665 ], [ -60.055214, 8.582972 ], [ -60.056492, 8.583276 ], [ -60.057655, 8.583467 ], [ -60.058807, 8.583431 ], [ -60.059467, 8.582491 ], [ -60.059315, 8.581346 ], [ -60.058594, 8.580449 ], [ -60.057755, 8.579557 ], [ -60.055424, 8.578941 ], [ -60.054264, 8.578750 ], [ -60.053104, 8.578672 ], [ -60.051708, 8.578257 ], [ -60.049377, 8.577642 ], [ -60.048218, 8.577450 ], [ -60.046818, 8.577035 ], [ -60.045643, 8.576498 ], [ -60.044586, 8.575957 ], [ -60.043747, 8.575064 ], [ -60.043026, 8.574168 ], [ -60.042526, 8.573034 ], [ -60.042828, 8.571760 ], [ -60.043850, 8.571153 ], [ -60.044994, 8.570887 ], [ -60.045418, 8.569723 ], [ -60.044796, 8.568364 ], [ -60.044186, 8.567349 ], [ -60.043461, 8.566453 ], [ -60.042397, 8.565683 ], [ -60.041237, 8.565604 ], [ -60.040218, 8.566213 ], [ -60.039082, 8.566708 ], [ -60.038071, 8.567546 ], [ -60.036922, 8.567813 ], [ -60.035766, 8.567735 ], [ -60.034710, 8.567194 ], [ -60.033760, 8.566420 ], [ -60.032814, 8.565760 ], [ -60.031647, 8.565338 ], [ -60.030369, 8.565149 ], [ -60.029213, 8.565071 ], [ -60.027939, 8.564998 ], [ -60.025158, 8.564626 ], [ -60.023762, 8.564326 ], [ -60.022598, 8.564135 ], [ -60.021087, 8.563838 ], [ -60.019691, 8.563422 ], [ -60.018524, 8.563115 ], [ -60.017128, 8.562816 ], [ -60.015965, 8.562508 ], [ -60.014679, 8.562090 ], [ -60.013512, 8.561667 ], [ -60.012112, 8.561252 ], [ -60.010826, 8.560719 ], [ -60.009655, 8.560296 ], [ -60.006397, 8.559482 ], [ -60.005119, 8.559292 ], [ -60.002552, 8.558455 ], [ -60.001392, 8.558262 ], [ -60.000603, 8.558029 ], [ -59.989697, 8.544443 ], [ -59.989208, 8.543836 ], [ -59.954003, 8.499975 ], [ -59.812885, 8.322537 ], [ -59.811947, 8.321405 ], [ -59.811237, 8.320154 ], [ -59.810757, 8.318557 ], [ -59.810387, 8.316958 ], [ -59.810261, 8.316042 ], [ -59.809895, 8.314672 ], [ -59.809757, 8.313185 ], [ -59.809734, 8.311694 ], [ -59.809826, 8.310088 ], [ -59.809803, 8.308484 ], [ -59.809666, 8.306766 ], [ -59.809414, 8.305393 ], [ -59.808708, 8.304259 ], [ -59.807884, 8.303124 ], [ -59.806698, 8.300620 ], [ -59.806225, 8.299710 ], [ -59.805939, 8.299066 ], [ -59.805161, 8.297664 ], [ -59.804337, 8.296300 ], [ -59.803287, 8.295171 ], [ -59.801185, 8.293139 ], [ -59.800819, 8.291540 ], [ -59.800453, 8.290054 ], [ -59.800316, 8.288567 ], [ -59.800293, 8.286962 ], [ -59.800621, 8.285696 ], [ -59.800941, 8.284315 ], [ -59.801273, 8.283393 ], [ -59.801716, 8.282240 ], [ -59.802277, 8.281199 ], [ -59.802944, 8.279585 ], [ -59.803726, 8.278195 ], [ -59.804626, 8.276921 ], [ -59.805527, 8.275532 ], [ -59.806091, 8.274720 ], [ -59.807110, 8.273672 ], [ -59.808361, 8.272737 ], [ -59.809158, 8.272265 ], [ -59.810642, 8.271440 ], [ -59.812008, 8.270617 ], [ -59.812805, 8.270032 ], [ -59.814057, 8.269094 ], [ -59.815422, 8.268271 ], [ -59.816677, 8.267564 ], [ -59.818046, 8.266854 ], [ -59.819305, 8.266377 ], [ -59.820557, 8.265554 ], [ -59.821816, 8.265078 ], [ -59.823063, 8.264026 ], [ -59.823971, 8.262979 ], [ -59.824650, 8.262396 ], [ -59.825321, 8.261239 ], [ -59.825649, 8.259973 ], [ -59.825970, 8.258364 ], [ -59.826294, 8.256867 ], [ -59.826729, 8.255256 ], [ -59.827812, 8.250652 ], [ -59.828022, 8.249504 ], [ -59.828232, 8.248010 ], [ -59.828331, 8.247091 ], [ -59.828548, 8.246170 ], [ -59.828869, 8.244560 ], [ -59.829521, 8.242028 ], [ -59.829964, 8.240760 ], [ -59.830295, 8.239952 ], [ -59.830849, 8.238338 ], [ -59.831864, 8.236948 ], [ -59.832878, 8.235785 ], [ -59.834255, 8.235419 ], [ -59.835628, 8.235168 ], [ -59.837238, 8.235028 ], [ -59.838615, 8.234894 ], [ -59.839531, 8.234764 ], [ -59.840454, 8.234751 ], [ -59.842175, 8.234609 ], [ -59.844818, 8.234568 ], [ -59.845852, 8.234437 ], [ -59.847344, 8.234413 ], [ -59.849060, 8.233928 ], [ -59.850670, 8.233904 ], [ -59.852047, 8.233652 ], [ -59.853191, 8.233406 ], [ -59.854450, 8.233041 ], [ -59.855369, 8.232913 ], [ -59.857319, 8.232539 ], [ -59.859154, 8.232166 ], [ -59.860180, 8.231805 ], [ -59.862129, 8.231432 ], [ -59.863163, 8.231300 ], [ -59.864994, 8.230813 ], [ -59.866371, 8.230562 ], [ -59.867973, 8.230194 ], [ -59.868893, 8.229951 ], [ -59.870495, 8.229581 ], [ -59.871525, 8.229221 ], [ -59.872784, 8.228972 ], [ -59.873818, 8.228726 ], [ -59.875424, 8.228587 ], [ -59.876454, 8.228227 ], [ -59.877369, 8.228098 ], [ -59.878513, 8.227736 ], [ -59.879547, 8.227605 ], [ -59.881039, 8.227352 ], [ -59.881958, 8.227223 ], [ -59.883213, 8.226860 ], [ -59.885166, 8.226486 ], [ -59.887119, 8.226455 ], [ -59.888378, 8.226206 ], [ -59.889294, 8.225963 ], [ -59.890213, 8.225947 ], [ -59.891705, 8.225581 ], [ -59.893425, 8.225439 ], [ -59.894459, 8.225308 ], [ -59.895607, 8.225176 ], [ -59.897442, 8.225033 ], [ -59.898590, 8.224899 ], [ -59.899620, 8.224654 ], [ -59.900768, 8.224522 ], [ -59.902378, 8.224381 ], [ -59.903870, 8.224128 ], [ -59.905476, 8.223988 ], [ -59.906849, 8.223623 ], [ -59.908569, 8.223368 ], [ -59.909370, 8.223010 ], [ -59.910515, 8.222763 ], [ -59.911888, 8.222282 ], [ -59.913376, 8.221802 ], [ -59.914406, 8.221440 ], [ -59.915665, 8.221190 ], [ -59.917042, 8.220941 ], [ -59.918072, 8.220694 ], [ -59.919563, 8.220556 ], [ -59.920826, 8.220307 ], [ -59.922543, 8.219936 ], [ -59.924034, 8.219683 ], [ -59.925526, 8.219544 ], [ -59.926910, 8.219753 ], [ -59.927830, 8.219738 ], [ -59.929325, 8.219944 ], [ -59.931168, 8.220144 ], [ -59.932205, 8.220243 ], [ -59.933811, 8.220102 ], [ -59.935185, 8.219736 ], [ -59.936329, 8.219146 ], [ -59.937111, 8.217757 ], [ -59.937328, 8.216836 ], [ -59.937649, 8.215342 ], [ -59.937973, 8.213960 ], [ -59.938191, 8.212924 ], [ -59.938397, 8.211315 ], [ -59.938725, 8.210393 ], [ -59.939041, 8.208439 ], [ -59.939346, 8.205682 ], [ -59.939560, 8.204647 ], [ -59.939999, 8.203378 ], [ -59.940780, 8.201877 ], [ -59.941116, 8.201068 ], [ -59.941330, 8.200147 ], [ -59.941662, 8.199224 ], [ -59.941990, 8.198188 ], [ -59.942433, 8.196919 ], [ -59.942757, 8.195653 ], [ -59.943088, 8.194845 ], [ -59.943874, 8.193340 ], [ -59.944431, 8.192187 ], [ -59.945213, 8.190799 ], [ -59.946228, 8.189521 ], [ -59.947479, 8.188583 ], [ -59.948730, 8.187762 ], [ -59.950333, 8.187161 ], [ -59.951706, 8.186912 ], [ -59.953194, 8.186544 ], [ -59.954693, 8.186635 ], [ -59.956417, 8.186723 ], [ -59.957340, 8.186823 ], [ -59.961590, 8.186755 ], [ -59.962734, 8.186278 ], [ -59.963653, 8.186264 ], [ -59.965027, 8.185782 ], [ -59.966278, 8.185075 ], [ -59.967762, 8.184135 ], [ -59.969128, 8.183310 ], [ -59.970493, 8.182370 ], [ -59.971741, 8.181434 ], [ -59.972423, 8.180849 ], [ -59.973675, 8.179912 ], [ -59.974236, 8.179215 ], [ -59.974918, 8.178630 ], [ -59.975937, 8.177468 ], [ -59.977062, 8.176074 ], [ -59.977615, 8.174575 ], [ -59.978741, 8.172952 ], [ -59.979298, 8.171796 ], [ -59.979858, 8.170870 ], [ -59.980301, 8.169601 ], [ -59.980858, 8.168446 ], [ -59.981186, 8.167408 ], [ -59.981518, 8.166486 ], [ -59.981960, 8.165332 ], [ -59.982399, 8.163949 ], [ -59.982731, 8.163028 ], [ -59.983169, 8.161873 ], [ -59.983719, 8.160144 ], [ -59.984051, 8.159336 ], [ -59.984604, 8.157722 ], [ -59.984932, 8.156799 ], [ -59.985142, 8.155420 ], [ -59.985096, 8.152439 ], [ -59.984963, 8.151065 ], [ -59.984711, 8.149694 ], [ -59.984115, 8.148442 ], [ -59.983639, 8.147188 ], [ -59.983166, 8.146279 ], [ -59.982571, 8.145027 ], [ -59.982212, 8.144229 ], [ -59.980908, 8.141500 ], [ -59.980656, 8.140127 ], [ -59.980289, 8.138641 ], [ -59.980160, 8.137726 ], [ -59.979782, 8.135555 ], [ -59.979416, 8.134184 ], [ -59.979279, 8.132696 ], [ -59.979370, 8.131088 ], [ -59.979691, 8.129478 ], [ -59.980476, 8.128320 ], [ -59.981270, 8.127618 ], [ -59.982288, 8.126571 ], [ -59.982967, 8.125757 ], [ -59.983639, 8.124599 ], [ -59.984650, 8.123092 ], [ -59.986122, 8.121693 ], [ -59.987145, 8.120760 ], [ -59.988045, 8.119598 ], [ -59.989170, 8.117974 ], [ -59.990067, 8.116355 ], [ -59.990845, 8.114623 ], [ -59.991508, 8.113007 ], [ -59.991951, 8.111854 ], [ -59.992283, 8.110930 ], [ -59.992718, 8.109318 ], [ -59.993046, 8.108280 ], [ -59.993484, 8.107013 ], [ -59.993923, 8.105515 ], [ -59.994247, 8.104249 ], [ -59.994461, 8.103098 ], [ -59.994671, 8.101719 ], [ -59.994652, 8.100573 ], [ -59.994736, 8.098622 ], [ -59.994835, 8.097472 ], [ -59.994934, 8.096554 ], [ -59.994904, 8.094491 ], [ -59.994987, 8.092426 ], [ -59.995193, 8.090817 ], [ -59.995289, 8.089554 ], [ -59.995266, 8.088063 ], [ -59.995583, 8.086339 ], [ -59.995678, 8.084846 ], [ -59.995766, 8.083125 ], [ -59.995975, 8.081746 ], [ -59.996529, 8.080476 ], [ -59.997200, 8.079318 ], [ -59.998100, 8.077927 ], [ -59.999119, 8.076880 ], [ -60.000290, 8.075994 ], [ -60.014889, 8.048694 ], [ -60.017307, 8.045021 ], [ -60.019264, 8.041691 ], [ -60.023067, 8.035607 ], [ -60.025143, 8.032737 ], [ -60.027561, 8.029983 ], [ -60.031017, 8.027114 ], [ -60.034012, 8.025278 ], [ -60.036892, 8.023442 ], [ -60.040348, 8.021493 ], [ -60.043690, 8.020346 ], [ -60.047379, 8.019545 ], [ -60.051411, 8.018629 ], [ -60.056023, 8.018287 ], [ -60.059826, 8.018175 ], [ -60.065704, 8.018409 ], [ -60.070431, 8.019100 ], [ -60.074352, 8.020136 ], [ -60.077927, 8.021288 ], [ -60.081501, 8.023012 ], [ -60.085419, 8.024967 ], [ -60.089108, 8.026578 ], [ -60.092335, 8.027728 ], [ -60.095680, 8.028420 ], [ -60.099484, 8.027846 ], [ -60.102944, 8.026930 ], [ -60.107090, 8.025899 ], [ -60.110779, 8.024637 ], [ -60.115272, 8.022688 ], [ -60.118500, 8.021081 ], [ -60.121380, 8.018900 ], [ -60.124374, 8.016145 ], [ -60.127140, 8.013734 ], [ -60.129444, 8.010978 ], [ -60.132092, 8.007304 ], [ -60.134621, 8.003400 ], [ -60.136337, 8.000337 ], [ -60.137600, 7.998846 ], [ -60.140461, 7.996526 ], [ -60.142979, 7.994322 ], [ -60.146988, 7.992110 ], [ -60.150189, 7.988980 ], [ -60.153164, 7.986545 ], [ -60.156368, 7.983991 ], [ -60.158886, 7.981788 ], [ -60.161747, 7.979696 ], [ -60.165417, 7.977947 ], [ -60.169544, 7.975962 ], [ -60.173218, 7.974903 ], [ -60.176541, 7.973384 ], [ -60.179523, 7.972098 ], [ -60.182728, 7.969775 ], [ -60.185818, 7.967338 ], [ -60.188679, 7.965246 ], [ -60.191536, 7.962349 ], [ -60.195442, 7.962094 ], [ -60.199238, 7.962645 ], [ -60.203033, 7.962504 ], [ -60.206360, 7.961677 ], [ -60.210491, 7.960152 ], [ -60.213703, 7.959095 ], [ -60.217030, 7.958266 ], [ -60.220699, 7.956630 ], [ -60.223564, 7.954769 ], [ -60.226307, 7.952103 ], [ -60.228363, 7.949557 ], [ -60.229836, 7.946324 ], [ -60.230507, 7.942981 ], [ -60.231289, 7.939292 ], [ -60.231842, 7.935605 ], [ -60.232513, 7.932493 ], [ -60.233761, 7.929490 ], [ -60.235356, 7.926717 ], [ -60.237289, 7.923711 ], [ -60.239345, 7.920934 ], [ -60.241741, 7.918271 ], [ -60.244141, 7.915953 ], [ -60.246544, 7.913749 ], [ -60.248943, 7.911661 ], [ -60.251690, 7.909800 ], [ -60.254791, 7.908974 ], [ -60.258579, 7.908601 ], [ -60.262718, 7.908458 ], [ -60.265938, 7.908666 ], [ -60.269272, 7.908759 ], [ -60.272949, 7.908618 ], [ -60.276283, 7.908594 ], [ -60.280190, 7.908339 ], [ -60.283634, 7.908199 ], [ -60.287315, 7.908288 ], [ -60.290649, 7.908496 ], [ -60.298351, 7.908443 ], [ -60.301914, 7.908648 ], [ -60.316166, 7.908548 ], [ -60.320648, 7.908287 ], [ -60.323864, 7.907919 ], [ -60.327198, 7.907896 ], [ -60.335358, 7.907378 ], [ -60.339150, 7.907351 ], [ -60.342716, 7.907672 ], [ -60.346050, 7.907648 ], [ -60.349270, 7.908086 ], [ -60.352489, 7.908063 ], [ -60.355705, 7.907811 ], [ -60.360073, 7.907549 ], [ -60.363632, 7.907293 ], [ -60.367771, 7.907148 ], [ -60.371910, 7.907119 ], [ -60.375702, 7.907323 ], [ -60.382145, 7.907738 ], [ -60.386280, 7.907477 ], [ -60.390072, 7.907220 ], [ -60.394440, 7.906959 ], [ -60.398113, 7.906356 ], [ -60.401443, 7.906103 ], [ -60.409607, 7.906044 ], [ -60.417881, 7.905754 ], [ -60.422596, 7.905834 ], [ -60.426621, 7.905920 ], [ -60.431336, 7.906231 ], [ -60.436398, 7.906770 ], [ -60.439728, 7.906631 ], [ -60.443867, 7.906716 ], [ -60.447086, 7.906923 ], [ -60.450768, 7.907241 ], [ -60.454449, 7.907329 ], [ -60.462150, 7.907274 ], [ -60.465366, 7.907019 ], [ -60.470421, 7.906637 ], [ -60.475132, 7.906372 ], [ -60.487205, 7.906283 ], [ -60.491112, 7.905908 ], [ -60.495480, 7.905761 ], [ -60.499733, 7.905844 ], [ -60.504101, 7.905696 ], [ -60.507316, 7.905558 ], [ -60.512260, 7.905406 ], [ -60.515595, 7.905612 ], [ -60.519966, 7.905924 ], [ -60.524109, 7.906468 ], [ -60.530891, 7.906417 ], [ -60.534573, 7.906966 ], [ -60.537792, 7.906827 ], [ -60.542271, 7.906447 ], [ -60.546524, 7.906070 ], [ -60.553882, 7.906244 ], [ -60.557102, 7.906221 ], [ -60.561127, 7.906304 ], [ -60.564575, 7.906279 ], [ -60.568710, 7.906132 ], [ -60.576187, 7.906076 ], [ -60.579750, 7.905933 ], [ -60.583771, 7.905787 ], [ -60.587448, 7.905530 ], [ -60.591358, 7.905500 ], [ -60.596645, 7.905344 ], [ -60.599865, 7.905434 ], [ -60.603889, 7.905403 ], [ -60.608028, 7.905602 ], [ -60.611710, 7.905803 ], [ -60.619984, 7.905510 ], [ -60.624470, 7.905590 ], [ -60.628029, 7.904871 ], [ -60.632626, 7.904721 ], [ -60.636307, 7.904693 ], [ -60.640327, 7.904431 ], [ -60.643661, 7.904290 ], [ -60.647110, 7.904263 ], [ -60.650906, 7.904348 ], [ -60.654354, 7.904552 ], [ -60.657692, 7.904642 ], [ -60.660915, 7.905307 ], [ -60.664593, 7.905278 ], [ -60.667820, 7.905010 ], [ -60.670971, 7.904133 ], [ -60.675339, 7.903870 ], [ -60.678783, 7.903036 ], [ -60.681992, 7.901744 ], [ -60.686005, 7.899986 ], [ -60.690246, 7.898340 ], [ -60.693458, 7.897278 ], [ -60.696785, 7.895870 ], [ -60.701256, 7.894222 ], [ -60.704586, 7.893275 ], [ -60.708027, 7.892326 ], [ -60.712044, 7.891257 ], [ -60.715489, 7.890425 ], [ -60.718815, 7.889706 ], [ -60.722267, 7.889795 ], [ -60.725490, 7.890575 ], [ -60.728603, 7.891817 ], [ -60.731605, 7.893174 ], [ -60.734955, 7.895336 ], [ -60.738300, 7.897037 ], [ -60.741417, 7.898854 ], [ -60.744419, 7.900442 ], [ -60.747303, 7.901916 ], [ -60.750530, 7.903157 ], [ -60.754333, 7.904048 ], [ -60.757553, 7.904367 ], [ -60.761353, 7.904913 ], [ -60.763496, 7.904824 ], [ -60.764801, 7.904769 ], [ -60.769165, 7.904504 ], [ -60.772846, 7.904129 ], [ -60.777092, 7.903288 ], [ -60.780422, 7.902455 ], [ -60.783749, 7.901391 ], [ -60.790394, 7.898228 ], [ -60.793259, 7.896708 ], [ -60.796814, 7.895412 ], [ -60.800140, 7.894464 ], [ -60.803577, 7.892593 ], [ -60.806789, 7.891646 ], [ -60.811272, 7.891149 ], [ -60.819538, 7.889583 ], [ -60.823673, 7.888743 ], [ -60.827118, 7.888255 ], [ -60.830795, 7.887993 ], [ -60.834240, 7.887390 ], [ -60.838028, 7.886322 ], [ -60.842270, 7.884905 ], [ -60.845478, 7.883036 ], [ -60.848106, 7.881057 ], [ -60.850849, 7.878731 ], [ -60.856098, 7.873390 ], [ -60.858379, 7.870721 ], [ -60.860779, 7.868513 ], [ -60.863636, 7.866301 ], [ -60.866841, 7.864202 ], [ -60.869926, 7.861988 ], [ -60.872902, 7.860236 ], [ -60.876106, 7.858020 ], [ -60.879078, 7.855692 ], [ -60.882049, 7.853249 ], [ -60.883865, 7.850125 ], [ -60.884533, 7.847009 ], [ -60.884506, 7.843209 ], [ -60.884014, 7.838836 ], [ -60.883987, 7.835496 ], [ -60.883732, 7.832044 ], [ -60.883934, 7.828126 ], [ -60.883907, 7.824902 ], [ -60.883995, 7.821331 ], [ -60.884201, 7.818105 ], [ -60.884632, 7.814070 ], [ -60.885288, 7.809573 ], [ -60.885838, 7.806344 ], [ -60.886849, 7.803226 ], [ -60.887745, 7.800108 ], [ -60.888870, 7.796759 ], [ -60.890457, 7.793866 ], [ -60.892391, 7.790856 ], [ -60.894207, 7.787846 ], [ -60.896366, 7.784603 ], [ -60.899098, 7.781010 ], [ -60.901260, 7.778112 ], [ -60.903313, 7.775676 ], [ -60.905708, 7.773122 ], [ -60.908909, 7.770676 ], [ -60.911770, 7.769039 ], [ -60.915546, 7.766704 ], [ -60.918522, 7.764836 ], [ -60.921841, 7.762965 ], [ -60.925045, 7.761325 ], [ -60.928596, 7.759913 ], [ -60.932041, 7.758963 ], [ -60.935486, 7.758471 ], [ -60.938824, 7.759018 ], [ -60.942505, 7.759562 ], [ -60.945618, 7.760688 ], [ -60.949306, 7.761923 ], [ -60.952881, 7.763390 ], [ -60.956341, 7.764857 ], [ -60.959686, 7.766096 ], [ -60.963146, 7.767678 ], [ -60.966492, 7.769146 ], [ -60.969490, 7.770504 ], [ -60.972839, 7.772202 ], [ -60.975498, 7.774137 ], [ -60.978500, 7.775953 ], [ -60.981853, 7.778342 ], [ -60.984852, 7.779929 ], [ -60.988205, 7.782203 ], [ -60.991207, 7.784020 ], [ -60.994671, 7.785602 ], [ -60.997784, 7.786843 ], [ -61.001476, 7.788768 ], [ -61.004936, 7.789775 ], [ -61.008164, 7.791014 ], [ -61.011276, 7.792024 ], [ -61.014496, 7.792341 ], [ -61.017609, 7.793235 ], [ -61.020607, 7.794591 ], [ -61.023956, 7.796174 ], [ -61.026954, 7.797415 ], [ -61.030872, 7.798647 ], [ -61.034099, 7.799886 ], [ -61.038250, 7.801002 ], [ -61.041363, 7.802011 ], [ -61.045055, 7.803591 ], [ -61.048859, 7.805055 ], [ -61.055435, 7.807531 ], [ -61.059586, 7.809338 ], [ -61.063046, 7.810804 ], [ -61.066277, 7.812157 ], [ -61.069393, 7.813396 ], [ -61.072739, 7.814865 ], [ -61.077603, 7.819198 ], [ -61.080498, 7.821707 ], [ -61.083046, 7.824103 ], [ -61.085709, 7.826384 ], [ -61.088490, 7.829238 ], [ -61.091385, 7.832091 ], [ -61.093826, 7.835180 ], [ -61.095573, 7.837929 ], [ -61.098011, 7.841017 ], [ -61.100448, 7.843530 ], [ -61.103352, 7.847189 ], [ -61.105793, 7.850508 ], [ -61.107540, 7.853372 ], [ -61.110436, 7.855995 ], [ -61.112644, 7.858856 ], [ -61.113823, 7.862185 ], [ -61.116371, 7.864812 ], [ -61.119274, 7.868011 ], [ -61.121479, 7.870410 ], [ -61.123909, 7.872462 ], [ -61.127731, 7.875998 ], [ -61.130169, 7.878741 ], [ -61.132839, 7.882058 ], [ -61.135399, 7.885260 ], [ -61.137489, 7.888236 ], [ -61.139465, 7.890752 ], [ -61.141560, 7.893958 ], [ -61.144005, 7.897277 ], [ -61.145862, 7.899909 ], [ -61.148193, 7.903114 ], [ -61.150524, 7.907010 ], [ -61.152508, 7.910677 ], [ -61.154598, 7.913423 ], [ -61.157394, 7.917545 ], [ -61.159832, 7.920633 ], [ -61.161922, 7.923033 ], [ -61.164699, 7.925081 ], [ -61.167477, 7.926899 ], [ -61.170143, 7.929294 ], [ -61.172916, 7.931343 ], [ -61.175125, 7.933972 ], [ -61.177330, 7.936487 ], [ -61.179882, 7.938767 ], [ -61.183003, 7.940928 ], [ -61.185783, 7.943551 ], [ -61.188335, 7.946062 ], [ -61.191006, 7.949149 ], [ -61.193794, 7.952465 ], [ -61.196235, 7.955552 ], [ -61.198326, 7.958066 ], [ -61.201111, 7.961382 ], [ -61.203438, 7.964356 ], [ -61.205650, 7.967676 ], [ -61.208321, 7.970532 ], [ -61.210995, 7.974193 ], [ -61.212974, 7.977055 ], [ -61.215748, 7.978643 ], [ -61.218525, 7.980691 ], [ -61.221413, 7.982047 ], [ -61.225689, 7.984311 ], [ -61.228580, 7.986359 ], [ -61.232277, 7.988169 ], [ -61.235508, 7.989291 ], [ -61.239197, 7.990178 ], [ -61.243343, 7.990601 ], [ -61.247028, 7.991258 ], [ -61.250828, 7.991453 ], [ -61.257500, 7.991393 ], [ -61.261288, 7.990552 ], [ -61.264503, 7.990061 ], [ -61.267834, 7.989109 ], [ -61.271160, 7.988042 ], [ -61.274139, 7.986747 ], [ -61.277466, 7.985449 ], [ -61.281136, 7.984033 ], [ -61.284462, 7.982964 ], [ -61.288017, 7.981665 ], [ -61.290894, 7.980241 ], [ -61.294086, 7.978383 ], [ -61.296948, 7.976628 ], [ -61.300045, 7.975218 ], [ -61.303020, 7.973461 ], [ -61.306000, 7.972281 ], [ -61.309212, 7.971100 ], [ -61.312309, 7.969918 ], [ -61.316673, 7.968842 ], [ -61.320457, 7.967769 ], [ -61.324245, 7.966467 ], [ -61.328484, 7.964814 ], [ -61.333077, 7.963388 ], [ -61.336403, 7.962320 ], [ -61.339733, 7.961483 ], [ -61.343975, 7.960176 ], [ -61.347988, 7.958410 ], [ -61.351196, 7.956882 ], [ -61.354977, 7.954772 ], [ -61.358524, 7.952666 ], [ -61.362415, 7.950554 ], [ -61.366310, 7.948675 ], [ -61.370552, 7.946676 ], [ -61.373985, 7.944801 ], [ -61.378563, 7.942223 ], [ -61.382229, 7.940229 ], [ -61.385094, 7.938819 ], [ -61.388416, 7.937521 ], [ -61.391281, 7.935996 ], [ -61.394489, 7.934582 ], [ -61.397465, 7.932942 ], [ -61.400669, 7.930952 ], [ -61.403530, 7.929196 ], [ -61.407196, 7.927434 ], [ -61.410286, 7.925561 ], [ -61.413719, 7.923570 ], [ -61.416923, 7.921465 ], [ -61.420120, 7.919015 ], [ -61.422630, 7.916687 ], [ -61.425140, 7.914128 ], [ -61.427536, 7.911916 ], [ -61.430042, 7.909012 ], [ -61.432091, 7.906573 ], [ -61.433906, 7.903445 ], [ -61.435833, 7.900316 ], [ -61.437641, 7.896612 ], [ -61.439213, 7.892219 ], [ -61.439873, 7.888871 ], [ -61.440189, 7.885412 ], [ -61.440273, 7.881840 ], [ -61.441502, 7.877680 ], [ -61.442162, 7.874564 ], [ -61.442707, 7.870987 ], [ -61.442905, 7.867529 ], [ -61.443337, 7.864299 ], [ -61.445847, 7.861626 ], [ -61.448357, 7.859296 ], [ -61.451672, 7.857306 ], [ -61.457855, 7.854135 ], [ -61.461178, 7.852835 ], [ -61.463577, 7.850739 ], [ -61.464932, 7.847845 ], [ -61.465130, 7.844271 ], [ -61.463837, 7.841288 ], [ -61.462658, 7.838074 ], [ -61.460564, 7.835099 ], [ -61.457779, 7.832361 ], [ -61.455570, 7.829617 ], [ -61.453476, 7.827219 ], [ -61.451042, 7.825054 ], [ -61.448837, 7.822541 ], [ -61.448578, 7.819202 ], [ -61.449810, 7.815619 ], [ -61.451397, 7.812839 ], [ -61.453670, 7.810167 ], [ -61.455715, 7.807268 ], [ -61.458229, 7.805284 ], [ -61.461327, 7.804563 ], [ -61.464550, 7.804761 ], [ -61.468014, 7.806224 ], [ -61.471016, 7.807693 ], [ -61.474136, 7.809621 ], [ -61.478065, 7.811541 ], [ -61.480957, 7.813355 ], [ -61.484196, 7.815513 ], [ -61.486973, 7.817329 ], [ -61.489979, 7.819027 ], [ -61.492645, 7.821421 ], [ -61.494965, 7.823587 ], [ -61.497517, 7.826327 ], [ -61.499531, 7.828664 ], [ -61.502739, 7.831229 ], [ -61.505516, 7.833160 ], [ -61.507950, 7.835210 ], [ -61.510269, 7.837492 ], [ -61.512703, 7.839541 ], [ -61.515259, 7.842281 ], [ -61.517696, 7.844790 ], [ -61.520477, 7.846952 ], [ -61.522915, 7.849348 ], [ -61.525803, 7.851047 ], [ -61.528580, 7.852633 ], [ -61.531925, 7.853868 ], [ -61.535160, 7.855332 ], [ -61.538509, 7.856681 ], [ -61.541851, 7.857686 ], [ -61.544964, 7.858576 ], [ -61.548309, 7.859464 ], [ -61.550972, 7.861281 ], [ -61.555389, 7.866767 ], [ -61.557144, 7.869630 ], [ -61.559124, 7.872605 ], [ -61.561222, 7.875235 ], [ -61.563553, 7.878783 ], [ -61.568436, 7.884495 ], [ -61.570759, 7.887237 ], [ -61.573090, 7.890439 ], [ -61.575649, 7.893294 ], [ -61.577858, 7.896153 ], [ -61.580299, 7.898778 ], [ -61.582851, 7.901287 ], [ -61.585171, 7.903452 ], [ -61.587723, 7.905386 ], [ -61.590847, 7.907544 ], [ -61.593746, 7.909933 ], [ -61.596981, 7.911398 ], [ -61.599072, 7.913797 ], [ -61.601399, 7.916539 ], [ -61.603722, 7.919166 ], [ -61.606857, 7.922245 ], [ -61.609295, 7.924755 ], [ -61.611389, 7.927269 ], [ -61.614292, 7.930119 ], [ -61.616844, 7.932514 ], [ -61.619282, 7.934562 ], [ -61.621948, 7.936955 ], [ -61.624619, 7.939578 ], [ -61.627285, 7.941855 ], [ -61.629494, 7.944137 ], [ -61.632275, 7.946413 ], [ -61.634827, 7.948576 ], [ -61.637943, 7.949928 ], [ -61.640152, 7.952325 ], [ -61.642586, 7.954374 ], [ -61.644111, 7.957355 ], [ -61.645405, 7.960452 ], [ -61.646813, 7.963433 ], [ -61.647648, 7.966766 ], [ -61.647564, 7.969992 ], [ -61.647137, 7.973799 ], [ -61.646595, 7.977031 ], [ -61.645935, 7.980493 ], [ -61.645275, 7.983611 ], [ -61.644943, 7.984855 ], [ -61.644383, 7.986962 ], [ -61.644150, 7.989675 ], [ -61.644421, 7.993029 ], [ -61.643852, 7.995262 ], [ -61.644402, 7.998337 ], [ -61.644237, 8.002588 ], [ -61.645363, 8.003129 ], [ -61.646297, 8.005424 ], [ -61.647228, 8.007607 ], [ -61.648044, 8.009559 ], [ -61.648746, 8.011281 ], [ -61.649216, 8.013004 ], [ -61.649571, 8.015073 ], [ -61.649697, 8.017028 ], [ -61.649704, 8.019326 ], [ -61.649601, 8.021741 ], [ -61.649380, 8.024157 ], [ -61.649158, 8.025997 ], [ -61.649055, 8.028296 ], [ -61.649177, 8.030252 ], [ -61.649189, 8.032206 ], [ -61.649666, 8.036573 ], [ -61.649792, 8.038757 ], [ -61.650147, 8.040482 ], [ -61.651085, 8.043927 ], [ -61.651787, 8.045995 ], [ -61.652489, 8.047831 ], [ -61.653191, 8.049899 ], [ -61.654007, 8.051621 ], [ -61.654243, 8.053346 ], [ -61.654831, 8.055299 ], [ -61.655186, 8.057482 ], [ -61.655887, 8.059319 ], [ -61.656818, 8.060926 ], [ -61.658321, 8.062301 ], [ -61.660290, 8.063444 ], [ -61.662140, 8.064473 ], [ -61.663761, 8.065388 ], [ -61.665378, 8.066072 ], [ -61.667114, 8.066642 ], [ -61.669193, 8.067095 ], [ -61.670925, 8.067434 ], [ -61.673469, 8.068230 ], [ -61.675663, 8.068683 ], [ -61.677627, 8.069483 ], [ -61.679592, 8.070394 ], [ -61.681442, 8.071538 ], [ -61.683529, 8.072797 ], [ -61.685032, 8.073941 ], [ -61.686539, 8.074971 ], [ -61.687813, 8.076462 ], [ -61.688862, 8.078069 ], [ -61.690022, 8.080134 ], [ -61.691185, 8.081856 ], [ -61.692230, 8.083462 ], [ -61.693161, 8.085183 ], [ -61.693749, 8.087135 ], [ -61.694561, 8.088742 ], [ -61.695263, 8.090695 ], [ -61.696556, 8.095750 ], [ -61.697376, 8.097587 ], [ -61.697727, 8.099311 ], [ -61.698658, 8.101032 ], [ -61.699368, 8.104709 ], [ -61.700314, 8.109305 ], [ -61.700901, 8.111487 ], [ -61.701485, 8.113441 ], [ -61.702419, 8.115276 ], [ -61.703236, 8.117458 ], [ -61.703590, 8.119297 ], [ -61.704063, 8.121825 ], [ -61.704418, 8.123549 ], [ -61.704887, 8.125386 ], [ -61.705360, 8.127455 ], [ -61.706062, 8.129407 ], [ -61.706532, 8.131131 ], [ -61.707348, 8.132967 ], [ -61.708046, 8.134690 ], [ -61.709210, 8.136525 ], [ -61.710831, 8.137785 ], [ -61.712338, 8.138815 ], [ -61.713955, 8.139844 ], [ -61.715695, 8.141448 ], [ -61.717087, 8.142593 ], [ -61.718132, 8.144314 ], [ -61.718834, 8.146038 ], [ -61.719879, 8.147988 ], [ -61.720699, 8.149825 ], [ -61.721977, 8.151546 ], [ -61.723137, 8.153267 ], [ -61.723839, 8.154988 ], [ -61.725460, 8.156363 ], [ -61.727081, 8.157853 ], [ -61.728588, 8.158997 ], [ -61.730556, 8.160256 ], [ -61.732063, 8.161285 ], [ -61.733456, 8.162661 ], [ -61.734963, 8.163919 ], [ -61.736817, 8.165754 ], [ -61.738671, 8.167127 ], [ -61.740173, 8.168157 ], [ -61.741913, 8.169875 ], [ -61.743420, 8.171136 ], [ -61.745045, 8.172853 ], [ -61.745747, 8.174461 ], [ -61.746559, 8.176069 ], [ -61.747265, 8.178250 ], [ -61.747848, 8.179975 ], [ -61.748550, 8.181696 ], [ -61.749134, 8.183534 ], [ -61.749721, 8.185601 ], [ -61.750538, 8.187669 ], [ -61.751358, 8.189851 ], [ -61.752293, 8.191917 ], [ -61.753224, 8.193408 ], [ -61.754040, 8.195360 ], [ -61.754742, 8.197198 ], [ -61.755440, 8.198920 ], [ -61.755913, 8.201103 ], [ -61.757191, 8.202594 ], [ -61.758465, 8.203968 ], [ -61.760094, 8.206033 ], [ -61.761715, 8.207637 ], [ -61.763569, 8.209126 ], [ -61.764728, 8.210502 ], [ -61.766819, 8.212334 ], [ -61.768787, 8.213592 ], [ -61.770870, 8.214735 ], [ -61.772835, 8.215878 ], [ -61.774227, 8.217023 ], [ -61.775734, 8.218168 ], [ -61.777012, 8.219542 ], [ -61.778637, 8.221492 ], [ -61.779801, 8.223213 ], [ -61.781307, 8.225163 ], [ -61.782356, 8.226769 ], [ -61.783287, 8.228375 ], [ -61.784920, 8.232049 ], [ -61.785275, 8.233772 ], [ -61.785515, 8.235726 ], [ -61.785870, 8.237565 ], [ -61.786228, 8.239978 ], [ -61.786701, 8.242161 ], [ -61.787174, 8.244804 ], [ -61.787762, 8.246642 ], [ -61.788696, 8.249513 ], [ -61.789169, 8.251467 ], [ -61.789639, 8.253189 ], [ -61.789993, 8.255259 ], [ -61.790466, 8.257326 ], [ -61.790485, 8.261004 ], [ -61.790268, 8.263535 ], [ -61.789699, 8.265952 ], [ -61.789245, 8.267793 ], [ -61.788448, 8.269980 ], [ -61.787766, 8.271937 ], [ -61.786968, 8.274011 ], [ -61.785942, 8.276544 ], [ -61.784111, 8.280229 ], [ -61.782967, 8.282302 ], [ -61.781589, 8.284146 ], [ -61.779869, 8.286338 ], [ -61.778141, 8.287838 ], [ -61.776069, 8.289225 ], [ -61.772266, 8.290504 ], [ -61.770073, 8.290970 ], [ -61.768227, 8.291321 ], [ -61.766266, 8.291558 ], [ -61.764423, 8.291795 ], [ -61.762688, 8.291915 ], [ -61.760613, 8.292151 ], [ -61.758419, 8.292620 ], [ -61.756462, 8.293200 ], [ -61.754730, 8.293781 ], [ -61.752426, 8.294594 ], [ -61.750580, 8.295176 ], [ -61.748161, 8.296103 ], [ -61.742970, 8.297846 ], [ -61.740780, 8.298427 ], [ -61.738129, 8.299240 ], [ -61.736053, 8.299938 ], [ -61.733746, 8.300520 ], [ -61.731670, 8.300986 ], [ -61.729595, 8.301224 ], [ -61.727859, 8.301344 ], [ -61.725899, 8.301580 ], [ -61.723709, 8.302163 ], [ -61.721748, 8.302859 ], [ -61.719330, 8.303673 ], [ -61.715179, 8.305525 ], [ -61.713451, 8.306105 ], [ -61.711372, 8.306342 ], [ -61.709648, 8.307612 ], [ -61.708153, 8.308997 ], [ -61.705284, 8.312916 ], [ -61.704136, 8.314758 ], [ -61.703102, 8.316257 ], [ -61.702072, 8.317985 ], [ -61.700924, 8.319484 ], [ -61.699894, 8.321096 ], [ -61.698746, 8.322710 ], [ -61.697025, 8.325015 ], [ -61.695877, 8.326629 ], [ -61.694385, 8.328587 ], [ -61.692661, 8.331008 ], [ -61.691170, 8.333082 ], [ -61.689793, 8.334811 ], [ -61.688763, 8.336654 ], [ -61.688076, 8.338611 ], [ -61.687508, 8.340567 ], [ -61.686249, 8.343101 ], [ -61.684994, 8.345749 ], [ -61.683967, 8.348742 ], [ -61.683281, 8.350353 ], [ -61.682365, 8.352426 ], [ -61.681686, 8.356108 ], [ -61.681465, 8.357832 ], [ -61.681244, 8.360133 ], [ -61.680908, 8.362433 ], [ -61.680805, 8.364733 ], [ -61.681274, 8.366687 ], [ -61.681976, 8.368525 ], [ -61.682560, 8.370477 ], [ -61.683033, 8.372430 ], [ -61.683388, 8.374268 ], [ -61.684204, 8.376105 ], [ -61.685711, 8.377825 ], [ -61.687340, 8.380235 ], [ -61.688271, 8.381726 ], [ -61.689549, 8.383332 ], [ -61.691288, 8.384936 ], [ -61.692795, 8.386196 ], [ -61.694534, 8.387341 ], [ -61.696156, 8.388599 ], [ -61.697895, 8.389974 ], [ -61.699513, 8.390889 ], [ -61.700676, 8.392265 ], [ -61.700684, 8.394104 ], [ -61.700008, 8.398246 ], [ -61.699554, 8.400202 ], [ -61.698986, 8.402159 ], [ -61.698303, 8.404116 ], [ -61.697502, 8.406302 ], [ -61.697628, 8.408141 ], [ -61.698673, 8.409634 ], [ -61.699837, 8.411239 ], [ -61.701115, 8.412959 ], [ -61.702622, 8.414450 ], [ -61.703785, 8.415825 ], [ -61.704945, 8.417316 ], [ -61.706223, 8.418922 ], [ -61.707386, 8.420412 ], [ -61.707508, 8.422137 ], [ -61.707062, 8.425589 ], [ -61.706493, 8.427545 ], [ -61.705807, 8.429386 ], [ -61.704777, 8.431459 ], [ -61.704380, 8.433235 ], [ -61.704422, 8.434197 ], [ -61.704548, 8.435116 ], [ -61.704704, 8.436023 ], [ -61.705063, 8.438921 ], [ -61.704823, 8.450134 ], [ -61.780979, 8.428614 ], [ -61.835136, 8.414297 ], [ -62.247974, 8.304811 ], [ -62.278435, 8.317136 ], [ -62.416706, 8.373056 ], [ -62.465126, 8.392627 ], [ -62.489227, 8.402365 ], [ -62.497139, 8.405562 ], [ -62.612095, 8.452196 ], [ -62.616379, 8.456211 ], [ -62.615650, 8.456870 ], [ -62.615097, 8.457327 ], [ -62.614590, 8.457784 ], [ -62.614059, 8.458356 ], [ -62.613598, 8.458813 ], [ -62.613064, 8.459386 ], [ -62.612537, 8.459843 ], [ -62.611866, 8.460484 ], [ -62.611359, 8.461009 ], [ -62.611080, 8.461787 ], [ -62.609585, 8.463229 ], [ -62.608936, 8.463778 ], [ -62.608337, 8.464257 ], [ -62.607807, 8.464647 ], [ -62.607323, 8.465059 ], [ -62.606861, 8.465492 ], [ -62.606354, 8.465928 ], [ -62.605709, 8.466454 ], [ -62.605084, 8.466910 ], [ -62.604439, 8.467277 ], [ -62.603863, 8.467711 ], [ -62.603287, 8.468168 ], [ -62.602039, 8.469336 ], [ -62.601463, 8.469816 ], [ -62.600933, 8.470342 ], [ -62.600449, 8.470799 ], [ -62.600010, 8.471326 ], [ -62.598858, 8.472492 ], [ -62.598324, 8.472972 ], [ -62.597565, 8.473567 ], [ -62.597031, 8.474093 ], [ -62.596573, 8.474527 ], [ -62.596043, 8.474962 ], [ -62.595394, 8.475442 ], [ -62.594887, 8.475969 ], [ -62.593781, 8.477020 ], [ -62.593204, 8.477432 ], [ -62.592674, 8.477913 ], [ -62.591957, 8.478393 ], [ -62.591244, 8.478896 ], [ -62.590710, 8.479239 ], [ -62.590225, 8.479651 ], [ -62.589443, 8.480154 ], [ -62.588634, 8.480496 ], [ -62.587807, 8.480863 ], [ -62.587135, 8.481252 ], [ -62.585777, 8.481982 ], [ -62.585060, 8.482417 ], [ -62.584251, 8.482943 ], [ -62.583607, 8.483445 ], [ -62.583004, 8.483811 ], [ -62.582451, 8.484246 ], [ -62.581875, 8.484543 ], [ -62.581344, 8.484909 ], [ -62.580768, 8.485252 ], [ -62.580216, 8.485641 ], [ -62.579105, 8.486350 ], [ -62.578369, 8.486853 ], [ -62.577724, 8.487379 ], [ -62.576454, 8.488363 ], [ -62.575901, 8.488729 ], [ -62.575348, 8.489162 ], [ -62.574841, 8.489574 ], [ -62.574283, 8.489964 ], [ -62.573730, 8.490306 ], [ -62.573086, 8.490649 ], [ -62.572441, 8.491106 ], [ -62.571793, 8.491541 ], [ -62.571217, 8.491882 ], [ -62.570663, 8.492295 ], [ -62.570065, 8.492615 ], [ -62.569347, 8.492775 ], [ -62.568748, 8.493004 ], [ -62.568058, 8.493187 ], [ -62.567410, 8.493415 ], [ -62.565796, 8.493710 ], [ -62.565010, 8.493961 ], [ -62.564320, 8.494144 ], [ -62.563557, 8.494305 ], [ -62.563004, 8.494624 ], [ -62.562359, 8.495196 ], [ -62.561829, 8.495630 ], [ -62.561367, 8.496111 ], [ -62.560444, 8.497187 ], [ -62.559982, 8.497849 ], [ -62.559567, 8.498398 ], [ -62.559128, 8.498947 ], [ -62.558781, 8.499520 ], [ -62.558411, 8.500160 ], [ -62.558479, 8.500870 ], [ -62.559013, 8.501305 ], [ -62.559704, 8.501466 ], [ -62.560417, 8.501443 ], [ -62.561111, 8.501557 ], [ -62.560856, 8.502152 ], [ -62.560417, 8.502725 ], [ -62.559955, 8.503297 ], [ -62.559612, 8.503823 ], [ -62.559128, 8.504441 ], [ -62.558712, 8.505058 ], [ -62.558296, 8.505608 ], [ -62.557812, 8.506339 ], [ -62.557118, 8.507483 ], [ -62.556656, 8.508009 ], [ -62.556240, 8.508535 ], [ -62.555824, 8.509038 ], [ -62.555412, 8.509587 ], [ -62.555019, 8.510137 ], [ -62.554508, 8.510755 ], [ -62.554096, 8.511280 ], [ -62.553612, 8.511967 ], [ -62.553219, 8.512608 ], [ -62.552872, 8.513133 ], [ -62.552433, 8.513705 ], [ -62.551994, 8.514254 ], [ -62.551487, 8.514826 ], [ -62.551094, 8.515329 ], [ -62.550518, 8.515809 ], [ -62.550011, 8.516290 ], [ -62.548832, 8.517228 ], [ -62.548302, 8.517685 ], [ -62.547772, 8.518028 ], [ -62.547196, 8.518438 ], [ -62.546574, 8.518805 ], [ -62.545788, 8.519102 ], [ -62.545120, 8.519399 ], [ -62.544472, 8.519765 ], [ -62.543850, 8.520061 ], [ -62.543297, 8.520382 ], [ -62.541359, 8.521433 ], [ -62.540829, 8.521776 ], [ -62.540226, 8.522051 ], [ -62.539512, 8.522415 ], [ -62.538795, 8.522667 ], [ -62.538105, 8.522986 ], [ -62.537506, 8.523330 ], [ -62.536881, 8.523581 ], [ -62.536213, 8.523878 ], [ -62.535496, 8.524152 ], [ -62.534759, 8.524518 ], [ -62.534042, 8.524793 ], [ -62.533421, 8.525043 ], [ -62.532730, 8.525272 ], [ -62.532127, 8.525523 ], [ -62.531296, 8.525844 ], [ -62.530674, 8.526049 ], [ -62.530052, 8.526277 ], [ -62.528759, 8.526688 ], [ -62.528046, 8.526985 ], [ -62.527332, 8.526824 ], [ -62.526569, 8.526869 ], [ -62.525829, 8.526869 ], [ -62.524376, 8.526821 ], [ -62.523800, 8.526546 ], [ -62.523201, 8.526340 ], [ -62.521953, 8.525630 ], [ -62.521377, 8.525354 ], [ -62.520225, 8.524757 ], [ -62.519626, 8.524438 ], [ -62.519097, 8.524025 ], [ -62.517849, 8.523246 ], [ -62.517273, 8.522970 ], [ -62.516560, 8.522673 ], [ -62.515865, 8.522444 ], [ -62.515221, 8.522351 ], [ -62.514553, 8.522373 ], [ -62.513813, 8.522419 ], [ -62.513050, 8.522418 ], [ -62.512383, 8.522326 ], [ -62.511669, 8.522096 ], [ -62.511112, 8.521752 ], [ -62.510399, 8.521660 ], [ -62.509544, 8.521661 ], [ -62.508900, 8.521774 ], [ -62.508209, 8.521773 ], [ -62.507538, 8.521819 ], [ -62.506893, 8.521977 ], [ -62.506272, 8.522274 ], [ -62.505646, 8.522641 ], [ -62.505047, 8.522960 ], [ -62.504425, 8.523234 ], [ -62.503799, 8.523623 ], [ -62.503246, 8.523943 ], [ -62.502647, 8.524217 ], [ -62.500801, 8.525177 ], [ -62.499485, 8.525680 ], [ -62.498886, 8.525885 ], [ -62.498219, 8.526159 ], [ -62.497433, 8.526547 ], [ -62.496716, 8.526890 ], [ -62.496162, 8.527210 ], [ -62.495426, 8.527690 ], [ -62.494755, 8.528056 ], [ -62.494179, 8.528329 ], [ -62.493507, 8.528718 ], [ -62.492012, 8.529541 ], [ -62.490833, 8.530363 ], [ -62.490280, 8.530775 ], [ -62.489773, 8.531187 ], [ -62.489311, 8.531622 ], [ -62.488850, 8.532124 ], [ -62.488411, 8.532581 ], [ -62.487946, 8.533040 ], [ -62.487488, 8.533519 ], [ -62.486587, 8.534595 ], [ -62.486195, 8.535120 ], [ -62.485710, 8.535669 ], [ -62.485130, 8.536195 ], [ -62.484508, 8.536720 ], [ -62.483955, 8.537247 ], [ -62.483379, 8.537703 ], [ -62.482754, 8.538116 ], [ -62.482247, 8.538549 ], [ -62.480976, 8.539419 ], [ -62.480331, 8.539945 ], [ -62.479687, 8.540516 ], [ -62.478439, 8.541545 ], [ -62.477932, 8.541956 ], [ -62.477375, 8.542367 ], [ -62.476914, 8.542825 ], [ -62.476338, 8.543373 ], [ -62.475762, 8.543785 ], [ -62.475117, 8.544356 ], [ -62.474537, 8.544928 ], [ -62.473938, 8.545318 ], [ -62.472691, 8.545956 ], [ -62.472115, 8.546231 ], [ -62.471378, 8.546597 ], [ -62.470615, 8.547053 ], [ -62.469971, 8.547487 ], [ -62.468559, 8.548104 ], [ -62.467777, 8.548561 ], [ -62.467178, 8.548881 ], [ -62.466576, 8.549315 ], [ -62.465908, 8.549749 ], [ -62.465355, 8.550092 ], [ -62.464661, 8.550457 ], [ -62.463993, 8.550754 ], [ -62.463184, 8.551097 ], [ -62.462513, 8.551303 ], [ -62.461800, 8.551462 ], [ -62.461059, 8.551667 ], [ -62.460369, 8.551781 ], [ -62.459656, 8.551848 ], [ -62.458893, 8.551940 ], [ -62.458107, 8.551985 ], [ -62.457371, 8.551984 ], [ -62.455849, 8.551891 ], [ -62.454395, 8.551753 ], [ -62.453632, 8.551637 ], [ -62.452919, 8.551613 ], [ -62.452202, 8.551636 ], [ -62.451439, 8.551681 ], [ -62.450771, 8.551818 ], [ -62.450104, 8.552023 ], [ -62.449432, 8.552205 ], [ -62.448673, 8.552479 ], [ -62.447426, 8.552752 ], [ -62.445881, 8.553025 ], [ -62.445168, 8.553163 ], [ -62.444427, 8.553115 ], [ -62.443687, 8.552978 ], [ -62.443020, 8.552795 ], [ -62.442352, 8.552565 ], [ -62.441749, 8.552175 ], [ -62.441128, 8.551830 ], [ -62.440460, 8.551624 ], [ -62.439839, 8.551280 ], [ -62.439236, 8.550982 ], [ -62.438683, 8.550570 ], [ -62.438152, 8.550134 ], [ -62.437069, 8.549217 ], [ -62.436585, 8.548690 ], [ -62.435963, 8.548324 ], [ -62.435204, 8.547934 ], [ -62.434651, 8.547476 ], [ -62.434166, 8.546926 ], [ -62.433311, 8.545894 ], [ -62.432896, 8.545300 ], [ -62.432457, 8.544795 ], [ -62.431999, 8.544085 ], [ -62.431721, 8.543467 ], [ -62.431515, 8.542757 ], [ -62.431332, 8.542002 ], [ -62.431076, 8.541291 ], [ -62.430778, 8.540720 ], [ -62.430271, 8.540124 ], [ -62.429577, 8.539642 ], [ -62.428886, 8.539413 ], [ -62.428169, 8.539275 ], [ -62.427479, 8.539228 ], [ -62.426742, 8.539113 ], [ -62.425957, 8.538884 ], [ -62.425312, 8.538653 ], [ -62.424663, 8.538288 ], [ -62.423996, 8.538012 ], [ -62.423328, 8.537759 ], [ -62.422703, 8.537599 ], [ -62.422104, 8.537369 ], [ -62.421505, 8.537070 ], [ -62.420860, 8.536681 ], [ -62.420170, 8.536497 ], [ -62.419384, 8.536336 ], [ -62.418785, 8.536106 ], [ -62.418186, 8.535786 ], [ -62.417656, 8.535396 ], [ -62.416962, 8.535051 ], [ -62.416340, 8.534616 ], [ -62.415672, 8.534248 ], [ -62.415096, 8.533974 ], [ -62.414333, 8.533401 ], [ -62.413620, 8.533125 ], [ -62.412304, 8.532414 ], [ -62.411568, 8.532070 ], [ -62.410851, 8.531773 ], [ -62.410114, 8.531451 ], [ -62.410023, 8.531130 ], [ -62.409676, 8.531130 ], [ -62.409519, 8.531116 ], [ -62.408588, 8.531037 ], [ -62.407482, 8.531151 ], [ -62.406445, 8.531378 ], [ -62.405453, 8.531561 ], [ -62.404484, 8.531858 ], [ -62.403400, 8.532312 ], [ -62.402431, 8.532655 ], [ -62.401417, 8.532906 ], [ -62.400398, 8.533295 ], [ -62.398392, 8.534023 ], [ -62.397354, 8.534503 ], [ -62.396362, 8.534938 ], [ -62.394146, 8.536056 ], [ -62.393063, 8.536742 ], [ -62.392139, 8.537474 ], [ -62.391216, 8.538136 ], [ -62.390293, 8.538959 ], [ -62.389439, 8.539759 ], [ -62.388653, 8.540376 ], [ -62.387844, 8.541221 ], [ -62.387013, 8.541839 ], [ -62.386181, 8.542547 ], [ -62.385258, 8.543279 ], [ -62.384289, 8.543987 ], [ -62.383388, 8.544580 ], [ -62.382511, 8.545336 ], [ -62.381565, 8.546042 ], [ -62.380688, 8.546660 ], [ -62.379696, 8.547346 ], [ -62.378750, 8.547939 ], [ -62.377872, 8.548626 ], [ -62.376995, 8.549197 ], [ -62.375194, 8.550453 ], [ -62.374409, 8.551117 ], [ -62.373650, 8.551892 ], [ -62.372864, 8.552579 ], [ -62.372147, 8.553288 ], [ -62.371384, 8.554133 ], [ -62.370670, 8.554979 ], [ -62.370022, 8.555802 ], [ -62.369446, 8.556992 ], [ -62.368454, 8.557311 ], [ -62.367416, 8.557471 ], [ -62.366329, 8.557378 ], [ -62.365292, 8.557261 ], [ -62.364208, 8.557306 ], [ -62.363217, 8.557533 ], [ -62.362202, 8.557944 ], [ -62.361530, 8.558699 ], [ -62.361023, 8.559637 ], [ -62.360699, 8.560803 ], [ -62.360538, 8.561856 ], [ -62.360256, 8.562954 ], [ -62.359844, 8.563869 ], [ -62.359310, 8.564761 ], [ -62.358803, 8.565699 ], [ -62.358227, 8.566637 ], [ -62.357693, 8.567529 ], [ -62.357071, 8.568398 ], [ -62.356377, 8.569129 ], [ -62.355614, 8.569883 ], [ -62.355015, 8.570729 ], [ -62.353653, 8.572307 ], [ -62.352913, 8.573084 ], [ -62.352150, 8.573792 ], [ -62.351295, 8.574615 ], [ -62.350349, 8.575483 ], [ -62.348709, 8.576833 ], [ -62.347904, 8.577472 ], [ -62.346912, 8.578112 ], [ -62.346012, 8.578752 ], [ -62.345016, 8.579437 ], [ -62.343979, 8.580076 ], [ -62.343125, 8.580625 ], [ -62.342224, 8.581310 ], [ -62.341393, 8.581973 ], [ -62.339615, 8.583001 ], [ -62.338390, 8.583525 ], [ -62.337261, 8.583799 ], [ -62.336178, 8.584117 ], [ -62.335068, 8.584413 ], [ -62.333938, 8.584802 ], [ -62.332829, 8.585143 ], [ -62.331906, 8.585530 ], [ -62.330730, 8.585987 ], [ -62.329876, 8.586535 ], [ -62.329159, 8.587267 ], [ -62.328354, 8.587952 ], [ -62.327545, 8.588546 ], [ -62.326641, 8.589163 ], [ -62.325768, 8.589803 ], [ -62.324982, 8.590466 ], [ -62.324196, 8.591266 ], [ -62.323433, 8.592089 ], [ -62.322647, 8.592820 ], [ -62.321957, 8.593642 ], [ -62.321239, 8.594442 ], [ -62.320431, 8.595494 ], [ -62.319786, 8.596363 ], [ -62.319023, 8.597278 ], [ -62.318329, 8.598146 ], [ -62.317657, 8.599015 ], [ -62.317127, 8.599884 ], [ -62.316505, 8.600821 ], [ -62.315811, 8.601736 ], [ -62.314308, 8.603428 ], [ -62.313614, 8.604457 ], [ -62.313038, 8.605417 ], [ -62.312462, 8.606333 ], [ -62.311791, 8.607223 ], [ -62.311215, 8.608046 ], [ -62.310566, 8.608847 ], [ -62.309898, 8.609648 ], [ -62.309112, 8.610356 ], [ -62.308304, 8.611018 ], [ -62.307427, 8.611772 ], [ -62.306431, 8.612389 ], [ -62.305439, 8.612959 ], [ -62.304356, 8.613484 ], [ -62.303387, 8.613940 ], [ -62.302486, 8.614466 ], [ -62.301445, 8.615060 ], [ -62.299507, 8.615973 ], [ -62.298515, 8.616268 ], [ -62.297523, 8.616450 ], [ -62.296459, 8.616746 ], [ -62.295307, 8.617111 ], [ -62.292976, 8.617886 ], [ -62.291912, 8.618204 ], [ -62.290875, 8.618341 ], [ -62.289883, 8.618613 ], [ -62.288868, 8.618704 ], [ -62.287758, 8.618748 ], [ -62.286674, 8.618770 ], [ -62.285591, 8.618859 ], [ -62.284622, 8.618514 ], [ -62.283745, 8.617964 ], [ -62.282177, 8.616633 ], [ -62.281464, 8.615901 ], [ -62.280979, 8.614940 ], [ -62.280567, 8.614023 ], [ -62.280151, 8.613039 ], [ -62.279827, 8.612053 ], [ -62.279529, 8.610977 ], [ -62.279324, 8.609993 ], [ -62.279140, 8.609009 ], [ -62.278614, 8.606833 ], [ -62.278358, 8.605735 ], [ -62.278152, 8.604612 ], [ -62.277901, 8.603399 ], [ -62.277439, 8.602186 ], [ -62.276772, 8.601132 ], [ -62.275944, 8.600398 ], [ -62.275112, 8.599779 ], [ -62.274120, 8.599297 ], [ -62.273151, 8.598885 ], [ -62.271076, 8.598354 ], [ -62.269878, 8.598124 ], [ -62.268860, 8.597848 ], [ -62.267799, 8.597640 ], [ -62.266807, 8.597387 ], [ -62.265747, 8.597088 ], [ -62.264755, 8.596834 ], [ -62.263603, 8.596650 ], [ -62.262634, 8.596076 ], [ -62.261711, 8.595640 ], [ -62.260605, 8.595341 ], [ -62.259613, 8.595087 ], [ -62.258575, 8.595384 ], [ -62.257652, 8.595795 ], [ -62.256680, 8.596387 ], [ -62.255733, 8.597141 ], [ -62.254856, 8.597781 ], [ -62.254120, 8.598489 ], [ -62.253449, 8.599244 ], [ -62.252754, 8.599998 ], [ -62.251900, 8.600843 ], [ -62.251183, 8.601620 ], [ -62.250400, 8.602443 ], [ -62.249661, 8.603174 ], [ -62.249012, 8.603997 ], [ -62.248436, 8.604866 ], [ -62.247856, 8.605804 ], [ -62.247234, 8.606695 ], [ -62.245777, 8.609531 ], [ -62.244690, 8.611498 ], [ -62.244133, 8.612411 ], [ -62.243649, 8.613372 ], [ -62.242932, 8.615339 ], [ -62.242516, 8.616415 ], [ -62.242100, 8.617398 ], [ -62.241753, 8.618336 ], [ -62.241497, 8.619296 ], [ -62.241241, 8.620463 ], [ -62.240917, 8.621562 ], [ -62.240662, 8.622545 ], [ -62.240337, 8.623644 ], [ -62.240059, 8.624925 ], [ -62.239826, 8.626045 ], [ -62.239456, 8.628059 ], [ -62.239292, 8.629134 ], [ -62.239178, 8.630256 ], [ -62.239128, 8.631309 ], [ -62.238827, 8.632315 ], [ -62.238598, 8.633390 ], [ -62.238270, 8.634420 ], [ -62.197136, 8.662306 ], [ -62.197456, 8.666582 ], [ -62.197113, 8.667249 ], [ -62.195877, 8.669543 ], [ -62.195194, 8.670737 ], [ -62.193886, 8.672140 ], [ -62.193131, 8.673082 ], [ -62.191707, 8.674463 ], [ -62.190536, 8.675338 ], [ -62.189297, 8.676283 ], [ -62.185166, 8.679530 ], [ -62.183193, 8.681211 ], [ -62.181843, 8.682546 ], [ -62.179340, 8.684732 ], [ -62.177391, 8.686297 ], [ -62.175278, 8.687933 ], [ -62.174061, 8.688946 ], [ -62.172913, 8.690050 ], [ -62.171425, 8.691454 ], [ -62.167130, 8.694427 ], [ -62.165318, 8.695901 ], [ -62.163277, 8.697627 ], [ -62.159489, 8.700460 ], [ -62.157902, 8.701521 ], [ -62.155491, 8.703410 ], [ -62.154183, 8.704377 ], [ -62.151749, 8.706220 ], [ -62.150303, 8.707280 ], [ -62.147915, 8.709007 ], [ -62.146744, 8.709769 ], [ -62.144218, 8.711040 ], [ -62.142677, 8.711688 ], [ -62.141159, 8.712450 ], [ -62.138840, 8.713697 ], [ -62.135895, 8.715061 ], [ -62.134770, 8.715409 ], [ -62.132126, 8.716452 ], [ -62.130356, 8.717422 ], [ -62.129044, 8.718114 ], [ -62.128334, 8.718437 ], [ -62.125763, 8.720281 ], [ -62.123764, 8.721686 ], [ -62.122959, 8.722239 ], [ -62.121330, 8.723735 ], [ -62.119953, 8.724932 ], [ -62.118714, 8.725922 ], [ -62.116051, 8.727812 ], [ -62.114464, 8.728551 ], [ -62.111775, 8.730188 ], [ -62.110695, 8.730971 ], [ -62.109684, 8.731353 ] ] ] } }

]
}
