{
"type": "FeatureCollection",
"features": [
{ "type": "Feature", "properties": { "COD_ESTADO": "12", "ESTADO": "GUARICO" }, "geometry": { "type": "Polygon", "coordinates": [ [ [ -65.885460, 9.970918 ], [ -65.884689, 9.970901 ], [ -65.883804, 9.970929 ], [ -65.882996, 9.970813 ], [ -65.882324, 9.970698 ], [ -65.881325, 9.970545 ], [ -65.880745, 9.970449 ], [ -65.879776, 9.970268 ], [ -65.878937, 9.970251 ], [ -65.878014, 9.970325 ], [ -65.877083, 9.970433 ], [ -65.876045, 9.970604 ], [ -65.875511, 9.970761 ], [ -65.874703, 9.971269 ], [ -65.873817, 9.971730 ], [ -65.872314, 9.972239 ], [ -65.871575, 9.972449 ], [ -65.870621, 9.972675 ], [ -65.869186, 9.972870 ], [ -65.860451, 9.972995 ], [ -65.859451, 9.973112 ], [ -65.858505, 9.973122 ], [ -65.857834, 9.973169 ], [ -65.856812, 9.973142 ], [ -65.853729, 9.972760 ], [ -65.852569, 9.972668 ], [ -65.851875, 9.972562 ], [ -65.851273, 9.972511 ], [ -65.850601, 9.972586 ], [ -65.849556, 9.972857 ], [ -65.848930, 9.973049 ], [ -65.848053, 9.973303 ], [ -65.847008, 9.973555 ], [ -65.846199, 9.973646 ], [ -65.845596, 9.973632 ], [ -65.844788, 9.973742 ], [ -65.843811, 9.973930 ], [ -65.842766, 9.974093 ], [ -65.842049, 9.974167 ], [ -65.840294, 9.974376 ], [ -65.839271, 9.974421 ], [ -65.837349, 9.974429 ], [ -65.836746, 9.974334 ], [ -65.835396, 9.974041 ], [ -65.834816, 9.973927 ], [ -65.834145, 9.973767 ], [ -65.831894, 9.973104 ], [ -65.831177, 9.972944 ], [ -65.830620, 9.972785 ], [ -65.829369, 9.972421 ], [ -65.828766, 9.972217 ], [ -65.827629, 9.971546 ], [ -65.827164, 9.971163 ], [ -65.826698, 9.970798 ], [ -65.826164, 9.970404 ], [ -65.825401, 9.969737 ], [ -65.824959, 9.969281 ], [ -65.824516, 9.968455 ], [ -65.824142, 9.967910 ], [ -65.823448, 9.966991 ], [ -65.822800, 9.966389 ], [ -65.821960, 9.965911 ], [ -65.821037, 9.965315 ], [ -65.819824, 9.964581 ], [ -65.819153, 9.964195 ], [ -65.818275, 9.963826 ], [ -65.817665, 9.963667 ], [ -65.816513, 9.963439 ], [ -65.815674, 9.963395 ], [ -65.814148, 9.963398 ], [ -65.812942, 9.963314 ], [ -65.811829, 9.962970 ], [ -65.810944, 9.962582 ], [ -65.810433, 9.962333 ], [ -65.809784, 9.962074 ], [ -65.809227, 9.961870 ], [ -65.808624, 9.961665 ], [ -65.807816, 9.961441 ], [ -65.807236, 9.961192 ], [ -65.805962, 9.960520 ], [ -65.805450, 9.960272 ], [ -65.804871, 9.959949 ], [ -65.804100, 9.959446 ], [ -65.803474, 9.959015 ], [ -65.802894, 9.958857 ], [ -65.801994, 9.958901 ], [ -65.801018, 9.959136 ], [ -65.799355, 9.959481 ], [ -65.798447, 9.959600 ], [ -65.796501, 9.959644 ], [ -65.795899, 9.959647 ], [ -65.795341, 9.959696 ], [ -65.794739, 9.959807 ], [ -65.794144, 9.960614 ], [ -65.793907, 9.961164 ], [ -65.793404, 9.962459 ], [ -65.792870, 9.963095 ], [ -65.792137, 9.963937 ], [ -65.791557, 9.964030 ], [ -65.790939, 9.964169 ], [ -65.789711, 9.964356 ], [ -65.789131, 9.964260 ], [ -65.788620, 9.964011 ], [ -65.788063, 9.963807 ], [ -65.787575, 9.963460 ], [ -65.787201, 9.962869 ], [ -65.787132, 9.962290 ], [ -65.786941, 9.961069 ], [ -65.786987, 9.960339 ], [ -65.786987, 9.959715 ], [ -65.786613, 9.959260 ], [ -65.785484, 9.959583 ], [ -65.784859, 9.959722 ], [ -65.784256, 9.959833 ], [ -65.782402, 9.959843 ], [ -65.781822, 9.959837 ], [ -65.781174, 9.959731 ], [ -65.780594, 9.959590 ], [ -65.779923, 9.959340 ], [ -65.779274, 9.958945 ], [ -65.778831, 9.958607 ], [ -65.778435, 9.958170 ], [ -65.778015, 9.957597 ], [ -65.777595, 9.956979 ], [ -65.777206, 9.956424 ], [ -65.776855, 9.955987 ], [ -65.776505, 9.955441 ], [ -65.776207, 9.954905 ], [ -65.775879, 9.954270 ], [ -65.775619, 9.953717 ], [ -65.775322, 9.952450 ], [ -65.775154, 9.951690 ], [ -65.774994, 9.951092 ], [ -65.774666, 9.950565 ], [ -65.774200, 9.949883 ], [ -65.773834, 9.949374 ], [ -65.773392, 9.948981 ], [ -65.772835, 9.948688 ], [ -65.772209, 9.948456 ], [ -65.771072, 9.947703 ], [ -65.770378, 9.947453 ], [ -65.769630, 9.947310 ], [ -65.769119, 9.947586 ], [ -65.768776, 9.948051 ], [ -65.768593, 9.948736 ], [ -65.768639, 9.949451 ], [ -65.768852, 9.950139 ], [ -65.768967, 9.950781 ], [ -65.768990, 9.951342 ], [ -65.769089, 9.952046 ], [ -65.769180, 9.953267 ], [ -65.769249, 9.953845 ], [ -65.769066, 9.954467 ], [ -65.768791, 9.954943 ], [ -65.768372, 9.955426 ], [ -65.767868, 9.955955 ], [ -65.767471, 9.956393 ], [ -65.766914, 9.956622 ], [ -65.766266, 9.956770 ], [ -65.765595, 9.956836 ], [ -65.764992, 9.956604 ], [ -65.764366, 9.956263 ], [ -65.763901, 9.955943 ], [ -65.763344, 9.955576 ], [ -65.762375, 9.954952 ], [ -65.761818, 9.954749 ], [ -65.760567, 9.954547 ], [ -65.760033, 9.954361 ], [ -65.759430, 9.954292 ], [ -65.758896, 9.954133 ], [ -65.758362, 9.953884 ], [ -65.757828, 9.953401 ], [ -65.757477, 9.952918 ], [ -65.757088, 9.952418 ], [ -65.756600, 9.951889 ], [ -65.756203, 9.951497 ], [ -65.755829, 9.951016 ], [ -65.755478, 9.950460 ], [ -65.755135, 9.949961 ], [ -65.754806, 9.949289 ], [ -65.754600, 9.948646 ], [ -65.754455, 9.947986 ], [ -65.754273, 9.947388 ], [ -65.754105, 9.946745 ], [ -65.753898, 9.946192 ], [ -65.753456, 9.945637 ], [ -65.752968, 9.945361 ], [ -65.752411, 9.945094 ], [ -65.751862, 9.945458 ], [ -65.751190, 9.945579 ], [ -65.750610, 9.945528 ], [ -65.749985, 9.945440 ], [ -65.749428, 9.945281 ], [ -65.748848, 9.945141 ], [ -65.748314, 9.944963 ], [ -65.747757, 9.944642 ], [ -65.747063, 9.944545 ], [ -65.746460, 9.944549 ], [ -65.745788, 9.944271 ], [ -65.745231, 9.944112 ], [ -65.744629, 9.944187 ], [ -65.744186, 9.944598 ], [ -65.744118, 9.945221 ], [ -65.744308, 9.945791 ], [ -65.744789, 9.946275 ], [ -65.745628, 9.947375 ], [ -65.746445, 9.948413 ], [ -65.746445, 9.949027 ], [ -65.746048, 9.949700 ], [ -65.745079, 9.950459 ], [ -65.744522, 9.950571 ], [ -65.743919, 9.950755 ], [ -65.743340, 9.951128 ], [ -65.742836, 9.951475 ], [ -65.742531, 9.951961 ], [ -65.742439, 9.952601 ], [ -65.742630, 9.953126 ], [ -65.742935, 9.953680 ], [ -65.743584, 9.954598 ], [ -65.743835, 9.955107 ], [ -65.744003, 9.955722 ], [ -65.743980, 9.956364 ], [ -65.743912, 9.957031 ], [ -65.743980, 9.957627 ], [ -65.744118, 9.958297 ], [ -65.744217, 9.958940 ], [ -65.744103, 9.959489 ], [ -65.743775, 9.960091 ], [ -65.743362, 9.960592 ], [ -65.742851, 9.960967 ], [ -65.742409, 9.961315 ], [ -65.741951, 9.961636 ], [ -65.741440, 9.961884 ], [ -65.740791, 9.962075 ], [ -65.740212, 9.962170 ], [ -65.738892, 9.962049 ], [ -65.738289, 9.962033 ], [ -65.737686, 9.961775 ], [ -65.737038, 9.961479 ], [ -65.736458, 9.961528 ], [ -65.735046, 9.961784 ], [ -65.734238, 9.961849 ], [ -65.733681, 9.961835 ], [ -65.733078, 9.961928 ], [ -65.731545, 9.962364 ], [ -65.730942, 9.962476 ], [ -65.730370, 9.962524 ], [ -65.729721, 9.962545 ], [ -65.729141, 9.962756 ], [ -65.728493, 9.963175 ], [ -65.728119, 9.963586 ], [ -65.727661, 9.963997 ], [ -65.727150, 9.964326 ], [ -65.726547, 9.964528 ], [ -65.725876, 9.964467 ], [ -65.725342, 9.964210 ], [ -65.724876, 9.963888 ], [ -65.724365, 9.963459 ], [ -65.723763, 9.963227 ], [ -65.723160, 9.963456 ], [ -65.722580, 9.963640 ], [ -65.721817, 9.963732 ], [ -65.721100, 9.963779 ], [ -65.720497, 9.963809 ], [ -65.719200, 9.963851 ], [ -65.718643, 9.963881 ], [ -65.717995, 9.964228 ], [ -65.717491, 9.964458 ], [ -65.717232, 9.964545 ], [ -65.716728, 9.964703 ], [ -65.715843, 9.964893 ], [ -65.715431, 9.964889 ], [ -65.715233, 9.963523 ], [ -65.714928, 9.962219 ], [ -65.714813, 9.961632 ], [ -65.714699, 9.960944 ], [ -65.714653, 9.960347 ], [ -65.714722, 9.959490 ], [ -65.714745, 9.958849 ], [ -65.714790, 9.958272 ], [ -65.714813, 9.957559 ], [ -65.714882, 9.956964 ], [ -65.714928, 9.956205 ], [ -65.714943, 9.955329 ], [ -65.715027, 9.953650 ], [ -65.715027, 9.953046 ], [ -65.715042, 9.952197 ], [ -65.715027, 9.949785 ], [ -65.714981, 9.949072 ], [ -65.714950, 9.948313 ], [ -65.714950, 9.947672 ], [ -65.715027, 9.945857 ], [ -65.715027, 9.945207 ], [ -65.715050, 9.944593 ], [ -65.715050, 9.943925 ], [ -65.715096, 9.943140 ], [ -65.715164, 9.941117 ], [ -65.715164, 9.940539 ], [ -65.715072, 9.939879 ], [ -65.715027, 9.939193 ], [ -65.714958, 9.938569 ], [ -65.714912, 9.937837 ], [ -65.714950, 9.936456 ], [ -65.715004, 9.935861 ], [ -65.715088, 9.935076 ], [ -65.715202, 9.934309 ], [ -65.715294, 9.933552 ], [ -65.715408, 9.932902 ], [ -65.715546, 9.932254 ], [ -65.715645, 9.931677 ], [ -65.715736, 9.931027 ], [ -65.715805, 9.930342 ], [ -65.715805, 9.929764 ], [ -65.715759, 9.929104 ], [ -65.715454, 9.927638 ], [ -65.714973, 9.925908 ], [ -65.714706, 9.925102 ], [ -65.714447, 9.924282 ], [ -65.714157, 9.923451 ], [ -65.713898, 9.922891 ], [ -65.713661, 9.922049 ], [ -65.713287, 9.920654 ], [ -65.713196, 9.920085 ], [ -65.713181, 9.919516 ], [ -65.713226, 9.918893 ], [ -65.713318, 9.918288 ], [ -65.713600, 9.917777 ], [ -65.714149, 9.917412 ], [ -65.714691, 9.917074 ], [ -65.715187, 9.916637 ], [ -65.715904, 9.915848 ], [ -65.716339, 9.915103 ], [ -65.716522, 9.914573 ], [ -65.716713, 9.913942 ], [ -65.716797, 9.913184 ], [ -65.716888, 9.911821 ], [ -65.716850, 9.910656 ], [ -65.716804, 9.909987 ], [ -65.716804, 9.909391 ], [ -65.716835, 9.908796 ], [ -65.716995, 9.907434 ], [ -65.717132, 9.906830 ], [ -65.717346, 9.906245 ], [ -65.717789, 9.905816 ], [ -65.718735, 9.904959 ], [ -65.719230, 9.904548 ], [ -65.719681, 9.904191 ], [ -65.720154, 9.903834 ], [ -65.720604, 9.903423 ], [ -65.720978, 9.902994 ], [ -65.721191, 9.902418 ], [ -65.721375, 9.901697 ], [ -65.721611, 9.900517 ], [ -65.721687, 9.899940 ], [ -65.721802, 9.899363 ], [ -65.721893, 9.898623 ], [ -65.721954, 9.897819 ], [ -65.722031, 9.897216 ], [ -65.722076, 9.896575 ], [ -65.722114, 9.895807 ], [ -65.722229, 9.894337 ], [ -65.722244, 9.893443 ], [ -65.722191, 9.892638 ], [ -65.722099, 9.891879 ], [ -65.721985, 9.891291 ], [ -65.721893, 9.890622 ], [ -65.721756, 9.890034 ], [ -65.721634, 9.889328 ], [ -65.721542, 9.888640 ], [ -65.721405, 9.888070 ], [ -65.721291, 9.887501 ], [ -65.721077, 9.886677 ], [ -65.720871, 9.885925 ], [ -65.720733, 9.885292 ], [ -65.720634, 9.884532 ], [ -65.720611, 9.883909 ], [ -65.720749, 9.882556 ], [ -65.720848, 9.881951 ], [ -65.720917, 9.881302 ], [ -65.720917, 9.880643 ], [ -65.720894, 9.880047 ], [ -65.720802, 9.879468 ], [ -65.720665, 9.878698 ], [ -65.720474, 9.877965 ], [ -65.720131, 9.876734 ], [ -65.720016, 9.876163 ], [ -65.719856, 9.875548 ], [ -65.719711, 9.874770 ], [ -65.719307, 9.873619 ], [ -65.718910, 9.872920 ], [ -65.718521, 9.872375 ], [ -65.718102, 9.871747 ], [ -65.717705, 9.870985 ], [ -65.717384, 9.870395 ], [ -65.716789, 9.869179 ], [ -65.716492, 9.868608 ], [ -65.715660, 9.867534 ], [ -65.714844, 9.866640 ], [ -65.714340, 9.866130 ], [ -65.713814, 9.865664 ], [ -65.713265, 9.865253 ], [ -65.712768, 9.864941 ], [ -65.712181, 9.864646 ], [ -65.711616, 9.864406 ], [ -65.711060, 9.864265 ], [ -65.710518, 9.864034 ], [ -65.709976, 9.863848 ], [ -65.709389, 9.863616 ], [ -65.708244, 9.863262 ], [ -65.707726, 9.863022 ], [ -65.706619, 9.862533 ], [ -65.706169, 9.862186 ], [ -65.705872, 9.861613 ], [ -65.705688, 9.861007 ], [ -65.705620, 9.860319 ], [ -65.705666, 9.859074 ], [ -65.705757, 9.858289 ], [ -65.705841, 9.856772 ], [ -65.705841, 9.856168 ], [ -65.705826, 9.855598 ], [ -65.705826, 9.854930 ], [ -65.705780, 9.854361 ], [ -65.705628, 9.853447 ], [ -65.705475, 9.852850 ], [ -65.705261, 9.852242 ], [ -65.705055, 9.851464 ], [ -65.704819, 9.850739 ], [ -65.704658, 9.850079 ], [ -65.704384, 9.848847 ], [ -65.704315, 9.848269 ], [ -65.704277, 9.847104 ], [ -65.704277, 9.846508 ], [ -65.704346, 9.845922 ], [ -65.704582, 9.845391 ], [ -65.705040, 9.845053 ], [ -65.705604, 9.844823 ], [ -65.706253, 9.844685 ], [ -65.707497, 9.844553 ], [ -65.708046, 9.844422 ], [ -65.708641, 9.844238 ], [ -65.709213, 9.843991 ], [ -65.709762, 9.843789 ], [ -65.710281, 9.843541 ], [ -65.710808, 9.843267 ], [ -65.711822, 9.842572 ], [ -65.712227, 9.842170 ], [ -65.712486, 9.841648 ], [ -65.712509, 9.841007 ], [ -65.712417, 9.840347 ], [ -65.712212, 9.839686 ], [ -65.711815, 9.839050 ], [ -65.710998, 9.838166 ], [ -65.710594, 9.837765 ], [ -65.710113, 9.837317 ], [ -65.709640, 9.836987 ], [ -65.708458, 9.836317 ], [ -65.707939, 9.836041 ], [ -65.707367, 9.835666 ], [ -65.706848, 9.835290 ], [ -65.706413, 9.834708 ], [ -65.706062, 9.834054 ], [ -65.705765, 9.833447 ], [ -65.705376, 9.832837 ], [ -65.704872, 9.832462 ], [ -65.704330, 9.832232 ], [ -65.703117, 9.831930 ], [ -65.702507, 9.831698 ], [ -65.702011, 9.831368 ], [ -65.701576, 9.830118 ], [ -65.701363, 9.829457 ], [ -65.701157, 9.828706 ], [ -65.700768, 9.827546 ], [ -65.700607, 9.826867 ], [ -65.700539, 9.826288 ], [ -65.700516, 9.825629 ], [ -65.700630, 9.824998 ], [ -65.700798, 9.824449 ], [ -65.701019, 9.823611 ], [ -65.701210, 9.823026 ], [ -65.701370, 9.822359 ], [ -65.701233, 9.821717 ], [ -65.700729, 9.821161 ], [ -65.700226, 9.820650 ], [ -65.699791, 9.820230 ], [ -65.699265, 9.819693 ], [ -65.698837, 9.819291 ], [ -65.698380, 9.818899 ], [ -65.697884, 9.818497 ], [ -65.697327, 9.817994 ], [ -65.696922, 9.817566 ], [ -65.695969, 9.816772 ], [ -65.695541, 9.816397 ], [ -65.695038, 9.815976 ], [ -65.694488, 9.815556 ], [ -65.693993, 9.815207 ], [ -65.693497, 9.814878 ], [ -65.693016, 9.814503 ], [ -65.692383, 9.814090 ], [ -65.690689, 9.812746 ], [ -65.690140, 9.812217 ], [ -65.689705, 9.811726 ], [ -65.689316, 9.811161 ], [ -65.689018, 9.810572 ], [ -65.688767, 9.809982 ], [ -65.687493, 9.807460 ], [ -65.687126, 9.806896 ], [ -65.686737, 9.806404 ], [ -65.686333, 9.805931 ], [ -65.685875, 9.805484 ], [ -65.685417, 9.805064 ], [ -65.684235, 9.804231 ], [ -65.683739, 9.803901 ], [ -65.683144, 9.803579 ], [ -65.682014, 9.803044 ], [ -65.681404, 9.802740 ], [ -65.680862, 9.802437 ], [ -65.680252, 9.802114 ], [ -65.679146, 9.801670 ], [ -65.678558, 9.801484 ], [ -65.677978, 9.801370 ], [ -65.677391, 9.801229 ], [ -65.676811, 9.801034 ], [ -65.676331, 9.800713 ], [ -65.676361, 9.800090 ], [ -65.676575, 9.798882 ], [ -65.676948, 9.797676 ], [ -65.677086, 9.796964 ], [ -65.677086, 9.796323 ], [ -65.676872, 9.795616 ], [ -65.676758, 9.795019 ], [ -65.676735, 9.794377 ], [ -65.676743, 9.793799 ], [ -65.676857, 9.793133 ], [ -65.677109, 9.792340 ], [ -65.677361, 9.791620 ], [ -65.677521, 9.791044 ], [ -65.677689, 9.790386 ], [ -65.677803, 9.789720 ], [ -65.677826, 9.789142 ], [ -65.677689, 9.788571 ], [ -65.677399, 9.788009 ], [ -65.676918, 9.787616 ], [ -65.676514, 9.787214 ], [ -65.676124, 9.786786 ], [ -65.675850, 9.786296 ], [ -65.675835, 9.785655 ], [ -65.675743, 9.785076 ], [ -65.675629, 9.784443 ], [ -65.675469, 9.783845 ], [ -65.675285, 9.783229 ], [ -65.675011, 9.782694 ], [ -65.674301, 9.781703 ], [ -65.673920, 9.781239 ], [ -65.673515, 9.780887 ], [ -65.673141, 9.780524 ], [ -65.672684, 9.780121 ], [ -65.672165, 9.779681 ], [ -65.671662, 9.779157 ], [ -65.671135, 9.778725 ], [ -65.670471, 9.778320 ], [ -65.669319, 9.778022 ], [ -65.669251, 9.778004 ], [ -65.695791, 9.689184 ], [ -65.685410, 9.668446 ], [ -65.660663, 9.607424 ], [ -65.498724, 9.563906 ], [ -65.429726, 9.657207 ], [ -65.429283, 9.657128 ], [ -65.428726, 9.656807 ], [ -65.428261, 9.656468 ], [ -65.427818, 9.656103 ], [ -65.426910, 9.655100 ], [ -65.426582, 9.654601 ], [ -65.426254, 9.654073 ], [ -65.425995, 9.653502 ], [ -65.425735, 9.652903 ], [ -65.425522, 9.652350 ], [ -65.425308, 9.651690 ], [ -65.425117, 9.651046 ], [ -65.424911, 9.650458 ], [ -65.424721, 9.649877 ], [ -65.424484, 9.649305 ], [ -65.424225, 9.648600 ], [ -65.423798, 9.647403 ], [ -65.423584, 9.646760 ], [ -65.423370, 9.646172 ], [ -65.423226, 9.645618 ], [ -65.423134, 9.645048 ], [ -65.422989, 9.644379 ], [ -65.422607, 9.642896 ], [ -65.422440, 9.642062 ], [ -65.422272, 9.641375 ], [ -65.422081, 9.640759 ], [ -65.421867, 9.640143 ], [ -65.421394, 9.638902 ], [ -65.421158, 9.638356 ], [ -65.420830, 9.637694 ], [ -65.420524, 9.637123 ], [ -65.420128, 9.636658 ], [ -65.419663, 9.636319 ], [ -65.419128, 9.635979 ], [ -65.418663, 9.635658 ], [ -65.417496, 9.634798 ], [ -65.417076, 9.634387 ], [ -65.416191, 9.633267 ], [ -65.415817, 9.632813 ], [ -65.415443, 9.632376 ], [ -65.415001, 9.631739 ], [ -65.414322, 9.630802 ], [ -65.413994, 9.630320 ], [ -65.413338, 9.629248 ], [ -65.412521, 9.627596 ], [ -65.411904, 9.626227 ], [ -65.411713, 9.625610 ], [ -65.411568, 9.624969 ], [ -65.411377, 9.623730 ], [ -65.411354, 9.621221 ], [ -65.411331, 9.620624 ], [ -65.411110, 9.619340 ], [ -65.410919, 9.618678 ], [ -65.410568, 9.618177 ], [ -65.410149, 9.617722 ], [ -65.409752, 9.617195 ], [ -65.409355, 9.616594 ], [ -65.409164, 9.616052 ], [ -65.409088, 9.615427 ], [ -65.409180, 9.614804 ], [ -65.409332, 9.614238 ], [ -65.409538, 9.613707 ], [ -65.409927, 9.613287 ], [ -65.410774, 9.612484 ], [ -65.411186, 9.612018 ], [ -65.411484, 9.611488 ], [ -65.411621, 9.610930 ], [ -65.411545, 9.610315 ], [ -65.411377, 9.609763 ], [ -65.410843, 9.609054 ], [ -65.410401, 9.608507 ], [ -65.410026, 9.607980 ], [ -65.409675, 9.607362 ], [ -65.409317, 9.606655 ], [ -65.409012, 9.606110 ], [ -65.408684, 9.605447 ], [ -65.408287, 9.604756 ], [ -65.407913, 9.604229 ], [ -65.407517, 9.603640 ], [ -65.407166, 9.603066 ], [ -65.406838, 9.602566 ], [ -65.406532, 9.602039 ], [ -65.406136, 9.601466 ], [ -65.405808, 9.600967 ], [ -65.404846, 9.599710 ], [ -65.404457, 9.599300 ], [ -65.403915, 9.598934 ], [ -65.403389, 9.598703 ], [ -65.402832, 9.598525 ], [ -65.402275, 9.598275 ], [ -65.401718, 9.598053 ], [ -65.401161, 9.597803 ], [ -65.400535, 9.597599 ], [ -65.399445, 9.597190 ], [ -65.398865, 9.596995 ], [ -65.397705, 9.596657 ], [ -65.397034, 9.596497 ], [ -65.396385, 9.596273 ], [ -65.395691, 9.596003 ], [ -65.395157, 9.595781 ], [ -65.394600, 9.595461 ], [ -65.394089, 9.595120 ], [ -65.393578, 9.594710 ], [ -65.393067, 9.594342 ], [ -65.392578, 9.593913 ], [ -65.392059, 9.593501 ], [ -65.391037, 9.592363 ], [ -65.390663, 9.591881 ], [ -65.390243, 9.591308 ], [ -65.389564, 9.590172 ], [ -65.389282, 9.589591 ], [ -65.388977, 9.589091 ], [ -65.388321, 9.587929 ], [ -65.387924, 9.587402 ], [ -65.387505, 9.586965 ], [ -65.386948, 9.586578 ], [ -65.386414, 9.586356 ], [ -65.385788, 9.586178 ], [ -65.385185, 9.586090 ], [ -65.384003, 9.586006 ], [ -65.383408, 9.585875 ], [ -65.382782, 9.585686 ], [ -65.382271, 9.585420 ], [ -65.381851, 9.585010 ], [ -65.381012, 9.584053 ], [ -65.380661, 9.583589 ], [ -65.380264, 9.583087 ], [ -65.379913, 9.582614 ], [ -65.379486, 9.582104 ], [ -65.378342, 9.580503 ], [ -65.378037, 9.580030 ], [ -65.377762, 9.579476 ], [ -65.377525, 9.578933 ], [ -65.376747, 9.577029 ], [ -65.376510, 9.576313 ], [ -65.376274, 9.575742 ], [ -65.376060, 9.575126 ], [ -65.375824, 9.574600 ], [ -65.375305, 9.573322 ], [ -65.375023, 9.572723 ], [ -65.374672, 9.572087 ], [ -65.373855, 9.570825 ], [ -65.373504, 9.570325 ], [ -65.373177, 9.569770 ], [ -65.372849, 9.569271 ], [ -65.372475, 9.568725 ], [ -65.372055, 9.568224 ], [ -65.371567, 9.567696 ], [ -65.371048, 9.567238 ], [ -65.370537, 9.566854 ], [ -65.369934, 9.566422 ], [ -65.369400, 9.566101 ], [ -65.368820, 9.565833 ], [ -65.368309, 9.565538 ], [ -65.367172, 9.564787 ], [ -65.366615, 9.564357 ], [ -65.366081, 9.563917 ], [ -65.365662, 9.563534 ], [ -65.365219, 9.563096 ], [ -65.364166, 9.562002 ], [ -65.363724, 9.561430 ], [ -65.363350, 9.560973 ], [ -65.362908, 9.560454 ], [ -65.362442, 9.559927 ], [ -65.361977, 9.559452 ], [ -65.361511, 9.559103 ], [ -65.360954, 9.558928 ], [ -65.360306, 9.558793 ], [ -65.359680, 9.558705 ], [ -65.359101, 9.558574 ], [ -65.358543, 9.558414 ], [ -65.358009, 9.558209 ], [ -65.357384, 9.557868 ], [ -65.356896, 9.557556 ], [ -65.356415, 9.557208 ], [ -65.355896, 9.556752 ], [ -65.355408, 9.556304 ], [ -65.354851, 9.555819 ], [ -65.354248, 9.555461 ], [ -65.353668, 9.555140 ], [ -65.353042, 9.554917 ], [ -65.352463, 9.554576 ], [ -65.351906, 9.554164 ], [ -65.351417, 9.553844 ], [ -65.350815, 9.553530 ], [ -65.350159, 9.553279 ], [ -65.349541, 9.553057 ], [ -65.348335, 9.552719 ], [ -65.347687, 9.552567 ], [ -65.347038, 9.552380 ], [ -65.346504, 9.552157 ], [ -65.345970, 9.551889 ], [ -65.345482, 9.551587 ], [ -65.344925, 9.551139 ], [ -65.344437, 9.550700 ], [ -65.344063, 9.550272 ], [ -65.343689, 9.549746 ], [ -65.343361, 9.549262 ], [ -65.343056, 9.548663 ], [ -65.342819, 9.548120 ], [ -65.342560, 9.547477 ], [ -65.341972, 9.546106 ], [ -65.341362, 9.544890 ], [ -65.341034, 9.544202 ], [ -65.340774, 9.543630 ], [ -65.340469, 9.543039 ], [ -65.339836, 9.541751 ], [ -65.339622, 9.541225 ], [ -65.339363, 9.540700 ], [ -65.339149, 9.540154 ], [ -65.338821, 9.539439 ], [ -65.338516, 9.538921 ], [ -65.338142, 9.538456 ], [ -65.337006, 9.537868 ], [ -65.336403, 9.537626 ], [ -65.335823, 9.537375 ], [ -65.335243, 9.537171 ], [ -65.334663, 9.536921 ], [ -65.334083, 9.536698 ], [ -65.333504, 9.536512 ], [ -65.332192, 9.536319 ], [ -65.330780, 9.536077 ], [ -65.330200, 9.535991 ], [ -65.329506, 9.535873 ], [ -65.328857, 9.535723 ], [ -65.328232, 9.535563 ], [ -65.327629, 9.535313 ], [ -65.326981, 9.535062 ], [ -65.326424, 9.534767 ], [ -65.325912, 9.534429 ], [ -65.325424, 9.534089 ], [ -65.324493, 9.533221 ], [ -65.323608, 9.532173 ], [ -65.322350, 9.530734 ], [ -65.321976, 9.530251 ], [ -65.321602, 9.529725 ], [ -65.321243, 9.529116 ], [ -65.320915, 9.528500 ], [ -65.320663, 9.527900 ], [ -65.320404, 9.527238 ], [ -65.320190, 9.526659 ], [ -65.319931, 9.526041 ], [ -65.319649, 9.525453 ], [ -65.319344, 9.524881 ], [ -65.319061, 9.524210 ], [ -65.318779, 9.523664 ], [ -65.318382, 9.523210 ], [ -65.317963, 9.522754 ], [ -65.316986, 9.521841 ], [ -65.316521, 9.521447 ], [ -65.315987, 9.521044 ], [ -65.315498, 9.520723 ], [ -65.315056, 9.520358 ], [ -65.314636, 9.519928 ], [ -65.314171, 9.519581 ], [ -65.313126, 9.518884 ], [ -65.312591, 9.518517 ], [ -65.312081, 9.518224 ], [ -65.310944, 9.517632 ], [ -65.310295, 9.517427 ], [ -65.309670, 9.517322 ], [ -65.309608, 9.517341 ], [ -65.309494, 9.517321 ], [ -65.308914, 9.517504 ], [ -65.307808, 9.518061 ], [ -65.307304, 9.518345 ], [ -65.306778, 9.518691 ], [ -65.306313, 9.519056 ], [ -65.305878, 9.519448 ], [ -65.305420, 9.519795 ], [ -65.304894, 9.520124 ], [ -65.304337, 9.520290 ], [ -65.303734, 9.520200 ], [ -65.303238, 9.520190 ], [ -65.302689, 9.520235 ], [ -65.302116, 9.520303 ], [ -65.301537, 9.520359 ], [ -65.300888, 9.520452 ], [ -65.300194, 9.520507 ], [ -65.299622, 9.520487 ], [ -65.299019, 9.520440 ], [ -65.298416, 9.520428 ], [ -65.297722, 9.520247 ], [ -65.295357, 9.519319 ], [ -65.294754, 9.519051 ], [ -65.294174, 9.518755 ], [ -65.293617, 9.518523 ], [ -65.293037, 9.518318 ], [ -65.292366, 9.518122 ], [ -65.291694, 9.518006 ], [ -65.291122, 9.517964 ], [ -65.290520, 9.517952 ], [ -65.289887, 9.517950 ], [ -65.289452, 9.517928 ], [ -65.288231, 9.517735 ], [ -65.287536, 9.517721 ], [ -65.286797, 9.517719 ], [ -65.286033, 9.517747 ], [ -65.285194, 9.517732 ], [ -65.284622, 9.517731 ], [ -65.283997, 9.517761 ], [ -65.278404, 9.517797 ], [ -65.276794, 9.517848 ], [ -65.276085, 9.517922 ], [ -65.275345, 9.518041 ], [ -65.274696, 9.518187 ], [ -65.274048, 9.518279 ], [ -65.273384, 9.518355 ], [ -65.272934, 9.518358 ], [ -65.271645, 9.518460 ], [ -65.270279, 9.518536 ], [ -65.269653, 9.518584 ], [ -65.268868, 9.518594 ], [ -65.268181, 9.518579 ], [ -65.267578, 9.518507 ], [ -65.267021, 9.518240 ], [ -65.266533, 9.517920 ], [ -65.265350, 9.517238 ], [ -65.264725, 9.516942 ], [ -65.264191, 9.516738 ], [ -65.263611, 9.516858 ], [ -65.262550, 9.517281 ], [ -65.261955, 9.517446 ], [ -65.260612, 9.517447 ], [ -65.259987, 9.517523 ], [ -65.259392, 9.517552 ], [ -65.258698, 9.517438 ], [ -65.258163, 9.517142 ], [ -65.257721, 9.516778 ], [ -65.257164, 9.516375 ], [ -65.256508, 9.516006 ], [ -65.255936, 9.515757 ], [ -65.255333, 9.515723 ], [ -65.254547, 9.515721 ], [ -65.253388, 9.515820 ], [ -65.251434, 9.515792 ], [ -65.250824, 9.515819 ], [ -65.249580, 9.515781 ], [ -65.248817, 9.515748 ], [ -65.248398, 9.515720 ], [ -65.247169, 9.515589 ], [ -65.246552, 9.515429 ], [ -65.246017, 9.515180 ], [ -65.245552, 9.514813 ], [ -65.245178, 9.514385 ], [ -65.244804, 9.513830 ], [ -65.244453, 9.513214 ], [ -65.244171, 9.512596 ], [ -65.243866, 9.511889 ], [ -65.243439, 9.510674 ], [ -65.243225, 9.510123 ], [ -65.242729, 9.508961 ], [ -65.242424, 9.508291 ], [ -65.242096, 9.507627 ], [ -65.241722, 9.507010 ], [ -65.241417, 9.506465 ], [ -65.241158, 9.505866 ], [ -65.240715, 9.504581 ], [ -65.240501, 9.504054 ], [ -65.239983, 9.503001 ], [ -65.239609, 9.502545 ], [ -65.239052, 9.502341 ], [ -65.238434, 9.502351 ], [ -65.237808, 9.502419 ], [ -65.237183, 9.502449 ], [ -65.236580, 9.502334 ], [ -65.235985, 9.502453 ], [ -65.234902, 9.502946 ], [ -65.234344, 9.503157 ], [ -65.233772, 9.503206 ], [ -65.233192, 9.503027 ], [ -65.232681, 9.502635 ], [ -65.232078, 9.502321 ], [ -65.231499, 9.502277 ], [ -65.231476, 9.502289 ], [ -65.230873, 9.502560 ], [ -65.230370, 9.502834 ], [ -65.229843, 9.503181 ], [ -65.228897, 9.503921 ], [ -65.228279, 9.504365 ], [ -65.227661, 9.504710 ], [ -65.227058, 9.504875 ], [ -65.226410, 9.504977 ], [ -65.225670, 9.504931 ], [ -65.224976, 9.504826 ], [ -65.224396, 9.504621 ], [ -65.223816, 9.504326 ], [ -65.223282, 9.503913 ], [ -65.222771, 9.503457 ], [ -65.222420, 9.502911 ], [ -65.222283, 9.502359 ], [ -65.222137, 9.501626 ], [ -65.221970, 9.500913 ], [ -65.221825, 9.500135 ], [ -65.221726, 9.499420 ], [ -65.221695, 9.498688 ], [ -65.221649, 9.498047 ], [ -65.221619, 9.497316 ], [ -65.221565, 9.496720 ], [ -65.221535, 9.496023 ], [ -65.221466, 9.495428 ], [ -65.221367, 9.494786 ], [ -65.221222, 9.494171 ], [ -65.221031, 9.493599 ], [ -65.220780, 9.493001 ], [ -65.220383, 9.492564 ], [ -65.219849, 9.492314 ], [ -65.219200, 9.492301 ], [ -65.218598, 9.492436 ], [ -65.217774, 9.492446 ], [ -65.217148, 9.492375 ], [ -65.216568, 9.492289 ], [ -65.216042, 9.492065 ], [ -65.215530, 9.491681 ], [ -65.215111, 9.491243 ], [ -65.214828, 9.490626 ], [ -65.214592, 9.490010 ], [ -65.214378, 9.489386 ], [ -65.214211, 9.488770 ], [ -65.214111, 9.488128 ], [ -65.214043, 9.487504 ], [ -65.214027, 9.486105 ], [ -65.214050, 9.485437 ], [ -65.214020, 9.484751 ], [ -65.214005, 9.482638 ], [ -65.213905, 9.482024 ], [ -65.213692, 9.481444 ], [ -65.213478, 9.480810 ], [ -65.213127, 9.479299 ], [ -65.213028, 9.478602 ], [ -65.212975, 9.477962 ], [ -65.212975, 9.477609 ], [ -65.212921, 9.476769 ], [ -65.212914, 9.476192 ], [ -65.213272, 9.474444 ], [ -65.213364, 9.473877 ], [ -65.213425, 9.473300 ], [ -65.213303, 9.472730 ], [ -65.212997, 9.472248 ], [ -65.212448, 9.472001 ], [ -65.211243, 9.471986 ], [ -65.210663, 9.472096 ], [ -65.209587, 9.472518 ], [ -65.209076, 9.472775 ], [ -65.208550, 9.473103 ], [ -65.208160, 9.473514 ], [ -65.207886, 9.474097 ], [ -65.207222, 9.475335 ], [ -65.206932, 9.475820 ], [ -65.206360, 9.476906 ], [ -65.206039, 9.477453 ], [ -65.205719, 9.477963 ], [ -65.205353, 9.478420 ], [ -65.204987, 9.478859 ], [ -65.204483, 9.479169 ], [ -65.203949, 9.479382 ], [ -65.203354, 9.479382 ], [ -65.202820, 9.479106 ], [ -65.202423, 9.478623 ], [ -65.202187, 9.478079 ], [ -65.201737, 9.476982 ], [ -65.201622, 9.476340 ], [ -65.201660, 9.475691 ], [ -65.201927, 9.474520 ], [ -65.202110, 9.473971 ], [ -65.202339, 9.473369 ], [ -65.202560, 9.472821 ], [ -65.202858, 9.472310 ], [ -65.203178, 9.471853 ], [ -65.203590, 9.471460 ], [ -65.204147, 9.471177 ], [ -65.204743, 9.471177 ], [ -65.205322, 9.471145 ], [ -65.205902, 9.471188 ], [ -65.206505, 9.471212 ], [ -65.206680, 9.471212 ], [ -65.207352, 9.471157 ], [ -65.207901, 9.471038 ], [ -65.208572, 9.470919 ], [ -65.209175, 9.470825 ], [ -65.210373, 9.470586 ], [ -65.210922, 9.470330 ], [ -65.211128, 9.469737 ], [ -65.211151, 9.469158 ], [ -65.210732, 9.468748 ], [ -65.210220, 9.468499 ], [ -65.209618, 9.468392 ], [ -65.208870, 9.468369 ], [ -65.208191, 9.468373 ], [ -65.207542, 9.468353 ], [ -65.206963, 9.468455 ], [ -65.206390, 9.468476 ], [ -65.205986, 9.468465 ], [ -65.205482, 9.468213 ], [ -65.204903, 9.468054 ], [ -65.204574, 9.467599 ], [ -65.204452, 9.466974 ], [ -65.204773, 9.466491 ], [ -65.205300, 9.466262 ], [ -65.205856, 9.466096 ], [ -65.206436, 9.466066 ], [ -65.207001, 9.465998 ], [ -65.208679, 9.466118 ], [ -65.208740, 9.466110 ], [ -65.208862, 9.466120 ], [ -65.209434, 9.466053 ], [ -65.210014, 9.465997 ], [ -65.210594, 9.465902 ], [ -65.211166, 9.465738 ], [ -65.211746, 9.465509 ], [ -65.212204, 9.465090 ], [ -65.212502, 9.464560 ], [ -65.212654, 9.463966 ], [ -65.212517, 9.463414 ], [ -65.212051, 9.463003 ], [ -65.211540, 9.462619 ], [ -65.210892, 9.462387 ], [ -65.210266, 9.462281 ], [ -65.209480, 9.462254 ], [ -65.208839, 9.462283 ], [ -65.208145, 9.462384 ], [ -65.206879, 9.462524 ], [ -65.206276, 9.462554 ], [ -65.205673, 9.462511 ], [ -65.205139, 9.462261 ], [ -65.204628, 9.461850 ], [ -65.203766, 9.461010 ], [ -65.203392, 9.460410 ], [ -65.203201, 9.459840 ], [ -65.203110, 9.459198 ], [ -65.203125, 9.458557 ], [ -65.203240, 9.457800 ], [ -65.203369, 9.457062 ], [ -65.203552, 9.456486 ], [ -65.203797, 9.455775 ], [ -65.204094, 9.455201 ], [ -65.204369, 9.454626 ], [ -65.204598, 9.454024 ], [ -65.204773, 9.453448 ], [ -65.204887, 9.452872 ], [ -65.205017, 9.451998 ], [ -65.205101, 9.451150 ], [ -65.205124, 9.450438 ], [ -65.205116, 9.449842 ], [ -65.205040, 9.449173 ], [ -65.204925, 9.448531 ], [ -65.204758, 9.447961 ], [ -65.204636, 9.447364 ], [ -65.204445, 9.446675 ], [ -65.204231, 9.446033 ], [ -65.203972, 9.445443 ], [ -65.203651, 9.444961 ], [ -65.203323, 9.444506 ], [ -65.202995, 9.443979 ], [ -65.202645, 9.443524 ], [ -65.202339, 9.443015 ], [ -65.201820, 9.441944 ], [ -65.201813, 9.441904 ], [ -65.201706, 9.441393 ], [ -65.201881, 9.440845 ], [ -65.202133, 9.440332 ], [ -65.202476, 9.439849 ], [ -65.203003, 9.439620 ], [ -65.203095, 9.439658 ], [ -65.203186, 9.439621 ], [ -65.203720, 9.439843 ], [ -65.204185, 9.440327 ], [ -65.204651, 9.440684 ], [ -65.205208, 9.441142 ], [ -65.205627, 9.441596 ], [ -65.206116, 9.442053 ], [ -65.206673, 9.442483 ], [ -65.207138, 9.442895 ], [ -65.207672, 9.443244 ], [ -65.208206, 9.443539 ], [ -65.208763, 9.443645 ], [ -65.209404, 9.443607 ], [ -65.210053, 9.443595 ], [ -65.210701, 9.443539 ], [ -65.211418, 9.443374 ], [ -65.211990, 9.443147 ], [ -65.212471, 9.442845 ], [ -65.212959, 9.442425 ], [ -65.213417, 9.442078 ], [ -65.213898, 9.441686 ], [ -65.214333, 9.441266 ], [ -65.214676, 9.440783 ], [ -65.214973, 9.440253 ], [ -65.215248, 9.439607 ], [ -65.215218, 9.439011 ], [ -65.215004, 9.438484 ], [ -65.214470, 9.438280 ], [ -65.213715, 9.438282 ], [ -65.213028, 9.438401 ], [ -65.212425, 9.438548 ], [ -65.211800, 9.438641 ], [ -65.211250, 9.438761 ], [ -65.210625, 9.438881 ], [ -65.210106, 9.438954 ], [ -65.209580, 9.438751 ], [ -65.209183, 9.438250 ], [ -65.208878, 9.437741 ], [ -65.208550, 9.437079 ], [ -65.208359, 9.436436 ], [ -65.208290, 9.435840 ], [ -65.208397, 9.435218 ], [ -65.208626, 9.434669 ], [ -65.209122, 9.433656 ], [ -65.209740, 9.432642 ], [ -65.210792, 9.431101 ], [ -65.211502, 9.430035 ], [ -65.211937, 9.429626 ], [ -65.212372, 9.429232 ], [ -65.213524, 9.428458 ], [ -65.214073, 9.428203 ], [ -65.214653, 9.427993 ], [ -65.215248, 9.427973 ], [ -65.216385, 9.428308 ], [ -65.216988, 9.428604 ], [ -65.217499, 9.428873 ], [ -65.217568, 9.428919 ], [ -65.217987, 9.429310 ], [ -65.218544, 9.429560 ], [ -65.218918, 9.429988 ], [ -65.219315, 9.430470 ], [ -65.219727, 9.430927 ], [ -65.220200, 9.431338 ], [ -65.220634, 9.431704 ], [ -65.221146, 9.431953 ], [ -65.221718, 9.432056 ], [ -65.222954, 9.432054 ], [ -65.224106, 9.431957 ], [ -65.224655, 9.431837 ], [ -65.225143, 9.431535 ], [ -65.225555, 9.431071 ], [ -65.226074, 9.429920 ], [ -65.226303, 9.429372 ], [ -65.226479, 9.428706 ], [ -65.226593, 9.428130 ], [ -65.226799, 9.427527 ], [ -65.226906, 9.426815 ], [ -65.227036, 9.425508 ], [ -65.227196, 9.424861 ], [ -65.227669, 9.423601 ], [ -65.227920, 9.423089 ], [ -65.228233, 9.422399 ], [ -65.228531, 9.421895 ], [ -65.228806, 9.421384 ], [ -65.229172, 9.420901 ], [ -65.229561, 9.420489 ], [ -65.230110, 9.420026 ], [ -65.230621, 9.419743 ], [ -65.231194, 9.419469 ], [ -65.231842, 9.419259 ], [ -65.232414, 9.419094 ], [ -65.233017, 9.419155 ], [ -65.233620, 9.419228 ], [ -65.234085, 9.419239 ], [ -65.234863, 9.419238 ], [ -65.235489, 9.419209 ], [ -65.236069, 9.419161 ], [ -65.236641, 9.419022 ], [ -65.237198, 9.418766 ], [ -65.237656, 9.418391 ], [ -65.238022, 9.417837 ], [ -65.238655, 9.416182 ], [ -65.238785, 9.415515 ], [ -65.238831, 9.414938 ], [ -65.238548, 9.414323 ], [ -65.238152, 9.413885 ], [ -65.237572, 9.413453 ], [ -65.237106, 9.413141 ], [ -65.236595, 9.412822 ], [ -65.236084, 9.412544 ], [ -65.235527, 9.412321 ], [ -65.234947, 9.412026 ], [ -65.234276, 9.411668 ], [ -65.233833, 9.411274 ], [ -65.233368, 9.410800 ], [ -65.232857, 9.410253 ], [ -65.231850, 9.408762 ], [ -65.231430, 9.408099 ], [ -65.231102, 9.407554 ], [ -65.230843, 9.407027 ], [ -65.230614, 9.406456 ], [ -65.230652, 9.405879 ], [ -65.231087, 9.405486 ], [ -65.231667, 9.405395 ], [ -65.232338, 9.405590 ], [ -65.232964, 9.405840 ], [ -65.233566, 9.405956 ], [ -65.234138, 9.406106 ], [ -65.234764, 9.406148 ], [ -65.235390, 9.406119 ], [ -65.235939, 9.405864 ], [ -65.236351, 9.405380 ], [ -65.236671, 9.404924 ], [ -65.236923, 9.404366 ], [ -65.237579, 9.402640 ], [ -65.237831, 9.402047 ], [ -65.238052, 9.401355 ], [ -65.238327, 9.400798 ], [ -65.238625, 9.400269 ], [ -65.239014, 9.399786 ], [ -65.239540, 9.399455 ], [ -65.240120, 9.399454 ], [ -65.240677, 9.399686 ], [ -65.241028, 9.400212 ], [ -65.241424, 9.400731 ], [ -65.241775, 9.401215 ], [ -65.242103, 9.401713 ], [ -65.242523, 9.402196 ], [ -65.242966, 9.402609 ], [ -65.243355, 9.403045 ], [ -65.243775, 9.403474 ], [ -65.244194, 9.403866 ], [ -65.244682, 9.404205 ], [ -65.245194, 9.404590 ], [ -65.245773, 9.404886 ], [ -65.246933, 9.405431 ], [ -65.247582, 9.405699 ], [ -65.248161, 9.405877 ], [ -65.248764, 9.405964 ], [ -65.249436, 9.406034 ], [ -65.250031, 9.405941 ], [ -65.251213, 9.405628 ], [ -65.251808, 9.405418 ], [ -65.252335, 9.405146 ], [ -65.252655, 9.404616 ], [ -65.252930, 9.404085 ], [ -65.253181, 9.403528 ], [ -65.253288, 9.402979 ], [ -65.253082, 9.402381 ], [ -65.252754, 9.401899 ], [ -65.251938, 9.400915 ], [ -65.251053, 9.399959 ], [ -65.250168, 9.398983 ], [ -65.249794, 9.398430 ], [ -65.249420, 9.397928 ], [ -65.249023, 9.397428 ], [ -65.248695, 9.396855 ], [ -65.248299, 9.396356 ], [ -65.248108, 9.395757 ], [ -65.247963, 9.395205 ], [ -65.247917, 9.394565 ], [ -65.248001, 9.393942 ], [ -65.248207, 9.393293 ], [ -65.248543, 9.392748 ], [ -65.249054, 9.392374 ], [ -65.249626, 9.392235 ], [ -65.250229, 9.392278 ], [ -65.250740, 9.392527 ], [ -65.251274, 9.392939 ], [ -65.252251, 9.393798 ], [ -65.252739, 9.394209 ], [ -65.253693, 9.394987 ], [ -65.254112, 9.395414 ], [ -65.254578, 9.395781 ], [ -65.255043, 9.396174 ], [ -65.255554, 9.396558 ], [ -65.256134, 9.396826 ], [ -65.256615, 9.397121 ], [ -65.257172, 9.397442 ], [ -65.257851, 9.397756 ], [ -65.258476, 9.397943 ], [ -65.259071, 9.398005 ], [ -65.259720, 9.397974 ], [ -65.260391, 9.397811 ], [ -65.260986, 9.397627 ], [ -65.261543, 9.397434 ], [ -65.262253, 9.397153 ], [ -65.262856, 9.396898 ], [ -65.263382, 9.396643 ], [ -65.263886, 9.396296 ], [ -65.264351, 9.395929 ], [ -65.264786, 9.395510 ], [ -65.265724, 9.394518 ], [ -65.266159, 9.393945 ], [ -65.266525, 9.393407 ], [ -65.266800, 9.392879 ], [ -65.267159, 9.392122 ], [ -65.267868, 9.390740 ], [ -65.268204, 9.390113 ], [ -65.268478, 9.389537 ], [ -65.268753, 9.389009 ], [ -65.269028, 9.388433 ], [ -65.269341, 9.387833 ], [ -65.269684, 9.387139 ], [ -65.269958, 9.386475 ], [ -65.270202, 9.385782 ], [ -65.270386, 9.385188 ], [ -65.270660, 9.384613 ], [ -65.271050, 9.384104 ], [ -65.271530, 9.383594 ], [ -65.272011, 9.383157 ], [ -65.272560, 9.382811 ], [ -65.273186, 9.382510 ], [ -65.273804, 9.382318 ], [ -65.274384, 9.382288 ], [ -65.274986, 9.382330 ], [ -65.275589, 9.382535 ], [ -65.277328, 9.383492 ], [ -65.277931, 9.383789 ], [ -65.278694, 9.384121 ], [ -65.279762, 9.384665 ], [ -65.280434, 9.384987 ], [ -65.280968, 9.385211 ], [ -65.281571, 9.385387 ], [ -65.282166, 9.385591 ], [ -65.282745, 9.385771 ], [ -65.283394, 9.386047 ], [ -65.283974, 9.386198 ], [ -65.284538, 9.386239 ], [ -65.285179, 9.386239 ], [ -65.285797, 9.386011 ], [ -65.286301, 9.385502 ], [ -65.286598, 9.384899 ], [ -65.286621, 9.384303 ], [ -65.286613, 9.383563 ], [ -65.286629, 9.382922 ], [ -65.286598, 9.382164 ], [ -65.286644, 9.381596 ], [ -65.286819, 9.380280 ], [ -65.286995, 9.379063 ], [ -65.287056, 9.378468 ], [ -65.287148, 9.377872 ], [ -65.287300, 9.377316 ], [ -65.287621, 9.376650 ], [ -65.288010, 9.376168 ], [ -65.288444, 9.375729 ], [ -65.289497, 9.374847 ], [ -65.290009, 9.374501 ], [ -65.290581, 9.374199 ], [ -65.291229, 9.374099 ], [ -65.291809, 9.374166 ], [ -65.292244, 9.374577 ], [ -65.293015, 9.375607 ], [ -65.293388, 9.376133 ], [ -65.293717, 9.376660 ], [ -65.294067, 9.377205 ], [ -65.294418, 9.377688 ], [ -65.294838, 9.378188 ], [ -65.295395, 9.378736 ], [ -65.295815, 9.379119 ], [ -65.296349, 9.379440 ], [ -65.296974, 9.379709 ], [ -65.297531, 9.379887 ], [ -65.298271, 9.380020 ], [ -65.298874, 9.380207 ], [ -65.299454, 9.380340 ], [ -65.300026, 9.380239 ], [ -65.300987, 9.379085 ], [ -65.301308, 9.378626 ], [ -65.301605, 9.378141 ], [ -65.301971, 9.377659 ], [ -65.302429, 9.377220 ], [ -65.302963, 9.376830 ], [ -65.303536, 9.376519 ], [ -65.304756, 9.376080 ], [ -65.305351, 9.375933 ], [ -65.307228, 9.375791 ], [ -65.307823, 9.375715 ], [ -65.308403, 9.375613 ], [ -65.308998, 9.375431 ], [ -65.309456, 9.375082 ], [ -65.309708, 9.374481 ], [ -65.309845, 9.373815 ], [ -65.309860, 9.373218 ], [ -65.309692, 9.372647 ], [ -65.309410, 9.372094 ], [ -65.309036, 9.371531 ], [ -65.308548, 9.371209 ], [ -65.307976, 9.370977 ], [ -65.307259, 9.370898 ], [ -65.306610, 9.370991 ], [ -65.304764, 9.371233 ], [ -65.304184, 9.371418 ], [ -65.303589, 9.371582 ], [ -65.302780, 9.371773 ], [ -65.302086, 9.371920 ], [ -65.301285, 9.372037 ], [ -65.300659, 9.372066 ], [ -65.299835, 9.372040 ], [ -65.299118, 9.371979 ], [ -65.298447, 9.371845 ], [ -65.297706, 9.371531 ], [ -65.297195, 9.371209 ], [ -65.296684, 9.370851 ], [ -65.296081, 9.370349 ], [ -65.295608, 9.369802 ], [ -65.295212, 9.369203 ], [ -65.294952, 9.368631 ], [ -65.294792, 9.367989 ], [ -65.294693, 9.367373 ], [ -65.294685, 9.366110 ], [ -65.294632, 9.365486 ], [ -65.294624, 9.364891 ], [ -65.294594, 9.364204 ], [ -65.294525, 9.363382 ], [ -65.294380, 9.362830 ], [ -65.294121, 9.362304 ], [ -65.293839, 9.361795 ], [ -65.293419, 9.361366 ], [ -65.292999, 9.360956 ], [ -65.292671, 9.360501 ], [ -65.292259, 9.360108 ], [ -65.291771, 9.359770 ], [ -65.291260, 9.359331 ], [ -65.290771, 9.359019 ], [ -65.290260, 9.358607 ], [ -65.289772, 9.358269 ], [ -65.289284, 9.357875 ], [ -65.288795, 9.357446 ], [ -65.288284, 9.356971 ], [ -65.287887, 9.356561 ], [ -65.287651, 9.356008 ], [ -65.287575, 9.355438 ], [ -65.287689, 9.354835 ], [ -65.288811, 9.353356 ], [ -65.289246, 9.352946 ], [ -65.289749, 9.352662 ], [ -65.290398, 9.352615 ], [ -65.291153, 9.352613 ], [ -65.291847, 9.352719 ], [ -65.292519, 9.352880 ], [ -65.293190, 9.353076 ], [ -65.293724, 9.353326 ], [ -65.294350, 9.353649 ], [ -65.294838, 9.353960 ], [ -65.295349, 9.354308 ], [ -65.296509, 9.355215 ], [ -65.297066, 9.355537 ], [ -65.298157, 9.356125 ], [ -65.298340, 9.356191 ], [ -65.298935, 9.356467 ], [ -65.299446, 9.356780 ], [ -65.300072, 9.356939 ], [ -65.300674, 9.357027 ], [ -65.301247, 9.357087 ], [ -65.301826, 9.357136 ], [ -65.302246, 9.357153 ], [ -65.302849, 9.357151 ], [ -65.303520, 9.357031 ], [ -65.304161, 9.356839 ], [ -65.304718, 9.356610 ], [ -65.305359, 9.356283 ], [ -65.305908, 9.355954 ], [ -65.307221, 9.355282 ], [ -65.308487, 9.354717 ], [ -65.309067, 9.354534 ], [ -65.309685, 9.354297 ], [ -65.310310, 9.354041 ], [ -65.310951, 9.353714 ], [ -65.311920, 9.353110 ], [ -65.312355, 9.352717 ], [ -65.312859, 9.352307 ], [ -65.313248, 9.351870 ], [ -65.313591, 9.351403 ], [ -65.314026, 9.350921 ], [ -65.314392, 9.350392 ], [ -65.314552, 9.349834 ], [ -65.314682, 9.348661 ], [ -65.314651, 9.347982 ], [ -65.314369, 9.347359 ], [ -65.313812, 9.346838 ], [ -65.313301, 9.346472 ], [ -65.312790, 9.346223 ], [ -65.312050, 9.345926 ], [ -65.311470, 9.345812 ], [ -65.310753, 9.345687 ], [ -65.309830, 9.345551 ], [ -65.309204, 9.345446 ], [ -65.307678, 9.345357 ], [ -65.306206, 9.345256 ], [ -65.305542, 9.345280 ], [ -65.304115, 9.345500 ], [ -65.303307, 9.345645 ], [ -65.302734, 9.345738 ], [ -65.302086, 9.345813 ], [ -65.301414, 9.345887 ], [ -65.300835, 9.345862 ], [ -65.300217, 9.345757 ], [ -65.299469, 9.345506 ], [ -65.298843, 9.345210 ], [ -65.298286, 9.344871 ], [ -65.296242, 9.343278 ], [ -65.295868, 9.342751 ], [ -65.295570, 9.342270 ], [ -65.295197, 9.341769 ], [ -65.294357, 9.340947 ], [ -65.294075, 9.340403 ], [ -65.294182, 9.339827 ], [ -65.294601, 9.339389 ], [ -65.295036, 9.338969 ], [ -65.295586, 9.338577 ], [ -65.296135, 9.338141 ], [ -65.296616, 9.337785 ], [ -65.296959, 9.337301 ], [ -65.297233, 9.336708 ], [ -65.297318, 9.336131 ], [ -65.297295, 9.335490 ], [ -65.297173, 9.334849 ], [ -65.296890, 9.334294 ], [ -65.296379, 9.333731 ], [ -65.295799, 9.333407 ], [ -65.295151, 9.333302 ], [ -65.293930, 9.333265 ], [ -65.293282, 9.333354 ], [ -65.292702, 9.333474 ], [ -65.292175, 9.333757 ], [ -65.291694, 9.334258 ], [ -65.291283, 9.334751 ], [ -65.290939, 9.335234 ], [ -65.290642, 9.335737 ], [ -65.290298, 9.336204 ], [ -65.289818, 9.336640 ], [ -65.289314, 9.336943 ], [ -65.288735, 9.337034 ], [ -65.288162, 9.336947 ], [ -65.288223, 9.336352 ], [ -65.288521, 9.335824 ], [ -65.289368, 9.334740 ], [ -65.289612, 9.334182 ], [ -65.289612, 9.333587 ], [ -65.289192, 9.333176 ], [ -65.288658, 9.332953 ], [ -65.287811, 9.333224 ], [ -65.287224, 9.333245 ], [ -65.287033, 9.333379 ], [ -65.287033, 9.333976 ], [ -65.287018, 9.334588 ], [ -65.286949, 9.335193 ], [ -65.286629, 9.335650 ], [ -65.286057, 9.335814 ], [ -65.285500, 9.335683 ], [ -65.284897, 9.335433 ], [ -65.284500, 9.334977 ], [ -65.284309, 9.334381 ], [ -65.284195, 9.333828 ], [ -65.284142, 9.333096 ], [ -65.284149, 9.332879 ], [ -65.284279, 9.332375 ], [ -65.284233, 9.331842 ], [ -65.283691, 9.331548 ], [ -65.283089, 9.331549 ], [ -65.282539, 9.331717 ], [ -65.281967, 9.331910 ], [ -65.281479, 9.332184 ], [ -65.280510, 9.332229 ], [ -65.280457, 9.332221 ], [ -65.280327, 9.332227 ], [ -65.279434, 9.332091 ], [ -65.279449, 9.331513 ], [ -65.279556, 9.330964 ], [ -65.279823, 9.329839 ], [ -65.279892, 9.329279 ], [ -65.279907, 9.328711 ], [ -65.279854, 9.328133 ], [ -65.279732, 9.327562 ], [ -65.279495, 9.326992 ], [ -65.279396, 9.326395 ], [ -65.279396, 9.325772 ], [ -65.279320, 9.325112 ], [ -65.279152, 9.324560 ], [ -65.278893, 9.324016 ], [ -65.278427, 9.323577 ], [ -65.277916, 9.323328 ], [ -65.277428, 9.322989 ], [ -65.276985, 9.322578 ], [ -65.276703, 9.322079 ], [ -65.276810, 9.321529 ], [ -65.277214, 9.320261 ], [ -65.277298, 9.319639 ], [ -65.277229, 9.319070 ], [ -65.277107, 9.318445 ], [ -65.276893, 9.317902 ], [ -65.276703, 9.317286 ], [ -65.276627, 9.316708 ], [ -65.276619, 9.316130 ], [ -65.276726, 9.315562 ], [ -65.276886, 9.314959 ], [ -65.276993, 9.314337 ], [ -65.276802, 9.313748 ], [ -65.276360, 9.313355 ], [ -65.275757, 9.313250 ], [ -65.275162, 9.313181 ], [ -65.274681, 9.313057 ], [ -65.274162, 9.313224 ], [ -65.273559, 9.313271 ], [ -65.273003, 9.313211 ], [ -65.272407, 9.313096 ], [ -65.271874, 9.312892 ], [ -65.271408, 9.312580 ], [ -65.271378, 9.312004 ], [ -65.271629, 9.311501 ], [ -65.272110, 9.311171 ], [ -65.272797, 9.310979 ], [ -65.273903, 9.310838 ], [ -65.274483, 9.310690 ], [ -65.275032, 9.310408 ], [ -65.275559, 9.310105 ], [ -65.276062, 9.309713 ], [ -65.276176, 9.309110 ], [ -65.276032, 9.308495 ], [ -65.275795, 9.307923 ], [ -65.275536, 9.307352 ], [ -65.275253, 9.306870 ], [ -65.274719, 9.306623 ], [ -65.274048, 9.306697 ], [ -65.273407, 9.306870 ], [ -65.272850, 9.307125 ], [ -65.272324, 9.307309 ], [ -65.271705, 9.307457 ], [ -65.271103, 9.307549 ], [ -65.270531, 9.307671 ], [ -65.269928, 9.307745 ], [ -65.269333, 9.307752 ], [ -65.268746, 9.307625 ], [ -65.268257, 9.307258 ], [ -65.267952, 9.306776 ], [ -65.267761, 9.306188 ], [ -65.267693, 9.305547 ], [ -65.267639, 9.304896 ], [ -65.267631, 9.304255 ], [ -65.267670, 9.303659 ], [ -65.267731, 9.303037 ], [ -65.267906, 9.301775 ], [ -65.268013, 9.301199 ], [ -65.267990, 9.300603 ], [ -65.267845, 9.300005 ], [ -65.267517, 9.299505 ], [ -65.266960, 9.299238 ], [ -65.266380, 9.299170 ], [ -65.265800, 9.299156 ], [ -65.264603, 9.299213 ], [ -65.264023, 9.299099 ], [ -65.263466, 9.298849 ], [ -65.263000, 9.298511 ], [ -65.262718, 9.297966 ], [ -65.262787, 9.297390 ], [ -65.263214, 9.296969 ], [ -65.263817, 9.296551 ], [ -65.264343, 9.296322 ], [ -65.264938, 9.296103 ], [ -65.266151, 9.296011 ], [ -65.266762, 9.296022 ], [ -65.267342, 9.295947 ], [ -65.267914, 9.295809 ], [ -65.269066, 9.295470 ], [ -65.269547, 9.295194 ], [ -65.269936, 9.294774 ], [ -65.270164, 9.294270 ], [ -65.270271, 9.293695 ], [ -65.270317, 9.293100 ], [ -65.270172, 9.292548 ], [ -65.269890, 9.292067 ], [ -65.269585, 9.291567 ], [ -65.269508, 9.290925 ], [ -65.269455, 9.290346 ], [ -65.269425, 9.289778 ], [ -65.268486, 9.288151 ], [ -65.268295, 9.287581 ], [ -65.268249, 9.287012 ], [ -65.268822, 9.286774 ], [ -65.269356, 9.287023 ], [ -65.269821, 9.287362 ], [ -65.270264, 9.287727 ], [ -65.271149, 9.288540 ], [ -65.271637, 9.288953 ], [ -65.272125, 9.289246 ], [ -65.272629, 9.289007 ], [ -65.272995, 9.288524 ], [ -65.273056, 9.287902 ], [ -65.272957, 9.287304 ], [ -65.272606, 9.286877 ], [ -65.272186, 9.286421 ], [ -65.271721, 9.286082 ], [ -65.271210, 9.285580 ], [ -65.270950, 9.285073 ], [ -65.270760, 9.284502 ], [ -65.270615, 9.283337 ], [ -65.270607, 9.282696 ], [ -65.270622, 9.281909 ], [ -65.270699, 9.280628 ], [ -65.270622, 9.280049 ], [ -65.270088, 9.279710 ], [ -65.269539, 9.279623 ], [ -65.268890, 9.279631 ], [ -65.268333, 9.279548 ], [ -65.267731, 9.279387 ], [ -65.267174, 9.279210 ], [ -65.265991, 9.278648 ], [ -65.264992, 9.277987 ], [ -65.264572, 9.277533 ], [ -65.264313, 9.277005 ], [ -65.264191, 9.276462 ], [ -65.264145, 9.275884 ], [ -65.264115, 9.275269 ], [ -65.264519, 9.274092 ], [ -65.264740, 9.273516 ], [ -65.264923, 9.272942 ], [ -65.265007, 9.272390 ], [ -65.264908, 9.271812 ], [ -65.264565, 9.271384 ], [ -65.264053, 9.271135 ], [ -65.263473, 9.271165 ], [ -65.262413, 9.271588 ], [ -65.261841, 9.271635 ], [ -65.261238, 9.271530 ], [ -65.260681, 9.271416 ], [ -65.260124, 9.271012 ], [ -65.259682, 9.270602 ], [ -65.258797, 9.269735 ], [ -65.258354, 9.269351 ], [ -65.257866, 9.269057 ], [ -65.256683, 9.268747 ], [ -65.256195, 9.268426 ], [ -65.256241, 9.267831 ], [ -65.256576, 9.267302 ], [ -65.257469, 9.266355 ], [ -65.257858, 9.265889 ], [ -65.258156, 9.265406 ], [ -65.258377, 9.264893 ], [ -65.258446, 9.264272 ], [ -65.258369, 9.263674 ], [ -65.257790, 9.263569 ], [ -65.257187, 9.263570 ], [ -65.256592, 9.263628 ], [ -65.256035, 9.263839 ], [ -65.255440, 9.264230 ], [ -65.254021, 9.265352 ], [ -65.252647, 9.266602 ], [ -65.252213, 9.266976 ], [ -65.251686, 9.267369 ], [ -65.251228, 9.267742 ], [ -65.250725, 9.268134 ], [ -65.250221, 9.268463 ], [ -65.249641, 9.268511 ], [ -65.249085, 9.268144 ], [ -65.248710, 9.267671 ], [ -65.248520, 9.267100 ], [ -65.248642, 9.265928 ], [ -65.248573, 9.265287 ], [ -65.248245, 9.264824 ], [ -65.247734, 9.264555 ], [ -65.247132, 9.264556 ], [ -65.246628, 9.264870 ], [ -65.246124, 9.265235 ], [ -65.245644, 9.265654 ], [ -65.244865, 9.266602 ], [ -65.244476, 9.267021 ], [ -65.243973, 9.267296 ], [ -65.243370, 9.267353 ], [ -65.243263, 9.267345 ], [ -65.243195, 9.267352 ], [ -65.242615, 9.267310 ], [ -65.242058, 9.267151 ], [ -65.241478, 9.266820 ], [ -65.240990, 9.266472 ], [ -65.240616, 9.266016 ], [ -65.240311, 9.265498 ], [ -65.240189, 9.264856 ], [ -65.240280, 9.264208 ], [ -65.240387, 9.263658 ], [ -65.240547, 9.263100 ], [ -65.240769, 9.262525 ], [ -65.241066, 9.261932 ], [ -65.241287, 9.261348 ], [ -65.241356, 9.260779 ], [ -65.241073, 9.260271 ], [ -65.240631, 9.259933 ], [ -65.240074, 9.259620 ], [ -65.239517, 9.259353 ], [ -65.238937, 9.259057 ], [ -65.238403, 9.258691 ], [ -65.237564, 9.257870 ], [ -65.237190, 9.257441 ], [ -65.236816, 9.256914 ], [ -65.236465, 9.256441 ], [ -65.236153, 9.255914 ], [ -65.235855, 9.255432 ], [ -65.235573, 9.254906 ], [ -65.235336, 9.254407 ], [ -65.235306, 9.253829 ], [ -65.235512, 9.253299 ], [ -65.235992, 9.252970 ], [ -65.236633, 9.252851 ], [ -65.237190, 9.252784 ], [ -65.237991, 9.252774 ], [ -65.238587, 9.252745 ], [ -65.239189, 9.252695 ], [ -65.239792, 9.252593 ], [ -65.240433, 9.252457 ], [ -65.241036, 9.252309 ], [ -65.241608, 9.252081 ], [ -65.241951, 9.251569 ], [ -65.241989, 9.250947 ], [ -65.241844, 9.250214 ], [ -65.241699, 9.249599 ], [ -65.241486, 9.248928 ], [ -65.241226, 9.248312 ], [ -65.240898, 9.247787 ], [ -65.240387, 9.247563 ], [ -65.239838, 9.247684 ], [ -65.239258, 9.247939 ], [ -65.238686, 9.248150 ], [ -65.238106, 9.248252 ], [ -65.237442, 9.248300 ], [ -65.236839, 9.248266 ], [ -65.236282, 9.248179 ], [ -65.235771, 9.247949 ], [ -65.235558, 9.247378 ], [ -65.235558, 9.246808 ], [ -65.236038, 9.246453 ], [ -65.236611, 9.246567 ], [ -65.237167, 9.246718 ], [ -65.237724, 9.246786 ], [ -65.238228, 9.246548 ], [ -65.238525, 9.245973 ], [ -65.238564, 9.245396 ], [ -65.238304, 9.244871 ], [ -65.237885, 9.244324 ], [ -65.237557, 9.243823 ], [ -65.237320, 9.243253 ], [ -65.237244, 9.242684 ], [ -65.237312, 9.242107 ], [ -65.237534, 9.241531 ], [ -65.238350, 9.239635 ], [ -65.238617, 9.239059 ], [ -65.238846, 9.238484 ], [ -65.238975, 9.237908 ], [ -65.238899, 9.237293 ], [ -65.238503, 9.236794 ], [ -65.238060, 9.236401 ], [ -65.237617, 9.236045 ], [ -65.237084, 9.235749 ], [ -65.236649, 9.235609 ], [ -65.236046, 9.235598 ], [ -65.235542, 9.235941 ], [ -65.235313, 9.236453 ], [ -65.235321, 9.237066 ], [ -65.235558, 9.237619 ], [ -65.235725, 9.238190 ], [ -65.235779, 9.238786 ], [ -65.235664, 9.239363 ], [ -65.235352, 9.239937 ], [ -65.234962, 9.240447 ], [ -65.234528, 9.240822 ], [ -65.234024, 9.241052 ], [ -65.233399, 9.241199 ], [ -65.232864, 9.240905 ], [ -65.232491, 9.240467 ], [ -65.232208, 9.239994 ], [ -65.232040, 9.239325 ], [ -65.231926, 9.238754 ], [ -65.231873, 9.238158 ], [ -65.231796, 9.237581 ], [ -65.231766, 9.236922 ], [ -65.231758, 9.236298 ], [ -65.231705, 9.235657 ], [ -65.231674, 9.235015 ], [ -65.231560, 9.234438 ], [ -65.230980, 9.234303 ], [ -65.230499, 9.234589 ], [ -65.230019, 9.235052 ], [ -65.229790, 9.235718 ], [ -65.229569, 9.236248 ], [ -65.229363, 9.236778 ], [ -65.229072, 9.237354 ], [ -65.228729, 9.237791 ], [ -65.228195, 9.238074 ], [ -65.227646, 9.238240 ], [ -65.226997, 9.238298 ], [ -65.226425, 9.238317 ], [ -65.226372, 9.238312 ], [ -65.226242, 9.238317 ], [ -65.225670, 9.238256 ], [ -65.225067, 9.238106 ], [ -65.224472, 9.237943 ], [ -65.223976, 9.238003 ], [ -65.223351, 9.238168 ], [ -65.222801, 9.238261 ], [ -65.222221, 9.238382 ], [ -65.221604, 9.238458 ], [ -65.220955, 9.238515 ], [ -65.220352, 9.238561 ], [ -65.220291, 9.238551 ], [ -65.220177, 9.238560 ], [ -65.219597, 9.238473 ], [ -65.219017, 9.238340 ], [ -65.218506, 9.238091 ], [ -65.218109, 9.237662 ], [ -65.217903, 9.237137 ], [ -65.217987, 9.236578 ], [ -65.218285, 9.236076 ], [ -65.218620, 9.235638 ], [ -65.219200, 9.235535 ], [ -65.219780, 9.235667 ], [ -65.220268, 9.235989 ], [ -65.220780, 9.236282 ], [ -65.221336, 9.236478 ], [ -65.221954, 9.236593 ], [ -65.222061, 9.236581 ], [ -65.222137, 9.236594 ], [ -65.222756, 9.236519 ], [ -65.223267, 9.236280 ], [ -65.223579, 9.235751 ], [ -65.223831, 9.235223 ], [ -65.224014, 9.234693 ], [ -65.224144, 9.234097 ], [ -65.223793, 9.233615 ], [ -65.223236, 9.233555 ], [ -65.222687, 9.233738 ], [ -65.222183, 9.233976 ], [ -65.221672, 9.234233 ], [ -65.221100, 9.234164 ], [ -65.221138, 9.233460 ], [ -65.221313, 9.232859 ], [ -65.221542, 9.232238 ], [ -65.221764, 9.231681 ], [ -65.222015, 9.231105 ], [ -65.222283, 9.230548 ], [ -65.222465, 9.230000 ], [ -65.222458, 9.229377 ], [ -65.222061, 9.228830 ], [ -65.221458, 9.228743 ], [ -65.220291, 9.229326 ], [ -65.219780, 9.229610 ], [ -65.219399, 9.230030 ], [ -65.219040, 9.231137 ], [ -65.218598, 9.231503 ], [ -65.218025, 9.231623 ], [ -65.217941, 9.231603 ], [ -65.217850, 9.231622 ], [ -65.217270, 9.231489 ], [ -65.216225, 9.230990 ], [ -65.215736, 9.230679 ], [ -65.215202, 9.230357 ], [ -65.214691, 9.230018 ], [ -65.214226, 9.229633 ], [ -65.213875, 9.229134 ], [ -65.213684, 9.228608 ], [ -65.213722, 9.228031 ], [ -65.213860, 9.227482 ], [ -65.214508, 9.227543 ], [ -65.215042, 9.227747 ], [ -65.215660, 9.227898 ], [ -65.217003, 9.227984 ], [ -65.217560, 9.227909 ], [ -65.218109, 9.227788 ], [ -65.218567, 9.227441 ], [ -65.218773, 9.226911 ], [ -65.218330, 9.226473 ], [ -65.217697, 9.226159 ], [ -65.216637, 9.225571 ], [ -65.215454, 9.225053 ], [ -65.214897, 9.224857 ], [ -65.214294, 9.224607 ], [ -65.213692, 9.224402 ], [ -65.213089, 9.224133 ], [ -65.212601, 9.223840 ], [ -65.212135, 9.223456 ], [ -65.211830, 9.222911 ], [ -65.211639, 9.222385 ], [ -65.211472, 9.221743 ], [ -65.211372, 9.221147 ], [ -65.211227, 9.220477 ], [ -65.210991, 9.219861 ], [ -65.210617, 9.219333 ], [ -65.210152, 9.218859 ], [ -65.209595, 9.218681 ], [ -65.207909, 9.218212 ], [ -65.207352, 9.218081 ], [ -65.206818, 9.217831 ], [ -65.205750, 9.217224 ], [ -65.205261, 9.216885 ], [ -65.204750, 9.216545 ], [ -65.204308, 9.216180 ], [ -65.203934, 9.215653 ], [ -65.203743, 9.215055 ], [ -65.203415, 9.214600 ], [ -65.202927, 9.214333 ], [ -65.202393, 9.214066 ], [ -65.201927, 9.213699 ], [ -65.201652, 9.213191 ], [ -65.201599, 9.212622 ], [ -65.201660, 9.211982 ], [ -65.201813, 9.211406 ], [ -65.202247, 9.211013 ], [ -65.202782, 9.210820 ], [ -65.203560, 9.210819 ], [ -65.204117, 9.211015 ], [ -65.204559, 9.211379 ], [ -65.204880, 9.211834 ], [ -65.205360, 9.212167 ], [ -65.205818, 9.212152 ], [ -65.206390, 9.211960 ], [ -65.206871, 9.211540 ], [ -65.207100, 9.211010 ], [ -65.207253, 9.210462 ], [ -65.207153, 9.209909 ], [ -65.206756, 9.209409 ], [ -65.206360, 9.208926 ], [ -65.206101, 9.208427 ], [ -65.205818, 9.207855 ], [ -65.205650, 9.207258 ], [ -65.205788, 9.206709 ], [ -65.206368, 9.206842 ], [ -65.207542, 9.206963 ], [ -65.208145, 9.207005 ], [ -65.208176, 9.206995 ], [ -65.208321, 9.207005 ], [ -65.208901, 9.206823 ], [ -65.209145, 9.206311 ], [ -65.209045, 9.205740 ], [ -65.208672, 9.205258 ], [ -65.208137, 9.204846 ], [ -65.207649, 9.204535 ], [ -65.207138, 9.204152 ], [ -65.206764, 9.203622 ], [ -65.206505, 9.203054 ], [ -65.206383, 9.202500 ], [ -65.206360, 9.201930 ], [ -65.206306, 9.201289 ], [ -65.206299, 9.200548 ], [ -65.206268, 9.199908 ], [ -65.206169, 9.199221 ], [ -65.206116, 9.198534 ], [ -65.205902, 9.197981 ], [ -65.205528, 9.197554 ], [ -65.204956, 9.197601 ], [ -65.204376, 9.197795 ], [ -65.203850, 9.198050 ], [ -65.203369, 9.198469 ], [ -65.203026, 9.198953 ], [ -65.202408, 9.199074 ], [ -65.201919, 9.198778 ], [ -65.201386, 9.198276 ], [ -65.201057, 9.197731 ], [ -65.200798, 9.197089 ], [ -65.200630, 9.196535 ], [ -65.200394, 9.196010 ], [ -65.200134, 9.195375 ], [ -65.199943, 9.194777 ], [ -65.199753, 9.194117 ], [ -65.199654, 9.193448 ], [ -65.199600, 9.192870 ], [ -65.199615, 9.192183 ], [ -65.199585, 9.191570 ], [ -65.199532, 9.190975 ], [ -65.199410, 9.190351 ], [ -65.199249, 9.189796 ], [ -65.198921, 9.189343 ], [ -65.198387, 9.189075 ], [ -65.197716, 9.189076 ], [ -65.197166, 9.189224 ], [ -65.196014, 9.189555 ], [ -65.195434, 9.189495 ], [ -65.194992, 9.189147 ], [ -65.194573, 9.188736 ], [ -65.194130, 9.188397 ], [ -65.193733, 9.187987 ], [ -65.193428, 9.187488 ], [ -65.193497, 9.186822 ], [ -65.194023, 9.186565 ], [ -65.194550, 9.186381 ], [ -65.195053, 9.186116 ], [ -65.195564, 9.185796 ], [ -65.196091, 9.185332 ], [ -65.196495, 9.184868 ], [ -65.196884, 9.184383 ], [ -65.197228, 9.183919 ], [ -65.197502, 9.183406 ], [ -65.197723, 9.182876 ], [ -65.197861, 9.182308 ], [ -65.197395, 9.181943 ], [ -65.196838, 9.182154 ], [ -65.196289, 9.182410 ], [ -65.195808, 9.182756 ], [ -65.195534, 9.183269 ], [ -65.195221, 9.183779 ], [ -65.194809, 9.184218 ], [ -65.194282, 9.184520 ], [ -65.193749, 9.184730 ], [ -65.193153, 9.184876 ], [ -65.192574, 9.184853 ], [ -65.192040, 9.184675 ], [ -65.191597, 9.184264 ], [ -65.191269, 9.183809 ], [ -65.191292, 9.183188 ], [ -65.191490, 9.182638 ], [ -65.191742, 9.182128 ], [ -65.192238, 9.180960 ], [ -65.192390, 9.180401 ], [ -65.192459, 9.179824 ], [ -65.192406, 9.179255 ], [ -65.192169, 9.178730 ], [ -65.191818, 9.178273 ], [ -65.191246, 9.178393 ], [ -65.190834, 9.178833 ], [ -65.190559, 9.179361 ], [ -65.190308, 9.179892 ], [ -65.189857, 9.181042 ], [ -65.189682, 9.181574 ], [ -65.189430, 9.182084 ], [ -65.188950, 9.182360 ], [ -65.188347, 9.182271 ], [ -65.187950, 9.181770 ], [ -65.187805, 9.181183 ], [ -65.187935, 9.179985 ], [ -65.187882, 9.179361 ], [ -65.187988, 9.178765 ], [ -65.188217, 9.178235 ], [ -65.188469, 9.177688 ], [ -65.188896, 9.177314 ], [ -65.189476, 9.177057 ], [ -65.190002, 9.176774 ], [ -65.190300, 9.176218 ], [ -65.190338, 9.175577 ], [ -65.190033, 9.175008 ], [ -65.189545, 9.174594 ], [ -65.188942, 9.174443 ], [ -65.188362, 9.174402 ], [ -65.187721, 9.174477 ], [ -65.187302, 9.174554 ], [ -65.186638, 9.174717 ], [ -65.186112, 9.174928 ], [ -65.185623, 9.175203 ], [ -65.185188, 9.175552 ], [ -65.184616, 9.175788 ], [ -65.184036, 9.175729 ], [ -65.183464, 9.175615 ], [ -65.182861, 9.175417 ], [ -65.182258, 9.175240 ], [ -65.181190, 9.174786 ], [ -65.180748, 9.174448 ], [ -65.180740, 9.173869 ], [ -65.180786, 9.173229 ], [ -65.180550, 9.172586 ], [ -65.180100, 9.172085 ], [ -65.179619, 9.171774 ], [ -65.179039, 9.171730 ], [ -65.178459, 9.171805 ], [ -65.177864, 9.171898 ], [ -65.176735, 9.172094 ], [ -65.176087, 9.172105 ], [ -65.175804, 9.171625 ], [ -65.176056, 9.171112 ], [ -65.176331, 9.170609 ], [ -65.176483, 9.170034 ], [ -65.176407, 9.169484 ], [ -65.175942, 9.168982 ], [ -65.175430, 9.168614 ], [ -65.174873, 9.168257 ], [ -65.174362, 9.168025 ], [ -65.173721, 9.168172 ], [ -65.173287, 9.168592 ], [ -65.172989, 9.169094 ], [ -65.172737, 9.169625 ], [ -65.172676, 9.170184 ], [ -65.172661, 9.170796 ], [ -65.172668, 9.171402 ], [ -65.172600, 9.171951 ], [ -65.172379, 9.172454 ], [ -65.171966, 9.172847 ], [ -65.171409, 9.172787 ], [ -65.170967, 9.172404 ], [ -65.170548, 9.171902 ], [ -65.170105, 9.171509 ], [ -65.169640, 9.171197 ], [ -65.169037, 9.171112 ], [ -65.168488, 9.171275 ], [ -65.167915, 9.171533 ], [ -65.167473, 9.171907 ], [ -65.167000, 9.172389 ], [ -65.166489, 9.172690 ], [ -65.165939, 9.172766 ], [ -65.165337, 9.172751 ], [ -65.164696, 9.172778 ], [ -65.164093, 9.172781 ], [ -65.163536, 9.172631 ], [ -65.163002, 9.172400 ], [ -65.162468, 9.172132 ], [ -65.162003, 9.171793 ], [ -65.162140, 9.171172 ], [ -65.162598, 9.170779 ], [ -65.163101, 9.170496 ], [ -65.163444, 9.169922 ], [ -65.163460, 9.169319 ], [ -65.162926, 9.169050 ], [ -65.161522, 9.168967 ], [ -65.161057, 9.168954 ], [ -65.160454, 9.168817 ], [ -65.159760, 9.168549 ], [ -65.159226, 9.168307 ], [ -65.158623, 9.167986 ], [ -65.158066, 9.167764 ], [ -65.157486, 9.167541 ], [ -65.156929, 9.167363 ], [ -65.155754, 9.167007 ], [ -65.155174, 9.167007 ], [ -65.154991, 9.167558 ], [ -65.155144, 9.168200 ], [ -65.155396, 9.168798 ], [ -65.155731, 9.170012 ], [ -65.156021, 9.171180 ], [ -65.156189, 9.171777 ], [ -65.156380, 9.172321 ], [ -65.156548, 9.172899 ], [ -65.156624, 9.173469 ], [ -65.156464, 9.174018 ], [ -65.156075, 9.174438 ], [ -65.155540, 9.174171 ], [ -65.155235, 9.173572 ], [ -65.154907, 9.173044 ], [ -65.154717, 9.172521 ], [ -65.154503, 9.171975 ], [ -65.154221, 9.171467 ], [ -65.153709, 9.171083 ], [ -65.153252, 9.170772 ], [ -65.152718, 9.170585 ], [ -65.152161, 9.170479 ], [ -65.151611, 9.170646 ], [ -65.151131, 9.171128 ], [ -65.150925, 9.171684 ], [ -65.150818, 9.172279 ], [ -65.150772, 9.172856 ], [ -65.150619, 9.173433 ], [ -65.150276, 9.173989 ], [ -65.149895, 9.174471 ], [ -65.149246, 9.174844 ], [ -65.148743, 9.175101 ], [ -65.148239, 9.175339 ], [ -65.147659, 9.175504 ], [ -65.146438, 9.175671 ], [ -65.144089, 9.176341 ], [ -65.143539, 9.176435 ], [ -65.142960, 9.176464 ], [ -65.142479, 9.176126 ], [ -65.142265, 9.175591 ], [ -65.142395, 9.174979 ], [ -65.142502, 9.174329 ], [ -65.142563, 9.172951 ], [ -65.142578, 9.172380 ], [ -65.142662, 9.171803 ], [ -65.142845, 9.171230 ], [ -65.142883, 9.170561 ], [ -65.142761, 9.170010 ], [ -65.142365, 9.169580 ], [ -65.141769, 9.169467 ], [ -65.141190, 9.169497 ], [ -65.140686, 9.169797 ], [ -65.140526, 9.170418 ], [ -65.140465, 9.171085 ], [ -65.140709, 9.172352 ], [ -65.140739, 9.172920 ], [ -65.140884, 9.173491 ], [ -65.140976, 9.174042 ], [ -65.140892, 9.174646 ], [ -65.140640, 9.175149 ], [ -65.140068, 9.175297 ], [ -65.139603, 9.174930 ], [ -65.139069, 9.174681 ], [ -65.138374, 9.174689 ], [ -65.137756, 9.174671 ], [ -65.137131, 9.174543 ], [ -65.136780, 9.174079 ], [ -65.137047, 9.173486 ], [ -65.137253, 9.172957 ], [ -65.137596, 9.172400 ], [ -65.137886, 9.171870 ], [ -65.138161, 9.171359 ], [ -65.138382, 9.170856 ], [ -65.138291, 9.170304 ], [ -65.137940, 9.169823 ], [ -65.137245, 9.169851 ], [ -65.136627, 9.170015 ], [ -65.136070, 9.170326 ], [ -65.135735, 9.170766 ], [ -65.135414, 9.171248 ], [ -65.135094, 9.171777 ], [ -65.134773, 9.172333 ], [ -65.134369, 9.172908 ], [ -65.133980, 9.173371 ], [ -65.133476, 9.173628 ], [ -65.132942, 9.173821 ], [ -65.132393, 9.173887 ], [ -65.131790, 9.173918 ], [ -65.131187, 9.173649 ], [ -65.130745, 9.173310 ], [ -65.130394, 9.172810 ], [ -65.130135, 9.172256 ], [ -65.129570, 9.171141 ], [ -65.129082, 9.170846 ], [ -65.128639, 9.170464 ], [ -65.128151, 9.170072 ], [ -65.127624, 9.169776 ], [ -65.126999, 9.169782 ], [ -65.126549, 9.170270 ], [ -65.126740, 9.170814 ], [ -65.126625, 9.171390 ], [ -65.126213, 9.171782 ], [ -65.125641, 9.171975 ], [ -65.125061, 9.171914 ], [ -65.123878, 9.171414 ], [ -65.122726, 9.170969 ], [ -65.122124, 9.170953 ], [ -65.121643, 9.171273 ], [ -65.120910, 9.172204 ], [ -65.120499, 9.172614 ], [ -65.120018, 9.173016 ], [ -65.119537, 9.173380 ], [ -65.118645, 9.174084 ], [ -65.118141, 9.174340 ], [ -65.117630, 9.174064 ], [ -65.117134, 9.173012 ], [ -65.116898, 9.172378 ], [ -65.116776, 9.171825 ], [ -65.116676, 9.171274 ], [ -65.116486, 9.170703 ], [ -65.116203, 9.170104 ], [ -65.115852, 9.169559 ], [ -65.115364, 9.169058 ], [ -65.114853, 9.168601 ], [ -65.114296, 9.168378 ], [ -65.113724, 9.168498 ], [ -65.113098, 9.168663 ], [ -65.112503, 9.168810 ], [ -65.111832, 9.168929 ], [ -65.111282, 9.169067 ], [ -65.110680, 9.169125 ], [ -65.110100, 9.168992 ], [ -65.109596, 9.169221 ], [ -65.109398, 9.169779 ], [ -65.109444, 9.170347 ], [ -65.109817, 9.170803 ], [ -65.110237, 9.171213 ], [ -65.110565, 9.171668 ], [ -65.110893, 9.172151 ], [ -65.110764, 9.172699 ], [ -65.110329, 9.173146 ], [ -65.109772, 9.173420 ], [ -65.109215, 9.173519 ], [ -65.108711, 9.173511 ], [ -65.108154, 9.173437 ], [ -65.107552, 9.173378 ], [ -65.106949, 9.173244 ], [ -65.106209, 9.173138 ], [ -65.105659, 9.173023 ], [ -65.105103, 9.172935 ], [ -65.103927, 9.172787 ], [ -65.103348, 9.172699 ], [ -65.103066, 9.172825 ], [ -65.102821, 9.172937 ], [ -65.102547, 9.173470 ], [ -65.102921, 9.173904 ], [ -65.103554, 9.174931 ], [ -65.103905, 9.175359 ], [ -65.103996, 9.175912 ], [ -65.103729, 9.176467 ], [ -65.103226, 9.176699 ], [ -65.102646, 9.176518 ], [ -65.102180, 9.176134 ], [ -65.101761, 9.175696 ], [ -65.100921, 9.174794 ], [ -65.100456, 9.174428 ], [ -65.100037, 9.174045 ], [ -65.099503, 9.173677 ], [ -65.098945, 9.173455 ], [ -65.098488, 9.173775 ], [ -65.098679, 9.174401 ], [ -65.098961, 9.174872 ], [ -65.099197, 9.175401 ], [ -65.098945, 9.175910 ], [ -65.098465, 9.176332 ], [ -65.097870, 9.176584 ], [ -65.097313, 9.176679 ], [ -65.096718, 9.176708 ], [ -65.096161, 9.176576 ], [ -65.095070, 9.175968 ], [ -65.094513, 9.175537 ], [ -65.094070, 9.175055 ], [ -65.093300, 9.174171 ], [ -65.092720, 9.174128 ], [ -65.092117, 9.174176 ], [ -65.091522, 9.174322 ], [ -65.090950, 9.174515 ], [ -65.090370, 9.174625 ], [ -65.089821, 9.174747 ], [ -65.089264, 9.174912 ], [ -65.088669, 9.175061 ], [ -65.088089, 9.175108 ], [ -65.087517, 9.175094 ], [ -65.087006, 9.174842 ], [ -65.086746, 9.174343 ], [ -65.086731, 9.173098 ], [ -65.086662, 9.172547 ], [ -65.086494, 9.171913 ], [ -65.085998, 9.170816 ], [ -65.085487, 9.170566 ], [ -65.084419, 9.169931 ], [ -65.083839, 9.169728 ], [ -65.083214, 9.169640 ], [ -65.082703, 9.169391 ], [ -65.082420, 9.168846 ], [ -65.082306, 9.168296 ], [ -65.082367, 9.167698 ], [ -65.082870, 9.167370 ], [ -65.083519, 9.167459 ], [ -65.084053, 9.167664 ], [ -65.084427, 9.168092 ], [ -65.084801, 9.168547 ], [ -65.085289, 9.168822 ], [ -65.085816, 9.168521 ], [ -65.086082, 9.168038 ], [ -65.086174, 9.167479 ], [ -65.086052, 9.166927 ], [ -65.085792, 9.166291 ], [ -65.085350, 9.165854 ], [ -65.084793, 9.165677 ], [ -65.084236, 9.165291 ], [ -65.083679, 9.165113 ], [ -65.083107, 9.165145 ], [ -65.082482, 9.165355 ], [ -65.082001, 9.165655 ], [ -65.081421, 9.165478 ], [ -65.080956, 9.165003 ], [ -65.080628, 9.164548 ], [ -65.080254, 9.164065 ], [ -65.079880, 9.163630 ], [ -65.079460, 9.163245 ], [ -65.078911, 9.163040 ], [ -65.078331, 9.163205 ], [ -65.077896, 9.163625 ], [ -65.077553, 9.164109 ], [ -65.077171, 9.164556 ], [ -65.077026, 9.164509 ], [ -65.076988, 9.164555 ], [ -65.076431, 9.164369 ], [ -65.076149, 9.163796 ], [ -65.076004, 9.163226 ], [ -65.076233, 9.162697 ], [ -65.076553, 9.162240 ], [ -65.077057, 9.161821 ], [ -65.077629, 9.161556 ], [ -65.078087, 9.161164 ], [ -65.078430, 9.160663 ], [ -65.078728, 9.160151 ], [ -65.078857, 9.159602 ], [ -65.078804, 9.159024 ], [ -65.078529, 9.158543 ], [ -65.078087, 9.158186 ], [ -65.077644, 9.158153 ], [ -65.077110, 9.158238 ], [ -65.076462, 9.158476 ], [ -65.075981, 9.158867 ], [ -65.075592, 9.159305 ], [ -65.075043, 9.159470 ], [ -65.074470, 9.159499 ], [ -65.073891, 9.159457 ], [ -65.072983, 9.158599 ], [ -65.072563, 9.158143 ], [ -65.072212, 9.157707 ], [ -65.072487, 9.157205 ], [ -65.072899, 9.156712 ], [ -65.074059, 9.155209 ], [ -65.074738, 9.154215 ], [ -65.074920, 9.153667 ], [ -65.074845, 9.153116 ], [ -65.074310, 9.152729 ], [ -65.073723, 9.152718 ], [ -65.073181, 9.152837 ], [ -65.072769, 9.153290 ], [ -65.072479, 9.153830 ], [ -65.072250, 9.154332 ], [ -65.072067, 9.154861 ], [ -65.071869, 9.155394 ], [ -65.071571, 9.155951 ], [ -65.071091, 9.156251 ], [ -65.070488, 9.156207 ], [ -65.070091, 9.155727 ], [ -65.069992, 9.155039 ], [ -65.070015, 9.154370 ], [ -65.069916, 9.153729 ], [ -65.069679, 9.153232 ], [ -65.069351, 9.152775 ], [ -65.068817, 9.152454 ], [ -65.068260, 9.152367 ], [ -65.067657, 9.152260 ], [ -65.066414, 9.152245 ], [ -65.065308, 9.152398 ], [ -65.064735, 9.152401 ], [ -65.064194, 9.152033 ], [ -65.063965, 9.151444 ], [ -65.063957, 9.150804 ], [ -65.063988, 9.149540 ], [ -65.063934, 9.148945 ], [ -65.063583, 9.148416 ], [ -65.063072, 9.148034 ], [ -65.062492, 9.147667 ], [ -65.061401, 9.147129 ], [ -65.060943, 9.146765 ], [ -65.060478, 9.146380 ], [ -65.059944, 9.146174 ], [ -65.059532, 9.146567 ], [ -65.059440, 9.147146 ], [ -65.059128, 9.147673 ], [ -65.058548, 9.147866 ], [ -65.057968, 9.147544 ], [ -65.057571, 9.147042 ], [ -65.057449, 9.146445 ], [ -65.057381, 9.145876 ], [ -65.057144, 9.145325 ], [ -65.056770, 9.144869 ], [ -65.056236, 9.144510 ], [ -65.055725, 9.144235 ], [ -65.055100, 9.144155 ], [ -65.054428, 9.144084 ], [ -65.053810, 9.143997 ], [ -65.053230, 9.143757 ], [ -65.052643, 9.142775 ], [ -65.052292, 9.142292 ], [ -65.051850, 9.141910 ], [ -65.051407, 9.141561 ], [ -65.050896, 9.141132 ], [ -65.050293, 9.140836 ], [ -65.049736, 9.140658 ], [ -65.049133, 9.140526 ], [ -65.048493, 9.140347 ], [ -65.048050, 9.140008 ], [ -65.047996, 9.139440 ], [ -65.047920, 9.138887 ], [ -65.047821, 9.138310 ], [ -65.047592, 9.137783 ], [ -65.047150, 9.137445 ], [ -65.046707, 9.137792 ], [ -65.046532, 9.138395 ], [ -65.046471, 9.138945 ], [ -65.046264, 9.139475 ], [ -65.045715, 9.139759 ], [ -65.045067, 9.139745 ], [ -65.044464, 9.139537 ], [ -65.043884, 9.139196 ], [ -65.043465, 9.138813 ], [ -65.043045, 9.138402 ], [ -65.042488, 9.138106 ], [ -65.041984, 9.138408 ], [ -65.041740, 9.138939 ], [ -65.041557, 9.139514 ], [ -65.041237, 9.140043 ], [ -65.040642, 9.140208 ], [ -65.040108, 9.140012 ], [ -65.039131, 9.139145 ], [ -65.038712, 9.138671 ], [ -65.038269, 9.138186 ], [ -65.037689, 9.138083 ], [ -65.037209, 9.138428 ], [ -65.036796, 9.138895 ], [ -65.036224, 9.139012 ], [ -65.035553, 9.139062 ], [ -65.034813, 9.139030 ], [ -65.034241, 9.138938 ], [ -65.033615, 9.138851 ], [ -65.032944, 9.138670 ], [ -65.032341, 9.138564 ], [ -65.031761, 9.138386 ], [ -65.031113, 9.138208 ], [ -65.030838, 9.137726 ], [ -65.030876, 9.137149 ], [ -65.030754, 9.136489 ], [ -65.030472, 9.135818 ], [ -65.030136, 9.134605 ], [ -65.029923, 9.134063 ], [ -65.029617, 9.133490 ], [ -65.029152, 9.133061 ], [ -65.028580, 9.133082 ], [ -65.028122, 9.133483 ], [ -65.027710, 9.133893 ], [ -65.027107, 9.134040 ], [ -65.026527, 9.133818 ], [ -65.026108, 9.133407 ], [ -65.025780, 9.132898 ], [ -65.025780, 9.132302 ], [ -65.025841, 9.131680 ], [ -65.025833, 9.131111 ], [ -65.025688, 9.130469 ], [ -65.025459, 9.129915 ], [ -65.025055, 9.128819 ], [ -65.025253, 9.128289 ], [ -65.025505, 9.127759 ], [ -65.025680, 9.127138 ], [ -65.025726, 9.126545 ], [ -65.025558, 9.125928 ], [ -65.025207, 9.125375 ], [ -65.024811, 9.124963 ], [ -65.024368, 9.124606 ], [ -65.023789, 9.124401 ], [ -65.023232, 9.124242 ], [ -65.022682, 9.124021 ], [ -65.021080, 9.123417 ], [ -65.020500, 9.123256 ], [ -65.019882, 9.123122 ], [ -65.019257, 9.123016 ], [ -65.018677, 9.123137 ], [ -65.018128, 9.123420 ], [ -65.017647, 9.123720 ], [ -65.017212, 9.124096 ], [ -65.016800, 9.124487 ], [ -65.016388, 9.124899 ], [ -65.015907, 9.125299 ], [ -65.015450, 9.125736 ], [ -65.014992, 9.126110 ], [ -65.014389, 9.126203 ], [ -65.014328, 9.126184 ], [ -65.014214, 9.126202 ], [ -65.013611, 9.126023 ], [ -65.013077, 9.125774 ], [ -65.012497, 9.125371 ], [ -65.011963, 9.124986 ], [ -65.011521, 9.124575 ], [ -65.011078, 9.124137 ], [ -65.011002, 9.123586 ], [ -65.011513, 9.123357 ], [ -65.012665, 9.123207 ], [ -65.013237, 9.123159 ], [ -65.013718, 9.122857 ], [ -65.013901, 9.122282 ], [ -65.013481, 9.121754 ], [ -65.012901, 9.121278 ], [ -65.012344, 9.120893 ], [ -65.010605, 9.119782 ], [ -65.009971, 9.119396 ], [ -65.009346, 9.119101 ], [ -65.008697, 9.118876 ], [ -65.008095, 9.118681 ], [ -65.007431, 9.118430 ], [ -65.006874, 9.118180 ], [ -65.006340, 9.118003 ], [ -65.005783, 9.117780 ], [ -65.005112, 9.117537 ], [ -65.004601, 9.117463 ], [ -65.004135, 9.117527 ], [ -65.003563, 9.117782 ], [ -65.002876, 9.118307 ], [ -65.002342, 9.118789 ], [ -65.001946, 9.119307 ], [ -65.001595, 9.119918 ], [ -65.001053, 9.120552 ], [ -65.000587, 9.121053 ], [ -64.999977, 9.121432 ], [ -64.999329, 9.121609 ], [ -64.998627, 9.121613 ], [ -64.997948, 9.121449 ], [ -64.997536, 9.121047 ], [ -64.997108, 9.120536 ], [ -64.996651, 9.120025 ], [ -64.996315, 9.119544 ], [ -64.996048, 9.119034 ], [ -64.995705, 9.118471 ], [ -64.995346, 9.118007 ], [ -64.994934, 9.117587 ], [ -64.994316, 9.117265 ], [ -64.993652, 9.117273 ], [ -64.993042, 9.117584 ], [ -64.991676, 9.118229 ], [ -64.990959, 9.118445 ], [ -64.990402, 9.118603 ], [ -64.989914, 9.118895 ], [ -64.989258, 9.119159 ], [ -64.988594, 9.119145 ], [ -64.987381, 9.118444 ], [ -64.986854, 9.118157 ], [ -64.986397, 9.117801 ], [ -64.985946, 9.117382 ], [ -64.985626, 9.116872 ], [ -64.985405, 9.116301 ], [ -64.985115, 9.115466 ], [ -64.984848, 9.114843 ], [ -64.984306, 9.114374 ], [ -64.983757, 9.114001 ], [ -64.983070, 9.113738 ], [ -64.982353, 9.113452 ], [ -64.981644, 9.113057 ], [ -64.981239, 9.112636 ], [ -64.980858, 9.112027 ], [ -64.980446, 9.111473 ], [ -64.979874, 9.111077 ], [ -64.979141, 9.110789 ], [ -64.978615, 9.110458 ], [ -64.978187, 9.110012 ], [ -64.978035, 9.109370 ], [ -64.978386, 9.108850 ], [ -64.979172, 9.108768 ], [ -64.979797, 9.108687 ], [ -64.980446, 9.108287 ], [ -64.981011, 9.107967 ], [ -64.981247, 9.107177 ], [ -64.981003, 9.106552 ], [ -64.980667, 9.106042 ], [ -64.980072, 9.105665 ], [ -64.979546, 9.105409 ], [ -64.978943, 9.105437 ], [ -64.978363, 9.105638 ], [ -64.977791, 9.105694 ], [ -64.977379, 9.105186 ], [ -64.977432, 9.104591 ], [ -64.977814, 9.104070 ], [ -64.978005, 9.103523 ], [ -64.977783, 9.102970 ], [ -64.977371, 9.102504 ], [ -64.976730, 9.102587 ], [ -64.976127, 9.102870 ], [ -64.975494, 9.103207 ], [ -64.974937, 9.103452 ], [ -64.974266, 9.103445 ], [ -64.973885, 9.102999 ], [ -64.973686, 9.102282 ], [ -64.973763, 9.101715 ], [ -64.973724, 9.101119 ], [ -64.973106, 9.100969 ], [ -64.972618, 9.101378 ], [ -64.972038, 9.101525 ], [ -64.972008, 9.101487 ], [ -64.971855, 9.101523 ], [ -64.971428, 9.101031 ], [ -64.971092, 9.100523 ], [ -64.970795, 9.099997 ], [ -64.970459, 9.099442 ], [ -64.970215, 9.098817 ], [ -64.970177, 9.098193 ], [ -64.970352, 9.097582 ], [ -64.970428, 9.097005 ], [ -64.970344, 9.096409 ], [ -64.970169, 9.095829 ], [ -64.969742, 9.095094 ], [ -64.969269, 9.094466 ], [ -64.968834, 9.093865 ], [ -64.968575, 9.092852 ], [ -64.968628, 9.092212 ], [ -64.968552, 9.091335 ], [ -64.968308, 9.090548 ], [ -64.968086, 9.089995 ], [ -64.967888, 9.089307 ], [ -64.968178, 9.088715 ], [ -64.968727, 9.088558 ], [ -64.971260, 9.088531 ], [ -64.972466, 9.088228 ], [ -64.973137, 9.088030 ], [ -64.973717, 9.087902 ], [ -64.974136, 9.087426 ], [ -64.974472, 9.086879 ], [ -64.974480, 9.086267 ], [ -64.974121, 9.085731 ], [ -64.972801, 9.084471 ], [ -64.972344, 9.083870 ], [ -64.971603, 9.082663 ], [ -64.971176, 9.082088 ], [ -64.971237, 9.081096 ], [ -64.971840, 9.080949 ], [ -64.972626, 9.080849 ], [ -64.972862, 9.080069 ], [ -64.972526, 9.079514 ], [ -64.971954, 9.079301 ], [ -64.970825, 9.078980 ], [ -64.970772, 9.079013 ], [ -64.970131, 9.079389 ], [ -64.969658, 9.079834 ], [ -64.968811, 9.079754 ], [ -64.968353, 9.079196 ], [ -64.968933, 9.077623 ], [ -64.968735, 9.077044 ], [ -64.968117, 9.076559 ], [ -64.967476, 9.076565 ], [ -64.966873, 9.076626 ], [ -64.966324, 9.076413 ], [ -64.966377, 9.075818 ], [ -64.967453, 9.074783 ], [ -64.967811, 9.074166 ], [ -64.967613, 9.073430 ], [ -64.967278, 9.072867 ], [ -64.966591, 9.072310 ], [ -64.965996, 9.072113 ], [ -64.965324, 9.072092 ], [ -64.964821, 9.072098 ], [ -64.964310, 9.072348 ], [ -64.963882, 9.073048 ], [ -64.963799, 9.073713 ], [ -64.963745, 9.074490 ], [ -64.963432, 9.075244 ], [ -64.962921, 9.075652 ], [ -64.962296, 9.075641 ], [ -64.961983, 9.074786 ], [ -64.961677, 9.073770 ], [ -64.961639, 9.073175 ], [ -64.961700, 9.072120 ], [ -64.961533, 9.071289 ], [ -64.961006, 9.070715 ], [ -64.960533, 9.070132 ], [ -64.960663, 9.069393 ], [ -64.960991, 9.068901 ], [ -64.961319, 9.068326 ], [ -64.961495, 9.067643 ], [ -64.961433, 9.067001 ], [ -64.961929, 9.066457 ], [ -64.962418, 9.066011 ], [ -64.962753, 9.065257 ], [ -64.962876, 9.064707 ], [ -64.962563, 9.064217 ], [ -64.962059, 9.063941 ], [ -64.961456, 9.063791 ], [ -64.960747, 9.063664 ], [ -64.959984, 9.063582 ], [ -64.959068, 9.063384 ], [ -64.958565, 9.063053 ], [ -64.958107, 9.062614 ], [ -64.957703, 9.062198 ], [ -64.956780, 9.062067 ], [ -64.956154, 9.062153 ], [ -64.955620, 9.062506 ], [ -64.955017, 9.062844 ], [ -64.954369, 9.062881 ], [ -64.954262, 9.062874 ], [ -64.954193, 9.062880 ], [ -64.953613, 9.062845 ], [ -64.952896, 9.062838 ], [ -64.952187, 9.062731 ], [ -64.950600, 9.062568 ], [ -64.950126, 9.062562 ], [ -64.949341, 9.062887 ], [ -64.948807, 9.063089 ], [ -64.948158, 9.063127 ], [ -64.947518, 9.062795 ], [ -64.947159, 9.062196 ], [ -64.946724, 9.061731 ], [ -64.946411, 9.061269 ], [ -64.946495, 9.060483 ], [ -64.946709, 9.059917 ], [ -64.947128, 9.059488 ], [ -64.948341, 9.058843 ], [ -64.948944, 9.058508 ], [ -64.949097, 9.057724 ], [ -64.948967, 9.056966 ], [ -64.948814, 9.056232 ], [ -64.948738, 9.055501 ], [ -64.948769, 9.054599 ], [ -64.948875, 9.053644 ], [ -64.948868, 9.052949 ], [ -64.948807, 9.052306 ], [ -64.948723, 9.051693 ], [ -64.948578, 9.050834 ], [ -64.948280, 9.050281 ], [ -64.947349, 9.049287 ], [ -64.946876, 9.048677 ], [ -64.945999, 9.048505 ], [ -64.945427, 9.048560 ], [ -64.944656, 9.048923 ], [ -64.943985, 9.049068 ], [ -64.943413, 9.048900 ], [ -64.942887, 9.048523 ], [ -64.943131, 9.047868 ], [ -64.943527, 9.047339 ], [ -64.943855, 9.046846 ], [ -64.943893, 9.046269 ], [ -64.944153, 9.045559 ], [ -64.944763, 9.045027 ], [ -64.945457, 9.044644 ], [ -64.946159, 9.044285 ], [ -64.946854, 9.043959 ], [ -64.948296, 9.043079 ], [ -64.948974, 9.042591 ], [ -64.949440, 9.042154 ], [ -64.949860, 9.041708 ], [ -64.950150, 9.041161 ], [ -64.950203, 9.040537 ], [ -64.950104, 9.039671 ], [ -64.949951, 9.038749 ], [ -64.949867, 9.038169 ], [ -64.949493, 9.037019 ], [ -64.949325, 9.036242 ], [ -64.949333, 9.035665 ], [ -64.949638, 9.035189 ], [ -64.950111, 9.034528 ], [ -64.950646, 9.033848 ], [ -64.950981, 9.033121 ], [ -64.951225, 9.032275 ], [ -64.951622, 9.030429 ], [ -64.951683, 9.029600 ], [ -64.951782, 9.028934 ], [ -64.951927, 9.028385 ], [ -64.952240, 9.027730 ], [ -64.952621, 9.027047 ], [ -64.952995, 9.026528 ], [ -64.953552, 9.026192 ], [ -64.954369, 9.025858 ], [ -64.955017, 9.025504 ], [ -64.955597, 9.025123 ], [ -64.956673, 9.024521 ], [ -64.957092, 9.024110 ], [ -64.957512, 9.023542 ], [ -64.957802, 9.022814 ], [ -64.958069, 9.021810 ], [ -64.958084, 9.021097 ], [ -64.958481, 9.020324 ], [ -64.958771, 9.019824 ], [ -64.959274, 9.018571 ], [ -64.959351, 9.017999 ], [ -64.959495, 9.017266 ], [ -64.959465, 9.016647 ], [ -64.959259, 9.016047 ], [ -64.959015, 9.015538 ], [ -64.958702, 9.014983 ], [ -64.958343, 9.014450 ], [ -64.957932, 9.013986 ], [ -64.957344, 9.013472 ], [ -64.956795, 9.013164 ], [ -64.956192, 9.013133 ], [ -64.956138, 9.013137 ], [ -64.955452, 9.013190 ], [ -64.954559, 9.013199 ], [ -64.953964, 9.013053 ], [ -64.953407, 9.012986 ], [ -64.952850, 9.013080 ], [ -64.952209, 9.012796 ], [ -64.951798, 9.012400 ], [ -64.951370, 9.011910 ], [ -64.950798, 9.011512 ], [ -64.950035, 9.011800 ], [ -64.949562, 9.012181 ], [ -64.949120, 9.012816 ], [ -64.948738, 9.013407 ], [ -64.948227, 9.013836 ], [ -64.947670, 9.014055 ], [ -64.947113, 9.014253 ], [ -64.946396, 9.014564 ], [ -64.945724, 9.014689 ], [ -64.945175, 9.014475 ], [ -64.944672, 9.014124 ], [ -64.944313, 9.013339 ], [ -64.944687, 9.012840 ], [ -64.945183, 9.012320 ], [ -64.945167, 9.011678 ], [ -64.945023, 9.010643 ], [ -64.945053, 9.010001 ], [ -64.945885, 9.009693 ], [ -64.946220, 9.009125 ], [ -64.945953, 9.008593 ], [ -64.945587, 9.008151 ], [ -64.944611, 9.007219 ], [ -64.943832, 9.006931 ], [ -64.943069, 9.006902 ], [ -64.942352, 9.006955 ], [ -64.941643, 9.006761 ], [ -64.941399, 9.006182 ], [ -64.941826, 9.005547 ], [ -64.942245, 9.005095 ], [ -64.942757, 9.004712 ], [ -64.943153, 9.004238 ], [ -64.943420, 9.003645 ], [ -64.943428, 9.002979 ], [ -64.943184, 9.002357 ], [ -64.942703, 9.001960 ], [ -64.941994, 9.001651 ], [ -64.941307, 9.001432 ], [ -64.940346, 9.001188 ], [ -64.939537, 9.001222 ], [ -64.938934, 9.001167 ], [ -64.939095, 8.999632 ], [ -64.938911, 8.999434 ], [ -64.938873, 8.998836 ], [ -64.938484, 8.998465 ], [ -64.937912, 8.998299 ], [ -64.937378, 8.998088 ], [ -64.936851, 8.997899 ], [ -64.936348, 8.997573 ], [ -64.935890, 8.997156 ], [ -64.935547, 8.996578 ], [ -64.935463, 8.995981 ], [ -64.935516, 8.995339 ], [ -64.935616, 8.994744 ], [ -64.935944, 8.993967 ], [ -64.936226, 8.993373 ], [ -64.936394, 8.992755 ], [ -64.936165, 8.992134 ], [ -64.935661, 8.991831 ], [ -64.934883, 8.991731 ], [ -64.934303, 8.991794 ], [ -64.933655, 8.991949 ], [ -64.933052, 8.992149 ], [ -64.932526, 8.992282 ], [ -64.931923, 8.992300 ], [ -64.931351, 8.992179 ], [ -64.930702, 8.991899 ], [ -64.930084, 8.991686 ], [ -64.929489, 8.991565 ], [ -64.928955, 8.991353 ], [ -64.928520, 8.991005 ], [ -64.928184, 8.990450 ], [ -64.927956, 8.989783 ], [ -64.927757, 8.989141 ], [ -64.927208, 8.988859 ], [ -64.926720, 8.989176 ], [ -64.926254, 8.989630 ], [ -64.925812, 8.990108 ], [ -64.925461, 8.990562 ], [ -64.925041, 8.990926 ], [ -64.924461, 8.990920 ], [ -64.924149, 8.990367 ], [ -64.924454, 8.989497 ], [ -64.924736, 8.988996 ], [ -64.925110, 8.988288 ], [ -64.925369, 8.987740 ], [ -64.925446, 8.987144 ], [ -64.925224, 8.986522 ], [ -64.924698, 8.986150 ], [ -64.924255, 8.986466 ], [ -64.924225, 8.987132 ], [ -64.923828, 8.987679 ], [ -64.923340, 8.988018 ], [ -64.923126, 8.988544 ], [ -64.922569, 8.988653 ], [ -64.922043, 8.988327 ], [ -64.921440, 8.988665 ], [ -64.921181, 8.989328 ], [ -64.921082, 8.989878 ], [ -64.920776, 8.990335 ], [ -64.920227, 8.990627 ], [ -64.919395, 8.990528 ], [ -64.918815, 8.990384 ], [ -64.918342, 8.990105 ], [ -64.917908, 8.989710 ], [ -64.917519, 8.989271 ], [ -64.916878, 8.988691 ], [ -64.916252, 8.988616 ], [ -64.915169, 8.988927 ], [ -64.914383, 8.989057 ], [ -64.913780, 8.989052 ], [ -64.913162, 8.988932 ], [ -64.912613, 8.988742 ], [ -64.911621, 8.987906 ], [ -64.911003, 8.987441 ], [ -64.910454, 8.987505 ], [ -64.910172, 8.987962 ], [ -64.910004, 8.988626 ], [ -64.909904, 8.989198 ], [ -64.909599, 8.989654 ], [ -64.909050, 8.989946 ], [ -64.908447, 8.989643 ], [ -64.908066, 8.989018 ], [ -64.907837, 8.988444 ], [ -64.907524, 8.987799 ], [ -64.907204, 8.987313 ], [ -64.907097, 8.986601 ], [ -64.907196, 8.985844 ], [ -64.907067, 8.985109 ], [ -64.906792, 8.984441 ], [ -64.906479, 8.983796 ], [ -64.906159, 8.983312 ], [ -64.905647, 8.983603 ], [ -64.905365, 8.984245 ], [ -64.905106, 8.984746 ], [ -64.904617, 8.985040 ], [ -64.903954, 8.985057 ], [ -64.903397, 8.984914 ], [ -64.903008, 8.984497 ], [ -64.903404, 8.983973 ], [ -64.904037, 8.983450 ], [ -64.904434, 8.982927 ], [ -64.904602, 8.982379 ], [ -64.903999, 8.982327 ], [ -64.903213, 8.982732 ], [ -64.902473, 8.983069 ], [ -64.901871, 8.983109 ], [ -64.901413, 8.982692 ], [ -64.901138, 8.982138 ], [ -64.900917, 8.981540 ], [ -64.900833, 8.980943 ], [ -64.901024, 8.980119 ], [ -64.901466, 8.979570 ], [ -64.901932, 8.979209 ], [ -64.902329, 8.978731 ], [ -64.902428, 8.978204 ], [ -64.901848, 8.977992 ], [ -64.901359, 8.978286 ], [ -64.900719, 8.978555 ], [ -64.900162, 8.978458 ], [ -64.899887, 8.977974 ], [ -64.900009, 8.977378 ], [ -64.900154, 8.976851 ], [ -64.900070, 8.976232 ], [ -64.899773, 8.975563 ], [ -64.899574, 8.974940 ], [ -64.899437, 8.974389 ], [ -64.898933, 8.974064 ], [ -64.898453, 8.974311 ], [ -64.898193, 8.974951 ], [ -64.898094, 8.975660 ], [ -64.897926, 8.976234 ], [ -64.897301, 8.976067 ], [ -64.897102, 8.975468 ], [ -64.897133, 8.974779 ], [ -64.897064, 8.974092 ], [ -64.896774, 8.973607 ], [ -64.896225, 8.973348 ], [ -64.895569, 8.974008 ], [ -64.895264, 8.974487 ], [ -64.895355, 8.975130 ], [ -64.895416, 8.975705 ], [ -64.894951, 8.975999 ], [ -64.894379, 8.975878 ], [ -64.893799, 8.975644 ], [ -64.893089, 8.975820 ], [ -64.892555, 8.975998 ], [ -64.891861, 8.976153 ], [ -64.891281, 8.976100 ], [ -64.890846, 8.975753 ], [ -64.890808, 8.975109 ], [ -64.891159, 8.974586 ], [ -64.891602, 8.974154 ], [ -64.891930, 8.973720 ], [ -64.892212, 8.973035 ], [ -64.892219, 8.972462 ], [ -64.892197, 8.971887 ], [ -64.891838, 8.971379 ], [ -64.891144, 8.971533 ], [ -64.890564, 8.971894 ], [ -64.890121, 8.972211 ], [ -64.889526, 8.972092 ], [ -64.889091, 8.971605 ], [ -64.888794, 8.971006 ], [ -64.888618, 8.970316 ], [ -64.888603, 8.969719 ], [ -64.889191, 8.968671 ], [ -64.889267, 8.967981 ], [ -64.889061, 8.967475 ], [ -64.888817, 8.966922 ], [ -64.888656, 8.966393 ], [ -64.888428, 8.965816 ], [ -64.888230, 8.965172 ], [ -64.887985, 8.963999 ], [ -64.887810, 8.963355 ], [ -64.887512, 8.962872 ], [ -64.887009, 8.962683 ], [ -64.886475, 8.962769 ], [ -64.885819, 8.963911 ], [ -64.885536, 8.964366 ], [ -64.885193, 8.964776 ], [ -64.884667, 8.964335 ], [ -64.884552, 8.963760 ], [ -64.884857, 8.963166 ], [ -64.885330, 8.962575 ], [ -64.885536, 8.961935 ], [ -64.885544, 8.961200 ], [ -64.885437, 8.960533 ], [ -64.885330, 8.959983 ], [ -64.884964, 8.959428 ], [ -64.884254, 8.959260 ], [ -64.883629, 8.959599 ], [ -64.883164, 8.959938 ], [ -64.882561, 8.959932 ], [ -64.882126, 8.959539 ], [ -64.881783, 8.959076 ], [ -64.881470, 8.958613 ], [ -64.881149, 8.958176 ], [ -64.881157, 8.957051 ], [ -64.881073, 8.956522 ], [ -64.880707, 8.956105 ], [ -64.879585, 8.955729 ], [ -64.879074, 8.955334 ], [ -64.878647, 8.954732 ], [ -64.878372, 8.954156 ], [ -64.878013, 8.953532 ], [ -64.877693, 8.953072 ], [ -64.877884, 8.952430 ], [ -64.878395, 8.952044 ], [ -64.878815, 8.951590 ], [ -64.878937, 8.950880 ], [ -64.878899, 8.950328 ], [ -64.878342, 8.950048 ], [ -64.877724, 8.949973 ], [ -64.877129, 8.949761 ], [ -64.876663, 8.949482 ], [ -64.876396, 8.948998 ], [ -64.877045, 8.948590 ], [ -64.877533, 8.948297 ], [ -64.878113, 8.948072 ], [ -64.878639, 8.947780 ], [ -64.879150, 8.947463 ], [ -64.879478, 8.946871 ], [ -64.879234, 8.946271 ], [ -64.878708, 8.946082 ], [ -64.878060, 8.946282 ], [ -64.877457, 8.946528 ], [ -64.876877, 8.946569 ], [ -64.876465, 8.946175 ], [ -64.876610, 8.945534 ], [ -64.877144, 8.945241 ], [ -64.877586, 8.944811 ], [ -64.877709, 8.944214 ], [ -64.877434, 8.943707 ], [ -64.876908, 8.943541 ], [ -64.876335, 8.943559 ], [ -64.875488, 8.943550 ], [ -64.874977, 8.943224 ], [ -64.874596, 8.942669 ], [ -64.874229, 8.942230 ], [ -64.873589, 8.942160 ], [ -64.872444, 8.942184 ], [ -64.871780, 8.942046 ], [ -64.871185, 8.941857 ], [ -64.870682, 8.941554 ], [ -64.870247, 8.941045 ], [ -64.869766, 8.940351 ], [ -64.869286, 8.939980 ], [ -64.868759, 8.939882 ], [ -64.868706, 8.939904 ], [ -64.868584, 8.939881 ], [ -64.867905, 8.940173 ], [ -64.867645, 8.940859 ], [ -64.867554, 8.941523 ], [ -64.867271, 8.941979 ], [ -64.866714, 8.942180 ], [ -64.866249, 8.942175 ], [ -64.865837, 8.941828 ], [ -64.865311, 8.941593 ], [ -64.864723, 8.942139 ], [ -64.864327, 8.942754 ], [ -64.864067, 8.943325 ], [ -64.863464, 8.943480 ], [ -64.862869, 8.943475 ], [ -64.862244, 8.943261 ], [ -64.861649, 8.942821 ], [ -64.861130, 8.942310 ], [ -64.860764, 8.941872 ], [ -64.860443, 8.941293 ], [ -64.860222, 8.940787 ], [ -64.860275, 8.940053 ], [ -64.860413, 8.939527 ], [ -64.860535, 8.938909 ], [ -64.860359, 8.938355 ], [ -64.859711, 8.938098 ], [ -64.859161, 8.938161 ], [ -64.858627, 8.938316 ], [ -64.857986, 8.938293 ], [ -64.857460, 8.937822 ], [ -64.857071, 8.937407 ], [ -64.856682, 8.936921 ], [ -64.856178, 8.936733 ], [ -64.855553, 8.936888 ], [ -64.855041, 8.937249 ], [ -64.854645, 8.937682 ], [ -64.854294, 8.938113 ], [ -64.853767, 8.937857 ], [ -64.853043, 8.936542 ], [ -64.852699, 8.936033 ], [ -64.852615, 8.935368 ], [ -64.852600, 8.934771 ], [ -64.852463, 8.934218 ], [ -64.852035, 8.933846 ], [ -64.850907, 8.933423 ], [ -64.850380, 8.933303 ], [ -64.849892, 8.933023 ], [ -64.849342, 8.932857 ], [ -64.848724, 8.932646 ], [ -64.848175, 8.932479 ], [ -64.847717, 8.932199 ], [ -64.847374, 8.931600 ], [ -64.847427, 8.931048 ], [ -64.847732, 8.930432 ], [ -64.847732, 8.929836 ], [ -64.847603, 8.929146 ], [ -64.847290, 8.928524 ], [ -64.846672, 8.928082 ], [ -64.846001, 8.928122 ], [ -64.845192, 8.928134 ], [ -64.844460, 8.928106 ], [ -64.843910, 8.927849 ], [ -64.843246, 8.927429 ], [ -64.842720, 8.927196 ], [ -64.842262, 8.926915 ], [ -64.841751, 8.926726 ], [ -64.841415, 8.926288 ], [ -64.841049, 8.925778 ], [ -64.840683, 8.925708 ], [ -64.840157, 8.925633 ], [ -64.839714, 8.925409 ], [ -64.839653, 8.925377 ], [ -64.839172, 8.924958 ], [ -64.838852, 8.924498 ], [ -64.838371, 8.923964 ], [ -64.837524, 8.923635 ], [ -64.836807, 8.923559 ], [ -64.836296, 8.923554 ], [ -64.835693, 8.923641 ], [ -64.835076, 8.923703 ], [ -64.834496, 8.923742 ], [ -64.833893, 8.923720 ], [ -64.833321, 8.923526 ], [ -64.832817, 8.923038 ], [ -64.832481, 8.922531 ], [ -64.832321, 8.921864 ], [ -64.832054, 8.921264 ], [ -64.831619, 8.920801 ], [ -64.831116, 8.920361 ], [ -64.830727, 8.919990 ], [ -64.830070, 8.918791 ], [ -64.829659, 8.918442 ], [ -64.829155, 8.918231 ], [ -64.828514, 8.917995 ], [ -64.827957, 8.917806 ], [ -64.827385, 8.917547 ], [ -64.826767, 8.917313 ], [ -64.826233, 8.917192 ], [ -64.825592, 8.917117 ], [ -64.824989, 8.917250 ], [ -64.824486, 8.917450 ], [ -64.823883, 8.917537 ], [ -64.823326, 8.917462 ], [ -64.822754, 8.917251 ], [ -64.821701, 8.916758 ], [ -64.821289, 8.916181 ], [ -64.820930, 8.915465 ], [ -64.820610, 8.915027 ], [ -64.820221, 8.914563 ], [ -64.820000, 8.913874 ], [ -64.819656, 8.913204 ], [ -64.819206, 8.912625 ], [ -64.818771, 8.912231 ], [ -64.818237, 8.912135 ], [ -64.816994, 8.911963 ], [ -64.816444, 8.911865 ], [ -64.815918, 8.911745 ], [ -64.815247, 8.911578 ], [ -64.814697, 8.911206 ], [ -64.814079, 8.910695 ], [ -64.813553, 8.910369 ], [ -64.812935, 8.909950 ], [ -64.812416, 8.909209 ], [ -64.812073, 8.908633 ], [ -64.811920, 8.907921 ], [ -64.811714, 8.907414 ], [ -64.811401, 8.906906 ], [ -64.810989, 8.906489 ], [ -64.810578, 8.906002 ], [ -64.810303, 8.905541 ], [ -64.810104, 8.904851 ], [ -64.810089, 8.904232 ], [ -64.809952, 8.903497 ], [ -64.809548, 8.903034 ], [ -64.809013, 8.902776 ], [ -64.808396, 8.902403 ], [ -64.807777, 8.902075 ], [ -64.807274, 8.901750 ], [ -64.806770, 8.901377 ], [ -64.806152, 8.900958 ], [ -64.805626, 8.900517 ], [ -64.805145, 8.900146 ], [ -64.804550, 8.899910 ], [ -64.803787, 8.899995 ], [ -64.802986, 8.900004 ], [ -64.802406, 8.899843 ], [ -64.801720, 8.899447 ], [ -64.801033, 8.899003 ], [ -64.800530, 8.898608 ], [ -64.799797, 8.897592 ], [ -64.799721, 8.896330 ], [ -64.799500, 8.895661 ], [ -64.799248, 8.895178 ], [ -64.798905, 8.894669 ], [ -64.798500, 8.894114 ], [ -64.798179, 8.893653 ], [ -64.797676, 8.893349 ], [ -64.797150, 8.893046 ], [ -64.796715, 8.892467 ], [ -64.796471, 8.891937 ], [ -64.796265, 8.891363 ], [ -64.795929, 8.890098 ], [ -64.795753, 8.889568 ], [ -64.795441, 8.888234 ], [ -64.795425, 8.887614 ], [ -64.795349, 8.886260 ], [ -64.795029, 8.885523 ], [ -64.794601, 8.885128 ], [ -64.794167, 8.884710 ], [ -64.793274, 8.883807 ], [ -64.792862, 8.883413 ], [ -64.792404, 8.882859 ], [ -64.792038, 8.882442 ], [ -64.791634, 8.882048 ], [ -64.791222, 8.881700 ], [ -64.790604, 8.881303 ], [ -64.789932, 8.881113 ], [ -64.789268, 8.880946 ], [ -64.788437, 8.880708 ], [ -64.787819, 8.880633 ], [ -64.787247, 8.880513 ], [ -64.786553, 8.880276 ], [ -64.785980, 8.880178 ], [ -64.785454, 8.879853 ], [ -64.785156, 8.879299 ], [ -64.784607, 8.878858 ], [ -64.784080, 8.878761 ], [ -64.783524, 8.878847 ], [ -64.782677, 8.878839 ], [ -64.782196, 8.878467 ], [ -64.782112, 8.877708 ], [ -64.782028, 8.877134 ], [ -64.781425, 8.876968 ], [ -64.780830, 8.876871 ], [ -64.780235, 8.876452 ], [ -64.779800, 8.875965 ], [ -64.779602, 8.875411 ], [ -64.779358, 8.874676 ], [ -64.778992, 8.873961 ], [ -64.778725, 8.873385 ], [ -64.778610, 8.872742 ], [ -64.778755, 8.872123 ], [ -64.779015, 8.871530 ], [ -64.779228, 8.871004 ], [ -64.779465, 8.870295 ], [ -64.779770, 8.869656 ], [ -64.780235, 8.869202 ], [ -64.780678, 8.868815 ], [ -64.781143, 8.868476 ], [ -64.781677, 8.867954 ], [ -64.782051, 8.867453 ], [ -64.782288, 8.866950 ], [ -64.782501, 8.866402 ], [ -64.782715, 8.865808 ], [ -64.782860, 8.865258 ], [ -64.782768, 8.864593 ], [ -64.782570, 8.863855 ], [ -64.782372, 8.863349 ], [ -64.782005, 8.862658 ], [ -64.781693, 8.862149 ], [ -64.781372, 8.861549 ], [ -64.781052, 8.861065 ], [ -64.780716, 8.860441 ], [ -64.780495, 8.859613 ], [ -64.780335, 8.858947 ], [ -64.780273, 8.858258 ], [ -64.780243, 8.856720 ], [ -64.780121, 8.855480 ], [ -64.779984, 8.854859 ], [ -64.779762, 8.854122 ], [ -64.779495, 8.853455 ], [ -64.779220, 8.852925 ], [ -64.778740, 8.852415 ], [ -64.778328, 8.852067 ], [ -64.777924, 8.851582 ], [ -64.777557, 8.851096 ], [ -64.777122, 8.850771 ], [ -64.776390, 8.850419 ], [ -64.775879, 8.850230 ], [ -64.775795, 8.849449 ], [ -64.775894, 8.848740 ], [ -64.776138, 8.847916 ], [ -64.776329, 8.846977 ], [ -64.776360, 8.846267 ], [ -64.776299, 8.845669 ], [ -64.776100, 8.844818 ], [ -64.775627, 8.843666 ], [ -64.775375, 8.842999 ], [ -64.775246, 8.842331 ], [ -64.775139, 8.841527 ], [ -64.775017, 8.839966 ], [ -64.775024, 8.839370 ], [ -64.775162, 8.838798 ], [ -64.775353, 8.838226 ], [ -64.775726, 8.837564 ], [ -64.776176, 8.836925 ], [ -64.776642, 8.836220 ], [ -64.777153, 8.835536 ], [ -64.777535, 8.834714 ], [ -64.777817, 8.833982 ], [ -64.778076, 8.833250 ], [ -64.778359, 8.832588 ], [ -64.778976, 8.831035 ], [ -64.779282, 8.830441 ], [ -64.779587, 8.829779 ], [ -64.779984, 8.829094 ], [ -64.780266, 8.828501 ], [ -64.780479, 8.827883 ], [ -64.780693, 8.827082 ], [ -64.780884, 8.826533 ], [ -64.781166, 8.825986 ], [ -64.781609, 8.825439 ], [ -64.782143, 8.824825 ], [ -64.782524, 8.824347 ], [ -64.782890, 8.823845 ], [ -64.783173, 8.823298 ], [ -64.783386, 8.822726 ], [ -64.783463, 8.822176 ], [ -64.783447, 8.821510 ], [ -64.783363, 8.820959 ], [ -64.783226, 8.820407 ], [ -64.782982, 8.819848 ], [ -64.782623, 8.819151 ], [ -64.782310, 8.818690 ], [ -64.782013, 8.818206 ], [ -64.781738, 8.817720 ], [ -64.781532, 8.817133 ], [ -64.784317, 8.812326 ], [ -64.844833, 8.700613 ], [ -64.856934, 8.701345 ], [ -64.857414, 8.701673 ], [ -64.857849, 8.702089 ], [ -64.859085, 8.702813 ], [ -64.860000, 8.703509 ], [ -64.860756, 8.703745 ], [ -64.861336, 8.703866 ], [ -64.862778, 8.704018 ], [ -64.863449, 8.704207 ], [ -64.864342, 8.704383 ], [ -64.865036, 8.704407 ], [ -64.865753, 8.704300 ], [ -64.866379, 8.704175 ], [ -64.866890, 8.704218 ], [ -64.867416, 8.704544 ], [ -64.867760, 8.705120 ], [ -64.868301, 8.705631 ], [ -64.868782, 8.705912 ], [ -64.869385, 8.706122 ], [ -64.870194, 8.705994 ], [ -64.870674, 8.705653 ], [ -64.871254, 8.705200 ], [ -64.871765, 8.704929 ], [ -64.872322, 8.705003 ], [ -64.872452, 8.705625 ], [ -64.872490, 8.706198 ], [ -64.872467, 8.706794 ], [ -64.872643, 8.707438 ], [ -64.872894, 8.707923 ], [ -64.873299, 8.708386 ], [ -64.873825, 8.708712 ], [ -64.874382, 8.708993 ], [ -64.874931, 8.709159 ], [ -64.875130, 8.709780 ], [ -64.875076, 8.710467 ], [ -64.874985, 8.711086 ], [ -64.875000, 8.711866 ], [ -64.875221, 8.712580 ], [ -64.875465, 8.713224 ], [ -64.875809, 8.713640 ], [ -64.876473, 8.713854 ], [ -64.877281, 8.713907 ], [ -64.877358, 8.713903 ], [ -64.877457, 8.713909 ], [ -64.878036, 8.713868 ], [ -64.878998, 8.713774 ], [ -64.879585, 8.713860 ], [ -64.880135, 8.714026 ], [ -64.880646, 8.714260 ], [ -64.881332, 8.714404 ], [ -64.882301, 8.714394 ], [ -64.883057, 8.714375 ], [ -64.883652, 8.714541 ], [ -64.884338, 8.714847 ], [ -64.884911, 8.715035 ], [ -64.885513, 8.715018 ], [ -64.886368, 8.714820 ], [ -64.887085, 8.714896 ], [ -64.887680, 8.715154 ], [ -64.888275, 8.715480 ], [ -64.888756, 8.715784 ], [ -64.889282, 8.715994 ], [ -64.889786, 8.716206 ], [ -64.890335, 8.716417 ], [ -64.890938, 8.716584 ], [ -64.891602, 8.716820 ], [ -64.892364, 8.717010 ], [ -64.893005, 8.717017 ], [ -64.893540, 8.716678 ], [ -64.893959, 8.716177 ], [ -64.894837, 8.716460 ], [ -64.895477, 8.716764 ], [ -64.896370, 8.717437 ], [ -64.896919, 8.717789 ], [ -64.897469, 8.718161 ], [ -64.897781, 8.718760 ], [ -64.898033, 8.719450 ], [ -64.898209, 8.720048 ], [ -64.898407, 8.720854 ], [ -64.898704, 8.721408 ], [ -64.898788, 8.722027 ], [ -64.898758, 8.722601 ], [ -64.899170, 8.723202 ], [ -64.899536, 8.723618 ], [ -64.900063, 8.723874 ], [ -64.900452, 8.724361 ], [ -64.900719, 8.724960 ], [ -64.901199, 8.725286 ], [ -64.901825, 8.725360 ], [ -64.902275, 8.725346 ], [ -64.902771, 8.725438 ], [ -64.903023, 8.726014 ], [ -64.903198, 8.726521 ], [ -64.903656, 8.727191 ], [ -64.904335, 8.728413 ], [ -64.904701, 8.728967 ], [ -64.905251, 8.729202 ], [ -64.905686, 8.729549 ], [ -64.906273, 8.730588 ], [ -64.906242, 8.731230 ], [ -64.905701, 8.732418 ], [ -64.905701, 8.733015 ], [ -64.905998, 8.733477 ], [ -64.906593, 8.733872 ], [ -64.907020, 8.734220 ], [ -64.907478, 8.734684 ], [ -64.907982, 8.735101 ], [ -64.908508, 8.735428 ], [ -64.909157, 8.735709 ], [ -64.909912, 8.736083 ], [ -64.910461, 8.736479 ], [ -64.911011, 8.736897 ], [ -64.911629, 8.737338 ], [ -64.912109, 8.737663 ], [ -64.912796, 8.737831 ], [ -64.913605, 8.738000 ], [ -64.913918, 8.738531 ], [ -64.914055, 8.739105 ], [ -64.913887, 8.739906 ], [ -64.913559, 8.740616 ], [ -64.913300, 8.741094 ], [ -64.911591, 8.743739 ], [ -64.911926, 8.744546 ], [ -64.912430, 8.745377 ], [ -64.912842, 8.745817 ], [ -64.913361, 8.746258 ], [ -64.913849, 8.746538 ], [ -64.914299, 8.747069 ], [ -64.914688, 8.747601 ], [ -64.915123, 8.747950 ], [ -64.915695, 8.748207 ], [ -64.916458, 8.748466 ], [ -64.917008, 8.748701 ], [ -64.917625, 8.748799 ], [ -64.918564, 8.748831 ], [ -64.919182, 8.749043 ], [ -64.919762, 8.749187 ], [ -64.920311, 8.749146 ], [ -64.921470, 8.748903 ], [ -64.922134, 8.748750 ], [ -64.922691, 8.748847 ], [ -64.923378, 8.749060 ], [ -64.924553, 8.749553 ], [ -64.925079, 8.749764 ], [ -64.925652, 8.749885 ], [ -64.926964, 8.750264 ], [ -64.927559, 8.750383 ], [ -64.928208, 8.750275 ], [ -64.928902, 8.750074 ], [ -64.929711, 8.749762 ], [ -64.930290, 8.749468 ], [ -64.930939, 8.749107 ], [ -64.931610, 8.748770 ], [ -64.932282, 8.748501 ], [ -64.932884, 8.748185 ], [ -64.933418, 8.747869 ], [ -64.934967, 8.746644 ], [ -64.935455, 8.746283 ], [ -64.935989, 8.746079 ], [ -64.936569, 8.745948 ], [ -64.937096, 8.745862 ], [ -64.937470, 8.745383 ], [ -64.937798, 8.744904 ], [ -64.938400, 8.744721 ], [ -64.939095, 8.744710 ], [ -64.939712, 8.744761 ], [ -64.940262, 8.744973 ], [ -64.940788, 8.745483 ], [ -64.941155, 8.746015 ], [ -64.941498, 8.746476 ], [ -64.941902, 8.746963 ], [ -64.942314, 8.747402 ], [ -64.942887, 8.747751 ], [ -64.943443, 8.747871 ], [ -64.944756, 8.747561 ], [ -64.946068, 8.747483 ], [ -64.946762, 8.747627 ], [ -64.947311, 8.747769 ], [ -64.947838, 8.747934 ], [ -64.949112, 8.747533 ], [ -64.949738, 8.747402 ], [ -64.950333, 8.747339 ], [ -64.950714, 8.747342 ], [ -64.951378, 8.747395 ], [ -64.952507, 8.747726 ], [ -64.953079, 8.748007 ], [ -64.954155, 8.748453 ], [ -64.954758, 8.748504 ], [ -64.955330, 8.748532 ], [ -64.955879, 8.748882 ], [ -64.956360, 8.749162 ], [ -64.956864, 8.749487 ], [ -64.957397, 8.749744 ], [ -64.957878, 8.750003 ], [ -64.958336, 8.750282 ], [ -64.958725, 8.750652 ], [ -64.958718, 8.751341 ], [ -64.958801, 8.751869 ], [ -64.959190, 8.752286 ], [ -64.959908, 8.752430 ], [ -64.960724, 8.752460 ], [ -64.961326, 8.752444 ], [ -64.961952, 8.752564 ], [ -64.962547, 8.752823 ], [ -64.963051, 8.753125 ], [ -64.963471, 8.753181 ], [ -64.963600, 8.753199 ], [ -64.964226, 8.752998 ], [ -64.964752, 8.753118 ], [ -64.965401, 8.753400 ], [ -64.965882, 8.753748 ], [ -64.966354, 8.754165 ], [ -64.966820, 8.754515 ], [ -64.967484, 8.754772 ], [ -64.968841, 8.755015 ], [ -64.969505, 8.754952 ], [ -64.970222, 8.754706 ], [ -64.970871, 8.754459 ], [ -64.971474, 8.754190 ], [ -64.972031, 8.753805 ], [ -64.972519, 8.753396 ], [ -64.972870, 8.752872 ], [ -64.973290, 8.752394 ], [ -64.973801, 8.752101 ], [ -64.974327, 8.751876 ], [ -64.975044, 8.751653 ], [ -64.975578, 8.751543 ], [ -64.976196, 8.751550 ], [ -64.976753, 8.751645 ], [ -64.977425, 8.751377 ], [ -64.978088, 8.751680 ], [ -64.978546, 8.752098 ], [ -64.978752, 8.752627 ], [ -64.979133, 8.753068 ], [ -64.980400, 8.753675 ], [ -64.980904, 8.753957 ], [ -64.981453, 8.754190 ], [ -64.982002, 8.754471 ], [ -64.982437, 8.754797 ], [ -64.982971, 8.754967 ], [ -64.983658, 8.754992 ], [ -64.985023, 8.754545 ], [ -64.985558, 8.754297 ], [ -64.986175, 8.754096 ], [ -64.988258, 8.753863 ], [ -64.988808, 8.753823 ], [ -64.989342, 8.753575 ], [ -64.989944, 8.753329 ], [ -64.990593, 8.753105 ], [ -64.991234, 8.752927 ], [ -64.991745, 8.752703 ], [ -64.992653, 8.751977 ], [ -64.993530, 8.751640 ], [ -64.994194, 8.751761 ], [ -64.994797, 8.751858 ], [ -64.995468, 8.751544 ], [ -64.995911, 8.751226 ], [ -64.996559, 8.750934 ], [ -64.997063, 8.750754 ], [ -64.997459, 8.750278 ], [ -64.997788, 8.749845 ], [ -64.998321, 8.749688 ], [ -64.998917, 8.749717 ], [ -64.999329, 8.750249 ], [ -64.999764, 8.750597 ], [ -65.000244, 8.750853 ], [ -65.000702, 8.750875 ], [ -65.001244, 8.750656 ], [ -65.001686, 8.750155 ], [ -65.001946, 8.749676 ], [ -65.002228, 8.749012 ], [ -65.002807, 8.748920 ], [ -65.003128, 8.749039 ], [ -65.003754, 8.749216 ], [ -65.005028, 8.749476 ], [ -65.005737, 8.749562 ], [ -65.006432, 8.749622 ], [ -65.007126, 8.749730 ], [ -65.008530, 8.749807 ], [ -65.009064, 8.749549 ], [ -65.009544, 8.749085 ], [ -65.009926, 8.748621 ], [ -65.010269, 8.748090 ], [ -65.010559, 8.747536 ], [ -65.010879, 8.747027 ], [ -65.011215, 8.746450 ], [ -65.011818, 8.746283 ], [ -65.012657, 8.746278 ], [ -65.013374, 8.746178 ], [ -65.013878, 8.745874 ], [ -65.015000, 8.744989 ], [ -65.015549, 8.744641 ], [ -65.016060, 8.744933 ], [ -65.016365, 8.745481 ], [ -65.016968, 8.745726 ], [ -65.017471, 8.745422 ], [ -65.017952, 8.744959 ], [ -65.018768, 8.744123 ], [ -65.019226, 8.743636 ], [ -65.019684, 8.743127 ], [ -65.020638, 8.742152 ], [ -65.021118, 8.741803 ], [ -65.021767, 8.741658 ], [ -65.022278, 8.742020 ], [ -65.022652, 8.742498 ], [ -65.023003, 8.743000 ], [ -65.023514, 8.743315 ], [ -65.024048, 8.743562 ], [ -65.024643, 8.743784 ], [ -65.025253, 8.744099 ], [ -65.026275, 8.744800 ], [ -65.026764, 8.745161 ], [ -65.027321, 8.745545 ], [ -65.027855, 8.745998 ], [ -65.028435, 8.746313 ], [ -65.029037, 8.746354 ], [ -65.029632, 8.746094 ], [ -65.030228, 8.745812 ], [ -65.030800, 8.745578 ], [ -65.031349, 8.745318 ], [ -65.031952, 8.745129 ], [ -65.032616, 8.744983 ], [ -65.033142, 8.744702 ], [ -65.033623, 8.744330 ], [ -65.034149, 8.743979 ], [ -65.034767, 8.743835 ], [ -65.035393, 8.744013 ], [ -65.035790, 8.744467 ], [ -65.036171, 8.744990 ], [ -65.036591, 8.745399 ], [ -65.037239, 8.745552 ], [ -65.037903, 8.745638 ], [ -65.038483, 8.745931 ], [ -65.038994, 8.746360 ], [ -65.039413, 8.746815 ], [ -65.039948, 8.747061 ], [ -65.040550, 8.746848 ], [ -65.041191, 8.746657 ], [ -65.041901, 8.746535 ], [ -65.042435, 8.746827 ], [ -65.042954, 8.747327 ], [ -65.043396, 8.747918 ], [ -65.043587, 8.748605 ], [ -65.044166, 8.748920 ], [ -65.044769, 8.748821 ], [ -65.045341, 8.748610 ], [ -65.045914, 8.748439 ], [ -65.046539, 8.748436 ], [ -65.047371, 8.748656 ], [ -65.048019, 8.748947 ], [ -65.048485, 8.749379 ], [ -65.049065, 8.749624 ], [ -65.049713, 8.749733 ], [ -65.050316, 8.749703 ], [ -65.051025, 8.749648 ], [ -65.051651, 8.749687 ], [ -65.052437, 8.749771 ], [ -65.053040, 8.750064 ], [ -65.053482, 8.750495 ], [ -65.053925, 8.750880 ], [ -65.054642, 8.751123 ], [ -65.055222, 8.751394 ], [ -65.055779, 8.751595 ], [ -65.056473, 8.751747 ], [ -65.057022, 8.751970 ], [ -65.057426, 8.752472 ], [ -65.057640, 8.753089 ], [ -65.057785, 8.753730 ], [ -65.057793, 8.754349 ], [ -65.057617, 8.755085 ], [ -65.057320, 8.755662 ], [ -65.057625, 8.756187 ], [ -65.058372, 8.756729 ], [ -65.059639, 8.756532 ], [ -65.060257, 8.756411 ], [ -65.060837, 8.756635 ], [ -65.061119, 8.757159 ], [ -65.061356, 8.757845 ], [ -65.061440, 8.758487 ], [ -65.061256, 8.759153 ], [ -65.061127, 8.759730 ], [ -65.061340, 8.760323 ], [ -65.061943, 8.760524 ], [ -65.062683, 8.760584 ], [ -65.063995, 8.760478 ], [ -65.064415, 8.760910 ], [ -65.064789, 8.761572 ], [ -65.065056, 8.762188 ], [ -65.065270, 8.762759 ], [ -65.065346, 8.763471 ], [ -65.065765, 8.763949 ], [ -65.066368, 8.763964 ], [ -65.066963, 8.763728 ], [ -65.067490, 8.763424 ], [ -65.067970, 8.763029 ], [ -65.068497, 8.762725 ], [ -65.069046, 8.762512 ], [ -65.069694, 8.762483 ], [ -65.070458, 8.762633 ], [ -65.070923, 8.763089 ], [ -65.071182, 8.763705 ], [ -65.071625, 8.764113 ], [ -65.072227, 8.764084 ], [ -65.072800, 8.763940 ], [ -65.073464, 8.763748 ], [ -65.074066, 8.763536 ], [ -65.074661, 8.763276 ], [ -65.075897, 8.762690 ], [ -65.076447, 8.762477 ], [ -65.077118, 8.762401 ], [ -65.077675, 8.762807 ], [ -65.077957, 8.763402 ], [ -65.078171, 8.764065 ], [ -65.078583, 8.765276 ], [ -65.078819, 8.765917 ], [ -65.079307, 8.766301 ], [ -65.079887, 8.766501 ], [ -65.080513, 8.766655 ], [ -65.081131, 8.766764 ], [ -65.081871, 8.766870 ], [ -65.082375, 8.766918 ], [ -65.082916, 8.766695 ], [ -65.083626, 8.766297 ], [ -65.084152, 8.765901 ], [ -65.084724, 8.765618 ], [ -65.085365, 8.765406 ], [ -65.086655, 8.764772 ], [ -65.087387, 8.764351 ], [ -65.088005, 8.764229 ], [ -65.088676, 8.764337 ], [ -65.089546, 8.764330 ], [ -65.089912, 8.763822 ], [ -65.090332, 8.762624 ], [ -65.090904, 8.762683 ], [ -65.091629, 8.762677 ], [ -65.092247, 8.762511 ], [ -65.092865, 8.762274 ], [ -65.093391, 8.761993 ], [ -65.093971, 8.761712 ], [ -65.094589, 8.761750 ], [ -65.095489, 8.761832 ], [ -65.096115, 8.761734 ], [ -65.096641, 8.761475 ], [ -65.097122, 8.760988 ], [ -65.097748, 8.759880 ], [ -65.098091, 8.759233 ], [ -65.098427, 8.758657 ], [ -65.099098, 8.758487 ], [ -65.099609, 8.758788 ], [ -65.100098, 8.758634 ], [ -65.100533, 8.758101 ], [ -65.100914, 8.757593 ], [ -65.101349, 8.757083 ], [ -65.101730, 8.756505 ], [ -65.102074, 8.755904 ], [ -65.102623, 8.755439 ], [ -65.102783, 8.755454 ], [ -65.102799, 8.755441 ], [ -65.103447, 8.755502 ], [ -65.104042, 8.755242 ], [ -65.104454, 8.754826 ], [ -65.105293, 8.753738 ], [ -65.105743, 8.753204 ], [ -65.106178, 8.752558 ], [ -65.106560, 8.752070 ], [ -65.107140, 8.751881 ], [ -65.107735, 8.751668 ], [ -65.107910, 8.751047 ], [ -65.107925, 8.750403 ], [ -65.108292, 8.749894 ], [ -65.108849, 8.750141 ], [ -65.109337, 8.750503 ], [ -65.109825, 8.750934 ], [ -65.110268, 8.751365 ], [ -65.110779, 8.751658 ], [ -65.110847, 8.751725 ], [ -65.111404, 8.751972 ], [ -65.112099, 8.752126 ], [ -65.113487, 8.752271 ], [ -65.114105, 8.752149 ], [ -65.114723, 8.751866 ], [ -65.115158, 8.751426 ], [ -65.115448, 8.750849 ], [ -65.115951, 8.750476 ], [ -65.116417, 8.750860 ], [ -65.116966, 8.751083 ], [ -65.117020, 8.751106 ], [ -65.117691, 8.750985 ], [ -65.117912, 8.750431 ], [ -65.117744, 8.749860 ], [ -65.117439, 8.749267 ], [ -65.117989, 8.749007 ], [ -65.118561, 8.748840 ], [ -65.119186, 8.748558 ], [ -65.119873, 8.748619 ], [ -65.120415, 8.749142 ], [ -65.120674, 8.749667 ], [ -65.121048, 8.750281 ], [ -65.121628, 8.750437 ], [ -65.122154, 8.750109 ], [ -65.122169, 8.749489 ], [ -65.121979, 8.748895 ], [ -65.121696, 8.748255 ], [ -65.121414, 8.747684 ], [ -65.121285, 8.747020 ], [ -65.121742, 8.746602 ], [ -65.122437, 8.746433 ], [ -65.122971, 8.746702 ], [ -65.123253, 8.747251 ], [ -65.123916, 8.749264 ], [ -65.124092, 8.749835 ], [ -65.124329, 8.750544 ], [ -65.124267, 8.751164 ], [ -65.124390, 8.751738 ], [ -65.124939, 8.751960 ], [ -65.125565, 8.752068 ], [ -65.126259, 8.752221 ], [ -65.126930, 8.752352 ], [ -65.127579, 8.752459 ], [ -65.128365, 8.752520 ], [ -65.128471, 8.751945 ], [ -65.128074, 8.751490 ], [ -65.127724, 8.750964 ], [ -65.128059, 8.750481 ], [ -65.129173, 8.750880 ], [ -65.129707, 8.751126 ], [ -65.130264, 8.751465 ], [ -65.130821, 8.751781 ], [ -65.131378, 8.752073 ], [ -65.131912, 8.752342 ], [ -65.132355, 8.752488 ], [ -65.132515, 8.751965 ], [ -65.132645, 8.751344 ], [ -65.133003, 8.750766 ], [ -65.134148, 8.751281 ], [ -65.134743, 8.751298 ], [ -65.135292, 8.751061 ], [ -65.135864, 8.750642 ], [ -65.136185, 8.750134 ], [ -65.136673, 8.749004 ], [ -65.136993, 8.748472 ], [ -65.137566, 8.748190 ], [ -65.137726, 8.748200 ], [ -65.137741, 8.748192 ], [ -65.138367, 8.748231 ], [ -65.139015, 8.748316 ], [ -65.139679, 8.748284 ], [ -65.140396, 8.748163 ], [ -65.140946, 8.747789 ], [ -65.141190, 8.747212 ], [ -65.141182, 8.746593 ], [ -65.141151, 8.745905 ], [ -65.141098, 8.745285 ], [ -65.141190, 8.744688 ], [ -65.141411, 8.744066 ], [ -65.141655, 8.743535 ], [ -65.142044, 8.743003 ], [ -65.142479, 8.742608 ], [ -65.143028, 8.742349 ], [ -65.144173, 8.742016 ], [ -65.144775, 8.741825 ], [ -65.145348, 8.741589 ], [ -65.145920, 8.741283 ], [ -65.146423, 8.740912 ], [ -65.146622, 8.740335 ], [ -65.146660, 8.739670 ], [ -65.146561, 8.739004 ], [ -65.146416, 8.738387 ], [ -65.146408, 8.737721 ], [ -65.146561, 8.737077 ], [ -65.146950, 8.736522 ], [ -65.147545, 8.736562 ], [ -65.148193, 8.736736 ], [ -65.148735, 8.737144 ], [ -65.149292, 8.737506 ], [ -65.149917, 8.737682 ], [ -65.150559, 8.737653 ], [ -65.151062, 8.737280 ], [ -65.151306, 8.736749 ], [ -65.151321, 8.736106 ], [ -65.151108, 8.735536 ], [ -65.150688, 8.735057 ], [ -65.150200, 8.734603 ], [ -65.149780, 8.734149 ], [ -65.149429, 8.733603 ], [ -65.149170, 8.733008 ], [ -65.149452, 8.732487 ], [ -65.149879, 8.732515 ], [ -65.150482, 8.732302 ], [ -65.150566, 8.731704 ], [ -65.150307, 8.731111 ], [ -65.150139, 8.730539 ], [ -65.150360, 8.729917 ], [ -65.150887, 8.729635 ], [ -65.152153, 8.729667 ], [ -65.152756, 8.729453 ], [ -65.153114, 8.728967 ], [ -65.153152, 8.728302 ], [ -65.152847, 8.727800 ], [ -65.152450, 8.727367 ], [ -65.152054, 8.726891 ], [ -65.151543, 8.726438 ], [ -65.150658, 8.725621 ], [ -65.150215, 8.725190 ], [ -65.149887, 8.724666 ], [ -65.149948, 8.724068 ], [ -65.150284, 8.723581 ], [ -65.150787, 8.723187 ], [ -65.151360, 8.722859 ], [ -65.152008, 8.722669 ], [ -65.152809, 8.722613 ], [ -65.152863, 8.722623 ], [ -65.152992, 8.722614 ], [ -65.153564, 8.722723 ], [ -65.154007, 8.723131 ], [ -65.154274, 8.723724 ], [ -65.154533, 8.724274 ], [ -65.155090, 8.724519 ], [ -65.155662, 8.724307 ], [ -65.156235, 8.723955 ], [ -65.156807, 8.723582 ], [ -65.157333, 8.723208 ], [ -65.157883, 8.722744 ], [ -65.158333, 8.722257 ], [ -65.158630, 8.721748 ], [ -65.158852, 8.721195 ], [ -65.158684, 8.720531 ], [ -65.158195, 8.720124 ], [ -65.157753, 8.719555 ], [ -65.157929, 8.718980 ], [ -65.158501, 8.718743 ], [ -65.159027, 8.718439 ], [ -65.159279, 8.717909 ], [ -65.159500, 8.717309 ], [ -65.159286, 8.716691 ], [ -65.158707, 8.716537 ], [ -65.158089, 8.716705 ], [ -65.157486, 8.716758 ], [ -65.157425, 8.716746 ], [ -65.157310, 8.716757 ], [ -65.156730, 8.716648 ], [ -65.156220, 8.716309 ], [ -65.156258, 8.715644 ], [ -65.156456, 8.715068 ], [ -65.156990, 8.714808 ], [ -65.157486, 8.714505 ], [ -65.158158, 8.714268 ], [ -65.158867, 8.714053 ], [ -65.159485, 8.713909 ], [ -65.160293, 8.713762 ], [ -65.161011, 8.713708 ], [ -65.161697, 8.713632 ], [ -65.161759, 8.713646 ], [ -65.161881, 8.713633 ], [ -65.162453, 8.713764 ], [ -65.163177, 8.714077 ], [ -65.163826, 8.714437 ], [ -65.164566, 8.714796 ], [ -65.165215, 8.714973 ], [ -65.165878, 8.714759 ], [ -65.165848, 8.714117 ], [ -65.165237, 8.712999 ], [ -65.165093, 8.712381 ], [ -65.165497, 8.711940 ], [ -65.166023, 8.711544 ], [ -65.166550, 8.711217 ], [ -65.167076, 8.710843 ], [ -65.167602, 8.710517 ], [ -65.168129, 8.710029 ], [ -65.168564, 8.709472 ], [ -65.168877, 8.708873 ], [ -65.169105, 8.708296 ], [ -65.169304, 8.707629 ], [ -65.169502, 8.707074 ], [ -65.169632, 8.706408 ], [ -65.169807, 8.705809 ], [ -65.170265, 8.705390 ], [ -65.170685, 8.705869 ], [ -65.171105, 8.706323 ], [ -65.171646, 8.706743 ], [ -65.172157, 8.706630 ], [ -65.172493, 8.706120 ], [ -65.172699, 8.705567 ], [ -65.172783, 8.704923 ], [ -65.172615, 8.704351 ], [ -65.172241, 8.703874 ], [ -65.171753, 8.703489 ], [ -65.171143, 8.703106 ], [ -65.170563, 8.702859 ], [ -65.169990, 8.702705 ], [ -65.169433, 8.702482 ], [ -65.168900, 8.702075 ], [ -65.168655, 8.701411 ], [ -65.169136, 8.701016 ], [ -65.169914, 8.701012 ], [ -65.170441, 8.700706 ], [ -65.170830, 8.700265 ], [ -65.171120, 8.699712 ], [ -65.171684, 8.698236 ], [ -65.171860, 8.697570 ], [ -65.171760, 8.696951 ], [ -65.171402, 8.696381 ], [ -65.170868, 8.695928 ], [ -65.170265, 8.695521 ], [ -65.170029, 8.694928 ], [ -65.170463, 8.694532 ], [ -65.170799, 8.694000 ], [ -65.170677, 8.693314 ], [ -65.170120, 8.693021 ], [ -65.168960, 8.692483 ], [ -65.169045, 8.691886 ], [ -65.169174, 8.691241 ], [ -65.169380, 8.690574 ], [ -65.169647, 8.689837 ], [ -65.169823, 8.689261 ], [ -65.169930, 8.688639 ], [ -65.169899, 8.687882 ], [ -65.169662, 8.687334 ], [ -65.169220, 8.686857 ], [ -65.168572, 8.686888 ], [ -65.167999, 8.687008 ], [ -65.167465, 8.686693 ], [ -65.167137, 8.686146 ], [ -65.167595, 8.685774 ], [ -65.168190, 8.685606 ], [ -65.168739, 8.685348 ], [ -65.169075, 8.684839 ], [ -65.169296, 8.683620 ], [ -65.169426, 8.683044 ], [ -65.169670, 8.682377 ], [ -65.169899, 8.681823 ], [ -65.170120, 8.681224 ], [ -65.169930, 8.680652 ], [ -65.169327, 8.680316 ], [ -65.168655, 8.680184 ], [ -65.168007, 8.680122 ], [ -65.167290, 8.679993 ], [ -65.166710, 8.679770 ], [ -65.166161, 8.679479 ], [ -65.165550, 8.679209 ], [ -65.165001, 8.679009 ], [ -65.164398, 8.678809 ], [ -65.163772, 8.678678 ], [ -65.163124, 8.678456 ], [ -65.162613, 8.678025 ], [ -65.162262, 8.677433 ], [ -65.161949, 8.676886 ], [ -65.161598, 8.676201 ], [ -65.161247, 8.675609 ], [ -65.160889, 8.674969 ], [ -65.160866, 8.674373 ], [ -65.160973, 8.673707 ], [ -65.161171, 8.673107 ], [ -65.161621, 8.672715 ], [ -65.162094, 8.672725 ], [ -65.162789, 8.672855 ], [ -65.163368, 8.673102 ], [ -65.164596, 8.673661 ], [ -65.165176, 8.673978 ], [ -65.165733, 8.674223 ], [ -65.166290, 8.674493 ], [ -65.166939, 8.674646 ], [ -65.167763, 8.674640 ], [ -65.168312, 8.674358 ], [ -65.168556, 8.673644 ], [ -65.168251, 8.673142 ], [ -65.167671, 8.672897 ], [ -65.167206, 8.672511 ], [ -65.166832, 8.671919 ], [ -65.166794, 8.671185 ], [ -65.166977, 8.670541 ], [ -65.167335, 8.670031 ], [ -65.167656, 8.669523 ], [ -65.167900, 8.668947 ], [ -65.168304, 8.667840 ], [ -65.168663, 8.667355 ], [ -65.169289, 8.667254 ], [ -65.169884, 8.667216 ], [ -65.171562, 8.667216 ], [ -65.171784, 8.667153 ], [ -65.171784, 8.667052 ], [ -65.171341, 8.666668 ], [ -65.170990, 8.666236 ], [ -65.171448, 8.665817 ], [ -65.171921, 8.665420 ], [ -65.172302, 8.664909 ], [ -65.172455, 8.664288 ], [ -65.172150, 8.663763 ], [ -65.171616, 8.663541 ], [ -65.171013, 8.663320 ], [ -65.170570, 8.662890 ], [ -65.170471, 8.662315 ], [ -65.170624, 8.661785 ], [ -65.171127, 8.661550 ], [ -65.171700, 8.661312 ], [ -65.172203, 8.661077 ], [ -65.172707, 8.660817 ], [ -65.173050, 8.660354 ], [ -65.173248, 8.659801 ], [ -65.173287, 8.659247 ], [ -65.172218, 8.658596 ], [ -65.171753, 8.658280 ], [ -65.171394, 8.657780 ], [ -65.171829, 8.657407 ], [ -65.172409, 8.657376 ], [ -65.172958, 8.657507 ], [ -65.173515, 8.657591 ], [ -65.173996, 8.657195 ], [ -65.174011, 8.656620 ], [ -65.173614, 8.656212 ], [ -65.173141, 8.655806 ], [ -65.172630, 8.655468 ], [ -65.172073, 8.655153 ], [ -65.171539, 8.654884 ], [ -65.171028, 8.654593 ], [ -65.170586, 8.654255 ], [ -65.170441, 8.653706 ], [ -65.170319, 8.653133 ], [ -65.170219, 8.652469 ], [ -65.170250, 8.651825 ], [ -65.170380, 8.651088 ], [ -65.170486, 8.650397 ], [ -65.170616, 8.649845 ], [ -65.170837, 8.649268 ], [ -65.171036, 8.648691 ], [ -65.171188, 8.648139 ], [ -65.171158, 8.647519 ], [ -65.170601, 8.647228 ], [ -65.170067, 8.647027 ], [ -65.169342, 8.647034 ], [ -65.168854, 8.646742 ], [ -65.168907, 8.646052 ], [ -65.168739, 8.645365 ], [ -65.168312, 8.644796 ], [ -65.167915, 8.644388 ], [ -65.167519, 8.643935 ], [ -65.167145, 8.643435 ], [ -65.166817, 8.642888 ], [ -65.166504, 8.642180 ], [ -65.166222, 8.641680 ], [ -65.165894, 8.641155 ], [ -65.165474, 8.640771 ], [ -65.165070, 8.640362 ], [ -65.164345, 8.639406 ], [ -65.164108, 8.638859 ], [ -65.164329, 8.638190 ], [ -65.164688, 8.637772 ], [ -65.165169, 8.637445 ], [ -65.165604, 8.637072 ], [ -65.165894, 8.636540 ], [ -65.166046, 8.635963 ], [ -65.165581, 8.635649 ], [ -65.165047, 8.635448 ], [ -65.164467, 8.635180 ], [ -65.164024, 8.634841 ], [ -65.163650, 8.634434 ], [ -65.163872, 8.633903 ], [ -65.164436, 8.632793 ], [ -65.164680, 8.632216 ], [ -65.164879, 8.631570 ], [ -65.164894, 8.630972 ], [ -65.164360, 8.630727 ], [ -65.163292, 8.630959 ], [ -65.162857, 8.630911 ], [ -65.162323, 8.630573 ], [ -65.161881, 8.630235 ], [ -65.160721, 8.629516 ], [ -65.159531, 8.628796 ], [ -65.159042, 8.628413 ], [ -65.158714, 8.627912 ], [ -65.158455, 8.627387 ], [ -65.157791, 8.626156 ], [ -65.157509, 8.625654 ], [ -65.157105, 8.625016 ], [ -65.156631, 8.624380 ], [ -65.156235, 8.623879 ], [ -65.155838, 8.623472 ], [ -65.155304, 8.623135 ], [ -65.154747, 8.622797 ], [ -65.154190, 8.622415 ], [ -65.153023, 8.621672 ], [ -65.152489, 8.621266 ], [ -65.152069, 8.620903 ], [ -65.151558, 8.620497 ], [ -65.150536, 8.619776 ], [ -65.150047, 8.619346 ], [ -65.149666, 8.618892 ], [ -65.149521, 8.618319 ], [ -65.149498, 8.616575 ], [ -65.149536, 8.615793 ], [ -65.149544, 8.615219 ], [ -65.149536, 8.614668 ], [ -65.148987, 8.614672 ], [ -65.148438, 8.614797 ], [ -65.148521, 8.614244 ], [ -65.148628, 8.613669 ], [ -65.148605, 8.612339 ], [ -65.148575, 8.611696 ], [ -65.148590, 8.611122 ], [ -65.148674, 8.610523 ], [ -65.148895, 8.609992 ], [ -65.149185, 8.609460 ], [ -65.149597, 8.609017 ], [ -65.150215, 8.608918 ], [ -65.150772, 8.609026 ], [ -65.151375, 8.609224 ], [ -65.151955, 8.609378 ], [ -65.152527, 8.609485 ], [ -65.153107, 8.609569 ], [ -65.153542, 8.609617 ], [ -65.154030, 8.609508 ], [ -65.154488, 8.609135 ], [ -65.154709, 8.608511 ], [ -65.154861, 8.607982 ], [ -65.154900, 8.607407 ], [ -65.154777, 8.606812 ], [ -65.154182, 8.605625 ], [ -65.153877, 8.605146 ], [ -65.153503, 8.604715 ], [ -65.153084, 8.604307 ], [ -65.152641, 8.604020 ], [ -65.152596, 8.603992 ], [ -65.152000, 8.604115 ], [ -65.151939, 8.604736 ], [ -65.152084, 8.605307 ], [ -65.152161, 8.605881 ], [ -65.151962, 8.606411 ], [ -65.151382, 8.606304 ], [ -65.151146, 8.605756 ], [ -65.150841, 8.605140 ], [ -65.150528, 8.604639 ], [ -65.150177, 8.604115 ], [ -65.149803, 8.603684 ], [ -65.149315, 8.603370 ], [ -65.148750, 8.603225 ], [ -65.148315, 8.603249 ], [ -65.147697, 8.603303 ], [ -65.146919, 8.603310 ], [ -65.146248, 8.603271 ], [ -65.145630, 8.603188 ], [ -65.145248, 8.602711 ], [ -65.145241, 8.602092 ], [ -65.145515, 8.601605 ], [ -65.145828, 8.601142 ], [ -65.146378, 8.600928 ], [ -65.147499, 8.600637 ], [ -65.148079, 8.600447 ], [ -65.148628, 8.600279 ], [ -65.149200, 8.600087 ], [ -65.149750, 8.599874 ], [ -65.150322, 8.599613 ], [ -65.150803, 8.599332 ], [ -65.151207, 8.598889 ], [ -65.151459, 8.598359 ], [ -65.151260, 8.597717 ], [ -65.150887, 8.597195 ], [ -65.150070, 8.596310 ], [ -65.149735, 8.595809 ], [ -65.149498, 8.595307 ], [ -65.149467, 8.594733 ], [ -65.149803, 8.594178 ], [ -65.150192, 8.593690 ], [ -65.150650, 8.593270 ], [ -65.151169, 8.592966 ], [ -65.151581, 8.592501 ], [ -65.151733, 8.591970 ], [ -65.151154, 8.591450 ], [ -65.150566, 8.591137 ], [ -65.150108, 8.590821 ], [ -65.149681, 8.590413 ], [ -65.149193, 8.589800 ], [ -65.148438, 8.588685 ], [ -65.148087, 8.588253 ], [ -65.147644, 8.587685 ], [ -65.147125, 8.587003 ], [ -65.146721, 8.586434 ], [ -65.146416, 8.585886 ], [ -65.145241, 8.584065 ], [ -65.144905, 8.583472 ], [ -65.144455, 8.582354 ], [ -65.144287, 8.581758 ], [ -65.144211, 8.581208 ], [ -65.144104, 8.580635 ], [ -65.144074, 8.579924 ], [ -65.144089, 8.579350 ], [ -65.144470, 8.578772 ], [ -65.144997, 8.578351 ], [ -65.145546, 8.578000 ], [ -65.146141, 8.577669 ], [ -65.146645, 8.577411 ], [ -65.147194, 8.577265 ], [ -65.147766, 8.577188 ], [ -65.148338, 8.577136 ], [ -65.148461, 8.577144 ], [ -65.148521, 8.577138 ], [ -65.149094, 8.577176 ], [ -65.149673, 8.577374 ], [ -65.150276, 8.577481 ], [ -65.150825, 8.577405 ], [ -65.151375, 8.577283 ], [ -65.151810, 8.576818 ], [ -65.152054, 8.576286 ], [ -65.152252, 8.575709 ], [ -65.152084, 8.575092 ], [ -65.151756, 8.574476 ], [ -65.151352, 8.573861 ], [ -65.150955, 8.573385 ], [ -65.150581, 8.572977 ], [ -65.149651, 8.572207 ], [ -65.149155, 8.571778 ], [ -65.148178, 8.570966 ], [ -65.147736, 8.570534 ], [ -65.147453, 8.570055 ], [ -65.147560, 8.569457 ], [ -65.147850, 8.568741 ], [ -65.148590, 8.567399 ], [ -65.148949, 8.566729 ], [ -65.149284, 8.566128 ], [ -65.149666, 8.565479 ], [ -65.149979, 8.564900 ], [ -65.150154, 8.564370 ], [ -65.149872, 8.563778 ], [ -65.149338, 8.563440 ], [ -65.148247, 8.563132 ], [ -65.147827, 8.562726 ], [ -65.148170, 8.562193 ], [ -65.148621, 8.561796 ], [ -65.149124, 8.561444 ], [ -65.149651, 8.561163 ], [ -65.150223, 8.560880 ], [ -65.150604, 8.560438 ], [ -65.150925, 8.559928 ], [ -65.151474, 8.559714 ], [ -65.152649, 8.559561 ], [ -65.153221, 8.559530 ], [ -65.153839, 8.559453 ], [ -65.154465, 8.559330 ], [ -65.155014, 8.559094 ], [ -65.155281, 8.558517 ], [ -65.155456, 8.557871 ], [ -65.155487, 8.557181 ], [ -65.155296, 8.556472 ], [ -65.155014, 8.555902 ], [ -65.154541, 8.555404 ], [ -65.154075, 8.555042 ], [ -65.153610, 8.554704 ], [ -65.152985, 8.554436 ], [ -65.152412, 8.554283 ], [ -65.151855, 8.554244 ], [ -65.151329, 8.554618 ], [ -65.150734, 8.554810 ], [ -65.150208, 8.555001 ], [ -65.149681, 8.555167 ], [ -65.149651, 8.555119 ], [ -65.149506, 8.555166 ], [ -65.149170, 8.554621 ], [ -65.149254, 8.554045 ], [ -65.149361, 8.553494 ], [ -65.149422, 8.552826 ], [ -65.149529, 8.552274 ], [ -65.149635, 8.551584 ], [ -65.149864, 8.549651 ], [ -65.149986, 8.548915 ], [ -65.150116, 8.548340 ], [ -65.150322, 8.547785 ], [ -65.150543, 8.547255 ], [ -65.150833, 8.546767 ], [ -65.151337, 8.546393 ], [ -65.151886, 8.546181 ], [ -65.152458, 8.546058 ], [ -65.153610, 8.545997 ], [ -65.153641, 8.546005 ], [ -65.153786, 8.545999 ], [ -65.154343, 8.546152 ], [ -65.154900, 8.546373 ], [ -65.155830, 8.547051 ], [ -65.156944, 8.547632 ], [ -65.157547, 8.547809 ], [ -65.158096, 8.547847 ], [ -65.158653, 8.547771 ], [ -65.159180, 8.547557 ], [ -65.159630, 8.547091 ], [ -65.159736, 8.546448 ], [ -65.159546, 8.545899 ], [ -65.158859, 8.544806 ], [ -65.158440, 8.544191 ], [ -65.158158, 8.543690 ], [ -65.157867, 8.543097 ], [ -65.157303, 8.541979 ], [ -65.156944, 8.541386 ], [ -65.156616, 8.540909 ], [ -65.156197, 8.540363 ], [ -65.155449, 8.539546 ], [ -65.154983, 8.539231 ], [ -65.154426, 8.539100 ], [ -65.154312, 8.539114 ], [ -65.154251, 8.539099 ], [ -65.153602, 8.539177 ], [ -65.153053, 8.539368 ], [ -65.152504, 8.539260 ], [ -65.151993, 8.539014 ], [ -65.151985, 8.538440 ], [ -65.152084, 8.537795 ], [ -65.152237, 8.537174 ], [ -65.152390, 8.536506 ], [ -65.152634, 8.535860 ], [ -65.152908, 8.535351 ], [ -65.153244, 8.534842 ], [ -65.153740, 8.534445 ], [ -65.154221, 8.534093 ], [ -65.155319, 8.533459 ], [ -65.155846, 8.533245 ], [ -65.156372, 8.533077 ], [ -65.156921, 8.533024 ], [ -65.157051, 8.533030 ], [ -65.157105, 8.533026 ], [ -65.157768, 8.533063 ], [ -65.158997, 8.533368 ], [ -65.159569, 8.533439 ], [ -65.160042, 8.533374 ], [ -65.160614, 8.533229 ], [ -65.161209, 8.533037 ], [ -65.162308, 8.532517 ], [ -65.162811, 8.532257 ], [ -65.163269, 8.531931 ], [ -65.163490, 8.531261 ], [ -65.163574, 8.530663 ], [ -65.163635, 8.530111 ], [ -65.163673, 8.529559 ], [ -65.163704, 8.528388 ], [ -65.163681, 8.527102 ], [ -65.163559, 8.526484 ], [ -65.163368, 8.525935 ], [ -65.162987, 8.525344 ], [ -65.162590, 8.524889 ], [ -65.162147, 8.524550 ], [ -65.161568, 8.524168 ], [ -65.161171, 8.523783 ], [ -65.160835, 8.523075 ], [ -65.160355, 8.521796 ], [ -65.160141, 8.521133 ], [ -65.159882, 8.520493 ], [ -65.159614, 8.519990 ], [ -65.159332, 8.519490 ], [ -65.158959, 8.519013 ], [ -65.158676, 8.518487 ], [ -65.158524, 8.517847 ], [ -65.158699, 8.517179 ], [ -65.159111, 8.516715 ], [ -65.159592, 8.516316 ], [ -65.160133, 8.515965 ], [ -65.160660, 8.515684 ], [ -65.161232, 8.515353 ], [ -65.161736, 8.514935 ], [ -65.162979, 8.513586 ], [ -65.163391, 8.513190 ], [ -65.163956, 8.512700 ], [ -65.164436, 8.512303 ], [ -65.164848, 8.511930 ], [ -65.165322, 8.511466 ], [ -65.165733, 8.511093 ], [ -65.166733, 8.510229 ], [ -65.167236, 8.509855 ], [ -65.167648, 8.509482 ], [ -65.167938, 8.509133 ], [ -65.167999, 8.508583 ], [ -65.168579, 8.508595 ], [ -65.169105, 8.508544 ], [ -65.169655, 8.508307 ], [ -65.170090, 8.507958 ], [ -65.170334, 8.507449 ], [ -65.170463, 8.506827 ], [ -65.170479, 8.506229 ], [ -65.170296, 8.505015 ], [ -65.170311, 8.504395 ], [ -65.170395, 8.503659 ], [ -65.170517, 8.502876 ], [ -65.170715, 8.502185 ], [ -65.170868, 8.501608 ], [ -65.171112, 8.500985 ], [ -65.171265, 8.500456 ], [ -65.171211, 8.499743 ], [ -65.170998, 8.499173 ], [ -65.170494, 8.498123 ], [ -65.170326, 8.497552 ], [ -65.170204, 8.496910 ], [ -65.170174, 8.496244 ], [ -65.170212, 8.495579 ], [ -65.170387, 8.495048 ], [ -65.170860, 8.494536 ], [ -65.171364, 8.494139 ], [ -65.171837, 8.493789 ], [ -65.172409, 8.493437 ], [ -65.173027, 8.493131 ], [ -65.174286, 8.492561 ], [ -65.175453, 8.492133 ], [ -65.176002, 8.491897 ], [ -65.176674, 8.491680 ], [ -65.177864, 8.491274 ], [ -65.178413, 8.491037 ], [ -65.178841, 8.490619 ], [ -65.178970, 8.489974 ], [ -65.178986, 8.489422 ], [ -65.178078, 8.488585 ], [ -65.177589, 8.488110 ], [ -65.177322, 8.487538 ], [ -65.177292, 8.486964 ], [ -65.177483, 8.485745 ], [ -65.177544, 8.485147 ], [ -65.177627, 8.484503 ], [ -65.177780, 8.483881 ], [ -65.177978, 8.483350 ], [ -65.178505, 8.483068 ], [ -65.179260, 8.483084 ], [ -65.179901, 8.483213 ], [ -65.180504, 8.483300 ], [ -65.180885, 8.483308 ], [ -65.181404, 8.483075 ], [ -65.181793, 8.482679 ], [ -65.182106, 8.482055 ], [ -65.182587, 8.480282 ], [ -65.182648, 8.479614 ], [ -65.182655, 8.478879 ], [ -65.182648, 8.478189 ], [ -65.182617, 8.477640 ], [ -65.182609, 8.476928 ], [ -65.182579, 8.476376 ], [ -65.182495, 8.475712 ], [ -65.182373, 8.475117 ], [ -65.182159, 8.474431 ], [ -65.181915, 8.473813 ], [ -65.181610, 8.473289 ], [ -65.181122, 8.472815 ], [ -65.180611, 8.472523 ], [ -65.180076, 8.472301 ], [ -65.179504, 8.472331 ], [ -65.178932, 8.472682 ], [ -65.178451, 8.473080 ], [ -65.178024, 8.473521 ], [ -65.177612, 8.473917 ], [ -65.177261, 8.474167 ], [ -65.176933, 8.473792 ], [ -65.176903, 8.473104 ], [ -65.177032, 8.472366 ], [ -65.177185, 8.471790 ], [ -65.177383, 8.471122 ], [ -65.177582, 8.470546 ], [ -65.178177, 8.468654 ], [ -65.178307, 8.468079 ], [ -65.178482, 8.467388 ], [ -65.178673, 8.466696 ], [ -65.179047, 8.465473 ], [ -65.179253, 8.464943 ], [ -65.179565, 8.464456 ], [ -65.180069, 8.464197 ], [ -65.180664, 8.464120 ], [ -65.181259, 8.464066 ], [ -65.181839, 8.464127 ], [ -65.182281, 8.464157 ], [ -65.182838, 8.464065 ], [ -65.183380, 8.463644 ], [ -65.183769, 8.463180 ], [ -65.183968, 8.462511 ], [ -65.184219, 8.460785 ], [ -65.184395, 8.458832 ], [ -65.184425, 8.457590 ], [ -65.184372, 8.457017 ], [ -65.183899, 8.456767 ], [ -65.183441, 8.456826 ], [ -65.182983, 8.457199 ], [ -65.182076, 8.458084 ], [ -65.181663, 8.458457 ], [ -65.181190, 8.458855 ], [ -65.180641, 8.459160 ], [ -65.180046, 8.459283 ], [ -65.179939, 8.459267 ], [ -65.179863, 8.459281 ], [ -65.179314, 8.459197 ], [ -65.178757, 8.459090 ], [ -65.178154, 8.458868 ], [ -65.177689, 8.458553 ], [ -65.177475, 8.457913 ], [ -65.177605, 8.457314 ], [ -65.177803, 8.456576 ], [ -65.177940, 8.455266 ], [ -65.178001, 8.454576 ], [ -65.177994, 8.454025 ], [ -65.177918, 8.453451 ], [ -65.177864, 8.452901 ], [ -65.177971, 8.452349 ], [ -65.178284, 8.451795 ], [ -65.178879, 8.451510 ], [ -65.179520, 8.451432 ], [ -65.180321, 8.451448 ], [ -65.180748, 8.451476 ], [ -65.181381, 8.451270 ], [ -65.181908, 8.450918 ], [ -65.182037, 8.450319 ], [ -65.181824, 8.449772 ], [ -65.181633, 8.449201 ], [ -65.181480, 8.448536 ], [ -65.181450, 8.447917 ], [ -65.181511, 8.447364 ], [ -65.181740, 8.446833 ], [ -65.182076, 8.446393 ], [ -65.182816, 8.446658 ], [ -65.183373, 8.447110 ], [ -65.183952, 8.447332 ], [ -65.184532, 8.447439 ], [ -65.185104, 8.447454 ], [ -65.185730, 8.447309 ], [ -65.186302, 8.447117 ], [ -65.186829, 8.446857 ], [ -65.187347, 8.446506 ], [ -65.187622, 8.445974 ], [ -65.187752, 8.445397 ], [ -65.187904, 8.444867 ], [ -65.187797, 8.444249 ], [ -65.187492, 8.443726 ], [ -65.187141, 8.443202 ], [ -65.186653, 8.442933 ], [ -65.186081, 8.442985 ], [ -65.185532, 8.443200 ], [ -65.185112, 8.442793 ], [ -65.185074, 8.442197 ], [ -65.185020, 8.441553 ], [ -65.184853, 8.441005 ], [ -65.184364, 8.440689 ], [ -65.183853, 8.440499 ], [ -65.183388, 8.440522 ], [ -65.182930, 8.440850 ], [ -65.182640, 8.441404 ], [ -65.182442, 8.441958 ], [ -65.182030, 8.442377 ], [ -65.181473, 8.442132 ], [ -65.181213, 8.441631 ], [ -65.180954, 8.441061 ], [ -65.180695, 8.440559 ], [ -65.180367, 8.440105 ], [ -65.179924, 8.439651 ], [ -65.179657, 8.439552 ], [ -65.179367, 8.439240 ], [ -65.179382, 8.438575 ], [ -65.179642, 8.437353 ], [ -65.179749, 8.436755 ], [ -65.179947, 8.436226 ], [ -65.180214, 8.435693 ], [ -65.180603, 8.435251 ], [ -65.181198, 8.435152 ], [ -65.181755, 8.435351 ], [ -65.182915, 8.435726 ], [ -65.183975, 8.436194 ], [ -65.184578, 8.436346 ], [ -65.185181, 8.436522 ], [ -65.185784, 8.436606 ], [ -65.186379, 8.436552 ], [ -65.186905, 8.436384 ], [ -65.187363, 8.435988 ], [ -65.187485, 8.435320 ], [ -65.187569, 8.434745 ], [ -65.187698, 8.434169 ], [ -65.187882, 8.433616 ], [ -65.188240, 8.432968 ], [ -65.188599, 8.432435 ], [ -65.189003, 8.431879 ], [ -65.189842, 8.431017 ], [ -65.190323, 8.430597 ], [ -65.190803, 8.430247 ], [ -65.191345, 8.429826 ], [ -65.192848, 8.428612 ], [ -65.193375, 8.428397 ], [ -65.193901, 8.428230 ], [ -65.194450, 8.428017 ], [ -65.194977, 8.427826 ], [ -65.195481, 8.427543 ], [ -65.195793, 8.427034 ], [ -65.195946, 8.426412 ], [ -65.195991, 8.425859 ], [ -65.194939, 8.423577 ], [ -65.194656, 8.423007 ], [ -65.194153, 8.421705 ], [ -65.193985, 8.421088 ], [ -65.193794, 8.420562 ], [ -65.193642, 8.419990 ], [ -65.193611, 8.419415 ], [ -65.193794, 8.418885 ], [ -65.194344, 8.418947 ], [ -65.194923, 8.419147 ], [ -65.195434, 8.419392 ], [ -65.196030, 8.419361 ], [ -65.196579, 8.419055 ], [ -65.196617, 8.418458 ], [ -65.196381, 8.417887 ], [ -65.196114, 8.417316 ], [ -65.195572, 8.416266 ], [ -65.195358, 8.415717 ], [ -65.195190, 8.415192 ], [ -65.195343, 8.414639 ], [ -65.195961, 8.414608 ], [ -65.195999, 8.414617 ], [ -65.196136, 8.414610 ], [ -65.196693, 8.414740 ], [ -65.197899, 8.415252 ], [ -65.198524, 8.415634 ], [ -65.199082, 8.415901 ], [ -65.200112, 8.416191 ], [ -65.200569, 8.416131 ], [ -65.201073, 8.415872 ], [ -65.201317, 8.415339 ], [ -65.201355, 8.414788 ], [ -65.201279, 8.414238 ], [ -65.201103, 8.413666 ], [ -65.200562, 8.412548 ], [ -65.200325, 8.412024 ], [ -65.200089, 8.411452 ], [ -65.199913, 8.410928 ], [ -65.199493, 8.410565 ], [ -65.198990, 8.410296 ], [ -65.198586, 8.409911 ], [ -65.198509, 8.409338 ], [ -65.198807, 8.408828 ], [ -65.199257, 8.408502 ], [ -65.199837, 8.408424 ], [ -65.200455, 8.408324 ], [ -65.201050, 8.408202 ], [ -65.201652, 8.408125 ], [ -65.202194, 8.407866 ], [ -65.202720, 8.407490 ], [ -65.203079, 8.406934 ], [ -65.203278, 8.406242 ], [ -65.203247, 8.405669 ], [ -65.202774, 8.404664 ], [ -65.202469, 8.404141 ], [ -65.202110, 8.403618 ], [ -65.201782, 8.403025 ], [ -65.201637, 8.402430 ], [ -65.201836, 8.401897 ], [ -65.202148, 8.401436 ], [ -65.202515, 8.400993 ], [ -65.203377, 8.400065 ], [ -65.203781, 8.399576 ], [ -65.204094, 8.399113 ], [ -65.204292, 8.398490 ], [ -65.204330, 8.397939 ], [ -65.203957, 8.397391 ], [ -65.203560, 8.396938 ], [ -65.203049, 8.396555 ], [ -65.202400, 8.396241 ], [ -65.201797, 8.396067 ], [ -65.201217, 8.395937 ], [ -65.200638, 8.395782 ], [ -65.200112, 8.395630 ], [ -65.199440, 8.395500 ], [ -65.198791, 8.395394 ], [ -65.198189, 8.395242 ], [ -65.197662, 8.395065 ], [ -65.197128, 8.394820 ], [ -65.196800, 8.394341 ], [ -65.196899, 8.393628 ], [ -65.197121, 8.392937 ], [ -65.197365, 8.392291 ], [ -65.197678, 8.391575 ], [ -65.197922, 8.391066 ], [ -65.198280, 8.390395 ], [ -65.198891, 8.389400 ], [ -65.199295, 8.388797 ], [ -65.199753, 8.388331 ], [ -65.200249, 8.387935 ], [ -65.201393, 8.387162 ], [ -65.201874, 8.386879 ], [ -65.202393, 8.386642 ], [ -65.203522, 8.386260 ], [ -65.204140, 8.386068 ], [ -65.205650, 8.385358 ], [ -65.206177, 8.385099 ], [ -65.206444, 8.384567 ], [ -65.206474, 8.383878 ], [ -65.206283, 8.383238 ], [ -65.205955, 8.382599 ], [ -65.205551, 8.381984 ], [ -65.205177, 8.381508 ], [ -65.204658, 8.380894 ], [ -65.204193, 8.380396 ], [ -65.203773, 8.380033 ], [ -65.203262, 8.379626 ], [ -65.202866, 8.379243 ], [ -65.202469, 8.378696 ], [ -65.202133, 8.378126 ], [ -65.201897, 8.377509 ], [ -65.202049, 8.376865 ], [ -65.202339, 8.376217 ], [ -65.202652, 8.375616 ], [ -65.202942, 8.375085 ], [ -65.203300, 8.374574 ], [ -65.203713, 8.374086 ], [ -65.204163, 8.373506 ], [ -65.205048, 8.372507 ], [ -65.205521, 8.372041 ], [ -65.206001, 8.371553 ], [ -65.206520, 8.371132 ], [ -65.207024, 8.370758 ], [ -65.207527, 8.370429 ], [ -65.209129, 8.369742 ], [ -65.209557, 8.369391 ], [ -65.209717, 8.369408 ], [ -65.209740, 8.369392 ], [ -65.210335, 8.369453 ], [ -65.210640, 8.369932 ], [ -65.210815, 8.370458 ], [ -65.210937, 8.371030 ], [ -65.211060, 8.371695 ], [ -65.211235, 8.372336 ], [ -65.211403, 8.372885 ], [ -65.211548, 8.373456 ], [ -65.211738, 8.373982 ], [ -65.212158, 8.374103 ], [ -65.212616, 8.373875 ], [ -65.213051, 8.373410 ], [ -65.213387, 8.372854 ], [ -65.213722, 8.372275 ], [ -65.214149, 8.371650 ], [ -65.214470, 8.371118 ], [ -65.215256, 8.370073 ], [ -65.215691, 8.369539 ], [ -65.216095, 8.368982 ], [ -65.216339, 8.368243 ], [ -65.216400, 8.367670 ], [ -65.216385, 8.367118 ], [ -65.216331, 8.366545 ], [ -65.216324, 8.365948 ], [ -65.216271, 8.365306 ], [ -65.216247, 8.363445 ], [ -65.216331, 8.362871 ], [ -65.216431, 8.362272 ], [ -65.216637, 8.361742 ], [ -65.217041, 8.361300 ], [ -65.217568, 8.360925 ], [ -65.218094, 8.360688 ], [ -65.218712, 8.360589 ], [ -65.219513, 8.360580 ], [ -65.220085, 8.360734 ], [ -65.220619, 8.360956 ], [ -65.221084, 8.361272 ], [ -65.221550, 8.361633 ], [ -65.222061, 8.361947 ], [ -65.222664, 8.362145 ], [ -65.223267, 8.362252 ], [ -65.223694, 8.362318 ], [ -65.224212, 8.362144 ], [ -65.224762, 8.361746 ], [ -65.225098, 8.361282 ], [ -65.225319, 8.360752 ], [ -65.225479, 8.360175 ], [ -65.225624, 8.359369 ], [ -65.225708, 8.358702 ], [ -65.225723, 8.358036 ], [ -65.225777, 8.357347 ], [ -65.225838, 8.356794 ], [ -65.226013, 8.356195 ], [ -65.226212, 8.355641 ], [ -65.226486, 8.355086 ], [ -65.226776, 8.354577 ], [ -65.227089, 8.353999 ], [ -65.227356, 8.353376 ], [ -65.227509, 8.352776 ], [ -65.227524, 8.352110 ], [ -65.227356, 8.351515 ], [ -65.227158, 8.350989 ], [ -65.226921, 8.350465 ], [ -65.226570, 8.349873 ], [ -65.226303, 8.349278 ], [ -65.226044, 8.348754 ], [ -65.225807, 8.348160 ], [ -65.225754, 8.347587 ], [ -65.225929, 8.347011 ], [ -65.226265, 8.346386 ], [ -65.226936, 8.345297 ], [ -65.227348, 8.344718 ], [ -65.227798, 8.344115 ], [ -65.228203, 8.343627 ], [ -65.228706, 8.343183 ], [ -65.229187, 8.342855 ], [ -65.229683, 8.342596 ], [ -65.229774, 8.342644 ], [ -65.229866, 8.342598 ], [ -65.230446, 8.342912 ], [ -65.230934, 8.343204 ], [ -65.231491, 8.343517 ], [ -65.232025, 8.343832 ], [ -65.232552, 8.344054 ], [ -65.233086, 8.344208 ], [ -65.233688, 8.344359 ], [ -65.234123, 8.344389 ], [ -65.234634, 8.344253 ], [ -65.234955, 8.343788 ], [ -65.235199, 8.343165 ], [ -65.235352, 8.342497 ], [ -65.235405, 8.341899 ], [ -65.235420, 8.341164 ], [ -65.235405, 8.340015 ], [ -65.235420, 8.339373 ], [ -65.235489, 8.337971 ], [ -65.235527, 8.337396 ], [ -65.235588, 8.336822 ], [ -65.235718, 8.336200 ], [ -65.235916, 8.335669 ], [ -65.236320, 8.335248 ], [ -65.236900, 8.335081 ], [ -65.237472, 8.335235 ], [ -65.238213, 8.335362 ], [ -65.238792, 8.335401 ], [ -65.238838, 8.335393 ], [ -65.238968, 8.335402 ], [ -65.240234, 8.335200 ], [ -65.240784, 8.335010 ], [ -65.241310, 8.334772 ], [ -65.241806, 8.334490 ], [ -65.242332, 8.334164 ], [ -65.242973, 8.333584 ], [ -65.243484, 8.333173 ], [ -65.244110, 8.332736 ], [ -65.244774, 8.332232 ], [ -65.245445, 8.331752 ], [ -65.245972, 8.331501 ], [ -65.246552, 8.331294 ], [ -65.247132, 8.331113 ], [ -65.247582, 8.331060 ], [ -65.248077, 8.331320 ], [ -65.248489, 8.331711 ], [ -65.248672, 8.332285 ], [ -65.248627, 8.332859 ], [ -65.248421, 8.333431 ], [ -65.248146, 8.333960 ], [ -65.248055, 8.334332 ], [ -65.247971, 8.334930 ], [ -65.247864, 8.335506 ], [ -65.247963, 8.336171 ], [ -65.248344, 8.336649 ], [ -65.248894, 8.336710 ], [ -65.249443, 8.336564 ], [ -65.249855, 8.336054 ], [ -65.250122, 8.335568 ], [ -65.250588, 8.334505 ], [ -65.250786, 8.334131 ], [ -65.251297, 8.333007 ], [ -65.251854, 8.332708 ], [ -65.252434, 8.332434 ], [ -65.253029, 8.332367 ], [ -65.253510, 8.332689 ], [ -65.253906, 8.333126 ], [ -65.254204, 8.334267 ], [ -65.254509, 8.334882 ], [ -65.254822, 8.335383 ], [ -65.255173, 8.335884 ], [ -65.255775, 8.336060 ], [ -65.256180, 8.335641 ], [ -65.256447, 8.335132 ], [ -65.256767, 8.334149 ], [ -65.256897, 8.333474 ], [ -65.257034, 8.332876 ], [ -65.257362, 8.331571 ], [ -65.257660, 8.331065 ], [ -65.258057, 8.330606 ], [ -65.258514, 8.330239 ], [ -65.259071, 8.329943 ], [ -65.259666, 8.329738 ], [ -65.260223, 8.329508 ], [ -65.260773, 8.329256 ], [ -65.261284, 8.329006 ], [ -65.261864, 8.328845 ], [ -65.262367, 8.328433 ], [ -65.262665, 8.327860 ], [ -65.262741, 8.327287 ], [ -65.262741, 8.326643 ], [ -65.262650, 8.326046 ], [ -65.262329, 8.325402 ], [ -65.262001, 8.324805 ], [ -65.261772, 8.324208 ], [ -65.261635, 8.323587 ], [ -65.261734, 8.322969 ], [ -65.262009, 8.322441 ], [ -65.262329, 8.321960 ], [ -65.262817, 8.321638 ], [ -65.263413, 8.321685 ], [ -65.264168, 8.321710 ], [ -65.264793, 8.321825 ], [ -65.265389, 8.321965 ], [ -65.265945, 8.322127 ], [ -65.266449, 8.322380 ], [ -65.266861, 8.322624 ], [ -65.267265, 8.322380 ], [ -65.267540, 8.321807 ], [ -65.267563, 8.321233 ], [ -65.267014, 8.320152 ], [ -65.266762, 8.319555 ], [ -65.266556, 8.319004 ], [ -65.266510, 8.318408 ], [ -65.266579, 8.317811 ], [ -65.266991, 8.317421 ], [ -65.267547, 8.317904 ], [ -65.268395, 8.318801 ], [ -65.268791, 8.319238 ], [ -65.269203, 8.319675 ], [ -65.269615, 8.320088 ], [ -65.270187, 8.320295 ], [ -65.270813, 8.320160 ], [ -65.271370, 8.319815 ], [ -65.271874, 8.319404 ], [ -65.272316, 8.318875 ], [ -65.272545, 8.318325 ], [ -65.272659, 8.317705 ], [ -65.272774, 8.317155 ], [ -65.272964, 8.316466 ], [ -65.273079, 8.315892 ], [ -65.273285, 8.314585 ], [ -65.273338, 8.313965 ], [ -65.273338, 8.313368 ], [ -65.273293, 8.312701 ], [ -65.273201, 8.312127 ], [ -65.273041, 8.311554 ], [ -65.272766, 8.311048 ], [ -65.272423, 8.310565 ], [ -65.272003, 8.310175 ], [ -65.271523, 8.309669 ], [ -65.271065, 8.309232 ], [ -65.270622, 8.308681 ], [ -65.270210, 8.308197 ], [ -65.269844, 8.307646 ], [ -65.269592, 8.307073 ], [ -65.269272, 8.306498 ], [ -65.269020, 8.305990 ], [ -65.268768, 8.305440 ], [ -65.268562, 8.304820 ], [ -65.268356, 8.304153 ], [ -65.268173, 8.303512 ], [ -65.268036, 8.302913 ], [ -65.267876, 8.301537 ], [ -65.267876, 8.300961 ], [ -65.268356, 8.300595 ], [ -65.268936, 8.300390 ], [ -65.269508, 8.300506 ], [ -65.270065, 8.300713 ], [ -65.270615, 8.300898 ], [ -65.271194, 8.301059 ], [ -65.271744, 8.301268 ], [ -65.272896, 8.301727 ], [ -65.273514, 8.302028 ], [ -65.274094, 8.302372 ], [ -65.274620, 8.302671 ], [ -65.275200, 8.302879 ], [ -65.275772, 8.302948 ], [ -65.275863, 8.302939 ], [ -65.276398, 8.302881 ], [ -65.276924, 8.302652 ], [ -65.277550, 8.302447 ], [ -65.278099, 8.302333 ], [ -65.278610, 8.302081 ], [ -65.278954, 8.301531 ], [ -65.279068, 8.300980 ], [ -65.279144, 8.300315 ], [ -65.279213, 8.299397 ], [ -65.279236, 8.298799 ], [ -65.279304, 8.298202 ], [ -65.279449, 8.297514 ], [ -65.279633, 8.296941 ], [ -65.279930, 8.296321 ], [ -65.280228, 8.295725 ], [ -65.280487, 8.295175 ], [ -65.280716, 8.294646 ], [ -65.281021, 8.294095 ], [ -65.281524, 8.292949 ], [ -65.281944, 8.290998 ], [ -65.282127, 8.290287 ], [ -65.282364, 8.289645 ], [ -65.282616, 8.289048 ], [ -65.282890, 8.288520 ], [ -65.283356, 8.288084 ], [ -65.283813, 8.287719 ], [ -65.284302, 8.287398 ], [ -65.284828, 8.287077 ], [ -65.285316, 8.286711 ], [ -65.285751, 8.286321 ], [ -65.286148, 8.285862 ], [ -65.286217, 8.285290 ], [ -65.285851, 8.284737 ], [ -65.285202, 8.284460 ], [ -65.284607, 8.284345 ], [ -65.284027, 8.284182 ], [ -65.283455, 8.284113 ], [ -65.282166, 8.283812 ], [ -65.281586, 8.283697 ], [ -65.281105, 8.283374 ], [ -65.280647, 8.282868 ], [ -65.280304, 8.282386 ], [ -65.280144, 8.281766 ], [ -65.280098, 8.281146 ], [ -65.280029, 8.280549 ], [ -65.280144, 8.279953 ], [ -65.280350, 8.279357 ], [ -65.280609, 8.278852 ], [ -65.281067, 8.278508 ], [ -65.281647, 8.278440 ], [ -65.282219, 8.278349 ], [ -65.282723, 8.278649 ], [ -65.283142, 8.279062 ], [ -65.283623, 8.279429 ], [ -65.284126, 8.279890 ], [ -65.284615, 8.280258 ], [ -65.285164, 8.280581 ], [ -65.285667, 8.280834 ], [ -65.286247, 8.281018 ], [ -65.286819, 8.281111 ], [ -65.287308, 8.280699 ], [ -65.287788, 8.280171 ], [ -65.288597, 8.279232 ], [ -65.289131, 8.278658 ], [ -65.289497, 8.278223 ], [ -65.289803, 8.277718 ], [ -65.289940, 8.277168 ], [ -65.289894, 8.276570 ], [ -65.289574, 8.275973 ], [ -65.289299, 8.275422 ], [ -65.289070, 8.274847 ], [ -65.288979, 8.274113 ], [ -65.289001, 8.273470 ], [ -65.289253, 8.272828 ], [ -65.289627, 8.272255 ], [ -65.290062, 8.271750 ], [ -65.290527, 8.271291 ], [ -65.291054, 8.270832 ], [ -65.291634, 8.270467 ], [ -65.292206, 8.270214 ], [ -65.292809, 8.270032 ], [ -65.293381, 8.270033 ], [ -65.294029, 8.270103 ], [ -65.294670, 8.270104 ], [ -65.295319, 8.270082 ], [ -65.295921, 8.269991 ], [ -65.296494, 8.269854 ], [ -65.297028, 8.269602 ], [ -65.297485, 8.269213 ], [ -65.297966, 8.268777 ], [ -65.298271, 8.268228 ], [ -65.298294, 8.267653 ], [ -65.298294, 8.266941 ], [ -65.298248, 8.266298 ], [ -65.298225, 8.265678 ], [ -65.298050, 8.262969 ], [ -65.298050, 8.262395 ], [ -65.298027, 8.261821 ], [ -65.298050, 8.261248 ], [ -65.298119, 8.260673 ], [ -65.298378, 8.260169 ], [ -65.298882, 8.259802 ], [ -65.299530, 8.259666 ], [ -65.300171, 8.259873 ], [ -65.300705, 8.260149 ], [ -65.301277, 8.260357 ], [ -65.301826, 8.260633 ], [ -65.302979, 8.260933 ], [ -65.303581, 8.261072 ], [ -65.304199, 8.261096 ], [ -65.304779, 8.261028 ], [ -65.305214, 8.260638 ], [ -65.305336, 8.260019 ], [ -65.305221, 8.259445 ], [ -65.304756, 8.259007 ], [ -65.304275, 8.258616 ], [ -65.303742, 8.258225 ], [ -65.303238, 8.257811 ], [ -65.302803, 8.257283 ], [ -65.302597, 8.256663 ], [ -65.302597, 8.256020 ], [ -65.302666, 8.255445 ], [ -65.302971, 8.254918 ], [ -65.303451, 8.254436 ], [ -65.303986, 8.254093 ], [ -65.304535, 8.253704 ], [ -65.305023, 8.253384 ], [ -65.305550, 8.253016 ], [ -65.306107, 8.252696 ], [ -65.306633, 8.252421 ], [ -65.307167, 8.252193 ], [ -65.307739, 8.252263 ], [ -65.308273, 8.252584 ], [ -65.309326, 8.253298 ], [ -65.309906, 8.253506 ], [ -65.310478, 8.253644 ], [ -65.310555, 8.253620 ], [ -65.310654, 8.253645 ], [ -65.311233, 8.253463 ], [ -65.311714, 8.253050 ], [ -65.311836, 8.252476 ], [ -65.311813, 8.251787 ], [ -65.311539, 8.251190 ], [ -65.310959, 8.250133 ], [ -65.310661, 8.249398 ], [ -65.310409, 8.248594 ], [ -65.310158, 8.247973 ], [ -65.309975, 8.247400 ], [ -65.309769, 8.246642 ], [ -65.309631, 8.246044 ], [ -65.309082, 8.243932 ], [ -65.308899, 8.243335 ], [ -65.308647, 8.242668 ], [ -65.308510, 8.241934 ], [ -65.308441, 8.241337 ], [ -65.308632, 8.240028 ], [ -65.308769, 8.239339 ], [ -65.309090, 8.238628 ], [ -65.309395, 8.238148 ], [ -65.309761, 8.237689 ], [ -65.310707, 8.236633 ], [ -65.311768, 8.235624 ], [ -65.312828, 8.234891 ], [ -65.313301, 8.234689 ], [ -65.313782, 8.234800 ], [ -65.314308, 8.235054 ], [ -65.314842, 8.235284 ], [ -65.315460, 8.235537 ], [ -65.315994, 8.235813 ], [ -65.316521, 8.236114 ], [ -65.317093, 8.236526 ], [ -65.317604, 8.236918 ], [ -65.318085, 8.237264 ], [ -65.318497, 8.237654 ], [ -65.319412, 8.237656 ], [ -65.320679, 8.237521 ], [ -65.321327, 8.237361 ], [ -65.322014, 8.237040 ], [ -65.322685, 8.236767 ], [ -65.323723, 8.236194 ], [ -65.324249, 8.235964 ], [ -65.324677, 8.235965 ], [ -65.325226, 8.235988 ], [ -65.325897, 8.236149 ], [ -65.326515, 8.236265 ], [ -65.327141, 8.236358 ], [ -65.327759, 8.236405 ], [ -65.328384, 8.236314 ], [ -65.328888, 8.235970 ], [ -65.329285, 8.235512 ], [ -65.329285, 8.234938 ], [ -65.329033, 8.234433 ], [ -65.328613, 8.234019 ], [ -65.328041, 8.233582 ], [ -65.327514, 8.233259 ], [ -65.326981, 8.233007 ], [ -65.326431, 8.232799 ], [ -65.325256, 8.232268 ], [ -65.324173, 8.231602 ], [ -65.323669, 8.231188 ], [ -65.323234, 8.230773 ], [ -65.322861, 8.230269 ], [ -65.322701, 8.229716 ], [ -65.322701, 8.229097 ], [ -65.323097, 8.228685 ], [ -65.323669, 8.228663 ], [ -65.324471, 8.228686 ], [ -65.325096, 8.228688 ], [ -65.325439, 8.228229 ], [ -65.325302, 8.227609 ], [ -65.325028, 8.227035 ], [ -65.324707, 8.226552 ], [ -65.324341, 8.226115 ], [ -65.324127, 8.225564 ], [ -65.324158, 8.224991 ], [ -65.324661, 8.224647 ], [ -65.325195, 8.224607 ], [ -65.325684, 8.224648 ], [ -65.326324, 8.224763 ], [ -65.326927, 8.224971 ], [ -65.328148, 8.225477 ], [ -65.328651, 8.225754 ], [ -65.329132, 8.226099 ], [ -65.329597, 8.226535 ], [ -65.330032, 8.226995 ], [ -65.330788, 8.227891 ], [ -65.331299, 8.228261 ], [ -65.332016, 8.228331 ], [ -65.332588, 8.228348 ], [ -65.333206, 8.228400 ], [ -65.333832, 8.228424 ], [ -65.334404, 8.228357 ], [ -65.335029, 8.228312 ], [ -65.335579, 8.228037 ], [ -65.335747, 8.227394 ], [ -65.335472, 8.226865 ], [ -65.335053, 8.226405 ], [ -65.334549, 8.225968 ], [ -65.334091, 8.225624 ], [ -65.333649, 8.225163 ], [ -65.333237, 8.224636 ], [ -65.332871, 8.224108 ], [ -65.332504, 8.223600 ], [ -65.332344, 8.223027 ], [ -65.332504, 8.222476 ], [ -65.333397, 8.222501 ], [ -65.334015, 8.222594 ], [ -65.334572, 8.222779 ], [ -65.335121, 8.222894 ], [ -65.335678, 8.222780 ], [ -65.336228, 8.222643 ], [ -65.336716, 8.222300 ], [ -65.337082, 8.221864 ], [ -65.336967, 8.221313 ], [ -65.336739, 8.220646 ], [ -65.336464, 8.219338 ], [ -65.336395, 8.218762 ], [ -65.336464, 8.218190 ], [ -65.336998, 8.217893 ], [ -65.337547, 8.218030 ], [ -65.338104, 8.218284 ], [ -65.338608, 8.218629 ], [ -65.339065, 8.218997 ], [ -65.339577, 8.219387 ], [ -65.340012, 8.219825 ], [ -65.340553, 8.220139 ], [ -65.340988, 8.220123 ], [ -65.342140, 8.219805 ], [ -65.342781, 8.219505 ], [ -65.343452, 8.219140 ], [ -65.343933, 8.218842 ], [ -65.344375, 8.218360 ], [ -65.344696, 8.217788 ], [ -65.344879, 8.217168 ], [ -65.344955, 8.216456 ], [ -65.344978, 8.215859 ], [ -65.344933, 8.215171 ], [ -65.344681, 8.214643 ], [ -65.344170, 8.214183 ], [ -65.343552, 8.213814 ], [ -65.342979, 8.213583 ], [ -65.342422, 8.213330 ], [ -65.341919, 8.213008 ], [ -65.341553, 8.212502 ], [ -65.341362, 8.211927 ], [ -65.341324, 8.211308 ], [ -65.341621, 8.210428 ], [ -65.342217, 8.210154 ], [ -65.342773, 8.209948 ], [ -65.343330, 8.209788 ], [ -65.343948, 8.209674 ], [ -65.344704, 8.209676 ], [ -65.345276, 8.209814 ], [ -65.346497, 8.209954 ], [ -65.347122, 8.210070 ], [ -65.347717, 8.210208 ], [ -65.348267, 8.210392 ], [ -65.348801, 8.210737 ], [ -65.349213, 8.211152 ], [ -65.349655, 8.211520 ], [ -65.350136, 8.211842 ], [ -65.350708, 8.211750 ], [ -65.351128, 8.211360 ], [ -65.351173, 8.210764 ], [ -65.350922, 8.210213 ], [ -65.350578, 8.209753 ], [ -65.350182, 8.209338 ], [ -65.349770, 8.208879 ], [ -65.349335, 8.208443 ], [ -65.348732, 8.208029 ], [ -65.348205, 8.207775 ], [ -65.347588, 8.207613 ], [ -65.346985, 8.207499 ], [ -65.345878, 8.207267 ], [ -65.345352, 8.206991 ], [ -65.345055, 8.206462 ], [ -65.345055, 8.205888 ], [ -65.345192, 8.205338 ], [ -65.345444, 8.204764 ], [ -65.345795, 8.204305 ], [ -65.346344, 8.204123 ], [ -65.346924, 8.204008 ], [ -65.347473, 8.204169 ], [ -65.348000, 8.204469 ], [ -65.348465, 8.204837 ], [ -65.349037, 8.205158 ], [ -65.349571, 8.205366 ], [ -65.350166, 8.205550 ], [ -65.350769, 8.205436 ], [ -65.351089, 8.204932 ], [ -65.351273, 8.204358 ], [ -65.351387, 8.203762 ], [ -65.351486, 8.203187 ], [ -65.351761, 8.202615 ], [ -65.352219, 8.202271 ], [ -65.352776, 8.202133 ], [ -65.353348, 8.202205 ], [ -65.353554, 8.202755 ], [ -65.353600, 8.203421 ], [ -65.353691, 8.204041 ], [ -65.353737, 8.204638 ], [ -65.353760, 8.205257 ], [ -65.353760, 8.205832 ], [ -65.353828, 8.206407 ], [ -65.353851, 8.206980 ], [ -65.354057, 8.207508 ], [ -65.354607, 8.207761 ], [ -65.355187, 8.207762 ], [ -65.355667, 8.207395 ], [ -65.356270, 8.207304 ], [ -65.356735, 8.207072 ], [ -65.357201, 8.207145 ], [ -65.357544, 8.207604 ], [ -65.357750, 8.208155 ], [ -65.357842, 8.208776 ], [ -65.357933, 8.209946 ], [ -65.358139, 8.210498 ], [ -65.358757, 8.210500 ], [ -65.359360, 8.210339 ], [ -65.360580, 8.209697 ], [ -65.361641, 8.208987 ], [ -65.362679, 8.208207 ], [ -65.363785, 8.207268 ], [ -65.364387, 8.206740 ], [ -65.364868, 8.206282 ], [ -65.365494, 8.205755 ], [ -65.365860, 8.205297 ], [ -65.366112, 8.204700 ], [ -65.366165, 8.204057 ], [ -65.366165, 8.203437 ], [ -65.366028, 8.202587 ], [ -65.365845, 8.202014 ], [ -65.365471, 8.201439 ], [ -65.365105, 8.200979 ], [ -65.364235, 8.200060 ], [ -65.363381, 8.199048 ], [ -65.363060, 8.198474 ], [ -65.362785, 8.197924 ], [ -65.362557, 8.197233 ], [ -65.362419, 8.196522 ], [ -65.362351, 8.195809 ], [ -65.362396, 8.195213 ], [ -65.362701, 8.193904 ], [ -65.362908, 8.193285 ], [ -65.363159, 8.192689 ], [ -65.363480, 8.192206 ], [ -65.363968, 8.191909 ], [ -65.364380, 8.192300 ], [ -65.364632, 8.192828 ], [ -65.365097, 8.193334 ], [ -65.365532, 8.193748 ], [ -65.366379, 8.194597 ], [ -65.366821, 8.194965 ], [ -65.367393, 8.195083 ], [ -65.367455, 8.195060 ], [ -65.367577, 8.195084 ], [ -65.368797, 8.194602 ], [ -65.369346, 8.194373 ], [ -65.369827, 8.194076 ], [ -65.370270, 8.193664 ], [ -65.370453, 8.193112 ], [ -65.370682, 8.192492 ], [ -65.370941, 8.191919 ], [ -65.371101, 8.191369 ], [ -65.371307, 8.190841 ], [ -65.371841, 8.190684 ], [ -65.372376, 8.190865 ], [ -65.372978, 8.191118 ], [ -65.373459, 8.191417 ], [ -65.373962, 8.191693 ], [ -65.374565, 8.191785 ], [ -65.374603, 8.191764 ], [ -65.374741, 8.191786 ], [ -65.375252, 8.191510 ], [ -65.375664, 8.191007 ], [ -65.376007, 8.190526 ], [ -65.376404, 8.189907 ], [ -65.376679, 8.189332 ], [ -65.376793, 8.188735 ], [ -65.376770, 8.188161 ], [ -65.376656, 8.186922 ], [ -65.376549, 8.186279 ], [ -65.376228, 8.185040 ], [ -65.375923, 8.184557 ], [ -65.375442, 8.184119 ], [ -65.374847, 8.183889 ], [ -65.374130, 8.183842 ], [ -65.373528, 8.183840 ], [ -65.372955, 8.183955 ], [ -65.372376, 8.184184 ], [ -65.371895, 8.184528 ], [ -65.371414, 8.184848 ], [ -65.370423, 8.185674 ], [ -65.369843, 8.185926 ], [ -65.369247, 8.185947 ], [ -65.369224, 8.185941 ], [ -65.369064, 8.185946 ], [ -65.368492, 8.185762 ], [ -65.367912, 8.185509 ], [ -65.367363, 8.185163 ], [ -65.366371, 8.184450 ], [ -65.366005, 8.183991 ], [ -65.365593, 8.183371 ], [ -65.364998, 8.182221 ], [ -65.364929, 8.181647 ], [ -65.365066, 8.180867 ], [ -65.365318, 8.180179 ], [ -65.365646, 8.179583 ], [ -65.366081, 8.179123 ], [ -65.366707, 8.178712 ], [ -65.367325, 8.178483 ], [ -65.367996, 8.178369 ], [ -65.368736, 8.178208 ], [ -65.369354, 8.178119 ], [ -65.370003, 8.178049 ], [ -65.370598, 8.178028 ], [ -65.371178, 8.178046 ], [ -65.371819, 8.178143 ], [ -65.372398, 8.178214 ], [ -65.373215, 8.178216 ], [ -65.373795, 8.178146 ], [ -65.374367, 8.178057 ], [ -65.374924, 8.177828 ], [ -65.375404, 8.177484 ], [ -65.375847, 8.177116 ], [ -65.376007, 8.176452 ], [ -65.375938, 8.175808 ], [ -65.375801, 8.175212 ], [ -65.375458, 8.173971 ], [ -65.375343, 8.173237 ], [ -65.375320, 8.172570 ], [ -65.375366, 8.171997 ], [ -65.375527, 8.171423 ], [ -65.375855, 8.170896 ], [ -65.376358, 8.170528 ], [ -65.376961, 8.170712 ], [ -65.377350, 8.171195 ], [ -65.377762, 8.171839 ], [ -65.378151, 8.172391 ], [ -65.378494, 8.172896 ], [ -65.378777, 8.173402 ], [ -65.379303, 8.174459 ], [ -65.379623, 8.174964 ], [ -65.379990, 8.175401 ], [ -65.380730, 8.176456 ], [ -65.381096, 8.176917 ], [ -65.381691, 8.176896 ], [ -65.382042, 8.176436 ], [ -65.381882, 8.175793 ], [ -65.381676, 8.175242 ], [ -65.381424, 8.174645 ], [ -65.381195, 8.173979 ], [ -65.380989, 8.173244 ], [ -65.380897, 8.172669 ], [ -65.380966, 8.172050 ], [ -65.381081, 8.171499 ], [ -65.381576, 8.171263 ], [ -65.382057, 8.171316 ], [ -65.382561, 8.171799 ], [ -65.382858, 8.172327 ], [ -65.383201, 8.172901 ], [ -65.383575, 8.173475 ], [ -65.383919, 8.174097 ], [ -65.384216, 8.174786 ], [ -65.384491, 8.175544 ], [ -65.384789, 8.176188 ], [ -65.385155, 8.176829 ], [ -65.385552, 8.177312 ], [ -65.386032, 8.177658 ], [ -65.386604, 8.177888 ], [ -65.386680, 8.177848 ], [ -65.386780, 8.177889 ], [ -65.387314, 8.177591 ], [ -65.387749, 8.177155 ], [ -65.388145, 8.176674 ], [ -65.388191, 8.175940 ], [ -65.388054, 8.175182 ], [ -65.387871, 8.174630 ], [ -65.387665, 8.174056 ], [ -65.387207, 8.173069 ], [ -65.386810, 8.172173 ], [ -65.386490, 8.171529 ], [ -65.385414, 8.169713 ], [ -65.384659, 8.168565 ], [ -65.383759, 8.167163 ], [ -65.383301, 8.166543 ], [ -65.382767, 8.165991 ], [ -65.382195, 8.165440 ], [ -65.381714, 8.165094 ], [ -65.381203, 8.164842 ], [ -65.380653, 8.164634 ], [ -65.380073, 8.164449 ], [ -65.379524, 8.164219 ], [ -65.378883, 8.164149 ], [ -65.378326, 8.164034 ], [ -65.377678, 8.163964 ], [ -65.377083, 8.163962 ], [ -65.376579, 8.163618 ], [ -65.375977, 8.163481 ], [ -65.375542, 8.163089 ], [ -65.375404, 8.162423 ], [ -65.375519, 8.161803 ], [ -65.375702, 8.161069 ], [ -65.375870, 8.160496 ], [ -65.376122, 8.159966 ], [ -65.376442, 8.159416 ], [ -65.376885, 8.158820 ], [ -65.377274, 8.158338 ], [ -65.377853, 8.157651 ], [ -65.378242, 8.157145 ], [ -65.380249, 8.154761 ], [ -65.381058, 8.153614 ], [ -65.381432, 8.153132 ], [ -65.381912, 8.152444 ], [ -65.382278, 8.151962 ], [ -65.382629, 8.151434 ], [ -65.382881, 8.150929 ], [ -65.383041, 8.150332 ], [ -65.383095, 8.149598 ], [ -65.383209, 8.148864 ], [ -65.383530, 8.148129 ], [ -65.383926, 8.147649 ], [ -65.384361, 8.147236 ], [ -65.384895, 8.146754 ], [ -65.385307, 8.146295 ], [ -65.385651, 8.145768 ], [ -65.385864, 8.145170 ], [ -65.386093, 8.144597 ], [ -65.386254, 8.143954 ], [ -65.386673, 8.141958 ], [ -65.386856, 8.141338 ], [ -65.387085, 8.140787 ], [ -65.387436, 8.140260 ], [ -65.388176, 8.139365 ], [ -65.388626, 8.139020 ], [ -65.389076, 8.139090 ], [ -65.390365, 8.139138 ], [ -65.391014, 8.139116 ], [ -65.391655, 8.138887 ], [ -65.392166, 8.138635 ], [ -65.392601, 8.138222 ], [ -65.392487, 8.137648 ], [ -65.392029, 8.137119 ], [ -65.391106, 8.136224 ], [ -65.390694, 8.135717 ], [ -65.390373, 8.135188 ], [ -65.390121, 8.134591 ], [ -65.390053, 8.133948 ], [ -65.390213, 8.133374 ], [ -65.390587, 8.132894 ], [ -65.391136, 8.132549 ], [ -65.391785, 8.132412 ], [ -65.392380, 8.132413 ], [ -65.393005, 8.132344 ], [ -65.393799, 8.132369 ], [ -65.394379, 8.132646 ], [ -65.395020, 8.132876 ], [ -65.395737, 8.132968 ], [ -65.396133, 8.132970 ], [ -65.396690, 8.132809 ], [ -65.397285, 8.132579 ], [ -65.397865, 8.132397 ], [ -65.398437, 8.132077 ], [ -65.398949, 8.131779 ], [ -65.399475, 8.131433 ], [ -65.400009, 8.131068 ], [ -65.400467, 8.130655 ], [ -65.400856, 8.130151 ], [ -65.401001, 8.129509 ], [ -65.400955, 8.128819 ], [ -65.400681, 8.128314 ], [ -65.400261, 8.127924 ], [ -65.399231, 8.127026 ], [ -65.398193, 8.126267 ], [ -65.397758, 8.125785 ], [ -65.397293, 8.124567 ], [ -65.397232, 8.123810 ], [ -65.397232, 8.123143 ], [ -65.397301, 8.122501 ], [ -65.397438, 8.121881 ], [ -65.397644, 8.121215 ], [ -65.397949, 8.120618 ], [ -65.398293, 8.120114 ], [ -65.398689, 8.119633 ], [ -65.399101, 8.119197 ], [ -65.399605, 8.118714 ], [ -65.401222, 8.117546 ], [ -65.401840, 8.117134 ], [ -65.402466, 8.116814 ], [ -65.403091, 8.116538 ], [ -65.404953, 8.115875 ], [ -65.405601, 8.115693 ], [ -65.406219, 8.115486 ], [ -65.406914, 8.115234 ], [ -65.408134, 8.114686 ], [ -65.408638, 8.114410 ], [ -65.409241, 8.114021 ], [ -65.409721, 8.113653 ], [ -65.410187, 8.113264 ], [ -65.410622, 8.112851 ], [ -65.411659, 8.112004 ], [ -65.412239, 8.111475 ], [ -65.412720, 8.111155 ], [ -65.412850, 8.111190 ], [ -65.412895, 8.111155 ], [ -65.414513, 8.111601 ], [ -65.415085, 8.111717 ], [ -65.415497, 8.112223 ], [ -65.416008, 8.112590 ], [ -65.416535, 8.112822 ], [ -65.417068, 8.112966 ], [ -65.417603, 8.112891 ], [ -65.418106, 8.112593 ], [ -65.418549, 8.112227 ], [ -65.419449, 8.111424 ], [ -65.419929, 8.111012 ], [ -65.420395, 8.110575 ], [ -65.420761, 8.110139 ], [ -65.421104, 8.109612 ], [ -65.421364, 8.109015 ], [ -65.421432, 8.108396 ], [ -65.421432, 8.107775 ], [ -65.421341, 8.106971 ], [ -65.421089, 8.105777 ], [ -65.421021, 8.104974 ], [ -65.420929, 8.104239 ], [ -65.420792, 8.103574 ], [ -65.420677, 8.102929 ], [ -65.420837, 8.102333 ], [ -65.421097, 8.101782 ], [ -65.421509, 8.101117 ], [ -65.421875, 8.100657 ], [ -65.422409, 8.100130 ], [ -65.422821, 8.099741 ], [ -65.423218, 8.099329 ], [ -65.423652, 8.098825 ], [ -65.424072, 8.098250 ], [ -65.424507, 8.097585 ], [ -65.424805, 8.097056 ], [ -65.425453, 8.095680 ], [ -65.425682, 8.095153 ], [ -65.425896, 8.094579 ], [ -65.426216, 8.093867 ], [ -65.426468, 8.093157 ], [ -65.426682, 8.092628 ], [ -65.426910, 8.091940 ], [ -65.427139, 8.091343 ], [ -65.427650, 8.091022 ], [ -65.428337, 8.090793 ], [ -65.429031, 8.090519 ], [ -65.429626, 8.090266 ], [ -65.430229, 8.090038 ], [ -65.430847, 8.089763 ], [ -65.431450, 8.089465 ], [ -65.432488, 8.088892 ], [ -65.433037, 8.088479 ], [ -65.433502, 8.088021 ], [ -65.433869, 8.087562 ], [ -65.434151, 8.087057 ], [ -65.434494, 8.086370 ], [ -65.434769, 8.085772 ], [ -65.435028, 8.085152 ], [ -65.435349, 8.084418 ], [ -65.435905, 8.083064 ], [ -65.436111, 8.082446 ], [ -65.436340, 8.081825 ], [ -65.436897, 8.080080 ], [ -65.437103, 8.079301 ], [ -65.437912, 8.076065 ], [ -65.438469, 8.074320 ], [ -65.438980, 8.072851 ], [ -65.439483, 8.071680 ], [ -65.440178, 8.070281 ], [ -65.440476, 8.069753 ], [ -65.440781, 8.069271 ], [ -65.441170, 8.068767 ], [ -65.441559, 8.068331 ], [ -65.442116, 8.067964 ], [ -65.442665, 8.067780 ], [ -65.443222, 8.067620 ], [ -65.443703, 8.067277 ], [ -65.444099, 8.066817 ], [ -65.444443, 8.066337 ], [ -65.444672, 8.065786 ], [ -65.445045, 8.064500 ], [ -65.445251, 8.063603 ], [ -65.445625, 8.062136 ], [ -65.445900, 8.061357 ], [ -65.446175, 8.060644 ], [ -65.446640, 8.059497 ], [ -65.446915, 8.058853 ], [ -65.447289, 8.058188 ], [ -65.447586, 8.057683 ], [ -65.447929, 8.057202 ], [ -65.448395, 8.056720 ], [ -65.448898, 8.056216 ], [ -65.449364, 8.055802 ], [ -65.449936, 8.055620 ], [ -65.450516, 8.055483 ], [ -65.451065, 8.055300 ], [ -65.451889, 8.055302 ], [ -65.452461, 8.055232 ], [ -65.453087, 8.055026 ], [ -65.453659, 8.054867 ], [ -65.454216, 8.054523 ], [ -65.454605, 8.054111 ], [ -65.455040, 8.053629 ], [ -65.455391, 8.053146 ], [ -65.455734, 8.052572 ], [ -65.455917, 8.051976 ], [ -65.455963, 8.051380 ], [ -65.456108, 8.050829 ], [ -65.456383, 8.050324 ], [ -65.456917, 8.050049 ], [ -65.457489, 8.050188 ], [ -65.457787, 8.050670 ], [ -65.458221, 8.051888 ], [ -65.458611, 8.053058 ], [ -65.458839, 8.053679 ], [ -65.459122, 8.054276 ], [ -65.459442, 8.054805 ], [ -65.459854, 8.055378 ], [ -65.460243, 8.055884 ], [ -65.460671, 8.056312 ], [ -65.461288, 8.056275 ], [ -65.461914, 8.056162 ], [ -65.462624, 8.055909 ], [ -65.463150, 8.055680 ], [ -65.463844, 8.055451 ], [ -65.464470, 8.055222 ], [ -65.465019, 8.055062 ], [ -65.465622, 8.054811 ], [ -65.466148, 8.054512 ], [ -65.466660, 8.054101 ], [ -65.468064, 8.052771 ], [ -65.468613, 8.052357 ], [ -65.469169, 8.052036 ], [ -65.469696, 8.051807 ], [ -65.470299, 8.051623 ], [ -65.470917, 8.051510 ], [ -65.471672, 8.051512 ], [ -65.472336, 8.051420 ], [ -65.472984, 8.051214 ], [ -65.473579, 8.050986 ], [ -65.474205, 8.050734 ], [ -65.474877, 8.050505 ], [ -65.476051, 8.050001 ], [ -65.476715, 8.049726 ], [ -65.477867, 8.049268 ], [ -65.478470, 8.049085 ], [ -65.479019, 8.048809 ], [ -65.479485, 8.048374 ], [ -65.479805, 8.047871 ], [ -65.479805, 8.047157 ], [ -65.479736, 8.046560 ], [ -65.479576, 8.045940 ], [ -65.479393, 8.045276 ], [ -65.479164, 8.044654 ], [ -65.478638, 8.043070 ], [ -65.478432, 8.042404 ], [ -65.478271, 8.041783 ], [ -65.478043, 8.040612 ], [ -65.477928, 8.039854 ], [ -65.477883, 8.039233 ], [ -65.477814, 8.038500 ], [ -65.477585, 8.037144 ], [ -65.477402, 8.036570 ], [ -65.476982, 8.036156 ], [ -65.476707, 8.035651 ], [ -65.476502, 8.035099 ], [ -65.476387, 8.034549 ], [ -65.476410, 8.033952 ], [ -65.476616, 8.033401 ], [ -65.476944, 8.032896 ], [ -65.477356, 8.032505 ], [ -65.477867, 8.032208 ], [ -65.478485, 8.031910 ], [ -65.479134, 8.031751 ], [ -65.479729, 8.031568 ], [ -65.480278, 8.031548 ], [ -65.480774, 8.031564 ], [ -65.481972, 8.031914 ], [ -65.482544, 8.032029 ], [ -65.484131, 8.032036 ], [ -65.484665, 8.032050 ], [ -65.485245, 8.032008 ], [ -65.485863, 8.031826 ], [ -65.486435, 8.031549 ], [ -65.487518, 8.031000 ], [ -65.488006, 8.030704 ], [ -65.488419, 8.030313 ], [ -65.488724, 8.029784 ], [ -65.488609, 8.029120 ], [ -65.488541, 8.028453 ], [ -65.488609, 8.027857 ], [ -65.488632, 8.027213 ], [ -65.488632, 8.026570 ], [ -65.488518, 8.026019 ], [ -65.488312, 8.025444 ], [ -65.488037, 8.024940 ], [ -65.487671, 8.024319 ], [ -65.487320, 8.023837 ], [ -65.486885, 8.023377 ], [ -65.486313, 8.023147 ], [ -65.485756, 8.023031 ], [ -65.485138, 8.022801 ], [ -65.484512, 8.022640 ], [ -65.483940, 8.022319 ], [ -65.483528, 8.021812 ], [ -65.483414, 8.021215 ], [ -65.483368, 8.020526 ], [ -65.483368, 8.019355 ], [ -65.483322, 8.018688 ], [ -65.483253, 8.018115 ], [ -65.483139, 8.017449 ], [ -65.483047, 8.016806 ], [ -65.482636, 8.015129 ], [ -65.482521, 8.014510 ], [ -65.482430, 8.013936 ], [ -65.482384, 8.013315 ], [ -65.482498, 8.012718 ], [ -65.482818, 8.012236 ], [ -65.483193, 8.011709 ], [ -65.483582, 8.011273 ], [ -65.484047, 8.010906 ], [ -65.484642, 8.010563 ], [ -65.485199, 8.010357 ], [ -65.485725, 8.010081 ], [ -65.486282, 8.009829 ], [ -65.486763, 8.009462 ], [ -65.486603, 8.008888 ], [ -65.486191, 8.008451 ], [ -65.486030, 8.007877 ], [ -65.486488, 8.007396 ], [ -65.486923, 8.006822 ], [ -65.487503, 8.006204 ], [ -65.487961, 8.005790 ], [ -65.488907, 8.005010 ], [ -65.489967, 8.004230 ], [ -65.490570, 8.003956 ], [ -65.491119, 8.003749 ], [ -65.491608, 8.003360 ], [ -65.491860, 8.002810 ], [ -65.491951, 8.002051 ], [ -65.492088, 8.001454 ], [ -65.492157, 8.000938 ], [ -65.492508, 8.000434 ], [ -65.493050, 8.000160 ], [ -65.493690, 7.999975 ], [ -65.494369, 7.999764 ], [ -65.494934, 7.999558 ], [ -65.495682, 7.999230 ], [ -65.496269, 7.998795 ], [ -65.496681, 7.998204 ], [ -65.496910, 7.997644 ], [ -65.496704, 7.997031 ], [ -65.496338, 7.996563 ], [ -65.496101, 7.995862 ], [ -65.496285, 7.995233 ], [ -65.496635, 7.994761 ], [ -65.496452, 7.994172 ], [ -65.495789, 7.993806 ], [ -65.495178, 7.993508 ], [ -65.494118, 7.992816 ], [ -65.493568, 7.992402 ], [ -65.493378, 7.991651 ], [ -65.493462, 7.990866 ], [ -65.493576, 7.990288 ], [ -65.493500, 7.989556 ], [ -65.493363, 7.988895 ], [ -65.492996, 7.988427 ], [ -65.492455, 7.988126 ], [ -65.492020, 7.987593 ], [ -65.491882, 7.987024 ], [ -65.491295, 7.986794 ], [ -65.490860, 7.986352 ], [ -65.490608, 7.985718 ], [ -65.490448, 7.985129 ], [ -65.490303, 7.984491 ], [ -65.490814, 7.984104 ], [ -65.491501, 7.984467 ], [ -65.491776, 7.983928 ], [ -65.491409, 7.983323 ], [ -65.491249, 7.982755 ], [ -65.491409, 7.982174 ], [ -65.491898, 7.981811 ], [ -65.492058, 7.981828 ], [ -65.492081, 7.981812 ], [ -65.492699, 7.981879 ], [ -65.493157, 7.982366 ], [ -65.493805, 7.982363 ], [ -65.493896, 7.981740 ], [ -65.493454, 7.980448 ], [ -65.493561, 7.979732 ], [ -65.494095, 7.979206 ], [ -65.494652, 7.978839 ], [ -65.494484, 7.978157 ], [ -65.494095, 7.977643 ], [ -65.493378, 7.977466 ], [ -65.492729, 7.977448 ], [ -65.492149, 7.977306 ], [ -65.492065, 7.977328 ], [ -65.491974, 7.977305 ], [ -65.491264, 7.977494 ], [ -65.490753, 7.977836 ], [ -65.490234, 7.978201 ], [ -65.489784, 7.978451 ], [ -65.489281, 7.978177 ], [ -65.489090, 7.977427 ], [ -65.489250, 7.976732 ], [ -65.489868, 7.976180 ], [ -65.490166, 7.975432 ], [ -65.490227, 7.974695 ], [ -65.490211, 7.973203 ], [ -65.490227, 7.972422 ], [ -65.490128, 7.971736 ], [ -65.489548, 7.971484 ], [ -65.488815, 7.971628 ], [ -65.488144, 7.971653 ], [ -65.488129, 7.971647 ], [ -65.487968, 7.971653 ], [ -65.487381, 7.971400 ], [ -65.487015, 7.970749 ], [ -65.486938, 7.970109 ], [ -65.487053, 7.969507 ], [ -65.487381, 7.968989 ], [ -65.487961, 7.968531 ], [ -65.488716, 7.968409 ], [ -65.489410, 7.968566 ], [ -65.490082, 7.968631 ], [ -65.490791, 7.968397 ], [ -65.491134, 7.967900 ], [ -65.491417, 7.967385 ], [ -65.491898, 7.966861 ], [ -65.492722, 7.966882 ], [ -65.493271, 7.967388 ], [ -65.493904, 7.967662 ], [ -65.494637, 7.967427 ], [ -65.495125, 7.967311 ], [ -65.495865, 7.967531 ], [ -65.496452, 7.967762 ], [ -65.497055, 7.967967 ], [ -65.497673, 7.967984 ], [ -65.498337, 7.967664 ], [ -65.498726, 7.967097 ], [ -65.498818, 7.966405 ], [ -65.498833, 7.965693 ], [ -65.498962, 7.964999 ], [ -65.498848, 7.964406 ], [ -65.498352, 7.964012 ], [ -65.497612, 7.964041 ], [ -65.497078, 7.964027 ], [ -65.497322, 7.963256 ], [ -65.497734, 7.962598 ], [ -65.498451, 7.962155 ], [ -65.498993, 7.961905 ], [ -65.499313, 7.961134 ], [ -65.499466, 7.960485 ], [ -65.499954, 7.959869 ], [ -65.500664, 7.959841 ], [ -65.500824, 7.959215 ], [ -65.500496, 7.958539 ], [ -65.499947, 7.958078 ], [ -65.499512, 7.957498 ], [ -65.499321, 7.956885 ], [ -65.499435, 7.956261 ], [ -65.499657, 7.955357 ], [ -65.499855, 7.954705 ], [ -65.499870, 7.953901 ], [ -65.499779, 7.953193 ], [ -65.499794, 7.952457 ], [ -65.499916, 7.951603 ], [ -65.500030, 7.951024 ], [ -65.500099, 7.950355 ], [ -65.500099, 7.949758 ], [ -65.500069, 7.949002 ], [ -65.500069, 7.948404 ], [ -65.500366, 7.947797 ], [ -65.500786, 7.947320 ], [ -65.501274, 7.946622 ], [ -65.501648, 7.946261 ], [ -65.501831, 7.945680 ], [ -65.501968, 7.945055 ], [ -65.502083, 7.944455 ], [ -65.502060, 7.943789 ], [ -65.502014, 7.943194 ], [ -65.502129, 7.942569 ], [ -65.502579, 7.942186 ], [ -65.504028, 7.940987 ], [ -65.504448, 7.940582 ], [ -65.504288, 7.940014 ], [ -65.503792, 7.939686 ], [ -65.503212, 7.939408 ], [ -65.502663, 7.939037 ], [ -65.502800, 7.938344 ], [ -65.503319, 7.938004 ], [ -65.503929, 7.937707 ], [ -65.504425, 7.937391 ], [ -65.504944, 7.937027 ], [ -65.505173, 7.936491 ], [ -65.505058, 7.935874 ], [ -65.504578, 7.935249 ], [ -65.504280, 7.934731 ], [ -65.503242, 7.934010 ], [ -65.502655, 7.933777 ], [ -65.502006, 7.933617 ], [ -65.501259, 7.933565 ], [ -65.500694, 7.933785 ], [ -65.500572, 7.933767 ], [ -65.500519, 7.933784 ], [ -65.499893, 7.933693 ], [ -65.499313, 7.933556 ], [ -65.498726, 7.933235 ], [ -65.498352, 7.932652 ], [ -65.497734, 7.932079 ], [ -65.497086, 7.931944 ], [ -65.496498, 7.931760 ], [ -65.496338, 7.931077 ], [ -65.496452, 7.930476 ], [ -65.496513, 7.929831 ], [ -65.496216, 7.929314 ], [ -65.495720, 7.928874 ], [ -65.495125, 7.928439 ], [ -65.494575, 7.927908 ], [ -65.494156, 7.927328 ], [ -65.494156, 7.926639 ], [ -65.495079, 7.925523 ], [ -65.495491, 7.924910 ], [ -65.495674, 7.924305 ], [ -65.495766, 7.923728 ], [ -65.495735, 7.923040 ], [ -65.495079, 7.922653 ], [ -65.494255, 7.922938 ], [ -65.493767, 7.923302 ], [ -65.493279, 7.923459 ], [ -65.492744, 7.923326 ], [ -65.492195, 7.922797 ], [ -65.491867, 7.922120 ], [ -65.491547, 7.921535 ], [ -65.490967, 7.920892 ], [ -65.490402, 7.920524 ], [ -65.489548, 7.920580 ], [ -65.488754, 7.920772 ], [ -65.488136, 7.920935 ], [ -65.487549, 7.921119 ], [ -65.486862, 7.921352 ], [ -65.486107, 7.921496 ], [ -65.485405, 7.921661 ], [ -65.484627, 7.921761 ], [ -65.483826, 7.921884 ], [ -65.482956, 7.922124 ], [ -65.482368, 7.922356 ], [ -65.481666, 7.922705 ], [ -65.480927, 7.923146 ], [ -65.480293, 7.923539 ], [ -65.479675, 7.924114 ], [ -65.479233, 7.924591 ], [ -65.478256, 7.925478 ], [ -65.477608, 7.925987 ], [ -65.477005, 7.926400 ], [ -65.476067, 7.927241 ], [ -65.475624, 7.927671 ], [ -65.474907, 7.928228 ], [ -65.474182, 7.928417 ], [ -65.473404, 7.928394 ], [ -65.472557, 7.928473 ], [ -65.471886, 7.928499 ], [ -65.471283, 7.928316 ], [ -65.470741, 7.928016 ], [ -65.470901, 7.927367 ], [ -65.471481, 7.926885 ], [ -65.472160, 7.926651 ], [ -65.472725, 7.926400 ], [ -65.473236, 7.925898 ], [ -65.473656, 7.925444 ], [ -65.474091, 7.924830 ], [ -65.474434, 7.924128 ], [ -65.474380, 7.923487 ], [ -65.473793, 7.923120 ], [ -65.473213, 7.922959 ], [ -65.472565, 7.922893 ], [ -65.472000, 7.922708 ], [ -65.471123, 7.922489 ], [ -65.470215, 7.922318 ], [ -65.469292, 7.922218 ], [ -65.468681, 7.922222 ], [ -65.468064, 7.922318 ], [ -65.467468, 7.922434 ], [ -65.465981, 7.922653 ], [ -65.465317, 7.922637 ], [ -65.464401, 7.922592 ], [ -65.463768, 7.922432 ], [ -65.463226, 7.922156 ], [ -65.462730, 7.921784 ], [ -65.462090, 7.921328 ], [ -65.461517, 7.921036 ], [ -65.460968, 7.921058 ], [ -65.460213, 7.921248 ], [ -65.459648, 7.921500 ], [ -65.458900, 7.921782 ], [ -65.458313, 7.922126 ], [ -65.457634, 7.922475 ], [ -65.457069, 7.922611 ], [ -65.456932, 7.922601 ], [ -65.456894, 7.922611 ], [ -65.456062, 7.922551 ], [ -65.455460, 7.922460 ], [ -65.454781, 7.922234 ], [ -65.453491, 7.921756 ], [ -65.452743, 7.921463 ], [ -65.452095, 7.921353 ], [ -65.451630, 7.921354 ], [ -65.451034, 7.921469 ], [ -65.450302, 7.921566 ], [ -65.449455, 7.921547 ], [ -65.447884, 7.921356 ], [ -65.447281, 7.921242 ], [ -65.446694, 7.921115 ], [ -65.446091, 7.921157 ], [ -65.445503, 7.921318 ], [ -65.444702, 7.921465 ], [ -65.444039, 7.921606 ], [ -65.443420, 7.921721 ], [ -65.442734, 7.921749 ], [ -65.442703, 7.921742 ], [ -65.442558, 7.921748 ], [ -65.441902, 7.921589 ], [ -65.441246, 7.921317 ], [ -65.440636, 7.921016 ], [ -65.440071, 7.921005 ], [ -65.439468, 7.921302 ], [ -65.438675, 7.921586 ], [ -65.437920, 7.921731 ], [ -65.437782, 7.921721 ], [ -65.437744, 7.921730 ], [ -65.436424, 7.921642 ], [ -65.435730, 7.921624 ], [ -65.435059, 7.921443 ], [ -65.434433, 7.921261 ], [ -65.433800, 7.921034 ], [ -65.433121, 7.920830 ], [ -65.432533, 7.920779 ], [ -65.431923, 7.920907 ], [ -65.431191, 7.921120 ], [ -65.430618, 7.921257 ], [ -65.430023, 7.921349 ], [ -65.429176, 7.921382 ], [ -65.429001, 7.921382 ], [ -65.428330, 7.921336 ], [ -65.427834, 7.921320 ], [ -65.427147, 7.921348 ], [ -65.427078, 7.921342 ], [ -65.426971, 7.921346 ], [ -65.426208, 7.921285 ], [ -65.425514, 7.921173 ], [ -65.424729, 7.921113 ], [ -65.424080, 7.921091 ], [ -65.423363, 7.920958 ], [ -65.422638, 7.920620 ], [ -65.422020, 7.920231 ], [ -65.421501, 7.919952 ], [ -65.420326, 7.919218 ], [ -65.419823, 7.918870 ], [ -65.419098, 7.918508 ], [ -65.418350, 7.918285 ], [ -65.417465, 7.918066 ], [ -65.416657, 7.917845 ], [ -65.416138, 7.917567 ], [ -65.415649, 7.917012 ], [ -65.415199, 7.916640 ], [ -65.414528, 7.916459 ], [ -65.413666, 7.916287 ], [ -65.412972, 7.916107 ], [ -65.412270, 7.915904 ], [ -65.411713, 7.915720 ], [ -65.411125, 7.915513 ], [ -65.410004, 7.915051 ], [ -65.410278, 7.914421 ], [ -65.410912, 7.914235 ], [ -65.411499, 7.913959 ], [ -65.411827, 7.913442 ], [ -65.411819, 7.912729 ], [ -65.411339, 7.912174 ], [ -65.410652, 7.911696 ], [ -65.410088, 7.911396 ], [ -65.409630, 7.911001 ], [ -65.409264, 7.910510 ], [ -65.408814, 7.910068 ], [ -65.408226, 7.909861 ], [ -65.407623, 7.909770 ], [ -65.406929, 7.909568 ], [ -65.405693, 7.909317 ], [ -65.404976, 7.909208 ], [ -65.404213, 7.909076 ], [ -65.403397, 7.908856 ], [ -65.402771, 7.908674 ], [ -65.402207, 7.908489 ], [ -65.401398, 7.908292 ], [ -65.400535, 7.908140 ], [ -65.399933, 7.908072 ], [ -65.399307, 7.907913 ], [ -65.397751, 7.907492 ], [ -65.397072, 7.907266 ], [ -65.395729, 7.906606 ], [ -65.395210, 7.906304 ], [ -65.394417, 7.905901 ], [ -65.393753, 7.905513 ], [ -65.392456, 7.904644 ], [ -65.391861, 7.904231 ], [ -65.390808, 7.903262 ], [ -65.390312, 7.902845 ], [ -65.389038, 7.901676 ], [ -65.388657, 7.901233 ], [ -65.388176, 7.900769 ], [ -65.387741, 7.900211 ], [ -65.387161, 7.899546 ], [ -65.386650, 7.898922 ], [ -65.386292, 7.898454 ], [ -65.385925, 7.897918 ], [ -65.385506, 7.897337 ], [ -65.385139, 7.896846 ], [ -65.384751, 7.896287 ], [ -65.383919, 7.895010 ], [ -65.383453, 7.894385 ], [ -65.382927, 7.893786 ], [ -65.382278, 7.893099 ], [ -65.381676, 7.892435 ], [ -65.380715, 7.891416 ], [ -65.379654, 7.890331 ], [ -65.379013, 7.889805 ], [ -65.377945, 7.888975 ], [ -65.377441, 7.888557 ], [ -65.376915, 7.888050 ], [ -65.376434, 7.887517 ], [ -65.374947, 7.886013 ], [ -65.374489, 7.885595 ], [ -65.373436, 7.884465 ], [ -65.372742, 7.883917 ], [ -65.372246, 7.883570 ], [ -65.371635, 7.883326 ], [ -65.371170, 7.883344 ], [ -65.370399, 7.883581 ], [ -65.369667, 7.883792 ], [ -65.369057, 7.883954 ], [ -65.368332, 7.884234 ], [ -65.367721, 7.884512 ], [ -65.366898, 7.884681 ], [ -65.366188, 7.884802 ], [ -65.364693, 7.884860 ], [ -65.363869, 7.884961 ], [ -65.362976, 7.885042 ], [ -65.362083, 7.885214 ], [ -65.361374, 7.885334 ], [ -65.360664, 7.885590 ], [ -65.359375, 7.886146 ], [ -65.358696, 7.886355 ], [ -65.357986, 7.886453 ], [ -65.357185, 7.886507 ], [ -65.356445, 7.886537 ], [ -65.354752, 7.886503 ], [ -65.353470, 7.886449 ], [ -65.352738, 7.886542 ], [ -65.352119, 7.886681 ], [ -65.351524, 7.886774 ], [ -65.350815, 7.886847 ], [ -65.350059, 7.886991 ], [ -65.347923, 7.887144 ], [ -65.346924, 7.887152 ], [ -65.345787, 7.887117 ], [ -65.345116, 7.887113 ], [ -65.344063, 7.887179 ], [ -65.343208, 7.887258 ], [ -65.341026, 7.887343 ], [ -65.340851, 7.887343 ], [ -65.340111, 7.887302 ], [ -65.339302, 7.887196 ], [ -65.338539, 7.887065 ], [ -65.337700, 7.886868 ], [ -65.336403, 7.886642 ], [ -65.335640, 7.886555 ], [ -65.334946, 7.886540 ], [ -65.334122, 7.886548 ], [ -65.333404, 7.886506 ], [ -65.332687, 7.886443 ], [ -65.331856, 7.886337 ], [ -65.330482, 7.886115 ], [ -65.329788, 7.885981 ], [ -65.329017, 7.885712 ], [ -65.327667, 7.885214 ], [ -65.326820, 7.884879 ], [ -65.326164, 7.884584 ], [ -65.324425, 7.883687 ], [ -65.323677, 7.883326 ], [ -65.323158, 7.883001 ], [ -65.322632, 7.882563 ], [ -65.322105, 7.882100 ], [ -65.321671, 7.881635 ], [ -65.321289, 7.881168 ], [ -65.319977, 7.879473 ], [ -65.319260, 7.878331 ], [ -65.318939, 7.877723 ], [ -65.318222, 7.876419 ], [ -65.317940, 7.875809 ], [ -65.317566, 7.875043 ], [ -65.316986, 7.873826 ], [ -65.316521, 7.872534 ], [ -65.316338, 7.871899 ], [ -65.316154, 7.871333 ], [ -65.315918, 7.870676 ], [ -65.315735, 7.870062 ], [ -65.315498, 7.869406 ], [ -65.315315, 7.868806 ], [ -65.315491, 7.868815 ], [ -65.316132, 7.868811 ], [ -65.316414, 7.868822 ], [ -65.317245, 7.868879 ], [ -65.317451, 7.868900 ], [ -65.319191, 7.868955 ], [ -65.320572, 7.868901 ], [ -65.321297, 7.868909 ], [ -65.322075, 7.868904 ], [ -65.324211, 7.868828 ], [ -65.325172, 7.868722 ], [ -65.326157, 7.868661 ], [ -65.327049, 7.868557 ], [ -65.330559, 7.868214 ], [ -65.331848, 7.868049 ], [ -65.333015, 7.867911 ], [ -65.334312, 7.867881 ], [ -65.336121, 7.867790 ], [ -65.338417, 7.867632 ], [ -65.340317, 7.867513 ], [ -65.341332, 7.867427 ], [ -65.342293, 7.867298 ], [ -65.343117, 7.867174 ], [ -65.344375, 7.866964 ], [ -65.345696, 7.866682 ], [ -65.347252, 7.866438 ], [ -65.350205, 7.865911 ], [ -65.351532, 7.865652 ], [ -65.353218, 7.865379 ], [ -65.355026, 7.865011 ], [ -65.355942, 7.864814 ], [ -65.356758, 7.864575 ], [ -65.357651, 7.864402 ], [ -65.358467, 7.864188 ], [ -65.359291, 7.864040 ], [ -65.360253, 7.863820 ], [ -65.361878, 7.863503 ], [ -65.362877, 7.863326 ], [ -65.364762, 7.863161 ], [ -65.366096, 7.862894 ], [ -65.367111, 7.862679 ], [ -65.370033, 7.861899 ], [ -65.371376, 7.861502 ], [ -65.373741, 7.860744 ], [ -65.374534, 7.860528 ], [ -65.375420, 7.860265 ], [ -65.376244, 7.860004 ], [ -65.378013, 7.859383 ], [ -65.379608, 7.858931 ], [ -65.380447, 7.858736 ], [ -65.381340, 7.858564 ], [ -65.384247, 7.858130 ], [ -65.385185, 7.857932 ], [ -65.386963, 7.857519 ], [ -65.389816, 7.856833 ], [ -65.392799, 7.856050 ], [ -65.395424, 7.855466 ], [ -65.396408, 7.855334 ], [ -65.397400, 7.855247 ], [ -65.398117, 7.855240 ], [ -65.399811, 7.855241 ], [ -65.400818, 7.855317 ], [ -65.401856, 7.855368 ], [ -65.403610, 7.855484 ], [ -65.404396, 7.855566 ], [ -65.405380, 7.855555 ], [ -65.406456, 7.855519 ], [ -65.408089, 7.855520 ], [ -65.410347, 7.855549 ], [ -65.411316, 7.855508 ], [ -65.412163, 7.855501 ], [ -65.413681, 7.855395 ], [ -65.414551, 7.855292 ], [ -65.415428, 7.855258 ], [ -65.417702, 7.855075 ], [ -65.418213, 7.855072 ], [ -65.419174, 7.855043 ], [ -65.420044, 7.854982 ], [ -65.420670, 7.854977 ], [ -65.421723, 7.854943 ], [ -65.422684, 7.854859 ], [ -65.423950, 7.854764 ], [ -65.425583, 7.854677 ], [ -65.428131, 7.854508 ], [ -65.430237, 7.854471 ], [ -65.430763, 7.854490 ], [ -65.431404, 7.854486 ], [ -65.432007, 7.854533 ], [ -65.433792, 7.854600 ], [ -65.434532, 7.854644 ], [ -65.435364, 7.854707 ], [ -65.436043, 7.854777 ], [ -65.437988, 7.855057 ], [ -65.438797, 7.855139 ], [ -65.439369, 7.855177 ], [ -65.440269, 7.855264 ], [ -65.440674, 7.855320 ], [ -65.441483, 7.855471 ], [ -65.442230, 7.855580 ], [ -65.442986, 7.855641 ], [ -65.443870, 7.855745 ], [ -65.444748, 7.855803 ], [ -65.445602, 7.855885 ], [ -65.447433, 7.856130 ], [ -65.448174, 7.856288 ], [ -65.449013, 7.856486 ], [ -65.449684, 7.856619 ], [ -65.450592, 7.856814 ], [ -65.451210, 7.856905 ], [ -65.451935, 7.857059 ], [ -65.452652, 7.857170 ], [ -65.453957, 7.857509 ], [ -65.454651, 7.857666 ], [ -65.456230, 7.858040 ], [ -65.456909, 7.858174 ], [ -65.458214, 7.858560 ], [ -65.458885, 7.858716 ], [ -65.459633, 7.858941 ], [ -65.460350, 7.859096 ], [ -65.461098, 7.859319 ], [ -65.461868, 7.859519 ], [ -65.462639, 7.859810 ], [ -65.463264, 7.859946 ], [ -65.463898, 7.860220 ], [ -65.465393, 7.860759 ], [ -65.466186, 7.861095 ], [ -65.467689, 7.861771 ], [ -65.469078, 7.862474 ], [ -65.469986, 7.862874 ], [ -65.470901, 7.863207 ], [ -65.471817, 7.863699 ], [ -65.472733, 7.864168 ], [ -65.473564, 7.864710 ], [ -65.474312, 7.865093 ], [ -65.475113, 7.865545 ], [ -65.475868, 7.865928 ], [ -65.476486, 7.866342 ], [ -65.477097, 7.866708 ], [ -65.477783, 7.867162 ], [ -65.478424, 7.867597 ], [ -65.479225, 7.868186 ], [ -65.480621, 7.869118 ], [ -65.481308, 7.869550 ], [ -65.482086, 7.869910 ], [ -65.482887, 7.870384 ], [ -65.483566, 7.870725 ], [ -65.484299, 7.871202 ], [ -65.485130, 7.871720 ], [ -65.485809, 7.872199 ], [ -65.486580, 7.872905 ], [ -65.487366, 7.873608 ], [ -65.488823, 7.874950 ], [ -65.489327, 7.875391 ], [ -65.489853, 7.875898 ], [ -65.490349, 7.876270 ], [ -65.491112, 7.876813 ], [ -65.491936, 7.877308 ], [ -65.492645, 7.877764 ], [ -65.493355, 7.878286 ], [ -65.493973, 7.878700 ], [ -65.494736, 7.879289 ], [ -65.495445, 7.879813 ], [ -65.496254, 7.880401 ], [ -65.496773, 7.880748 ], [ -65.497536, 7.881316 ], [ -65.498154, 7.881820 ], [ -65.498764, 7.882277 ], [ -65.499321, 7.882784 ], [ -65.499794, 7.883202 ], [ -65.501274, 7.884188 ], [ -65.503212, 7.885520 ], [ -65.503777, 7.885890 ], [ -65.504440, 7.886373 ], [ -65.505486, 7.887186 ], [ -65.506126, 7.887668 ], [ -65.507126, 7.888484 ], [ -65.507599, 7.888926 ], [ -65.508125, 7.889367 ], [ -65.508743, 7.889919 ], [ -65.509384, 7.890471 ], [ -65.510452, 7.891307 ], [ -65.511474, 7.892166 ], [ -65.511978, 7.892676 ], [ -65.512451, 7.893073 ], [ -65.513023, 7.893604 ], [ -65.513527, 7.893976 ], [ -65.514168, 7.894505 ], [ -65.514664, 7.894878 ], [ -65.515656, 7.895578 ], [ -65.517364, 7.896805 ], [ -65.518089, 7.897239 ], [ -65.518638, 7.897610 ], [ -65.519348, 7.898113 ], [ -65.520820, 7.899416 ], [ -65.521393, 7.899947 ], [ -65.521828, 7.900369 ], [ -65.522323, 7.900833 ], [ -65.522804, 7.901253 ], [ -65.523849, 7.902134 ], [ -65.524422, 7.902597 ], [ -65.525543, 7.903683 ], [ -65.526131, 7.904144 ], [ -65.527176, 7.904934 ], [ -65.528267, 7.905724 ], [ -65.528717, 7.906097 ], [ -65.529236, 7.906493 ], [ -65.530418, 7.907186 ], [ -65.530937, 7.907580 ], [ -65.531387, 7.907978 ], [ -65.531845, 7.908422 ], [ -65.532303, 7.908934 ], [ -65.532715, 7.909539 ], [ -65.533569, 7.910727 ], [ -65.534820, 7.912244 ], [ -65.535202, 7.912689 ], [ -65.535706, 7.913154 ], [ -65.536301, 7.913685 ], [ -65.536995, 7.914327 ], [ -65.537689, 7.914991 ], [ -65.538689, 7.915920 ], [ -65.539124, 7.916480 ], [ -65.540260, 7.917381 ], [ -65.540810, 7.917752 ], [ -65.541351, 7.918147 ], [ -65.541901, 7.918587 ], [ -65.542564, 7.919069 ], [ -65.543182, 7.919575 ], [ -65.543701, 7.920016 ], [ -65.544250, 7.920502 ], [ -65.544769, 7.920897 ], [ -65.545433, 7.921288 ], [ -65.546066, 7.921564 ], [ -65.546768, 7.921883 ], [ -65.547630, 7.922221 ], [ -65.549172, 7.922741 ], [ -65.549896, 7.922945 ], [ -65.550476, 7.923062 ], [ -65.551148, 7.923176 ], [ -65.551956, 7.923262 ], [ -65.552536, 7.923334 ], [ -65.553207, 7.923448 ], [ -65.553879, 7.923512 ], [ -65.555961, 7.923856 ], [ -65.556679, 7.923945 ], [ -65.557999, 7.924055 ], [ -65.559342, 7.924265 ], [ -65.561310, 7.924495 ], [ -65.561928, 7.924473 ], [ -65.562279, 7.924409 ], [ -65.562721, 7.924360 ], [ -65.563980, 7.924040 ], [ -65.564865, 7.923755 ], [ -65.566956, 7.923061 ], [ -65.567177, 7.922974 ], [ -65.567268, 7.922953 ], [ -65.571472, 7.921243 ], [ -65.572357, 7.920918 ], [ -65.573792, 7.920363 ], [ -65.574676, 7.919987 ], [ -65.576035, 7.919457 ], [ -65.576836, 7.919199 ], [ -65.577789, 7.918913 ], [ -65.579636, 7.918319 ], [ -65.581505, 7.917816 ], [ -65.582321, 7.917604 ], [ -65.584396, 7.917026 ], [ -65.585769, 7.916679 ], [ -65.587349, 7.916439 ], [ -65.590851, 7.915833 ], [ -65.592293, 7.915598 ], [ -65.593781, 7.915362 ], [ -65.594605, 7.915264 ], [ -65.595848, 7.915220 ], [ -65.597229, 7.915148 ], [ -65.598633, 7.915122 ], [ -65.599937, 7.915007 ], [ -65.601158, 7.914940 ], [ -65.602577, 7.914753 ], [ -65.604050, 7.914540 ], [ -65.606400, 7.913997 ], [ -65.607948, 7.913575 ], [ -65.609344, 7.913273 ], [ -65.610741, 7.913084 ], [ -65.612053, 7.913108 ], [ -65.613312, 7.912903 ], [ -65.614510, 7.912861 ], [ -65.617127, 7.912922 ], [ -65.617699, 7.912976 ], [ -65.618469, 7.913105 ], [ -65.620743, 7.913094 ], [ -65.622559, 7.913058 ], [ -65.623886, 7.912965 ], [ -65.625153, 7.912920 ], [ -65.625999, 7.912821 ], [ -65.626892, 7.912652 ], [ -65.628319, 7.912486 ], [ -65.629646, 7.912279 ], [ -65.631126, 7.911951 ], [ -65.631721, 7.911792 ], [ -65.632408, 7.911607 ], [ -65.633705, 7.911216 ], [ -65.634758, 7.910926 ], [ -65.635643, 7.910619 ], [ -65.636551, 7.910289 ], [ -65.638710, 7.909432 ], [ -65.641128, 7.908335 ], [ -65.642105, 7.907909 ], [ -65.643143, 7.907436 ], [ -65.644096, 7.907035 ], [ -65.645187, 7.906606 ], [ -65.647392, 7.905770 ], [ -65.648300, 7.905440 ], [ -65.649506, 7.904983 ], [ -65.650917, 7.904612 ], [ -65.652557, 7.904094 ], [ -65.653420, 7.903788 ], [ -65.654236, 7.903484 ], [ -65.655121, 7.903131 ], [ -65.657433, 7.902084 ], [ -65.658684, 7.901603 ], [ -65.659477, 7.901277 ], [ -65.660431, 7.900944 ], [ -65.662155, 7.900309 ], [ -65.663292, 7.899832 ], [ -65.664612, 7.899326 ], [ -65.666847, 7.898281 ], [ -65.667824, 7.897810 ], [ -65.668632, 7.897368 ], [ -65.669357, 7.896929 ], [ -65.670075, 7.896467 ], [ -65.671265, 7.895620 ], [ -65.672333, 7.894664 ], [ -65.672958, 7.894044 ], [ -65.674110, 7.892925 ], [ -65.674972, 7.891975 ], [ -65.675476, 7.891291 ], [ -65.675934, 7.890609 ], [ -65.676651, 7.889435 ], [ -65.677460, 7.888303 ], [ -65.678368, 7.887376 ], [ -65.679840, 7.886013 ], [ -65.681496, 7.884646 ], [ -65.682365, 7.884018 ], [ -65.685730, 7.881510 ], [ -65.688210, 7.879561 ], [ -65.689262, 7.878696 ], [ -65.690743, 7.877587 ], [ -65.692703, 7.875911 ], [ -65.694008, 7.874991 ], [ -65.695572, 7.873719 ], [ -65.698570, 7.870924 ], [ -65.699928, 7.869589 ], [ -65.701973, 7.867610 ], [ -65.703850, 7.866005 ], [ -65.704872, 7.865142 ], [ -65.706925, 7.863300 ], [ -65.707565, 7.862657 ], [ -65.708809, 7.861441 ], [ -65.709740, 7.860489 ], [ -65.710648, 7.859514 ], [ -65.711334, 7.858801 ], [ -65.713616, 7.856354 ], [ -65.715202, 7.854392 ], [ -65.716652, 7.852640 ], [ -65.717751, 7.851683 ], [ -65.718864, 7.850655 ], [ -65.720016, 7.849557 ], [ -65.720665, 7.848960 ], [ -65.721664, 7.847960 ], [ -65.722687, 7.847004 ], [ -65.724823, 7.844975 ], [ -65.725464, 7.844357 ], [ -65.726150, 7.843666 ], [ -65.727127, 7.842574 ], [ -65.727897, 7.841674 ], [ -65.728760, 7.840793 ], [ -65.729820, 7.839538 ], [ -65.731346, 7.837899 ], [ -65.732277, 7.836946 ], [ -65.733543, 7.835616 ], [ -65.734253, 7.834856 ], [ -65.735329, 7.833668 ], [ -65.736000, 7.833047 ], [ -65.736755, 7.832308 ], [ -65.737442, 7.831617 ], [ -65.738518, 7.830707 ], [ -65.740486, 7.828592 ], [ -65.741638, 7.827448 ], [ -65.742302, 7.826759 ], [ -65.743233, 7.825669 ], [ -65.745621, 7.822551 ], [ -65.746216, 7.821795 ], [ -65.746857, 7.821037 ], [ -65.747498, 7.820371 ], [ -65.748115, 7.819752 ], [ -65.748856, 7.819106 ], [ -65.750031, 7.817961 ], [ -65.750717, 7.817270 ], [ -65.751450, 7.816510 ], [ -65.752220, 7.815609 ], [ -65.753830, 7.813520 ], [ -65.754120, 7.812694 ], [ -65.754562, 7.811751 ], [ -65.755089, 7.810352 ], [ -65.755669, 7.809732 ], [ -65.756546, 7.808815 ], [ -65.757561, 7.807600 ], [ -65.758225, 7.806659 ], [ -65.759148, 7.805719 ], [ -65.759956, 7.804779 ], [ -65.760536, 7.803907 ], [ -65.761131, 7.803196 ], [ -65.762215, 7.802279 ], [ -65.762978, 7.801615 ], [ -65.763764, 7.800881 ], [ -65.764450, 7.800193 ], [ -65.765053, 7.799483 ], [ -65.765625, 7.798771 ], [ -65.766991, 7.797281 ], [ -65.767937, 7.796204 ], [ -65.768440, 7.795538 ], [ -65.769501, 7.794322 ], [ -65.770981, 7.792603 ], [ -65.771507, 7.791961 ], [ -65.772293, 7.790975 ], [ -65.772842, 7.790150 ], [ -65.773331, 7.789461 ], [ -65.774345, 7.788177 ], [ -65.775291, 7.787099 ], [ -65.775887, 7.786067 ], [ -65.776420, 7.784827 ], [ -65.777390, 7.783613 ], [ -65.778473, 7.782305 ], [ -65.779785, 7.780425 ], [ -65.780777, 7.778796 ], [ -65.781380, 7.778176 ], [ -65.783615, 7.776159 ], [ -65.784561, 7.775195 ], [ -65.785134, 7.774576 ], [ -65.786148, 7.773521 ], [ -65.787232, 7.772053 ], [ -65.788200, 7.771067 ], [ -65.789513, 7.769967 ], [ -65.790047, 7.769279 ], [ -65.791084, 7.768363 ], [ -65.792328, 7.767307 ], [ -65.793045, 7.766780 ], [ -65.794311, 7.765656 ], [ -65.794953, 7.765015 ], [ -65.795761, 7.764028 ], [ -65.796295, 7.763363 ], [ -65.797218, 7.762446 ], [ -65.798233, 7.761345 ], [ -65.799820, 7.759373 ], [ -65.800812, 7.758341 ], [ -65.801941, 7.757309 ], [ -65.802590, 7.756690 ], [ -65.803627, 7.755750 ], [ -65.804405, 7.754948 ], [ -65.805702, 7.753685 ], [ -65.806503, 7.752654 ], [ -65.807037, 7.751828 ], [ -65.807869, 7.750750 ], [ -65.808373, 7.749970 ], [ -65.809112, 7.749098 ], [ -65.810448, 7.747309 ], [ -65.811325, 7.746162 ], [ -65.812248, 7.744877 ], [ -65.813515, 7.743249 ], [ -65.814209, 7.742331 ], [ -65.814987, 7.741138 ], [ -65.815613, 7.739945 ], [ -65.816116, 7.739096 ], [ -65.816971, 7.738041 ], [ -65.817734, 7.736986 ], [ -65.818497, 7.735839 ], [ -65.818886, 7.735105 ], [ -65.819344, 7.734279 ], [ -65.820152, 7.733109 ], [ -65.821053, 7.731939 ], [ -65.821884, 7.730724 ], [ -65.823563, 7.728498 ], [ -65.824928, 7.726962 ], [ -65.825966, 7.725930 ], [ -65.826744, 7.725172 ], [ -65.827553, 7.724324 ], [ -65.828201, 7.723727 ], [ -65.830551, 7.721022 ], [ -65.831428, 7.720104 ], [ -65.832229, 7.719347 ], [ -65.833015, 7.718315 ], [ -65.833550, 7.717649 ], [ -65.835342, 7.715493 ], [ -65.835899, 7.714850 ], [ -65.836678, 7.713979 ], [ -65.837715, 7.713177 ], [ -65.839699, 7.711916 ], [ -65.840919, 7.710954 ], [ -65.842140, 7.709875 ], [ -65.843109, 7.708890 ], [ -65.844513, 7.708500 ], [ -65.845459, 7.708156 ], [ -65.846382, 7.707766 ], [ -65.847580, 7.707103 ], [ -65.850021, 7.705635 ], [ -65.851479, 7.704787 ], [ -65.852699, 7.704146 ], [ -65.855232, 7.702977 ], [ -65.856590, 7.702221 ], [ -65.857857, 7.701441 ], [ -65.858986, 7.700662 ], [ -65.860161, 7.699813 ], [ -65.861336, 7.699080 ], [ -65.862511, 7.698553 ], [ -65.863411, 7.698186 ], [ -65.864731, 7.697866 ], [ -65.865997, 7.697339 ], [ -65.867104, 7.696857 ], [ -65.868301, 7.696514 ], [ -65.869522, 7.696125 ], [ -65.870720, 7.695805 ], [ -65.871941, 7.695530 ], [ -65.873299, 7.695188 ], [ -65.874680, 7.694982 ], [ -65.876137, 7.694799 ], [ -65.877518, 7.694571 ], [ -65.878395, 7.694387 ], [ -65.879265, 7.694181 ], [ -65.880165, 7.693998 ], [ -65.882446, 7.693771 ], [ -65.883644, 7.693589 ], [ -65.885002, 7.693452 ], [ -65.885834, 7.693292 ], [ -65.886757, 7.693223 ], [ -65.887703, 7.693128 ], [ -65.888603, 7.693110 ], [ -65.889481, 7.692973 ], [ -65.890930, 7.692699 ], [ -65.891754, 7.692585 ], [ -65.893005, 7.692425 ], [ -65.894272, 7.692289 ], [ -65.896698, 7.692060 ], [ -65.897087, 7.692038 ], [ -65.897888, 7.691944 ], [ -65.898559, 7.691878 ], [ -65.900078, 7.691605 ], [ -65.901794, 7.691564 ], [ -65.904686, 7.691562 ], [ -65.905518, 7.691512 ], [ -65.906143, 7.691494 ], [ -65.907127, 7.691420 ], [ -65.908356, 7.691406 ], [ -65.909187, 7.691405 ], [ -65.909928, 7.691382 ], [ -65.910721, 7.691332 ], [ -65.912605, 7.691317 ], [ -65.913155, 7.691339 ], [ -65.914039, 7.691389 ], [ -65.914719, 7.691403 ], [ -65.915825, 7.691502 ], [ -65.917214, 7.691553 ], [ -65.919487, 7.691664 ], [ -65.921905, 7.691666 ], [ -65.922462, 7.691712 ], [ -65.923126, 7.691735 ], [ -65.924332, 7.691829 ], [ -65.925018, 7.691898 ], [ -65.925735, 7.691921 ], [ -65.926285, 7.691991 ], [ -65.928604, 7.691997 ], [ -65.929840, 7.692034 ], [ -65.930733, 7.692086 ], [ -65.932625, 7.692226 ], [ -65.935196, 7.692299 ], [ -65.935524, 7.692319 ], [ -65.935707, 7.692314 ], [ -65.938537, 7.692320 ], [ -65.939468, 7.692341 ], [ -65.940025, 7.692414 ], [ -65.941590, 7.692599 ], [ -65.942993, 7.692738 ], [ -65.944397, 7.692739 ], [ -65.946731, 7.692677 ], [ -65.947784, 7.692671 ], [ -65.950501, 7.692604 ], [ -65.951927, 7.692606 ], [ -65.952965, 7.692537 ], [ -65.953369, 7.692492 ], [ -65.954368, 7.692354 ], [ -65.955894, 7.692103 ], [ -65.956719, 7.691989 ], [ -65.958961, 7.691852 ], [ -65.960526, 7.691779 ], [ -65.961136, 7.691762 ], [ -65.961532, 7.691718 ], [ -65.961929, 7.691694 ], [ -65.963821, 7.691695 ], [ -65.965897, 7.691650 ], [ -65.967209, 7.691536 ], [ -65.968452, 7.691284 ], [ -65.969559, 7.691033 ], [ -65.971169, 7.690619 ], [ -65.972389, 7.690391 ], [ -65.973640, 7.690329 ], [ -65.974579, 7.690383 ], [ -65.974915, 7.690416 ], [ -65.975860, 7.690416 ], [ -65.976639, 7.690393 ], [ -65.977402, 7.690326 ], [ -65.977898, 7.690224 ], [ -65.978157, 7.690197 ], [ -65.982437, 7.690622 ], [ -65.982521, 7.690613 ], [ -65.982613, 7.690622 ], [ -65.984192, 7.690438 ], [ -65.988541, 7.689878 ], [ -65.994850, 7.689528 ], [ -65.996239, 7.689056 ], [ -65.999298, 7.688574 ], [ -66.000176, 7.688578 ], [ -66.001015, 7.688516 ], [ -66.001869, 7.688209 ], [ -66.002174, 7.688280 ], [ -66.002548, 7.688350 ], [ -66.002914, 7.688399 ], [ -66.003792, 7.688498 ], [ -66.004272, 7.688521 ], [ -66.004593, 7.688572 ], [ -66.005104, 7.688620 ], [ -66.005424, 7.688692 ], [ -66.007149, 7.688957 ], [ -66.007492, 7.688983 ], [ -66.007866, 7.689054 ], [ -66.008346, 7.689103 ], [ -66.008736, 7.689152 ], [ -66.009155, 7.689223 ], [ -66.009888, 7.689389 ], [ -66.010834, 7.689533 ], [ -66.012260, 7.689773 ], [ -66.012855, 7.689846 ], [ -66.013298, 7.689918 ], [ -66.013985, 7.690015 ], [ -66.015251, 7.690162 ], [ -66.016311, 7.690307 ], [ -66.016769, 7.690356 ], [ -66.017326, 7.690451 ], [ -66.017761, 7.690500 ], [ -66.018288, 7.690596 ], [ -66.018891, 7.690691 ], [ -66.019348, 7.690787 ], [ -66.019974, 7.690859 ], [ -66.021103, 7.691028 ], [ -66.022667, 7.691291 ], [ -66.023171, 7.691364 ], [ -66.023796, 7.691484 ], [ -66.024780, 7.691628 ], [ -66.025841, 7.691796 ], [ -66.027084, 7.692035 ], [ -66.027519, 7.692106 ], [ -66.028328, 7.692203 ], [ -66.029274, 7.692301 ], [ -66.029709, 7.692374 ], [ -66.030449, 7.692422 ], [ -66.031525, 7.692570 ], [ -66.032471, 7.692668 ], [ -66.032928, 7.692740 ], [ -66.033348, 7.692835 ], [ -66.034080, 7.692955 ], [ -66.034752, 7.693166 ], [ -66.035133, 7.693184 ], [ -66.035431, 7.693209 ], [ -66.035645, 7.693241 ], [ -66.035988, 7.693257 ], [ -66.036369, 7.693295 ], [ -66.036636, 7.693339 ], [ -66.037026, 7.693364 ], [ -66.037491, 7.693438 ], [ -66.037903, 7.693459 ], [ -66.038315, 7.693511 ], [ -66.038711, 7.693584 ], [ -66.039306, 7.693634 ], [ -66.040321, 7.693710 ], [ -66.041679, 7.693783 ], [ -66.042152, 7.693822 ], [ -66.042465, 7.693862 ], [ -66.042923, 7.693887 ], [ -66.043915, 7.694010 ], [ -66.044701, 7.694062 ], [ -66.045136, 7.694110 ], [ -66.045662, 7.694137 ], [ -66.045875, 7.694139 ], [ -66.046501, 7.694177 ], [ -66.046837, 7.694213 ], [ -66.047325, 7.694240 ], [ -66.047760, 7.694290 ], [ -66.048729, 7.694342 ], [ -66.049988, 7.694349 ], [ -66.052521, 7.694229 ], [ -66.053772, 7.694146 ], [ -66.054146, 7.694108 ], [ -66.055161, 7.694025 ], [ -66.056786, 7.693914 ], [ -66.057640, 7.693875 ], [ -66.059189, 7.693811 ], [ -66.060364, 7.693801 ], [ -66.061455, 7.693763 ], [ -66.062340, 7.693769 ], [ -66.064392, 7.693668 ], [ -66.065575, 7.693538 ], [ -66.066681, 7.693431 ], [ -66.067604, 7.693300 ], [ -66.069397, 7.692991 ], [ -66.070442, 7.692768 ], [ -66.071220, 7.692522 ], [ -66.072220, 7.692344 ], [ -66.073395, 7.692237 ], [ -66.075951, 7.692113 ], [ -66.076538, 7.692100 ], [ -66.078629, 7.691993 ], [ -66.079048, 7.691979 ], [ -66.079269, 7.691957 ], [ -66.080566, 7.691873 ], [ -66.081528, 7.691857 ], [ -66.082474, 7.691795 ], [ -66.083351, 7.691725 ], [ -66.084228, 7.691692 ], [ -66.086235, 7.691641 ], [ -66.089805, 7.691660 ], [ -66.091049, 7.691577 ], [ -66.091995, 7.691539 ], [ -66.093147, 7.691477 ], [ -66.094330, 7.691445 ], [ -66.096931, 7.691342 ], [ -66.097900, 7.691280 ], [ -66.098938, 7.691243 ], [ -66.099808, 7.691241 ], [ -66.101433, 7.691216 ], [ -66.101822, 7.691198 ], [ -66.102486, 7.691150 ], [ -66.103966, 7.690990 ], [ -66.104355, 7.691194 ], [ -66.104958, 7.690940 ], [ -66.107811, 7.690964 ], [ -66.109818, 7.690793 ], [ -66.110832, 7.690686 ], [ -66.112999, 7.690334 ], [ -66.114059, 7.690111 ], [ -66.115120, 7.689866 ], [ -66.116089, 7.689597 ], [ -66.117203, 7.689328 ], [ -66.118172, 7.689105 ], [ -66.119324, 7.688907 ], [ -66.121696, 7.688464 ], [ -66.122994, 7.688265 ], [ -66.124214, 7.688136 ], [ -66.125526, 7.687938 ], [ -66.126846, 7.687786 ], [ -66.128044, 7.687611 ], [ -66.129357, 7.687459 ], [ -66.130257, 7.687304 ], [ -66.131294, 7.687081 ], [ -66.132523, 7.686654 ], [ -66.133560, 7.686362 ], [ -66.134621, 7.686002 ], [ -66.135452, 7.685686 ], [ -66.136589, 7.685235 ], [ -66.137810, 7.684807 ], [ -66.139732, 7.684153 ], [ -66.140724, 7.683701 ], [ -66.141807, 7.683295 ], [ -66.142616, 7.683025 ], [ -66.143661, 7.682618 ], [ -66.144608, 7.682234 ], [ -66.145554, 7.681874 ], [ -66.147240, 7.681150 ], [ -66.148071, 7.680765 ], [ -66.148834, 7.680357 ], [ -66.150574, 7.679451 ], [ -66.152466, 7.678338 ], [ -66.153580, 7.677657 ], [ -66.154503, 7.677067 ], [ -66.155243, 7.676635 ], [ -66.155983, 7.676181 ], [ -66.157951, 7.675114 ], [ -66.160889, 7.673642 ], [ -66.161926, 7.673142 ], [ -66.162926, 7.672576 ], [ -66.163803, 7.672099 ], [ -66.165603, 7.671170 ], [ -66.166443, 7.670763 ], [ -66.167366, 7.670240 ], [ -66.168266, 7.669649 ], [ -66.169052, 7.669017 ], [ -66.169457, 7.668286 ], [ -66.170052, 7.667707 ], [ -66.170601, 7.667052 ], [ -66.171318, 7.666234 ], [ -66.173027, 7.665340 ], [ -66.173859, 7.665134 ], [ -66.175102, 7.664791 ], [ -66.176666, 7.664448 ], [ -66.177895, 7.663945 ], [ -66.178978, 7.663302 ], [ -66.180382, 7.662637 ], [ -66.181396, 7.661995 ], [ -66.182709, 7.660756 ], [ -66.183517, 7.660160 ], [ -66.184692, 7.659541 ], [ -66.185943, 7.658555 ], [ -66.186890, 7.657637 ], [ -66.188088, 7.656536 ], [ -66.189033, 7.655434 ], [ -66.190071, 7.654333 ], [ -66.191086, 7.653231 ], [ -66.191963, 7.652359 ], [ -66.193390, 7.651236 ], [ -66.194359, 7.650547 ], [ -66.196091, 7.649125 ], [ -66.197037, 7.648368 ], [ -66.198051, 7.647428 ], [ -66.198906, 7.646487 ], [ -66.199692, 7.645890 ], [ -66.201073, 7.645065 ], [ -66.202293, 7.644353 ], [ -66.203033, 7.643620 ], [ -66.204048, 7.642380 ], [ -66.204605, 7.641646 ], [ -66.205254, 7.640681 ], [ -66.206840, 7.639488 ], [ -66.208389, 7.638112 ], [ -66.209793, 7.637287 ], [ -66.211822, 7.636301 ], [ -66.213165, 7.635521 ], [ -66.215744, 7.634283 ], [ -66.216667, 7.633985 ], [ -66.218300, 7.633504 ], [ -66.219246, 7.633252 ], [ -66.221161, 7.632679 ], [ -66.222496, 7.632221 ], [ -66.224716, 7.631419 ], [ -66.226555, 7.630916 ], [ -66.228516, 7.630412 ], [ -66.229805, 7.630161 ], [ -66.231400, 7.630002 ], [ -66.232368, 7.629864 ], [ -66.233749, 7.629635 ], [ -66.235870, 7.629384 ], [ -66.237945, 7.629276 ], [ -66.240700, 7.629434 ], [ -66.242775, 7.629478 ], [ -66.244339, 7.629597 ], [ -66.245102, 7.629645 ], [ -66.245910, 7.630082 ], [ -66.246414, 7.630288 ], [ -66.247314, 7.630542 ], [ -66.248947, 7.630566 ], [ -66.250702, 7.630980 ], [ -66.254852, 7.632316 ], [ -66.255958, 7.632616 ], [ -66.257133, 7.633099 ], [ -66.258537, 7.633789 ], [ -66.260010, 7.634479 ], [ -66.261391, 7.635009 ], [ -66.261833, 7.635170 ], [ -66.262894, 7.635606 ], [ -66.263817, 7.636251 ], [ -66.264740, 7.636917 ], [ -66.266533, 7.638272 ], [ -66.267914, 7.639148 ], [ -66.269089, 7.639653 ], [ -66.270470, 7.640504 ], [ -66.272430, 7.641632 ], [ -66.273834, 7.642988 ], [ -66.275078, 7.644389 ], [ -66.276649, 7.646688 ], [ -66.277062, 7.648892 ], [ -66.278511, 7.650547 ], [ -66.280998, 7.651881 ], [ -66.282845, 7.652801 ], [ -66.284340, 7.653378 ], [ -66.287064, 7.654275 ], [ -66.288399, 7.654438 ], [ -66.290016, 7.654689 ], [ -66.291397, 7.655014 ], [ -66.292755, 7.655427 ], [ -66.296906, 7.656280 ], [ -66.299233, 7.656489 ], [ -66.299324, 7.656481 ], [ -66.299408, 7.656488 ], [ -66.301231, 7.656328 ], [ -66.302757, 7.656261 ], [ -66.305061, 7.656055 ], [ -66.307114, 7.655758 ], [ -66.308487, 7.655599 ], [ -66.310867, 7.655601 ], [ -66.312737, 7.655349 ], [ -66.314491, 7.654845 ], [ -66.316475, 7.654248 ], [ -66.318298, 7.653653 ], [ -66.319191, 7.653447 ], [ -66.322327, 7.652576 ], [ -66.324242, 7.651911 ], [ -66.326622, 7.651131 ], [ -66.327370, 7.650821 ], [ -66.327499, 7.651625 ], [ -66.327614, 7.652522 ], [ -66.327820, 7.653371 ], [ -66.328300, 7.654475 ], [ -66.328987, 7.656268 ], [ -66.329636, 7.658267 ], [ -66.330162, 7.659945 ], [ -66.330643, 7.661302 ], [ -66.332115, 7.664543 ], [ -66.332573, 7.665577 ], [ -66.333107, 7.666739 ], [ -66.333710, 7.666903 ], [ -66.334145, 7.668147 ], [ -66.334366, 7.668975 ], [ -66.334633, 7.670378 ], [ -66.334694, 7.671044 ], [ -66.334740, 7.671711 ], [ -66.334755, 7.672539 ], [ -66.334679, 7.673296 ], [ -66.334625, 7.673984 ], [ -66.334511, 7.674718 ], [ -66.334236, 7.676968 ], [ -66.334114, 7.677678 ], [ -66.333946, 7.678435 ], [ -66.333618, 7.679167 ], [ -66.333221, 7.679899 ], [ -66.332779, 7.680562 ], [ -66.332245, 7.681271 ], [ -66.331665, 7.681886 ], [ -66.331200, 7.682296 ], [ -66.330643, 7.682728 ], [ -66.329437, 7.683547 ], [ -66.328789, 7.684024 ], [ -66.328209, 7.684433 ], [ -66.327744, 7.685004 ], [ -66.327393, 7.685506 ], [ -66.327110, 7.686239 ], [ -66.327034, 7.686882 ], [ -66.327118, 7.687503 ], [ -66.327301, 7.688125 ], [ -66.327598, 7.688770 ], [ -66.327866, 7.689415 ], [ -66.328186, 7.690014 ], [ -66.328575, 7.690500 ], [ -66.329193, 7.691032 ], [ -66.329819, 7.691244 ], [ -66.330643, 7.691341 ], [ -66.331291, 7.691369 ], [ -66.332008, 7.691421 ], [ -66.332695, 7.691448 ], [ -66.333344, 7.691453 ], [ -66.334015, 7.691436 ], [ -66.334724, 7.691532 ], [ -66.335487, 7.691813 ], [ -66.336197, 7.692163 ], [ -66.336723, 7.692534 ], [ -66.337341, 7.693113 ], [ -66.337845, 7.693645 ], [ -66.338257, 7.694154 ], [ -66.339768, 7.696140 ], [ -66.340202, 7.696786 ], [ -66.340561, 7.697386 ], [ -66.340881, 7.697964 ], [ -66.341202, 7.698631 ], [ -66.342178, 7.700981 ], [ -66.342514, 7.701695 ], [ -66.342789, 7.702318 ], [ -66.343132, 7.703010 ], [ -66.343513, 7.703678 ], [ -66.343811, 7.704232 ], [ -66.344154, 7.704832 ], [ -66.344452, 7.705385 ], [ -66.344765, 7.706191 ], [ -66.345039, 7.706768 ], [ -66.345405, 7.707436 ], [ -66.345810, 7.708289 ], [ -66.346153, 7.708934 ], [ -66.347153, 7.710986 ], [ -66.347473, 7.711769 ], [ -66.347786, 7.712483 ], [ -66.348107, 7.713382 ], [ -66.348557, 7.714740 ], [ -66.349212, 7.716100 ], [ -66.349510, 7.716745 ], [ -66.350006, 7.717898 ], [ -66.350395, 7.718727 ], [ -66.350731, 7.719418 ], [ -66.351120, 7.720157 ], [ -66.351891, 7.721678 ], [ -66.352211, 7.722231 ], [ -66.353126, 7.723594 ], [ -66.353607, 7.724240 ], [ -66.354034, 7.724910 ], [ -66.354927, 7.725903 ], [ -66.355591, 7.726574 ], [ -66.356254, 7.727131 ], [ -66.357063, 7.727550 ], [ -66.357872, 7.727878 ], [ -66.359108, 7.728208 ], [ -66.359848, 7.728329 ], [ -66.360588, 7.728403 ], [ -66.361351, 7.728408 ], [ -66.362037, 7.728275 ], [ -66.363449, 7.727896 ], [ -66.364212, 7.727648 ], [ -66.364975, 7.727287 ], [ -66.365791, 7.726879 ], [ -66.366417, 7.726471 ], [ -66.366966, 7.726199 ], [ -66.367523, 7.725882 ], [ -66.368034, 7.725540 ], [ -66.368683, 7.725063 ], [ -66.369171, 7.724676 ], [ -66.370430, 7.723812 ], [ -66.371094, 7.723380 ], [ -66.371750, 7.723041 ], [ -66.372536, 7.722656 ], [ -66.373413, 7.722387 ], [ -66.374313, 7.722187 ], [ -66.375145, 7.722216 ], [ -66.376503, 7.722524 ], [ -66.377197, 7.722622 ], [ -66.377815, 7.722671 ], [ -66.378716, 7.722631 ], [ -66.379570, 7.722523 ], [ -66.380310, 7.722299 ], [ -66.380959, 7.722006 ], [ -66.381653, 7.721642 ], [ -66.382233, 7.721325 ], [ -66.383461, 7.720577 ], [ -66.384293, 7.720031 ], [ -66.384850, 7.719576 ], [ -66.385407, 7.719143 ], [ -66.386688, 7.718211 ], [ -66.387245, 7.717848 ], [ -66.387916, 7.717508 ], [ -66.388512, 7.717260 ], [ -66.389091, 7.716943 ], [ -66.389740, 7.716694 ], [ -66.390457, 7.716378 ], [ -66.391083, 7.716130 ], [ -66.391663, 7.715927 ], [ -66.395409, 7.715219 ], [ -66.402702, 7.713871 ], [ -66.403877, 7.714017 ], [ -66.405289, 7.714281 ], [ -66.405952, 7.714377 ], [ -66.406761, 7.714566 ], [ -66.407425, 7.714800 ], [ -66.408005, 7.715105 ], [ -66.409431, 7.715689 ], [ -66.410973, 7.716205 ], [ -66.412354, 7.716628 ], [ -66.412994, 7.716794 ], [ -66.413620, 7.716982 ], [ -66.414375, 7.717287 ], [ -66.414978, 7.717497 ], [ -66.415711, 7.717663 ], [ -66.416450, 7.717760 ], [ -66.418594, 7.717913 ], [ -66.419334, 7.718034 ], [ -66.419998, 7.718176 ], [ -66.420807, 7.718320 ], [ -66.421494, 7.718486 ], [ -66.422142, 7.718605 ], [ -66.422882, 7.718610 ], [ -66.423523, 7.718569 ], [ -66.424171, 7.718459 ], [ -66.424843, 7.718394 ], [ -66.425468, 7.718352 ], [ -66.426087, 7.718381 ], [ -66.426804, 7.718546 ], [ -66.427628, 7.718805 ], [ -66.428482, 7.719018 ], [ -66.429199, 7.719023 ], [ -66.429962, 7.718960 ], [ -66.430603, 7.718919 ], [ -66.431534, 7.718741 ], [ -66.432129, 7.718584 ], [ -66.432800, 7.718544 ], [ -66.433586, 7.718663 ], [ -66.434364, 7.718922 ], [ -66.435036, 7.719088 ], [ -66.435814, 7.719254 ], [ -66.437271, 7.719264 ], [ -66.438057, 7.719316 ], [ -66.438866, 7.719275 ], [ -66.439598, 7.719350 ], [ -66.440247, 7.719699 ], [ -66.440865, 7.720117 ], [ -66.441551, 7.720559 ], [ -66.442123, 7.720976 ], [ -66.443230, 7.721696 ], [ -66.443802, 7.721975 ], [ -66.444382, 7.722232 ], [ -66.445091, 7.722605 ], [ -66.445847, 7.723138 ], [ -66.446396, 7.723510 ], [ -66.447067, 7.723929 ], [ -66.447891, 7.724532 ], [ -66.448601, 7.725065 ], [ -66.449249, 7.725460 ], [ -66.449844, 7.725602 ], [ -66.450516, 7.725629 ], [ -66.451157, 7.725726 ], [ -66.451828, 7.725961 ], [ -66.452583, 7.726264 ], [ -66.453346, 7.726592 ], [ -66.454285, 7.726943 ], [ -66.455162, 7.727064 ], [ -66.455994, 7.727070 ], [ -66.456642, 7.727119 ], [ -66.457535, 7.727379 ], [ -66.458412, 7.727776 ], [ -66.459213, 7.728195 ], [ -66.459976, 7.728637 ], [ -66.460823, 7.729148 ], [ -66.461510, 7.729590 ], [ -66.462227, 7.729503 ], [ -66.462830, 7.729622 ], [ -66.463669, 7.730231 ], [ -66.464272, 7.730735 ], [ -66.464752, 7.731220 ], [ -66.465546, 7.731779 ], [ -66.466156, 7.732196 ], [ -66.466751, 7.732521 ], [ -66.467651, 7.732918 ], [ -66.469978, 7.733417 ], [ -66.470642, 7.733513 ], [ -66.471451, 7.733610 ], [ -66.473686, 7.733627 ], [ -66.474381, 7.733609 ], [ -66.475258, 7.733523 ], [ -66.476318, 7.733508 ], [ -66.477615, 7.733608 ], [ -66.478699, 7.733754 ], [ -66.480194, 7.734132 ], [ -66.481872, 7.734673 ], [ -66.483170, 7.735291 ], [ -66.483757, 7.735651 ], [ -66.484421, 7.736115 ], [ -66.485039, 7.736624 ], [ -66.485596, 7.737110 ], [ -66.486023, 7.737734 ], [ -66.486366, 7.738610 ], [ -66.486572, 7.739460 ], [ -66.486496, 7.740264 ], [ -66.486191, 7.741020 ], [ -66.484833, 7.742778 ], [ -66.484299, 7.743304 ], [ -66.483810, 7.743714 ], [ -66.483253, 7.744123 ], [ -66.482727, 7.744486 ], [ -66.481445, 7.745327 ], [ -66.480774, 7.745829 ], [ -66.480217, 7.746330 ], [ -66.479614, 7.746969 ], [ -66.479035, 7.747471 ], [ -66.478615, 7.747926 ], [ -66.478172, 7.748383 ], [ -66.477592, 7.749159 ], [ -66.477173, 7.749639 ], [ -66.476708, 7.750301 ], [ -66.476311, 7.750782 ], [ -66.475868, 7.751629 ], [ -66.475471, 7.752361 ], [ -66.475189, 7.753002 ], [ -66.475021, 7.753621 ], [ -66.474785, 7.754332 ], [ -66.474686, 7.754951 ], [ -66.474686, 7.755709 ], [ -66.474724, 7.756466 ], [ -66.474754, 7.757638 ], [ -66.474823, 7.758259 ], [ -66.475067, 7.759823 ], [ -66.475227, 7.760559 ], [ -66.475449, 7.761411 ], [ -66.475678, 7.762170 ], [ -66.475922, 7.762907 ], [ -66.476265, 7.763576 ], [ -66.476608, 7.764130 ], [ -66.476997, 7.764638 ], [ -66.477661, 7.765194 ], [ -66.478211, 7.765587 ], [ -66.478737, 7.765983 ], [ -66.479355, 7.766423 ], [ -66.479958, 7.766887 ], [ -66.480621, 7.767328 ], [ -66.481239, 7.767769 ], [ -66.482529, 7.768651 ], [ -66.483101, 7.768999 ], [ -66.483742, 7.769302 ], [ -66.484962, 7.769816 ], [ -66.485542, 7.770188 ], [ -66.486618, 7.770815 ], [ -66.487167, 7.771164 ], [ -66.487976, 7.771583 ], [ -66.488823, 7.772071 ], [ -66.489769, 7.772515 ], [ -66.490570, 7.772957 ], [ -66.491356, 7.773331 ], [ -66.491928, 7.773655 ], [ -66.492714, 7.774005 ], [ -66.493263, 7.774285 ], [ -66.493927, 7.774520 ], [ -66.494728, 7.774882 ], [ -66.495491, 7.775197 ], [ -66.496254, 7.775524 ], [ -66.496872, 7.775804 ], [ -66.498299, 7.776481 ], [ -66.499245, 7.776970 ], [ -66.499969, 7.777390 ], [ -66.500954, 7.777370 ], [ -66.502411, 7.778057 ], [ -66.503120, 7.778376 ], [ -66.503792, 7.778628 ], [ -66.504463, 7.778901 ], [ -66.505150, 7.779152 ], [ -66.505844, 7.779427 ], [ -66.507156, 7.780067 ], [ -66.507851, 7.780271 ], [ -66.508453, 7.780478 ], [ -66.509117, 7.780637 ], [ -66.509766, 7.780911 ], [ -66.510437, 7.781392 ], [ -66.510986, 7.781874 ], [ -66.511795, 7.782836 ], [ -66.512169, 7.783342 ], [ -66.512817, 7.784328 ], [ -66.513229, 7.785590 ], [ -66.513306, 7.786211 ], [ -66.513145, 7.787705 ], [ -66.513123, 7.788578 ], [ -66.513077, 7.789199 ], [ -66.512924, 7.790073 ], [ -66.512497, 7.791859 ], [ -66.512306, 7.792854 ], [ -66.512604, 7.794094 ], [ -66.513252, 7.795219 ], [ -66.513718, 7.795723 ], [ -66.514267, 7.796091 ], [ -66.514847, 7.796295 ], [ -66.516067, 7.796200 ], [ -66.516647, 7.795969 ], [ -66.517265, 7.795646 ], [ -66.517929, 7.795346 ], [ -66.518738, 7.795160 ], [ -66.519432, 7.795296 ], [ -66.519958, 7.795778 ], [ -66.520424, 7.796374 ], [ -66.520859, 7.797063 ], [ -66.521255, 7.797636 ], [ -66.521652, 7.798302 ], [ -66.521927, 7.798975 ], [ -66.522163, 7.799809 ], [ -66.522301, 7.800437 ], [ -66.522438, 7.801264 ], [ -66.522629, 7.802702 ], [ -66.522652, 7.803814 ], [ -66.523018, 7.805472 ], [ -66.523422, 7.807236 ], [ -66.523697, 7.808086 ], [ -66.524323, 7.809579 ], [ -66.524628, 7.810197 ], [ -66.525413, 7.812058 ], [ -66.525711, 7.812608 ], [ -66.526314, 7.813619 ], [ -66.526550, 7.814558 ], [ -66.527374, 7.815336 ], [ -66.527977, 7.815701 ], [ -66.528778, 7.815883 ], [ -66.529472, 7.815928 ], [ -66.530281, 7.815742 ], [ -66.530922, 7.815395 ], [ -66.531502, 7.814958 ], [ -66.532143, 7.814382 ], [ -66.532715, 7.813967 ], [ -66.533798, 7.813159 ], [ -66.534836, 7.812514 ], [ -66.535660, 7.812075 ], [ -66.536240, 7.811707 ], [ -66.537117, 7.811175 ], [ -66.537850, 7.810690 ], [ -66.538612, 7.810229 ], [ -66.539162, 7.809862 ], [ -66.539856, 7.809445 ], [ -66.540932, 7.808731 ], [ -66.542404, 7.807831 ], [ -66.543396, 7.807300 ], [ -66.544434, 7.806792 ], [ -66.545242, 7.806490 ], [ -66.546066, 7.806282 ], [ -66.546852, 7.806097 ], [ -66.547447, 7.805912 ], [ -66.548782, 7.805265 ], [ -66.549385, 7.804965 ], [ -66.549934, 7.804481 ], [ -66.550278, 7.803883 ], [ -66.550415, 7.803101 ], [ -66.550346, 7.802457 ], [ -66.550186, 7.801815 ], [ -66.549400, 7.800553 ], [ -66.548729, 7.799887 ], [ -66.548218, 7.799336 ], [ -66.547295, 7.798237 ], [ -66.546783, 7.797686 ], [ -66.546372, 7.797205 ], [ -66.545212, 7.795759 ], [ -66.544518, 7.794452 ], [ -66.544106, 7.793694 ], [ -66.543709, 7.792937 ], [ -66.543411, 7.792155 ], [ -66.543129, 7.791330 ], [ -66.542854, 7.790572 ], [ -66.542687, 7.789860 ], [ -66.542595, 7.789102 ], [ -66.542572, 7.788183 ], [ -66.542572, 7.787470 ], [ -66.542656, 7.786253 ], [ -66.542747, 7.785310 ], [ -66.542908, 7.784642 ], [ -66.543205, 7.784045 ], [ -66.543709, 7.783377 ], [ -66.544266, 7.782847 ], [ -66.545624, 7.781787 ], [ -66.546723, 7.780888 ], [ -66.547279, 7.780198 ], [ -66.547875, 7.779552 ], [ -66.548584, 7.778954 ], [ -66.549072, 7.778562 ], [ -66.550247, 7.777778 ], [ -66.551514, 7.777338 ], [ -66.552178, 7.777405 ], [ -66.552780, 7.777702 ], [ -66.553284, 7.778137 ], [ -66.553726, 7.778618 ], [ -66.553887, 7.779215 ], [ -66.553658, 7.779998 ], [ -66.553246, 7.780689 ], [ -66.552673, 7.781287 ], [ -66.552002, 7.781771 ], [ -66.551292, 7.782187 ], [ -66.549957, 7.783201 ], [ -66.549545, 7.783685 ], [ -66.549103, 7.784398 ], [ -66.548927, 7.784996 ], [ -66.549042, 7.785708 ], [ -66.549454, 7.786212 ], [ -66.550545, 7.786738 ], [ -66.551392, 7.786921 ], [ -66.552452, 7.786871 ], [ -66.553421, 7.786663 ], [ -66.554253, 7.786408 ], [ -66.555122, 7.786177 ], [ -66.555748, 7.786106 ], [ -66.556419, 7.785990 ], [ -66.557015, 7.785849 ], [ -66.557754, 7.785595 ], [ -66.558647, 7.785203 ], [ -66.559273, 7.784857 ], [ -66.559822, 7.784464 ], [ -66.560325, 7.784027 ], [ -66.560928, 7.783450 ], [ -66.561478, 7.782897 ], [ -66.562103, 7.782229 ], [ -66.562584, 7.781768 ], [ -66.563545, 7.781123 ], [ -66.564171, 7.780892 ], [ -66.565025, 7.780683 ], [ -66.565689, 7.780566 ], [ -66.566543, 7.780495 ], [ -66.567329, 7.780401 ], [ -66.568314, 7.780306 ], [ -66.569054, 7.780259 ], [ -66.569885, 7.780325 ], [ -66.570579, 7.780461 ], [ -66.571266, 7.780644 ], [ -66.572006, 7.780964 ], [ -66.572540, 7.781306 ], [ -66.573044, 7.781674 ], [ -66.573601, 7.782040 ], [ -66.574844, 7.782726 ], [ -66.576439, 7.783228 ], [ -66.577339, 7.783501 ], [ -66.578186, 7.783683 ], [ -66.578903, 7.783773 ], [ -66.580010, 7.783748 ], [ -66.581162, 7.783446 ], [ -66.582176, 7.782708 ], [ -66.582588, 7.782178 ], [ -66.582703, 7.781535 ], [ -66.582466, 7.780224 ], [ -66.582443, 7.779582 ], [ -66.582581, 7.778961 ], [ -66.583016, 7.778248 ], [ -66.583542, 7.777786 ], [ -66.584885, 7.777990 ], [ -66.585503, 7.778310 ], [ -66.586128, 7.778562 ], [ -66.586655, 7.778882 ], [ -66.587212, 7.779386 ], [ -66.587769, 7.779752 ], [ -66.588386, 7.779958 ], [ -66.589584, 7.779610 ], [ -66.590256, 7.779102 ], [ -66.590988, 7.777722 ], [ -66.591309, 7.776985 ], [ -66.591675, 7.776250 ], [ -66.592590, 7.774547 ], [ -66.592873, 7.773993 ], [ -66.593216, 7.773373 ], [ -66.593514, 7.772706 ], [ -66.593788, 7.772153 ], [ -66.594086, 7.771578 ], [ -66.594704, 7.771140 ], [ -66.596779, 7.769595 ], [ -66.598274, 7.769040 ], [ -66.599380, 7.768715 ], [ -66.599976, 7.768529 ], [ -66.600876, 7.768182 ], [ -66.601608, 7.767813 ], [ -66.602074, 7.767398 ], [ -66.602508, 7.766961 ], [ -66.602852, 7.766385 ], [ -66.603378, 7.765050 ], [ -66.604210, 7.764888 ], [ -66.604874, 7.765023 ], [ -66.605408, 7.765413 ], [ -66.605804, 7.765986 ], [ -66.606148, 7.766698 ], [ -66.606590, 7.768099 ], [ -66.606728, 7.768811 ], [ -66.606895, 7.769431 ], [ -66.607330, 7.769981 ], [ -66.608208, 7.770209 ], [ -66.609039, 7.770230 ], [ -66.609680, 7.770206 ], [ -66.611343, 7.769696 ], [ -66.611938, 7.769464 ], [ -66.613228, 7.768932 ], [ -66.614586, 7.768630 ], [ -66.615417, 7.768743 ], [ -66.616181, 7.768971 ], [ -66.616753, 7.769268 ], [ -66.617889, 7.770000 ], [ -66.618370, 7.770389 ], [ -66.618996, 7.771009 ], [ -66.619667, 7.771582 ], [ -66.620361, 7.772154 ], [ -66.620842, 7.772635 ], [ -66.621628, 7.773575 ], [ -66.622482, 7.774516 ], [ -66.623940, 7.775730 ], [ -66.624428, 7.776165 ], [ -66.624863, 7.776647 ], [ -66.625831, 7.777265 ], [ -66.626480, 7.777470 ], [ -66.627075, 7.777583 ], [ -66.627815, 7.777466 ], [ -66.628533, 7.777326 ], [ -66.629219, 7.776910 ], [ -66.630188, 7.776081 ], [ -66.630691, 7.775598 ], [ -66.631081, 7.775090 ], [ -66.631584, 7.774009 ], [ -66.631836, 7.773204 ], [ -66.632088, 7.772605 ], [ -66.632385, 7.771961 ], [ -66.632843, 7.770558 ], [ -66.633095, 7.769914 ], [ -66.633575, 7.768810 ], [ -66.633995, 7.768235 ], [ -66.634819, 7.767358 ], [ -66.635368, 7.766921 ], [ -66.635948, 7.766552 ], [ -66.637146, 7.766042 ], [ -66.637787, 7.765949 ], [ -66.639191, 7.766037 ], [ -66.639839, 7.766127 ], [ -66.640533, 7.766424 ], [ -66.641823, 7.767202 ], [ -66.643188, 7.768555 ], [ -66.643974, 7.769380 ], [ -66.644600, 7.769884 ], [ -66.645081, 7.770296 ], [ -66.645843, 7.770754 ], [ -66.646515, 7.771004 ], [ -66.647781, 7.771346 ], [ -66.648498, 7.771574 ], [ -66.649399, 7.771824 ], [ -66.650085, 7.771914 ], [ -66.651421, 7.771819 ], [ -66.652550, 7.771655 ], [ -66.653892, 7.771261 ], [ -66.654945, 7.770362 ], [ -66.655106, 7.769672 ], [ -66.654968, 7.768799 ], [ -66.654800, 7.768110 ], [ -66.654617, 7.767443 ], [ -66.654610, 7.766203 ], [ -66.654770, 7.764916 ], [ -66.655136, 7.763444 ], [ -66.655960, 7.762500 ], [ -66.656700, 7.762290 ], [ -66.657326, 7.762197 ], [ -66.658058, 7.762034 ], [ -66.658936, 7.761894 ], [ -66.659721, 7.761615 ], [ -66.660591, 7.761176 ], [ -66.661285, 7.760738 ], [ -66.662598, 7.760229 ], [ -66.663536, 7.759629 ], [ -66.663879, 7.758939 ], [ -66.663971, 7.757582 ], [ -66.663765, 7.756939 ], [ -66.663437, 7.756412 ], [ -66.663071, 7.755861 ], [ -66.662697, 7.755150 ], [ -66.662048, 7.752830 ], [ -66.661789, 7.752027 ], [ -66.661583, 7.751291 ], [ -66.661323, 7.750649 ], [ -66.660912, 7.749800 ], [ -66.660469, 7.749341 ], [ -66.659340, 7.748517 ], [ -66.658760, 7.748242 ], [ -66.658096, 7.748176 ], [ -66.657493, 7.748591 ], [ -66.656715, 7.749995 ], [ -66.656395, 7.750685 ], [ -66.656143, 7.751421 ], [ -66.655708, 7.752203 ], [ -66.655251, 7.752825 ], [ -66.654785, 7.753263 ], [ -66.654167, 7.753564 ], [ -66.653519, 7.753726 ], [ -66.652809, 7.753729 ], [ -66.652161, 7.753754 ], [ -66.650986, 7.753205 ], [ -66.650269, 7.752953 ], [ -66.649574, 7.752565 ], [ -66.648956, 7.752130 ], [ -66.648193, 7.751006 ], [ -66.647934, 7.750179 ], [ -66.647888, 7.749422 ], [ -66.648025, 7.748410 ], [ -66.648407, 7.746340 ], [ -66.649055, 7.745879 ], [ -66.649925, 7.745555 ], [ -66.651451, 7.745229 ], [ -66.652832, 7.744973 ], [ -66.653382, 7.744557 ], [ -66.653908, 7.744143 ], [ -66.654396, 7.743544 ], [ -66.654739, 7.742991 ], [ -66.654663, 7.742256 ], [ -66.654320, 7.741637 ], [ -66.653877, 7.741200 ], [ -66.653191, 7.741042 ], [ -66.652176, 7.740952 ], [ -66.651504, 7.740908 ], [ -66.650673, 7.740911 ], [ -66.650032, 7.740820 ], [ -66.649200, 7.740225 ], [ -66.648575, 7.739606 ], [ -66.647972, 7.738413 ], [ -66.647766, 7.737770 ], [ -66.647720, 7.736598 ], [ -66.647965, 7.735219 ], [ -66.647659, 7.733840 ], [ -66.647293, 7.733083 ], [ -66.646896, 7.732418 ], [ -66.646462, 7.731591 ], [ -66.646088, 7.731063 ], [ -66.645325, 7.730583 ], [ -66.644493, 7.730287 ], [ -66.643600, 7.730059 ], [ -66.642677, 7.729900 ], [ -66.641937, 7.729903 ], [ -66.641296, 7.730042 ], [ -66.640625, 7.730298 ], [ -66.639771, 7.730643 ], [ -66.638809, 7.731106 ], [ -66.638023, 7.731545 ], [ -66.637428, 7.731984 ], [ -66.636574, 7.732560 ], [ -66.635773, 7.733022 ], [ -66.634621, 7.733462 ], [ -66.634041, 7.733095 ], [ -66.633720, 7.732544 ], [ -66.634453, 7.731256 ], [ -66.634979, 7.730749 ], [ -66.635582, 7.730104 ], [ -66.636154, 7.729412 ], [ -66.636589, 7.728837 ], [ -66.637367, 7.727571 ], [ -66.637596, 7.726973 ], [ -66.637779, 7.726214 ], [ -66.637825, 7.725386 ], [ -66.637802, 7.724353 ], [ -66.637726, 7.723618 ], [ -66.637726, 7.722675 ], [ -66.637795, 7.721870 ], [ -66.637955, 7.721134 ], [ -66.638527, 7.719777 ], [ -66.638939, 7.718996 ], [ -66.639442, 7.718167 ], [ -66.640015, 7.717291 ], [ -66.640312, 7.716762 ], [ -66.640816, 7.715795 ], [ -66.641533, 7.714300 ], [ -66.642036, 7.713356 ], [ -66.642677, 7.712343 ], [ -66.643295, 7.711514 ], [ -66.644905, 7.709626 ], [ -66.645248, 7.709050 ], [ -66.645638, 7.708497 ], [ -66.646164, 7.707577 ], [ -66.646439, 7.706887 ], [ -66.646668, 7.706242 ], [ -66.646805, 7.705644 ], [ -66.646965, 7.704862 ], [ -66.647423, 7.703781 ], [ -66.648460, 7.702905 ], [ -66.649033, 7.702581 ], [ -66.650299, 7.701958 ], [ -66.651153, 7.701703 ], [ -66.651863, 7.701654 ], [ -66.652512, 7.701654 ], [ -66.653389, 7.701719 ], [ -66.654587, 7.701946 ], [ -66.655762, 7.702012 ], [ -66.656776, 7.701572 ], [ -66.657303, 7.701248 ], [ -66.657921, 7.700857 ], [ -66.660111, 7.699379 ], [ -66.660889, 7.698735 ], [ -66.661537, 7.698342 ], [ -66.662109, 7.698041 ], [ -66.662826, 7.697925 ], [ -66.663612, 7.697968 ], [ -66.664322, 7.698678 ], [ -66.664490, 7.699344 ], [ -66.664627, 7.700057 ], [ -66.664513, 7.700700 ], [ -66.664169, 7.701207 ], [ -66.663849, 7.701782 ], [ -66.663551, 7.702978 ], [ -66.663483, 7.703737 ], [ -66.663437, 7.704358 ], [ -66.663513, 7.705231 ], [ -66.663696, 7.705965 ], [ -66.663773, 7.706585 ], [ -66.664024, 7.707160 ], [ -66.664764, 7.707618 ], [ -66.665382, 7.707708 ], [ -66.666145, 7.707889 ], [ -66.666748, 7.708094 ], [ -66.667412, 7.708299 ], [ -66.668014, 7.708505 ], [ -66.669350, 7.708639 ], [ -66.669952, 7.708499 ], [ -66.670593, 7.708153 ], [ -66.671677, 7.707323 ], [ -66.674133, 7.705569 ], [ -66.674713, 7.705200 ], [ -66.675469, 7.704761 ], [ -66.676071, 7.704300 ], [ -66.677032, 7.703654 ], [ -66.678024, 7.702800 ], [ -66.678574, 7.702408 ], [ -66.679222, 7.702061 ], [ -66.679886, 7.701737 ], [ -66.681061, 7.701481 ], [ -66.681709, 7.701572 ], [ -66.682930, 7.702281 ], [ -66.683533, 7.703221 ], [ -66.682869, 7.704350 ], [ -66.682289, 7.704627 ], [ -66.681648, 7.704835 ], [ -66.680977, 7.704998 ], [ -66.680382, 7.704793 ], [ -66.679253, 7.704750 ], [ -66.678650, 7.705257 ], [ -66.678284, 7.705764 ], [ -66.677895, 7.706455 ], [ -66.677620, 7.707146 ], [ -66.677345, 7.708019 ], [ -66.676865, 7.709837 ], [ -66.676712, 7.711353 ], [ -66.676689, 7.712111 ], [ -66.676735, 7.712824 ], [ -66.676834, 7.713583 ], [ -66.676926, 7.714869 ], [ -66.677277, 7.716776 ], [ -66.677345, 7.717465 ], [ -66.677467, 7.718062 ], [ -66.677811, 7.719141 ], [ -66.678024, 7.719716 ], [ -66.678345, 7.720357 ], [ -66.678833, 7.720977 ], [ -66.679321, 7.721573 ], [ -66.680244, 7.722489 ], [ -66.680725, 7.722948 ], [ -66.681671, 7.723588 ], [ -66.682251, 7.723840 ], [ -66.683014, 7.724045 ], [ -66.683792, 7.724065 ], [ -66.684601, 7.723972 ], [ -66.685173, 7.723741 ], [ -66.686256, 7.723140 ], [ -66.686768, 7.722725 ], [ -66.687271, 7.722057 ], [ -66.687843, 7.721090 ], [ -66.688209, 7.720261 ], [ -66.688576, 7.718973 ], [ -66.688690, 7.718284 ], [ -66.688705, 7.717548 ], [ -66.688705, 7.716928 ], [ -66.688660, 7.716214 ], [ -66.688469, 7.715066 ], [ -66.688217, 7.714355 ], [ -66.688026, 7.713735 ], [ -66.687866, 7.713114 ], [ -66.687706, 7.712334 ], [ -66.687447, 7.710566 ], [ -66.687447, 7.709829 ], [ -66.687622, 7.708795 ], [ -66.687851, 7.708105 ], [ -66.688240, 7.707300 ], [ -66.689003, 7.706125 ], [ -66.689392, 7.705618 ], [ -66.689850, 7.705180 ], [ -66.690354, 7.704719 ], [ -66.691002, 7.704418 ], [ -66.692131, 7.704392 ], [ -66.692963, 7.704252 ], [ -66.694183, 7.704065 ], [ -66.694870, 7.704040 ], [ -66.695518, 7.704061 ], [ -66.696251, 7.704128 ], [ -66.696968, 7.703988 ], [ -66.698120, 7.703318 ], [ -66.698692, 7.703063 ], [ -66.699798, 7.702440 ], [ -66.700745, 7.701679 ], [ -66.701775, 7.701262 ], [ -66.702766, 7.700685 ], [ -66.703896, 7.699647 ], [ -66.704422, 7.698956 ], [ -66.705017, 7.697990 ], [ -66.705521, 7.697138 ], [ -66.706375, 7.695917 ], [ -66.706947, 7.695295 ], [ -66.707748, 7.694511 ], [ -66.708740, 7.693774 ], [ -66.709724, 7.693218 ], [ -66.710396, 7.693148 ], [ -66.711136, 7.692939 ], [ -66.711800, 7.692707 ], [ -66.712563, 7.692567 ], [ -66.713226, 7.692611 ], [ -66.714150, 7.693252 ], [ -66.714569, 7.693780 ], [ -66.714844, 7.694399 ], [ -66.715012, 7.695180 ], [ -66.715080, 7.696307 ], [ -66.715271, 7.696972 ], [ -66.715866, 7.697407 ], [ -66.717132, 7.697564 ], [ -66.717781, 7.697516 ], [ -66.718475, 7.697445 ], [ -66.719208, 7.697420 ], [ -66.721260, 7.697552 ], [ -66.721909, 7.697435 ], [ -66.722504, 7.697250 ], [ -66.723221, 7.697041 ], [ -66.724068, 7.696809 ], [ -66.724853, 7.696668 ], [ -66.725479, 7.696506 ], [ -66.726097, 7.696435 ], [ -66.726791, 7.696226 ], [ -66.727364, 7.695971 ], [ -66.727707, 7.695373 ], [ -66.727432, 7.694753 ], [ -66.726875, 7.694387 ], [ -66.725746, 7.694000 ], [ -66.725006, 7.693795 ], [ -66.724289, 7.693544 ], [ -66.723763, 7.693155 ], [ -66.723274, 7.692605 ], [ -66.722809, 7.691411 ], [ -66.722786, 7.690699 ], [ -66.722877, 7.689987 ], [ -66.723839, 7.689248 ], [ -66.724556, 7.689200 ], [ -66.725273, 7.689473 ], [ -66.725899, 7.689885 ], [ -66.726425, 7.690390 ], [ -66.727371, 7.691398 ], [ -66.727951, 7.691879 ], [ -66.728554, 7.692429 ], [ -66.729080, 7.692933 ], [ -66.729637, 7.693530 ], [ -66.730240, 7.694515 ], [ -66.730797, 7.695800 ], [ -66.731125, 7.696489 ], [ -66.732208, 7.697199 ], [ -66.732872, 7.697403 ], [ -66.733520, 7.697516 ], [ -66.734192, 7.697583 ], [ -66.734810, 7.697604 ], [ -66.736336, 7.697554 ], [ -66.737228, 7.697690 ], [ -66.738037, 7.698055 ], [ -66.738640, 7.698444 ], [ -66.739143, 7.698833 ], [ -66.739632, 7.699268 ], [ -66.740211, 7.699680 ], [ -66.740738, 7.700024 ], [ -66.741363, 7.700274 ], [ -66.742538, 7.700593 ], [ -66.743164, 7.700775 ], [ -66.744476, 7.700495 ], [ -66.744980, 7.700126 ], [ -66.745461, 7.699710 ], [ -66.746132, 7.699248 ], [ -66.747375, 7.699153 ], [ -66.748024, 7.699542 ], [ -66.748756, 7.700000 ], [ -66.749496, 7.700341 ], [ -66.750145, 7.700386 ], [ -66.750854, 7.700131 ], [ -66.753158, 7.699021 ], [ -66.754036, 7.698720 ], [ -66.754906, 7.698533 ], [ -66.756172, 7.698530 ], [ -66.756912, 7.698781 ], [ -66.757973, 7.699283 ], [ -66.758484, 7.699626 ], [ -66.758881, 7.700177 ], [ -66.759361, 7.700911 ], [ -66.759552, 7.701553 ], [ -66.759300, 7.702887 ], [ -66.759117, 7.703578 ], [ -66.758888, 7.704314 ], [ -66.758842, 7.705164 ], [ -66.759170, 7.705922 ], [ -66.759773, 7.706425 ], [ -66.760368, 7.706561 ], [ -66.761543, 7.706352 ], [ -66.763481, 7.705909 ], [ -66.764748, 7.705675 ], [ -66.765411, 7.705512 ], [ -66.766747, 7.705255 ], [ -66.767670, 7.705092 ], [ -66.768524, 7.704928 ], [ -66.769356, 7.704833 ], [ -66.770180, 7.704693 ], [ -66.770874, 7.704507 ], [ -66.771561, 7.704574 ], [ -66.772140, 7.704871 ], [ -66.773087, 7.705557 ], [ -66.773506, 7.706132 ], [ -66.773735, 7.706705 ], [ -66.773781, 7.707440 ], [ -66.773811, 7.708177 ], [ -66.773789, 7.709026 ], [ -66.773720, 7.709670 ], [ -66.773514, 7.710314 ], [ -66.773079, 7.711396 ], [ -66.773155, 7.712523 ], [ -66.774101, 7.713392 ], [ -66.774795, 7.713804 ], [ -66.776756, 7.714488 ], [ -66.777351, 7.714762 ], [ -66.778023, 7.715104 ], [ -66.778648, 7.715218 ], [ -66.779335, 7.715123 ], [ -66.779892, 7.714731 ], [ -66.780373, 7.714246 ], [ -66.780716, 7.713648 ], [ -66.780922, 7.712981 ], [ -66.781174, 7.711624 ], [ -66.781304, 7.711004 ], [ -66.781601, 7.709853 ], [ -66.782776, 7.709712 ], [ -66.783516, 7.710606 ], [ -66.783867, 7.711156 ], [ -66.784164, 7.711708 ], [ -66.785027, 7.713152 ], [ -66.785415, 7.713910 ], [ -66.785835, 7.714460 ], [ -66.786461, 7.714802 ], [ -66.787567, 7.714869 ], [ -66.788048, 7.714430 ], [ -66.788666, 7.712911 ], [ -66.788872, 7.712060 ], [ -66.788978, 7.711256 ], [ -66.788887, 7.710360 ], [ -66.788727, 7.709693 ], [ -66.788513, 7.708890 ], [ -66.788071, 7.707582 ], [ -66.788551, 7.706545 ], [ -66.789246, 7.706566 ], [ -66.790215, 7.707230 ], [ -66.790909, 7.707964 ], [ -66.791580, 7.708719 ], [ -66.792084, 7.709270 ], [ -66.792641, 7.710050 ], [ -66.793312, 7.710967 ], [ -66.793823, 7.711861 ], [ -66.794060, 7.712573 ], [ -66.794479, 7.714204 ], [ -66.794800, 7.714939 ], [ -66.795174, 7.715627 ], [ -66.795891, 7.716521 ], [ -66.796631, 7.717185 ], [ -66.797317, 7.717642 ], [ -66.798103, 7.718054 ], [ -66.799004, 7.718373 ], [ -66.799904, 7.718853 ], [ -66.800644, 7.719426 ], [ -66.801338, 7.720181 ], [ -66.801941, 7.720938 ], [ -66.802498, 7.721672 ], [ -66.802910, 7.722245 ], [ -66.803352, 7.722796 ], [ -66.803856, 7.723162 ], [ -66.805382, 7.724422 ], [ -66.806282, 7.725337 ], [ -66.807327, 7.726439 ], [ -66.807762, 7.727126 ], [ -66.808113, 7.727860 ], [ -66.808350, 7.728803 ], [ -66.808761, 7.729721 ], [ -66.809898, 7.730798 ], [ -66.810333, 7.731370 ], [ -66.810753, 7.731875 ], [ -66.811447, 7.732447 ], [ -66.811973, 7.732835 ], [ -66.813019, 7.733362 ], [ -66.813705, 7.733567 ], [ -66.814514, 7.733748 ], [ -66.815254, 7.733860 ], [ -66.815964, 7.733835 ], [ -66.816612, 7.733833 ], [ -66.818039, 7.733967 ], [ -66.819306, 7.733848 ], [ -66.819977, 7.733823 ], [ -66.821083, 7.733589 ], [ -66.821838, 7.733334 ], [ -66.822807, 7.732986 ], [ -66.823891, 7.732638 ], [ -66.824699, 7.732406 ], [ -66.825409, 7.732174 ], [ -66.826057, 7.732035 ], [ -66.826813, 7.731940 ], [ -66.827713, 7.731891 ], [ -66.828568, 7.731865 ], [ -66.829514, 7.731793 ], [ -66.830414, 7.731860 ], [ -66.831032, 7.732042 ], [ -66.831520, 7.732546 ], [ -66.832146, 7.733280 ], [ -66.832817, 7.733943 ], [ -66.833275, 7.734471 ], [ -66.833694, 7.735067 ], [ -66.834503, 7.735915 ], [ -66.835014, 7.736327 ], [ -66.836349, 7.736921 ], [ -66.837547, 7.737169 ], [ -66.839325, 7.737302 ], [ -66.839920, 7.737438 ], [ -66.840546, 7.737689 ], [ -66.841675, 7.738169 ], [ -66.842346, 7.738304 ], [ -66.842972, 7.738440 ], [ -66.844124, 7.738252 ], [ -66.844925, 7.737215 ], [ -66.845245, 7.736571 ], [ -66.845589, 7.735742 ], [ -66.845840, 7.734983 ], [ -66.846024, 7.734292 ], [ -66.846153, 7.733120 ], [ -66.846108, 7.732408 ], [ -66.845802, 7.731075 ], [ -66.845711, 7.730456 ], [ -66.845543, 7.729560 ], [ -66.845429, 7.728825 ], [ -66.845406, 7.728158 ], [ -66.845467, 7.727329 ], [ -66.845581, 7.726594 ], [ -66.845902, 7.725996 ], [ -66.846939, 7.725303 ], [ -66.847748, 7.725139 ], [ -66.849060, 7.724744 ], [ -66.849655, 7.724627 ], [ -66.850326, 7.724556 ], [ -66.851090, 7.724600 ], [ -66.851730, 7.724621 ], [ -66.852471, 7.724779 ], [ -66.853714, 7.724684 ], [ -66.854362, 7.724773 ], [ -66.855278, 7.724725 ], [ -66.856018, 7.724722 ], [ -66.856804, 7.724627 ], [ -66.857422, 7.724510 ], [ -66.858048, 7.724417 ], [ -66.859428, 7.724665 ], [ -66.861069, 7.725419 ], [ -66.861923, 7.725784 ], [ -66.862709, 7.726058 ], [ -66.863304, 7.726216 ], [ -66.864067, 7.726490 ], [ -66.864761, 7.726579 ], [ -66.865959, 7.726598 ], [ -66.866715, 7.726527 ], [ -66.867340, 7.726433 ], [ -66.868027, 7.726293 ], [ -66.868675, 7.726198 ], [ -66.869347, 7.726059 ], [ -66.870148, 7.726033 ], [ -66.870911, 7.726099 ], [ -66.871651, 7.726442 ], [ -66.872063, 7.726923 ], [ -66.872528, 7.727427 ], [ -66.874374, 7.728662 ], [ -66.875229, 7.729441 ], [ -66.876251, 7.730150 ], [ -66.876938, 7.730287 ], [ -66.877655, 7.730123 ], [ -66.878227, 7.729891 ], [ -66.878990, 7.729475 ], [ -66.879791, 7.728990 ], [ -66.880463, 7.728849 ], [ -66.881157, 7.729974 ], [ -66.881363, 7.730847 ], [ -66.881416, 7.732295 ], [ -66.881393, 7.732914 ], [ -66.881538, 7.734271 ], [ -66.881729, 7.734868 ], [ -66.882469, 7.736336 ], [ -66.882904, 7.736910 ], [ -66.883438, 7.737391 ], [ -66.884430, 7.738168 ], [ -66.885170, 7.738626 ], [ -66.886139, 7.739266 ], [ -66.886902, 7.740114 ], [ -66.887230, 7.740642 ], [ -66.887619, 7.741400 ], [ -66.887924, 7.742203 ], [ -66.888161, 7.742937 ], [ -66.888069, 7.744271 ], [ -66.887886, 7.745053 ], [ -66.887794, 7.745927 ], [ -66.887505, 7.747859 ], [ -66.887833, 7.749076 ], [ -66.888390, 7.749809 ], [ -66.889008, 7.750245 ], [ -66.890114, 7.750402 ], [ -66.891273, 7.750789 ], [ -66.891869, 7.750924 ], [ -66.892517, 7.751153 ], [ -66.892982, 7.751909 ], [ -66.893486, 7.752459 ], [ -66.894089, 7.753077 ], [ -66.894783, 7.753673 ], [ -66.895317, 7.754039 ], [ -66.895912, 7.754428 ], [ -66.896583, 7.754840 ], [ -66.898247, 7.755593 ], [ -66.899078, 7.755843 ], [ -66.899681, 7.756002 ], [ -66.901016, 7.756181 ], [ -66.901893, 7.756386 ], [ -66.903092, 7.756726 ], [ -66.903877, 7.757114 ], [ -66.904663, 7.757410 ], [ -66.905304, 7.757569 ], [ -66.906525, 7.757956 ], [ -66.907265, 7.758160 ], [ -66.907890, 7.758296 ], [ -66.909248, 7.758430 ], [ -66.909897, 7.758289 ], [ -66.910469, 7.758058 ], [ -66.911301, 7.757756 ], [ -66.912125, 7.757386 ], [ -66.912842, 7.756855 ], [ -66.913528, 7.756300 ], [ -66.914177, 7.755724 ], [ -66.914841, 7.755193 ], [ -66.915535, 7.754892 ], [ -66.916336, 7.754568 ], [ -66.917099, 7.754335 ], [ -66.919258, 7.753478 ], [ -66.919929, 7.753475 ], [ -66.920578, 7.753612 ], [ -66.921287, 7.753747 ], [ -66.922051, 7.753791 ], [ -66.922722, 7.753950 ], [ -66.923439, 7.754292 ], [ -66.924080, 7.754449 ], [ -66.924706, 7.754356 ], [ -66.925438, 7.754077 ], [ -66.927124, 7.753590 ], [ -66.927742, 7.753335 ], [ -66.928413, 7.753033 ], [ -66.929077, 7.752641 ], [ -66.930161, 7.751925 ], [ -66.930939, 7.751370 ], [ -66.932205, 7.750538 ], [ -66.932732, 7.750169 ], [ -66.933334, 7.749707 ], [ -66.933815, 7.749062 ], [ -66.934181, 7.748487 ], [ -66.934776, 7.747242 ], [ -66.935394, 7.745999 ], [ -66.936195, 7.745122 ], [ -66.936844, 7.744775 ], [ -66.937462, 7.744728 ], [ -66.938202, 7.744932 ], [ -66.939362, 7.745549 ], [ -66.939980, 7.745983 ], [ -66.940514, 7.746373 ], [ -66.941849, 7.747127 ], [ -66.943008, 7.747836 ], [ -66.944092, 7.748637 ], [ -66.944740, 7.748932 ], [ -66.945847, 7.749206 ], [ -66.946976, 7.749408 ], [ -66.947579, 7.749567 ], [ -66.948196, 7.749748 ], [ -66.948799, 7.749976 ], [ -66.949425, 7.750158 ], [ -66.950134, 7.750386 ], [ -66.950851, 7.750728 ], [ -66.952103, 7.751389 ], [ -66.953186, 7.751869 ], [ -66.953903, 7.751959 ], [ -66.955032, 7.751542 ], [ -66.955696, 7.750642 ], [ -66.956062, 7.750021 ], [ -66.956589, 7.749697 ], [ -66.957672, 7.750336 ], [ -66.958137, 7.750956 ], [ -66.958672, 7.751597 ], [ -66.959572, 7.752583 ], [ -66.960381, 7.753775 ], [ -66.961075, 7.754876 ], [ -66.961540, 7.755358 ], [ -66.962006, 7.755862 ], [ -66.962700, 7.756756 ], [ -66.963318, 7.756661 ], [ -66.964127, 7.755854 ], [ -66.964920, 7.753623 ], [ -66.965149, 7.753023 ], [ -66.965469, 7.752470 ], [ -66.966209, 7.751526 ], [ -66.966881, 7.752007 ], [ -66.967293, 7.753293 ], [ -66.967163, 7.754580 ], [ -66.966820, 7.755960 ], [ -66.966568, 7.756765 ], [ -66.966362, 7.757388 ], [ -66.965317, 7.760172 ], [ -66.965157, 7.760816 ], [ -66.965111, 7.761782 ], [ -66.965370, 7.762861 ], [ -66.965691, 7.763481 ], [ -66.966454, 7.764421 ], [ -66.967407, 7.765222 ], [ -66.968147, 7.765656 ], [ -66.968697, 7.765999 ], [ -66.969879, 7.766707 ], [ -66.970734, 7.767096 ], [ -66.971771, 7.767919 ], [ -66.972328, 7.768285 ], [ -66.973686, 7.768878 ], [ -66.974403, 7.768898 ], [ -66.975304, 7.768849 ], [ -66.975990, 7.768847 ], [ -66.977470, 7.768934 ], [ -66.978363, 7.768931 ], [ -66.979637, 7.768674 ], [ -66.980461, 7.768419 ], [ -66.981224, 7.768255 ], [ -66.981842, 7.768183 ], [ -66.982582, 7.768342 ], [ -66.983185, 7.768615 ], [ -66.983925, 7.768911 ], [ -66.984566, 7.769023 ], [ -66.985237, 7.769160 ], [ -66.986046, 7.769640 ], [ -66.986923, 7.770372 ], [ -66.988098, 7.770874 ], [ -66.988769, 7.771032 ], [ -66.990158, 7.771419 ], [ -66.990753, 7.771600 ], [ -66.991424, 7.771667 ], [ -66.992043, 7.771642 ], [ -66.993225, 7.771684 ], [ -66.993889, 7.771681 ], [ -66.995667, 7.771583 ], [ -66.996910, 7.771280 ], [ -66.997643, 7.770932 ], [ -66.998520, 7.770722 ], [ -66.999214, 7.770766 ], [ -67.000305, 7.771143 ], [ -67.000961, 7.771394 ], [ -67.002243, 7.771733 ], [ -67.002891, 7.771616 ], [ -67.003609, 7.771409 ], [ -67.004204, 7.771014 ], [ -67.004677, 7.770569 ], [ -67.005226, 7.769874 ], [ -67.005867, 7.768607 ], [ -67.006096, 7.767971 ], [ -67.006210, 7.767262 ], [ -67.006218, 7.766389 ], [ -67.006027, 7.765187 ], [ -67.005844, 7.764537 ], [ -67.005493, 7.763906 ], [ -67.005333, 7.763164 ], [ -67.005424, 7.762548 ], [ -67.005424, 7.761811 ], [ -67.005447, 7.761121 ], [ -67.005981, 7.760105 ], [ -67.007004, 7.759930 ], [ -67.007576, 7.760224 ], [ -67.008163, 7.760565 ], [ -67.008728, 7.760927 ], [ -67.009315, 7.761269 ], [ -67.010475, 7.761696 ], [ -67.011353, 7.762367 ], [ -67.011818, 7.762796 ], [ -67.012306, 7.763363 ], [ -67.012794, 7.764021 ], [ -67.013733, 7.765063 ], [ -67.014267, 7.765610 ], [ -67.014877, 7.765973 ], [ -67.015694, 7.766253 ], [ -67.016373, 7.766573 ], [ -67.017097, 7.767079 ], [ -67.018105, 7.767961 ], [ -67.020325, 7.769227 ], [ -67.020889, 7.769452 ], [ -67.022072, 7.770040 ], [ -67.022568, 7.770402 ], [ -67.023293, 7.771482 ], [ -67.023766, 7.772486 ], [ -67.024139, 7.773785 ], [ -67.024399, 7.774368 ], [ -67.024635, 7.774950 ], [ -67.024818, 7.775577 ], [ -67.025078, 7.776136 ], [ -67.025589, 7.776773 ], [ -67.026123, 7.777228 ], [ -67.026894, 7.777665 ], [ -67.027413, 7.778004 ], [ -67.028786, 7.778369 ], [ -67.029419, 7.778573 ], [ -67.030128, 7.778757 ], [ -67.031662, 7.779196 ], [ -67.032936, 7.779651 ], [ -67.034096, 7.780193 ], [ -67.034660, 7.780533 ], [ -67.035606, 7.781276 ], [ -67.036072, 7.781796 ], [ -67.036469, 7.782361 ], [ -67.037079, 7.783322 ], [ -67.037499, 7.783911 ], [ -67.037994, 7.784409 ], [ -67.038460, 7.784906 ], [ -67.038971, 7.785383 ], [ -67.040009, 7.786128 ], [ -67.041374, 7.786654 ], [ -67.042694, 7.787132 ], [ -67.043404, 7.787361 ], [ -67.043922, 7.787701 ], [ -67.044510, 7.788892 ], [ -67.044762, 7.789474 ], [ -67.045113, 7.789991 ], [ -67.045540, 7.790488 ], [ -67.046051, 7.790917 ], [ -67.047134, 7.791664 ], [ -67.048431, 7.792326 ], [ -67.049507, 7.792521 ], [ -67.050575, 7.792096 ], [ -67.051170, 7.791585 ], [ -67.051651, 7.791026 ], [ -67.051994, 7.790439 ], [ -67.052269, 7.789873 ], [ -67.052544, 7.789216 ], [ -67.052818, 7.788420 ], [ -67.053177, 7.787281 ], [ -67.053589, 7.786603 ], [ -67.054069, 7.786067 ], [ -67.054741, 7.785422 ], [ -67.055969, 7.785025 ], [ -67.056664, 7.784999 ], [ -67.057281, 7.785112 ], [ -67.058014, 7.785343 ], [ -67.058838, 7.785529 ], [ -67.060219, 7.785665 ], [ -67.061379, 7.785310 ], [ -67.062363, 7.784928 ], [ -67.063461, 7.784457 ], [ -67.064423, 7.783958 ], [ -67.065147, 7.783637 ], [ -67.065864, 7.783498 ], [ -67.066467, 7.783403 ], [ -67.067162, 7.783309 ], [ -67.069443, 7.783336 ], [ -67.070091, 7.783264 ], [ -67.070786, 7.783125 ], [ -67.071739, 7.782856 ], [ -67.072884, 7.782479 ], [ -67.074257, 7.782040 ], [ -67.075813, 7.781606 ], [ -67.077118, 7.781210 ], [ -67.077766, 7.781024 ], [ -67.078507, 7.780909 ], [ -67.079765, 7.780605 ], [ -67.080391, 7.780509 ], [ -67.081245, 7.780398 ], [ -67.082847, 7.780173 ], [ -67.083862, 7.779975 ], [ -67.086235, 7.779452 ], [ -67.087189, 7.779230 ], [ -67.088043, 7.779073 ], [ -67.089020, 7.778827 ], [ -67.089783, 7.778668 ], [ -67.090553, 7.778463 ], [ -67.091415, 7.778145 ], [ -67.091980, 7.777817 ], [ -67.092812, 7.777016 ], [ -67.093269, 7.775651 ], [ -67.093269, 7.774916 ], [ -67.093079, 7.773715 ], [ -67.092918, 7.772973 ], [ -67.092499, 7.771718 ], [ -67.092300, 7.770839 ], [ -67.092178, 7.770215 ], [ -67.092178, 7.769570 ], [ -67.092514, 7.768477 ], [ -67.093285, 7.767352 ], [ -67.093696, 7.766882 ], [ -67.094238, 7.766394 ], [ -67.095360, 7.765945 ], [ -67.095955, 7.766079 ], [ -67.096520, 7.766328 ], [ -67.097092, 7.766622 ], [ -67.098808, 7.767748 ], [ -67.099915, 7.768380 ], [ -67.101219, 7.768813 ], [ -67.102043, 7.768816 ], [ -67.102714, 7.768722 ], [ -67.103462, 7.768561 ], [ -67.104836, 7.768192 ], [ -67.105812, 7.767877 ], [ -67.106651, 7.767582 ], [ -67.107399, 7.767306 ], [ -67.109077, 7.766578 ], [ -67.109703, 7.766529 ], [ -67.111023, 7.766409 ], [ -67.112251, 7.766241 ], [ -67.113701, 7.766195 ], [ -67.114944, 7.766257 ], [ -67.116341, 7.766531 ], [ -67.116936, 7.766687 ], [ -67.117691, 7.766803 ], [ -67.118980, 7.766844 ], [ -67.119720, 7.766775 ], [ -67.120506, 7.766616 ], [ -67.121948, 7.766294 ], [ -67.123154, 7.766101 ], [ -67.124435, 7.765797 ], [ -67.125130, 7.765589 ], [ -67.125923, 7.765338 ], [ -67.126640, 7.765153 ], [ -67.127403, 7.765063 ], [ -67.128098, 7.764969 ], [ -67.129097, 7.764793 ], [ -67.129936, 7.764590 ], [ -67.131119, 7.764283 ], [ -67.132484, 7.764189 ], [ -67.133164, 7.764600 ], [ -67.133575, 7.765395 ], [ -67.134399, 7.766157 ], [ -67.134918, 7.766495 ], [ -67.135536, 7.766652 ], [ -67.136383, 7.766817 ], [ -67.137581, 7.766946 ], [ -67.138206, 7.766874 ], [ -67.138786, 7.766685 ], [ -67.139671, 7.766214 ], [ -67.140572, 7.765662 ], [ -67.141113, 7.765242 ], [ -67.141678, 7.764776 ], [ -67.142799, 7.763823 ], [ -67.143272, 7.763400 ], [ -67.143814, 7.762981 ], [ -67.144310, 7.762559 ], [ -67.145317, 7.762039 ], [ -67.146164, 7.761722 ], [ -67.147072, 7.761405 ], [ -67.147903, 7.761248 ], [ -67.148880, 7.761025 ], [ -67.150063, 7.760879 ], [ -67.150734, 7.760808 ], [ -67.152435, 7.760861 ], [ -67.153259, 7.761024 ], [ -67.153992, 7.761140 ], [ -67.154701, 7.761346 ], [ -67.155342, 7.761573 ], [ -67.155930, 7.761890 ], [ -67.156509, 7.762368 ], [ -67.156982, 7.762890 ], [ -67.157517, 7.763319 ], [ -67.157890, 7.763929 ], [ -67.158058, 7.764533 ], [ -67.158241, 7.765825 ], [ -67.158279, 7.766908 ], [ -67.158180, 7.767800 ], [ -67.157959, 7.769058 ], [ -67.157501, 7.771021 ], [ -67.157318, 7.771751 ], [ -67.157112, 7.772411 ], [ -67.156838, 7.773070 ], [ -67.156105, 7.774242 ], [ -67.154663, 7.775485 ], [ -67.153534, 7.776805 ], [ -67.152855, 7.777727 ], [ -67.152443, 7.778449 ], [ -67.152100, 7.779197 ], [ -67.151817, 7.779923 ], [ -67.151657, 7.780562 ], [ -67.151970, 7.781791 ], [ -67.152885, 7.782556 ], [ -67.153458, 7.782804 ], [ -67.154099, 7.782893 ], [ -67.155258, 7.782699 ], [ -67.156357, 7.782205 ], [ -67.157005, 7.781926 ], [ -67.157684, 7.781764 ], [ -67.158806, 7.781247 ], [ -67.159553, 7.780857 ], [ -67.160095, 7.780552 ], [ -67.160896, 7.780072 ], [ -67.161529, 7.779678 ], [ -67.162788, 7.779211 ], [ -67.163689, 7.779171 ], [ -67.164398, 7.780112 ], [ -67.165123, 7.781101 ], [ -67.165733, 7.781511 ], [ -67.166435, 7.781924 ], [ -67.167580, 7.782351 ], [ -67.168198, 7.782485 ], [ -67.168862, 7.782574 ], [ -67.169640, 7.782691 ], [ -67.170326, 7.782827 ], [ -67.171112, 7.782853 ], [ -67.171867, 7.783037 ], [ -67.172874, 7.783138 ], [ -67.173637, 7.783024 ], [ -67.174690, 7.782689 ], [ -67.175591, 7.782625 ], [ -67.176354, 7.782557 ], [ -67.177086, 7.782603 ], [ -67.178627, 7.782858 ], [ -67.179405, 7.782952 ], [ -67.180534, 7.782826 ], [ -67.181167, 7.782593 ], [ -67.181862, 7.782385 ], [ -67.182518, 7.782267 ], [ -67.183235, 7.782014 ], [ -67.183845, 7.781712 ], [ -67.184364, 7.781291 ], [ -67.185699, 7.780045 ], [ -67.186318, 7.779375 ], [ -67.186752, 7.778883 ], [ -67.187348, 7.778257 ], [ -67.187874, 7.777630 ], [ -67.188896, 7.776765 ], [ -67.189636, 7.776719 ], [ -67.190354, 7.776581 ], [ -67.191132, 7.776675 ], [ -67.192009, 7.776702 ], [ -67.193413, 7.776608 ], [ -67.194710, 7.776557 ], [ -67.195305, 7.776736 ], [ -67.195869, 7.777145 ], [ -67.196434, 7.777439 ], [ -67.197167, 7.777553 ], [ -67.198036, 7.777719 ], [ -67.199303, 7.777827 ], [ -67.199944, 7.777963 ], [ -67.200691, 7.778400 ], [ -67.201256, 7.778694 ], [ -67.201889, 7.778966 ], [ -67.203132, 7.779098 ], [ -67.204010, 7.778986 ], [ -67.204819, 7.778943 ], [ -67.205498, 7.778619 ], [ -67.205910, 7.778149 ], [ -67.206177, 7.777537 ], [ -67.206840, 7.776430 ], [ -67.207420, 7.776242 ], [ -67.208084, 7.776470 ], [ -67.208450, 7.777125 ], [ -67.208824, 7.778470 ], [ -67.209022, 7.779350 ], [ -67.209557, 7.780056 ], [ -67.210243, 7.780147 ], [ -67.210983, 7.780170 ], [ -67.211906, 7.779969 ], [ -67.212585, 7.779807 ], [ -67.213959, 7.779297 ], [ -67.214584, 7.779134 ], [ -67.215660, 7.778777 ], [ -67.216606, 7.778623 ], [ -67.217873, 7.778822 ], [ -67.218674, 7.779629 ], [ -67.218971, 7.780305 ], [ -67.219261, 7.780843 ], [ -67.219513, 7.781540 ], [ -67.220184, 7.783470 ], [ -67.220421, 7.784053 ], [ -67.220741, 7.784798 ], [ -67.221001, 7.785450 ], [ -67.221321, 7.786127 ], [ -67.221603, 7.786802 ], [ -67.222176, 7.787823 ], [ -67.222809, 7.788052 ], [ -67.222725, 7.789252 ], [ -67.222626, 7.790053 ], [ -67.222649, 7.791433 ], [ -67.222740, 7.792195 ], [ -67.222946, 7.793120 ], [ -67.223457, 7.794218 ], [ -67.223808, 7.794826 ], [ -67.224373, 7.795925 ], [ -67.224846, 7.796445 ], [ -67.225403, 7.796946 ], [ -67.226303, 7.797640 ], [ -67.227272, 7.798223 ], [ -67.228065, 7.798661 ], [ -67.229202, 7.799317 ], [ -67.229813, 7.799636 ], [ -67.231071, 7.799950 ], [ -67.232514, 7.800157 ], [ -67.233246, 7.800318 ], [ -67.234169, 7.800920 ], [ -67.234810, 7.801976 ], [ -67.234970, 7.802671 ], [ -67.235039, 7.803408 ], [ -67.234909, 7.804576 ], [ -67.234901, 7.805405 ], [ -67.234932, 7.806072 ], [ -67.235496, 7.807033 ], [ -67.236710, 7.807461 ], [ -67.237419, 7.807437 ], [ -67.238052, 7.807205 ], [ -67.238777, 7.806905 ], [ -67.239380, 7.806671 ], [ -67.240257, 7.805986 ], [ -67.240646, 7.805400 ], [ -67.241280, 7.804339 ], [ -67.241570, 7.803773 ], [ -67.241982, 7.803303 ], [ -67.243149, 7.802743 ], [ -67.244217, 7.803213 ], [ -67.244873, 7.804314 ], [ -67.244972, 7.804984 ], [ -67.244926, 7.805649 ], [ -67.244812, 7.806334 ], [ -67.244354, 7.807540 ], [ -67.243637, 7.808527 ], [ -67.242660, 7.809486 ], [ -67.242020, 7.809972 ], [ -67.240967, 7.810537 ], [ -67.239731, 7.810982 ], [ -67.238976, 7.811326 ], [ -67.239021, 7.812269 ], [ -67.239555, 7.812654 ], [ -67.240601, 7.813169 ], [ -67.241219, 7.813258 ], [ -67.242348, 7.813316 ], [ -67.244621, 7.813525 ], [ -67.245239, 7.813751 ], [ -67.245903, 7.813957 ], [ -67.246467, 7.814204 ], [ -67.247215, 7.814618 ], [ -67.247894, 7.815008 ], [ -67.249008, 7.815686 ], [ -67.249573, 7.815957 ], [ -67.250732, 7.816567 ], [ -67.251724, 7.817241 ], [ -67.252212, 7.817648 ], [ -67.253265, 7.818646 ], [ -67.254036, 7.819798 ], [ -67.254227, 7.820424 ], [ -67.254509, 7.821696 ], [ -67.254677, 7.822897 ], [ -67.254852, 7.823870 ], [ -67.254936, 7.824815 ], [ -67.255081, 7.826084 ], [ -67.255127, 7.826705 ], [ -67.255226, 7.827375 ], [ -67.255432, 7.829520 ], [ -67.255524, 7.830213 ], [ -67.255737, 7.830795 ], [ -67.256111, 7.831312 ], [ -67.256584, 7.831740 ], [ -67.257050, 7.832238 ], [ -67.258164, 7.832640 ], [ -67.259483, 7.832589 ], [ -67.260574, 7.832256 ], [ -67.261322, 7.831912 ], [ -67.262054, 7.831589 ], [ -67.262703, 7.831403 ], [ -67.263863, 7.831255 ], [ -67.265114, 7.830971 ], [ -67.266327, 7.831193 ], [ -67.266914, 7.831534 ], [ -67.267860, 7.832207 ], [ -67.268547, 7.832550 ], [ -67.269089, 7.832843 ], [ -67.269745, 7.833162 ], [ -67.270958, 7.833522 ], [ -67.272270, 7.833609 ], [ -67.273003, 7.833610 ], [ -67.273674, 7.833538 ], [ -67.274483, 7.833471 ], [ -67.275162, 7.833354 ], [ -67.275787, 7.833212 ], [ -67.277611, 7.832374 ], [ -67.278198, 7.832092 ], [ -67.279099, 7.831293 ], [ -67.279503, 7.830823 ], [ -67.280403, 7.829379 ], [ -67.281517, 7.827643 ], [ -67.281929, 7.827127 ], [ -67.282806, 7.826373 ], [ -67.283409, 7.826277 ], [ -67.284126, 7.826184 ], [ -67.284820, 7.826023 ], [ -67.285927, 7.826033 ], [ -67.287056, 7.826712 ], [ -67.287621, 7.827144 ], [ -67.288117, 7.827504 ], [ -67.288902, 7.828103 ], [ -67.289856, 7.828753 ], [ -67.291054, 7.829458 ], [ -67.291718, 7.829640 ], [ -67.292305, 7.829888 ], [ -67.292915, 7.830252 ], [ -67.293457, 7.830590 ], [ -67.294182, 7.830981 ], [ -67.294746, 7.831366 ], [ -67.295685, 7.832429 ], [ -67.296585, 7.833170 ], [ -67.297905, 7.833465 ], [ -67.298317, 7.832972 ], [ -67.298569, 7.831462 ], [ -67.298737, 7.830548 ], [ -67.298950, 7.829842 ], [ -67.299782, 7.828925 ], [ -67.300423, 7.829888 ], [ -67.300705, 7.830493 ], [ -67.301002, 7.831170 ], [ -67.301300, 7.831938 ], [ -67.301529, 7.832682 ], [ -67.301735, 7.833400 ], [ -67.302170, 7.834978 ], [ -67.302338, 7.835648 ], [ -67.302521, 7.836276 ], [ -67.302757, 7.836972 ], [ -67.303009, 7.837647 ], [ -67.303284, 7.838460 ], [ -67.304298, 7.839228 ], [ -67.305244, 7.839855 ], [ -67.306305, 7.840486 ], [ -67.306984, 7.840968 ], [ -67.307846, 7.841316 ], [ -67.308670, 7.841617 ], [ -67.309563, 7.841852 ], [ -67.311005, 7.842150 ], [ -67.311615, 7.842398 ], [ -67.312157, 7.842944 ], [ -67.312973, 7.843982 ], [ -67.313469, 7.844387 ], [ -67.313980, 7.844863 ], [ -67.314568, 7.845388 ], [ -67.315193, 7.845981 ], [ -67.315636, 7.846432 ], [ -67.316131, 7.846838 ], [ -67.316696, 7.847270 ], [ -67.317261, 7.847587 ], [ -67.319168, 7.848496 ], [ -67.320289, 7.848807 ], [ -67.320908, 7.848941 ], [ -67.322143, 7.849279 ], [ -67.322731, 7.849596 ], [ -67.323128, 7.850091 ], [ -67.323425, 7.850904 ], [ -67.323586, 7.851760 ], [ -67.323631, 7.852474 ], [ -67.323608, 7.853256 ], [ -67.323608, 7.853900 ], [ -67.323586, 7.854725 ], [ -67.323586, 7.855991 ], [ -67.323563, 7.856681 ], [ -67.323677, 7.857557 ], [ -67.323837, 7.858183 ], [ -67.324089, 7.858973 ], [ -67.324867, 7.859916 ], [ -67.325386, 7.860347 ], [ -67.325882, 7.861488 ], [ -67.325951, 7.862158 ], [ -67.325951, 7.862778 ], [ -67.325821, 7.864154 ], [ -67.325798, 7.865372 ], [ -67.325913, 7.866112 ], [ -67.326126, 7.866693 ], [ -67.326904, 7.867751 ], [ -67.327370, 7.868203 ], [ -67.327934, 7.869277 ], [ -67.327965, 7.870543 ], [ -67.327690, 7.871179 ], [ -67.327278, 7.871718 ], [ -67.326736, 7.872207 ], [ -67.324181, 7.874219 ], [ -67.323410, 7.875185 ], [ -67.323158, 7.875798 ], [ -67.322937, 7.876388 ], [ -67.322517, 7.877249 ], [ -67.322121, 7.878133 ], [ -67.321655, 7.878877 ], [ -67.321197, 7.879553 ], [ -67.320267, 7.880559 ], [ -67.318863, 7.881987 ], [ -67.318336, 7.882545 ], [ -67.317925, 7.883084 ], [ -67.317627, 7.883765 ], [ -67.318482, 7.884550 ], [ -67.319099, 7.884570 ], [ -67.320885, 7.884303 ], [ -67.321625, 7.884211 ], [ -67.322227, 7.884115 ], [ -67.322922, 7.884090 ], [ -67.323654, 7.884136 ], [ -67.324829, 7.884287 ], [ -67.325470, 7.884491 ], [ -67.325890, 7.884942 ], [ -67.326348, 7.885737 ], [ -67.326698, 7.886254 ], [ -67.327522, 7.887223 ], [ -67.327965, 7.887788 ], [ -67.328407, 7.888446 ], [ -67.329613, 7.890369 ], [ -67.330101, 7.890936 ], [ -67.331238, 7.891430 ], [ -67.332313, 7.891027 ], [ -67.332924, 7.890609 ], [ -67.333870, 7.890018 ], [ -67.334923, 7.890280 ], [ -67.335228, 7.890864 ], [ -67.335411, 7.892228 ], [ -67.335266, 7.893050 ], [ -67.335015, 7.893777 ], [ -67.334671, 7.894389 ], [ -67.334259, 7.895065 ], [ -67.333946, 7.895630 ], [ -67.333786, 7.896293 ], [ -67.334274, 7.896675 ], [ -67.335289, 7.896109 ], [ -67.335915, 7.895899 ], [ -67.336952, 7.895309 ], [ -67.338081, 7.894517 ], [ -67.338699, 7.893984 ], [ -67.339623, 7.893093 ], [ -67.340057, 7.892509 ], [ -67.340469, 7.891901 ], [ -67.341362, 7.890733 ], [ -67.341942, 7.889946 ], [ -67.342354, 7.889362 ], [ -67.342667, 7.888819 ], [ -67.342987, 7.888300 ], [ -67.343376, 7.887576 ], [ -67.343765, 7.886876 ], [ -67.344254, 7.886110 ], [ -67.344856, 7.885369 ], [ -67.345520, 7.884677 ], [ -67.346542, 7.883836 ], [ -67.347198, 7.883373 ], [ -67.348000, 7.882937 ], [ -67.349312, 7.882932 ], [ -67.349876, 7.883272 ], [ -67.350296, 7.883790 ], [ -67.350746, 7.884931 ], [ -67.350548, 7.886074 ], [ -67.350250, 7.886709 ], [ -67.349915, 7.887227 ], [ -67.349457, 7.887720 ], [ -67.349007, 7.888142 ], [ -67.348488, 7.888541 ], [ -67.347824, 7.889025 ], [ -67.347305, 7.889422 ], [ -67.346810, 7.889845 ], [ -67.346313, 7.890243 ], [ -67.345497, 7.891276 ], [ -67.345337, 7.891892 ], [ -67.345406, 7.892584 ], [ -67.345566, 7.893302 ], [ -67.346321, 7.894244 ], [ -67.346886, 7.894583 ], [ -67.347382, 7.895013 ], [ -67.347946, 7.895467 ], [ -67.348412, 7.895872 ], [ -67.348984, 7.896188 ], [ -67.349647, 7.896393 ], [ -67.350929, 7.896594 ], [ -67.352005, 7.896076 ], [ -67.352623, 7.895612 ], [ -67.353317, 7.894645 ], [ -67.353546, 7.894054 ], [ -67.353844, 7.892615 ], [ -67.353958, 7.891906 ], [ -67.354011, 7.891103 ], [ -67.353889, 7.889742 ], [ -67.353416, 7.888693 ], [ -67.353188, 7.888042 ], [ -67.353134, 7.887397 ], [ -67.353294, 7.886781 ], [ -67.353592, 7.886192 ], [ -67.354362, 7.885181 ], [ -67.355484, 7.884549 ], [ -67.356270, 7.884551 ], [ -67.356964, 7.884526 ], [ -67.358093, 7.884583 ], [ -67.358704, 7.884764 ], [ -67.359344, 7.885060 ], [ -67.361565, 7.886371 ], [ -67.362236, 7.886874 ], [ -67.362869, 7.887376 ], [ -67.363472, 7.887947 ], [ -67.364273, 7.888892 ], [ -67.364876, 7.890151 ], [ -67.365082, 7.890894 ], [ -67.365021, 7.892065 ], [ -67.364861, 7.892772 ], [ -67.364601, 7.893707 ], [ -67.363663, 7.894874 ], [ -67.362984, 7.895243 ], [ -67.362236, 7.895565 ], [ -67.361648, 7.895938 ], [ -67.361168, 7.896521 ], [ -67.361320, 7.897674 ], [ -67.361954, 7.897856 ], [ -67.363159, 7.897686 ], [ -67.363930, 7.897503 ], [ -67.365082, 7.897539 ], [ -67.365975, 7.898325 ], [ -67.366371, 7.898912 ], [ -67.366585, 7.899494 ], [ -67.366707, 7.900095 ], [ -67.366890, 7.900722 ], [ -67.367103, 7.901327 ], [ -67.367691, 7.902402 ], [ -67.368141, 7.902899 ], [ -67.368790, 7.903471 ], [ -67.369400, 7.903881 ], [ -67.370544, 7.904077 ], [ -67.371216, 7.904051 ], [ -67.372413, 7.903928 ], [ -67.373139, 7.903743 ], [ -67.373703, 7.903501 ], [ -67.374657, 7.902986 ], [ -67.375854, 7.902425 ], [ -67.376480, 7.902284 ], [ -67.377777, 7.902093 ], [ -67.378532, 7.902256 ], [ -67.379219, 7.902506 ], [ -67.379784, 7.902937 ], [ -67.380135, 7.903477 ], [ -67.380440, 7.904085 ], [ -67.380760, 7.904647 ], [ -67.381378, 7.905631 ], [ -67.381744, 7.906355 ], [ -67.382110, 7.907285 ], [ -67.382294, 7.907890 ], [ -67.382530, 7.908541 ], [ -67.383118, 7.909617 ], [ -67.383636, 7.910092 ], [ -67.385116, 7.910644 ], [ -67.385712, 7.910846 ], [ -67.386970, 7.911047 ], [ -67.388046, 7.911402 ], [ -67.388847, 7.912254 ], [ -67.389389, 7.912592 ], [ -67.390381, 7.913383 ], [ -67.390991, 7.914458 ], [ -67.391297, 7.915088 ], [ -67.391930, 7.916121 ], [ -67.392662, 7.917039 ], [ -67.393104, 7.917468 ], [ -67.393723, 7.917831 ], [ -67.394844, 7.917360 ], [ -67.395126, 7.916335 ], [ -67.394653, 7.915239 ], [ -67.394348, 7.914609 ], [ -67.394051, 7.913955 ], [ -67.393753, 7.913188 ], [ -67.393562, 7.911894 ], [ -67.394371, 7.911068 ], [ -67.395584, 7.911405 ], [ -67.396103, 7.911881 ], [ -67.396400, 7.912557 ], [ -67.396629, 7.913230 ], [ -67.396911, 7.913860 ], [ -67.397400, 7.914450 ], [ -67.398063, 7.914631 ], [ -67.398804, 7.914562 ], [ -67.399689, 7.914405 ], [ -67.402382, 7.914351 ], [ -67.404366, 7.913814 ], [ -67.405388, 7.913546 ], [ -67.406456, 7.913188 ], [ -67.407181, 7.912982 ], [ -67.408508, 7.912586 ], [ -67.409416, 7.912361 ], [ -67.410248, 7.912087 ], [ -67.411087, 7.911861 ], [ -67.412193, 7.911274 ], [ -67.412781, 7.910902 ], [ -67.413819, 7.910037 ], [ -67.414276, 7.909523 ], [ -67.414680, 7.909029 ], [ -67.415047, 7.908442 ], [ -67.415444, 7.907649 ], [ -67.415741, 7.906899 ], [ -67.415970, 7.906217 ], [ -67.416313, 7.904963 ], [ -67.416718, 7.903733 ], [ -67.417038, 7.903008 ], [ -67.417587, 7.901944 ], [ -67.418365, 7.900657 ], [ -67.418823, 7.900028 ], [ -67.419846, 7.898266 ], [ -67.421150, 7.896466 ], [ -67.421799, 7.895659 ], [ -67.422272, 7.895144 ], [ -67.422912, 7.894567 ], [ -67.423500, 7.894147 ], [ -67.424210, 7.893756 ], [ -67.424927, 7.893594 ], [ -67.426079, 7.893629 ], [ -67.426910, 7.893632 ], [ -67.428207, 7.893327 ], [ -67.428802, 7.892931 ], [ -67.429596, 7.891806 ], [ -67.430031, 7.891153 ], [ -67.430359, 7.889684 ], [ -67.430695, 7.888839 ], [ -67.431885, 7.888326 ], [ -67.432518, 7.887990 ], [ -67.433182, 7.887861 ], [ -67.433968, 7.887847 ], [ -67.434845, 7.887928 ], [ -67.435737, 7.888078 ], [ -67.436569, 7.888249 ], [ -67.437210, 7.888488 ], [ -67.438034, 7.888844 ], [ -67.438858, 7.889290 ], [ -67.439591, 7.889599 ], [ -67.440208, 7.889928 ], [ -67.441216, 7.890792 ], [ -67.441963, 7.891285 ], [ -67.442741, 7.891708 ], [ -67.443382, 7.892108 ], [ -67.444092, 7.892576 ], [ -67.444779, 7.893069 ], [ -67.446106, 7.893867 ], [ -67.446770, 7.894129 ], [ -67.447434, 7.894343 ], [ -67.448258, 7.894814 ], [ -67.448921, 7.895214 ], [ -67.449539, 7.895543 ], [ -67.450195, 7.896058 ], [ -67.450836, 7.896686 ], [ -67.451424, 7.897338 ], [ -67.452019, 7.897965 ], [ -67.452698, 7.898802 ], [ -67.453446, 7.899662 ], [ -67.454109, 7.900039 ], [ -67.454750, 7.900300 ], [ -67.455734, 7.900773 ], [ -67.456490, 7.901104 ], [ -67.457291, 7.901390 ], [ -67.458374, 7.901588 ], [ -67.459251, 7.901553 ], [ -67.460449, 7.901616 ], [ -67.461159, 7.901693 ], [ -67.462242, 7.901868 ], [ -67.463303, 7.902112 ], [ -67.464127, 7.902399 ], [ -67.464790, 7.902568 ], [ -67.466377, 7.902934 ], [ -67.468101, 7.903210 ], [ -67.468926, 7.903426 ], [ -67.469688, 7.903528 ], [ -67.470589, 7.903701 ], [ -67.471344, 7.903735 ], [ -67.472992, 7.903757 ], [ -67.473717, 7.903789 ], [ -67.474434, 7.903867 ], [ -67.475311, 7.903901 ], [ -67.476090, 7.903820 ], [ -67.476944, 7.903693 ], [ -67.477661, 7.903610 ], [ -67.479187, 7.903493 ], [ -67.479904, 7.903365 ], [ -67.480873, 7.903445 ], [ -67.481766, 7.903503 ], [ -67.482460, 7.903512 ], [ -67.483200, 7.903545 ], [ -67.483909, 7.903646 ], [ -67.484695, 7.903679 ], [ -67.485435, 7.903667 ], [ -67.487350, 7.903600 ], [ -67.488220, 7.903635 ], [ -67.489830, 7.903999 ], [ -67.490616, 7.904124 ], [ -67.491371, 7.904294 ], [ -67.492157, 7.904443 ], [ -67.492935, 7.904568 ], [ -67.493721, 7.904602 ], [ -67.494453, 7.904680 ], [ -67.495216, 7.904851 ], [ -67.496224, 7.905048 ], [ -67.496864, 7.905354 ], [ -67.497673, 7.905710 ], [ -67.498398, 7.906064 ], [ -67.499130, 7.906533 ], [ -67.499794, 7.907024 ], [ -67.500389, 7.907561 ], [ -67.501045, 7.907982 ], [ -67.502724, 7.908809 ], [ -67.504005, 7.909424 ], [ -67.504829, 7.909664 ], [ -67.505516, 7.909789 ], [ -67.506256, 7.909797 ], [ -67.507042, 7.909624 ], [ -67.507897, 7.909544 ], [ -67.508705, 7.909622 ], [ -67.509437, 7.909816 ], [ -67.510124, 7.910054 ], [ -67.510811, 7.910316 ], [ -67.512558, 7.910964 ], [ -67.513550, 7.911092 ], [ -67.514267, 7.911263 ], [ -67.514877, 7.911662 ], [ -67.515922, 7.911973 ], [ -67.516609, 7.913249 ], [ -67.517136, 7.913876 ], [ -67.517563, 7.914457 ], [ -67.518150, 7.915201 ], [ -67.518669, 7.916012 ], [ -67.519096, 7.916661 ], [ -67.519463, 7.917310 ], [ -67.519776, 7.918004 ], [ -67.520202, 7.918791 ], [ -67.520584, 7.919554 ], [ -67.520584, 7.921399 ], [ -67.520180, 7.922853 ], [ -67.520042, 7.923649 ], [ -67.520020, 7.924281 ], [ -67.520065, 7.924901 ], [ -67.520226, 7.925752 ], [ -67.520470, 7.926374 ], [ -67.520744, 7.927110 ], [ -67.521065, 7.927847 ], [ -67.521637, 7.929299 ], [ -67.522713, 7.931166 ], [ -67.523483, 7.932364 ], [ -67.523903, 7.932941 ], [ -67.525223, 7.935086 ], [ -67.525642, 7.935616 ], [ -67.526169, 7.936216 ], [ -67.526672, 7.936770 ], [ -67.527107, 7.937210 ], [ -67.527939, 7.937898 ], [ -67.528969, 7.938121 ], [ -67.529671, 7.938613 ], [ -67.530449, 7.939176 ], [ -67.531319, 7.939532 ], [ -67.532074, 7.939910 ], [ -67.532837, 7.940128 ], [ -67.534325, 7.940470 ], [ -67.535088, 7.940596 ], [ -67.535843, 7.940698 ], [ -67.536675, 7.940824 ], [ -67.537575, 7.941020 ], [ -67.538399, 7.941238 ], [ -67.539039, 7.941524 ], [ -67.539703, 7.941854 ], [ -67.540321, 7.942276 ], [ -67.540917, 7.942630 ], [ -67.542122, 7.943772 ], [ -67.543037, 7.945246 ], [ -67.534836, 7.947269 ], [ -67.533882, 7.947884 ], [ -67.533051, 7.948270 ], [ -67.532432, 7.948451 ], [ -67.531693, 7.948722 ], [ -67.530815, 7.948947 ], [ -67.530098, 7.949219 ], [ -67.528869, 7.949650 ], [ -67.528206, 7.949851 ], [ -67.527443, 7.950009 ], [ -67.526711, 7.950189 ], [ -67.525741, 7.950459 ], [ -67.525047, 7.950616 ], [ -67.523850, 7.950954 ], [ -67.522904, 7.951202 ], [ -67.522140, 7.951358 ], [ -67.521217, 7.951721 ], [ -67.520317, 7.952061 ], [ -67.519692, 7.952310 ], [ -67.519050, 7.952582 ], [ -67.518448, 7.952785 ], [ -67.517594, 7.953148 ], [ -67.516624, 7.953511 ], [ -67.515701, 7.953897 ], [ -67.514916, 7.954167 ], [ -67.514244, 7.954440 ], [ -67.513580, 7.954667 ], [ -67.512817, 7.954960 ], [ -67.512169, 7.955164 ], [ -67.510460, 7.955614 ], [ -67.509522, 7.955884 ], [ -67.508964, 7.956180 ], [ -67.507576, 7.956792 ], [ -67.506859, 7.957063 ], [ -67.505921, 7.957380 ], [ -67.504898, 7.957743 ], [ -67.504067, 7.958197 ], [ -67.503471, 7.958493 ], [ -67.502777, 7.958925 ], [ -67.502174, 7.959427 ], [ -67.501732, 7.959930 ], [ -67.501457, 7.960503 ], [ -67.501381, 7.961491 ], [ -67.501404, 7.962157 ], [ -67.501511, 7.963100 ], [ -67.501694, 7.963768 ], [ -67.502037, 7.964344 ], [ -67.502586, 7.965357 ], [ -67.502953, 7.966118 ], [ -67.503288, 7.967075 ], [ -67.503471, 7.967683 ], [ -67.503723, 7.968351 ], [ -67.504387, 7.969825 ], [ -67.504799, 7.970425 ], [ -67.505302, 7.971094 ], [ -67.505806, 7.971786 ], [ -67.506287, 7.972386 ], [ -67.506790, 7.972986 ], [ -67.507980, 7.974535 ], [ -67.508339, 7.974865 ], [ -67.508758, 7.975272 ], [ -67.509407, 7.975849 ], [ -67.509957, 7.976243 ], [ -67.510552, 7.976637 ], [ -67.511353, 7.977095 ], [ -67.511749, 7.977264 ], [ -67.512627, 7.977568 ], [ -67.514023, 7.977943 ], [ -67.514786, 7.978132 ], [ -67.516144, 7.978529 ], [ -67.516739, 7.978716 ], [ -67.518288, 7.979046 ], [ -67.519043, 7.979142 ], [ -67.519692, 7.979123 ], [ -67.522247, 7.978816 ], [ -67.522873, 7.978773 ], [ -67.524345, 7.978735 ], [ -67.524826, 7.978698 ], [ -67.525986, 7.978629 ], [ -67.526764, 7.978841 ], [ -67.527458, 7.978982 ], [ -67.528168, 7.979008 ], [ -67.528885, 7.978944 ], [ -67.529717, 7.978787 ], [ -67.530457, 7.978561 ], [ -67.531006, 7.978128 ], [ -67.531402, 7.977648 ], [ -67.531700, 7.977098 ], [ -67.532173, 7.976113 ], [ -67.532654, 7.975173 ], [ -67.533203, 7.974314 ], [ -67.533867, 7.973469 ], [ -67.534027, 7.973297 ], [ -67.534622, 7.973024 ], [ -67.535225, 7.972912 ], [ -67.535820, 7.972917 ], [ -67.536377, 7.973079 ], [ -67.536881, 7.973404 ], [ -67.537338, 7.973843 ], [ -67.537842, 7.974420 ], [ -67.538277, 7.975089 ], [ -67.538735, 7.975667 ], [ -67.539131, 7.976197 ], [ -67.539947, 7.976831 ], [ -67.540893, 7.977286 ], [ -67.541542, 7.977565 ], [ -67.541741, 7.977635 ], [ -67.542992, 7.977940 ], [ -67.543587, 7.978036 ], [ -67.544304, 7.978062 ], [ -67.544945, 7.978067 ], [ -67.545639, 7.977979 ], [ -67.546242, 7.977683 ], [ -67.546776, 7.977318 ], [ -67.547325, 7.976724 ], [ -67.547676, 7.976128 ], [ -67.547981, 7.975464 ], [ -67.548210, 7.974775 ], [ -67.548561, 7.973560 ], [ -67.549080, 7.971977 ], [ -67.549400, 7.971128 ], [ -67.549683, 7.970510 ], [ -67.550217, 7.969938 ], [ -67.550629, 7.969585 ], [ -67.551811, 7.968911 ], [ -67.552673, 7.968571 ], [ -67.553589, 7.968348 ], [ -67.554230, 7.968489 ], [ -67.554832, 7.968907 ], [ -67.555221, 7.969437 ], [ -67.555466, 7.970082 ], [ -67.555580, 7.970795 ], [ -67.555489, 7.971437 ], [ -67.555161, 7.972033 ], [ -67.554787, 7.972582 ], [ -67.553566, 7.973817 ], [ -67.552704, 7.974892 ], [ -67.551498, 7.976425 ], [ -67.550918, 7.977088 ], [ -67.550224, 7.978072 ], [ -67.549851, 7.978782 ], [ -67.549713, 7.979448 ], [ -67.549713, 7.980068 ], [ -67.549843, 7.980643 ], [ -67.550323, 7.982002 ], [ -67.550667, 7.982831 ], [ -67.551353, 7.984236 ], [ -67.551880, 7.984928 ], [ -67.552361, 7.985368 ], [ -67.553093, 7.985877 ], [ -67.553627, 7.986155 ], [ -67.554245, 7.986411 ], [ -67.554794, 7.986575 ], [ -67.555603, 7.986717 ], [ -67.556267, 7.986812 ], [ -67.557052, 7.986886 ], [ -67.557724, 7.986958 ], [ -67.559105, 7.987173 ], [ -67.559769, 7.987315 ], [ -67.560509, 7.987548 ], [ -67.561584, 7.987967 ], [ -67.562256, 7.988316 ], [ -67.562805, 7.988549 ], [ -67.563637, 7.988875 ], [ -67.564209, 7.989062 ], [ -67.564736, 7.989363 ], [ -67.565292, 7.989849 ], [ -67.566002, 7.990220 ], [ -67.566765, 7.990431 ], [ -67.567886, 7.990644 ], [ -67.568489, 7.990739 ], [ -67.569222, 7.991019 ], [ -67.569824, 7.991344 ], [ -67.570305, 7.991691 ], [ -67.570877, 7.992291 ], [ -67.571198, 7.993029 ], [ -67.571266, 7.993810 ], [ -67.571098, 7.994475 ], [ -67.570801, 7.995141 ], [ -67.570404, 7.995689 ], [ -67.569916, 7.996146 ], [ -67.569130, 7.996785 ], [ -67.568527, 7.997127 ], [ -67.567329, 7.997740 ], [ -67.566658, 7.998127 ], [ -67.566032, 7.998538 ], [ -67.565575, 7.998903 ], [ -67.565155, 7.999361 ], [ -67.564354, 8.000206 ], [ -67.563751, 8.000483 ], [ -67.562531, 8.000538 ], [ -67.561958, 8.000679 ], [ -67.561272, 8.000958 ], [ -67.560165, 8.001448 ], [ -67.558792, 8.002994 ], [ -67.558517, 8.003684 ], [ -67.558456, 8.004327 ], [ -67.558365, 8.004993 ], [ -67.558304, 8.005935 ], [ -67.558327, 8.006693 ], [ -67.558380, 8.007242 ], [ -67.558426, 8.007955 ], [ -67.558479, 8.008482 ], [ -67.558594, 8.009009 ], [ -67.558998, 8.011120 ], [ -67.559212, 8.011785 ], [ -67.559517, 8.012517 ], [ -67.559792, 8.013043 ], [ -67.560303, 8.013408 ], [ -67.560928, 8.013541 ], [ -67.561615, 8.013308 ], [ -67.562164, 8.012892 ], [ -67.562531, 8.012383 ], [ -67.563011, 8.011922 ], [ -67.564041, 8.010791 ], [ -67.564476, 8.010261 ], [ -67.564934, 8.009845 ], [ -67.565468, 8.009497 ], [ -67.566086, 8.009194 ], [ -67.566803, 8.009098 ], [ -67.567398, 8.009071 ], [ -67.568252, 8.009089 ], [ -67.569130, 8.009176 ], [ -67.569656, 8.009425 ], [ -67.570076, 8.009768 ], [ -67.570404, 8.010225 ], [ -67.570961, 8.011323 ], [ -67.571106, 8.011942 ], [ -67.571220, 8.012585 ], [ -67.571571, 8.013845 ], [ -67.571762, 8.014602 ], [ -67.572166, 8.015953 ], [ -67.572441, 8.016619 ], [ -67.572815, 8.017235 ], [ -67.573166, 8.017648 ], [ -67.573860, 8.018630 ], [ -67.574142, 8.019156 ], [ -67.574699, 8.020438 ], [ -67.575241, 8.021767 ], [ -67.575561, 8.022476 ], [ -67.575889, 8.023048 ], [ -67.576149, 8.023575 ], [ -67.576660, 8.024559 ], [ -67.576897, 8.025040 ], [ -67.577286, 8.025542 ], [ -67.577751, 8.025907 ], [ -67.578422, 8.026133 ], [ -67.579017, 8.026083 ], [ -67.579590, 8.025666 ], [ -67.580116, 8.025066 ], [ -67.580994, 8.024235 ], [ -67.581451, 8.023704 ], [ -67.581810, 8.023128 ], [ -67.582108, 8.022620 ], [ -67.582405, 8.022137 ], [ -67.582840, 8.021491 ], [ -67.583275, 8.021052 ], [ -67.583824, 8.020659 ], [ -67.584610, 8.020379 ], [ -67.585113, 8.020605 ], [ -67.585579, 8.021039 ], [ -67.585770, 8.021565 ], [ -67.585937, 8.022345 ], [ -67.585823, 8.022897 ], [ -67.585640, 8.023519 ], [ -67.585320, 8.024002 ], [ -67.584770, 8.024487 ], [ -67.584381, 8.024948 ], [ -67.584129, 8.025571 ], [ -67.584000, 8.026214 ], [ -67.584160, 8.026718 ], [ -67.584534, 8.027129 ], [ -67.585091, 8.027287 ], [ -67.586220, 8.027761 ], [ -67.586914, 8.027942 ], [ -67.587624, 8.028051 ], [ -67.588272, 8.028094 ], [ -67.588799, 8.028068 ], [ -67.589378, 8.027994 ], [ -67.589996, 8.028060 ], [ -67.590553, 8.028103 ], [ -67.591660, 8.028303 ], [ -67.592193, 8.028506 ], [ -67.592651, 8.028824 ], [ -67.592911, 8.029351 ], [ -67.593033, 8.029947 ], [ -67.592735, 8.030432 ], [ -67.592232, 8.030870 ], [ -67.591583, 8.031241 ], [ -67.591057, 8.031475 ], [ -67.590485, 8.031686 ], [ -67.589905, 8.031919 ], [ -67.589264, 8.032220 ], [ -67.588714, 8.032407 ], [ -67.588020, 8.032687 ], [ -67.587196, 8.033174 ], [ -67.586739, 8.033819 ], [ -67.586327, 8.034602 ], [ -67.586121, 8.035177 ], [ -67.586082, 8.035774 ], [ -67.586243, 8.036302 ], [ -67.586639, 8.036758 ], [ -67.587036, 8.037238 ], [ -67.587593, 8.037603 ], [ -67.588257, 8.037828 ], [ -67.588951, 8.037801 ], [ -67.589684, 8.037796 ], [ -67.590217, 8.037747 ], [ -67.590797, 8.037743 ], [ -67.591347, 8.037809 ], [ -67.592201, 8.037873 ], [ -67.593010, 8.037891 ], [ -67.593948, 8.037885 ], [ -67.594757, 8.037972 ], [ -67.595337, 8.037992 ], [ -67.595909, 8.037966 ], [ -67.596535, 8.037961 ], [ -67.597389, 8.038049 ], [ -67.598038, 8.038389 ], [ -67.598656, 8.038798 ], [ -67.599281, 8.039185 ], [ -67.600693, 8.040324 ], [ -67.601341, 8.040871 ], [ -67.601784, 8.041259 ], [ -67.602203, 8.041760 ], [ -67.602478, 8.042242 ], [ -67.602714, 8.042907 ], [ -67.602837, 8.043526 ], [ -67.602791, 8.044054 ], [ -67.602699, 8.044720 ], [ -67.602592, 8.045272 ], [ -67.602547, 8.045800 ], [ -67.602440, 8.046467 ], [ -67.602211, 8.047042 ], [ -67.601982, 8.047548 ], [ -67.601639, 8.048170 ], [ -67.601295, 8.048700 ], [ -67.600975, 8.049253 ], [ -67.600662, 8.049898 ], [ -67.600365, 8.050382 ], [ -67.599907, 8.050797 ], [ -67.599213, 8.051146 ], [ -67.598709, 8.051310 ], [ -67.598083, 8.051452 ], [ -67.597488, 8.051547 ], [ -67.596848, 8.051735 ], [ -67.596062, 8.052014 ], [ -67.595161, 8.052204 ], [ -67.594383, 8.052255 ], [ -67.593849, 8.052166 ], [ -67.593086, 8.051964 ], [ -67.592277, 8.051717 ], [ -67.591499, 8.051514 ], [ -67.590576, 8.051244 ], [ -67.590019, 8.051018 ], [ -67.589348, 8.050793 ], [ -67.588745, 8.050567 ], [ -67.588287, 8.050271 ], [ -67.587845, 8.049814 ], [ -67.587540, 8.049265 ], [ -67.586868, 8.048167 ], [ -67.585937, 8.046222 ], [ -67.585396, 8.045192 ], [ -67.585007, 8.044689 ], [ -67.584518, 8.044302 ], [ -67.584007, 8.044099 ], [ -67.583435, 8.043942 ], [ -67.582764, 8.043899 ], [ -67.582023, 8.043881 ], [ -67.581246, 8.043885 ], [ -67.579887, 8.044076 ], [ -67.578575, 8.044429 ], [ -67.577469, 8.044712 ], [ -67.576317, 8.045085 ], [ -67.575539, 8.045297 ], [ -67.574867, 8.045600 ], [ -67.574204, 8.045947 ], [ -67.573585, 8.046387 ], [ -67.573311, 8.047009 ], [ -67.573174, 8.047675 ], [ -67.573296, 8.048295 ], [ -67.573555, 8.048775 ], [ -67.573898, 8.049255 ], [ -67.574249, 8.049689 ], [ -67.574669, 8.050122 ], [ -67.575287, 8.050418 ], [ -67.575958, 8.050460 ], [ -67.576531, 8.050433 ], [ -67.577133, 8.050430 ], [ -67.578331, 8.050468 ], [ -67.578865, 8.050580 ], [ -67.579437, 8.050737 ], [ -67.580689, 8.051005 ], [ -67.581520, 8.051229 ], [ -67.582138, 8.051411 ], [ -67.582809, 8.051636 ], [ -67.583298, 8.051862 ], [ -67.583755, 8.052203 ], [ -67.584450, 8.052865 ], [ -67.584938, 8.053413 ], [ -67.585312, 8.053916 ], [ -67.585571, 8.054488 ], [ -67.585686, 8.055062 ], [ -67.585808, 8.055796 ], [ -67.585877, 8.056324 ], [ -67.585770, 8.056875 ], [ -67.585586, 8.057450 ], [ -67.585335, 8.057934 ], [ -67.584900, 8.058350 ], [ -67.584351, 8.058766 ], [ -67.583702, 8.059069 ], [ -67.583107, 8.059210 ], [ -67.582458, 8.059282 ], [ -67.581795, 8.059447 ], [ -67.581246, 8.059679 ], [ -67.580551, 8.060028 ], [ -67.580094, 8.060307 ], [ -67.579613, 8.060585 ], [ -67.579246, 8.061024 ], [ -67.578880, 8.061508 ], [ -67.578514, 8.062015 ], [ -67.578171, 8.062522 ], [ -67.577827, 8.063098 ], [ -67.577187, 8.064204 ], [ -67.576828, 8.064895 ], [ -67.576485, 8.065517 ], [ -67.575798, 8.066646 ], [ -67.575249, 8.067682 ], [ -67.575028, 8.068350 ], [ -67.574684, 8.069223 ], [ -67.574280, 8.070466 ], [ -67.573959, 8.071822 ], [ -67.573784, 8.072374 ], [ -67.573555, 8.073018 ], [ -67.573463, 8.073547 ], [ -67.573341, 8.075683 ], [ -67.573341, 8.076303 ], [ -67.573463, 8.076830 ], [ -67.573669, 8.077403 ], [ -67.573998, 8.078044 ], [ -67.574532, 8.079165 ], [ -67.574837, 8.079738 ], [ -67.575234, 8.080217 ], [ -67.575676, 8.080720 ], [ -67.576134, 8.081106 ], [ -67.576622, 8.081449 ], [ -67.577156, 8.081790 ], [ -67.577568, 8.082200 ], [ -67.578079, 8.082680 ], [ -67.578407, 8.083159 ], [ -67.578735, 8.083778 ], [ -67.578987, 8.084305 ], [ -67.579246, 8.084807 ], [ -67.579689, 8.085884 ], [ -67.580132, 8.087052 ], [ -67.580437, 8.087740 ], [ -67.580811, 8.088656 ], [ -67.581093, 8.089159 ], [ -67.581558, 8.089730 ], [ -67.581970, 8.090095 ], [ -67.583550, 8.091440 ], [ -67.584053, 8.091782 ], [ -67.584656, 8.092076 ], [ -67.585373, 8.092210 ], [ -67.586044, 8.092275 ], [ -67.586845, 8.092270 ], [ -67.588646, 8.092190 ], [ -67.589889, 8.092182 ], [ -67.591392, 8.092289 ], [ -67.592011, 8.092354 ], [ -67.592544, 8.092420 ], [ -67.593117, 8.092507 ], [ -67.594368, 8.092798 ], [ -67.595909, 8.093179 ], [ -67.596489, 8.093337 ], [ -67.597572, 8.093606 ], [ -67.598747, 8.093760 ], [ -67.599281, 8.093802 ], [ -67.599922, 8.093889 ], [ -67.601334, 8.093928 ], [ -67.601860, 8.094039 ], [ -67.602303, 8.094358 ], [ -67.602745, 8.095020 ], [ -67.603073, 8.095685 ], [ -67.603233, 8.096211 ], [ -67.603355, 8.096808 ], [ -67.603523, 8.097542 ], [ -67.603615, 8.098345 ], [ -67.603668, 8.098919 ], [ -67.603806, 8.099514 ], [ -67.603996, 8.100064 ], [ -67.604233, 8.100591 ], [ -67.604668, 8.101002 ], [ -67.605247, 8.101458 ], [ -67.605667, 8.102006 ], [ -67.606018, 8.102509 ], [ -67.606430, 8.102943 ], [ -67.606896, 8.103284 ], [ -67.607544, 8.103578 ], [ -67.608116, 8.103621 ], [ -67.608765, 8.103433 ], [ -67.609039, 8.102972 ], [ -67.609261, 8.102328 ], [ -67.609306, 8.101754 ], [ -67.609329, 8.101226 ], [ -67.609245, 8.099366 ], [ -67.609200, 8.098793 ], [ -67.609306, 8.098148 ], [ -67.609444, 8.097460 ], [ -67.609512, 8.096886 ], [ -67.609551, 8.096266 ], [ -67.609795, 8.095094 ], [ -67.609886, 8.094519 ], [ -67.610046, 8.093898 ], [ -67.610405, 8.092816 ], [ -67.610657, 8.091989 ], [ -67.610908, 8.091367 ], [ -67.611244, 8.090699 ], [ -67.611656, 8.090170 ], [ -67.612160, 8.089752 ], [ -67.612648, 8.089474 ], [ -67.613334, 8.089149 ], [ -67.613907, 8.088984 ], [ -67.614693, 8.089003 ], [ -67.615227, 8.089091 ], [ -67.615776, 8.089273 ], [ -67.617050, 8.089746 ], [ -67.617630, 8.089972 ], [ -67.618965, 8.090377 ], [ -67.619591, 8.090534 ], [ -67.620331, 8.090690 ], [ -67.620995, 8.090777 ], [ -67.622009, 8.090864 ], [ -67.623604, 8.090946 ], [ -67.624130, 8.090988 ], [ -67.624916, 8.091007 ], [ -67.625496, 8.090981 ], [ -67.626068, 8.090977 ], [ -67.626854, 8.091064 ], [ -67.627617, 8.091311 ], [ -67.628174, 8.091744 ], [ -67.628334, 8.092272 ], [ -67.627968, 8.092939 ], [ -67.627579, 8.093515 ], [ -67.627167, 8.093932 ], [ -67.626663, 8.094325 ], [ -67.626183, 8.094558 ], [ -67.625465, 8.094768 ], [ -67.624199, 8.094913 ], [ -67.623558, 8.094941 ], [ -67.622887, 8.094992 ], [ -67.622360, 8.095017 ], [ -67.621666, 8.095021 ], [ -67.621094, 8.095094 ], [ -67.620285, 8.095144 ], [ -67.619362, 8.095173 ], [ -67.618790, 8.095291 ], [ -67.618141, 8.095502 ], [ -67.617569, 8.095712 ], [ -67.616783, 8.096038 ], [ -67.616051, 8.096364 ], [ -67.615524, 8.096642 ], [ -67.615112, 8.097035 ], [ -67.614586, 8.097728 ], [ -67.614288, 8.098327 ], [ -67.614197, 8.099015 ], [ -67.614250, 8.099612 ], [ -67.614441, 8.100323 ], [ -67.614906, 8.101628 ], [ -67.615563, 8.102979 ], [ -67.615959, 8.103620 ], [ -67.616280, 8.104077 ], [ -67.616722, 8.104648 ], [ -67.617279, 8.105241 ], [ -67.617790, 8.105697 ], [ -67.618271, 8.106085 ], [ -67.618873, 8.106471 ], [ -67.619522, 8.106927 ], [ -67.620171, 8.107496 ], [ -67.620705, 8.108182 ], [ -67.621124, 8.108800 ], [ -67.621452, 8.109532 ], [ -67.621735, 8.110013 ], [ -67.622063, 8.110631 ], [ -67.622734, 8.112073 ], [ -67.623062, 8.113288 ], [ -67.623230, 8.113860 ], [ -67.623398, 8.114618 ], [ -67.623466, 8.115168 ], [ -67.623611, 8.115833 ], [ -67.623779, 8.116521 ], [ -67.623962, 8.117070 ], [ -67.624596, 8.118466 ], [ -67.624901, 8.119246 ], [ -67.625198, 8.119887 ], [ -67.625527, 8.120504 ], [ -67.626579, 8.122931 ], [ -67.626907, 8.123642 ], [ -67.627281, 8.124212 ], [ -67.627693, 8.124784 ], [ -67.628204, 8.125263 ], [ -67.628761, 8.125719 ], [ -67.630341, 8.126835 ], [ -67.631538, 8.127654 ], [ -67.632072, 8.127995 ], [ -67.633736, 8.129179 ], [ -67.634293, 8.129452 ], [ -67.634850, 8.129631 ], [ -67.635544, 8.129810 ], [ -67.636276, 8.130036 ], [ -67.636787, 8.130217 ], [ -67.638107, 8.130919 ], [ -67.639168, 8.131418 ], [ -67.639862, 8.131805 ], [ -67.640373, 8.132077 ], [ -67.640900, 8.132395 ], [ -67.642037, 8.132939 ], [ -67.642731, 8.133233 ], [ -67.643333, 8.133367 ], [ -67.644043, 8.133409 ], [ -67.644600, 8.133429 ], [ -67.645126, 8.133471 ], [ -67.645798, 8.133628 ], [ -67.646538, 8.133876 ], [ -67.647141, 8.134148 ], [ -67.648270, 8.134715 ], [ -67.649521, 8.135373 ], [ -67.650192, 8.135598 ], [ -67.650810, 8.135778 ], [ -67.652245, 8.136091 ], [ -67.653580, 8.136473 ], [ -67.654228, 8.136676 ], [ -67.655571, 8.137196 ], [ -67.656380, 8.137489 ], [ -67.657143, 8.137783 ], [ -67.657738, 8.138032 ], [ -67.658249, 8.138281 ], [ -67.658806, 8.138599 ], [ -67.659958, 8.139143 ], [ -67.660721, 8.139529 ], [ -67.661255, 8.139915 ], [ -67.661720, 8.140464 ], [ -67.662048, 8.140967 ], [ -67.662208, 8.141471 ], [ -67.662308, 8.142090 ], [ -67.662354, 8.142641 ], [ -67.662430, 8.143238 ], [ -67.662453, 8.143857 ], [ -67.662392, 8.144523 ], [ -67.662208, 8.145122 ], [ -67.661865, 8.145859 ], [ -67.661553, 8.146618 ], [ -67.661415, 8.147239 ], [ -67.661369, 8.147767 ], [ -67.661423, 8.148317 ], [ -67.661476, 8.149097 ], [ -67.661591, 8.149810 ], [ -67.661804, 8.150381 ], [ -67.661964, 8.150886 ], [ -67.662666, 8.152029 ], [ -67.663017, 8.152509 ], [ -67.663918, 8.153353 ], [ -67.664383, 8.153764 ], [ -67.664940, 8.154013 ], [ -67.665329, 8.154033 ], [ -67.665947, 8.154006 ], [ -67.666618, 8.154025 ], [ -67.667793, 8.154270 ], [ -67.668465, 8.154336 ], [ -67.669044, 8.154171 ], [ -67.669685, 8.153892 ], [ -67.670860, 8.153448 ], [ -67.671432, 8.153353 ], [ -67.672104, 8.153302 ], [ -67.672699, 8.153482 ], [ -67.673142, 8.153825 ], [ -67.673149, 8.154399 ], [ -67.673080, 8.155019 ], [ -67.672851, 8.155501 ], [ -67.672462, 8.155963 ], [ -67.672074, 8.156333 ], [ -67.671501, 8.156635 ], [ -67.670997, 8.156914 ], [ -67.670555, 8.157262 ], [ -67.670120, 8.157792 ], [ -67.669685, 8.158368 ], [ -67.669418, 8.158898 ], [ -67.669029, 8.160254 ], [ -67.668922, 8.160784 ], [ -67.668785, 8.161313 ], [ -67.668625, 8.161981 ], [ -67.668289, 8.163842 ], [ -67.668205, 8.164554 ], [ -67.668182, 8.165128 ], [ -67.668144, 8.165679 ], [ -67.668053, 8.166299 ], [ -67.667923, 8.166989 ], [ -67.667648, 8.168070 ], [ -67.667565, 8.168781 ], [ -67.667587, 8.169402 ], [ -67.667595, 8.169998 ], [ -67.667572, 8.170618 ], [ -67.667488, 8.171767 ], [ -67.667419, 8.172503 ], [ -67.667381, 8.173260 ], [ -67.667313, 8.173858 ], [ -67.667252, 8.174546 ], [ -67.667229, 8.175189 ], [ -67.667168, 8.176430 ], [ -67.666946, 8.177761 ], [ -67.666542, 8.179119 ], [ -67.665878, 8.180478 ], [ -67.665581, 8.181238 ], [ -67.665428, 8.181744 ], [ -67.665245, 8.182915 ], [ -67.665184, 8.183513 ], [ -67.665443, 8.184086 ], [ -67.666504, 8.184722 ], [ -67.667038, 8.185086 ], [ -67.667549, 8.185382 ], [ -67.668190, 8.185699 ], [ -67.669487, 8.186241 ], [ -67.670136, 8.186467 ], [ -67.670708, 8.186579 ], [ -67.671379, 8.186804 ], [ -67.671982, 8.187144 ], [ -67.672974, 8.187781 ], [ -67.673599, 8.188099 ], [ -67.674759, 8.188597 ], [ -67.675316, 8.188847 ], [ -67.675888, 8.189210 ], [ -67.676354, 8.189574 ], [ -67.676910, 8.190145 ], [ -67.677261, 8.190785 ], [ -67.677467, 8.191358 ], [ -67.677658, 8.191931 ], [ -67.677757, 8.192505 ], [ -67.677757, 8.193125 ], [ -67.677673, 8.193698 ], [ -67.677422, 8.194297 ], [ -67.677170, 8.195011 ], [ -67.677009, 8.195585 ], [ -67.676994, 8.196159 ], [ -67.676949, 8.196757 ], [ -67.676956, 8.197331 ], [ -67.676872, 8.198708 ], [ -67.676872, 8.199420 ], [ -67.676857, 8.199949 ], [ -67.676880, 8.200637 ], [ -67.677185, 8.201094 ], [ -67.677597, 8.201436 ], [ -67.677948, 8.201916 ], [ -67.678208, 8.202419 ], [ -67.678390, 8.202992 ], [ -67.678696, 8.203450 ], [ -67.679047, 8.203907 ], [ -67.679535, 8.204225 ], [ -67.680244, 8.204268 ], [ -67.680779, 8.204126 ], [ -67.681305, 8.203870 ], [ -67.681900, 8.203383 ], [ -67.682381, 8.203037 ], [ -67.682999, 8.202620 ], [ -67.684151, 8.202062 ], [ -67.684799, 8.201874 ], [ -67.685486, 8.201823 ], [ -67.687470, 8.201879 ], [ -67.688370, 8.201967 ], [ -67.688927, 8.202055 ], [ -67.689453, 8.202166 ], [ -67.690010, 8.202301 ], [ -67.690590, 8.202480 ], [ -67.691330, 8.202751 ], [ -67.692039, 8.203046 ], [ -67.692665, 8.203410 ], [ -67.693199, 8.203750 ], [ -67.693802, 8.204206 ], [ -67.694382, 8.204707 ], [ -67.694756, 8.205094 ], [ -67.695053, 8.205529 ], [ -67.695450, 8.206216 ], [ -67.695778, 8.207017 ], [ -67.695946, 8.207567 ], [ -67.696373, 8.209401 ], [ -67.696579, 8.210180 ], [ -67.696846, 8.211488 ], [ -67.697105, 8.213047 ], [ -67.697250, 8.213667 ], [ -67.697418, 8.214492 ], [ -67.697724, 8.215844 ], [ -67.697891, 8.216485 ], [ -67.698097, 8.217036 ], [ -67.698402, 8.217723 ], [ -67.698708, 8.218226 ], [ -67.699104, 8.218775 ], [ -67.699448, 8.219209 ], [ -67.699753, 8.219666 ], [ -67.700104, 8.220215 ], [ -67.700401, 8.220787 ], [ -67.700730, 8.221473 ], [ -67.700989, 8.221978 ], [ -67.701203, 8.222504 ], [ -67.701454, 8.223030 ], [ -67.701736, 8.223488 ], [ -67.702080, 8.223969 ], [ -67.702545, 8.224517 ], [ -67.703453, 8.225750 ], [ -67.704063, 8.226986 ], [ -67.704369, 8.227673 ], [ -67.704597, 8.228153 ], [ -67.704857, 8.228725 ], [ -67.705139, 8.229183 ], [ -67.705551, 8.229732 ], [ -67.706551, 8.230254 ], [ -67.707077, 8.230457 ], [ -67.708214, 8.230680 ], [ -67.708763, 8.230768 ], [ -67.709969, 8.230921 ], [ -67.710518, 8.230918 ], [ -67.711830, 8.230749 ], [ -67.712822, 8.230674 ], [ -67.713402, 8.230716 ], [ -67.714851, 8.230868 ], [ -67.715454, 8.230909 ], [ -67.716263, 8.230950 ], [ -67.716995, 8.231015 ], [ -67.717758, 8.231102 ], [ -67.718475, 8.231121 ], [ -67.719208, 8.231070 ], [ -67.720314, 8.230926 ], [ -67.720985, 8.230852 ], [ -67.721680, 8.230847 ], [ -67.722923, 8.231115 ], [ -67.723686, 8.231225 ], [ -67.724312, 8.231338 ], [ -67.725693, 8.231420 ], [ -67.726227, 8.231440 ], [ -67.727539, 8.231385 ], [ -67.728531, 8.231379 ], [ -67.729683, 8.231280 ], [ -67.730278, 8.231253 ], [ -67.731964, 8.231334 ], [ -67.732498, 8.231400 ], [ -67.733025, 8.231512 ], [ -67.733810, 8.231759 ], [ -67.734550, 8.232144 ], [ -67.735291, 8.232325 ], [ -67.736053, 8.232549 ], [ -67.736588, 8.232729 ], [ -67.737694, 8.233066 ], [ -67.738274, 8.233201 ], [ -67.738983, 8.233403 ], [ -67.739746, 8.233535 ], [ -67.740395, 8.233669 ], [ -67.741066, 8.233780 ], [ -67.741707, 8.233913 ], [ -67.742493, 8.234023 ], [ -67.743141, 8.234134 ], [ -67.743721, 8.234222 ], [ -67.744575, 8.234331 ], [ -67.745354, 8.234418 ], [ -67.746696, 8.234525 ], [ -67.747337, 8.234544 ], [ -67.748100, 8.234493 ], [ -67.748772, 8.234397 ], [ -67.749321, 8.234210 ], [ -67.749870, 8.233724 ], [ -67.750374, 8.233078 ], [ -67.750763, 8.232455 ], [ -67.751015, 8.231856 ], [ -67.751282, 8.231167 ], [ -67.751533, 8.230614 ], [ -67.751831, 8.230016 ], [ -67.752327, 8.228772 ], [ -67.752579, 8.228196 ], [ -67.752854, 8.227460 ], [ -67.752754, 8.226818 ], [ -67.752937, 8.226220 ], [ -67.753212, 8.225645 ], [ -67.753487, 8.225184 ], [ -67.754517, 8.224006 ], [ -67.754929, 8.223590 ], [ -67.755455, 8.223013 ], [ -67.756485, 8.222271 ], [ -67.757057, 8.221900 ], [ -67.757637, 8.221483 ], [ -67.758141, 8.221228 ], [ -67.758835, 8.220994 ], [ -67.759590, 8.220781 ], [ -67.760162, 8.220687 ], [ -67.760697, 8.220546 ], [ -67.761505, 8.220357 ], [ -67.762306, 8.220191 ], [ -67.762886, 8.220118 ], [ -67.763619, 8.220044 ], [ -67.764244, 8.219995 ], [ -67.764954, 8.219991 ], [ -67.765602, 8.219940 ], [ -67.766365, 8.219982 ], [ -67.766891, 8.220023 ], [ -67.767540, 8.220158 ], [ -67.768349, 8.220406 ], [ -67.769112, 8.220768 ], [ -67.769646, 8.221177 ], [ -67.770157, 8.221679 ], [ -67.770645, 8.222181 ], [ -67.771065, 8.222637 ], [ -67.771317, 8.223256 ], [ -67.771507, 8.223806 ], [ -67.771698, 8.224447 ], [ -67.771790, 8.225043 ], [ -67.771843, 8.225617 ], [ -67.771805, 8.226765 ], [ -67.771736, 8.227455 ], [ -67.771744, 8.228074 ], [ -67.771797, 8.229314 ], [ -67.771797, 8.229934 ], [ -67.771759, 8.231105 ], [ -67.771721, 8.232667 ], [ -67.771774, 8.233333 ], [ -67.771896, 8.234066 ], [ -67.771942, 8.234593 ], [ -67.771973, 8.235167 ], [ -67.772118, 8.236338 ], [ -67.772141, 8.236865 ], [ -67.772148, 8.237622 ], [ -67.772224, 8.238886 ], [ -67.772316, 8.239528 ], [ -67.772461, 8.240078 ], [ -67.772812, 8.241292 ], [ -67.773071, 8.242048 ], [ -67.773285, 8.242575 ], [ -67.773750, 8.243490 ], [ -67.773918, 8.244063 ], [ -67.774124, 8.244637 ], [ -67.774338, 8.245323 ], [ -67.774551, 8.245942 ], [ -67.774757, 8.246469 ], [ -67.774994, 8.247019 ], [ -67.775322, 8.247614 ], [ -67.775673, 8.248300 ], [ -67.776016, 8.248802 ], [ -67.776459, 8.249374 ], [ -67.776924, 8.249922 ], [ -67.777412, 8.250309 ], [ -67.777901, 8.250628 ], [ -67.778335, 8.250992 ], [ -67.778824, 8.251356 ], [ -67.779289, 8.251789 ], [ -67.779800, 8.252315 ], [ -67.780243, 8.252817 ], [ -67.780754, 8.253433 ], [ -67.781197, 8.254027 ], [ -67.781548, 8.254600 ], [ -67.781799, 8.255195 ], [ -67.782387, 8.256292 ], [ -67.782715, 8.256887 ], [ -67.783058, 8.257620 ], [ -67.783341, 8.258078 ], [ -67.783646, 8.258534 ], [ -67.783905, 8.259268 ], [ -67.783974, 8.259910 ], [ -67.784027, 8.260598 ], [ -67.783936, 8.261289 ], [ -67.783829, 8.262001 ], [ -67.783692, 8.262690 ], [ -67.783676, 8.263242 ], [ -67.783745, 8.263861 ], [ -67.783844, 8.264457 ], [ -67.783844, 8.265031 ], [ -67.783829, 8.265789 ], [ -67.783836, 8.267694 ], [ -67.783890, 8.268383 ], [ -67.784012, 8.269048 ], [ -67.784225, 8.269849 ], [ -67.784523, 8.270537 ], [ -67.784828, 8.271040 ], [ -67.785202, 8.271566 ], [ -67.785522, 8.272000 ], [ -67.785965, 8.272457 ], [ -67.786385, 8.272867 ], [ -67.786781, 8.273277 ], [ -67.787293, 8.273642 ], [ -67.787819, 8.273821 ], [ -67.788445, 8.273979 ], [ -67.789093, 8.274067 ], [ -67.789734, 8.274039 ], [ -67.790337, 8.273898 ], [ -67.790863, 8.273688 ], [ -67.791298, 8.273317 ], [ -67.791664, 8.272879 ], [ -67.791984, 8.272326 ], [ -67.792190, 8.271682 ], [ -67.792229, 8.271153 ], [ -67.792183, 8.270465 ], [ -67.792015, 8.269272 ], [ -67.791847, 8.268630 ], [ -67.791611, 8.268126 ], [ -67.791359, 8.267393 ], [ -67.791122, 8.266890 ], [ -67.790932, 8.266179 ], [ -67.790604, 8.265125 ], [ -67.790413, 8.264369 ], [ -67.790291, 8.263704 ], [ -67.790177, 8.262970 ], [ -67.790100, 8.262397 ], [ -67.790054, 8.261663 ], [ -67.790047, 8.261110 ], [ -67.790115, 8.260582 ], [ -67.790199, 8.260054 ], [ -67.790474, 8.259364 ], [ -67.790817, 8.258786 ], [ -67.791298, 8.258049 ], [ -67.791779, 8.257656 ], [ -67.792374, 8.257331 ], [ -67.792885, 8.257144 ], [ -67.793663, 8.256794 ], [ -67.794266, 8.256607 ], [ -67.794907, 8.256465 ], [ -67.795532, 8.256392 ], [ -67.796059, 8.256412 ], [ -67.796753, 8.256545 ], [ -67.798302, 8.257041 ], [ -67.799019, 8.257357 ], [ -67.799874, 8.257764 ], [ -67.800407, 8.258312 ], [ -67.800942, 8.258814 ], [ -67.801338, 8.259225 ], [ -67.801849, 8.259887 ], [ -67.802216, 8.260390 ], [ -67.802589, 8.261007 ], [ -67.802986, 8.261556 ], [ -67.803429, 8.262080 ], [ -67.803803, 8.262492 ], [ -67.804237, 8.262926 ], [ -67.804726, 8.263335 ], [ -67.805260, 8.263745 ], [ -67.805748, 8.264040 ], [ -67.806351, 8.264336 ], [ -67.806854, 8.264516 ], [ -67.807571, 8.264695 ], [ -67.808334, 8.264874 ], [ -67.809464, 8.265050 ], [ -67.810181, 8.265114 ], [ -67.810898, 8.265063 ], [ -67.811493, 8.265037 ], [ -67.812027, 8.264963 ], [ -67.813248, 8.264635 ], [ -67.813820, 8.264286 ], [ -67.814484, 8.263755 ], [ -67.814987, 8.263131 ], [ -67.815307, 8.262670 ], [ -67.815628, 8.262232 ], [ -67.815994, 8.261747 ], [ -67.816338, 8.261332 ], [ -67.817276, 8.260430 ], [ -67.818405, 8.259826 ], [ -67.818977, 8.259592 ], [ -67.819717, 8.259703 ], [ -67.820343, 8.259860 ], [ -67.820961, 8.260108 ], [ -67.822098, 8.260743 ], [ -67.822655, 8.261038 ], [ -67.823204, 8.261241 ], [ -67.823715, 8.261398 ], [ -67.824318, 8.261556 ], [ -67.824989, 8.261688 ], [ -67.825539, 8.261846 ], [ -67.826187, 8.262072 ], [ -67.826721, 8.262045 ], [ -67.827385, 8.261926 ], [ -67.828033, 8.261852 ], [ -67.828605, 8.261734 ], [ -67.829163, 8.261593 ], [ -67.829781, 8.261498 ], [ -67.830337, 8.261545 ], [ -67.830864, 8.261818 ], [ -67.831169, 8.262343 ], [ -67.831200, 8.262986 ], [ -67.831177, 8.263584 ], [ -67.831047, 8.264158 ], [ -67.830887, 8.264733 ], [ -67.830543, 8.265309 ], [ -67.830200, 8.265725 ], [ -67.829765, 8.266072 ], [ -67.829285, 8.266420 ], [ -67.828827, 8.266767 ], [ -67.828316, 8.267069 ], [ -67.827835, 8.267324 ], [ -67.827080, 8.267904 ], [ -67.826714, 8.268296 ], [ -67.826393, 8.268781 ], [ -67.826004, 8.269588 ], [ -67.825821, 8.270116 ], [ -67.825760, 8.270691 ], [ -67.825783, 8.271287 ], [ -67.825882, 8.271907 ], [ -67.826004, 8.272434 ], [ -67.826027, 8.273214 ], [ -67.825920, 8.273858 ], [ -67.825828, 8.274478 ], [ -67.825745, 8.275213 ], [ -67.825752, 8.276454 ], [ -67.825729, 8.277212 ], [ -67.825760, 8.277762 ], [ -67.825828, 8.278336 ], [ -67.825928, 8.279552 ], [ -67.825958, 8.280241 ], [ -67.826103, 8.281342 ], [ -67.826408, 8.282487 ], [ -67.826698, 8.283772 ], [ -67.826790, 8.284414 ], [ -67.826775, 8.285034 ], [ -67.826729, 8.285608 ], [ -67.826714, 8.286182 ], [ -67.826759, 8.286894 ], [ -67.826927, 8.287535 ], [ -67.827209, 8.288108 ], [ -67.827599, 8.288633 ], [ -67.828369, 8.289523 ], [ -67.828743, 8.289912 ], [ -67.829201, 8.290345 ], [ -67.829781, 8.290823 ], [ -67.831062, 8.291756 ], [ -67.831589, 8.292120 ], [ -67.832191, 8.292506 ], [ -67.832954, 8.292920 ], [ -67.833336, 8.293147 ], [ -67.833771, 8.293438 ], [ -67.834343, 8.293686 ], [ -67.834946, 8.293545 ], [ -67.835289, 8.293324 ], [ -67.835922, 8.292931 ], [ -67.836433, 8.292570 ], [ -67.836876, 8.292224 ], [ -67.837540, 8.291738 ], [ -67.838570, 8.291109 ], [ -67.839218, 8.290831 ], [ -67.839836, 8.290803 ], [ -67.840347, 8.291006 ], [ -67.840721, 8.291395 ], [ -67.840927, 8.291922 ], [ -67.841049, 8.292472 ], [ -67.840958, 8.293047 ], [ -67.840805, 8.293667 ], [ -67.840385, 8.294929 ], [ -67.840134, 8.295780 ], [ -67.840034, 8.296244 ], [ -67.840042, 8.296818 ], [ -67.840233, 8.298171 ], [ -67.840378, 8.299295 ], [ -67.840355, 8.299939 ], [ -67.840317, 8.300467 ], [ -67.840225, 8.301110 ], [ -67.840187, 8.301639 ], [ -67.840118, 8.302259 ], [ -67.840126, 8.302879 ], [ -67.840149, 8.303544 ], [ -67.840134, 8.304072 ], [ -67.840134, 8.304876 ], [ -67.840187, 8.305495 ], [ -67.840141, 8.306093 ], [ -67.840103, 8.307287 ], [ -67.840042, 8.307884 ], [ -67.840027, 8.308783 ], [ -67.840050, 8.309309 ], [ -67.840118, 8.309973 ], [ -67.840309, 8.310523 ], [ -67.840637, 8.311348 ], [ -67.841148, 8.311954 ], [ -67.841545, 8.312398 ], [ -67.842285, 8.312844 ], [ -67.843445, 8.313464 ], [ -67.843926, 8.313737 ], [ -67.844391, 8.314033 ], [ -67.844925, 8.314396 ], [ -67.845390, 8.314830 ], [ -67.845779, 8.315240 ], [ -67.846268, 8.315603 ], [ -67.846779, 8.315876 ], [ -67.847382, 8.316148 ], [ -67.848488, 8.316738 ], [ -67.849602, 8.317442 ], [ -67.850250, 8.317921 ], [ -67.851135, 8.318649 ], [ -67.851647, 8.319059 ], [ -67.852173, 8.319469 ], [ -67.852638, 8.319787 ], [ -67.853195, 8.320105 ], [ -67.853867, 8.320514 ], [ -67.854469, 8.320831 ], [ -67.855026, 8.321057 ], [ -67.855827, 8.321281 ], [ -67.856384, 8.321279 ], [ -67.857239, 8.321134 ], [ -67.857994, 8.320670 ], [ -67.858566, 8.320161 ], [ -67.858498, 8.319588 ], [ -67.858421, 8.318763 ], [ -67.858345, 8.318234 ], [ -67.858276, 8.317569 ], [ -67.858177, 8.317042 ], [ -67.858040, 8.316377 ], [ -67.857941, 8.315619 ], [ -67.858070, 8.314883 ], [ -67.858276, 8.314306 ], [ -67.858528, 8.313664 ], [ -67.859115, 8.312351 ], [ -67.859505, 8.311913 ], [ -67.860016, 8.311587 ], [ -67.860565, 8.311378 ], [ -67.861229, 8.311190 ], [ -67.861855, 8.311048 ], [ -67.862343, 8.310919 ], [ -67.863861, 8.310621 ], [ -67.864433, 8.310455 ], [ -67.865219, 8.310200 ], [ -67.865906, 8.309941 ], [ -67.866333, 8.309760 ], [ -67.867127, 8.309452 ], [ -67.867744, 8.309149 ], [ -67.868461, 8.308868 ], [ -67.868965, 8.308682 ], [ -67.869514, 8.308449 ], [ -67.870575, 8.307960 ], [ -67.871521, 8.307403 ], [ -67.872231, 8.306937 ], [ -67.872826, 8.306475 ], [ -67.873443, 8.305874 ], [ -67.873878, 8.305412 ], [ -67.874268, 8.304904 ], [ -67.874657, 8.304465 ], [ -67.875000, 8.304050 ], [ -67.875526, 8.303632 ], [ -67.876060, 8.303561 ], [ -67.876541, 8.303834 ], [ -67.876824, 8.304382 ], [ -67.876991, 8.304886 ], [ -67.877663, 8.305822 ], [ -67.877830, 8.306327 ], [ -67.878021, 8.307037 ], [ -67.878227, 8.307725 ], [ -67.878349, 8.308298 ], [ -67.878303, 8.308849 ], [ -67.878174, 8.309540 ], [ -67.877991, 8.310069 ], [ -67.877670, 8.310691 ], [ -67.877304, 8.311130 ], [ -67.876869, 8.311615 ], [ -67.876411, 8.311985 ], [ -67.875656, 8.313000 ], [ -67.875267, 8.313600 ], [ -67.874908, 8.314084 ], [ -67.874397, 8.314615 ], [ -67.873878, 8.315085 ], [ -67.873505, 8.315401 ], [ -67.873047, 8.315749 ], [ -67.872635, 8.316097 ], [ -67.872086, 8.316491 ], [ -67.871002, 8.317163 ], [ -67.870476, 8.317534 ], [ -67.869995, 8.317836 ], [ -67.869431, 8.318359 ], [ -67.869011, 8.318784 ], [ -67.868523, 8.319155 ], [ -67.868133, 8.319525 ], [ -67.867722, 8.319896 ], [ -67.867287, 8.320334 ], [ -67.866737, 8.320866 ], [ -67.866394, 8.321281 ], [ -67.865707, 8.322342 ], [ -67.865364, 8.322918 ], [ -67.865089, 8.323401 ], [ -67.864754, 8.323909 ], [ -67.862640, 8.325921 ], [ -67.862297, 8.326337 ], [ -67.861694, 8.326994 ], [ -67.861313, 8.327445 ], [ -67.860924, 8.327814 ], [ -67.860535, 8.328254 ], [ -67.860100, 8.328601 ], [ -67.859573, 8.328926 ], [ -67.859085, 8.329273 ], [ -67.858513, 8.329621 ], [ -67.857368, 8.330433 ], [ -67.856888, 8.330757 ], [ -67.856400, 8.331151 ], [ -67.855942, 8.331544 ], [ -67.854813, 8.333633 ], [ -67.854431, 8.334214 ], [ -67.852783, 8.336377 ], [ -67.852310, 8.337049 ], [ -67.851517, 8.338257 ], [ -67.851227, 8.338813 ], [ -67.850960, 8.339437 ], [ -67.850571, 8.340822 ], [ -67.850510, 8.341455 ], [ -67.850495, 8.342133 ], [ -67.850525, 8.343993 ], [ -67.850601, 8.345417 ], [ -67.850685, 8.346145 ], [ -67.851013, 8.348212 ], [ -67.851074, 8.348855 ], [ -67.851150, 8.349519 ], [ -67.851280, 8.350184 ], [ -67.851525, 8.350984 ], [ -67.851738, 8.351578 ], [ -67.851982, 8.352148 ], [ -67.852310, 8.352739 ], [ -67.852669, 8.353263 ], [ -67.853043, 8.353762 ], [ -67.853355, 8.354262 ], [ -67.853889, 8.354529 ], [ -67.854515, 8.354657 ], [ -67.855209, 8.354715 ], [ -67.855858, 8.354728 ], [ -67.856636, 8.354692 ], [ -67.857330, 8.354681 ], [ -67.857979, 8.354648 ], [ -67.858665, 8.354545 ], [ -67.859268, 8.354351 ], [ -67.859886, 8.354090 ], [ -67.860413, 8.353828 ], [ -67.861053, 8.353474 ], [ -67.861557, 8.353074 ], [ -67.862503, 8.352049 ], [ -67.862892, 8.351468 ], [ -67.863968, 8.349590 ], [ -67.864548, 8.348386 ], [ -67.864769, 8.347832 ], [ -67.864922, 8.347233 ], [ -67.865135, 8.346516 ], [ -67.865379, 8.345802 ], [ -67.865761, 8.344580 ], [ -67.866058, 8.343698 ], [ -67.866348, 8.343004 ], [ -67.866562, 8.342590 ], [ -67.866981, 8.341976 ], [ -67.867546, 8.341308 ], [ -67.868027, 8.340888 ], [ -67.868599, 8.340694 ], [ -67.869179, 8.340800 ], [ -67.869644, 8.341183 ], [ -67.869812, 8.341755 ], [ -67.869919, 8.342373 ], [ -67.870041, 8.342992 ], [ -67.870308, 8.343768 ], [ -67.870437, 8.344249 ], [ -67.870583, 8.344912 ], [ -67.870758, 8.345576 ], [ -67.870926, 8.346147 ], [ -67.871330, 8.346646 ], [ -67.871887, 8.347051 ], [ -67.872421, 8.347318 ], [ -67.873001, 8.347516 ], [ -67.874741, 8.347900 ], [ -67.875343, 8.347960 ], [ -67.875992, 8.347973 ], [ -67.876640, 8.348146 ], [ -67.877914, 8.348425 ], [ -67.878540, 8.348576 ], [ -67.879280, 8.348687 ], [ -67.879883, 8.348761 ], [ -67.881203, 8.348878 ], [ -67.881844, 8.348798 ], [ -67.882317, 8.348790 ], [ -67.883140, 8.348800 ], [ -67.883888, 8.348876 ], [ -67.884407, 8.348964 ], [ -67.884994, 8.349207 ], [ -67.885391, 8.349637 ], [ -67.885750, 8.350205 ], [ -67.886009, 8.350729 ], [ -67.886230, 8.351346 ], [ -67.886665, 8.352488 ], [ -67.886925, 8.353036 ], [ -67.887764, 8.354258 ], [ -67.888062, 8.354670 ], [ -67.888885, 8.355691 ], [ -67.889313, 8.356236 ], [ -67.889732, 8.356711 ], [ -67.890137, 8.357280 ], [ -67.891296, 8.358823 ], [ -67.892685, 8.360570 ], [ -67.893082, 8.361003 ], [ -67.893623, 8.361634 ], [ -67.894928, 8.362941 ], [ -67.895271, 8.363231 ], [ -67.896278, 8.364318 ], [ -67.897789, 8.366085 ], [ -67.898163, 8.366585 ], [ -67.899086, 8.367673 ], [ -67.899628, 8.368260 ], [ -67.900665, 8.369554 ], [ -67.901085, 8.370120 ], [ -67.901512, 8.370643 ], [ -67.901894, 8.371303 ], [ -67.902229, 8.371964 ], [ -67.902489, 8.372534 ], [ -67.902733, 8.373265 ], [ -67.902817, 8.373953 ], [ -67.902779, 8.374597 ], [ -67.902695, 8.375218 ], [ -67.902496, 8.375888 ], [ -67.902023, 8.376331 ], [ -67.901451, 8.376525 ], [ -67.900894, 8.376786 ], [ -67.900208, 8.377050 ], [ -67.898819, 8.377433 ], [ -67.898369, 8.377585 ], [ -67.897751, 8.377871 ], [ -67.897224, 8.378178 ], [ -67.896729, 8.378553 ], [ -67.896484, 8.379131 ], [ -67.896423, 8.379799 ], [ -67.896477, 8.380395 ], [ -67.896675, 8.381059 ], [ -67.896980, 8.381581 ], [ -67.897453, 8.381988 ], [ -67.898010, 8.382346 ], [ -67.898620, 8.382589 ], [ -67.899223, 8.382786 ], [ -67.899826, 8.382937 ], [ -67.900406, 8.383043 ], [ -67.901054, 8.383216 ], [ -67.901726, 8.383321 ], [ -67.903641, 8.383289 ], [ -67.904281, 8.383188 ], [ -67.904732, 8.383084 ], [ -67.905594, 8.382868 ], [ -67.906189, 8.382696 ], [ -67.906883, 8.382456 ], [ -67.908005, 8.381978 ], [ -67.908524, 8.381782 ], [ -67.909172, 8.381523 ], [ -67.910194, 8.381067 ], [ -67.911034, 8.380713 ], [ -67.911697, 8.380404 ], [ -67.912109, 8.380166 ], [ -67.913620, 8.379361 ], [ -67.914352, 8.379004 ], [ -67.915413, 8.378551 ], [ -67.916016, 8.378311 ], [ -67.916542, 8.378133 ], [ -67.916901, 8.378021 ], [ -67.917183, 8.377917 ], [ -67.917923, 8.377699 ], [ -67.918320, 8.377608 ], [ -67.919037, 8.377413 ], [ -67.919746, 8.377194 ], [ -67.920364, 8.377069 ], [ -67.921082, 8.376943 ], [ -67.921906, 8.376769 ], [ -67.923294, 8.376563 ], [ -67.924790, 8.376447 ], [ -67.925484, 8.376344 ], [ -67.926376, 8.376192 ], [ -67.927811, 8.376008 ], [ -67.929169, 8.375871 ], [ -67.929909, 8.375813 ], [ -67.930641, 8.375801 ], [ -67.932076, 8.375824 ], [ -67.932770, 8.375859 ], [ -67.933510, 8.375984 ], [ -67.934136, 8.376250 ], [ -67.934769, 8.376561 ], [ -67.935356, 8.376977 ], [ -67.936287, 8.377662 ], [ -67.936867, 8.378067 ], [ -67.937340, 8.378427 ], [ -67.937531, 8.378998 ], [ -67.937378, 8.379621 ], [ -67.936951, 8.380041 ], [ -67.936401, 8.380348 ], [ -67.935829, 8.380587 ], [ -67.934586, 8.380746 ], [ -67.934158, 8.381186 ], [ -67.933792, 8.381677 ], [ -67.933594, 8.382232 ], [ -67.933579, 8.382875 ], [ -67.933708, 8.383471 ], [ -67.933990, 8.384097 ], [ -67.934990, 8.385655 ], [ -67.935295, 8.386201 ], [ -67.935997, 8.388005 ], [ -67.936195, 8.388576 ], [ -67.936485, 8.389299 ], [ -67.936699, 8.389809 ], [ -67.937271, 8.391063 ], [ -67.937782, 8.392319 ], [ -67.938042, 8.392912 ], [ -67.938354, 8.393480 ], [ -67.938736, 8.394072 ], [ -67.939537, 8.395185 ], [ -67.940025, 8.395658 ], [ -67.940613, 8.395971 ], [ -67.941193, 8.396076 ], [ -67.941933, 8.396156 ], [ -67.942551, 8.396193 ], [ -67.943336, 8.396180 ], [ -67.944008, 8.396192 ], [ -67.944748, 8.396179 ], [ -67.945389, 8.396054 ], [ -67.945892, 8.396027 ], [ -67.946640, 8.396056 ], [ -67.947960, 8.396173 ], [ -67.948578, 8.396256 ], [ -67.949142, 8.396660 ], [ -67.949616, 8.397203 ], [ -67.950043, 8.397771 ], [ -67.950417, 8.398514 ], [ -67.950661, 8.398955 ], [ -67.951569, 8.400847 ], [ -67.952301, 8.402155 ], [ -67.953041, 8.403327 ], [ -67.953987, 8.404553 ], [ -67.954949, 8.405548 ], [ -67.955551, 8.406128 ], [ -67.956032, 8.406628 ], [ -67.956383, 8.407018 ], [ -67.956894, 8.407446 ], [ -67.957955, 8.408462 ], [ -67.958336, 8.408985 ], [ -67.958756, 8.409484 ], [ -67.959297, 8.410048 ], [ -67.959816, 8.410522 ], [ -67.960419, 8.411018 ], [ -67.960983, 8.411446 ], [ -67.962219, 8.412207 ], [ -67.962669, 8.412660 ], [ -67.962906, 8.413299 ], [ -67.962830, 8.413989 ], [ -67.962441, 8.414478 ], [ -67.961967, 8.414853 ], [ -67.960800, 8.415492 ], [ -67.960129, 8.415595 ], [ -67.959503, 8.415582 ], [ -67.958908, 8.415844 ], [ -67.957977, 8.416618 ], [ -67.957565, 8.417084 ], [ -67.957184, 8.417619 ], [ -67.956848, 8.418153 ], [ -67.956558, 8.418685 ], [ -67.956337, 8.419310 ], [ -67.956161, 8.419932 ], [ -67.956009, 8.420555 ], [ -67.955887, 8.421339 ], [ -67.955719, 8.422650 ], [ -67.955780, 8.423316 ], [ -67.955948, 8.423910 ], [ -67.956283, 8.424411 ], [ -67.956840, 8.424630 ], [ -67.957466, 8.424712 ], [ -67.958115, 8.424770 ], [ -67.959320, 8.425118 ], [ -67.959991, 8.425292 ], [ -67.960854, 8.425482 ], [ -67.961380, 8.425613 ], [ -67.962151, 8.425831 ], [ -67.962753, 8.425983 ], [ -67.963409, 8.426265 ], [ -67.964058, 8.426604 ], [ -67.964638, 8.426963 ], [ -67.965271, 8.427412 ], [ -67.966301, 8.428290 ], [ -67.966721, 8.428743 ], [ -67.967217, 8.429194 ], [ -67.967735, 8.429807 ], [ -67.968819, 8.431053 ], [ -67.969360, 8.431641 ], [ -67.970421, 8.432887 ], [ -67.970840, 8.433317 ], [ -67.971336, 8.433768 ], [ -67.971802, 8.434220 ], [ -67.972389, 8.434763 ], [ -67.972862, 8.435168 ], [ -67.973892, 8.436025 ], [ -67.974541, 8.436473 ], [ -67.975266, 8.436898 ], [ -67.976036, 8.437322 ], [ -67.977196, 8.437808 ], [ -67.977806, 8.438121 ], [ -67.978363, 8.438364 ], [ -67.979713, 8.439076 ], [ -67.980278, 8.439389 ], [ -67.980927, 8.439700 ], [ -67.981644, 8.439964 ], [ -67.982346, 8.440274 ], [ -67.983108, 8.440492 ], [ -67.984665, 8.440857 ], [ -67.985245, 8.440963 ], [ -67.986054, 8.440972 ], [ -67.986809, 8.440914 ], [ -67.987526, 8.440880 ], [ -67.988197, 8.440913 ], [ -67.988800, 8.441042 ], [ -67.989403, 8.441194 ], [ -67.989990, 8.441644 ], [ -67.990158, 8.442261 ], [ -67.990219, 8.442857 ], [ -67.990135, 8.443479 ], [ -67.989777, 8.444101 ], [ -67.989144, 8.445126 ], [ -67.988853, 8.445729 ], [ -67.988564, 8.446307 ], [ -67.988319, 8.446955 ], [ -67.988098, 8.447509 ], [ -67.987831, 8.448134 ], [ -67.987549, 8.448760 ], [ -67.987183, 8.449247 ], [ -67.986778, 8.449691 ], [ -67.986275, 8.450089 ], [ -67.985725, 8.450374 ], [ -67.985199, 8.450658 ], [ -67.984604, 8.450920 ], [ -67.984009, 8.451091 ], [ -67.983360, 8.451263 ], [ -67.982697, 8.451458 ], [ -67.982048, 8.451629 ], [ -67.981338, 8.451777 ], [ -67.980637, 8.451885 ], [ -67.980141, 8.452027 ], [ -67.978783, 8.452255 ], [ -67.978104, 8.452411 ], [ -67.977516, 8.452507 ], [ -67.976921, 8.452655 ], [ -67.974991, 8.453282 ], [ -67.974388, 8.453499 ], [ -67.973564, 8.453776 ], [ -67.973084, 8.453957 ], [ -67.971870, 8.454620 ], [ -67.971268, 8.455089 ], [ -67.970871, 8.455418 ], [ -67.970512, 8.456100 ], [ -67.970329, 8.456552 ], [ -67.970100, 8.457561 ], [ -67.970016, 8.458025 ], [ -67.969971, 8.458510 ], [ -67.969910, 8.460142 ], [ -67.969963, 8.460762 ], [ -67.970039, 8.462345 ], [ -67.970123, 8.463148 ], [ -67.970200, 8.463813 ], [ -67.970406, 8.465188 ], [ -67.970566, 8.465962 ], [ -67.970642, 8.466609 ], [ -67.970711, 8.467940 ], [ -67.970695, 8.468607 ], [ -67.970733, 8.469249 ], [ -67.970810, 8.470029 ], [ -67.970894, 8.470739 ], [ -67.971001, 8.471335 ], [ -67.971168, 8.471930 ], [ -67.971435, 8.472523 ], [ -67.971947, 8.472858 ], [ -67.972572, 8.472826 ], [ -67.973190, 8.472632 ], [ -67.973808, 8.472392 ], [ -67.974335, 8.472108 ], [ -67.974953, 8.471846 ], [ -67.975533, 8.471698 ], [ -67.976196, 8.471550 ], [ -67.976868, 8.471378 ], [ -67.977478, 8.471286 ], [ -67.978294, 8.471125 ], [ -67.979073, 8.470997 ], [ -67.979721, 8.470872 ], [ -67.980477, 8.470745 ], [ -67.981171, 8.470688 ], [ -67.982643, 8.470526 ], [ -67.983429, 8.470398 ], [ -67.984833, 8.470283 ], [ -67.987724, 8.470237 ], [ -67.989204, 8.470259 ], [ -67.989685, 8.470205 ], [ -67.990242, 8.470163 ], [ -67.991302, 8.470109 ], [ -67.991898, 8.470054 ], [ -67.992500, 8.469951 ], [ -67.993141, 8.469780 ], [ -67.994614, 8.469435 ], [ -67.995354, 8.469331 ], [ -67.996002, 8.469343 ], [ -67.996628, 8.469448 ], [ -67.997368, 8.469711 ], [ -67.998016, 8.470046 ], [ -67.998650, 8.470288 ], [ -67.999229, 8.470600 ], [ -68.000046, 8.470863 ], [ -68.000466, 8.471346 ], [ -68.000900, 8.472012 ], [ -68.001267, 8.472539 ], [ -68.002098, 8.473663 ], [ -68.002564, 8.474236 ], [ -68.003159, 8.474901 ], [ -68.003853, 8.475635 ], [ -68.004455, 8.476232 ], [ -68.004982, 8.476737 ], [ -68.005776, 8.477647 ], [ -68.006134, 8.478161 ], [ -68.006371, 8.479122 ], [ -68.005859, 8.479628 ], [ -68.005287, 8.479880 ], [ -68.004684, 8.479973 ], [ -68.004059, 8.480454 ], [ -68.003670, 8.481029 ], [ -68.003212, 8.481649 ], [ -68.002251, 8.482860 ], [ -68.001938, 8.483301 ], [ -68.001625, 8.483946 ], [ -68.001251, 8.484597 ], [ -68.000961, 8.485126 ], [ -68.000839, 8.486184 ], [ -68.002060, 8.490015 ], [ -68.002304, 8.490747 ], [ -68.002548, 8.491278 ], [ -68.002708, 8.491565 ], [ -68.002998, 8.492459 ], [ -68.003647, 8.492574 ], [ -68.004501, 8.492664 ], [ -68.005127, 8.492710 ], [ -68.005745, 8.492733 ], [ -68.007271, 8.492732 ], [ -68.008125, 8.492754 ], [ -68.009781, 8.492811 ], [ -68.010315, 8.492869 ], [ -68.011009, 8.493166 ], [ -68.011582, 8.493875 ], [ -68.012390, 8.493875 ], [ -68.013016, 8.493897 ], [ -68.013794, 8.494058 ], [ -68.014534, 8.494268 ], [ -68.015251, 8.494493 ], [ -68.015869, 8.494952 ], [ -68.016083, 8.495732 ], [ -68.016106, 8.496398 ], [ -68.016037, 8.496971 ], [ -68.015854, 8.497591 ], [ -68.015549, 8.498212 ], [ -68.015205, 8.499061 ], [ -68.014900, 8.499773 ], [ -68.014694, 8.500300 ], [ -68.014488, 8.500920 ], [ -68.014328, 8.501678 ], [ -68.014214, 8.502459 ], [ -68.014122, 8.503399 ], [ -68.014145, 8.504410 ], [ -68.014214, 8.505259 ], [ -68.014351, 8.506016 ], [ -68.014794, 8.507439 ], [ -68.015022, 8.508059 ], [ -68.015205, 8.508609 ], [ -68.015549, 8.509916 ], [ -68.015762, 8.510605 ], [ -68.016037, 8.511156 ], [ -68.016449, 8.511592 ], [ -68.016892, 8.512142 ], [ -68.017441, 8.512601 ], [ -68.017860, 8.513014 ], [ -68.018364, 8.513827 ], [ -68.018570, 8.514298 ], [ -68.018898, 8.515246 ], [ -68.019303, 8.516587 ], [ -68.019425, 8.517097 ], [ -68.019524, 8.518636 ], [ -68.019524, 8.519370 ], [ -68.019615, 8.520679 ], [ -68.019661, 8.521505 ], [ -68.019661, 8.522285 ], [ -68.019714, 8.523276 ], [ -68.019729, 8.523730 ], [ -68.019729, 8.525750 ], [ -68.019753, 8.526370 ], [ -68.019729, 8.527128 ], [ -68.019653, 8.528018 ], [ -68.019501, 8.528643 ], [ -68.019478, 8.529307 ], [ -68.019524, 8.529997 ], [ -68.019661, 8.530731 ], [ -68.019920, 8.531602 ], [ -68.020096, 8.532269 ], [ -68.020401, 8.532980 ], [ -68.020744, 8.533462 ], [ -68.021279, 8.534058 ], [ -68.021782, 8.534448 ], [ -68.022293, 8.534768 ], [ -68.022819, 8.535021 ], [ -68.023537, 8.535273 ], [ -68.024437, 8.535448 ], [ -68.025032, 8.535547 ], [ -68.027138, 8.535797 ], [ -68.027710, 8.535912 ], [ -68.028542, 8.536003 ], [ -68.029289, 8.536180 ], [ -68.029854, 8.536402 ], [ -68.029533, 8.536852 ], [ -68.029533, 8.537472 ], [ -68.029373, 8.538137 ], [ -68.029144, 8.538712 ], [ -68.028816, 8.539377 ], [ -68.028450, 8.539860 ], [ -68.027916, 8.540297 ], [ -68.027412, 8.540687 ], [ -68.026863, 8.541008 ], [ -68.026260, 8.541192 ], [ -68.025612, 8.541261 ], [ -68.024964, 8.541262 ], [ -68.024345, 8.541057 ], [ -68.023765, 8.540690 ], [ -68.023193, 8.540300 ], [ -68.022613, 8.539932 ], [ -68.022034, 8.539428 ], [ -68.021553, 8.538854 ], [ -68.021232, 8.538351 ], [ -68.020767, 8.537846 ], [ -68.020142, 8.537708 ], [ -68.019569, 8.538008 ], [ -68.019341, 8.538581 ], [ -68.019318, 8.539268 ], [ -68.019524, 8.539911 ], [ -68.019913, 8.540485 ], [ -68.020195, 8.541036 ], [ -68.020561, 8.541633 ], [ -68.020859, 8.542230 ], [ -68.021072, 8.542940 ], [ -68.020881, 8.543606 ], [ -68.020447, 8.544135 ], [ -68.019798, 8.544502 ], [ -68.019249, 8.544686 ], [ -68.018532, 8.544779 ], [ -68.017906, 8.544732 ], [ -68.017029, 8.544412 ], [ -68.016297, 8.544068 ], [ -68.015671, 8.543725 ], [ -68.014862, 8.543472 ], [ -68.014221, 8.543542 ], [ -68.013618, 8.543795 ], [ -68.013062, 8.544162 ], [ -68.012604, 8.544667 ], [ -68.012375, 8.545287 ], [ -68.012207, 8.545930 ], [ -68.012261, 8.546825 ], [ -68.012421, 8.547468 ], [ -68.012764, 8.548156 ], [ -68.013062, 8.548890 ], [ -68.013298, 8.549580 ], [ -68.013642, 8.551024 ], [ -68.013802, 8.551667 ], [ -68.013733, 8.552402 ], [ -68.013344, 8.552907 ], [ -68.012672, 8.553021 ], [ -68.011910, 8.552977 ], [ -68.010597, 8.552495 ], [ -68.009354, 8.552404 ], [ -68.008774, 8.552634 ], [ -68.008125, 8.553025 ], [ -68.007782, 8.553508 ], [ -68.007690, 8.554172 ], [ -68.008034, 8.554701 ], [ -68.008453, 8.555113 ], [ -68.008774, 8.555618 ], [ -68.009354, 8.556950 ], [ -68.009697, 8.557569 ], [ -68.010017, 8.558326 ], [ -68.010139, 8.558991 ], [ -68.010323, 8.559610 ], [ -68.010666, 8.560139 ], [ -68.011177, 8.560574 ], [ -68.011658, 8.561079 ], [ -68.012032, 8.561721 ], [ -68.012215, 8.562364 ], [ -68.012215, 8.562983 ], [ -68.012100, 8.563695 ], [ -68.011772, 8.564246 ], [ -68.011383, 8.564705 ], [ -68.010689, 8.564429 ], [ -68.010185, 8.564132 ], [ -68.009766, 8.563651 ], [ -68.008797, 8.562595 ], [ -68.008407, 8.561975 ], [ -68.007874, 8.561334 ], [ -68.007156, 8.560715 ], [ -68.006630, 8.560232 ], [ -68.006187, 8.559729 ], [ -68.005798, 8.559086 ], [ -68.005455, 8.558604 ], [ -68.004898, 8.557961 ], [ -68.004326, 8.557526 ], [ -68.003632, 8.557251 ], [ -68.003029, 8.557091 ], [ -68.002357, 8.556953 ], [ -68.001717, 8.556839 ], [ -68.000885, 8.557184 ], [ -67.999809, 8.558064 ], [ -67.998871, 8.558533 ], [ -67.998367, 8.558954 ], [ -67.997795, 8.559400 ], [ -67.997291, 8.559753 ], [ -67.996742, 8.560015 ], [ -67.995529, 8.560402 ], [ -67.995026, 8.560802 ], [ -67.994644, 8.561358 ], [ -67.994698, 8.562001 ], [ -67.994965, 8.562548 ], [ -67.995522, 8.562768 ], [ -67.996147, 8.562781 ], [ -67.996719, 8.562612 ], [ -67.997269, 8.562349 ], [ -67.997772, 8.561996 ], [ -67.998253, 8.561644 ], [ -67.998726, 8.561247 ], [ -67.999184, 8.560825 ], [ -67.999626, 8.561300 ], [ -67.999847, 8.561848 ], [ -67.999901, 8.562490 ], [ -67.999680, 8.563045 ], [ -67.999367, 8.563579 ], [ -67.998963, 8.564092 ], [ -67.998550, 8.564603 ], [ -67.998192, 8.565137 ], [ -67.997811, 8.565626 ], [ -67.996994, 8.566741 ], [ -67.996567, 8.567208 ], [ -67.996086, 8.567675 ], [ -67.995682, 8.568095 ], [ -67.995316, 8.568562 ], [ -67.995026, 8.569117 ], [ -67.994919, 8.569762 ], [ -67.994957, 8.570451 ], [ -67.995056, 8.571092 ], [ -67.995278, 8.571709 ], [ -67.995567, 8.572255 ], [ -67.995735, 8.572874 ], [ -67.996033, 8.574040 ], [ -67.996162, 8.574635 ], [ -67.996010, 8.575280 ], [ -67.995689, 8.575790 ], [ -67.995354, 8.576303 ], [ -67.994927, 8.576770 ], [ -67.994469, 8.577144 ], [ -67.994057, 8.577586 ], [ -67.993653, 8.578145 ], [ -67.993340, 8.578747 ], [ -67.993050, 8.579327 ], [ -67.992805, 8.579859 ], [ -67.992584, 8.580437 ], [ -67.992592, 8.581058 ], [ -67.992859, 8.581627 ], [ -67.993523, 8.582696 ], [ -67.993996, 8.583125 ], [ -67.994530, 8.583551 ], [ -67.995003, 8.584004 ], [ -67.995445, 8.584412 ], [ -67.995918, 8.584885 ], [ -67.996674, 8.585792 ], [ -67.997231, 8.586335 ], [ -67.997635, 8.586811 ], [ -67.998062, 8.587285 ], [ -67.998528, 8.587714 ], [ -67.999054, 8.587453 ], [ -67.999436, 8.586942 ], [ -67.999824, 8.586475 ], [ -68.000000, 8.586064 ], [ -68.000313, 8.585575 ], [ -68.000977, 8.584955 ], [ -68.002296, 8.584358 ], [ -68.002846, 8.583876 ], [ -68.003097, 8.583324 ], [ -68.003472, 8.582705 ], [ -68.003929, 8.582084 ], [ -68.004509, 8.581511 ], [ -68.004990, 8.580914 ], [ -68.005318, 8.580408 ], [ -68.005821, 8.579719 ], [ -68.006447, 8.579260 ], [ -68.007019, 8.578547 ], [ -68.007461, 8.578157 ], [ -68.008110, 8.577698 ], [ -68.008705, 8.577422 ], [ -68.009262, 8.577238 ], [ -68.009811, 8.577581 ], [ -68.010391, 8.577971 ], [ -68.011086, 8.578200 ], [ -68.012329, 8.578498 ], [ -68.012833, 8.579049 ], [ -68.013092, 8.579669 ], [ -68.013390, 8.580195 ], [ -68.013481, 8.580884 ], [ -68.013252, 8.581435 ], [ -68.012741, 8.581986 ], [ -68.012169, 8.582447 ], [ -68.011749, 8.582997 ], [ -68.011589, 8.583571 ], [ -68.011406, 8.584328 ], [ -68.011200, 8.584926 ], [ -68.010758, 8.585706 ], [ -68.010437, 8.586188 ], [ -68.010071, 8.586808 ], [ -68.009262, 8.587911 ], [ -68.008774, 8.588508 ], [ -68.008385, 8.589036 ], [ -68.007904, 8.589655 ], [ -68.007416, 8.590323 ], [ -68.006676, 8.591401 ], [ -68.006081, 8.592159 ], [ -68.005798, 8.592779 ], [ -68.005638, 8.593352 ], [ -68.005409, 8.594064 ], [ -68.005249, 8.594661 ], [ -68.005180, 8.595372 ], [ -68.005157, 8.596015 ], [ -68.005272, 8.596865 ], [ -68.005570, 8.597530 ], [ -68.006195, 8.598080 ], [ -68.006866, 8.598402 ], [ -68.007484, 8.598241 ], [ -68.007973, 8.597896 ], [ -68.008064, 8.597230 ], [ -68.007973, 8.596541 ], [ -68.007996, 8.595853 ], [ -68.008041, 8.595233 ], [ -68.007950, 8.594452 ], [ -68.007881, 8.593764 ], [ -68.008018, 8.592386 ], [ -68.008270, 8.591559 ], [ -68.008896, 8.591469 ], [ -68.009010, 8.592065 ], [ -68.009125, 8.592753 ], [ -68.009399, 8.593373 ], [ -68.009865, 8.593740 ], [ -68.010414, 8.594038 ], [ -68.011017, 8.594337 ], [ -68.012238, 8.594656 ], [ -68.012909, 8.594770 ], [ -68.013481, 8.594931 ], [ -68.014084, 8.595205 ], [ -68.014641, 8.595435 ], [ -68.015213, 8.595687 ], [ -68.016419, 8.596237 ], [ -68.017014, 8.596488 ], [ -68.017548, 8.596948 ], [ -68.017731, 8.597568 ], [ -68.017525, 8.598165 ], [ -68.016968, 8.598693 ], [ -68.016434, 8.598945 ], [ -68.015884, 8.599129 ], [ -68.015213, 8.599222 ], [ -68.014549, 8.599405 ], [ -68.013878, 8.599522 ], [ -68.013229, 8.599659 ], [ -68.012634, 8.599751 ], [ -68.011803, 8.599798 ], [ -68.011154, 8.600073 ], [ -68.010880, 8.600624 ], [ -68.010971, 8.601198 ], [ -68.011314, 8.602024 ], [ -68.011688, 8.602620 ], [ -68.012863, 8.603722 ], [ -68.013413, 8.603997 ], [ -68.013946, 8.604249 ], [ -68.014435, 8.604639 ], [ -68.014801, 8.605120 ], [ -68.015121, 8.605694 ], [ -68.015053, 8.606428 ], [ -68.014824, 8.607072 ], [ -68.014618, 8.607714 ], [ -68.014152, 8.608219 ], [ -68.013527, 8.608472 ], [ -68.012749, 8.608634 ], [ -68.012009, 8.608726 ], [ -68.011314, 8.608887 ], [ -68.009910, 8.609760 ], [ -68.009033, 8.610288 ], [ -68.008591, 8.611023 ], [ -68.008270, 8.611895 ], [ -68.008339, 8.612470 ], [ -68.008782, 8.613066 ], [ -68.009514, 8.613318 ], [ -68.010071, 8.613088 ], [ -68.010719, 8.612629 ], [ -68.011200, 8.612237 ], [ -68.011734, 8.611687 ], [ -68.012261, 8.611227 ], [ -68.012932, 8.610997 ], [ -68.013626, 8.610928 ], [ -68.014084, 8.611295 ], [ -68.014389, 8.611800 ], [ -68.014618, 8.612465 ], [ -68.014824, 8.613177 ], [ -68.014847, 8.613865 ], [ -68.014389, 8.614531 ], [ -68.013741, 8.614898 ], [ -68.013092, 8.615129 ], [ -68.012474, 8.615335 ], [ -68.011826, 8.615589 ], [ -68.011154, 8.616002 ], [ -68.010536, 8.616369 ], [ -68.010551, 8.617013 ], [ -68.010834, 8.617655 ], [ -68.011223, 8.618297 ], [ -68.011711, 8.618894 ], [ -68.012238, 8.619420 ], [ -68.012772, 8.619880 ], [ -68.014175, 8.621416 ], [ -68.014549, 8.621944 ], [ -68.014938, 8.622448 ], [ -68.015381, 8.623046 ], [ -68.015884, 8.623870 ], [ -68.016304, 8.624468 ], [ -68.016624, 8.625134 ], [ -68.016762, 8.625730 ], [ -68.016716, 8.626418 ], [ -68.016167, 8.626832 ], [ -68.015541, 8.627245 ], [ -68.014778, 8.627705 ], [ -68.014229, 8.627912 ], [ -68.013557, 8.628210 ], [ -68.012337, 8.628601 ], [ -68.011665, 8.628855 ], [ -68.010277, 8.629153 ], [ -68.008919, 8.629545 ], [ -68.008316, 8.629683 ], [ -68.007767, 8.629867 ], [ -68.007118, 8.630280 ], [ -68.006569, 8.630602 ], [ -68.006012, 8.630992 ], [ -68.005478, 8.631268 ], [ -68.004837, 8.631659 ], [ -68.004326, 8.632095 ], [ -68.003799, 8.632462 ], [ -68.003311, 8.632922 ], [ -68.002945, 8.633405 ], [ -68.001907, 8.634277 ], [ -68.001373, 8.634690 ], [ -68.000961, 8.635104 ], [ -68.000702, 8.635632 ], [ -68.000473, 8.636184 ], [ -68.000450, 8.637010 ], [ -68.000885, 8.637651 ], [ -68.001625, 8.637996 ], [ -68.002365, 8.638225 ], [ -68.002968, 8.638315 ], [ -68.003731, 8.638476 ], [ -68.004395, 8.638752 ], [ -68.004997, 8.638934 ], [ -68.005547, 8.639141 ], [ -68.005989, 8.639553 ], [ -68.006127, 8.640058 ], [ -68.006149, 8.640151 ], [ -68.006149, 8.640861 ], [ -68.005989, 8.641458 ], [ -68.005478, 8.642009 ], [ -68.004860, 8.642101 ], [ -68.004234, 8.642079 ], [ -68.003517, 8.642355 ], [ -68.002945, 8.642653 ], [ -68.002457, 8.642999 ], [ -68.002113, 8.643480 ], [ -68.001930, 8.644146 ], [ -68.001534, 8.645432 ], [ -68.001396, 8.646051 ], [ -68.001190, 8.647980 ], [ -68.001030, 8.648599 ], [ -68.000892, 8.649311 ], [ -68.000748, 8.649954 ], [ -68.000702, 8.650573 ], [ -68.000633, 8.651284 ], [ -68.000496, 8.652088 ], [ -68.000175, 8.653443 ], [ -68.000130, 8.654108 ], [ -68.000061, 8.654682 ], [ -68.000015, 8.655404 ], [ -68.000015, 8.657124 ], [ -68.000130, 8.657413 ], [ -68.000679, 8.657597 ], [ -68.001282, 8.657597 ], [ -68.001953, 8.657504 ], [ -68.002647, 8.657274 ], [ -68.003220, 8.657159 ], [ -68.004532, 8.656837 ], [ -68.005157, 8.656767 ], [ -68.005806, 8.656630 ], [ -68.006523, 8.656858 ], [ -68.006889, 8.657341 ], [ -68.007233, 8.657983 ], [ -68.007210, 8.658648 ], [ -68.006958, 8.659222 ], [ -68.006569, 8.659704 ], [ -68.006241, 8.660211 ], [ -68.006478, 8.660967 ], [ -68.007073, 8.660943 ], [ -68.008301, 8.661035 ], [ -68.008919, 8.661057 ], [ -68.009521, 8.661102 ], [ -68.010094, 8.661355 ], [ -68.010696, 8.661561 ], [ -68.011109, 8.661996 ], [ -68.011642, 8.662479 ], [ -68.011955, 8.663324 ], [ -68.014794, 8.666664 ], [ -68.014351, 8.666824 ], [ -68.014030, 8.666896 ], [ -68.013779, 8.667243 ], [ -68.013145, 8.668239 ], [ -68.012985, 8.668539 ], [ -68.012825, 8.668908 ], [ -68.012695, 8.669276 ], [ -68.012581, 8.669646 ], [ -68.012222, 8.670407 ], [ -68.012016, 8.670777 ], [ -68.011764, 8.671102 ], [ -68.011589, 8.671380 ], [ -68.011086, 8.672028 ], [ -68.010857, 8.672283 ], [ -68.010651, 8.672539 ], [ -68.010079, 8.673210 ], [ -68.009491, 8.673929 ], [ -68.009377, 8.674091 ], [ -68.009171, 8.674484 ], [ -68.008713, 8.675304 ], [ -68.009086, 8.675781 ], [ -68.009606, 8.676302 ], [ -68.010254, 8.676592 ], [ -68.010834, 8.676814 ], [ -68.011345, 8.677152 ], [ -68.011375, 8.677747 ], [ -68.011246, 8.678276 ], [ -68.011002, 8.678785 ], [ -68.010727, 8.679293 ], [ -68.010666, 8.679867 ], [ -68.010971, 8.680390 ], [ -68.011093, 8.681008 ], [ -68.010849, 8.681516 ], [ -68.010696, 8.682068 ], [ -68.010658, 8.682642 ], [ -68.010780, 8.683214 ], [ -68.011154, 8.683805 ], [ -68.011642, 8.684051 ], [ -68.012291, 8.684089 ], [ -68.012916, 8.684149 ], [ -68.013817, 8.684253 ], [ -68.014374, 8.684406 ], [ -68.014747, 8.684883 ], [ -68.014938, 8.685431 ], [ -68.015251, 8.686138 ], [ -68.016434, 8.686789 ], [ -68.016830, 8.687356 ], [ -68.016960, 8.687974 ], [ -68.016983, 8.688524 ], [ -68.016975, 8.689166 ], [ -68.016869, 8.689856 ], [ -68.016388, 8.690390 ], [ -68.015793, 8.690695 ], [ -68.015145, 8.690865 ], [ -68.014656, 8.690619 ], [ -68.014443, 8.689956 ], [ -68.014526, 8.689382 ], [ -68.014450, 8.688741 ], [ -68.013962, 8.688356 ], [ -68.013222, 8.688206 ], [ -68.012596, 8.688259 ], [ -68.011810, 8.688292 ], [ -68.011101, 8.688417 ], [ -68.010506, 8.688746 ], [ -68.010094, 8.689209 ], [ -68.009590, 8.689537 ], [ -68.008782, 8.689662 ], [ -68.008011, 8.690612 ], [ -68.007530, 8.691009 ], [ -68.007141, 8.691449 ], [ -68.006874, 8.692049 ], [ -68.006836, 8.692599 ], [ -68.007050, 8.693262 ], [ -68.007606, 8.693461 ], [ -68.008278, 8.693728 ], [ -68.008522, 8.694321 ], [ -68.008133, 8.694739 ], [ -68.007606, 8.695182 ], [ -68.007034, 8.695624 ], [ -68.006508, 8.695862 ], [ -68.005958, 8.696075 ], [ -68.005432, 8.696447 ], [ -68.004997, 8.696889 ], [ -68.004540, 8.697399 ], [ -68.004036, 8.697704 ], [ -68.003372, 8.697828 ], [ -68.002792, 8.698019 ], [ -68.002220, 8.698324 ], [ -68.001717, 8.698698 ], [ -68.001236, 8.699231 ], [ -68.000717, 8.699995 ], [ -68.000404, 8.700784 ], [ -68.000145, 8.701582 ], [ -68.000031, 8.702053 ], [ -68.000313, 8.702622 ], [ -68.000549, 8.702928 ], [ -68.001137, 8.703344 ], [ -68.001778, 8.703445 ], [ -68.002327, 8.703116 ], [ -68.002502, 8.702541 ], [ -68.002579, 8.701187 ], [ -68.002777, 8.700520 ], [ -68.003311, 8.700306 ], [ -68.003639, 8.700783 ], [ -68.003738, 8.701401 ], [ -68.003632, 8.701977 ], [ -68.004005, 8.702408 ], [ -68.004654, 8.702559 ], [ -68.005234, 8.702621 ], [ -68.005951, 8.702864 ], [ -68.006485, 8.703063 ], [ -68.007668, 8.703646 ], [ -68.008225, 8.703523 ], [ -68.009026, 8.703329 ], [ -68.009857, 8.703065 ], [ -68.010750, 8.702893 ], [ -68.011398, 8.702909 ], [ -68.012215, 8.703082 ], [ -68.012764, 8.703236 ], [ -68.014618, 8.703578 ], [ -68.015267, 8.703708 ], [ -68.015892, 8.704066 ], [ -68.016273, 8.704703 ], [ -68.016533, 8.705457 ], [ -68.016708, 8.706097 ], [ -68.016762, 8.706693 ], [ -68.016601, 8.707245 ], [ -68.016312, 8.707800 ], [ -68.015740, 8.708082 ], [ -68.015205, 8.707813 ], [ -68.015038, 8.707243 ], [ -68.014770, 8.706604 ], [ -68.014237, 8.706472 ], [ -68.013687, 8.706733 ], [ -68.013138, 8.706808 ], [ -68.012306, 8.707048 ], [ -68.011688, 8.707561 ], [ -68.011650, 8.708112 ], [ -68.011497, 8.708711 ], [ -68.010559, 8.709021 ], [ -68.009910, 8.709373 ], [ -68.009758, 8.709902 ], [ -68.009628, 8.710684 ], [ -68.009705, 8.711279 ], [ -68.009880, 8.712011 ], [ -68.009865, 8.712654 ], [ -68.009827, 8.713502 ], [ -68.010025, 8.714693 ], [ -68.010315, 8.715194 ], [ -68.010689, 8.715602 ], [ -68.011109, 8.716078 ], [ -68.011597, 8.716577 ], [ -68.012245, 8.716660 ], [ -68.013145, 8.716625 ], [ -68.014481, 8.716333 ], [ -68.015060, 8.716188 ], [ -68.015724, 8.716110 ], [ -68.016281, 8.716081 ], [ -68.016930, 8.716301 ], [ -68.017395, 8.716685 ], [ -68.017471, 8.717303 ], [ -68.017227, 8.717903 ], [ -68.016723, 8.718368 ], [ -68.016151, 8.718674 ], [ -68.015648, 8.718955 ], [ -68.015145, 8.719399 ], [ -68.014854, 8.719860 ], [ -68.014374, 8.721662 ], [ -68.014763, 8.721802 ], [ -68.015343, 8.721920 ], [ -68.016174, 8.722131 ], [ -68.016701, 8.722340 ], [ -68.017464, 8.722597 ], [ -68.017944, 8.722897 ], [ -68.018295, 8.723404 ], [ -68.018425, 8.723956 ], [ -68.018471, 8.725267 ], [ -68.018517, 8.725864 ], [ -68.018692, 8.726484 ], [ -68.018852, 8.727107 ], [ -68.018921, 8.727751 ], [ -68.018783, 8.728301 ], [ -68.018570, 8.728897 ], [ -68.018288, 8.729425 ], [ -68.017616, 8.731144 ], [ -68.017494, 8.731811 ], [ -68.017449, 8.732500 ], [ -68.017647, 8.733121 ], [ -68.017830, 8.733812 ], [ -68.018181, 8.734365 ], [ -68.018547, 8.734872 ], [ -68.019051, 8.735288 ], [ -68.019722, 8.735383 ], [ -68.020256, 8.735041 ], [ -68.020371, 8.734467 ], [ -68.020378, 8.733892 ], [ -68.020050, 8.733385 ], [ -68.019707, 8.732809 ], [ -68.019737, 8.732235 ], [ -68.020012, 8.731708 ], [ -68.020439, 8.731307 ], [ -68.020515, 8.731255 ], [ -68.021103, 8.730954 ], [ -68.021774, 8.731072 ], [ -68.022392, 8.731259 ], [ -68.022789, 8.730756 ], [ -68.023277, 8.730345 ], [ -68.023926, 8.730486 ], [ -68.024292, 8.731039 ], [ -68.024589, 8.731614 ], [ -68.024910, 8.732192 ], [ -68.025490, 8.732240 ], [ -68.026047, 8.731622 ], [ -68.026581, 8.731257 ], [ -68.027222, 8.731214 ], [ -68.027847, 8.731378 ], [ -68.028358, 8.731770 ], [ -68.028793, 8.732279 ], [ -68.028839, 8.732968 ], [ -68.028625, 8.733587 ], [ -68.028412, 8.734138 ], [ -68.028114, 8.734757 ], [ -68.027626, 8.735237 ], [ -68.027367, 8.735856 ], [ -68.027168, 8.736408 ], [ -68.027145, 8.736534 ], [ -68.027077, 8.736671 ], [ -68.027054, 8.736810 ], [ -68.026962, 8.737018 ], [ -68.026917, 8.737178 ], [ -68.026825, 8.737362 ], [ -68.026733, 8.737453 ], [ -68.026596, 8.737523 ], [ -68.026459, 8.737637 ], [ -68.026245, 8.737751 ], [ -68.026154, 8.737821 ], [ -68.026062, 8.737866 ], [ -68.025833, 8.738028 ], [ -68.025741, 8.738165 ], [ -68.025574, 8.738485 ], [ -68.025459, 8.738647 ], [ -68.025368, 8.738833 ], [ -68.025673, 8.739241 ], [ -68.025803, 8.739859 ], [ -68.025673, 8.740524 ], [ -68.025681, 8.741121 ], [ -68.025917, 8.741692 ], [ -68.026131, 8.742308 ], [ -68.026138, 8.742949 ], [ -68.025803, 8.743390 ], [ -68.025482, 8.743898 ], [ -68.024979, 8.744341 ], [ -68.024567, 8.744737 ], [ -68.023994, 8.744973 ], [ -68.023377, 8.745256 ], [ -68.022728, 8.745471 ], [ -68.022202, 8.745615 ], [ -68.021530, 8.745556 ], [ -68.020790, 8.745359 ], [ -68.019936, 8.745209 ], [ -68.019295, 8.745539 ], [ -68.018738, 8.745614 ], [ -68.018318, 8.745230 ], [ -68.018219, 8.744520 ], [ -68.018211, 8.743877 ], [ -68.018318, 8.743303 ], [ -68.018471, 8.742636 ], [ -68.018669, 8.742105 ], [ -68.018593, 8.741533 ], [ -68.018356, 8.740780 ], [ -68.018250, 8.740138 ], [ -68.017830, 8.739777 ], [ -68.017158, 8.739671 ], [ -68.016830, 8.739078 ], [ -68.016434, 8.738602 ], [ -68.015922, 8.738379 ], [ -68.015434, 8.738133 ], [ -68.014809, 8.738187 ], [ -68.014282, 8.738515 ], [ -68.013893, 8.738956 ], [ -68.013535, 8.739443 ], [ -68.013122, 8.739837 ], [ -68.012573, 8.740233 ], [ -68.011910, 8.740564 ], [ -68.011330, 8.740777 ], [ -68.010857, 8.741174 ], [ -68.010765, 8.741726 ], [ -68.010689, 8.742415 ], [ -68.010506, 8.743013 ], [ -68.010124, 8.743660 ], [ -68.009689, 8.744079 ], [ -68.009140, 8.744201 ], [ -68.008377, 8.744256 ], [ -68.007828, 8.744561 ], [ -68.007141, 8.744983 ], [ -68.006546, 8.745381 ], [ -68.006134, 8.745845 ], [ -68.005730, 8.746859 ], [ -68.005485, 8.747344 ], [ -68.005165, 8.747829 ], [ -68.004715, 8.748570 ], [ -68.004700, 8.749281 ], [ -68.004982, 8.749896 ], [ -68.005386, 8.750303 ], [ -68.005989, 8.750617 ], [ -68.006714, 8.751182 ], [ -68.007225, 8.751496 ], [ -68.007759, 8.751741 ], [ -68.008400, 8.751802 ], [ -68.009255, 8.751654 ], [ -68.009994, 8.751436 ], [ -68.010658, 8.751223 ], [ -68.011398, 8.751075 ], [ -68.012131, 8.750813 ], [ -68.013275, 8.750179 ], [ -68.014084, 8.750100 ], [ -68.014710, 8.750253 ], [ -68.015343, 8.750657 ], [ -68.015366, 8.751231 ], [ -68.015244, 8.752012 ], [ -68.015198, 8.752675 ], [ -68.014870, 8.753202 ], [ -68.014320, 8.753833 ], [ -68.013100, 8.754417 ], [ -68.012672, 8.754907 ], [ -68.012139, 8.755445 ], [ -68.011826, 8.755990 ], [ -68.012139, 8.756525 ], [ -68.012718, 8.756656 ], [ -68.013267, 8.756762 ], [ -68.013855, 8.756937 ], [ -68.014092, 8.757464 ], [ -68.014206, 8.758035 ], [ -68.014015, 8.758541 ], [ -68.014160, 8.759134 ], [ -68.014419, 8.759650 ], [ -68.014702, 8.760138 ], [ -68.015060, 8.760823 ], [ -68.015160, 8.761486 ], [ -68.015327, 8.762079 ], [ -68.015564, 8.762628 ], [ -68.016098, 8.762874 ], [ -68.016655, 8.762843 ], [ -68.017273, 8.762674 ], [ -68.017922, 8.762246 ], [ -68.018250, 8.761787 ], [ -68.018601, 8.760815 ], [ -68.019089, 8.760472 ], [ -68.019623, 8.760221 ], [ -68.020332, 8.760157 ], [ -68.020889, 8.760274 ], [ -68.021416, 8.760506 ], [ -68.022316, 8.761360 ], [ -68.022705, 8.761799 ], [ -68.023102, 8.762215 ], [ -68.023514, 8.762630 ], [ -68.023788, 8.763160 ], [ -68.024017, 8.763736 ], [ -68.024063, 8.764401 ], [ -68.023872, 8.764930 ], [ -68.023292, 8.765249 ], [ -68.022697, 8.765407 ], [ -68.022049, 8.765242 ], [ -68.021561, 8.764827 ], [ -68.021172, 8.764411 ], [ -68.020477, 8.764500 ], [ -68.020088, 8.764911 ], [ -68.020149, 8.765578 ], [ -68.020424, 8.766223 ], [ -68.020744, 8.766707 ], [ -68.021141, 8.767215 ], [ -68.021667, 8.767608 ], [ -68.022293, 8.767795 ], [ -68.022797, 8.768073 ], [ -68.023331, 8.768466 ], [ -68.023743, 8.768881 ], [ -68.024246, 8.769435 ], [ -68.024429, 8.769987 ], [ -68.024429, 8.770561 ], [ -68.024170, 8.771067 ], [ -68.023827, 8.771547 ], [ -68.023224, 8.771866 ], [ -68.022553, 8.772001 ], [ -68.021904, 8.771952 ], [ -68.021301, 8.771696 ], [ -68.020821, 8.771373 ], [ -68.020286, 8.771139 ], [ -68.019806, 8.770746 ], [ -68.019463, 8.770286 ], [ -68.018982, 8.769800 ], [ -68.018402, 8.769453 ], [ -68.017822, 8.769083 ], [ -68.017204, 8.768826 ], [ -68.016510, 8.768662 ], [ -68.015289, 8.768175 ], [ -68.014572, 8.768103 ], [ -68.013946, 8.768076 ], [ -68.013344, 8.768119 ], [ -68.012840, 8.768553 ], [ -68.012443, 8.769171 ], [ -68.012092, 8.769698 ], [ -68.011833, 8.770203 ], [ -68.011253, 8.771533 ], [ -68.010971, 8.772221 ], [ -68.010666, 8.773046 ], [ -68.010483, 8.773643 ], [ -68.010201, 8.774307 ], [ -68.009689, 8.774718 ], [ -68.009224, 8.775039 ], [ -68.008743, 8.775403 ], [ -68.008392, 8.775930 ], [ -68.008133, 8.776458 ], [ -68.007927, 8.777214 ], [ -68.007805, 8.777972 ], [ -68.007919, 8.778547 ], [ -68.008217, 8.779078 ], [ -68.008698, 8.779424 ], [ -68.009300, 8.779542 ], [ -68.009857, 8.779292 ], [ -68.010551, 8.778354 ], [ -68.010971, 8.777919 ], [ -68.011597, 8.777693 ], [ -68.012199, 8.777856 ], [ -68.012428, 8.778501 ], [ -68.012421, 8.779212 ], [ -68.012306, 8.779879 ], [ -68.012092, 8.780658 ], [ -68.011513, 8.781897 ], [ -68.011185, 8.782354 ], [ -68.010277, 8.783500 ], [ -68.009788, 8.784002 ], [ -68.009201, 8.784647 ], [ -68.008758, 8.785213 ], [ -68.008125, 8.786345 ], [ -68.007652, 8.786970 ], [ -68.007195, 8.787620 ], [ -68.006722, 8.788382 ], [ -68.006332, 8.788844 ], [ -68.005928, 8.789285 ], [ -68.005287, 8.789867 ], [ -68.004837, 8.790359 ], [ -68.004684, 8.791024 ], [ -68.004883, 8.791846 ], [ -68.005211, 8.792417 ], [ -68.005379, 8.792943 ], [ -68.005333, 8.793652 ], [ -68.005097, 8.794178 ], [ -68.004608, 8.794527 ], [ -68.003891, 8.794544 ], [ -68.003342, 8.794529 ], [ -68.002785, 8.794490 ], [ -68.001541, 8.794598 ], [ -68.000892, 8.794766 ], [ -68.000389, 8.795025 ], [ -68.000015, 8.795327 ], [ -68.000015, 8.796701 ], [ -68.000206, 8.796794 ], [ -68.000832, 8.796807 ], [ -68.001427, 8.796664 ], [ -68.002022, 8.796403 ], [ -68.002556, 8.796190 ], [ -68.003197, 8.796044 ], [ -68.003868, 8.796264 ], [ -68.004059, 8.796875 ], [ -68.003792, 8.797430 ], [ -68.003243, 8.797825 ], [ -68.002670, 8.798092 ], [ -68.002098, 8.798306 ], [ -68.001450, 8.798521 ], [ -68.000725, 8.798717 ], [ -68.000046, 8.798954 ], [ -68.000015, 8.798976 ], [ -67.999420, 8.798961 ], [ -67.998726, 8.799061 ], [ -67.998108, 8.799319 ], [ -67.997002, 8.799970 ], [ -67.996430, 8.800483 ], [ -67.995613, 8.801542 ], [ -67.995193, 8.802196 ], [ -67.994835, 8.802727 ], [ -67.994446, 8.803328 ], [ -67.993965, 8.803974 ], [ -67.993484, 8.804395 ], [ -67.993034, 8.804992 ], [ -67.992600, 8.805760 ], [ -67.992355, 8.806315 ], [ -67.992279, 8.807089 ], [ -67.992622, 8.807614 ], [ -67.993187, 8.808019 ], [ -67.993813, 8.808318 ], [ -67.994461, 8.808380 ], [ -67.995018, 8.808626 ], [ -67.994537, 8.809022 ], [ -67.994034, 8.809395 ], [ -67.993454, 8.809699 ], [ -67.992882, 8.810049 ], [ -67.992378, 8.810446 ], [ -67.991799, 8.810817 ], [ -67.991417, 8.811351 ], [ -67.991173, 8.811974 ], [ -67.991135, 8.812685 ], [ -67.991524, 8.814738 ], [ -67.992203, 8.817255 ], [ -67.992676, 8.818650 ], [ -67.993057, 8.819159 ], [ -67.993340, 8.819798 ], [ -67.993576, 8.820530 ], [ -67.993736, 8.821187 ], [ -67.993355, 8.821681 ], [ -67.992760, 8.821849 ], [ -67.992180, 8.821626 ], [ -67.991661, 8.821218 ], [ -67.991295, 8.820668 ], [ -67.990730, 8.820259 ], [ -67.990059, 8.820134 ], [ -67.989487, 8.820390 ], [ -67.989281, 8.820992 ], [ -67.989380, 8.821701 ], [ -67.989555, 8.822364 ], [ -67.989883, 8.822933 ], [ -67.990257, 8.823482 ], [ -67.990494, 8.824100 ], [ -67.990387, 8.824858 ], [ -67.990227, 8.825525 ], [ -67.990150, 8.826215 ], [ -67.990296, 8.826830 ], [ -67.991028, 8.828038 ], [ -67.991424, 8.828625 ], [ -67.991814, 8.829128 ], [ -67.991783, 8.829768 ], [ -67.991325, 8.830187 ], [ -67.990700, 8.830362 ], [ -67.990074, 8.830392 ], [ -67.989380, 8.830378 ], [ -67.988785, 8.830522 ], [ -67.987793, 8.831015 ], [ -67.987266, 8.831341 ], [ -67.986694, 8.831670 ], [ -67.986023, 8.831815 ], [ -67.985496, 8.832165 ], [ -67.984924, 8.832585 ], [ -67.984398, 8.833164 ], [ -67.984123, 8.833741 ], [ -67.983948, 8.834386 ], [ -67.984024, 8.835050 ], [ -67.984192, 8.835852 ], [ -67.984390, 8.836630 ], [ -67.984741, 8.837176 ], [ -67.985634, 8.838360 ], [ -67.986076, 8.838791 ], [ -67.986633, 8.839313 ], [ -67.987198, 8.839720 ], [ -67.987869, 8.839896 ], [ -67.988083, 8.840467 ], [ -67.988251, 8.841107 ], [ -67.988258, 8.841751 ], [ -67.987938, 8.842304 ], [ -67.987556, 8.842859 ], [ -67.987076, 8.843369 ], [ -67.986427, 8.843470 ], [ -67.986145, 8.842898 ], [ -67.985863, 8.842351 ], [ -67.985237, 8.842403 ], [ -67.984635, 8.842571 ], [ -67.983986, 8.842509 ], [ -67.983414, 8.842813 ], [ -67.982841, 8.843143 ], [ -67.981460, 8.843594 ], [ -67.980927, 8.843922 ], [ -67.980591, 8.844476 ], [ -67.980453, 8.845074 ], [ -67.980392, 8.845763 ], [ -67.979958, 8.846203 ], [ -67.979362, 8.846531 ], [ -67.978027, 8.847120 ], [ -67.977387, 8.847334 ], [ -67.976807, 8.847616 ], [ -67.976044, 8.847671 ], [ -67.975471, 8.847998 ], [ -67.975296, 8.848665 ], [ -67.975761, 8.849074 ], [ -67.976021, 8.849828 ], [ -67.976051, 8.850470 ], [ -67.976036, 8.851159 ], [ -67.975677, 8.851760 ], [ -67.975242, 8.852200 ], [ -67.974762, 8.852595 ], [ -67.974182, 8.852855 ], [ -67.973534, 8.853023 ], [ -67.973244, 8.853553 ], [ -67.973160, 8.854197 ], [ -67.972962, 8.855576 ], [ -67.973038, 8.856217 ], [ -67.973000, 8.856885 ], [ -67.972756, 8.857437 ], [ -67.972176, 8.857766 ], [ -67.971504, 8.857727 ], [ -67.970955, 8.857984 ], [ -67.970451, 8.858381 ], [ -67.969994, 8.858800 ], [ -67.969467, 8.859242 ], [ -67.968986, 8.859729 ], [ -67.968880, 8.860326 ], [ -67.968887, 8.861038 ], [ -67.969429, 8.862271 ], [ -67.969826, 8.862818 ], [ -67.970276, 8.863386 ], [ -67.970627, 8.863934 ], [ -67.970749, 8.864552 ], [ -67.970757, 8.865264 ], [ -67.970604, 8.865931 ], [ -67.970489, 8.866551 ], [ -67.970200, 8.867083 ], [ -67.969574, 8.867249 ], [ -67.968956, 8.867303 ], [ -67.968285, 8.867585 ], [ -67.967659, 8.867363 ], [ -67.967033, 8.867278 ], [ -67.966362, 8.867332 ], [ -67.965813, 8.867613 ], [ -67.965423, 8.868098 ], [ -67.965431, 8.868765 ], [ -67.965599, 8.869405 ], [ -67.966087, 8.869859 ], [ -67.966003, 8.870548 ], [ -67.965790, 8.871881 ], [ -67.965652, 8.872503 ], [ -67.965477, 8.873239 ], [ -67.965210, 8.873816 ], [ -67.964752, 8.874280 ], [ -67.964271, 8.874722 ], [ -67.963928, 8.875230 ], [ -67.963913, 8.875896 ], [ -67.964149, 8.876467 ], [ -67.964546, 8.876967 ], [ -67.964714, 8.877608 ], [ -67.964470, 8.878161 ], [ -67.964012, 8.878741 ], [ -67.963119, 8.879738 ], [ -67.962685, 8.880201 ], [ -67.962181, 8.880596 ], [ -67.961868, 8.881174 ], [ -67.961616, 8.881843 ], [ -67.961441, 8.882487 ], [ -67.961471, 8.883106 ], [ -67.961594, 8.883817 ], [ -67.961830, 8.884410 ], [ -67.962135, 8.885003 ], [ -67.962608, 8.885435 ], [ -67.963119, 8.885819 ], [ -67.963745, 8.886018 ], [ -67.965111, 8.886049 ], [ -67.965752, 8.885905 ], [ -67.966423, 8.885599 ], [ -67.967018, 8.885385 ], [ -67.967712, 8.885195 ], [ -67.968338, 8.885096 ], [ -67.968956, 8.884974 ], [ -67.969605, 8.884760 ], [ -67.970413, 8.884705 ], [ -67.971062, 8.884698 ], [ -67.971710, 8.884737 ], [ -67.972313, 8.884869 ], [ -67.972893, 8.885092 ], [ -67.973541, 8.885244 ], [ -67.974190, 8.885558 ], [ -67.974747, 8.885965 ], [ -67.975128, 8.886443 ], [ -67.975388, 8.886991 ], [ -67.975624, 8.887585 ], [ -67.975792, 8.888248 ], [ -67.975937, 8.888867 ], [ -67.976326, 8.890286 ], [ -67.976517, 8.891224 ], [ -67.977096, 8.893514 ], [ -67.977387, 8.894474 ], [ -67.977631, 8.895367 ], [ -67.977867, 8.896075 ], [ -67.978058, 8.896738 ], [ -67.978279, 8.897723 ], [ -67.978615, 8.899118 ], [ -67.978760, 8.899782 ], [ -67.978844, 8.900609 ], [ -67.978805, 8.901298 ], [ -67.978584, 8.902654 ], [ -67.978302, 8.904172 ], [ -67.978172, 8.905022 ], [ -67.978066, 8.905827 ], [ -67.977913, 8.906700 ], [ -67.977852, 8.907344 ], [ -67.977768, 8.907987 ], [ -67.977684, 8.908814 ], [ -67.977623, 8.909617 ], [ -67.977585, 8.910261 ], [ -67.977478, 8.911089 ], [ -67.977394, 8.911916 ], [ -67.977257, 8.912561 ], [ -67.977013, 8.913136 ], [ -67.976669, 8.913692 ], [ -67.975830, 8.914824 ], [ -67.975487, 8.915334 ], [ -67.975052, 8.916119 ], [ -67.974716, 8.916810 ], [ -67.974350, 8.917480 ], [ -67.974129, 8.918148 ], [ -67.973999, 8.918816 ], [ -67.973877, 8.920356 ], [ -67.973862, 8.921067 ], [ -67.973915, 8.921892 ], [ -67.974106, 8.922533 ], [ -67.974274, 8.923174 ], [ -67.974373, 8.923791 ], [ -67.974449, 8.924502 ], [ -67.973900, 8.924897 ], [ -67.973320, 8.924698 ], [ -67.972694, 8.924637 ], [ -67.972191, 8.925010 ], [ -67.972244, 8.925697 ], [ -67.972343, 8.926315 ], [ -67.972580, 8.926955 ], [ -67.972198, 8.927443 ], [ -67.971565, 8.927358 ], [ -67.970985, 8.927065 ], [ -67.970497, 8.926658 ], [ -67.970192, 8.926087 ], [ -67.969750, 8.925656 ], [ -67.969124, 8.925777 ], [ -67.968407, 8.925533 ], [ -67.967758, 8.925609 ], [ -67.967209, 8.925868 ], [ -67.966652, 8.926218 ], [ -67.966263, 8.926728 ], [ -67.966064, 8.927326 ], [ -67.965843, 8.928040 ], [ -67.965546, 8.928595 ], [ -67.964996, 8.929013 ], [ -67.964348, 8.929112 ], [ -67.963676, 8.929029 ], [ -67.963188, 8.928576 ], [ -67.962616, 8.928833 ], [ -67.962273, 8.929364 ], [ -67.962235, 8.929985 ], [ -67.962311, 8.930650 ], [ -67.962128, 8.931249 ], [ -67.961578, 8.931507 ], [ -67.960998, 8.931237 ], [ -67.960350, 8.931314 ], [ -67.959846, 8.931733 ], [ -67.959343, 8.932128 ], [ -67.958839, 8.932548 ], [ -67.958214, 8.932693 ], [ -67.957565, 8.932722 ], [ -67.956848, 8.932798 ], [ -67.955505, 8.932721 ], [ -67.954857, 8.932499 ], [ -67.954262, 8.932667 ], [ -67.953705, 8.932925 ], [ -67.953087, 8.933139 ], [ -67.952606, 8.933557 ], [ -67.952034, 8.934114 ], [ -67.951553, 8.934670 ], [ -67.951141, 8.935247 ], [ -67.950775, 8.935802 ], [ -67.950462, 8.936357 ], [ -67.950165, 8.936980 ], [ -67.949707, 8.937605 ], [ -67.949272, 8.938137 ], [ -67.948746, 8.938465 ], [ -67.948097, 8.938404 ], [ -67.947563, 8.938019 ], [ -67.947029, 8.937680 ], [ -67.946510, 8.937227 ], [ -67.946251, 8.936679 ], [ -67.945877, 8.936155 ], [ -67.945434, 8.935724 ], [ -67.945038, 8.935201 ], [ -67.944435, 8.935024 ], [ -67.943359, 8.934233 ], [ -67.942757, 8.934010 ], [ -67.942154, 8.933833 ], [ -67.941505, 8.933725 ], [ -67.940956, 8.934053 ], [ -67.940407, 8.934541 ], [ -67.939972, 8.935051 ], [ -67.939514, 8.935676 ], [ -67.939102, 8.936276 ], [ -67.938667, 8.936831 ], [ -67.938164, 8.937343 ], [ -67.937500, 8.937739 ], [ -67.936951, 8.938021 ], [ -67.936302, 8.937913 ], [ -67.935677, 8.937921 ], [ -67.935028, 8.937791 ], [ -67.934425, 8.937545 ], [ -67.933914, 8.937205 ], [ -67.933304, 8.937074 ], [ -67.932152, 8.937500 ], [ -67.931419, 8.937509 ], [ -67.930794, 8.937538 ], [ -67.930168, 8.937498 ], [ -67.929474, 8.937621 ], [ -67.928779, 8.937789 ], [ -67.928139, 8.937958 ], [ -67.927536, 8.938147 ], [ -67.926895, 8.938384 ], [ -67.926293, 8.938643 ], [ -67.925674, 8.938971 ], [ -67.925194, 8.939435 ], [ -67.924668, 8.939809 ], [ -67.924233, 8.940364 ], [ -67.923866, 8.940872 ], [ -67.923454, 8.941474 ], [ -67.923096, 8.942098 ], [ -67.922272, 8.943322 ], [ -67.921318, 8.944595 ], [ -67.920837, 8.945106 ], [ -67.920357, 8.945571 ], [ -67.919876, 8.945942 ], [ -67.918747, 8.946713 ], [ -67.918243, 8.947130 ], [ -67.917763, 8.947710 ], [ -67.917450, 8.948240 ], [ -67.917153, 8.948795 ], [ -67.916702, 8.950039 ], [ -67.916527, 8.950638 ], [ -67.916389, 8.951236 ], [ -67.916283, 8.951858 ], [ -67.916107, 8.952478 ], [ -67.915810, 8.953010 ], [ -67.915146, 8.954095 ], [ -67.914490, 8.955273 ], [ -67.914131, 8.955966 ], [ -67.913719, 8.956681 ], [ -67.912560, 8.958622 ], [ -67.912132, 8.959269 ], [ -67.911720, 8.959779 ], [ -67.911263, 8.960197 ], [ -67.910644, 8.960616 ], [ -67.910111, 8.961081 ], [ -67.909607, 8.961431 ], [ -67.909058, 8.961849 ], [ -67.908554, 8.962246 ], [ -67.908051, 8.962688 ], [ -67.907616, 8.963265 ], [ -67.907158, 8.963798 ], [ -67.906868, 8.964330 ], [ -67.906593, 8.964929 ], [ -67.905891, 8.966222 ], [ -67.905548, 8.966800 ], [ -67.905090, 8.967424 ], [ -67.904732, 8.967956 ], [ -67.904259, 8.969360 ], [ -67.903854, 8.970719 ], [ -67.903206, 8.972746 ], [ -67.902985, 8.973414 ], [ -67.902695, 8.974359 ], [ -67.902489, 8.975072 ], [ -67.902092, 8.976683 ], [ -67.901939, 8.977442 ], [ -67.901855, 8.978176 ], [ -67.901726, 8.979028 ], [ -67.901711, 8.979670 ], [ -67.901741, 8.980289 ], [ -67.901817, 8.981138 ], [ -67.901848, 8.981803 ], [ -67.902000, 8.983040 ], [ -67.902099, 8.983727 ], [ -67.902222, 8.984438 ], [ -67.902344, 8.985217 ], [ -67.902420, 8.986042 ], [ -67.902527, 8.986844 ], [ -67.902603, 8.987577 ], [ -67.902565, 8.988404 ], [ -67.902412, 8.989209 ], [ -67.902138, 8.989970 ], [ -67.901825, 8.990707 ], [ -67.901436, 8.991240 ], [ -67.901123, 8.991794 ], [ -67.900734, 8.992532 ], [ -67.900421, 8.993270 ], [ -67.900192, 8.993869 ], [ -67.899727, 8.995459 ], [ -67.899498, 8.996126 ], [ -67.899002, 8.997439 ], [ -67.898781, 8.998131 ], [ -67.898560, 8.998707 ], [ -67.898209, 9.000327 ], [ -67.897987, 9.001022 ], [ -67.897537, 9.001492 ], [ -67.896927, 9.001921 ], [ -67.896500, 9.002643 ], [ -67.896072, 9.003227 ], [ -67.895577, 9.003653 ], [ -67.895172, 9.004168 ], [ -67.894676, 9.004753 ], [ -67.894531, 9.005470 ], [ -67.894432, 9.006163 ], [ -67.894241, 9.006810 ], [ -67.894096, 9.007573 ], [ -67.893906, 9.008314 ], [ -67.893524, 9.009035 ], [ -67.893051, 9.009528 ], [ -67.892441, 9.009979 ], [ -67.891914, 9.010474 ], [ -67.891327, 9.010901 ], [ -67.890686, 9.011168 ], [ -67.890091, 9.011504 ], [ -67.889214, 9.012512 ], [ -67.888695, 9.013076 ], [ -67.888168, 9.013547 ], [ -67.887535, 9.013976 ], [ -67.886917, 9.014358 ], [ -67.886421, 9.014829 ], [ -67.885872, 9.015208 ], [ -67.885353, 9.015681 ], [ -67.885040, 9.016286 ], [ -67.884727, 9.016937 ], [ -67.883881, 9.018152 ], [ -67.883499, 9.018873 ], [ -67.883286, 9.019568 ], [ -67.882858, 9.020061 ], [ -67.882454, 9.020668 ], [ -67.882240, 9.021340 ], [ -67.882210, 9.022031 ], [ -67.881973, 9.022680 ], [ -67.881866, 9.023349 ], [ -67.881958, 9.024084 ], [ -67.882088, 9.024771 ], [ -67.881966, 9.025556 ], [ -67.881729, 9.026228 ], [ -67.881699, 9.027034 ], [ -67.881806, 9.027721 ], [ -67.881798, 9.028458 ], [ -67.881538, 9.029061 ], [ -67.881203, 9.029691 ], [ -67.880707, 9.030276 ], [ -67.880256, 9.030792 ], [ -67.879906, 9.031445 ], [ -67.879593, 9.032073 ], [ -67.879280, 9.032654 ], [ -67.878784, 9.033217 ], [ -67.878571, 9.033865 ], [ -67.878021, 9.034270 ], [ -67.876999, 9.035120 ], [ -67.876457, 9.035545 ], [ -67.875984, 9.036017 ], [ -67.875481, 9.036488 ], [ -67.874298, 9.037366 ], [ -67.873634, 9.037748 ], [ -67.873192, 9.038287 ], [ -67.872711, 9.038758 ], [ -67.872307, 9.039296 ], [ -67.871811, 9.039836 ], [ -67.871338, 9.040399 ], [ -67.870842, 9.040847 ], [ -67.870178, 9.041275 ], [ -67.869728, 9.041792 ], [ -67.869415, 9.042374 ], [ -67.869194, 9.043804 ], [ -67.869049, 9.044475 ], [ -67.868744, 9.045176 ], [ -67.868385, 9.045799 ], [ -67.868073, 9.046405 ], [ -67.867722, 9.047036 ], [ -67.867271, 9.047668 ], [ -67.866798, 9.048254 ], [ -67.865875, 9.049264 ], [ -67.865303, 9.049760 ], [ -67.864784, 9.050391 ], [ -67.863975, 9.051447 ], [ -67.863579, 9.052025 ], [ -67.863220, 9.052629 ], [ -67.862694, 9.053035 ], [ -67.862198, 9.053549 ], [ -67.861893, 9.054153 ], [ -67.861557, 9.054858 ], [ -67.861297, 9.055526 ], [ -67.861031, 9.056131 ], [ -67.860817, 9.056754 ], [ -67.860741, 9.057424 ], [ -67.860870, 9.058093 ], [ -67.861229, 9.058701 ], [ -67.861588, 9.059361 ], [ -67.861069, 9.059767 ], [ -67.860451, 9.060054 ], [ -67.859901, 9.060505 ], [ -67.859497, 9.061046 ], [ -67.859261, 9.061669 ], [ -67.859139, 9.062338 ], [ -67.859062, 9.062980 ], [ -67.858933, 9.063676 ], [ -67.858993, 9.064345 ], [ -67.859314, 9.064934 ], [ -67.859490, 9.065712 ], [ -67.858910, 9.067655 ], [ -67.858620, 9.068287 ], [ -67.858238, 9.068819 ], [ -67.857559, 9.069297 ], [ -67.857155, 9.069838 ], [ -67.856842, 9.070488 ], [ -67.856606, 9.071138 ], [ -67.856338, 9.071743 ], [ -67.855965, 9.072393 ], [ -67.855698, 9.073062 ], [ -67.855598, 9.073775 ], [ -67.855553, 9.074544 ], [ -67.855286, 9.075258 ], [ -67.854981, 9.075935 ], [ -67.854759, 9.077409 ], [ -67.854591, 9.078267 ], [ -67.854187, 9.078872 ], [ -67.853661, 9.080100 ], [ -67.853332, 9.080750 ], [ -67.852837, 9.081291 ], [ -67.852386, 9.081860 ], [ -67.851959, 9.082418 ], [ -67.851624, 9.083051 ], [ -67.851433, 9.083764 ], [ -67.851219, 9.084478 ], [ -67.850929, 9.085155 ], [ -67.850670, 9.085941 ], [ -67.850342, 9.086592 ], [ -67.849983, 9.087196 ], [ -67.849587, 9.087964 ], [ -67.849388, 9.088659 ], [ -67.849007, 9.089201 ], [ -67.848633, 9.089806 ], [ -67.848557, 9.090592 ], [ -67.848641, 9.091252 ], [ -67.848679, 9.091949 ], [ -67.848511, 9.092681 ], [ -67.848320, 9.093358 ], [ -67.848053, 9.094054 ], [ -67.847817, 9.094813 ], [ -67.847489, 9.095418 ], [ -67.847176, 9.096168 ], [ -67.847359, 9.096847 ], [ -67.847847, 9.097273 ], [ -67.848434, 9.097628 ], [ -67.849022, 9.097963 ], [ -67.849609, 9.098409 ], [ -67.850105, 9.098863 ], [ -67.850395, 9.099479 ], [ -67.850853, 9.100059 ], [ -67.851280, 9.100557 ], [ -67.851662, 9.101129 ], [ -67.851997, 9.101717 ], [ -67.852425, 9.102261 ], [ -67.852608, 9.103039 ], [ -67.852646, 9.103745 ], [ -67.852890, 9.104361 ], [ -67.853249, 9.104959 ], [ -67.853523, 9.105565 ], [ -67.853745, 9.106298 ], [ -67.853928, 9.107122 ], [ -67.854057, 9.107837 ], [ -67.854439, 9.108426 ], [ -67.855026, 9.108826 ], [ -67.855621, 9.108511 ], [ -67.856262, 9.108223 ], [ -67.856911, 9.108343 ], [ -67.857452, 9.108769 ], [ -67.857796, 9.109341 ], [ -67.857948, 9.109983 ], [ -67.858261, 9.110662 ], [ -67.858689, 9.111206 ], [ -67.859161, 9.111705 ], [ -67.859596, 9.112339 ], [ -67.859772, 9.113018 ], [ -67.859810, 9.113688 ], [ -67.859642, 9.114384 ], [ -67.859169, 9.114880 ], [ -67.858788, 9.115457 ], [ -67.858246, 9.116070 ], [ -67.857742, 9.116521 ], [ -67.857246, 9.116989 ], [ -67.856751, 9.117485 ], [ -67.856133, 9.117890 ], [ -67.855591, 9.118404 ], [ -67.855095, 9.118917 ], [ -67.854858, 9.119640 ], [ -67.854500, 9.120227 ], [ -67.854149, 9.120995 ], [ -67.853859, 9.121591 ], [ -67.853661, 9.122241 ], [ -67.853729, 9.123028 ], [ -67.853584, 9.123715 ], [ -67.853272, 9.124320 ], [ -67.853195, 9.124970 ], [ -67.853210, 9.125704 ], [ -67.853180, 9.126490 ], [ -67.853310, 9.127124 ], [ -67.853584, 9.127785 ], [ -67.853386, 9.128508 ], [ -67.853409, 9.129222 ], [ -67.853836, 9.129784 ], [ -67.854546, 9.129632 ], [ -67.855202, 9.129843 ], [ -67.855492, 9.130440 ], [ -67.855553, 9.131127 ], [ -67.855499, 9.131842 ], [ -67.855423, 9.132529 ], [ -67.855827, 9.133118 ], [ -67.855957, 9.133787 ], [ -67.856003, 9.134521 ], [ -67.855904, 9.135216 ], [ -67.855423, 9.136653 ], [ -67.855163, 9.137302 ], [ -67.855225, 9.138054 ], [ -67.855469, 9.138715 ], [ -67.855835, 9.139331 ], [ -67.856171, 9.139992 ], [ -67.856598, 9.140599 ], [ -67.856865, 9.141215 ], [ -67.857071, 9.141885 ], [ -67.857315, 9.142546 ], [ -67.857605, 9.143180 ], [ -67.857849, 9.143795 ], [ -67.858009, 9.144483 ], [ -67.858047, 9.145216 ], [ -67.858269, 9.145976 ], [ -67.858673, 9.147298 ], [ -67.858597, 9.147984 ], [ -67.858192, 9.148599 ], [ -67.857544, 9.149781 ], [ -67.857261, 9.150476 ], [ -67.856903, 9.151109 ], [ -67.856598, 9.151740 ], [ -67.856384, 9.152409 ], [ -67.856262, 9.153150 ], [ -67.856201, 9.153819 ], [ -67.856361, 9.154525 ], [ -67.856674, 9.155250 ], [ -67.856804, 9.155891 ], [ -67.856888, 9.156607 ], [ -67.856926, 9.158035 ], [ -67.856895, 9.158795 ], [ -67.856819, 9.159482 ], [ -67.856789, 9.160196 ], [ -67.856712, 9.160955 ], [ -67.856751, 9.161625 ], [ -67.856972, 9.162259 ], [ -67.857407, 9.163038 ], [ -67.857880, 9.163600 ], [ -67.858444, 9.164000 ], [ -67.859550, 9.164899 ], [ -67.860054, 9.165533 ], [ -67.860504, 9.166023 ], [ -67.860977, 9.166494 ], [ -67.861336, 9.167092 ], [ -67.861588, 9.167817 ], [ -67.862213, 9.169944 ], [ -67.862434, 9.170631 ], [ -67.862907, 9.171926 ], [ -67.863151, 9.172687 ], [ -67.863472, 9.173438 ], [ -67.863739, 9.174145 ], [ -67.864059, 9.174733 ], [ -67.864532, 9.175395 ], [ -67.864983, 9.175867 ], [ -67.865433, 9.176429 ], [ -67.865730, 9.177063 ], [ -67.866318, 9.178385 ], [ -67.866745, 9.179001 ], [ -67.867470, 9.179284 ], [ -67.868080, 9.179611 ], [ -67.868416, 9.180227 ], [ -67.868660, 9.180870 ], [ -67.868790, 9.181576 ], [ -67.868942, 9.182219 ], [ -67.869576, 9.183487 ], [ -67.870529, 9.184711 ], [ -67.870888, 9.185327 ], [ -67.870926, 9.186014 ], [ -67.870712, 9.186683 ], [ -67.870430, 9.187332 ], [ -67.870094, 9.187964 ], [ -67.869835, 9.188750 ], [ -67.869522, 9.189383 ], [ -67.869400, 9.190214 ], [ -67.869469, 9.190947 ], [ -67.869553, 9.191707 ], [ -67.869782, 9.192458 ], [ -67.870255, 9.193066 ], [ -67.870705, 9.193591 ], [ -67.871025, 9.194243 ], [ -67.871132, 9.194886 ], [ -67.871170, 9.195627 ], [ -67.871254, 9.196424 ], [ -67.871315, 9.197093 ], [ -67.871475, 9.197799 ], [ -67.871514, 9.198468 ], [ -67.871849, 9.199129 ], [ -67.872368, 9.199529 ], [ -67.872955, 9.199865 ], [ -67.873497, 9.200400 ], [ -67.873947, 9.200990 ], [ -67.874268, 9.201651 ], [ -67.874397, 9.202293 ], [ -67.874619, 9.203786 ], [ -67.874657, 9.204492 ], [ -67.874741, 9.205224 ], [ -67.874779, 9.205894 ], [ -67.875183, 9.207405 ], [ -67.875061, 9.208146 ], [ -67.874580, 9.209538 ], [ -67.874298, 9.210188 ], [ -67.874085, 9.210929 ], [ -67.873985, 9.211643 ], [ -67.873932, 9.212420 ], [ -67.873787, 9.213098 ], [ -67.873825, 9.213758 ], [ -67.874458, 9.214140 ], [ -67.874977, 9.214585 ], [ -67.874901, 9.215282 ], [ -67.874473, 9.215796 ], [ -67.874512, 9.216500 ], [ -67.874893, 9.217072 ], [ -67.875458, 9.217453 ], [ -67.875885, 9.217943 ], [ -67.876038, 9.218676 ], [ -67.875916, 9.219372 ], [ -67.875656, 9.220095 ], [ -67.875275, 9.220762 ], [ -67.875015, 9.221458 ], [ -67.874779, 9.222154 ], [ -67.874626, 9.222804 ], [ -67.874527, 9.223518 ], [ -67.874496, 9.224233 ], [ -67.874405, 9.225038 ], [ -67.874413, 9.225706 ], [ -67.874733, 9.226368 ], [ -67.875092, 9.227001 ], [ -67.875450, 9.227546 ], [ -67.875679, 9.228207 ], [ -67.875786, 9.228948 ], [ -67.876030, 9.229564 ], [ -67.876366, 9.230125 ], [ -67.876732, 9.230905 ], [ -67.876839, 9.231565 ], [ -67.876900, 9.232234 ], [ -67.877083, 9.232967 ], [ -67.877441, 9.233602 ], [ -67.878006, 9.234074 ], [ -67.878235, 9.235032 ], [ -67.878616, 9.235332 ], [ -67.878883, 9.236038 ], [ -67.878853, 9.236708 ], [ -67.878708, 9.237449 ], [ -67.878654, 9.238298 ], [ -67.878838, 9.238941 ], [ -67.879646, 9.240183 ], [ -67.879623, 9.240942 ], [ -67.879753, 9.241766 ], [ -67.880203, 9.242337 ], [ -67.880821, 9.242737 ], [ -67.881317, 9.243181 ], [ -67.881699, 9.243870 ], [ -67.881668, 9.244530 ], [ -67.881592, 9.245298 ], [ -67.881798, 9.246004 ], [ -67.881950, 9.246756 ], [ -67.882149, 9.247443 ], [ -67.882416, 9.248086 ], [ -67.882660, 9.248702 ], [ -67.883163, 9.249191 ], [ -67.883812, 9.249293 ], [ -67.884506, 9.249277 ], [ -67.885155, 9.249379 ], [ -67.885826, 9.249544 ], [ -67.886482, 9.249690 ], [ -67.887154, 9.249701 ], [ -67.887840, 9.249550 ], [ -67.888458, 9.249263 ], [ -67.889084, 9.249039 ], [ -67.889778, 9.248977 ], [ -67.890473, 9.249006 ], [ -67.891167, 9.249153 ], [ -67.891777, 9.249508 ], [ -67.892364, 9.249980 ], [ -67.892998, 9.250172 ], [ -67.893761, 9.250219 ], [ -67.894440, 9.250574 ], [ -67.894775, 9.251190 ], [ -67.895317, 9.252421 ], [ -67.895676, 9.252983 ], [ -67.896080, 9.253554 ], [ -67.896492, 9.254261 ], [ -67.896851, 9.254913 ], [ -67.897804, 9.255956 ], [ -67.898209, 9.256518 ], [ -67.898476, 9.257252 ], [ -67.898354, 9.257894 ], [ -67.897903, 9.258507 ], [ -67.897621, 9.259175 ], [ -67.897819, 9.259818 ], [ -67.898247, 9.260362 ], [ -67.898811, 9.260716 ], [ -67.899468, 9.261044 ], [ -67.899986, 9.261470 ], [ -67.900574, 9.261915 ], [ -67.900909, 9.262513 ], [ -67.901199, 9.263102 ], [ -67.901497, 9.263736 ], [ -67.901581, 9.264450 ], [ -67.901619, 9.265165 ], [ -67.901726, 9.265807 ], [ -67.901695, 9.266467 ], [ -67.901688, 9.267137 ], [ -67.901703, 9.267806 ], [ -67.901764, 9.268466 ], [ -67.901733, 9.269180 ], [ -67.901657, 9.269832 ], [ -67.901626, 9.270518 ], [ -67.901802, 9.271234 ], [ -67.902283, 9.271813 ], [ -67.902931, 9.271960 ], [ -67.903542, 9.272224 ], [ -67.903969, 9.272768 ], [ -67.904213, 9.273475 ], [ -67.904373, 9.274253 ], [ -67.904640, 9.274940 ], [ -67.904999, 9.275484 ], [ -67.905518, 9.275911 ], [ -67.906174, 9.276076 ], [ -67.906845, 9.276133 ], [ -67.907532, 9.275935 ], [ -67.908249, 9.275938 ], [ -67.908951, 9.276067 ], [ -67.909492, 9.276466 ], [ -67.909989, 9.276893 ], [ -67.910622, 9.277355 ], [ -67.910545, 9.278097 ], [ -67.910210, 9.278728 ], [ -67.910133, 9.279416 ], [ -67.910309, 9.280077 ], [ -67.910828, 9.280485 ], [ -67.911331, 9.280957 ], [ -67.911781, 9.281501 ], [ -67.912254, 9.282036 ], [ -67.912865, 9.282300 ], [ -67.913475, 9.282655 ], [ -67.913765, 9.283360 ], [ -67.913460, 9.283993 ], [ -67.912979, 9.284462 ], [ -67.912315, 9.284749 ], [ -67.911674, 9.284973 ], [ -67.911003, 9.285080 ], [ -67.910484, 9.285548 ], [ -67.910454, 9.286244 ], [ -67.910950, 9.286671 ], [ -67.911690, 9.286700 ], [ -67.912353, 9.286449 ], [ -67.913025, 9.286415 ], [ -67.913704, 9.286653 ], [ -67.914329, 9.286889 ], [ -67.914917, 9.287199 ], [ -67.915481, 9.287553 ], [ -67.916023, 9.287934 ], [ -67.916542, 9.288388 ], [ -67.917084, 9.288878 ], [ -67.917579, 9.289440 ], [ -67.918648, 9.290502 ], [ -67.919144, 9.290946 ], [ -67.919731, 9.291301 ], [ -67.920410, 9.291583 ], [ -67.920837, 9.292128 ], [ -67.921135, 9.292833 ], [ -67.921219, 9.293548 ], [ -67.921371, 9.294209 ], [ -67.921570, 9.294851 ], [ -67.921822, 9.295512 ], [ -67.922249, 9.296074 ], [ -67.922699, 9.296618 ], [ -67.923332, 9.296973 ], [ -67.923988, 9.297119 ], [ -67.924675, 9.297104 ], [ -67.925377, 9.297251 ], [ -67.926079, 9.297533 ], [ -67.926621, 9.298032 ], [ -67.926979, 9.298575 ], [ -67.927223, 9.299210 ], [ -67.927406, 9.299970 ], [ -67.927353, 9.300630 ], [ -67.927323, 9.301298 ], [ -67.927475, 9.301941 ], [ -67.928100, 9.302178 ], [ -67.929413, 9.301648 ], [ -67.930077, 9.301587 ], [ -67.930710, 9.301942 ], [ -67.931351, 9.302360 ], [ -67.932007, 9.302741 ], [ -67.932617, 9.303069 ], [ -67.933228, 9.303469 ], [ -67.933632, 9.304039 ], [ -67.934196, 9.305307 ], [ -67.934532, 9.305968 ], [ -67.934891, 9.306540 ], [ -67.935883, 9.307528 ], [ -67.936409, 9.308090 ], [ -67.936767, 9.308660 ], [ -67.937180, 9.309268 ], [ -67.937538, 9.309884 ], [ -67.937782, 9.310572 ], [ -67.937729, 9.311332 ], [ -67.937378, 9.311910 ], [ -67.936760, 9.312269 ], [ -67.935997, 9.312448 ], [ -67.935333, 9.312835 ], [ -67.935699, 9.313441 ], [ -67.936218, 9.313913 ], [ -67.936829, 9.314268 ], [ -67.937477, 9.314550 ], [ -67.937820, 9.315121 ], [ -67.937744, 9.315772 ], [ -67.937149, 9.316268 ], [ -67.936607, 9.316763 ], [ -67.936134, 9.317295 ], [ -67.935684, 9.317882 ], [ -67.935417, 9.318532 ], [ -67.935600, 9.319247 ], [ -67.936203, 9.319502 ], [ -67.936821, 9.319260 ], [ -67.937370, 9.318909 ], [ -67.938088, 9.318938 ], [ -67.938637, 9.319383 ], [ -67.939041, 9.319926 ], [ -67.939422, 9.320560 ], [ -67.939827, 9.321928 ], [ -67.940048, 9.322571 ], [ -67.940720, 9.322690 ], [ -67.941292, 9.322357 ], [ -67.941940, 9.322232 ], [ -67.942657, 9.322234 ], [ -67.943062, 9.322805 ], [ -67.942795, 9.323410 ], [ -67.942253, 9.323834 ], [ -67.941704, 9.324194 ], [ -67.941185, 9.324663 ], [ -67.941612, 9.325161 ], [ -67.942200, 9.325471 ], [ -67.942894, 9.325681 ], [ -67.943481, 9.326017 ], [ -67.944000, 9.326489 ], [ -67.943878, 9.327221 ], [ -67.943481, 9.327835 ], [ -67.943588, 9.328523 ], [ -67.944153, 9.328940 ], [ -67.944328, 9.329610 ], [ -67.944115, 9.330278 ], [ -67.943420, 9.330430 ], [ -67.942810, 9.330057 ], [ -67.942268, 9.329649 ], [ -67.941574, 9.329529 ], [ -67.941002, 9.329889 ], [ -67.940666, 9.330494 ], [ -67.941094, 9.330993 ], [ -67.941544, 9.331465 ], [ -67.941589, 9.332242 ], [ -67.941231, 9.332802 ], [ -67.941055, 9.333498 ], [ -67.941330, 9.334113 ], [ -67.941422, 9.334891 ], [ -67.941368, 9.335606 ], [ -67.941040, 9.336256 ], [ -67.940369, 9.336480 ], [ -67.939972, 9.337022 ], [ -67.939331, 9.337499 ], [ -67.938789, 9.337831 ], [ -67.938637, 9.338455 ], [ -67.938774, 9.339170 ], [ -67.938789, 9.339812 ], [ -67.938438, 9.340399 ], [ -67.938057, 9.340914 ], [ -67.937462, 9.341084 ], [ -67.936806, 9.340991 ], [ -67.936180, 9.340844 ], [ -67.935608, 9.341132 ], [ -67.935249, 9.341646 ], [ -67.934921, 9.342323 ], [ -67.934303, 9.342430 ], [ -67.933670, 9.342383 ], [ -67.933273, 9.342916 ], [ -67.933403, 9.344291 ], [ -67.933739, 9.344861 ], [ -67.934036, 9.345523 ], [ -67.933556, 9.345991 ], [ -67.932907, 9.345989 ], [ -67.932282, 9.345906 ], [ -67.931694, 9.346248 ], [ -67.931290, 9.346735 ], [ -67.931145, 9.347431 ], [ -67.931068, 9.348055 ], [ -67.930664, 9.348569 ], [ -67.930038, 9.348567 ], [ -67.929520, 9.348231 ], [ -67.928894, 9.348111 ], [ -67.928200, 9.348109 ], [ -67.927544, 9.347980 ], [ -67.926880, 9.348232 ], [ -67.926597, 9.348810 ], [ -67.926475, 9.349479 ], [ -67.926262, 9.350066 ], [ -67.926208, 9.350680 ], [ -67.925896, 9.351294 ], [ -67.925301, 9.351655 ], [ -67.924713, 9.352168 ], [ -67.924194, 9.352601 ], [ -67.923393, 9.353675 ], [ -67.922913, 9.354107 ], [ -67.922317, 9.354395 ], [ -67.922569, 9.354983 ], [ -67.923111, 9.355320 ], [ -67.923058, 9.355934 ], [ -67.922455, 9.356140 ], [ -67.922058, 9.356627 ], [ -67.921814, 9.357215 ], [ -67.921387, 9.357747 ], [ -67.921142, 9.357159 ], [ -67.921013, 9.356516 ], [ -67.920425, 9.356279 ], [ -67.919998, 9.356866 ], [ -67.919693, 9.357497 ], [ -67.919617, 9.358121 ], [ -67.919678, 9.358808 ], [ -67.919724, 9.359496 ], [ -67.919784, 9.360111 ], [ -67.920006, 9.360727 ], [ -67.920189, 9.361324 ], [ -67.920296, 9.361967 ], [ -67.920906, 9.362204 ], [ -67.921051, 9.361598 ], [ -67.921127, 9.360930 ], [ -67.921745, 9.360705 ], [ -67.922531, 9.361748 ], [ -67.922989, 9.362219 ], [ -67.923439, 9.362754 ], [ -67.923706, 9.363352 ], [ -67.923332, 9.363884 ], [ -67.922783, 9.364244 ], [ -67.922096, 9.364631 ], [ -67.921700, 9.365172 ], [ -67.921463, 9.365868 ], [ -67.921066, 9.366798 ], [ -67.920853, 9.367467 ], [ -67.920914, 9.368091 ], [ -67.920769, 9.368760 ], [ -67.919846, 9.369724 ], [ -67.919846, 9.370439 ], [ -67.919792, 9.371063 ], [ -67.920128, 9.371652 ], [ -67.920425, 9.372240 ], [ -67.919968, 9.372682 ], [ -67.919373, 9.372907 ], [ -67.918709, 9.373013 ], [ -67.918373, 9.373582 ], [ -67.918297, 9.374250 ], [ -67.918732, 9.374741 ], [ -67.919311, 9.375022 ], [ -67.919746, 9.375521 ], [ -67.919922, 9.376182 ], [ -67.920441, 9.376536 ], [ -67.921097, 9.376728 ], [ -67.921341, 9.377343 ], [ -67.921127, 9.377949 ], [ -67.920723, 9.378509 ], [ -67.920273, 9.379004 ], [ -67.919678, 9.379219 ], [ -67.919151, 9.379561 ], [ -67.919289, 9.380222 ], [ -67.919624, 9.380784 ], [ -67.920059, 9.381355 ], [ -67.920189, 9.381989 ], [ -67.920250, 9.382658 ], [ -67.920387, 9.383318 ], [ -67.920654, 9.383961 ], [ -67.920555, 9.384603 ], [ -67.920387, 9.385299 ], [ -67.920174, 9.385877 ], [ -67.919937, 9.386555 ], [ -67.919205, 9.386796 ], [ -67.918526, 9.386613 ], [ -67.917831, 9.386629 ], [ -67.917824, 9.387317 ], [ -67.917892, 9.387986 ], [ -67.917511, 9.388500 ], [ -67.917038, 9.388969 ], [ -67.916542, 9.389393 ], [ -67.916092, 9.389915 ], [ -67.915733, 9.390430 ], [ -67.915749, 9.391190 ], [ -67.916984, 9.390470 ], [ -67.917504, 9.390082 ], [ -67.918129, 9.390021 ], [ -67.918785, 9.390439 ], [ -67.919220, 9.391010 ], [ -67.919235, 9.391625 ], [ -67.919182, 9.392249 ], [ -67.918968, 9.392855 ], [ -67.918373, 9.393260 ], [ -67.918297, 9.393902 ], [ -67.918526, 9.394545 ], [ -67.918656, 9.395160 ], [ -67.918762, 9.395775 ], [ -67.918831, 9.396489 ], [ -67.918663, 9.397113 ], [ -67.918068, 9.397455 ], [ -67.917831, 9.398124 ], [ -67.918190, 9.398685 ], [ -67.918365, 9.399282 ], [ -67.918663, 9.399989 ], [ -67.919159, 9.400370 ], [ -67.919129, 9.400985 ], [ -67.918587, 9.401345 ], [ -67.917892, 9.401551 ], [ -67.917275, 9.401775 ], [ -67.916725, 9.402062 ], [ -67.916206, 9.402486 ], [ -67.915634, 9.402828 ], [ -67.915047, 9.403234 ], [ -67.914444, 9.403403 ], [ -67.913818, 9.403284 ], [ -67.913322, 9.403662 ], [ -67.913292, 9.404358 ], [ -67.913513, 9.404920 ], [ -67.914032, 9.405374 ], [ -67.913910, 9.406015 ], [ -67.913490, 9.406556 ], [ -67.913132, 9.407071 ], [ -67.912849, 9.407748 ], [ -67.912842, 9.408390 ], [ -67.913017, 9.408987 ], [ -67.913055, 9.409602 ], [ -67.912514, 9.409981 ], [ -67.911918, 9.410368 ], [ -67.912277, 9.410912 ], [ -67.912842, 9.411239 ], [ -67.913452, 9.411476 ], [ -67.914063, 9.411668 ], [ -67.914284, 9.412238 ], [ -67.914620, 9.412827 ], [ -67.914314, 9.413368 ], [ -67.913643, 9.413520 ], [ -67.913048, 9.413699 ], [ -67.912666, 9.414231 ], [ -67.912659, 9.414883 ], [ -67.912376, 9.415461 ], [ -67.912979, 9.415652 ], [ -67.913590, 9.415771 ], [ -67.914154, 9.416126 ], [ -67.914604, 9.416579 ], [ -67.915009, 9.417069 ], [ -67.915375, 9.417686 ], [ -67.915916, 9.417994 ], [ -67.916588, 9.418069 ], [ -67.916672, 9.418711 ], [ -67.916481, 9.419308 ], [ -67.915954, 9.419713 ], [ -67.915718, 9.420300 ], [ -67.916283, 9.420699 ], [ -67.916824, 9.421117 ], [ -67.916634, 9.421696 ], [ -67.916603, 9.422319 ], [ -67.916916, 9.422890 ], [ -67.917572, 9.423055 ], [ -67.918243, 9.423102 ], [ -67.918335, 9.423772 ], [ -67.918487, 9.424387 ], [ -67.918503, 9.425029 ], [ -67.918243, 9.425589 ], [ -67.917999, 9.426212 ], [ -67.917763, 9.426863 ], [ -67.917091, 9.426743 ], [ -67.916435, 9.426578 ], [ -67.916336, 9.427292 ], [ -67.916656, 9.427926 ], [ -67.917114, 9.428515 ], [ -67.917519, 9.429105 ], [ -67.917923, 9.429576 ], [ -67.918175, 9.430164 ], [ -67.918510, 9.430826 ], [ -67.918442, 9.431468 ], [ -67.918503, 9.432245 ], [ -67.918755, 9.432861 ], [ -67.918770, 9.433602 ], [ -67.918770, 9.434336 ], [ -67.918716, 9.435004 ], [ -67.918823, 9.435665 ], [ -67.918892, 9.436398 ], [ -67.918930, 9.437158 ], [ -67.918999, 9.437872 ], [ -67.918709, 9.438477 ], [ -67.918427, 9.439127 ], [ -67.918053, 9.439868 ], [ -67.917984, 9.440654 ], [ -67.917694, 9.441259 ], [ -67.917267, 9.441773 ], [ -67.917236, 9.442424 ], [ -67.917419, 9.443085 ], [ -67.917343, 9.443754 ], [ -67.917641, 9.444369 ], [ -67.918305, 9.444300 ], [ -67.919044, 9.444283 ], [ -67.919724, 9.444340 ], [ -67.919853, 9.445019 ], [ -67.919945, 9.445751 ], [ -67.919884, 9.447072 ], [ -67.920242, 9.447588 ], [ -67.920677, 9.448078 ], [ -67.921059, 9.448622 ], [ -67.921493, 9.449301 ], [ -67.922104, 9.449565 ], [ -67.922714, 9.449865 ], [ -67.923096, 9.450481 ], [ -67.923500, 9.450953 ], [ -67.923546, 9.451595 ], [ -67.923309, 9.452272 ], [ -67.922974, 9.452878 ], [ -67.922806, 9.453547 ], [ -67.922730, 9.454215 ], [ -67.922867, 9.454921 ], [ -67.923065, 9.455582 ], [ -67.923225, 9.456180 ], [ -67.923378, 9.456840 ], [ -67.923645, 9.457411 ], [ -67.923760, 9.458026 ], [ -67.923378, 9.458639 ], [ -67.922752, 9.458673 ], [ -67.922104, 9.458599 ], [ -67.920174, 9.458259 ], [ -67.919563, 9.458067 ], [ -67.919044, 9.457667 ], [ -67.918312, 9.457865 ], [ -67.918495, 9.458579 ], [ -67.918922, 9.459023 ], [ -67.919441, 9.459360 ], [ -67.920120, 9.459705 ], [ -67.920685, 9.460105 ], [ -67.921112, 9.460577 ], [ -67.921318, 9.461192 ], [ -67.921700, 9.461854 ], [ -67.922295, 9.461584 ], [ -67.922890, 9.461360 ], [ -67.923546, 9.461507 ], [ -67.923469, 9.462175 ], [ -67.923325, 9.462845 ], [ -67.922989, 9.463404 ], [ -67.922562, 9.463873 ], [ -67.921875, 9.464142 ], [ -67.921249, 9.464158 ], [ -67.921013, 9.464764 ], [ -67.921303, 9.465307 ], [ -67.921829, 9.465689 ], [ -67.922409, 9.466042 ], [ -67.922951, 9.466352 ], [ -67.923561, 9.466724 ], [ -67.924088, 9.467196 ], [ -67.924355, 9.467831 ], [ -67.924538, 9.468446 ], [ -67.924484, 9.469088 ], [ -67.924194, 9.469720 ], [ -67.923706, 9.470261 ], [ -67.923088, 9.470575 ], [ -67.922439, 9.470728 ], [ -67.921799, 9.471087 ], [ -67.921493, 9.471702 ], [ -67.921738, 9.472290 ], [ -67.922485, 9.473422 ], [ -67.923004, 9.473777 ], [ -67.923721, 9.473806 ], [ -67.924439, 9.473691 ], [ -67.925102, 9.473449 ], [ -67.925644, 9.473776 ], [ -67.925850, 9.474509 ], [ -67.926002, 9.475197 ], [ -67.926025, 9.475903 ], [ -67.926224, 9.476518 ], [ -67.926216, 9.477141 ], [ -67.926033, 9.477856 ], [ -67.925720, 9.478416 ], [ -67.924942, 9.479544 ], [ -67.924652, 9.480239 ], [ -67.924507, 9.480845 ], [ -67.924499, 9.481459 ], [ -67.924637, 9.482129 ], [ -67.924675, 9.482771 ], [ -67.924621, 9.483386 ], [ -67.924728, 9.484028 ], [ -67.925049, 9.484689 ], [ -67.925339, 9.485232 ], [ -67.925774, 9.485731 ], [ -67.926361, 9.486221 ], [ -67.926903, 9.486594 ], [ -67.927879, 9.487447 ], [ -67.928436, 9.487711 ], [ -67.929138, 9.487876 ], [ -67.929756, 9.487742 ], [ -67.930412, 9.487934 ], [ -67.931091, 9.488279 ], [ -67.931709, 9.487992 ], [ -67.932335, 9.488003 ], [ -67.932877, 9.488376 ], [ -67.932869, 9.489018 ], [ -67.932495, 9.489559 ], [ -67.932396, 9.490273 ], [ -67.932732, 9.490862 ], [ -67.933166, 9.491496 ], [ -67.933815, 9.491480 ], [ -67.934387, 9.491094 ], [ -67.934883, 9.490697 ], [ -67.935532, 9.490608 ], [ -67.936050, 9.490990 ], [ -67.936653, 9.491227 ], [ -67.937904, 9.492000 ], [ -67.938538, 9.492281 ], [ -67.938988, 9.492708 ], [ -67.939461, 9.493125 ], [ -67.939888, 9.493651 ], [ -67.940117, 9.494212 ], [ -67.940041, 9.494908 ], [ -67.939873, 9.495532 ], [ -67.940048, 9.496129 ], [ -67.940361, 9.496691 ], [ -67.940994, 9.496973 ], [ -67.941651, 9.497165 ], [ -67.942482, 9.497168 ], [ -67.943107, 9.497224 ], [ -67.943718, 9.497416 ], [ -67.944488, 9.497581 ], [ -67.945107, 9.497447 ], [ -67.944702, 9.496903 ], [ -67.944725, 9.496261 ], [ -67.945351, 9.496218 ], [ -67.945961, 9.496482 ], [ -67.946571, 9.496700 ], [ -67.947701, 9.497400 ], [ -67.948219, 9.497737 ], [ -67.948120, 9.498379 ], [ -67.948616, 9.498832 ], [ -67.949219, 9.498997 ], [ -67.949837, 9.499324 ], [ -67.950218, 9.499895 ], [ -67.950165, 9.500654 ], [ -67.950440, 9.501333 ], [ -67.951027, 9.501525 ], [ -67.951721, 9.501581 ], [ -67.951988, 9.502143 ], [ -67.952164, 9.503473 ], [ -67.952294, 9.504115 ], [ -67.952271, 9.504803 ], [ -67.952125, 9.505426 ], [ -67.952003, 9.506103 ], [ -67.952087, 9.506855 ], [ -67.952217, 9.508184 ], [ -67.952278, 9.508872 ], [ -67.952324, 9.509541 ], [ -67.952591, 9.510176 ], [ -67.953224, 9.510394 ], [ -67.953377, 9.510982 ], [ -67.953117, 9.511660 ], [ -67.952973, 9.512356 ], [ -67.952804, 9.513042 ], [ -67.952660, 9.513721 ], [ -67.952766, 9.514336 ], [ -67.953293, 9.513930 ], [ -67.953941, 9.513842 ], [ -67.954346, 9.514476 ], [ -67.954277, 9.515172 ], [ -67.954292, 9.515814 ], [ -67.954491, 9.516430 ], [ -67.954849, 9.516947 ], [ -67.955399, 9.517373 ], [ -67.956001, 9.517538 ], [ -67.956749, 9.517639 ], [ -67.957435, 9.517479 ], [ -67.958077, 9.517282 ], [ -67.958954, 9.517185 ], [ -67.959564, 9.517331 ], [ -67.960060, 9.517713 ], [ -67.960053, 9.518382 ], [ -67.959770, 9.519050 ], [ -67.959557, 9.519701 ], [ -67.959343, 9.520396 ], [ -67.959267, 9.521020 ], [ -67.959167, 9.521734 ], [ -67.958862, 9.522411 ], [ -67.958313, 9.522835 ], [ -67.957680, 9.523176 ], [ -67.957176, 9.523582 ], [ -67.956917, 9.524278 ], [ -67.956848, 9.524964 ], [ -67.956818, 9.525679 ], [ -67.956925, 9.526348 ], [ -67.956993, 9.527054 ], [ -67.957191, 9.527670 ], [ -67.957687, 9.528901 ], [ -67.958069, 9.529418 ], [ -67.957855, 9.530050 ], [ -67.957138, 9.529930 ], [ -67.956459, 9.529783 ], [ -67.955765, 9.529917 ], [ -67.955246, 9.530277 ], [ -67.955101, 9.530901 ], [ -67.955345, 9.531517 ], [ -67.955505, 9.532195 ], [ -67.955498, 9.532891 ], [ -67.955719, 9.533462 ], [ -67.955757, 9.534077 ], [ -67.956306, 9.534549 ], [ -67.956756, 9.534071 ], [ -67.957634, 9.533106 ], [ -67.958206, 9.532755 ], [ -67.958961, 9.532522 ], [ -67.959587, 9.532579 ], [ -67.959923, 9.533094 ], [ -67.960060, 9.533719 ], [ -67.960373, 9.534353 ], [ -67.961067, 9.534147 ], [ -67.961632, 9.533769 ], [ -67.962250, 9.533264 ], [ -67.962814, 9.532977 ], [ -67.963364, 9.532617 ], [ -67.963959, 9.532401 ], [ -67.964653, 9.532268 ], [ -67.965279, 9.532225 ], [ -67.965973, 9.532326 ], [ -67.966583, 9.532654 ], [ -67.966942, 9.533170 ], [ -67.967010, 9.533794 ], [ -67.966980, 9.534481 ], [ -67.966881, 9.535105 ], [ -67.967010, 9.535766 ], [ -67.967483, 9.536174 ], [ -67.968010, 9.536755 ], [ -67.968674, 9.537199 ], [ -67.969261, 9.537509 ], [ -67.969841, 9.537746 ], [ -67.970383, 9.538073 ], [ -67.970772, 9.538616 ], [ -67.971130, 9.539178 ], [ -67.971077, 9.539892 ], [ -67.970703, 9.540434 ], [ -67.969750, 9.541399 ], [ -67.969376, 9.542030 ], [ -67.969650, 9.542665 ], [ -67.970055, 9.543253 ], [ -67.970421, 9.543960 ], [ -67.970695, 9.544639 ], [ -67.970223, 9.545135 ], [ -67.969528, 9.545133 ], [ -67.968941, 9.544914 ], [ -67.968292, 9.544867 ], [ -67.967667, 9.544947 ], [ -67.967018, 9.544872 ], [ -67.966393, 9.544870 ], [ -67.965652, 9.544905 ], [ -67.965004, 9.544992 ], [ -67.964226, 9.545271 ], [ -67.963539, 9.545649 ], [ -67.962379, 9.546532 ], [ -67.961769, 9.546828 ], [ -67.960914, 9.547142 ], [ -67.960075, 9.547764 ], [ -67.958961, 9.548484 ], [ -67.958298, 9.548843 ], [ -67.957657, 9.549158 ], [ -67.956978, 9.549562 ], [ -67.956291, 9.549905 ], [ -67.955574, 9.550200 ], [ -67.955009, 9.550515 ], [ -67.954437, 9.550785 ], [ -67.953728, 9.551163 ], [ -67.953743, 9.551786 ], [ -67.953621, 9.552392 ], [ -67.953095, 9.552726 ], [ -67.952431, 9.552877 ], [ -67.951736, 9.552875 ], [ -67.951103, 9.552801 ], [ -67.950500, 9.552672 ], [ -67.949867, 9.552463 ], [ -67.949196, 9.552433 ], [ -67.948524, 9.552522 ], [ -67.947884, 9.552764 ], [ -67.947105, 9.552970 ], [ -67.946373, 9.553239 ], [ -67.945869, 9.553644 ], [ -67.945305, 9.554049 ], [ -67.944657, 9.554138 ], [ -67.943970, 9.554379 ], [ -67.943398, 9.554605 ], [ -67.942017, 9.555007 ], [ -67.941422, 9.555412 ], [ -67.940712, 9.555591 ], [ -67.940041, 9.555490 ], [ -67.939339, 9.555397 ], [ -67.938675, 9.555531 ], [ -67.937439, 9.556160 ], [ -67.936752, 9.556447 ], [ -67.936035, 9.556581 ], [ -67.935318, 9.556650 ], [ -67.934052, 9.556728 ], [ -67.933472, 9.556971 ], [ -67.932907, 9.557447 ], [ -67.932808, 9.558063 ], [ -67.933052, 9.558633 ], [ -67.933487, 9.559195 ], [ -67.933914, 9.559721 ], [ -67.935234, 9.559634 ], [ -67.935997, 9.559619 ], [ -67.936585, 9.559883 ], [ -67.937080, 9.560327 ], [ -67.937515, 9.560917 ], [ -67.937859, 9.561686 ], [ -67.938088, 9.562437 ], [ -67.938034, 9.563107 ], [ -67.937653, 9.563602 ], [ -67.937080, 9.563846 ], [ -67.936356, 9.563635 ], [ -67.935661, 9.563560 ], [ -67.934753, 9.563440 ], [ -67.934059, 9.563366 ], [ -67.933434, 9.563544 ], [ -67.932861, 9.563787 ], [ -67.932266, 9.564102 ], [ -67.931671, 9.564280 ], [ -67.930939, 9.564531 ], [ -67.930329, 9.564340 ], [ -67.929741, 9.564004 ], [ -67.929070, 9.563793 ], [ -67.928421, 9.563927 ], [ -67.927826, 9.564169 ], [ -67.927231, 9.564439 ], [ -67.926613, 9.564681 ], [ -67.926064, 9.564996 ], [ -67.925545, 9.565429 ], [ -67.925072, 9.565915 ], [ -67.925064, 9.566657 ], [ -67.925125, 9.567363 ], [ -67.925217, 9.568077 ], [ -67.925423, 9.568738 ], [ -67.925690, 9.569426 ], [ -67.925896, 9.570014 ], [ -67.926048, 9.570657 ], [ -67.926361, 9.571200 ], [ -67.926636, 9.571816 ], [ -67.926865, 9.572568 ], [ -67.927109, 9.573934 ], [ -67.927353, 9.574576 ], [ -67.927940, 9.574994 ], [ -67.928528, 9.575213 ], [ -67.929070, 9.575658 ], [ -67.929596, 9.576247 ], [ -67.930168, 9.576665 ], [ -67.930641, 9.577092 ], [ -67.931183, 9.577563 ], [ -67.931793, 9.577982 ], [ -67.932434, 9.578517 ], [ -67.932846, 9.579079 ], [ -67.933228, 9.579740 ], [ -67.933502, 9.580302 ], [ -67.933655, 9.580972 ], [ -67.933670, 9.581614 ], [ -67.933579, 9.582283 ], [ -67.932960, 9.583673 ], [ -67.932495, 9.584260 ], [ -67.932014, 9.584665 ], [ -67.931686, 9.585298 ], [ -67.931702, 9.586103 ], [ -67.932335, 9.587189 ], [ -67.932693, 9.587706 ], [ -67.932877, 9.588322 ], [ -67.933029, 9.588919 ], [ -67.933250, 9.589507 ], [ -67.933861, 9.590621 ], [ -67.934196, 9.591210 ], [ -67.934494, 9.591799 ], [ -67.934654, 9.592577 ], [ -67.934669, 9.593265 ], [ -67.934662, 9.594648 ], [ -67.934540, 9.595389 ], [ -67.934326, 9.596148 ], [ -67.934136, 9.596771 ], [ -67.933968, 9.597377 ], [ -67.934029, 9.598109 ], [ -67.934189, 9.598770 ], [ -67.934479, 9.599386 ], [ -67.934913, 9.599885 ], [ -67.935204, 9.600473 ], [ -67.935539, 9.601017 ], [ -67.935677, 9.601769 ], [ -67.935860, 9.602410 ], [ -67.936363, 9.603136 ], [ -67.936767, 9.603670 ], [ -67.936416, 9.604239 ], [ -67.935768, 9.604300 ], [ -67.935074, 9.604244 ], [ -67.934326, 9.604061 ], [ -67.933716, 9.603888 ], [ -67.932968, 9.603659 ], [ -67.932175, 9.603331 ], [ -67.931496, 9.602958 ], [ -67.930755, 9.602974 ], [ -67.930061, 9.603107 ], [ -67.929367, 9.603106 ], [ -67.928650, 9.603193 ], [ -67.927940, 9.603372 ], [ -67.927261, 9.603207 ], [ -67.926636, 9.603241 ], [ -67.926041, 9.603438 ], [ -67.925491, 9.603826 ], [ -67.924896, 9.604086 ], [ -67.924164, 9.604201 ], [ -67.923569, 9.604607 ], [ -67.923447, 9.605320 ], [ -67.923897, 9.605837 ], [ -67.924446, 9.606236 ], [ -67.924873, 9.606709 ], [ -67.924820, 9.607377 ], [ -67.924377, 9.607991 ], [ -67.923698, 9.607962 ], [ -67.923096, 9.607770 ], [ -67.922439, 9.607623 ], [ -67.921822, 9.607757 ], [ -67.921440, 9.608316 ], [ -67.921318, 9.608985 ], [ -67.921455, 9.609646 ], [ -67.921837, 9.610262 ], [ -67.922135, 9.610923 ], [ -67.922127, 9.611583 ], [ -67.921913, 9.612233 ], [ -67.921463, 9.612730 ], [ -67.921013, 9.613297 ], [ -67.920418, 9.613604 ], [ -67.919899, 9.613963 ], [ -67.919350, 9.614251 ], [ -67.918632, 9.614457 ], [ -67.917992, 9.614726 ], [ -67.917564, 9.615222 ], [ -67.917259, 9.615782 ], [ -67.916924, 9.616297 ], [ -67.916565, 9.616919 ], [ -67.916260, 9.617534 ], [ -67.915901, 9.618138 ], [ -67.915497, 9.618652 ], [ -67.915031, 9.619211 ], [ -67.914459, 9.619617 ], [ -67.913788, 9.619542 ], [ -67.913048, 9.619522 ], [ -67.911606, 9.619328 ], [ -67.910278, 9.619179 ], [ -67.909538, 9.619285 ], [ -67.908829, 9.619463 ], [ -67.908096, 9.619714 ], [ -67.907425, 9.619802 ], [ -67.906754, 9.619791 ], [ -67.906097, 9.619626 ], [ -67.905441, 9.619271 ], [ -67.904686, 9.618880 ], [ -67.904037, 9.618806 ], [ -67.903366, 9.618776 ], [ -67.902565, 9.619027 ], [ -67.901756, 9.620056 ], [ -67.901329, 9.620625 ], [ -67.900856, 9.621066 ], [ -67.900284, 9.621516 ], [ -67.899689, 9.621722 ], [ -67.898880, 9.621783 ], [ -67.898239, 9.621917 ], [ -67.897385, 9.622167 ], [ -67.896789, 9.622391 ], [ -67.896103, 9.622588 ], [ -67.895477, 9.622631 ], [ -67.894829, 9.622738 ], [ -67.894020, 9.622916 ], [ -67.893448, 9.623167 ], [ -67.892860, 9.623590 ], [ -67.892242, 9.623905 ], [ -67.891548, 9.623812 ], [ -67.890961, 9.623476 ], [ -67.890297, 9.623039 ], [ -67.889755, 9.622640 ], [ -67.889191, 9.622303 ], [ -67.888542, 9.622392 ], [ -67.887894, 9.622426 ], [ -67.887070, 9.622613 ], [ -67.886322, 9.622629 ], [ -67.885742, 9.622319 ], [ -67.885704, 9.620917 ], [ -67.885918, 9.620339 ], [ -67.885948, 9.619725 ], [ -67.885910, 9.619101 ], [ -67.885643, 9.618485 ], [ -67.885322, 9.617896 ], [ -67.884048, 9.617928 ], [ -67.883377, 9.617899 ], [ -67.882973, 9.617427 ], [ -67.882881, 9.616694 ], [ -67.882820, 9.616053 ], [ -67.882828, 9.615338 ], [ -67.882805, 9.614560 ], [ -67.882469, 9.614017 ], [ -67.881928, 9.613708 ], [ -67.881249, 9.613561 ], [ -67.880585, 9.613667 ], [ -67.879890, 9.613873 ], [ -67.879349, 9.614278 ], [ -67.878944, 9.614882 ], [ -67.878349, 9.615151 ], [ -67.877701, 9.615212 ], [ -67.877037, 9.615328 ], [ -67.876434, 9.615543 ], [ -67.875771, 9.615767 ], [ -67.874496, 9.616441 ], [ -67.873779, 9.616556 ], [ -67.873139, 9.616844 ], [ -67.872894, 9.617476 ], [ -67.872826, 9.618208 ], [ -67.872749, 9.618859 ], [ -67.872627, 9.619501 ], [ -67.872528, 9.620170 ], [ -67.871933, 9.620349 ], [ -67.871277, 9.620346 ], [ -67.870674, 9.620154 ], [ -67.870407, 9.619584 ], [ -67.870361, 9.618959 ], [ -67.870094, 9.618280 ], [ -67.869507, 9.617971 ], [ -67.868820, 9.618222 ], [ -67.868317, 9.618628 ], [ -67.868126, 9.619224 ], [ -67.868324, 9.619884 ], [ -67.868461, 9.620527 ], [ -67.868080, 9.621041 ], [ -67.867409, 9.621102 ], [ -67.866760, 9.620982 ], [ -67.866081, 9.620890 ], [ -67.865410, 9.620770 ], [ -67.865204, 9.620128 ], [ -67.864685, 9.619728 ], [ -67.864121, 9.619329 ], [ -67.863716, 9.618830 ], [ -67.863281, 9.618340 ], [ -67.862656, 9.618311 ], [ -67.862160, 9.618707 ], [ -67.861710, 9.619140 ], [ -67.861115, 9.619590 ], [ -67.860550, 9.619994 ], [ -67.859955, 9.620462 ], [ -67.859482, 9.620895 ], [ -67.858910, 9.621156 ], [ -67.858246, 9.621362 ], [ -67.857529, 9.621558 ], [ -67.856857, 9.621628 ], [ -67.856285, 9.621843 ], [ -67.856049, 9.622566 ], [ -67.855995, 9.623235 ], [ -67.856018, 9.623967 ], [ -67.855659, 9.624509 ], [ -67.855087, 9.624868 ], [ -67.854469, 9.624948 ], [ -67.854065, 9.624476 ], [ -67.853767, 9.623933 ], [ -67.853226, 9.623624 ], [ -67.852600, 9.623640 ], [ -67.851997, 9.623493 ], [ -67.851364, 9.623211 ], [ -67.850823, 9.622784 ], [ -67.850197, 9.622709 ], [ -67.849548, 9.622680 ], [ -67.848900, 9.622678 ], [ -67.848373, 9.623011 ], [ -67.847809, 9.623507 ], [ -67.847359, 9.624074 ], [ -67.847031, 9.624769 ], [ -67.846741, 9.625347 ], [ -67.846405, 9.625934 ], [ -67.845909, 9.626357 ], [ -67.845390, 9.626881 ], [ -67.845009, 9.627395 ], [ -67.844467, 9.627845 ], [ -67.843918, 9.628178 ], [ -67.843300, 9.628474 ], [ -67.842659, 9.628607 ], [ -67.842026, 9.628569 ], [ -67.841423, 9.628431 ], [ -67.840881, 9.628077 ], [ -67.840385, 9.627604 ], [ -67.839706, 9.627368 ], [ -67.839058, 9.627357 ], [ -67.838318, 9.627399 ], [ -67.837677, 9.627786 ], [ -67.837341, 9.628300 ], [ -67.837013, 9.628950 ], [ -67.836868, 9.629556 ], [ -67.836578, 9.630115 ], [ -67.836227, 9.630720 ], [ -67.835846, 9.631207 ], [ -67.835442, 9.631702 ], [ -67.834717, 9.631655 ], [ -67.834244, 9.631156 ], [ -67.833931, 9.630594 ], [ -67.833634, 9.630024 ], [ -67.833572, 9.629381 ], [ -67.833328, 9.628720 ], [ -67.832741, 9.628456 ], [ -67.832085, 9.628201 ], [ -67.831474, 9.627936 ], [ -67.830856, 9.628070 ], [ -67.830421, 9.628539 ], [ -67.830017, 9.629062 ], [ -67.829567, 9.629503 ], [ -67.828926, 9.629637 ], [ -67.828179, 9.629544 ], [ -67.827576, 9.629370 ], [ -67.827027, 9.628970 ], [ -67.826424, 9.628778 ], [ -67.825798, 9.628677 ], [ -67.825173, 9.628838 ], [ -67.824814, 9.629352 ], [ -67.824837, 9.630039 ], [ -67.824944, 9.630772 ], [ -67.824798, 9.631369 ], [ -67.824509, 9.631955 ], [ -67.824181, 9.632487 ], [ -67.823845, 9.633056 ], [ -67.823654, 9.633653 ], [ -67.823029, 9.633740 ], [ -67.822380, 9.633729 ], [ -67.821686, 9.633745 ], [ -67.821037, 9.633742 ], [ -67.820313, 9.633577 ], [ -67.819664, 9.633412 ], [ -67.819069, 9.633818 ], [ -67.818626, 9.634421 ], [ -67.818123, 9.634800 ], [ -67.817673, 9.635296 ], [ -67.817108, 9.635863 ], [ -67.816482, 9.635952 ], [ -67.815827, 9.635642 ], [ -67.815193, 9.635405 ], [ -67.814766, 9.634960 ], [ -67.814270, 9.634461 ], [ -67.813568, 9.634323 ], [ -67.813072, 9.634674 ], [ -67.813042, 9.635325 ], [ -67.813149, 9.635941 ], [ -67.813309, 9.636646 ], [ -67.813461, 9.637243 ], [ -67.813705, 9.637922 ], [ -67.813980, 9.638494 ], [ -67.814339, 9.639770 ], [ -67.814560, 9.640430 ], [ -67.814903, 9.641047 ], [ -67.814964, 9.641662 ], [ -67.814797, 9.642267 ], [ -67.814392, 9.642971 ], [ -67.813988, 9.643503 ], [ -67.813538, 9.643953 ], [ -67.812988, 9.644268 ], [ -67.812340, 9.644121 ], [ -67.811775, 9.643794 ], [ -67.811073, 9.643583 ], [ -67.810448, 9.643662 ], [ -67.810119, 9.644222 ], [ -67.810501, 9.644739 ], [ -67.810814, 9.645337 ], [ -67.810928, 9.645952 ], [ -67.811012, 9.646612 ], [ -67.810776, 9.647218 ], [ -67.810417, 9.647849 ], [ -67.810181, 9.648473 ], [ -67.809654, 9.648859 ], [ -67.809013, 9.648984 ], [ -67.808342, 9.648954 ], [ -67.807732, 9.648745 ], [ -67.806991, 9.648805 ], [ -67.806274, 9.648983 ], [ -67.805565, 9.649189 ], [ -67.804993, 9.649431 ], [ -67.804428, 9.649881 ], [ -67.804092, 9.650395 ], [ -67.804108, 9.651137 ], [ -67.804329, 9.651726 ], [ -67.804855, 9.652198 ], [ -67.805122, 9.652760 ], [ -67.805046, 9.653456 ], [ -67.804695, 9.654042 ], [ -67.804001, 9.654166 ], [ -67.803375, 9.654300 ], [ -67.802734, 9.654387 ], [ -67.802040, 9.654493 ], [ -67.801399, 9.654673 ], [ -67.800758, 9.654960 ], [ -67.800163, 9.655301 ], [ -67.799568, 9.655706 ], [ -67.798874, 9.655766 ], [ -67.798271, 9.655620 ], [ -67.797623, 9.655690 ], [ -67.797073, 9.655977 ], [ -67.796410, 9.656292 ], [ -67.795838, 9.656579 ], [ -67.795387, 9.657002 ], [ -67.794792, 9.657271 ], [ -67.794144, 9.657288 ], [ -67.793427, 9.657448 ], [ -67.792603, 9.657671 ], [ -67.791771, 9.657876 ], [ -67.791153, 9.658191 ], [ -67.790512, 9.658550 ], [ -67.789925, 9.659009 ], [ -67.789848, 9.659623 ], [ -67.789375, 9.660101 ], [ -67.788681, 9.660190 ], [ -67.788025, 9.659997 ], [ -67.787415, 9.659715 ], [ -67.786720, 9.659613 ], [ -67.785889, 9.659592 ], [ -67.785271, 9.659861 ], [ -67.785049, 9.660483 ], [ -67.785164, 9.661126 ], [ -67.785057, 9.661768 ], [ -67.784584, 9.662246 ], [ -67.783951, 9.662713 ], [ -67.783455, 9.663326 ], [ -67.783241, 9.663904 ], [ -67.780258, 9.666724 ], [ -67.780182, 9.667023 ], [ -67.779915, 9.667555 ], [ -67.779739, 9.668160 ], [ -67.779457, 9.668783 ], [ -67.779068, 9.669271 ], [ -67.778618, 9.669793 ], [ -67.778213, 9.670208 ], [ -67.777779, 9.670676 ], [ -67.777329, 9.671126 ], [ -67.776299, 9.672000 ], [ -67.775802, 9.672351 ], [ -67.775276, 9.672666 ], [ -67.774704, 9.672954 ], [ -67.773529, 9.673437 ], [ -67.773003, 9.673697 ], [ -67.771736, 9.674227 ], [ -67.771164, 9.674306 ], [ -67.770584, 9.674294 ], [ -67.770004, 9.674375 ], [ -67.769409, 9.674571 ], [ -67.768929, 9.674995 ], [ -67.768478, 9.675463 ], [ -67.767998, 9.675931 ], [ -67.767639, 9.676491 ], [ -67.767349, 9.677005 ], [ -67.766533, 9.677916 ], [ -67.766083, 9.678339 ], [ -67.765694, 9.678807 ], [ -67.765244, 9.679258 ], [ -67.764664, 9.679428 ], [ -67.764084, 9.679344 ], [ -67.763550, 9.679126 ], [ -67.763001, 9.679304 ], [ -67.762634, 9.679764 ], [ -67.762299, 9.680306 ], [ -67.761894, 9.680747 ], [ -67.761414, 9.681107 ], [ -67.760910, 9.681386 ], [ -67.760384, 9.681746 ], [ -67.759880, 9.682033 ], [ -67.758515, 9.683258 ], [ -67.757995, 9.683681 ], [ -67.757538, 9.684032 ], [ -67.757080, 9.684428 ], [ -67.756584, 9.684878 ], [ -67.756035, 9.685193 ], [ -67.755432, 9.685381 ], [ -67.754807, 9.685234 ], [ -67.754204, 9.685114 ], [ -67.753662, 9.684823 ], [ -67.753113, 9.685020 ], [ -67.752724, 9.685507 ], [ -67.752434, 9.686084 ], [ -67.752403, 9.686663 ], [ -67.752556, 9.687261 ], [ -67.752838, 9.687758 ], [ -67.753197, 9.688212 ], [ -67.753578, 9.688665 ], [ -67.753914, 9.689146 ], [ -67.754181, 9.689662 ], [ -67.754379, 9.690233 ], [ -67.754295, 9.690811 ], [ -67.754120, 9.691435 ], [ -67.753975, 9.692013 ], [ -67.753754, 9.692599 ], [ -67.753624, 9.693241 ], [ -67.753639, 9.693865 ], [ -67.753700, 9.694435 ], [ -67.753708, 9.695014 ], [ -67.753632, 9.695592 ], [ -67.753456, 9.696143 ], [ -67.753189, 9.696676 ], [ -67.752854, 9.697263 ], [ -67.752678, 9.697813 ], [ -67.752411, 9.698328 ], [ -67.752357, 9.698952 ], [ -67.752319, 9.699549 ], [ -67.752197, 9.700171 ], [ -67.751953, 9.700731 ], [ -67.751617, 9.701219 ], [ -67.751228, 9.701660 ], [ -67.750801, 9.702065 ], [ -67.750412, 9.702525 ], [ -67.750267, 9.703086 ], [ -67.750160, 9.703727 ], [ -67.750152, 9.704306 ], [ -67.750229, 9.704948 ], [ -67.750404, 9.705519 ], [ -67.750671, 9.706089 ], [ -67.751007, 9.706588 ], [ -67.751457, 9.706996 ], [ -67.751923, 9.707351 ], [ -67.752327, 9.707787 ], [ -67.753044, 9.708711 ], [ -67.753380, 9.709237 ], [ -67.753761, 9.709736 ], [ -67.754051, 9.710252 ], [ -67.754310, 9.710805 ], [ -67.754440, 9.711420 ], [ -67.754456, 9.712017 ], [ -67.754494, 9.712641 ], [ -67.754570, 9.713238 ], [ -67.754745, 9.713808 ], [ -67.755036, 9.714307 ], [ -67.755462, 9.714778 ], [ -67.756492, 9.715406 ], [ -67.756965, 9.715742 ], [ -67.757485, 9.716169 ], [ -67.757995, 9.716524 ], [ -67.758446, 9.717023 ], [ -67.758873, 9.717477 ], [ -67.759254, 9.717993 ], [ -67.759567, 9.718501 ], [ -67.760040, 9.718927 ], [ -67.760216, 9.719588 ], [ -67.760391, 9.720185 ], [ -67.760399, 9.720756 ], [ -67.760231, 9.721360 ], [ -67.759750, 9.721902 ], [ -67.759254, 9.722280 ], [ -67.758682, 9.722612 ], [ -67.758125, 9.722827 ], [ -67.757576, 9.723069 ], [ -67.756935, 9.723266 ], [ -67.756287, 9.723417 ], [ -67.755714, 9.723614 ], [ -67.755188, 9.723902 ], [ -67.754753, 9.724343 ], [ -67.754456, 9.725472 ], [ -67.754440, 9.726078 ], [ -67.754639, 9.726648 ], [ -67.754906, 9.727174 ], [ -67.755524, 9.727845 ], [ -67.755806, 9.728280 ], [ -67.756210, 9.728734 ], [ -67.756706, 9.729115 ], [ -67.757248, 9.729398 ], [ -67.757713, 9.729734 ], [ -67.758301, 9.730025 ], [ -67.758728, 9.730452 ], [ -67.759132, 9.730978 ], [ -67.759560, 9.731450 ], [ -67.759918, 9.731948 ], [ -67.760132, 9.732519 ], [ -67.760078, 9.733097 ], [ -67.759971, 9.733739 ], [ -67.760033, 9.734382 ], [ -67.760437, 9.734817 ], [ -67.760864, 9.735216 ], [ -67.761330, 9.735553 ], [ -67.761894, 9.735708 ], [ -67.762405, 9.735972 ], [ -67.762810, 9.736426 ], [ -67.763054, 9.736969 ], [ -67.763252, 9.737585 ], [ -67.763428, 9.738182 ], [ -67.763527, 9.738752 ], [ -67.763565, 9.739349 ], [ -67.763458, 9.739955 ], [ -67.763313, 9.740506 ], [ -67.763229, 9.741084 ], [ -67.763359, 9.741654 ], [ -67.763626, 9.742208 ], [ -67.763962, 9.742723 ], [ -67.764519, 9.742943 ], [ -67.765060, 9.743189 ], [ -67.765388, 9.743660 ], [ -67.765587, 9.744230 ], [ -67.765762, 9.744810 ], [ -67.765961, 9.745354 ], [ -67.766045, 9.745977 ], [ -67.766029, 9.746547 ], [ -67.765785, 9.747107 ], [ -67.765381, 9.747576 ], [ -67.764923, 9.748062 ], [ -67.764519, 9.748531 ], [ -67.764183, 9.749090 ], [ -67.763893, 9.749722 ], [ -67.763412, 9.750951 ], [ -67.763573, 9.752190 ], [ -67.763748, 9.752733 ], [ -67.763832, 9.753312 ], [ -67.763847, 9.753972 ], [ -67.763901, 9.754597 ], [ -67.763847, 9.755193 ], [ -67.763687, 9.756557 ], [ -67.763588, 9.757227 ], [ -67.763481, 9.757805 ], [ -67.763405, 9.758537 ], [ -67.763252, 9.759143 ], [ -67.763016, 9.759810 ], [ -67.762795, 9.760370 ], [ -67.762413, 9.760930 ], [ -67.762031, 9.761535 ], [ -67.761574, 9.761976 ], [ -67.761001, 9.762019 ], [ -67.760414, 9.761890 ], [ -67.759834, 9.761834 ], [ -67.759354, 9.762185 ], [ -67.759254, 9.762808 ], [ -67.759224, 9.763432 ], [ -67.759392, 9.763975 ], [ -67.759659, 9.764501 ], [ -67.760178, 9.764810 ], [ -67.760719, 9.765101 ], [ -67.761253, 9.765366 ], [ -67.761810, 9.765539 ], [ -67.762413, 9.765578 ], [ -67.763039, 9.765445 ], [ -67.763619, 9.765410 ], [ -67.764191, 9.765267 ], [ -67.764816, 9.765270 ], [ -67.765442, 9.765354 ], [ -67.766029, 9.765528 ], [ -67.766609, 9.765584 ], [ -67.767189, 9.765523 ], [ -67.767792, 9.765634 ], [ -67.768349, 9.765853 ], [ -67.768936, 9.765954 ], [ -67.769539, 9.765938 ], [ -67.770119, 9.766139 ], [ -67.770721, 9.766169 ], [ -67.771950, 9.766372 ], [ -67.772560, 9.766410 ], [ -67.773163, 9.766494 ], [ -67.774307, 9.766878 ], [ -67.774864, 9.767034 ], [ -67.775436, 9.766809 ], [ -67.776016, 9.766685 ], [ -67.777214, 9.766526 ], [ -67.778382, 9.766820 ], [ -67.778954, 9.766650 ], [ -67.779587, 9.766752 ], [ -67.780121, 9.767043 ], [ -67.780548, 9.767515 ], [ -67.780975, 9.767923 ], [ -67.781471, 9.768351 ], [ -67.781967, 9.768750 ], [ -67.782181, 9.769302 ], [ -67.782356, 9.769873 ], [ -67.782600, 9.770416 ], [ -67.782822, 9.771086 ], [ -67.783043, 9.771656 ], [ -67.783379, 9.772128 ], [ -67.783852, 9.772536 ], [ -67.784325, 9.773008 ], [ -67.784729, 9.773480 ], [ -67.785088, 9.774006 ], [ -67.785439, 9.774477 ], [ -67.785843, 9.774931 ], [ -67.786133, 9.775438 ], [ -67.786308, 9.776009 ], [ -67.786507, 9.776597 ], [ -67.786797, 9.777258 ], [ -67.787132, 9.777811 ], [ -67.787422, 9.778373 ], [ -67.787895, 9.778709 ], [ -67.788475, 9.778955 ], [ -67.789650, 9.779484 ], [ -67.791130, 9.780628 ], [ -67.791603, 9.781055 ], [ -67.792076, 9.781455 ], [ -67.792496, 9.781863 ], [ -67.792854, 9.782344 ], [ -67.793282, 9.782788 ], [ -67.793617, 9.783269 ], [ -67.793953, 9.783857 ], [ -67.794220, 9.784429 ], [ -67.794533, 9.784954 ], [ -67.794777, 9.785498 ], [ -67.795044, 9.786159 ], [ -67.795219, 9.786711 ], [ -67.795441, 9.787281 ], [ -67.795563, 9.787878 ], [ -67.795647, 9.788475 ], [ -67.795708, 9.789136 ], [ -67.795540, 9.790935 ], [ -67.795456, 9.791604 ], [ -67.795448, 9.792200 ], [ -67.795464, 9.792843 ], [ -67.795425, 9.793511 ], [ -67.795418, 9.794163 ], [ -67.795349, 9.795402 ], [ -67.795341, 9.795980 ], [ -67.795311, 9.796667 ], [ -67.795227, 9.797336 ], [ -67.795105, 9.797959 ], [ -67.795021, 9.798538 ], [ -67.794876, 9.799233 ], [ -67.794777, 9.799948 ], [ -67.794670, 9.800590 ], [ -67.794571, 9.801349 ], [ -67.794426, 9.802234 ], [ -67.794273, 9.802813 ], [ -67.794044, 9.804050 ], [ -67.793945, 9.804729 ], [ -67.793892, 9.805461 ], [ -67.794090, 9.806058 ], [ -67.794357, 9.806583 ], [ -67.794731, 9.807073 ], [ -67.795136, 9.807571 ], [ -67.795471, 9.808080 ], [ -67.795883, 9.808641 ], [ -67.796234, 9.809167 ], [ -67.796570, 9.809684 ], [ -67.796844, 9.810327 ], [ -67.796990, 9.810925 ], [ -67.797028, 9.811494 ], [ -67.797043, 9.812163 ], [ -67.797005, 9.812787 ], [ -67.796997, 9.813356 ], [ -67.796928, 9.814623 ], [ -67.796944, 9.815265 ], [ -67.796982, 9.815916 ], [ -67.797134, 9.816576 ], [ -67.797424, 9.817101 ], [ -67.798279, 9.818000 ], [ -67.798630, 9.818454 ], [ -67.798943, 9.819006 ], [ -67.799141, 9.819576 ], [ -67.799294, 9.820147 ], [ -67.799637, 9.821287 ], [ -67.799789, 9.821885 ], [ -67.799896, 9.822454 ], [ -67.799934, 9.823079 ], [ -67.799850, 9.823657 ], [ -67.799629, 9.824235 ], [ -67.799362, 9.824740 ], [ -67.799049, 9.825237 ], [ -67.798691, 9.825697 ], [ -67.797989, 9.826662 ], [ -67.797318, 9.827636 ], [ -67.797005, 9.828123 ], [ -67.796669, 9.828683 ], [ -67.796226, 9.829803 ], [ -67.795914, 9.830399 ], [ -67.795578, 9.830957 ], [ -67.795258, 9.832213 ], [ -67.795151, 9.832855 ], [ -67.795006, 9.833506 ], [ -67.794990, 9.834075 ], [ -67.794937, 9.834789 ], [ -67.794952, 9.835414 ], [ -67.795036, 9.835983 ], [ -67.795296, 9.836536 ], [ -67.795700, 9.836963 ], [ -67.796219, 9.837344 ], [ -67.796738, 9.837681 ], [ -67.797165, 9.838107 ], [ -67.797562, 9.838561 ], [ -67.798256, 9.839531 ], [ -67.798615, 9.840101 ], [ -67.798973, 9.840600 ], [ -67.799309, 9.841189 ], [ -67.799553, 9.841715 ], [ -67.799774, 9.842358 ], [ -67.799949, 9.843000 ], [ -67.800079, 9.843642 ], [ -67.800186, 9.844285 ], [ -67.800293, 9.844855 ], [ -67.800552, 9.846095 ], [ -67.800651, 9.846737 ], [ -67.800827, 9.847325 ], [ -67.800911, 9.847922 ], [ -67.801064, 9.848611 ], [ -67.801193, 9.849253 ], [ -67.801727, 9.850412 ], [ -67.801972, 9.850965 ], [ -67.802261, 9.851554 ], [ -67.802643, 9.852079 ], [ -67.803139, 9.852416 ], [ -67.803360, 9.852525 ], [ -67.803444, 9.852453 ], [ -67.803436, 9.852534 ], [ -67.803512, 9.853339 ], [ -67.803627, 9.854117 ], [ -67.803703, 9.854389 ], [ -67.803894, 9.854941 ], [ -67.804092, 9.855828 ], [ -67.804214, 9.857067 ], [ -67.804237, 9.857592 ], [ -67.804222, 9.857845 ], [ -67.804245, 9.858089 ], [ -67.804184, 9.858984 ], [ -67.804184, 9.859282 ], [ -67.804169, 9.859627 ], [ -67.804222, 9.859998 ], [ -67.804291, 9.860242 ], [ -67.804382, 9.860496 ], [ -67.804543, 9.860794 ], [ -67.804733, 9.861021 ], [ -67.804993, 9.861293 ], [ -67.805153, 9.861493 ], [ -67.805618, 9.862000 ], [ -67.806320, 9.862474 ], [ -67.806831, 9.862764 ], [ -67.807365, 9.863128 ], [ -67.807739, 9.863564 ], [ -67.808044, 9.863990 ], [ -67.808342, 9.864470 ], [ -67.808655, 9.864878 ], [ -67.808937, 9.865286 ], [ -67.809097, 9.865449 ], [ -67.809395, 9.865839 ], [ -67.809586, 9.866129 ], [ -67.809776, 9.866401 ], [ -67.809944, 9.866727 ], [ -67.810593, 9.867751 ], [ -67.810829, 9.868177 ], [ -67.811066, 9.868685 ], [ -67.811676, 9.870142 ], [ -67.811867, 9.870649 ], [ -67.812057, 9.870939 ], [ -67.812462, 9.871511 ], [ -67.812691, 9.872054 ], [ -67.812782, 9.872353 ], [ -67.813118, 9.873177 ], [ -67.813354, 9.873793 ], [ -67.813599, 9.874887 ], [ -67.813652, 9.875367 ], [ -67.813599, 9.875874 ], [ -67.813347, 9.877961 ], [ -67.813164, 9.878557 ], [ -67.812958, 9.879127 ], [ -67.812897, 9.879379 ], [ -67.812538, 9.880345 ], [ -67.811577, 9.882594 ], [ -67.811516, 9.882829 ], [ -67.811356, 9.883326 ], [ -67.811180, 9.884175 ], [ -67.811089, 9.884663 ], [ -67.811073, 9.884961 ], [ -67.811020, 9.885187 ], [ -67.811005, 9.885413 ], [ -67.811012, 9.885667 ], [ -67.811058, 9.885938 ], [ -67.811157, 9.886399 ], [ -67.811203, 9.886653 ], [ -67.811348, 9.887196 ], [ -67.811462, 9.887449 ], [ -67.811630, 9.888047 ], [ -67.811752, 9.888635 ], [ -67.811775, 9.888979 ], [ -67.811829, 9.889322 ], [ -67.811874, 9.889802 ], [ -67.811973, 9.890399 ], [ -67.812042, 9.890671 ], [ -67.812141, 9.890969 ], [ -67.812378, 9.891495 ], [ -67.812569, 9.891993 ], [ -67.812668, 9.892500 ], [ -67.812645, 9.893051 ], [ -67.812599, 9.893394 ], [ -67.812470, 9.894081 ], [ -67.812340, 9.894677 ], [ -67.812111, 9.895156 ], [ -67.811791, 9.895526 ], [ -67.811302, 9.895895 ], [ -67.810646, 9.896679 ], [ -67.810509, 9.896887 ], [ -67.810348, 9.897184 ], [ -67.810280, 9.897437 ], [ -67.810119, 9.897807 ], [ -67.809784, 9.898421 ], [ -67.809715, 9.898702 ], [ -67.809425, 9.899523 ], [ -67.809174, 9.900074 ], [ -67.809013, 9.900625 ], [ -67.808830, 9.901157 ], [ -67.808494, 9.901636 ], [ -67.808312, 9.901960 ], [ -67.808174, 9.902286 ], [ -67.808060, 9.902629 ], [ -67.807999, 9.902882 ], [ -67.807930, 9.903225 ], [ -67.807884, 9.903587 ], [ -67.807846, 9.904211 ], [ -67.807808, 9.905124 ], [ -67.808228, 9.907775 ], [ -67.808434, 9.908436 ], [ -67.808502, 9.908762 ], [ -67.808601, 9.909097 ], [ -67.808647, 9.909349 ], [ -67.808723, 9.909603 ], [ -67.808845, 9.910200 ], [ -67.808868, 9.910517 ], [ -67.809090, 9.911296 ], [ -67.809136, 9.911657 ], [ -67.809227, 9.912028 ], [ -67.809258, 9.912373 ], [ -67.809258, 9.912779 ], [ -67.809318, 9.913539 ], [ -67.809364, 9.913765 ], [ -67.809402, 9.914127 ], [ -67.809547, 9.914652 ], [ -67.809646, 9.914932 ], [ -67.809738, 9.915222 ], [ -67.809815, 9.915503 ], [ -67.809982, 9.916028 ], [ -67.810081, 9.916480 ], [ -67.810059, 9.916806 ], [ -67.809921, 9.917376 ], [ -67.809700, 9.918089 ], [ -67.809563, 9.918405 ], [ -67.809425, 9.918865 ], [ -67.809044, 9.919968 ], [ -67.808800, 9.920500 ], [ -67.808632, 9.920934 ], [ -67.808548, 9.921186 ], [ -67.808434, 9.921457 ], [ -67.808273, 9.921783 ], [ -67.808075, 9.922405 ], [ -67.807899, 9.922911 ], [ -67.807831, 9.923390 ], [ -67.807785, 9.923643 ], [ -67.807716, 9.923869 ], [ -67.807579, 9.924447 ], [ -67.807381, 9.924998 ], [ -67.807312, 9.925314 ], [ -67.807220, 9.925612 ], [ -67.807091, 9.926119 ], [ -67.807022, 9.926580 ], [ -67.807053, 9.927375 ], [ -67.806969, 9.927700 ], [ -67.806709, 9.928251 ], [ -67.806534, 9.928730 ], [ -67.806351, 9.929173 ], [ -67.806168, 9.929488 ], [ -67.805786, 9.929975 ], [ -67.805435, 9.930363 ], [ -67.805298, 9.930615 ], [ -67.805168, 9.930822 ], [ -67.804436, 9.931842 ], [ -67.803993, 9.932320 ], [ -67.803673, 9.932761 ], [ -67.803444, 9.932941 ], [ -67.803146, 9.932950 ], [ -67.802376, 9.932950 ], [ -67.802651, 9.932814 ], [ -67.802429, 9.932360 ], [ -67.802261, 9.932060 ], [ -67.800949, 9.930147 ], [ -67.800606, 9.929694 ], [ -67.800384, 9.929485 ], [ -67.800201, 9.929286 ], [ -67.799949, 9.929077 ], [ -67.799736, 9.928941 ], [ -67.799530, 9.928759 ], [ -67.799172, 9.928586 ], [ -67.798737, 9.928331 ], [ -67.797669, 9.927932 ], [ -67.797180, 9.927792 ], [ -67.796699, 9.927799 ], [ -67.796142, 9.927779 ], [ -67.795883, 9.927760 ], [ -67.794968, 9.927838 ], [ -67.793808, 9.927825 ], [ -67.793182, 9.927805 ], [ -67.792282, 9.927811 ], [ -67.791382, 9.927889 ], [ -67.791077, 9.927933 ], [ -67.790848, 9.927941 ], [ -67.790245, 9.927984 ], [ -67.789650, 9.928036 ], [ -67.789329, 9.928044 ], [ -67.788742, 9.928042 ], [ -67.788513, 9.928023 ], [ -67.788170, 9.927977 ], [ -67.787865, 9.927958 ], [ -67.787285, 9.927847 ], [ -67.786942, 9.927764 ], [ -67.785553, 9.927497 ], [ -67.785317, 9.927478 ], [ -67.785042, 9.927432 ], [ -67.784668, 9.927430 ], [ -67.784279, 9.927411 ], [ -67.783791, 9.927373 ], [ -67.783150, 9.927335 ], [ -67.782799, 9.927333 ], [ -67.782150, 9.927268 ], [ -67.781898, 9.927231 ], [ -67.781311, 9.927183 ], [ -67.780533, 9.927053 ], [ -67.780273, 9.926990 ], [ -67.779694, 9.926879 ], [ -67.779419, 9.926814 ], [ -67.778908, 9.926586 ], [ -67.778564, 9.926495 ], [ -67.777954, 9.926249 ], [ -67.777496, 9.926075 ], [ -67.777183, 9.925939 ], [ -67.776680, 9.925665 ], [ -67.775955, 9.925301 ], [ -67.775498, 9.924892 ], [ -67.774750, 9.924121 ], [ -67.774445, 9.923758 ], [ -67.772270, 9.921399 ], [ -67.771973, 9.920937 ], [ -67.771568, 9.920420 ], [ -67.771218, 9.920030 ], [ -67.770943, 9.919848 ], [ -67.770691, 9.919711 ], [ -67.770149, 9.919511 ], [ -67.769867, 9.919464 ], [ -67.768951, 9.919479 ], [ -67.768486, 9.919522 ], [ -67.767799, 9.919664 ], [ -67.767517, 9.919691 ], [ -67.767242, 9.919644 ], [ -67.767036, 9.919517 ], [ -67.766709, 9.919172 ], [ -67.766540, 9.918945 ], [ -67.766380, 9.918647 ], [ -67.765983, 9.918013 ], [ -67.765656, 9.917604 ], [ -67.765442, 9.916735 ], [ -67.765358, 9.915839 ], [ -67.765159, 9.914926 ], [ -67.765068, 9.914012 ], [ -67.765030, 9.913324 ], [ -67.765030, 9.913072 ], [ -67.764984, 9.912429 ], [ -67.764938, 9.912158 ], [ -67.764816, 9.911859 ], [ -67.764480, 9.911387 ], [ -67.764137, 9.910953 ], [ -67.763786, 9.910318 ], [ -67.763596, 9.910064 ], [ -67.763367, 9.909837 ], [ -67.763100, 9.909610 ], [ -67.762733, 9.909202 ], [ -67.762566, 9.909039 ], [ -67.762360, 9.908902 ], [ -67.761871, 9.908792 ], [ -67.761620, 9.908800 ], [ -67.761063, 9.908752 ], [ -67.760025, 9.908559 ], [ -67.759483, 9.908539 ], [ -67.759239, 9.908520 ], [ -67.758629, 9.908409 ], [ -67.758385, 9.908390 ], [ -67.758057, 9.908343 ], [ -67.757408, 9.908277 ], [ -67.756927, 9.908194 ], [ -67.756477, 9.908103 ], [ -67.755905, 9.908065 ], [ -67.755112, 9.907935 ], [ -67.754608, 9.907887 ], [ -67.754211, 9.907823 ], [ -67.753632, 9.907667 ], [ -67.752266, 9.907445 ], [ -67.751755, 9.907316 ], [ -67.751503, 9.907226 ], [ -67.748993, 9.905715 ], [ -67.748428, 9.904799 ], [ -67.748131, 9.904572 ], [ -67.747917, 9.904390 ], [ -67.747612, 9.903955 ], [ -67.747238, 9.903592 ], [ -67.746910, 9.903319 ], [ -67.746773, 9.903120 ], [ -67.746613, 9.902822 ], [ -67.746376, 9.902296 ], [ -67.745956, 9.901526 ], [ -67.745598, 9.901045 ], [ -67.745316, 9.900727 ], [ -67.744904, 9.900184 ], [ -67.744339, 9.899549 ], [ -67.743637, 9.898931 ], [ -67.743157, 9.898567 ], [ -67.742798, 9.898385 ], [ -67.742363, 9.898212 ], [ -67.741661, 9.897893 ], [ -67.741104, 9.897619 ], [ -67.740066, 9.897263 ], [ -67.739441, 9.897017 ], [ -67.738884, 9.896843 ], [ -67.738419, 9.896750 ], [ -67.738045, 9.896730 ], [ -67.736572, 9.896789 ], [ -67.736061, 9.896841 ], [ -67.735756, 9.896659 ], [ -67.735229, 9.896458 ], [ -67.734878, 9.896095 ], [ -67.734665, 9.895751 ], [ -67.734474, 9.895316 ], [ -67.734436, 9.895018 ], [ -67.734306, 9.894402 ], [ -67.734238, 9.894131 ], [ -67.734139, 9.893461 ], [ -67.734093, 9.893216 ], [ -67.734024, 9.892918 ], [ -67.733925, 9.892619 ], [ -67.733803, 9.892321 ], [ -67.733688, 9.891976 ], [ -67.733574, 9.891569 ], [ -67.733398, 9.891017 ], [ -67.733299, 9.890519 ], [ -67.733139, 9.889967 ], [ -67.732666, 9.889033 ], [ -67.732246, 9.888028 ], [ -67.731979, 9.887620 ], [ -67.731743, 9.887167 ], [ -67.731461, 9.886705 ], [ -67.731232, 9.886297 ], [ -67.730927, 9.885889 ], [ -67.730675, 9.885644 ], [ -67.729523, 9.884202 ], [ -67.729103, 9.883911 ], [ -67.728577, 9.883756 ], [ -67.728271, 9.883709 ], [ -67.727211, 9.883723 ], [ -67.726891, 9.883704 ], [ -67.726540, 9.883657 ], [ -67.726097, 9.883611 ], [ -67.725616, 9.883455 ], [ -67.725128, 9.883345 ], [ -67.724640, 9.883216 ], [ -67.724113, 9.883105 ], [ -67.723831, 9.883059 ], [ -67.723572, 9.882995 ], [ -67.723015, 9.882839 ], [ -67.722641, 9.882702 ], [ -67.721832, 9.882338 ], [ -67.721321, 9.882092 ], [ -67.721039, 9.881909 ], [ -67.720558, 9.881546 ], [ -67.720322, 9.881319 ], [ -67.719604, 9.880692 ], [ -67.719185, 9.880392 ], [ -67.718979, 9.880283 ], [ -67.718742, 9.880192 ], [ -67.718399, 9.880100 ], [ -67.717766, 9.880034 ], [ -67.717262, 9.879969 ], [ -67.716728, 9.879886 ], [ -67.716202, 9.879775 ], [ -67.715614, 9.879619 ], [ -67.715034, 9.879437 ], [ -67.714508, 9.879235 ], [ -67.714226, 9.879152 ], [ -67.713966, 9.879061 ], [ -67.713066, 9.878796 ], [ -67.712837, 9.878704 ], [ -67.712326, 9.878476 ], [ -67.711975, 9.878203 ], [ -67.711701, 9.878049 ], [ -67.711495, 9.877913 ], [ -67.711212, 9.877523 ], [ -67.710975, 9.877088 ], [ -67.710831, 9.876753 ], [ -67.710640, 9.876245 ], [ -67.710495, 9.875720 ], [ -67.710396, 9.875214 ], [ -67.710327, 9.874490 ], [ -67.710205, 9.873956 ], [ -67.710129, 9.873712 ], [ -67.709854, 9.873005 ], [ -67.709732, 9.872480 ], [ -67.709610, 9.872154 ], [ -67.709519, 9.871856 ], [ -67.709496, 9.871612 ], [ -67.709579, 9.871079 ], [ -67.709625, 9.870536 ], [ -67.709686, 9.870048 ], [ -67.709770, 9.869596 ], [ -67.709839, 9.869361 ], [ -67.709999, 9.868422 ], [ -67.709969, 9.865862 ], [ -67.709992, 9.865383 ], [ -67.709992, 9.865103 ], [ -67.709915, 9.864072 ], [ -67.709915, 9.863782 ], [ -67.709877, 9.863393 ], [ -67.709709, 9.862362 ], [ -67.709801, 9.861883 ], [ -67.709839, 9.861558 ], [ -67.709938, 9.861078 ], [ -67.709953, 9.860826 ], [ -67.709839, 9.860527 ], [ -67.709671, 9.860046 ], [ -67.709602, 9.859657 ], [ -67.709534, 9.859431 ], [ -67.709389, 9.859087 ], [ -67.709267, 9.858888 ], [ -67.708984, 9.858751 ], [ -67.708382, 9.858568 ], [ -67.707947, 9.858395 ], [ -67.707596, 9.858167 ], [ -67.707085, 9.857894 ], [ -67.706558, 9.857666 ], [ -67.706001, 9.857447 ], [ -67.705551, 9.857246 ], [ -67.705116, 9.856973 ], [ -67.704582, 9.856700 ], [ -67.704025, 9.856453 ], [ -67.703819, 9.856335 ], [ -67.703507, 9.856135 ], [ -67.703117, 9.855817 ], [ -67.701973, 9.854773 ], [ -67.701759, 9.854591 ], [ -67.701599, 9.854391 ], [ -67.701576, 9.854111 ], [ -67.701622, 9.853795 ], [ -67.701759, 9.853334 ], [ -67.702049, 9.852874 ], [ -67.702233, 9.852640 ], [ -67.702507, 9.852343 ], [ -67.702690, 9.852180 ], [ -67.702942, 9.851928 ], [ -67.703453, 9.851514 ], [ -67.703682, 9.851370 ], [ -67.703957, 9.851235 ], [ -67.704414, 9.850975 ], [ -67.704941, 9.850607 ], [ -67.705200, 9.850382 ], [ -67.705910, 9.849796 ], [ -67.706367, 9.849382 ], [ -67.706734, 9.848949 ], [ -67.707138, 9.848237 ], [ -67.707413, 9.847867 ], [ -67.707665, 9.847362 ], [ -67.707779, 9.846992 ], [ -67.707932, 9.846332 ], [ -67.708115, 9.845754 ], [ -67.708252, 9.845410 ], [ -67.708458, 9.844977 ], [ -67.708633, 9.844399 ], [ -67.709267, 9.842730 ], [ -67.709381, 9.842386 ], [ -67.709541, 9.842061 ], [ -67.709625, 9.841673 ], [ -67.709625, 9.841166 ], [ -67.709595, 9.840713 ], [ -67.709549, 9.840370 ], [ -67.709480, 9.840026 ], [ -67.709312, 9.839727 ], [ -67.709076, 9.839500 ], [ -67.708710, 9.839210 ], [ -67.708214, 9.838864 ], [ -67.707894, 9.838727 ], [ -67.707543, 9.838554 ], [ -67.707123, 9.838254 ], [ -67.706848, 9.838099 ], [ -67.706566, 9.837917 ], [ -67.706222, 9.837762 ], [ -67.705757, 9.837444 ], [ -67.705177, 9.837080 ], [ -67.704643, 9.836762 ], [ -67.703804, 9.836288 ], [ -67.703507, 9.836106 ], [ -67.703010, 9.835933 ], [ -67.702576, 9.835705 ], [ -67.702233, 9.835505 ], [ -67.701454, 9.835113 ], [ -67.700882, 9.834803 ], [ -67.700043, 9.834374 ], [ -67.699585, 9.834120 ], [ -67.699280, 9.833965 ], [ -67.698189, 9.833310 ], [ -67.697952, 9.833200 ], [ -67.697724, 9.833064 ], [ -67.697304, 9.832881 ], [ -67.696892, 9.832608 ], [ -67.696632, 9.832454 ], [ -67.696396, 9.832290 ], [ -67.695679, 9.831844 ], [ -67.695442, 9.831662 ], [ -67.694977, 9.831226 ], [ -67.694343, 9.830428 ], [ -67.694115, 9.830183 ], [ -67.693672, 9.829838 ], [ -67.693253, 9.829547 ], [ -67.692696, 9.829184 ], [ -67.692207, 9.828819 ], [ -67.691376, 9.828165 ], [ -67.690910, 9.827892 ], [ -67.690041, 9.827509 ], [ -67.689774, 9.827427 ], [ -67.689468, 9.827308 ], [ -67.688980, 9.827107 ], [ -67.688454, 9.826879 ], [ -67.687912, 9.826723 ], [ -67.687660, 9.826686 ], [ -67.687080, 9.826575 ], [ -67.686798, 9.826574 ], [ -67.686157, 9.826535 ], [ -67.685806, 9.826471 ], [ -67.684074, 9.826618 ], [ -67.683700, 9.826553 ], [ -67.682899, 9.826514 ], [ -67.682663, 9.826495 ], [ -67.682343, 9.826493 ], [ -67.681671, 9.826564 ], [ -67.681213, 9.826643 ], [ -67.680702, 9.826804 ], [ -67.679901, 9.827108 ], [ -67.679688, 9.827198 ], [ -67.679489, 9.827360 ], [ -67.679138, 9.827820 ], [ -67.678497, 9.828531 ], [ -67.678131, 9.829000 ], [ -67.677704, 9.829414 ], [ -67.677475, 9.829595 ], [ -67.677170, 9.830081 ], [ -67.676903, 9.830949 ], [ -67.676697, 9.831436 ], [ -67.676544, 9.831942 ], [ -67.676521, 9.832168 ], [ -67.676476, 9.832438 ], [ -67.676384, 9.832719 ], [ -67.676270, 9.832944 ], [ -67.675949, 9.833359 ], [ -67.675675, 9.833593 ], [ -67.675407, 9.833800 ], [ -67.674690, 9.834286 ], [ -67.674408, 9.834519 ], [ -67.674110, 9.834934 ], [ -67.673866, 9.835484 ], [ -67.673691, 9.836307 ], [ -67.673622, 9.836533 ], [ -67.673393, 9.836858 ], [ -67.672607, 9.837550 ], [ -67.672287, 9.837965 ], [ -67.671974, 9.838497 ], [ -67.671768, 9.838750 ], [ -67.671562, 9.838975 ], [ -67.671173, 9.839372 ], [ -67.670921, 9.839597 ], [ -67.670547, 9.839993 ], [ -67.670181, 9.840335 ], [ -67.669800, 9.840776 ], [ -67.669220, 9.841489 ], [ -67.669044, 9.841742 ], [ -67.668861, 9.841975 ], [ -67.668511, 9.842525 ], [ -67.668220, 9.843049 ], [ -67.668038, 9.843328 ], [ -67.667809, 9.843517 ], [ -67.667442, 9.843724 ], [ -67.667000, 9.843912 ], [ -67.666679, 9.844119 ], [ -67.666382, 9.844280 ], [ -67.666031, 9.844514 ], [ -67.665596, 9.844838 ], [ -67.665321, 9.845108 ], [ -67.664978, 9.845595 ], [ -67.664871, 9.845921 ], [ -67.664848, 9.846463 ], [ -67.663994, 9.848530 ], [ -67.663803, 9.848692 ], [ -67.663551, 9.848881 ], [ -67.663300, 9.849043 ], [ -67.662994, 9.849177 ], [ -67.662765, 9.849231 ], [ -67.662514, 9.849248 ], [ -67.662170, 9.849391 ], [ -67.661896, 9.849489 ], [ -67.661529, 9.849560 ], [ -67.660973, 9.849748 ], [ -67.660515, 9.849972 ], [ -67.660187, 9.850098 ], [ -67.658989, 9.850654 ], [ -67.658577, 9.851023 ], [ -67.658302, 9.851247 ], [ -67.658089, 9.851391 ], [ -67.657821, 9.851525 ], [ -67.657471, 9.851642 ], [ -67.657242, 9.851695 ], [ -67.656639, 9.851747 ], [ -67.656082, 9.851745 ], [ -67.655830, 9.851726 ], [ -67.654693, 9.851115 ], [ -67.654183, 9.850914 ], [ -67.653099, 9.850557 ], [ -67.652817, 9.850448 ], [ -67.651710, 9.849928 ], [ -67.650917, 9.849798 ], [ -67.650269, 9.849777 ], [ -67.650009, 9.849776 ], [ -67.649780, 9.849757 ], [ -67.649559, 9.849711 ], [ -67.649323, 9.849648 ], [ -67.648972, 9.849492 ], [ -67.648178, 9.849055 ], [ -67.647583, 9.848853 ], [ -67.647026, 9.848724 ], [ -67.646469, 9.848569 ], [ -67.646172, 9.848504 ], [ -67.645584, 9.848349 ], [ -67.644981, 9.848237 ], [ -67.644127, 9.848243 ], [ -67.643715, 9.848449 ], [ -67.643280, 9.848845 ], [ -67.643051, 9.849097 ], [ -67.642876, 9.849604 ], [ -67.642929, 9.850173 ], [ -67.642906, 9.850544 ], [ -67.642830, 9.850787 ], [ -67.642700, 9.851112 ], [ -67.642563, 9.851411 ], [ -67.642273, 9.851943 ], [ -67.642059, 9.852259 ], [ -67.641564, 9.853088 ], [ -67.641029, 9.853783 ], [ -67.640800, 9.854053 ], [ -67.640556, 9.854269 ], [ -67.640297, 9.854476 ], [ -67.639862, 9.854862 ], [ -67.639496, 9.855350 ], [ -67.639290, 9.855484 ], [ -67.638809, 9.855718 ], [ -67.638237, 9.855950 ], [ -67.637657, 9.856228 ], [ -67.637245, 9.856579 ], [ -67.637062, 9.856805 ], [ -67.636856, 9.857012 ], [ -67.635620, 9.858101 ], [ -67.635025, 9.858794 ], [ -67.634628, 9.859181 ], [ -67.634430, 9.859343 ], [ -67.634171, 9.859578 ], [ -67.633469, 9.860379 ], [ -67.633095, 9.860839 ], [ -67.632591, 9.861714 ], [ -67.632118, 9.862427 ], [ -67.631844, 9.862914 ], [ -67.631531, 9.863663 ], [ -67.631332, 9.863852 ], [ -67.631012, 9.864104 ], [ -67.630692, 9.864311 ], [ -67.630440, 9.864454 ], [ -67.630150, 9.864571 ], [ -67.629105, 9.865100 ], [ -67.628853, 9.865171 ], [ -67.628624, 9.865225 ], [ -67.628349, 9.865269 ], [ -67.628067, 9.865268 ], [ -67.627533, 9.865319 ], [ -67.627098, 9.865372 ], [ -67.626823, 9.865371 ], [ -67.626572, 9.865307 ], [ -67.626221, 9.865197 ], [ -67.625656, 9.865041 ], [ -67.625176, 9.864948 ], [ -67.624710, 9.864765 ], [ -67.623512, 9.864345 ], [ -67.622955, 9.864207 ], [ -67.622352, 9.864005 ], [ -67.622147, 9.863896 ], [ -67.621933, 9.863732 ], [ -67.621071, 9.863105 ], [ -67.620399, 9.862560 ], [ -67.619812, 9.861988 ], [ -67.619331, 9.861488 ], [ -67.618835, 9.861016 ], [ -67.618645, 9.860789 ], [ -67.618393, 9.860463 ], [ -67.617966, 9.859991 ], [ -67.617088, 9.859038 ], [ -67.616340, 9.858284 ], [ -67.615898, 9.857921 ], [ -67.614014, 9.856421 ], [ -67.613846, 9.855924 ], [ -67.613609, 9.855516 ], [ -67.613373, 9.855216 ], [ -67.612953, 9.854808 ], [ -67.612747, 9.854626 ], [ -67.612488, 9.854489 ], [ -67.611984, 9.854260 ], [ -67.611633, 9.854178 ], [ -67.611054, 9.853977 ], [ -67.610573, 9.853748 ], [ -67.610382, 9.853612 ], [ -67.610153, 9.853431 ], [ -67.609917, 9.853294 ], [ -67.609711, 9.853157 ], [ -67.609200, 9.852911 ], [ -67.608872, 9.852801 ], [ -67.608612, 9.852756 ], [ -67.608299, 9.852736 ], [ -67.608070, 9.852762 ], [ -67.607605, 9.852760 ], [ -67.607002, 9.852749 ], [ -67.606445, 9.852728 ], [ -67.605614, 9.852752 ], [ -67.605148, 9.852804 ], [ -67.604576, 9.852901 ], [ -67.604225, 9.853035 ], [ -67.603912, 9.853133 ], [ -67.603401, 9.853231 ], [ -67.603096, 9.853230 ], [ -67.602821, 9.853210 ], [ -67.602524, 9.853119 ], [ -67.602211, 9.852982 ], [ -67.601753, 9.852663 ], [ -67.601471, 9.852192 ], [ -67.601219, 9.851685 ], [ -67.600838, 9.851168 ], [ -67.600670, 9.850886 ], [ -67.600509, 9.850552 ], [ -67.600258, 9.850071 ], [ -67.600067, 9.849591 ], [ -67.599663, 9.848514 ], [ -67.599503, 9.847970 ], [ -67.599266, 9.847490 ], [ -67.599045, 9.847191 ], [ -67.598839, 9.846964 ], [ -67.598556, 9.846737 ], [ -67.598328, 9.846672 ], [ -67.597015, 9.846839 ], [ -67.596504, 9.846936 ], [ -67.595901, 9.847151 ], [ -67.595566, 9.847239 ], [ -67.595009, 9.847409 ], [ -67.593514, 9.847810 ], [ -67.592422, 9.848131 ], [ -67.591545, 9.848434 ], [ -67.591247, 9.848578 ], [ -67.590897, 9.848722 ], [ -67.590378, 9.849063 ], [ -67.590149, 9.849252 ], [ -67.588982, 9.851136 ], [ -67.588913, 9.851841 ], [ -67.588921, 9.852077 ], [ -67.588966, 9.852393 ], [ -67.588974, 9.852855 ], [ -67.589005, 9.853261 ], [ -67.588997, 9.853723 ], [ -67.589104, 9.854862 ], [ -67.589157, 9.855550 ], [ -67.589211, 9.855893 ], [ -67.589203, 9.856490 ], [ -67.589211, 9.856789 ], [ -67.589165, 9.857267 ], [ -67.588943, 9.858117 ], [ -67.588837, 9.858460 ], [ -67.588783, 9.858758 ], [ -67.588410, 9.860041 ], [ -67.588181, 9.860546 ], [ -67.588005, 9.861096 ], [ -67.587753, 9.861575 ], [ -67.587616, 9.861873 ], [ -67.587265, 9.862405 ], [ -67.587135, 9.862702 ], [ -67.586975, 9.862937 ], [ -67.586433, 9.863785 ], [ -67.585968, 9.864615 ], [ -67.585724, 9.865092 ], [ -67.585602, 9.865300 ], [ -67.585495, 9.865553 ], [ -67.585243, 9.866040 ], [ -67.585060, 9.866356 ], [ -67.584694, 9.867023 ], [ -67.584396, 9.867465 ], [ -67.584145, 9.867781 ], [ -67.583877, 9.868150 ], [ -67.583740, 9.868384 ], [ -67.583573, 9.868791 ], [ -67.583260, 9.869784 ], [ -67.583191, 9.870037 ], [ -67.583145, 9.870353 ], [ -67.583153, 9.870580 ], [ -67.583206, 9.871113 ], [ -67.583298, 9.871611 ], [ -67.583397, 9.872090 ], [ -67.583633, 9.873511 ], [ -67.583923, 9.874353 ], [ -67.584137, 9.875430 ], [ -67.584396, 9.876408 ], [ -67.584496, 9.876661 ], [ -67.584541, 9.876887 ], [ -67.584663, 9.877710 ], [ -67.584671, 9.878235 ], [ -67.584625, 9.878741 ], [ -67.584244, 9.879707 ], [ -67.583901, 9.880095 ], [ -67.583672, 9.880239 ], [ -67.583412, 9.880373 ], [ -67.583183, 9.880562 ], [ -67.582481, 9.881273 ], [ -67.582298, 9.881480 ], [ -67.582115, 9.881669 ], [ -67.581932, 9.881922 ], [ -67.581535, 9.882309 ], [ -67.581169, 9.882723 ], [ -67.580895, 9.882984 ], [ -67.580742, 9.883164 ], [ -67.580559, 9.883417 ], [ -67.580345, 9.883741 ], [ -67.580162, 9.884156 ], [ -67.580047, 9.884473 ], [ -67.580010, 9.884771 ], [ -67.579918, 9.885340 ], [ -67.579719, 9.885800 ], [ -67.579376, 9.886215 ], [ -67.578484, 9.887188 ], [ -67.578133, 9.887440 ], [ -67.577812, 9.887692 ], [ -67.577034, 9.888204 ], [ -67.576828, 9.888365 ], [ -67.576576, 9.888599 ], [ -67.576157, 9.888941 ], [ -67.575653, 9.889246 ], [ -67.575378, 9.889380 ], [ -67.575172, 9.889524 ], [ -67.574684, 9.889793 ], [ -67.574394, 9.890010 ], [ -67.574181, 9.890217 ], [ -67.573746, 9.890586 ], [ -67.573494, 9.890810 ], [ -67.573311, 9.891045 ], [ -67.573128, 9.891315 ], [ -67.572945, 9.891622 ], [ -67.572670, 9.892036 ], [ -67.572495, 9.892606 ], [ -67.572426, 9.892903 ], [ -67.572311, 9.893202 ], [ -67.572243, 9.893455 ], [ -67.571991, 9.894032 ], [ -67.571808, 9.894510 ], [ -67.571747, 9.894763 ], [ -67.571724, 9.895017 ], [ -67.571724, 9.895269 ], [ -67.571823, 9.895541 ], [ -67.571945, 9.895740 ], [ -67.572479, 9.896476 ], [ -67.572830, 9.897201 ], [ -67.572990, 9.897454 ], [ -67.573227, 9.897726 ], [ -67.573479, 9.897981 ], [ -67.573662, 9.898135 ], [ -67.573883, 9.898298 ], [ -67.574089, 9.898525 ], [ -67.574303, 9.898707 ], [ -67.574600, 9.899089 ], [ -67.574928, 9.899542 ], [ -67.575279, 9.899960 ], [ -67.575653, 9.900368 ], [ -67.575798, 9.900640 ], [ -67.575889, 9.900848 ], [ -67.575943, 9.901165 ], [ -67.575867, 9.901436 ], [ -67.575752, 9.901643 ], [ -67.575569, 9.901877 ], [ -67.575317, 9.902084 ], [ -67.573593, 9.903081 ], [ -67.573341, 9.903215 ], [ -67.572693, 9.903502 ], [ -67.572342, 9.903636 ], [ -67.571815, 9.903896 ], [ -67.571243, 9.904128 ], [ -67.570969, 9.904218 ], [ -67.570480, 9.904450 ], [ -67.569954, 9.904756 ], [ -67.569145, 9.905106 ], [ -67.568871, 9.905194 ], [ -67.568573, 9.905338 ], [ -67.568070, 9.905616 ], [ -67.567764, 9.905823 ], [ -67.567261, 9.906119 ], [ -67.567024, 9.906281 ], [ -67.566460, 9.906767 ], [ -67.566154, 9.907001 ], [ -67.565719, 9.907324 ], [ -67.565308, 9.907576 ], [ -67.565048, 9.907764 ], [ -67.564804, 9.907881 ], [ -67.564476, 9.908015 ], [ -67.564201, 9.908086 ], [ -67.563927, 9.908067 ], [ -67.563644, 9.907929 ], [ -67.563408, 9.907839 ], [ -67.562553, 9.907392 ], [ -67.562164, 9.907164 ], [ -67.561882, 9.906964 ], [ -67.561508, 9.906736 ], [ -67.561066, 9.906345 ], [ -67.560806, 9.906055 ], [ -67.559876, 9.904848 ], [ -67.559265, 9.904122 ], [ -67.559128, 9.903933 ], [ -67.558922, 9.903706 ], [ -67.558762, 9.903505 ], [ -67.558540, 9.903296 ], [ -67.557900, 9.902616 ], [ -67.557709, 9.902461 ], [ -67.557518, 9.902252 ], [ -67.557289, 9.902071 ], [ -67.557099, 9.901871 ], [ -67.556709, 9.901507 ], [ -67.556397, 9.901235 ], [ -67.555962, 9.900917 ], [ -67.555634, 9.900752 ], [ -67.555305, 9.900624 ], [ -67.554566, 9.900377 ], [ -67.554314, 9.900259 ], [ -67.553734, 9.899967 ], [ -67.551903, 9.899570 ], [ -67.551391, 9.899487 ], [ -67.550652, 9.899393 ], [ -67.550079, 9.899382 ], [ -67.548485, 9.899184 ], [ -67.548248, 9.899138 ], [ -67.548019, 9.899047 ], [ -67.546890, 9.897731 ], [ -67.546707, 9.897116 ], [ -67.546631, 9.896816 ], [ -67.546585, 9.896536 ], [ -67.546608, 9.896247 ], [ -67.546646, 9.895994 ], [ -67.546768, 9.895714 ], [ -67.546829, 9.895489 ], [ -67.546944, 9.895254 ], [ -67.547173, 9.894703 ], [ -67.547280, 9.894478 ], [ -67.547760, 9.893648 ], [ -67.548035, 9.893143 ], [ -67.548263, 9.892665 ], [ -67.548355, 9.892249 ], [ -67.548355, 9.891725 ], [ -67.548073, 9.891561 ], [ -67.547516, 9.891359 ], [ -67.547302, 9.891268 ], [ -67.547051, 9.891140 ], [ -67.546631, 9.890795 ], [ -67.546379, 9.890613 ], [ -67.546097, 9.890367 ], [ -67.545860, 9.890114 ], [ -67.545532, 9.889660 ], [ -67.545250, 9.889179 ], [ -67.544884, 9.888952 ], [ -67.544396, 9.888705 ], [ -67.544098, 9.888596 ], [ -67.543816, 9.888576 ], [ -67.543510, 9.888693 ], [ -67.543197, 9.888763 ], [ -67.542969, 9.888781 ], [ -67.542687, 9.888762 ], [ -67.542381, 9.888670 ], [ -67.541847, 9.888360 ], [ -67.541107, 9.887833 ], [ -67.540893, 9.887606 ], [ -67.540733, 9.887361 ], [ -67.540360, 9.886907 ], [ -67.540100, 9.886680 ], [ -67.539612, 9.886361 ], [ -67.538994, 9.886178 ], [ -67.538589, 9.886094 ], [ -67.537834, 9.885982 ], [ -67.537277, 9.886080 ], [ -67.536240, 9.886175 ], [ -67.535774, 9.886291 ], [ -67.534577, 9.886692 ], [ -67.534233, 9.886790 ], [ -67.533836, 9.886861 ], [ -67.533493, 9.886886 ], [ -67.533096, 9.886929 ], [ -67.531922, 9.886988 ], [ -67.530945, 9.886902 ], [ -67.530304, 9.886791 ], [ -67.529678, 9.886724 ], [ -67.529083, 9.886686 ], [ -67.528450, 9.886692 ], [ -67.527878, 9.886672 ], [ -67.527244, 9.886696 ], [ -67.524773, 9.886830 ], [ -67.524429, 9.886855 ], [ -67.524078, 9.886854 ], [ -67.522484, 9.886757 ], [ -67.521843, 9.886690 ], [ -67.521523, 9.886625 ], [ -67.521240, 9.886552 ], [ -67.520760, 9.886378 ], [ -67.520264, 9.886105 ], [ -67.520012, 9.885922 ], [ -67.519592, 9.885514 ], [ -67.519196, 9.885105 ], [ -67.519005, 9.884878 ], [ -67.518883, 9.884670 ], [ -67.518349, 9.883646 ], [ -67.518028, 9.883165 ], [ -67.517693, 9.882739 ], [ -67.517365, 9.882303 ], [ -67.517036, 9.881823 ], [ -67.516525, 9.880817 ], [ -67.516266, 9.880391 ], [ -67.516106, 9.880156 ], [ -67.515991, 9.879955 ], [ -67.515358, 9.879546 ], [ -67.514892, 9.879792 ], [ -67.532555, 9.958168 ], [ -67.532097, 9.958148 ], [ -67.531425, 9.957976 ], [ -67.530701, 9.957760 ], [ -67.530136, 9.957518 ], [ -67.529503, 9.957162 ], [ -67.528290, 9.956541 ], [ -67.527679, 9.956253 ], [ -67.527069, 9.956035 ], [ -67.526421, 9.955840 ], [ -67.525131, 9.955289 ], [ -67.524391, 9.955028 ], [ -67.523895, 9.954692 ], [ -67.523422, 9.954172 ], [ -67.522904, 9.953837 ], [ -67.522324, 9.953664 ], [ -67.521744, 9.953790 ], [ -67.521011, 9.954103 ], [ -67.520386, 9.954436 ], [ -67.519814, 9.954792 ], [ -67.519241, 9.955126 ], [ -67.518150, 9.955974 ], [ -67.517670, 9.956306 ], [ -67.517006, 9.956709 ], [ -67.516449, 9.956903 ], [ -67.515854, 9.957052 ], [ -67.515228, 9.957248 ], [ -67.514565, 9.957514 ], [ -67.514061, 9.957799 ], [ -67.513489, 9.958179 ], [ -67.512390, 9.959027 ], [ -67.511864, 9.959359 ], [ -67.511269, 9.959555 ], [ -67.510689, 9.959518 ], [ -67.510032, 9.959232 ], [ -67.509445, 9.958922 ], [ -67.508904, 9.958611 ], [ -67.508255, 9.958368 ], [ -67.507645, 9.958242 ], [ -67.507073, 9.958254 ], [ -67.506493, 9.958334 ], [ -67.505867, 9.958461 ], [ -67.505295, 9.958701 ], [ -67.504746, 9.959033 ], [ -67.504433, 9.959545 ], [ -67.504326, 9.960169 ], [ -67.504242, 9.960791 ], [ -67.504189, 9.961413 ], [ -67.504059, 9.962037 ], [ -67.503883, 9.962615 ], [ -67.503578, 9.963334 ], [ -67.503174, 9.963893 ], [ -67.502716, 9.964247 ], [ -67.501594, 9.965028 ], [ -67.501099, 9.965336 ], [ -67.500526, 9.965574 ], [ -67.500107, 9.965456 ], [ -67.499817, 9.965255 ], [ -67.499252, 9.965283 ], [ -67.498566, 9.965858 ], [ -67.498100, 9.966202 ], [ -67.497635, 9.966592 ], [ -67.497009, 9.967051 ], [ -67.496475, 9.967418 ], [ -67.495873, 9.967762 ], [ -67.495338, 9.968105 ], [ -67.494759, 9.968518 ], [ -67.493691, 9.969344 ], [ -67.492950, 9.969850 ], [ -67.492394, 9.970170 ], [ -67.491692, 9.970468 ], [ -67.490372, 9.970949 ], [ -67.489723, 9.971108 ], [ -67.489098, 9.971292 ], [ -67.488312, 9.971429 ], [ -67.487732, 9.971497 ], [ -67.487152, 9.971518 ], [ -67.486549, 9.971448 ], [ -67.485970, 9.971287 ], [ -67.485412, 9.971056 ], [ -67.484344, 9.970295 ], [ -67.483856, 9.969904 ], [ -67.483307, 9.969536 ], [ -67.482704, 9.969212 ], [ -67.482078, 9.969005 ], [ -67.481499, 9.968843 ], [ -67.480728, 9.968681 ], [ -67.480034, 9.968611 ], [ -67.479363, 9.968609 ], [ -67.478668, 9.968632 ], [ -67.478088, 9.968722 ], [ -67.477303, 9.968883 ], [ -67.476555, 9.969110 ], [ -67.475998, 9.969409 ], [ -67.475700, 9.970006 ], [ -67.475487, 9.970696 ], [ -67.475349, 9.971315 ], [ -67.475212, 9.971890 ], [ -67.475021, 9.972533 ], [ -67.474861, 9.973154 ], [ -67.474396, 9.975199 ], [ -67.474205, 9.975935 ], [ -67.473976, 9.976509 ], [ -67.473488, 9.976946 ], [ -67.472931, 9.977243 ], [ -67.472351, 9.977518 ], [ -67.471748, 9.977839 ], [ -67.471237, 9.978161 ], [ -67.470726, 9.978504 ], [ -67.470283, 9.978918 ], [ -67.469841, 9.979353 ], [ -67.469444, 9.979766 ], [ -67.468986, 9.980203 ], [ -67.468567, 9.980639 ], [ -67.468147, 9.981052 ], [ -67.467522, 9.981051 ], [ -67.466271, 9.980865 ], [ -67.465599, 9.980955 ], [ -67.464996, 9.981139 ], [ -67.463692, 9.981643 ], [ -67.463135, 9.981826 ], [ -67.462486, 9.982055 ], [ -67.461166, 9.982396 ], [ -67.460541, 9.982533 ], [ -67.459892, 9.982648 ], [ -67.458732, 9.982829 ], [ -67.458107, 9.982898 ], [ -67.457504, 9.982897 ], [ -67.456925, 9.982942 ], [ -67.455765, 9.982709 ], [ -67.455208, 9.982479 ], [ -67.454865, 9.981950 ], [ -67.454819, 9.981352 ], [ -67.454704, 9.980778 ], [ -67.454399, 9.980270 ], [ -67.453934, 9.979925 ], [ -67.453331, 9.979947 ], [ -67.452896, 9.980384 ], [ -67.452125, 9.981417 ], [ -67.451637, 9.981760 ], [ -67.451080, 9.981989 ], [ -67.450500, 9.982034 ], [ -67.450012, 9.981734 ], [ -67.449646, 9.981251 ], [ -67.449417, 9.980699 ], [ -67.449135, 9.980169 ], [ -67.448837, 9.979687 ], [ -67.448303, 9.979433 ], [ -67.447723, 9.979294 ], [ -67.447144, 9.979431 ], [ -67.446655, 9.979753 ], [ -67.446167, 9.980096 ], [ -67.445755, 9.980486 ], [ -67.445381, 9.980991 ], [ -67.445290, 9.981565 ], [ -67.445259, 9.982141 ], [ -67.445473, 9.982669 ], [ -67.445610, 9.983291 ], [ -67.445656, 9.983865 ], [ -67.445556, 9.984440 ], [ -67.445282, 9.984945 ], [ -67.444725, 9.985243 ], [ -67.444008, 9.985334 ], [ -67.442749, 9.985332 ], [ -67.442177, 9.985353 ], [ -67.441597, 9.985398 ], [ -67.440941, 9.985650 ], [ -67.440292, 9.986063 ], [ -67.439850, 9.986430 ], [ -67.439018, 9.987302 ], [ -67.438621, 9.987853 ], [ -67.437950, 9.989094 ], [ -67.437668, 9.989668 ], [ -67.437439, 9.990220 ], [ -67.437225, 9.990863 ], [ -67.437088, 9.991414 ], [ -67.436943, 9.992057 ], [ -67.436852, 9.992632 ], [ -67.436691, 9.993229 ], [ -67.436523, 9.993781 ], [ -67.436272, 9.994332 ], [ -67.435944, 9.994837 ], [ -67.435524, 9.995250 ], [ -67.435043, 9.994905 ], [ -67.434624, 9.994467 ], [ -67.434044, 9.994099 ], [ -67.433464, 9.994098 ], [ -67.432861, 9.994258 ], [ -67.432305, 9.994418 ], [ -67.431633, 9.994693 ], [ -67.430519, 9.994966 ], [ -67.429825, 9.995126 ], [ -67.429199, 9.995309 ], [ -67.428597, 9.995445 ], [ -67.427994, 9.995560 ], [ -67.427414, 9.995559 ], [ -67.426811, 9.995535 ], [ -67.426277, 9.995326 ], [ -67.425812, 9.994958 ], [ -67.425346, 9.994612 ], [ -67.424812, 9.994244 ], [ -67.424286, 9.993921 ], [ -67.423103, 9.993390 ], [ -67.422569, 9.993182 ], [ -67.421966, 9.993066 ], [ -67.421364, 9.992881 ], [ -67.420784, 9.992603 ], [ -67.420296, 9.992075 ], [ -67.419975, 9.991590 ], [ -67.419655, 9.990993 ], [ -67.419281, 9.990464 ], [ -67.418816, 9.989865 ], [ -67.418403, 9.989358 ], [ -67.417984, 9.988898 ], [ -67.417503, 9.988415 ], [ -67.417084, 9.987976 ], [ -67.416596, 9.987608 ], [ -67.416084, 9.987330 ], [ -67.415504, 9.987124 ], [ -67.414932, 9.987008 ], [ -67.414307, 9.986937 ], [ -67.413727, 9.986914 ], [ -67.413101, 9.986912 ], [ -67.412682, 9.986520 ], [ -67.412376, 9.986037 ], [ -67.411690, 9.985024 ], [ -67.411293, 9.984518 ], [ -67.410896, 9.984058 ], [ -67.410301, 9.983849 ], [ -67.409668, 9.983711 ], [ -67.409042, 9.983709 ], [ -67.408462, 9.983777 ], [ -67.407837, 9.983869 ], [ -67.407234, 9.983868 ], [ -67.406655, 9.983728 ], [ -67.406082, 9.983451 ], [ -67.405525, 9.983150 ], [ -67.405083, 9.982782 ], [ -67.404762, 9.982300 ], [ -67.404549, 9.981701 ], [ -67.404228, 9.981149 ], [ -67.403809, 9.980665 ], [ -67.403160, 9.980389 ], [ -67.402603, 9.980249 ], [ -67.401932, 9.980133 ], [ -67.401375, 9.979995 ], [ -67.400780, 9.979740 ], [ -67.400246, 9.979486 ], [ -67.399712, 9.979209 ], [ -67.399200, 9.978933 ], [ -67.398712, 9.978610 ], [ -67.397606, 9.977826 ], [ -67.397072, 9.977481 ], [ -67.396538, 9.977089 ], [ -67.395309, 9.976305 ], [ -67.394035, 9.975544 ], [ -67.392876, 9.974760 ], [ -67.391815, 9.974115 ], [ -67.390053, 9.973146 ], [ -67.389664, 9.972708 ], [ -67.389130, 9.972363 ], [ -67.388573, 9.972223 ], [ -67.387390, 9.971739 ], [ -67.385559, 9.971115 ], [ -67.385025, 9.970906 ], [ -67.384491, 9.970607 ], [ -67.384033, 9.970261 ], [ -67.383545, 9.969801 ], [ -67.383156, 9.969248 ], [ -67.382828, 9.968764 ], [ -67.382507, 9.968235 ], [ -67.382179, 9.967660 ], [ -67.381836, 9.967016 ], [ -67.381462, 9.966440 ], [ -67.381050, 9.965865 ], [ -67.380539, 9.965288 ], [ -67.380104, 9.964897 ], [ -67.379570, 9.964505 ], [ -67.379082, 9.964206 ], [ -67.378571, 9.963860 ], [ -67.377556, 9.963238 ], [ -67.377045, 9.962892 ], [ -67.376556, 9.962431 ], [ -67.376121, 9.961970 ], [ -67.375725, 9.961487 ], [ -67.375168, 9.960360 ], [ -67.374893, 9.959761 ], [ -67.374573, 9.959140 ], [ -67.374245, 9.958633 ], [ -67.373878, 9.958173 ], [ -67.373436, 9.957782 ], [ -67.372925, 9.957459 ], [ -67.372345, 9.957112 ], [ -67.371773, 9.956859 ], [ -67.371147, 9.956651 ], [ -67.370445, 9.956465 ], [ -67.369774, 9.956304 ], [ -67.369194, 9.956141 ], [ -67.368622, 9.955933 ], [ -67.368042, 9.955770 ], [ -67.366814, 9.955400 ], [ -67.366234, 9.955147 ], [ -67.365677, 9.954778 ], [ -67.365120, 9.954363 ], [ -67.364586, 9.953948 ], [ -67.364105, 9.953487 ], [ -67.363640, 9.953073 ], [ -67.363151, 9.952589 ], [ -67.362763, 9.952175 ], [ -67.362389, 9.951692 ], [ -67.362091, 9.951162 ], [ -67.361954, 9.950610 ], [ -67.361999, 9.949966 ], [ -67.362190, 9.949231 ], [ -67.362328, 9.948610 ], [ -67.362396, 9.947990 ], [ -67.362373, 9.947415 ], [ -67.362168, 9.946864 ], [ -67.361870, 9.946380 ], [ -67.361519, 9.945919 ], [ -67.361084, 9.945551 ], [ -67.360573, 9.945205 ], [ -67.359970, 9.945204 ], [ -67.359344, 9.945294 ], [ -67.358787, 9.945523 ], [ -67.357414, 9.946808 ], [ -67.356949, 9.947152 ], [ -67.356369, 9.947243 ], [ -67.355789, 9.947150 ], [ -67.355446, 9.946621 ], [ -67.355049, 9.946182 ], [ -67.354469, 9.946044 ], [ -67.353821, 9.946135 ], [ -67.353241, 9.946203 ], [ -67.352661, 9.946110 ], [ -67.352112, 9.945901 ], [ -67.351669, 9.945533 ], [ -67.351418, 9.944935 ], [ -67.351280, 9.943141 ], [ -67.351166, 9.942566 ], [ -67.350868, 9.941921 ], [ -67.350266, 9.940886 ], [ -67.349846, 9.940495 ], [ -67.349312, 9.940218 ], [ -67.348686, 9.940125 ], [ -67.348038, 9.940284 ], [ -67.347527, 9.940559 ], [ -67.346947, 9.940719 ], [ -67.346367, 9.940810 ], [ -67.345764, 9.940969 ], [ -67.345161, 9.941060 ], [ -67.344559, 9.941058 ], [ -67.344078, 9.940643 ], [ -67.343842, 9.940115 ], [ -67.343658, 9.939493 ], [ -67.343430, 9.938918 ], [ -67.343132, 9.938344 ], [ -67.342804, 9.937768 ], [ -67.342323, 9.937376 ], [ -67.341675, 9.937214 ], [ -67.341095, 9.937190 ], [ -67.340492, 9.937212 ], [ -67.339912, 9.937279 ], [ -67.339333, 9.937279 ], [ -67.338104, 9.936977 ], [ -67.337570, 9.936678 ], [ -67.337036, 9.936446 ], [ -67.336525, 9.936123 ], [ -67.336044, 9.935685 ], [ -67.335625, 9.935203 ], [ -67.335419, 9.934649 ], [ -67.335373, 9.934075 ], [ -67.335518, 9.932857 ], [ -67.335564, 9.932214 ], [ -67.335518, 9.931593 ], [ -67.335312, 9.931018 ], [ -67.334801, 9.929868 ], [ -67.334480, 9.929384 ], [ -67.334038, 9.928992 ], [ -67.333549, 9.928669 ], [ -67.332992, 9.928484 ], [ -67.332512, 9.928828 ], [ -67.332001, 9.929241 ], [ -67.331489, 9.929562 ], [ -67.331001, 9.929929 ], [ -67.330513, 9.930272 ], [ -67.329979, 9.930594 ], [ -67.329422, 9.930868 ], [ -67.328888, 9.931143 ], [ -67.328239, 9.931440 ], [ -67.327591, 9.931761 ], [ -67.327011, 9.931898 ], [ -67.325806, 9.931987 ], [ -67.325203, 9.931986 ], [ -67.324577, 9.931892 ], [ -67.323975, 9.931776 ], [ -67.323372, 9.931706 ], [ -67.322792, 9.931704 ], [ -67.322212, 9.931888 ], [ -67.321655, 9.932094 ], [ -67.321144, 9.932368 ], [ -67.320702, 9.932781 ], [ -67.319961, 9.933791 ], [ -67.319542, 9.934227 ], [ -67.318916, 9.934479 ], [ -67.318314, 9.934524 ], [ -67.317596, 9.934453 ], [ -67.316109, 9.934403 ], [ -67.315483, 9.934425 ], [ -67.314857, 9.934516 ], [ -67.314255, 9.934676 ], [ -67.313721, 9.934928 ], [ -67.312675, 9.935822 ], [ -67.312187, 9.936167 ], [ -67.311844, 9.936625 ], [ -67.311653, 9.937222 ], [ -67.311348, 9.938440 ], [ -67.311234, 9.939037 ], [ -67.311279, 9.939635 ], [ -67.311348, 9.940256 ], [ -67.311134, 9.940784 ], [ -67.310669, 9.941175 ], [ -67.310234, 9.941564 ], [ -67.309723, 9.941885 ], [ -67.309212, 9.942160 ], [ -67.308655, 9.942296 ], [ -67.308052, 9.942318 ], [ -67.307472, 9.942156 ], [ -67.306961, 9.941856 ], [ -67.306473, 9.941419 ], [ -67.305901, 9.940336 ], [ -67.305435, 9.939921 ], [ -67.304856, 9.940104 ], [ -67.304298, 9.940356 ], [ -67.303764, 9.940585 ], [ -67.303253, 9.940860 ], [ -67.302910, 9.941365 ], [ -67.302185, 9.943065 ], [ -67.301743, 9.943546 ], [ -67.301186, 9.943684 ], [ -67.300850, 9.943398 ], [ -67.300583, 9.942717 ], [ -67.300659, 9.942119 ], [ -67.300568, 9.941474 ], [ -67.300407, 9.940900 ], [ -67.300148, 9.940348 ], [ -67.299782, 9.939864 ], [ -67.299179, 9.939426 ], [ -67.298599, 9.939240 ], [ -67.297859, 9.939170 ], [ -67.297234, 9.939146 ], [ -67.296631, 9.939144 ], [ -67.296005, 9.939121 ], [ -67.295357, 9.939118 ], [ -67.292572, 9.939205 ], [ -67.291969, 9.939319 ], [ -67.291321, 9.939478 ], [ -67.290718, 9.939500 ], [ -67.290024, 9.939476 ], [ -67.289421, 9.939498 ], [ -67.288841, 9.939542 ], [ -67.288261, 9.939448 ], [ -67.287682, 9.939149 ], [ -67.287338, 9.938688 ], [ -67.287033, 9.938159 ], [ -67.286781, 9.937583 ], [ -67.286362, 9.937169 ], [ -67.285782, 9.937283 ], [ -67.285271, 9.937557 ], [ -67.284691, 9.938637 ], [ -67.284203, 9.938934 ], [ -67.283623, 9.939094 ], [ -67.282951, 9.939139 ], [ -67.281746, 9.939137 ], [ -67.280495, 9.939087 ], [ -67.279892, 9.939133 ], [ -67.279358, 9.939338 ], [ -67.278847, 9.939658 ], [ -67.278267, 9.939956 ], [ -67.277687, 9.940023 ], [ -67.277183, 9.939700 ], [ -67.276070, 9.939032 ], [ -67.275375, 9.938914 ], [ -67.274772, 9.938868 ], [ -67.274193, 9.938844 ], [ -67.273567, 9.938705 ], [ -67.272873, 9.938565 ], [ -67.272293, 9.938356 ], [ -67.271736, 9.938056 ], [ -67.271088, 9.937826 ], [ -67.270531, 9.937526 ], [ -67.270141, 9.937111 ], [ -67.270141, 9.936513 ], [ -67.270470, 9.935365 ], [ -67.270744, 9.934860 ], [ -67.270981, 9.934284 ], [ -67.270912, 9.933710 ], [ -67.270470, 9.933273 ], [ -67.269943, 9.932857 ], [ -67.269501, 9.932421 ], [ -67.269203, 9.931936 ], [ -67.269058, 9.931293 ], [ -67.269020, 9.930672 ], [ -67.269043, 9.930074 ], [ -67.269135, 9.929246 ], [ -67.269234, 9.928580 ], [ -67.269486, 9.927363 ], [ -67.269791, 9.926099 ], [ -67.270004, 9.925318 ], [ -67.270096, 9.924652 ], [ -67.270210, 9.924077 ], [ -67.270378, 9.923479 ], [ -67.270653, 9.922883 ], [ -67.270935, 9.922378 ], [ -67.271309, 9.921803 ], [ -67.271660, 9.921299 ], [ -67.272049, 9.920862 ], [ -67.272468, 9.920473 ], [ -67.272751, 9.919968 ], [ -67.272843, 9.919394 ], [ -67.272911, 9.918818 ], [ -67.272888, 9.918244 ], [ -67.272568, 9.917692 ], [ -67.272148, 9.917300 ], [ -67.271644, 9.917000 ], [ -67.271019, 9.916677 ], [ -67.270416, 9.916354 ], [ -67.269791, 9.916054 ], [ -67.269165, 9.915822 ], [ -67.268051, 9.915291 ], [ -67.267448, 9.914969 ], [ -67.266922, 9.914644 ], [ -67.266411, 9.914299 ], [ -67.265877, 9.913953 ], [ -67.265465, 9.913492 ], [ -67.265137, 9.912963 ], [ -67.264931, 9.912434 ], [ -67.264725, 9.911813 ], [ -67.264587, 9.911215 ], [ -67.264542, 9.910571 ], [ -67.264542, 9.909950 ], [ -67.264565, 9.909375 ], [ -67.264404, 9.908800 ], [ -67.263947, 9.908432 ], [ -67.263344, 9.908476 ], [ -67.262833, 9.908774 ], [ -67.261810, 9.909392 ], [ -67.259766, 9.910836 ], [ -67.259323, 9.911295 ], [ -67.259415, 9.911894 ], [ -67.259834, 9.912353 ], [ -67.260178, 9.912838 ], [ -67.260406, 9.913389 ], [ -67.260475, 9.914010 ], [ -67.260315, 9.914607 ], [ -67.259918, 9.915066 ], [ -67.259361, 9.915272 ], [ -67.258781, 9.915294 ], [ -67.258087, 9.915269 ], [ -67.257438, 9.915199 ], [ -67.256790, 9.915105 ], [ -67.256233, 9.914967 ], [ -67.255608, 9.914873 ], [ -67.255028, 9.914848 ], [ -67.254517, 9.915169 ], [ -67.254051, 9.915583 ], [ -67.253754, 9.916156 ], [ -67.253868, 9.916777 ], [ -67.254006, 9.917329 ], [ -67.254372, 9.917812 ], [ -67.254623, 9.918342 ], [ -67.254509, 9.918962 ], [ -67.254181, 9.919444 ], [ -67.253792, 9.919857 ], [ -67.253258, 9.920062 ], [ -67.252632, 9.919970 ], [ -67.252144, 9.919623 ], [ -67.251633, 9.919093 ], [ -67.251244, 9.918656 ], [ -67.250801, 9.918241 ], [ -67.250321, 9.917827 ], [ -67.249695, 9.917480 ], [ -67.249069, 9.917363 ], [ -67.248489, 9.917616 ], [ -67.247887, 9.918027 ], [ -67.247444, 9.918441 ], [ -67.245819, 9.919839 ], [ -67.245377, 9.920252 ], [ -67.244842, 9.920710 ], [ -67.244354, 9.921100 ], [ -67.243843, 9.921397 ], [ -67.243286, 9.921603 ], [ -67.242615, 9.921809 ], [ -67.241898, 9.921968 ], [ -67.241219, 9.922150 ], [ -67.240593, 9.922378 ], [ -67.239601, 9.923043 ], [ -67.238457, 9.923914 ], [ -67.237877, 9.924212 ], [ -67.237137, 9.924417 ], [ -67.236443, 9.924484 ], [ -67.235100, 9.924527 ], [ -67.234497, 9.924479 ], [ -67.233826, 9.924479 ], [ -67.232407, 9.924567 ], [ -67.231735, 9.924566 ], [ -67.231064, 9.924886 ], [ -67.230553, 9.925183 ], [ -67.229973, 9.925274 ], [ -67.229256, 9.925479 ], [ -67.228607, 9.925730 ], [ -67.228050, 9.926005 ], [ -67.227402, 9.926393 ], [ -67.226913, 9.926761 ], [ -67.226425, 9.927196 ], [ -67.225937, 9.927724 ], [ -67.225449, 9.928205 ], [ -67.225029, 9.928641 ], [ -67.224564, 9.929169 ], [ -67.224190, 9.929628 ], [ -67.223915, 9.930180 ], [ -67.223656, 9.930776 ], [ -67.223381, 9.931281 ], [ -67.223076, 9.931878 ], [ -67.222794, 9.932452 ], [ -67.222611, 9.933003 ], [ -67.222397, 9.933532 ], [ -67.222122, 9.934059 ], [ -67.221634, 9.934403 ], [ -67.221054, 9.934470 ], [ -67.220772, 9.933895 ], [ -67.220734, 9.933321 ], [ -67.220596, 9.932722 ], [ -67.220406, 9.932171 ], [ -67.219925, 9.931779 ], [ -67.219345, 9.931685 ], [ -67.218742, 9.931776 ], [ -67.218208, 9.932004 ], [ -67.217835, 9.932464 ], [ -67.217629, 9.933038 ], [ -67.217369, 9.933566 ], [ -67.217163, 9.934140 ], [ -67.216950, 9.934783 ], [ -67.216667, 9.935334 ], [ -67.216438, 9.935862 ], [ -67.216110, 9.936390 ], [ -67.215668, 9.936756 ], [ -67.215225, 9.937170 ], [ -67.214745, 9.937467 ], [ -67.214188, 9.937650 ], [ -67.213631, 9.937488 ], [ -67.213211, 9.937050 ], [ -67.212936, 9.936498 ], [ -67.212265, 9.935485 ], [ -67.211899, 9.935047 ], [ -67.211433, 9.934632 ], [ -67.210899, 9.934401 ], [ -67.210296, 9.934400 ], [ -67.209740, 9.934536 ], [ -67.209160, 9.934811 ], [ -67.208580, 9.935061 ], [ -67.207977, 9.935152 ], [ -67.207375, 9.935266 ], [ -67.206772, 9.935333 ], [ -67.206078, 9.935424 ], [ -67.204804, 9.935329 ], [ -67.204155, 9.935259 ], [ -67.203461, 9.935142 ], [ -67.202713, 9.935002 ], [ -67.202064, 9.934932 ], [ -67.201347, 9.934837 ], [ -67.200653, 9.934836 ], [ -67.200279, 9.935134 ], [ -67.199707, 9.935202 ], [ -67.199127, 9.935200 ], [ -67.198524, 9.935176 ], [ -67.197968, 9.935037 ], [ -67.197433, 9.934828 ], [ -67.196968, 9.934460 ], [ -67.196510, 9.934045 ], [ -67.195999, 9.933744 ], [ -67.195396, 9.933675 ], [ -67.194816, 9.933742 ], [ -67.194191, 9.934039 ], [ -67.193680, 9.934429 ], [ -67.192795, 9.935207 ], [ -67.192375, 9.935597 ], [ -67.191910, 9.935987 ], [ -67.191406, 9.936262 ], [ -67.190826, 9.936353 ], [ -67.190224, 9.936282 ], [ -67.189827, 9.935867 ], [ -67.189621, 9.935316 ], [ -67.189575, 9.934740 ], [ -67.189369, 9.934188 ], [ -67.188789, 9.933980 ], [ -67.188187, 9.933909 ], [ -67.187584, 9.933908 ], [ -67.186981, 9.933814 ], [ -67.186378, 9.933560 ], [ -67.185318, 9.932961 ], [ -67.184784, 9.932683 ], [ -67.184227, 9.932475 ], [ -67.183647, 9.932313 ], [ -67.183067, 9.932220 ], [ -67.182610, 9.931850 ], [ -67.182053, 9.932010 ], [ -67.181496, 9.932193 ], [ -67.180885, 9.932489 ], [ -67.180328, 9.932741 ], [ -67.179169, 9.933151 ], [ -67.178612, 9.933403 ], [ -67.178085, 9.933609 ], [ -67.177529, 9.933791 ], [ -67.176926, 9.933882 ], [ -67.176346, 9.933744 ], [ -67.175301, 9.933120 ], [ -67.174789, 9.932704 ], [ -67.174354, 9.932266 ], [ -67.173912, 9.931760 ], [ -67.173454, 9.931253 ], [ -67.172966, 9.930838 ], [ -67.172432, 9.930400 ], [ -67.171883, 9.930031 ], [ -67.171257, 9.929869 ], [ -67.170654, 9.929775 ], [ -67.170074, 9.929728 ], [ -67.169403, 9.929703 ], [ -67.168755, 9.929724 ], [ -67.168144, 9.929723 ], [ -67.167473, 9.929698 ], [ -67.166870, 9.929719 ], [ -67.166290, 9.929788 ], [ -67.165687, 9.929831 ], [ -67.165108, 9.929922 ], [ -67.164528, 9.930058 ], [ -67.164047, 9.930356 ], [ -67.163605, 9.930723 ], [ -67.163048, 9.931043 ], [ -67.161888, 9.931431 ], [ -67.161285, 9.931567 ], [ -67.160705, 9.931588 ], [ -67.160263, 9.931197 ], [ -67.160126, 9.930645 ], [ -67.160195, 9.930024 ], [ -67.160294, 9.929451 ], [ -67.160523, 9.928806 ], [ -67.160782, 9.928164 ], [ -67.161362, 9.926602 ], [ -67.161644, 9.925821 ], [ -67.161835, 9.925225 ], [ -67.161972, 9.924673 ], [ -67.162186, 9.923294 ], [ -67.162140, 9.922674 ], [ -67.161980, 9.921915 ], [ -67.161820, 9.921225 ], [ -67.161545, 9.919890 ], [ -67.161056, 9.918602 ], [ -67.160599, 9.917544 ], [ -67.160324, 9.917015 ], [ -67.160042, 9.916509 ], [ -67.159767, 9.915933 ], [ -67.159630, 9.915312 ], [ -67.159630, 9.914691 ], [ -67.159844, 9.914095 ], [ -67.160195, 9.913613 ], [ -67.160606, 9.913154 ], [ -67.161171, 9.912857 ], [ -67.161842, 9.912559 ], [ -67.162445, 9.912239 ], [ -67.162979, 9.912010 ], [ -67.163628, 9.911759 ], [ -67.164184, 9.911462 ], [ -67.164741, 9.911187 ], [ -67.165230, 9.910890 ], [ -67.165787, 9.910592 ], [ -67.166252, 9.910248 ], [ -67.166618, 9.909790 ], [ -67.166809, 9.909192 ], [ -67.166924, 9.908504 ], [ -67.167000, 9.907791 ], [ -67.167023, 9.907216 ], [ -67.166977, 9.906619 ], [ -67.166862, 9.906043 ], [ -67.166588, 9.905469 ], [ -67.166191, 9.905030 ], [ -67.165680, 9.904661 ], [ -67.165222, 9.904293 ], [ -67.164665, 9.904084 ], [ -67.164085, 9.903968 ], [ -67.163437, 9.903874 ], [ -67.162811, 9.903804 ], [ -67.162231, 9.903595 ], [ -67.161629, 9.903295 ], [ -67.161049, 9.902858 ], [ -67.160637, 9.902466 ], [ -67.160195, 9.901889 ], [ -67.159805, 9.901405 ], [ -67.159020, 9.900209 ], [ -67.158722, 9.899680 ], [ -67.158302, 9.898988 ], [ -67.157662, 9.897791 ], [ -67.157311, 9.897055 ], [ -67.157059, 9.896434 ], [ -67.156830, 9.895790 ], [ -67.156532, 9.895077 ], [ -67.156166, 9.893581 ], [ -67.156052, 9.892983 ], [ -67.156074, 9.892133 ], [ -67.156143, 9.891466 ], [ -67.156265, 9.890800 ], [ -67.156425, 9.889996 ], [ -67.157082, 9.887630 ], [ -67.157265, 9.887033 ], [ -67.157478, 9.886298 ], [ -67.157990, 9.884299 ], [ -67.158135, 9.883678 ], [ -67.158226, 9.883105 ], [ -67.158203, 9.882439 ], [ -67.157936, 9.880553 ], [ -67.157707, 9.879356 ], [ -67.157616, 9.878713 ], [ -67.157501, 9.878000 ], [ -67.157455, 9.877311 ], [ -67.157410, 9.876069 ], [ -67.157341, 9.875357 ], [ -67.157295, 9.874620 ], [ -67.157204, 9.873954 ], [ -67.157043, 9.873333 ], [ -67.156860, 9.872758 ], [ -67.156563, 9.872274 ], [ -67.156197, 9.871813 ], [ -67.155731, 9.871445 ], [ -67.155243, 9.871098 ], [ -67.154640, 9.870867 ], [ -67.153992, 9.870706 ], [ -67.153412, 9.870520 ], [ -67.152862, 9.870358 ], [ -67.152260, 9.870126 ], [ -67.151588, 9.869917 ], [ -67.150986, 9.869709 ], [ -67.150360, 9.869454 ], [ -67.149826, 9.869155 ], [ -67.149292, 9.868762 ], [ -67.148003, 9.867472 ], [ -67.147606, 9.867011 ], [ -67.147194, 9.866435 ], [ -67.146843, 9.865836 ], [ -67.146568, 9.865170 ], [ -67.146385, 9.864618 ], [ -67.146156, 9.864018 ], [ -67.145927, 9.863467 ], [ -67.145676, 9.862777 ], [ -67.145531, 9.862133 ], [ -67.145447, 9.861465 ], [ -67.145424, 9.860823 ], [ -67.145424, 9.860178 ], [ -67.145493, 9.859512 ], [ -67.145615, 9.858846 ], [ -67.145966, 9.857629 ], [ -67.146271, 9.856411 ], [ -67.146477, 9.855837 ], [ -67.146897, 9.854483 ], [ -67.147087, 9.853815 ], [ -67.147247, 9.853149 ], [ -67.147370, 9.852484 ], [ -67.147507, 9.851289 ], [ -67.147507, 9.850645 ], [ -67.147583, 9.850001 ], [ -67.147674, 9.849426 ], [ -67.147820, 9.848140 ], [ -67.147911, 9.846899 ], [ -67.148056, 9.845635 ], [ -67.148148, 9.845037 ], [ -67.148171, 9.844371 ], [ -67.148102, 9.843750 ], [ -67.147896, 9.843175 ], [ -67.147575, 9.842669 ], [ -67.147232, 9.842185 ], [ -67.146904, 9.841633 ], [ -67.146606, 9.841057 ], [ -67.146240, 9.840505 ], [ -67.145844, 9.839952 ], [ -67.145058, 9.838984 ], [ -67.144623, 9.838500 ], [ -67.144180, 9.838063 ], [ -67.143600, 9.837693 ], [ -67.143097, 9.837325 ], [ -67.142723, 9.836886 ], [ -67.142075, 9.835736 ], [ -67.141823, 9.835207 ], [ -67.141594, 9.834678 ], [ -67.141319, 9.834125 ], [ -67.141014, 9.833618 ], [ -67.140694, 9.833135 ], [ -67.140206, 9.832812 ], [ -67.139580, 9.832535 ], [ -67.138962, 9.832372 ], [ -67.138382, 9.832233 ], [ -67.137825, 9.832070 ], [ -67.136620, 9.831745 ], [ -67.135925, 9.831606 ], [ -67.135231, 9.831444 ], [ -67.134072, 9.831210 ], [ -67.133492, 9.831072 ], [ -67.132729, 9.830908 ], [ -67.132126, 9.830814 ], [ -67.131523, 9.830767 ], [ -67.130852, 9.830743 ], [ -67.129066, 9.830876 ], [ -67.128441, 9.830736 ], [ -67.127144, 9.830369 ], [ -67.126381, 9.830225 ], [ -67.125664, 9.830154 ], [ -67.125038, 9.830130 ], [ -67.124390, 9.830174 ], [ -67.123810, 9.830242 ], [ -67.123138, 9.830470 ], [ -67.121910, 9.830903 ], [ -67.120682, 9.831291 ], [ -67.119011, 9.831930 ], [ -67.118454, 9.832112 ], [ -67.117783, 9.832133 ], [ -67.117340, 9.832133 ], [ -67.117203, 9.832132 ], [ -67.116554, 9.832063 ], [ -67.115211, 9.831829 ], [ -67.114494, 9.831643 ], [ -67.113869, 9.831527 ], [ -67.113266, 9.831455 ], [ -67.112686, 9.831339 ], [ -67.112060, 9.831245 ], [ -67.111481, 9.831037 ], [ -67.110901, 9.830760 ], [ -67.110397, 9.830460 ], [ -67.110138, 9.829930 ], [ -67.110024, 9.829356 ], [ -67.110077, 9.828758 ], [ -67.110146, 9.828137 ], [ -67.110123, 9.827517 ], [ -67.110054, 9.826874 ], [ -67.109894, 9.826322 ], [ -67.109505, 9.825815 ], [ -67.108971, 9.825491 ], [ -67.107765, 9.825029 ], [ -67.107185, 9.824729 ], [ -67.106636, 9.824359 ], [ -67.105759, 9.823529 ], [ -67.105316, 9.823069 ], [ -67.104714, 9.821963 ], [ -67.104553, 9.821365 ], [ -67.104508, 9.820745 ], [ -67.104630, 9.820170 ], [ -67.104935, 9.819505 ], [ -67.105301, 9.818609 ], [ -67.105538, 9.818081 ], [ -67.105842, 9.817598 ], [ -67.106377, 9.817371 ], [ -67.106956, 9.817212 ], [ -67.107582, 9.817053 ], [ -67.108162, 9.816847 ], [ -67.108688, 9.816618 ], [ -67.109199, 9.816320 ], [ -67.109642, 9.815908 ], [ -67.109947, 9.815380 ], [ -67.110107, 9.814760 ], [ -67.110184, 9.814094 ], [ -67.110184, 9.813450 ], [ -67.110069, 9.812760 ], [ -67.110000, 9.812070 ], [ -67.109955, 9.811472 ], [ -67.109955, 9.810875 ], [ -67.110054, 9.810232 ], [ -67.110214, 9.809543 ], [ -67.110405, 9.808853 ], [ -67.110611, 9.808187 ], [ -67.110962, 9.807499 ], [ -67.111267, 9.806949 ], [ -67.111687, 9.805730 ], [ -67.111824, 9.805111 ], [ -67.111900, 9.804536 ], [ -67.111832, 9.803800 ], [ -67.111511, 9.802421 ], [ -67.111397, 9.801776 ], [ -67.111259, 9.801132 ], [ -67.110870, 9.799729 ], [ -67.110542, 9.799130 ], [ -67.110153, 9.798555 ], [ -67.109711, 9.798118 ], [ -67.109207, 9.797748 ], [ -67.108673, 9.797334 ], [ -67.108093, 9.797009 ], [ -67.107582, 9.796596 ], [ -67.107101, 9.796064 ], [ -67.106613, 9.795489 ], [ -67.106270, 9.794960 ], [ -67.105850, 9.794383 ], [ -67.105507, 9.793831 ], [ -67.105278, 9.793302 ], [ -67.105095, 9.792658 ], [ -67.104866, 9.791967 ], [ -67.104706, 9.791415 ], [ -67.104217, 9.790886 ], [ -67.103897, 9.790357 ], [ -67.103569, 9.789849 ], [ -67.103180, 9.789434 ], [ -67.102692, 9.789043 ], [ -67.101723, 9.788304 ], [ -67.101189, 9.787958 ], [ -67.100678, 9.787682 ], [ -67.100151, 9.787358 ], [ -67.099617, 9.787082 ], [ -67.099060, 9.786826 ], [ -67.097954, 9.786364 ], [ -67.097374, 9.786179 ], [ -67.096771, 9.786108 ], [ -67.096191, 9.786268 ], [ -67.095589, 9.786496 ], [ -67.095032, 9.786770 ], [ -67.094544, 9.787229 ], [ -67.094147, 9.787780 ], [ -67.093704, 9.788307 ], [ -67.093193, 9.788815 ], [ -67.092728, 9.789155 ], [ -67.092148, 9.789406 ], [ -67.090942, 9.789747 ], [ -67.090317, 9.789837 ], [ -67.089691, 9.789813 ], [ -67.089065, 9.789742 ], [ -67.088516, 9.789557 ], [ -67.087425, 9.789048 ], [ -67.086845, 9.788748 ], [ -67.086273, 9.788471 ], [ -67.085739, 9.788262 ], [ -67.085114, 9.788123 ], [ -67.084556, 9.788260 ], [ -67.083977, 9.788443 ], [ -67.082703, 9.788714 ], [ -67.082123, 9.788851 ], [ -67.081543, 9.788964 ], [ -67.080963, 9.788985 ], [ -67.080383, 9.788892 ], [ -67.079803, 9.788683 ], [ -67.079201, 9.788429 ], [ -67.078629, 9.788243 ], [ -67.078026, 9.788197 ], [ -67.077446, 9.788378 ], [ -67.076889, 9.788722 ], [ -67.076424, 9.789134 ], [ -67.075912, 9.789547 ], [ -67.075447, 9.789959 ], [ -67.074471, 9.790738 ], [ -67.073936, 9.791265 ], [ -67.073517, 9.791723 ], [ -67.073097, 9.792159 ], [ -67.072540, 9.792686 ], [ -67.072128, 9.793098 ], [ -67.071640, 9.793489 ], [ -67.071198, 9.793878 ], [ -67.070618, 9.794198 ], [ -67.070084, 9.794450 ], [ -67.068947, 9.794975 ], [ -67.068413, 9.795180 ], [ -67.067139, 9.795429 ], [ -67.066444, 9.795543 ], [ -67.065773, 9.795610 ], [ -67.064430, 9.795652 ], [ -67.063759, 9.795513 ], [ -67.062485, 9.795118 ], [ -67.061928, 9.794955 ], [ -67.061371, 9.794702 ], [ -67.060814, 9.794333 ], [ -67.060333, 9.793940 ], [ -67.059799, 9.793526 ], [ -67.059197, 9.793110 ], [ -67.057884, 9.791843 ], [ -67.057350, 9.791380 ], [ -67.056633, 9.790965 ], [ -67.056145, 9.790643 ], [ -67.055641, 9.790227 ], [ -67.055107, 9.789949 ], [ -67.054619, 9.789627 ], [ -67.054092, 9.789395 ], [ -67.053513, 9.789233 ], [ -67.052933, 9.789230 ], [ -67.052307, 9.789321 ], [ -67.051704, 9.789573 ], [ -67.051125, 9.789846 ], [ -67.050522, 9.790167 ], [ -67.050033, 9.790487 ], [ -67.049431, 9.790898 ], [ -67.048943, 9.791243 ], [ -67.047897, 9.792068 ], [ -67.047363, 9.792572 ], [ -67.046852, 9.792983 ], [ -67.046387, 9.793327 ], [ -67.045899, 9.793716 ], [ -67.044922, 9.794427 ], [ -67.044434, 9.794769 ], [ -67.043320, 9.795433 ], [ -67.042770, 9.795615 ], [ -67.042122, 9.795429 ], [ -67.041565, 9.795198 ], [ -67.040245, 9.794598 ], [ -67.039734, 9.794090 ], [ -67.039276, 9.793583 ], [ -67.038857, 9.793145 ], [ -67.038399, 9.792776 ], [ -67.037796, 9.792337 ], [ -67.037285, 9.791831 ], [ -67.036568, 9.790863 ], [ -67.036202, 9.790426 ], [ -67.035789, 9.789896 ], [ -67.035050, 9.788860 ], [ -67.034401, 9.787801 ], [ -67.034195, 9.787202 ], [ -67.034035, 9.786650 ], [ -67.033829, 9.786029 ], [ -67.033829, 9.785431 ], [ -67.034508, 9.783089 ], [ -67.034668, 9.782469 ], [ -67.034836, 9.781918 ], [ -67.034973, 9.781274 ], [ -67.034935, 9.780654 ], [ -67.034721, 9.780056 ], [ -67.034401, 9.779457 ], [ -67.034012, 9.778973 ], [ -67.033592, 9.778582 ], [ -67.033112, 9.778097 ], [ -67.032692, 9.777659 ], [ -67.032348, 9.777199 ], [ -67.031929, 9.776691 ], [ -67.031631, 9.776209 ], [ -67.031563, 9.775610 ], [ -67.031540, 9.774899 ], [ -67.031547, 9.774323 ], [ -67.031571, 9.773657 ], [ -67.031433, 9.773036 ], [ -67.031296, 9.772461 ], [ -67.031181, 9.771817 ], [ -67.030998, 9.771195 ], [ -67.030746, 9.770620 ], [ -67.030464, 9.770044 ], [ -67.030121, 9.769470 ], [ -67.029823, 9.768917 ], [ -67.029449, 9.768387 ], [ -67.029152, 9.767903 ], [ -67.028786, 9.767351 ], [ -67.028366, 9.766799 ], [ -67.028000, 9.766337 ], [ -67.027603, 9.765785 ], [ -67.027191, 9.765347 ], [ -67.026680, 9.764955 ], [ -67.026176, 9.764631 ], [ -67.025597, 9.764400 ], [ -67.024948, 9.764192 ], [ -67.023766, 9.763958 ], [ -67.023117, 9.763933 ], [ -67.022491, 9.763954 ], [ -67.021912, 9.763998 ], [ -67.021286, 9.764020 ], [ -67.020706, 9.763949 ], [ -67.020080, 9.763833 ], [ -67.019508, 9.763740 ], [ -67.018883, 9.763600 ], [ -67.018257, 9.763391 ], [ -67.017746, 9.763113 ], [ -67.017189, 9.762859 ], [ -67.016380, 9.762444 ], [ -67.014992, 9.761796 ], [ -67.014366, 9.761541 ], [ -67.013695, 9.761378 ], [ -67.013001, 9.761238 ], [ -67.012398, 9.761053 ], [ -67.011108, 9.760612 ], [ -67.010483, 9.760381 ], [ -67.009903, 9.760195 ], [ -67.009300, 9.760033 ], [ -67.008652, 9.759824 ], [ -67.008072, 9.759684 ], [ -67.007538, 9.759477 ], [ -67.006920, 9.759335 ], [ -67.006294, 9.759128 ], [ -67.005646, 9.758849 ], [ -67.004486, 9.758272 ], [ -67.003861, 9.758018 ], [ -67.003304, 9.757855 ], [ -67.002754, 9.757715 ], [ -67.002060, 9.757575 ], [ -67.000786, 9.757388 ], [ -67.000229, 9.757248 ], [ -66.999390, 9.757339 ], [ -66.998764, 9.757673 ], [ -66.998177, 9.758054 ], [ -66.997376, 9.758592 ], [ -66.996704, 9.758809 ], [ -66.996010, 9.758728 ], [ -66.995270, 9.758531 ], [ -66.994606, 9.758128 ], [ -66.994057, 9.757729 ], [ -66.993484, 9.757327 ], [ -66.992867, 9.756949 ], [ -66.992180, 9.756431 ], [ -66.991509, 9.755982 ], [ -66.990867, 9.755672 ], [ -66.990082, 9.755497 ], [ -66.989411, 9.755392 ], [ -66.988716, 9.755381 ], [ -66.987923, 9.755620 ], [ -66.987198, 9.755929 ], [ -66.986610, 9.756309 ], [ -66.986000, 9.756665 ], [ -66.984855, 9.757449 ], [ -66.984291, 9.757785 ], [ -66.983727, 9.758164 ], [ -66.983208, 9.758730 ], [ -66.982803, 9.759205 ], [ -66.982140, 9.759907 ], [ -66.981171, 9.761107 ], [ -66.980400, 9.761393 ], [ -66.979675, 9.761494 ], [ -66.978912, 9.761366 ], [ -66.978249, 9.761102 ], [ -66.977608, 9.760423 ], [ -66.977058, 9.760068 ], [ -66.976318, 9.759826 ], [ -66.975678, 9.759584 ], [ -66.975014, 9.759251 ], [ -66.974388, 9.758872 ], [ -66.973564, 9.758351 ], [ -66.972923, 9.757904 ], [ -66.972374, 9.757411 ], [ -66.971878, 9.756827 ], [ -66.971451, 9.756039 ], [ -66.971069, 9.755411 ], [ -66.970596, 9.754599 ], [ -66.970192, 9.753856 ], [ -66.969750, 9.752584 ], [ -66.969582, 9.751937 ], [ -66.969422, 9.750509 ], [ -66.969269, 9.749841 ], [ -66.968643, 9.748726 ], [ -66.968071, 9.748118 ], [ -66.967522, 9.747764 ], [ -66.966972, 9.747293 ], [ -66.966286, 9.746891 ], [ -66.965477, 9.746486 ], [ -66.964767, 9.746105 ], [ -66.964264, 9.745706 ], [ -66.963608, 9.745073 ], [ -66.963150, 9.744513 ], [ -66.962913, 9.743705 ], [ -66.962807, 9.743060 ], [ -66.962677, 9.742436 ], [ -66.962646, 9.741770 ], [ -66.962845, 9.739544 ], [ -66.962929, 9.738879 ], [ -66.962944, 9.738029 ], [ -66.962868, 9.737177 ], [ -66.962791, 9.736463 ], [ -66.962753, 9.735726 ], [ -66.962677, 9.735058 ], [ -66.962433, 9.734273 ], [ -66.962258, 9.733649 ], [ -66.962112, 9.732865 ], [ -66.962051, 9.732198 ], [ -66.961975, 9.731530 ], [ -66.961823, 9.730860 ], [ -66.961487, 9.730188 ], [ -66.961273, 9.729425 ], [ -66.960892, 9.728752 ], [ -66.960320, 9.728214 ], [ -66.959770, 9.727836 ], [ -66.959099, 9.727526 ], [ -66.958344, 9.727282 ], [ -66.957649, 9.727109 ], [ -66.956909, 9.726842 ], [ -66.956428, 9.726420 ], [ -66.956169, 9.725749 ], [ -66.955971, 9.724964 ], [ -66.955895, 9.724158 ], [ -66.955948, 9.723515 ], [ -66.956077, 9.722898 ], [ -66.956184, 9.722279 ], [ -66.956360, 9.721662 ], [ -66.956566, 9.720309 ], [ -66.956719, 9.719691 ], [ -66.956886, 9.718246 ], [ -66.957016, 9.717260 ], [ -66.957153, 9.716113 ], [ -66.957214, 9.715357 ], [ -66.957229, 9.714599 ], [ -66.957260, 9.713909 ], [ -66.957413, 9.713222 ], [ -66.957809, 9.711873 ], [ -66.958008, 9.711096 ], [ -66.958282, 9.710364 ], [ -66.958542, 9.709726 ], [ -66.959030, 9.708424 ], [ -66.959213, 9.707578 ], [ -66.959725, 9.706206 ], [ -66.960014, 9.705523 ], [ -66.960258, 9.704907 ], [ -66.960571, 9.704246 ], [ -66.960976, 9.703632 ], [ -66.961174, 9.703038 ], [ -66.961533, 9.702148 ], [ -66.961823, 9.701509 ], [ -66.962524, 9.700097 ], [ -66.962837, 9.699551 ], [ -66.962982, 9.698934 ], [ -66.963181, 9.698317 ], [ -66.962853, 9.698082 ], [ -66.962586, 9.697892 ], [ -66.961823, 9.697947 ], [ -66.961166, 9.698142 ], [ -66.960495, 9.698315 ], [ -66.959778, 9.698210 ], [ -66.959152, 9.698061 ], [ -66.958481, 9.698050 ], [ -66.957855, 9.697947 ], [ -66.957207, 9.697750 ], [ -66.956589, 9.697578 ], [ -66.955315, 9.697463 ], [ -66.954643, 9.697429 ], [ -66.953972, 9.697439 ], [ -66.952347, 9.697366 ], [ -66.951675, 9.697352 ], [ -66.951004, 9.697318 ], [ -66.950241, 9.697327 ], [ -66.948799, 9.697301 ], [ -66.947945, 9.697217 ], [ -66.947273, 9.697136 ], [ -66.946556, 9.697009 ], [ -66.945816, 9.696835 ], [ -66.944160, 9.696484 ], [ -66.943252, 9.696282 ], [ -66.941849, 9.695821 ], [ -66.941094, 9.695486 ], [ -66.940445, 9.695245 ], [ -66.939621, 9.694747 ], [ -66.939094, 9.694393 ], [ -66.938568, 9.693924 ], [ -66.937958, 9.693269 ], [ -66.937500, 9.692664 ], [ -66.937187, 9.692083 ], [ -66.936852, 9.691341 ], [ -66.936638, 9.690672 ], [ -66.936485, 9.690025 ], [ -66.936127, 9.689376 ], [ -66.935555, 9.689020 ], [ -66.934860, 9.688755 ], [ -66.934143, 9.688627 ], [ -66.933403, 9.688591 ], [ -66.932747, 9.688809 ], [ -66.932099, 9.689005 ], [ -66.931191, 9.689263 ], [ -66.930283, 9.689340 ], [ -66.929657, 9.689421 ], [ -66.928864, 9.689568 ], [ -66.925804, 9.689512 ], [ -66.924347, 9.689394 ], [ -66.922752, 9.689320 ], [ -66.922028, 9.689261 ], [ -66.921333, 9.689248 ], [ -66.919731, 9.689335 ], [ -66.918876, 9.689457 ], [ -66.918060, 9.689534 ], [ -66.917206, 9.689566 ], [ -66.916390, 9.689528 ], [ -66.914696, 9.689544 ], [ -66.914047, 9.689531 ], [ -66.913338, 9.689197 ], [ -66.912857, 9.688774 ], [ -66.912430, 9.688261 ], [ -66.911858, 9.687631 ], [ -66.911293, 9.686954 ], [ -66.910477, 9.685836 ], [ -66.910072, 9.685253 ], [ -66.909500, 9.684761 ], [ -66.909019, 9.684292 ], [ -66.908524, 9.683686 ], [ -66.907883, 9.683078 ], [ -66.907356, 9.682700 ], [ -66.906578, 9.682203 ], [ -66.905869, 9.681777 ], [ -66.905113, 9.681418 ], [ -66.904442, 9.681269 ], [ -66.903771, 9.681165 ], [ -66.903122, 9.681039 ], [ -66.902344, 9.680794 ], [ -66.901672, 9.680644 ], [ -66.900978, 9.680563 ], [ -66.900261, 9.680458 ], [ -66.899475, 9.680329 ], [ -66.898781, 9.680202 ], [ -66.898110, 9.680052 ], [ -66.897461, 9.679971 ], [ -66.895203, 9.679517 ], [ -66.893623, 9.679488 ], [ -66.892952, 9.679500 ], [ -66.891159, 9.679720 ], [ -66.889488, 9.679965 ], [ -66.888794, 9.680044 ], [ -66.887886, 9.680281 ], [ -66.887184, 9.680360 ], [ -66.886368, 9.680552 ], [ -66.885483, 9.680744 ], [ -66.884857, 9.680916 ], [ -66.883530, 9.681168 ], [ -66.882835, 9.681270 ], [ -66.881371, 9.681451 ], [ -66.879928, 9.681517 ], [ -66.879303, 9.681505 ], [ -66.878586, 9.681423 ], [ -66.877892, 9.681387 ], [ -66.876503, 9.681201 ], [ -66.875786, 9.681143 ], [ -66.875137, 9.681130 ], [ -66.874306, 9.681002 ], [ -66.873688, 9.680852 ], [ -66.873016, 9.680472 ], [ -66.872467, 9.680118 ], [ -66.871872, 9.679854 ], [ -66.871185, 9.679520 ], [ -66.870613, 9.679072 ], [ -66.869347, 9.678314 ], [ -66.868637, 9.677934 ], [ -66.867973, 9.677554 ], [ -66.867424, 9.677131 ], [ -66.866898, 9.676776 ], [ -66.866348, 9.676421 ], [ -66.865662, 9.675926 ], [ -66.865067, 9.675548 ], [ -66.864471, 9.675077 ], [ -66.863876, 9.674791 ], [ -66.863327, 9.674414 ], [ -66.862732, 9.673988 ], [ -66.861877, 9.673491 ], [ -66.861282, 9.673159 ], [ -66.860687, 9.672780 ], [ -66.859268, 9.671949 ], [ -66.858605, 9.671570 ], [ -66.857201, 9.670856 ], [ -66.856651, 9.670547 ], [ -66.856056, 9.670191 ], [ -66.855453, 9.669927 ], [ -66.854698, 9.669615 ], [ -66.854050, 9.669465 ], [ -66.853455, 9.669202 ], [ -66.852669, 9.668888 ], [ -66.852028, 9.668600 ], [ -66.851456, 9.668292 ], [ -66.850807, 9.668096 ], [ -66.850166, 9.667786 ], [ -66.849571, 9.667337 ], [ -66.848999, 9.666822 ], [ -66.849419, 9.666727 ], [ -66.850166, 9.666224 ], [ -66.850647, 9.665849 ], [ -66.851128, 9.665430 ], [ -66.851517, 9.664851 ], [ -66.851524, 9.664069 ], [ -66.851357, 9.663451 ], [ -66.850975, 9.662904 ], [ -66.850464, 9.662520 ], [ -66.849930, 9.662274 ], [ -66.849114, 9.662031 ], [ -66.848534, 9.662016 ], [ -66.847793, 9.662163 ], [ -66.847122, 9.662354 ], [ -66.846550, 9.662637 ], [ -66.845955, 9.663150 ], [ -66.845093, 9.663091 ], [ -66.844536, 9.662846 ], [ -66.844108, 9.662392 ], [ -66.843872, 9.661728 ], [ -66.843811, 9.660994 ], [ -66.843872, 9.660349 ], [ -66.844215, 9.659886 ], [ -66.844696, 9.659467 ], [ -66.845322, 9.659228 ], [ -66.845947, 9.659221 ], [ -66.846405, 9.658848 ], [ -66.846535, 9.658157 ], [ -66.846390, 9.657539 ], [ -66.846191, 9.656875 ], [ -66.845711, 9.655572 ], [ -66.845543, 9.654839 ], [ -66.845482, 9.654012 ], [ -66.845497, 9.653437 ], [ -66.845581, 9.652862 ], [ -66.845733, 9.652287 ], [ -66.846123, 9.651845 ], [ -66.846771, 9.651607 ], [ -66.847511, 9.651529 ], [ -66.848114, 9.651613 ], [ -66.848877, 9.651650 ], [ -66.849617, 9.651526 ], [ -66.850449, 9.651194 ], [ -66.851021, 9.650820 ], [ -66.851547, 9.650377 ], [ -66.851868, 9.649798 ], [ -66.851906, 9.649085 ], [ -66.851990, 9.648440 ], [ -66.852020, 9.647177 ], [ -66.851959, 9.646581 ], [ -66.851792, 9.645962 ], [ -66.851486, 9.645438 ], [ -66.851013, 9.644984 ], [ -66.850342, 9.644946 ], [ -66.849716, 9.645091 ], [ -66.849350, 9.645578 ], [ -66.849060, 9.646180 ], [ -66.848503, 9.645888 ], [ -66.848259, 9.645316 ], [ -66.848091, 9.644561 ], [ -66.848061, 9.643940 ], [ -66.848144, 9.643365 ], [ -66.848183, 9.642791 ], [ -66.848313, 9.642122 ], [ -66.848396, 9.641364 ], [ -66.848289, 9.640675 ], [ -66.848007, 9.639990 ], [ -66.847488, 9.639399 ], [ -66.846947, 9.639060 ], [ -66.846253, 9.638907 ], [ -66.845665, 9.638662 ], [ -66.845245, 9.638185 ], [ -66.845047, 9.637522 ], [ -66.844948, 9.636788 ], [ -66.844940, 9.636168 ], [ -66.844841, 9.635594 ], [ -66.843834, 9.633424 ], [ -66.843575, 9.632807 ], [ -66.843330, 9.632167 ], [ -66.843002, 9.631597 ], [ -66.842644, 9.631072 ], [ -66.842476, 9.630500 ], [ -66.842377, 9.629744 ], [ -66.842438, 9.629122 ], [ -66.842545, 9.628523 ], [ -66.842873, 9.627210 ], [ -66.843109, 9.625989 ], [ -66.843330, 9.625274 ], [ -66.843414, 9.624584 ], [ -66.843292, 9.623920 ], [ -66.843094, 9.623279 ], [ -66.842926, 9.622638 ], [ -66.842438, 9.622207 ], [ -66.841896, 9.621961 ], [ -66.841202, 9.622108 ], [ -66.840629, 9.622482 ], [ -66.839966, 9.622811 ], [ -66.839340, 9.622956 ], [ -66.838760, 9.622942 ], [ -66.838226, 9.622672 ], [ -66.837959, 9.622009 ], [ -66.837814, 9.621436 ], [ -66.837715, 9.620818 ], [ -66.838005, 9.620308 ], [ -66.838608, 9.620026 ], [ -66.839188, 9.620041 ], [ -66.839806, 9.619942 ], [ -66.840195, 9.619477 ], [ -66.840492, 9.618969 ], [ -66.841179, 9.618615 ], [ -66.841850, 9.618469 ], [ -66.842476, 9.618346 ], [ -66.843170, 9.618247 ], [ -66.844605, 9.618137 ], [ -66.845207, 9.618014 ], [ -66.845825, 9.617708 ], [ -66.846352, 9.617266 ], [ -66.846786, 9.616709 ], [ -66.847107, 9.616199 ], [ -66.847183, 9.615509 ], [ -66.846901, 9.614892 ], [ -66.846451, 9.614438 ], [ -66.845940, 9.614054 ], [ -66.845337, 9.613809 ], [ -66.844635, 9.613496 ], [ -66.844093, 9.613066 ], [ -66.843720, 9.612565 ], [ -66.843498, 9.611924 ], [ -66.843491, 9.611258 ], [ -66.843903, 9.610541 ], [ -66.844543, 9.610188 ], [ -66.845169, 9.610112 ], [ -66.845695, 9.609737 ], [ -66.846031, 9.609113 ], [ -66.846329, 9.608375 ], [ -66.846710, 9.607841 ], [ -66.847214, 9.607398 ], [ -66.848221, 9.606605 ], [ -66.848656, 9.606049 ], [ -66.849075, 9.604876 ], [ -66.849465, 9.604292 ], [ -66.850266, 9.603272 ], [ -66.850723, 9.602852 ], [ -66.851372, 9.602753 ], [ -66.851997, 9.602860 ], [ -66.852531, 9.603151 ], [ -66.853027, 9.603468 ], [ -66.853539, 9.603921 ], [ -66.854034, 9.604375 ], [ -66.854546, 9.604713 ], [ -66.855194, 9.604543 ], [ -66.855530, 9.603965 ], [ -66.855499, 9.603208 ], [ -66.855102, 9.602776 ], [ -66.854156, 9.601684 ], [ -66.853737, 9.601231 ], [ -66.853401, 9.600729 ], [ -66.853233, 9.600110 ], [ -66.853272, 9.599535 ], [ -66.853729, 9.599025 ], [ -66.854355, 9.598948 ], [ -66.854958, 9.599102 ], [ -66.855537, 9.599300 ], [ -66.856171, 9.599478 ], [ -66.856728, 9.599700 ], [ -66.857376, 9.599875 ], [ -66.858002, 9.599707 ], [ -66.858528, 9.599379 ], [ -66.858894, 9.598915 ], [ -66.858909, 9.598248 ], [ -66.858711, 9.597608 ], [ -66.858223, 9.597131 ], [ -66.857727, 9.596747 ], [ -66.857262, 9.596201 ], [ -66.856789, 9.595840 ], [ -66.856460, 9.595292 ], [ -66.856445, 9.594626 ], [ -66.856651, 9.593981 ], [ -66.856895, 9.593402 ], [ -66.857307, 9.592823 ], [ -66.857811, 9.592312 ], [ -66.858261, 9.591824 ], [ -66.858742, 9.591197 ], [ -66.859222, 9.590548 ], [ -66.859627, 9.589969 ], [ -66.859947, 9.589414 ], [ -66.860352, 9.588834 ], [ -66.860695, 9.588302 ], [ -66.861084, 9.587745 ], [ -66.861420, 9.587167 ], [ -66.861649, 9.586636 ], [ -66.862122, 9.585987 ], [ -66.862579, 9.585521 ], [ -66.862968, 9.584965 ], [ -66.863358, 9.584500 ], [ -66.863831, 9.583967 ], [ -66.864197, 9.583480 ], [ -66.864586, 9.583015 ], [ -66.864998, 9.582550 ], [ -66.865311, 9.582065 ], [ -66.865540, 9.581396 ], [ -66.865570, 9.580729 ], [ -66.865517, 9.580086 ], [ -66.865486, 9.579512 ], [ -66.865639, 9.578820 ], [ -66.866028, 9.578196 ], [ -66.866600, 9.577752 ], [ -66.867081, 9.577263 ], [ -66.867233, 9.576711 ], [ -66.867317, 9.576113 ], [ -66.867401, 9.575376 ], [ -66.867683, 9.574109 ], [ -66.868179, 9.572886 ], [ -66.868538, 9.572236 ], [ -66.868881, 9.571682 ], [ -66.869240, 9.571195 ], [ -66.869492, 9.570641 ], [ -66.870216, 9.569597 ], [ -66.870514, 9.569065 ], [ -66.870873, 9.568486 ], [ -66.871552, 9.567214 ], [ -66.871918, 9.566612 ], [ -66.872208, 9.565966 ], [ -66.872452, 9.565343 ], [ -66.872650, 9.564743 ], [ -66.872917, 9.563980 ], [ -66.873215, 9.563242 ], [ -66.873573, 9.562593 ], [ -66.873894, 9.562085 ], [ -66.874344, 9.561252 ], [ -66.874954, 9.560187 ], [ -66.875290, 9.559518 ], [ -66.875588, 9.559009 ], [ -66.875832, 9.558455 ], [ -66.876175, 9.557944 ], [ -66.876564, 9.557434 ], [ -66.876969, 9.556969 ], [ -66.877312, 9.556367 ], [ -66.877960, 9.554980 ], [ -66.878235, 9.554173 ], [ -66.878662, 9.553478 ], [ -66.879074, 9.552968 ], [ -66.879433, 9.552459 ], [ -66.879845, 9.551949 ], [ -66.880371, 9.551390 ], [ -66.880852, 9.550970 ], [ -66.881516, 9.550434 ], [ -66.882019, 9.550082 ], [ -66.882668, 9.549707 ], [ -66.883240, 9.549402 ], [ -66.884361, 9.548583 ], [ -66.884865, 9.548094 ], [ -66.885483, 9.547673 ], [ -66.886109, 9.547390 ], [ -66.886711, 9.547244 ], [ -66.887192, 9.546894 ], [ -66.887459, 9.546340 ], [ -66.887726, 9.545715 ], [ -66.887978, 9.545000 ], [ -66.888245, 9.544285 ], [ -66.888695, 9.543682 ], [ -66.889229, 9.543330 ], [ -66.889801, 9.542932 ], [ -66.890350, 9.542582 ], [ -66.890922, 9.542184 ], [ -66.891495, 9.541695 ], [ -66.892616, 9.540692 ], [ -66.893333, 9.540269 ], [ -66.893860, 9.539987 ], [ -66.894386, 9.539750 ], [ -66.894989, 9.539514 ], [ -66.895729, 9.539344 ], [ -66.897110, 9.539004 ], [ -66.897652, 9.539434 ], [ -66.897751, 9.540122 ], [ -66.897781, 9.540719 ], [ -66.897911, 9.541430 ], [ -66.897942, 9.542165 ], [ -66.897995, 9.542900 ], [ -66.898216, 9.543539 ], [ -66.898544, 9.544018 ], [ -66.898972, 9.544541 ], [ -66.899460, 9.544972 ], [ -66.900032, 9.545630 ], [ -66.900833, 9.546747 ], [ -66.901344, 9.547131 ], [ -66.901924, 9.547031 ], [ -66.902473, 9.546634 ], [ -66.902863, 9.546078 ], [ -66.903061, 9.545432 ], [ -66.903191, 9.544741 ], [ -66.903503, 9.544164 ], [ -66.904098, 9.543488 ], [ -66.904533, 9.543070 ], [ -66.905106, 9.542672 ], [ -66.905640, 9.542390 ], [ -66.906303, 9.542244 ], [ -66.906883, 9.542076 ], [ -66.907463, 9.542046 ], [ -66.908111, 9.542129 ], [ -66.909294, 9.542505 ], [ -66.909584, 9.543099 ], [ -66.909386, 9.543838 ], [ -66.909142, 9.544460 ], [ -66.909126, 9.545196 ], [ -66.909157, 9.545815 ], [ -66.909538, 9.546409 ], [ -66.910118, 9.546538 ], [ -66.910667, 9.546348 ], [ -66.911247, 9.546042 ], [ -66.911705, 9.545692 ], [ -66.911881, 9.545047 ], [ -66.911850, 9.544473 ], [ -66.911667, 9.543165 ], [ -66.911613, 9.542521 ], [ -66.911629, 9.541855 ], [ -66.911919, 9.541255 ], [ -66.912491, 9.540697 ], [ -66.913109, 9.540275 ], [ -66.913666, 9.539992 ], [ -66.914284, 9.539800 ], [ -66.914909, 9.539655 ], [ -66.915604, 9.539577 ], [ -66.916183, 9.539662 ], [ -66.916885, 9.539884 ], [ -66.917488, 9.540152 ], [ -66.918022, 9.540397 ], [ -66.918724, 9.540755 ], [ -66.919334, 9.541116 ], [ -66.919891, 9.541408 ], [ -66.920517, 9.541630 ], [ -66.921196, 9.541643 ], [ -66.921776, 9.541706 ], [ -66.922424, 9.541835 ], [ -66.923096, 9.541987 ], [ -66.923721, 9.542187 ], [ -66.924263, 9.542433 ], [ -66.924843, 9.542609 ], [ -66.925514, 9.542716 ], [ -66.926140, 9.542753 ], [ -66.926834, 9.542768 ], [ -66.927490, 9.542943 ], [ -66.928177, 9.542613 ], [ -66.928635, 9.542239 ], [ -66.929283, 9.542026 ], [ -66.929886, 9.542063 ], [ -66.930534, 9.542031 ], [ -66.931206, 9.541931 ], [ -66.931778, 9.541787 ], [ -66.932449, 9.541503 ], [ -66.932976, 9.541243 ], [ -66.933510, 9.540892 ], [ -66.933662, 9.540316 ], [ -66.933678, 9.539741 ], [ -66.933479, 9.539191 ], [ -66.932724, 9.538191 ], [ -66.932487, 9.537573 ], [ -66.932480, 9.536976 ], [ -66.933105, 9.536807 ], [ -66.933846, 9.537005 ], [ -66.934410, 9.537365 ], [ -66.935082, 9.537702 ], [ -66.935715, 9.537877 ], [ -66.936317, 9.538007 ], [ -66.936943, 9.538321 ], [ -66.937393, 9.538706 ], [ -66.937744, 9.539369 ], [ -66.937897, 9.540078 ], [ -66.937302, 9.540754 ], [ -66.937401, 9.541442 ], [ -66.937729, 9.542058 ], [ -66.938309, 9.542243 ], [ -66.939644, 9.541962 ], [ -66.940361, 9.542002 ], [ -66.940994, 9.542339 ], [ -66.941414, 9.542984 ], [ -66.941528, 9.543609 ], [ -66.941238, 9.545053 ], [ -66.941612, 9.545724 ], [ -66.942207, 9.545791 ], [ -66.942856, 9.545849 ], [ -66.943481, 9.545527 ], [ -66.944008, 9.544925 ], [ -66.944496, 9.544395 ], [ -66.945068, 9.543747 ], [ -66.945557, 9.543108 ], [ -66.945946, 9.542532 ], [ -66.946266, 9.542001 ], [ -66.946747, 9.541307 ], [ -66.947182, 9.540659 ], [ -66.947624, 9.540065 ], [ -66.947945, 9.539506 ], [ -66.948196, 9.538957 ], [ -66.948311, 9.538270 ], [ -66.948097, 9.537690 ], [ -66.947792, 9.537137 ], [ -66.947144, 9.536935 ], [ -66.946518, 9.536967 ], [ -66.945686, 9.536899 ], [ -66.944969, 9.536967 ], [ -66.944366, 9.537108 ], [ -66.943741, 9.537113 ], [ -66.943047, 9.536839 ], [ -66.943481, 9.536425 ], [ -66.944084, 9.536076 ], [ -66.944755, 9.535664 ], [ -66.945335, 9.535378 ], [ -66.946022, 9.535084 ], [ -66.946693, 9.534781 ], [ -66.947273, 9.534567 ], [ -66.948013, 9.534336 ], [ -66.948654, 9.534060 ], [ -66.949280, 9.533829 ], [ -66.949974, 9.533914 ], [ -66.950577, 9.533845 ], [ -66.951180, 9.533542 ], [ -66.951874, 9.533211 ], [ -66.952377, 9.532888 ], [ -66.952889, 9.532358 ], [ -66.953278, 9.531855 ], [ -66.953552, 9.531278 ], [ -66.953781, 9.530628 ], [ -66.953919, 9.529969 ], [ -66.954025, 9.529346 ], [ -66.954094, 9.528723 ], [ -66.954254, 9.528036 ], [ -66.954430, 9.527625 ], [ -66.958183, 9.524795 ], [ -66.958679, 9.524293 ], [ -66.959274, 9.523736 ], [ -66.959831, 9.523314 ], [ -66.960022, 9.523208 ], [ -66.960686, 9.523156 ], [ -66.961319, 9.523400 ], [ -66.961876, 9.523715 ], [ -66.962349, 9.524238 ], [ -66.962662, 9.524497 ], [ -66.963753, 9.525579 ], [ -66.964264, 9.526034 ], [ -66.964935, 9.526147 ], [ -66.965652, 9.526052 ], [ -66.965889, 9.525961 ], [ -66.966255, 9.525793 ], [ -66.967407, 9.524805 ], [ -66.967819, 9.524320 ], [ -66.968018, 9.523893 ], [ -66.968330, 9.523357 ], [ -66.968674, 9.522824 ], [ -66.969055, 9.522201 ], [ -66.969048, 9.521603 ], [ -66.968468, 9.521218 ], [ -66.967644, 9.521276 ], [ -66.967217, 9.521373 ], [ -66.966644, 9.521541 ], [ -66.965927, 9.521872 ], [ -66.965118, 9.522203 ], [ -66.964516, 9.522164 ], [ -66.964348, 9.521409 ], [ -66.964638, 9.520671 ], [ -66.964973, 9.519977 ], [ -66.965340, 9.519443 ], [ -66.965446, 9.519076 ], [ -66.965805, 9.518312 ], [ -66.966286, 9.517754 ], [ -66.966866, 9.517471 ], [ -66.967415, 9.517258 ], [ -66.968147, 9.517057 ], [ -66.968598, 9.517104 ], [ -66.969131, 9.517396 ], [ -66.969666, 9.517756 ], [ -66.970001, 9.518235 ], [ -66.970642, 9.519537 ], [ -66.971245, 9.519322 ], [ -66.971512, 9.518791 ], [ -66.972137, 9.518737 ], [ -66.972763, 9.518889 ], [ -66.973389, 9.518721 ], [ -66.974014, 9.518506 ], [ -66.974190, 9.517768 ], [ -66.974083, 9.517196 ], [ -66.974075, 9.516529 ], [ -66.974022, 9.515932 ], [ -66.974083, 9.515242 ], [ -66.974235, 9.514689 ], [ -66.974640, 9.514041 ], [ -66.975128, 9.513757 ], [ -66.975769, 9.513452 ], [ -66.976395, 9.513536 ], [ -66.977066, 9.513343 ], [ -66.977531, 9.513751 ], [ -66.978050, 9.514112 ], [ -66.978607, 9.514335 ], [ -66.979187, 9.514373 ], [ -66.979973, 9.514225 ], [ -66.980530, 9.514034 ], [ -66.981125, 9.513637 ], [ -66.981674, 9.513216 ], [ -66.982109, 9.512797 ], [ -66.982590, 9.512240 ], [ -66.983063, 9.511659 ], [ -66.983566, 9.511307 ], [ -66.984032, 9.510911 ], [ -66.984413, 9.510378 ], [ -66.984611, 9.509548 ], [ -66.984467, 9.508906 ], [ -66.983971, 9.508515 ], [ -66.983429, 9.508069 ], [ -66.982849, 9.507617 ], [ -66.982399, 9.507026 ], [ -66.981972, 9.506525 ], [ -66.981506, 9.506186 ], [ -66.981171, 9.505844 ], [ -66.980820, 9.505093 ], [ -66.980575, 9.504453 ], [ -66.980431, 9.503765 ], [ -66.980263, 9.503216 ], [ -66.979881, 9.502646 ], [ -66.979248, 9.502264 ], [ -66.978462, 9.502389 ], [ -66.977982, 9.502740 ], [ -66.977623, 9.503204 ], [ -66.977188, 9.503715 ], [ -66.976539, 9.503953 ], [ -66.975845, 9.504030 ], [ -66.975357, 9.503716 ], [ -66.974998, 9.503191 ], [ -66.974945, 9.502479 ], [ -66.974914, 9.501813 ], [ -66.974716, 9.501126 ], [ -66.974319, 9.500649 ], [ -66.973892, 9.500218 ], [ -66.973587, 9.499794 ], [ -66.972801, 9.498348 ], [ -66.972862, 9.497589 ], [ -66.973274, 9.497056 ], [ -66.973755, 9.496567 ], [ -66.974159, 9.496079 ], [ -66.974518, 9.495894 ], [ -66.975456, 9.495649 ], [ -66.976128, 9.495778 ], [ -66.976662, 9.496207 ], [ -66.977951, 9.496858 ], [ -66.978554, 9.496850 ], [ -66.978890, 9.496363 ], [ -66.979187, 9.495785 ], [ -66.979218, 9.495072 ], [ -66.979187, 9.494384 ], [ -66.979576, 9.493873 ], [ -66.980263, 9.493451 ], [ -66.980980, 9.493213 ], [ -66.981483, 9.492929 ], [ -66.981941, 9.492373 ], [ -66.982422, 9.491884 ], [ -66.982620, 9.491284 ], [ -66.982613, 9.490664 ], [ -66.982369, 9.490092 ], [ -66.981766, 9.489825 ], [ -66.981132, 9.489672 ], [ -66.980537, 9.489702 ], [ -66.979958, 9.489617 ], [ -66.979370, 9.489280 ], [ -66.979088, 9.488779 ], [ -66.979241, 9.488225 ], [ -66.979652, 9.487846 ], [ -66.979904, 9.487492 ], [ -66.980614, 9.486967 ], [ -66.980957, 9.486503 ], [ -66.981270, 9.485856 ], [ -66.981217, 9.485259 ], [ -66.980766, 9.484782 ], [ -66.980644, 9.484187 ], [ -66.980705, 9.483590 ], [ -66.981048, 9.483125 ], [ -66.981804, 9.482678 ], [ -66.982491, 9.482348 ], [ -66.983139, 9.481972 ], [ -66.983543, 9.481483 ], [ -66.983955, 9.480950 ], [ -66.984573, 9.480575 ], [ -66.985451, 9.480379 ], [ -66.986214, 9.480324 ], [ -66.987244, 9.480550 ], [ -66.987610, 9.480651 ], [ -66.988327, 9.480434 ], [ -66.988739, 9.480016 ], [ -66.988938, 9.479463 ], [ -66.988792, 9.478868 ], [ -66.988480, 9.478181 ], [ -66.988358, 9.477778 ], [ -66.988205, 9.476967 ], [ -66.987785, 9.476466 ], [ -66.987495, 9.475712 ], [ -66.987694, 9.475067 ], [ -66.988449, 9.474482 ], [ -66.989143, 9.474313 ], [ -66.989746, 9.474305 ], [ -66.990394, 9.474481 ], [ -66.990997, 9.474426 ], [ -66.991364, 9.473963 ], [ -66.991653, 9.473385 ], [ -66.991944, 9.472647 ], [ -66.992279, 9.471837 ], [ -66.992508, 9.471169 ], [ -66.992912, 9.470704 ], [ -66.993492, 9.470420 ], [ -66.994064, 9.470321 ], [ -66.994469, 9.470798 ], [ -66.994179, 9.471468 ], [ -66.993790, 9.472184 ], [ -66.993522, 9.472764 ], [ -66.993324, 9.473317 ], [ -66.993126, 9.473917 ], [ -66.993088, 9.474538 ], [ -66.993256, 9.475225 ], [ -66.993569, 9.475864 ], [ -66.993973, 9.476501 ], [ -66.994507, 9.476887 ], [ -66.995132, 9.476787 ], [ -66.995827, 9.476709 ], [ -66.996376, 9.476357 ], [ -66.996780, 9.475616 ], [ -66.997208, 9.475435 ], [ -66.997909, 9.475257 ], [ -66.997993, 9.474569 ], [ -66.997780, 9.473881 ], [ -66.997909, 9.473282 ], [ -66.998459, 9.472837 ], [ -66.999153, 9.472760 ], [ -67.000046, 9.472690 ], [ -67.000046, 9.469034 ], [ -67.000648, 9.468497 ], [ -67.000931, 9.467901 ], [ -67.001282, 9.467282 ], [ -67.001656, 9.466779 ], [ -67.001938, 9.466229 ], [ -67.002083, 9.465631 ], [ -67.002174, 9.465010 ], [ -67.002274, 9.464298 ], [ -67.002304, 9.463608 ], [ -67.002167, 9.462755 ], [ -67.001968, 9.461995 ], [ -67.001854, 9.461351 ], [ -67.001465, 9.460773 ], [ -67.000046, 9.459805 ], [ -66.999870, 9.458988 ], [ -66.999222, 9.458023 ], [ -66.998535, 9.456849 ], [ -66.998268, 9.454988 ], [ -66.998550, 9.452992 ], [ -66.999183, 9.451377 ], [ -66.999504, 9.451137 ], [ -67.000053, 9.451021 ], [ -67.000793, 9.451370 ], [ -67.001259, 9.450914 ], [ -67.001305, 9.450294 ], [ -67.001495, 9.449719 ], [ -67.001594, 9.449100 ], [ -67.001755, 9.448478 ], [ -67.001877, 9.447881 ], [ -67.002251, 9.447354 ], [ -67.002876, 9.447059 ], [ -67.003593, 9.447363 ], [ -67.004120, 9.447758 ], [ -67.005546, 9.449193 ], [ -67.006142, 9.449656 ], [ -67.006905, 9.450006 ], [ -67.007500, 9.450333 ], [ -67.008034, 9.450865 ], [ -67.008583, 9.451283 ], [ -67.009209, 9.451355 ], [ -67.009857, 9.451176 ], [ -67.010117, 9.450625 ], [ -67.010208, 9.449936 ], [ -67.010376, 9.449201 ], [ -67.010430, 9.448557 ], [ -67.010315, 9.447865 ], [ -67.009949, 9.447219 ], [ -67.009582, 9.446665 ], [ -67.009262, 9.446088 ], [ -67.008896, 9.445557 ], [ -67.008507, 9.445025 ], [ -67.008186, 9.444379 ], [ -67.008079, 9.443780 ], [ -67.008194, 9.443182 ], [ -67.008453, 9.442516 ], [ -67.008781, 9.441990 ], [ -67.009270, 9.441418 ], [ -67.009857, 9.441008 ], [ -67.010483, 9.440758 ], [ -67.011063, 9.440349 ], [ -67.011528, 9.439891 ], [ -67.012222, 9.439803 ], [ -67.012794, 9.440129 ], [ -67.013115, 9.440728 ], [ -67.013573, 9.441192 ], [ -67.014221, 9.441128 ], [ -67.014641, 9.440623 ], [ -67.014442, 9.439863 ], [ -67.014122, 9.439309 ], [ -67.013916, 9.438663 ], [ -67.013618, 9.438064 ], [ -67.013321, 9.437532 ], [ -67.012520, 9.436538 ], [ -67.012039, 9.436121 ], [ -67.011368, 9.435794 ], [ -67.010765, 9.435676 ], [ -67.010048, 9.435879 ], [ -67.009468, 9.436059 ], [ -67.008751, 9.436215 ], [ -67.008102, 9.436373 ], [ -67.007507, 9.436437 ], [ -67.007599, 9.435656 ], [ -67.008064, 9.435245 ], [ -67.008461, 9.434672 ], [ -67.008743, 9.434007 ], [ -67.009071, 9.433434 ], [ -67.009079, 9.432813 ], [ -67.008965, 9.432144 ], [ -67.008835, 9.431454 ], [ -67.008789, 9.430832 ], [ -67.008865, 9.430234 ], [ -67.009445, 9.429824 ], [ -67.010162, 9.429575 ], [ -67.010765, 9.429302 ], [ -67.011413, 9.429030 ], [ -67.012085, 9.428668 ], [ -67.012459, 9.427957 ], [ -67.012237, 9.427357 ], [ -67.012055, 9.426758 ], [ -67.012451, 9.426230 ], [ -67.012962, 9.425889 ], [ -67.013588, 9.425710 ], [ -67.014145, 9.425437 ], [ -67.014450, 9.424771 ], [ -67.014404, 9.424035 ], [ -67.014015, 9.423296 ], [ -67.013702, 9.422788 ], [ -67.013031, 9.422669 ], [ -67.012451, 9.422895 ], [ -67.011871, 9.423076 ], [ -67.011246, 9.423163 ], [ -67.010574, 9.423114 ], [ -67.010117, 9.422673 ], [ -67.009842, 9.422097 ], [ -67.009918, 9.421499 ], [ -67.010406, 9.420950 ], [ -67.010780, 9.420469 ], [ -67.011177, 9.419920 ], [ -67.011391, 9.419322 ], [ -67.011322, 9.418609 ], [ -67.011025, 9.417986 ], [ -67.010567, 9.417385 ], [ -67.010132, 9.416945 ], [ -67.009537, 9.416550 ], [ -67.008957, 9.416339 ], [ -67.008171, 9.416427 ], [ -67.006157, 9.416897 ], [ -67.005508, 9.416915 ], [ -67.005142, 9.416407 ], [ -67.005127, 9.415740 ], [ -67.005150, 9.415119 ], [ -67.004967, 9.414473 ], [ -67.004394, 9.414193 ], [ -67.003746, 9.414328 ], [ -67.003349, 9.414831 ], [ -67.003296, 9.415452 ], [ -67.003410, 9.416143 ], [ -67.002899, 9.416553 ], [ -67.002228, 9.416572 ], [ -67.000023, 9.416404 ], [ -66.995659, 9.413845 ], [ -66.980690, 9.439359 ], [ -66.890709, 9.341543 ], [ -66.857315, 9.342192 ], [ -66.848770, 9.348732 ], [ -66.848877, 9.348179 ], [ -66.848358, 9.347588 ], [ -66.847702, 9.347159 ], [ -66.847054, 9.346869 ], [ -66.845795, 9.346379 ], [ -66.845032, 9.346113 ], [ -66.844429, 9.345983 ], [ -66.843727, 9.345900 ], [ -66.843010, 9.345908 ], [ -66.842407, 9.345869 ], [ -66.841599, 9.345742 ], [ -66.840233, 9.345552 ], [ -66.839508, 9.345355 ], [ -66.838768, 9.345318 ], [ -66.838096, 9.345165 ], [ -66.837486, 9.344897 ], [ -66.836861, 9.344699 ], [ -66.836281, 9.344407 ], [ -66.835739, 9.344001 ], [ -66.835274, 9.343523 ], [ -66.834824, 9.343023 ], [ -66.834442, 9.342477 ], [ -66.834068, 9.341838 ], [ -66.833824, 9.341198 ], [ -66.833626, 9.339983 ], [ -66.833473, 9.339272 ], [ -66.833283, 9.338563 ], [ -66.833122, 9.337233 ], [ -66.832458, 9.336000 ], [ -66.831932, 9.334835 ], [ -66.831482, 9.334127 ], [ -66.831200, 9.333586 ], [ -66.830780, 9.332999 ], [ -66.830498, 9.332498 ], [ -66.829918, 9.331358 ], [ -66.829590, 9.330765 ], [ -66.829254, 9.330288 ], [ -66.828735, 9.329584 ], [ -66.828217, 9.329016 ], [ -66.826546, 9.327411 ], [ -66.825981, 9.326938 ], [ -66.825302, 9.326398 ], [ -66.824554, 9.325834 ], [ -66.823807, 9.325317 ], [ -66.823311, 9.325003 ], [ -66.822823, 9.324712 ], [ -66.822288, 9.324468 ], [ -66.821007, 9.323959 ], [ -66.820473, 9.323761 ], [ -66.819931, 9.323586 ], [ -66.819306, 9.323411 ], [ -66.818054, 9.323110 ], [ -66.817520, 9.322958 ], [ -66.816963, 9.322782 ], [ -66.816376, 9.322584 ], [ -66.815865, 9.322317 ], [ -66.815376, 9.321980 ], [ -66.815086, 9.321456 ], [ -66.814987, 9.320837 ], [ -66.815018, 9.320285 ], [ -66.814896, 9.319736 ], [ -66.814568, 9.319234 ], [ -66.814071, 9.318806 ], [ -66.812973, 9.318110 ], [ -66.811874, 9.317301 ], [ -66.811356, 9.316940 ], [ -66.810654, 9.316539 ], [ -66.809883, 9.316182 ], [ -66.809303, 9.315962 ], [ -66.808022, 9.315454 ], [ -66.807487, 9.315186 ], [ -66.806740, 9.314899 ], [ -66.805367, 9.314254 ], [ -66.804504, 9.313877 ], [ -66.803665, 9.313477 ], [ -66.802826, 9.313100 ], [ -66.802078, 9.312743 ], [ -66.800560, 9.311962 ], [ -66.800049, 9.311672 ], [ -66.798508, 9.310846 ], [ -66.797897, 9.310533 ], [ -66.797386, 9.310311 ], [ -66.796875, 9.310067 ], [ -66.796242, 9.309732 ], [ -66.795708, 9.309420 ], [ -66.794846, 9.309134 ], [ -66.794174, 9.308961 ], [ -66.792168, 9.308164 ], [ -66.791611, 9.307920 ], [ -66.790932, 9.307587 ], [ -66.790283, 9.307298 ], [ -66.789719, 9.306985 ], [ -66.788483, 9.306337 ], [ -66.787178, 9.305600 ], [ -66.786453, 9.305128 ], [ -66.785843, 9.304771 ], [ -66.785378, 9.304457 ], [ -66.784813, 9.304120 ], [ -66.784042, 9.303719 ], [ -66.781784, 9.302582 ], [ -66.780105, 9.301781 ], [ -66.779610, 9.301513 ], [ -66.779007, 9.301247 ], [ -66.777679, 9.300785 ], [ -66.776382, 9.300529 ], [ -66.775596, 9.300473 ], [ -66.774895, 9.300323 ], [ -66.774223, 9.300241 ], [ -66.772667, 9.299921 ], [ -66.772041, 9.299816 ], [ -66.770653, 9.299746 ], [ -66.770073, 9.299755 ], [ -66.769356, 9.299812 ], [ -66.768738, 9.299937 ], [ -66.768097, 9.300200 ], [ -66.767426, 9.300601 ], [ -66.766922, 9.300930 ], [ -66.766350, 9.301285 ], [ -66.765846, 9.301660 ], [ -66.765465, 9.302103 ], [ -66.764649, 9.302943 ], [ -66.764168, 9.303319 ], [ -66.763565, 9.303580 ], [ -66.762970, 9.303705 ], [ -66.762367, 9.303715 ], [ -66.761024, 9.303553 ], [ -66.760467, 9.303446 ], [ -66.759911, 9.303294 ], [ -66.759163, 9.303190 ], [ -66.758514, 9.303085 ], [ -66.757935, 9.303117 ], [ -66.757439, 9.303446 ], [ -66.757072, 9.303866 ], [ -66.756684, 9.304286 ], [ -66.756371, 9.304750 ], [ -66.756104, 9.305284 ], [ -66.755852, 9.305862 ], [ -66.755516, 9.306326 ], [ -66.755150, 9.306746 ], [ -66.754555, 9.306871 ], [ -66.753883, 9.306744 ], [ -66.753273, 9.306455 ], [ -66.752571, 9.306075 ], [ -66.752083, 9.305783 ], [ -66.751007, 9.304881 ], [ -66.750397, 9.304431 ], [ -66.749390, 9.303573 ], [ -66.748848, 9.303030 ], [ -66.748467, 9.302508 ], [ -66.747848, 9.301391 ], [ -66.747513, 9.300706 ], [ -66.747086, 9.300023 ], [ -66.746727, 9.299546 ], [ -66.746307, 9.299025 ], [ -66.745903, 9.298594 ], [ -66.744987, 9.297574 ], [ -66.744469, 9.297123 ], [ -66.743508, 9.296356 ], [ -66.743065, 9.295973 ], [ -66.742569, 9.295566 ], [ -66.742050, 9.295160 ], [ -66.741165, 9.294439 ], [ -66.740669, 9.293963 ], [ -66.740227, 9.293604 ], [ -66.739731, 9.293221 ], [ -66.738518, 9.292436 ], [ -66.737862, 9.292031 ], [ -66.737251, 9.291627 ], [ -66.736694, 9.291315 ], [ -66.736130, 9.290909 ], [ -66.735542, 9.290504 ], [ -66.734863, 9.289941 ], [ -66.734161, 9.289400 ], [ -66.733528, 9.288812 ], [ -66.733109, 9.288405 ], [ -66.732612, 9.287838 ], [ -66.732162, 9.287409 ], [ -66.731644, 9.286865 ], [ -66.731270, 9.286411 ], [ -66.730751, 9.285822 ], [ -66.730301, 9.285392 ], [ -66.729362, 9.284395 ], [ -66.728981, 9.283780 ], [ -66.728722, 9.283279 ], [ -66.728409, 9.282641 ], [ -66.727692, 9.281272 ], [ -66.727356, 9.280611 ], [ -66.727089, 9.279880 ], [ -66.726517, 9.278579 ], [ -66.726250, 9.278077 ], [ -66.725823, 9.277395 ], [ -66.725395, 9.276850 ], [ -66.724502, 9.275806 ], [ -66.724129, 9.275398 ], [ -66.723656, 9.274970 ], [ -66.723022, 9.274473 ], [ -66.722557, 9.274136 ], [ -66.721550, 9.273485 ], [ -66.720993, 9.273172 ], [ -66.720337, 9.272722 ], [ -66.719727, 9.272249 ], [ -66.719276, 9.271865 ], [ -66.718269, 9.270939 ], [ -66.717819, 9.270463 ], [ -66.717346, 9.269828 ], [ -66.716927, 9.269328 ], [ -66.716522, 9.268828 ], [ -66.716118, 9.268283 ], [ -66.715813, 9.267805 ], [ -66.715370, 9.267467 ], [ -66.714828, 9.267039 ], [ -66.714363, 9.266703 ], [ -66.713844, 9.266250 ], [ -66.713493, 9.265819 ], [ -66.713226, 9.265203 ], [ -66.712738, 9.263854 ], [ -66.712501, 9.263329 ], [ -66.712097, 9.262577 ], [ -66.711784, 9.262053 ], [ -66.711334, 9.261416 ], [ -66.710892, 9.260941 ], [ -66.710510, 9.260510 ], [ -66.709992, 9.259875 ], [ -66.709495, 9.259216 ], [ -66.709122, 9.258739 ], [ -66.708694, 9.258240 ], [ -66.708221, 9.257765 ], [ -66.707634, 9.257292 ], [ -66.707054, 9.256841 ], [ -66.706398, 9.256413 ], [ -66.705719, 9.256057 ], [ -66.705162, 9.255744 ], [ -66.704552, 9.255362 ], [ -66.703079, 9.254374 ], [ -66.702568, 9.253992 ], [ -66.702003, 9.253655 ], [ -66.701515, 9.253341 ], [ -66.701035, 9.253123 ], [ -66.700401, 9.253266 ], [ -66.699898, 9.253619 ], [ -66.699394, 9.253880 ], [ -66.698814, 9.254003 ], [ -66.697571, 9.254207 ], [ -66.696976, 9.254331 ], [ -66.696396, 9.254409 ], [ -66.695793, 9.254418 ], [ -66.695122, 9.254407 ], [ -66.694473, 9.254347 ], [ -66.693871, 9.254334 ], [ -66.692795, 9.254878 ], [ -66.692268, 9.255232 ], [ -66.691810, 9.255561 ], [ -66.691422, 9.255981 ], [ -66.690994, 9.256400 ], [ -66.690460, 9.256570 ], [ -66.689949, 9.256348 ], [ -66.688858, 9.255998 ], [ -66.688469, 9.256393 ], [ -66.688576, 9.256944 ], [ -66.688812, 9.257538 ], [ -66.689011, 9.258086 ], [ -66.688995, 9.258707 ], [ -66.688751, 9.259377 ], [ -66.688294, 9.259936 ], [ -66.687798, 9.260472 ], [ -66.687225, 9.260964 ], [ -66.686729, 9.261524 ], [ -66.686363, 9.261965 ], [ -66.685905, 9.262479 ], [ -66.685547, 9.262868 ], [ -66.684616, 9.264014 ], [ -66.684158, 9.264482 ], [ -66.683723, 9.264833 ], [ -66.683113, 9.265303 ], [ -66.682579, 9.265587 ], [ -66.681480, 9.266041 ], [ -66.680954, 9.266302 ], [ -66.680634, 9.266766 ], [ -66.680717, 9.267363 ], [ -66.681000, 9.267863 ], [ -66.681244, 9.268389 ], [ -66.681274, 9.268963 ], [ -66.681076, 9.269518 ], [ -66.680618, 9.270053 ], [ -66.680000, 9.270224 ], [ -66.679375, 9.270233 ], [ -66.678726, 9.270311 ], [ -66.678200, 9.270619 ], [ -66.678368, 9.271145 ], [ -66.678543, 9.271740 ], [ -66.678642, 9.272336 ], [ -66.678604, 9.272912 ], [ -66.678482, 9.273580 ], [ -66.678093, 9.274022 ], [ -66.677544, 9.274306 ], [ -66.677132, 9.274727 ], [ -66.676956, 9.275257 ], [ -66.677284, 9.275711 ], [ -66.677734, 9.276050 ], [ -66.678108, 9.276526 ], [ -66.678078, 9.277171 ], [ -66.677917, 9.277702 ], [ -66.677742, 9.278234 ], [ -66.677292, 9.278861 ], [ -66.676857, 9.279213 ], [ -66.676262, 9.279521 ], [ -66.675713, 9.279736 ], [ -66.674026, 9.280245 ], [ -66.673409, 9.280461 ], [ -66.672096, 9.280802 ], [ -66.671455, 9.281019 ], [ -66.670784, 9.281282 ], [ -66.670280, 9.281543 ], [ -66.669754, 9.281897 ], [ -66.669273, 9.282203 ], [ -66.668770, 9.282509 ], [ -66.668480, 9.283019 ], [ -66.668579, 9.283592 ], [ -66.668655, 9.284165 ], [ -66.668541, 9.285315 ], [ -66.668335, 9.285848 ], [ -66.667809, 9.286109 ], [ -66.667351, 9.286461 ], [ -66.666992, 9.286973 ], [ -66.666466, 9.287325 ], [ -66.665916, 9.287562 ], [ -66.665382, 9.287733 ], [ -66.664948, 9.288130 ], [ -66.664497, 9.288482 ], [ -66.663887, 9.288376 ], [ -66.663376, 9.288062 ], [ -66.662750, 9.287772 ], [ -66.662216, 9.287620 ], [ -66.661614, 9.287790 ], [ -66.661392, 9.288300 ], [ -66.661308, 9.288852 ], [ -66.661201, 9.289429 ], [ -66.660980, 9.289961 ], [ -66.660454, 9.290198 ], [ -66.659943, 9.290483 ], [ -66.660278, 9.290936 ], [ -66.660446, 9.291463 ], [ -66.660454, 9.292037 ], [ -66.660049, 9.292503 ], [ -66.658638, 9.292571 ], [ -66.657829, 9.292538 ], [ -66.656349, 9.292561 ], [ -66.655769, 9.292477 ], [ -66.655167, 9.292486 ], [ -66.654617, 9.292771 ], [ -66.654183, 9.293191 ], [ -66.653435, 9.294283 ], [ -66.653191, 9.294816 ], [ -66.652969, 9.295370 ], [ -66.652771, 9.295925 ], [ -66.652596, 9.296502 ], [ -66.652420, 9.297033 ], [ -66.651909, 9.298329 ], [ -66.651642, 9.299068 ], [ -66.651398, 9.299669 ], [ -66.651177, 9.300270 ], [ -66.650955, 9.300917 ], [ -66.650627, 9.302116 ], [ -66.650429, 9.302649 ], [ -66.649910, 9.303852 ], [ -66.649734, 9.304429 ], [ -66.649513, 9.304938 ], [ -66.649269, 9.305402 ], [ -66.649002, 9.305935 ], [ -66.648636, 9.306354 ], [ -66.648132, 9.306683 ], [ -66.647652, 9.307013 ], [ -66.647171, 9.307387 ], [ -66.646668, 9.307649 ], [ -66.646088, 9.307633 ], [ -66.645508, 9.307436 ], [ -66.644928, 9.307399 ], [ -66.644539, 9.307796 ], [ -66.644364, 9.308328 ], [ -66.644325, 9.308903 ], [ -66.644455, 9.309475 ], [ -66.644821, 9.310618 ], [ -66.644943, 9.311214 ], [ -66.645103, 9.312384 ], [ -66.645271, 9.312933 ], [ -66.645325, 9.313529 ], [ -66.645340, 9.314127 ], [ -66.645302, 9.314702 ], [ -66.645195, 9.315255 ], [ -66.645065, 9.315808 ], [ -66.644745, 9.316319 ], [ -66.644173, 9.316466 ], [ -66.643593, 9.316475 ], [ -66.643013, 9.316368 ], [ -66.642502, 9.316055 ], [ -66.641945, 9.316248 ], [ -66.641792, 9.316778 ], [ -66.642754, 9.317406 ], [ -66.643196, 9.317814 ], [ -66.643509, 9.318292 ], [ -66.643585, 9.318842 ], [ -66.643410, 9.319442 ], [ -66.642998, 9.319817 ], [ -66.642471, 9.320008 ], [ -66.641914, 9.320062 ], [ -66.641495, 9.319633 ], [ -66.641228, 9.319131 ], [ -66.640968, 9.318560 ], [ -66.640679, 9.318036 ], [ -66.640305, 9.317582 ], [ -66.639809, 9.317246 ], [ -66.639282, 9.317437 ], [ -66.638825, 9.317766 ], [ -66.638534, 9.318276 ], [ -66.638588, 9.318850 ], [ -66.638756, 9.319376 ], [ -66.638954, 9.319901 ], [ -66.639191, 9.320449 ], [ -66.639275, 9.321092 ], [ -66.639305, 9.321780 ], [ -66.639267, 9.322402 ], [ -66.638863, 9.322776 ], [ -66.638451, 9.323173 ], [ -66.638084, 9.323661 ], [ -66.637772, 9.324171 ], [ -66.638008, 9.324673 ], [ -66.638390, 9.325081 ], [ -66.638786, 9.325466 ], [ -66.639427, 9.326445 ], [ -66.639709, 9.326922 ], [ -66.639885, 9.327448 ], [ -66.639870, 9.328046 ], [ -66.639603, 9.328555 ], [ -66.639091, 9.328793 ], [ -66.638534, 9.328641 ], [ -66.638206, 9.328141 ], [ -66.637962, 9.327523 ], [ -66.637703, 9.327023 ], [ -66.637146, 9.326984 ], [ -66.636665, 9.327406 ], [ -66.636398, 9.327962 ], [ -66.636177, 9.328493 ], [ -66.635956, 9.329117 ], [ -66.635727, 9.329650 ], [ -66.635277, 9.329977 ], [ -66.634720, 9.330055 ], [ -66.634117, 9.330226 ], [ -66.633637, 9.330578 ], [ -66.633492, 9.331269 ], [ -66.633499, 9.331913 ], [ -66.634048, 9.332938 ], [ -66.634140, 9.333271 ], [ -66.633759, 9.334280 ], [ -66.633743, 9.334856 ], [ -66.633286, 9.335389 ], [ -66.632851, 9.335854 ], [ -66.632767, 9.336521 ], [ -66.633209, 9.336929 ], [ -66.633789, 9.336899 ], [ -66.634506, 9.336844 ], [ -66.635223, 9.336928 ], [ -66.635948, 9.337172 ], [ -66.636436, 9.337648 ], [ -66.636795, 9.338333 ], [ -66.636803, 9.339000 ], [ -66.636719, 9.339712 ], [ -66.636566, 9.340311 ], [ -66.636177, 9.340867 ], [ -66.635582, 9.340989 ], [ -66.635025, 9.340766 ], [ -66.634598, 9.340266 ], [ -66.634064, 9.339859 ], [ -66.633568, 9.339451 ], [ -66.632988, 9.339343 ], [ -66.632294, 9.339419 ], [ -66.631691, 9.339313 ], [ -66.631088, 9.339251 ], [ -66.630516, 9.339441 ], [ -66.630127, 9.339883 ], [ -66.629837, 9.340529 ], [ -66.629845, 9.341265 ], [ -66.629990, 9.341952 ], [ -66.629768, 9.342598 ], [ -66.629501, 9.343428 ], [ -66.629555, 9.344093 ], [ -66.630096, 9.344501 ], [ -66.631416, 9.344577 ], [ -66.632134, 9.344637 ], [ -66.632713, 9.344998 ], [ -66.633118, 9.345498 ], [ -66.633240, 9.346118 ], [ -66.632767, 9.346858 ], [ -66.632187, 9.347095 ], [ -66.631539, 9.347055 ], [ -66.630959, 9.346971 ], [ -66.630150, 9.347004 ], [ -66.629593, 9.347172 ], [ -66.629089, 9.347568 ], [ -66.628731, 9.348215 ], [ -66.628364, 9.348816 ], [ -66.627869, 9.349535 ], [ -66.626793, 9.350718 ], [ -66.626381, 9.351160 ], [ -66.625931, 9.351603 ], [ -66.625305, 9.352023 ], [ -66.624596, 9.352353 ], [ -66.623993, 9.352498 ], [ -66.623238, 9.352759 ], [ -66.622490, 9.352791 ], [ -66.621681, 9.352570 ], [ -66.620934, 9.352235 ], [ -66.620354, 9.352082 ], [ -66.619408, 9.352024 ], [ -66.618645, 9.352125 ], [ -66.617905, 9.352455 ], [ -66.617310, 9.353013 ], [ -66.617088, 9.353590 ], [ -66.617004, 9.354234 ], [ -66.617241, 9.354920 ], [ -66.617508, 9.355560 ], [ -66.617859, 9.356177 ], [ -66.618172, 9.356794 ], [ -66.618225, 9.357597 ], [ -66.617889, 9.358267 ], [ -66.617340, 9.358778 ], [ -66.616806, 9.358509 ], [ -66.616493, 9.357985 ], [ -66.616211, 9.357459 ], [ -66.615677, 9.357076 ], [ -66.615051, 9.357312 ], [ -66.614479, 9.357732 ], [ -66.613953, 9.358314 ], [ -66.613571, 9.358846 ], [ -66.613159, 9.359333 ], [ -66.612747, 9.359889 ], [ -66.611427, 9.361628 ], [ -66.611015, 9.362069 ], [ -66.610306, 9.362629 ], [ -66.609680, 9.362751 ], [ -66.609283, 9.362227 ], [ -66.609299, 9.361515 ], [ -66.609337, 9.360826 ], [ -66.609321, 9.360090 ], [ -66.609100, 9.358785 ], [ -66.609024, 9.358188 ], [ -66.608460, 9.357506 ], [ -66.607765, 9.357628 ], [ -66.607147, 9.358071 ], [ -66.606621, 9.358515 ], [ -66.606209, 9.359208 ], [ -66.605988, 9.359878 ], [ -66.605949, 9.360589 ], [ -66.606056, 9.361324 ], [ -66.606339, 9.362010 ], [ -66.606697, 9.362533 ], [ -66.606934, 9.363152 ], [ -66.607079, 9.363724 ], [ -66.607231, 9.364550 ], [ -66.607216, 9.365330 ], [ -66.607017, 9.366044 ], [ -66.606750, 9.366575 ], [ -66.606453, 9.367085 ], [ -66.605682, 9.368264 ], [ -66.605225, 9.368707 ], [ -66.604561, 9.369289 ], [ -66.604103, 9.369638 ], [ -66.602791, 9.370321 ], [ -66.602219, 9.370649 ], [ -66.601761, 9.371044 ], [ -66.601349, 9.371532 ], [ -66.601051, 9.372065 ], [ -66.600784, 9.372664 ], [ -66.600586, 9.373309 ], [ -66.600433, 9.374070 ], [ -66.600502, 9.375608 ], [ -66.600395, 9.376413 ], [ -66.600006, 9.377084 ], [ -66.599342, 9.377551 ], [ -66.598633, 9.377927 ], [ -66.598129, 9.378278 ], [ -66.597466, 9.378881 ], [ -66.597145, 9.379416 ], [ -66.596993, 9.380129 ], [ -66.594154, 9.380987 ], [ -66.593529, 9.380764 ], [ -66.592949, 9.380771 ], [ -66.592377, 9.381077 ], [ -66.592125, 9.381608 ], [ -66.592270, 9.382203 ], [ -66.592629, 9.382727 ], [ -66.593025, 9.383228 ], [ -66.593567, 9.383704 ], [ -66.594009, 9.384227 ], [ -66.594345, 9.384728 ], [ -66.594604, 9.385484 ], [ -66.594101, 9.385903 ], [ -66.593529, 9.386048 ], [ -66.592949, 9.386054 ], [ -66.592278, 9.386040 ], [ -66.591721, 9.386207 ], [ -66.591171, 9.386512 ], [ -66.590881, 9.387020 ], [ -66.591232, 9.387568 ], [ -66.591629, 9.388068 ], [ -66.592171, 9.388636 ], [ -66.592682, 9.388906 ], [ -66.593178, 9.389359 ], [ -66.593391, 9.389932 ], [ -66.593490, 9.390596 ], [ -66.593338, 9.391218 ], [ -66.593048, 9.391933 ], [ -66.592590, 9.392559 ], [ -66.592110, 9.392887 ], [ -66.591621, 9.392502 ], [ -66.591660, 9.391904 ], [ -66.591347, 9.391195 ], [ -66.590904, 9.390741 ], [ -66.590248, 9.390543 ], [ -66.589630, 9.390573 ], [ -66.589096, 9.390855 ], [ -66.588638, 9.391296 ], [ -66.588303, 9.391989 ], [ -66.588264, 9.392632 ], [ -66.588295, 9.393275 ], [ -66.588417, 9.393894 ], [ -66.588570, 9.394513 ], [ -66.588829, 9.395107 ], [ -66.589088, 9.395656 ], [ -66.589264, 9.396297 ], [ -66.589203, 9.396894 ], [ -66.589043, 9.397611 ], [ -66.589012, 9.398277 ], [ -66.589111, 9.398918 ], [ -66.588890, 9.399541 ], [ -66.588348, 9.400927 ], [ -66.587776, 9.401117 ], [ -66.587166, 9.400780 ], [ -66.586784, 9.400209 ], [ -66.586433, 9.399547 ], [ -66.585686, 9.399235 ], [ -66.585182, 9.399538 ], [ -66.584793, 9.400026 ], [ -66.584435, 9.400604 ], [ -66.584213, 9.401297 ], [ -66.584099, 9.401895 ], [ -66.583900, 9.402540 ], [ -66.583748, 9.403093 ], [ -66.583519, 9.403625 ], [ -66.583092, 9.404136 ], [ -66.582543, 9.404600 ], [ -66.582031, 9.404974 ], [ -66.581436, 9.405326 ], [ -66.580795, 9.405792 ], [ -66.580429, 9.406347 ], [ -66.580208, 9.407063 ], [ -66.580338, 9.407774 ], [ -66.580803, 9.408250 ], [ -66.581253, 9.408772 ], [ -66.581810, 9.409272 ], [ -66.582390, 9.409333 ], [ -66.582771, 9.409836 ], [ -66.583145, 9.410382 ], [ -66.583794, 9.410191 ], [ -66.583992, 9.409614 ], [ -66.584618, 9.409744 ], [ -66.585022, 9.410222 ], [ -66.584572, 9.411537 ], [ -66.584625, 9.412156 ], [ -66.584747, 9.412729 ], [ -66.584808, 9.413348 ], [ -66.584717, 9.413970 ], [ -66.584587, 9.414569 ], [ -66.584175, 9.415010 ], [ -66.583671, 9.415360 ], [ -66.583076, 9.415505 ], [ -66.582497, 9.415535 ], [ -66.581848, 9.415381 ], [ -66.581268, 9.415388 ], [ -66.580711, 9.415556 ], [ -66.580208, 9.415929 ], [ -66.579841, 9.416485 ], [ -66.579460, 9.417155 ], [ -66.579239, 9.417755 ], [ -66.578697, 9.419025 ], [ -66.578239, 9.419374 ], [ -66.577545, 9.419704 ], [ -66.576561, 9.420543 ], [ -66.576126, 9.421030 ], [ -66.575355, 9.422211 ], [ -66.574997, 9.422743 ], [ -66.574814, 9.423320 ], [ -66.574730, 9.423986 ], [ -66.574928, 9.424650 ], [ -66.575325, 9.425198 ], [ -66.575058, 9.425752 ], [ -66.574509, 9.426148 ], [ -66.574097, 9.426637 ], [ -66.573708, 9.427215 ], [ -66.573395, 9.427815 ], [ -66.573028, 9.428371 ], [ -66.572922, 9.429108 ], [ -66.573250, 9.429608 ], [ -66.573769, 9.430062 ], [ -66.574120, 9.430540 ], [ -66.574409, 9.431157 ], [ -66.574829, 9.431612 ], [ -66.575371, 9.432111 ], [ -66.575859, 9.432656 ], [ -66.576103, 9.433250 ], [ -66.575691, 9.433669 ], [ -66.575165, 9.433996 ], [ -66.574707, 9.434415 ], [ -66.574295, 9.434994 ], [ -66.573837, 9.435666 ], [ -66.573639, 9.436220 ], [ -66.573715, 9.436885 ], [ -66.573860, 9.437457 ], [ -66.574265, 9.438027 ], [ -66.574593, 9.438528 ], [ -66.574974, 9.439006 ], [ -66.575165, 9.439601 ], [ -66.574844, 9.440156 ], [ -66.574272, 9.440393 ], [ -66.573578, 9.440355 ], [ -66.572929, 9.440202 ], [ -66.572205, 9.440095 ], [ -66.571602, 9.439941 ], [ -66.570305, 9.439520 ], [ -66.569626, 9.439229 ], [ -66.568909, 9.438985 ], [ -66.568230, 9.438786 ], [ -66.567627, 9.438769 ], [ -66.567055, 9.439098 ], [ -66.566597, 9.439448 ], [ -66.566093, 9.439798 ], [ -66.565704, 9.440263 ], [ -66.565826, 9.440928 ], [ -66.566208, 9.441451 ], [ -66.566788, 9.441789 ], [ -66.567459, 9.442034 ], [ -66.568069, 9.442302 ], [ -66.568672, 9.442456 ], [ -66.569992, 9.442348 ], [ -66.570641, 9.442456 ], [ -66.571335, 9.442494 ], [ -66.571983, 9.442417 ], [ -66.572586, 9.442640 ], [ -66.573082, 9.443026 ], [ -66.573547, 9.443525 ], [ -66.573830, 9.444096 ], [ -66.574097, 9.444691 ], [ -66.574013, 9.445380 ], [ -66.573860, 9.446024 ], [ -66.573608, 9.446579 ], [ -66.573288, 9.447065 ], [ -66.572731, 9.446773 ], [ -66.572769, 9.445923 ], [ -66.572716, 9.445350 ], [ -66.572586, 9.444662 ], [ -66.572418, 9.444112 ], [ -66.571861, 9.443958 ], [ -66.571594, 9.444535 ], [ -66.571213, 9.445849 ], [ -66.570801, 9.446267 ], [ -66.570351, 9.446709 ], [ -66.569962, 9.447265 ], [ -66.569504, 9.447729 ], [ -66.569534, 9.448372 ], [ -66.569908, 9.448828 ], [ -66.570404, 9.449258 ], [ -66.570641, 9.449829 ], [ -66.570534, 9.450452 ], [ -66.570030, 9.450755 ], [ -66.569450, 9.450923 ], [ -66.568855, 9.451137 ], [ -66.568046, 9.451400 ], [ -66.567398, 9.451705 ], [ -66.566826, 9.452102 ], [ -66.566460, 9.452588 ], [ -66.566101, 9.453121 ], [ -66.565804, 9.453699 ], [ -66.565513, 9.454207 ], [ -66.565453, 9.454874 ], [ -66.565483, 9.455586 ], [ -66.565331, 9.456208 ], [ -66.564987, 9.456809 ], [ -66.564483, 9.457229 ], [ -66.564072, 9.457716 ], [ -66.563873, 9.458338 ], [ -66.563858, 9.458982 ], [ -66.564125, 9.459553 ], [ -66.564613, 9.460006 ], [ -66.564987, 9.460553 ], [ -66.565254, 9.461124 ], [ -66.565491, 9.461696 ], [ -66.565704, 9.462245 ], [ -66.565971, 9.462839 ], [ -66.566139, 9.463434 ], [ -66.566078, 9.464032 ], [ -66.565826, 9.464563 ], [ -66.565513, 9.465073 ], [ -66.565170, 9.465536 ], [ -66.564575, 9.466185 ], [ -66.563980, 9.466721 ], [ -66.563545, 9.467162 ], [ -66.563156, 9.467603 ], [ -66.562752, 9.468137 ], [ -66.562340, 9.468853 ], [ -66.562073, 9.469454 ], [ -66.561646, 9.470630 ], [ -66.561287, 9.471231 ], [ -66.560921, 9.471902 ], [ -66.560791, 9.472478 ], [ -66.560410, 9.473240 ], [ -66.560066, 9.473818 ], [ -66.559799, 9.474373 ], [ -66.559502, 9.475018 ], [ -66.559486, 9.475616 ], [ -66.559677, 9.476234 ], [ -66.560196, 9.476549 ], [ -66.560745, 9.476246 ], [ -66.561272, 9.475711 ], [ -66.561661, 9.475246 ], [ -66.562347, 9.474849 ], [ -66.562927, 9.475094 ], [ -66.563149, 9.475736 ], [ -66.563248, 9.476331 ], [ -66.563049, 9.477068 ], [ -66.562683, 9.477669 ], [ -66.562485, 9.478337 ], [ -66.562401, 9.478913 ], [ -66.562271, 9.479650 ], [ -66.562164, 9.480340 ], [ -66.561905, 9.481698 ], [ -66.561562, 9.482322 ], [ -66.561134, 9.482833 ], [ -66.560486, 9.483092 ], [ -66.559303, 9.483152 ], [ -66.558754, 9.483389 ], [ -66.558342, 9.483807 ], [ -66.557884, 9.484364 ], [ -66.557548, 9.484987 ], [ -66.557159, 9.485566 ], [ -66.556755, 9.486260 ], [ -66.556435, 9.486930 ], [ -66.556084, 9.488151 ], [ -66.555908, 9.488957 ], [ -66.555756, 9.489832 ], [ -66.555603, 9.490591 ], [ -66.555588, 9.491188 ], [ -66.555679, 9.492658 ], [ -66.555687, 9.493393 ], [ -66.555741, 9.494127 ], [ -66.555870, 9.495504 ], [ -66.555878, 9.496078 ], [ -66.555816, 9.496721 ], [ -66.555855, 9.497387 ], [ -66.555816, 9.498055 ], [ -66.555801, 9.498674 ], [ -66.555855, 9.499454 ], [ -66.556290, 9.500874 ], [ -66.556618, 9.501422 ], [ -66.557068, 9.501922 ], [ -66.558167, 9.502667 ], [ -66.558822, 9.503188 ], [ -66.559402, 9.503594 ], [ -66.559990, 9.503818 ], [ -66.560547, 9.503994 ], [ -66.561051, 9.503552 ], [ -66.560623, 9.503052 ], [ -66.560226, 9.502528 ], [ -66.559654, 9.501431 ], [ -66.559486, 9.500676 ], [ -66.559685, 9.500054 ], [ -66.560211, 9.499726 ], [ -66.560905, 9.499878 ], [ -66.561516, 9.500032 ], [ -66.562050, 9.500279 ], [ -66.562584, 9.500618 ], [ -66.563126, 9.501002 ], [ -66.563660, 9.501455 ], [ -66.564064, 9.501956 ], [ -66.564415, 9.502548 ], [ -66.564743, 9.503027 ], [ -66.565125, 9.503506 ], [ -66.565407, 9.504168 ], [ -66.565346, 9.504743 ], [ -66.565170, 9.505319 ], [ -66.564873, 9.505942 ], [ -66.564720, 9.506634 ], [ -66.564590, 9.507278 ], [ -66.564896, 9.507781 ], [ -66.565476, 9.507406 ], [ -66.566048, 9.506941 ], [ -66.566574, 9.506543 ], [ -66.567177, 9.506353 ], [ -66.567688, 9.506646 ], [ -66.567924, 9.507263 ], [ -66.568077, 9.507974 ], [ -66.568337, 9.508545 ], [ -66.568710, 9.509046 ], [ -66.569534, 9.510001 ], [ -66.569984, 9.510478 ], [ -66.570587, 9.510999 ], [ -66.571060, 9.511362 ], [ -66.571480, 9.511770 ], [ -66.571876, 9.512202 ], [ -66.572304, 9.512794 ], [ -66.573082, 9.513842 ], [ -66.573395, 9.514481 ], [ -66.573585, 9.515190 ], [ -66.573685, 9.515788 ], [ -66.573929, 9.516979 ], [ -66.574196, 9.517504 ], [ -66.574570, 9.518167 ], [ -66.575043, 9.518872 ], [ -66.575493, 9.519419 ], [ -66.576172, 9.520031 ], [ -66.576637, 9.520438 ], [ -66.577271, 9.520867 ], [ -66.577942, 9.521159 ], [ -66.578552, 9.521404 ], [ -66.579132, 9.521696 ], [ -66.579742, 9.522149 ], [ -66.580139, 9.522741 ], [ -66.580200, 9.523338 ], [ -66.580070, 9.524097 ], [ -66.579781, 9.524904 ], [ -66.579246, 9.525324 ], [ -66.577888, 9.525753 ], [ -66.577293, 9.526036 ], [ -66.576691, 9.526410 ], [ -66.576210, 9.526760 ], [ -66.575325, 9.527850 ], [ -66.574982, 9.528428 ], [ -66.574997, 9.528686 ], [ -66.575012, 9.529002 ], [ -66.575279, 9.529735 ], [ -66.575653, 9.530212 ], [ -66.576118, 9.530575 ], [ -66.576866, 9.530635 ], [ -66.577507, 9.530375 ], [ -66.578010, 9.530024 ], [ -66.578636, 9.529696 ], [ -66.579231, 9.529436 ], [ -66.579994, 9.529152 ], [ -66.580597, 9.529214 ], [ -66.581108, 9.529507 ], [ -66.581558, 9.530098 ], [ -66.581772, 9.530808 ], [ -66.581924, 9.531541 ], [ -66.582001, 9.532114 ], [ -66.582123, 9.532733 ], [ -66.582291, 9.533398 ], [ -66.582626, 9.534105 ], [ -66.582939, 9.534699 ], [ -66.583198, 9.535225 ], [ -66.583504, 9.535772 ], [ -66.583771, 9.536321 ], [ -66.584168, 9.536890 ], [ -66.584472, 9.537415 ], [ -66.584671, 9.538171 ], [ -66.584656, 9.538791 ], [ -66.584618, 9.539481 ], [ -66.584373, 9.540012 ], [ -66.583839, 9.540455 ], [ -66.583176, 9.540761 ], [ -66.582596, 9.540745 ], [ -66.582016, 9.540522 ], [ -66.581436, 9.540413 ], [ -66.580811, 9.540489 ], [ -66.580116, 9.540543 ], [ -66.579491, 9.540643 ], [ -66.578796, 9.540788 ], [ -66.578247, 9.541094 ], [ -66.577812, 9.541557 ], [ -66.577240, 9.542025 ], [ -66.576736, 9.542419 ], [ -66.576187, 9.542748 ], [ -66.575630, 9.543054 ], [ -66.575317, 9.543562 ], [ -66.575325, 9.544136 ], [ -66.575493, 9.544755 ], [ -66.576225, 9.545825 ], [ -66.576393, 9.546375 ], [ -66.576401, 9.547018 ], [ -66.576248, 9.547617 ], [ -66.575859, 9.548287 ], [ -66.575424, 9.548752 ], [ -66.574944, 9.549193 ], [ -66.574509, 9.549681 ], [ -66.573914, 9.549941 ], [ -66.573448, 9.549533 ], [ -66.573273, 9.548961 ], [ -66.573150, 9.548249 ], [ -66.573006, 9.547609 ], [ -66.572861, 9.547036 ], [ -66.572502, 9.546489 ], [ -66.571930, 9.546747 ], [ -66.571419, 9.547099 ], [ -66.570984, 9.547494 ], [ -66.570534, 9.548073 ], [ -66.570030, 9.548631 ], [ -66.569572, 9.549072 ], [ -66.569023, 9.549399 ], [ -66.568397, 9.549591 ], [ -66.567780, 9.550012 ], [ -66.567177, 9.550249 ], [ -66.566582, 9.550530 ], [ -66.565338, 9.551395 ], [ -66.564789, 9.551861 ], [ -66.564842, 9.552481 ], [ -66.565201, 9.552981 ], [ -66.565666, 9.553390 ], [ -66.566223, 9.553704 ], [ -66.566811, 9.553882 ], [ -66.567390, 9.554173 ], [ -66.567718, 9.554698 ], [ -66.567963, 9.555247 ], [ -66.568131, 9.555819 ], [ -66.568230, 9.556484 ], [ -66.568283, 9.557103 ], [ -66.568428, 9.557699 ], [ -66.569122, 9.559024 ], [ -66.569450, 9.559548 ], [ -66.569878, 9.560164 ], [ -66.570366, 9.560617 ], [ -66.571632, 9.560258 ], [ -66.572266, 9.560320 ], [ -66.572777, 9.560680 ], [ -66.573265, 9.560997 ], [ -66.573601, 9.561614 ], [ -66.573494, 9.562234 ], [ -66.573265, 9.562811 ], [ -66.572830, 9.563253 ], [ -66.571686, 9.564277 ], [ -66.571114, 9.564651 ], [ -66.570587, 9.565071 ], [ -66.570244, 9.565534 ], [ -66.569908, 9.566134 ], [ -66.569702, 9.566711 ], [ -66.569389, 9.567382 ], [ -66.569054, 9.568671 ], [ -66.568741, 9.569203 ], [ -66.568352, 9.569736 ], [ -66.567986, 9.570314 ], [ -66.567581, 9.570755 ], [ -66.567116, 9.571128 ], [ -66.566612, 9.571502 ], [ -66.566322, 9.572103 ], [ -66.566215, 9.572701 ], [ -66.565986, 9.573232 ], [ -66.565971, 9.574036 ], [ -66.566124, 9.574677 ], [ -66.566361, 9.575341 ], [ -66.566765, 9.575842 ], [ -66.566933, 9.576391 ], [ -66.566658, 9.577014 ], [ -66.566345, 9.577500 ], [ -66.566116, 9.578123 ], [ -66.566543, 9.578600 ], [ -66.567078, 9.578916 ], [ -66.567276, 9.579534 ], [ -66.567207, 9.580132 ], [ -66.566780, 9.580710 ], [ -66.566277, 9.581199 ], [ -66.566002, 9.581707 ], [ -66.565712, 9.582354 ], [ -66.565185, 9.582934 ], [ -66.564705, 9.583490 ], [ -66.564339, 9.584002 ], [ -66.563789, 9.584306 ], [ -66.563118, 9.584520 ], [ -66.562523, 9.584596 ], [ -66.561912, 9.584465 ], [ -66.561195, 9.584198 ], [ -66.560455, 9.584321 ], [ -66.559906, 9.584718 ], [ -66.559471, 9.585159 ], [ -66.559265, 9.585782 ], [ -66.559303, 9.586470 ], [ -66.559357, 9.587067 ], [ -66.559708, 9.587707 ], [ -66.560203, 9.588205 ], [ -66.560783, 9.588223 ], [ -66.561363, 9.588446 ], [ -66.561806, 9.588831 ], [ -66.561958, 9.589450 ], [ -66.561729, 9.590096 ], [ -66.561371, 9.590695 ], [ -66.560890, 9.591138 ], [ -66.560593, 9.591762 ], [ -66.560860, 9.592470 ], [ -66.561302, 9.593017 ], [ -66.561455, 9.593589 ], [ -66.562012, 9.593882 ], [ -66.562592, 9.593898 ], [ -66.562920, 9.594422 ], [ -66.562653, 9.594977 ], [ -66.562141, 9.595258 ], [ -66.561493, 9.595197 ], [ -66.560936, 9.594835 ], [ -66.560379, 9.594612 ], [ -66.559776, 9.594505 ], [ -66.558540, 9.594174 ], [ -66.557892, 9.594365 ], [ -66.557930, 9.595008 ], [ -66.557915, 9.595697 ], [ -66.557732, 9.596273 ], [ -66.557251, 9.596669 ], [ -66.556702, 9.596929 ], [ -66.556107, 9.597348 ], [ -66.555527, 9.597631 ], [ -66.554810, 9.597938 ], [ -66.554214, 9.598014 ], [ -66.553635, 9.598112 ], [ -66.553032, 9.598256 ], [ -66.552368, 9.598495 ], [ -66.551933, 9.598959 ], [ -66.551804, 9.599626 ], [ -66.551735, 9.600223 ], [ -66.551865, 9.600911 ], [ -66.552124, 9.601460 ], [ -66.552360, 9.602031 ], [ -66.552116, 9.602563 ], [ -66.551658, 9.603142 ], [ -66.551270, 9.603675 ], [ -66.551071, 9.604228 ], [ -66.551170, 9.604917 ], [ -66.551437, 9.605488 ], [ -66.551949, 9.605757 ], [ -66.552574, 9.605797 ], [ -66.553177, 9.605605 ], [ -66.553818, 9.605461 ], [ -66.554466, 9.605361 ], [ -66.555138, 9.605376 ], [ -66.555786, 9.605553 ], [ -66.556259, 9.605960 ], [ -66.556664, 9.606577 ], [ -66.556786, 9.607241 ], [ -66.556953, 9.607860 ], [ -66.556961, 9.608525 ], [ -66.556412, 9.608875 ], [ -66.555717, 9.608885 ], [ -66.555092, 9.608753 ], [ -66.554436, 9.608646 ], [ -66.553764, 9.608630 ], [ -66.553215, 9.608890 ], [ -66.552643, 9.609242 ], [ -66.552277, 9.609819 ], [ -66.551605, 9.610056 ], [ -66.550987, 9.610338 ], [ -66.550530, 9.610711 ], [ -66.550026, 9.611177 ], [ -66.549522, 9.611757 ], [ -66.549179, 9.612244 ], [ -66.548912, 9.612821 ], [ -66.548454, 9.613354 ], [ -66.547974, 9.613772 ], [ -66.547356, 9.614217 ], [ -66.546639, 9.614753 ], [ -66.546112, 9.615219 ], [ -66.545776, 9.615750 ], [ -66.545670, 9.616418 ], [ -66.545677, 9.617038 ], [ -66.545776, 9.617681 ], [ -66.546036, 9.618412 ], [ -66.546257, 9.618983 ], [ -66.546265, 9.619650 ], [ -66.546249, 9.620271 ], [ -66.546280, 9.620844 ], [ -66.546402, 9.621439 ], [ -66.546661, 9.621988 ], [ -66.547157, 9.622350 ], [ -66.547783, 9.622641 ], [ -66.549965, 9.623144 ], [ -66.550506, 9.623415 ], [ -66.550972, 9.623822 ], [ -66.551491, 9.624414 ], [ -66.551476, 9.625057 ], [ -66.551041, 9.625659 ], [ -66.550606, 9.626078 ], [ -66.550011, 9.626590 ], [ -66.549507, 9.627078 ], [ -66.549049, 9.627566 ], [ -66.548546, 9.628145 ], [ -66.548180, 9.628632 ], [ -66.547913, 9.629394 ], [ -66.547989, 9.630058 ], [ -66.548256, 9.630630 ], [ -66.548637, 9.631750 ], [ -66.548767, 9.632438 ], [ -66.548706, 9.633081 ], [ -66.548302, 9.634374 ], [ -66.547806, 9.635528 ], [ -66.547539, 9.636242 ], [ -66.547409, 9.636956 ], [ -66.547256, 9.637715 ], [ -66.547027, 9.638315 ], [ -66.546875, 9.638914 ], [ -66.546928, 9.639487 ], [ -66.547401, 9.639941 ], [ -66.547935, 9.640257 ], [ -66.548492, 9.640549 ], [ -66.549011, 9.640888 ], [ -66.549454, 9.641273 ], [ -66.549896, 9.641682 ], [ -66.550903, 9.642567 ], [ -66.551331, 9.642998 ], [ -66.551682, 9.643614 ], [ -66.551880, 9.644209 ], [ -66.551979, 9.644988 ], [ -66.552132, 9.645656 ], [ -66.552178, 9.646227 ], [ -66.552353, 9.646799 ], [ -66.552521, 9.647464 ], [ -66.552857, 9.648057 ], [ -66.553436, 9.648440 ], [ -66.554108, 9.648617 ], [ -66.554764, 9.648838 ], [ -66.555252, 9.649270 ], [ -66.555359, 9.650004 ], [ -66.555344, 9.650601 ], [ -66.555000, 9.651202 ], [ -66.554680, 9.651711 ], [ -66.554069, 9.652820 ], [ -66.553711, 9.653444 ], [ -66.553482, 9.654090 ], [ -66.553444, 9.654757 ], [ -66.553474, 9.655400 ], [ -66.553696, 9.655994 ], [ -66.554207, 9.656470 ], [ -66.554565, 9.657018 ], [ -66.554482, 9.657617 ], [ -66.553970, 9.657945 ], [ -66.553352, 9.658020 ], [ -66.553291, 9.658686 ], [ -66.554039, 9.659642 ], [ -66.554649, 9.660255 ], [ -66.555122, 9.660687 ], [ -66.555107, 9.661261 ], [ -66.554924, 9.661952 ], [ -66.554962, 9.662686 ], [ -66.555153, 9.663511 ], [ -66.555534, 9.664174 ], [ -66.555885, 9.664652 ], [ -66.556404, 9.665013 ], [ -66.556984, 9.665099 ], [ -66.557724, 9.664962 ], [ -66.558975, 9.664764 ], [ -66.559738, 9.664893 ], [ -66.560440, 9.665183 ], [ -66.560974, 9.665660 ], [ -66.561241, 9.666234 ], [ -66.561218, 9.666768 ], [ -66.561531, 9.667349 ], [ -66.562027, 9.668024 ], [ -66.562836, 9.668063 ], [ -66.563492, 9.667869 ], [ -66.564156, 9.668134 ], [ -66.564659, 9.668603 ], [ -66.565292, 9.669097 ], [ -66.566055, 9.669434 ], [ -66.566826, 9.669241 ], [ -66.567314, 9.668860 ], [ -66.567856, 9.668479 ], [ -66.568466, 9.668216 ], [ -66.569092, 9.668251 ], [ -66.569664, 9.668513 ], [ -66.570320, 9.669239 ], [ -66.570915, 9.669825 ], [ -66.571297, 9.670405 ], [ -66.571632, 9.670986 ], [ -66.571754, 9.671701 ], [ -66.571487, 9.672362 ], [ -66.571617, 9.673055 ], [ -66.572098, 9.673477 ], [ -66.572662, 9.674154 ], [ -66.572555, 9.674842 ], [ -66.571968, 9.675313 ], [ -66.571701, 9.675905 ], [ -66.571968, 9.676578 ], [ -66.572373, 9.677067 ], [ -66.572456, 9.677712 ], [ -66.571976, 9.678347 ], [ -66.571663, 9.679053 ], [ -66.571739, 9.679790 ], [ -66.572243, 9.680167 ], [ -66.572960, 9.680226 ], [ -66.573601, 9.680698 ], [ -66.574341, 9.680804 ], [ -66.575012, 9.680932 ], [ -66.575699, 9.681128 ], [ -66.576248, 9.681782 ], [ -66.576798, 9.682160 ], [ -66.577179, 9.682673 ], [ -66.577560, 9.683163 ], [ -66.578018, 9.683632 ], [ -66.578445, 9.684214 ], [ -66.578995, 9.684752 ], [ -66.579659, 9.685086 ], [ -66.580299, 9.685328 ], [ -66.581040, 9.685527 ], [ -66.581642, 9.685744 ], [ -66.582192, 9.686077 ], [ -66.582741, 9.686432 ], [ -66.583405, 9.686812 ], [ -66.583908, 9.687259 ], [ -66.584335, 9.687819 ], [ -66.584785, 9.688378 ], [ -66.585312, 9.688801 ], [ -66.586502, 9.689398 ], [ -66.587052, 9.689799 ], [ -66.587341, 9.690540 ], [ -66.587723, 9.691099 ], [ -66.588249, 9.691661 ], [ -66.588867, 9.691994 ], [ -66.589600, 9.692261 ], [ -66.590248, 9.692296 ], [ -66.591019, 9.692287 ], [ -66.591820, 9.692510 ], [ -66.592300, 9.693001 ], [ -66.592567, 9.693672 ], [ -66.592484, 9.694360 ], [ -66.592537, 9.695097 ], [ -66.593155, 9.695498 ], [ -66.593788, 9.695327 ], [ -66.594482, 9.695294 ], [ -66.594963, 9.695717 ], [ -66.594993, 9.696430 ], [ -66.594749, 9.697160 ], [ -66.594871, 9.697875 ], [ -66.595306, 9.698366 ], [ -66.595856, 9.698767 ], [ -66.596542, 9.699194 ], [ -66.597336, 9.698886 ], [ -66.598106, 9.698625 ], [ -66.599480, 9.698261 ], [ -66.600189, 9.698620 ], [ -66.600693, 9.699111 ], [ -66.601189, 9.699649 ], [ -66.601875, 9.700236 ], [ -66.602280, 9.700911 ], [ -66.602585, 9.701766 ], [ -66.602501, 9.702592 ], [ -66.602181, 9.703390 ], [ -66.601868, 9.704074 ], [ -66.601997, 9.704742 ], [ -66.602470, 9.705211 ], [ -66.603020, 9.705543 ], [ -66.603645, 9.705761 ], [ -66.604240, 9.706003 ], [ -66.604912, 9.706291 ], [ -66.605385, 9.706851 ], [ -66.605652, 9.707638 ], [ -66.606003, 9.708404 ], [ -66.606339, 9.708961 ], [ -66.606934, 9.709638 ], [ -66.607483, 9.710062 ], [ -66.607887, 9.710575 ], [ -66.608322, 9.711043 ], [ -66.608955, 9.711514 ], [ -66.609436, 9.711914 ], [ -66.609985, 9.712270 ], [ -66.610657, 9.712558 ], [ -66.611488, 9.712574 ], [ -66.612190, 9.712379 ], [ -66.612862, 9.712094 ], [ -66.613495, 9.711784 ], [ -66.614197, 9.711544 ], [ -66.614853, 9.711372 ], [ -66.615616, 9.711456 ], [ -66.616394, 9.711655 ], [ -66.617050, 9.711598 ], [ -66.617790, 9.711429 ], [ -66.618416, 9.711417 ], [ -66.619316, 9.711595 ], [ -66.619980, 9.712045 ], [ -66.620506, 9.712444 ], [ -66.620842, 9.713049 ], [ -66.620743, 9.713667 ], [ -66.620155, 9.714070 ], [ -66.619728, 9.714543 ], [ -66.620018, 9.715171 ], [ -66.620232, 9.715932 ], [ -66.619988, 9.716639 ], [ -66.620491, 9.717109 ], [ -66.621414, 9.717356 ], [ -66.621994, 9.717069 ], [ -66.622559, 9.716665 ], [ -66.623169, 9.716401 ], [ -66.623840, 9.716300 ], [ -66.624321, 9.716791 ], [ -66.624726, 9.717373 ], [ -66.625252, 9.717727 ], [ -66.625885, 9.717555 ], [ -66.626053, 9.716915 ], [ -66.626160, 9.716159 ], [ -66.626572, 9.715501 ], [ -66.627220, 9.715535 ], [ -66.628677, 9.715563 ], [ -66.629303, 9.715689 ], [ -66.629898, 9.715930 ], [ -66.630470, 9.716470 ], [ -66.630409, 9.717113 ], [ -66.630371, 9.717777 ], [ -66.630241, 9.718511 ], [ -66.630005, 9.719103 ], [ -66.629410, 9.719599 ], [ -66.629028, 9.720097 ], [ -66.628471, 9.720385 ], [ -66.628410, 9.721050 ], [ -66.628578, 9.721765 ], [ -66.629158, 9.722144 ], [ -66.629509, 9.722840 ], [ -66.629707, 9.723601 ], [ -66.629463, 9.724309 ], [ -66.629006, 9.725014 ], [ -66.628326, 9.725575 ], [ -66.627754, 9.726070 ], [ -66.627190, 9.726450 ], [ -66.626465, 9.726827 ], [ -66.625786, 9.727159 ], [ -66.625206, 9.727492 ], [ -66.624619, 9.727780 ], [ -66.623360, 9.728261 ], [ -66.622635, 9.728593 ], [ -66.621956, 9.728765 ], [ -66.621307, 9.728867 ], [ -66.620674, 9.729315 ], [ -66.620262, 9.730020 ], [ -66.619995, 9.730589 ], [ -66.619888, 9.731322 ], [ -66.619469, 9.732624 ], [ -66.619110, 9.733191 ], [ -66.618706, 9.733735 ], [ -66.618439, 9.734580 ], [ -66.618752, 9.735184 ], [ -66.619301, 9.735538 ], [ -66.619942, 9.736011 ], [ -66.620247, 9.736660 ], [ -66.620468, 9.737307 ], [ -66.620735, 9.737887 ], [ -66.621185, 9.738516 ], [ -66.621826, 9.739011 ], [ -66.622482, 9.738770 ], [ -66.623093, 9.738437 ], [ -66.623840, 9.738198 ], [ -66.624458, 9.738301 ], [ -66.624939, 9.738862 ], [ -66.625130, 9.739694 ], [ -66.625183, 9.740521 ], [ -66.624801, 9.741042 ], [ -66.624176, 9.741238 ], [ -66.623497, 9.741363 ], [ -66.622772, 9.741649 ], [ -66.622185, 9.742096 ], [ -66.621803, 9.742640 ], [ -66.621491, 9.743186 ], [ -66.621269, 9.743826 ], [ -66.621094, 9.744558 ], [ -66.621216, 9.745341 ], [ -66.621628, 9.745877 ], [ -66.622032, 9.746367 ], [ -66.622208, 9.746991 ], [ -66.622360, 9.747684 ], [ -66.622482, 9.748513 ], [ -66.622589, 9.749940 ], [ -66.622551, 9.750675 ], [ -66.622581, 9.751479 ], [ -66.622757, 9.752218 ], [ -66.622948, 9.752934 ], [ -66.623337, 9.753538 ], [ -66.623909, 9.753848 ], [ -66.624504, 9.754227 ], [ -66.625000, 9.754788 ], [ -66.625290, 9.755436 ], [ -66.625389, 9.756197 ], [ -66.625381, 9.756886 ], [ -66.625137, 9.757571 ], [ -66.624657, 9.758137 ], [ -66.624115, 9.758563 ], [ -66.623459, 9.758942 ], [ -66.622765, 9.759043 ], [ -66.621956, 9.758843 ], [ -66.621452, 9.758444 ], [ -66.620926, 9.758066 ], [ -66.620285, 9.757778 ], [ -66.619637, 9.757627 ], [ -66.618919, 9.757500 ], [ -66.618225, 9.757601 ], [ -66.617569, 9.757772 ], [ -66.616798, 9.758034 ], [ -66.616348, 9.758600 ], [ -66.616661, 9.759227 ], [ -66.617164, 9.759765 ], [ -66.617424, 9.760413 ], [ -66.617767, 9.760971 ], [ -66.618065, 9.762332 ], [ -66.618187, 9.762978 ], [ -66.618408, 9.763717 ], [ -66.618958, 9.764210 ], [ -66.619629, 9.764062 ], [ -66.620300, 9.764328 ], [ -66.620567, 9.764907 ], [ -66.620575, 9.765596 ], [ -66.620468, 9.766238 ], [ -66.620758, 9.766841 ], [ -66.621239, 9.767263 ], [ -66.621765, 9.767619 ], [ -66.622193, 9.768132 ], [ -66.622551, 9.768828 ], [ -66.622490, 9.769540 ], [ -66.622131, 9.770222 ], [ -66.621567, 9.770648 ], [ -66.620842, 9.771048 ], [ -66.620438, 9.771591 ], [ -66.620377, 9.772234 ], [ -66.620972, 9.772751 ], [ -66.621658, 9.773199 ], [ -66.622108, 9.773784 ], [ -66.621842, 9.774421 ], [ -66.621529, 9.775013 ], [ -66.621033, 9.775601 ], [ -66.620560, 9.776052 ], [ -66.620170, 9.776779 ], [ -66.620148, 9.778043 ], [ -66.620064, 9.778846 ], [ -66.620117, 9.779583 ], [ -66.620033, 9.780248 ], [ -66.619675, 9.780975 ], [ -66.619270, 9.781473 ], [ -66.618683, 9.781760 ], [ -66.617966, 9.781908 ], [ -66.617310, 9.782103 ], [ -66.616684, 9.781930 ], [ -66.616165, 9.781438 ], [ -66.615662, 9.780900 ], [ -66.615326, 9.780342 ], [ -66.614990, 9.779693 ], [ -66.614586, 9.778950 ], [ -66.614113, 9.778481 ], [ -66.612961, 9.777862 ], [ -66.612274, 9.777434 ], [ -66.611519, 9.777006 ], [ -66.610924, 9.776766 ], [ -66.610252, 9.776569 ], [ -66.609512, 9.776624 ], [ -66.608879, 9.776751 ], [ -66.608200, 9.777128 ], [ -66.607681, 9.777532 ], [ -66.607140, 9.778096 ], [ -66.606644, 9.778708 ], [ -66.605919, 9.778831 ], [ -66.605209, 9.778542 ], [ -66.604607, 9.778210 ], [ -66.603806, 9.777965 ], [ -66.603127, 9.778181 ], [ -66.602722, 9.778725 ], [ -66.602402, 9.779637 ], [ -66.602249, 9.780325 ], [ -66.602211, 9.781197 ], [ -66.601990, 9.781790 ], [ -66.601654, 9.782381 ], [ -66.601044, 9.782898 ], [ -66.600357, 9.783344 ], [ -66.599609, 9.783767 ], [ -66.599091, 9.784217 ], [ -66.598526, 9.784665 ], [ -66.598122, 9.785187 ], [ -66.597763, 9.785777 ], [ -66.597130, 9.787190 ], [ -66.596863, 9.787943 ], [ -66.596733, 9.788584 ], [ -66.596764, 9.789413 ], [ -66.596954, 9.790197 ], [ -66.596947, 9.790909 ], [ -66.596886, 9.791552 ], [ -66.596756, 9.792192 ], [ -66.596558, 9.792901 ], [ -66.596107, 9.793512 ], [ -66.595741, 9.794195 ], [ -66.595894, 9.794887 ], [ -66.596321, 9.795378 ], [ -66.596924, 9.795573 ], [ -66.597595, 9.795563 ], [ -66.598221, 9.795461 ], [ -66.599007, 9.795567 ], [ -66.599609, 9.795855 ], [ -66.600105, 9.796438 ], [ -66.600418, 9.797018 ], [ -66.600777, 9.797738 ], [ -66.600807, 9.798542 ], [ -66.600830, 9.800955 ], [ -66.600678, 9.801711 ], [ -66.600456, 9.802327 ], [ -66.600189, 9.803011 ], [ -66.599877, 9.803556 ], [ -66.599449, 9.804147 ], [ -66.598946, 9.804780 ], [ -66.598404, 9.805276 ], [ -66.597725, 9.805676 ], [ -66.597046, 9.805984 ], [ -66.596321, 9.806154 ], [ -66.595650, 9.806189 ], [ -66.594864, 9.806173 ], [ -66.594162, 9.806321 ], [ -66.593490, 9.806492 ], [ -66.592835, 9.806709 ], [ -66.592201, 9.806996 ], [ -66.591599, 9.807215 ], [ -66.590919, 9.807293 ], [ -66.588455, 9.807546 ], [ -66.587784, 9.807555 ], [ -66.587135, 9.807612 ], [ -66.586182, 9.807663 ], [ -66.585396, 9.807694 ], [ -66.584541, 9.807631 ], [ -66.583771, 9.807777 ], [ -66.583206, 9.808089 ], [ -66.582894, 9.808703 ], [ -66.582855, 9.809392 ], [ -66.582932, 9.810152 ], [ -66.583252, 9.810709 ], [ -66.583824, 9.811088 ], [ -66.584397, 9.811559 ], [ -66.584969, 9.811845 ], [ -66.585632, 9.811995 ], [ -66.586395, 9.812148 ], [ -66.587204, 9.812393 ], [ -66.588013, 9.812547 ], [ -66.588661, 9.812627 ], [ -66.589325, 9.812962 ], [ -66.589943, 9.813433 ], [ -66.590401, 9.813924 ], [ -66.590759, 9.814528 ], [ -66.591041, 9.815292 ], [ -66.591400, 9.816057 ], [ -66.591736, 9.816638 ], [ -66.592377, 9.817087 ], [ -66.593139, 9.817147 ], [ -66.593857, 9.817162 ], [ -66.594414, 9.817493 ], [ -66.594604, 9.818163 ], [ -66.594620, 9.818807 ], [ -66.594673, 9.819589 ], [ -66.594543, 9.820299 ], [ -66.594322, 9.820938 ], [ -66.593933, 9.821667 ], [ -66.593285, 9.823101 ], [ -66.592674, 9.824561 ], [ -66.592407, 9.825153 ], [ -66.591873, 9.826406 ], [ -66.591553, 9.827205 ], [ -66.591400, 9.827868 ], [ -66.591019, 9.828367 ], [ -66.590408, 9.828930 ], [ -66.589775, 9.829239 ], [ -66.588959, 9.829430 ], [ -66.588264, 9.829509 ], [ -66.587425, 9.829562 ], [ -66.586708, 9.829571 ], [ -66.586082, 9.829744 ], [ -66.585472, 9.830123 ], [ -66.585068, 9.830667 ], [ -66.584709, 9.831188 ], [ -66.584366, 9.831917 ], [ -66.584145, 9.832717 ], [ -66.584106, 9.833566 ], [ -66.584137, 9.834232 ], [ -66.584053, 9.834921 ], [ -66.583671, 9.835443 ], [ -66.583016, 9.835774 ], [ -66.582176, 9.836034 ], [ -66.581367, 9.836041 ], [ -66.580650, 9.836005 ], [ -66.579933, 9.835899 ], [ -66.578194, 9.835729 ], [ -66.577545, 9.835693 ], [ -66.576805, 9.835702 ], [ -66.576057, 9.835689 ], [ -66.575317, 9.835834 ], [ -66.574776, 9.836169 ], [ -66.574371, 9.836827 ], [ -66.574310, 9.837470 ], [ -66.574364, 9.838138 ], [ -66.574722, 9.838834 ], [ -66.575226, 9.839279 ], [ -66.575706, 9.839725 ], [ -66.575852, 9.840555 ], [ -66.575539, 9.841193 ], [ -66.574860, 9.841524 ], [ -66.574112, 9.841579 ], [ -66.573143, 9.841630 ], [ -66.572510, 9.841916 ], [ -66.572060, 9.842367 ], [ -66.572136, 9.843080 ], [ -66.572548, 9.843595 ], [ -66.573166, 9.844020 ], [ -66.573807, 9.844193 ], [ -66.574554, 9.844184 ], [ -66.575996, 9.843843 ], [ -66.576622, 9.843763 ], [ -66.577415, 9.843733 ], [ -66.578133, 9.843747 ], [ -66.578758, 9.843874 ], [ -66.579399, 9.844093 ], [ -66.580063, 9.844381 ], [ -66.580689, 9.844692 ], [ -66.581238, 9.845070 ], [ -66.581718, 9.845469 ], [ -66.582314, 9.845711 ], [ -66.582909, 9.845929 ], [ -66.583511, 9.846262 ], [ -66.584007, 9.846662 ], [ -66.584534, 9.847017 ], [ -66.585251, 9.847421 ], [ -66.587204, 9.848354 ], [ -66.587753, 9.848663 ], [ -66.588440, 9.849021 ], [ -66.589172, 9.849448 ], [ -66.589745, 9.849873 ], [ -66.590294, 9.850321 ], [ -66.591339, 9.851328 ], [ -66.591820, 9.851866 ], [ -66.592224, 9.852379 ], [ -66.592773, 9.852826 ], [ -66.593109, 9.853521 ], [ -66.593597, 9.854749 ], [ -66.593903, 9.855398 ], [ -66.594216, 9.856139 ], [ -66.594391, 9.856787 ], [ -66.594513, 9.857455 ], [ -66.594658, 9.858354 ], [ -66.594742, 9.858976 ], [ -66.594818, 9.859782 ], [ -66.595017, 9.861325 ], [ -66.595261, 9.861904 ], [ -66.595627, 9.862416 ], [ -66.596008, 9.862906 ], [ -66.596390, 9.863441 ], [ -66.596710, 9.863999 ], [ -66.597069, 9.864558 ], [ -66.597359, 9.865137 ], [ -66.597648, 9.865809 ], [ -66.597984, 9.866436 ], [ -66.598274, 9.867062 ], [ -66.598831, 9.867970 ], [ -66.599144, 9.868756 ], [ -66.599342, 9.869381 ], [ -66.599327, 9.870208 ], [ -66.598984, 9.870822 ], [ -66.598083, 9.871930 ], [ -66.597817, 9.872500 ], [ -66.597458, 9.873114 ], [ -66.597260, 9.873707 ], [ -66.597389, 9.874330 ], [ -66.597580, 9.875114 ], [ -66.597618, 9.875736 ], [ -66.597511, 9.876377 ], [ -66.597404, 9.877110 ], [ -66.597504, 9.877756 ], [ -66.597565, 9.878446 ], [ -66.597664, 9.879069 ], [ -66.597717, 9.879874 ], [ -66.597778, 9.880565 ], [ -66.597786, 9.881415 ], [ -66.597908, 9.882061 ], [ -66.598167, 9.883054 ], [ -66.598480, 9.883795 ], [ -66.598556, 9.884462 ], [ -66.598618, 9.885222 ], [ -66.598648, 9.886026 ], [ -66.598892, 9.886605 ], [ -66.599243, 9.887348 ], [ -66.599182, 9.888174 ], [ -66.598800, 9.888764 ], [ -66.598145, 9.889119 ], [ -66.597534, 9.889384 ], [ -66.596993, 9.889764 ], [ -66.596314, 9.890211 ], [ -66.595108, 9.891245 ], [ -66.594612, 9.891694 ], [ -66.593643, 9.892665 ], [ -66.593147, 9.893298 ], [ -66.592804, 9.893959 ], [ -66.592766, 9.894808 ], [ -66.593102, 9.895480 ], [ -66.593483, 9.896016 ], [ -66.593941, 9.896507 ], [ -66.594582, 9.897002 ], [ -66.595177, 9.897405 ], [ -66.595726, 9.897759 ], [ -66.596252, 9.898137 ], [ -66.597229, 9.899328 ], [ -66.597588, 9.899909 ], [ -66.598374, 9.901303 ], [ -66.598778, 9.901999 ], [ -66.599060, 9.902625 ], [ -66.599350, 9.903412 ], [ -66.599564, 9.904266 ], [ -66.599716, 9.905877 ], [ -66.599770, 9.906730 ], [ -66.599640, 9.907599 ], [ -66.599464, 9.908355 ], [ -66.599266, 9.908994 ], [ -66.599091, 9.909726 ], [ -66.598938, 9.910460 ], [ -66.598946, 9.911217 ], [ -66.599091, 9.911909 ], [ -66.599403, 9.912673 ], [ -66.599899, 9.913211 ], [ -66.600380, 9.913749 ], [ -66.600784, 9.914309 ], [ -66.601288, 9.914846 ], [ -66.601692, 9.915337 ], [ -66.602005, 9.915916 ], [ -66.602226, 9.916518 ], [ -66.602333, 9.917141 ], [ -66.602181, 9.917873 ], [ -66.601868, 9.918442 ], [ -66.601456, 9.918985 ], [ -66.600876, 9.920216 ], [ -66.600823, 9.920881 ], [ -66.600967, 9.921596 ], [ -66.601234, 9.922199 ], [ -66.601616, 9.922757 ], [ -66.602066, 9.923455 ], [ -66.602516, 9.924085 ], [ -66.602974, 9.924576 ], [ -66.603882, 9.925673 ], [ -66.604553, 9.927041 ], [ -66.604820, 9.927643 ], [ -66.604828, 9.928265 ], [ -66.604721, 9.929044 ], [ -66.604500, 9.929660 ], [ -66.604187, 9.930274 ], [ -66.603866, 9.930980 ], [ -66.603470, 9.931478 ], [ -66.602989, 9.931953 ], [ -66.602493, 9.932470 ], [ -66.602135, 9.933039 ], [ -66.601868, 9.933631 ], [ -66.601692, 9.934248 ], [ -66.601540, 9.935096 ], [ -66.601524, 9.935807 ], [ -66.601540, 9.936474 ], [ -66.601639, 9.937258 ], [ -66.601975, 9.937860 ], [ -66.602310, 9.938441 ], [ -66.602554, 9.939020 ], [ -66.602608, 9.939666 ], [ -66.602570, 9.940446 ], [ -66.602280, 9.941153 ], [ -66.602150, 9.941771 ], [ -66.602066, 9.942528 ], [ -66.602051, 9.943217 ], [ -66.602089, 9.943861 ], [ -66.602264, 9.944485 ], [ -66.602432, 9.945223 ], [ -66.602577, 9.946008 ], [ -66.602615, 9.946674 ], [ -66.602508, 9.947408 ], [ -66.602074, 9.947974 ], [ -66.601540, 9.948354 ], [ -66.601036, 9.949011 ], [ -66.600761, 9.949948 ], [ -66.600960, 9.950664 ], [ -66.601318, 9.951200 ], [ -66.601883, 9.951853 ], [ -66.602455, 9.952393 ], [ -66.602959, 9.952816 ], [ -66.603531, 9.953172 ], [ -66.604240, 9.953737 ], [ -66.604690, 9.954182 ], [ -66.605332, 9.954905 ], [ -66.605873, 9.955560 ], [ -66.606399, 9.956143 ], [ -66.606804, 9.956681 ], [ -66.607094, 9.957238 ], [ -66.607399, 9.958070 ], [ -66.607597, 9.958901 ], [ -66.607605, 9.959751 ], [ -66.607521, 9.960416 ], [ -66.607529, 9.961106 ], [ -66.607651, 9.961913 ], [ -66.608025, 9.963184 ], [ -66.608360, 9.964845 ], [ -66.608696, 9.965541 ], [ -66.609215, 9.966147 ], [ -66.609596, 9.966752 ], [ -66.609863, 9.967469 ], [ -66.609947, 9.968115 ], [ -66.610069, 9.968875 ], [ -66.610130, 9.970279 ], [ -66.610214, 9.971107 ], [ -66.610222, 9.971843 ], [ -66.610023, 9.972527 ], [ -66.609818, 9.973329 ], [ -66.609795, 9.974883 ], [ -66.608185, 9.976090 ], [ -66.607636, 9.976321 ], [ -66.606949, 9.976858 ], [ -66.605865, 9.977610 ], [ -66.605263, 9.977822 ], [ -66.604157, 9.978158 ], [ -66.603302, 9.978332 ], [ -66.602470, 9.978362 ], [ -66.601540, 9.978347 ], [ -66.600800, 9.978377 ], [ -66.600174, 9.978391 ], [ -66.599594, 9.978324 ], [ -66.598984, 9.978103 ], [ -66.598198, 9.977880 ], [ -66.597427, 9.977685 ], [ -66.596825, 9.977553 ], [ -66.596107, 9.977539 ], [ -66.595505, 9.977571 ], [ -66.594597, 9.977674 ], [ -66.593834, 9.977866 ], [ -66.593308, 9.978197 ], [ -66.592827, 9.978564 ], [ -66.592255, 9.979129 ], [ -66.591751, 9.979704 ], [ -66.591385, 9.980144 ], [ -66.590889, 9.980864 ], [ -66.590546, 9.981421 ], [ -66.590065, 9.982023 ], [ -66.589561, 9.982463 ], [ -66.589058, 9.982956 ], [ -66.588577, 9.983350 ], [ -66.587403, 9.984128 ], [ -66.586784, 9.984521 ], [ -66.585243, 9.985395 ], [ -66.584572, 9.985680 ], [ -66.583855, 9.985891 ], [ -66.583328, 9.985969 ], [ -66.582771, 9.985973 ], [ -66.581978, 9.986032 ], [ -66.581055, 9.986015 ], [ -66.580338, 9.985956 ], [ -66.579750, 9.985826 ], [ -66.578964, 9.985531 ], [ -66.578331, 9.985336 ], [ -66.577118, 9.984569 ], [ -66.575905, 9.983755 ], [ -66.575134, 9.983279 ], [ -66.574409, 9.982849 ], [ -66.573075, 9.982225 ], [ -66.572586, 9.981933 ], [ -66.571419, 9.981074 ], [ -66.570831, 9.980691 ], [ -66.570175, 9.980189 ], [ -66.569687, 9.979968 ], [ -66.568901, 9.979972 ], [ -66.568046, 9.980146 ], [ -66.567238, 9.980430 ], [ -66.566658, 9.980642 ], [ -66.566010, 9.980926 ], [ -66.565529, 9.981158 ], [ -66.564629, 9.981567 ], [ -66.564057, 9.981780 ], [ -66.563316, 9.982018 ], [ -66.562645, 9.982276 ], [ -66.561928, 9.982470 ], [ -66.561348, 9.982501 ], [ -66.560791, 9.982389 ], [ -66.560097, 9.982049 ], [ -66.559273, 9.981627 ], [ -66.558670, 9.981243 ], [ -66.558083, 9.980833 ], [ -66.557244, 9.980130 ], [ -66.556610, 9.979683 ], [ -66.556114, 9.979246 ], [ -66.555694, 9.978890 ], [ -66.555275, 9.978408 ], [ -66.554939, 9.977954 ], [ -66.554542, 9.977364 ], [ -66.554047, 9.976700 ], [ -66.553551, 9.975992 ], [ -66.553032, 9.975373 ], [ -66.552513, 9.974674 ], [ -66.551781, 9.973756 ], [ -66.551384, 9.973283 ], [ -66.550980, 9.972846 ], [ -66.549950, 9.971646 ], [ -66.549500, 9.971164 ], [ -66.548958, 9.970645 ], [ -66.548470, 9.970144 ], [ -66.548004, 9.969870 ], [ -66.547325, 9.969693 ], [ -66.546089, 9.969114 ], [ -66.545181, 9.968891 ], [ -66.544273, 9.968721 ], [ -66.543625, 9.968708 ], [ -66.542702, 9.968782 ], [ -66.542099, 9.968814 ], [ -66.541359, 9.968826 ], [ -66.540474, 9.968811 ], [ -66.539619, 9.969030 ], [ -66.539024, 9.969171 ], [ -66.538238, 9.969409 ], [ -66.537681, 9.969486 ], [ -66.537132, 9.969952 ], [ -66.536392, 9.970489 ], [ -66.536072, 9.970812 ], [ -66.535660, 9.971215 ], [ -66.535278, 9.971863 ], [ -66.534637, 9.972717 ], [ -66.534302, 9.973292 ], [ -66.534004, 9.973824 ], [ -66.533455, 9.974569 ], [ -66.533188, 9.975146 ], [ -66.532890, 9.975658 ], [ -66.532570, 9.976145 ], [ -66.531746, 9.976707 ], [ -66.531143, 9.976893 ], [ -66.530472, 9.976879 ], [ -66.529892, 9.976703 ], [ -66.529335, 9.976572 ], [ -66.528710, 9.976486 ], [ -66.527847, 9.976543 ], [ -66.527176, 9.976574 ], [ -66.526627, 9.976923 ], [ -66.525917, 9.977668 ], [ -66.525459, 9.978342 ], [ -66.525169, 9.978918 ], [ -66.524826, 9.979403 ], [ -66.524277, 9.979806 ], [ -66.523605, 9.980226 ], [ -66.523033, 9.980511 ], [ -66.522316, 9.980903 ], [ -66.521507, 9.981095 ], [ -66.520744, 9.981226 ], [ -66.520027, 9.981319 ], [ -66.519333, 9.981333 ], [ -66.518684, 9.981219 ], [ -66.518127, 9.981133 ], [ -66.517341, 9.981263 ], [ -66.515877, 9.981352 ], [ -66.514717, 9.981335 ], [ -66.514046, 9.981302 ], [ -66.513283, 9.981242 ], [ -66.512657, 9.981364 ], [ -66.510292, 9.981392 ], [ -66.508995, 9.981219 ], [ -66.508415, 9.981161 ], [ -66.507462, 9.981380 ], [ -66.506889, 9.981447 ], [ -66.506264, 9.981569 ], [ -66.505684, 9.981809 ], [ -66.505135, 9.982067 ], [ -66.504074, 9.982700 ], [ -66.503616, 9.983095 ], [ -66.503136, 9.983724 ], [ -66.502426, 9.984261 ], [ -66.501396, 9.985373 ], [ -66.500633, 9.985802 ], [ -66.499741, 9.986219 ], [ -66.499016, 9.986385 ], [ -66.498024, 9.986361 ], [ -66.497360, 9.986753 ], [ -66.496674, 9.987796 ], [ -66.496246, 9.988543 ], [ -66.495659, 9.989930 ], [ -66.495277, 9.990758 ], [ -66.494911, 9.991379 ], [ -66.494133, 9.992195 ], [ -66.493607, 9.992589 ], [ -66.492920, 9.993243 ], [ -66.492439, 9.993845 ], [ -66.492050, 9.994312 ], [ -66.491501, 9.994868 ], [ -66.490952, 9.995406 ], [ -66.490585, 9.995865 ], [ -66.489967, 9.996429 ], [ -66.489639, 9.996643 ], [ -66.489387, 9.996849 ], [ -66.488769, 9.997314 ], [ -66.487862, 9.997705 ], [ -66.484795, 9.998857 ], [ -66.484787, 9.999454 ], [ -66.484940, 10.000123 ], [ -66.485237, 10.000767 ], [ -66.485649, 10.001348 ], [ -66.485924, 10.001857 ], [ -66.486076, 10.002662 ], [ -66.486160, 10.003277 ], [ -66.486412, 10.003993 ], [ -66.486725, 10.004619 ], [ -66.486977, 10.005154 ], [ -66.487206, 10.005707 ], [ -66.487267, 10.006304 ], [ -66.487099, 10.007016 ], [ -66.487045, 10.007612 ], [ -66.487038, 10.008208 ], [ -66.486984, 10.008922 ], [ -66.486816, 10.009788 ], [ -66.486664, 10.010636 ], [ -66.486473, 10.011394 ], [ -66.486282, 10.011989 ], [ -66.485825, 10.013341 ], [ -66.485748, 10.013982 ], [ -66.485695, 10.014650 ], [ -66.485687, 10.015220 ], [ -66.485611, 10.015933 ], [ -66.485435, 10.017359 ], [ -66.485245, 10.018089 ], [ -66.484985, 10.018665 ], [ -66.484749, 10.019234 ], [ -66.484108, 10.020556 ], [ -66.483986, 10.020755 ], [ -66.483726, 10.021151 ], [ -66.483215, 10.021842 ], [ -66.482720, 10.022272 ], [ -66.482048, 10.022746 ], [ -66.481621, 10.023113 ], [ -66.481110, 10.023498 ], [ -66.480644, 10.023883 ], [ -66.479965, 10.024266 ], [ -66.479317, 10.024415 ], [ -66.478477, 10.024499 ], [ -66.477738, 10.024521 ], [ -66.476883, 10.024460 ], [ -66.476044, 10.024453 ], [ -66.475304, 10.024358 ], [ -66.474655, 10.024208 ], [ -66.474083, 10.024203 ], [ -66.473267, 10.024586 ], [ -66.472748, 10.024907 ], [ -66.472259, 10.025265 ], [ -66.471588, 10.025232 ], [ -66.470985, 10.025002 ], [ -66.470482, 10.024583 ], [ -66.469841, 10.023936 ], [ -66.469131, 10.023190 ], [ -66.468742, 10.022799 ], [ -66.468140, 10.022306 ], [ -66.467499, 10.021723 ], [ -66.466827, 10.021329 ], [ -66.466118, 10.020980 ], [ -66.465607, 10.020624 ], [ -66.465012, 10.020005 ], [ -66.464577, 10.019468 ], [ -66.464234, 10.018978 ], [ -66.463478, 10.018078 ], [ -66.462929, 10.017540 ], [ -66.462402, 10.017102 ], [ -66.461823, 10.016727 ], [ -66.461228, 10.016515 ], [ -66.460602, 10.016375 ], [ -66.459999, 10.016416 ], [ -66.459160, 10.016427 ], [ -66.458420, 10.016421 ], [ -66.457634, 10.016316 ], [ -66.456917, 10.016175 ], [ -66.456177, 10.016097 ], [ -66.455299, 10.016018 ], [ -66.454392, 10.015876 ], [ -66.453629, 10.015861 ], [ -66.452911, 10.015945 ], [ -66.452309, 10.015941 ], [ -66.451637, 10.015890 ], [ -66.450943, 10.015858 ], [ -66.450317, 10.015853 ], [ -66.449082, 10.016259 ], [ -66.448479, 10.016246 ], [ -66.447899, 10.016151 ], [ -66.446396, 10.015977 ], [ -66.445564, 10.015898 ], [ -66.444916, 10.015848 ], [ -66.444359, 10.015817 ], [ -66.443108, 10.015852 ], [ -66.442383, 10.015910 ], [ -66.441666, 10.016022 ], [ -66.441086, 10.016035 ], [ -66.440346, 10.016102 ], [ -66.439743, 10.016296 ], [ -66.439087, 10.016680 ], [ -66.438553, 10.016883 ], [ -66.437828, 10.017131 ], [ -66.437271, 10.017307 ], [ -66.436668, 10.017573 ], [ -66.436035, 10.017912 ], [ -66.435501, 10.018324 ], [ -66.434845, 10.018797 ], [ -66.433327, 10.020068 ], [ -66.432770, 10.020452 ], [ -66.432182, 10.020837 ], [ -66.431671, 10.021221 ], [ -66.431473, 10.022305 ], [ -66.431419, 10.023081 ], [ -66.431412, 10.023777 ], [ -66.431450, 10.024328 ], [ -66.431534, 10.024988 ], [ -66.431664, 10.026489 ], [ -66.431679, 10.027059 ], [ -66.431816, 10.029129 ], [ -66.431786, 10.029842 ], [ -66.431480, 10.030663 ], [ -66.431007, 10.031463 ], [ -66.430534, 10.032146 ], [ -66.430115, 10.032558 ], [ -66.428924, 10.033579 ], [ -66.428177, 10.033916 ], [ -66.427384, 10.034001 ], [ -66.426575, 10.034040 ], [ -66.425926, 10.034143 ], [ -66.425316, 10.034347 ], [ -66.424644, 10.034595 ], [ -66.424133, 10.034816 ], [ -66.423271, 10.035017 ], [ -66.421783, 10.035304 ], [ -66.421250, 10.035454 ], [ -66.420692, 10.035584 ], [ -66.419227, 10.035871 ], [ -66.418579, 10.035975 ], [ -66.417953, 10.036204 ], [ -66.417420, 10.036382 ], [ -66.416863, 10.036585 ], [ -66.416206, 10.036923 ], [ -66.415649, 10.037262 ], [ -66.415154, 10.037620 ], [ -66.414596, 10.037986 ], [ -66.413406, 10.038727 ], [ -66.412827, 10.039021 ], [ -66.412148, 10.039295 ], [ -66.411453, 10.039606 ], [ -66.410934, 10.039900 ], [ -66.410378, 10.040149 ], [ -66.409729, 10.040460 ], [ -66.408958, 10.040680 ], [ -66.408173, 10.040809 ], [ -66.406753, 10.041259 ], [ -66.406189, 10.041462 ], [ -66.405655, 10.041612 ], [ -66.405006, 10.041724 ], [ -66.403687, 10.041821 ], [ -66.403130, 10.041836 ], [ -66.402458, 10.041695 ], [ -66.401649, 10.041553 ], [ -66.400955, 10.041449 ], [ -66.400398, 10.041399 ], [ -66.399544, 10.041247 ], [ -66.398827, 10.041079 ], [ -66.396858, 10.040738 ], [ -66.396164, 10.040570 ], [ -66.395515, 10.040475 ], [ -66.394776, 10.040532 ], [ -66.394081, 10.040644 ], [ -66.393379, 10.040801 ], [ -66.392052, 10.041198 ], [ -66.391403, 10.041418 ], [ -66.390618, 10.041638 ], [ -66.389892, 10.041867 ], [ -66.389145, 10.042088 ], [ -66.388222, 10.042288 ], [ -66.385689, 10.042620 ], [ -66.384972, 10.042777 ], [ -66.384338, 10.042934 ], [ -66.383690, 10.043038 ], [ -66.383064, 10.042997 ], [ -66.382370, 10.042982 ], [ -66.381630, 10.042877 ], [ -66.380264, 10.042595 ], [ -66.379662, 10.042563 ], [ -66.379036, 10.042414 ], [ -66.378395, 10.042156 ], [ -66.377815, 10.041853 ], [ -66.377075, 10.041522 ], [ -66.376274, 10.041100 ], [ -66.375626, 10.040725 ], [ -66.375076, 10.040377 ], [ -66.374641, 10.039958 ], [ -66.374115, 10.039267 ], [ -66.373611, 10.038712 ], [ -66.372482, 10.037411 ], [ -66.371979, 10.036945 ], [ -66.371498, 10.036481 ], [ -66.370903, 10.035880 ], [ -66.370254, 10.035460 ], [ -66.369636, 10.035130 ], [ -66.369011, 10.034871 ], [ -66.368439, 10.034496 ], [ -66.367821, 10.033958 ], [ -66.367195, 10.033384 ], [ -66.366715, 10.032983 ], [ -66.366051, 10.032472 ], [ -66.365311, 10.031960 ], [ -66.364433, 10.031537 ], [ -66.363579, 10.031232 ], [ -66.362015, 10.030704 ], [ -66.361046, 10.030263 ], [ -66.359962, 10.029721 ], [ -66.359108, 10.029434 ], [ -66.358383, 10.029410 ], [ -66.357804, 10.029514 ], [ -66.357063, 10.029671 ], [ -66.356483, 10.029775 ], [ -66.355164, 10.029855 ], [ -66.354553, 10.029913 ], [ -66.353813, 10.029889 ], [ -66.353073, 10.029811 ], [ -66.352425, 10.029661 ], [ -66.351830, 10.029449 ], [ -66.351250, 10.029263 ], [ -66.350555, 10.028977 ], [ -66.349838, 10.028810 ], [ -66.348961, 10.028712 ], [ -66.347481, 10.028583 ], [ -66.346649, 10.028368 ], [ -66.346046, 10.028155 ], [ -66.345543, 10.027826 ], [ -66.345009, 10.027452 ], [ -66.344482, 10.027032 ], [ -66.343422, 10.026310 ], [ -66.342873, 10.026007 ], [ -66.342247, 10.025604 ], [ -66.341629, 10.025139 ], [ -66.340958, 10.024610 ], [ -66.340202, 10.024097 ], [ -66.339676, 10.023677 ], [ -66.339287, 10.023232 ], [ -66.338394, 10.021959 ], [ -66.337890, 10.021269 ], [ -66.337410, 10.020686 ], [ -66.336861, 10.020104 ], [ -66.336243, 10.019529 ], [ -66.335785, 10.018993 ], [ -66.335419, 10.018439 ], [ -66.335144, 10.017885 ], [ -66.335014, 10.017333 ], [ -66.334931, 10.016782 ], [ -66.334862, 10.016230 ], [ -66.334625, 10.014963 ], [ -66.334381, 10.013832 ], [ -66.334251, 10.013117 ], [ -66.334206, 10.012493 ], [ -66.334236, 10.011852 ], [ -66.334389, 10.011139 ], [ -66.334839, 10.009887 ], [ -66.335289, 10.008761 ], [ -66.335976, 10.007366 ], [ -66.336220, 10.006663 ], [ -66.336296, 10.005905 ], [ -66.336327, 10.005327 ], [ -66.336312, 10.004641 ], [ -66.336105, 10.004087 ], [ -66.335785, 10.003624 ], [ -66.335419, 10.003179 ], [ -66.334846, 10.002650 ], [ -66.334297, 10.002230 ], [ -66.333694, 10.001926 ], [ -66.332955, 10.001866 ], [ -66.332214, 10.001861 ], [ -66.331634, 10.001973 ], [ -66.331077, 10.002059 ], [ -66.330238, 10.002206 ], [ -66.329658, 10.002319 ], [ -66.329033, 10.002567 ], [ -66.328377, 10.002860 ], [ -66.327866, 10.003218 ], [ -66.327301, 10.003674 ], [ -66.326881, 10.004031 ], [ -66.326439, 10.004534 ], [ -66.326042, 10.004919 ], [ -66.325478, 10.005303 ], [ -66.324875, 10.005687 ], [ -66.324288, 10.005935 ], [ -66.323616, 10.006047 ], [ -66.323059, 10.006088 ], [ -66.322479, 10.006083 ], [ -66.321899, 10.006051 ], [ -66.321136, 10.005900 ], [ -66.320488, 10.005805 ], [ -66.319053, 10.005559 ], [ -66.318405, 10.005527 ], [ -66.317665, 10.005547 ], [ -66.317085, 10.005543 ], [ -66.316437, 10.005601 ], [ -66.315697, 10.005595 ], [ -66.315025, 10.005400 ], [ -66.314591, 10.005008 ], [ -66.314201, 10.004426 ], [ -66.313812, 10.003899 ], [ -66.313400, 10.003480 ], [ -66.312851, 10.003087 ], [ -66.311745, 10.002400 ], [ -66.311096, 10.002034 ], [ -66.310524, 10.001632 ], [ -66.310112, 10.001258 ], [ -66.309807, 10.001129 ], [ -66.309189, 10.000456 ], [ -66.308106, 9.999101 ], [ -66.307762, 9.998538 ], [ -66.307266, 9.998136 ], [ -66.306183, 9.997477 ], [ -66.305611, 9.997192 ], [ -66.304115, 9.996592 ], [ -66.303497, 9.996208 ], [ -66.302902, 9.995896 ], [ -66.301537, 9.995505 ], [ -66.300850, 9.995148 ], [ -66.299492, 9.994369 ], [ -66.298996, 9.993850 ], [ -66.298584, 9.993313 ], [ -66.298134, 9.992822 ], [ -66.297608, 9.992285 ], [ -66.297012, 9.991855 ], [ -66.296486, 9.991526 ], [ -66.295799, 9.991149 ], [ -66.295250, 9.990820 ], [ -66.294632, 9.990317 ], [ -66.294151, 9.989762 ], [ -66.293701, 9.989334 ], [ -66.293060, 9.988706 ], [ -66.292145, 9.987948 ], [ -66.291412, 9.987410 ], [ -66.290840, 9.986962 ], [ -66.290436, 9.986425 ], [ -66.289963, 9.985816 ], [ -66.289146, 9.984591 ], [ -66.288696, 9.983864 ], [ -66.288315, 9.983399 ], [ -66.287811, 9.982971 ], [ -66.287147, 9.982550 ], [ -66.286530, 9.982102 ], [ -66.285935, 9.981583 ], [ -66.285271, 9.981017 ], [ -66.284767, 9.980805 ], [ -66.284096, 9.980628 ], [ -66.282707, 9.980562 ], [ -66.282051, 9.980756 ], [ -66.281372, 9.981202 ], [ -66.280716, 9.981531 ], [ -66.280152, 9.982104 ], [ -66.279793, 9.982553 ], [ -66.279480, 9.983147 ], [ -66.279053, 9.983875 ], [ -66.278366, 9.984855 ], [ -66.278030, 9.985349 ], [ -66.277580, 9.985941 ], [ -66.276939, 9.986758 ], [ -66.276558, 9.987206 ], [ -66.276062, 9.987528 ], [ -66.274803, 9.988258 ], [ -66.274262, 9.988480 ], [ -66.273636, 9.988565 ], [ -66.273079, 9.988524 ], [ -66.272385, 9.988375 ], [ -66.271736, 9.988252 ], [ -66.270256, 9.988176 ], [ -66.269218, 9.988069 ], [ -66.268616, 9.987892 ], [ -66.267860, 9.987560 ], [ -66.267075, 9.987265 ], [ -66.266151, 9.987113 ], [ -66.264481, 9.987081 ], [ -66.263901, 9.987094 ], [ -66.263115, 9.987061 ], [ -66.262169, 9.986954 ], [ -66.261268, 9.986702 ], [ -66.260574, 9.986579 ], [ -66.259575, 9.986562 ], [ -66.258438, 9.986579 ], [ -66.257630, 9.986618 ], [ -66.256836, 9.986692 ], [ -66.256256, 9.986887 ], [ -66.255501, 9.987405 ], [ -66.254684, 9.987804 ], [ -66.253357, 9.988263 ], [ -66.252495, 9.988590 ], [ -66.251740, 9.989036 ], [ -66.251106, 9.989392 ], [ -66.250435, 9.989702 ], [ -66.249733, 9.990040 ], [ -66.248261, 9.990588 ], [ -66.247047, 9.990886 ], [ -66.246162, 9.991212 ], [ -66.245506, 9.991387 ], [ -66.244598, 9.991579 ], [ -66.243950, 9.991772 ], [ -66.243202, 9.991875 ], [ -66.242531, 9.991932 ], [ -66.241951, 9.991919 ], [ -66.241333, 9.991751 ], [ -66.240776, 9.991393 ], [ -66.240211, 9.990829 ], [ -66.239776, 9.990319 ], [ -66.239128, 9.989058 ], [ -66.238793, 9.988369 ], [ -66.238419, 9.987553 ], [ -66.238083, 9.986646 ], [ -66.237618, 9.985702 ], [ -66.237190, 9.985048 ], [ -66.236710, 9.984602 ], [ -66.235725, 9.983826 ], [ -66.235268, 9.983424 ], [ -66.234840, 9.982861 ], [ -66.234428, 9.982424 ], [ -66.234093, 9.981680 ], [ -66.233780, 9.981027 ], [ -66.233543, 9.980356 ], [ -66.233208, 9.979685 ], [ -66.233009, 9.978943 ], [ -66.232834, 9.978345 ], [ -66.232620, 9.977377 ], [ -66.232376, 9.976841 ], [ -66.231796, 9.975698 ], [ -66.231483, 9.975027 ], [ -66.231285, 9.974474 ], [ -66.230865, 9.973242 ], [ -66.230621, 9.972662 ], [ -66.229980, 9.972286 ], [ -66.229424, 9.972119 ], [ -66.228844, 9.972133 ], [ -66.228081, 9.972072 ], [ -66.227364, 9.972056 ], [ -66.226570, 9.972475 ], [ -66.225815, 9.972947 ], [ -66.225113, 9.973276 ], [ -66.224373, 9.973288 ], [ -66.223350, 9.973342 ], [ -66.222771, 9.973329 ], [ -66.222221, 9.973297 ], [ -66.221596, 9.973210 ], [ -66.220932, 9.972744 ], [ -66.220520, 9.972370 ], [ -66.220436, 9.971719 ], [ -66.220413, 9.970689 ], [ -66.220245, 9.969766 ], [ -66.220047, 9.968933 ], [ -66.219665, 9.968234 ], [ -66.219086, 9.967298 ], [ -66.218422, 9.966507 ], [ -66.218040, 9.966106 ], [ -66.217514, 9.965687 ], [ -66.216972, 9.965013 ], [ -66.216583, 9.964432 ], [ -66.216179, 9.963896 ], [ -66.215485, 9.963745 ], [ -66.214890, 9.963596 ], [ -66.214287, 9.963329 ], [ -66.213577, 9.963061 ], [ -66.212723, 9.962791 ], [ -66.212196, 9.962535 ], [ -66.211433, 9.962194 ], [ -66.210876, 9.962090 ], [ -66.209495, 9.961771 ], [ -66.208786, 9.961412 ], [ -66.208260, 9.961011 ], [ -66.207482, 9.960399 ], [ -66.207092, 9.959998 ], [ -66.206711, 9.959579 ], [ -66.206139, 9.958852 ], [ -66.205421, 9.957527 ], [ -66.205177, 9.957046 ], [ -66.204636, 9.956319 ], [ -66.204178, 9.955873 ], [ -66.203339, 9.956226 ], [ -66.202606, 9.956790 ], [ -66.202187, 9.957148 ], [ -66.201385, 9.957665 ], [ -66.200615, 9.958083 ], [ -66.199845, 9.958555 ], [ -66.199348, 9.958940 ], [ -66.198669, 9.959341 ], [ -66.197197, 9.960069 ], [ -66.196678, 9.960291 ], [ -66.195847, 9.960465 ], [ -66.195289, 9.960478 ], [ -66.194336, 9.960343 ], [ -66.193809, 9.960167 ], [ -66.193184, 9.959972 ], [ -66.192566, 9.959805 ], [ -66.192009, 9.959701 ], [ -66.191178, 9.959594 ], [ -66.190552, 9.959652 ], [ -66.189941, 9.960053 ], [ -66.189125, 9.960336 ], [ -66.187828, 9.960316 ], [ -66.187225, 9.960328 ], [ -66.186600, 9.960178 ], [ -66.185905, 9.959983 ], [ -66.185005, 9.959822 ], [ -66.184387, 9.959464 ], [ -66.183861, 9.958927 ], [ -66.183457, 9.958535 ], [ -66.182915, 9.957835 ], [ -66.182388, 9.957135 ], [ -66.181847, 9.956642 ], [ -66.181175, 9.956303 ], [ -66.180351, 9.955781 ], [ -66.178726, 9.954926 ], [ -66.177986, 9.954659 ], [ -66.177200, 9.954435 ], [ -66.176392, 9.954193 ], [ -66.175407, 9.953833 ], [ -66.174645, 9.953492 ], [ -66.174141, 9.953279 ], [ -66.173287, 9.952938 ], [ -66.172508, 9.952697 ], [ -66.171654, 9.952400 ], [ -66.170708, 9.952203 ], [ -66.169670, 9.951932 ], [ -66.168541, 9.951426 ], [ -66.167663, 9.951157 ], [ -66.166878, 9.951005 ], [ -66.166123, 9.950872 ], [ -66.165146, 9.950810 ], [ -66.164154, 9.950720 ], [ -66.163551, 9.950715 ], [ -66.162163, 9.950595 ], [ -66.161323, 9.950579 ], [ -66.160721, 9.950727 ], [ -66.159767, 9.951035 ], [ -66.158951, 9.951299 ], [ -66.158157, 9.951581 ], [ -66.157478, 9.951955 ], [ -66.156868, 9.952411 ], [ -66.156441, 9.952859 ], [ -66.156174, 9.953570 ], [ -66.156135, 9.954373 ], [ -66.155937, 9.955031 ], [ -66.155533, 9.956663 ], [ -66.155472, 9.957395 ], [ -66.155502, 9.958362 ], [ -66.155540, 9.959030 ], [ -66.155358, 9.959878 ], [ -66.155136, 9.960563 ], [ -66.154900, 9.961084 ], [ -66.154328, 9.961676 ], [ -66.153831, 9.962169 ], [ -66.153252, 9.962371 ], [ -66.152519, 9.962862 ], [ -66.152077, 9.963246 ], [ -66.152039, 9.963798 ], [ -66.151886, 9.964645 ], [ -66.151833, 9.965196 ], [ -66.151733, 9.966523 ], [ -66.151787, 9.967490 ], [ -66.151772, 9.968367 ], [ -66.151710, 9.969107 ], [ -66.151749, 9.969658 ], [ -66.151390, 9.970342 ], [ -66.151031, 9.970818 ], [ -66.150742, 9.971293 ], [ -66.149811, 9.972704 ], [ -66.149551, 9.973226 ], [ -66.149429, 9.974814 ], [ -66.149139, 9.975354 ], [ -66.148849, 9.975929 ], [ -66.148560, 9.976632 ], [ -66.148247, 9.977180 ], [ -66.147843, 9.977791 ], [ -66.147324, 9.978355 ], [ -66.146988, 9.978886 ], [ -66.146553, 9.979750 ], [ -66.146171, 9.980478 ], [ -66.145767, 9.980980 ], [ -66.145294, 9.981338 ], [ -66.144699, 9.981161 ], [ -66.143959, 9.981010 ], [ -66.143196, 9.980786 ], [ -66.142662, 9.980647 ], [ -66.142113, 9.980308 ], [ -66.141594, 9.979842 ], [ -66.141205, 9.979279 ], [ -66.140961, 9.978798 ], [ -66.140762, 9.978236 ], [ -66.140564, 9.977593 ], [ -66.140328, 9.976923 ], [ -66.139984, 9.976450 ], [ -66.139282, 9.975685 ], [ -66.138443, 9.974720 ], [ -66.138008, 9.974328 ], [ -66.137367, 9.973690 ], [ -66.136688, 9.973079 ], [ -66.136162, 9.972677 ], [ -66.135521, 9.972274 ], [ -66.134949, 9.971944 ], [ -66.134331, 9.971469 ], [ -66.133644, 9.971110 ], [ -66.133087, 9.970970 ], [ -66.132438, 9.970766 ], [ -66.131981, 9.970437 ], [ -66.131599, 9.969855 ], [ -66.131195, 9.969301 ], [ -66.130783, 9.968855 ], [ -66.129952, 9.968604 ], [ -66.129074, 9.968542 ], [ -66.128395, 9.968852 ], [ -66.127861, 9.969055 ], [ -66.127090, 9.969202 ], [ -66.126473, 9.969026 ], [ -66.125992, 9.968534 ], [ -66.125679, 9.968025 ], [ -66.125633, 9.966552 ], [ -66.125672, 9.966002 ], [ -66.125633, 9.965333 ], [ -66.125649, 9.964457 ], [ -66.125526, 9.963652 ], [ -66.125351, 9.963044 ], [ -66.125084, 9.962491 ], [ -66.124771, 9.961938 ], [ -66.124413, 9.961329 ], [ -66.123978, 9.960883 ], [ -66.123428, 9.960507 ], [ -66.122307, 9.959839 ], [ -66.121658, 9.959643 ], [ -66.121033, 9.959683 ], [ -66.120315, 9.959668 ], [ -66.119720, 9.959428 ], [ -66.119125, 9.958980 ], [ -66.118088, 9.958773 ], [ -66.117485, 9.958758 ], [ -66.116898, 9.959142 ], [ -66.116356, 9.959390 ], [ -66.115639, 9.959600 ], [ -66.115029, 9.959685 ], [ -66.114311, 9.959743 ], [ -66.113388, 9.959744 ], [ -66.112785, 9.959711 ], [ -66.111900, 9.959784 ], [ -66.111229, 9.959869 ], [ -66.110580, 9.959900 ], [ -66.110001, 9.959867 ], [ -66.109421, 9.959736 ], [ -66.108635, 9.959585 ], [ -66.107460, 9.959223 ], [ -66.106720, 9.959071 ], [ -66.106003, 9.959029 ], [ -66.105400, 9.959187 ], [ -66.104630, 9.959279 ], [ -66.104057, 9.959229 ], [ -66.103409, 9.958889 ], [ -66.102768, 9.958675 ], [ -66.101875, 9.958171 ], [ -66.101364, 9.957959 ], [ -66.100555, 9.957780 ], [ -66.099358, 9.957463 ], [ -66.098618, 9.957357 ], [ -66.097992, 9.957342 ], [ -66.097252, 9.957236 ], [ -66.096649, 9.957205 ], [ -66.095886, 9.957207 ], [ -66.094727, 9.957422 ], [ -66.094070, 9.957679 ], [ -66.093575, 9.958000 ], [ -66.092545, 9.958804 ], [ -66.092003, 9.959278 ], [ -66.091530, 9.959770 ], [ -66.090584, 9.960837 ], [ -66.090286, 9.961548 ], [ -66.090118, 9.962098 ], [ -66.089630, 9.963376 ], [ -66.089386, 9.963970 ], [ -66.089004, 9.964789 ], [ -66.088615, 9.965490 ], [ -66.087921, 9.966703 ], [ -66.087418, 9.967730 ], [ -66.087150, 9.968205 ], [ -66.086861, 9.968772 ], [ -66.086510, 9.969203 ], [ -66.085869, 9.969947 ], [ -66.085350, 9.970511 ], [ -66.084259, 9.971667 ], [ -66.083565, 9.972484 ], [ -66.083084, 9.973048 ], [ -66.082710, 9.973460 ], [ -66.082077, 9.973816 ], [ -66.080307, 9.974081 ], [ -66.079613, 9.974093 ], [ -66.078781, 9.974122 ], [ -66.077988, 9.974196 ], [ -66.077126, 9.974460 ], [ -66.076393, 9.974255 ], [ -66.075935, 9.973835 ], [ -66.075409, 9.973523 ], [ -66.074738, 9.973219 ], [ -66.073914, 9.972805 ], [ -66.073319, 9.972475 ], [ -66.072624, 9.972234 ], [ -66.071701, 9.972036 ], [ -66.070709, 9.971919 ], [ -66.070107, 9.972004 ], [ -66.069077, 9.972239 ], [ -66.068474, 9.972450 ], [ -66.067612, 9.972596 ], [ -66.067055, 9.972565 ], [ -66.066406, 9.972487 ], [ -66.065582, 9.972262 ], [ -66.064911, 9.972067 ], [ -66.064354, 9.971990 ], [ -66.063728, 9.972156 ], [ -66.062584, 9.972552 ], [ -66.061913, 9.972628 ], [ -66.061310, 9.972478 ], [ -66.060753, 9.972355 ], [ -66.060173, 9.971889 ], [ -66.059776, 9.971334 ], [ -66.059662, 9.970783 ], [ -66.059730, 9.970142 ], [ -66.059891, 9.969502 ], [ -66.059845, 9.968788 ], [ -66.059753, 9.968236 ], [ -66.059586, 9.967548 ], [ -66.059334, 9.966949 ], [ -66.058983, 9.966441 ], [ -66.058800, 9.965816 ], [ -66.058708, 9.965246 ], [ -66.058754, 9.964442 ], [ -66.058746, 9.963792 ], [ -66.058815, 9.963197 ], [ -66.058769, 9.962482 ], [ -66.058678, 9.961841 ], [ -66.058494, 9.961269 ], [ -66.058167, 9.960715 ], [ -66.057678, 9.960278 ], [ -66.057167, 9.959777 ], [ -66.056587, 9.959591 ], [ -66.055847, 9.959683 ], [ -66.055267, 9.959705 ], [ -66.054711, 9.959610 ], [ -66.053856, 9.959386 ], [ -66.052994, 9.959134 ], [ -66.052414, 9.959039 ], [ -66.051857, 9.959133 ], [ -66.051300, 9.959291 ], [ -66.050537, 9.959546 ], [ -66.049820, 9.959640 ], [ -66.048874, 9.959568 ], [ -66.047943, 9.959523 ], [ -66.047363, 9.959545 ], [ -66.046806, 9.959685 ], [ -66.046272, 9.959870 ], [ -66.045555, 9.959963 ], [ -66.044907, 9.959876 ], [ -66.044190, 9.959806 ], [ -66.043427, 9.959709 ], [ -66.042679, 9.959666 ], [ -66.041962, 9.959434 ], [ -66.041428, 9.959186 ], [ -66.040779, 9.958818 ], [ -66.040268, 9.958561 ], [ -66.039574, 9.957995 ], [ -66.038696, 9.957481 ], [ -66.038185, 9.957260 ], [ -66.037369, 9.957460 ], [ -66.036560, 9.957507 ], [ -66.035797, 9.957492 ], [ -66.035148, 9.957423 ], [ -66.034523, 9.957399 ], [ -66.033752, 9.957419 ], [ -66.032784, 9.957510 ], [ -66.031921, 9.957349 ], [ -66.031250, 9.957027 ], [ -66.030487, 9.956569 ], [ -66.029862, 9.956274 ], [ -66.029259, 9.955925 ], [ -66.028419, 9.955466 ], [ -66.027794, 9.955054 ], [ -66.027168, 9.954867 ], [ -66.025642, 9.954755 ], [ -66.024757, 9.954738 ], [ -66.024177, 9.954670 ], [ -66.023300, 9.954463 ], [ -66.022507, 9.954004 ], [ -66.022026, 9.953657 ], [ -66.021347, 9.953289 ], [ -66.020653, 9.953148 ], [ -66.019661, 9.953085 ], [ -66.019081, 9.952510 ], [ -66.018501, 9.951864 ], [ -66.017822, 9.951632 ], [ -66.017059, 9.951499 ], [ -66.016502, 9.951448 ], [ -66.015183, 9.950831 ], [ -66.014603, 9.950510 ], [ -66.013397, 9.949750 ], [ -66.012306, 9.949225 ], [ -66.010986, 9.948653 ], [ -66.010498, 9.948369 ], [ -66.009758, 9.947757 ], [ -66.009132, 9.947110 ], [ -66.008736, 9.946601 ], [ -66.007805, 9.946123 ], [ -66.007271, 9.945775 ], [ -66.006760, 9.945292 ], [ -66.006226, 9.944998 ], [ -66.005417, 9.944746 ], [ -66.003937, 9.944399 ], [ -66.003075, 9.944373 ], [ -66.002358, 9.944376 ], [ -66.001266, 9.943870 ], [ -66.000641, 9.943620 ], [ -66.000038, 9.943271 ], [ -65.999206, 9.942903 ], [ -65.998482, 9.942652 ], [ -65.997719, 9.942356 ], [ -65.997139, 9.942152 ], [ -65.996422, 9.942056 ], [ -65.995659, 9.941922 ], [ -65.994988, 9.941762 ], [ -65.993896, 9.941852 ], [ -65.993271, 9.941946 ], [ -65.992531, 9.942336 ], [ -65.991738, 9.942844 ], [ -65.990738, 9.943946 ], [ -65.990402, 9.943934 ], [ -65.989868, 9.943712 ], [ -65.989494, 9.943140 ], [ -65.989143, 9.942658 ], [ -65.988770, 9.942240 ], [ -65.988190, 9.941882 ], [ -65.987679, 9.941651 ], [ -65.987099, 9.941348 ], [ -65.986176, 9.941014 ], [ -65.985222, 9.940781 ], [ -65.984436, 9.940900 ], [ -65.983810, 9.941084 ], [ -65.982811, 9.941337 ], [ -65.981911, 9.941527 ], [ -65.980538, 9.941668 ], [ -65.979820, 9.941789 ], [ -65.978920, 9.942015 ], [ -65.977745, 9.942518 ], [ -65.976791, 9.942944 ], [ -65.975632, 9.943268 ], [ -65.975052, 9.943380 ], [ -65.974335, 9.943563 ], [ -65.973663, 9.943684 ], [ -65.972969, 9.943849 ], [ -65.972206, 9.944077 ], [ -65.971512, 9.944350 ], [ -65.970650, 9.944632 ], [ -65.969933, 9.944842 ], [ -65.969261, 9.945053 ], [ -65.968338, 9.945234 ], [ -65.967666, 9.945354 ], [ -65.966324, 9.945496 ], [ -65.965324, 9.945514 ], [ -65.964699, 9.945499 ], [ -65.964119, 9.945404 ], [ -65.963585, 9.944739 ], [ -65.963074, 9.944238 ], [ -65.962700, 9.943684 ], [ -65.962280, 9.943110 ], [ -65.961746, 9.942591 ], [ -65.961098, 9.942061 ], [ -65.960564, 9.941668 ], [ -65.960052, 9.941257 ], [ -65.959564, 9.940756 ], [ -65.958824, 9.940180 ], [ -65.958336, 9.939769 ], [ -65.957474, 9.939563 ], [ -65.956871, 9.939729 ], [ -65.955925, 9.940027 ], [ -65.955132, 9.940102 ], [ -65.954346, 9.939940 ], [ -65.953583, 9.939663 ], [ -65.953026, 9.939368 ], [ -65.952469, 9.939047 ], [ -65.951790, 9.938680 ], [ -65.951027, 9.938249 ], [ -65.950310, 9.937862 ], [ -65.949570, 9.937747 ], [ -65.948967, 9.938139 ], [ -65.948204, 9.938737 ], [ -65.947624, 9.939219 ], [ -65.947044, 9.939612 ], [ -65.946587, 9.939978 ], [ -65.945656, 9.941017 ], [ -65.945152, 9.941727 ], [ -65.944710, 9.942445 ], [ -65.943901, 9.943503 ], [ -65.943466, 9.943960 ], [ -65.942955, 9.944470 ], [ -65.942444, 9.944926 ], [ -65.942009, 9.945555 ], [ -65.941689, 9.946039 ], [ -65.941086, 9.946865 ], [ -65.940529, 9.947600 ], [ -65.939880, 9.948290 ], [ -65.938797, 9.949120 ], [ -65.938034, 9.949555 ], [ -65.937385, 9.949513 ], [ -65.936897, 9.949238 ], [ -65.936569, 9.948485 ], [ -65.936409, 9.947797 ], [ -65.936218, 9.947245 ], [ -65.935890, 9.946718 ], [ -65.935196, 9.946368 ], [ -65.934479, 9.946307 ], [ -65.933693, 9.946372 ], [ -65.933067, 9.946556 ], [ -65.932533, 9.946723 ], [ -65.930847, 9.947764 ], [ -65.930290, 9.947967 ], [ -65.929527, 9.948150 ], [ -65.928642, 9.948268 ], [ -65.927879, 9.948315 ], [ -65.926971, 9.948415 ], [ -65.925980, 9.948343 ], [ -65.925423, 9.948139 ], [ -65.924400, 9.947823 ], [ -65.922706, 9.947527 ], [ -65.921783, 9.947573 ], [ -65.920998, 9.947692 ], [ -65.920067, 9.947900 ], [ -65.918327, 9.947992 ], [ -65.917381, 9.948065 ], [ -65.916496, 9.948066 ], [ -65.915916, 9.948114 ], [ -65.915108, 9.948234 ], [ -65.914230, 9.948487 ], [ -65.913300, 9.948903 ], [ -65.912773, 9.949161 ], [ -65.912216, 9.949409 ], [ -65.910919, 9.949893 ], [ -65.910408, 9.950151 ], [ -65.909828, 9.950407 ], [ -65.909271, 9.950682 ], [ -65.908676, 9.951092 ], [ -65.908028, 9.951673 ], [ -65.907288, 9.952452 ], [ -65.906662, 9.953349 ], [ -65.906296, 9.953834 ], [ -65.904587, 9.956202 ], [ -65.903984, 9.956846 ], [ -65.903267, 9.957589 ], [ -65.902573, 9.958279 ], [ -65.902153, 9.958645 ], [ -65.901581, 9.959290 ], [ -65.901092, 9.959999 ], [ -65.900535, 9.960627 ], [ -65.900146, 9.961083 ], [ -65.899773, 9.961568 ], [ -65.899315, 9.962232 ], [ -65.898964, 9.962671 ], [ -65.898552, 9.963245 ], [ -65.897904, 9.964052 ], [ -65.897514, 9.964509 ], [ -65.896797, 9.965107 ], [ -65.896080, 9.965760 ], [ -65.895500, 9.966260 ], [ -65.894989, 9.966743 ], [ -65.894440, 9.967226 ], [ -65.893837, 9.967735 ], [ -65.893280, 9.968173 ], [ -65.892815, 9.968520 ], [ -65.892212, 9.968840 ], [ -65.891106, 9.969281 ], [ -65.890526, 9.969493 ], [ -65.889992, 9.969723 ], [ -65.887955, 9.970435 ], [ -65.887077, 9.970553 ], [ -65.886215, 9.970690 ], [ -65.885460, 9.970918 ] ] ] } }

]
}
