{
"type": "FeatureCollection",
"features": [
{ "type": "Feature", "properties": { "COD_ESTADO": "13", "ESTADO": "LARA" }, "geometry": { "type": "Polygon", "coordinates": [ [ [ -69.345512, 9.744139 ], [ -69.343109, 9.738866 ], [ -69.343223, 9.737934 ], [ -69.343193, 9.737174 ], [ -69.343193, 9.736506 ], [ -69.343101, 9.735863 ], [ -69.342934, 9.735221 ], [ -69.342407, 9.734399 ], [ -69.342102, 9.733874 ], [ -69.341728, 9.733160 ], [ -69.341408, 9.732428 ], [ -69.341103, 9.731695 ], [ -69.340843, 9.730827 ], [ -69.340698, 9.730068 ], [ -69.340660, 9.729245 ], [ -69.340706, 9.728576 ], [ -69.340958, 9.727798 ], [ -69.341187, 9.727219 ], [ -69.341438, 9.726666 ], [ -69.341766, 9.726069 ], [ -69.342178, 9.725409 ], [ -69.342621, 9.724919 ], [ -69.343590, 9.723915 ], [ -69.344078, 9.723516 ], [ -69.344559, 9.723154 ], [ -69.345024, 9.722693 ], [ -69.345512, 9.722185 ], [ -69.345970, 9.721751 ], [ -69.346527, 9.721081 ], [ -69.346962, 9.720420 ], [ -69.348007, 9.718972 ], [ -69.348442, 9.718329 ], [ -69.348717, 9.717633 ], [ -69.348930, 9.716972 ], [ -69.348969, 9.716122 ], [ -69.348946, 9.715272 ], [ -69.348762, 9.714630 ], [ -69.348526, 9.714061 ], [ -69.348274, 9.713319 ], [ -69.348061, 9.712586 ], [ -69.347946, 9.711809 ], [ -69.348038, 9.711212 ], [ -69.348244, 9.710452 ], [ -69.348541, 9.709809 ], [ -69.348915, 9.709303 ], [ -69.349373, 9.708823 ], [ -69.349701, 9.708225 ], [ -69.349861, 9.707628 ], [ -69.349953, 9.707031 ], [ -69.349999, 9.706226 ], [ -69.350090, 9.705331 ], [ -69.350136, 9.704046 ], [ -69.350296, 9.703359 ], [ -69.350731, 9.702626 ], [ -69.351242, 9.701848 ], [ -69.351654, 9.701341 ], [ -69.352188, 9.700996 ], [ -69.353508, 9.700371 ], [ -69.354157, 9.700162 ], [ -69.354874, 9.699890 ], [ -69.355591, 9.699564 ], [ -69.356193, 9.699627 ], [ -69.357025, 9.699608 ], [ -69.357834, 9.699353 ], [ -69.358414, 9.699073 ], [ -69.359108, 9.698818 ], [ -69.359756, 9.698637 ], [ -69.360497, 9.698356 ], [ -69.361305, 9.698011 ], [ -69.361977, 9.697784 ], [ -69.362580, 9.697531 ], [ -69.363159, 9.697322 ], [ -69.363876, 9.697186 ], [ -69.364449, 9.697041 ], [ -69.365028, 9.696832 ], [ -69.366028, 9.696379 ], [ -69.366951, 9.695844 ], [ -69.367485, 9.695572 ], [ -69.368034, 9.695200 ], [ -69.368591, 9.694856 ], [ -69.369125, 9.694557 ], [ -69.369980, 9.693977 ], [ -69.370232, 9.693769 ], [ -69.370499, 9.693387 ], [ -69.370651, 9.692782 ], [ -69.370926, 9.692231 ], [ -69.371063, 9.691615 ], [ -69.371086, 9.690838 ], [ -69.370804, 9.690332 ], [ -69.370575, 9.689690 ], [ -69.370621, 9.688812 ], [ -69.370827, 9.687943 ], [ -69.371033, 9.687211 ], [ -69.370727, 9.686632 ], [ -69.370407, 9.685810 ], [ -69.370033, 9.684733 ], [ -69.369873, 9.684001 ], [ -69.369614, 9.683450 ], [ -69.369240, 9.682717 ], [ -69.368805, 9.681913 ], [ -69.368408, 9.681407 ], [ -69.367920, 9.680856 ], [ -69.367317, 9.680314 ], [ -69.366920, 9.679872 ], [ -69.366409, 9.679256 ], [ -69.365830, 9.678452 ], [ -69.365410, 9.677449 ], [ -69.365044, 9.676943 ], [ -69.364670, 9.676373 ], [ -69.364441, 9.675659 ], [ -69.364670, 9.674945 ], [ -69.365173, 9.674374 ], [ -69.365242, 9.673732 ], [ -69.365196, 9.672031 ], [ -69.365128, 9.671462 ], [ -69.365173, 9.670657 ], [ -69.365196, 9.669870 ], [ -69.365166, 9.669165 ], [ -69.365074, 9.668477 ], [ -69.364960, 9.667745 ], [ -69.364822, 9.666696 ], [ -69.365135, 9.666080 ], [ -69.365814, 9.664895 ], [ -69.366104, 9.664162 ], [ -69.366363, 9.663637 ], [ -69.366669, 9.663067 ], [ -69.366951, 9.662515 ], [ -69.367119, 9.661927 ], [ -69.367172, 9.661330 ], [ -69.367271, 9.660733 ], [ -69.367393, 9.660064 ], [ -69.367592, 9.659431 ], [ -69.367668, 9.658806 ], [ -69.367645, 9.658118 ], [ -69.367539, 9.657539 ], [ -69.367477, 9.656879 ], [ -69.367393, 9.656256 ], [ -69.367424, 9.655614 ], [ -69.367424, 9.654999 ], [ -69.367500, 9.654356 ], [ -69.367699, 9.653777 ], [ -69.368332, 9.652709 ], [ -69.368683, 9.652184 ], [ -69.369179, 9.651659 ], [ -69.369736, 9.651252 ], [ -69.370155, 9.650781 ], [ -69.370575, 9.650346 ], [ -69.370956, 9.649894 ], [ -69.371216, 9.649279 ], [ -69.371521, 9.648500 ], [ -69.371651, 9.647876 ], [ -69.371750, 9.647170 ], [ -69.371773, 9.646573 ], [ -69.371712, 9.645976 ], [ -69.371605, 9.645326 ], [ -69.371567, 9.644620 ], [ -69.371574, 9.643906 ], [ -69.371544, 9.642576 ], [ -69.371574, 9.641889 ], [ -69.371483, 9.641192 ], [ -69.371445, 9.640550 ], [ -69.371567, 9.639863 ], [ -69.372131, 9.639455 ], [ -69.372711, 9.639282 ], [ -69.374054, 9.638793 ], [ -69.374664, 9.638431 ], [ -69.375198, 9.638022 ], [ -69.375603, 9.637452 ], [ -69.375954, 9.636909 ], [ -69.376328, 9.636448 ], [ -69.376656, 9.635904 ], [ -69.377014, 9.635380 ], [ -69.377411, 9.634882 ], [ -69.377968, 9.634447 ], [ -69.378525, 9.634202 ], [ -69.379738, 9.634074 ], [ -69.380432, 9.633884 ], [ -69.381012, 9.633494 ], [ -69.381599, 9.633023 ], [ -69.382759, 9.632416 ], [ -69.383858, 9.631782 ], [ -69.384438, 9.631401 ], [ -69.385025, 9.631039 ], [ -69.385605, 9.630630 ], [ -69.386093, 9.630241 ], [ -69.386604, 9.629907 ], [ -69.387146, 9.629616 ], [ -69.387588, 9.629227 ], [ -69.388191, 9.628819 ], [ -69.389130, 9.628004 ], [ -69.389595, 9.627579 ], [ -69.390015, 9.627053 ], [ -69.390465, 9.626366 ], [ -69.390907, 9.625840 ], [ -69.391380, 9.625369 ], [ -69.391869, 9.624845 ], [ -69.392242, 9.624347 ], [ -69.392715, 9.623776 ], [ -69.393135, 9.623160 ], [ -69.393402, 9.622591 ], [ -69.393730, 9.622066 ], [ -69.394127, 9.621332 ], [ -69.394676, 9.620165 ], [ -69.394936, 9.619577 ], [ -69.395126, 9.618961 ], [ -69.395203, 9.618338 ], [ -69.395256, 9.617741 ], [ -69.395172, 9.617099 ], [ -69.395012, 9.616520 ], [ -69.394837, 9.615951 ], [ -69.394524, 9.614702 ], [ -69.394295, 9.614124 ], [ -69.394051, 9.613572 ], [ -69.393867, 9.612976 ], [ -69.393646, 9.612397 ], [ -69.393486, 9.611800 ], [ -69.393196, 9.611104 ], [ -69.392715, 9.610671 ], [ -69.392227, 9.610291 ], [ -69.391632, 9.609966 ], [ -69.391037, 9.609596 ], [ -69.390297, 9.609099 ], [ -69.389816, 9.608729 ], [ -69.389244, 9.608359 ], [ -69.388641, 9.608052 ], [ -69.388001, 9.607791 ], [ -69.386803, 9.607177 ], [ -69.385788, 9.606482 ], [ -69.385239, 9.606202 ], [ -69.384705, 9.605895 ], [ -69.384247, 9.605525 ], [ -69.383141, 9.604820 ], [ -69.382569, 9.604468 ], [ -69.382347, 9.603899 ], [ -69.382400, 9.603230 ], [ -69.382423, 9.602633 ], [ -69.382408, 9.602036 ], [ -69.382370, 9.601258 ], [ -69.382378, 9.600661 ], [ -69.382431, 9.599946 ], [ -69.382462, 9.599241 ], [ -69.382607, 9.598508 ], [ -69.382858, 9.597061 ], [ -69.383026, 9.596464 ], [ -69.383400, 9.595731 ], [ -69.384102, 9.595558 ], [ -69.384674, 9.595657 ], [ -69.385925, 9.596017 ], [ -69.386543, 9.596179 ], [ -69.387840, 9.596567 ], [ -69.388435, 9.596756 ], [ -69.389755, 9.596673 ], [ -69.390480, 9.596663 ], [ -69.391983, 9.596815 ], [ -69.392861, 9.596715 ], [ -69.393555, 9.596560 ], [ -69.394226, 9.596523 ], [ -69.395523, 9.596767 ], [ -69.396217, 9.596929 ], [ -69.396835, 9.597099 ], [ -69.397530, 9.597199 ], [ -69.398224, 9.597323 ], [ -69.398941, 9.597377 ], [ -69.399773, 9.597494 ], [ -69.400558, 9.597647 ], [ -69.401253, 9.597791 ], [ -69.401924, 9.597980 ], [ -69.403168, 9.598313 ], [ -69.403793, 9.598393 ], [ -69.404534, 9.598447 ], [ -69.405205, 9.598637 ], [ -69.405823, 9.598781 ], [ -69.406975, 9.599321 ], [ -69.407669, 9.599511 ], [ -69.408341, 9.599609 ], [ -69.409080, 9.599853 ], [ -69.409653, 9.599997 ], [ -69.410233, 9.600205 ], [ -69.410858, 9.600285 ], [ -69.411476, 9.600402 ], [ -69.412102, 9.600500 ], [ -69.412796, 9.600509 ], [ -69.413422, 9.600336 ], [ -69.413796, 9.600155 ], [ -69.414429, 9.599910 ], [ -69.415032, 9.599773 ], [ -69.415611, 9.599691 ], [ -69.416214, 9.599537 ], [ -69.416862, 9.599427 ], [ -69.417442, 9.599210 ], [ -69.418815, 9.598647 ], [ -69.419533, 9.598420 ], [ -69.420158, 9.598175 ], [ -69.420837, 9.597930 ], [ -69.421417, 9.597731 ], [ -69.421997, 9.597558 ], [ -69.422554, 9.597286 ], [ -69.423256, 9.596969 ], [ -69.423836, 9.596661 ], [ -69.425255, 9.596143 ], [ -69.426132, 9.595925 ], [ -69.426811, 9.595590 ], [ -69.427345, 9.595300 ], [ -69.427925, 9.595118 ], [ -69.429115, 9.594438 ], [ -69.429741, 9.594175 ], [ -69.430366, 9.593858 ], [ -69.431000, 9.593477 ], [ -69.431717, 9.593186 ], [ -69.432297, 9.592987 ], [ -69.433647, 9.592587 ], [ -69.434364, 9.592433 ], [ -69.435036, 9.592215 ], [ -69.435638, 9.592105 ], [ -69.436386, 9.591878 ], [ -69.436943, 9.591588 ], [ -69.437523, 9.591316 ], [ -69.437897, 9.591270 ], [ -69.438042, 9.590357 ], [ -69.438263, 9.589579 ], [ -69.438515, 9.588945 ], [ -69.438644, 9.588321 ], [ -69.438858, 9.587633 ], [ -69.438980, 9.587064 ], [ -69.438965, 9.586403 ], [ -69.439064, 9.585598 ], [ -69.439186, 9.584910 ], [ -69.439011, 9.584314 ], [ -69.438622, 9.583798 ], [ -69.438095, 9.583474 ], [ -69.437492, 9.583284 ], [ -69.437241, 9.582706 ], [ -69.437202, 9.582064 ], [ -69.437141, 9.581395 ], [ -69.437195, 9.580752 ], [ -69.437523, 9.580228 ], [ -69.437157, 9.579749 ], [ -69.437279, 9.579106 ], [ -69.437637, 9.578582 ], [ -69.437851, 9.578011 ], [ -69.437996, 9.577296 ], [ -69.438027, 9.576699 ], [ -69.438103, 9.576013 ], [ -69.438164, 9.574710 ], [ -69.438164, 9.574113 ], [ -69.438194, 9.573308 ], [ -69.438027, 9.571906 ], [ -69.437988, 9.571192 ], [ -69.437881, 9.570504 ], [ -69.437897, 9.569166 ], [ -69.437759, 9.568596 ], [ -69.437447, 9.567990 ], [ -69.437103, 9.567467 ], [ -69.436897, 9.566906 ], [ -69.437301, 9.566362 ], [ -69.437378, 9.565585 ], [ -69.436714, 9.564564 ], [ -69.436417, 9.564057 ], [ -69.436333, 9.563460 ], [ -69.436958, 9.563170 ], [ -69.438187, 9.563043 ], [ -69.438568, 9.562472 ], [ -69.438759, 9.561811 ], [ -69.439087, 9.561259 ], [ -69.439163, 9.560662 ], [ -69.438736, 9.559487 ], [ -69.439041, 9.558826 ], [ -69.439438, 9.558329 ], [ -69.439842, 9.557785 ], [ -69.440354, 9.557323 ], [ -69.440964, 9.556880 ], [ -69.441566, 9.556355 ], [ -69.441803, 9.555802 ], [ -69.441994, 9.554544 ], [ -69.442078, 9.553858 ], [ -69.441620, 9.552542 ], [ -69.442833, 9.552419 ], [ -69.443535, 9.551992 ], [ -69.444138, 9.551883 ], [ -69.444809, 9.551702 ], [ -69.445457, 9.551691 ], [ -69.446106, 9.551655 ], [ -69.446732, 9.551681 ], [ -69.447471, 9.551571 ], [ -69.448166, 9.551489 ], [ -69.448822, 9.551290 ], [ -69.450745, 9.550780 ], [ -69.451416, 9.550626 ], [ -69.451996, 9.550516 ], [ -69.452621, 9.550525 ], [ -69.453804, 9.550360 ], [ -69.454407, 9.550223 ], [ -69.455055, 9.550096 ], [ -69.455803, 9.549987 ], [ -69.456474, 9.549923 ], [ -69.457794, 9.549641 ], [ -69.458534, 9.549630 ], [ -69.459877, 9.549366 ], [ -69.461197, 9.549293 ], [ -69.462517, 9.549390 ], [ -69.463165, 9.549398 ], [ -69.463905, 9.549388 ], [ -69.464714, 9.549415 ], [ -69.465362, 9.549450 ], [ -69.466034, 9.549458 ], [ -69.466728, 9.549484 ], [ -69.467400, 9.549520 ], [ -69.468742, 9.549689 ], [ -69.469620, 9.549679 ], [ -69.470360, 9.549497 ], [ -69.471573, 9.548826 ], [ -69.472198, 9.548581 ], [ -69.472809, 9.548399 ], [ -69.474358, 9.548026 ], [ -69.475029, 9.548017 ], [ -69.475632, 9.548115 ], [ -69.476395, 9.548096 ], [ -69.477066, 9.548059 ], [ -69.477646, 9.547968 ], [ -69.478325, 9.547705 ], [ -69.479065, 9.547323 ], [ -69.479782, 9.547096 ], [ -69.480484, 9.546897 ], [ -69.481087, 9.546769 ], [ -69.481713, 9.546823 ], [ -69.482445, 9.546993 ], [ -69.483696, 9.547235 ], [ -69.484482, 9.547334 ], [ -69.485222, 9.547342 ], [ -69.485962, 9.547305 ], [ -69.486610, 9.547358 ], [ -69.487442, 9.547547 ], [ -69.488022, 9.547763 ], [ -69.488877, 9.547979 ], [ -69.489517, 9.548186 ], [ -69.490372, 9.548204 ], [ -69.491043, 9.548347 ], [ -69.491692, 9.548609 ], [ -69.492264, 9.548996 ], [ -69.492699, 9.549466 ], [ -69.493134, 9.550044 ], [ -69.493706, 9.550442 ], [ -69.494392, 9.551643 ], [ -69.494988, 9.552013 ], [ -69.495636, 9.552085 ], [ -69.496231, 9.552328 ], [ -69.496880, 9.552997 ], [ -69.497261, 9.553738 ], [ -69.497604, 9.554361 ], [ -69.497994, 9.554957 ], [ -69.498497, 9.555264 ], [ -69.499191, 9.555318 ], [ -69.499977, 9.555588 ], [ -69.500298, 9.555307 ], [ -69.500694, 9.554917 ], [ -69.501106, 9.554482 ], [ -69.501572, 9.554093 ], [ -69.502106, 9.553839 ], [ -69.502731, 9.553676 ], [ -69.503258, 9.553449 ], [ -69.503700, 9.553059 ], [ -69.504044, 9.552506 ], [ -69.504509, 9.551357 ], [ -69.504860, 9.550905 ], [ -69.505158, 9.550398 ], [ -69.505485, 9.549918 ], [ -69.505852, 9.549293 ], [ -69.506203, 9.548633 ], [ -69.506386, 9.548099 ], [ -69.506409, 9.547502 ], [ -69.506271, 9.546932 ], [ -69.506149, 9.546309 ], [ -69.505920, 9.545802 ], [ -69.505875, 9.545160 ], [ -69.506172, 9.544699 ], [ -69.506637, 9.544354 ], [ -69.507240, 9.544362 ], [ -69.507912, 9.544425 ], [ -69.508560, 9.544614 ], [ -69.509277, 9.544866 ], [ -69.509811, 9.545028 ], [ -69.510391, 9.545162 ], [ -69.511086, 9.545397 ], [ -69.511703, 9.545423 ], [ -69.512283, 9.545196 ], [ -69.512772, 9.544779 ], [ -69.513115, 9.544272 ], [ -69.513535, 9.543838 ], [ -69.514137, 9.543493 ], [ -69.515274, 9.543356 ], [ -69.516014, 9.543291 ], [ -69.516754, 9.543317 ], [ -69.518578, 9.543450 ], [ -69.519318, 9.543593 ], [ -69.519943, 9.543729 ], [ -69.520523, 9.543782 ], [ -69.521240, 9.543709 ], [ -69.521957, 9.543527 ], [ -69.522606, 9.543209 ], [ -69.523186, 9.542728 ], [ -69.523605, 9.542131 ], [ -69.523926, 9.541461 ], [ -69.524269, 9.540819 ], [ -69.524689, 9.540266 ], [ -69.525177, 9.539859 ], [ -69.525757, 9.539695 ], [ -69.526405, 9.539694 ], [ -69.527763, 9.539837 ], [ -69.528389, 9.539881 ], [ -69.529083, 9.539952 ], [ -69.529732, 9.540024 ], [ -69.530426, 9.540113 ], [ -69.530983, 9.540275 ], [ -69.531609, 9.540482 ], [ -69.532234, 9.540436 ], [ -69.532860, 9.540254 ], [ -69.533394, 9.540072 ], [ -69.534134, 9.539637 ], [ -69.534660, 9.539066 ], [ -69.535080, 9.538677 ], [ -69.535591, 9.538378 ], [ -69.536354, 9.538105 ], [ -69.537025, 9.537779 ], [ -69.537720, 9.537551 ], [ -69.538460, 9.537161 ], [ -69.539085, 9.536980 ], [ -69.539734, 9.537069 ], [ -69.540237, 9.537321 ], [ -69.541374, 9.537736 ], [ -69.541885, 9.537970 ], [ -69.542442, 9.538041 ], [ -69.543037, 9.538013 ], [ -69.543686, 9.537967 ], [ -69.544434, 9.537830 ], [ -69.545105, 9.537766 ], [ -69.545868, 9.537765 ], [ -69.546486, 9.537953 ], [ -69.547783, 9.538385 ], [ -69.548454, 9.538620 ], [ -69.549011, 9.538827 ], [ -69.549660, 9.539106 ], [ -69.550331, 9.539268 ], [ -69.550888, 9.539312 ], [ -69.551582, 9.539311 ], [ -69.552300, 9.539247 ], [ -69.552879, 9.539156 ], [ -69.553459, 9.538974 ], [ -69.554108, 9.538856 ], [ -69.554680, 9.538809 ], [ -69.555839, 9.538807 ], [ -69.556396, 9.538770 ], [ -69.556999, 9.538651 ], [ -69.557579, 9.538470 ], [ -69.558174, 9.538197 ], [ -69.558823, 9.537826 ], [ -69.559380, 9.537373 ], [ -69.559868, 9.536820 ], [ -69.560257, 9.536196 ], [ -69.560585, 9.535489 ], [ -69.560814, 9.534937 ], [ -69.561134, 9.533833 ], [ -69.561348, 9.533263 ], [ -69.561577, 9.532729 ], [ -69.561874, 9.532276 ], [ -69.562271, 9.531860 ], [ -69.562782, 9.531470 ], [ -69.563385, 9.531243 ], [ -69.564102, 9.530853 ], [ -69.564957, 9.529984 ], [ -69.566063, 9.528743 ], [ -69.566528, 9.528371 ], [ -69.567085, 9.528008 ], [ -69.567642, 9.527754 ], [ -69.569008, 9.527110 ], [ -69.569603, 9.526928 ], [ -69.570297, 9.526773 ], [ -69.570877, 9.526862 ], [ -69.571548, 9.527024 ], [ -69.572151, 9.527276 ], [ -69.572777, 9.527710 ], [ -69.573196, 9.528080 ], [ -69.574028, 9.529001 ], [ -69.574394, 9.529480 ], [ -69.574860, 9.530058 ], [ -69.575165, 9.530563 ], [ -69.575622, 9.531205 ], [ -69.576157, 9.531666 ], [ -69.576805, 9.531918 ], [ -69.577453, 9.532106 ], [ -69.578217, 9.532268 ], [ -69.578842, 9.532430 ], [ -69.579536, 9.532519 ], [ -69.580162, 9.532545 ], [ -69.580879, 9.532544 ], [ -69.581711, 9.532497 ], [ -69.582268, 9.532361 ], [ -69.583054, 9.532224 ], [ -69.583794, 9.532268 ], [ -69.584396, 9.532321 ], [ -69.585022, 9.532338 ], [ -69.585693, 9.532301 ], [ -69.586342, 9.532318 ], [ -69.587059, 9.532416 ], [ -69.587708, 9.532551 ], [ -69.588242, 9.532740 ], [ -69.588791, 9.532991 ], [ -69.589325, 9.533262 ], [ -69.589813, 9.533677 ], [ -69.590347, 9.534093 ], [ -69.590927, 9.534508 ], [ -69.591477, 9.534805 ], [ -69.592125, 9.535103 ], [ -69.592705, 9.535336 ], [ -69.593864, 9.535750 ], [ -69.594605, 9.535912 ], [ -69.595390, 9.536047 ], [ -69.595993, 9.536208 ], [ -69.596756, 9.536460 ], [ -69.597496, 9.536739 ], [ -69.598190, 9.537037 ], [ -69.598770, 9.537244 ], [ -69.599327, 9.537477 ], [ -69.599815, 9.537803 ], [ -69.600159, 9.538263 ], [ -69.600533, 9.538787 ], [ -69.600899, 9.539203 ], [ -69.601296, 9.539708 ], [ -69.601547, 9.540350 ], [ -69.601478, 9.540993 ], [ -69.601318, 9.541572 ], [ -69.601135, 9.542187 ], [ -69.601067, 9.542766 ], [ -69.601021, 9.543562 ], [ -69.601181, 9.544158 ], [ -69.601410, 9.544809 ], [ -69.601463, 9.545406 ], [ -69.601433, 9.546094 ], [ -69.601463, 9.546690 ], [ -69.601555, 9.547305 ], [ -69.601921, 9.547812 ], [ -69.603355, 9.548966 ], [ -69.603821, 9.549381 ], [ -69.604355, 9.549842 ], [ -69.604980, 9.550365 ], [ -69.605881, 9.551269 ], [ -69.606926, 9.552370 ], [ -69.607872, 9.553426 ], [ -69.608894, 9.554456 ], [ -69.609337, 9.555034 ], [ -69.609726, 9.555567 ], [ -69.610077, 9.556090 ], [ -69.610489, 9.556623 ], [ -69.610931, 9.557075 ], [ -69.611397, 9.557400 ], [ -69.611931, 9.557589 ], [ -69.612549, 9.557750 ], [ -69.613129, 9.558111 ], [ -69.613594, 9.558526 ], [ -69.614563, 9.559284 ], [ -69.615120, 9.559428 ], [ -69.615746, 9.559545 ], [ -69.616463, 9.559706 ], [ -69.617088, 9.559750 ], [ -69.617691, 9.559722 ], [ -69.618897, 9.559593 ], [ -69.619636, 9.559474 ], [ -69.620354, 9.559292 ], [ -69.620910, 9.559083 ], [ -69.621696, 9.558810 ], [ -69.622322, 9.558664 ], [ -69.622086, 9.557272 ], [ -69.621719, 9.556097 ], [ -69.621643, 9.555455 ], [ -69.621529, 9.554840 ], [ -69.621368, 9.554126 ], [ -69.621277, 9.553502 ], [ -69.621208, 9.552752 ], [ -69.621109, 9.552037 ], [ -69.620788, 9.550057 ], [ -69.620674, 9.549397 ], [ -69.620598, 9.548819 ], [ -69.620506, 9.548266 ], [ -69.620369, 9.547715 ], [ -69.620071, 9.546106 ], [ -69.619949, 9.545554 ], [ -69.619766, 9.544823 ], [ -69.619652, 9.544063 ], [ -69.619461, 9.542616 ], [ -69.619232, 9.540618 ], [ -69.619095, 9.539795 ], [ -69.619095, 9.539053 ], [ -69.619186, 9.538411 ], [ -69.619255, 9.537796 ], [ -69.619392, 9.536919 ], [ -69.619530, 9.536140 ], [ -69.619598, 9.535588 ], [ -69.620133, 9.532287 ], [ -69.620315, 9.531571 ], [ -69.620522, 9.530884 ], [ -69.620773, 9.530124 ], [ -69.621330, 9.528748 ], [ -69.621605, 9.528132 ], [ -69.621818, 9.527554 ], [ -69.621956, 9.526983 ], [ -69.622253, 9.525925 ], [ -69.622582, 9.524956 ], [ -69.622810, 9.524386 ], [ -69.623016, 9.523834 ], [ -69.623291, 9.523056 ], [ -69.623940, 9.521607 ], [ -69.624176, 9.521037 ], [ -69.624359, 9.520341 ], [ -69.624496, 9.519753 ], [ -69.624794, 9.518206 ], [ -69.624954, 9.517472 ], [ -69.625168, 9.516811 ], [ -69.625305, 9.516233 ], [ -69.625419, 9.515527 ], [ -69.625557, 9.514903 ], [ -69.625648, 9.514188 ], [ -69.625717, 9.513411 ], [ -69.625717, 9.512307 ], [ -69.625648, 9.511692 ], [ -69.625511, 9.511141 ], [ -69.625092, 9.510309 ], [ -69.624702, 9.509921 ], [ -69.624466, 9.509415 ], [ -69.624100, 9.508863 ], [ -69.623772, 9.508267 ], [ -69.623123, 9.507165 ], [ -69.622848, 9.506496 ], [ -69.622520, 9.505828 ], [ -69.622291, 9.505303 ], [ -69.621963, 9.504635 ], [ -69.621574, 9.503966 ], [ -69.621269, 9.503415 ], [ -69.620972, 9.502954 ], [ -69.620621, 9.502449 ], [ -69.620277, 9.501717 ], [ -69.619995, 9.501184 ], [ -69.619576, 9.500424 ], [ -69.619049, 9.499259 ], [ -69.618698, 9.498590 ], [ -69.618469, 9.497993 ], [ -69.618233, 9.496710 ], [ -69.618164, 9.496068 ], [ -69.618118, 9.495217 ], [ -69.618027, 9.494503 ], [ -69.617722, 9.493219 ], [ -69.617722, 9.492550 ], [ -69.617767, 9.491953 ], [ -69.617859, 9.491239 ], [ -69.618095, 9.489999 ], [ -69.618279, 9.489448 ], [ -69.618507, 9.488877 ], [ -69.618713, 9.488325 ], [ -69.618904, 9.487682 ], [ -69.619385, 9.486352 ], [ -69.619545, 9.485773 ], [ -69.619942, 9.484172 ], [ -69.620125, 9.483321 ], [ -69.620193, 9.482426 ], [ -69.620216, 9.481710 ], [ -69.620308, 9.480381 ], [ -69.620422, 9.479784 ], [ -69.620819, 9.478680 ], [ -69.621094, 9.478010 ], [ -69.621208, 9.477368 ], [ -69.621345, 9.476798 ], [ -69.621529, 9.475974 ], [ -69.621696, 9.475332 ], [ -69.622017, 9.473839 ], [ -69.622177, 9.473007 ], [ -69.622338, 9.472274 ], [ -69.622597, 9.471541 ], [ -69.622757, 9.470989 ], [ -69.623314, 9.469224 ], [ -69.623497, 9.468329 ], [ -69.623749, 9.467316 ], [ -69.624001, 9.466465 ], [ -69.624260, 9.465705 ], [ -69.624466, 9.465153 ], [ -69.624741, 9.464492 ], [ -69.625297, 9.463388 ], [ -69.625664, 9.462771 ], [ -69.626106, 9.462192 ], [ -69.626549, 9.461694 ], [ -69.627029, 9.461051 ], [ -69.627380, 9.460426 ], [ -69.627678, 9.459919 ], [ -69.628418, 9.458525 ], [ -69.628784, 9.457882 ], [ -69.629112, 9.457257 ], [ -69.629410, 9.456759 ], [ -69.629692, 9.456207 ], [ -69.629921, 9.455673 ], [ -69.630127, 9.455149 ], [ -69.630425, 9.454478 ], [ -69.630707, 9.453773 ], [ -69.631004, 9.453085 ], [ -69.632118, 9.450397 ], [ -69.632439, 9.449546 ], [ -69.632668, 9.448976 ], [ -69.633156, 9.447528 ], [ -69.633408, 9.446750 ], [ -69.633636, 9.446125 ], [ -69.634010, 9.445003 ], [ -69.634239, 9.444496 ], [ -69.634468, 9.443926 ], [ -69.634773, 9.443283 ], [ -69.635422, 9.442016 ], [ -69.635651, 9.441445 ], [ -69.636040, 9.440568 ], [ -69.636208, 9.439762 ], [ -69.636437, 9.439056 ], [ -69.636780, 9.438206 ], [ -69.637062, 9.437635 ], [ -69.637291, 9.437038 ], [ -69.637611, 9.436296 ], [ -69.638122, 9.435038 ], [ -69.638351, 9.434368 ], [ -69.638512, 9.433725 ], [ -69.638672, 9.432920 ], [ -69.638771, 9.432323 ], [ -69.638908, 9.431753 ], [ -69.638977, 9.431183 ], [ -69.639229, 9.429962 ], [ -69.639618, 9.428496 ], [ -69.639946, 9.427184 ], [ -69.640129, 9.426587 ], [ -69.640335, 9.426035 ], [ -69.640617, 9.425346 ], [ -69.641334, 9.424061 ], [ -69.641563, 9.423464 ], [ -69.642143, 9.422206 ], [ -69.642327, 9.421654 ], [ -69.642601, 9.420966 ], [ -69.642807, 9.420386 ], [ -69.643295, 9.419310 ], [ -69.643570, 9.418667 ], [ -69.643830, 9.418159 ], [ -69.644196, 9.417589 ], [ -69.644569, 9.417082 ], [ -69.644982, 9.416575 ], [ -69.645401, 9.416185 ], [ -69.645813, 9.415823 ], [ -69.646301, 9.415316 ], [ -69.646576, 9.414700 ], [ -69.646851, 9.413361 ], [ -69.647041, 9.412628 ], [ -69.647430, 9.411985 ], [ -69.647941, 9.411668 ], [ -69.648498, 9.411368 ], [ -69.648911, 9.410888 ], [ -69.649307, 9.410380 ], [ -69.649742, 9.409919 ], [ -69.650185, 9.409393 ], [ -69.650368, 9.408796 ], [ -69.650436, 9.408244 ], [ -69.650482, 9.407629 ], [ -69.650825, 9.407186 ], [ -69.651222, 9.406777 ], [ -69.651566, 9.406271 ], [ -69.651825, 9.405628 ], [ -69.651962, 9.404868 ], [ -69.652008, 9.404207 ], [ -69.651894, 9.403539 ], [ -69.651657, 9.402988 ], [ -69.651596, 9.402801 ], [ -69.651474, 9.402463 ], [ -69.651337, 9.401813 ], [ -69.651657, 9.401360 ], [ -69.652214, 9.401014 ], [ -69.652626, 9.400535 ], [ -69.652771, 9.399819 ], [ -69.652214, 9.399703 ], [ -69.651543, 9.399659 ], [ -69.650871, 9.399589 ], [ -69.650406, 9.399245 ], [ -69.650452, 9.398576 ], [ -69.650452, 9.397799 ], [ -69.650803, 9.396233 ], [ -69.650940, 9.395663 ], [ -69.651169, 9.394993 ], [ -69.651398, 9.394396 ], [ -69.651726, 9.393735 ], [ -69.652168, 9.393046 ], [ -69.652626, 9.393254 ], [ -69.653503, 9.393614 ], [ -69.654198, 9.393730 ], [ -69.654869, 9.393639 ], [ -69.655449, 9.393529 ], [ -69.655998, 9.393229 ], [ -69.656555, 9.393065 ], [ -69.657829, 9.393090 ], [ -69.658409, 9.393189 ], [ -69.658989, 9.393396 ], [ -69.659561, 9.393648 ], [ -69.660118, 9.393918 ], [ -69.660629, 9.394153 ], [ -69.661392, 9.394477 ], [ -69.662064, 9.394910 ], [ -69.662506, 9.395307 ], [ -69.662895, 9.395713 ], [ -69.663452, 9.396110 ], [ -69.664612, 9.396660 ], [ -69.665115, 9.396956 ], [ -69.666649, 9.397922 ], [ -69.667275, 9.398336 ], [ -69.667900, 9.398679 ], [ -69.668663, 9.399003 ], [ -69.669235, 9.399327 ], [ -69.669746, 9.399553 ], [ -69.671349, 9.400318 ], [ -69.672035, 9.400616 ], [ -69.672615, 9.400895 ], [ -69.673355, 9.401373 ], [ -69.673935, 9.401697 ], [ -69.674584, 9.402040 ], [ -69.675232, 9.402337 ], [ -69.676437, 9.402941 ], [ -69.677132, 9.403310 ], [ -69.677803, 9.403652 ], [ -69.678932, 9.404275 ], [ -69.679466, 9.404500 ], [ -69.680321, 9.404733 ], [ -69.681160, 9.404984 ], [ -69.681709, 9.405173 ], [ -69.682266, 9.405308 ], [ -69.682983, 9.405560 ], [ -69.683891, 9.405956 ], [ -69.684929, 9.406461 ], [ -69.685692, 9.406983 ], [ -69.686180, 9.407353 ], [ -69.686760, 9.407696 ], [ -69.687309, 9.407975 ], [ -69.687843, 9.408273 ], [ -69.688492, 9.408669 ], [ -69.689003, 9.408967 ], [ -69.689469, 9.409265 ], [ -69.689926, 9.409589 ], [ -69.690437, 9.409904 ], [ -69.691040, 9.410093 ], [ -69.691643, 9.410183 ], [ -69.692543, 9.410280 ], [ -69.693886, 9.410396 ], [ -69.694557, 9.410349 ], [ -69.695389, 9.410230 ], [ -69.696823, 9.409910 ], [ -69.697884, 9.409474 ], [ -69.698532, 9.409292 ], [ -69.700149, 9.408882 ], [ -69.700752, 9.408790 ], [ -69.701652, 9.408860 ], [ -69.703598, 9.409047 ], [ -69.704452, 9.409118 ], [ -69.705101, 9.409134 ], [ -69.706077, 9.409142 ], [ -69.707970, 9.409047 ], [ -69.708756, 9.409045 ], [ -69.709335, 9.409117 ], [ -69.709892, 9.409161 ], [ -69.710495, 9.409259 ], [ -69.711258, 9.409438 ], [ -69.712089, 9.409672 ], [ -69.713203, 9.410013 ], [ -69.714035, 9.410310 ], [ -69.715423, 9.410587 ], [ -69.716141, 9.410821 ], [ -69.716744, 9.411046 ], [ -69.717247, 9.411325 ], [ -69.717804, 9.411740 ], [ -69.718269, 9.412219 ], [ -69.719955, 9.413446 ], [ -69.720932, 9.414176 ], [ -69.721878, 9.414961 ], [ -69.722343, 9.415321 ], [ -69.723389, 9.416179 ], [ -69.724426, 9.416936 ], [ -69.725006, 9.417324 ], [ -69.725609, 9.417693 ], [ -69.726792, 9.418315 ], [ -69.727417, 9.418567 ], [ -69.727966, 9.418801 ], [ -69.728523, 9.418963 ], [ -69.729057, 9.419143 ], [ -69.729729, 9.419421 ], [ -69.730308, 9.419719 ], [ -69.730911, 9.420134 ], [ -69.731323, 9.420612 ], [ -69.731811, 9.421253 ], [ -69.732391, 9.422057 ], [ -69.732666, 9.422680 ], [ -69.732666, 9.423232 ], [ -69.732460, 9.423784 ], [ -69.732094, 9.424472 ], [ -69.731789, 9.424953 ], [ -69.731072, 9.426030 ], [ -69.730659, 9.426673 ], [ -69.730362, 9.427162 ], [ -69.729942, 9.427597 ], [ -69.729317, 9.428096 ], [ -69.728256, 9.428876 ], [ -69.727768, 9.429383 ], [ -69.727425, 9.429891 ], [ -69.727096, 9.430488 ], [ -69.726776, 9.431194 ], [ -69.726593, 9.431890 ], [ -69.726433, 9.432416 ], [ -69.726364, 9.433103 ], [ -69.726318, 9.433682 ], [ -69.726295, 9.434279 ], [ -69.726364, 9.435029 ], [ -69.726479, 9.435581 ], [ -69.726685, 9.436232 ], [ -69.726944, 9.436846 ], [ -69.727265, 9.437443 ], [ -69.727524, 9.437948 ], [ -69.728012, 9.438589 ], [ -69.728584, 9.438824 ], [ -69.729118, 9.438985 ], [ -69.729836, 9.439219 ], [ -69.730415, 9.439326 ], [ -69.730995, 9.439397 ], [ -69.731735, 9.439450 ], [ -69.732315, 9.439466 ], [ -69.733581, 9.439672 ], [ -69.734161, 9.439789 ], [ -69.735184, 9.440022 ], [ -69.735809, 9.440210 ], [ -69.736687, 9.440552 ], [ -69.737961, 9.441101 ], [ -69.738609, 9.441290 ], [ -69.740067, 9.441748 ], [ -69.740715, 9.441981 ], [ -69.741386, 9.442089 ], [ -69.741989, 9.442160 ], [ -69.742729, 9.442212 ], [ -69.744370, 9.442390 ], [ -69.745109, 9.442533 ], [ -69.745827, 9.442758 ], [ -69.746498, 9.443018 ], [ -69.747101, 9.443171 ], [ -69.747864, 9.443106 ], [ -69.748741, 9.442851 ], [ -69.749298, 9.442606 ], [ -69.749809, 9.442261 ], [ -69.750175, 9.441727 ], [ -69.750359, 9.441201 ], [ -69.750496, 9.440631 ], [ -69.750610, 9.440052 ], [ -69.750710, 9.439483 ], [ -69.750870, 9.438885 ], [ -69.751121, 9.438125 ], [ -69.751213, 9.437437 ], [ -69.751167, 9.436769 ], [ -69.751121, 9.435556 ], [ -69.751068, 9.434978 ], [ -69.750977, 9.433414 ], [ -69.750999, 9.432861 ], [ -69.751160, 9.432246 ], [ -69.751389, 9.431721 ], [ -69.751716, 9.431142 ], [ -69.752251, 9.430752 ], [ -69.752800, 9.430452 ], [ -69.753311, 9.430224 ], [ -69.753960, 9.429970 ], [ -69.754494, 9.429725 ], [ -69.755142, 9.429443 ], [ -69.755760, 9.429243 ], [ -69.757080, 9.428914 ], [ -69.757752, 9.428777 ], [ -69.758980, 9.428440 ], [ -69.760017, 9.428229 ], [ -69.760803, 9.428092 ], [ -69.761566, 9.428027 ], [ -69.762215, 9.428071 ], [ -69.762794, 9.428187 ], [ -69.763283, 9.428259 ], [ -69.764000, 9.428329 ], [ -69.764763, 9.428373 ], [ -69.766106, 9.428506 ], [ -69.766777, 9.428667 ], [ -69.767746, 9.428883 ], [ -69.768417, 9.428989 ], [ -69.769432, 9.429177 ], [ -69.770431, 9.429319 ], [ -69.771149, 9.429381 ], [ -69.772262, 9.429433 ], [ -69.773415, 9.429476 ], [ -69.774292, 9.429573 ], [ -69.774986, 9.429544 ], [ -69.776726, 9.429369 ], [ -69.777580, 9.429204 ], [ -69.778229, 9.429040 ], [ -69.779060, 9.428794 ], [ -69.780518, 9.428285 ], [ -69.781143, 9.428084 ], [ -69.781883, 9.427784 ], [ -69.782532, 9.427574 ], [ -69.783203, 9.427374 ], [ -69.784538, 9.426955 ], [ -69.785423, 9.426637 ], [ -69.786690, 9.426227 ], [ -69.787224, 9.426018 ], [ -69.787964, 9.425673 ], [ -69.788727, 9.425281 ], [ -69.789490, 9.424936 ], [ -69.790092, 9.424682 ], [ -69.790787, 9.424318 ], [ -69.791290, 9.423973 ], [ -69.792267, 9.423103 ], [ -69.792839, 9.422686 ], [ -69.793259, 9.422323 ], [ -69.793694, 9.421861 ], [ -69.794090, 9.421471 ], [ -69.794601, 9.420828 ], [ -69.795059, 9.420184 ], [ -69.795525, 9.419632 ], [ -69.796402, 9.418672 ], [ -69.796959, 9.417983 ], [ -69.797371, 9.417620 ], [ -69.798134, 9.417040 ], [ -69.798691, 9.416604 ], [ -69.799217, 9.416151 ], [ -69.799820, 9.415806 ], [ -69.800400, 9.415461 ], [ -69.801117, 9.415133 ], [ -69.802414, 9.414651 ], [ -69.803040, 9.414360 ], [ -69.803589, 9.413925 ], [ -69.804169, 9.413390 ], [ -69.804748, 9.413091 ], [ -69.805420, 9.412908 ], [ -69.806229, 9.412707 ], [ -69.806847, 9.412542 ], [ -69.807472, 9.412333 ], [ -69.808052, 9.412061 ], [ -69.808792, 9.411742 ], [ -69.809647, 9.411469 ], [ -69.810524, 9.411214 ], [ -69.811104, 9.411167 ], [ -69.811707, 9.411284 ], [ -69.812263, 9.411490 ], [ -69.813026, 9.411832 ], [ -69.814003, 9.412454 ], [ -69.814575, 9.412688 ], [ -69.815201, 9.412777 ], [ -69.815804, 9.412567 ], [ -69.816589, 9.412204 ], [ -69.817146, 9.411814 ], [ -69.817604, 9.411216 ], [ -69.818367, 9.409884 ], [ -69.818764, 9.409494 ], [ -69.819290, 9.409267 ], [ -69.819893, 9.409085 ], [ -69.820725, 9.409011 ], [ -69.821510, 9.409009 ], [ -69.822250, 9.409035 ], [ -69.822876, 9.409132 ], [ -69.823525, 9.409149 ], [ -69.824173, 9.409084 ], [ -69.824730, 9.408965 ], [ -69.825516, 9.408765 ], [ -69.826950, 9.408490 ], [ -69.827873, 9.408398 ], [ -69.828705, 9.408215 ], [ -69.829704, 9.407931 ], [ -69.830299, 9.407686 ], [ -69.830925, 9.407458 ], [ -69.832802, 9.406541 ], [ -69.833450, 9.406150 ], [ -69.834145, 9.405805 ], [ -69.834801, 9.405540 ], [ -69.835594, 9.405340 ], [ -69.836197, 9.405438 ], [ -69.836914, 9.405600 ], [ -69.837540, 9.405942 ], [ -69.838119, 9.406374 ], [ -69.838539, 9.406772 ], [ -69.839050, 9.407205 ], [ -69.839996, 9.407962 ], [ -69.840416, 9.408332 ], [ -69.840919, 9.408719 ], [ -69.841362, 9.409134 ], [ -69.841850, 9.409504 ], [ -69.842339, 9.409819 ], [ -69.842819, 9.410098 ], [ -69.843399, 9.410378 ], [ -69.844047, 9.410493 ], [ -69.844604, 9.410537 ], [ -69.845413, 9.410563 ], [ -69.846039, 9.410470 ], [ -69.846687, 9.410334 ], [ -69.847259, 9.410169 ], [ -69.848122, 9.409959 ], [ -69.849991, 9.409575 ], [ -69.851425, 9.409409 ], [ -69.852234, 9.409389 ], [ -69.853279, 9.409295 ], [ -69.853874, 9.409230 ], [ -69.854668, 9.409183 ], [ -69.855316, 9.409300 ], [ -69.855980, 9.409578 ], [ -69.856491, 9.409803 ], [ -69.856956, 9.410146 ], [ -69.857422, 9.410696 ], [ -69.857673, 9.411202 ], [ -69.857979, 9.411871 ], [ -69.858231, 9.412467 ], [ -69.858581, 9.413045 ], [ -69.859016, 9.413641 ], [ -69.859390, 9.414056 ], [ -69.859787, 9.414471 ], [ -69.860550, 9.415337 ], [ -69.861336, 9.416438 ], [ -69.861801, 9.417062 ], [ -69.862259, 9.417612 ], [ -69.862793, 9.418118 ], [ -69.863327, 9.418305 ], [ -69.863907, 9.418395 ], [ -69.864464, 9.418276 ], [ -69.864990, 9.418031 ], [ -69.865593, 9.417640 ], [ -69.866150, 9.417205 ], [ -69.866684, 9.416697 ], [ -69.867096, 9.416262 ], [ -69.867462, 9.415709 ], [ -69.867721, 9.415138 ], [ -69.868019, 9.414351 ], [ -69.868134, 9.413664 ], [ -69.868530, 9.413210 ], [ -69.869240, 9.413046 ], [ -69.869774, 9.413207 ], [ -69.870354, 9.413640 ], [ -69.870773, 9.414037 ], [ -69.871513, 9.414858 ], [ -69.872230, 9.415915 ], [ -69.872627, 9.416329 ], [ -69.873230, 9.416672 ], [ -69.873779, 9.416652 ], [ -69.874382, 9.416397 ], [ -69.874939, 9.416034 ], [ -69.875420, 9.415572 ], [ -69.875885, 9.415110 ], [ -69.876350, 9.414629 ], [ -69.876808, 9.414329 ], [ -69.877342, 9.414011 ], [ -69.877968, 9.413829 ], [ -69.878685, 9.413754 ], [ -69.879356, 9.413943 ], [ -69.879982, 9.413969 ], [ -69.880600, 9.413922 ], [ -69.881157, 9.413694 ], [ -69.882126, 9.413276 ], [ -69.883492, 9.412703 ], [ -69.884323, 9.412402 ], [ -69.885574, 9.412065 ], [ -69.886269, 9.411855 ], [ -69.886871, 9.411645 ], [ -69.887444, 9.411535 ], [ -69.889229, 9.411260 ], [ -69.889900, 9.411231 ], [ -69.890640, 9.411120 ], [ -69.891243, 9.411118 ], [ -69.891823, 9.411144 ], [ -69.892464, 9.411053 ], [ -69.893089, 9.411078 ], [ -69.893715, 9.411240 ], [ -69.894272, 9.411446 ], [ -69.894829, 9.411716 ], [ -69.895294, 9.412013 ], [ -69.895775, 9.412337 ], [ -69.896332, 9.412825 ], [ -69.896797, 9.413275 ], [ -69.897186, 9.413691 ], [ -69.897652, 9.414268 ], [ -69.897980, 9.414728 ], [ -69.898323, 9.415252 ], [ -69.898582, 9.415803 ], [ -69.898743, 9.416445 ], [ -69.898766, 9.416996 ], [ -69.898766, 9.418190 ], [ -69.898644, 9.419610 ], [ -69.898582, 9.419963 ], [ -69.898377, 9.420515 ], [ -69.897987, 9.421086 ], [ -69.897225, 9.422101 ], [ -69.896805, 9.422762 ], [ -69.896530, 9.423314 ], [ -69.895516, 9.425108 ], [ -69.895081, 9.425588 ], [ -69.894249, 9.426848 ], [ -69.893898, 9.427445 ], [ -69.893669, 9.428024 ], [ -69.893509, 9.428576 ], [ -69.893418, 9.429219 ], [ -69.893280, 9.429861 ], [ -69.893189, 9.430504 ], [ -69.893120, 9.431073 ], [ -69.893074, 9.431670 ], [ -69.893005, 9.432385 ], [ -69.892983, 9.432937 ], [ -69.892891, 9.434357 ], [ -69.892937, 9.435696 ], [ -69.892937, 9.436265 ], [ -69.892990, 9.436907 ], [ -69.892898, 9.438173 ], [ -69.892876, 9.438798 ], [ -69.892830, 9.439440 ], [ -69.892692, 9.440769 ], [ -69.892647, 9.441503 ], [ -69.892578, 9.442307 ], [ -69.892532, 9.442977 ], [ -69.892510, 9.443637 ], [ -69.892441, 9.444216 ], [ -69.892372, 9.444903 ], [ -69.892281, 9.445456 ], [ -69.892143, 9.446053 ], [ -69.891960, 9.446577 ], [ -69.891731, 9.447157 ], [ -69.891518, 9.447772 ], [ -69.891266, 9.448324 ], [ -69.890968, 9.448940 ], [ -69.890640, 9.449538 ], [ -69.890297, 9.450118 ], [ -69.889839, 9.450779 ], [ -69.889031, 9.451722 ], [ -69.888565, 9.452202 ], [ -69.887665, 9.453236 ], [ -69.887177, 9.453743 ], [ -69.886764, 9.454133 ], [ -69.886254, 9.454704 ], [ -69.885490, 9.455764 ], [ -69.885147, 9.456289 ], [ -69.884827, 9.456752 ], [ -69.884178, 9.457757 ], [ -69.883881, 9.458264 ], [ -69.883141, 9.459297 ], [ -69.882698, 9.459940 ], [ -69.882400, 9.460402 ], [ -69.882049, 9.460864 ], [ -69.881683, 9.461435 ], [ -69.881340, 9.461915 ], [ -69.880897, 9.462422 ], [ -69.880066, 9.463483 ], [ -69.879700, 9.464026 ], [ -69.879417, 9.464534 ], [ -69.879165, 9.465059 ], [ -69.878868, 9.465548 ], [ -69.878494, 9.466028 ], [ -69.878082, 9.466509 ], [ -69.877594, 9.467016 ], [ -69.877106, 9.467469 ], [ -69.876671, 9.467914 ], [ -69.876114, 9.468322 ], [ -69.875633, 9.468649 ], [ -69.875054, 9.468940 ], [ -69.874451, 9.469285 ], [ -69.873894, 9.469540 ], [ -69.872581, 9.470203 ], [ -69.871422, 9.470685 ], [ -69.870911, 9.470940 ], [ -69.870331, 9.471258 ], [ -69.869850, 9.471630 ], [ -69.868858, 9.472528 ], [ -69.868439, 9.472918 ], [ -69.867958, 9.473416 ], [ -69.867516, 9.473969 ], [ -69.866684, 9.474938 ], [ -69.865387, 9.476425 ], [ -69.864929, 9.476860 ], [ -69.864510, 9.477304 ], [ -69.864075, 9.477695 ], [ -69.863678, 9.478103 ], [ -69.863152, 9.478565 ], [ -69.862617, 9.478928 ], [ -69.862083, 9.479182 ], [ -69.859726, 9.480128 ], [ -69.859032, 9.480374 ], [ -69.857712, 9.480794 ], [ -69.857063, 9.480949 ], [ -69.856369, 9.481159 ], [ -69.855263, 9.481705 ], [ -69.854706, 9.481958 ], [ -69.854012, 9.482331 ], [ -69.853508, 9.482695 ], [ -69.852997, 9.483175 ], [ -69.852608, 9.483727 ], [ -69.852234, 9.484208 ], [ -69.851768, 9.484742 ], [ -69.851311, 9.485313 ], [ -69.851013, 9.485821 ], [ -69.850456, 9.487034 ], [ -69.850273, 9.487558 ], [ -69.849648, 9.488528 ], [ -69.848976, 9.489741 ], [ -69.848702, 9.490275 ], [ -69.848381, 9.490964 ], [ -69.848190, 9.491516 ], [ -69.847938, 9.492177 ], [ -69.847298, 9.494086 ], [ -69.846924, 9.495417 ], [ -69.846718, 9.496033 ], [ -69.846466, 9.496612 ], [ -69.846069, 9.497373 ], [ -69.845634, 9.498151 ], [ -69.845360, 9.498704 ], [ -69.844757, 9.499845 ], [ -69.844460, 9.500442 ], [ -69.843392, 9.502100 ], [ -69.842422, 9.503179 ], [ -69.841957, 9.503749 ], [ -69.841171, 9.504646 ], [ -69.840805, 9.505127 ], [ -69.840462, 9.505633 ], [ -69.840134, 9.506259 ], [ -69.839676, 9.506947 ], [ -69.838821, 9.508116 ], [ -69.838493, 9.508623 ], [ -69.837616, 9.509611 ], [ -69.837181, 9.510064 ], [ -69.836647, 9.510708 ], [ -69.836273, 9.511215 ], [ -69.835838, 9.511949 ], [ -69.835396, 9.512591 ], [ -69.835007, 9.513054 ], [ -69.834618, 9.513598 ], [ -69.834244, 9.514195 ], [ -69.833946, 9.514748 ], [ -69.833550, 9.515372 ], [ -69.833206, 9.515871 ], [ -69.832909, 9.516423 ], [ -69.832466, 9.517094 ], [ -69.831612, 9.518145 ], [ -69.831215, 9.518679 ], [ -69.830871, 9.519250 ], [ -69.830528, 9.519847 ], [ -69.830269, 9.520354 ], [ -69.829948, 9.520952 ], [ -69.829651, 9.521567 ], [ -69.829437, 9.522192 ], [ -69.829277, 9.522762 ], [ -69.829163, 9.523314 ], [ -69.829163, 9.524598 ], [ -69.829193, 9.525313 ], [ -69.829239, 9.525883 ], [ -69.829262, 9.526462 ], [ -69.829399, 9.527148 ], [ -69.829422, 9.527700 ], [ -69.829491, 9.528342 ], [ -69.829681, 9.529472 ], [ -69.829819, 9.530087 ], [ -69.829987, 9.530891 ], [ -69.830170, 9.532040 ], [ -69.830330, 9.532680 ], [ -69.830452, 9.533278 ], [ -69.830749, 9.535483 ], [ -69.830826, 9.536180 ], [ -69.831169, 9.537436 ], [ -69.831383, 9.538105 ], [ -69.831543, 9.538683 ], [ -69.831589, 9.539226 ], [ -69.831543, 9.539823 ], [ -69.831497, 9.541162 ], [ -69.831406, 9.542418 ], [ -69.831428, 9.542997 ], [ -69.831482, 9.543685 ], [ -69.831505, 9.544327 ], [ -69.831597, 9.545610 ], [ -69.831619, 9.546234 ], [ -69.831597, 9.547057 ], [ -69.831505, 9.547700 ], [ -69.831253, 9.548280 ], [ -69.830933, 9.548759 ], [ -69.830444, 9.549149 ], [ -69.829819, 9.549676 ], [ -69.829285, 9.550165 ], [ -69.828735, 9.550646 ], [ -69.827713, 9.551652 ], [ -69.826881, 9.552549 ], [ -69.825615, 9.554180 ], [ -69.825264, 9.554661 ], [ -69.824966, 9.555231 ], [ -69.824829, 9.555783 ], [ -69.825058, 9.556334 ], [ -69.825455, 9.556731 ], [ -69.826523, 9.557352 ], [ -69.827004, 9.557668 ], [ -69.827492, 9.558010 ], [ -69.827980, 9.558407 ], [ -69.828422, 9.558795 ], [ -69.828949, 9.559327 ], [ -69.829368, 9.559688 ], [ -69.829857, 9.560175 ], [ -69.830299, 9.560636 ], [ -69.830528, 9.561159 ], [ -69.830620, 9.561873 ], [ -69.830643, 9.562606 ], [ -69.830689, 9.563275 ], [ -69.830856, 9.564631 ], [ -69.830948, 9.565201 ], [ -69.831017, 9.565825 ], [ -69.830994, 9.566467 ], [ -69.831040, 9.567044 ], [ -69.831184, 9.567796 ], [ -69.831390, 9.568438 ], [ -69.831650, 9.568943 ], [ -69.832016, 9.569521 ], [ -69.832413, 9.570000 ], [ -69.832970, 9.570604 ], [ -69.833435, 9.570947 ], [ -69.834083, 9.571154 ], [ -69.834709, 9.571179 ], [ -69.835258, 9.571042 ], [ -69.835884, 9.570832 ], [ -69.836510, 9.570741 ], [ -69.837624, 9.570928 ], [ -69.838341, 9.570926 ], [ -69.838921, 9.570807 ], [ -69.839546, 9.570652 ], [ -69.840118, 9.570578 ], [ -69.842018, 9.570764 ], [ -69.842598, 9.570581 ], [ -69.843132, 9.570353 ], [ -69.843750, 9.570145 ], [ -69.844467, 9.569889 ], [ -69.845070, 9.569644 ], [ -69.845673, 9.569344 ], [ -69.846229, 9.569044 ], [ -69.846741, 9.568789 ], [ -69.847336, 9.568562 ], [ -69.847870, 9.568379 ], [ -69.848358, 9.568098 ], [ -69.848572, 9.567965 ], [ -69.848915, 9.567753 ], [ -69.849655, 9.567272 ], [ -69.850853, 9.566636 ], [ -69.851502, 9.566174 ], [ -69.852012, 9.565828 ], [ -69.853165, 9.565138 ], [ -69.853722, 9.564685 ], [ -69.854347, 9.564294 ], [ -69.854927, 9.563904 ], [ -69.855408, 9.563532 ], [ -69.855919, 9.563187 ], [ -69.856407, 9.562797 ], [ -69.857056, 9.562433 ], [ -69.857720, 9.562043 ], [ -69.858391, 9.561562 ], [ -69.859108, 9.561172 ], [ -69.859688, 9.560826 ], [ -69.860703, 9.559974 ], [ -69.861214, 9.559511 ], [ -69.861725, 9.559012 ], [ -69.862091, 9.558578 ], [ -69.862533, 9.558024 ], [ -69.863228, 9.556965 ], [ -69.863503, 9.556232 ], [ -69.863685, 9.555661 ], [ -69.863846, 9.554965 ], [ -69.863960, 9.554277 ], [ -69.864098, 9.553679 ], [ -69.864998, 9.552855 ], [ -69.865830, 9.551939 ], [ -69.866272, 9.551504 ], [ -69.866806, 9.551068 ], [ -69.867287, 9.550769 ], [ -69.867843, 9.550650 ], [ -69.868538, 9.550630 ], [ -69.869209, 9.550655 ], [ -69.870621, 9.550652 ], [ -69.871895, 9.550721 ], [ -69.872521, 9.550747 ], [ -69.873100, 9.550673 ], [ -69.874352, 9.550633 ], [ -69.875786, 9.550540 ], [ -69.876480, 9.550583 ], [ -69.877075, 9.550658 ], [ -69.877655, 9.550725 ], [ -69.878349, 9.550677 ], [ -69.879112, 9.550612 ], [ -69.879784, 9.550493 ], [ -69.880341, 9.550428 ], [ -69.880943, 9.550382 ], [ -69.881615, 9.550380 ], [ -69.882492, 9.550360 ], [ -69.883255, 9.550358 ], [ -69.883835, 9.550384 ], [ -69.884644, 9.550400 ], [ -69.885224, 9.550398 ], [ -69.885803, 9.550379 ], [ -69.886612, 9.550422 ], [ -69.887421, 9.550428 ], [ -69.888161, 9.550445 ], [ -69.889603, 9.550658 ], [ -69.890434, 9.550792 ], [ -69.891151, 9.550699 ], [ -69.892517, 9.550425 ], [ -69.893211, 9.550332 ], [ -69.894318, 9.550339 ], [ -69.894921, 9.550310 ], [ -69.895615, 9.550290 ], [ -69.896195, 9.550288 ], [ -69.896820, 9.550314 ], [ -69.897400, 9.550358 ], [ -69.898140, 9.550401 ], [ -69.900200, 9.550477 ], [ -69.901428, 9.550384 ], [ -69.902191, 9.550309 ], [ -69.902763, 9.550218 ], [ -69.904732, 9.549851 ], [ -69.905426, 9.549740 ], [ -69.906097, 9.549648 ], [ -69.906677, 9.549646 ], [ -69.907395, 9.549690 ], [ -69.908043, 9.549598 ], [ -69.908783, 9.549460 ], [ -69.909523, 9.549304 ], [ -69.910309, 9.549094 ], [ -69.910866, 9.548957 ], [ -69.911652, 9.548775 ], [ -69.912994, 9.548517 ], [ -69.913551, 9.548363 ], [ -69.914223, 9.548270 ], [ -69.914825, 9.548133 ], [ -69.915680, 9.547968 ], [ -69.916420, 9.547875 ], [ -69.917641, 9.547881 ], [ -69.918457, 9.547906 ], [ -69.919174, 9.547877 ], [ -69.920631, 9.547882 ], [ -69.921280, 9.547899 ], [ -69.921905, 9.547952 ], [ -69.922455, 9.547968 ], [ -69.923080, 9.548020 ], [ -69.923637, 9.548019 ], [ -69.924309, 9.548036 ], [ -69.925049, 9.548106 ], [ -69.926529, 9.548472 ], [ -69.927040, 9.548842 ], [ -69.927551, 9.549076 ], [ -69.928039, 9.549373 ], [ -69.928574, 9.549761 ], [ -69.929123, 9.550130 ], [ -69.929611, 9.550472 ], [ -69.930702, 9.551021 ], [ -69.931282, 9.551236 ], [ -69.932579, 9.551740 ], [ -69.933113, 9.551991 ], [ -69.933617, 9.552216 ], [ -69.934242, 9.552540 ], [ -69.934730, 9.552819 ], [ -69.936493, 9.553737 ], [ -69.937210, 9.554033 ], [ -69.938873, 9.554607 ], [ -69.939545, 9.554904 ], [ -69.940193, 9.555019 ], [ -69.940910, 9.555181 ], [ -69.941536, 9.555459 ], [ -69.942001, 9.555757 ], [ -69.942489, 9.556099 ], [ -69.943092, 9.556603 ], [ -69.944252, 9.557297 ], [ -69.944756, 9.557567 ], [ -69.945313, 9.557818 ], [ -69.945892, 9.557980 ], [ -69.946518, 9.558123 ], [ -69.947075, 9.558284 ], [ -69.947700, 9.558354 ], [ -69.948349, 9.558072 ], [ -69.948670, 9.557855 ], [ -69.949066, 9.557591 ], [ -69.949387, 9.557364 ], [ -69.949921, 9.556902 ], [ -69.950379, 9.556583 ], [ -69.950890, 9.556284 ], [ -69.951424, 9.556011 ], [ -69.951927, 9.555666 ], [ -69.952530, 9.555339 ], [ -69.953156, 9.555048 ], [ -69.953667, 9.554676 ], [ -69.954170, 9.554240 ], [ -69.954681, 9.553732 ], [ -69.955650, 9.552889 ], [ -69.956993, 9.551826 ], [ -69.957962, 9.551228 ], [ -69.958542, 9.550909 ], [ -69.959053, 9.550564 ], [ -69.960159, 9.549665 ], [ -69.960625, 9.549348 ], [ -69.961266, 9.548930 ], [ -69.961777, 9.548613 ], [ -69.962356, 9.548204 ], [ -69.963005, 9.547759 ], [ -69.963677, 9.547395 ], [ -69.964294, 9.547077 ], [ -69.965385, 9.546432 ], [ -69.965866, 9.546087 ], [ -69.966492, 9.545670 ], [ -69.967651, 9.545006 ], [ -69.968300, 9.544687 ], [ -69.968849, 9.544505 ], [ -69.969543, 9.544368 ], [ -69.970100, 9.544321 ], [ -69.970612, 9.544084 ], [ -69.971169, 9.543694 ], [ -69.971580, 9.543303 ], [ -69.972115, 9.542958 ], [ -69.973221, 9.542322 ], [ -69.973663, 9.541905 ], [ -69.974029, 9.541380 ], [ -69.974449, 9.540899 ], [ -69.974930, 9.540409 ], [ -69.975303, 9.539911 ], [ -69.975601, 9.539358 ], [ -69.976036, 9.538136 ], [ -69.976684, 9.537059 ], [ -69.976959, 9.536551 ], [ -69.977699, 9.535337 ], [ -69.977982, 9.534767 ], [ -69.978348, 9.534097 ], [ -69.978714, 9.533499 ], [ -69.979339, 9.532538 ], [ -69.979660, 9.531959 ], [ -69.980377, 9.530817 ], [ -69.981026, 9.529730 ], [ -69.981323, 9.529250 ], [ -69.981903, 9.528262 ], [ -69.982201, 9.527692 ], [ -69.982475, 9.527212 ], [ -69.982849, 9.526768 ], [ -69.983009, 9.526216 ], [ -69.983147, 9.525645 ], [ -69.983353, 9.525075 ], [ -69.983582, 9.524496 ], [ -69.983818, 9.524069 ], [ -69.984321, 9.523599 ], [ -69.984718, 9.523163 ], [ -69.984993, 9.522593 ], [ -69.985199, 9.522014 ], [ -69.985451, 9.521470 ], [ -69.985733, 9.520800 ], [ -69.986030, 9.520157 ], [ -69.986351, 9.519631 ], [ -69.986588, 9.519079 ], [ -69.987023, 9.518644 ], [ -69.987511, 9.518362 ], [ -69.988327, 9.518019 ], [ -69.988571, 9.517907 ], [ -69.988991, 9.517535 ], [ -69.989494, 9.517190 ], [ -69.989891, 9.516800 ], [ -69.990326, 9.516437 ], [ -69.990768, 9.515911 ], [ -69.991554, 9.514733 ], [ -69.991875, 9.514208 ], [ -69.992149, 9.513656 ], [ -69.992500, 9.513084 ], [ -69.992844, 9.512550 ], [ -69.993187, 9.512070 ], [ -69.993607, 9.511544 ], [ -69.994118, 9.511127 ], [ -69.994667, 9.510926 ], [ -69.995293, 9.510716 ], [ -69.995918, 9.510652 ], [ -69.996452, 9.510442 ], [ -69.996986, 9.510169 ], [ -69.997490, 9.509870 ], [ -69.997910, 9.509498 ], [ -69.998367, 9.508899 ], [ -69.998764, 9.508509 ], [ -69.999245, 9.508100 ], [ -69.999809, 9.507557 ], [ -70.000641, 9.507482 ], [ -70.001228, 9.506892 ], [ -70.001602, 9.506439 ], [ -70.002411, 9.505252 ], [ -70.003349, 9.503984 ], [ -70.004272, 9.502914 ], [ -70.004814, 9.502397 ], [ -70.005325, 9.501970 ], [ -70.005844, 9.501607 ], [ -70.006332, 9.501288 ], [ -70.006981, 9.500953 ], [ -70.007637, 9.500878 ], [ -70.008263, 9.500858 ], [ -70.008903, 9.501010 ], [ -70.009667, 9.501044 ], [ -70.010269, 9.501006 ], [ -70.010811, 9.500688 ], [ -70.011230, 9.500244 ], [ -70.011566, 9.499628 ], [ -70.012001, 9.498270 ], [ -70.012123, 9.497700 ], [ -70.012268, 9.497129 ], [ -70.012375, 9.496560 ], [ -70.012451, 9.495728 ], [ -70.012489, 9.495157 ], [ -70.012322, 9.493702 ], [ -70.012474, 9.492951 ], [ -70.012596, 9.492236 ], [ -70.012772, 9.491548 ], [ -70.012939, 9.491006 ], [ -70.013206, 9.490245 ], [ -70.013687, 9.489104 ], [ -70.013954, 9.488280 ], [ -70.014236, 9.487547 ], [ -70.014549, 9.486868 ], [ -70.014999, 9.486234 ], [ -70.015396, 9.485799 ], [ -70.015915, 9.485372 ], [ -70.016113, 9.485183 ], [ -70.016480, 9.484828 ], [ -70.016922, 9.484347 ], [ -70.017304, 9.483830 ], [ -70.018013, 9.482780 ], [ -70.018372, 9.482208 ], [ -70.018944, 9.481094 ], [ -70.019203, 9.480361 ], [ -70.019379, 9.479791 ], [ -70.019577, 9.478506 ], [ -70.019814, 9.476652 ], [ -70.019844, 9.475983 ], [ -70.019905, 9.475358 ], [ -70.019959, 9.474581 ], [ -70.019943, 9.474010 ], [ -70.019997, 9.473432 ], [ -70.019943, 9.472717 ], [ -70.019745, 9.472139 ], [ -70.019112, 9.470848 ], [ -70.018707, 9.469963 ], [ -70.018372, 9.469322 ], [ -70.017983, 9.468672 ], [ -70.017601, 9.468176 ], [ -70.017189, 9.467733 ], [ -70.016159, 9.466895 ], [ -70.015541, 9.466473 ], [ -70.014969, 9.466139 ], [ -70.014442, 9.465879 ], [ -70.013908, 9.465645 ], [ -70.013313, 9.465447 ], [ -70.012688, 9.465304 ], [ -70.012108, 9.465198 ], [ -70.011459, 9.465146 ], [ -70.010170, 9.465167 ], [ -70.009545, 9.465233 ], [ -70.008797, 9.465362 ], [ -70.008171, 9.465489 ], [ -70.007263, 9.465700 ], [ -70.006455, 9.465802 ], [ -70.005714, 9.465931 ], [ -70.005043, 9.465969 ], [ -70.004394, 9.465907 ], [ -70.003723, 9.465810 ], [ -70.003098, 9.465549 ], [ -70.002480, 9.465126 ], [ -70.002006, 9.464585 ], [ -70.001617, 9.463872 ], [ -70.001419, 9.463248 ], [ -70.001266, 9.462580 ], [ -70.001213, 9.461865 ], [ -70.001175, 9.461224 ], [ -70.001236, 9.459929 ], [ -70.001419, 9.458447 ], [ -70.001457, 9.457804 ], [ -70.001442, 9.457225 ], [ -70.001228, 9.455888 ], [ -70.001076, 9.455309 ], [ -70.000969, 9.454713 ], [ -70.000908, 9.454116 ], [ -70.000847, 9.453374 ], [ -70.000740, 9.452552 ], [ -70.000709, 9.451856 ], [ -70.000740, 9.451241 ], [ -70.000793, 9.450662 ], [ -70.000969, 9.450027 ], [ -70.001328, 9.449267 ], [ -70.001655, 9.448751 ], [ -70.002030, 9.448289 ], [ -70.003204, 9.447462 ], [ -70.003738, 9.447126 ], [ -70.004959, 9.446245 ], [ -70.005424, 9.445819 ], [ -70.005875, 9.445384 ], [ -70.006340, 9.444867 ], [ -70.006813, 9.444323 ], [ -70.007378, 9.443706 ], [ -70.007843, 9.443298 ], [ -70.008385, 9.442781 ], [ -70.009933, 9.441492 ], [ -70.010399, 9.441156 ], [ -70.010941, 9.440793 ], [ -70.011498, 9.440529 ], [ -70.011825, 9.440420 ], [ -70.013435, 9.439321 ], [ -70.014206, 9.438804 ], [ -70.014862, 9.438376 ], [ -70.015350, 9.437986 ], [ -70.015869, 9.437514 ], [ -70.016388, 9.436953 ], [ -70.017357, 9.435657 ], [ -70.017685, 9.435085 ], [ -70.018021, 9.434469 ], [ -70.018303, 9.433854 ], [ -70.018638, 9.433283 ], [ -70.019257, 9.432142 ], [ -70.020019, 9.430846 ], [ -70.020516, 9.430022 ], [ -70.020966, 9.429316 ], [ -70.021462, 9.428636 ], [ -70.021935, 9.428046 ], [ -70.022354, 9.427593 ], [ -70.023460, 9.426577 ], [ -70.024017, 9.426124 ], [ -70.024513, 9.425670 ], [ -70.025101, 9.425107 ], [ -70.026177, 9.424136 ], [ -70.026832, 9.423565 ], [ -70.027397, 9.423020 ], [ -70.031334, 9.419383 ], [ -70.031761, 9.418974 ], [ -70.032280, 9.418457 ], [ -70.033264, 9.417387 ], [ -70.033600, 9.416843 ], [ -70.033821, 9.416174 ], [ -70.034973, 9.417717 ], [ -70.035309, 9.418267 ], [ -70.035988, 9.419451 ], [ -70.036400, 9.420010 ], [ -70.036873, 9.420614 ], [ -70.037353, 9.421264 ], [ -70.037758, 9.421868 ], [ -70.038940, 9.423385 ], [ -70.039284, 9.423872 ], [ -70.040146, 9.425144 ], [ -70.040481, 9.425659 ], [ -70.040886, 9.426309 ], [ -70.041252, 9.426769 ], [ -70.041687, 9.427401 ], [ -70.042068, 9.428023 ], [ -70.042519, 9.428674 ], [ -70.042976, 9.429305 ], [ -70.043365, 9.429792 ], [ -70.043838, 9.430325 ], [ -70.044365, 9.430793 ], [ -70.044914, 9.431126 ], [ -70.045517, 9.431160 ], [ -70.046120, 9.431077 ], [ -70.046699, 9.430922 ], [ -70.047379, 9.430675 ], [ -70.048142, 9.430484 ], [ -70.048836, 9.430491 ], [ -70.049439, 9.430570 ], [ -70.050011, 9.430740 ], [ -70.050568, 9.430938 ], [ -70.051193, 9.431062 ], [ -70.051857, 9.431142 ], [ -70.052482, 9.431194 ], [ -70.053062, 9.431273 ], [ -70.053726, 9.431507 ], [ -70.054924, 9.432082 ], [ -70.055496, 9.432343 ], [ -70.056190, 9.432603 ], [ -70.056885, 9.432817 ], [ -70.057571, 9.432951 ], [ -70.058174, 9.433049 ], [ -70.058983, 9.433155 ], [ -70.059769, 9.433207 ], [ -70.061089, 9.433275 ], [ -70.061714, 9.433282 ], [ -70.062408, 9.433253 ], [ -70.063080, 9.433169 ], [ -70.063866, 9.432968 ], [ -70.064568, 9.432731 ], [ -70.065827, 9.432266 ], [ -70.066498, 9.431974 ], [ -70.068596, 9.431001 ], [ -70.069199, 9.430755 ], [ -70.069946, 9.430491 ], [ -70.070709, 9.430289 ], [ -70.071342, 9.430160 ], [ -70.071945, 9.430104 ], [ -70.072594, 9.430066 ], [ -70.073166, 9.430074 ], [ -70.073792, 9.430153 ], [ -70.074394, 9.430278 ], [ -70.074989, 9.430538 ], [ -70.075607, 9.431006 ], [ -70.075997, 9.431476 ], [ -70.076790, 9.432522 ], [ -70.077225, 9.433054 ], [ -70.077583, 9.433541 ], [ -70.077995, 9.433984 ], [ -70.078476, 9.434434 ], [ -70.079025, 9.434921 ], [ -70.079552, 9.435317 ], [ -70.080033, 9.435740 ], [ -70.080605, 9.436191 ], [ -70.081177, 9.436515 ], [ -70.081726, 9.436892 ], [ -70.082161, 9.437289 ], [ -70.082481, 9.437822 ], [ -70.082817, 9.438445 ], [ -70.083084, 9.439186 ], [ -70.083214, 9.439810 ], [ -70.083229, 9.440406 ], [ -70.083199, 9.441003 ], [ -70.082992, 9.442198 ], [ -70.082848, 9.442768 ], [ -70.082680, 9.443319 ], [ -70.082436, 9.444026 ], [ -70.082146, 9.444922 ], [ -70.081924, 9.445655 ], [ -70.081734, 9.446225 ], [ -70.081489, 9.446868 ], [ -70.081177, 9.447620 ], [ -70.080917, 9.448191 ], [ -70.080635, 9.448734 ], [ -70.080254, 9.449377 ], [ -70.079758, 9.450102 ], [ -70.078903, 9.451307 ], [ -70.078530, 9.451806 ], [ -70.078194, 9.452358 ], [ -70.077957, 9.452902 ], [ -70.077759, 9.453708 ], [ -70.077484, 9.455264 ], [ -70.077400, 9.456114 ], [ -70.077415, 9.456756 ], [ -70.077522, 9.457443 ], [ -70.077766, 9.458003 ], [ -70.078064, 9.458581 ], [ -70.078468, 9.459204 ], [ -70.078781, 9.459808 ], [ -70.078964, 9.460386 ], [ -70.079086, 9.461191 ], [ -70.078980, 9.462502 ], [ -70.078720, 9.464475 ], [ -70.078590, 9.465299 ], [ -70.078400, 9.467044 ], [ -70.078369, 9.467822 ], [ -70.078285, 9.468627 ], [ -70.078155, 9.469641 ], [ -70.078079, 9.470346 ], [ -70.077972, 9.471106 ], [ -70.077789, 9.472553 ], [ -70.077721, 9.474019 ], [ -70.077667, 9.474824 ], [ -70.077583, 9.475538 ], [ -70.077484, 9.476181 ], [ -70.077309, 9.476913 ], [ -70.077072, 9.477647 ], [ -70.076759, 9.478416 ], [ -70.076355, 9.479196 ], [ -70.076019, 9.479947 ], [ -70.075706, 9.480446 ], [ -70.075447, 9.480998 ], [ -70.075157, 9.481659 ], [ -70.074944, 9.482302 ], [ -70.074768, 9.483035 ], [ -70.074715, 9.483632 ], [ -70.074776, 9.484228 ], [ -70.074974, 9.484879 ], [ -70.075539, 9.486098 ], [ -70.075867, 9.487490 ], [ -70.076065, 9.488249 ], [ -70.076241, 9.488827 ], [ -70.076462, 9.489469 ], [ -70.076729, 9.490119 ], [ -70.077278, 9.491272 ], [ -70.077583, 9.491879 ], [ -70.077919, 9.492665 ], [ -70.078232, 9.493288 ], [ -70.078667, 9.494028 ], [ -70.079025, 9.494588 ], [ -70.079437, 9.495193 ], [ -70.079956, 9.495888 ], [ -70.080322, 9.496420 ], [ -70.080818, 9.497096 ], [ -70.081230, 9.497539 ], [ -70.081711, 9.498079 ], [ -70.082230, 9.498593 ], [ -70.082733, 9.499107 ], [ -70.083214, 9.499503 ], [ -70.083786, 9.499854 ], [ -70.084412, 9.500160 ], [ -70.085632, 9.500590 ], [ -70.086327, 9.500697 ], [ -70.086922, 9.500730 ], [ -70.087524, 9.500801 ], [ -70.088104, 9.500881 ], [ -70.088753, 9.501005 ], [ -70.089417, 9.501085 ], [ -70.090088, 9.501191 ], [ -70.090759, 9.501334 ], [ -70.091408, 9.501458 ], [ -70.092262, 9.501637 ], [ -70.092926, 9.501734 ], [ -70.093689, 9.501795 ], [ -70.095108, 9.501818 ], [ -70.095795, 9.501897 ], [ -70.096558, 9.502085 ], [ -70.097206, 9.502354 ], [ -70.097916, 9.502749 ], [ -70.098511, 9.503155 ], [ -70.098923, 9.503732 ], [ -70.099281, 9.504265 ], [ -70.099960, 9.505492 ], [ -70.100227, 9.506024 ], [ -70.100594, 9.506675 ], [ -70.100929, 9.507397 ], [ -70.101219, 9.507975 ], [ -70.101555, 9.508670 ], [ -70.101807, 9.509221 ], [ -70.102074, 9.509754 ], [ -70.102318, 9.510467 ], [ -70.102379, 9.511164 ], [ -70.102302, 9.511869 ], [ -70.102173, 9.512511 ], [ -70.102005, 9.513154 ], [ -70.101898, 9.513779 ], [ -70.101868, 9.514348 ], [ -70.101814, 9.515063 ], [ -70.101730, 9.515913 ], [ -70.101723, 9.516556 ], [ -70.101784, 9.517333 ], [ -70.101906, 9.518165 ], [ -70.101967, 9.518833 ], [ -70.102142, 9.519520 ], [ -70.102409, 9.520243 ], [ -70.102821, 9.520892 ], [ -70.103249, 9.521335 ], [ -70.103760, 9.521686 ], [ -70.104286, 9.521991 ], [ -70.105408, 9.522585 ], [ -70.106056, 9.522872 ], [ -70.106651, 9.523177 ], [ -70.107269, 9.523555 ], [ -70.107750, 9.523970 ], [ -70.108185, 9.524484 ], [ -70.108360, 9.525152 ], [ -70.108421, 9.525848 ], [ -70.108574, 9.526427 ], [ -70.108841, 9.527113 ], [ -70.109253, 9.527745 ], [ -70.109726, 9.528304 ], [ -70.110207, 9.528791 ], [ -70.110573, 9.529368 ], [ -70.110909, 9.530064 ], [ -70.111366, 9.530533 ], [ -70.111008, 9.531013 ], [ -70.110886, 9.531583 ], [ -70.110741, 9.532181 ], [ -70.110611, 9.532958 ], [ -70.110489, 9.533556 ], [ -70.110329, 9.534949 ], [ -70.110222, 9.535781 ], [ -70.110192, 9.536378 ], [ -70.110077, 9.537889 ], [ -70.110046, 9.539960 ], [ -70.110062, 9.540854 ], [ -70.110046, 9.541570 ], [ -70.110107, 9.542329 ], [ -70.110168, 9.542953 ], [ -70.110237, 9.544462 ], [ -70.110298, 9.545177 ], [ -70.110382, 9.546008 ], [ -70.110596, 9.546858 ], [ -70.110771, 9.547644 ], [ -70.110969, 9.548267 ], [ -70.111122, 9.548918 ], [ -70.111366, 9.549704 ], [ -70.111618, 9.550300 ], [ -70.111977, 9.551113 ], [ -70.112404, 9.551989 ], [ -70.112869, 9.553307 ], [ -70.113113, 9.553885 ], [ -70.113724, 9.555068 ], [ -70.114082, 9.555854 ], [ -70.114532, 9.556621 ], [ -70.114853, 9.557271 ], [ -70.115234, 9.557866 ], [ -70.115624, 9.558426 ], [ -70.115936, 9.558940 ], [ -70.116463, 9.559518 ], [ -70.117035, 9.559940 ], [ -70.117699, 9.560346 ], [ -70.118301, 9.560606 ], [ -70.118851, 9.560794 ], [ -70.119431, 9.561036 ], [ -70.120026, 9.561369 ], [ -70.120552, 9.561692 ], [ -70.121193, 9.562305 ], [ -70.121529, 9.562946 ], [ -70.121681, 9.563525 ], [ -70.121696, 9.564266 ], [ -70.121643, 9.564926 ], [ -70.121536, 9.565732 ], [ -70.121407, 9.566582 ], [ -70.121285, 9.567270 ], [ -70.121086, 9.568139 ], [ -70.120796, 9.569098 ], [ -70.120529, 9.569921 ], [ -70.119888, 9.571226 ], [ -70.119530, 9.571996 ], [ -70.119163, 9.572847 ], [ -70.118774, 9.574196 ], [ -70.118584, 9.574974 ], [ -70.118408, 9.575752 ], [ -70.118279, 9.576530 ], [ -70.118103, 9.577861 ], [ -70.117989, 9.579380 ], [ -70.117828, 9.580665 ], [ -70.117653, 9.581416 ], [ -70.117409, 9.582330 ], [ -70.117264, 9.582973 ], [ -70.117142, 9.583615 ], [ -70.117058, 9.584393 ], [ -70.117050, 9.584971 ], [ -70.117111, 9.585867 ], [ -70.117226, 9.587296 ], [ -70.117210, 9.588190 ], [ -70.117271, 9.588886 ], [ -70.117615, 9.589464 ], [ -70.118744, 9.591161 ], [ -70.119156, 9.591802 ], [ -70.119560, 9.592479 ], [ -70.119964, 9.593291 ], [ -70.120300, 9.594049 ], [ -70.120621, 9.594700 ], [ -70.120911, 9.595214 ], [ -70.121269, 9.595955 ], [ -70.121651, 9.596695 ], [ -70.122444, 9.598130 ], [ -70.122711, 9.598681 ], [ -70.123009, 9.599240 ], [ -70.123413, 9.600053 ], [ -70.123749, 9.600766 ], [ -70.124062, 9.601461 ], [ -70.124382, 9.602084 ], [ -70.124649, 9.602662 ], [ -70.124893, 9.603403 ], [ -70.125092, 9.604217 ], [ -70.125153, 9.604949 ], [ -70.125046, 9.605637 ], [ -70.124901, 9.606278 ], [ -70.124824, 9.606894 ], [ -70.124710, 9.608278 ], [ -70.124741, 9.609128 ], [ -70.124802, 9.609860 ], [ -70.125076, 9.611524 ], [ -70.125145, 9.612120 ], [ -70.125313, 9.613313 ], [ -70.125366, 9.614118 ], [ -70.125359, 9.614814 ], [ -70.125297, 9.615564 ], [ -70.125107, 9.616280 ], [ -70.124931, 9.617013 ], [ -70.124672, 9.617583 ], [ -70.124336, 9.618217 ], [ -70.123985, 9.618698 ], [ -70.123512, 9.619169 ], [ -70.122948, 9.619605 ], [ -70.122017, 9.620277 ], [ -70.121475, 9.620731 ], [ -70.120888, 9.621294 ], [ -70.119942, 9.622527 ], [ -70.117699, 9.625709 ], [ -70.117340, 9.626388 ], [ -70.117012, 9.627076 ], [ -70.116722, 9.627620 ], [ -70.116371, 9.628127 ], [ -70.115875, 9.628690 ], [ -70.115356, 9.629098 ], [ -70.114639, 9.629543 ], [ -70.114052, 9.629862 ], [ -70.113541, 9.630153 ], [ -70.112816, 9.630626 ], [ -70.112183, 9.631071 ], [ -70.111671, 9.631389 ], [ -70.110802, 9.632133 ], [ -70.110100, 9.632813 ], [ -70.109581, 9.633358 ], [ -70.108642, 9.634311 ], [ -70.108032, 9.634946 ], [ -70.107536, 9.635489 ], [ -70.107063, 9.636052 ], [ -70.106499, 9.636786 ], [ -70.106094, 9.637348 ], [ -70.105667, 9.637992 ], [ -70.105171, 9.638880 ], [ -70.104813, 9.639496 ], [ -70.104507, 9.639994 ], [ -70.104004, 9.640972 ], [ -70.102959, 9.643073 ], [ -70.102531, 9.643870 ], [ -70.102074, 9.644785 ], [ -70.101692, 9.645419 ], [ -70.100906, 9.647086 ], [ -70.100601, 9.647684 ], [ -70.099838, 9.648907 ], [ -70.099510, 9.649460 ], [ -70.098869, 9.650664 ], [ -70.098007, 9.652494 ], [ -70.097763, 9.653155 ], [ -70.097351, 9.654368 ], [ -70.097160, 9.655028 ], [ -70.096771, 9.656522 ], [ -70.096596, 9.657255 ], [ -70.096397, 9.658215 ], [ -70.096092, 9.660142 ], [ -70.095833, 9.661905 ], [ -70.095757, 9.662711 ], [ -70.095520, 9.664267 ], [ -70.095329, 9.665199 ], [ -70.095398, 9.665714 ], [ -70.095367, 9.666356 ], [ -70.095291, 9.666745 ], [ -70.095154, 9.667207 ], [ -70.094933, 9.667831 ], [ -70.094681, 9.668429 ], [ -70.094055, 9.669842 ], [ -70.093712, 9.670377 ], [ -70.093147, 9.671066 ], [ -70.092598, 9.671674 ], [ -70.092026, 9.672236 ], [ -70.091324, 9.672979 ], [ -70.090660, 9.673606 ], [ -70.090202, 9.674068 ], [ -70.089607, 9.674722 ], [ -70.088562, 9.675927 ], [ -70.087990, 9.676554 ], [ -70.087486, 9.677043 ], [ -70.086800, 9.677561 ], [ -70.085998, 9.678079 ], [ -70.084137, 9.679107 ], [ -70.083427, 9.679399 ], [ -70.082619, 9.679753 ], [ -70.081421, 9.680318 ], [ -70.080666, 9.680646 ], [ -70.079948, 9.680938 ], [ -70.079307, 9.681148 ], [ -70.077988, 9.681115 ], [ -70.076317, 9.681139 ], [ -70.075508, 9.681132 ], [ -70.073891, 9.681336 ], [ -70.073151, 9.681203 ], [ -70.072426, 9.681051 ], [ -70.071754, 9.680945 ], [ -70.071083, 9.681046 ], [ -70.070282, 9.681193 ], [ -70.069565, 9.681341 ], [ -70.068893, 9.681424 ], [ -70.068039, 9.681427 ], [ -70.067413, 9.681302 ], [ -70.065895, 9.680746 ], [ -70.064522, 9.680263 ], [ -70.063294, 9.679750 ], [ -70.062637, 9.679409 ], [ -70.062012, 9.679004 ], [ -70.061516, 9.678598 ], [ -70.060997, 9.678030 ], [ -70.060623, 9.677417 ], [ -70.060448, 9.676748 ], [ -70.059906, 9.676234 ], [ -70.059258, 9.676146 ], [ -70.058952, 9.675487 ], [ -70.058899, 9.674817 ], [ -70.058975, 9.674130 ], [ -70.058807, 9.673461 ], [ -70.058456, 9.672938 ], [ -70.058029, 9.672415 ], [ -70.057396, 9.672082 ], [ -70.056687, 9.672301 ], [ -70.056038, 9.672692 ], [ -70.054687, 9.673564 ], [ -70.053841, 9.674055 ], [ -70.053238, 9.674319 ], [ -70.052689, 9.674620 ], [ -70.052094, 9.674929 ], [ -70.051422, 9.675193 ], [ -70.050804, 9.675384 ], [ -70.050178, 9.675550 ], [ -70.049416, 9.675633 ], [ -70.048744, 9.675590 ], [ -70.048096, 9.675647 ], [ -70.047287, 9.675838 ], [ -70.046555, 9.676104 ], [ -70.045677, 9.676341 ], [ -70.044800, 9.676443 ], [ -70.043945, 9.676527 ], [ -70.043274, 9.676557 ], [ -70.042625, 9.676522 ], [ -70.041878, 9.676298 ], [ -70.041138, 9.676011 ], [ -70.040367, 9.675770 ], [ -70.039719, 9.675617 ], [ -70.038925, 9.675376 ], [ -70.038300, 9.675224 ], [ -70.036720, 9.674967 ], [ -70.036072, 9.674788 ], [ -70.035393, 9.674455 ], [ -70.034653, 9.674113 ], [ -70.033951, 9.673872 ], [ -70.033279, 9.673493 ], [ -70.032715, 9.673152 ], [ -70.032135, 9.672892 ], [ -70.031410, 9.672460 ], [ -70.030808, 9.672172 ], [ -70.030106, 9.672038 ], [ -70.029465, 9.672230 ], [ -70.028839, 9.672467 ], [ -70.027984, 9.672461 ], [ -70.027245, 9.672236 ], [ -70.026474, 9.672157 ], [ -70.025780, 9.672187 ], [ -70.025001, 9.672452 ], [ -70.024353, 9.672688 ], [ -70.023781, 9.673106 ], [ -70.023048, 9.673669 ], [ -70.022339, 9.674042 ], [ -70.021713, 9.674423 ], [ -70.021141, 9.674724 ], [ -70.020454, 9.675060 ], [ -70.019897, 9.675361 ], [ -70.019211, 9.675788 ], [ -70.018456, 9.676188 ], [ -70.017647, 9.676516 ], [ -70.016907, 9.676798 ], [ -70.016106, 9.677135 ], [ -70.015320, 9.677418 ], [ -70.014679, 9.677591 ], [ -70.013985, 9.677756 ], [ -70.013222, 9.677903 ], [ -70.012459, 9.677842 ], [ -70.011810, 9.677763 ], [ -70.011024, 9.677837 ], [ -70.010330, 9.677966 ], [ -70.009682, 9.677814 ], [ -70.008980, 9.677635 ], [ -70.008286, 9.677619 ], [ -70.007530, 9.677838 ], [ -70.006905, 9.678030 ], [ -70.006310, 9.678294 ], [ -70.005661, 9.678504 ], [ -70.004875, 9.678561 ], [ -70.004135, 9.678527 ], [ -70.003464, 9.678511 ], [ -70.002747, 9.678450 ], [ -70.002052, 9.678461 ], [ -70.001289, 9.678517 ], [ -70.000549, 9.678664 ], [ -70.000076, 9.678828 ], [ -69.999512, 9.679300 ], [ -69.998833, 9.679627 ], [ -69.998276, 9.679801 ], [ -69.996643, 9.680367 ], [ -69.995941, 9.680441 ], [ -69.995163, 9.680217 ], [ -69.994660, 9.679821 ], [ -69.994156, 9.679487 ], [ -69.993561, 9.679272 ], [ -69.992996, 9.679437 ], [ -69.992508, 9.679863 ], [ -69.992142, 9.680596 ], [ -69.992218, 9.681220 ], [ -69.992905, 9.681644 ], [ -69.993599, 9.681976 ], [ -69.994194, 9.682173 ], [ -69.994789, 9.682506 ], [ -69.995567, 9.682893 ], [ -69.996330, 9.683252 ], [ -69.997063, 9.683521 ], [ -69.997826, 9.683745 ], [ -69.998558, 9.683897 ], [ -69.999298, 9.684139 ], [ -70.000076, 9.684344 ], [ -70.000236, 9.684498 ], [ -70.000656, 9.684976 ], [ -70.001083, 9.685499 ], [ -70.001679, 9.686890 ], [ -70.001824, 9.687559 ], [ -70.001999, 9.688173 ], [ -70.002304, 9.688887 ], [ -70.002197, 9.689602 ], [ -70.001953, 9.690271 ], [ -70.001915, 9.690914 ], [ -70.002235, 9.692396 ], [ -70.002548, 9.693064 ], [ -70.002670, 9.693751 ], [ -70.002693, 9.695451 ], [ -70.002670, 9.697016 ], [ -70.002892, 9.697747 ], [ -70.003494, 9.698152 ], [ -70.004173, 9.698395 ], [ -70.004822, 9.698665 ], [ -70.005432, 9.699178 ], [ -70.006020, 9.699655 ], [ -70.006737, 9.699898 ], [ -70.007477, 9.699986 ], [ -70.008224, 9.700274 ], [ -70.008789, 9.700679 ], [ -70.009277, 9.701201 ], [ -70.009705, 9.701697 ], [ -70.010361, 9.702175 ], [ -70.011147, 9.702598 ], [ -70.011780, 9.702912 ], [ -70.013107, 9.703677 ], [ -70.013878, 9.703919 ], [ -70.015221, 9.704249 ], [ -70.015923, 9.704564 ], [ -70.016480, 9.704969 ], [ -70.016953, 9.705492 ], [ -70.017517, 9.706079 ], [ -70.018059, 9.706574 ], [ -70.018364, 9.707215 ], [ -70.019333, 9.708289 ], [ -70.019753, 9.708858 ], [ -70.020180, 9.709380 ], [ -70.020714, 9.709922 ], [ -70.021255, 9.710399 ], [ -70.021706, 9.710922 ], [ -70.022102, 9.711536 ], [ -70.022392, 9.712105 ], [ -70.022492, 9.712819 ], [ -70.022621, 9.713506 ], [ -70.022835, 9.714120 ], [ -70.023102, 9.714734 ], [ -70.023453, 9.715375 ], [ -70.023743, 9.716017 ], [ -70.024162, 9.716557 ], [ -70.024612, 9.717109 ], [ -70.024918, 9.717649 ], [ -70.025284, 9.719050 ], [ -70.025574, 9.719665 ], [ -70.025925, 9.720215 ], [ -70.026215, 9.720947 ], [ -70.026413, 9.721588 ], [ -70.026672, 9.722293 ], [ -70.026962, 9.722889 ], [ -70.027405, 9.723340 ], [ -70.028038, 9.723582 ], [ -70.028641, 9.723833 ], [ -70.029289, 9.724148 ], [ -70.029922, 9.724553 ], [ -70.030571, 9.724795 ], [ -70.031341, 9.724874 ], [ -70.032005, 9.724800 ], [ -70.032608, 9.724490 ], [ -70.033272, 9.724181 ], [ -70.034012, 9.723944 ], [ -70.034752, 9.723634 ], [ -70.035393, 9.723333 ], [ -70.036011, 9.723006 ], [ -70.037369, 9.722342 ], [ -70.038063, 9.722077 ], [ -70.038635, 9.721750 ], [ -70.039284, 9.721649 ], [ -70.039932, 9.721801 ], [ -70.040604, 9.721799 ], [ -70.041298, 9.721832 ], [ -70.041977, 9.722147 ], [ -70.042580, 9.722552 ], [ -70.043167, 9.722912 ], [ -70.043770, 9.723200 ], [ -70.044609, 9.723351 ], [ -70.045258, 9.723367 ], [ -70.045952, 9.723338 ], [ -70.046806, 9.723136 ], [ -70.047539, 9.722854 ], [ -70.048302, 9.722689 ], [ -70.049088, 9.722695 ], [ -70.049690, 9.722892 ], [ -70.050339, 9.722890 ], [ -70.050942, 9.722608 ], [ -70.051468, 9.722226 ], [ -70.052086, 9.721972 ], [ -70.052711, 9.721798 ], [ -70.053360, 9.721887 ], [ -70.054146, 9.722011 ], [ -70.054863, 9.721864 ], [ -70.055557, 9.721789 ], [ -70.056183, 9.722013 ], [ -70.056793, 9.722274 ], [ -70.057373, 9.722589 ], [ -70.058052, 9.722930 ], [ -70.058541, 9.723353 ], [ -70.058899, 9.723994 ], [ -70.059494, 9.725485 ], [ -70.059830, 9.726207 ], [ -70.060211, 9.726757 ], [ -70.060661, 9.727371 ], [ -70.060921, 9.727940 ], [ -70.060951, 9.728654 ], [ -70.061127, 9.729296 ], [ -70.061485, 9.730027 ], [ -70.061859, 9.730551 ], [ -70.062378, 9.731092 ], [ -70.062889, 9.731524 ], [ -70.064125, 9.732216 ], [ -70.064735, 9.732486 ], [ -70.065476, 9.732773 ], [ -70.066063, 9.733088 ], [ -70.066506, 9.733565 ], [ -70.066979, 9.734160 ], [ -70.067406, 9.734747 ], [ -70.067947, 9.735641 ], [ -70.068398, 9.736463 ], [ -70.068825, 9.737193 ], [ -70.069137, 9.737898 ], [ -70.069420, 9.738494 ], [ -70.069778, 9.739125 ], [ -70.070137, 9.739794 ], [ -70.070961, 9.741157 ], [ -70.071457, 9.741679 ], [ -70.071884, 9.742338 ], [ -70.072403, 9.743070 ], [ -70.072716, 9.743683 ], [ -70.072975, 9.744279 ], [ -70.073753, 9.745488 ], [ -70.074203, 9.746120 ], [ -70.074699, 9.746851 ], [ -70.074967, 9.747564 ], [ -70.075119, 9.748350 ], [ -70.075310, 9.749201 ], [ -70.075623, 9.750122 ], [ -70.075958, 9.750699 ], [ -70.077034, 9.751763 ], [ -70.077393, 9.752350 ], [ -70.077522, 9.753064 ], [ -70.077576, 9.753751 ], [ -70.077812, 9.754393 ], [ -70.077919, 9.755007 ], [ -70.077927, 9.755658 ], [ -70.077820, 9.756318 ], [ -70.077500, 9.756926 ], [ -70.077141, 9.757478 ], [ -70.076637, 9.758194 ], [ -70.076256, 9.758801 ], [ -70.076057, 9.759489 ], [ -70.075974, 9.760131 ], [ -70.076027, 9.760873 ], [ -70.076241, 9.761425 ], [ -70.076530, 9.761847 ], [ -70.076950, 9.762398 ], [ -70.077537, 9.762776 ], [ -70.078209, 9.762981 ], [ -70.079674, 9.763167 ], [ -70.080391, 9.763273 ], [ -70.081276, 9.763470 ], [ -70.082641, 9.763682 ], [ -70.083359, 9.763834 ], [ -70.083992, 9.763986 ], [ -70.084595, 9.764182 ], [ -70.085174, 9.764497 ], [ -70.085739, 9.764812 ], [ -70.086296, 9.765172 ], [ -70.087090, 9.765621 ], [ -70.087792, 9.765981 ], [ -70.088425, 9.766358 ], [ -70.089683, 9.767241 ], [ -70.090294, 9.767646 ], [ -70.090897, 9.768069 ], [ -70.091675, 9.768636 ], [ -70.092255, 9.769114 ], [ -70.092796, 9.769519 ], [ -70.093521, 9.770086 ], [ -70.094620, 9.770924 ], [ -70.095184, 9.771347 ], [ -70.095764, 9.771751 ], [ -70.096779, 9.772725 ], [ -70.097969, 9.773635 ], [ -70.099205, 9.774418 ], [ -70.099815, 9.774687 ], [ -70.100532, 9.774911 ], [ -70.101250, 9.775035 ], [ -70.101975, 9.775068 ], [ -70.102783, 9.775039 ], [ -70.103615, 9.774964 ], [ -70.104446, 9.774925 ], [ -70.105278, 9.774705 ], [ -70.106056, 9.774286 ], [ -70.106674, 9.773914 ], [ -70.108032, 9.772861 ], [ -70.108742, 9.772478 ], [ -70.109337, 9.772133 ], [ -70.109917, 9.771851 ], [ -70.110466, 9.771514 ], [ -70.111153, 9.771169 ], [ -70.112305, 9.770369 ], [ -70.112969, 9.769941 ], [ -70.113701, 9.769550 ], [ -70.114281, 9.769286 ], [ -70.114899, 9.769067 ], [ -70.115547, 9.769111 ], [ -70.116264, 9.769261 ], [ -70.116921, 9.769486 ], [ -70.117500, 9.769891 ], [ -70.118195, 9.769835 ], [ -70.118652, 9.769389 ], [ -70.119400, 9.768256 ], [ -70.119949, 9.767721 ], [ -70.120621, 9.767411 ], [ -70.121262, 9.767129 ], [ -70.122482, 9.766538 ], [ -70.123055, 9.766228 ], [ -70.124458, 9.765663 ], [ -70.125130, 9.765335 ], [ -70.125931, 9.764907 ], [ -70.126595, 9.764507 ], [ -70.127197, 9.764297 ], [ -70.127815, 9.764060 ], [ -70.128441, 9.763796 ], [ -70.129158, 9.763603 ], [ -70.129776, 9.763456 ], [ -70.130470, 9.763517 ], [ -70.131149, 9.763760 ], [ -70.131752, 9.764047 ], [ -70.132454, 9.764297 ], [ -70.133125, 9.764305 ], [ -70.133797, 9.764456 ], [ -70.134514, 9.764635 ], [ -70.135216, 9.764713 ], [ -70.135910, 9.764621 ], [ -70.136619, 9.764474 ], [ -70.137360, 9.764372 ], [ -70.138008, 9.764379 ], [ -70.138702, 9.764485 ], [ -70.139458, 9.764639 ], [ -70.140122, 9.764788 ], [ -70.140709, 9.765129 ], [ -70.141197, 9.765607 ], [ -70.141579, 9.766175 ], [ -70.141861, 9.766789 ], [ -70.142220, 9.767430 ], [ -70.142578, 9.768116 ], [ -70.142860, 9.768704 ], [ -70.143432, 9.770003 ], [ -70.143677, 9.770807 ], [ -70.143929, 9.772118 ], [ -70.144074, 9.772759 ], [ -70.144340, 9.773491 ], [ -70.144699, 9.774014 ], [ -70.145218, 9.774600 ], [ -70.145752, 9.775050 ], [ -70.146454, 9.775546 ], [ -70.147133, 9.775950 ], [ -70.147759, 9.776219 ], [ -70.148460, 9.776488 ], [ -70.149200, 9.776730 ], [ -70.150581, 9.777358 ], [ -70.152580, 9.777993 ], [ -70.153206, 9.778217 ], [ -70.153862, 9.778504 ], [ -70.154510, 9.778910 ], [ -70.155189, 9.779359 ], [ -70.155846, 9.779764 ], [ -70.156494, 9.780106 ], [ -70.157150, 9.780528 ], [ -70.157646, 9.781096 ], [ -70.157997, 9.781619 ], [ -70.158333, 9.782188 ], [ -70.158760, 9.782991 ], [ -70.159027, 9.783560 ], [ -70.159287, 9.784156 ], [ -70.159576, 9.784951 ], [ -70.159775, 9.785737 ], [ -70.159943, 9.786532 ], [ -70.160164, 9.787336 ], [ -70.160500, 9.787905 ], [ -70.160896, 9.788500 ], [ -70.162079, 9.790178 ], [ -70.162506, 9.790747 ], [ -70.163117, 9.791314 ], [ -70.164055, 9.791709 ], [ -70.164604, 9.791869 ], [ -70.165024, 9.791980 ], [ -70.165275, 9.792048 ], [ -70.166092, 9.792199 ], [ -70.167534, 9.792501 ], [ -70.168297, 9.792670 ], [ -70.168991, 9.792894 ], [ -70.169647, 9.793137 ], [ -70.170204, 9.793450 ], [ -70.170723, 9.793856 ], [ -70.171188, 9.794289 ], [ -70.171844, 9.794738 ], [ -70.172501, 9.795234 ], [ -70.173180, 9.795711 ], [ -70.173836, 9.796115 ], [ -70.174561, 9.796582 ], [ -70.175209, 9.796969 ], [ -70.175888, 9.797329 ], [ -70.176567, 9.797733 ], [ -70.177849, 9.798588 ], [ -70.178436, 9.798947 ], [ -70.179016, 9.799262 ], [ -70.179649, 9.799486 ], [ -70.181229, 9.800014 ], [ -70.181877, 9.800301 ], [ -70.182556, 9.800733 ], [ -70.183052, 9.801201 ], [ -70.183617, 9.801661 ], [ -70.184921, 9.802325 ], [ -70.185455, 9.802757 ], [ -70.185951, 9.803415 ], [ -70.186287, 9.803984 ], [ -70.186409, 9.804698 ], [ -70.186401, 9.805367 ], [ -70.186661, 9.805936 ], [ -70.187134, 9.806595 ], [ -70.187493, 9.807208 ], [ -70.187615, 9.807940 ], [ -70.187508, 9.808610 ], [ -70.187218, 9.809307 ], [ -70.186951, 9.809905 ], [ -70.186607, 9.810457 ], [ -70.186317, 9.811037 ], [ -70.185982, 9.811780 ], [ -70.185761, 9.812495 ], [ -70.185585, 9.813138 ], [ -70.185501, 9.813870 ], [ -70.185608, 9.814765 ], [ -70.185776, 9.815389 ], [ -70.186424, 9.816896 ], [ -70.186569, 9.817601 ], [ -70.186653, 9.818334 ], [ -70.186775, 9.818975 ], [ -70.186996, 9.819644 ], [ -70.187256, 9.820257 ], [ -70.187523, 9.820971 ], [ -70.187836, 9.821649 ], [ -70.188141, 9.822379 ], [ -70.188476, 9.822930 ], [ -70.188881, 9.823481 ], [ -70.189278, 9.823977 ], [ -70.189842, 9.824607 ], [ -70.190384, 9.825247 ], [ -70.190788, 9.825743 ], [ -70.191139, 9.826276 ], [ -70.192200, 9.827519 ], [ -70.192627, 9.828088 ], [ -70.193146, 9.828881 ], [ -70.193756, 9.829268 ], [ -70.194527, 9.829881 ], [ -70.195091, 9.830539 ], [ -70.195725, 9.831061 ], [ -70.196335, 9.831511 ], [ -70.197502, 9.832294 ], [ -70.198135, 9.832861 ], [ -70.198738, 9.833265 ], [ -70.199440, 9.833671 ], [ -70.200233, 9.834047 ], [ -70.200958, 9.834252 ], [ -70.201721, 9.834286 ], [ -70.202507, 9.834347 ], [ -70.203072, 9.834661 ], [ -70.203514, 9.835112 ], [ -70.203987, 9.835680 ], [ -70.204483, 9.836310 ], [ -70.204994, 9.836743 ], [ -70.205628, 9.836922 ], [ -70.206413, 9.837090 ], [ -70.206932, 9.837595 ], [ -70.207123, 9.838282 ], [ -70.206848, 9.839793 ], [ -70.206970, 9.840462 ], [ -70.207260, 9.841058 ], [ -70.207542, 9.841806 ], [ -70.207718, 9.842493 ], [ -70.208077, 9.843061 ], [ -70.208588, 9.843476 ], [ -70.209175, 9.843781 ], [ -70.209968, 9.844276 ], [ -70.210693, 9.844662 ], [ -70.211365, 9.844949 ], [ -70.212158, 9.845218 ], [ -70.212830, 9.845487 ], [ -70.214943, 9.846223 ], [ -70.215103, 9.845821 ], [ -70.215355, 9.845586 ], [ -70.215347, 9.844916 ], [ -70.215431, 9.844067 ], [ -70.215698, 9.843215 ], [ -70.216011, 9.842635 ], [ -70.216423, 9.842146 ], [ -70.217087, 9.841547 ], [ -70.217400, 9.840921 ], [ -70.217041, 9.840353 ], [ -70.216393, 9.840401 ], [ -70.215744, 9.840394 ], [ -70.215027, 9.840198 ], [ -70.214577, 9.839647 ], [ -70.214684, 9.838725 ], [ -70.215301, 9.838126 ], [ -70.216034, 9.837653 ], [ -70.216812, 9.837279 ], [ -70.217483, 9.836879 ], [ -70.217537, 9.836237 ], [ -70.217072, 9.835759 ], [ -70.216415, 9.835400 ], [ -70.215721, 9.835041 ], [ -70.215088, 9.834682 ], [ -70.214523, 9.834340 ], [ -70.214081, 9.833871 ], [ -70.213676, 9.833159 ], [ -70.213715, 9.832516 ], [ -70.214355, 9.832397 ], [ -70.215080, 9.832357 ], [ -70.215721, 9.831894 ], [ -70.216194, 9.831331 ], [ -70.216583, 9.830806 ], [ -70.217132, 9.830198 ], [ -70.217659, 9.829753 ], [ -70.218414, 9.829515 ], [ -70.219155, 9.829386 ], [ -70.219772, 9.828877 ], [ -70.220299, 9.828224 ], [ -70.220780, 9.827671 ], [ -70.221710, 9.826438 ], [ -70.222305, 9.826200 ], [ -70.223053, 9.826351 ], [ -70.225037, 9.827638 ], [ -70.226250, 9.828257 ], [ -70.226898, 9.828553 ], [ -70.227570, 9.828524 ], [ -70.228310, 9.828186 ], [ -70.228905, 9.827768 ], [ -70.229523, 9.827232 ], [ -70.230804, 9.826179 ], [ -70.231514, 9.825643 ], [ -70.232132, 9.825080 ], [ -70.232559, 9.824364 ], [ -70.232529, 9.823722 ], [ -70.232453, 9.822989 ], [ -70.232277, 9.822321 ], [ -70.232056, 9.821617 ], [ -70.231773, 9.820931 ], [ -70.231529, 9.820272 ], [ -70.231194, 9.819540 ], [ -70.230865, 9.818854 ], [ -70.230553, 9.818303 ], [ -70.229797, 9.817167 ], [ -70.229370, 9.816436 ], [ -70.229057, 9.815732 ], [ -70.228722, 9.814883 ], [ -70.228409, 9.814134 ], [ -70.228241, 9.813510 ], [ -70.228294, 9.812823 ], [ -70.228432, 9.812199 ], [ -70.228645, 9.811375 ], [ -70.228867, 9.810587 ], [ -70.229019, 9.809945 ], [ -70.229149, 9.809293 ], [ -70.229210, 9.808651 ], [ -70.229408, 9.808008 ], [ -70.230064, 9.806758 ], [ -70.230423, 9.805880 ], [ -70.230530, 9.805210 ], [ -70.230446, 9.804315 ], [ -70.230278, 9.803674 ], [ -70.230286, 9.802986 ], [ -70.230392, 9.802371 ], [ -70.230385, 9.801702 ], [ -70.230240, 9.800988 ], [ -70.230316, 9.800345 ], [ -70.230637, 9.799703 ], [ -70.231178, 9.798959 ], [ -70.231773, 9.798532 ], [ -70.232231, 9.797978 ], [ -70.232498, 9.797291 ], [ -70.232674, 9.796639 ], [ -70.232986, 9.795788 ], [ -70.233162, 9.795163 ], [ -70.233292, 9.794448 ], [ -70.233376, 9.793643 ], [ -70.233337, 9.792911 ], [ -70.233284, 9.792107 ], [ -70.232918, 9.790760 ], [ -70.232880, 9.790073 ], [ -70.233032, 9.789241 ], [ -70.233185, 9.788616 ], [ -70.233383, 9.787947 ], [ -70.233673, 9.787230 ], [ -70.234062, 9.786560 ], [ -70.234558, 9.786025 ], [ -70.235085, 9.785517 ], [ -70.235611, 9.785027 ], [ -70.236160, 9.784609 ], [ -70.236664, 9.784091 ], [ -70.236999, 9.783421 ], [ -70.237084, 9.782805 ], [ -70.237144, 9.782109 ], [ -70.237274, 9.781376 ], [ -70.237404, 9.780734 ], [ -70.237419, 9.780083 ], [ -70.237198, 9.779333 ], [ -70.236885, 9.778529 ], [ -70.236664, 9.777888 ], [ -70.236427, 9.777111 ], [ -70.236404, 9.775737 ], [ -70.236275, 9.774869 ], [ -70.236114, 9.773441 ], [ -70.236015, 9.772709 ], [ -70.235817, 9.772068 ], [ -70.235672, 9.771454 ], [ -70.235664, 9.770766 ], [ -70.235672, 9.769917 ], [ -70.235870, 9.769201 ], [ -70.236138, 9.768549 ], [ -70.236549, 9.767879 ], [ -70.237076, 9.767415 ], [ -70.237671, 9.767088 ], [ -70.238266, 9.766778 ], [ -70.238769, 9.766378 ], [ -70.239250, 9.765870 ], [ -70.239609, 9.765244 ], [ -70.239861, 9.764547 ], [ -70.240372, 9.763307 ], [ -70.240753, 9.762610 ], [ -70.250023, 9.778438 ], [ -70.278473, 9.826987 ], [ -70.309547, 9.826561 ], [ -70.318565, 9.826445 ], [ -70.319214, 9.826479 ], [ -70.322136, 9.826440 ], [ -70.322876, 9.826455 ], [ -70.323662, 9.826488 ], [ -70.324333, 9.826549 ], [ -70.325676, 9.826571 ], [ -70.326416, 9.826514 ], [ -70.327270, 9.826366 ], [ -70.327591, 9.826229 ], [ -70.327438, 9.826455 ], [ -70.327026, 9.826945 ], [ -70.326599, 9.827544 ], [ -70.325760, 9.828750 ], [ -70.324844, 9.829893 ], [ -70.324417, 9.830491 ], [ -70.324028, 9.831008 ], [ -70.323555, 9.831589 ], [ -70.323120, 9.832169 ], [ -70.322594, 9.832813 ], [ -70.322235, 9.833375 ], [ -70.321991, 9.833973 ], [ -70.321701, 9.834734 ], [ -70.321503, 9.835403 ], [ -70.321350, 9.836119 ], [ -70.321220, 9.837014 ], [ -70.321190, 9.837684 ], [ -70.321175, 9.838344 ], [ -70.321182, 9.839148 ], [ -70.321266, 9.839790 ], [ -70.321297, 9.840531 ], [ -70.321236, 9.841191 ], [ -70.321144, 9.842738 ], [ -70.321228, 9.843489 ], [ -70.321167, 9.844203 ], [ -70.320923, 9.844945 ], [ -70.320610, 9.845589 ], [ -70.320267, 9.846196 ], [ -70.319862, 9.846794 ], [ -70.319359, 9.847492 ], [ -70.318977, 9.848001 ], [ -70.318703, 9.848625 ], [ -70.318398, 9.849504 ], [ -70.318268, 9.850264 ], [ -70.318161, 9.851114 ], [ -70.318199, 9.851756 ], [ -70.318275, 9.852488 ], [ -70.318405, 9.853500 ], [ -70.318512, 9.854159 ], [ -70.318832, 9.855533 ], [ -70.319023, 9.856247 ], [ -70.319382, 9.857068 ], [ -70.319855, 9.857635 ], [ -70.320397, 9.858086 ], [ -70.320984, 9.858653 ], [ -70.321457, 9.859266 ], [ -70.321899, 9.859744 ], [ -70.322532, 9.860311 ], [ -70.324455, 9.861614 ], [ -70.325714, 9.862495 ], [ -70.326393, 9.862809 ], [ -70.327881, 9.863265 ], [ -70.328484, 9.863516 ], [ -70.329048, 9.863830 ], [ -70.329773, 9.864297 ], [ -70.330475, 9.864656 ], [ -70.331124, 9.864943 ], [ -70.331894, 9.865374 ], [ -70.332481, 9.865796 ], [ -70.333160, 9.866228 ], [ -70.334465, 9.867172 ], [ -70.335007, 9.867649 ], [ -70.335686, 9.868171 ], [ -70.336227, 9.868639 ], [ -70.337303, 9.869457 ], [ -70.337959, 9.869907 ], [ -70.338661, 9.870609 ], [ -70.339065, 9.871268 ], [ -70.339172, 9.871882 ], [ -70.339180, 9.872643 ], [ -70.339165, 9.873375 ], [ -70.339203, 9.874342 ], [ -70.339356, 9.875055 ], [ -70.339523, 9.875715 ], [ -70.340050, 9.878028 ], [ -70.340195, 9.878759 ], [ -70.340370, 9.879474 ], [ -70.340584, 9.880205 ], [ -70.340828, 9.880864 ], [ -70.341187, 9.881550 ], [ -70.341522, 9.882280 ], [ -70.341744, 9.882967 ], [ -70.342056, 9.883761 ], [ -70.342361, 9.884312 ], [ -70.342766, 9.885269 ], [ -70.343101, 9.885909 ], [ -70.344002, 9.887162 ], [ -70.344429, 9.887640 ], [ -70.344780, 9.888164 ], [ -70.345184, 9.888659 ], [ -70.345795, 9.889343 ], [ -70.346260, 9.889794 ], [ -70.346756, 9.890434 ], [ -70.347229, 9.891137 ], [ -70.347496, 9.891733 ], [ -70.347595, 9.892375 ], [ -70.347938, 9.893747 ], [ -70.348396, 9.894614 ], [ -70.348747, 9.895137 ], [ -70.349152, 9.895633 ], [ -70.349716, 9.896083 ], [ -70.350250, 9.896424 ], [ -70.350815, 9.896738 ], [ -70.351440, 9.897025 ], [ -70.352074, 9.897592 ], [ -70.352364, 9.898458 ], [ -70.352379, 9.899101 ], [ -70.352364, 9.899743 ], [ -70.352371, 9.900457 ], [ -70.352493, 9.901081 ], [ -70.352791, 9.902382 ], [ -70.353539, 9.904323 ], [ -70.353668, 9.905082 ], [ -70.353813, 9.905696 ], [ -70.354103, 9.906382 ], [ -70.354507, 9.907023 ], [ -70.355095, 9.907689 ], [ -70.355469, 9.908085 ], [ -70.356010, 9.908608 ], [ -70.356552, 9.908967 ], [ -70.357132, 9.909281 ], [ -70.357765, 9.909505 ], [ -70.358505, 9.909565 ], [ -70.359177, 9.909418 ], [ -70.359894, 9.909333 ], [ -70.360588, 9.909556 ], [ -70.361214, 9.909780 ], [ -70.361847, 9.910067 ], [ -70.362473, 9.910336 ], [ -70.363243, 9.910694 ], [ -70.364479, 9.911087 ], [ -70.365242, 9.911147 ], [ -70.365845, 9.911162 ], [ -70.366676, 9.911123 ], [ -70.367439, 9.910794 ], [ -70.368111, 9.910602 ], [ -70.369469, 9.910117 ], [ -70.370087, 9.909952 ], [ -70.370712, 9.909804 ], [ -70.372070, 9.909419 ], [ -70.372719, 9.909155 ], [ -70.373390, 9.908916 ], [ -70.374306, 9.908606 ], [ -70.375160, 9.908295 ], [ -70.376015, 9.908010 ], [ -70.376679, 9.907728 ], [ -70.377831, 9.907389 ], [ -70.378410, 9.907124 ], [ -70.379288, 9.906795 ], [ -70.379906, 9.906602 ], [ -70.380623, 9.906473 ], [ -70.382034, 9.906159 ], [ -70.382698, 9.906031 ], [ -70.383347, 9.905892 ], [ -70.384201, 9.905780 ], [ -70.384987, 9.905795 ], [ -70.385635, 9.905783 ], [ -70.386314, 9.905826 ], [ -70.387032, 9.905931 ], [ -70.387794, 9.906127 ], [ -70.388519, 9.906296 ], [ -70.389351, 9.906383 ], [ -70.390045, 9.906434 ], [ -70.390724, 9.906585 ], [ -70.392143, 9.906940 ], [ -70.392792, 9.907020 ], [ -70.393417, 9.907125 ], [ -70.394203, 9.907140 ], [ -70.394943, 9.907038 ], [ -70.395844, 9.906889 ], [ -70.396752, 9.906831 ], [ -70.397423, 9.906819 ], [ -70.398972, 9.906822 ], [ -70.399734, 9.906737 ], [ -70.400543, 9.906544 ], [ -70.401138, 9.906234 ], [ -70.401764, 9.906069 ], [ -70.402550, 9.905966 ], [ -70.403290, 9.905936 ], [ -70.404015, 9.906267 ], [ -70.404594, 9.906717 ], [ -70.405159, 9.907285 ], [ -70.405655, 9.907806 ], [ -70.406128, 9.908347 ], [ -70.407226, 9.909365 ], [ -70.407768, 9.909886 ], [ -70.408356, 9.910291 ], [ -70.408966, 9.910677 ], [ -70.409592, 9.911009 ], [ -70.410202, 9.911233 ], [ -70.410896, 9.911410 ], [ -70.411735, 9.911461 ], [ -70.412468, 9.911386 ], [ -70.413208, 9.911211 ], [ -70.414474, 9.910717 ], [ -70.415070, 9.910362 ], [ -70.415619, 9.909871 ], [ -70.416122, 9.909219 ], [ -70.416435, 9.908666 ], [ -70.416733, 9.907995 ], [ -70.417038, 9.907099 ], [ -70.417191, 9.906474 ], [ -70.417435, 9.905642 ], [ -70.417816, 9.904699 ], [ -70.418175, 9.903930 ], [ -70.418533, 9.903195 ], [ -70.418869, 9.902616 ], [ -70.419167, 9.902062 ], [ -70.419663, 9.901038 ], [ -70.420509, 9.899218 ], [ -70.421043, 9.897787 ], [ -70.421265, 9.897072 ], [ -70.421440, 9.896401 ], [ -70.421616, 9.895659 ], [ -70.421791, 9.895017 ], [ -70.422104, 9.894138 ], [ -70.422531, 9.893404 ], [ -70.422920, 9.892869 ], [ -70.423325, 9.892217 ], [ -70.423569, 9.891619 ], [ -70.423912, 9.891084 ], [ -70.424156, 9.890459 ], [ -70.424400, 9.889789 ], [ -70.424690, 9.889145 ], [ -70.425033, 9.888593 ], [ -70.425438, 9.887895 ], [ -70.425987, 9.887332 ], [ -70.426582, 9.886841 ], [ -70.427109, 9.886333 ], [ -70.427536, 9.885778 ], [ -70.428017, 9.885352 ], [ -70.428665, 9.885069 ], [ -70.429260, 9.884741 ], [ -70.429787, 9.884340 ], [ -70.430428, 9.883922 ], [ -70.431069, 9.883567 ], [ -70.431648, 9.883302 ], [ -70.432312, 9.883109 ], [ -70.433029, 9.882961 ], [ -70.433724, 9.882633 ], [ -70.434387, 9.882233 ], [ -70.435005, 9.881832 ], [ -70.435760, 9.881458 ], [ -70.436432, 9.881147 ], [ -70.437141, 9.880864 ], [ -70.437790, 9.880925 ], [ -70.438584, 9.881075 ], [ -70.439331, 9.881289 ], [ -70.440048, 9.881557 ], [ -70.440727, 9.881844 ], [ -70.441795, 9.882218 ], [ -70.442444, 9.882352 ], [ -70.443123, 9.882593 ], [ -70.443680, 9.882907 ], [ -70.444290, 9.883474 ], [ -70.444809, 9.884042 ], [ -70.445465, 9.884445 ], [ -70.446144, 9.884759 ], [ -70.446793, 9.885136 ], [ -70.447334, 9.885477 ], [ -70.447914, 9.885791 ], [ -70.448547, 9.885942 ], [ -70.449211, 9.885839 ], [ -70.449791, 9.885412 ], [ -70.450523, 9.885174 ], [ -70.451218, 9.885009 ], [ -70.451835, 9.884726 ], [ -70.452339, 9.884235 ], [ -70.452751, 9.883699 ], [ -70.453201, 9.883137 ], [ -70.454040, 9.881958 ], [ -70.454407, 9.881378 ], [ -70.454857, 9.880824 ], [ -70.455406, 9.880334 ], [ -70.455978, 9.879979 ], [ -70.456695, 9.879695 ], [ -70.457153, 9.879178 ], [ -70.457397, 9.878607 ], [ -70.457458, 9.877892 ], [ -70.457535, 9.877223 ], [ -70.457710, 9.876598 ], [ -70.458145, 9.876090 ], [ -70.458580, 9.875600 ], [ -70.459106, 9.875065 ], [ -70.459556, 9.874557 ], [ -70.460129, 9.874128 ], [ -70.460869, 9.873827 ], [ -70.461563, 9.873634 ], [ -70.462410, 9.873342 ], [ -70.463486, 9.872088 ], [ -70.464058, 9.871806 ], [ -70.464798, 9.871568 ], [ -70.465530, 9.871366 ], [ -70.466293, 9.871218 ], [ -70.467171, 9.871141 ], [ -70.467850, 9.871338 ], [ -70.468506, 9.871741 ], [ -70.469536, 9.872505 ], [ -70.470207, 9.872774 ], [ -70.470833, 9.872925 ], [ -70.471466, 9.873239 ], [ -70.472023, 9.873598 ], [ -70.473358, 9.874568 ], [ -70.475121, 9.875989 ], [ -70.475822, 9.876393 ], [ -70.476425, 9.876616 ], [ -70.477119, 9.876767 ], [ -70.477844, 9.877008 ], [ -70.478538, 9.877159 ], [ -70.479195, 9.877219 ], [ -70.479843, 9.877235 ], [ -70.480560, 9.877313 ], [ -70.481277, 9.877463 ], [ -70.482063, 9.877478 ], [ -70.482720, 9.877737 ], [ -70.483330, 9.878123 ], [ -70.483795, 9.878664 ], [ -70.484016, 9.879305 ], [ -70.484283, 9.879946 ], [ -70.484772, 9.880449 ], [ -70.485199, 9.881018 ], [ -70.485275, 9.881659 ], [ -70.485039, 9.882420 ], [ -70.484795, 9.883108 ], [ -70.484665, 9.883750 ], [ -70.484467, 9.884628 ], [ -70.484199, 9.885281 ], [ -70.483315, 9.886505 ], [ -70.483071, 9.887220 ], [ -70.483124, 9.887935 ], [ -70.483253, 9.888711 ], [ -70.483337, 9.889425 ], [ -70.483368, 9.890112 ], [ -70.483497, 9.890844 ], [ -70.483894, 9.891367 ], [ -70.484482, 9.891771 ], [ -70.485115, 9.892175 ], [ -70.485603, 9.892671 ], [ -70.485924, 9.893500 ], [ -70.486023, 9.894205 ], [ -70.486145, 9.894847 ], [ -70.486412, 9.895506 ], [ -70.486954, 9.896146 ], [ -70.487587, 9.896549 ], [ -70.488258, 9.896772 ], [ -70.488907, 9.896625 ], [ -70.489479, 9.896315 ], [ -70.489983, 9.895870 ], [ -70.490463, 9.895334 ], [ -70.491012, 9.894871 ], [ -70.491608, 9.894497 ], [ -70.492294, 9.894096 ], [ -70.492935, 9.893605 ], [ -70.493576, 9.893087 ], [ -70.494247, 9.892623 ], [ -70.494888, 9.892150 ], [ -70.495361, 9.891732 ], [ -70.495865, 9.891151 ], [ -70.496178, 9.890526 ], [ -70.496429, 9.889946 ], [ -70.496750, 9.888616 ], [ -70.496994, 9.887711 ], [ -70.497284, 9.886904 ], [ -70.497643, 9.886324 ], [ -70.498238, 9.885833 ], [ -70.498810, 9.885252 ], [ -70.500023, 9.884108 ], [ -70.500405, 9.883979 ], [ -70.500984, 9.883940 ], [ -70.501656, 9.883946 ], [ -70.502266, 9.884025 ], [ -70.502800, 9.884176 ], [ -70.503364, 9.884391 ], [ -70.503876, 9.884723 ], [ -70.504280, 9.885083 ], [ -70.504753, 9.885443 ], [ -70.505737, 9.885944 ], [ -70.506302, 9.886186 ], [ -70.506821, 9.886382 ], [ -70.507355, 9.886507 ], [ -70.508469, 9.886683 ], [ -70.509079, 9.886788 ], [ -70.509804, 9.886975 ], [ -70.510384, 9.887144 ], [ -70.510971, 9.887341 ], [ -70.511436, 9.887583 ], [ -70.511864, 9.887915 ], [ -70.512360, 9.888248 ], [ -70.512741, 9.888607 ], [ -70.513077, 9.889085 ], [ -70.513435, 9.889535 ], [ -70.513771, 9.890103 ], [ -70.514313, 9.891304 ], [ -70.514564, 9.892333 ], [ -70.514740, 9.892902 ], [ -70.515190, 9.893976 ], [ -70.515526, 9.894544 ], [ -70.515907, 9.894922 ], [ -70.516289, 9.895354 ], [ -70.516708, 9.895659 ], [ -70.517227, 9.895946 ], [ -70.518234, 9.896359 ], [ -70.518822, 9.896509 ], [ -70.519402, 9.896750 ], [ -70.520508, 9.897325 ], [ -70.521095, 9.897584 ], [ -70.521568, 9.897844 ], [ -70.521972, 9.898249 ], [ -70.522713, 9.899222 ], [ -70.523094, 9.899790 ], [ -70.523384, 9.900331 ], [ -70.523605, 9.900809 ], [ -70.523895, 9.901333 ], [ -70.524277, 9.901755 ], [ -70.524727, 9.902070 ], [ -70.525177, 9.902430 ], [ -70.525764, 9.902761 ], [ -70.526794, 9.903263 ], [ -70.527313, 9.903478 ], [ -70.527855, 9.903810 ], [ -70.528351, 9.904078 ], [ -70.528816, 9.904367 ], [ -70.529785, 9.904985 ], [ -70.530281, 9.905318 ], [ -70.530777, 9.905723 ], [ -70.531159, 9.906173 ], [ -70.531494, 9.906596 ], [ -70.531967, 9.907119 ], [ -70.533142, 9.908560 ], [ -70.533501, 9.908965 ], [ -70.534195, 9.909821 ], [ -70.534866, 9.910839 ], [ -70.535133, 9.911389 ], [ -70.535377, 9.911868 ], [ -70.535545, 9.912238 ], [ -70.535645, 9.912455 ], [ -70.535866, 9.913023 ], [ -70.536087, 9.913528 ], [ -70.536285, 9.914006 ], [ -70.536514, 9.914593 ], [ -70.536735, 9.915189 ], [ -70.536911, 9.915757 ], [ -70.537552, 9.917419 ], [ -70.537728, 9.917924 ], [ -70.537903, 9.918474 ], [ -70.538101, 9.919016 ], [ -70.538368, 9.919584 ], [ -70.539055, 9.921137 ], [ -70.539207, 9.921660 ], [ -70.539337, 9.922229 ], [ -70.539490, 9.922752 ], [ -70.539597, 9.923376 ], [ -70.539681, 9.923901 ], [ -70.539871, 9.925916 ], [ -70.539856, 9.927344 ], [ -70.539803, 9.927914 ], [ -70.539551, 9.929145 ], [ -70.539231, 9.930249 ], [ -70.539040, 9.930811 ], [ -70.538796, 9.931318 ], [ -70.538529, 9.931763 ], [ -70.537888, 9.932950 ], [ -70.537689, 9.933412 ], [ -70.537224, 9.934418 ], [ -70.536858, 9.935595 ], [ -70.536713, 9.936174 ], [ -70.536560, 9.936681 ], [ -70.536484, 9.937215 ], [ -70.536476, 9.937947 ], [ -70.536446, 9.938526 ], [ -70.536507, 9.939140 ], [ -70.536613, 9.939718 ], [ -70.537033, 9.940928 ], [ -70.537483, 9.942111 ], [ -70.537964, 9.943012 ], [ -70.538208, 9.943518 ], [ -70.538910, 9.944554 ], [ -70.539268, 9.945050 ], [ -70.539627, 9.945456 ], [ -70.540199, 9.946022 ], [ -70.540649, 9.946563 ], [ -70.541077, 9.946985 ], [ -70.542053, 9.947904 ], [ -70.542458, 9.948336 ], [ -70.542862, 9.948786 ], [ -70.543289, 9.949281 ], [ -70.543602, 9.949759 ], [ -70.543961, 9.950254 ], [ -70.544258, 9.950750 ], [ -70.544640, 9.951318 ], [ -70.545113, 9.951786 ], [ -70.545685, 9.952209 ], [ -70.546173, 9.952522 ], [ -70.546761, 9.952764 ], [ -70.547485, 9.953023 ], [ -70.548050, 9.953210 ], [ -70.548607, 9.953433 ], [ -70.549271, 9.953738 ], [ -70.550346, 9.954402 ], [ -70.550774, 9.954717 ], [ -70.551224, 9.955022 ], [ -70.551697, 9.955444 ], [ -70.552056, 9.955831 ], [ -70.552414, 9.956237 ], [ -70.553085, 9.957047 ], [ -70.553803, 9.957948 ], [ -70.554199, 9.958335 ], [ -70.554741, 9.958685 ], [ -70.555214, 9.958927 ], [ -70.555733, 9.959168 ], [ -70.556244, 9.959338 ], [ -70.556786, 9.959489 ], [ -70.557366, 9.959496 ], [ -70.558037, 9.959483 ], [ -70.559097, 9.959315 ], [ -70.559601, 9.959196 ], [ -70.560738, 9.958982 ], [ -70.561493, 9.958798 ], [ -70.562881, 9.958521 ], [ -70.563713, 9.958336 ], [ -70.564888, 9.958059 ], [ -70.565414, 9.957903 ], [ -70.566017, 9.957755 ], [ -70.566544, 9.957554 ], [ -70.567169, 9.957335 ], [ -70.567833, 9.957114 ], [ -70.568313, 9.956913 ], [ -70.568985, 9.956719 ], [ -70.569512, 9.956500 ], [ -70.570129, 9.956208 ], [ -70.570587, 9.955971 ], [ -70.571091, 9.955797 ], [ -70.571762, 9.955640 ], [ -70.572319, 9.955556 ], [ -70.573708, 9.955414 ], [ -70.574211, 9.955330 ], [ -70.574768, 9.955273 ], [ -70.575852, 9.955105 ], [ -70.577057, 9.954937 ], [ -70.577682, 9.954880 ], [ -70.578217, 9.954868 ], [ -70.578774, 9.954902 ], [ -70.579285, 9.954981 ], [ -70.580429, 9.955183 ], [ -70.580963, 9.955235 ], [ -70.581657, 9.955359 ], [ -70.582290, 9.955527 ], [ -70.582825, 9.955741 ], [ -70.583320, 9.955965 ], [ -70.585396, 9.957266 ], [ -70.585869, 9.957653 ], [ -70.586250, 9.958057 ], [ -70.586555, 9.958463 ], [ -70.586868, 9.958887 ], [ -70.587135, 9.959365 ], [ -70.587356, 9.959915 ], [ -70.587532, 9.960457 ], [ -70.588066, 9.962308 ], [ -70.588196, 9.962949 ], [ -70.588211, 9.963482 ], [ -70.588158, 9.964079 ], [ -70.588058, 9.964748 ], [ -70.587829, 9.965970 ], [ -70.587563, 9.967129 ], [ -70.587356, 9.968278 ], [ -70.587280, 9.968875 ], [ -70.587257, 9.970005 ], [ -70.587273, 9.970674 ], [ -70.587311, 9.971316 ], [ -70.587395, 9.971886 ], [ -70.587525, 9.972409 ], [ -70.587715, 9.973060 ], [ -70.587876, 9.973529 ], [ -70.588028, 9.974079 ], [ -70.588203, 9.974576 ], [ -70.588409, 9.975199 ], [ -70.588699, 9.975830 ], [ -70.588921, 9.976380 ], [ -70.589096, 9.976877 ], [ -70.589317, 9.977401 ], [ -70.589539, 9.977879 ], [ -70.589714, 9.978384 ], [ -70.590088, 9.979567 ], [ -70.590317, 9.980226 ], [ -70.590538, 9.980804 ], [ -70.590759, 9.981326 ], [ -70.590981, 9.981940 ], [ -70.591209, 9.982509 ], [ -70.591408, 9.983077 ], [ -70.591583, 9.983628 ], [ -70.591934, 9.984883 ], [ -70.592148, 9.985976 ], [ -70.592232, 9.986572 ], [ -70.592491, 9.987764 ], [ -70.592697, 9.988469 ], [ -70.592957, 9.989679 ], [ -70.593094, 9.990393 ], [ -70.593178, 9.990962 ], [ -70.593353, 9.991603 ], [ -70.593567, 9.992660 ], [ -70.593742, 9.993319 ], [ -70.593925, 9.993933 ], [ -70.594078, 9.994529 ], [ -70.594406, 9.995739 ], [ -70.594627, 9.996217 ], [ -70.595184, 9.997172 ], [ -70.595566, 9.997668 ], [ -70.596039, 9.998045 ], [ -70.596581, 9.998287 ], [ -70.597138, 9.998456 ], [ -70.597725, 9.998534 ], [ -70.598282, 9.998569 ], [ -70.598839, 9.998620 ], [ -70.599419, 9.998653 ], [ -70.600067, 9.998704 ], [ -70.600654, 9.998900 ], [ -70.601151, 9.999187 ], [ -70.601570, 9.999475 ], [ -70.602211, 9.999845 ], [ -70.603058, 10.000733 ], [ -70.603325, 10.001302 ], [ -70.603645, 10.001806 ], [ -70.603912, 10.002375 ], [ -70.604225, 10.003702 ], [ -70.604576, 10.004812 ], [ -70.604683, 10.005363 ], [ -70.604927, 10.005869 ], [ -70.605332, 10.006409 ], [ -70.605713, 10.006814 ], [ -70.606140, 10.007236 ], [ -70.606613, 10.007569 ], [ -70.606972, 10.007957 ], [ -70.607353, 10.008407 ], [ -70.607643, 10.008884 ], [ -70.607841, 10.009425 ], [ -70.608025, 10.010157 ], [ -70.608109, 10.010843 ], [ -70.608055, 10.011377 ], [ -70.607971, 10.011911 ], [ -70.607849, 10.012508 ], [ -70.607430, 10.014292 ], [ -70.607330, 10.014889 ], [ -70.607178, 10.015469 ], [ -70.607079, 10.016020 ], [ -70.607048, 10.017657 ], [ -70.606934, 10.018761 ], [ -70.606972, 10.019312 ], [ -70.607101, 10.019880 ], [ -70.607254, 10.020450 ], [ -70.607384, 10.021028 ], [ -70.607658, 10.021731 ], [ -70.608017, 10.022317 ], [ -70.608993, 10.023190 ], [ -70.609444, 10.023666 ], [ -70.609970, 10.024071 ], [ -70.610458, 10.024376 ], [ -70.610886, 10.024691 ], [ -70.611381, 10.025023 ], [ -70.612434, 10.025505 ], [ -70.612770, 10.025929 ], [ -70.613068, 10.026497 ], [ -70.613266, 10.027020 ], [ -70.613510, 10.027571 ], [ -70.613823, 10.028093 ], [ -70.614044, 10.028635 ], [ -70.614540, 10.028967 ], [ -70.615578, 10.028555 ], [ -70.616135, 10.028516 ], [ -70.617241, 10.029234 ], [ -70.617783, 10.029630 ], [ -70.618279, 10.030006 ], [ -70.618820, 10.030437 ], [ -70.619797, 10.031283 ], [ -70.620247, 10.031688 ], [ -70.620743, 10.032020 ], [ -70.621262, 10.032351 ], [ -70.621849, 10.032665 ], [ -70.622955, 10.033420 ], [ -70.623360, 10.033779 ], [ -70.623787, 10.034247 ], [ -70.624130, 10.034861 ], [ -70.624306, 10.035429 ], [ -70.624596, 10.035979 ], [ -70.625000, 10.036311 ], [ -70.625961, 10.036913 ], [ -70.626839, 10.037604 ], [ -70.627312, 10.038027 ], [ -70.627647, 10.038432 ], [ -70.628372, 10.039405 ], [ -70.628998, 10.040379 ], [ -70.629333, 10.040811 ], [ -70.629761, 10.041116 ], [ -70.630249, 10.041430 ], [ -70.630844, 10.041897 ], [ -70.631363, 10.042365 ], [ -70.632149, 10.043157 ], [ -70.632675, 10.043606 ], [ -70.633148, 10.043957 ], [ -70.633644, 10.044289 ], [ -70.634224, 10.044367 ], [ -70.634727, 10.044174 ], [ -70.635239, 10.044027 ], [ -70.635834, 10.043943 ], [ -70.636459, 10.043931 ], [ -70.637116, 10.043937 ], [ -70.637756, 10.043852 ], [ -70.638290, 10.043685 ], [ -70.638596, 10.043568 ], [ -70.638939, 10.043448 ], [ -70.639511, 10.043157 ], [ -70.639938, 10.042820 ], [ -70.640411, 10.042311 ], [ -70.640816, 10.041749 ], [ -70.641152, 10.041186 ], [ -70.641655, 10.039982 ], [ -70.641876, 10.039402 ], [ -70.642090, 10.038794 ], [ -70.642403, 10.038260 ], [ -70.642715, 10.037752 ], [ -70.643150, 10.037371 ], [ -70.643623, 10.036970 ], [ -70.644371, 10.036216 ], [ -70.644798, 10.035699 ], [ -70.645515, 10.034718 ], [ -70.646118, 10.033757 ], [ -70.646408, 10.033204 ], [ -70.646675, 10.032642 ], [ -70.646957, 10.032089 ], [ -70.647293, 10.031572 ], [ -70.647743, 10.030965 ], [ -70.648170, 10.030429 ], [ -70.649010, 10.029620 ], [ -70.649941, 10.028802 ], [ -70.650871, 10.027947 ], [ -70.651322, 10.027548 ], [ -70.652771, 10.026085 ], [ -70.653793, 10.025239 ], [ -70.654251, 10.024902 ], [ -70.654800, 10.024573 ], [ -70.655235, 10.024264 ], [ -70.655716, 10.023972 ], [ -70.658188, 10.021827 ], [ -70.659210, 10.020854 ], [ -70.660141, 10.020054 ], [ -70.661186, 10.019226 ], [ -70.661758, 10.018826 ], [ -70.662331, 10.018488 ], [ -70.662811, 10.018223 ], [ -70.663429, 10.017913 ], [ -70.663956, 10.017593 ], [ -70.664406, 10.017284 ], [ -70.664772, 10.016912 ], [ -70.665108, 10.016512 ], [ -70.665512, 10.015949 ], [ -70.665779, 10.015442 ], [ -70.666046, 10.014862 ], [ -70.666329, 10.014282 ], [ -70.666618, 10.013810 ], [ -70.667046, 10.013292 ], [ -70.667457, 10.012938 ], [ -70.667885, 10.012520 ], [ -70.668221, 10.012094 ], [ -70.668465, 10.011631 ], [ -70.668800, 10.011141 ], [ -70.669212, 10.010624 ], [ -70.669708, 10.010106 ], [ -70.670181, 10.009705 ], [ -70.670563, 10.009261 ], [ -70.670830, 10.008726 ], [ -70.671074, 10.008164 ], [ -70.671379, 10.007521 ], [ -70.671669, 10.007076 ], [ -70.672127, 10.006604 ], [ -70.672577, 10.006222 ], [ -70.673607, 10.005466 ], [ -70.674583, 10.004892 ], [ -70.676277, 10.003952 ], [ -70.676826, 10.003615 ], [ -70.677330, 10.003332 ], [ -70.678383, 10.002567 ], [ -70.678787, 10.002194 ], [ -70.679314, 10.001858 ], [ -70.679794, 10.001530 ], [ -70.680222, 10.001102 ], [ -70.680580, 10.000630 ], [ -70.680649, 9.999970 ], [ -70.680908, 9.998866 ], [ -70.681053, 9.998305 ], [ -70.681351, 9.997264 ], [ -70.681503, 9.996694 ], [ -70.681603, 9.996115 ], [ -70.681694, 9.994342 ], [ -70.681679, 9.993673 ], [ -70.681709, 9.993031 ], [ -70.681717, 9.992435 ], [ -70.681755, 9.991900 ], [ -70.681725, 9.990707 ], [ -70.681618, 9.990184 ], [ -70.681442, 9.989678 ], [ -70.681267, 9.989109 ], [ -70.681068, 9.988586 ], [ -70.680733, 9.988091 ], [ -70.680489, 9.987567 ], [ -70.680222, 9.987071 ], [ -70.679947, 9.986522 ], [ -70.679436, 9.985565 ], [ -70.679146, 9.985052 ], [ -70.678948, 9.984474 ], [ -70.678818, 9.983905 ], [ -70.678673, 9.982739 ], [ -70.678589, 9.982188 ], [ -70.678558, 9.980905 ], [ -70.678497, 9.980282 ], [ -70.678482, 9.979667 ], [ -70.678490, 9.979061 ], [ -70.678551, 9.977822 ], [ -70.678558, 9.977270 ], [ -70.678665, 9.976005 ], [ -70.678772, 9.975425 ], [ -70.679214, 9.973714 ], [ -70.679390, 9.973162 ], [ -70.679535, 9.972628 ], [ -70.680000, 9.971585 ], [ -70.680260, 9.971096 ], [ -70.680595, 9.970579 ], [ -70.680939, 9.970161 ], [ -70.681206, 9.969690 ], [ -70.681351, 9.969156 ], [ -70.681358, 9.968541 ], [ -70.681343, 9.967873 ], [ -70.681351, 9.967348 ], [ -70.681290, 9.966724 ], [ -70.681114, 9.966128 ], [ -70.680939, 9.965632 ], [ -70.680786, 9.965055 ], [ -70.680565, 9.964422 ], [ -70.680382, 9.963827 ], [ -70.680122, 9.962779 ], [ -70.680046, 9.962274 ], [ -70.680168, 9.961558 ], [ -70.680313, 9.960979 ], [ -70.680626, 9.960399 ], [ -70.680984, 9.959909 ], [ -70.681572, 9.959382 ], [ -70.682648, 9.958761 ], [ -70.683197, 9.958469 ], [ -70.684685, 9.957721 ], [ -70.685280, 9.957347 ], [ -70.686256, 9.956655 ], [ -70.686737, 9.956300 ], [ -70.687241, 9.955845 ], [ -70.687668, 9.955473 ], [ -70.688438, 9.954673 ], [ -70.688797, 9.954247 ], [ -70.689110, 9.953784 ], [ -70.689468, 9.953294 ], [ -70.690208, 9.952332 ], [ -70.690575, 9.951950 ], [ -70.690887, 9.951532 ], [ -70.691178, 9.951061 ], [ -70.691414, 9.950436 ], [ -70.691589, 9.949929 ], [ -70.691643, 9.949377 ], [ -70.691604, 9.948798 ], [ -70.691322, 9.947616 ], [ -70.691124, 9.947020 ], [ -70.690903, 9.946451 ], [ -70.690750, 9.945901 ], [ -70.690506, 9.944691 ], [ -70.690498, 9.944166 ], [ -70.690575, 9.943660 ], [ -70.690720, 9.943035 ], [ -70.690964, 9.942518 ], [ -70.691277, 9.941957 ], [ -70.691589, 9.941466 ], [ -70.691833, 9.940987 ], [ -70.692146, 9.940470 ], [ -70.692314, 9.939935 ], [ -70.692276, 9.939384 ], [ -70.692169, 9.938769 ], [ -70.692017, 9.938129 ], [ -70.691734, 9.937081 ], [ -70.691582, 9.936576 ], [ -70.691360, 9.935980 ], [ -70.691162, 9.935411 ], [ -70.690987, 9.934888 ], [ -70.690834, 9.934364 ], [ -70.690704, 9.933796 ], [ -70.690621, 9.933217 ], [ -70.690628, 9.932648 ], [ -70.690781, 9.931426 ], [ -70.691032, 9.930340 ], [ -70.691277, 9.929688 ], [ -70.691704, 9.928438 ], [ -70.692070, 9.927324 ], [ -70.692223, 9.926727 ], [ -70.692299, 9.926193 ], [ -70.692261, 9.925596 ], [ -70.692085, 9.925074 ], [ -70.691841, 9.924595 ], [ -70.690880, 9.923054 ], [ -70.690468, 9.922468 ], [ -70.690063, 9.921928 ], [ -70.689720, 9.921424 ], [ -70.689484, 9.920973 ], [ -70.689240, 9.920477 ], [ -70.689041, 9.919971 ], [ -70.688568, 9.918925 ], [ -70.688370, 9.918339 ], [ -70.688194, 9.917761 ], [ -70.688065, 9.917264 ], [ -70.688003, 9.916668 ], [ -70.687897, 9.915981 ], [ -70.687859, 9.915384 ], [ -70.687797, 9.914806 ], [ -70.687691, 9.914147 ], [ -70.687675, 9.913613 ], [ -70.687416, 9.911689 ], [ -70.687355, 9.910984 ], [ -70.687340, 9.910433 ], [ -70.686966, 9.908464 ], [ -70.686600, 9.906820 ], [ -70.686493, 9.906152 ], [ -70.686386, 9.905582 ], [ -70.686302, 9.905005 ], [ -70.686272, 9.903902 ], [ -70.686310, 9.903378 ], [ -70.686386, 9.902799 ], [ -70.686500, 9.901785 ], [ -70.686661, 9.900654 ], [ -70.686760, 9.900121 ], [ -70.686913, 9.899595 ], [ -70.687103, 9.899079 ], [ -70.687324, 9.898571 ], [ -70.687851, 9.897457 ], [ -70.688164, 9.896922 ], [ -70.688820, 9.896032 ], [ -70.689247, 9.895515 ], [ -70.689606, 9.895025 ], [ -70.690010, 9.894580 ], [ -70.690369, 9.894154 ], [ -70.691093, 9.893264 ], [ -70.691475, 9.892909 ], [ -70.691933, 9.892572 ], [ -70.692818, 9.891890 ], [ -70.693367, 9.891489 ], [ -70.693909, 9.891125 ], [ -70.694939, 9.890460 ], [ -70.695351, 9.890150 ], [ -70.695824, 9.889705 ], [ -70.696205, 9.889305 ], [ -70.696587, 9.888833 ], [ -70.696930, 9.888361 ], [ -70.697143, 9.887836 ], [ -70.697205, 9.887302 ], [ -70.697136, 9.886973 ], [ -70.698212, 9.886818 ], [ -70.786476, 9.919015 ], [ -70.842606, 10.000098 ], [ -70.876877, 10.048840 ], [ -70.877213, 10.049335 ], [ -70.877525, 10.049839 ], [ -70.877823, 10.050380 ], [ -70.878403, 10.051353 ], [ -70.878738, 10.051875 ], [ -70.879013, 10.052399 ], [ -70.879257, 10.052994 ], [ -70.879456, 10.053625 ], [ -70.879524, 10.054267 ], [ -70.879463, 10.054846 ], [ -70.879341, 10.055443 ], [ -70.879105, 10.056186 ], [ -70.878510, 10.057328 ], [ -70.878197, 10.057746 ], [ -70.877831, 10.058127 ], [ -70.877495, 10.058572 ], [ -70.877091, 10.059180 ], [ -70.876716, 10.059697 ], [ -70.876045, 10.060678 ], [ -70.875618, 10.061258 ], [ -70.875237, 10.061686 ], [ -70.874847, 10.062040 ], [ -70.874321, 10.062368 ], [ -70.873840, 10.062615 ], [ -70.873337, 10.062854 ], [ -70.872734, 10.063028 ], [ -70.872185, 10.063113 ], [ -70.871536, 10.063081 ], [ -70.870384, 10.062672 ], [ -70.869850, 10.062457 ], [ -70.869263, 10.062262 ], [ -70.868683, 10.062391 ], [ -70.868301, 10.062746 ], [ -70.867798, 10.063174 ], [ -70.867394, 10.063501 ], [ -70.867058, 10.063973 ], [ -70.866631, 10.064483 ], [ -70.866058, 10.065010 ], [ -70.865494, 10.065501 ], [ -70.865067, 10.065947 ], [ -70.864563, 10.066446 ], [ -70.863754, 10.067383 ], [ -70.863350, 10.067900 ], [ -70.862968, 10.068462 ], [ -70.862679, 10.068971 ], [ -70.862328, 10.069506 ], [ -70.861465, 10.070451 ], [ -70.860985, 10.070806 ], [ -70.860466, 10.071143 ], [ -70.859436, 10.071855 ], [ -70.859009, 10.072327 ], [ -70.858673, 10.072790 ], [ -70.858292, 10.073235 ], [ -70.857879, 10.073571 ], [ -70.857376, 10.073792 ], [ -70.856064, 10.074115 ], [ -70.855393, 10.074318 ], [ -70.854744, 10.074448 ], [ -70.854172, 10.074488 ], [ -70.853569, 10.074500 ], [ -70.852898, 10.074540 ], [ -70.852265, 10.074489 ], [ -70.851570, 10.074339 ], [ -70.850937, 10.074153 ], [ -70.850395, 10.073976 ], [ -70.849701, 10.073879 ], [ -70.849075, 10.073893 ], [ -70.848518, 10.074094 ], [ -70.848038, 10.074314 ], [ -70.847443, 10.074624 ], [ -70.846962, 10.074889 ], [ -70.846504, 10.075154 ], [ -70.845985, 10.075537 ], [ -70.844986, 10.076365 ], [ -70.844414, 10.076793 ], [ -70.843887, 10.077167 ], [ -70.843391, 10.077576 ], [ -70.842956, 10.077904 ], [ -70.842506, 10.078349 ], [ -70.842140, 10.078732 ], [ -70.841690, 10.079249 ], [ -70.841194, 10.079758 ], [ -70.840836, 10.080157 ], [ -70.840042, 10.080967 ], [ -70.839592, 10.081521 ], [ -70.839302, 10.082010 ], [ -70.839203, 10.082617 ], [ -70.839050, 10.083883 ], [ -70.838928, 10.084508 ], [ -70.838776, 10.085087 ], [ -70.838631, 10.085711 ], [ -70.838463, 10.086336 ], [ -70.838356, 10.086862 ], [ -70.838257, 10.087531 ], [ -70.838257, 10.088335 ], [ -70.838280, 10.089231 ], [ -70.838325, 10.090061 ], [ -70.838341, 10.090658 ], [ -70.838379, 10.091182 ], [ -70.838455, 10.091706 ], [ -70.839111, 10.094686 ], [ -70.839195, 10.095227 ], [ -70.839256, 10.095878 ], [ -70.839294, 10.096402 ], [ -70.839241, 10.097072 ], [ -70.839188, 10.097596 ], [ -70.839089, 10.098175 ], [ -70.838943, 10.098917 ], [ -70.838814, 10.099451 ], [ -70.838669, 10.100003 ], [ -70.838447, 10.100511 ], [ -70.838097, 10.101146 ], [ -70.837715, 10.101609 ], [ -70.837143, 10.102173 ], [ -70.836738, 10.102554 ], [ -70.836121, 10.103028 ], [ -70.835579, 10.103366 ], [ -70.835098, 10.103603 ], [ -70.832871, 10.104574 ], [ -70.831925, 10.104995 ], [ -70.831077, 10.105334 ], [ -70.828644, 10.106261 ], [ -70.827400, 10.106756 ], [ -70.826851, 10.106994 ], [ -70.826256, 10.107286 ], [ -70.825592, 10.107597 ], [ -70.825112, 10.107844 ], [ -70.823204, 10.108650 ], [ -70.822563, 10.108943 ], [ -70.821419, 10.109519 ], [ -70.820839, 10.109784 ], [ -70.820221, 10.110095 ], [ -70.819534, 10.110415 ], [ -70.819008, 10.110636 ], [ -70.818481, 10.110901 ], [ -70.817886, 10.111184 ], [ -70.817223, 10.111522 ], [ -70.815887, 10.112153 ], [ -70.814743, 10.112666 ], [ -70.813667, 10.113133 ], [ -70.813042, 10.113353 ], [ -70.812424, 10.113591 ], [ -70.811874, 10.113857 ], [ -70.811234, 10.114132 ], [ -70.810677, 10.114351 ], [ -70.809326, 10.114938 ], [ -70.808128, 10.115423 ], [ -70.806457, 10.116200 ], [ -70.805771, 10.116539 ], [ -70.804603, 10.117088 ], [ -70.803932, 10.117381 ], [ -70.803337, 10.117674 ], [ -70.802696, 10.117939 ], [ -70.802170, 10.118204 ], [ -70.801644, 10.118451 ], [ -70.801048, 10.118744 ], [ -70.798477, 10.120024 ], [ -70.797287, 10.120671 ], [ -70.796738, 10.120937 ], [ -70.796097, 10.121202 ], [ -70.795525, 10.121495 ], [ -70.794464, 10.121980 ], [ -70.793732, 10.122336 ], [ -70.793068, 10.122611 ], [ -70.792542, 10.122849 ], [ -70.791924, 10.123142 ], [ -70.791420, 10.123362 ], [ -70.790703, 10.123700 ], [ -70.789398, 10.124231 ], [ -70.788826, 10.124506 ], [ -70.788269, 10.124699 ], [ -70.786530, 10.125449 ], [ -70.785957, 10.125769 ], [ -70.785362, 10.126170 ], [ -70.784836, 10.126571 ], [ -70.783852, 10.127173 ], [ -70.783333, 10.127510 ], [ -70.782372, 10.128175 ], [ -70.781967, 10.128530 ], [ -70.781509, 10.128948 ], [ -70.780968, 10.129375 ], [ -70.780464, 10.129804 ], [ -70.779915, 10.130186 ], [ -70.779411, 10.130469 ], [ -70.778931, 10.130689 ], [ -70.778290, 10.130937 ], [ -70.777763, 10.131184 ], [ -70.777214, 10.131556 ], [ -70.776665, 10.132011 ], [ -70.776238, 10.132529 ], [ -70.775925, 10.132947 ], [ -70.775139, 10.134072 ], [ -70.774330, 10.135026 ], [ -70.773399, 10.135953 ], [ -70.772423, 10.136708 ], [ -70.771423, 10.137401 ], [ -70.770821, 10.137685 ], [ -70.770248, 10.137932 ], [ -70.769051, 10.138101 ], [ -70.768517, 10.138158 ], [ -70.767731, 10.138226 ], [ -70.767197, 10.138255 ], [ -70.766502, 10.138232 ], [ -70.765846, 10.138172 ], [ -70.764610, 10.138017 ], [ -70.764076, 10.137893 ], [ -70.763451, 10.137815 ], [ -70.762566, 10.137775 ], [ -70.762032, 10.137759 ], [ -70.761497, 10.137798 ], [ -70.760895, 10.137810 ], [ -70.758705, 10.138274 ], [ -70.757896, 10.138568 ], [ -70.756683, 10.139080 ], [ -70.756088, 10.139373 ], [ -70.755470, 10.139756 ], [ -70.754898, 10.140157 ], [ -70.754395, 10.140467 ], [ -70.753754, 10.140877 ], [ -70.752823, 10.141515 ], [ -70.752411, 10.141870 ], [ -70.751961, 10.142297 ], [ -70.751145, 10.143188 ], [ -70.750595, 10.143552 ], [ -70.749931, 10.143953 ], [ -70.749359, 10.144245 ], [ -70.748222, 10.144957 ], [ -70.747650, 10.145367 ], [ -70.747192, 10.145677 ], [ -70.746735, 10.146031 ], [ -70.746193, 10.146369 ], [ -70.745094, 10.147125 ], [ -70.744545, 10.147462 ], [ -70.743477, 10.148291 ], [ -70.742836, 10.148747 ], [ -70.742264, 10.149101 ], [ -70.741676, 10.149485 ], [ -70.740990, 10.149941 ], [ -70.740486, 10.150295 ], [ -70.739899, 10.150768 ], [ -70.738960, 10.151551 ], [ -70.738442, 10.152042 ], [ -70.737579, 10.152887 ], [ -70.737106, 10.153387 ], [ -70.736648, 10.153806 ], [ -70.736267, 10.154187 ], [ -70.735863, 10.154560 ], [ -70.735496, 10.154942 ], [ -70.735001, 10.155387 ], [ -70.734451, 10.155906 ], [ -70.733978, 10.156378 ], [ -70.733597, 10.156823 ], [ -70.732071, 10.158838 ], [ -70.731712, 10.159347 ], [ -70.731445, 10.159862 ], [ -70.731293, 10.160397 ], [ -70.731308, 10.161084 ], [ -70.731422, 10.161743 ], [ -70.731651, 10.162475 ], [ -70.731850, 10.163052 ], [ -70.732025, 10.163666 ], [ -70.732132, 10.164262 ], [ -70.732193, 10.164858 ], [ -70.732231, 10.165409 ], [ -70.732178, 10.165979 ], [ -70.731911, 10.167391 ], [ -70.731751, 10.168477 ], [ -70.731743, 10.169028 ], [ -70.731712, 10.169580 ], [ -70.731705, 10.170249 ], [ -70.731644, 10.171605 ], [ -70.731636, 10.172157 ], [ -70.731460, 10.173396 ], [ -70.731285, 10.174021 ], [ -70.731163, 10.174555 ], [ -70.730927, 10.175415 ], [ -70.730759, 10.176085 ], [ -70.730568, 10.176620 ], [ -70.730347, 10.177290 ], [ -70.730156, 10.177779 ], [ -70.729843, 10.178450 ], [ -70.729538, 10.179165 ], [ -70.729294, 10.179682 ], [ -70.729034, 10.180280 ], [ -70.728813, 10.180841 ], [ -70.728615, 10.181376 ], [ -70.728424, 10.181973 ], [ -70.728081, 10.183223 ], [ -70.727936, 10.183847 ], [ -70.727730, 10.184960 ], [ -70.727562, 10.185486 ], [ -70.727325, 10.186138 ], [ -70.727081, 10.186700 ], [ -70.726814, 10.187280 ], [ -70.726486, 10.187879 ], [ -70.725952, 10.188885 ], [ -70.725685, 10.189347 ], [ -70.725395, 10.189792 ], [ -70.724587, 10.190917 ], [ -70.724205, 10.191407 ], [ -70.723419, 10.192460 ], [ -70.722702, 10.193513 ], [ -70.722412, 10.193957 ], [ -70.721718, 10.194983 ], [ -70.721313, 10.195617 ], [ -70.721001, 10.196062 ], [ -70.720215, 10.196970 ], [ -70.719780, 10.197307 ], [ -70.719254, 10.197635 ], [ -70.718750, 10.197900 ], [ -70.718155, 10.198174 ], [ -70.717438, 10.198441 ], [ -70.716911, 10.198615 ], [ -70.716377, 10.198717 ], [ -70.715805, 10.198847 ], [ -70.715088, 10.198976 ], [ -70.714439, 10.199107 ], [ -70.713287, 10.199438 ], [ -70.712738, 10.199613 ], [ -70.712113, 10.199761 ], [ -70.710983, 10.199975 ], [ -70.710449, 10.200122 ], [ -70.709946, 10.200342 ], [ -70.709396, 10.200607 ], [ -70.708801, 10.201016 ], [ -70.708321, 10.201372 ], [ -70.707344, 10.202245 ], [ -70.706894, 10.202618 ], [ -70.706390, 10.202973 ], [ -70.704864, 10.203976 ], [ -70.703972, 10.204667 ], [ -70.703430, 10.205140 ], [ -70.702492, 10.205923 ], [ -70.702065, 10.206296 ], [ -70.701675, 10.206696 ], [ -70.701210, 10.207286 ], [ -70.700844, 10.207775 ], [ -70.700539, 10.208356 ], [ -70.700058, 10.209497 ], [ -70.700027, 10.210185 ], [ -70.700066, 10.210781 ], [ -70.700264, 10.211395 ], [ -70.700920, 10.212621 ], [ -70.701195, 10.213189 ], [ -70.702225, 10.214549 ], [ -70.702652, 10.215044 ], [ -70.702988, 10.215448 ], [ -70.703346, 10.215854 ], [ -70.703804, 10.216412 ], [ -70.704117, 10.216980 ], [ -70.704369, 10.217621 ], [ -70.704544, 10.218143 ], [ -70.704910, 10.219082 ], [ -70.704910, 10.219905 ], [ -70.705162, 10.220726 ], [ -70.705299, 10.221548 ], [ -70.705238, 10.222796 ], [ -70.705231, 10.223438 ], [ -70.705200, 10.224017 ], [ -70.705193, 10.224568 ], [ -70.705277, 10.225227 ], [ -70.705360, 10.225752 ], [ -70.705421, 10.226376 ], [ -70.705391, 10.226927 ], [ -70.705307, 10.227461 ], [ -70.705162, 10.227985 ], [ -70.705032, 10.228501 ], [ -70.704582, 10.229960 ], [ -70.704369, 10.230557 ], [ -70.703758, 10.232432 ], [ -70.703590, 10.233084 ], [ -70.703354, 10.233827 ], [ -70.702995, 10.235121 ], [ -70.702843, 10.235628 ], [ -70.702576, 10.237040 ], [ -70.702408, 10.237755 ], [ -70.702240, 10.238289 ], [ -70.701950, 10.238870 ], [ -70.701370, 10.239867 ], [ -70.701035, 10.240475 ], [ -70.700729, 10.241099 ], [ -70.700249, 10.242224 ], [ -70.699570, 10.243962 ], [ -70.698326, 10.246980 ], [ -70.697815, 10.248095 ], [ -70.697289, 10.249119 ], [ -70.696999, 10.249563 ], [ -70.696732, 10.250026 ], [ -70.696175, 10.251122 ], [ -70.695862, 10.251676 ], [ -70.695602, 10.252282 ], [ -70.695267, 10.252954 ], [ -70.694961, 10.253633 ], [ -70.694672, 10.254186 ], [ -70.694450, 10.254721 ], [ -70.694237, 10.255282 ], [ -70.693611, 10.257156 ], [ -70.693443, 10.257799 ], [ -70.693100, 10.258986 ], [ -70.692955, 10.259701 ], [ -70.692696, 10.261564 ], [ -70.692627, 10.262279 ], [ -70.692528, 10.262948 ], [ -70.692467, 10.263500 ], [ -70.692436, 10.264051 ], [ -70.692497, 10.266375 ], [ -70.692482, 10.266899 ], [ -70.692452, 10.267460 ], [ -70.692444, 10.268057 ], [ -70.692474, 10.269367 ], [ -70.692688, 10.270488 ], [ -70.692780, 10.271147 ], [ -70.692886, 10.271743 ], [ -70.693161, 10.273577 ], [ -70.693398, 10.274742 ], [ -70.693504, 10.275338 ], [ -70.693565, 10.275862 ], [ -70.693581, 10.276485 ], [ -70.693626, 10.277200 ], [ -70.693573, 10.277960 ], [ -70.693520, 10.278529 ], [ -70.693291, 10.279660 ], [ -70.693100, 10.280313 ], [ -70.692909, 10.281010 ], [ -70.692711, 10.281489 ], [ -70.692490, 10.282142 ], [ -70.692017, 10.283419 ], [ -70.691490, 10.284741 ], [ -70.691078, 10.285856 ], [ -70.690376, 10.287613 ], [ -70.690163, 10.288193 ], [ -70.689949, 10.288845 ], [ -70.689705, 10.289497 ], [ -70.689537, 10.290023 ], [ -70.689324, 10.290765 ], [ -70.689148, 10.291326 ], [ -70.688980, 10.291996 ], [ -70.688827, 10.292552 ], [ -70.688637, 10.293200 ], [ -70.688408, 10.294350 ], [ -70.688354, 10.294929 ], [ -70.688278, 10.295507 ], [ -70.688248, 10.296060 ], [ -70.688133, 10.297254 ], [ -70.687981, 10.298429 ], [ -70.687950, 10.298963 ], [ -70.687935, 10.299560 ], [ -70.687904, 10.300157 ], [ -70.687897, 10.300798 ], [ -70.687912, 10.301332 ], [ -70.687973, 10.301874 ], [ -70.688080, 10.302406 ], [ -70.688255, 10.302976 ], [ -70.688576, 10.303898 ], [ -70.688728, 10.304230 ], [ -70.688309, 10.304019 ], [ -70.687195, 10.303740 ], [ -70.685943, 10.303619 ], [ -70.684616, 10.303682 ], [ -70.683250, 10.303791 ], [ -70.681717, 10.303946 ], [ -70.680901, 10.303942 ], [ -70.678955, 10.304210 ], [ -70.678162, 10.304597 ], [ -70.677513, 10.304893 ], [ -70.676994, 10.305142 ], [ -70.676460, 10.305553 ], [ -70.675972, 10.306127 ], [ -70.675018, 10.306788 ], [ -70.673920, 10.308300 ], [ -70.672821, 10.309582 ], [ -70.671562, 10.310748 ], [ -70.670074, 10.312188 ], [ -70.668663, 10.313731 ], [ -70.667534, 10.314865 ], [ -70.666580, 10.315735 ], [ -70.665299, 10.316740 ], [ -70.663338, 10.318088 ], [ -70.662735, 10.318750 ], [ -70.660660, 10.319844 ], [ -70.659989, 10.319910 ], [ -70.658943, 10.319928 ], [ -70.658386, 10.319902 ], [ -70.657509, 10.319808 ], [ -70.656372, 10.319205 ], [ -70.655746, 10.318950 ], [ -70.655167, 10.318925 ], [ -70.654076, 10.318552 ], [ -70.653633, 10.318687 ], [ -70.652344, 10.318946 ], [ -70.652313, 10.319181 ], [ -70.651871, 10.319672 ], [ -70.650986, 10.320589 ], [ -70.650581, 10.320965 ], [ -70.649963, 10.321507 ], [ -70.648056, 10.323072 ], [ -70.646912, 10.323904 ], [ -70.646439, 10.324238 ], [ -70.645241, 10.324859 ], [ -70.644714, 10.325106 ], [ -70.644142, 10.325343 ], [ -70.643379, 10.325619 ], [ -70.642044, 10.325996 ], [ -70.640854, 10.326271 ], [ -70.640335, 10.326421 ], [ -70.639618, 10.326605 ], [ -70.639069, 10.326771 ], [ -70.638351, 10.327045 ], [ -70.637733, 10.327312 ], [ -70.637047, 10.327650 ], [ -70.636543, 10.327913 ], [ -70.635902, 10.328206 ], [ -70.635277, 10.328519 ], [ -70.633904, 10.329030 ], [ -70.632675, 10.329389 ], [ -70.632126, 10.329491 ], [ -70.631477, 10.329642 ], [ -70.630898, 10.329723 ], [ -70.630318, 10.329789 ], [ -70.629692, 10.329820 ], [ -70.629158, 10.329904 ], [ -70.628494, 10.330061 ], [ -70.627960, 10.330280 ], [ -70.627434, 10.330545 ], [ -70.626953, 10.330810 ], [ -70.626473, 10.331093 ], [ -70.625122, 10.331815 ], [ -70.624619, 10.332080 ], [ -70.623589, 10.332590 ], [ -70.623009, 10.332783 ], [ -70.622437, 10.332912 ], [ -70.621834, 10.332996 ], [ -70.621201, 10.333035 ], [ -70.620552, 10.333048 ], [ -70.619858, 10.333115 ], [ -70.619278, 10.333099 ], [ -70.618607, 10.333004 ], [ -70.618019, 10.332880 ], [ -70.617432, 10.332711 ], [ -70.616875, 10.332633 ], [ -70.616203, 10.332672 ], [ -70.615532, 10.332848 ], [ -70.614334, 10.333197 ], [ -70.613808, 10.333299 ], [ -70.613220, 10.333293 ], [ -70.612686, 10.333142 ], [ -70.612152, 10.333108 ], [ -70.611458, 10.333123 ], [ -70.610824, 10.333115 ], [ -70.610085, 10.333064 ], [ -70.609528, 10.333058 ], [ -70.608917, 10.333025 ], [ -70.608291, 10.333064 ], [ -70.607094, 10.333088 ], [ -70.606484, 10.332992 ], [ -70.605919, 10.332814 ], [ -70.605408, 10.332626 ], [ -70.604775, 10.332431 ], [ -70.604210, 10.332353 ], [ -70.603005, 10.332378 ], [ -70.602402, 10.332301 ], [ -70.601814, 10.332178 ], [ -70.601151, 10.331984 ], [ -70.600693, 10.331863 ], [ -70.600113, 10.331731 ], [ -70.599548, 10.331564 ], [ -70.598892, 10.331395 ], [ -70.598381, 10.331251 ], [ -70.597748, 10.331100 ], [ -70.597099, 10.330977 ], [ -70.595833, 10.330712 ], [ -70.595184, 10.330544 ], [ -70.594665, 10.330365 ], [ -70.593895, 10.330179 ], [ -70.593269, 10.330038 ], [ -70.592682, 10.329887 ], [ -70.592049, 10.329763 ], [ -70.591492, 10.329703 ], [ -70.590866, 10.329607 ], [ -70.590302, 10.329483 ], [ -70.589645, 10.329314 ], [ -70.589066, 10.329145 ], [ -70.588501, 10.328995 ], [ -70.587921, 10.328802 ], [ -70.586884, 10.328342 ], [ -70.586227, 10.328111 ], [ -70.585396, 10.327728 ], [ -70.583946, 10.327037 ], [ -70.583412, 10.326768 ], [ -70.582870, 10.326554 ], [ -70.582237, 10.326386 ], [ -70.581535, 10.326172 ], [ -70.581024, 10.326002 ], [ -70.580414, 10.325851 ], [ -70.579720, 10.325801 ], [ -70.579109, 10.325813 ], [ -70.576889, 10.325959 ], [ -70.576241, 10.326044 ], [ -70.574989, 10.326213 ], [ -70.574249, 10.326343 ], [ -70.573578, 10.326518 ], [ -70.573006, 10.326693 ], [ -70.572296, 10.327030 ], [ -70.571098, 10.327651 ], [ -70.570503, 10.327971 ], [ -70.569336, 10.328636 ], [ -70.568832, 10.328973 ], [ -70.568329, 10.329329 ], [ -70.567787, 10.329756 ], [ -70.567398, 10.330111 ], [ -70.564865, 10.333526 ], [ -70.564613, 10.333928 ], [ -70.564590, 10.333994 ], [ -70.564186, 10.334556 ], [ -70.563461, 10.335599 ], [ -70.563149, 10.336026 ], [ -70.562805, 10.336534 ], [ -70.562179, 10.337577 ], [ -70.561905, 10.338066 ], [ -70.561615, 10.338529 ], [ -70.560982, 10.339599 ], [ -70.560600, 10.340116 ], [ -70.560265, 10.340669 ], [ -70.559990, 10.341086 ], [ -70.559608, 10.341576 ], [ -70.558388, 10.343327 ], [ -70.557571, 10.344235 ], [ -70.556656, 10.345171 ], [ -70.555794, 10.345991 ], [ -70.555382, 10.346415 ], [ -70.554970, 10.346790 ], [ -70.554497, 10.347177 ], [ -70.554085, 10.347572 ], [ -70.553696, 10.347905 ], [ -70.553314, 10.348280 ], [ -70.553009, 10.348687 ], [ -70.552719, 10.349105 ], [ -70.552422, 10.349567 ], [ -70.552155, 10.350075 ], [ -70.551956, 10.350681 ], [ -70.551903, 10.351252 ], [ -70.551926, 10.352697 ], [ -70.551964, 10.353412 ], [ -70.552094, 10.354171 ], [ -70.552300, 10.355173 ], [ -70.552383, 10.355914 ], [ -70.552422, 10.356528 ], [ -70.552360, 10.357062 ], [ -70.552185, 10.357732 ], [ -70.551941, 10.358212 ], [ -70.551239, 10.359193 ], [ -70.550735, 10.359711 ], [ -70.549149, 10.361155 ], [ -70.547958, 10.362004 ], [ -70.547295, 10.362498 ], [ -70.546768, 10.362921 ], [ -70.546288, 10.363252 ], [ -70.545891, 10.363580 ], [ -70.545441, 10.363990 ], [ -70.544960, 10.364401 ], [ -70.544624, 10.364725 ], [ -70.544296, 10.365129 ], [ -70.543617, 10.366019 ], [ -70.543228, 10.366509 ], [ -70.542961, 10.366999 ], [ -70.542450, 10.368104 ], [ -70.542297, 10.368593 ], [ -70.542145, 10.369218 ], [ -70.541992, 10.369698 ], [ -70.541862, 10.370187 ], [ -70.541687, 10.370739 ], [ -70.541069, 10.372523 ], [ -70.540802, 10.373148 ], [ -70.540497, 10.373981 ], [ -70.539940, 10.375412 ], [ -70.539810, 10.375946 ], [ -70.539665, 10.376635 ], [ -70.539558, 10.377258 ], [ -70.539444, 10.378389 ], [ -70.539337, 10.379032 ], [ -70.539017, 10.380281 ], [ -70.538895, 10.381367 ], [ -70.538704, 10.382470 ], [ -70.538505, 10.383095 ], [ -70.537918, 10.384807 ], [ -70.537743, 10.385449 ], [ -70.537567, 10.386029 ], [ -70.537369, 10.386563 ], [ -70.537170, 10.387134 ], [ -70.537064, 10.387713 ], [ -70.536896, 10.388383 ], [ -70.536766, 10.389171 ], [ -70.536491, 10.390347 ], [ -70.536339, 10.391107 ], [ -70.536186, 10.391614 ], [ -70.535713, 10.393641 ], [ -70.535614, 10.394248 ], [ -70.535416, 10.394936 ], [ -70.535133, 10.396022 ], [ -70.534889, 10.396692 ], [ -70.534722, 10.397345 ], [ -70.534393, 10.398494 ], [ -70.534294, 10.399254 ], [ -70.534187, 10.399788 ], [ -70.533958, 10.401308 ], [ -70.533844, 10.402547 ], [ -70.533806, 10.403099 ], [ -70.533798, 10.403795 ], [ -70.533821, 10.404943 ], [ -70.533897, 10.405440 ], [ -70.534050, 10.405946 ], [ -70.534248, 10.406542 ], [ -70.534416, 10.407110 ], [ -70.534813, 10.408257 ], [ -70.535195, 10.408797 ], [ -70.535553, 10.409365 ], [ -70.535797, 10.409843 ], [ -70.536041, 10.410465 ], [ -70.536163, 10.411107 ], [ -70.536156, 10.411658 ], [ -70.536049, 10.412319 ], [ -70.535996, 10.412880 ], [ -70.535889, 10.413404 ], [ -70.535759, 10.413957 ], [ -70.535538, 10.414700 ], [ -70.535339, 10.415207 ], [ -70.535072, 10.415669 ], [ -70.534737, 10.416304 ], [ -70.534393, 10.416829 ], [ -70.534103, 10.417255 ], [ -70.533714, 10.417701 ], [ -70.533172, 10.418300 ], [ -70.532761, 10.418727 ], [ -70.532303, 10.419172 ], [ -70.531822, 10.419615 ], [ -70.531235, 10.420133 ], [ -70.530731, 10.420690 ], [ -70.529846, 10.421549 ], [ -70.529457, 10.421910 ], [ -70.528976, 10.422324 ], [ -70.528541, 10.422630 ], [ -70.527511, 10.423381 ], [ -70.527046, 10.423818 ], [ -70.526710, 10.424190 ], [ -70.526375, 10.424634 ], [ -70.525894, 10.425215 ], [ -70.525604, 10.425651 ], [ -70.525307, 10.426122 ], [ -70.524841, 10.427164 ], [ -70.524620, 10.427627 ], [ -70.524330, 10.428297 ], [ -70.524132, 10.428804 ], [ -70.523804, 10.429845 ], [ -70.523651, 10.430380 ], [ -70.523499, 10.430932 ], [ -70.523193, 10.432109 ], [ -70.522896, 10.433421 ], [ -70.522705, 10.434642 ], [ -70.522674, 10.435248 ], [ -70.522591, 10.435954 ], [ -70.522522, 10.437066 ], [ -70.522415, 10.437781 ], [ -70.522362, 10.438306 ], [ -70.522255, 10.438812 ], [ -70.522125, 10.439364 ], [ -70.521728, 10.440524 ], [ -70.521553, 10.441012 ], [ -70.521309, 10.441610 ], [ -70.521042, 10.442236 ], [ -70.520752, 10.442816 ], [ -70.520439, 10.443396 ], [ -70.520187, 10.443904 ], [ -70.519943, 10.444483 ], [ -70.519386, 10.445436 ], [ -70.518982, 10.446043 ], [ -70.518555, 10.446526 ], [ -70.518112, 10.446786 ], [ -70.517517, 10.447073 ], [ -70.517029, 10.447265 ], [ -70.516480, 10.447528 ], [ -70.515877, 10.447745 ], [ -70.515213, 10.448033 ], [ -70.513367, 10.448778 ], [ -70.512909, 10.449062 ], [ -70.512550, 10.449199 ], [ -70.512428, 10.449257 ], [ -70.511620, 10.449545 ], [ -70.510765, 10.449880 ], [ -70.509827, 10.450327 ], [ -70.509613, 10.450427 ], [ -70.509064, 10.450719 ], [ -70.508583, 10.451000 ], [ -70.508148, 10.451284 ], [ -70.507644, 10.451660 ], [ -70.507202, 10.451921 ], [ -70.506721, 10.452251 ], [ -70.506264, 10.452604 ], [ -70.505783, 10.453049 ], [ -70.504440, 10.454204 ], [ -70.503311, 10.454772 ], [ -70.502663, 10.455035 ], [ -70.502182, 10.455209 ], [ -70.501602, 10.455447 ], [ -70.500015, 10.455819 ], [ -70.499840, 10.455907 ], [ -70.499397, 10.456296 ], [ -70.498863, 10.456707 ], [ -70.498352, 10.457126 ], [ -70.497841, 10.457625 ], [ -70.497352, 10.458269 ], [ -70.496956, 10.458818 ], [ -70.496567, 10.459322 ], [ -70.496216, 10.459848 ], [ -70.495262, 10.461365 ], [ -70.494705, 10.462188 ], [ -70.494263, 10.462859 ], [ -70.493912, 10.463340 ], [ -70.493469, 10.463819 ], [ -70.493012, 10.464186 ], [ -70.492455, 10.464576 ], [ -70.491791, 10.464983 ], [ -70.491196, 10.465241 ], [ -70.490433, 10.465445 ], [ -70.489639, 10.465611 ], [ -70.488991, 10.465632 ], [ -70.488411, 10.465563 ], [ -70.487785, 10.465466 ], [ -70.487022, 10.465377 ], [ -70.486160, 10.465329 ], [ -70.485557, 10.465307 ], [ -70.484726, 10.465170 ], [ -70.484123, 10.464986 ], [ -70.483589, 10.464708 ], [ -70.483101, 10.464339 ], [ -70.482285, 10.463376 ], [ -70.481361, 10.462393 ], [ -70.480965, 10.461953 ], [ -70.480553, 10.461612 ], [ -70.479973, 10.461380 ], [ -70.479347, 10.461336 ], [ -70.478760, 10.461358 ], [ -70.478065, 10.461451 ], [ -70.477463, 10.461563 ], [ -70.476929, 10.461773 ], [ -70.476486, 10.462161 ], [ -70.476189, 10.462666 ], [ -70.475556, 10.463832 ], [ -70.474976, 10.465055 ], [ -70.474609, 10.465536 ], [ -70.473633, 10.466455 ], [ -70.473190, 10.466817 ], [ -70.472748, 10.467137 ], [ -70.472237, 10.467619 ], [ -70.471657, 10.468100 ], [ -70.471146, 10.468491 ], [ -70.470009, 10.468948 ], [ -70.468658, 10.469569 ], [ -70.468147, 10.469774 ], [ -70.466873, 10.470183 ], [ -70.466202, 10.470467 ], [ -70.465111, 10.470734 ], [ -70.464386, 10.470945 ], [ -70.463783, 10.471147 ], [ -70.463066, 10.471401 ], [ -70.461235, 10.472111 ], [ -70.460510, 10.472337 ], [ -70.459885, 10.472503 ], [ -70.459145, 10.472551 ], [ -70.458656, 10.472291 ], [ -70.458305, 10.471835 ], [ -70.457825, 10.471400 ], [ -70.457336, 10.471149 ], [ -70.456711, 10.471034 ], [ -70.456040, 10.470875 ], [ -70.455383, 10.470389 ], [ -70.454994, 10.469840 ], [ -70.454368, 10.468713 ], [ -70.454040, 10.468070 ], [ -70.453743, 10.467386 ], [ -70.453514, 10.466600 ], [ -70.453491, 10.465982 ], [ -70.453354, 10.465344 ], [ -70.453003, 10.464677 ], [ -70.452537, 10.464218 ], [ -70.452072, 10.463895 ], [ -70.451126, 10.463158 ], [ -70.450729, 10.462769 ], [ -70.450241, 10.462267 ], [ -70.449806, 10.461916 ], [ -70.449295, 10.461621 ], [ -70.448692, 10.461300 ], [ -70.447487, 10.460498 ], [ -70.446793, 10.460058 ], [ -70.445748, 10.459484 ], [ -70.444840, 10.459210 ], [ -70.444076, 10.459003 ], [ -70.443497, 10.458861 ], [ -70.442734, 10.458748 ], [ -70.442146, 10.458681 ], [ -70.441590, 10.458657 ], [ -70.440712, 10.458567 ], [ -70.440109, 10.458380 ], [ -70.439438, 10.458083 ], [ -70.439018, 10.457743 ], [ -70.438599, 10.457139 ], [ -70.438019, 10.456273 ], [ -70.437538, 10.455724 ], [ -70.436935, 10.455582 ], [ -70.435982, 10.455397 ], [ -70.435379, 10.455259 ], [ -70.434639, 10.455031 ], [ -70.433891, 10.454845 ], [ -70.433311, 10.454730 ], [ -70.432480, 10.454799 ], [ -70.431572, 10.454955 ], [ -70.430740, 10.455211 ], [ -70.429970, 10.455415 ], [ -70.429367, 10.455851 ], [ -70.428185, 10.456975 ], [ -70.427811, 10.457477 ], [ -70.427437, 10.458008 ], [ -70.427093, 10.458466 ], [ -70.426605, 10.458883 ], [ -70.425949, 10.459248 ], [ -70.425438, 10.459549 ], [ -70.425095, 10.459957 ], [ -70.424606, 10.460484 ], [ -70.424278, 10.461037 ], [ -70.424072, 10.461589 ], [ -70.423859, 10.462322 ], [ -70.423607, 10.463508 ], [ -70.423485, 10.464295 ], [ -70.423325, 10.464938 ], [ -70.422997, 10.465462 ], [ -70.422623, 10.465920 ], [ -70.422211, 10.466264 ], [ -70.421745, 10.466539 ], [ -70.421188, 10.466585 ], [ -70.420654, 10.466496 ], [ -70.420120, 10.466335 ], [ -70.419556, 10.466274 ], [ -70.418793, 10.466270 ], [ -70.418121, 10.466330 ], [ -70.417709, 10.466674 ], [ -70.417358, 10.467153 ], [ -70.417076, 10.467642 ], [ -70.416496, 10.467961 ], [ -70.415962, 10.468233 ], [ -70.415589, 10.468760 ], [ -70.415497, 10.469285 ], [ -70.415382, 10.470023 ], [ -70.415054, 10.471213 ], [ -70.414848, 10.471744 ], [ -70.414543, 10.472246 ], [ -70.413895, 10.473371 ], [ -70.413475, 10.473942 ], [ -70.413147, 10.474472 ], [ -70.412819, 10.475023 ], [ -70.412453, 10.475501 ], [ -70.412079, 10.475919 ], [ -70.411476, 10.476353 ], [ -70.410942, 10.476647 ], [ -70.410408, 10.476903 ], [ -70.409920, 10.477221 ], [ -70.409569, 10.477684 ], [ -70.409218, 10.478278 ], [ -70.408875, 10.478782 ], [ -70.408478, 10.479244 ], [ -70.408012, 10.479635 ], [ -70.407455, 10.479863 ], [ -70.406784, 10.480020 ], [ -70.406113, 10.480089 ], [ -70.405182, 10.480065 ], [ -70.404556, 10.480084 ], [ -70.403740, 10.480161 ], [ -70.403183, 10.480294 ], [ -70.402695, 10.480545 ], [ -70.402092, 10.480959 ], [ -70.401535, 10.481391 ], [ -70.400978, 10.481898 ], [ -70.400513, 10.482353 ], [ -70.400002, 10.482816 ], [ -70.399422, 10.483365 ], [ -70.398956, 10.483843 ], [ -70.397888, 10.484834 ], [ -70.397491, 10.485337 ], [ -70.397400, 10.485957 ], [ -70.397354, 10.486626 ], [ -70.397072, 10.487197 ], [ -70.396721, 10.487705 ], [ -70.396240, 10.488112 ], [ -70.395844, 10.488523 ], [ -70.395630, 10.489102 ], [ -70.395744, 10.489789 ], [ -70.395630, 10.491072 ], [ -70.395561, 10.491643 ], [ -70.395515, 10.492222 ], [ -70.395485, 10.492864 ], [ -70.395439, 10.493597 ], [ -70.395371, 10.494192 ], [ -70.395279, 10.494854 ], [ -70.395134, 10.495479 ], [ -70.395042, 10.496076 ], [ -70.394974, 10.496716 ], [ -70.394951, 10.497380 ], [ -70.394951, 10.498137 ], [ -70.395065, 10.499448 ], [ -70.395012, 10.500045 ], [ -70.394829, 10.500544 ], [ -70.394501, 10.501079 ], [ -70.394226, 10.501558 ], [ -70.393967, 10.502039 ], [ -70.393738, 10.502546 ], [ -70.393524, 10.503207 ], [ -70.393272, 10.503941 ], [ -70.393059, 10.504511 ], [ -70.392807, 10.505089 ], [ -70.392479, 10.505662 ], [ -70.392243, 10.506233 ], [ -70.391899, 10.506855 ], [ -70.391365, 10.507358 ], [ -70.390877, 10.507703 ], [ -70.390312, 10.508204 ], [ -70.389992, 10.508735 ], [ -70.389664, 10.509237 ], [ -70.389481, 10.509907 ], [ -70.389458, 10.510268 ], [ -70.389381, 10.510893 ], [ -70.388992, 10.511627 ], [ -70.388641, 10.512359 ], [ -70.388267, 10.513230 ], [ -70.387985, 10.513988 ], [ -70.387985, 10.514859 ], [ -70.388077, 10.515662 ], [ -70.388451, 10.516396 ], [ -70.389031, 10.517449 ], [ -70.389748, 10.518715 ], [ -70.390251, 10.519518 ], [ -70.390694, 10.520091 ], [ -70.391159, 10.520803 ], [ -70.391808, 10.521698 ], [ -70.392365, 10.522408 ], [ -70.392754, 10.522800 ], [ -70.393219, 10.523372 ], [ -70.393593, 10.523972 ], [ -70.393890, 10.524590 ], [ -70.394050, 10.525167 ], [ -70.394005, 10.526062 ], [ -70.393868, 10.526769 ], [ -70.393562, 10.527439 ], [ -70.393189, 10.527965 ], [ -70.392754, 10.528356 ], [ -70.392311, 10.528719 ], [ -70.391800, 10.529110 ], [ -70.391121, 10.529565 ], [ -70.390564, 10.530028 ], [ -70.390099, 10.530393 ], [ -70.389519, 10.530784 ], [ -70.388451, 10.531630 ], [ -70.387756, 10.532112 ], [ -70.386986, 10.532684 ], [ -70.386642, 10.533144 ], [ -70.386360, 10.533601 ], [ -70.385963, 10.534109 ], [ -70.385361, 10.534496 ], [ -70.384476, 10.534974 ], [ -70.383942, 10.535230 ], [ -70.383156, 10.535549 ], [ -70.382530, 10.535715 ], [ -70.381645, 10.535918 ], [ -70.380760, 10.536012 ], [ -70.379837, 10.536079 ], [ -70.379089, 10.536011 ], [ -70.378372, 10.535688 ], [ -70.377586, 10.535366 ], [ -70.377052, 10.535269 ], [ -70.376404, 10.535570 ], [ -70.375748, 10.535961 ], [ -70.375122, 10.536398 ], [ -70.374405, 10.536971 ], [ -70.373703, 10.537680 ], [ -70.373306, 10.538275 ], [ -70.373031, 10.539029 ], [ -70.372704, 10.539650 ], [ -70.372353, 10.540244 ], [ -70.371963, 10.540824 ], [ -70.371521, 10.541396 ], [ -70.371170, 10.541877 ], [ -70.370888, 10.542493 ], [ -70.370613, 10.543044 ], [ -70.370285, 10.543571 ], [ -70.370033, 10.544242 ], [ -70.369843, 10.544885 ], [ -70.369728, 10.545456 ], [ -70.369751, 10.546082 ], [ -70.369843, 10.546567 ], [ -70.369606, 10.546691 ], [ -70.368957, 10.546898 ], [ -70.368195, 10.547103 ], [ -70.367539, 10.547218 ], [ -70.366058, 10.547172 ], [ -70.365013, 10.547170 ], [ -70.364082, 10.547214 ], [ -70.363411, 10.547214 ], [ -70.362411, 10.547192 ], [ -70.361649, 10.547121 ], [ -70.360947, 10.547121 ], [ -70.360001, 10.547098 ], [ -70.358787, 10.547143 ], [ -70.357864, 10.547165 ], [ -70.357185, 10.547256 ], [ -70.355980, 10.547507 ], [ -70.355263, 10.547714 ], [ -70.354591, 10.547828 ], [ -70.354034, 10.547988 ], [ -70.353455, 10.548102 ], [ -70.352890, 10.548125 ], [ -70.352173, 10.548193 ], [ -70.350616, 10.548376 ], [ -70.349831, 10.548444 ], [ -70.349297, 10.548535 ], [ -70.348480, 10.548649 ], [ -70.347557, 10.548809 ], [ -70.346977, 10.548877 ], [ -70.345444, 10.549036 ], [ -70.344696, 10.549128 ], [ -70.344002, 10.549288 ], [ -70.343163, 10.549448 ], [ -70.342583, 10.549677 ], [ -70.342049, 10.549952 ], [ -70.341400, 10.550456 ], [ -70.340935, 10.550938 ], [ -70.340630, 10.551488 ], [ -70.340401, 10.552015 ], [ -70.340118, 10.552727 ], [ -70.339935, 10.553231 ], [ -70.339791, 10.553759 ], [ -70.339607, 10.555135 ], [ -70.339516, 10.555686 ], [ -70.339348, 10.556971 ], [ -70.339256, 10.558255 ], [ -70.339065, 10.558967 ], [ -70.338669, 10.560273 ], [ -70.338554, 10.560963 ], [ -70.338532, 10.561582 ], [ -70.338554, 10.562315 ], [ -70.338669, 10.563049 ], [ -70.339172, 10.564403 ], [ -70.339363, 10.565092 ], [ -70.339592, 10.565620 ], [ -70.339844, 10.566126 ], [ -70.340172, 10.566699 ], [ -70.340286, 10.567388 ], [ -70.340241, 10.567578 ], [ -70.340095, 10.568212 ], [ -70.340004, 10.568787 ], [ -70.339752, 10.569452 ], [ -70.339027, 10.569980 ], [ -70.338165, 10.570322 ], [ -70.337562, 10.570345 ], [ -70.336914, 10.570207 ], [ -70.336265, 10.570023 ], [ -70.335594, 10.569724 ], [ -70.334877, 10.569517 ], [ -70.334389, 10.569241 ], [ -70.333901, 10.568873 ], [ -70.333252, 10.568482 ], [ -70.332550, 10.568322 ], [ -70.331947, 10.568459 ], [ -70.331299, 10.568780 ], [ -70.330650, 10.568985 ], [ -70.329880, 10.569168 ], [ -70.329254, 10.569305 ], [ -70.328514, 10.569443 ], [ -70.327675, 10.569672 ], [ -70.326866, 10.569969 ], [ -70.326378, 10.570290 ], [ -70.325981, 10.570656 ], [ -70.325516, 10.571344 ], [ -70.325279, 10.571940 ], [ -70.324745, 10.572469 ], [ -70.324142, 10.572811 ], [ -70.322800, 10.573476 ], [ -70.322098, 10.573843 ], [ -70.321701, 10.574232 ], [ -70.321427, 10.574760 ], [ -70.321076, 10.575378 ], [ -70.320747, 10.576090 ], [ -70.320282, 10.577535 ], [ -70.320053, 10.578040 ], [ -70.319725, 10.578521 ], [ -70.319305, 10.578980 ], [ -70.318374, 10.579804 ], [ -70.317909, 10.580286 ], [ -70.317535, 10.581616 ], [ -70.317169, 10.582168 ], [ -70.316559, 10.582396 ], [ -70.315842, 10.582556 ], [ -70.314636, 10.582692 ], [ -70.314011, 10.582784 ], [ -70.312729, 10.583103 ], [ -70.312126, 10.583240 ], [ -70.311409, 10.583149 ], [ -70.310707, 10.582850 ], [ -70.310036, 10.582459 ], [ -70.309761, 10.581977 ], [ -70.309601, 10.581381 ], [ -70.309509, 10.580807 ], [ -70.309273, 10.580050 ], [ -70.308906, 10.579545 ], [ -70.308373, 10.578856 ], [ -70.307884, 10.578259 ], [ -70.307304, 10.577570 ], [ -70.306915, 10.576950 ], [ -70.306587, 10.576468 ], [ -70.306221, 10.575733 ], [ -70.305847, 10.575297 ], [ -70.305382, 10.574815 ], [ -70.304573, 10.574148 ], [ -70.304016, 10.573735 ], [ -70.303253, 10.573276 ], [ -70.302277, 10.572723 ], [ -70.301697, 10.572426 ], [ -70.301163, 10.572333 ], [ -70.300491, 10.572378 ], [ -70.299812, 10.572515 ], [ -70.299210, 10.572721 ], [ -70.298676, 10.572950 ], [ -70.297402, 10.573523 ], [ -70.296844, 10.573706 ], [ -70.296051, 10.573820 ], [ -70.295426, 10.573796 ], [ -70.294731, 10.573658 ], [ -70.294060, 10.573428 ], [ -70.293060, 10.573106 ], [ -70.292366, 10.572830 ], [ -70.291618, 10.572439 ], [ -70.291161, 10.572140 ], [ -70.290626, 10.571956 ], [ -70.290115, 10.571704 ], [ -70.289627, 10.571427 ], [ -70.288185, 10.570439 ], [ -70.287514, 10.569934 ], [ -70.286888, 10.569543 ], [ -70.286194, 10.569084 ], [ -70.285683, 10.568808 ], [ -70.284943, 10.568486 ], [ -70.283920, 10.568004 ], [ -70.283409, 10.567774 ], [ -70.282272, 10.567314 ], [ -70.281715, 10.567060 ], [ -70.280976, 10.566762 ], [ -70.280136, 10.566440 ], [ -70.279610, 10.566278 ], [ -70.278099, 10.565841 ], [ -70.277328, 10.565542 ], [ -70.276756, 10.565197 ], [ -70.276077, 10.564670 ], [ -70.275429, 10.564072 ], [ -70.274826, 10.563452 ], [ -70.274246, 10.563245 ], [ -70.273575, 10.563565 ], [ -70.273086, 10.563977 ], [ -70.271973, 10.565192 ], [ -70.271370, 10.565627 ], [ -70.270622, 10.566040 ], [ -70.269951, 10.566360 ], [ -70.269394, 10.566612 ], [ -70.268669, 10.566933 ], [ -70.267860, 10.567231 ], [ -70.266975, 10.567596 ], [ -70.266487, 10.567825 ], [ -70.265976, 10.568215 ], [ -70.265282, 10.568673 ], [ -70.264648, 10.568948 ], [ -70.263466, 10.569428 ], [ -70.262726, 10.569772 ], [ -70.262146, 10.570093 ], [ -70.261604, 10.570436 ], [ -70.260612, 10.571170 ], [ -70.259842, 10.571582 ], [ -70.259026, 10.571994 ], [ -70.257706, 10.572726 ], [ -70.256912, 10.573138 ], [ -70.256218, 10.573550 ], [ -70.254890, 10.574261 ], [ -70.254425, 10.574604 ], [ -70.253845, 10.575017 ], [ -70.253403, 10.575361 ], [ -70.252937, 10.575842 ], [ -70.252594, 10.576278 ], [ -70.252151, 10.576874 ], [ -70.251267, 10.578134 ], [ -70.250778, 10.578731 ], [ -70.250359, 10.579120 ], [ -70.249710, 10.579372 ], [ -70.249054, 10.579600 ], [ -70.248428, 10.579852 ], [ -70.247849, 10.580127 ], [ -70.247360, 10.580447 ], [ -70.246941, 10.580791 ], [ -70.246338, 10.581409 ], [ -70.245781, 10.581914 ], [ -70.245384, 10.582304 ], [ -70.245056, 10.582786 ], [ -70.245216, 10.583360 ], [ -70.244965, 10.584117 ], [ -70.244705, 10.584781 ], [ -70.244614, 10.585355 ], [ -70.244400, 10.586042 ], [ -70.244194, 10.586548 ], [ -70.243820, 10.586983 ], [ -70.243355, 10.587716 ], [ -70.242752, 10.588795 ], [ -70.242310, 10.589344 ], [ -70.241722, 10.589964 ], [ -70.241287, 10.590491 ], [ -70.240746, 10.590926 ], [ -70.240212, 10.591316 ], [ -70.239677, 10.591567 ], [ -70.239120, 10.591704 ], [ -70.238495, 10.591795 ], [ -70.237053, 10.591954 ], [ -70.236473, 10.592045 ], [ -70.235756, 10.592182 ], [ -70.234986, 10.592296 ], [ -70.234428, 10.592296 ], [ -70.233757, 10.592134 ], [ -70.232925, 10.591858 ], [ -70.231163, 10.591053 ], [ -70.230560, 10.590822 ], [ -70.230026, 10.590662 ], [ -70.229370, 10.590546 ], [ -70.228813, 10.590430 ], [ -70.228256, 10.590362 ], [ -70.227539, 10.590499 ], [ -70.227028, 10.590842 ], [ -70.226563, 10.591414 ], [ -70.226303, 10.591942 ], [ -70.225960, 10.592608 ], [ -70.225563, 10.593089 ], [ -70.225029, 10.593501 ], [ -70.224236, 10.594074 ], [ -70.223633, 10.594601 ], [ -70.221954, 10.596182 ], [ -70.221375, 10.596641 ], [ -70.220795, 10.596891 ], [ -70.220055, 10.597098 ], [ -70.219498, 10.597166 ], [ -70.218453, 10.596958 ], [ -70.217636, 10.596774 ], [ -70.216988, 10.596749 ], [ -70.216408, 10.596841 ], [ -70.215759, 10.597092 ], [ -70.215477, 10.597183 ], [ -70.214851, 10.597505 ], [ -70.214363, 10.597733 ], [ -70.213669, 10.598100 ], [ -70.213181, 10.598329 ], [ -70.213036, 10.598925 ], [ -70.212685, 10.599613 ], [ -70.212173, 10.600048 ], [ -70.211571, 10.600346 ], [ -70.210876, 10.600620 ], [ -70.210175, 10.600826 ], [ -70.209366, 10.601032 ], [ -70.208527, 10.601283 ], [ -70.208015, 10.601512 ], [ -70.207184, 10.601924 ], [ -70.206528, 10.602221 ], [ -70.205414, 10.602702 ], [ -70.204926, 10.602931 ], [ -70.203697, 10.603641 ], [ -70.203140, 10.604007 ], [ -70.202629, 10.604397 ], [ -70.202110, 10.605015 ], [ -70.201836, 10.605542 ], [ -70.201256, 10.606207 ], [ -70.200813, 10.606643 ], [ -70.200394, 10.607009 ], [ -70.199883, 10.607582 ], [ -70.199554, 10.608110 ], [ -70.199295, 10.608821 ], [ -70.198975, 10.609347 ], [ -70.198532, 10.609943 ], [ -70.198113, 10.610288 ], [ -70.197601, 10.610631 ], [ -70.196510, 10.611180 ], [ -70.196068, 10.611501 ], [ -70.195671, 10.612281 ], [ -70.195183, 10.613174 ], [ -70.194641, 10.613793 ], [ -70.194130, 10.614045 ], [ -70.193573, 10.614114 ], [ -70.192970, 10.614044 ], [ -70.192368, 10.613837 ], [ -70.190491, 10.613054 ], [ -70.189422, 10.612640 ], [ -70.188820, 10.612456 ], [ -70.188171, 10.612364 ], [ -70.187446, 10.612316 ], [ -70.186775, 10.612408 ], [ -70.186035, 10.612636 ], [ -70.185455, 10.612726 ], [ -70.184845, 10.612749 ], [ -70.184456, 10.613207 ], [ -70.184082, 10.613781 ], [ -70.183571, 10.614377 ], [ -70.183220, 10.614835 ], [ -70.182640, 10.615477 ], [ -70.181915, 10.616302 ], [ -70.181450, 10.616759 ], [ -70.180633, 10.617194 ], [ -70.180122, 10.617377 ], [ -70.179153, 10.617652 ], [ -70.177803, 10.618201 ], [ -70.177200, 10.618361 ], [ -70.176575, 10.618544 ], [ -70.175987, 10.618840 ], [ -70.175476, 10.619162 ], [ -70.174988, 10.619551 ], [ -70.174568, 10.620078 ], [ -70.174317, 10.620675 ], [ -70.174225, 10.621202 ], [ -70.174591, 10.622533 ], [ -70.175125, 10.623154 ], [ -70.175682, 10.623659 ], [ -70.176117, 10.624072 ], [ -70.177391, 10.624901 ], [ -70.178001, 10.625383 ], [ -70.178459, 10.625865 ], [ -70.178856, 10.626301 ], [ -70.179130, 10.626806 ], [ -70.179459, 10.627542 ], [ -70.179619, 10.628116 ], [ -70.179665, 10.628942 ], [ -70.179291, 10.630249 ], [ -70.179100, 10.630822 ], [ -70.178848, 10.631395 ], [ -70.178261, 10.632566 ], [ -70.177956, 10.633139 ], [ -70.177025, 10.635179 ], [ -70.176628, 10.636004 ], [ -70.176376, 10.636509 ], [ -70.175957, 10.636968 ], [ -70.175560, 10.637381 ], [ -70.175606, 10.638183 ], [ -70.175415, 10.639812 ], [ -70.175278, 10.640339 ], [ -70.175110, 10.640890 ], [ -70.174950, 10.641532 ], [ -70.174850, 10.642174 ], [ -70.174690, 10.642771 ], [ -70.174339, 10.643321 ], [ -70.173874, 10.644376 ], [ -70.173591, 10.644834 ], [ -70.173591, 10.645546 ], [ -70.173729, 10.646234 ], [ -70.173683, 10.646853 ], [ -70.173287, 10.647289 ], [ -70.172798, 10.647610 ], [ -70.172173, 10.647999 ], [ -70.171501, 10.648296 ], [ -70.170754, 10.648594 ], [ -70.170197, 10.648753 ], [ -70.169457, 10.648661 ], [ -70.168549, 10.648499 ], [ -70.167786, 10.648337 ], [ -70.167061, 10.648222 ], [ -70.166481, 10.648404 ], [ -70.165901, 10.648496 ], [ -70.165207, 10.648586 ], [ -70.164650, 10.648746 ], [ -70.163834, 10.649066 ], [ -70.163231, 10.649409 ], [ -70.162674, 10.649844 ], [ -70.162415, 10.650533 ], [ -70.162323, 10.651130 ], [ -70.162155, 10.651726 ], [ -70.161644, 10.652436 ], [ -70.161247, 10.652803 ], [ -70.160644, 10.652894 ], [ -70.160065, 10.653008 ], [ -70.159531, 10.653214 ], [ -70.158928, 10.653648 ], [ -70.158691, 10.654153 ], [ -70.158478, 10.654910 ], [ -70.158249, 10.655529 ], [ -70.157760, 10.656676 ], [ -70.157387, 10.657341 ], [ -70.156830, 10.657799 ], [ -70.156174, 10.658142 ], [ -70.155502, 10.658324 ], [ -70.154854, 10.658393 ], [ -70.154083, 10.658392 ], [ -70.153503, 10.658368 ], [ -70.152924, 10.658390 ], [ -70.151695, 10.658802 ], [ -70.151115, 10.658961 ], [ -70.149834, 10.659143 ], [ -70.149185, 10.659188 ], [ -70.148582, 10.659187 ], [ -70.148048, 10.659302 ], [ -70.147606, 10.659622 ], [ -70.147209, 10.660034 ], [ -70.146858, 10.660517 ], [ -70.146301, 10.660997 ], [ -70.145630, 10.661341 ], [ -70.144997, 10.661524 ], [ -70.144043, 10.661751 ], [ -70.143532, 10.661980 ], [ -70.143257, 10.662484 ], [ -70.143021, 10.663172 ], [ -70.142815, 10.663723 ], [ -70.142509, 10.664296 ], [ -70.141884, 10.664731 ], [ -70.141068, 10.665029 ], [ -70.140045, 10.665256 ], [ -70.139443, 10.665324 ], [ -70.138794, 10.665369 ], [ -70.136536, 10.665595 ], [ -70.135658, 10.665571 ], [ -70.134796, 10.665501 ], [ -70.133957, 10.665408 ], [ -70.133057, 10.665361 ], [ -70.132408, 10.665245 ], [ -70.131523, 10.665060 ], [ -70.129250, 10.664530 ], [ -70.128578, 10.663932 ], [ -70.128158, 10.663541 ], [ -70.127716, 10.663175 ], [ -70.127068, 10.662944 ], [ -70.126114, 10.662781 ], [ -70.125534, 10.662621 ], [ -70.124886, 10.662343 ], [ -70.124260, 10.661952 ], [ -70.123818, 10.661608 ], [ -70.123337, 10.661194 ], [ -70.122757, 10.660642 ], [ -70.122246, 10.660183 ], [ -70.121666, 10.659677 ], [ -70.121223, 10.659309 ], [ -70.119835, 10.658436 ], [ -70.119186, 10.657838 ], [ -70.118233, 10.656621 ], [ -70.117767, 10.656046 ], [ -70.117218, 10.655334 ], [ -70.116753, 10.654829 ], [ -70.116058, 10.654185 ], [ -70.115547, 10.653933 ], [ -70.114708, 10.653793 ], [ -70.114128, 10.653954 ], [ -70.113846, 10.654480 ], [ -70.113548, 10.654962 ], [ -70.112969, 10.655397 ], [ -70.112015, 10.655878 ], [ -70.111382, 10.656037 ], [ -70.110802, 10.656082 ], [ -70.109993, 10.656035 ], [ -70.108993, 10.655964 ], [ -70.107368, 10.655824 ], [ -70.106438, 10.655800 ], [ -70.105881, 10.655914 ], [ -70.105019, 10.656119 ], [ -70.104370, 10.656027 ], [ -70.103561, 10.655796 ], [ -70.102936, 10.655794 ], [ -70.102425, 10.655977 ], [ -70.101860, 10.656413 ], [ -70.101097, 10.656870 ], [ -70.100609, 10.657122 ], [ -70.099121, 10.657326 ], [ -70.098793, 10.657509 ], [ -70.098122, 10.657715 ], [ -70.097305, 10.657760 ], [ -70.096519, 10.657666 ], [ -70.095963, 10.657321 ], [ -70.095474, 10.656839 ], [ -70.094963, 10.656610 ], [ -70.094383, 10.656769 ], [ -70.092644, 10.657799 ], [ -70.092056, 10.658164 ], [ -70.091248, 10.658806 ], [ -70.090805, 10.659173 ], [ -70.090080, 10.659607 ], [ -70.089477, 10.659698 ], [ -70.088921, 10.659490 ], [ -70.088432, 10.659260 ], [ -70.087921, 10.658983 ], [ -70.087250, 10.658662 ], [ -70.086510, 10.658271 ], [ -70.085884, 10.657903 ], [ -70.085091, 10.657419 ], [ -70.084442, 10.656982 ], [ -70.083862, 10.656546 ], [ -70.083122, 10.656016 ], [ -70.082634, 10.655534 ], [ -70.082176, 10.654822 ], [ -70.081551, 10.654086 ], [ -70.081108, 10.653673 ], [ -70.080528, 10.653304 ], [ -70.079788, 10.652891 ], [ -70.079300, 10.652569 ], [ -70.078995, 10.652063 ], [ -70.078880, 10.651237 ], [ -70.078980, 10.650550 ], [ -70.079239, 10.649907 ], [ -70.079559, 10.649035 ], [ -70.080055, 10.647683 ], [ -70.080284, 10.646995 ], [ -70.080337, 10.646376 ], [ -70.080170, 10.645846 ], [ -70.079575, 10.644539 ], [ -70.079247, 10.644033 ], [ -70.078903, 10.643551 ], [ -70.078392, 10.643366 ], [ -70.077667, 10.643435 ], [ -70.076325, 10.643706 ], [ -70.075630, 10.643454 ], [ -70.074837, 10.643085 ], [ -70.074325, 10.642740 ], [ -70.073868, 10.642464 ], [ -70.073379, 10.642142 ], [ -70.072678, 10.642141 ], [ -70.072143, 10.642324 ], [ -70.071358, 10.642620 ], [ -70.070702, 10.642895 ], [ -70.070076, 10.643077 ], [ -70.069450, 10.643146 ], [ -70.068031, 10.643327 ], [ -70.067223, 10.643348 ], [ -70.066315, 10.643277 ], [ -70.065735, 10.643277 ], [ -70.064506, 10.643252 ], [ -70.063805, 10.643273 ], [ -70.062881, 10.643203 ], [ -70.061905, 10.643179 ], [ -70.061348, 10.643109 ], [ -70.060577, 10.643108 ], [ -70.059883, 10.643176 ], [ -70.059258, 10.643312 ], [ -70.058441, 10.643587 ], [ -70.057327, 10.644296 ], [ -70.056679, 10.644685 ], [ -70.055794, 10.645164 ], [ -70.055214, 10.645532 ], [ -70.054672, 10.645851 ], [ -70.054024, 10.646195 ], [ -70.053490, 10.646446 ], [ -70.052933, 10.646675 ], [ -70.052467, 10.646949 ], [ -70.052025, 10.647293 ], [ -70.051468, 10.647773 ], [ -70.051026, 10.648117 ], [ -70.050469, 10.648414 ], [ -70.050026, 10.648758 ], [ -70.049675, 10.649240 ], [ -70.049629, 10.649790 ], [ -70.049439, 10.650387 ], [ -70.049019, 10.650889 ], [ -70.048279, 10.651233 ], [ -70.047600, 10.651576 ], [ -70.047134, 10.651874 ], [ -70.046669, 10.652286 ], [ -70.046226, 10.652721 ], [ -70.045647, 10.653363 ], [ -70.045341, 10.653936 ], [ -70.045044, 10.654463 ], [ -70.044647, 10.655059 ], [ -70.044365, 10.655539 ], [ -70.044060, 10.656090 ], [ -70.043640, 10.656710 ], [ -70.043220, 10.657237 ], [ -70.042686, 10.657672 ], [ -70.042221, 10.657969 ], [ -70.041641, 10.658174 ], [ -70.041061, 10.658311 ], [ -70.040459, 10.658379 ], [ -70.039734, 10.658401 ], [ -70.039207, 10.658262 ], [ -70.038391, 10.657939 ], [ -70.037834, 10.657662 ], [ -70.037186, 10.657363 ], [ -70.036491, 10.657019 ], [ -70.035797, 10.656764 ], [ -70.035263, 10.656650 ], [ -70.034378, 10.656624 ], [ -70.033379, 10.656830 ], [ -70.032776, 10.656989 ], [ -70.032051, 10.657217 ], [ -70.031425, 10.657468 ], [ -70.030846, 10.657742 ], [ -70.029984, 10.658177 ], [ -70.029404, 10.658635 ], [ -70.028870, 10.659162 ], [ -70.028382, 10.659712 ], [ -70.027474, 10.660834 ], [ -70.026909, 10.661339 ], [ -70.026306, 10.661635 ], [ -70.025680, 10.661956 ], [ -70.024979, 10.662345 ], [ -70.024445, 10.662688 ], [ -70.023888, 10.663260 ], [ -70.023285, 10.663857 ], [ -70.022820, 10.664290 ], [ -70.021538, 10.664541 ], [ -70.020843, 10.664655 ], [ -70.020264, 10.664837 ], [ -70.019585, 10.665066 ], [ -70.018890, 10.665432 ], [ -70.018234, 10.665843 ], [ -70.017616, 10.666588 ], [ -70.017105, 10.667062 ], [ -70.016724, 10.667444 ], [ -70.016296, 10.667940 ], [ -70.015892, 10.668390 ], [ -70.015503, 10.668933 ], [ -70.015259, 10.669457 ], [ -70.015060, 10.670004 ], [ -70.014885, 10.670529 ], [ -70.014664, 10.671029 ], [ -70.014442, 10.671714 ], [ -70.014313, 10.672285 ], [ -70.014114, 10.672879 ], [ -70.013725, 10.673513 ], [ -70.013252, 10.673940 ], [ -70.012543, 10.674383 ], [ -70.012009, 10.674532 ], [ -70.010208, 10.674952 ], [ -70.009438, 10.675164 ], [ -70.008637, 10.675445 ], [ -70.008118, 10.675709 ], [ -70.007248, 10.676240 ], [ -70.006210, 10.676815 ], [ -70.005669, 10.677032 ], [ -70.004479, 10.677420 ], [ -70.003593, 10.677606 ], [ -70.002869, 10.677612 ], [ -70.000587, 10.677722 ], [ -69.999664, 10.677468 ], [ -69.998116, 10.677524 ], [ -69.997307, 10.677528 ], [ -69.996696, 10.677607 ], [ -69.995346, 10.677875 ], [ -69.994759, 10.678162 ], [ -69.994049, 10.678468 ], [ -69.993393, 10.678682 ], [ -69.992767, 10.678922 ], [ -69.992157, 10.679114 ], [ -69.990913, 10.679593 ], [ -69.989365, 10.680202 ], [ -69.988380, 10.680548 ], [ -69.987656, 10.680830 ], [ -69.986862, 10.681089 ], [ -69.986183, 10.681280 ], [ -69.985435, 10.681471 ], [ -69.984756, 10.681662 ], [ -69.984215, 10.681834 ], [ -69.983490, 10.682139 ], [ -69.982666, 10.682512 ], [ -69.982056, 10.682751 ], [ -69.980011, 10.683831 ], [ -69.979508, 10.684419 ], [ -69.978485, 10.685682 ], [ -69.978005, 10.686292 ], [ -69.976158, 10.688708 ], [ -69.975685, 10.689272 ], [ -69.975136, 10.689903 ], [ -69.974113, 10.690984 ], [ -69.973450, 10.691521 ], [ -69.973099, 10.691788 ], [ -69.972404, 10.692301 ], [ -69.971672, 10.692789 ], [ -69.970329, 10.693748 ], [ -69.969765, 10.694172 ], [ -69.969032, 10.694684 ], [ -69.967407, 10.695590 ], [ -69.966606, 10.695962 ], [ -69.966019, 10.696248 ], [ -69.965500, 10.696558 ], [ -69.964844, 10.696912 ], [ -69.962929, 10.698339 ], [ -69.962341, 10.698717 ], [ -69.961464, 10.699180 ], [ -69.960739, 10.699462 ], [ -69.960152, 10.699747 ], [ -69.959450, 10.700123 ], [ -69.958885, 10.700387 ], [ -69.958367, 10.700650 ], [ -69.957779, 10.700936 ], [ -69.956955, 10.701308 ], [ -69.956367, 10.701549 ], [ -69.955505, 10.701851 ], [ -69.954170, 10.702166 ], [ -69.953514, 10.702427 ], [ -69.952293, 10.702883 ], [ -69.951691, 10.703121 ], [ -69.950958, 10.703449 ], [ -69.949905, 10.703955 ], [ -69.949387, 10.704265 ], [ -69.948845, 10.704482 ], [ -69.948174, 10.704398 ], [ -69.947433, 10.704153 ], [ -69.946732, 10.703517 ], [ -69.946388, 10.703004 ], [ -69.946129, 10.702309 ], [ -69.945846, 10.701453 ], [ -69.945648, 10.700921 ], [ -69.945404, 10.700341 ], [ -69.945282, 10.699810 ], [ -69.945061, 10.699070 ], [ -69.944778, 10.698328 ], [ -69.944511, 10.697748 ], [ -69.944115, 10.696936 ], [ -69.943245, 10.695286 ], [ -69.942886, 10.694703 ], [ -69.942551, 10.694261 ], [ -69.942101, 10.693607 ], [ -69.941177, 10.692369 ], [ -69.940742, 10.691831 ], [ -69.940224, 10.691429 ], [ -69.939667, 10.691233 ], [ -69.939087, 10.691059 ], [ -69.938515, 10.690977 ], [ -69.937958, 10.690874 ], [ -69.937355, 10.690860 ], [ -69.936600, 10.691096 ], [ -69.935852, 10.691355 ], [ -69.935081, 10.691728 ], [ -69.931412, 10.693623 ], [ -69.930420, 10.694083 ], [ -69.929649, 10.694480 ], [ -69.929062, 10.694674 ], [ -69.928360, 10.694864 ], [ -69.927727, 10.695011 ], [ -69.927124, 10.695112 ], [ -69.926422, 10.695189 ], [ -69.925590, 10.695125 ], [ -69.924713, 10.694967 ], [ -69.924065, 10.694838 ], [ -69.923485, 10.694618 ], [ -69.922958, 10.694240 ], [ -69.922363, 10.693882 ], [ -69.921677, 10.693544 ], [ -69.920914, 10.693252 ], [ -69.920342, 10.693056 ], [ -69.919716, 10.692858 ], [ -69.918976, 10.692749 ], [ -69.918327, 10.692758 ], [ -69.917763, 10.692906 ], [ -69.916901, 10.693117 ], [ -69.916122, 10.693352 ], [ -69.915489, 10.693614 ], [ -69.914925, 10.693900 ], [ -69.914032, 10.694386 ], [ -69.913071, 10.694869 ], [ -69.912460, 10.695246 ], [ -69.911041, 10.696202 ], [ -69.910545, 10.696513 ], [ -69.909744, 10.697046 ], [ -69.908943, 10.697625 ], [ -69.908302, 10.698139 ], [ -69.907257, 10.699081 ], [ -69.906479, 10.699660 ], [ -69.905914, 10.699947 ], [ -69.905373, 10.700189 ], [ -69.904716, 10.700426 ], [ -69.903969, 10.700662 ], [ -69.903336, 10.700877 ], [ -69.902511, 10.701135 ], [ -69.901695, 10.701415 ], [ -69.900993, 10.701630 ], [ -69.900360, 10.701868 ], [ -69.899818, 10.702109 ], [ -69.897232, 10.703429 ], [ -69.896385, 10.703846 ], [ -69.895752, 10.704224 ], [ -69.895142, 10.704623 ], [ -69.894051, 10.705425 ], [ -69.893219, 10.706050 ], [ -69.892586, 10.706564 ], [ -69.891395, 10.707571 ], [ -69.890617, 10.708105 ], [ -69.889915, 10.708411 ], [ -69.889359, 10.708513 ], [ -69.887817, 10.708663 ], [ -69.887070, 10.708693 ], [ -69.886329, 10.708631 ], [ -69.885658, 10.708523 ], [ -69.885086, 10.708349 ], [ -69.884201, 10.708192 ], [ -69.882492, 10.707787 ], [ -69.881867, 10.707680 ], [ -69.881035, 10.707501 ], [ -69.880455, 10.707442 ], [ -69.879547, 10.707399 ], [ -69.878876, 10.707521 ], [ -69.878311, 10.707716 ], [ -69.877625, 10.708182 ], [ -69.877037, 10.708561 ], [ -69.876350, 10.708981 ], [ -69.875603, 10.709401 ], [ -69.874893, 10.709730 ], [ -69.874306, 10.709992 ], [ -69.873749, 10.710186 ], [ -69.873024, 10.710331 ], [ -69.872017, 10.710516 ], [ -69.871132, 10.710656 ], [ -69.870338, 10.710799 ], [ -69.869637, 10.710967 ], [ -69.868958, 10.711160 ], [ -69.867508, 10.711471 ], [ -69.866928, 10.711618 ], [ -69.866364, 10.711904 ], [ -69.865982, 10.712309 ], [ -69.865089, 10.713691 ], [ -69.864746, 10.714373 ], [ -69.864471, 10.715147 ], [ -69.864319, 10.715810 ], [ -69.864136, 10.716657 ], [ -69.864052, 10.717229 ], [ -69.864082, 10.717964 ], [ -69.864189, 10.718563 ], [ -69.864357, 10.719302 ], [ -69.864571, 10.719928 ], [ -69.864884, 10.720463 ], [ -69.865128, 10.720997 ], [ -69.865280, 10.721597 ], [ -69.865334, 10.722173 ], [ -69.865250, 10.722814 ], [ -69.865143, 10.723432 ], [ -69.864731, 10.724043 ], [ -69.864204, 10.724766 ], [ -69.863632, 10.725304 ], [ -69.863113, 10.725729 ], [ -69.862663, 10.726155 ], [ -69.862091, 10.726763 ], [ -69.861381, 10.727435 ], [ -69.860931, 10.727817 ], [ -69.859818, 10.728642 ], [ -69.859108, 10.729222 ], [ -69.858131, 10.730096 ], [ -69.857178, 10.731063 ], [ -69.856255, 10.731938 ], [ -69.855759, 10.732387 ], [ -69.855232, 10.732972 ], [ -69.854614, 10.733579 ], [ -69.853973, 10.734115 ], [ -69.853355, 10.734561 ], [ -69.852837, 10.734916 ], [ -69.852341, 10.735204 ], [ -69.851708, 10.735488 ], [ -69.851143, 10.735727 ], [ -69.850517, 10.735851 ], [ -69.849632, 10.735855 ], [ -69.848801, 10.735767 ], [ -69.848061, 10.735660 ], [ -69.847389, 10.735414 ], [ -69.846512, 10.735119 ], [ -69.845634, 10.734870 ], [ -69.844803, 10.734668 ], [ -69.844063, 10.734467 ], [ -69.843345, 10.734313 ], [ -69.842171, 10.734177 ], [ -69.841538, 10.734130 ], [ -69.840652, 10.734248 ], [ -69.839622, 10.734500 ], [ -69.838829, 10.734713 ], [ -69.838104, 10.734880 ], [ -69.837380, 10.735070 ], [ -69.836769, 10.735195 ], [ -69.836143, 10.735341 ], [ -69.835373, 10.735507 ], [ -69.834694, 10.735676 ], [ -69.833824, 10.735955 ], [ -69.832611, 10.736319 ], [ -69.830803, 10.736990 ], [ -69.829987, 10.737339 ], [ -69.829300, 10.737598 ], [ -69.827568, 10.738318 ], [ -69.826790, 10.738668 ], [ -69.825989, 10.739041 ], [ -69.825096, 10.739504 ], [ -69.824394, 10.739855 ], [ -69.823853, 10.740256 ], [ -69.823448, 10.740637 ], [ -69.822495, 10.741488 ], [ -69.821167, 10.742493 ], [ -69.820579, 10.742869 ], [ -69.819969, 10.743246 ], [ -69.818321, 10.744221 ], [ -69.817757, 10.744506 ], [ -69.817192, 10.744769 ], [ -69.816498, 10.744661 ], [ -69.816231, 10.744585 ], [ -69.815804, 10.744462 ], [ -69.815231, 10.744013 ], [ -69.814285, 10.742705 ], [ -69.813904, 10.742237 ], [ -69.813454, 10.741652 ], [ -69.813026, 10.741045 ], [ -69.812691, 10.740487 ], [ -69.812325, 10.739996 ], [ -69.812081, 10.739738 ], [ -69.811745, 10.739134 ], [ -69.811333, 10.738642 ], [ -69.810974, 10.738129 ], [ -69.810234, 10.737009 ], [ -69.809585, 10.735938 ], [ -69.809296, 10.735288 ], [ -69.809265, 10.734621 ], [ -69.809448, 10.733912 ], [ -69.810089, 10.733445 ], [ -69.810700, 10.733137 ], [ -69.811348, 10.732991 ], [ -69.811935, 10.732843 ], [ -69.812614, 10.732743 ], [ -69.813706, 10.732609 ], [ -69.814407, 10.732510 ], [ -69.815086, 10.732341 ], [ -69.815674, 10.732101 ], [ -69.816353, 10.731772 ], [ -69.817032, 10.731466 ], [ -69.817787, 10.731092 ], [ -69.818421, 10.730762 ], [ -69.818916, 10.730452 ], [ -69.819557, 10.730007 ], [ -69.820152, 10.729468 ], [ -69.820579, 10.728996 ], [ -69.821030, 10.728432 ], [ -69.822258, 10.726623 ], [ -69.823036, 10.725399 ], [ -69.823540, 10.724629 ], [ -69.823952, 10.723927 ], [ -69.824242, 10.723382 ], [ -69.824585, 10.722493 ], [ -69.824883, 10.721766 ], [ -69.825058, 10.721218 ], [ -69.825234, 10.720555 ], [ -69.825416, 10.719985 ], [ -69.825615, 10.719255 ], [ -69.825989, 10.717334 ], [ -69.826096, 10.716556 ], [ -69.826088, 10.715936 ], [ -69.826011, 10.715359 ], [ -69.825958, 10.714646 ], [ -69.825767, 10.713837 ], [ -69.825455, 10.713280 ], [ -69.825210, 10.712746 ], [ -69.824966, 10.712120 ], [ -69.824661, 10.711493 ], [ -69.824272, 10.710933 ], [ -69.823891, 10.710442 ], [ -69.823456, 10.710087 ], [ -69.823288, 10.709896 ], [ -69.822433, 10.709214 ], [ -69.821793, 10.708810 ], [ -69.821129, 10.708473 ], [ -69.820526, 10.708138 ], [ -69.820023, 10.707873 ], [ -69.819450, 10.707677 ], [ -69.818779, 10.707433 ], [ -69.818108, 10.707211 ], [ -69.817391, 10.707079 ], [ -69.816650, 10.707154 ], [ -69.815903, 10.707184 ], [ -69.815323, 10.707263 ], [ -69.814346, 10.707378 ], [ -69.813759, 10.707479 ], [ -69.813148, 10.707604 ], [ -69.812569, 10.707798 ], [ -69.811111, 10.708430 ], [ -69.810219, 10.708801 ], [ -69.808998, 10.709348 ], [ -69.808128, 10.709880 ], [ -69.807320, 10.710413 ], [ -69.806778, 10.710791 ], [ -69.805954, 10.711438 ], [ -69.805245, 10.711928 ], [ -69.803734, 10.712813 ], [ -69.802559, 10.713361 ], [ -69.802040, 10.713578 ], [ -69.801453, 10.713863 ], [ -69.800865, 10.714172 ], [ -69.800354, 10.714414 ], [ -69.799110, 10.714891 ], [ -69.798500, 10.715153 ], [ -69.797699, 10.715410 ], [ -69.796181, 10.715720 ], [ -69.795410, 10.715864 ], [ -69.794785, 10.715872 ], [ -69.794182, 10.715836 ], [ -69.792885, 10.715645 ], [ -69.792305, 10.715541 ], [ -69.790802, 10.715392 ], [ -69.790169, 10.715493 ], [ -69.789490, 10.715638 ], [ -69.788948, 10.715947 ], [ -69.788292, 10.716438 ], [ -69.786446, 10.717683 ], [ -69.785904, 10.718199 ], [ -69.785423, 10.718784 ], [ -69.784988, 10.719372 ], [ -69.783867, 10.720587 ], [ -69.782837, 10.721850 ], [ -69.782387, 10.722368 ], [ -69.781418, 10.723104 ], [ -69.780136, 10.724270 ], [ -69.779640, 10.724648 ], [ -69.778931, 10.725162 ], [ -69.778008, 10.725760 ], [ -69.777443, 10.726069 ], [ -69.776596, 10.726510 ], [ -69.775910, 10.726999 ], [ -69.775131, 10.727533 ], [ -69.774658, 10.727913 ], [ -69.774231, 10.728294 ], [ -69.773567, 10.728806 ], [ -69.772225, 10.729672 ], [ -69.771370, 10.730250 ], [ -69.770782, 10.730627 ], [ -69.770264, 10.730983 ], [ -69.769318, 10.731582 ], [ -69.768753, 10.731822 ], [ -69.768257, 10.732155 ], [ -69.766731, 10.732901 ], [ -69.765038, 10.733781 ], [ -69.764541, 10.734092 ], [ -69.763550, 10.734667 ], [ -69.762916, 10.734997 ], [ -69.760841, 10.736237 ], [ -69.760063, 10.736723 ], [ -69.759430, 10.737031 ], [ -69.758423, 10.737421 ], [ -69.757858, 10.737570 ], [ -69.755989, 10.738009 ], [ -69.754959, 10.738215 ], [ -69.754326, 10.738432 ], [ -69.753479, 10.738872 ], [ -69.752815, 10.739430 ], [ -69.752388, 10.739811 ], [ -69.751984, 10.740215 ], [ -69.751534, 10.740573 ], [ -69.750900, 10.740857 ], [ -69.749870, 10.741109 ], [ -69.749245, 10.741233 ], [ -69.748657, 10.741288 ], [ -69.747749, 10.741635 ], [ -69.747185, 10.741829 ], [ -69.746529, 10.742113 ], [ -69.745674, 10.742645 ], [ -69.744995, 10.743089 ], [ -69.744263, 10.743623 ], [ -69.743553, 10.744159 ], [ -69.742348, 10.744934 ], [ -69.741424, 10.745466 ], [ -69.740883, 10.745706 ], [ -69.739830, 10.746119 ], [ -69.738876, 10.746531 ], [ -69.738472, 10.746707 ], [ -69.737953, 10.746902 ], [ -69.736145, 10.747642 ], [ -69.735420, 10.747879 ], [ -69.734413, 10.748246 ], [ -69.733635, 10.748504 ], [ -69.733009, 10.748696 ], [ -69.732376, 10.748751 ], [ -69.730293, 10.748589 ], [ -69.729691, 10.748507 ], [ -69.728943, 10.748444 ], [ -69.727653, 10.747930 ], [ -69.727058, 10.747733 ], [ -69.725762, 10.747497 ], [ -69.725044, 10.747413 ], [ -69.724457, 10.747399 ], [ -69.723900, 10.747478 ], [ -69.723251, 10.747509 ], [ -69.722557, 10.747424 ], [ -69.721977, 10.747342 ], [ -69.721207, 10.747255 ], [ -69.720322, 10.747350 ], [ -69.719581, 10.747356 ], [ -69.718979, 10.747159 ], [ -69.718429, 10.746756 ], [ -69.717888, 10.746262 ], [ -69.716499, 10.745104 ], [ -69.714897, 10.743942 ], [ -69.714050, 10.743257 ], [ -69.713577, 10.742854 ], [ -69.712479, 10.741957 ], [ -69.711273, 10.741010 ], [ -69.710564, 10.740420 ], [ -69.709991, 10.739924 ], [ -69.709450, 10.739475 ], [ -69.708809, 10.738910 ], [ -69.708168, 10.738459 ], [ -69.706803, 10.737302 ], [ -69.706070, 10.736734 ], [ -69.704315, 10.735270 ], [ -69.703766, 10.734866 ], [ -69.703155, 10.734346 ], [ -69.702515, 10.733827 ], [ -69.701279, 10.732880 ], [ -69.700256, 10.731984 ], [ -69.699600, 10.731394 ], [ -69.698913, 10.730804 ], [ -69.697548, 10.729556 ], [ -69.697090, 10.729177 ], [ -69.696686, 10.728754 ], [ -69.696251, 10.728377 ], [ -69.695709, 10.727859 ], [ -69.695160, 10.727365 ], [ -69.694656, 10.726940 ], [ -69.693451, 10.725878 ], [ -69.692932, 10.725431 ], [ -69.692017, 10.724673 ], [ -69.691513, 10.724295 ], [ -69.691063, 10.723917 ], [ -69.690483, 10.723559 ], [ -69.689942, 10.723155 ], [ -69.689461, 10.722846 ], [ -69.688927, 10.722650 ], [ -69.688270, 10.723026 ], [ -69.687752, 10.723267 ], [ -69.686981, 10.723548 ], [ -69.686439, 10.723673 ], [ -69.685692, 10.723771 ], [ -69.684044, 10.723870 ], [ -69.683159, 10.723896 ], [ -69.682388, 10.723948 ], [ -69.681526, 10.724112 ], [ -69.680100, 10.724469 ], [ -69.678269, 10.725254 ], [ -69.677490, 10.725627 ], [ -69.676597, 10.726180 ], [ -69.675697, 10.726826 ], [ -69.674820, 10.727426 ], [ -69.673210, 10.728790 ], [ -69.672691, 10.729215 ], [ -69.671860, 10.729861 ], [ -69.671150, 10.730396 ], [ -69.670677, 10.730776 ], [ -69.670250, 10.731134 ], [ -69.669395, 10.731804 ], [ -69.668732, 10.732408 ], [ -69.668045, 10.732898 ], [ -69.667053, 10.733679 ], [ -69.666527, 10.734173 ], [ -69.666168, 10.734646 ], [ -69.665832, 10.735213 ], [ -69.665405, 10.735594 ], [ -69.664841, 10.735856 ], [ -69.662895, 10.736363 ], [ -69.661873, 10.736523 ], [ -69.660751, 10.736751 ], [ -69.660141, 10.736897 ], [ -69.659599, 10.737068 ], [ -69.658737, 10.737370 ], [ -69.657753, 10.737691 ], [ -69.656860, 10.738039 ], [ -69.656227, 10.738323 ], [ -69.655563, 10.738721 ], [ -69.654785, 10.739162 ], [ -69.654274, 10.739381 ], [ -69.653709, 10.739666 ], [ -69.653145, 10.739905 ], [ -69.652580, 10.740100 ], [ -69.651054, 10.740662 ], [ -69.650192, 10.740963 ], [ -69.649414, 10.741199 ], [ -69.648110, 10.741444 ], [ -69.647530, 10.741523 ], [ -69.646873, 10.741576 ], [ -69.645897, 10.741576 ], [ -69.644951, 10.741486 ], [ -69.644280, 10.741355 ], [ -69.643608, 10.741157 ], [ -69.643074, 10.740983 ], [ -69.641968, 10.740567 ], [ -69.641022, 10.740246 ], [ -69.640358, 10.739956 ], [ -69.640274, 10.739902 ], [ -69.639832, 10.739621 ], [ -69.639351, 10.739335 ], [ -69.638893, 10.739026 ], [ -69.638298, 10.738645 ], [ -69.637383, 10.738094 ], [ -69.636719, 10.737666 ], [ -69.634743, 10.736564 ], [ -69.633896, 10.736154 ], [ -69.633179, 10.735861 ], [ -69.631706, 10.735276 ], [ -69.630928, 10.734937 ], [ -69.630325, 10.734716 ], [ -69.629753, 10.734473 ], [ -69.628418, 10.733936 ], [ -69.627914, 10.733649 ], [ -69.627060, 10.733262 ], [ -69.625908, 10.732799 ], [ -69.625381, 10.732557 ], [ -69.624367, 10.732120 ], [ -69.623817, 10.731854 ], [ -69.623268, 10.731543 ], [ -69.622185, 10.731012 ], [ -69.621521, 10.730722 ], [ -69.620895, 10.730570 ], [ -69.620323, 10.730395 ], [ -69.619606, 10.730218 ], [ -69.618935, 10.730110 ], [ -69.618355, 10.730051 ], [ -69.617470, 10.730054 ], [ -69.616814, 10.730130 ], [ -69.616165, 10.730253 ], [ -69.615478, 10.730536 ], [ -69.614891, 10.730866 ], [ -69.613754, 10.731690 ], [ -69.613167, 10.732182 ], [ -69.612686, 10.732654 ], [ -69.612114, 10.733283 ], [ -69.611664, 10.733755 ], [ -69.610382, 10.734920 ], [ -69.609787, 10.735389 ], [ -69.609123, 10.735879 ], [ -69.608536, 10.736186 ], [ -69.607750, 10.736145 ], [ -69.606987, 10.735898 ], [ -69.606392, 10.735586 ], [ -69.605614, 10.735108 ], [ -69.604805, 10.734676 ], [ -69.604141, 10.734430 ], [ -69.603264, 10.734066 ], [ -69.602295, 10.733768 ], [ -69.601555, 10.733567 ], [ -69.600906, 10.733414 ], [ -69.600266, 10.733284 ], [ -69.599594, 10.733176 ], [ -69.598846, 10.733090 ], [ -69.598198, 10.733007 ], [ -69.597641, 10.732947 ], [ -69.596558, 10.732784 ], [ -69.595886, 10.732699 ], [ -69.595284, 10.732639 ], [ -69.594627, 10.732601 ], [ -69.593635, 10.732556 ], [ -69.593010, 10.732472 ], [ -69.592339, 10.732296 ], [ -69.591003, 10.731806 ], [ -69.589714, 10.731293 ], [ -69.589111, 10.731072 ], [ -69.588394, 10.730826 ], [ -69.587662, 10.730625 ], [ -69.586983, 10.730563 ], [ -69.586426, 10.730596 ], [ -69.585564, 10.730714 ], [ -69.585022, 10.731046 ], [ -69.583885, 10.731984 ], [ -69.582535, 10.732872 ], [ -69.581688, 10.733381 ], [ -69.580063, 10.734239 ], [ -69.579544, 10.734526 ], [ -69.578819, 10.734944 ], [ -69.578133, 10.735320 ], [ -69.577522, 10.735558 ], [ -69.576652, 10.735837 ], [ -69.576073, 10.736052 ], [ -69.575417, 10.736266 ], [ -69.574554, 10.736338 ], [ -69.573646, 10.736203 ], [ -69.573097, 10.735868 ], [ -69.572594, 10.735465 ], [ -69.571823, 10.734874 ], [ -69.571297, 10.734540 ], [ -69.570374, 10.734128 ], [ -69.569588, 10.733879 ], [ -69.568993, 10.733706 ], [ -69.568367, 10.733575 ], [ -69.567650, 10.733444 ], [ -69.565720, 10.733353 ], [ -69.565163, 10.733316 ], [ -69.564423, 10.733346 ], [ -69.563698, 10.733421 ], [ -69.563133, 10.733569 ], [ -69.562439, 10.733712 ], [ -69.561287, 10.734192 ], [ -69.560669, 10.734660 ], [ -69.560051, 10.735242 ], [ -69.559456, 10.735871 ], [ -69.559021, 10.736459 ], [ -69.558609, 10.737069 ], [ -69.558060, 10.737722 ], [ -69.557678, 10.738128 ], [ -69.557014, 10.738755 ], [ -69.556442, 10.739246 ], [ -69.555832, 10.739670 ], [ -69.555145, 10.740067 ], [ -69.554390, 10.740485 ], [ -69.553520, 10.740879 ], [ -69.552795, 10.741183 ], [ -69.551048, 10.742176 ], [ -69.550347, 10.742596 ], [ -69.549705, 10.742949 ], [ -69.549164, 10.743235 ], [ -69.548462, 10.743493 ], [ -69.547409, 10.743928 ], [ -69.546799, 10.744098 ], [ -69.546234, 10.744223 ], [ -69.545654, 10.744416 ], [ -69.545059, 10.744793 ], [ -69.544563, 10.745240 ], [ -69.543808, 10.745728 ], [ -69.543053, 10.745987 ], [ -69.541534, 10.746341 ], [ -69.540772, 10.746278 ], [ -69.539574, 10.745928 ], [ -69.538834, 10.745728 ], [ -69.538231, 10.745574 ], [ -69.537605, 10.745445 ], [ -69.535965, 10.745131 ], [ -69.535317, 10.744978 ], [ -69.534531, 10.744823 ], [ -69.533928, 10.744716 ], [ -69.532791, 10.744690 ], [ -69.531715, 10.744824 ], [ -69.530365, 10.744884 ], [ -69.529808, 10.744917 ], [ -69.529228, 10.745019 ], [ -69.528641, 10.745097 ], [ -69.527878, 10.745125 ], [ -69.527130, 10.745085 ], [ -69.525581, 10.744956 ], [ -69.524910, 10.744849 ], [ -69.524147, 10.744670 ], [ -69.522987, 10.744345 ], [ -69.522415, 10.744193 ], [ -69.521881, 10.744020 ], [ -69.521095, 10.743909 ], [ -69.520424, 10.743894 ], [ -69.519653, 10.744060 ], [ -69.519020, 10.744183 ], [ -69.518105, 10.744391 ], [ -69.517433, 10.744558 ], [ -69.516777, 10.744680 ], [ -69.516098, 10.744871 ], [ -69.515510, 10.745065 ], [ -69.514809, 10.745255 ], [ -69.514176, 10.745382 ], [ -69.514084, 10.745400 ], [ -69.513603, 10.745111 ], [ -69.512894, 10.743694 ], [ -69.512726, 10.743070 ], [ -69.512863, 10.742269 ], [ -69.513107, 10.741494 ], [ -69.513405, 10.740857 ], [ -69.513794, 10.740293 ], [ -69.514252, 10.739475 ], [ -69.514687, 10.738843 ], [ -69.515526, 10.737806 ], [ -69.515861, 10.737263 ], [ -69.516068, 10.736648 ], [ -69.516152, 10.736052 ], [ -69.516098, 10.735385 ], [ -69.515900, 10.734805 ], [ -69.515610, 10.734271 ], [ -69.515083, 10.733845 ], [ -69.514542, 10.733373 ], [ -69.514152, 10.732949 ], [ -69.513924, 10.732117 ], [ -69.513817, 10.731426 ], [ -69.513977, 10.730832 ], [ -69.514313, 10.730197 ], [ -69.514725, 10.729587 ], [ -69.515251, 10.728978 ], [ -69.515610, 10.728527 ], [ -69.516014, 10.728078 ], [ -69.516472, 10.727491 ], [ -69.516807, 10.727015 ], [ -69.517098, 10.726541 ], [ -69.517273, 10.725993 ], [ -69.517242, 10.725419 ], [ -69.517281, 10.724845 ], [ -69.517670, 10.724257 ], [ -69.518051, 10.723761 ], [ -69.518433, 10.723241 ], [ -69.518677, 10.722718 ], [ -69.519051, 10.721969 ], [ -69.519249, 10.721445 ], [ -69.519470, 10.720899 ], [ -69.519562, 10.719983 ], [ -69.519531, 10.719270 ], [ -69.519386, 10.718599 ], [ -69.519173, 10.717768 ], [ -69.518700, 10.716241 ], [ -69.518501, 10.715639 ], [ -69.518272, 10.714784 ], [ -69.518120, 10.714067 ], [ -69.517975, 10.713490 ], [ -69.517693, 10.712611 ], [ -69.517502, 10.712055 ], [ -69.516983, 10.710435 ], [ -69.516807, 10.709742 ], [ -69.516708, 10.709027 ], [ -69.516777, 10.708293 ], [ -69.516884, 10.707584 ], [ -69.516930, 10.706918 ], [ -69.516899, 10.706160 ], [ -69.516800, 10.705492 ], [ -69.516579, 10.704957 ], [ -69.516152, 10.704443 ], [ -69.515770, 10.703905 ], [ -69.515388, 10.703276 ], [ -69.515381, 10.702633 ], [ -69.515510, 10.702016 ], [ -69.515625, 10.701237 ], [ -69.515747, 10.699908 ], [ -69.515762, 10.699356 ], [ -69.515801, 10.698714 ], [ -69.515610, 10.696849 ], [ -69.515747, 10.696162 ], [ -69.515900, 10.695615 ], [ -69.516075, 10.695090 ], [ -69.516418, 10.694203 ], [ -69.516769, 10.693362 ], [ -69.517158, 10.692567 ], [ -69.517525, 10.691909 ], [ -69.518028, 10.691346 ], [ -69.519051, 10.690383 ], [ -69.520271, 10.688918 ], [ -69.520699, 10.688354 ], [ -69.521156, 10.687721 ], [ -69.521591, 10.687158 ], [ -69.521995, 10.686662 ], [ -69.522331, 10.686141 ], [ -69.522629, 10.685459 ], [ -69.522736, 10.684795 ], [ -69.522751, 10.684221 ], [ -69.522133, 10.683013 ], [ -69.521378, 10.681662 ], [ -69.520920, 10.681146 ], [ -69.520515, 10.680745 ], [ -69.520103, 10.680230 ], [ -69.519722, 10.679786 ], [ -69.519272, 10.679361 ], [ -69.518440, 10.678951 ], [ -69.517914, 10.678778 ], [ -69.516945, 10.678548 ], [ -69.516327, 10.678855 ], [ -69.515938, 10.679742 ], [ -69.515923, 10.680386 ], [ -69.515930, 10.681074 ], [ -69.515983, 10.681650 ], [ -69.516037, 10.682432 ], [ -69.516037, 10.683167 ], [ -69.516068, 10.683949 ], [ -69.515900, 10.685141 ], [ -69.515861, 10.685714 ], [ -69.515701, 10.686605 ], [ -69.515480, 10.687151 ], [ -69.514633, 10.688557 ], [ -69.514198, 10.689120 ], [ -69.513794, 10.689593 ], [ -69.513290, 10.690201 ], [ -69.512833, 10.690719 ], [ -69.512634, 10.691266 ], [ -69.512154, 10.691989 ], [ -69.511719, 10.692599 ], [ -69.511223, 10.693070 ], [ -69.510605, 10.693539 ], [ -69.509964, 10.693960 ], [ -69.509445, 10.694452 ], [ -69.508919, 10.694900 ], [ -69.508331, 10.695322 ], [ -69.507789, 10.695677 ], [ -69.507149, 10.696076 ], [ -69.506538, 10.696406 ], [ -69.505974, 10.696622 ], [ -69.505432, 10.696794 ], [ -69.504570, 10.697002 ], [ -69.503357, 10.697342 ], [ -69.502396, 10.697457 ], [ -69.501816, 10.697489 ], [ -69.501236, 10.697475 ], [ -69.500709, 10.697256 ], [ -69.500290, 10.697054 ], [ -69.498978, 10.696686 ], [ -69.498398, 10.696576 ], [ -69.497650, 10.696559 ], [ -69.496491, 10.696615 ], [ -69.495682, 10.696714 ], [ -69.494842, 10.696744 ], [ -69.493935, 10.696591 ], [ -69.493378, 10.696412 ], [ -69.492889, 10.696141 ], [ -69.492439, 10.695778 ], [ -69.491928, 10.695530 ], [ -69.491325, 10.695374 ], [ -69.490486, 10.695197 ], [ -69.489647, 10.694951 ], [ -69.488999, 10.694727 ], [ -69.488411, 10.694594 ], [ -69.487762, 10.694600 ], [ -69.487160, 10.694697 ], [ -69.486297, 10.694864 ], [ -69.485252, 10.694964 ], [ -69.484650, 10.695062 ], [ -69.483955, 10.695251 ], [ -69.483376, 10.695348 ], [ -69.482704, 10.695444 ], [ -69.482124, 10.695518 ], [ -69.481400, 10.695524 ], [ -69.480751, 10.695438 ], [ -69.479912, 10.695285 ], [ -69.479332, 10.695151 ], [ -69.478630, 10.695043 ], [ -69.477264, 10.695008 ], [ -69.476677, 10.694875 ], [ -69.476051, 10.694651 ], [ -69.474327, 10.694000 ], [ -69.473556, 10.693776 ], [ -69.472817, 10.693667 ], [ -69.471909, 10.693561 ], [ -69.471306, 10.693543 ], [ -69.470116, 10.693529 ], [ -69.469307, 10.693559 ], [ -69.468605, 10.693703 ], [ -69.468079, 10.693913 ], [ -69.467079, 10.693968 ], [ -69.466171, 10.693975 ], [ -69.465263, 10.693868 ], [ -69.464683, 10.693781 ], [ -69.463493, 10.693377 ], [ -69.462914, 10.693130 ], [ -69.462257, 10.692837 ], [ -69.461609, 10.692911 ], [ -69.460953, 10.693820 ], [ -69.459526, 10.697402 ], [ -69.458252, 10.697574 ], [ -69.457672, 10.697855 ], [ -69.456566, 10.699104 ], [ -69.456055, 10.700068 ], [ -69.455902, 10.700435 ], [ -69.455284, 10.701775 ], [ -69.454849, 10.702283 ], [ -69.454338, 10.702700 ], [ -69.452553, 10.703750 ], [ -69.452004, 10.704005 ], [ -69.451469, 10.704238 ], [ -69.450890, 10.704380 ], [ -69.450211, 10.704387 ], [ -69.448563, 10.704172 ], [ -69.447151, 10.704366 ], [ -69.446465, 10.704487 ], [ -69.445755, 10.704766 ], [ -69.445015, 10.705116 ], [ -69.444481, 10.705303 ], [ -69.443924, 10.705378 ], [ -69.443321, 10.705337 ], [ -69.442718, 10.705250 ], [ -69.442017, 10.705094 ], [ -69.441459, 10.704916 ], [ -69.440849, 10.704531 ], [ -69.440354, 10.704269 ], [ -69.438965, 10.703697 ], [ -69.438354, 10.703473 ], [ -69.437843, 10.703248 ], [ -69.437141, 10.703024 ], [ -69.436447, 10.702937 ], [ -69.435822, 10.703034 ], [ -69.435196, 10.703246 ], [ -69.434196, 10.703552 ], [ -69.431625, 10.704147 ], [ -69.430717, 10.704246 ], [ -69.429993, 10.704045 ], [ -69.429321, 10.703844 ], [ -69.427826, 10.703420 ], [ -69.427223, 10.703264 ], [ -69.426430, 10.703042 ], [ -69.424782, 10.702733 ], [ -69.424225, 10.702646 ], [ -69.423454, 10.702630 ], [ -69.422783, 10.702636 ], [ -69.422203, 10.702755 ], [ -69.421432, 10.702968 ], [ -69.420669, 10.703202 ], [ -69.419166, 10.703789 ], [ -69.418587, 10.704069 ], [ -69.418121, 10.704371 ], [ -69.416901, 10.705275 ], [ -69.416206, 10.705694 ], [ -69.415573, 10.705700 ], [ -69.414810, 10.705476 ], [ -69.414231, 10.705481 ], [ -69.413788, 10.705897 ], [ -69.413445, 10.706359 ], [ -69.413101, 10.706982 ], [ -69.412850, 10.707580 ], [ -69.412346, 10.708226 ], [ -69.411507, 10.708783 ], [ -69.411003, 10.709017 ], [ -69.410377, 10.709230 ], [ -69.409775, 10.709509 ], [ -69.409195, 10.709834 ], [ -69.408615, 10.710343 ], [ -69.407852, 10.711039 ], [ -69.406563, 10.712035 ], [ -69.406006, 10.712407 ], [ -69.405540, 10.712732 ], [ -69.405037, 10.713057 ], [ -69.404434, 10.713361 ], [ -69.403710, 10.713527 ], [ -69.402901, 10.713648 ], [ -69.400207, 10.714106 ], [ -69.399628, 10.714133 ], [ -69.398949, 10.714047 ], [ -69.397507, 10.713759 ], [ -69.396904, 10.713605 ], [ -69.395508, 10.713042 ], [ -69.394852, 10.712727 ], [ -69.394341, 10.712248 ], [ -69.393967, 10.711793 ], [ -69.393494, 10.711153 ], [ -69.393280, 10.710582 ], [ -69.393181, 10.709940 ], [ -69.393478, 10.709249 ], [ -69.393570, 10.708629 ], [ -69.393334, 10.707919 ], [ -69.392937, 10.707487 ], [ -69.392395, 10.706986 ], [ -69.391907, 10.706646 ], [ -69.391159, 10.706239 ], [ -69.390183, 10.705926 ], [ -69.389389, 10.705909 ], [ -69.388809, 10.706005 ], [ -69.387299, 10.706454 ], [ -69.385956, 10.706946 ], [ -69.385193, 10.707181 ], [ -69.384613, 10.707278 ], [ -69.383568, 10.707333 ], [ -69.382637, 10.707248 ], [ -69.381752, 10.707071 ], [ -69.381195, 10.706939 ], [ -69.380524, 10.706989 ], [ -69.379875, 10.707247 ], [ -69.379105, 10.707665 ], [ -69.378250, 10.708109 ], [ -69.377533, 10.708504 ], [ -69.376953, 10.708739 ], [ -69.376236, 10.708836 ], [ -69.375511, 10.708887 ], [ -69.374931, 10.708893 ], [ -69.373467, 10.708605 ], [ -69.372070, 10.708387 ], [ -69.371422, 10.708323 ], [ -69.370911, 10.708557 ], [ -69.370293, 10.709801 ], [ -69.369781, 10.710263 ], [ -69.369087, 10.710453 ], [ -69.368279, 10.710620 ], [ -69.367508, 10.710626 ], [ -69.366623, 10.710565 ], [ -69.365883, 10.710547 ], [ -69.365303, 10.710506 ], [ -69.364601, 10.710351 ], [ -69.363762, 10.710128 ], [ -69.363090, 10.709881 ], [ -69.361107, 10.708956 ], [ -69.360550, 10.708685 ], [ -69.358848, 10.707735 ], [ -69.358307, 10.707463 ], [ -69.357567, 10.707217 ], [ -69.356888, 10.707085 ], [ -69.356239, 10.707021 ], [ -69.355614, 10.707187 ], [ -69.354874, 10.707720 ], [ -69.354179, 10.708184 ], [ -69.353645, 10.708371 ], [ -69.352997, 10.708515 ], [ -69.352295, 10.708635 ], [ -69.351669, 10.708594 ], [ -69.351089, 10.708438 ], [ -69.350548, 10.707822 ], [ -69.349678, 10.706224 ], [ -69.349396, 10.705674 ], [ -69.349091, 10.705104 ], [ -69.348625, 10.704602 ], [ -69.347992, 10.704287 ], [ -69.347366, 10.704062 ], [ -69.346664, 10.703975 ], [ -69.346062, 10.704301 ], [ -69.345390, 10.704880 ], [ -69.345001, 10.705274 ], [ -69.344658, 10.705758 ], [ -69.344338, 10.706747 ], [ -69.343903, 10.707760 ], [ -69.343468, 10.708314 ], [ -69.342888, 10.708480 ], [ -69.342117, 10.708440 ], [ -69.341469, 10.708100 ], [ -69.340881, 10.707486 ], [ -69.340454, 10.706709 ], [ -69.340286, 10.706113 ], [ -69.340004, 10.705336 ], [ -69.339699, 10.704695 ], [ -69.339256, 10.704033 ], [ -69.338852, 10.703486 ], [ -69.338341, 10.703238 ], [ -69.337013, 10.702744 ], [ -69.336365, 10.702588 ], [ -69.335800, 10.702500 ], [ -69.335198, 10.702321 ], [ -69.334519, 10.702005 ], [ -69.334099, 10.701618 ], [ -69.333466, 10.700821 ], [ -69.333092, 10.700411 ], [ -69.332458, 10.699795 ], [ -69.332016, 10.699318 ], [ -69.331551, 10.698885 ], [ -69.331192, 10.698641 ], [ -69.331085, 10.698568 ], [ -69.330521, 10.698365 ], [ -69.329941, 10.698278 ], [ -69.329269, 10.698260 ], [ -69.328735, 10.698424 ], [ -69.328110, 10.698637 ], [ -69.327644, 10.698961 ], [ -69.327324, 10.699537 ], [ -69.327049, 10.700135 ], [ -69.326866, 10.700688 ], [ -69.326531, 10.701861 ], [ -69.325798, 10.703703 ], [ -69.325287, 10.704349 ], [ -69.324341, 10.705297 ], [ -69.323860, 10.705645 ], [ -69.323372, 10.706107 ], [ -69.322769, 10.706572 ], [ -69.322166, 10.706921 ], [ -69.321541, 10.706970 ], [ -69.321281, 10.706239 ], [ -69.321205, 10.705620 ], [ -69.321320, 10.705045 ], [ -69.321365, 10.704380 ], [ -69.321289, 10.703783 ], [ -69.320801, 10.703421 ], [ -69.320213, 10.703195 ], [ -69.319519, 10.703109 ], [ -69.318939, 10.703181 ], [ -69.318405, 10.703415 ], [ -69.317940, 10.703740 ], [ -69.317085, 10.704497 ], [ -69.316628, 10.704829 ], [ -69.316116, 10.705085 ], [ -69.315491, 10.705526 ], [ -69.314796, 10.705875 ], [ -69.314194, 10.706110 ], [ -69.313614, 10.706206 ], [ -69.313057, 10.706210 ], [ -69.312126, 10.706057 ], [ -69.311501, 10.705901 ], [ -69.310913, 10.705630 ], [ -69.310165, 10.705246 ], [ -69.309654, 10.704928 ], [ -69.309067, 10.704429 ], [ -69.308151, 10.703012 ], [ -69.307663, 10.702489 ], [ -69.307053, 10.701988 ], [ -69.306564, 10.701602 ], [ -69.305985, 10.701608 ], [ -69.305450, 10.701772 ], [ -69.305061, 10.702325 ], [ -69.304970, 10.702877 ], [ -69.304810, 10.703406 ], [ -69.304489, 10.704350 ], [ -69.304123, 10.704788 ], [ -69.302971, 10.705691 ], [ -69.302322, 10.706178 ], [ -69.301697, 10.706459 ], [ -69.301094, 10.706624 ], [ -69.300537, 10.706720 ], [ -69.299950, 10.706311 ], [ -69.299461, 10.705856 ], [ -69.298920, 10.705470 ], [ -69.298340, 10.705222 ], [ -69.297691, 10.705388 ], [ -69.297111, 10.705736 ], [ -69.296387, 10.705582 ], [ -69.295761, 10.705058 ], [ -69.295242, 10.704603 ], [ -69.294731, 10.704081 ], [ -69.294518, 10.703531 ], [ -69.294441, 10.702911 ], [ -69.294136, 10.702203 ], [ -69.293854, 10.701585 ], [ -69.293526, 10.701130 ], [ -69.293152, 10.700719 ], [ -69.292687, 10.700378 ], [ -69.291893, 10.700063 ], [ -69.291031, 10.699909 ], [ -69.290352, 10.699869 ], [ -69.289452, 10.699922 ], [ -69.288269, 10.700023 ], [ -69.287521, 10.700234 ], [ -69.286575, 10.700815 ], [ -69.285835, 10.701257 ], [ -69.285141, 10.701652 ], [ -69.284447, 10.702002 ], [ -69.283913, 10.702212 ], [ -69.283425, 10.702491 ], [ -69.282890, 10.702748 ], [ -69.282333, 10.702935 ], [ -69.281334, 10.702714 ], [ -69.280006, 10.702472 ], [ -69.279404, 10.702638 ], [ -69.278595, 10.703010 ], [ -69.277458, 10.703638 ], [ -69.276649, 10.703988 ], [ -69.276070, 10.704107 ], [ -69.275513, 10.704089 ], [ -69.274605, 10.704004 ], [ -69.274048, 10.703802 ], [ -69.273415, 10.703395 ], [ -69.272880, 10.703077 ], [ -69.272438, 10.702712 ], [ -69.271919, 10.702373 ], [ -69.271294, 10.702332 ], [ -69.270439, 10.702821 ], [ -69.269951, 10.703168 ], [ -69.269424, 10.703677 ], [ -69.268982, 10.704047 ], [ -69.268425, 10.704098 ], [ -69.267143, 10.703809 ], [ -69.266281, 10.703700 ], [ -69.265518, 10.703683 ], [ -69.264847, 10.703712 ], [ -69.264427, 10.703747 ], [ -69.262916, 10.703886 ], [ -69.261963, 10.704032 ], [ -69.261269, 10.704083 ], [ -69.260338, 10.704136 ], [ -69.259201, 10.704121 ], [ -69.258499, 10.704012 ], [ -69.257706, 10.703673 ], [ -69.257103, 10.703311 ], [ -69.256615, 10.702970 ], [ -69.256096, 10.702470 ], [ -69.254692, 10.700576 ], [ -69.254265, 10.699890 ], [ -69.253937, 10.699228 ], [ -69.253654, 10.698541 ], [ -69.253395, 10.698038 ], [ -69.252899, 10.697286 ], [ -69.252365, 10.696670 ], [ -69.251923, 10.696191 ], [ -69.251450, 10.695758 ], [ -69.250847, 10.695304 ], [ -69.249931, 10.694692 ], [ -69.249352, 10.694328 ], [ -69.248817, 10.694012 ], [ -69.248253, 10.693787 ], [ -69.247696, 10.693630 ], [ -69.246697, 10.693454 ], [ -69.245903, 10.693415 ], [ -69.245186, 10.693581 ], [ -69.244263, 10.694046 ], [ -69.243774, 10.694394 ], [ -69.243355, 10.694764 ], [ -69.242203, 10.695644 ], [ -69.241554, 10.695993 ], [ -69.240700, 10.696367 ], [ -69.239609, 10.696766 ], [ -69.238815, 10.696956 ], [ -69.237984, 10.696984 ], [ -69.237030, 10.696945 ], [ -69.236473, 10.696949 ], [ -69.235725, 10.696978 ], [ -69.235168, 10.697120 ], [ -69.234497, 10.697561 ], [ -69.233879, 10.698025 ], [ -69.233459, 10.698486 ], [ -69.233002, 10.698903 ], [ -69.232491, 10.699274 ], [ -69.232101, 10.699713 ], [ -69.231545, 10.700176 ], [ -69.231102, 10.700523 ], [ -69.230522, 10.700871 ], [ -69.229782, 10.701038 ], [ -69.229042, 10.700953 ], [ -69.228271, 10.700614 ], [ -69.227707, 10.700274 ], [ -69.227287, 10.699910 ], [ -69.226776, 10.699569 ], [ -69.226265, 10.699321 ], [ -69.225449, 10.699051 ], [ -69.224777, 10.699308 ], [ -69.224381, 10.699724 ], [ -69.223808, 10.701129 ], [ -69.223533, 10.701727 ], [ -69.223122, 10.702442 ], [ -69.222801, 10.702926 ], [ -69.222412, 10.703365 ], [ -69.221161, 10.704544 ], [ -69.220421, 10.705215 ], [ -69.219849, 10.705655 ], [ -69.219055, 10.706098 ], [ -69.218452, 10.706400 ], [ -69.217880, 10.706748 ], [ -69.217041, 10.707167 ], [ -69.215561, 10.707775 ], [ -69.214729, 10.708102 ], [ -69.213890, 10.708040 ], [ -69.213303, 10.707791 ], [ -69.212746, 10.707382 ], [ -69.212204, 10.706791 ], [ -69.211647, 10.706243 ], [ -69.210426, 10.704945 ], [ -69.210053, 10.704490 ], [ -69.209793, 10.703802 ], [ -69.209625, 10.702886 ], [ -69.209549, 10.702060 ], [ -69.210472, 10.701319 ], [ -69.210937, 10.700880 ], [ -69.211487, 10.700256 ], [ -69.211884, 10.699841 ], [ -69.212295, 10.699241 ], [ -69.212570, 10.698550 ], [ -69.212593, 10.697977 ], [ -69.212471, 10.697404 ], [ -69.212166, 10.696649 ], [ -69.211624, 10.696125 ], [ -69.210976, 10.695648 ], [ -69.210457, 10.695353 ], [ -69.209831, 10.695220 ], [ -69.209038, 10.695204 ], [ -69.208344, 10.695254 ], [ -69.207695, 10.695397 ], [ -69.206978, 10.695701 ], [ -69.206467, 10.696072 ], [ -69.206215, 10.696601 ], [ -69.206032, 10.697429 ], [ -69.205780, 10.698210 ], [ -69.205391, 10.698925 ], [ -69.205002, 10.699364 ], [ -69.204468, 10.699574 ], [ -69.203682, 10.699580 ], [ -69.202797, 10.699449 ], [ -69.202049, 10.699317 ], [ -69.201492, 10.699091 ], [ -69.200973, 10.698705 ], [ -69.200600, 10.698019 ], [ -69.200386, 10.697355 ], [ -69.199936, 10.695844 ], [ -69.199837, 10.695202 ], [ -69.199768, 10.694653 ], [ -69.199341, 10.694036 ], [ -69.198807, 10.693604 ], [ -69.197990, 10.693243 ], [ -69.197220, 10.693156 ], [ -69.196526, 10.693185 ], [ -69.195946, 10.693327 ], [ -69.195412, 10.693698 ], [ -69.194557, 10.694392 ], [ -69.193237, 10.695388 ], [ -69.192779, 10.695851 ], [ -69.192246, 10.696498 ], [ -69.191650, 10.697282 ], [ -69.191254, 10.697744 ], [ -69.190888, 10.698251 ], [ -69.190590, 10.698781 ], [ -69.190102, 10.699221 ], [ -69.189598, 10.699592 ], [ -69.188950, 10.700102 ], [ -69.188484, 10.700587 ], [ -69.187912, 10.700867 ], [ -69.187210, 10.700963 ], [ -69.186653, 10.700668 ], [ -69.185577, 10.699713 ], [ -69.185112, 10.699418 ], [ -69.184387, 10.699400 ], [ -69.183555, 10.699636 ], [ -69.183136, 10.700029 ], [ -69.182052, 10.701001 ], [ -69.181267, 10.701190 ], [ -69.180496, 10.701057 ], [ -69.179871, 10.700925 ], [ -69.179260, 10.700677 ], [ -69.178749, 10.700382 ], [ -69.178238, 10.700019 ], [ -69.177978, 10.699378 ], [ -69.177788, 10.698462 ], [ -69.177689, 10.697889 ], [ -69.177635, 10.697225 ], [ -69.178047, 10.696418 ], [ -69.178391, 10.695681 ], [ -69.178787, 10.695104 ], [ -69.179108, 10.694574 ], [ -69.179497, 10.693998 ], [ -69.179588, 10.693401 ], [ -69.179489, 10.692781 ], [ -69.178909, 10.692305 ], [ -69.178322, 10.692080 ], [ -69.177650, 10.691946 ], [ -69.176857, 10.691906 ], [ -69.176209, 10.691911 ], [ -69.175629, 10.692397 ], [ -69.175308, 10.692859 ], [ -69.175568, 10.693453 ], [ -69.176247, 10.694618 ], [ -69.176582, 10.695374 ], [ -69.176796, 10.696266 ], [ -69.176796, 10.696816 ], [ -69.176475, 10.697576 ], [ -69.176178, 10.698061 ], [ -69.175598, 10.698455 ], [ -69.175064, 10.698643 ], [ -69.174324, 10.698441 ], [ -69.173714, 10.698124 ], [ -69.173248, 10.697577 ], [ -69.172966, 10.697097 ], [ -69.172661, 10.696480 ], [ -69.172447, 10.695862 ], [ -69.171974, 10.694879 ], [ -69.171806, 10.694353 ], [ -69.171387, 10.693828 ], [ -69.170639, 10.693259 ], [ -69.169937, 10.692874 ], [ -69.169289, 10.692580 ], [ -69.168243, 10.692199 ], [ -69.166725, 10.691566 ], [ -69.166092, 10.691136 ], [ -69.165626, 10.690726 ], [ -69.165230, 10.690247 ], [ -69.164833, 10.689676 ], [ -69.164383, 10.689175 ], [ -69.163826, 10.688950 ], [ -69.163223, 10.688839 ], [ -69.162529, 10.688958 ], [ -69.161667, 10.689263 ], [ -69.161041, 10.689589 ], [ -69.160484, 10.690006 ], [ -69.160049, 10.690399 ], [ -69.159424, 10.690886 ], [ -69.158890, 10.691142 ], [ -69.158218, 10.691216 ], [ -69.157661, 10.691174 ], [ -69.156937, 10.690949 ], [ -69.156380, 10.690724 ], [ -69.155792, 10.690224 ], [ -69.155258, 10.689676 ], [ -69.154770, 10.689244 ], [ -69.154274, 10.688949 ], [ -69.153717, 10.688793 ], [ -69.153092, 10.688844 ], [ -69.152489, 10.689054 ], [ -69.152046, 10.689470 ], [ -69.151634, 10.689978 ], [ -69.151314, 10.690578 ], [ -69.151039, 10.691360 ], [ -69.150765, 10.692050 ], [ -69.150375, 10.692740 ], [ -69.149750, 10.693502 ], [ -69.148964, 10.694174 ], [ -69.148407, 10.694522 ], [ -69.147804, 10.694458 ], [ -69.147179, 10.694256 ], [ -69.146614, 10.693847 ], [ -69.146194, 10.693390 ], [ -69.146027, 10.692863 ], [ -69.145981, 10.692222 ], [ -69.145973, 10.691419 ], [ -69.145920, 10.690547 ], [ -69.145806, 10.689906 ], [ -69.145637, 10.689310 ], [ -69.145279, 10.688602 ], [ -69.144882, 10.688146 ], [ -69.144203, 10.687553 ], [ -69.143532, 10.687168 ], [ -69.142853, 10.687013 ], [ -69.141601, 10.686837 ], [ -69.140922, 10.686797 ], [ -69.139976, 10.686850 ], [ -69.139137, 10.687062 ], [ -69.138374, 10.687366 ], [ -69.137612, 10.687762 ], [ -69.137009, 10.688155 ], [ -69.136566, 10.688549 ], [ -69.136062, 10.689173 ], [ -69.135506, 10.689819 ], [ -69.134888, 10.690489 ], [ -69.134422, 10.691066 ], [ -69.133987, 10.691437 ], [ -69.133339, 10.691785 ], [ -69.132797, 10.691513 ], [ -69.132606, 10.690941 ], [ -69.132583, 10.690345 ], [ -69.132767, 10.689770 ], [ -69.132904, 10.689218 ], [ -69.133011, 10.688575 ], [ -69.133171, 10.687771 ], [ -69.133263, 10.687127 ], [ -69.133347, 10.686393 ], [ -69.133614, 10.684899 ], [ -69.133614, 10.684188 ], [ -69.133141, 10.683435 ], [ -69.132606, 10.683139 ], [ -69.131904, 10.682892 ], [ -69.131233, 10.682691 ], [ -69.130577, 10.682466 ], [ -69.129417, 10.681831 ], [ -69.128738, 10.681676 ], [ -69.127930, 10.681773 ], [ -69.127350, 10.681984 ], [ -69.126564, 10.682426 ], [ -69.126076, 10.682911 ], [ -69.125916, 10.683439 ], [ -69.125992, 10.684059 ], [ -69.126343, 10.684515 ], [ -69.126625, 10.685453 ], [ -69.126816, 10.685980 ], [ -69.126984, 10.687012 ], [ -69.127014, 10.687699 ], [ -69.127205, 10.688387 ], [ -69.127510, 10.688935 ], [ -69.127838, 10.689484 ], [ -69.128166, 10.689963 ], [ -69.128472, 10.690512 ], [ -69.128685, 10.691199 ], [ -69.128639, 10.691818 ], [ -69.128433, 10.692417 ], [ -69.128021, 10.692924 ], [ -69.127602, 10.693295 ], [ -69.127144, 10.693597 ], [ -69.126495, 10.693853 ], [ -69.125847, 10.694041 ], [ -69.125168, 10.693954 ], [ -69.124588, 10.693614 ], [ -69.124168, 10.693182 ], [ -69.123741, 10.692679 ], [ -69.123367, 10.692085 ], [ -69.123131, 10.691560 ], [ -69.122826, 10.690919 ], [ -69.122398, 10.689913 ], [ -69.122238, 10.689340 ], [ -69.122025, 10.688814 ], [ -69.121811, 10.688196 ], [ -69.121574, 10.687464 ], [ -69.121315, 10.686914 ], [ -69.120964, 10.686366 ], [ -69.120468, 10.685819 ], [ -69.119888, 10.685272 ], [ -69.118225, 10.683885 ], [ -69.117668, 10.683567 ], [ -69.116966, 10.683250 ], [ -69.116341, 10.683072 ], [ -69.115570, 10.682917 ], [ -69.114876, 10.682830 ], [ -69.114067, 10.683134 ], [ -69.113487, 10.683665 ], [ -69.112816, 10.684245 ], [ -69.112427, 10.684637 ], [ -69.111755, 10.685215 ], [ -69.111267, 10.685655 ], [ -69.110763, 10.686163 ], [ -69.109947, 10.686261 ], [ -69.109299, 10.686220 ], [ -69.108734, 10.686016 ], [ -69.108017, 10.685541 ], [ -69.107361, 10.685062 ], [ -69.106758, 10.684700 ], [ -69.106194, 10.684498 ], [ -69.105942, 10.685050 ], [ -69.105789, 10.685946 ], [ -69.105721, 10.686589 ], [ -69.105537, 10.687416 ], [ -69.105171, 10.688245 ], [ -69.104691, 10.689006 ], [ -69.104202, 10.689422 ], [ -69.103417, 10.689290 ], [ -69.102829, 10.688996 ], [ -69.102058, 10.688428 ], [ -69.101456, 10.687767 ], [ -69.101150, 10.687195 ], [ -69.100838, 10.686555 ], [ -69.100441, 10.685891 ], [ -69.100067, 10.685412 ], [ -69.099602, 10.685095 ], [ -69.098763, 10.684872 ], [ -69.098137, 10.684921 ], [ -69.097511, 10.685178 ], [ -69.096443, 10.685508 ], [ -69.095886, 10.685626 ], [ -69.094399, 10.685911 ], [ -69.093681, 10.686101 ], [ -69.092171, 10.686570 ], [ -69.091499, 10.686735 ], [ -69.090897, 10.686831 ], [ -69.090317, 10.686882 ], [ -69.089500, 10.686634 ], [ -69.088920, 10.686409 ], [ -69.088196, 10.686162 ], [ -69.087639, 10.686096 ], [ -69.086967, 10.686032 ], [ -69.086037, 10.685650 ], [ -69.085587, 10.685125 ], [ -69.085518, 10.684483 ], [ -69.085602, 10.683770 ], [ -69.085625, 10.683104 ], [ -69.085457, 10.682348 ], [ -69.084908, 10.680609 ], [ -69.084259, 10.680177 ], [ -69.083748, 10.679906 ], [ -69.083160, 10.679955 ], [ -69.082420, 10.680534 ], [ -69.081848, 10.681020 ], [ -69.081337, 10.681482 ], [ -69.080826, 10.681853 ], [ -69.080040, 10.682341 ], [ -69.079552, 10.682620 ], [ -69.078789, 10.682855 ], [ -69.078049, 10.682860 ], [ -69.077438, 10.682726 ], [ -69.076881, 10.682455 ], [ -69.076530, 10.681815 ], [ -69.076363, 10.680967 ], [ -69.076378, 10.680049 ], [ -69.076576, 10.679742 ], [ -69.077278, 10.678781 ], [ -69.077690, 10.678273 ], [ -69.078247, 10.677696 ], [ -69.078758, 10.677370 ], [ -69.079239, 10.677023 ], [ -69.079842, 10.676858 ], [ -69.080544, 10.676739 ], [ -69.081101, 10.676689 ], [ -69.081703, 10.676753 ], [ -69.082352, 10.676795 ], [ -69.083008, 10.676767 ], [ -69.083534, 10.676397 ], [ -69.083908, 10.675936 ], [ -69.083969, 10.675315 ], [ -69.082870, 10.674314 ], [ -69.082222, 10.673813 ], [ -69.081703, 10.673542 ], [ -69.080727, 10.673318 ], [ -69.079193, 10.673032 ], [ -69.078750, 10.672392 ], [ -69.078468, 10.671775 ], [ -69.078644, 10.670969 ], [ -69.078873, 10.670395 ], [ -69.079430, 10.670277 ], [ -69.080009, 10.670111 ], [ -69.080383, 10.669580 ], [ -69.080422, 10.669030 ], [ -69.080284, 10.668343 ], [ -69.079926, 10.667657 ], [ -69.079598, 10.667086 ], [ -69.078201, 10.666746 ], [ -69.076095, 10.666486 ], [ -69.073021, 10.666313 ], [ -69.068611, 10.666728 ], [ -69.067474, 10.667354 ], [ -69.067009, 10.667725 ], [ -69.065857, 10.668718 ], [ -69.065186, 10.669273 ], [ -69.064697, 10.669783 ], [ -69.064422, 10.670381 ], [ -69.064194, 10.670910 ], [ -69.063965, 10.671600 ], [ -69.063621, 10.672198 ], [ -69.063042, 10.672546 ], [ -69.062485, 10.672711 ], [ -69.061813, 10.672946 ], [ -69.060883, 10.673319 ], [ -69.060188, 10.673714 ], [ -69.059753, 10.674176 ], [ -69.059296, 10.674868 ], [ -69.058899, 10.675627 ], [ -69.058533, 10.676387 ], [ -69.058258, 10.676893 ], [ -69.057777, 10.677586 ], [ -69.056992, 10.678463 ], [ -69.056549, 10.678810 ], [ -69.055901, 10.679112 ], [ -69.055367, 10.679415 ], [ -69.054787, 10.679373 ], [ -69.054115, 10.678872 ], [ -69.053619, 10.678256 ], [ -69.053429, 10.677662 ], [ -69.053261, 10.677020 ], [ -69.052749, 10.676450 ], [ -69.052170, 10.676271 ], [ -69.051445, 10.676252 ], [ -69.050636, 10.676281 ], [ -69.049820, 10.676424 ], [ -69.049080, 10.676682 ], [ -69.048638, 10.677074 ], [ -69.048531, 10.677878 ], [ -69.048141, 10.679579 ], [ -69.048035, 10.680131 ], [ -69.047829, 10.680958 ], [ -69.047531, 10.681442 ], [ -69.046860, 10.682594 ], [ -69.046425, 10.683469 ], [ -69.046036, 10.684160 ], [ -69.044899, 10.685155 ], [ -69.044373, 10.685549 ], [ -69.043465, 10.686129 ], [ -69.042885, 10.686453 ], [ -69.042213, 10.686894 ], [ -69.041588, 10.687151 ], [ -69.040871, 10.687407 ], [ -69.040131, 10.687712 ], [ -69.039413, 10.688107 ], [ -69.038856, 10.688546 ], [ -69.038071, 10.689285 ], [ -69.037353, 10.690117 ], [ -69.036850, 10.690878 ], [ -69.035950, 10.692168 ], [ -69.035049, 10.693184 ], [ -69.033829, 10.694134 ], [ -69.033111, 10.694529 ], [ -69.032272, 10.694878 ], [ -69.031486, 10.695135 ], [ -69.030907, 10.695186 ], [ -69.030296, 10.695144 ], [ -69.029510, 10.694989 ], [ -69.028580, 10.694629 ], [ -69.027947, 10.694288 ], [ -69.027458, 10.693901 ], [ -69.026993, 10.693308 ], [ -69.026733, 10.692805 ], [ -69.026283, 10.692142 ], [ -69.025650, 10.691459 ], [ -69.025093, 10.691050 ], [ -69.024490, 10.691099 ], [ -69.024376, 10.691743 ], [ -69.024338, 10.692546 ], [ -69.024406, 10.693189 ], [ -69.024246, 10.693740 ], [ -69.023926, 10.694316 ], [ -69.023445, 10.694617 ], [ -69.022842, 10.694965 ], [ -69.022194, 10.695245 ], [ -69.021561, 10.695203 ], [ -69.020866, 10.694886 ], [ -69.020256, 10.694501 ], [ -69.019905, 10.694067 ], [ -69.019600, 10.693610 ], [ -69.019363, 10.692878 ], [ -69.019241, 10.691892 ], [ -69.019028, 10.691068 ], [ -69.018883, 10.690450 ], [ -69.018555, 10.689739 ], [ -69.018044, 10.689353 ], [ -69.017395, 10.689312 ], [ -69.016838, 10.689820 ], [ -69.016609, 10.690487 ], [ -69.016495, 10.691061 ], [ -69.016319, 10.692624 ], [ -69.016205, 10.693358 ], [ -69.016052, 10.694094 ], [ -69.015801, 10.694899 ], [ -69.015167, 10.694880 ], [ -69.014358, 10.694701 ], [ -69.013565, 10.694294 ], [ -69.013008, 10.693954 ], [ -69.012352, 10.694210 ], [ -69.011757, 10.694925 ], [ -69.011017, 10.695964 ], [ -69.010353, 10.696839 ], [ -69.009796, 10.697349 ], [ -69.009125, 10.697742 ], [ -69.008499, 10.697908 ], [ -69.007843, 10.697522 ], [ -69.007286, 10.697021 ], [ -69.006653, 10.696727 ], [ -69.005699, 10.696619 ], [ -69.005119, 10.696943 ], [ -69.004684, 10.697796 ], [ -69.004341, 10.698624 ], [ -69.004044, 10.699223 ], [ -69.003700, 10.699776 ], [ -69.003235, 10.700260 ], [ -69.002060, 10.701347 ], [ -69.001320, 10.701903 ], [ -69.000832, 10.702204 ], [ -69.000214, 10.702476 ], [ -68.998711, 10.702548 ], [ -68.997970, 10.702371 ], [ -68.997642, 10.701891 ], [ -68.997612, 10.701134 ], [ -68.997726, 10.700466 ], [ -68.998199, 10.699109 ], [ -68.998566, 10.698532 ], [ -68.998772, 10.697957 ], [ -68.998886, 10.697382 ], [ -68.998512, 10.696949 ], [ -68.997856, 10.696886 ], [ -68.997330, 10.697211 ], [ -68.996864, 10.697628 ], [ -68.996384, 10.698160 ], [ -68.995964, 10.698553 ], [ -68.994789, 10.699481 ], [ -68.994186, 10.699876 ], [ -68.993401, 10.699975 ], [ -68.992493, 10.699890 ], [ -68.992371, 10.699271 ], [ -68.992134, 10.698675 ], [ -68.991737, 10.698197 ], [ -68.990631, 10.696669 ], [ -68.990211, 10.696236 ], [ -68.989487, 10.695967 ], [ -68.988716, 10.695812 ], [ -68.988159, 10.695770 ], [ -68.987656, 10.696051 ], [ -68.987076, 10.696467 ], [ -68.986542, 10.696862 ], [ -68.985924, 10.697418 ], [ -68.985436, 10.697766 ], [ -68.984810, 10.697908 ], [ -68.984093, 10.697984 ], [ -68.983505, 10.698034 ], [ -68.982834, 10.698063 ], [ -68.982117, 10.698183 ], [ -68.981514, 10.698326 ], [ -68.980774, 10.698561 ], [ -68.979981, 10.698751 ], [ -68.979034, 10.699057 ], [ -68.978386, 10.699292 ], [ -68.977715, 10.699595 ], [ -68.977089, 10.699761 ], [ -68.976509, 10.699812 ], [ -68.975899, 10.699725 ], [ -68.975204, 10.699501 ], [ -68.974434, 10.699277 ], [ -68.973641, 10.699077 ], [ -68.973061, 10.698967 ], [ -68.972382, 10.698789 ], [ -68.971710, 10.698634 ], [ -68.971130, 10.698524 ], [ -68.970337, 10.698553 ], [ -68.969780, 10.698603 ], [ -68.969223, 10.698700 ], [ -68.968529, 10.698866 ], [ -68.968071, 10.699351 ], [ -68.967606, 10.699882 ], [ -68.966843, 10.700371 ], [ -68.966194, 10.700652 ], [ -68.965614, 10.700793 ], [ -68.964966, 10.700685 ], [ -68.964470, 10.700184 ], [ -68.964401, 10.699542 ], [ -68.964508, 10.698966 ], [ -68.964714, 10.698277 ], [ -68.964828, 10.697725 ], [ -68.965073, 10.696139 ], [ -68.965134, 10.695519 ], [ -68.964554, 10.695271 ], [ -68.963806, 10.695231 ], [ -68.963180, 10.695397 ], [ -68.962395, 10.695702 ], [ -68.961929, 10.696027 ], [ -68.961289, 10.696697 ], [ -68.960869, 10.697184 ], [ -68.960647, 10.697690 ], [ -68.960442, 10.698380 ], [ -68.959923, 10.700312 ], [ -68.959740, 10.701094 ], [ -68.959679, 10.701782 ], [ -68.959587, 10.702357 ], [ -68.959358, 10.702864 ], [ -68.958900, 10.703373 ], [ -68.958343, 10.703560 ], [ -68.957779, 10.703128 ], [ -68.957420, 10.702122 ], [ -68.956810, 10.700726 ], [ -68.956642, 10.700131 ], [ -68.956383, 10.699583 ], [ -68.956055, 10.699126 ], [ -68.955513, 10.698671 ], [ -68.954887, 10.698493 ], [ -68.953980, 10.698615 ], [ -68.953423, 10.698734 ], [ -68.952644, 10.699383 ], [ -68.952202, 10.699800 ], [ -68.951744, 10.700216 ], [ -68.951119, 10.700704 ], [ -68.950562, 10.700845 ], [ -68.950004, 10.700712 ], [ -68.949486, 10.700440 ], [ -68.949112, 10.699939 ], [ -68.948807, 10.699413 ], [ -68.948319, 10.698981 ], [ -68.947739, 10.698939 ], [ -68.947037, 10.698922 ], [ -68.946228, 10.698952 ], [ -68.945831, 10.699574 ], [ -68.945732, 10.700930 ], [ -68.945732, 10.701526 ], [ -68.945786, 10.702123 ], [ -68.945724, 10.703156 ], [ -68.945633, 10.704075 ], [ -68.945458, 10.705430 ], [ -68.945206, 10.706028 ], [ -68.944931, 10.706581 ], [ -68.944634, 10.707135 ], [ -68.944221, 10.707688 ], [ -68.943413, 10.707878 ], [ -68.942642, 10.707747 ], [ -68.942314, 10.707245 ], [ -68.941895, 10.706517 ], [ -68.941742, 10.705873 ], [ -68.941902, 10.705206 ], [ -68.942131, 10.704561 ], [ -68.942383, 10.703779 ], [ -68.942558, 10.703019 ], [ -68.942764, 10.702491 ], [ -68.943085, 10.701914 ], [ -68.943313, 10.701316 ], [ -68.942803, 10.700860 ], [ -68.942032, 10.700684 ], [ -68.941284, 10.700529 ], [ -68.939659, 10.700357 ], [ -68.939056, 10.700316 ], [ -68.938454, 10.700230 ], [ -68.937774, 10.700075 ], [ -68.937264, 10.699757 ], [ -68.936729, 10.699463 ], [ -68.936188, 10.699031 ], [ -68.935608, 10.698600 ], [ -68.935112, 10.698282 ], [ -68.934624, 10.698010 ], [ -68.934044, 10.697740 ], [ -68.933502, 10.697560 ], [ -68.932922, 10.697496 ], [ -68.931183, 10.697511 ], [ -68.930389, 10.697494 ], [ -68.929718, 10.697314 ], [ -68.929016, 10.697090 ], [ -68.928322, 10.697051 ], [ -68.927536, 10.697448 ], [ -68.927025, 10.697680 ], [ -68.925682, 10.698195 ], [ -68.925102, 10.698453 ], [ -68.924523, 10.698641 ], [ -68.923851, 10.698692 ], [ -68.923225, 10.698697 ], [ -68.922592, 10.698725 ], [ -68.921364, 10.698734 ], [ -68.920532, 10.698971 ], [ -68.919853, 10.699045 ], [ -68.919113, 10.699073 ], [ -68.918511, 10.699055 ], [ -68.917740, 10.698901 ], [ -68.916183, 10.698477 ], [ -68.915642, 10.698298 ], [ -68.914803, 10.697960 ], [ -68.914269, 10.697803 ], [ -68.913643, 10.697694 ], [ -68.913063, 10.697676 ], [ -68.911789, 10.697984 ], [ -68.911064, 10.698173 ], [ -68.909721, 10.698711 ], [ -68.909027, 10.698831 ], [ -68.908234, 10.698814 ], [ -68.907303, 10.698478 ], [ -68.906540, 10.698186 ], [ -68.905975, 10.697868 ], [ -68.905533, 10.697505 ], [ -68.904838, 10.697648 ], [ -68.904282, 10.697720 ], [ -68.903603, 10.697841 ], [ -68.902840, 10.697732 ], [ -68.902252, 10.697438 ], [ -68.901832, 10.696914 ], [ -68.901390, 10.696252 ], [ -68.901009, 10.695520 ], [ -68.900680, 10.694719 ], [ -68.900352, 10.694194 ], [ -68.900001, 10.693692 ], [ -68.899414, 10.693420 ], [ -68.898689, 10.693060 ], [ -68.898155, 10.692766 ], [ -68.897575, 10.692425 ], [ -68.897110, 10.692131 ], [ -68.896728, 10.691422 ], [ -68.896515, 10.690804 ], [ -68.896393, 10.690163 ], [ -68.896019, 10.689523 ], [ -68.895126, 10.688520 ], [ -68.894379, 10.687976 ], [ -68.893867, 10.687589 ], [ -68.892883, 10.686609 ], [ -68.892486, 10.686200 ], [ -68.892296, 10.685673 ], [ -68.892639, 10.684684 ], [ -68.892799, 10.684155 ], [ -68.892380, 10.683744 ], [ -68.891769, 10.683475 ], [ -68.891167, 10.683111 ], [ -68.890465, 10.682681 ], [ -68.889946, 10.682272 ], [ -68.889709, 10.681608 ], [ -68.889358, 10.680531 ], [ -68.889099, 10.679870 ], [ -68.889069, 10.679157 ], [ -68.889129, 10.678307 ], [ -68.889267, 10.677434 ], [ -68.889282, 10.676838 ], [ -68.889282, 10.676264 ], [ -68.889160, 10.675530 ], [ -68.888916, 10.674637 ], [ -68.888703, 10.673996 ], [ -68.888443, 10.673494 ], [ -68.888069, 10.672854 ], [ -68.887878, 10.672282 ], [ -68.887947, 10.671593 ], [ -68.888100, 10.670880 ], [ -68.888374, 10.669891 ], [ -68.888580, 10.669270 ], [ -68.888733, 10.668303 ], [ -68.888710, 10.667897 ], [ -68.889282, 10.665759 ], [ -68.889320, 10.664979 ], [ -68.889389, 10.664314 ], [ -68.889427, 10.663672 ], [ -68.889519, 10.662983 ], [ -68.889580, 10.662180 ], [ -68.889809, 10.660367 ], [ -68.889778, 10.659542 ], [ -68.889702, 10.658969 ], [ -68.889442, 10.658259 ], [ -68.889023, 10.657528 ], [ -68.887901, 10.656227 ], [ -68.887314, 10.655681 ], [ -68.886734, 10.655226 ], [ -68.886215, 10.654977 ], [ -68.885475, 10.654637 ], [ -68.884376, 10.654276 ], [ -68.883819, 10.654119 ], [ -68.882614, 10.653713 ], [ -68.881401, 10.653423 ], [ -68.880287, 10.653247 ], [ -68.879631, 10.653158 ], [ -68.878655, 10.653096 ], [ -68.877960, 10.653008 ], [ -68.877289, 10.652966 ], [ -68.876679, 10.652902 ], [ -68.874817, 10.652524 ], [ -68.874413, 10.652568 ], [ -68.874527, 10.652077 ], [ -68.874611, 10.651336 ], [ -68.874771, 10.650394 ], [ -68.874863, 10.649617 ], [ -68.874970, 10.649119 ], [ -68.875313, 10.648143 ], [ -68.875610, 10.647410 ], [ -68.875862, 10.646678 ], [ -68.876091, 10.645937 ], [ -68.876274, 10.645385 ], [ -68.876549, 10.644698 ], [ -68.876824, 10.644055 ], [ -68.877052, 10.643459 ], [ -68.877457, 10.641505 ], [ -68.877685, 10.640656 ], [ -68.877800, 10.640058 ], [ -68.877914, 10.639236 ], [ -68.877930, 10.638638 ], [ -68.877854, 10.637761 ], [ -68.877663, 10.636621 ], [ -68.877403, 10.635636 ], [ -68.877258, 10.634949 ], [ -68.877235, 10.634279 ], [ -68.877220, 10.632742 ], [ -68.877243, 10.631919 ], [ -68.877235, 10.631231 ], [ -68.877281, 10.630336 ], [ -68.877296, 10.629377 ], [ -68.877388, 10.628482 ], [ -68.877426, 10.627885 ], [ -68.877419, 10.626918 ], [ -68.877396, 10.626113 ], [ -68.877342, 10.625407 ], [ -68.877243, 10.624484 ], [ -68.877098, 10.623526 ], [ -68.876907, 10.622585 ], [ -68.876770, 10.621988 ], [ -68.876602, 10.621192 ], [ -68.876495, 10.619908 ], [ -68.876518, 10.619148 ], [ -68.876579, 10.618325 ], [ -68.876648, 10.617728 ], [ -68.876854, 10.617014 ], [ -68.877174, 10.616281 ], [ -68.877449, 10.615703 ], [ -68.877747, 10.615151 ], [ -68.878143, 10.614617 ], [ -68.878624, 10.614094 ], [ -68.880356, 10.612131 ], [ -68.880745, 10.611643 ], [ -68.880951, 10.611047 ], [ -68.881020, 10.610432 ], [ -68.881042, 10.609672 ], [ -68.881081, 10.608957 ], [ -68.881073, 10.607103 ], [ -68.881134, 10.606000 ], [ -68.881218, 10.605014 ], [ -68.881355, 10.604100 ], [ -68.881531, 10.602717 ], [ -68.881607, 10.602246 ], [ -68.881851, 10.601433 ], [ -68.882240, 10.600763 ], [ -68.882843, 10.600031 ], [ -68.883560, 10.599362 ], [ -68.884438, 10.598783 ], [ -68.885018, 10.598476 ], [ -68.885597, 10.598106 ], [ -68.886681, 10.597437 ], [ -68.887238, 10.597067 ], [ -68.887932, 10.596579 ], [ -68.888352, 10.596349 ], [ -68.889229, 10.595955 ], [ -68.889809, 10.595765 ], [ -68.890549, 10.595485 ], [ -68.890892, 10.595299 ], [ -68.891586, 10.594744 ], [ -68.892029, 10.594056 ], [ -68.892135, 10.593640 ], [ -68.892265, 10.593021 ], [ -68.892342, 10.592609 ], [ -68.892471, 10.590981 ], [ -68.892555, 10.589643 ], [ -68.892624, 10.588938 ], [ -68.892807, 10.588060 ], [ -68.892990, 10.587373 ], [ -68.893242, 10.586777 ], [ -68.893494, 10.586134 ], [ -68.894226, 10.584824 ], [ -68.894806, 10.583964 ], [ -68.895264, 10.583259 ], [ -68.895554, 10.582855 ], [ -68.896141, 10.582102 ], [ -68.896668, 10.581505 ], [ -68.897133, 10.580954 ], [ -68.897522, 10.580420 ], [ -68.897865, 10.579868 ], [ -68.898285, 10.579289 ], [ -68.898697, 10.578811 ], [ -68.899231, 10.578322 ], [ -68.899811, 10.577907 ], [ -68.900360, 10.577463 ], [ -68.900849, 10.577047 ], [ -68.901375, 10.576613 ], [ -68.902001, 10.576125 ], [ -68.902420, 10.575736 ], [ -68.902832, 10.575294 ], [ -68.903320, 10.574742 ], [ -68.903732, 10.574163 ], [ -68.903946, 10.573766 ], [ -68.904350, 10.572897 ], [ -68.904762, 10.571839 ], [ -68.904968, 10.571179 ], [ -68.905174, 10.570419 ], [ -68.905380, 10.569588 ], [ -68.905609, 10.568927 ], [ -68.905907, 10.568285 ], [ -68.906181, 10.567661 ], [ -68.906502, 10.567019 ], [ -68.906937, 10.566215 ], [ -68.907211, 10.565681 ], [ -68.908226, 10.564090 ], [ -68.908638, 10.563565 ], [ -68.909195, 10.562959 ], [ -68.910278, 10.562018 ], [ -68.911041, 10.561503 ], [ -68.911575, 10.561178 ], [ -68.912941, 10.560419 ], [ -68.913635, 10.560021 ], [ -68.914467, 10.559515 ], [ -68.916183, 10.558538 ], [ -68.916946, 10.558167 ], [ -68.918335, 10.557535 ], [ -68.919701, 10.556867 ], [ -68.921348, 10.555963 ], [ -68.922020, 10.555501 ], [ -68.922737, 10.554986 ], [ -68.923477, 10.554480 ], [ -68.924148, 10.554064 ], [ -68.924774, 10.553648 ], [ -68.925392, 10.553178 ], [ -68.928215, 10.551188 ], [ -68.929138, 10.550547 ], [ -68.929955, 10.550014 ], [ -68.931152, 10.549199 ], [ -68.933121, 10.547925 ], [ -68.933952, 10.547346 ], [ -68.934898, 10.546704 ], [ -68.935669, 10.546234 ], [ -68.936386, 10.545845 ], [ -68.936981, 10.545474 ], [ -68.937798, 10.545050 ], [ -68.939949, 10.544119 ], [ -68.940506, 10.543865 ], [ -68.942078, 10.543124 ], [ -68.942658, 10.542916 ], [ -68.943260, 10.542745 ], [ -68.943932, 10.542519 ], [ -68.944557, 10.542283 ], [ -68.946045, 10.541768 ], [ -68.946876, 10.541534 ], [ -68.947693, 10.541370 ], [ -68.948364, 10.541298 ], [ -68.949310, 10.541172 ], [ -68.950684, 10.541073 ], [ -68.951332, 10.541118 ], [ -68.952103, 10.541200 ], [ -68.952660, 10.541471 ], [ -68.953262, 10.541904 ], [ -68.953781, 10.542221 ], [ -68.954086, 10.542701 ], [ -68.954300, 10.543316 ], [ -68.954582, 10.543958 ], [ -68.954834, 10.544601 ], [ -68.955033, 10.545360 ], [ -68.955124, 10.545975 ], [ -68.955391, 10.547142 ], [ -68.955910, 10.548770 ], [ -68.956238, 10.549502 ], [ -68.956734, 10.550162 ], [ -68.957291, 10.550751 ], [ -68.957710, 10.551140 ], [ -68.958481, 10.551691 ], [ -68.959648, 10.552324 ], [ -68.960625, 10.552840 ], [ -68.961182, 10.553094 ], [ -68.962700, 10.553655 ], [ -68.963653, 10.553881 ], [ -68.964439, 10.554034 ], [ -68.965065, 10.554189 ], [ -68.966095, 10.554369 ], [ -68.967858, 10.554632 ], [ -68.968582, 10.554723 ], [ -68.969322, 10.554994 ], [ -68.970207, 10.555165 ], [ -68.971161, 10.555302 ], [ -68.972115, 10.555320 ], [ -68.972832, 10.555310 ], [ -68.973434, 10.555419 ], [ -68.974091, 10.555582 ], [ -68.974647, 10.555872 ], [ -68.975326, 10.556143 ], [ -68.976166, 10.556288 ], [ -68.977486, 10.556496 ], [ -68.978065, 10.556560 ], [ -68.978996, 10.556560 ], [ -68.979576, 10.556342 ], [ -68.980148, 10.556173 ], [ -68.981033, 10.556017 ], [ -68.981735, 10.555917 ], [ -68.982567, 10.555845 ], [ -68.983261, 10.555818 ], [ -68.984055, 10.555971 ], [ -68.984634, 10.556198 ], [ -68.985222, 10.556541 ], [ -68.985802, 10.556723 ], [ -68.987152, 10.557283 ], [ -68.987755, 10.557419 ], [ -68.988617, 10.557274 ], [ -68.989243, 10.557066 ], [ -68.989868, 10.556741 ], [ -68.990677, 10.556252 ], [ -68.990967, 10.556045 ], [ -68.991829, 10.555510 ], [ -68.992249, 10.555161 ], [ -68.993034, 10.554534 ], [ -68.993500, 10.554100 ], [ -68.994095, 10.553639 ], [ -68.994347, 10.552997 ], [ -68.994553, 10.552345 ], [ -68.994759, 10.551793 ], [ -68.994942, 10.551061 ], [ -68.995277, 10.549388 ], [ -68.995506, 10.548537 ], [ -68.995804, 10.547895 ], [ -68.996384, 10.547362 ], [ -68.996841, 10.546874 ], [ -68.997253, 10.546457 ], [ -68.997833, 10.545951 ], [ -68.998993, 10.545119 ], [ -68.999550, 10.544793 ], [ -69.000023, 10.544341 ], [ -69.000885, 10.543780 ], [ -69.001442, 10.543726 ], [ -69.002113, 10.543736 ], [ -69.002808, 10.543509 ], [ -69.003311, 10.543220 ], [ -69.003815, 10.542794 ], [ -69.004906, 10.541763 ], [ -69.005402, 10.541248 ], [ -69.005783, 10.540688 ], [ -69.006432, 10.539449 ], [ -69.006622, 10.538761 ], [ -69.006699, 10.538019 ], [ -69.006706, 10.537224 ], [ -69.006897, 10.536545 ], [ -69.007072, 10.535994 ], [ -69.007294, 10.535487 ], [ -69.007629, 10.534926 ], [ -69.007965, 10.534483 ], [ -69.008537, 10.534076 ], [ -69.009064, 10.533832 ], [ -69.009598, 10.533660 ], [ -69.010170, 10.533461 ], [ -69.010864, 10.533198 ], [ -69.012108, 10.532665 ], [ -69.013031, 10.532339 ], [ -69.014694, 10.532032 ], [ -69.015434, 10.531923 ], [ -69.016083, 10.531815 ], [ -69.016754, 10.531724 ], [ -69.017280, 10.531462 ], [ -69.017883, 10.531308 ], [ -69.018486, 10.531272 ], [ -69.019295, 10.531191 ], [ -69.020668, 10.531199 ], [ -69.021896, 10.531218 ], [ -69.022590, 10.531199 ], [ -69.023430, 10.531109 ], [ -69.023956, 10.530937 ], [ -69.024605, 10.530675 ], [ -69.025253, 10.530657 ], [ -69.025947, 10.530621 ], [ -69.026573, 10.530602 ], [ -69.027710, 10.530394 ], [ -69.028328, 10.530059 ], [ -69.028893, 10.529471 ], [ -69.029801, 10.528576 ], [ -69.030258, 10.528151 ], [ -69.030647, 10.527735 ], [ -69.031143, 10.527265 ], [ -69.031601, 10.526884 ], [ -69.032310, 10.526495 ], [ -69.032936, 10.526369 ], [ -69.034241, 10.526595 ], [ -69.034889, 10.526648 ], [ -69.035469, 10.526541 ], [ -69.036232, 10.526296 ], [ -69.036781, 10.526052 ], [ -69.037331, 10.525690 ], [ -69.038094, 10.525310 ], [ -69.038895, 10.524993 ], [ -69.040047, 10.524595 ], [ -69.040650, 10.524487 ], [ -69.041252, 10.524541 ], [ -69.041954, 10.524622 ], [ -69.042656, 10.524721 ], [ -69.043373, 10.524703 ], [ -69.043922, 10.524531 ], [ -69.044479, 10.524332 ], [ -69.045052, 10.523997 ], [ -69.045715, 10.523663 ], [ -69.046402, 10.523256 ], [ -69.046860, 10.522922 ], [ -69.047478, 10.522496 ], [ -69.047981, 10.522180 ], [ -69.048508, 10.521872 ], [ -69.049103, 10.521510 ], [ -69.049652, 10.521130 ], [ -69.050682, 10.520379 ], [ -69.051163, 10.520018 ], [ -69.051590, 10.519529 ], [ -69.051972, 10.519040 ], [ -69.052315, 10.518479 ], [ -69.052483, 10.517919 ], [ -69.052643, 10.516544 ], [ -69.052650, 10.515992 ], [ -69.052635, 10.515441 ], [ -69.052711, 10.514753 ], [ -69.052841, 10.514130 ], [ -69.053078, 10.513478 ], [ -69.053230, 10.512881 ], [ -69.053047, 10.512194 ], [ -69.052711, 10.511624 ], [ -69.051460, 10.511661 ], [ -69.050743, 10.511669 ], [ -69.050133, 10.511642 ], [ -69.049416, 10.511661 ], [ -69.048790, 10.511860 ], [ -69.048317, 10.512213 ], [ -69.047829, 10.512502 ], [ -69.047234, 10.512747 ], [ -69.046654, 10.512665 ], [ -69.046059, 10.512240 ], [ -69.045723, 10.511743 ], [ -69.045502, 10.511127 ], [ -69.045349, 10.510585 ], [ -69.045288, 10.510006 ], [ -69.045181, 10.509319 ], [ -69.045052, 10.508658 ], [ -69.045013, 10.507999 ], [ -69.045021, 10.507357 ], [ -69.045075, 10.506642 ], [ -69.045197, 10.505900 ], [ -69.045418, 10.505259 ], [ -69.045632, 10.504680 ], [ -69.046387, 10.503187 ], [ -69.046631, 10.502590 ], [ -69.046852, 10.502002 ], [ -69.047455, 10.500844 ], [ -69.047668, 10.500265 ], [ -69.047890, 10.499732 ], [ -69.048180, 10.499270 ], [ -69.048653, 10.498339 ], [ -69.048935, 10.497733 ], [ -69.049133, 10.497136 ], [ -69.049286, 10.495680 ], [ -69.049293, 10.495020 ], [ -69.049324, 10.494413 ], [ -69.049332, 10.493708 ], [ -69.049317, 10.493021 ], [ -69.049347, 10.492378 ], [ -69.049362, 10.491773 ], [ -69.049660, 10.490643 ], [ -69.049644, 10.490090 ], [ -69.049515, 10.489385 ], [ -69.049179, 10.488815 ], [ -69.048698, 10.488192 ], [ -69.048332, 10.487549 ], [ -69.048203, 10.486979 ], [ -69.048172, 10.486409 ], [ -69.048225, 10.485813 ], [ -69.048523, 10.484610 ], [ -69.048760, 10.483958 ], [ -69.049339, 10.482846 ], [ -69.049660, 10.482376 ], [ -69.050316, 10.481951 ], [ -69.051033, 10.481661 ], [ -69.051727, 10.481417 ], [ -69.052414, 10.481263 ], [ -69.053139, 10.481154 ], [ -69.054817, 10.480512 ], [ -69.055962, 10.479959 ], [ -69.056397, 10.479580 ], [ -69.057037, 10.479155 ], [ -69.057609, 10.478793 ], [ -69.058159, 10.478395 ], [ -69.058792, 10.477716 ], [ -69.059387, 10.477283 ], [ -69.059891, 10.476930 ], [ -69.060364, 10.476531 ], [ -69.060753, 10.476124 ], [ -69.061256, 10.475636 ], [ -69.062134, 10.474722 ], [ -69.062546, 10.474270 ], [ -69.063065, 10.473681 ], [ -69.063423, 10.473103 ], [ -69.063690, 10.472452 ], [ -69.064186, 10.471023 ], [ -69.064362, 10.470417 ], [ -69.064560, 10.469792 ], [ -69.065109, 10.468562 ], [ -69.065399, 10.468056 ], [ -69.065735, 10.467541 ], [ -69.066116, 10.467007 ], [ -69.066406, 10.466311 ], [ -69.066482, 10.465732 ], [ -69.066536, 10.464808 ], [ -69.066467, 10.464031 ], [ -69.066338, 10.463325 ], [ -69.066116, 10.462710 ], [ -69.065689, 10.461409 ], [ -69.065567, 10.460033 ], [ -69.065483, 10.459446 ], [ -69.065285, 10.458822 ], [ -69.065018, 10.458351 ], [ -69.064835, 10.457989 ], [ -69.064430, 10.457167 ], [ -69.064300, 10.456507 ], [ -69.064217, 10.455892 ], [ -69.064247, 10.455105 ], [ -69.064316, 10.454255 ], [ -69.064346, 10.453567 ], [ -69.064377, 10.451595 ], [ -69.064293, 10.450193 ], [ -69.064232, 10.449552 ], [ -69.064224, 10.448982 ], [ -69.064278, 10.448376 ], [ -69.064300, 10.447254 ], [ -69.064331, 10.446585 ], [ -69.064300, 10.445446 ], [ -69.064316, 10.444867 ], [ -69.064438, 10.444315 ], [ -69.064636, 10.443709 ], [ -69.064919, 10.443040 ], [ -69.065277, 10.442271 ], [ -69.065499, 10.441719 ], [ -69.065666, 10.441186 ], [ -69.065819, 10.440652 ], [ -69.066254, 10.439404 ], [ -69.066498, 10.438752 ], [ -69.067017, 10.437251 ], [ -69.067306, 10.436717 ], [ -69.067688, 10.436111 ], [ -69.068054, 10.435686 ], [ -69.068504, 10.435080 ], [ -69.068909, 10.434637 ], [ -69.069290, 10.434139 ], [ -69.069748, 10.433605 ], [ -69.070175, 10.433252 ], [ -69.070702, 10.432800 ], [ -69.071228, 10.432284 ], [ -69.072197, 10.431272 ], [ -69.072609, 10.430901 ], [ -69.072945, 10.430457 ], [ -69.073547, 10.429155 ], [ -69.073830, 10.428504 ], [ -69.074119, 10.427943 ], [ -69.074524, 10.427292 ], [ -69.074860, 10.426848 ], [ -69.075249, 10.426405 ], [ -69.075584, 10.425962 ], [ -69.075989, 10.425465 ], [ -69.076401, 10.425021 ], [ -69.076965, 10.424325 ], [ -69.077347, 10.423900 ], [ -69.077660, 10.423429 ], [ -69.077766, 10.422814 ], [ -69.077637, 10.422172 ], [ -69.077598, 10.421503 ], [ -69.077789, 10.420834 ], [ -69.078095, 10.420118 ], [ -69.078362, 10.419539 ], [ -69.078537, 10.419115 ], [ -69.078850, 10.417460 ], [ -69.078995, 10.416790 ], [ -69.079125, 10.416139 ], [ -69.079224, 10.415497 ], [ -69.079247, 10.414529 ], [ -69.079132, 10.413688 ], [ -69.078842, 10.412937 ], [ -69.078621, 10.412431 ], [ -69.078399, 10.411870 ], [ -69.078133, 10.411319 ], [ -69.077812, 10.410522 ], [ -69.077560, 10.409863 ], [ -69.077271, 10.409302 ], [ -69.076683, 10.408000 ], [ -69.076347, 10.407557 ], [ -69.075989, 10.406960 ], [ -69.075241, 10.405902 ], [ -69.074501, 10.404907 ], [ -69.074119, 10.404510 ], [ -69.073639, 10.403894 ], [ -69.073082, 10.403660 ], [ -69.072517, 10.403442 ], [ -69.071861, 10.403135 ], [ -69.071228, 10.402900 ], [ -69.070458, 10.402665 ], [ -69.069481, 10.402593 ], [ -69.068878, 10.402566 ], [ -69.068130, 10.402575 ], [ -69.067253, 10.402602 ], [ -69.066681, 10.402892 ], [ -69.066078, 10.403082 ], [ -69.065529, 10.403281 ], [ -69.064926, 10.403462 ], [ -69.064003, 10.403707 ], [ -69.063263, 10.403888 ], [ -69.062714, 10.404059 ], [ -69.061722, 10.404340 ], [ -69.061050, 10.404512 ], [ -69.060471, 10.404684 ], [ -69.059807, 10.404928 ], [ -69.059250, 10.405010 ], [ -69.058510, 10.405073 ], [ -69.057930, 10.405091 ], [ -69.057091, 10.405137 ], [ -69.056305, 10.405128 ], [ -69.055473, 10.405191 ], [ -69.054749, 10.405237 ], [ -69.053986, 10.405318 ], [ -69.053429, 10.405336 ], [ -69.052132, 10.405455 ], [ -69.051582, 10.405562 ], [ -69.049736, 10.406223 ], [ -69.049164, 10.406540 ], [ -69.048638, 10.406938 ], [ -69.048157, 10.407336 ], [ -69.047684, 10.407788 ], [ -69.047226, 10.408277 ], [ -69.046944, 10.408928 ], [ -69.046722, 10.409624 ], [ -69.046692, 10.410267 ], [ -69.046722, 10.411641 ], [ -69.046791, 10.412401 ], [ -69.046829, 10.413178 ], [ -69.046753, 10.413866 ], [ -69.046608, 10.414535 ], [ -69.046364, 10.415277 ], [ -69.046082, 10.415929 ], [ -69.045585, 10.416679 ], [ -69.045159, 10.417240 ], [ -69.044617, 10.417846 ], [ -69.044182, 10.418271 ], [ -69.043541, 10.418769 ], [ -69.043045, 10.419122 ], [ -69.042084, 10.419764 ], [ -69.041649, 10.420189 ], [ -69.041061, 10.420732 ], [ -69.040344, 10.421144 ], [ -69.039391, 10.421299 ], [ -69.038605, 10.421360 ], [ -69.037903, 10.421374 ], [ -69.037300, 10.421270 ], [ -69.036644, 10.421236 ], [ -69.035194, 10.420805 ], [ -69.034561, 10.420540 ], [ -69.033714, 10.419404 ], [ -69.032372, 10.416745 ], [ -69.032372, 10.415136 ], [ -69.032303, 10.413668 ], [ -69.031944, 10.412898 ], [ -69.030251, 10.410169 ], [ -69.028053, 10.375610 ], [ -69.026161, 10.332847 ], [ -69.026024, 10.318296 ], [ -69.026093, 10.310675 ], [ -69.025742, 10.307626 ], [ -69.025040, 10.306377 ], [ -69.023903, 10.304645 ], [ -69.022286, 10.302911 ], [ -69.020546, 10.301796 ], [ -69.020035, 10.295208 ], [ -69.018288, 10.297189 ], [ -69.017899, 10.296638 ], [ -69.017342, 10.296104 ], [ -69.016907, 10.295715 ], [ -69.016342, 10.295246 ], [ -69.015869, 10.294874 ], [ -69.014694, 10.294024 ], [ -69.013535, 10.293372 ], [ -69.012848, 10.293020 ], [ -69.012314, 10.292722 ], [ -69.011757, 10.292441 ], [ -69.011139, 10.292070 ], [ -69.009934, 10.291274 ], [ -69.009384, 10.290768 ], [ -69.008949, 10.290171 ], [ -69.008652, 10.289529 ], [ -69.008423, 10.288950 ], [ -69.008331, 10.288353 ], [ -69.008247, 10.287621 ], [ -69.008187, 10.286879 ], [ -69.008034, 10.285486 ], [ -69.007965, 10.284790 ], [ -69.007927, 10.284175 ], [ -69.007858, 10.283532 ], [ -69.007843, 10.282935 ], [ -69.007866, 10.280159 ], [ -69.007851, 10.279427 ], [ -69.007759, 10.278848 ], [ -69.007836, 10.278160 ], [ -69.007881, 10.277518 ], [ -69.007958, 10.276786 ], [ -69.008011, 10.276125 ], [ -69.008095, 10.274289 ], [ -69.008102, 10.273547 ], [ -69.008057, 10.272724 ], [ -69.007904, 10.272128 ], [ -69.007652, 10.271459 ], [ -69.007248, 10.270237 ], [ -69.007019, 10.269686 ], [ -69.006859, 10.269044 ], [ -69.006798, 10.268447 ], [ -69.006798, 10.267596 ], [ -69.006874, 10.266773 ], [ -69.006905, 10.266014 ], [ -69.006981, 10.265444 ], [ -69.007126, 10.264738 ], [ -69.007362, 10.264070 ], [ -69.007599, 10.263545 ], [ -69.007973, 10.262930 ], [ -69.008301, 10.262242 ], [ -69.008583, 10.261736 ], [ -69.008888, 10.261148 ], [ -69.009262, 10.260551 ], [ -69.009903, 10.259429 ], [ -69.010185, 10.258860 ], [ -69.010467, 10.258335 ], [ -69.010842, 10.257720 ], [ -69.011215, 10.257258 ], [ -69.011803, 10.256643 ], [ -69.012337, 10.255939 ], [ -69.012733, 10.255350 ], [ -69.013084, 10.254871 ], [ -69.013420, 10.254364 ], [ -69.013603, 10.253813 ], [ -69.013702, 10.253243 ], [ -69.013710, 10.252619 ], [ -69.013664, 10.251959 ], [ -69.013580, 10.251316 ], [ -69.013466, 10.250629 ], [ -69.013519, 10.249779 ], [ -69.013527, 10.249091 ], [ -69.013458, 10.248513 ], [ -69.013237, 10.247798 ], [ -69.013054, 10.247138 ], [ -69.012741, 10.245781 ], [ -69.012649, 10.245139 ], [ -69.012657, 10.244515 ], [ -69.012619, 10.243873 ], [ -69.012665, 10.243186 ], [ -69.012649, 10.242543 ], [ -69.012932, 10.241992 ], [ -69.013420, 10.241875 ], [ -69.014183, 10.241847 ], [ -69.014831, 10.242073 ], [ -69.015526, 10.242380 ], [ -69.016128, 10.242589 ], [ -69.016701, 10.242806 ], [ -69.017304, 10.242878 ], [ -69.017815, 10.242787 ], [ -69.019325, 10.241946 ], [ -69.021210, 10.242729 ], [ -69.022675, 10.242921 ], [ -69.023834, 10.243137 ], [ -69.026077, 10.243113 ], [ -69.026955, 10.242896 ], [ -69.028229, 10.242516 ], [ -69.029594, 10.242615 ], [ -69.031082, 10.242921 ], [ -69.031731, 10.242958 ], [ -69.032310, 10.242809 ], [ -69.032684, 10.242587 ], [ -69.033516, 10.242000 ], [ -69.034248, 10.241538 ], [ -69.034622, 10.241258 ], [ -69.035240, 10.240742 ], [ -69.035652, 10.240417 ], [ -69.036690, 10.239630 ], [ -69.037293, 10.239096 ], [ -69.037544, 10.238770 ], [ -69.037773, 10.238426 ], [ -69.038185, 10.237685 ], [ -69.038361, 10.237268 ], [ -69.038567, 10.236897 ], [ -69.038727, 10.236536 ], [ -69.038978, 10.236165 ], [ -69.039162, 10.235840 ], [ -69.039345, 10.235469 ], [ -69.039620, 10.235007 ], [ -69.039955, 10.234265 ], [ -69.040161, 10.233787 ], [ -69.040321, 10.233343 ], [ -69.040680, 10.232556 ], [ -69.041115, 10.231199 ], [ -69.041245, 10.230620 ], [ -69.041382, 10.230142 ], [ -69.041557, 10.229653 ], [ -69.041718, 10.229129 ], [ -69.041832, 10.228667 ], [ -69.042053, 10.227925 ], [ -69.042351, 10.227048 ], [ -69.042656, 10.225763 ], [ -69.042923, 10.224172 ], [ -69.043007, 10.223394 ], [ -69.043236, 10.222679 ], [ -69.043457, 10.221802 ], [ -69.043724, 10.221043 ], [ -69.044090, 10.220346 ], [ -69.044342, 10.219930 ], [ -69.044800, 10.219351 ], [ -69.045425, 10.218907 ], [ -69.046165, 10.218745 ], [ -69.046585, 10.218808 ], [ -69.046913, 10.219016 ], [ -69.047188, 10.219378 ], [ -69.047379, 10.219812 ], [ -69.047523, 10.220319 ], [ -69.047577, 10.220753 ], [ -69.047608, 10.221213 ], [ -69.047562, 10.221675 ], [ -69.047569, 10.222136 ], [ -69.047371, 10.223448 ], [ -69.047257, 10.223855 ], [ -69.047195, 10.224343 ], [ -69.047081, 10.224714 ], [ -69.046532, 10.227500 ], [ -69.046417, 10.227979 ], [ -69.046379, 10.228513 ], [ -69.046379, 10.229037 ], [ -69.046318, 10.229589 ], [ -69.046142, 10.230512 ], [ -69.046074, 10.230973 ], [ -69.045990, 10.231732 ], [ -69.046036, 10.232141 ], [ -69.046165, 10.232537 ], [ -69.046257, 10.232971 ], [ -69.046448, 10.233360 ], [ -69.046684, 10.233794 ], [ -69.047157, 10.234437 ], [ -69.047463, 10.234726 ], [ -69.048065, 10.235250 ], [ -69.048469, 10.235504 ], [ -69.049141, 10.235884 ], [ -69.049866, 10.236318 ], [ -69.050263, 10.236544 ], [ -69.051193, 10.236833 ], [ -69.052010, 10.237104 ], [ -69.052803, 10.237258 ], [ -69.053879, 10.237010 ], [ -69.055405, 10.237596 ], [ -69.056282, 10.237587 ], [ -69.057609, 10.237370 ], [ -69.058563, 10.236483 ], [ -69.059372, 10.235852 ], [ -69.059898, 10.235479 ], [ -69.060608, 10.234828 ], [ -69.061485, 10.234265 ], [ -69.062546, 10.233703 ], [ -69.063583, 10.233324 ], [ -69.064300, 10.232994 ], [ -69.065079, 10.232503 ], [ -69.066231, 10.231663 ], [ -69.067154, 10.230802 ], [ -69.067970, 10.229931 ], [ -69.069672, 10.228409 ], [ -69.069657, 10.227722 ], [ -69.069565, 10.227053 ], [ -69.069618, 10.226438 ], [ -69.070183, 10.225705 ], [ -69.070671, 10.225370 ], [ -69.070953, 10.224863 ], [ -69.071373, 10.224411 ], [ -69.071930, 10.224157 ], [ -69.072655, 10.224248 ], [ -69.073586, 10.224447 ], [ -69.073822, 10.224538 ], [ -69.074577, 10.224998 ], [ -69.075821, 10.225558 ], [ -69.076744, 10.228259 ], [ -69.076355, 10.229343 ], [ -69.075882, 10.230222 ], [ -69.075401, 10.231009 ], [ -69.074921, 10.232003 ], [ -69.074608, 10.232581 ], [ -69.074226, 10.234263 ], [ -69.073494, 10.235235 ], [ -69.072907, 10.236462 ], [ -69.072594, 10.237774 ], [ -69.072327, 10.239041 ], [ -69.072159, 10.240858 ], [ -69.072411, 10.242418 ], [ -69.073303, 10.243511 ], [ -69.074829, 10.243771 ], [ -69.075920, 10.243368 ], [ -69.077324, 10.242801 ], [ -69.078750, 10.242072 ], [ -69.080444, 10.241639 ], [ -69.081993, 10.241577 ], [ -69.082482, 10.241549 ], [ -69.083405, 10.241699 ], [ -69.085106, 10.242484 ], [ -69.086227, 10.242976 ], [ -69.087753, 10.242730 ], [ -69.088394, 10.242309 ], [ -69.089012, 10.241476 ], [ -69.089577, 10.240022 ], [ -69.089890, 10.238616 ], [ -69.090019, 10.237833 ], [ -69.090301, 10.235830 ], [ -69.090988, 10.233203 ], [ -69.091209, 10.231936 ], [ -69.091858, 10.229746 ], [ -69.092514, 10.228359 ], [ -69.093125, 10.226583 ], [ -69.093315, 10.224765 ], [ -69.093704, 10.224301 ], [ -69.094040, 10.223057 ], [ -69.094399, 10.221881 ], [ -69.094673, 10.221394 ], [ -69.094940, 10.220198 ], [ -69.095146, 10.219491 ], [ -69.095673, 10.216147 ], [ -69.095894, 10.215252 ], [ -69.096069, 10.214419 ], [ -69.096138, 10.213959 ], [ -69.096451, 10.213017 ], [ -69.096588, 10.212557 ], [ -69.097587, 10.210504 ], [ -69.097816, 10.210105 ], [ -69.098297, 10.209391 ], [ -69.098755, 10.208812 ], [ -69.099075, 10.208467 ], [ -69.099465, 10.208115 ], [ -69.099876, 10.207816 ], [ -69.100639, 10.207300 ], [ -69.102188, 10.206342 ], [ -69.102600, 10.206115 ], [ -69.102989, 10.205852 ], [ -69.103455, 10.205618 ], [ -69.103966, 10.205337 ], [ -69.104629, 10.204921 ], [ -69.105324, 10.204522 ], [ -69.105965, 10.204016 ], [ -69.106361, 10.203754 ], [ -69.106980, 10.203265 ], [ -69.107628, 10.202685 ], [ -69.108017, 10.202360 ], [ -69.108292, 10.202080 ], [ -69.108566, 10.201754 ], [ -69.109070, 10.201039 ], [ -69.109344, 10.200713 ], [ -69.109665, 10.200207 ], [ -69.109917, 10.199882 ], [ -69.110100, 10.199565 ], [ -69.110306, 10.199239 ], [ -69.110741, 10.198407 ], [ -69.110985, 10.197873 ], [ -69.111145, 10.197457 ], [ -69.111305, 10.196996 ], [ -69.111465, 10.196489 ], [ -69.111549, 10.196100 ], [ -69.111679, 10.194951 ], [ -69.111649, 10.194463 ], [ -69.111664, 10.193640 ], [ -69.111755, 10.193224 ], [ -69.111816, 10.192762 ], [ -69.111855, 10.191705 ], [ -69.111847, 10.190692 ], [ -69.111816, 10.190166 ], [ -69.111809, 10.189434 ], [ -69.112007, 10.188123 ], [ -69.112251, 10.187308 ], [ -69.112434, 10.186874 ], [ -69.112701, 10.186069 ], [ -69.113045, 10.185265 ], [ -69.113380, 10.184613 ], [ -69.113907, 10.183826 ], [ -69.114204, 10.183437 ], [ -69.114708, 10.182740 ], [ -69.115257, 10.181863 ], [ -69.115692, 10.181193 ], [ -69.115898, 10.180796 ], [ -69.116173, 10.180334 ], [ -69.116585, 10.179547 ], [ -69.116768, 10.179231 ], [ -69.116921, 10.178860 ], [ -69.117264, 10.178145 ], [ -69.117584, 10.177448 ], [ -69.117805, 10.176988 ], [ -69.118057, 10.176246 ], [ -69.118218, 10.175929 ], [ -69.118378, 10.175486 ], [ -69.118553, 10.174726 ], [ -69.118668, 10.174292 ], [ -69.118698, 10.173442 ], [ -69.118744, 10.172936 ], [ -69.118690, 10.172103 ], [ -69.118591, 10.171623 ], [ -69.118469, 10.171189 ], [ -69.118042, 10.170529 ], [ -69.117737, 10.170186 ], [ -69.117386, 10.169843 ], [ -69.116715, 10.169391 ], [ -69.116081, 10.168939 ], [ -69.115822, 10.168640 ], [ -69.115677, 10.168279 ], [ -69.115677, 10.167817 ], [ -69.115761, 10.166985 ], [ -69.116188, 10.166107 ], [ -69.116463, 10.165673 ], [ -69.116943, 10.164977 ], [ -69.117424, 10.164397 ], [ -69.117981, 10.163864 ], [ -69.118507, 10.163213 ], [ -69.118988, 10.162570 ], [ -69.119217, 10.162217 ], [ -69.119400, 10.161892 ], [ -69.119553, 10.161530 ], [ -69.119713, 10.161041 ], [ -69.119827, 10.160580 ], [ -69.120278, 10.159359 ], [ -69.120499, 10.158419 ], [ -69.120606, 10.157451 ], [ -69.120720, 10.157034 ], [ -69.120781, 10.156664 ], [ -69.120957, 10.155786 ], [ -69.120995, 10.154964 ], [ -69.121040, 10.154502 ], [ -69.121056, 10.153534 ], [ -69.121040, 10.152666 ], [ -69.120972, 10.152178 ], [ -69.120850, 10.151725 ], [ -69.120560, 10.150803 ], [ -69.120438, 10.150459 ], [ -69.120316, 10.149889 ], [ -69.120201, 10.149473 ], [ -69.119980, 10.148352 ], [ -69.119927, 10.147918 ], [ -69.119927, 10.147502 ], [ -69.119965, 10.147040 ], [ -69.120148, 10.146579 ], [ -69.120331, 10.146191 ], [ -69.120644, 10.145449 ], [ -69.120918, 10.144716 ], [ -69.121025, 10.144300 ], [ -69.121071, 10.143884 ], [ -69.120781, 10.143105 ], [ -69.120201, 10.142464 ], [ -69.119751, 10.141831 ], [ -69.119438, 10.141117 ], [ -69.119347, 10.140755 ], [ -69.119408, 10.140357 ], [ -69.119888, 10.139732 ], [ -69.120705, 10.139660 ], [ -69.122025, 10.139759 ], [ -69.122704, 10.139850 ], [ -69.123237, 10.139867 ], [ -69.123817, 10.139840 ], [ -69.124832, 10.139730 ], [ -69.125275, 10.139704 ], [ -69.125694, 10.139613 ], [ -69.126663, 10.139486 ], [ -69.127037, 10.139459 ], [ -69.127449, 10.139386 ], [ -69.131630, 10.138580 ], [ -69.132118, 10.138525 ], [ -69.136284, 10.138252 ], [ -69.137589, 10.138129 ], [ -69.153549, 10.136635 ], [ -69.169495, 10.134719 ], [ -69.170914, 10.134700 ], [ -69.175736, 10.134588 ], [ -69.177803, 10.134434 ], [ -69.179283, 10.134306 ], [ -69.180443, 10.134151 ], [ -69.180862, 10.134125 ], [ -69.181465, 10.134051 ], [ -69.182022, 10.133952 ], [ -69.182900, 10.133834 ], [ -69.190064, 10.133306 ], [ -69.194672, 10.132515 ], [ -69.199562, 10.131943 ], [ -69.204941, 10.131506 ], [ -69.205826, 10.131541 ], [ -69.206497, 10.131558 ], [ -69.207031, 10.131550 ], [ -69.207680, 10.131522 ], [ -69.208748, 10.131557 ], [ -69.209213, 10.131512 ], [ -69.209999, 10.131502 ], [ -69.210373, 10.131457 ], [ -69.212410, 10.130886 ], [ -69.216926, 10.130286 ], [ -69.217392, 10.130259 ], [ -69.218414, 10.130158 ], [ -69.220009, 10.130049 ], [ -69.220497, 10.129976 ], [ -69.221008, 10.129858 ], [ -69.221092, 10.129442 ], [ -69.221024, 10.129053 ], [ -69.220802, 10.128158 ], [ -69.220497, 10.127425 ], [ -69.220329, 10.126965 ], [ -69.220017, 10.126186 ], [ -69.219826, 10.125382 ], [ -69.219742, 10.124586 ], [ -69.219643, 10.123799 ], [ -69.219750, 10.122994 ], [ -69.220131, 10.121339 ], [ -69.220352, 10.120506 ], [ -69.220345, 10.119747 ], [ -69.220314, 10.118924 ], [ -69.220238, 10.118047 ], [ -69.220062, 10.116998 ], [ -69.219917, 10.116564 ], [ -69.219673, 10.115668 ], [ -69.219437, 10.114909 ], [ -69.219078, 10.113625 ], [ -69.218742, 10.112892 ], [ -69.218384, 10.112187 ], [ -69.217896, 10.111455 ], [ -69.217331, 10.110813 ], [ -69.216675, 10.110316 ], [ -69.216324, 10.110108 ], [ -69.215973, 10.109882 ], [ -69.215691, 10.109656 ], [ -69.215454, 10.109341 ], [ -69.215248, 10.109024 ], [ -69.214981, 10.108562 ], [ -69.214813, 10.108084 ], [ -69.214630, 10.107713 ], [ -69.214462, 10.107234 ], [ -69.214287, 10.106248 ], [ -69.214188, 10.105768 ], [ -69.213951, 10.104918 ], [ -69.213684, 10.103752 ], [ -69.213608, 10.103363 ], [ -69.213363, 10.102531 ], [ -69.213104, 10.101753 ], [ -69.212937, 10.101319 ], [ -69.212601, 10.100560 ], [ -69.212151, 10.099674 ], [ -69.211639, 10.099077 ], [ -69.211265, 10.098806 ], [ -69.210609, 10.098354 ], [ -69.209625, 10.097587 ], [ -69.209320, 10.097153 ], [ -69.209015, 10.096827 ], [ -69.208779, 10.096465 ], [ -69.208519, 10.096167 ], [ -69.208031, 10.095525 ], [ -69.207390, 10.094549 ], [ -69.207199, 10.094223 ], [ -69.206963, 10.093636 ], [ -69.206795, 10.093246 ], [ -69.206627, 10.092804 ], [ -69.206299, 10.092098 ], [ -69.206177, 10.091638 ], [ -69.206589, 10.089478 ], [ -69.205231, 10.089313 ], [ -69.205124, 10.087912 ], [ -69.205002, 10.085434 ], [ -69.204895, 10.084765 ], [ -69.204758, 10.084167 ], [ -69.204483, 10.083227 ], [ -69.204170, 10.082305 ], [ -69.203919, 10.081708 ], [ -69.203506, 10.080324 ], [ -69.203011, 10.078399 ], [ -69.202400, 10.076355 ], [ -69.202156, 10.075433 ], [ -69.201881, 10.074699 ], [ -69.201134, 10.072258 ], [ -69.200707, 10.070676 ], [ -69.200073, 10.067981 ], [ -69.199898, 10.067294 ], [ -69.199532, 10.065983 ], [ -69.199348, 10.065413 ], [ -69.199035, 10.064355 ], [ -69.198830, 10.063776 ], [ -69.198143, 10.062420 ], [ -69.197685, 10.061633 ], [ -69.197205, 10.060901 ], [ -69.196815, 10.060386 ], [ -69.196472, 10.059771 ], [ -69.196129, 10.059056 ], [ -69.195808, 10.058270 ], [ -69.195381, 10.056869 ], [ -69.195106, 10.056064 ], [ -69.194832, 10.055394 ], [ -69.194626, 10.054825 ], [ -69.194267, 10.053993 ], [ -69.193237, 10.051534 ], [ -69.192894, 10.050656 ], [ -69.192192, 10.048776 ], [ -69.191918, 10.048124 ], [ -69.191666, 10.047482 ], [ -69.191368, 10.046841 ], [ -69.190597, 10.045366 ], [ -69.190308, 10.044909 ], [ -69.189354, 10.043386 ], [ -69.188805, 10.042528 ], [ -69.188484, 10.042004 ], [ -69.187889, 10.041199 ], [ -69.187363, 10.040638 ], [ -69.186783, 10.040250 ], [ -69.186134, 10.040015 ], [ -69.185440, 10.039735 ], [ -69.184685, 10.039454 ], [ -69.183914, 10.039284 ], [ -69.183204, 10.039266 ], [ -69.181694, 10.039430 ], [ -69.180138, 10.039538 ], [ -69.179443, 10.039648 ], [ -69.178726, 10.039802 ], [ -69.176773, 10.040318 ], [ -69.175819, 10.040582 ], [ -69.175148, 10.040790 ], [ -69.174500, 10.041197 ], [ -69.173988, 10.041487 ], [ -69.173401, 10.041803 ], [ -69.172844, 10.042030 ], [ -69.171173, 10.042573 ], [ -69.170502, 10.042746 ], [ -69.169525, 10.042973 ], [ -69.168854, 10.043081 ], [ -69.168137, 10.043145 ], [ -69.167435, 10.043163 ], [ -69.166786, 10.043272 ], [ -69.165886, 10.043408 ], [ -69.165093, 10.043517 ], [ -69.164398, 10.043599 ], [ -69.163078, 10.043708 ], [ -69.162407, 10.043754 ], [ -69.161667, 10.043790 ], [ -69.160965, 10.043944 ], [ -69.160248, 10.044035 ], [ -69.159576, 10.044099 ], [ -69.158882, 10.044090 ], [ -69.158356, 10.043611 ], [ -69.157890, 10.042987 ], [ -69.157623, 10.041649 ], [ -69.157425, 10.040138 ], [ -69.157432, 10.039406 ], [ -69.157394, 10.038619 ], [ -69.157288, 10.037199 ], [ -69.157173, 10.036467 ], [ -69.157089, 10.035797 ], [ -69.156998, 10.035228 ], [ -69.156937, 10.034513 ], [ -69.156891, 10.034250 ], [ -69.156571, 10.033753 ], [ -69.156113, 10.033102 ], [ -69.155601, 10.032506 ], [ -69.155235, 10.032018 ], [ -69.154777, 10.031376 ], [ -69.154320, 10.030797 ], [ -69.153771, 10.030127 ], [ -69.152756, 10.028654 ], [ -69.152390, 10.028148 ], [ -69.151589, 10.026945 ], [ -69.151016, 10.026005 ], [ -69.150650, 10.025426 ], [ -69.150375, 10.024857 ], [ -69.150146, 10.024115 ], [ -69.149651, 10.022325 ], [ -69.149475, 10.020832 ], [ -69.149277, 10.019448 ], [ -69.149193, 10.018671 ], [ -69.149178, 10.017802 ], [ -69.149139, 10.016816 ], [ -69.149124, 10.015759 ], [ -69.149132, 10.014221 ], [ -69.149422, 10.012475 ], [ -69.149521, 10.011679 ], [ -69.149712, 10.010757 ], [ -69.150047, 10.009716 ], [ -69.150398, 10.008676 ], [ -69.150681, 10.008151 ], [ -69.151283, 10.007653 ], [ -69.151199, 10.007074 ], [ -69.151413, 10.006505 ], [ -69.151527, 10.005935 ], [ -69.151581, 10.005148 ], [ -69.151451, 10.004506 ], [ -69.151268, 10.003937 ], [ -69.150970, 10.003267 ], [ -69.150650, 10.002733 ], [ -69.150352, 10.002210 ], [ -69.150055, 10.001631 ], [ -69.149872, 10.000961 ], [ -69.149719, 10.000138 ], [ -69.149368, 9.999515 ], [ -69.149048, 9.998665 ], [ -69.148880, 9.998068 ], [ -69.148628, 9.997525 ], [ -69.148392, 9.996585 ], [ -69.148369, 9.995915 ], [ -69.148483, 9.995345 ], [ -69.148880, 9.994052 ], [ -69.149109, 9.993500 ], [ -69.149292, 9.992677 ], [ -69.149361, 9.992035 ], [ -69.149475, 9.991212 ], [ -69.149635, 9.990425 ], [ -69.149795, 9.989782 ], [ -69.149940, 9.988986 ], [ -69.150055, 9.988181 ], [ -69.150024, 9.987602 ], [ -69.149887, 9.986916 ], [ -69.149704, 9.986183 ], [ -69.149567, 9.985522 ], [ -69.149490, 9.984826 ], [ -69.149353, 9.984031 ], [ -69.149330, 9.983361 ], [ -69.149353, 9.982629 ], [ -69.149345, 9.979508 ], [ -69.149437, 9.978567 ], [ -69.149551, 9.977645 ], [ -69.149811, 9.976044 ], [ -69.150337, 9.974388 ], [ -69.150566, 9.973583 ], [ -69.150757, 9.972806 ], [ -69.150940, 9.971792 ], [ -69.151192, 9.970879 ], [ -69.151512, 9.969793 ], [ -69.151863, 9.968880 ], [ -69.152138, 9.968075 ], [ -69.152489, 9.967224 ], [ -69.152580, 9.966655 ], [ -69.152390, 9.966012 ], [ -69.152344, 9.965344 ], [ -69.152412, 9.964610 ], [ -69.152412, 9.964014 ], [ -69.152573, 9.963444 ], [ -69.152901, 9.962729 ], [ -69.152992, 9.962087 ], [ -69.152824, 9.961328 ], [ -69.152710, 9.960712 ], [ -69.152641, 9.960115 ], [ -69.152641, 9.959383 ], [ -69.152733, 9.958623 ], [ -69.152893, 9.958044 ], [ -69.153305, 9.957492 ], [ -69.153839, 9.956941 ], [ -69.154259, 9.956533 ], [ -69.154793, 9.955935 ], [ -69.155296, 9.955266 ], [ -69.155411, 9.954651 ], [ -69.155456, 9.954027 ], [ -69.155625, 9.953158 ], [ -69.155899, 9.952372 ], [ -69.156288, 9.951938 ], [ -69.156891, 9.951412 ], [ -69.157448, 9.950951 ], [ -69.157677, 9.950418 ], [ -69.157845, 9.949458 ], [ -69.157539, 9.948834 ], [ -69.157356, 9.948102 ], [ -69.157471, 9.947370 ], [ -69.157791, 9.946700 ], [ -69.158280, 9.946085 ], [ -69.158211, 9.945442 ], [ -69.158089, 9.944800 ], [ -69.157768, 9.944294 ], [ -69.157303, 9.943860 ], [ -69.157005, 9.943556 ], [ -69.156837, 9.943381 ], [ -69.156349, 9.942694 ], [ -69.155929, 9.942098 ], [ -69.155495, 9.941410 ], [ -69.155098, 9.940859 ], [ -69.154518, 9.940235 ], [ -69.153984, 9.939891 ], [ -69.153542, 9.939412 ], [ -69.153152, 9.938951 ], [ -69.152710, 9.938318 ], [ -69.152313, 9.937875 ], [ -69.151779, 9.937188 ], [ -69.151314, 9.936573 ], [ -69.150879, 9.936139 ], [ -69.150322, 9.935633 ], [ -69.149811, 9.935199 ], [ -69.149162, 9.934720 ], [ -69.148605, 9.934214 ], [ -69.148140, 9.933689 ], [ -69.147766, 9.933138 ], [ -69.147255, 9.932424 ], [ -69.146934, 9.931917 ], [ -69.146423, 9.931167 ], [ -69.146072, 9.930634 ], [ -69.145729, 9.929946 ], [ -69.145378, 9.929214 ], [ -69.144753, 9.927242 ], [ -69.144493, 9.926302 ], [ -69.144165, 9.924882 ], [ -69.144005, 9.924258 ], [ -69.143822, 9.923643 ], [ -69.143585, 9.922929 ], [ -69.143402, 9.922060 ], [ -69.143280, 9.921436 ], [ -69.143166, 9.920658 ], [ -69.143097, 9.919555 ], [ -69.143074, 9.918732 ], [ -69.142860, 9.917864 ], [ -69.142609, 9.916968 ], [ -69.142029, 9.914807 ], [ -69.142044, 9.914237 ], [ -69.141792, 9.913712 ], [ -69.141419, 9.913135 ], [ -69.140655, 9.912104 ], [ -69.140190, 9.911597 ], [ -69.139191, 9.910404 ], [ -69.138756, 9.909969 ], [ -69.138031, 9.909355 ], [ -69.137291, 9.908849 ], [ -69.136734, 9.908487 ], [ -69.136200, 9.908027 ], [ -69.135277, 9.907267 ], [ -69.134437, 9.906534 ], [ -69.133720, 9.906011 ], [ -69.133141, 9.905595 ], [ -69.132630, 9.905323 ], [ -69.131149, 9.904456 ], [ -69.130547, 9.903995 ], [ -69.129898, 9.903588 ], [ -69.129341, 9.903172 ], [ -69.128647, 9.902440 ], [ -69.127853, 9.901427 ], [ -69.127342, 9.900631 ], [ -69.127022, 9.899890 ], [ -69.126785, 9.899320 ], [ -69.126350, 9.898561 ], [ -69.126091, 9.897023 ], [ -69.125954, 9.896426 ], [ -69.125832, 9.895739 ], [ -69.125694, 9.895052 ], [ -69.125603, 9.894093 ], [ -69.125626, 9.893152 ], [ -69.125694, 9.892529 ], [ -69.125877, 9.891678 ], [ -69.126038, 9.891036 ], [ -69.126175, 9.890303 ], [ -69.126289, 9.889633 ], [ -69.126404, 9.889064 ], [ -69.126495, 9.888259 ], [ -69.126732, 9.886793 ], [ -69.126724, 9.886061 ], [ -69.126587, 9.885482 ], [ -69.126289, 9.884975 ], [ -69.087959, 9.843637 ], [ -69.084404, 9.959453 ], [ -69.009087, 9.997470 ], [ -69.003403, 10.000054 ], [ -68.962448, 10.020973 ], [ -68.961952, 10.019905 ], [ -68.961723, 10.019046 ], [ -68.961380, 10.017634 ], [ -68.961800, 10.016278 ], [ -68.962311, 10.014776 ], [ -68.962647, 10.013963 ], [ -68.963051, 10.012742 ], [ -68.963257, 10.012073 ], [ -68.963349, 10.011141 ], [ -68.963272, 10.010318 ], [ -68.963051, 10.009640 ], [ -68.962769, 10.008934 ], [ -68.962563, 10.008138 ], [ -68.961327, 10.005524 ], [ -68.961105, 10.004728 ], [ -68.960808, 10.003797 ], [ -68.960663, 10.003163 ], [ -68.960449, 10.002548 ], [ -68.960174, 10.001708 ], [ -68.960182, 10.000007 ], [ -68.959328, 9.997880 ], [ -68.959129, 9.997348 ], [ -68.958954, 9.996642 ], [ -68.958893, 9.995928 ], [ -68.958885, 9.995376 ], [ -68.958916, 9.994824 ], [ -68.958931, 9.994272 ], [ -68.958923, 9.993703 ], [ -68.958885, 9.993015 ], [ -68.959007, 9.992346 ], [ -68.959236, 9.991813 ], [ -68.959549, 9.991324 ], [ -68.959915, 9.989941 ], [ -68.960068, 9.988896 ], [ -68.960106, 9.988240 ], [ -68.960052, 9.987530 ], [ -68.959915, 9.986960 ], [ -68.959610, 9.986115 ], [ -68.959480, 9.985336 ], [ -68.959625, 9.984577 ], [ -68.959824, 9.983998 ], [ -68.960068, 9.983355 ], [ -68.960243, 9.982849 ], [ -68.960236, 9.982225 ], [ -68.960152, 9.981628 ], [ -68.959885, 9.980905 ], [ -68.959549, 9.980362 ], [ -68.959099, 9.979837 ], [ -68.958717, 9.979367 ], [ -68.958458, 9.978861 ], [ -68.958260, 9.978318 ], [ -68.958366, 9.977739 ], [ -68.959160, 9.976898 ], [ -68.959839, 9.976247 ], [ -68.960106, 9.975668 ], [ -68.959930, 9.974909 ], [ -68.959641, 9.974276 ], [ -68.959282, 9.973453 ], [ -68.958992, 9.972981 ], [ -68.958565, 9.972503 ], [ -68.958061, 9.972027 ], [ -68.957100, 9.971154 ], [ -68.956703, 9.970775 ], [ -68.956367, 9.970160 ], [ -68.955719, 9.969074 ], [ -68.955337, 9.968342 ], [ -68.955139, 9.967817 ], [ -68.954887, 9.966948 ], [ -68.954552, 9.966198 ], [ -68.954376, 9.965673 ], [ -68.954460, 9.965031 ], [ -68.954567, 9.964479 ], [ -68.954811, 9.963856 ], [ -68.955147, 9.963204 ], [ -68.955459, 9.962626 ], [ -68.955795, 9.962210 ], [ -68.956367, 9.961784 ], [ -68.956871, 9.961495 ], [ -68.957298, 9.960780 ], [ -68.957428, 9.960039 ], [ -68.957337, 9.959156 ], [ -68.957237, 9.958674 ], [ -68.957085, 9.958121 ], [ -68.956818, 9.957298 ], [ -68.956558, 9.955996 ], [ -68.956436, 9.955453 ], [ -68.956398, 9.954902 ], [ -68.956497, 9.954011 ], [ -68.956947, 9.953328 ], [ -68.957481, 9.953156 ], [ -68.958557, 9.953500 ], [ -68.959084, 9.953193 ], [ -68.959358, 9.951999 ], [ -68.959274, 9.951402 ], [ -68.959198, 9.950669 ], [ -68.959045, 9.950072 ], [ -68.958801, 9.949411 ], [ -68.958397, 9.948896 ], [ -68.957878, 9.948399 ], [ -68.957382, 9.947947 ], [ -68.956489, 9.947214 ], [ -68.956016, 9.946761 ], [ -68.955612, 9.946309 ], [ -68.954811, 9.945495 ], [ -68.953980, 9.944528 ], [ -68.953690, 9.944002 ], [ -68.953354, 9.943279 ], [ -68.953064, 9.942755 ], [ -68.952797, 9.942212 ], [ -68.952385, 9.941018 ], [ -68.952187, 9.940248 ], [ -68.951958, 9.939471 ], [ -68.951881, 9.938919 ], [ -68.952103, 9.938340 ], [ -68.952415, 9.937834 ], [ -68.952782, 9.937436 ], [ -68.953735, 9.936522 ], [ -68.954025, 9.935899 ], [ -68.954460, 9.935473 ], [ -68.955055, 9.935257 ], [ -68.955605, 9.935021 ], [ -68.956062, 9.934479 ], [ -68.956299, 9.933720 ], [ -68.956451, 9.933032 ], [ -68.956902, 9.932426 ], [ -68.957214, 9.931938 ], [ -68.957718, 9.931259 ], [ -68.958122, 9.930861 ], [ -68.958534, 9.930373 ], [ -68.958893, 9.929885 ], [ -68.958946, 9.929080 ], [ -68.958984, 9.928348 ], [ -68.958664, 9.927388 ], [ -68.958313, 9.926705 ], [ -68.957794, 9.925841 ], [ -68.957512, 9.925317 ], [ -68.957199, 9.924820 ], [ -68.956863, 9.924367 ], [ -68.956581, 9.923842 ], [ -68.956383, 9.923273 ], [ -68.956367, 9.922450 ], [ -68.956284, 9.921700 ], [ -68.956093, 9.920252 ], [ -68.955894, 9.919475 ], [ -68.955650, 9.918949 ], [ -68.955368, 9.918497 ], [ -68.954704, 9.917791 ], [ -68.954163, 9.917421 ], [ -68.953247, 9.916960 ], [ -68.952782, 9.916688 ], [ -68.952263, 9.916353 ], [ -68.951790, 9.915956 ], [ -68.951325, 9.915503 ], [ -68.950897, 9.915069 ], [ -68.950355, 9.914743 ], [ -68.949867, 9.914472 ], [ -68.949348, 9.914300 ], [ -68.948631, 9.914309 ], [ -68.948074, 9.914227 ], [ -68.947449, 9.914200 ], [ -68.946709, 9.914119 ], [ -68.946121, 9.913974 ], [ -68.945877, 9.913359 ], [ -68.945724, 9.912626 ], [ -68.945831, 9.911840 ], [ -68.946098, 9.911261 ], [ -68.946625, 9.910998 ], [ -68.947151, 9.910809 ], [ -68.947456, 9.910604 ], [ -68.947876, 9.909760 ], [ -68.948173, 9.908538 ], [ -68.948303, 9.907914 ], [ -68.948311, 9.907272 ], [ -68.948372, 9.906494 ], [ -68.948288, 9.905897 ], [ -68.948135, 9.905373 ], [ -68.947845, 9.904640 ], [ -68.947471, 9.903416 ], [ -68.947273, 9.902496 ], [ -68.947167, 9.901899 ], [ -68.947380, 9.900886 ], [ -68.947861, 9.900398 ], [ -68.948410, 9.900064 ], [ -68.949120, 9.899819 ], [ -68.949654, 9.899557 ], [ -68.950004, 9.898816 ], [ -68.950211, 9.898310 ], [ -68.950638, 9.897685 ], [ -68.951164, 9.897261 ], [ -68.951782, 9.896953 ], [ -68.952469, 9.896636 ], [ -68.953026, 9.896718 ], [ -68.953522, 9.897035 ], [ -68.954056, 9.897116 ], [ -68.954605, 9.896944 ], [ -68.955116, 9.896728 ], [ -68.955399, 9.896383 ], [ -68.955605, 9.895868 ], [ -68.955673, 9.895524 ], [ -68.955681, 9.894927 ], [ -68.955605, 9.894376 ], [ -68.955498, 9.893824 ], [ -68.955330, 9.893281 ], [ -68.955063, 9.892738 ], [ -68.955193, 9.892205 ], [ -68.955719, 9.892034 ], [ -68.955872, 9.891364 ], [ -68.955902, 9.890632 ], [ -68.956009, 9.890079 ], [ -68.956345, 9.889636 ], [ -68.957581, 9.888578 ], [ -68.958084, 9.888181 ], [ -68.958694, 9.887729 ], [ -68.959358, 9.887259 ], [ -68.960442, 9.886643 ], [ -68.960869, 9.886317 ], [ -68.961304, 9.885965 ], [ -68.961822, 9.885214 ], [ -68.961975, 9.884689 ], [ -68.961990, 9.884092 ], [ -68.961906, 9.883496 ], [ -68.961853, 9.882899 ], [ -68.961906, 9.882347 ], [ -68.962059, 9.881723 ], [ -68.962395, 9.880981 ], [ -68.962776, 9.880195 ], [ -68.963180, 9.879706 ], [ -68.964096, 9.878910 ], [ -68.964600, 9.878576 ], [ -68.965088, 9.877834 ], [ -68.965286, 9.877283 ], [ -68.965393, 9.876658 ], [ -68.965660, 9.876061 ], [ -68.966049, 9.875664 ], [ -68.966553, 9.875311 ], [ -68.967056, 9.875022 ], [ -68.967514, 9.874623 ], [ -68.967712, 9.874117 ], [ -68.967720, 9.873538 ], [ -68.967918, 9.872987 ], [ -68.968353, 9.872634 ], [ -68.968926, 9.872462 ], [ -68.969505, 9.872426 ], [ -68.970078, 9.872119 ], [ -68.970138, 9.871404 ], [ -68.969871, 9.870834 ], [ -68.969536, 9.870292 ], [ -68.969292, 9.869767 ], [ -68.969605, 9.869098 ], [ -68.970078, 9.868446 ], [ -68.970749, 9.868230 ], [ -68.971321, 9.867714 ], [ -68.971847, 9.867516 ], [ -68.972260, 9.867117 ], [ -68.972130, 9.866502 ], [ -68.971863, 9.865932 ], [ -68.971672, 9.865390 ], [ -68.971870, 9.864883 ], [ -68.972138, 9.864395 ], [ -68.972221, 9.863798 ], [ -68.972183, 9.863083 ], [ -68.972382, 9.862576 ], [ -68.972527, 9.861745 ], [ -68.972374, 9.861156 ], [ -68.972046, 9.860723 ], [ -68.971573, 9.860315 ], [ -68.970650, 9.859466 ], [ -68.970276, 9.859085 ], [ -68.969894, 9.858588 ], [ -68.969719, 9.858036 ], [ -68.969368, 9.856734 ], [ -68.969345, 9.855432 ], [ -68.969361, 9.854879 ], [ -68.969490, 9.854274 ], [ -68.969643, 9.853703 ], [ -68.969673, 9.852872 ], [ -68.969727, 9.852320 ], [ -68.969856, 9.851605 ], [ -68.970055, 9.851081 ], [ -68.970390, 9.850430 ], [ -68.971039, 9.849408 ], [ -68.971397, 9.848757 ], [ -68.971687, 9.848269 ], [ -68.972076, 9.847807 ], [ -68.972442, 9.847409 ], [ -68.972801, 9.846939 ], [ -68.972832, 9.846225 ], [ -68.972885, 9.845717 ], [ -68.973099, 9.845347 ], [ -68.973198, 9.844614 ], [ -68.973442, 9.844126 ], [ -68.973778, 9.843638 ], [ -68.974167, 9.843240 ], [ -68.974647, 9.842959 ], [ -68.975250, 9.842742 ], [ -68.975799, 9.842570 ], [ -68.976379, 9.842489 ], [ -68.976929, 9.842435 ], [ -68.977203, 9.841902 ], [ -68.976959, 9.841332 ], [ -68.976418, 9.840816 ], [ -68.975922, 9.840363 ], [ -68.975540, 9.839984 ], [ -68.974998, 9.839486 ], [ -68.974579, 9.839151 ], [ -68.974083, 9.838790 ], [ -68.973564, 9.838455 ], [ -68.973068, 9.837913 ], [ -68.972664, 9.837261 ], [ -68.972534, 9.836547 ], [ -68.972687, 9.835904 ], [ -68.972786, 9.835353 ], [ -68.972939, 9.834657 ], [ -68.973137, 9.834105 ], [ -68.973717, 9.832874 ], [ -68.974098, 9.832206 ], [ -68.974342, 9.831654 ], [ -68.974762, 9.830496 ], [ -68.974915, 9.829917 ], [ -68.974899, 9.829257 ], [ -68.974541, 9.828687 ], [ -68.974182, 9.828253 ], [ -68.973717, 9.827946 ], [ -68.973152, 9.827656 ], [ -68.972664, 9.827367 ], [ -68.972214, 9.827004 ], [ -68.972107, 9.826163 ], [ -68.972511, 9.825648 ], [ -68.973160, 9.825503 ], [ -68.973831, 9.825485 ], [ -68.974388, 9.825612 ], [ -68.974991, 9.825675 ], [ -68.975639, 9.825612 ], [ -68.976044, 9.825051 ], [ -68.976242, 9.824527 ], [ -68.976486, 9.823712 ], [ -68.976356, 9.823052 ], [ -68.975777, 9.822030 ], [ -68.975510, 9.821298 ], [ -68.975258, 9.820113 ], [ -68.975197, 9.819498 ], [ -68.975227, 9.818665 ], [ -68.975288, 9.818006 ], [ -68.975319, 9.817291 ], [ -68.975281, 9.815365 ], [ -68.975204, 9.814695 ], [ -68.975029, 9.814125 ], [ -68.974716, 9.813582 ], [ -68.974426, 9.813130 ], [ -68.974007, 9.812796 ], [ -68.973450, 9.812715 ], [ -68.972847, 9.812796 ], [ -68.972290, 9.812822 ], [ -68.971733, 9.812696 ], [ -68.971260, 9.812344 ], [ -68.971436, 9.811674 ], [ -68.971725, 9.811204 ], [ -68.972229, 9.810688 ], [ -68.972664, 9.810363 ], [ -68.973282, 9.810010 ], [ -68.973854, 9.809630 ], [ -68.974144, 9.809169 ], [ -68.974167, 9.807902 ], [ -68.974098, 9.806456 ], [ -68.974014, 9.805750 ], [ -68.973816, 9.805181 ], [ -68.973526, 9.804683 ], [ -68.973168, 9.804176 ], [ -68.972862, 9.803706 ], [ -68.972572, 9.803208 ], [ -68.972237, 9.802593 ], [ -68.971794, 9.801336 ], [ -68.971939, 9.800486 ], [ -68.972160, 9.799654 ], [ -68.972313, 9.799130 ], [ -68.972580, 9.798641 ], [ -68.972824, 9.798107 ], [ -68.973274, 9.797502 ], [ -68.973450, 9.796923 ], [ -68.973495, 9.795566 ], [ -68.973434, 9.794861 ], [ -68.973396, 9.794173 ], [ -68.973213, 9.792961 ], [ -68.973198, 9.792247 ], [ -68.973396, 9.791532 ], [ -68.973755, 9.790863 ], [ -68.974274, 9.790365 ], [ -68.974846, 9.789850 ], [ -68.975372, 9.789705 ], [ -68.975952, 9.789786 ], [ -68.976540, 9.789958 ], [ -68.977203, 9.789714 ], [ -68.977760, 9.789660 ], [ -68.978371, 9.789923 ], [ -68.979004, 9.790393 ], [ -68.979401, 9.790754 ], [ -68.979897, 9.791153 ], [ -68.980438, 9.791442 ], [ -68.981109, 9.791496 ], [ -68.981804, 9.791460 ], [ -68.982452, 9.791478 ], [ -68.983025, 9.791280 ], [ -68.983391, 9.790818 ], [ -68.983582, 9.790167 ], [ -68.983482, 9.789525 ], [ -68.983070, 9.788801 ], [ -68.982597, 9.788141 ], [ -68.982079, 9.787652 ], [ -68.981186, 9.786974 ], [ -68.980850, 9.786431 ], [ -68.980766, 9.785862 ], [ -68.980919, 9.785283 ], [ -68.981278, 9.784523 ], [ -68.981476, 9.784017 ], [ -68.981651, 9.783456 ], [ -68.981636, 9.782826 ], [ -68.981560, 9.782244 ], [ -68.981544, 9.781673 ], [ -68.981743, 9.781005 ], [ -68.981865, 9.780725 ], [ -68.982277, 9.779747 ], [ -68.982636, 9.779313 ], [ -68.983429, 9.778264 ], [ -68.984268, 9.777350 ], [ -68.984680, 9.776980 ], [ -68.985130, 9.776464 ], [ -68.985535, 9.775930 ], [ -68.985924, 9.775488 ], [ -68.986542, 9.775107 ], [ -68.987274, 9.774701 ], [ -68.987785, 9.774511 ], [ -68.988266, 9.774249 ], [ -68.988945, 9.773706 ], [ -68.989586, 9.773100 ], [ -68.989967, 9.772602 ], [ -68.990448, 9.772069 ], [ -68.990761, 9.771607 ], [ -68.991135, 9.770730 ], [ -68.991882, 9.769654 ], [ -68.992233, 9.768731 ], [ -68.992431, 9.768180 ], [ -68.992577, 9.767375 ], [ -68.992615, 9.766705 ], [ -68.992798, 9.765394 ], [ -68.992859, 9.764842 ], [ -68.992989, 9.764309 ], [ -68.993179, 9.763666 ], [ -68.993446, 9.763016 ], [ -68.993851, 9.762274 ], [ -68.994209, 9.761740 ], [ -68.994644, 9.761297 ], [ -68.995209, 9.760755 ], [ -68.995598, 9.760266 ], [ -68.995842, 9.759787 ], [ -68.996246, 9.759180 ], [ -68.996613, 9.758738 ], [ -68.997017, 9.758059 ], [ -68.997307, 9.757598 ], [ -68.997734, 9.757110 ], [ -68.998261, 9.756657 ], [ -68.998947, 9.756350 ], [ -68.999481, 9.756178 ], [ -68.999985, 9.756051 ], [ -68.999985, 9.758203 ], [ -69.000206, 9.758864 ], [ -69.000580, 9.759479 ], [ -69.000900, 9.759986 ], [ -69.001411, 9.760257 ], [ -69.002060, 9.760628 ], [ -69.002777, 9.760971 ], [ -69.003563, 9.761315 ], [ -69.004143, 9.761614 ], [ -69.004791, 9.761903 ], [ -69.005371, 9.762066 ], [ -69.005951, 9.762111 ], [ -69.006859, 9.762093 ], [ -69.007851, 9.761975 ], [ -69.008522, 9.761830 ], [ -69.009102, 9.761722 ], [ -69.009727, 9.761559 ], [ -69.010445, 9.761324 ], [ -69.011070, 9.761170 ], [ -69.012413, 9.760754 ], [ -69.013062, 9.760564 ], [ -69.013664, 9.760338 ], [ -69.014336, 9.759994 ], [ -69.015907, 9.758909 ], [ -69.016762, 9.758384 ], [ -69.018105, 9.757625 ], [ -69.018684, 9.757236 ], [ -69.019356, 9.756802 ], [ -69.020004, 9.756431 ], [ -69.020767, 9.755969 ], [ -69.021599, 9.755399 ], [ -69.022316, 9.754892 ], [ -69.022987, 9.754450 ], [ -69.023544, 9.754151 ], [ -69.024101, 9.753924 ], [ -69.024658, 9.753716 ], [ -69.025330, 9.753536 ], [ -69.026230, 9.753345 ], [ -69.026924, 9.753255 ], [ -69.027695, 9.753210 ], [ -69.028458, 9.753119 ], [ -69.030167, 9.752974 ], [ -69.030953, 9.752811 ], [ -69.031509, 9.752541 ], [ -69.032249, 9.752124 ], [ -69.033012, 9.751554 ], [ -69.033569, 9.751020 ], [ -69.034081, 9.750605 ], [ -69.034683, 9.750052 ], [ -69.035812, 9.749257 ], [ -69.036346, 9.748858 ], [ -69.036972, 9.748352 ], [ -69.037620, 9.747710 ], [ -69.038223, 9.746977 ], [ -69.038712, 9.746561 ], [ -69.039284, 9.746218 ], [ -69.040237, 9.745873 ], [ -69.041321, 9.745530 ], [ -69.042091, 9.745412 ], [ -69.042831, 9.745367 ], [ -69.043594, 9.745339 ], [ -69.044174, 9.745366 ], [ -69.044891, 9.745366 ], [ -69.045471, 9.745457 ], [ -69.046234, 9.745683 ], [ -69.046814, 9.745800 ], [ -69.047668, 9.745909 ], [ -69.048828, 9.745773 ], [ -69.049912, 9.745294 ], [ -69.050865, 9.744805 ], [ -69.051376, 9.744488 ], [ -69.052025, 9.744118 ], [ -69.052765, 9.743520 ], [ -69.053406, 9.742598 ], [ -69.053665, 9.742027 ], [ -69.054077, 9.741250 ], [ -69.054382, 9.740553 ], [ -69.054726, 9.739730 ], [ -69.055260, 9.738219 ], [ -69.055214, 9.737414 ], [ -69.055069, 9.736655 ], [ -69.054817, 9.735597 ], [ -69.054398, 9.734222 ], [ -69.054306, 9.733562 ], [ -69.054146, 9.732757 ], [ -69.054024, 9.731997 ], [ -69.053909, 9.731400 ], [ -69.053749, 9.730396 ], [ -69.053535, 9.729609 ], [ -69.053329, 9.729013 ], [ -69.053192, 9.728415 ], [ -69.053139, 9.727846 ], [ -69.053047, 9.727132 ], [ -69.053047, 9.726354 ], [ -69.053184, 9.725458 ], [ -69.053581, 9.724056 ], [ -69.053856, 9.723233 ], [ -69.054321, 9.721741 ], [ -69.054619, 9.720845 ], [ -69.054894, 9.720131 ], [ -69.055633, 9.719769 ], [ -69.056587, 9.719425 ], [ -69.057236, 9.719216 ], [ -69.057884, 9.718801 ], [ -69.058556, 9.718222 ], [ -69.058968, 9.717697 ], [ -69.059410, 9.717191 ], [ -69.060013, 9.716548 ], [ -69.060867, 9.715679 ], [ -69.061813, 9.714892 ], [ -69.062508, 9.714368 ], [ -69.063088, 9.714042 ], [ -69.064270, 9.713535 ], [ -69.065887, 9.713056 ], [ -69.066490, 9.712983 ], [ -69.067093, 9.712956 ], [ -69.067810, 9.712955 ], [ -69.069313, 9.713028 ], [ -69.069939, 9.713046 ], [ -69.070847, 9.713046 ], [ -69.071770, 9.713091 ], [ -69.072578, 9.713163 ], [ -69.073387, 9.713181 ], [ -69.074059, 9.713108 ], [ -69.075684, 9.712882 ], [ -69.076630, 9.712719 ], [ -69.078178, 9.712348 ], [ -69.079155, 9.712230 ], [ -69.079780, 9.712230 ], [ -69.080360, 9.712256 ], [ -69.081009, 9.712302 ], [ -69.083321, 9.712545 ], [ -69.084183, 9.712735 ], [ -69.084900, 9.712798 ], [ -69.086128, 9.712752 ], [ -69.087463, 9.712500 ], [ -69.088043, 9.712318 ], [ -69.088905, 9.711966 ], [ -69.089783, 9.711576 ], [ -69.090614, 9.710960 ], [ -69.091171, 9.710472 ], [ -69.091751, 9.709992 ], [ -69.092095, 9.709323 ], [ -69.092583, 9.707830 ], [ -69.092766, 9.707189 ], [ -69.093155, 9.706547 ], [ -69.093895, 9.705561 ], [ -69.094406, 9.704936 ], [ -69.095085, 9.704167 ], [ -69.095474, 9.703724 ], [ -69.096138, 9.703054 ], [ -69.096695, 9.702692 ], [ -69.097298, 9.702529 ], [ -69.098824, 9.702204 ], [ -69.099594, 9.702023 ], [ -69.100334, 9.701814 ], [ -69.101143, 9.701533 ], [ -69.101860, 9.701235 ], [ -69.102577, 9.700864 ], [ -69.103523, 9.700429 ], [ -69.104431, 9.699949 ], [ -69.105148, 9.699488 ], [ -69.105934, 9.699054 ], [ -69.106491, 9.698773 ], [ -69.107994, 9.698203 ], [ -69.108734, 9.697994 ], [ -69.109749, 9.697831 ], [ -69.110657, 9.697732 ], [ -69.111275, 9.697713 ], [ -69.111855, 9.697713 ], [ -69.112549, 9.697758 ], [ -69.114563, 9.697477 ], [ -69.115402, 9.697341 ], [ -69.116814, 9.697087 ], [ -69.117600, 9.696924 ], [ -69.118294, 9.696834 ], [ -69.119331, 9.696598 ], [ -69.120239, 9.696300 ], [ -69.120911, 9.696028 ], [ -69.121834, 9.695717 ], [ -69.122665, 9.695312 ], [ -69.123573, 9.694941 ], [ -69.124168, 9.694715 ], [ -69.125214, 9.694226 ], [ -69.125817, 9.694045 ], [ -69.126831, 9.693719 ], [ -69.128479, 9.693094 ], [ -69.129036, 9.692850 ], [ -69.129791, 9.692497 ], [ -69.130653, 9.692153 ], [ -69.131691, 9.691628 ], [ -69.132431, 9.691329 ], [ -69.133476, 9.691139 ], [ -69.134750, 9.690976 ], [ -69.135467, 9.690912 ], [ -69.136299, 9.690767 ], [ -69.137222, 9.690677 ], [ -69.138084, 9.690514 ], [ -69.138710, 9.690422 ], [ -69.139381, 9.690377 ], [ -69.140488, 9.690241 ], [ -69.141159, 9.690096 ], [ -69.141945, 9.689870 ], [ -69.142548, 9.689679 ], [ -69.143150, 9.689425 ], [ -69.143776, 9.689109 ], [ -69.144402, 9.688829 ], [ -69.144913, 9.688530 ], [ -69.145790, 9.688095 ], [ -69.146484, 9.687706 ], [ -69.147202, 9.687362 ], [ -69.148033, 9.686873 ], [ -69.148705, 9.686511 ], [ -69.149628, 9.686049 ], [ -69.150276, 9.685751 ], [ -69.150879, 9.685452 ], [ -69.151550, 9.685099 ], [ -69.152450, 9.684691 ], [ -69.153099, 9.684502 ], [ -69.153702, 9.684347 ], [ -69.154373, 9.684139 ], [ -69.154976, 9.684084 ], [ -69.155998, 9.683949 ], [ -69.156853, 9.683812 ], [ -69.157455, 9.683766 ], [ -69.158104, 9.683784 ], [ -69.158798, 9.683829 ], [ -69.160256, 9.684262 ], [ -69.160835, 9.684470 ], [ -69.161850, 9.684723 ], [ -69.162453, 9.684832 ], [ -69.163292, 9.684903 ], [ -69.164101, 9.684768 ], [ -69.165001, 9.684577 ], [ -69.165901, 9.684323 ], [ -69.166855, 9.683997 ], [ -69.167618, 9.683681 ], [ -69.168312, 9.683336 ], [ -69.168915, 9.683056 ], [ -69.169495, 9.682875 ], [ -69.170441, 9.682530 ], [ -69.171600, 9.682132 ], [ -69.172516, 9.681842 ], [ -69.173103, 9.681679 ], [ -69.173798, 9.681471 ], [ -69.174469, 9.681307 ], [ -69.175186, 9.681190 ], [ -69.175835, 9.681053 ], [ -69.176415, 9.680981 ], [ -69.177734, 9.680727 ], [ -69.178497, 9.680564 ], [ -69.179535, 9.680446 ], [ -69.180161, 9.680427 ], [ -69.181412, 9.680354 ], [ -69.182198, 9.680282 ], [ -69.183380, 9.680099 ], [ -69.183983, 9.680072 ], [ -69.185089, 9.679936 ], [ -69.185974, 9.679800 ], [ -69.186691, 9.679700 ], [ -69.187271, 9.679474 ], [ -69.188034, 9.679130 ], [ -69.188889, 9.678686 ], [ -69.189674, 9.678188 ], [ -69.190254, 9.677979 ], [ -69.191154, 9.677789 ], [ -69.191918, 9.677771 ], [ -69.192612, 9.677906 ], [ -69.193192, 9.678132 ], [ -69.193749, 9.678457 ], [ -69.194626, 9.678999 ], [ -69.195579, 9.679433 ], [ -69.196205, 9.679504 ], [ -69.196854, 9.679414 ], [ -69.197823, 9.679205 ], [ -69.198654, 9.678951 ], [ -69.199585, 9.678969 ], [ -69.201088, 9.679059 ], [ -69.202385, 9.679149 ], [ -69.203033, 9.679284 ], [ -69.203911, 9.679491 ], [ -69.204842, 9.679790 ], [ -69.205422, 9.679997 ], [ -69.206070, 9.680313 ], [ -69.206719, 9.680683 ], [ -69.207367, 9.680982 ], [ -69.208527, 9.681415 ], [ -69.209122, 9.681614 ], [ -69.209801, 9.681893 ], [ -69.210541, 9.682164 ], [ -69.211098, 9.682327 ], [ -69.211716, 9.682435 ], [ -69.212486, 9.682434 ], [ -69.213272, 9.682226 ], [ -69.214104, 9.681882 ], [ -69.214684, 9.681864 ], [ -69.215332, 9.681953 ], [ -69.216026, 9.682152 ], [ -69.216652, 9.682450 ], [ -69.217186, 9.682748 ], [ -69.217743, 9.683028 ], [ -69.218414, 9.683281 ], [ -69.219063, 9.683326 ], [ -69.219666, 9.683316 ], [ -69.220452, 9.683018 ], [ -69.221557, 9.682510 ], [ -69.222137, 9.682836 ], [ -69.222649, 9.683242 ], [ -69.223183, 9.683476 ], [ -69.223854, 9.683658 ], [ -69.224457, 9.683973 ], [ -69.224899, 9.684371 ], [ -69.225471, 9.684615 ], [ -69.226166, 9.685031 ], [ -69.227516, 9.685645 ], [ -69.228302, 9.685943 ], [ -69.229111, 9.686169 ], [ -69.229920, 9.686421 ], [ -69.230637, 9.686610 ], [ -69.231567, 9.686881 ], [ -69.232307, 9.687043 ], [ -69.232956, 9.687106 ], [ -69.233627, 9.687242 ], [ -69.234207, 9.687522 ], [ -69.234627, 9.687928 ], [ -69.235130, 9.688362 ], [ -69.235710, 9.688732 ], [ -69.236244, 9.688958 ], [ -69.236801, 9.689120 ], [ -69.237450, 9.689283 ], [ -69.238144, 9.689527 ], [ -69.239677, 9.689941 ], [ -69.240394, 9.690194 ], [ -69.240974, 9.690511 ], [ -69.242226, 9.691405 ], [ -69.242729, 9.691793 ], [ -69.243263, 9.692363 ], [ -69.243751, 9.692806 ], [ -69.244171, 9.693212 ], [ -69.244637, 9.693691 ], [ -69.245049, 9.694180 ], [ -69.245628, 9.694912 ], [ -69.246185, 9.695572 ], [ -69.247048, 9.696466 ], [ -69.246559, 9.696793 ], [ -69.245979, 9.697300 ], [ -69.245796, 9.698032 ], [ -69.245682, 9.698855 ], [ -69.245636, 9.699570 ], [ -69.245827, 9.700212 ], [ -69.246193, 9.700808 ], [ -69.246590, 9.701287 ], [ -69.247078, 9.701767 ], [ -69.247536, 9.702137 ], [ -69.248161, 9.702544 ], [ -69.248673, 9.703023 ], [ -69.248955, 9.703782 ], [ -69.248795, 9.705256 ], [ -69.248817, 9.706053 ], [ -69.248886, 9.707110 ], [ -69.249031, 9.707889 ], [ -69.249611, 9.708422 ], [ -69.250023, 9.708874 ], [ -69.250534, 9.709407 ], [ -69.250839, 9.710094 ], [ -69.250771, 9.710917 ], [ -69.250236, 9.711840 ], [ -69.250450, 9.712681 ], [ -69.251167, 9.712663 ], [ -69.253273, 9.712661 ], [ -69.253876, 9.712706 ], [ -69.255195, 9.712931 ], [ -69.256004, 9.713084 ], [ -69.256813, 9.713174 ], [ -69.257530, 9.713336 ], [ -69.258301, 9.713661 ], [ -69.258804, 9.713950 ], [ -69.259338, 9.714320 ], [ -69.259873, 9.714754 ], [ -69.260315, 9.715215 ], [ -69.260963, 9.715947 ], [ -69.261452, 9.716607 ], [ -69.261871, 9.717023 ], [ -69.262428, 9.717439 ], [ -69.263031, 9.717782 ], [ -69.263817, 9.717664 ], [ -69.264511, 9.717229 ], [ -69.265183, 9.716830 ], [ -69.265663, 9.716514 ], [ -69.266174, 9.716052 ], [ -69.266823, 9.715825 ], [ -69.268166, 9.715842 ], [ -69.268997, 9.716303 ], [ -69.269577, 9.716755 ], [ -69.270180, 9.717306 ], [ -69.270714, 9.717812 ], [ -69.271156, 9.718291 ], [ -69.271599, 9.718797 ], [ -69.272133, 9.719366 ], [ -69.272499, 9.719900 ], [ -69.273270, 9.721916 ], [ -69.273453, 9.722531 ], [ -69.273735, 9.723562 ], [ -69.273872, 9.724231 ], [ -69.273872, 9.724892 ], [ -69.273804, 9.725515 ], [ -69.273460, 9.725995 ], [ -69.272575, 9.726321 ], [ -69.271934, 9.726665 ], [ -69.271377, 9.726919 ], [ -69.270866, 9.727218 ], [ -69.270355, 9.727590 ], [ -69.269852, 9.728114 ], [ -69.269570, 9.728739 ], [ -69.269409, 9.729471 ], [ -69.269318, 9.730159 ], [ -69.269485, 9.730873 ], [ -69.269646, 9.731651 ], [ -69.270042, 9.732727 ], [ -69.270553, 9.733667 ], [ -69.271065, 9.734382 ], [ -69.271454, 9.735068 ], [ -69.271294, 9.735819 ], [ -69.270882, 9.736579 ], [ -69.270371, 9.737014 ], [ -69.269836, 9.737729 ], [ -69.269608, 9.738326 ], [ -69.269516, 9.739014 ], [ -69.269592, 9.739592 ], [ -69.269752, 9.740189 ], [ -69.270004, 9.740731 ], [ -69.270332, 9.741238 ], [ -69.270729, 9.741744 ], [ -69.271355, 9.742250 ], [ -69.271866, 9.742702 ], [ -69.272003, 9.744040 ], [ -69.272118, 9.744610 ], [ -69.272446, 9.745522 ], [ -69.272865, 9.746101 ], [ -69.273491, 9.746535 ], [ -69.274300, 9.746896 ], [ -69.275200, 9.747267 ], [ -69.275871, 9.747582 ], [ -69.276451, 9.747998 ], [ -69.276871, 9.748568 ], [ -69.277016, 9.749209 ], [ -69.277062, 9.749851 ], [ -69.277038, 9.750955 ], [ -69.277062, 9.751923 ], [ -69.276970, 9.752493 ], [ -69.276604, 9.753325 ], [ -69.276138, 9.754193 ], [ -69.275726, 9.754610 ], [ -69.275055, 9.755117 ], [ -69.274567, 9.755507 ], [ -69.274124, 9.755922 ], [ -69.273666, 9.756403 ], [ -69.272598, 9.757417 ], [ -69.272186, 9.757869 ], [ -69.271721, 9.758512 ], [ -69.271355, 9.759064 ], [ -69.270775, 9.759869 ], [ -69.270126, 9.760358 ], [ -69.269523, 9.760612 ], [ -69.268875, 9.760612 ], [ -69.268158, 9.760631 ], [ -69.267647, 9.760957 ], [ -69.267189, 9.761328 ], [ -69.266724, 9.761781 ], [ -69.266243, 9.762170 ], [ -69.265617, 9.762423 ], [ -69.264923, 9.762406 ], [ -69.263672, 9.762154 ], [ -69.262878, 9.762091 ], [ -69.262283, 9.762182 ], [ -69.261933, 9.762707 ], [ -69.261635, 9.763421 ], [ -69.261261, 9.764227 ], [ -69.260712, 9.764544 ], [ -69.260109, 9.764616 ], [ -69.259644, 9.764960 ], [ -69.259460, 9.765557 ], [ -69.259880, 9.766199 ], [ -69.260361, 9.766679 ], [ -69.260712, 9.767139 ], [ -69.260666, 9.767736 ], [ -69.260300, 9.768451 ], [ -69.259903, 9.769093 ], [ -69.259628, 9.769691 ], [ -69.259491, 9.770287 ], [ -69.259445, 9.770930 ], [ -69.259377, 9.771663 ], [ -69.259285, 9.772423 ], [ -69.259308, 9.773182 ], [ -69.259285, 9.773960 ], [ -69.259308, 9.775009 ], [ -69.259361, 9.775705 ], [ -69.259453, 9.776393 ], [ -69.259499, 9.777053 ], [ -69.259567, 9.777678 ], [ -69.259712, 9.778527 ], [ -69.260010, 9.779142 ], [ -69.260430, 9.779694 ], [ -69.260986, 9.780290 ], [ -69.261612, 9.781040 ], [ -69.262566, 9.782143 ], [ -69.263626, 9.783245 ], [ -69.264351, 9.783951 ], [ -69.265022, 9.784547 ], [ -69.265694, 9.785125 ], [ -69.266159, 9.785486 ], [ -69.266830, 9.786037 ], [ -69.267898, 9.786996 ], [ -69.268890, 9.787872 ], [ -69.269401, 9.788442 ], [ -69.270050, 9.789128 ], [ -69.270401, 9.789589 ], [ -69.270821, 9.790204 ], [ -69.271240, 9.791171 ], [ -69.272072, 9.792455 ], [ -69.272423, 9.792907 ], [ -69.272652, 9.793504 ], [ -69.272751, 9.794290 ], [ -69.272491, 9.795666 ], [ -69.272476, 9.796489 ], [ -69.272568, 9.797176 ], [ -69.272728, 9.797936 ], [ -69.272873, 9.798948 ], [ -69.273033, 9.799816 ], [ -69.273056, 9.800431 ], [ -69.273125, 9.801399 ], [ -69.273384, 9.802892 ], [ -69.273903, 9.806057 ], [ -69.274017, 9.806626 ], [ -69.274246, 9.807504 ], [ -69.274597, 9.808534 ], [ -69.274788, 9.809429 ], [ -69.274711, 9.810207 ], [ -69.274323, 9.810669 ], [ -69.273491, 9.811475 ], [ -69.272659, 9.812072 ], [ -69.272056, 9.812416 ], [ -69.271500, 9.812805 ], [ -69.270943, 9.813222 ], [ -69.270600, 9.813819 ], [ -69.270249, 9.814597 ], [ -69.270088, 9.815240 ], [ -69.269997, 9.816298 ], [ -69.269981, 9.817122 ], [ -69.270050, 9.817745 ], [ -69.270187, 9.818405 ], [ -69.270378, 9.819210 ], [ -69.270447, 9.820015 ], [ -69.270378, 9.821046 ], [ -69.270172, 9.821733 ], [ -69.269707, 9.822286 ], [ -69.269241, 9.822675 ], [ -69.268692, 9.823046 ], [ -69.267303, 9.823807 ], [ -69.266655, 9.823971 ], [ -69.266029, 9.824179 ], [ -69.265312, 9.824541 ], [ -69.264595, 9.825075 ], [ -69.264130, 9.825438 ], [ -69.263893, 9.825685 ], [ -69.263641, 9.825944 ], [ -69.263298, 9.826524 ], [ -69.263092, 9.827230 ], [ -69.262909, 9.827970 ], [ -69.262772, 9.828631 ], [ -69.262726, 9.829228 ], [ -69.262863, 9.829943 ], [ -69.263145, 9.830901 ], [ -69.263420, 9.831408 ], [ -69.263931, 9.832140 ], [ -69.264580, 9.832899 ], [ -69.265671, 9.833631 ], [ -69.266251, 9.833857 ], [ -69.267319, 9.834362 ], [ -69.268570, 9.835021 ], [ -69.269241, 9.835256 ], [ -69.270004, 9.835599 ], [ -69.270813, 9.836005 ], [ -69.271370, 9.836393 ], [ -69.271790, 9.836900 ], [ -69.272163, 9.837497 ], [ -69.272698, 9.838754 ], [ -69.272880, 9.839350 ], [ -69.273117, 9.839992 ], [ -69.273392, 9.840679 ], [ -69.273697, 9.841511 ], [ -69.274071, 9.842424 ], [ -69.274277, 9.843048 ], [ -69.274742, 9.843708 ], [ -69.275459, 9.844259 ], [ -69.276108, 9.844349 ], [ -69.276734, 9.844420 ], [ -69.277329, 9.844411 ], [ -69.277595, 9.844411 ], [ -69.278290, 9.844347 ], [ -69.278839, 9.844157 ], [ -69.279419, 9.843930 ], [ -69.280281, 9.843767 ], [ -69.280853, 9.843631 ], [ -69.281410, 9.843468 ], [ -69.281898, 9.843123 ], [ -69.282219, 9.842571 ], [ -69.282265, 9.841948 ], [ -69.282219, 9.840437 ], [ -69.282379, 9.839659 ], [ -69.282402, 9.838944 ], [ -69.282310, 9.837587 ], [ -69.282539, 9.836629 ], [ -69.282883, 9.835752 ], [ -69.283203, 9.835046 ], [ -69.283691, 9.834656 ], [ -69.284180, 9.834240 ], [ -69.284897, 9.833705 ], [ -69.285545, 9.833479 ], [ -69.286194, 9.833387 ], [ -69.287003, 9.833134 ], [ -69.287903, 9.832762 ], [ -69.288460, 9.832437 ], [ -69.289086, 9.831938 ], [ -69.289497, 9.831088 ], [ -69.289825, 9.830599 ], [ -69.290360, 9.829748 ], [ -69.290657, 9.829106 ], [ -69.291046, 9.828165 ], [ -69.291252, 9.827342 ], [ -69.291298, 9.826763 ], [ -69.291390, 9.825868 ], [ -69.291412, 9.825117 ], [ -69.291550, 9.824311 ], [ -69.291595, 9.822909 ], [ -69.291550, 9.822104 ], [ -69.291550, 9.820549 ], [ -69.291565, 9.819789 ], [ -69.291702, 9.818089 ], [ -69.291817, 9.817402 ], [ -69.292282, 9.816533 ], [ -69.292694, 9.815981 ], [ -69.293022, 9.815474 ], [ -69.293526, 9.814651 ], [ -69.293922, 9.813981 ], [ -69.294289, 9.813501 ], [ -69.294846, 9.812859 ], [ -69.295425, 9.812397 ], [ -69.296211, 9.811844 ], [ -69.296928, 9.811356 ], [ -69.297554, 9.811056 ], [ -69.298546, 9.810621 ], [ -69.299149, 9.810440 ], [ -69.299774, 9.810050 ], [ -69.300079, 9.809887 ], [ -69.301140, 9.808919 ], [ -69.301628, 9.808367 ], [ -69.301926, 9.807751 ], [ -69.302200, 9.807054 ], [ -69.302337, 9.806322 ], [ -69.302566, 9.805318 ], [ -69.302826, 9.804259 ], [ -69.303078, 9.803572 ], [ -69.303192, 9.802721 ], [ -69.303330, 9.802007 ], [ -69.303650, 9.800695 ], [ -69.303787, 9.800079 ], [ -69.304138, 9.799618 ], [ -69.304573, 9.799067 ], [ -69.305084, 9.798450 ], [ -69.305664, 9.797854 ], [ -69.306122, 9.797319 ], [ -69.306610, 9.796677 ], [ -69.306816, 9.796062 ], [ -69.306976, 9.795419 ], [ -69.307297, 9.793926 ], [ -69.307876, 9.792198 ], [ -69.308060, 9.791511 ], [ -69.308357, 9.790914 ], [ -69.308685, 9.790018 ], [ -69.308868, 9.789403 ], [ -69.309357, 9.788706 ], [ -69.310021, 9.787837 ], [ -69.310715, 9.787104 ], [ -69.311432, 9.787148 ], [ -69.312012, 9.787103 ], [ -69.312637, 9.786867 ], [ -69.313080, 9.786406 ], [ -69.313332, 9.785700 ], [ -69.313675, 9.784849 ], [ -69.313934, 9.784116 ], [ -69.314140, 9.783474 ], [ -69.314484, 9.782623 ], [ -69.314712, 9.781881 ], [ -69.314972, 9.781311 ], [ -69.315292, 9.780831 ], [ -69.315826, 9.780189 ], [ -69.316361, 9.779818 ], [ -69.317024, 9.779473 ], [ -69.317841, 9.779102 ], [ -69.318558, 9.778893 ], [ -69.319183, 9.778802 ], [ -69.319832, 9.778847 ], [ -69.320427, 9.778846 ], [ -69.321030, 9.778909 ], [ -69.321823, 9.779117 ], [ -69.322426, 9.779233 ], [ -69.323257, 9.779232 ], [ -69.324295, 9.779069 ], [ -69.325088, 9.778878 ], [ -69.325661, 9.778697 ], [ -69.326263, 9.778579 ], [ -69.327057, 9.778514 ], [ -69.327705, 9.778604 ], [ -69.328377, 9.778757 ], [ -69.329025, 9.779082 ], [ -69.329651, 9.779099 ], [ -69.330223, 9.778892 ], [ -69.330918, 9.778502 ], [ -69.331314, 9.778067 ], [ -69.331711, 9.777605 ], [ -69.332031, 9.777036 ], [ -69.332260, 9.776393 ], [ -69.332374, 9.775724 ], [ -69.332466, 9.774991 ], [ -69.332603, 9.773616 ], [ -69.332718, 9.772811 ], [ -69.332787, 9.772123 ], [ -69.332809, 9.771482 ], [ -69.332787, 9.770767 ], [ -69.332733, 9.770007 ], [ -69.332527, 9.768379 ], [ -69.332573, 9.767619 ], [ -69.332733, 9.766869 ], [ -69.332985, 9.766244 ], [ -69.333519, 9.765511 ], [ -69.334046, 9.764751 ], [ -69.334556, 9.764109 ], [ -69.335205, 9.763555 ], [ -69.335785, 9.763211 ], [ -69.336571, 9.762822 ], [ -69.337265, 9.762496 ], [ -69.338837, 9.761807 ], [ -69.339394, 9.761571 ], [ -69.339996, 9.761254 ], [ -69.340591, 9.760910 ], [ -69.341080, 9.760538 ], [ -69.341660, 9.759959 ], [ -69.342148, 9.759416 ], [ -69.342583, 9.758882 ], [ -69.342926, 9.758375 ], [ -69.343346, 9.757714 ], [ -69.343712, 9.757027 ], [ -69.343971, 9.756474 ], [ -69.344963, 9.754746 ], [ -69.345467, 9.754058 ], [ -69.346023, 9.753370 ], [ -69.346466, 9.752746 ], [ -69.346695, 9.751967 ], [ -69.346695, 9.750819 ], [ -69.346756, 9.750158 ], [ -69.346970, 9.749579 ], [ -69.347153, 9.748819 ], [ -69.347244, 9.748222 ], [ -69.347130, 9.747625 ], [ -69.345688, 9.746189 ], [ -69.345314, 9.745457 ], [ -69.345497, 9.744670 ], [ -69.345512, 9.744139 ] ] ] } }

]
}
