{
"type": "FeatureCollection",
"features": [
{ "type": "Feature", "properties": { "COD_ESTADO": "14", "ESTADO": "MERIDA" }, "geometry": { "type": "Polygon", "coordinates": [ [ [ -70.678253, 8.971586 ], [ -70.677872, 8.971683 ], [ -70.677323, 8.971783 ], [ -70.676743, 8.971860 ], [ -70.676163, 8.972007 ], [ -70.675613, 8.972198 ], [ -70.674904, 8.972486 ], [ -70.674118, 8.972775 ], [ -70.673592, 8.972989 ], [ -70.673019, 8.973295 ], [ -70.672447, 8.973535 ], [ -70.671318, 8.974150 ], [ -70.670845, 8.974479 ], [ -70.670410, 8.974876 ], [ -70.669998, 8.975319 ], [ -70.669617, 8.975807 ], [ -70.669121, 8.976918 ], [ -70.668900, 8.977633 ], [ -70.668747, 8.978188 ], [ -70.668526, 8.978719 ], [ -70.668076, 8.979506 ], [ -70.667534, 8.980205 ], [ -70.666984, 8.980626 ], [ -70.666367, 8.980866 ], [ -70.665008, 8.981116 ], [ -70.664269, 8.981312 ], [ -70.663696, 8.981596 ], [ -70.663216, 8.982087 ], [ -70.662880, 8.982735 ], [ -70.662613, 8.983291 ], [ -70.662300, 8.983847 ], [ -70.661911, 8.984335 ], [ -70.661522, 8.984732 ], [ -70.661026, 8.985198 ], [ -70.660591, 8.985551 ], [ -70.660042, 8.985995 ], [ -70.659584, 8.986347 ], [ -70.658966, 8.986724 ], [ -70.658302, 8.987079 ], [ -70.657799, 8.987293 ], [ -70.657082, 8.987511 ], [ -70.655457, 8.988134 ], [ -70.654556, 8.988446 ], [ -70.653610, 8.988736 ], [ -70.652878, 8.988886 ], [ -70.652092, 8.988966 ], [ -70.651306, 8.989094 ], [ -70.650574, 8.989357 ], [ -70.649956, 8.989827 ], [ -70.649544, 8.990269 ], [ -70.649117, 8.990873 ], [ -70.648750, 8.991293 ], [ -70.648323, 8.991828 ], [ -70.647774, 8.992272 ], [ -70.647247, 8.992648 ], [ -70.646538, 8.992911 ], [ -70.645775, 8.993176 ], [ -70.644989, 8.993258 ], [ -70.643334, 8.993604 ], [ -70.642342, 8.993826 ], [ -70.641418, 8.994139 ], [ -70.640572, 8.994519 ], [ -70.640114, 8.994871 ], [ -70.639656, 8.995246 ], [ -70.639275, 8.995804 ], [ -70.638985, 8.996405 ], [ -70.638809, 8.996937 ], [ -70.638679, 8.997468 ], [ -70.638596, 8.998088 ], [ -70.638603, 8.998639 ], [ -70.638771, 8.999188 ], [ -70.639015, 8.999759 ], [ -70.639084, 9.000081 ], [ -70.639168, 9.000216 ], [ -70.639221, 9.000383 ], [ -70.639259, 9.000668 ], [ -70.639236, 9.000758 ], [ -70.639183, 9.000822 ], [ -70.638733, 9.001030 ], [ -70.637970, 9.001279 ], [ -70.637238, 9.001371 ], [ -70.636589, 9.001439 ], [ -70.635918, 9.001461 ], [ -70.635162, 9.001510 ], [ -70.634514, 9.001598 ], [ -70.633873, 9.001712 ], [ -70.633476, 9.001874 ], [ -70.633270, 9.001956 ], [ -70.632523, 9.002349 ], [ -70.631935, 9.002736 ], [ -70.631279, 9.003240 ], [ -70.630554, 9.003815 ], [ -70.629974, 9.004294 ], [ -70.629341, 9.004845 ], [ -70.628853, 9.005319 ], [ -70.628471, 9.005768 ], [ -70.627869, 9.006410 ], [ -70.627403, 9.006930 ], [ -70.626953, 9.007313 ], [ -70.626389, 9.007676 ], [ -70.625755, 9.008134 ], [ -70.624611, 9.009045 ], [ -70.624000, 9.009456 ], [ -70.623390, 9.009844 ], [ -70.622818, 9.010047 ], [ -70.622193, 9.010020 ], [ -70.621613, 9.009901 ], [ -70.620926, 9.010108 ], [ -70.620384, 9.010539 ], [ -70.619423, 9.011605 ], [ -70.618942, 9.012311 ], [ -70.617645, 9.014284 ], [ -70.617226, 9.014942 ], [ -70.616829, 9.015415 ], [ -70.616264, 9.015939 ], [ -70.615677, 9.016326 ], [ -70.615059, 9.016530 ], [ -70.614464, 9.016687 ], [ -70.613823, 9.016869 ], [ -70.613220, 9.016912 ], [ -70.611908, 9.017046 ], [ -70.611267, 9.017204 ], [ -70.610489, 9.017438 ], [ -70.609825, 9.017666 ], [ -70.608986, 9.017992 ], [ -70.608338, 9.018128 ], [ -70.606895, 9.018566 ], [ -70.606094, 9.018776 ], [ -70.605431, 9.018982 ], [ -70.604813, 9.019117 ], [ -70.604034, 9.019258 ], [ -70.602745, 9.019506 ], [ -70.601372, 9.019827 ], [ -70.600800, 9.020006 ], [ -70.600044, 9.020284 ], [ -70.599289, 9.020630 ], [ -70.598587, 9.020998 ], [ -70.597954, 9.021317 ], [ -70.597176, 9.021687 ], [ -70.596611, 9.022028 ], [ -70.596062, 9.022298 ], [ -70.595589, 9.022659 ], [ -70.594955, 9.023048 ], [ -70.594460, 9.023431 ], [ -70.593903, 9.023932 ], [ -70.593430, 9.024407 ], [ -70.592804, 9.024911 ], [ -70.592201, 9.025529 ], [ -70.591728, 9.025958 ], [ -70.591186, 9.026366 ], [ -70.590637, 9.026660 ], [ -70.590141, 9.026998 ], [ -70.589600, 9.027268 ], [ -70.587647, 9.028320 ], [ -70.586914, 9.028667 ], [ -70.586121, 9.028968 ], [ -70.583557, 9.029924 ], [ -70.582641, 9.030209 ], [ -70.581818, 9.030396 ], [ -70.581123, 9.030464 ], [ -70.580498, 9.030324 ], [ -70.580437, 9.030146 ], [ -70.580292, 9.029756 ], [ -70.580269, 9.029112 ], [ -70.580200, 9.028447 ], [ -70.580086, 9.027738 ], [ -70.580063, 9.027096 ], [ -70.579903, 9.026320 ], [ -70.579659, 9.025361 ], [ -70.579399, 9.024543 ], [ -70.578705, 9.023069 ], [ -70.578491, 9.022318 ], [ -70.578377, 9.021655 ], [ -70.578094, 9.020261 ], [ -70.577606, 9.018691 ], [ -70.577347, 9.017985 ], [ -70.577164, 9.017370 ], [ -70.576889, 9.016759 ], [ -70.576546, 9.016127 ], [ -70.576271, 9.015584 ], [ -70.576233, 9.015535 ], [ -70.575859, 9.015068 ], [ -70.575295, 9.014673 ], [ -70.574661, 9.014394 ], [ -70.574005, 9.014232 ], [ -70.573357, 9.014161 ], [ -70.572571, 9.014209 ], [ -70.571739, 9.014282 ], [ -70.570961, 9.014422 ], [ -70.570206, 9.014585 ], [ -70.569313, 9.014868 ], [ -70.567940, 9.015256 ], [ -70.567291, 9.015414 ], [ -70.566673, 9.015504 ], [ -70.565979, 9.015481 ], [ -70.565216, 9.015414 ], [ -70.564468, 9.015208 ], [ -70.563782, 9.014862 ], [ -70.563171, 9.014537 ], [ -70.562607, 9.014187 ], [ -70.561821, 9.013638 ], [ -70.561256, 9.013311 ], [ -70.560738, 9.012983 ], [ -70.560150, 9.012795 ], [ -70.559502, 9.012632 ], [ -70.558845, 9.012424 ], [ -70.558075, 9.012197 ], [ -70.556465, 9.011743 ], [ -70.555725, 9.011697 ], [ -70.554985, 9.011722 ], [ -70.554268, 9.011767 ], [ -70.553634, 9.011603 ], [ -70.553055, 9.011393 ], [ -70.552513, 9.011158 ], [ -70.551994, 9.010853 ], [ -70.550598, 9.009932 ], [ -70.549179, 9.008943 ], [ -70.548042, 9.008175 ], [ -70.547378, 9.007782 ], [ -70.546722, 9.007574 ], [ -70.546166, 9.007339 ], [ -70.545586, 9.006806 ], [ -70.545181, 9.006267 ], [ -70.544884, 9.005702 ], [ -70.544327, 9.003788 ], [ -70.543984, 9.003086 ], [ -70.543640, 9.002431 ], [ -70.543320, 9.001935 ], [ -70.542908, 9.001327 ], [ -70.542740, 9.000038 ], [ -70.542473, 8.999326 ], [ -70.542503, 8.998315 ], [ -70.542564, 8.997647 ], [ -70.542663, 8.996773 ], [ -70.542992, 8.995412 ], [ -70.543213, 8.994720 ], [ -70.543434, 8.993957 ], [ -70.544044, 8.991995 ], [ -70.544510, 8.990427 ], [ -70.544777, 8.989640 ], [ -70.544991, 8.988879 ], [ -70.545189, 8.988050 ], [ -70.545555, 8.986390 ], [ -70.545685, 8.985582 ], [ -70.545807, 8.984616 ], [ -70.545822, 8.984065 ], [ -70.545898, 8.983282 ], [ -70.545975, 8.982316 ], [ -70.546104, 8.981785 ], [ -70.546234, 8.981208 ], [ -70.546501, 8.980424 ], [ -70.546722, 8.979892 ], [ -70.547378, 8.978641 ], [ -70.547760, 8.977969 ], [ -70.548142, 8.977321 ], [ -70.548683, 8.976507 ], [ -70.549179, 8.975696 ], [ -70.549721, 8.974861 ], [ -70.550468, 8.973678 ], [ -70.550873, 8.973074 ], [ -70.551163, 8.972610 ], [ -70.551506, 8.972008 ], [ -70.552162, 8.971033 ], [ -70.552399, 8.970317 ], [ -70.552536, 8.969787 ], [ -70.552589, 8.969050 ], [ -70.552437, 8.968247 ], [ -70.552269, 8.967654 ], [ -70.552002, 8.966899 ], [ -70.551476, 8.965597 ], [ -70.551140, 8.964799 ], [ -70.550682, 8.963611 ], [ -70.550484, 8.962924 ], [ -70.550049, 8.961759 ], [ -70.549919, 8.961071 ], [ -70.549728, 8.960316 ], [ -70.549622, 8.959744 ], [ -70.549568, 8.959055 ], [ -70.549400, 8.958510 ], [ -70.549354, 8.957915 ], [ -70.549370, 8.956738 ], [ -70.549354, 8.956578 ], [ -70.549332, 8.956318 ], [ -70.549362, 8.955513 ], [ -70.549492, 8.954867 ], [ -70.549622, 8.954337 ], [ -70.549728, 8.953440 ], [ -70.549759, 8.952726 ], [ -70.549774, 8.952061 ], [ -70.549866, 8.950727 ], [ -70.549904, 8.949967 ], [ -70.549996, 8.948679 ], [ -70.550033, 8.947875 ], [ -70.549950, 8.947255 ], [ -70.549805, 8.946591 ], [ -70.549561, 8.945997 ], [ -70.549301, 8.945404 ], [ -70.548897, 8.944744 ], [ -70.548164, 8.943675 ], [ -70.547737, 8.943130 ], [ -70.547050, 8.942106 ], [ -70.546722, 8.941560 ], [ -70.546455, 8.940944 ], [ -70.546280, 8.940349 ], [ -70.546249, 8.939660 ], [ -70.546288, 8.938993 ], [ -70.546646, 8.938275 ], [ -70.547142, 8.937694 ], [ -70.547714, 8.937294 ], [ -70.548950, 8.936632 ], [ -70.549568, 8.936232 ], [ -70.551102, 8.935198 ], [ -70.551788, 8.934706 ], [ -70.552223, 8.934308 ], [ -70.553001, 8.933744 ], [ -70.553917, 8.933064 ], [ -70.554466, 8.932757 ], [ -70.555313, 8.932262 ], [ -70.556091, 8.931791 ], [ -70.556709, 8.931345 ], [ -70.557190, 8.930902 ], [ -70.557617, 8.930412 ], [ -70.558021, 8.929763 ], [ -70.558312, 8.929024 ], [ -70.558556, 8.928285 ], [ -70.558876, 8.927843 ], [ -70.559372, 8.927422 ], [ -70.559898, 8.926770 ], [ -70.560326, 8.926005 ], [ -70.560730, 8.925196 ], [ -70.561089, 8.924523 ], [ -70.561272, 8.924084 ], [ -70.561867, 8.922880 ], [ -70.562348, 8.922138 ], [ -70.562798, 8.921488 ], [ -70.563225, 8.920815 ], [ -70.563812, 8.919956 ], [ -70.564354, 8.919328 ], [ -70.565338, 8.918417 ], [ -70.565933, 8.917833 ], [ -70.566566, 8.917249 ], [ -70.567070, 8.916851 ], [ -70.567825, 8.916173 ], [ -70.568504, 8.915635 ], [ -70.568939, 8.915260 ], [ -70.569740, 8.914490 ], [ -70.571259, 8.912835 ], [ -70.572258, 8.911786 ], [ -70.572693, 8.911206 ], [ -70.573006, 8.910672 ], [ -70.573296, 8.910093 ], [ -70.573647, 8.908709 ], [ -70.573845, 8.908178 ], [ -70.574158, 8.907531 ], [ -70.574455, 8.907043 ], [ -70.574860, 8.906440 ], [ -70.575195, 8.905974 ], [ -70.575539, 8.905441 ], [ -70.575852, 8.904793 ], [ -70.576050, 8.904193 ], [ -70.576248, 8.903455 ], [ -70.576454, 8.901866 ], [ -70.576530, 8.901038 ], [ -70.576569, 8.900279 ], [ -70.576439, 8.899454 ], [ -70.576172, 8.898791 ], [ -70.575493, 8.896849 ], [ -70.575157, 8.896049 ], [ -70.574890, 8.895365 ], [ -70.574745, 8.894792 ], [ -70.574669, 8.894104 ], [ -70.574608, 8.893231 ], [ -70.574730, 8.892403 ], [ -70.574882, 8.891871 ], [ -70.575066, 8.891340 ], [ -70.575310, 8.890762 ], [ -70.575477, 8.890024 ], [ -70.575493, 8.889380 ], [ -70.575371, 8.888785 ], [ -70.575035, 8.888032 ], [ -70.574700, 8.887486 ], [ -70.574577, 8.886867 ], [ -70.574448, 8.886111 ], [ -70.574547, 8.885191 ], [ -70.574631, 8.884638 ], [ -70.574875, 8.883876 ], [ -70.575142, 8.883229 ], [ -70.575432, 8.882465 ], [ -70.575844, 8.880736 ], [ -70.575966, 8.879930 ], [ -70.575958, 8.879332 ], [ -70.575920, 8.878437 ], [ -70.575676, 8.877500 ], [ -70.575485, 8.876882 ], [ -70.575195, 8.876288 ], [ -70.574600, 8.875195 ], [ -70.573868, 8.874241 ], [ -70.573212, 8.873699 ], [ -70.572792, 8.873315 ], [ -70.572227, 8.872887 ], [ -70.571716, 8.872366 ], [ -70.571220, 8.871800 ], [ -70.570793, 8.871140 ], [ -70.570572, 8.870522 ], [ -70.570473, 8.869858 ], [ -70.570419, 8.869284 ], [ -70.570236, 8.867977 ], [ -70.570084, 8.867358 ], [ -70.569672, 8.865987 ], [ -70.569382, 8.865324 ], [ -70.568909, 8.864596 ], [ -70.568436, 8.864006 ], [ -70.567947, 8.863577 ], [ -70.566872, 8.862904 ], [ -70.566406, 8.862543 ], [ -70.565956, 8.862136 ], [ -70.565628, 8.861612 ], [ -70.565613, 8.860785 ], [ -70.565811, 8.860186 ], [ -70.566132, 8.859721 ], [ -70.566635, 8.859300 ], [ -70.567207, 8.858970 ], [ -70.567986, 8.858590 ], [ -70.569656, 8.857623 ], [ -70.570984, 8.856868 ], [ -70.571899, 8.856372 ], [ -70.572495, 8.855995 ], [ -70.572975, 8.855665 ], [ -70.574417, 8.854587 ], [ -70.575836, 8.853739 ], [ -70.576866, 8.853148 ], [ -70.577537, 8.852908 ], [ -70.578156, 8.852555 ], [ -70.578751, 8.852246 ], [ -70.579231, 8.851941 ], [ -70.579910, 8.851379 ], [ -70.580299, 8.850983 ], [ -70.580452, 8.850222 ], [ -70.580635, 8.848864 ], [ -70.580894, 8.847481 ], [ -70.581413, 8.846968 ], [ -70.582108, 8.846704 ], [ -70.582703, 8.846673 ], [ -70.583397, 8.846731 ], [ -70.584236, 8.846903 ], [ -70.584908, 8.847075 ], [ -70.585564, 8.847364 ], [ -70.586304, 8.847767 ], [ -70.587174, 8.848306 ], [ -70.588058, 8.848889 ], [ -70.588875, 8.849360 ], [ -70.592018, 8.851058 ], [ -70.592811, 8.851459 ], [ -70.593651, 8.851746 ], [ -70.594299, 8.851989 ], [ -70.594971, 8.852094 ], [ -70.595619, 8.852107 ], [ -70.596382, 8.852072 ], [ -70.597168, 8.851922 ], [ -70.598061, 8.851633 ], [ -70.598755, 8.851370 ], [ -70.599648, 8.851011 ], [ -70.600357, 8.850748 ], [ -70.601898, 8.850197 ], [ -70.602654, 8.849840 ], [ -70.603256, 8.849693 ], [ -70.604111, 8.849566 ], [ -70.604660, 8.849443 ], [ -70.605324, 8.849111 ], [ -70.605782, 8.848460 ], [ -70.606026, 8.847974 ], [ -70.606155, 8.847421 ], [ -70.606262, 8.846798 ], [ -70.606484, 8.846151 ], [ -70.606865, 8.845549 ], [ -70.607323, 8.845014 ], [ -70.608414, 8.844031 ], [ -70.609329, 8.843306 ], [ -70.609802, 8.842815 ], [ -70.609932, 8.842239 ], [ -70.609947, 8.841619 ], [ -70.609871, 8.840977 ], [ -70.609879, 8.840356 ], [ -70.610077, 8.839595 ], [ -70.610558, 8.839105 ], [ -70.611153, 8.838958 ], [ -70.612076, 8.838989 ], [ -70.612770, 8.839071 ], [ -70.613907, 8.839353 ], [ -70.614700, 8.839617 ], [ -70.615349, 8.839974 ], [ -70.615845, 8.840265 ], [ -70.616730, 8.840712 ], [ -70.617447, 8.840976 ], [ -70.618927, 8.841045 ], [ -70.619743, 8.841171 ], [ -70.620690, 8.841363 ], [ -70.621918, 8.841436 ], [ -70.622589, 8.841496 ], [ -70.623146, 8.841924 ], [ -70.623596, 8.842399 ], [ -70.623924, 8.842922 ], [ -70.624191, 8.843585 ], [ -70.624481, 8.844385 ], [ -70.624954, 8.844975 ], [ -70.625450, 8.845495 ], [ -70.625938, 8.845948 ], [ -70.626549, 8.846490 ], [ -70.627113, 8.846895 ], [ -70.627556, 8.847233 ], [ -70.628044, 8.847639 ], [ -70.628586, 8.847999 ], [ -70.629097, 8.848312 ], [ -70.629654, 8.848625 ], [ -70.630539, 8.848842 ], [ -70.631142, 8.848878 ], [ -70.632019, 8.848911 ], [ -70.632782, 8.848854 ], [ -70.633637, 8.848749 ], [ -70.634209, 8.848717 ], [ -70.636017, 8.848827 ], [ -70.636734, 8.848793 ], [ -70.637375, 8.848645 ], [ -70.638115, 8.848451 ], [ -70.638710, 8.848212 ], [ -70.639214, 8.847951 ], [ -70.640930, 8.846616 ], [ -70.641930, 8.845681 ], [ -70.642364, 8.845353 ], [ -70.642822, 8.844933 ], [ -70.643227, 8.844375 ], [ -70.644272, 8.843163 ], [ -70.644768, 8.842536 ], [ -70.645134, 8.842116 ], [ -70.645676, 8.841419 ], [ -70.646080, 8.840861 ], [ -70.646584, 8.840440 ], [ -70.647270, 8.840062 ], [ -70.648147, 8.839681 ], [ -70.648880, 8.839555 ], [ -70.650360, 8.839440 ], [ -70.650955, 8.839316 ], [ -70.651604, 8.838985 ], [ -70.652153, 8.838609 ], [ -70.652580, 8.838142 ], [ -70.652893, 8.837518 ], [ -70.653236, 8.837029 ], [ -70.653801, 8.836538 ], [ -70.654358, 8.836255 ], [ -70.655022, 8.835969 ], [ -70.655891, 8.835610 ], [ -70.656700, 8.835368 ], [ -70.657227, 8.835085 ], [ -70.657799, 8.834685 ], [ -70.658272, 8.834265 ], [ -70.658707, 8.833683 ], [ -70.659157, 8.832941 ], [ -70.659355, 8.832272 ], [ -70.659469, 8.830846 ], [ -70.659477, 8.829835 ], [ -70.659538, 8.829167 ], [ -70.659706, 8.828498 ], [ -70.660065, 8.827847 ], [ -70.660317, 8.827386 ], [ -70.661880, 8.825479 ], [ -70.662239, 8.824829 ], [ -70.662437, 8.824275 ], [ -70.662567, 8.823469 ], [ -70.662437, 8.822782 ], [ -70.662201, 8.822211 ], [ -70.661728, 8.821621 ], [ -70.661346, 8.821029 ], [ -70.660965, 8.820277 ], [ -70.660622, 8.818996 ], [ -70.660683, 8.818420 ], [ -70.661019, 8.817588 ], [ -70.661400, 8.816961 ], [ -70.661781, 8.816496 ], [ -70.662262, 8.815984 ], [ -70.662766, 8.815585 ], [ -70.663422, 8.815115 ], [ -70.663925, 8.814786 ], [ -70.664589, 8.814385 ], [ -70.665146, 8.814101 ], [ -70.665764, 8.813702 ], [ -70.666451, 8.813300 ], [ -70.667068, 8.813038 ], [ -70.667595, 8.812778 ], [ -70.668121, 8.812470 ], [ -70.668671, 8.812163 ], [ -70.669174, 8.811949 ], [ -70.670463, 8.811423 ], [ -70.671684, 8.810891 ], [ -70.672852, 8.810422 ], [ -70.674317, 8.809871 ], [ -70.674919, 8.809563 ], [ -70.675446, 8.809233 ], [ -70.676033, 8.808603 ], [ -70.676941, 8.807716 ], [ -70.677353, 8.807274 ], [ -70.677879, 8.806852 ], [ -70.678421, 8.806384 ], [ -70.679039, 8.806007 ], [ -70.679573, 8.805793 ], [ -70.680351, 8.805412 ], [ -70.681015, 8.804989 ], [ -70.681473, 8.804614 ], [ -70.681923, 8.804102 ], [ -70.682312, 8.803637 ], [ -70.682693, 8.803033 ], [ -70.683273, 8.801898 ], [ -70.683586, 8.800998 ], [ -70.683823, 8.800236 ], [ -70.683998, 8.799337 ], [ -70.684258, 8.798368 ], [ -70.684570, 8.797627 ], [ -70.684860, 8.797118 ], [ -70.685249, 8.796606 ], [ -70.685745, 8.796001 ], [ -70.686081, 8.795444 ], [ -70.686279, 8.794867 ], [ -70.686676, 8.793391 ], [ -70.686958, 8.792261 ], [ -70.687172, 8.791339 ], [ -70.687462, 8.790438 ], [ -70.687775, 8.789744 ], [ -70.688133, 8.789118 ], [ -70.689529, 8.786937 ], [ -70.690025, 8.786194 ], [ -70.691544, 8.784034 ], [ -70.691948, 8.783476 ], [ -70.692490, 8.782802 ], [ -70.692947, 8.782358 ], [ -70.693474, 8.781867 ], [ -70.694153, 8.781305 ], [ -70.694977, 8.780695 ], [ -70.695640, 8.780134 ], [ -70.696892, 8.779150 ], [ -70.697418, 8.778774 ], [ -70.697876, 8.778468 ], [ -70.698448, 8.778184 ], [ -70.699097, 8.778082 ], [ -70.699745, 8.778048 ], [ -70.700363, 8.777993 ], [ -70.700989, 8.777823 ], [ -70.701462, 8.777448 ], [ -70.701874, 8.776914 ], [ -70.701866, 8.776316 ], [ -70.701569, 8.775034 ], [ -70.701576, 8.774413 ], [ -70.701660, 8.773768 ], [ -70.701813, 8.773123 ], [ -70.702011, 8.772569 ], [ -70.702851, 8.771774 ], [ -70.703446, 8.771306 ], [ -70.704819, 8.770457 ], [ -70.705620, 8.770032 ], [ -70.706352, 8.769561 ], [ -70.707016, 8.769114 ], [ -70.707497, 8.768831 ], [ -70.708504, 8.768011 ], [ -70.709617, 8.766914 ], [ -70.710068, 8.766356 ], [ -70.710594, 8.765750 ], [ -70.711159, 8.765076 ], [ -70.712288, 8.763657 ], [ -70.712700, 8.763190 ], [ -70.713127, 8.762678 ], [ -70.713676, 8.762118 ], [ -70.714287, 8.761466 ], [ -70.714950, 8.760790 ], [ -70.715698, 8.759996 ], [ -70.716331, 8.759297 ], [ -70.716858, 8.758784 ], [ -70.717499, 8.758246 ], [ -70.718201, 8.757775 ], [ -70.718849, 8.757421 ], [ -70.719582, 8.757065 ], [ -70.720268, 8.756893 ], [ -70.721077, 8.756766 ], [ -70.721680, 8.756734 ], [ -70.722252, 8.756679 ], [ -70.722923, 8.756738 ], [ -70.723480, 8.756798 ], [ -70.724060, 8.756881 ], [ -70.724663, 8.756871 ], [ -70.724869, 8.756799 ], [ -70.725960, 8.755863 ], [ -70.726463, 8.755466 ], [ -70.727036, 8.755089 ], [ -70.727814, 8.754640 ], [ -70.729118, 8.753861 ], [ -70.729828, 8.753506 ], [ -70.730331, 8.753177 ], [ -70.730858, 8.752847 ], [ -70.731476, 8.752493 ], [ -70.732002, 8.752140 ], [ -70.732575, 8.751740 ], [ -70.733093, 8.751319 ], [ -70.733597, 8.750943 ], [ -70.734215, 8.750360 ], [ -70.734711, 8.749824 ], [ -70.735191, 8.749333 ], [ -70.735603, 8.748891 ], [ -70.736031, 8.748470 ], [ -70.736626, 8.747955 ], [ -70.737290, 8.747486 ], [ -70.738434, 8.746871 ], [ -70.739052, 8.746562 ], [ -70.739578, 8.746325 ], [ -70.740082, 8.746041 ], [ -70.740654, 8.745642 ], [ -70.741249, 8.745081 ], [ -70.741814, 8.744474 ], [ -70.742172, 8.743895 ], [ -70.742500, 8.742672 ], [ -70.742722, 8.742140 ], [ -70.742966, 8.741562 ], [ -70.743462, 8.740819 ], [ -70.743851, 8.740423 ], [ -70.744377, 8.739978 ], [ -70.745606, 8.738971 ], [ -70.746132, 8.738572 ], [ -70.747520, 8.737265 ], [ -70.748161, 8.736680 ], [ -70.748566, 8.736145 ], [ -70.748970, 8.735656 ], [ -70.749473, 8.734982 ], [ -70.749924, 8.734309 ], [ -70.750305, 8.733683 ], [ -70.750755, 8.733102 ], [ -70.751327, 8.732404 ], [ -70.751984, 8.731819 ], [ -70.752693, 8.731256 ], [ -70.753243, 8.730926 ], [ -70.753792, 8.730618 ], [ -70.754502, 8.730287 ], [ -70.754936, 8.729866 ], [ -70.755127, 8.729082 ], [ -70.755348, 8.728274 ], [ -70.755493, 8.727353 ], [ -70.755844, 8.725942 ], [ -70.755249, 8.725808 ], [ -70.754906, 8.725439 ], [ -70.754311, 8.724861 ], [ -70.753708, 8.724399 ], [ -70.753204, 8.723936 ], [ -70.752838, 8.723567 ], [ -70.751274, 8.722065 ], [ -70.750908, 8.721626 ], [ -70.750496, 8.721049 ], [ -70.750084, 8.720496 ], [ -70.749786, 8.719874 ], [ -70.749603, 8.719391 ], [ -70.749558, 8.718816 ], [ -70.749405, 8.718195 ], [ -70.749222, 8.717710 ], [ -70.749039, 8.717158 ], [ -70.748810, 8.716698 ], [ -70.748535, 8.716213 ], [ -70.748238, 8.715798 ], [ -70.747826, 8.715314 ], [ -70.747391, 8.714875 ], [ -70.746216, 8.713490 ], [ -70.745857, 8.712775 ], [ -70.745491, 8.712268 ], [ -70.745094, 8.711830 ], [ -70.744682, 8.711322 ], [ -70.744247, 8.710860 ], [ -70.743881, 8.710490 ], [ -70.743469, 8.709914 ], [ -70.742989, 8.709336 ], [ -70.742531, 8.708920 ], [ -70.741745, 8.708618 ], [ -70.741165, 8.708523 ], [ -70.740593, 8.708404 ], [ -70.739967, 8.708332 ], [ -70.738838, 8.708281 ], [ -70.737450, 8.708273 ], [ -70.736870, 8.708293 ], [ -70.736175, 8.708266 ], [ -70.735512, 8.708262 ], [ -70.733620, 8.708092 ], [ -70.732948, 8.707996 ], [ -70.731606, 8.707667 ], [ -70.730476, 8.707179 ], [ -70.730042, 8.706924 ], [ -70.729538, 8.706599 ], [ -70.728249, 8.705605 ], [ -70.727165, 8.704702 ], [ -70.726799, 8.704356 ], [ -70.726364, 8.703963 ], [ -70.725189, 8.702786 ], [ -70.724800, 8.702346 ], [ -70.724388, 8.701861 ], [ -70.724068, 8.701446 ], [ -70.723701, 8.701007 ], [ -70.723129, 8.700269 ], [ -70.722763, 8.699877 ], [ -70.722420, 8.699484 ], [ -70.722031, 8.698999 ], [ -70.721519, 8.698422 ], [ -70.721176, 8.697961 ], [ -70.720741, 8.697315 ], [ -70.720238, 8.696669 ], [ -70.719849, 8.696138 ], [ -70.718842, 8.694984 ], [ -70.718430, 8.694545 ], [ -70.717903, 8.694060 ], [ -70.717415, 8.693644 ], [ -70.716797, 8.693204 ], [ -70.716339, 8.692903 ], [ -70.715828, 8.692578 ], [ -70.715187, 8.692207 ], [ -70.714012, 8.691648 ], [ -70.713364, 8.691300 ], [ -70.712952, 8.690747 ], [ -70.712563, 8.690170 ], [ -70.712219, 8.689709 ], [ -70.711899, 8.689317 ], [ -70.711510, 8.688763 ], [ -70.711120, 8.688278 ], [ -70.710640, 8.687724 ], [ -70.710159, 8.687193 ], [ -70.709373, 8.686362 ], [ -70.708962, 8.685946 ], [ -70.708481, 8.685507 ], [ -70.708000, 8.685021 ], [ -70.707657, 8.684629 ], [ -70.707268, 8.684121 ], [ -70.706962, 8.683706 ], [ -70.706528, 8.682991 ], [ -70.706161, 8.682438 ], [ -70.705894, 8.681976 ], [ -70.705734, 8.681401 ], [ -70.705574, 8.680895 ], [ -70.705437, 8.680251 ], [ -70.705307, 8.679699 ], [ -70.705215, 8.678963 ], [ -70.705337, 8.678344 ], [ -70.705612, 8.677771 ], [ -70.705940, 8.677266 ], [ -70.706406, 8.676764 ], [ -70.706871, 8.676353 ], [ -70.707825, 8.675461 ], [ -70.708221, 8.675118 ], [ -70.708664, 8.674569 ], [ -70.709030, 8.674021 ], [ -70.709358, 8.673562 ], [ -70.709664, 8.672990 ], [ -70.709968, 8.672485 ], [ -70.710319, 8.671866 ], [ -70.710693, 8.671317 ], [ -70.711479, 8.670218 ], [ -70.711807, 8.669738 ], [ -70.712418, 8.668776 ], [ -70.712692, 8.668203 ], [ -70.712929, 8.667676 ], [ -70.713165, 8.667057 ], [ -70.713738, 8.666742 ], [ -70.713531, 8.665762 ], [ -70.713524, 8.665049 ], [ -70.713539, 8.664429 ], [ -70.713516, 8.663578 ], [ -70.713371, 8.662953 ], [ -70.713249, 8.662331 ], [ -70.713150, 8.661615 ], [ -70.712769, 8.660067 ], [ -70.712646, 8.659467 ], [ -70.712387, 8.658518 ], [ -70.712242, 8.657779 ], [ -70.712166, 8.657180 ], [ -70.712135, 8.656512 ], [ -70.712173, 8.655915 ], [ -70.712280, 8.655251 ], [ -70.712349, 8.654563 ], [ -70.712570, 8.654017 ], [ -70.712761, 8.653470 ], [ -70.712982, 8.652924 ], [ -70.713280, 8.652356 ], [ -70.713760, 8.651564 ], [ -70.714142, 8.650952 ], [ -70.714455, 8.650316 ], [ -70.714844, 8.649636 ], [ -70.715202, 8.649047 ], [ -70.715523, 8.648319 ], [ -70.715790, 8.647775 ], [ -70.716126, 8.647208 ], [ -70.716881, 8.645755 ], [ -70.717148, 8.645187 ], [ -70.717529, 8.644575 ], [ -70.718033, 8.643852 ], [ -70.718391, 8.643377 ], [ -70.718910, 8.642747 ], [ -70.719269, 8.642227 ], [ -70.719727, 8.641595 ], [ -70.720787, 8.639873 ], [ -70.721168, 8.639377 ], [ -70.721733, 8.638700 ], [ -70.722260, 8.638230 ], [ -70.722702, 8.637805 ], [ -70.724274, 8.636072 ], [ -70.724678, 8.635577 ], [ -70.725082, 8.635150 ], [ -70.725723, 8.634430 ], [ -70.726334, 8.633823 ], [ -70.726875, 8.633354 ], [ -70.727585, 8.632842 ], [ -70.728546, 8.632314 ], [ -70.729294, 8.631803 ], [ -70.730164, 8.631410 ], [ -70.731255, 8.631068 ], [ -70.731834, 8.630898 ], [ -70.732437, 8.630798 ], [ -70.733337, 8.630796 ], [ -70.734032, 8.630745 ], [ -70.734680, 8.630713 ], [ -70.736091, 8.630609 ], [ -70.736832, 8.630582 ], [ -70.738403, 8.630435 ], [ -70.739243, 8.630294 ], [ -70.740051, 8.630198 ], [ -70.740913, 8.629990 ], [ -70.741630, 8.629961 ], [ -70.742325, 8.629909 ], [ -70.743248, 8.629815 ], [ -70.743927, 8.629533 ], [ -70.744514, 8.629087 ], [ -70.745033, 8.628525 ], [ -70.745606, 8.627827 ], [ -70.745987, 8.627376 ], [ -70.746956, 8.626365 ], [ -70.747551, 8.625874 ], [ -70.748093, 8.625403 ], [ -70.748581, 8.625048 ], [ -70.749313, 8.624491 ], [ -70.749946, 8.623978 ], [ -70.750466, 8.623576 ], [ -70.750984, 8.623106 ], [ -70.751457, 8.622704 ], [ -70.752045, 8.622258 ], [ -70.752541, 8.621924 ], [ -70.753685, 8.621263 ], [ -70.754234, 8.620724 ], [ -70.754616, 8.620158 ], [ -70.755249, 8.619714 ], [ -70.755859, 8.619361 ], [ -70.756393, 8.619098 ], [ -70.757072, 8.618815 ], [ -70.758491, 8.618459 ], [ -70.759094, 8.618243 ], [ -70.759750, 8.618029 ], [ -70.760422, 8.617907 ], [ -70.761169, 8.617695 ], [ -70.762886, 8.617299 ], [ -70.764305, 8.616827 ], [ -70.764885, 8.616657 ], [ -70.766167, 8.616251 ], [ -70.766754, 8.615920 ], [ -70.768806, 8.614982 ], [ -70.769394, 8.614742 ], [ -70.770210, 8.614463 ], [ -70.770882, 8.614295 ], [ -70.772041, 8.614047 ], [ -70.772766, 8.613904 ], [ -70.773598, 8.613717 ], [ -70.774414, 8.613575 ], [ -70.775200, 8.613479 ], [ -70.775848, 8.613425 ], [ -70.776451, 8.613417 ], [ -70.777283, 8.613391 ], [ -70.778183, 8.613389 ], [ -70.778877, 8.613428 ], [ -70.779564, 8.613514 ], [ -70.780418, 8.613649 ], [ -70.781242, 8.613761 ], [ -70.782165, 8.613897 ], [ -70.782974, 8.614032 ], [ -70.783730, 8.614187 ], [ -70.784485, 8.614412 ], [ -70.785225, 8.614545 ], [ -70.787178, 8.615097 ], [ -70.787773, 8.615157 ], [ -70.788468, 8.615196 ], [ -70.789070, 8.615210 ], [ -70.789764, 8.615089 ], [ -70.790322, 8.614850 ], [ -70.790840, 8.614564 ], [ -70.791351, 8.614208 ], [ -70.791847, 8.613806 ], [ -70.792320, 8.613335 ], [ -70.792770, 8.612840 ], [ -70.793182, 8.612252 ], [ -70.793541, 8.611686 ], [ -70.793900, 8.611029 ], [ -70.794357, 8.610350 ], [ -70.794716, 8.609853 ], [ -70.795212, 8.609359 ], [ -70.795662, 8.608978 ], [ -70.796204, 8.608578 ], [ -70.796692, 8.608268 ], [ -70.797188, 8.607912 ], [ -70.798409, 8.607090 ], [ -70.798942, 8.606851 ], [ -70.799530, 8.606520 ], [ -70.800278, 8.606215 ], [ -70.800911, 8.605909 ], [ -70.801582, 8.605626 ], [ -70.802307, 8.605276 ], [ -70.803383, 8.604795 ], [ -70.804199, 8.604447 ], [ -70.804855, 8.604187 ], [ -70.805626, 8.603952 ], [ -70.806435, 8.603742 ], [ -70.807778, 8.603521 ], [ -70.808457, 8.603445 ], [ -70.809936, 8.603388 ], [ -70.810577, 8.603427 ], [ -70.811249, 8.603442 ], [ -70.812538, 8.603611 ], [ -70.813210, 8.603719 ], [ -70.813827, 8.603826 ], [ -70.814583, 8.604004 ], [ -70.815865, 8.604494 ], [ -70.817154, 8.604939 ], [ -70.817856, 8.605277 ], [ -70.818504, 8.605476 ], [ -70.818848, 8.605563 ], [ -70.819862, 8.604248 ], [ -70.820252, 8.603717 ], [ -70.820641, 8.603231 ], [ -70.821121, 8.602609 ], [ -70.821579, 8.601939 ], [ -70.822304, 8.600717 ], [ -70.822761, 8.600162 ], [ -70.823296, 8.599699 ], [ -70.823753, 8.599443 ], [ -70.824493, 8.599300 ], [ -70.825554, 8.599178 ], [ -70.826317, 8.599081 ], [ -70.827538, 8.598866 ], [ -70.828506, 8.598722 ], [ -70.829124, 8.598535 ], [ -70.831665, 8.598012 ], [ -70.832336, 8.597846 ], [ -70.833649, 8.597677 ], [ -70.834229, 8.597627 ], [ -70.837135, 8.597538 ], [ -70.838081, 8.597532 ], [ -70.838821, 8.597665 ], [ -70.840904, 8.598203 ], [ -70.841484, 8.598405 ], [ -70.842224, 8.598630 ], [ -70.843224, 8.598876 ], [ -70.842796, 8.597868 ], [ -70.842598, 8.596330 ], [ -70.842384, 8.594907 ], [ -70.842209, 8.593392 ], [ -70.842133, 8.592611 ], [ -70.842087, 8.591785 ], [ -70.841911, 8.590316 ], [ -70.841835, 8.589581 ], [ -70.841690, 8.588502 ], [ -70.841637, 8.587584 ], [ -70.841629, 8.586137 ], [ -70.841644, 8.585402 ], [ -70.841774, 8.584091 ], [ -70.841827, 8.581840 ], [ -70.841774, 8.580967 ], [ -70.841682, 8.580394 ], [ -70.841530, 8.579291 ], [ -70.841385, 8.578328 ], [ -70.841286, 8.577065 ], [ -70.841255, 8.576284 ], [ -70.841255, 8.575595 ], [ -70.841293, 8.574767 ], [ -70.841331, 8.573343 ], [ -70.841301, 8.572608 ], [ -70.841034, 8.570979 ], [ -70.840797, 8.569946 ], [ -70.840698, 8.569350 ], [ -70.840508, 8.568547 ], [ -70.840340, 8.567607 ], [ -70.839355, 8.565476 ], [ -70.839165, 8.564904 ], [ -70.839027, 8.564146 ], [ -70.838829, 8.562586 ], [ -70.838707, 8.561690 ], [ -70.838562, 8.561117 ], [ -70.838119, 8.560063 ], [ -70.837555, 8.559286 ], [ -70.836907, 8.558533 ], [ -70.836327, 8.557894 ], [ -70.835877, 8.557230 ], [ -70.835602, 8.556565 ], [ -70.835342, 8.555809 ], [ -70.835121, 8.554915 ], [ -70.834908, 8.553905 ], [ -70.834854, 8.552917 ], [ -70.834839, 8.550897 ], [ -70.834816, 8.550047 ], [ -70.834869, 8.548324 ], [ -70.834915, 8.547726 ], [ -70.835106, 8.545566 ], [ -70.835319, 8.543656 ], [ -70.835457, 8.542829 ], [ -70.835632, 8.541840 ], [ -70.835854, 8.540896 ], [ -70.836105, 8.539953 ], [ -70.836372, 8.539079 ], [ -70.836624, 8.538135 ], [ -70.836914, 8.537099 ], [ -70.837143, 8.536524 ], [ -70.837410, 8.535740 ], [ -70.837753, 8.534383 ], [ -70.837791, 8.533648 ], [ -70.837715, 8.533073 ], [ -70.837570, 8.532179 ], [ -70.837448, 8.531146 ], [ -70.837357, 8.530480 ], [ -70.837074, 8.529677 ], [ -70.836738, 8.528899 ], [ -70.836365, 8.528074 ], [ -70.835663, 8.526127 ], [ -70.835426, 8.525531 ], [ -70.834931, 8.524408 ], [ -70.834511, 8.523584 ], [ -70.834137, 8.523082 ], [ -70.833740, 8.522510 ], [ -70.833298, 8.521938 ], [ -70.832848, 8.521400 ], [ -70.832443, 8.520790 ], [ -70.831291, 8.519896 ], [ -70.830528, 8.519345 ], [ -70.829628, 8.519071 ], [ -70.828667, 8.518802 ], [ -70.827103, 8.517770 ], [ -70.825043, 8.516170 ], [ -70.823746, 8.514235 ], [ -70.822998, 8.512589 ], [ -70.822235, 8.511014 ], [ -70.821472, 8.509484 ], [ -70.820046, 8.508335 ], [ -70.818588, 8.507047 ], [ -70.817558, 8.504808 ], [ -70.817871, 8.502800 ], [ -70.819420, 8.501554 ], [ -70.821586, 8.500275 ], [ -70.823410, 8.498955 ], [ -70.825409, 8.496711 ], [ -70.826752, 8.494501 ], [ -70.828140, 8.491968 ], [ -70.829872, 8.489245 ], [ -70.830833, 8.487595 ], [ -70.831406, 8.485905 ], [ -70.831444, 8.484039 ], [ -70.831108, 8.480891 ], [ -70.831329, 8.478746 ], [ -70.831207, 8.475894 ], [ -70.831207, 8.472924 ], [ -70.831116, 8.470278 ], [ -70.830963, 8.468047 ], [ -70.830933, 8.466275 ], [ -70.830551, 8.464302 ], [ -70.829956, 8.461895 ], [ -70.829460, 8.459763 ], [ -70.829384, 8.455811 ], [ -70.829414, 8.455183 ], [ -70.829468, 8.454332 ], [ -70.829529, 8.453551 ], [ -70.829865, 8.451986 ], [ -70.830383, 8.449939 ], [ -70.830925, 8.448097 ], [ -70.831192, 8.447130 ], [ -70.831512, 8.446256 ], [ -70.831696, 8.445565 ], [ -70.832077, 8.444414 ], [ -70.832893, 8.442134 ], [ -70.833115, 8.441535 ], [ -70.833435, 8.440889 ], [ -70.833756, 8.440313 ], [ -70.834099, 8.439760 ], [ -70.834511, 8.438907 ], [ -70.835190, 8.437593 ], [ -70.836472, 8.435563 ], [ -70.836884, 8.434963 ], [ -70.837273, 8.434432 ], [ -70.838257, 8.433047 ], [ -70.838669, 8.432539 ], [ -70.839058, 8.432076 ], [ -70.839493, 8.431592 ], [ -70.840179, 8.430783 ], [ -70.840729, 8.430182 ], [ -70.841141, 8.429674 ], [ -70.841644, 8.429073 ], [ -70.842148, 8.428541 ], [ -70.842834, 8.427962 ], [ -70.843330, 8.427623 ], [ -70.843964, 8.427175 ], [ -70.845054, 8.426461 ], [ -70.845520, 8.426100 ], [ -70.845993, 8.425782 ], [ -70.846405, 8.425435 ], [ -70.846954, 8.425133 ], [ -70.847672, 8.424967 ], [ -70.848221, 8.424803 ], [ -70.849304, 8.424130 ], [ -70.849854, 8.423919 ], [ -70.850479, 8.423846 ], [ -70.850876, 8.424371 ], [ -70.851036, 8.424945 ], [ -70.851387, 8.425425 ], [ -70.851967, 8.425467 ], [ -70.852447, 8.425004 ], [ -70.852905, 8.424220 ], [ -70.853134, 8.423691 ], [ -70.853172, 8.422955 ], [ -70.852798, 8.422429 ], [ -70.852287, 8.422111 ], [ -70.851776, 8.421839 ], [ -70.851112, 8.421590 ], [ -70.850525, 8.421181 ], [ -70.850105, 8.420587 ], [ -70.850037, 8.419966 ], [ -70.850052, 8.419277 ], [ -70.849983, 8.418703 ], [ -70.849655, 8.418177 ], [ -70.849098, 8.417675 ], [ -70.848351, 8.417198 ], [ -70.847634, 8.416881 ], [ -70.846962, 8.416564 ], [ -70.846588, 8.415832 ], [ -70.846840, 8.415164 ], [ -70.847389, 8.414792 ], [ -70.848007, 8.414351 ], [ -70.848419, 8.413843 ], [ -70.848671, 8.413083 ], [ -70.848503, 8.412488 ], [ -70.847969, 8.412147 ], [ -70.847465, 8.412518 ], [ -70.847054, 8.412956 ], [ -70.846527, 8.413190 ], [ -70.845947, 8.413355 ], [ -70.845207, 8.413497 ], [ -70.844543, 8.413502 ], [ -70.843803, 8.413598 ], [ -70.843201, 8.413717 ], [ -70.842651, 8.413468 ], [ -70.841980, 8.413266 ], [ -70.841377, 8.413270 ], [ -70.840752, 8.413389 ], [ -70.840179, 8.413324 ], [ -70.839851, 8.412798 ], [ -70.840004, 8.412016 ], [ -70.840393, 8.411326 ], [ -70.841148, 8.410606 ], [ -70.841797, 8.410166 ], [ -70.842369, 8.409841 ], [ -70.842873, 8.409331 ], [ -70.843262, 8.408893 ], [ -70.843926, 8.408291 ], [ -70.845215, 8.407317 ], [ -70.845718, 8.406855 ], [ -70.846291, 8.406231 ], [ -70.846886, 8.405629 ], [ -70.847709, 8.404613 ], [ -70.848190, 8.404036 ], [ -70.849266, 8.402949 ], [ -70.849869, 8.402486 ], [ -70.850944, 8.401283 ], [ -70.851402, 8.400729 ], [ -70.851952, 8.400013 ], [ -70.852272, 8.399528 ], [ -70.852821, 8.398836 ], [ -70.853371, 8.398212 ], [ -70.853989, 8.397473 ], [ -70.854629, 8.396779 ], [ -70.856529, 8.394469 ], [ -70.856941, 8.393869 ], [ -70.857353, 8.393292 ], [ -70.857712, 8.392670 ], [ -70.858215, 8.391885 ], [ -70.859650, 8.389119 ], [ -70.859902, 8.388452 ], [ -70.860146, 8.387576 ], [ -70.860527, 8.385897 ], [ -70.860870, 8.384884 ], [ -70.861504, 8.383157 ], [ -70.861870, 8.382488 ], [ -70.862213, 8.381958 ], [ -70.862625, 8.381380 ], [ -70.863060, 8.380872 ], [ -70.863518, 8.380456 ], [ -70.864090, 8.380038 ], [ -70.864845, 8.379643 ], [ -70.865631, 8.379293 ], [ -70.866508, 8.378965 ], [ -70.867172, 8.378731 ], [ -70.867889, 8.378520 ], [ -70.868691, 8.378147 ], [ -70.869522, 8.377820 ], [ -70.870094, 8.377563 ], [ -70.871246, 8.377211 ], [ -70.872536, 8.376949 ], [ -70.873604, 8.376827 ], [ -70.874199, 8.376709 ], [ -70.875122, 8.376450 ], [ -70.875931, 8.376191 ], [ -70.876503, 8.376050 ], [ -70.877746, 8.375766 ], [ -70.878418, 8.375601 ], [ -70.880463, 8.375012 ], [ -70.881111, 8.374779 ], [ -70.881775, 8.374521 ], [ -70.882309, 8.374288 ], [ -70.883179, 8.373868 ], [ -70.883919, 8.373542 ], [ -70.884628, 8.373284 ], [ -70.885162, 8.373005 ], [ -70.885803, 8.372611 ], [ -70.886307, 8.372193 ], [ -70.886910, 8.371753 ], [ -70.887550, 8.371197 ], [ -70.888214, 8.370447 ], [ -70.888740, 8.369811 ], [ -70.889793, 8.368494 ], [ -70.890251, 8.367871 ], [ -70.890610, 8.367133 ], [ -70.890976, 8.366281 ], [ -70.891319, 8.365590 ], [ -70.891930, 8.364162 ], [ -70.892296, 8.363423 ], [ -70.892616, 8.362847 ], [ -70.892975, 8.362063 ], [ -70.893341, 8.361326 ], [ -70.894096, 8.359943 ], [ -70.894958, 8.358604 ], [ -70.895416, 8.358005 ], [ -70.895828, 8.357565 ], [ -70.896286, 8.357102 ], [ -70.897339, 8.355740 ], [ -70.897728, 8.355301 ], [ -70.898277, 8.354585 ], [ -70.898689, 8.353962 ], [ -70.899513, 8.352991 ], [ -70.900749, 8.351053 ], [ -70.901070, 8.350523 ], [ -70.901497, 8.349762 ], [ -70.901794, 8.349186 ], [ -70.902069, 8.348517 ], [ -70.902451, 8.347343 ], [ -70.902672, 8.346423 ], [ -70.902855, 8.345778 ], [ -70.902969, 8.345158 ], [ -70.903053, 8.343940 ], [ -70.902992, 8.342447 ], [ -70.902939, 8.341505 ], [ -70.902840, 8.340518 ], [ -70.902794, 8.339829 ], [ -70.902504, 8.338362 ], [ -70.902382, 8.337650 ], [ -70.902374, 8.336478 ], [ -70.902435, 8.335904 ], [ -70.902573, 8.335328 ], [ -70.902847, 8.334661 ], [ -70.903214, 8.334084 ], [ -70.903580, 8.333575 ], [ -70.905128, 8.333392 ], [ -70.905167, 8.333085 ], [ -70.905190, 8.332557 ], [ -70.905357, 8.331914 ], [ -70.905388, 8.331293 ], [ -70.905525, 8.330627 ], [ -70.905601, 8.330121 ], [ -70.905693, 8.329594 ], [ -70.905747, 8.329064 ], [ -70.905960, 8.328306 ], [ -70.906029, 8.327709 ], [ -70.906288, 8.326952 ], [ -70.906410, 8.326378 ], [ -70.906555, 8.325804 ], [ -70.906601, 8.325229 ], [ -70.906677, 8.324655 ], [ -70.906891, 8.323919 ], [ -70.907120, 8.323347 ], [ -70.907356, 8.322865 ], [ -70.907593, 8.322407 ], [ -70.907753, 8.321856 ], [ -70.907761, 8.321327 ], [ -70.907738, 8.320683 ], [ -70.907654, 8.319946 ], [ -70.907494, 8.319094 ], [ -70.907364, 8.318542 ], [ -70.906998, 8.317411 ], [ -70.906776, 8.316834 ], [ -70.906524, 8.316350 ], [ -70.906342, 8.315820 ], [ -70.906067, 8.315150 ], [ -70.905792, 8.314528 ], [ -70.905617, 8.313952 ], [ -70.905342, 8.313236 ], [ -70.905090, 8.312798 ], [ -70.904869, 8.312175 ], [ -70.904732, 8.311691 ], [ -70.904419, 8.310377 ], [ -70.904366, 8.310203 ], [ -70.904259, 8.309871 ], [ -70.904167, 8.309364 ], [ -70.904106, 8.308858 ], [ -70.903877, 8.308143 ], [ -70.903809, 8.307521 ], [ -70.903793, 8.306647 ], [ -70.903801, 8.306141 ], [ -70.903869, 8.305497 ], [ -70.904038, 8.304670 ], [ -70.904137, 8.304096 ], [ -70.904182, 8.303475 ], [ -70.904304, 8.302740 ], [ -70.904564, 8.301891 ], [ -70.904846, 8.301411 ], [ -70.905334, 8.300839 ], [ -70.905731, 8.300405 ], [ -70.906517, 8.299283 ], [ -70.906799, 8.298710 ], [ -70.907104, 8.298205 ], [ -70.907219, 8.297678 ], [ -70.907547, 8.296898 ], [ -70.907669, 8.296370 ], [ -70.907745, 8.295703 ], [ -70.907814, 8.295197 ], [ -70.907822, 8.294577 ], [ -70.907921, 8.293749 ], [ -70.908081, 8.293244 ], [ -70.908089, 8.292554 ], [ -70.907997, 8.291909 ], [ -70.907845, 8.290644 ], [ -70.907601, 8.289906 ], [ -70.907120, 8.288798 ], [ -70.906891, 8.288176 ], [ -70.906693, 8.287484 ], [ -70.906418, 8.286861 ], [ -70.906166, 8.286192 ], [ -70.905670, 8.284992 ], [ -70.905419, 8.284462 ], [ -70.904961, 8.283423 ], [ -70.904762, 8.282893 ], [ -70.904602, 8.282202 ], [ -70.904381, 8.281418 ], [ -70.904343, 8.280107 ], [ -70.904366, 8.279486 ], [ -70.904488, 8.278935 ], [ -70.904793, 8.278385 ], [ -70.905090, 8.277789 ], [ -70.905396, 8.277331 ], [ -70.905792, 8.276851 ], [ -70.906189, 8.276486 ], [ -70.906624, 8.276121 ], [ -70.907112, 8.275779 ], [ -70.907555, 8.275530 ], [ -70.908340, 8.275282 ], [ -70.909332, 8.275059 ], [ -70.909912, 8.275063 ], [ -70.910995, 8.275001 ], [ -70.911873, 8.274893 ], [ -70.913971, 8.274678 ], [ -70.915451, 8.274688 ], [ -70.915977, 8.274623 ], [ -70.916672, 8.274512 ], [ -70.917183, 8.274402 ], [ -70.917755, 8.274290 ], [ -70.918335, 8.274225 ], [ -70.918915, 8.274137 ], [ -70.919533, 8.274096 ], [ -70.920273, 8.274032 ], [ -70.921638, 8.273835 ], [ -70.922256, 8.273839 ], [ -70.922768, 8.273820 ], [ -70.923439, 8.273732 ], [ -70.924011, 8.273483 ], [ -70.924500, 8.273119 ], [ -70.924942, 8.272685 ], [ -70.925339, 8.272273 ], [ -70.925941, 8.271794 ], [ -70.926590, 8.271447 ], [ -70.926750, 8.270766 ], [ -70.927040, 8.270144 ], [ -70.927361, 8.269683 ], [ -70.927818, 8.269266 ], [ -70.928627, 8.268710 ], [ -70.929199, 8.268408 ], [ -70.929703, 8.268174 ], [ -70.930214, 8.267919 ], [ -70.930809, 8.267570 ], [ -70.931358, 8.267176 ], [ -70.931885, 8.266667 ], [ -70.933373, 8.265164 ], [ -70.933784, 8.264771 ], [ -70.934174, 8.264332 ], [ -70.934540, 8.263847 ], [ -70.934860, 8.263065 ], [ -70.934990, 8.262489 ], [ -70.935150, 8.261937 ], [ -70.935402, 8.261431 ], [ -70.935745, 8.260855 ], [ -70.936043, 8.260323 ], [ -70.936401, 8.259632 ], [ -70.936768, 8.258987 ], [ -70.937111, 8.258480 ], [ -70.937706, 8.257993 ], [ -70.938186, 8.257668 ], [ -70.938766, 8.257389 ], [ -70.939293, 8.257225 ], [ -70.940094, 8.256990 ], [ -70.941383, 8.256637 ], [ -70.942955, 8.256305 ], [ -70.944008, 8.255977 ], [ -70.944611, 8.255720 ], [ -70.945663, 8.255231 ], [ -70.946175, 8.254974 ], [ -70.946815, 8.254602 ], [ -70.947342, 8.254347 ], [ -70.947891, 8.254067 ], [ -70.948403, 8.253742 ], [ -70.948906, 8.253487 ], [ -70.949570, 8.253229 ], [ -70.950195, 8.253065 ], [ -70.950859, 8.252923 ], [ -70.951485, 8.252872 ], [ -70.952080, 8.253053 ], [ -70.952660, 8.253462 ], [ -70.953262, 8.253320 ], [ -70.953537, 8.252789 ], [ -70.954086, 8.252580 ], [ -70.954704, 8.252530 ], [ -70.955307, 8.252525 ], [ -70.955955, 8.252613 ], [ -70.956505, 8.252678 ], [ -70.957176, 8.252743 ], [ -70.957871, 8.252761 ], [ -70.958695, 8.252825 ], [ -70.959320, 8.252844 ], [ -70.960564, 8.253088 ], [ -70.961792, 8.253378 ], [ -70.962440, 8.253764 ], [ -70.962814, 8.254175 ], [ -70.963272, 8.254815 ], [ -70.963623, 8.255387 ], [ -70.963814, 8.255937 ], [ -70.963913, 8.256579 ], [ -70.963737, 8.258027 ], [ -70.963714, 8.258625 ], [ -70.963585, 8.259246 ], [ -70.963493, 8.259934 ], [ -70.963570, 8.260531 ], [ -70.963852, 8.261518 ], [ -70.964111, 8.262227 ], [ -70.964180, 8.262801 ], [ -70.964211, 8.263375 ], [ -70.964256, 8.263972 ], [ -70.964333, 8.264523 ], [ -70.964638, 8.265347 ], [ -70.964874, 8.265874 ], [ -70.965103, 8.266470 ], [ -70.965317, 8.267089 ], [ -70.965508, 8.267707 ], [ -70.965859, 8.268302 ], [ -70.966225, 8.268782 ], [ -70.966858, 8.269352 ], [ -70.967438, 8.269831 ], [ -70.967895, 8.270171 ], [ -70.968430, 8.270627 ], [ -70.969032, 8.271060 ], [ -70.969498, 8.271447 ], [ -70.969986, 8.271812 ], [ -70.970467, 8.272130 ], [ -70.970840, 8.272540 ], [ -70.971398, 8.273087 ], [ -70.971931, 8.273589 ], [ -70.972488, 8.274160 ], [ -70.973045, 8.274569 ], [ -70.973717, 8.274863 ], [ -70.974365, 8.275112 ], [ -70.975014, 8.275337 ], [ -70.975563, 8.275448 ], [ -70.976257, 8.275351 ], [ -70.977150, 8.275254 ], [ -70.977707, 8.275112 ], [ -70.978348, 8.275016 ], [ -70.978928, 8.274966 ], [ -70.979736, 8.274984 ], [ -70.980423, 8.274957 ], [ -70.981048, 8.274952 ], [ -70.982315, 8.275127 ], [ -70.982941, 8.275169 ], [ -70.983681, 8.275233 ], [ -70.985519, 8.275152 ], [ -70.986236, 8.275078 ], [ -70.986832, 8.275005 ], [ -70.987572, 8.274885 ], [ -70.988129, 8.274813 ], [ -70.988769, 8.274648 ], [ -70.989342, 8.274391 ], [ -70.989845, 8.273882 ], [ -70.990761, 8.272728 ], [ -70.991814, 8.271710 ], [ -70.992363, 8.271110 ], [ -70.992775, 8.270533 ], [ -70.993187, 8.269933 ], [ -70.993622, 8.269379 ], [ -70.994606, 8.268499 ], [ -70.994995, 8.268107 ], [ -70.995247, 8.267599 ], [ -70.995705, 8.267045 ], [ -70.996162, 8.266605 ], [ -70.996620, 8.266281 ], [ -70.997124, 8.266025 ], [ -70.997932, 8.265790 ], [ -70.998504, 8.265694 ], [ -70.999176, 8.265620 ], [ -70.999992, 8.265490 ], [ -71.000031, 8.265476 ], [ -71.000778, 8.265208 ], [ -71.001335, 8.264935 ], [ -71.001823, 8.264638 ], [ -71.002563, 8.264044 ], [ -71.003487, 8.263268 ], [ -71.004090, 8.262788 ], [ -71.004578, 8.262308 ], [ -71.004944, 8.261736 ], [ -71.005203, 8.261231 ], [ -71.005463, 8.260658 ], [ -71.005806, 8.260063 ], [ -71.006508, 8.258665 ], [ -71.006943, 8.258071 ], [ -71.007431, 8.257499 ], [ -71.007782, 8.257018 ], [ -71.008293, 8.256216 ], [ -71.008850, 8.255094 ], [ -71.009132, 8.254589 ], [ -71.009453, 8.253948 ], [ -71.009735, 8.253352 ], [ -71.010086, 8.252550 ], [ -71.010361, 8.252069 ], [ -71.010941, 8.250970 ], [ -71.011498, 8.250444 ], [ -71.012611, 8.249484 ], [ -71.013069, 8.249119 ], [ -71.013672, 8.248754 ], [ -71.014160, 8.248365 ], [ -71.014740, 8.248138 ], [ -71.015358, 8.247774 ], [ -71.016144, 8.247616 ], [ -71.016884, 8.247481 ], [ -71.017555, 8.247484 ], [ -71.018051, 8.247505 ], [ -71.018891, 8.247604 ], [ -71.019508, 8.247790 ], [ -71.020157, 8.247954 ], [ -71.020821, 8.248163 ], [ -71.021492, 8.248349 ], [ -71.021996, 8.248582 ], [ -71.022644, 8.248859 ], [ -71.023468, 8.249413 ], [ -71.024071, 8.249829 ], [ -71.024620, 8.250268 ], [ -71.025101, 8.250730 ], [ -71.025673, 8.251306 ], [ -71.026154, 8.251766 ], [ -71.026573, 8.252274 ], [ -71.027054, 8.252757 ], [ -71.027535, 8.253126 ], [ -71.028061, 8.253289 ], [ -71.028641, 8.253429 ], [ -71.029404, 8.253432 ], [ -71.030113, 8.253527 ], [ -71.030670, 8.253667 ], [ -71.031196, 8.253853 ], [ -71.031845, 8.254039 ], [ -71.032677, 8.254483 ], [ -71.032677, 8.253653 ], [ -71.032562, 8.252986 ], [ -71.032448, 8.252412 ], [ -71.032311, 8.251838 ], [ -71.032104, 8.251240 ], [ -71.031532, 8.250113 ], [ -71.031097, 8.249605 ], [ -71.030663, 8.249190 ], [ -71.030228, 8.248753 ], [ -71.029976, 8.248132 ], [ -71.029884, 8.247465 ], [ -71.029709, 8.246937 ], [ -71.029335, 8.246453 ], [ -71.028900, 8.246084 ], [ -71.028351, 8.245600 ], [ -71.027847, 8.245185 ], [ -71.027481, 8.244747 ], [ -71.027138, 8.244218 ], [ -71.026863, 8.243620 ], [ -71.026611, 8.243045 ], [ -71.026291, 8.242125 ], [ -71.026085, 8.241573 ], [ -71.025375, 8.240170 ], [ -71.025147, 8.239663 ], [ -71.024742, 8.238514 ], [ -71.024353, 8.237870 ], [ -71.024010, 8.237432 ], [ -71.023598, 8.236879 ], [ -71.023155, 8.236212 ], [ -71.022820, 8.235636 ], [ -71.022636, 8.234924 ], [ -71.022614, 8.234327 ], [ -71.022713, 8.233707 ], [ -71.023041, 8.232538 ], [ -71.023178, 8.231987 ], [ -71.023506, 8.231346 ], [ -71.023941, 8.230865 ], [ -71.024315, 8.230408 ], [ -71.024712, 8.229904 ], [ -71.025124, 8.229332 ], [ -71.025383, 8.228599 ], [ -71.025475, 8.227911 ], [ -71.025436, 8.227360 ], [ -71.024933, 8.226668 ], [ -71.024353, 8.226298 ], [ -71.023827, 8.226021 ], [ -71.023300, 8.225813 ], [ -71.022743, 8.225673 ], [ -71.022034, 8.225394 ], [ -71.021477, 8.225116 ], [ -71.020767, 8.224630 ], [ -71.020332, 8.224285 ], [ -71.019966, 8.223663 ], [ -71.019760, 8.223089 ], [ -71.019737, 8.222468 ], [ -71.019928, 8.221895 ], [ -71.020294, 8.221277 ], [ -71.020760, 8.220797 ], [ -71.021133, 8.220386 ], [ -71.021385, 8.219744 ], [ -71.021133, 8.219169 ], [ -71.020584, 8.218638 ], [ -71.020058, 8.218223 ], [ -71.019600, 8.217785 ], [ -71.019188, 8.217301 ], [ -71.018707, 8.216701 ], [ -71.018311, 8.216288 ], [ -71.017944, 8.215757 ], [ -71.017692, 8.215252 ], [ -71.017494, 8.214723 ], [ -71.017334, 8.214149 ], [ -71.017059, 8.213389 ], [ -71.016830, 8.212700 ], [ -71.016579, 8.212079 ], [ -71.016167, 8.211319 ], [ -71.015755, 8.210607 ], [ -71.015343, 8.210099 ], [ -71.014885, 8.209616 ], [ -71.014359, 8.209108 ], [ -71.013947, 8.208648 ], [ -71.013534, 8.208140 ], [ -71.013214, 8.207680 ], [ -71.012848, 8.207265 ], [ -71.012314, 8.206712 ], [ -71.011307, 8.205790 ], [ -71.010826, 8.205282 ], [ -71.010323, 8.204822 ], [ -71.009842, 8.204200 ], [ -71.009468, 8.203692 ], [ -71.009148, 8.203186 ], [ -71.008789, 8.202541 ], [ -71.008537, 8.201966 ], [ -71.008331, 8.201186 ], [ -71.008263, 8.200474 ], [ -71.008293, 8.199923 ], [ -71.008408, 8.199280 ], [ -71.008621, 8.198501 ], [ -71.008873, 8.197859 ], [ -71.009201, 8.197355 ], [ -71.009552, 8.196714 ], [ -71.010040, 8.195614 ], [ -71.010246, 8.194995 ], [ -71.010368, 8.194445 ], [ -71.010460, 8.193893 ], [ -71.010468, 8.193274 ], [ -71.010536, 8.192516 ], [ -71.010727, 8.191852 ], [ -71.010956, 8.191324 ], [ -71.011215, 8.190774 ], [ -71.011772, 8.190180 ], [ -71.012115, 8.189745 ], [ -71.012375, 8.189034 ], [ -71.012375, 8.188460 ], [ -71.011917, 8.187793 ], [ -71.011551, 8.187171 ], [ -71.011254, 8.186643 ], [ -71.011185, 8.186022 ], [ -71.011329, 8.185426 ], [ -71.011818, 8.184648 ], [ -71.012421, 8.184098 ], [ -71.012993, 8.183940 ], [ -71.013550, 8.183804 ], [ -71.014175, 8.183623 ], [ -71.014770, 8.183465 ], [ -71.015534, 8.183308 ], [ -71.016113, 8.183058 ], [ -71.016594, 8.182647 ], [ -71.017014, 8.182120 ], [ -71.017250, 8.181616 ], [ -71.017273, 8.181066 ], [ -71.017044, 8.180444 ], [ -71.016815, 8.179870 ], [ -71.016609, 8.179249 ], [ -71.016480, 8.178698 ], [ -71.016777, 8.178193 ], [ -71.017197, 8.177805 ], [ -71.017700, 8.177508 ], [ -71.018189, 8.177166 ], [ -71.018768, 8.176709 ], [ -71.019211, 8.176160 ], [ -71.019577, 8.175726 ], [ -71.020225, 8.175223 ], [ -71.020760, 8.174789 ], [ -71.021011, 8.174262 ], [ -71.021668, 8.173301 ], [ -71.022056, 8.172889 ], [ -71.022568, 8.172616 ], [ -71.022980, 8.172090 ], [ -71.023239, 8.171539 ], [ -71.023567, 8.171036 ], [ -71.023956, 8.170647 ], [ -71.024467, 8.170304 ], [ -71.024979, 8.170032 ], [ -71.025528, 8.169896 ], [ -71.026062, 8.169668 ], [ -71.026596, 8.169166 ], [ -71.026939, 8.168662 ], [ -71.027496, 8.168251 ], [ -71.028023, 8.168070 ], [ -71.028763, 8.167773 ], [ -71.029480, 8.167456 ], [ -71.030014, 8.167251 ], [ -71.030563, 8.166978 ], [ -71.031074, 8.166750 ], [ -71.031654, 8.166523 ], [ -71.032158, 8.166158 ], [ -71.032784, 8.165678 ], [ -71.033318, 8.165084 ], [ -71.033783, 8.164672 ], [ -71.034218, 8.164261 ], [ -71.034683, 8.163850 ], [ -71.035126, 8.163438 ], [ -71.035515, 8.163050 ], [ -71.035912, 8.162592 ], [ -71.036049, 8.161995 ], [ -71.036217, 8.161399 ], [ -71.036377, 8.160871 ], [ -71.036705, 8.160345 ], [ -71.037125, 8.159910 ], [ -71.037559, 8.159522 ], [ -71.038094, 8.159203 ], [ -71.039062, 8.158472 ], [ -71.039528, 8.158060 ], [ -71.039925, 8.157603 ], [ -71.040336, 8.157168 ], [ -71.040802, 8.156643 ], [ -71.041100, 8.156116 ], [ -71.041336, 8.155566 ], [ -71.041595, 8.154879 ], [ -71.041641, 8.154327 ], [ -71.041595, 8.153616 ], [ -71.041512, 8.152904 ], [ -71.041535, 8.152169 ], [ -71.041679, 8.151618 ], [ -71.042023, 8.151161 ], [ -71.042625, 8.151026 ], [ -71.043106, 8.150752 ], [ -71.043503, 8.150363 ], [ -71.043808, 8.149859 ], [ -71.043899, 8.149309 ], [ -71.043922, 8.148643 ], [ -71.044090, 8.148001 ], [ -71.044342, 8.147428 ], [ -71.044876, 8.146695 ], [ -71.045250, 8.146260 ], [ -71.045479, 8.145711 ], [ -71.045532, 8.145114 ], [ -71.045349, 8.144493 ], [ -71.045074, 8.143941 ], [ -71.044845, 8.143413 ], [ -71.044739, 8.142723 ], [ -71.044785, 8.142103 ], [ -71.045090, 8.141531 ], [ -71.045364, 8.140912 ], [ -71.045532, 8.140155 ], [ -71.045578, 8.139215 ], [ -71.045517, 8.138640 ], [ -71.045311, 8.137973 ], [ -71.045082, 8.137467 ], [ -71.044716, 8.137007 ], [ -71.044304, 8.136293 ], [ -71.043526, 8.135211 ], [ -71.043205, 8.134636 ], [ -71.042953, 8.134130 ], [ -71.042427, 8.133852 ], [ -71.042496, 8.133302 ], [ -71.042885, 8.132913 ], [ -71.043167, 8.132340 ], [ -71.043426, 8.131790 ], [ -71.043678, 8.131194 ], [ -71.043823, 8.130621 ], [ -71.044006, 8.130094 ], [ -71.044060, 8.129474 ], [ -71.043785, 8.128967 ], [ -71.043388, 8.128530 ], [ -71.043282, 8.127910 ], [ -71.043533, 8.127405 ], [ -71.044021, 8.127086 ], [ -71.044624, 8.126744 ], [ -71.045059, 8.126379 ], [ -71.045296, 8.125875 ], [ -71.045227, 8.125255 ], [ -71.044998, 8.124702 ], [ -71.044861, 8.124059 ], [ -71.044777, 8.123393 ], [ -71.044937, 8.122659 ], [ -71.044945, 8.122016 ], [ -71.044807, 8.121326 ], [ -71.044670, 8.120775 ], [ -71.044487, 8.120154 ], [ -71.044128, 8.119097 ], [ -71.044060, 8.118477 ], [ -71.043991, 8.117720 ], [ -71.044434, 8.117192 ], [ -71.044739, 8.116597 ], [ -71.045105, 8.116185 ], [ -71.045593, 8.115797 ], [ -71.046402, 8.114744 ], [ -71.046730, 8.114241 ], [ -71.047074, 8.113599 ], [ -71.047401, 8.113072 ], [ -71.047752, 8.112615 ], [ -71.048256, 8.112319 ], [ -71.048859, 8.112068 ], [ -71.049530, 8.112186 ], [ -71.050102, 8.112234 ], [ -71.050705, 8.112053 ], [ -71.051117, 8.111619 ], [ -71.051239, 8.110953 ], [ -71.051170, 8.110379 ], [ -71.051148, 8.109759 ], [ -71.051178, 8.109208 ], [ -71.051521, 8.108682 ], [ -71.052742, 8.108686 ], [ -71.053390, 8.108644 ], [ -71.054062, 8.108508 ], [ -71.054588, 8.108304 ], [ -71.054939, 8.107869 ], [ -71.054916, 8.107203 ], [ -71.054695, 8.105940 ], [ -71.054535, 8.105412 ], [ -71.054398, 8.104768 ], [ -71.054405, 8.104171 ], [ -71.054611, 8.103643 ], [ -71.054962, 8.103186 ], [ -71.055489, 8.102729 ], [ -71.056137, 8.102892 ], [ -71.057030, 8.103539 ], [ -71.057610, 8.103449 ], [ -71.057816, 8.102899 ], [ -71.057800, 8.102302 ], [ -71.058075, 8.101821 ], [ -71.058609, 8.101547 ], [ -71.059181, 8.101573 ], [ -71.059692, 8.101162 ], [ -71.059601, 8.100335 ], [ -71.059448, 8.099737 ], [ -71.059814, 8.099119 ], [ -71.060394, 8.098778 ], [ -71.061111, 8.098619 ], [ -71.061455, 8.098185 ], [ -71.061760, 8.097566 ], [ -71.062065, 8.097085 ], [ -71.062523, 8.096605 ], [ -71.063774, 8.095760 ], [ -71.064514, 8.094914 ], [ -71.064957, 8.094480 ], [ -71.065857, 8.093266 ], [ -71.066414, 8.092833 ], [ -71.066963, 8.092720 ], [ -71.067703, 8.092746 ], [ -71.068283, 8.092863 ], [ -71.068810, 8.092612 ], [ -71.069115, 8.092132 ], [ -71.069069, 8.091535 ], [ -71.068886, 8.090914 ], [ -71.068794, 8.090225 ], [ -71.068870, 8.089514 ], [ -71.069168, 8.089033 ], [ -71.069656, 8.088369 ], [ -71.070168, 8.087843 ], [ -71.070587, 8.087385 ], [ -71.070999, 8.086951 ], [ -71.071487, 8.086471 ], [ -71.072022, 8.086129 ], [ -71.072594, 8.085810 ], [ -71.073013, 8.085422 ], [ -71.073433, 8.084871 ], [ -71.073456, 8.084321 ], [ -71.073456, 8.083747 ], [ -71.073555, 8.082944 ], [ -71.073670, 8.082301 ], [ -71.073883, 8.081729 ], [ -71.074257, 8.081225 ], [ -71.074760, 8.080814 ], [ -71.075272, 8.080448 ], [ -71.075989, 8.080107 ], [ -71.077141, 8.079767 ], [ -71.078453, 8.079290 ], [ -71.079056, 8.078925 ], [ -71.079453, 8.078423 ], [ -71.079681, 8.077872 ], [ -71.079964, 8.077299 ], [ -71.080261, 8.076773 ], [ -71.080521, 8.076222 ], [ -71.080894, 8.075581 ], [ -71.081329, 8.075147 ], [ -71.082024, 8.074851 ], [ -71.082535, 8.074577 ], [ -71.083061, 8.074396 ], [ -71.083664, 8.074329 ], [ -71.084328, 8.074378 ], [ -71.084907, 8.074472 ], [ -71.085503, 8.074613 ], [ -71.086311, 8.074409 ], [ -71.086639, 8.073952 ], [ -71.086937, 8.073424 ], [ -71.087403, 8.073013 ], [ -71.087891, 8.072671 ], [ -71.088463, 8.072536 ], [ -71.089012, 8.072744 ], [ -71.089432, 8.073136 ], [ -71.089889, 8.073850 ], [ -71.090370, 8.074563 ], [ -71.090782, 8.075116 ], [ -71.091194, 8.075508 ], [ -71.091743, 8.075877 ], [ -71.092247, 8.076132 ], [ -71.092941, 8.076112 ], [ -71.093452, 8.075792 ], [ -71.093865, 8.075151 ], [ -71.094055, 8.074578 ], [ -71.094124, 8.074004 ], [ -71.094063, 8.073384 ], [ -71.094132, 8.072604 ], [ -71.094231, 8.071961 ], [ -71.094070, 8.071387 ], [ -71.093681, 8.070881 ], [ -71.093269, 8.070466 ], [ -71.092895, 8.070051 ], [ -71.092651, 8.069476 ], [ -71.092674, 8.068902 ], [ -71.092926, 8.068329 ], [ -71.093414, 8.067758 ], [ -71.093719, 8.067184 ], [ -71.093880, 8.066473 ], [ -71.093956, 8.065831 ], [ -71.093910, 8.065143 ], [ -71.093895, 8.064430 ], [ -71.093781, 8.063879 ], [ -71.093712, 8.063282 ], [ -71.093765, 8.062525 ], [ -71.093925, 8.061928 ], [ -71.094185, 8.061217 ], [ -71.094597, 8.060691 ], [ -71.095222, 8.060648 ], [ -71.095825, 8.060375 ], [ -71.096352, 8.060193 ], [ -71.097000, 8.060012 ], [ -71.097626, 8.059762 ], [ -71.098709, 8.059399 ], [ -71.099815, 8.058898 ], [ -71.100281, 8.058556 ], [ -71.100738, 8.058190 ], [ -71.101112, 8.057755 ], [ -71.101364, 8.057252 ], [ -71.101532, 8.056725 ], [ -71.101578, 8.056036 ], [ -71.101654, 8.055347 ], [ -71.101837, 8.054154 ], [ -71.102097, 8.053558 ], [ -71.102303, 8.052962 ], [ -71.102310, 8.052251 ], [ -71.102287, 8.051677 ], [ -71.102364, 8.050851 ], [ -71.102432, 8.050301 ], [ -71.102478, 8.049726 ], [ -71.102600, 8.049107 ], [ -71.102669, 8.048533 ], [ -71.102631, 8.047936 ], [ -71.102707, 8.046145 ], [ -71.102890, 8.045619 ], [ -71.103264, 8.045184 ], [ -71.103882, 8.045163 ], [ -71.104439, 8.045303 ], [ -71.104942, 8.045581 ], [ -71.105492, 8.045767 ], [ -71.106049, 8.045976 ], [ -71.106575, 8.046139 ], [ -71.107201, 8.046255 ], [ -71.107750, 8.046304 ], [ -71.108193, 8.045961 ], [ -71.108513, 8.045365 ], [ -71.108612, 8.044724 ], [ -71.108772, 8.044173 ], [ -71.109123, 8.043692 ], [ -71.109581, 8.043304 ], [ -71.110115, 8.043145 ], [ -71.110435, 8.042595 ], [ -71.110351, 8.041998 ], [ -71.109940, 8.041469 ], [ -71.109405, 8.041099 ], [ -71.108788, 8.040891 ], [ -71.108193, 8.040658 ], [ -71.107750, 8.040312 ], [ -71.107689, 8.039692 ], [ -71.108101, 8.039280 ], [ -71.108612, 8.038960 ], [ -71.109329, 8.038895 ], [ -71.109924, 8.038897 ], [ -71.110664, 8.039061 ], [ -71.111374, 8.039316 ], [ -71.111877, 8.039709 ], [ -71.112221, 8.040216 ], [ -71.112564, 8.040745 ], [ -71.113022, 8.041297 ], [ -71.113579, 8.041369 ], [ -71.114113, 8.041118 ], [ -71.114525, 8.040730 ], [ -71.115204, 8.039309 ], [ -71.115547, 8.038736 ], [ -71.115875, 8.038255 ], [ -71.116425, 8.037913 ], [ -71.117004, 8.037732 ], [ -71.117554, 8.037688 ], [ -71.118157, 8.037943 ], [ -71.118568, 8.038358 ], [ -71.119003, 8.038957 ], [ -71.119347, 8.039555 ], [ -71.119621, 8.040153 ], [ -71.119782, 8.040888 ], [ -71.120217, 8.041303 ], [ -71.120789, 8.041306 ], [ -71.121506, 8.041216 ], [ -71.122055, 8.041126 ], [ -71.122658, 8.041106 ], [ -71.123253, 8.041384 ], [ -71.123596, 8.041844 ], [ -71.123917, 8.042304 ], [ -71.124451, 8.042467 ], [ -71.125099, 8.042217 ], [ -71.125603, 8.041990 ], [ -71.125839, 8.041233 ], [ -71.126251, 8.040501 ], [ -71.126511, 8.039789 ], [ -71.126655, 8.038619 ], [ -71.126816, 8.038046 ], [ -71.127121, 8.037497 ], [ -71.127541, 8.037130 ], [ -71.127907, 8.036915 ], [ -71.128044, 8.036834 ], [ -71.128533, 8.036514 ], [ -71.128899, 8.036103 ], [ -71.129128, 8.035608 ], [ -71.129387, 8.034774 ], [ -71.129623, 8.034246 ], [ -71.129860, 8.033628 ], [ -71.130180, 8.033078 ], [ -71.130462, 8.032482 ], [ -71.130852, 8.031772 ], [ -71.131203, 8.031291 ], [ -71.131714, 8.030743 ], [ -71.132080, 8.030284 ], [ -71.132454, 8.029850 ], [ -71.132873, 8.029301 ], [ -71.133171, 8.028728 ], [ -71.133385, 8.028154 ], [ -71.133545, 8.027581 ], [ -71.133667, 8.026985 ], [ -71.133781, 8.026320 ], [ -71.133919, 8.025701 ], [ -71.134178, 8.025127 ], [ -71.134598, 8.024716 ], [ -71.135078, 8.024419 ], [ -71.135727, 8.024261 ], [ -71.136368, 8.024149 ], [ -71.136925, 8.024243 ], [ -71.137405, 8.024520 ], [ -71.137863, 8.024959 ], [ -71.138275, 8.025396 ], [ -71.138695, 8.025811 ], [ -71.139176, 8.026134 ], [ -71.139771, 8.026275 ], [ -71.140373, 8.026299 ], [ -71.140968, 8.026210 ], [ -71.141480, 8.025799 ], [ -71.141853, 8.025318 ], [ -71.142242, 8.024837 ], [ -71.142570, 8.024334 ], [ -71.142960, 8.023853 ], [ -71.143471, 8.023442 ], [ -71.143959, 8.023100 ], [ -71.144554, 8.022964 ], [ -71.145225, 8.023036 ], [ -71.145867, 8.023291 ], [ -71.146492, 8.023569 ], [ -71.147110, 8.023755 ], [ -71.147804, 8.023597 ], [ -71.148399, 8.023393 ], [ -71.148979, 8.023073 ], [ -71.149879, 8.022090 ], [ -71.150368, 8.021655 ], [ -71.150879, 8.021244 ], [ -71.151268, 8.020856 ], [ -71.151619, 8.020214 ], [ -71.151917, 8.019711 ], [ -71.152290, 8.019207 ], [ -71.152710, 8.018841 ], [ -71.153236, 8.018476 ], [ -71.153885, 8.017997 ], [ -71.154373, 8.017723 ], [ -71.155273, 8.016923 ], [ -71.155739, 8.016465 ], [ -71.156105, 8.016054 ], [ -71.156662, 8.015551 ], [ -71.157143, 8.015231 ], [ -71.157860, 8.014844 ], [ -71.158371, 8.014616 ], [ -71.158943, 8.014618 ], [ -71.159500, 8.014965 ], [ -71.159935, 8.015494 ], [ -71.160301, 8.016208 ], [ -71.160553, 8.016737 ], [ -71.161079, 8.017198 ], [ -71.161720, 8.017269 ], [ -71.162186, 8.016950 ], [ -71.162506, 8.016469 ], [ -71.162674, 8.015827 ], [ -71.162926, 8.015254 ], [ -71.163208, 8.014727 ], [ -71.163742, 8.014361 ], [ -71.164337, 8.014157 ], [ -71.164986, 8.014252 ], [ -71.165581, 8.014323 ], [ -71.166069, 8.013866 ], [ -71.166275, 8.013292 ], [ -71.166306, 8.012719 ], [ -71.166237, 8.012053 ], [ -71.166260, 8.011341 ], [ -71.166496, 8.010631 ], [ -71.166802, 8.010104 ], [ -71.167259, 8.009669 ], [ -71.167862, 8.009441 ], [ -71.168579, 8.009215 ], [ -71.169151, 8.009217 ], [ -71.169708, 8.009036 ], [ -71.169937, 8.008463 ], [ -71.169891, 8.007889 ], [ -71.169647, 8.007314 ], [ -71.169136, 8.006806 ], [ -71.168243, 8.005954 ], [ -71.167763, 8.005470 ], [ -71.167053, 8.004572 ], [ -71.166641, 8.004111 ], [ -71.166138, 8.003696 ], [ -71.165718, 8.003282 ], [ -71.165237, 8.002660 ], [ -71.165222, 8.001994 ], [ -71.165657, 8.001445 ], [ -71.166282, 8.001080 ], [ -71.167320, 8.000089 ], [ -71.168648, 8.000089 ], [ -71.169220, 7.999767 ], [ -71.169800, 7.999496 ], [ -71.171112, 7.999049 ], [ -71.171967, 7.998896 ], [ -71.172592, 7.998810 ], [ -71.173286, 7.998770 ], [ -71.173836, 7.998706 ], [ -71.174393, 7.998757 ], [ -71.174965, 7.998877 ], [ -71.175491, 7.998973 ], [ -71.176186, 7.999140 ], [ -71.176758, 7.999352 ], [ -71.177307, 7.999517 ], [ -71.177910, 7.999614 ], [ -71.178459, 7.999550 ], [ -71.178947, 7.999302 ], [ -71.179367, 7.998961 ], [ -71.179718, 7.998368 ], [ -71.179955, 7.997865 ], [ -71.180092, 7.997247 ], [ -71.180283, 7.996628 ], [ -71.180519, 7.995988 ], [ -71.180664, 7.995461 ], [ -71.180832, 7.994912 ], [ -71.181137, 7.994295 ], [ -71.181374, 7.993746 ], [ -71.181702, 7.993175 ], [ -71.182045, 7.992765 ], [ -71.183067, 7.992017 ], [ -71.183670, 7.991701 ], [ -71.184250, 7.991430 ], [ -71.184944, 7.991046 ], [ -71.185478, 7.990799 ], [ -71.185944, 7.990458 ], [ -71.186356, 7.990072 ], [ -71.186775, 7.989593 ], [ -71.187057, 7.989091 ], [ -71.187431, 7.988658 ], [ -71.187920, 7.988318 ], [ -71.188431, 7.987979 ], [ -71.188843, 7.987638 ], [ -71.189308, 7.987275 ], [ -71.189705, 7.986865 ], [ -71.190521, 7.985954 ], [ -71.190918, 7.985545 ], [ -71.191330, 7.985204 ], [ -71.191841, 7.984818 ], [ -71.192467, 7.984273 ], [ -71.193001, 7.983864 ], [ -71.193443, 7.983387 ], [ -71.194328, 7.982476 ], [ -71.194771, 7.982136 ], [ -71.195396, 7.981706 ], [ -71.195931, 7.981365 ], [ -71.196907, 7.980662 ], [ -71.197434, 7.980346 ], [ -71.197968, 7.979938 ], [ -71.198433, 7.979643 ], [ -71.198921, 7.979258 ], [ -71.199364, 7.978940 ], [ -71.199875, 7.978646 ], [ -71.200493, 7.978330 ], [ -71.201096, 7.978083 ], [ -71.201607, 7.977835 ], [ -71.202187, 7.977703 ], [ -71.202759, 7.977547 ], [ -71.203316, 7.977368 ], [ -71.203781, 7.976913 ], [ -71.204155, 7.976480 ], [ -71.204712, 7.976141 ], [ -71.205261, 7.975939 ], [ -71.206307, 7.975627 ], [ -71.207138, 7.975290 ], [ -71.207787, 7.975135 ], [ -71.208313, 7.975025 ], [ -71.209053, 7.974894 ], [ -71.209610, 7.974876 ], [ -71.210251, 7.974813 ], [ -71.211433, 7.974410 ], [ -71.212074, 7.974255 ], [ -71.212585, 7.974053 ], [ -71.213051, 7.973712 ], [ -71.213539, 7.973304 ], [ -71.214561, 7.972486 ], [ -71.215027, 7.972032 ], [ -71.215439, 7.971599 ], [ -71.215858, 7.971212 ], [ -71.216301, 7.970872 ], [ -71.216858, 7.970579 ], [ -71.217415, 7.970263 ], [ -71.217896, 7.969945 ], [ -71.218430, 7.969583 ], [ -71.218826, 7.969219 ], [ -71.219269, 7.968740 ], [ -71.219734, 7.968263 ], [ -71.220131, 7.967807 ], [ -71.220528, 7.967397 ], [ -71.220901, 7.966942 ], [ -71.221413, 7.966464 ], [ -71.221779, 7.965986 ], [ -71.222176, 7.965415 ], [ -71.223038, 7.964390 ], [ -71.223526, 7.963844 ], [ -71.224014, 7.963388 ], [ -71.224525, 7.963186 ], [ -71.225082, 7.963192 ], [ -71.225677, 7.963426 ], [ -71.226250, 7.963546 ], [ -71.226829, 7.963620 ], [ -71.227386, 7.963257 ], [ -71.227753, 7.962756 ], [ -71.228127, 7.962300 ], [ -71.228478, 7.961844 ], [ -71.228966, 7.961367 ], [ -71.229454, 7.961026 ], [ -71.230011, 7.960893 ], [ -71.230583, 7.961151 ], [ -71.231270, 7.961386 ], [ -71.231865, 7.961506 ], [ -71.232445, 7.961672 ], [ -71.233017, 7.961516 ], [ -71.233460, 7.960969 ], [ -71.234093, 7.960011 ], [ -71.234352, 7.959439 ], [ -71.234520, 7.958821 ], [ -71.234505, 7.958225 ], [ -71.234367, 7.957558 ], [ -71.234032, 7.956981 ], [ -71.233642, 7.956472 ], [ -71.233254, 7.956102 ], [ -71.232910, 7.955686 ], [ -71.232407, 7.955177 ], [ -71.231926, 7.954737 ], [ -71.231514, 7.954320 ], [ -71.231102, 7.953971 ], [ -71.230194, 7.953092 ], [ -71.229713, 7.952651 ], [ -71.229721, 7.951963 ], [ -71.229981, 7.951185 ], [ -71.230141, 7.950658 ], [ -71.230240, 7.950131 ], [ -71.230408, 7.949444 ], [ -71.230576, 7.948895 ], [ -71.230881, 7.948392 ], [ -71.231415, 7.948030 ], [ -71.231895, 7.947782 ], [ -71.232452, 7.947695 ], [ -71.233070, 7.947792 ], [ -71.233551, 7.948164 ], [ -71.233986, 7.948626 ], [ -71.234329, 7.949180 ], [ -71.234528, 7.949778 ], [ -71.234688, 7.950354 ], [ -71.234817, 7.950883 ], [ -71.235229, 7.951391 ], [ -71.235832, 7.951419 ], [ -71.236198, 7.950918 ], [ -71.236412, 7.950369 ], [ -71.236603, 7.949751 ], [ -71.236748, 7.949132 ], [ -71.236801, 7.948467 ], [ -71.236664, 7.947823 ], [ -71.236603, 7.947203 ], [ -71.236610, 7.946652 ], [ -71.236916, 7.945393 ], [ -71.237274, 7.944294 ], [ -71.237579, 7.943838 ], [ -71.238045, 7.943475 ], [ -71.238571, 7.943158 ], [ -71.239174, 7.943002 ], [ -71.240234, 7.942690 ], [ -71.240837, 7.942535 ], [ -71.241348, 7.942310 ], [ -71.241859, 7.941947 ], [ -71.242271, 7.941561 ], [ -71.242600, 7.940990 ], [ -71.242790, 7.940394 ], [ -71.242935, 7.939868 ], [ -71.243172, 7.939365 ], [ -71.243385, 7.938816 ], [ -71.243591, 7.938313 ], [ -71.243851, 7.937834 ], [ -71.244133, 7.937376 ], [ -71.244484, 7.936944 ], [ -71.244835, 7.936465 ], [ -71.245224, 7.936009 ], [ -71.245598, 7.935599 ], [ -71.246040, 7.935282 ], [ -71.246689, 7.935035 ], [ -71.247795, 7.934586 ], [ -71.248306, 7.934406 ], [ -71.248840, 7.934250 ], [ -71.249298, 7.933979 ], [ -71.249741, 7.933455 ], [ -71.250046, 7.932953 ], [ -71.250214, 7.932426 ], [ -71.250336, 7.931900 ], [ -71.250481, 7.930799 ], [ -71.250648, 7.930273 ], [ -71.250969, 7.929817 ], [ -71.251595, 7.930028 ], [ -71.252144, 7.930401 ], [ -71.252762, 7.930590 ], [ -71.253296, 7.930319 ], [ -71.253509, 7.929793 ], [ -71.253532, 7.929243 ], [ -71.253609, 7.928624 ], [ -71.253868, 7.927799 ], [ -71.254128, 7.927320 ], [ -71.254593, 7.927002 ], [ -71.255127, 7.926778 ], [ -71.255631, 7.926598 ], [ -71.256164, 7.926442 ], [ -71.257271, 7.926016 ], [ -71.257736, 7.925721 ], [ -71.258133, 7.925357 ], [ -71.258530, 7.924833 ], [ -71.258713, 7.924330 ], [ -71.258789, 7.923734 ], [ -71.258865, 7.923023 ], [ -71.258881, 7.921784 ], [ -71.258926, 7.921165 ], [ -71.259003, 7.920545 ], [ -71.259148, 7.919996 ], [ -71.259750, 7.919657 ], [ -71.260414, 7.919686 ], [ -71.261040, 7.919852 ], [ -71.261589, 7.920086 ], [ -71.262779, 7.920555 ], [ -71.263306, 7.920812 ], [ -71.264526, 7.921351 ], [ -71.265106, 7.921011 ], [ -71.265411, 7.920532 ], [ -71.265526, 7.919868 ], [ -71.265488, 7.919294 ], [ -71.265587, 7.918721 ], [ -71.265846, 7.918149 ], [ -71.266083, 7.917577 ], [ -71.266152, 7.917027 ], [ -71.266182, 7.916454 ], [ -71.266068, 7.915856 ], [ -71.265709, 7.915348 ], [ -71.265320, 7.914955 ], [ -71.264885, 7.914538 ], [ -71.264496, 7.914029 ], [ -71.264206, 7.913498 ], [ -71.264137, 7.912948 ], [ -71.264191, 7.912374 ], [ -71.264336, 7.911825 ], [ -71.264519, 7.911321 ], [ -71.264732, 7.910795 ], [ -71.265129, 7.910363 ], [ -71.265732, 7.909977 ], [ -71.266220, 7.909707 ], [ -71.266701, 7.909366 ], [ -71.267326, 7.909234 ], [ -71.267975, 7.909240 ], [ -71.268364, 7.909656 ], [ -71.268539, 7.910185 ], [ -71.268669, 7.910875 ], [ -71.268715, 7.911426 ], [ -71.268845, 7.912093 ], [ -71.269280, 7.912510 ], [ -71.269997, 7.912378 ], [ -71.270508, 7.912016 ], [ -71.270996, 7.911653 ], [ -71.271362, 7.911151 ], [ -71.271805, 7.910765 ], [ -71.272430, 7.910288 ], [ -71.273056, 7.910110 ], [ -71.273613, 7.910046 ], [ -71.274208, 7.910051 ], [ -71.274735, 7.910171 ], [ -71.275337, 7.910199 ], [ -71.276741, 7.910418 ], [ -71.277290, 7.910330 ], [ -71.277733, 7.909944 ], [ -71.278152, 7.909534 ], [ -71.278412, 7.909055 ], [ -71.278740, 7.908484 ], [ -71.279297, 7.908030 ], [ -71.279915, 7.907875 ], [ -71.280418, 7.908200 ], [ -71.280739, 7.908708 ], [ -71.280945, 7.909444 ], [ -71.281204, 7.910686 ], [ -71.281387, 7.911330 ], [ -71.281563, 7.911836 ], [ -71.282570, 7.912717 ], [ -71.283051, 7.913341 ], [ -71.283462, 7.913826 ], [ -71.283844, 7.914335 ], [ -71.284256, 7.914820 ], [ -71.284714, 7.915421 ], [ -71.285126, 7.915837 ], [ -71.285515, 7.916277 ], [ -71.285850, 7.916693 ], [ -71.286400, 7.917111 ], [ -71.286812, 7.917202 ], [ -71.287048, 7.917254 ], [ -71.287651, 7.917098 ], [ -71.288185, 7.916598 ], [ -71.288483, 7.916096 ], [ -71.288742, 7.915571 ], [ -71.289116, 7.915069 ], [ -71.289513, 7.914567 ], [ -71.290169, 7.913517 ], [ -71.290497, 7.912923 ], [ -71.290802, 7.912146 ], [ -71.291153, 7.911391 ], [ -71.291412, 7.910727 ], [ -71.291672, 7.910018 ], [ -71.291954, 7.909356 ], [ -71.292145, 7.908783 ], [ -71.292313, 7.908188 ], [ -71.292450, 7.907639 ], [ -71.292572, 7.906997 ], [ -71.292648, 7.906355 ], [ -71.292748, 7.905759 ], [ -71.292816, 7.905186 ], [ -71.292915, 7.904614 ], [ -71.292946, 7.904062 ], [ -71.293022, 7.903512 ], [ -71.293114, 7.902962 ], [ -71.293167, 7.902320 ], [ -71.293083, 7.901746 ], [ -71.292923, 7.901124 ], [ -71.292793, 7.900435 ], [ -71.292633, 7.899860 ], [ -71.292595, 7.899194 ], [ -71.292694, 7.898667 ], [ -71.293091, 7.898303 ], [ -71.293572, 7.897940 ], [ -71.294220, 7.897694 ], [ -71.295471, 7.897359 ], [ -71.296921, 7.897074 ], [ -71.297432, 7.896894 ], [ -71.298012, 7.896602 ], [ -71.298935, 7.896059 ], [ -71.300026, 7.895494 ], [ -71.300507, 7.895131 ], [ -71.300995, 7.894791 ], [ -71.301483, 7.894474 ], [ -71.302132, 7.893837 ], [ -71.302528, 7.893335 ], [ -71.302879, 7.892926 ], [ -71.303207, 7.892423 ], [ -71.303535, 7.891967 ], [ -71.303810, 7.891488 ], [ -71.304115, 7.890871 ], [ -71.304375, 7.890253 ], [ -71.304596, 7.889130 ], [ -71.304809, 7.888444 ], [ -71.305038, 7.887918 ], [ -71.305412, 7.887439 ], [ -71.305809, 7.887007 ], [ -71.306274, 7.886712 ], [ -71.307060, 7.886627 ], [ -71.307770, 7.886633 ], [ -71.308464, 7.886685 ], [ -71.309013, 7.886735 ], [ -71.309731, 7.886742 ], [ -71.310326, 7.886724 ], [ -71.310928, 7.886661 ], [ -71.311592, 7.886620 ], [ -71.312904, 7.886746 ], [ -71.314034, 7.886802 ], [ -71.314591, 7.886806 ], [ -71.315323, 7.886997 ], [ -71.315918, 7.887186 ], [ -71.316498, 7.887512 ], [ -71.316933, 7.887837 ], [ -71.317337, 7.888253 ], [ -71.317749, 7.888624 ], [ -71.318115, 7.889040 ], [ -71.318665, 7.889343 ], [ -71.319336, 7.889234 ], [ -71.319801, 7.888871 ], [ -71.320244, 7.887796 ], [ -71.320640, 7.887295 ], [ -71.321014, 7.886908 ], [ -71.321388, 7.886497 ], [ -71.322411, 7.885749 ], [ -71.322967, 7.885226 ], [ -71.323433, 7.884679 ], [ -71.323875, 7.884063 ], [ -71.324295, 7.883516 ], [ -71.325172, 7.882606 ], [ -71.326149, 7.881788 ], [ -71.326592, 7.881471 ], [ -71.327103, 7.881131 ], [ -71.327560, 7.880859 ], [ -71.328674, 7.880433 ], [ -71.329346, 7.880301 ], [ -71.330009, 7.880031 ], [ -71.330498, 7.879622 ], [ -71.330849, 7.879120 ], [ -71.330925, 7.878524 ], [ -71.330833, 7.877972 ], [ -71.330841, 7.877421 ], [ -71.330757, 7.876297 ], [ -71.330765, 7.875631 ], [ -71.330955, 7.875036 ], [ -71.331444, 7.874489 ], [ -71.332001, 7.874219 ], [ -71.332451, 7.873961 ], [ -71.333130, 7.873494 ], [ -71.333595, 7.873085 ], [ -71.334107, 7.872814 ], [ -71.334709, 7.872682 ], [ -71.335259, 7.872617 ], [ -71.336044, 7.872211 ], [ -71.336487, 7.871871 ], [ -71.336906, 7.871461 ], [ -71.337326, 7.871097 ], [ -71.337738, 7.870710 ], [ -71.338364, 7.870234 ], [ -71.338829, 7.869916 ], [ -71.339828, 7.869099 ], [ -71.340271, 7.868667 ], [ -71.341682, 7.867600 ], [ -71.342194, 7.867260 ], [ -71.342819, 7.866806 ], [ -71.343819, 7.866196 ], [ -71.344513, 7.865811 ], [ -71.345528, 7.865315 ], [ -71.346084, 7.865090 ], [ -71.346680, 7.864912 ], [ -71.347443, 7.864735 ], [ -71.348114, 7.864488 ], [ -71.348739, 7.864287 ], [ -71.349434, 7.863926 ], [ -71.349991, 7.863471 ], [ -71.350411, 7.863039 ], [ -71.350799, 7.862606 ], [ -71.351128, 7.862081 ], [ -71.351387, 7.861441 ], [ -71.351623, 7.860915 ], [ -71.351906, 7.860297 ], [ -71.352165, 7.859795 ], [ -71.352905, 7.858746 ], [ -71.353210, 7.858289 ], [ -71.353890, 7.857239 ], [ -71.354286, 7.856761 ], [ -71.355102, 7.855872 ], [ -71.355515, 7.855486 ], [ -71.356049, 7.855123 ], [ -71.356697, 7.854877 ], [ -71.357323, 7.854767 ], [ -71.357872, 7.854772 ], [ -71.358421, 7.854822 ], [ -71.359047, 7.854896 ], [ -71.360176, 7.854952 ], [ -71.360817, 7.855141 ], [ -71.361366, 7.855260 ], [ -71.361946, 7.855357 ], [ -71.362518, 7.855339 ], [ -71.363121, 7.855276 ], [ -71.363724, 7.855097 ], [ -71.364342, 7.854896 ], [ -71.364921, 7.854648 ], [ -71.365433, 7.854331 ], [ -71.365967, 7.854037 ], [ -71.366424, 7.853697 ], [ -71.366890, 7.853379 ], [ -71.367310, 7.852947 ], [ -71.367752, 7.852446 ], [ -71.368195, 7.852059 ], [ -71.368820, 7.851721 ], [ -71.369347, 7.851472 ], [ -71.369972, 7.851524 ], [ -71.370590, 7.851621 ], [ -71.371010, 7.851593 ], [ -71.371193, 7.851580 ], [ -71.371719, 7.851447 ], [ -71.372276, 7.851222 ], [ -71.372856, 7.850905 ], [ -71.373276, 7.850381 ], [ -71.373672, 7.849811 ], [ -71.374069, 7.849309 ], [ -71.374512, 7.848625 ], [ -71.375442, 7.847095 ], [ -71.375633, 7.846408 ], [ -71.375801, 7.845882 ], [ -71.376015, 7.845310 ], [ -71.376274, 7.844716 ], [ -71.376686, 7.844191 ], [ -71.377197, 7.843874 ], [ -71.377777, 7.843535 ], [ -71.378425, 7.843173 ], [ -71.378983, 7.842811 ], [ -71.379936, 7.842062 ], [ -71.380401, 7.841515 ], [ -71.380699, 7.841058 ], [ -71.381096, 7.840488 ], [ -71.381447, 7.839664 ], [ -71.381683, 7.839070 ], [ -71.381897, 7.838452 ], [ -71.382088, 7.837673 ], [ -71.382164, 7.837077 ], [ -71.382217, 7.836390 ], [ -71.382355, 7.835794 ], [ -71.382523, 7.835199 ], [ -71.382713, 7.834580 ], [ -71.382973, 7.833894 ], [ -71.383369, 7.833140 ], [ -71.384049, 7.832022 ], [ -71.384308, 7.831519 ], [ -71.384888, 7.830583 ], [ -71.385384, 7.829830 ], [ -71.385826, 7.829191 ], [ -71.386200, 7.828735 ], [ -71.386711, 7.828211 ], [ -71.387291, 7.827666 ], [ -71.387726, 7.827210 ], [ -71.388283, 7.826756 ], [ -71.389282, 7.825984 ], [ -71.389770, 7.825736 ], [ -71.390785, 7.825102 ], [ -71.391487, 7.824534 ], [ -71.392036, 7.824126 ], [ -71.392708, 7.823696 ], [ -71.393173, 7.823424 ], [ -71.393753, 7.823131 ], [ -71.394882, 7.822727 ], [ -71.395508, 7.822526 ], [ -71.396088, 7.822393 ], [ -71.396637, 7.822283 ], [ -71.397705, 7.821901 ], [ -71.398323, 7.821609 ], [ -71.398765, 7.821268 ], [ -71.399231, 7.820767 ], [ -71.399673, 7.820266 ], [ -71.399956, 7.819717 ], [ -71.400215, 7.819192 ], [ -71.400543, 7.818598 ], [ -71.401009, 7.818006 ], [ -71.402672, 7.816872 ], [ -71.403092, 7.816485 ], [ -71.403488, 7.816099 ], [ -71.404114, 7.815507 ], [ -71.404602, 7.815121 ], [ -71.404991, 7.814757 ], [ -71.405525, 7.814440 ], [ -71.406013, 7.814032 ], [ -71.407173, 7.813330 ], [ -71.407822, 7.813037 ], [ -71.408424, 7.812652 ], [ -71.408951, 7.812266 ], [ -71.409462, 7.811834 ], [ -71.409905, 7.811494 ], [ -71.411293, 7.810496 ], [ -71.411804, 7.810179 ], [ -71.412430, 7.809840 ], [ -71.413078, 7.809410 ], [ -71.413635, 7.809162 ], [ -71.414093, 7.808821 ], [ -71.415024, 7.808095 ], [ -71.415626, 7.807664 ], [ -71.416092, 7.807346 ], [ -71.416832, 7.806917 ], [ -71.417503, 7.806463 ], [ -71.418083, 7.806124 ], [ -71.418587, 7.805807 ], [ -71.419235, 7.805422 ], [ -71.419815, 7.805037 ], [ -71.420372, 7.804720 ], [ -71.420998, 7.804450 ], [ -71.421432, 7.804155 ], [ -71.422203, 7.803588 ], [ -71.422874, 7.803021 ], [ -71.423294, 7.802611 ], [ -71.423691, 7.802132 ], [ -71.424202, 7.801609 ], [ -71.424713, 7.801062 ], [ -71.425239, 7.800791 ], [ -71.425751, 7.800589 ], [ -71.426353, 7.800387 ], [ -71.427132, 7.800348 ], [ -71.427849, 7.800285 ], [ -71.428497, 7.800199 ], [ -71.429046, 7.800158 ], [ -71.429626, 7.799887 ], [ -71.430046, 7.799478 ], [ -71.430534, 7.798862 ], [ -71.430924, 7.798452 ], [ -71.431366, 7.798043 ], [ -71.431877, 7.797634 ], [ -71.432411, 7.797386 ], [ -71.432938, 7.797230 ], [ -71.433563, 7.797212 ], [ -71.434181, 7.797171 ], [ -71.435333, 7.797388 ], [ -71.435982, 7.797485 ], [ -71.436668, 7.797491 ], [ -71.437363, 7.797404 ], [ -71.438469, 7.796978 ], [ -71.438797, 7.796522 ], [ -71.439308, 7.796274 ], [ -71.439812, 7.796002 ], [ -71.440392, 7.795709 ], [ -71.441017, 7.795347 ], [ -71.441620, 7.794962 ], [ -71.442200, 7.794508 ], [ -71.442848, 7.794100 ], [ -71.443405, 7.793783 ], [ -71.444008, 7.793398 ], [ -71.444420, 7.793035 ], [ -71.444748, 7.792555 ], [ -71.445007, 7.791961 ], [ -71.445221, 7.791435 ], [ -71.445519, 7.790956 ], [ -71.445915, 7.790523 ], [ -71.446587, 7.789978 ], [ -71.447121, 7.789707 ], [ -71.447746, 7.789597 ], [ -71.448898, 7.789561 ], [ -71.449425, 7.789474 ], [ -71.450028, 7.789410 ], [ -71.450623, 7.789323 ], [ -71.451134, 7.789052 ], [ -71.451553, 7.788711 ], [ -71.451881, 7.788117 ], [ -71.452202, 7.787615 ], [ -71.452598, 7.787045 ], [ -71.452743, 7.786885 ], [ -71.453087, 7.786383 ], [ -71.453461, 7.785904 ], [ -71.453926, 7.785541 ], [ -71.454437, 7.784995 ], [ -71.454788, 7.784561 ], [ -71.455208, 7.784129 ], [ -71.455719, 7.783674 ], [ -71.456108, 7.783242 ], [ -71.456528, 7.782649 ], [ -71.456856, 7.782146 ], [ -71.457276, 7.781530 ], [ -71.458069, 7.780412 ], [ -71.458351, 7.779887 ], [ -71.458633, 7.779201 ], [ -71.458893, 7.778721 ], [ -71.459259, 7.778151 ], [ -71.459702, 7.777511 ], [ -71.460098, 7.777033 ], [ -71.460609, 7.776509 ], [ -71.460960, 7.776007 ], [ -71.461357, 7.775529 ], [ -71.461708, 7.775027 ], [ -71.461967, 7.774547 ], [ -71.462219, 7.773999 ], [ -71.462433, 7.773220 ], [ -71.462509, 7.772624 ], [ -71.462425, 7.772049 ], [ -71.462265, 7.771406 ], [ -71.461952, 7.770853 ], [ -71.461563, 7.770436 ], [ -71.461037, 7.770225 ], [ -71.460434, 7.770060 ], [ -71.459931, 7.769803 ], [ -71.459427, 7.769592 ], [ -71.458923, 7.769404 ], [ -71.458328, 7.769055 ], [ -71.457871, 7.768616 ], [ -71.457481, 7.768038 ], [ -71.457260, 7.767394 ], [ -71.457306, 7.766752 ], [ -71.457565, 7.766088 ], [ -71.457893, 7.765655 ], [ -71.458290, 7.765291 ], [ -71.458847, 7.764905 ], [ -71.459396, 7.764658 ], [ -71.460068, 7.764411 ], [ -71.460648, 7.764118 ], [ -71.461365, 7.763734 ], [ -71.461785, 7.762888 ], [ -71.462112, 7.762019 ], [ -71.462380, 7.760736 ], [ -71.462639, 7.760119 ], [ -71.462944, 7.759662 ], [ -71.463241, 7.759114 ], [ -71.463570, 7.758658 ], [ -71.464035, 7.758294 ], [ -71.464592, 7.758000 ], [ -71.465286, 7.757685 ], [ -71.465927, 7.757461 ], [ -71.466507, 7.757306 ], [ -71.467018, 7.757126 ], [ -71.467430, 7.756763 ], [ -71.467552, 7.756235 ], [ -71.467560, 7.755639 ], [ -71.467102, 7.755199 ], [ -71.466576, 7.754942 ], [ -71.465981, 7.754570 ], [ -71.465431, 7.754267 ], [ -71.464836, 7.753803 ], [ -71.464424, 7.753272 ], [ -71.464317, 7.752491 ], [ -71.464722, 7.750681 ], [ -71.464752, 7.750131 ], [ -71.464500, 7.749555 ], [ -71.464020, 7.749207 ], [ -71.463562, 7.748744 ], [ -71.463219, 7.748167 ], [ -71.462975, 7.747569 ], [ -71.462746, 7.746970 ], [ -71.462418, 7.745728 ], [ -71.462418, 7.745063 ], [ -71.462471, 7.744467 ], [ -71.462616, 7.743917 ], [ -71.462875, 7.743093 ], [ -71.463020, 7.742268 ], [ -71.463020, 7.741695 ], [ -71.463051, 7.741121 ], [ -71.463127, 7.740525 ], [ -71.463432, 7.739770 ], [ -71.463577, 7.739198 ], [ -71.463814, 7.737686 ], [ -71.463936, 7.736998 ], [ -71.464226, 7.735761 ], [ -71.464393, 7.735097 ], [ -71.464516, 7.734433 ], [ -71.464653, 7.733860 ], [ -71.464821, 7.733265 ], [ -71.464897, 7.732577 ], [ -71.464859, 7.731705 ], [ -71.464661, 7.730303 ], [ -71.464371, 7.729796 ], [ -71.463821, 7.728988 ], [ -71.463455, 7.728572 ], [ -71.462906, 7.728040 ], [ -71.461761, 7.727227 ], [ -71.461189, 7.726832 ], [ -71.460617, 7.726506 ], [ -71.460113, 7.726203 ], [ -71.459083, 7.725552 ], [ -71.458603, 7.725273 ], [ -71.457916, 7.724923 ], [ -71.457344, 7.724551 ], [ -71.456818, 7.724271 ], [ -71.456314, 7.723991 ], [ -71.455879, 7.723667 ], [ -71.455444, 7.723135 ], [ -71.455009, 7.722672 ], [ -71.454597, 7.722210 ], [ -71.454186, 7.721771 ], [ -71.453941, 7.721263 ], [ -71.453644, 7.720757 ], [ -71.453102, 7.720017 ], [ -71.452690, 7.719418 ], [ -71.452255, 7.718886 ], [ -71.451797, 7.718354 ], [ -71.450935, 7.717199 ], [ -71.450455, 7.716622 ], [ -71.450020, 7.716136 ], [ -71.448769, 7.714497 ], [ -71.448158, 7.713505 ], [ -71.447907, 7.712952 ], [ -71.447617, 7.712375 ], [ -71.447319, 7.711662 ], [ -71.446960, 7.710924 ], [ -71.446526, 7.710232 ], [ -71.446121, 7.709701 ], [ -71.445732, 7.709124 ], [ -71.445076, 7.707764 ], [ -71.444733, 7.707326 ], [ -71.444321, 7.706863 ], [ -71.443825, 7.706331 ], [ -71.443459, 7.705892 ], [ -71.443024, 7.705337 ], [ -71.442680, 7.704830 ], [ -71.442436, 7.704346 ], [ -71.442139, 7.703816 ], [ -71.441818, 7.703330 ], [ -71.441711, 7.702802 ], [ -71.441643, 7.702228 ], [ -71.441490, 7.701492 ], [ -71.441429, 7.700850 ], [ -71.441483, 7.699335 ], [ -71.441673, 7.698832 ], [ -71.442024, 7.698078 ], [ -71.442352, 7.697621 ], [ -71.442772, 7.697212 ], [ -71.443237, 7.696895 ], [ -71.443741, 7.696600 ], [ -71.444275, 7.696513 ], [ -71.444893, 7.696496 ], [ -71.445541, 7.696455 ], [ -71.446320, 7.696439 ], [ -71.447060, 7.696490 ], [ -71.447678, 7.696473 ], [ -71.448952, 7.696300 ], [ -71.449661, 7.696283 ], [ -71.450264, 7.696380 ], [ -71.450836, 7.696431 ], [ -71.451416, 7.696160 ], [ -71.451904, 7.695660 ], [ -71.452202, 7.695134 ], [ -71.452667, 7.694679 ], [ -71.453201, 7.694271 ], [ -71.453644, 7.693862 ], [ -71.454224, 7.693682 ], [ -71.454887, 7.693367 ], [ -71.455910, 7.692641 ], [ -71.456512, 7.692233 ], [ -71.456955, 7.691755 ], [ -71.457260, 7.691160 ], [ -71.457588, 7.690475 ], [ -71.457916, 7.689950 ], [ -71.458145, 7.689424 ], [ -71.458404, 7.688738 ], [ -71.458550, 7.687982 ], [ -71.458694, 7.687455 ], [ -71.458817, 7.686905 ], [ -71.459000, 7.686334 ], [ -71.459305, 7.685716 ], [ -71.459473, 7.685144 ], [ -71.459572, 7.684617 ], [ -71.459740, 7.683333 ], [ -71.459907, 7.682761 ], [ -71.460213, 7.682121 ], [ -71.460586, 7.681550 ], [ -71.461075, 7.681027 ], [ -71.461494, 7.680548 ], [ -71.462006, 7.680162 ], [ -71.462532, 7.679937 ], [ -71.463112, 7.679828 ], [ -71.463798, 7.679788 ], [ -71.464470, 7.679862 ], [ -71.465111, 7.680028 ], [ -71.465592, 7.680284 ], [ -71.466164, 7.680679 ], [ -71.467079, 7.681422 ], [ -71.467606, 7.681770 ], [ -71.468063, 7.682164 ], [ -71.468933, 7.682951 ], [ -71.469391, 7.683322 ], [ -71.469917, 7.683648 ], [ -71.470490, 7.683676 ], [ -71.471253, 7.683682 ], [ -71.471870, 7.683504 ], [ -71.472359, 7.683118 ], [ -71.472916, 7.682710 ], [ -71.473289, 7.682253 ], [ -71.473984, 7.681709 ], [ -71.474335, 7.681184 ], [ -71.474663, 7.680452 ], [ -71.475105, 7.679400 ], [ -71.475250, 7.678736 ], [ -71.475449, 7.677315 ], [ -71.475593, 7.676765 ], [ -71.476128, 7.675600 ], [ -71.476410, 7.675120 ], [ -71.476852, 7.674642 ], [ -71.477341, 7.674279 ], [ -71.477913, 7.674008 ], [ -71.478516, 7.673761 ], [ -71.479095, 7.673674 ], [ -71.479714, 7.673610 ], [ -71.480316, 7.673500 ], [ -71.480866, 7.673597 ], [ -71.481461, 7.673739 ], [ -71.482018, 7.673790 ], [ -71.482521, 7.673542 ], [ -71.483009, 7.673133 ], [ -71.483360, 7.672631 ], [ -71.483902, 7.671671 ], [ -71.484108, 7.671169 ], [ -71.484512, 7.669795 ], [ -71.484871, 7.668306 ], [ -71.484756, 7.666677 ], [ -71.484962, 7.666399 ], [ -71.485214, 7.666151 ], [ -71.485382, 7.665970 ], [ -71.485733, 7.665677 ], [ -71.486176, 7.665363 ], [ -71.487106, 7.664804 ], [ -71.487686, 7.664470 ], [ -71.487801, 7.664418 ], [ -71.487961, 7.664359 ], [ -71.488174, 7.664248 ], [ -71.488358, 7.664182 ], [ -71.488495, 7.664092 ], [ -71.488587, 7.664071 ], [ -71.489075, 7.664010 ], [ -71.490021, 7.663956 ], [ -71.490479, 7.663940 ], [ -71.490982, 7.664063 ], [ -71.491486, 7.664209 ], [ -71.491951, 7.664309 ], [ -71.492477, 7.664501 ], [ -71.492905, 7.664737 ], [ -71.493271, 7.665065 ], [ -71.493591, 7.665469 ], [ -71.492592, 7.665997 ], [ -71.492073, 7.666286 ], [ -71.491585, 7.666575 ], [ -71.491463, 7.666673 ], [ -71.491394, 7.666756 ], [ -71.491005, 7.667162 ], [ -71.490631, 7.667689 ], [ -71.490616, 7.669781 ], [ -71.490639, 7.670424 ], [ -71.490646, 7.670880 ], [ -71.490623, 7.671429 ], [ -71.490608, 7.672622 ], [ -71.490578, 7.673195 ], [ -71.490486, 7.674029 ], [ -71.490433, 7.674720 ], [ -71.490410, 7.675328 ], [ -71.490425, 7.675902 ], [ -71.490486, 7.676767 ], [ -71.490563, 7.677463 ], [ -71.490654, 7.678069 ], [ -71.490753, 7.678545 ], [ -71.490929, 7.679129 ], [ -71.490967, 7.679479 ], [ -71.491028, 7.680566 ], [ -71.491165, 7.681093 ], [ -71.491341, 7.681670 ], [ -71.491936, 7.682716 ], [ -71.492302, 7.683302 ], [ -71.492645, 7.683912 ], [ -71.492859, 7.684437 ], [ -71.493218, 7.685541 ], [ -71.493447, 7.686092 ], [ -71.493668, 7.686715 ], [ -71.493797, 7.687273 ], [ -71.494057, 7.688201 ], [ -71.494324, 7.689426 ], [ -71.494476, 7.689957 ], [ -71.494606, 7.690531 ], [ -71.494850, 7.691682 ], [ -71.495094, 7.693793 ], [ -71.495201, 7.694323 ], [ -71.495468, 7.695898 ], [ -71.495628, 7.696920 ], [ -71.495674, 7.697678 ], [ -71.495781, 7.698253 ], [ -71.495873, 7.699033 ], [ -71.496002, 7.699722 ], [ -71.496102, 7.700435 ], [ -71.496117, 7.700648 ], [ -71.496132, 7.701146 ], [ -71.496117, 7.701895 ], [ -71.496071, 7.702995 ], [ -71.496063, 7.703693 ], [ -71.496086, 7.704153 ], [ -71.496086, 7.704652 ], [ -71.496071, 7.704909 ], [ -71.496086, 7.705229 ], [ -71.496078, 7.705742 ], [ -71.496040, 7.706840 ], [ -71.496055, 7.707318 ], [ -71.496102, 7.708144 ], [ -71.496178, 7.708811 ], [ -71.496361, 7.709563 ], [ -71.496605, 7.710284 ], [ -71.496780, 7.710858 ], [ -71.497589, 7.712007 ], [ -71.497917, 7.712436 ], [ -71.498360, 7.712873 ], [ -71.498772, 7.713113 ], [ -71.499313, 7.713190 ], [ -71.500107, 7.713148 ], [ -71.500771, 7.713225 ], [ -71.501511, 7.713438 ], [ -71.501602, 7.713473 ], [ -71.502045, 7.713678 ], [ -71.502304, 7.713822 ], [ -71.502792, 7.714211 ], [ -71.503288, 7.714723 ], [ -71.503845, 7.715386 ], [ -71.504288, 7.715952 ], [ -71.504845, 7.716701 ], [ -71.505211, 7.717322 ], [ -71.505615, 7.718064 ], [ -71.505905, 7.718734 ], [ -71.506058, 7.719167 ], [ -71.506325, 7.719637 ], [ -71.506737, 7.720012 ], [ -71.507271, 7.720424 ], [ -71.507347, 7.720475 ], [ -71.507950, 7.720806 ], [ -71.508713, 7.721024 ], [ -71.509453, 7.721776 ], [ -71.509880, 7.722124 ], [ -71.510582, 7.722428 ], [ -71.511383, 7.722967 ], [ -71.512108, 7.723484 ], [ -71.512581, 7.724091 ], [ -71.512772, 7.724520 ], [ -71.512856, 7.725059 ], [ -71.512741, 7.725650 ], [ -71.512543, 7.726109 ], [ -71.512268, 7.726590 ], [ -71.511971, 7.727049 ], [ -71.511475, 7.727657 ], [ -71.510818, 7.728140 ], [ -71.510307, 7.728674 ], [ -71.510139, 7.729545 ], [ -71.510132, 7.729622 ], [ -71.510239, 7.730327 ], [ -71.510353, 7.730936 ], [ -71.510391, 7.731111 ], [ -71.510658, 7.731918 ], [ -71.510849, 7.732634 ], [ -71.510834, 7.732740 ], [ -71.510742, 7.733458 ], [ -71.510574, 7.734284 ], [ -71.510941, 7.734996 ], [ -71.511246, 7.735357 ], [ -71.512001, 7.736051 ], [ -71.512588, 7.736568 ], [ -71.513161, 7.737170 ], [ -71.513634, 7.737705 ], [ -71.514114, 7.738265 ], [ -71.515152, 7.739541 ], [ -71.515671, 7.740195 ], [ -71.516106, 7.740815 ], [ -71.516693, 7.741589 ], [ -71.517288, 7.742465 ], [ -71.517685, 7.743100 ], [ -71.518051, 7.743749 ], [ -71.518425, 7.744504 ], [ -71.518852, 7.745429 ], [ -71.519081, 7.745869 ], [ -71.519363, 7.746342 ], [ -71.519707, 7.746890 ], [ -71.520203, 7.747762 ], [ -71.520584, 7.748394 ], [ -71.521133, 7.748971 ], [ -71.521217, 7.749051 ], [ -71.521835, 7.749469 ], [ -71.522659, 7.749858 ], [ -71.523346, 7.750223 ], [ -71.524124, 7.750619 ], [ -71.524651, 7.750911 ], [ -71.525360, 7.751381 ], [ -71.526871, 7.752451 ], [ -71.527344, 7.752857 ], [ -71.528084, 7.753573 ], [ -71.528572, 7.753952 ], [ -71.528702, 7.753988 ], [ -71.529030, 7.754112 ], [ -71.529579, 7.754180 ], [ -71.530121, 7.754226 ], [ -71.530647, 7.754405 ], [ -71.531082, 7.754732 ], [ -71.531395, 7.755190 ], [ -71.531677, 7.755994 ], [ -71.531609, 7.756788 ], [ -71.531151, 7.757366 ], [ -71.530594, 7.757840 ], [ -71.530220, 7.758525 ], [ -71.530068, 7.759006 ], [ -71.529793, 7.760218 ], [ -71.529693, 7.760615 ], [ -71.529533, 7.761140 ], [ -71.529297, 7.761716 ], [ -71.529076, 7.762141 ], [ -71.528786, 7.762609 ], [ -71.527870, 7.763979 ], [ -71.527344, 7.764595 ], [ -71.526871, 7.765165 ], [ -71.526421, 7.765778 ], [ -71.526276, 7.766033 ], [ -71.525970, 7.766659 ], [ -71.525665, 7.767245 ], [ -71.525269, 7.768060 ], [ -71.525002, 7.768790 ], [ -71.524780, 7.769133 ], [ -71.524032, 7.770151 ], [ -71.523499, 7.770744 ], [ -71.522980, 7.771284 ], [ -71.522865, 7.771503 ], [ -71.522629, 7.772043 ], [ -71.522385, 7.772867 ], [ -71.522011, 7.774436 ], [ -71.521866, 7.775156 ], [ -71.521843, 7.775451 ], [ -71.521812, 7.777338 ], [ -71.521896, 7.778198 ], [ -71.521950, 7.778948 ], [ -71.521965, 7.779846 ], [ -71.521957, 7.780534 ], [ -71.521912, 7.780709 ], [ -71.521881, 7.780939 ], [ -71.521484, 7.782401 ], [ -71.521195, 7.783877 ], [ -71.521141, 7.784012 ], [ -71.521103, 7.784142 ], [ -71.520859, 7.784723 ], [ -71.520569, 7.785383 ], [ -71.520187, 7.786144 ], [ -71.519958, 7.786687 ], [ -71.519714, 7.787510 ], [ -71.519325, 7.788906 ], [ -71.519257, 7.789042 ], [ -71.519157, 7.789271 ], [ -71.518868, 7.789742 ], [ -71.518478, 7.790271 ], [ -71.518196, 7.790613 ], [ -71.517769, 7.791089 ], [ -71.517067, 7.791820 ], [ -71.516655, 7.792293 ], [ -71.516007, 7.793086 ], [ -71.515549, 7.793619 ], [ -71.515129, 7.794157 ], [ -71.514656, 7.794819 ], [ -71.513939, 7.795658 ], [ -71.513252, 7.796521 ], [ -71.512955, 7.796980 ], [ -71.512726, 7.797481 ], [ -71.512695, 7.797615 ], [ -71.512665, 7.797683 ], [ -71.512566, 7.798008 ], [ -71.512482, 7.798551 ], [ -71.512428, 7.799240 ], [ -71.512428, 7.799651 ], [ -71.512466, 7.799988 ], [ -71.512474, 7.800197 ], [ -71.512680, 7.800829 ], [ -71.512955, 7.801168 ], [ -71.513260, 7.801625 ], [ -71.513489, 7.802090 ], [ -71.513832, 7.802659 ], [ -71.513962, 7.802950 ], [ -71.514145, 7.803445 ], [ -71.514549, 7.804652 ], [ -71.514679, 7.804970 ], [ -71.515083, 7.805651 ], [ -71.515373, 7.806312 ], [ -71.515572, 7.806586 ], [ -71.515915, 7.807022 ], [ -71.516380, 7.807710 ], [ -71.516823, 7.808305 ], [ -71.517342, 7.808890 ], [ -71.518089, 7.809474 ], [ -71.519775, 7.810884 ], [ -71.520210, 7.811434 ], [ -71.520241, 7.812216 ], [ -71.520225, 7.812384 ], [ -71.520119, 7.812927 ], [ -71.519905, 7.813760 ], [ -71.519737, 7.814529 ], [ -71.519646, 7.815181 ], [ -71.519630, 7.815622 ], [ -71.519638, 7.815861 ], [ -71.519661, 7.815990 ], [ -71.519676, 7.816170 ], [ -71.519775, 7.816620 ], [ -71.520042, 7.817618 ], [ -71.520180, 7.818190 ], [ -71.520348, 7.819019 ], [ -71.520371, 7.819163 ], [ -71.520409, 7.819755 ], [ -71.520401, 7.820581 ], [ -71.520371, 7.821036 ], [ -71.520294, 7.821581 ], [ -71.520172, 7.822117 ], [ -71.520027, 7.822648 ], [ -71.519768, 7.823376 ], [ -71.519272, 7.824058 ], [ -71.518669, 7.824462 ], [ -71.517838, 7.824954 ], [ -71.517227, 7.825390 ], [ -71.516960, 7.825621 ], [ -71.516632, 7.826056 ], [ -71.516449, 7.826708 ], [ -71.516296, 7.827508 ], [ -71.516029, 7.828240 ], [ -71.515633, 7.828901 ], [ -71.515053, 7.829330 ], [ -71.513649, 7.830317 ], [ -71.512878, 7.830809 ], [ -71.512199, 7.831352 ], [ -71.511879, 7.831669 ], [ -71.511582, 7.832050 ], [ -71.511231, 7.832701 ], [ -71.511055, 7.833090 ], [ -71.510948, 7.833500 ], [ -71.510880, 7.834165 ], [ -71.510941, 7.835015 ], [ -71.511063, 7.835808 ], [ -71.511253, 7.836538 ], [ -71.511330, 7.836875 ], [ -71.511566, 7.838057 ], [ -71.511459, 7.838768 ], [ -71.511055, 7.839501 ], [ -71.510780, 7.839974 ], [ -71.510582, 7.840477 ], [ -71.510552, 7.841030 ], [ -71.510559, 7.841190 ], [ -71.510643, 7.841994 ], [ -71.510666, 7.842123 ], [ -71.510910, 7.842760 ], [ -71.511124, 7.843112 ], [ -71.511505, 7.843518 ], [ -71.511902, 7.843895 ], [ -71.512375, 7.844241 ], [ -71.512695, 7.844455 ], [ -71.513436, 7.844892 ], [ -71.514015, 7.845311 ], [ -71.514305, 7.845562 ], [ -71.514633, 7.845921 ], [ -71.515106, 7.846653 ], [ -71.515365, 7.847455 ], [ -71.515579, 7.848059 ], [ -71.515785, 7.848470 ], [ -71.516075, 7.848935 ], [ -71.516449, 7.849476 ], [ -71.516952, 7.850103 ], [ -71.516846, 7.850859 ], [ -71.516525, 7.851471 ], [ -71.516296, 7.851789 ], [ -71.516022, 7.852062 ], [ -71.515900, 7.852166 ], [ -71.515442, 7.852471 ], [ -71.515305, 7.852535 ], [ -71.514954, 7.852740 ], [ -71.514465, 7.853009 ], [ -71.514084, 7.853647 ], [ -71.514183, 7.854537 ], [ -71.514397, 7.854835 ], [ -71.514618, 7.855171 ], [ -71.514839, 7.855886 ], [ -71.514626, 7.856572 ], [ -71.514259, 7.857575 ], [ -71.514107, 7.858100 ], [ -71.514084, 7.858719 ], [ -71.514160, 7.859195 ], [ -71.514259, 7.859576 ], [ -71.514526, 7.860406 ], [ -71.515106, 7.861817 ], [ -71.515442, 7.862534 ], [ -71.515800, 7.863270 ], [ -71.516083, 7.864106 ], [ -71.516243, 7.865416 ], [ -71.516266, 7.865855 ], [ -71.516258, 7.865906 ], [ -71.516266, 7.865962 ], [ -71.516136, 7.866655 ], [ -71.515884, 7.867568 ], [ -71.515800, 7.868146 ], [ -71.515854, 7.868859 ], [ -71.515938, 7.869756 ], [ -71.515922, 7.870491 ], [ -71.515892, 7.870852 ], [ -71.515800, 7.871396 ], [ -71.515640, 7.872139 ], [ -71.515549, 7.872465 ], [ -71.515343, 7.872977 ], [ -71.515114, 7.873477 ], [ -71.514992, 7.873677 ], [ -71.514839, 7.873955 ], [ -71.514435, 7.874486 ], [ -71.514137, 7.874794 ], [ -71.513283, 7.875497 ], [ -71.512978, 7.875691 ], [ -71.512856, 7.875778 ], [ -71.512138, 7.875994 ], [ -71.511376, 7.876126 ], [ -71.510513, 7.876259 ], [ -71.509636, 7.876461 ], [ -71.508949, 7.876787 ], [ -71.508621, 7.877007 ], [ -71.508247, 7.877408 ], [ -71.508003, 7.877985 ], [ -71.507919, 7.878452 ], [ -71.507904, 7.879004 ], [ -71.507965, 7.879570 ], [ -71.508255, 7.880332 ], [ -71.508377, 7.881069 ], [ -71.508171, 7.882774 ], [ -71.508163, 7.883479 ], [ -71.508186, 7.884424 ], [ -71.508255, 7.885088 ], [ -71.508370, 7.886929 ], [ -71.508354, 7.887739 ], [ -71.508285, 7.889615 ], [ -71.508217, 7.890544 ], [ -71.508156, 7.891008 ], [ -71.508095, 7.891233 ], [ -71.508072, 7.891358 ], [ -71.508019, 7.891540 ], [ -71.507813, 7.892053 ], [ -71.507751, 7.892170 ], [ -71.507721, 7.892249 ], [ -71.507546, 7.892534 ], [ -71.507225, 7.892981 ], [ -71.506752, 7.893499 ], [ -71.506088, 7.893667 ], [ -71.507095, 7.894054 ], [ -71.507546, 7.894763 ], [ -71.507813, 7.895490 ], [ -71.507889, 7.896362 ], [ -71.507874, 7.897051 ], [ -71.507843, 7.897308 ], [ -71.507728, 7.897999 ], [ -71.507652, 7.898544 ], [ -71.507538, 7.900241 ], [ -71.507576, 7.900760 ], [ -71.507591, 7.901287 ], [ -71.507538, 7.905181 ], [ -71.507507, 7.905962 ], [ -71.507507, 7.906235 ], [ -71.507515, 7.906786 ], [ -71.507546, 7.907548 ], [ -71.507561, 7.908435 ], [ -71.507591, 7.909180 ], [ -71.507614, 7.910084 ], [ -71.507728, 7.911548 ], [ -71.507866, 7.912493 ], [ -71.507897, 7.912817 ], [ -71.507904, 7.913366 ], [ -71.507881, 7.914124 ], [ -71.507881, 7.914465 ], [ -71.507904, 7.915708 ], [ -71.507980, 7.916491 ], [ -71.508163, 7.918101 ], [ -71.508285, 7.919000 ], [ -71.508400, 7.919935 ], [ -71.508499, 7.920611 ], [ -71.508598, 7.921097 ], [ -71.508682, 7.921560 ], [ -71.508751, 7.922154 ], [ -71.508850, 7.922647 ], [ -71.508972, 7.923181 ], [ -71.509201, 7.924036 ], [ -71.509353, 7.924786 ], [ -71.509514, 7.925704 ], [ -71.509842, 7.928604 ], [ -71.509857, 7.929292 ], [ -71.509888, 7.930005 ], [ -71.510063, 7.931894 ], [ -71.510178, 7.932627 ], [ -71.510216, 7.932820 ], [ -71.510552, 7.934262 ], [ -71.510803, 7.935106 ], [ -71.511047, 7.935996 ], [ -71.511200, 7.936732 ], [ -71.511475, 7.937772 ], [ -71.511833, 7.939398 ], [ -71.511955, 7.940350 ], [ -71.512131, 7.942116 ], [ -71.512459, 7.944607 ], [ -71.512604, 7.945483 ], [ -71.512802, 7.946531 ], [ -71.512909, 7.947139 ], [ -71.513153, 7.948071 ], [ -71.513283, 7.948605 ], [ -71.513596, 7.950225 ], [ -71.513779, 7.950919 ], [ -71.514076, 7.951804 ], [ -71.514275, 7.952607 ], [ -71.514427, 7.953412 ], [ -71.514809, 7.955021 ], [ -71.514977, 7.955648 ], [ -71.515900, 7.958739 ], [ -71.516121, 7.959212 ], [ -71.516754, 7.960313 ], [ -71.517136, 7.960939 ], [ -71.517609, 7.961520 ], [ -71.518112, 7.962101 ], [ -71.519226, 7.963351 ], [ -71.519348, 7.963471 ], [ -71.519768, 7.963847 ], [ -71.520363, 7.964358 ], [ -71.521690, 7.965343 ], [ -71.523102, 7.966255 ], [ -71.523956, 7.966709 ], [ -71.524612, 7.967109 ], [ -71.525108, 7.967623 ], [ -71.525223, 7.967751 ], [ -71.525566, 7.968239 ], [ -71.525757, 7.968706 ], [ -71.525871, 7.969243 ], [ -71.525910, 7.969792 ], [ -71.525886, 7.971538 ], [ -71.525848, 7.972226 ], [ -71.525772, 7.972983 ], [ -71.525810, 7.973833 ], [ -71.525841, 7.974186 ], [ -71.525932, 7.974730 ], [ -71.526062, 7.975378 ], [ -71.526169, 7.975815 ], [ -71.526459, 7.976261 ], [ -71.526848, 7.976650 ], [ -71.527252, 7.977024 ], [ -71.528091, 7.977751 ], [ -71.528496, 7.978128 ], [ -71.528969, 7.978763 ], [ -71.529449, 7.979028 ], [ -71.529945, 7.979276 ], [ -71.530426, 7.979538 ], [ -71.530899, 7.979823 ], [ -71.531357, 7.980138 ], [ -71.531746, 7.980521 ], [ -71.531998, 7.981012 ], [ -71.532395, 7.981392 ], [ -71.532860, 7.981696 ], [ -71.533363, 7.981914 ], [ -71.533760, 7.981848 ], [ -71.534454, 7.981711 ], [ -71.534988, 7.981579 ], [ -71.535507, 7.981387 ], [ -71.536011, 7.981174 ], [ -71.536506, 7.980934 ], [ -71.536987, 7.980655 ], [ -71.537491, 7.980437 ], [ -71.538017, 7.980278 ], [ -71.538567, 7.980225 ], [ -71.539124, 7.980216 ], [ -71.540222, 7.980241 ], [ -71.540779, 7.980238 ], [ -71.541328, 7.980198 ], [ -71.541855, 7.980034 ], [ -71.542915, 7.979737 ], [ -71.543442, 7.979576 ], [ -71.543976, 7.979441 ], [ -71.544525, 7.979366 ], [ -71.545074, 7.979367 ], [ -71.545624, 7.979452 ], [ -71.546143, 7.979644 ], [ -71.546585, 7.979977 ], [ -71.546928, 7.980403 ], [ -71.547539, 7.981319 ], [ -71.547882, 7.981754 ], [ -71.548187, 7.982208 ], [ -71.548439, 7.982698 ], [ -71.548736, 7.983160 ], [ -71.549065, 7.983605 ], [ -71.549789, 7.984432 ], [ -71.550201, 7.984796 ], [ -71.551109, 7.985423 ], [ -71.551590, 7.985690 ], [ -71.552071, 7.985970 ], [ -71.552498, 7.986314 ], [ -71.552864, 7.986724 ], [ -71.553185, 7.987174 ], [ -71.553467, 7.987647 ], [ -71.553718, 7.988137 ], [ -71.553947, 7.988638 ], [ -71.554191, 7.989131 ], [ -71.554405, 7.989638 ], [ -71.554787, 7.990669 ], [ -71.554909, 7.991206 ], [ -71.554947, 7.991753 ], [ -71.554901, 7.992853 ], [ -71.554893, 7.993405 ], [ -71.554939, 7.993952 ], [ -71.555099, 7.994480 ], [ -71.555343, 7.994971 ], [ -71.555656, 7.995423 ], [ -71.556007, 7.995848 ], [ -71.556412, 7.996221 ], [ -71.556846, 7.996561 ], [ -71.557259, 7.996924 ], [ -71.557701, 7.997262 ], [ -71.558609, 7.997888 ], [ -71.559067, 7.998191 ], [ -71.559494, 7.998537 ], [ -71.559852, 7.998956 ], [ -71.560028, 7.999472 ], [ -71.560135, 8.000013 ], [ -71.560669, 8.000484 ], [ -71.561142, 8.000754 ], [ -71.561646, 8.000990 ], [ -71.562141, 8.001236 ], [ -71.562645, 8.001463 ], [ -71.563141, 8.001703 ], [ -71.563606, 8.001997 ], [ -71.563988, 8.002390 ], [ -71.564346, 8.002807 ], [ -71.564728, 8.003209 ], [ -71.565140, 8.003574 ], [ -71.565453, 8.004024 ], [ -71.565704, 8.004514 ], [ -71.565926, 8.005019 ], [ -71.566124, 8.005534 ], [ -71.566269, 8.006062 ], [ -71.566612, 8.007676 ], [ -71.566712, 8.008218 ], [ -71.566788, 8.008762 ], [ -71.566841, 8.009313 ], [ -71.566818, 8.009858 ], [ -71.566574, 8.010933 ], [ -71.566437, 8.011466 ], [ -71.566284, 8.011993 ], [ -71.566101, 8.012512 ], [ -71.565765, 8.013560 ], [ -71.565567, 8.014074 ], [ -71.565430, 8.014605 ], [ -71.565338, 8.015149 ], [ -71.565262, 8.015694 ], [ -71.564987, 8.017320 ], [ -71.564842, 8.018410 ], [ -71.564743, 8.018951 ], [ -71.564629, 8.019491 ], [ -71.564545, 8.020031 ], [ -71.564507, 8.020580 ], [ -71.564369, 8.021672 ], [ -71.564293, 8.022770 ], [ -71.564270, 8.023319 ], [ -71.564262, 8.023870 ], [ -71.564209, 8.024416 ], [ -71.564171, 8.024964 ], [ -71.564171, 8.025515 ], [ -71.564209, 8.026614 ], [ -71.564209, 8.027164 ], [ -71.564156, 8.027713 ], [ -71.564209, 8.028256 ], [ -71.564560, 8.029872 ], [ -71.564712, 8.030400 ], [ -71.565162, 8.031403 ], [ -71.565430, 8.031885 ], [ -71.565735, 8.032346 ], [ -71.565956, 8.032847 ], [ -71.566155, 8.033359 ], [ -71.566421, 8.033840 ], [ -71.566673, 8.034329 ], [ -71.566910, 8.034825 ], [ -71.567825, 8.036827 ], [ -71.568085, 8.037317 ], [ -71.568207, 8.037845 ], [ -71.568275, 8.038392 ], [ -71.568428, 8.038920 ], [ -71.568504, 8.039465 ], [ -71.568527, 8.040014 ], [ -71.568489, 8.041115 ], [ -71.568481, 8.041665 ], [ -71.568527, 8.042213 ], [ -71.568710, 8.042480 ], [ -71.568848, 8.042667 ], [ -71.569298, 8.042941 ], [ -71.569832, 8.043110 ], [ -71.570335, 8.043330 ], [ -71.570831, 8.043562 ], [ -71.571327, 8.043814 ], [ -71.571800, 8.044091 ], [ -71.572251, 8.044414 ], [ -71.573112, 8.045102 ], [ -71.573578, 8.045400 ], [ -71.574074, 8.045636 ], [ -71.574608, 8.045774 ], [ -71.575134, 8.045945 ], [ -71.575668, 8.046079 ], [ -71.576752, 8.046290 ], [ -71.577293, 8.046374 ], [ -71.577835, 8.046473 ], [ -71.578377, 8.046598 ], [ -71.578903, 8.046764 ], [ -71.579422, 8.046951 ], [ -71.579925, 8.047174 ], [ -71.580391, 8.047468 ], [ -71.580849, 8.047772 ], [ -71.581299, 8.048091 ], [ -71.581719, 8.048448 ], [ -71.582115, 8.048828 ], [ -71.582504, 8.049223 ], [ -71.582878, 8.049628 ], [ -71.583290, 8.049994 ], [ -71.583755, 8.050285 ], [ -71.584274, 8.050479 ], [ -71.584816, 8.050592 ], [ -71.585342, 8.050746 ], [ -71.585831, 8.050996 ], [ -71.586273, 8.051335 ], [ -71.586655, 8.051731 ], [ -71.586967, 8.052182 ], [ -71.587227, 8.052673 ], [ -71.587601, 8.053067 ], [ -71.588448, 8.053776 ], [ -71.588905, 8.054086 ], [ -71.589371, 8.054379 ], [ -71.589867, 8.054613 ], [ -71.590401, 8.054752 ], [ -71.591461, 8.055073 ], [ -71.592544, 8.055271 ], [ -71.593086, 8.055392 ], [ -71.593605, 8.055570 ], [ -71.594124, 8.055765 ], [ -71.594627, 8.055993 ], [ -71.595108, 8.056258 ], [ -71.595528, 8.056617 ], [ -71.595856, 8.057054 ], [ -71.596115, 8.057543 ], [ -71.596451, 8.057979 ], [ -71.596824, 8.058385 ], [ -71.597214, 8.058776 ], [ -71.597610, 8.059154 ], [ -71.598038, 8.059507 ], [ -71.598496, 8.059824 ], [ -71.599029, 8.059908 ], [ -71.599586, 8.059849 ], [ -71.600128, 8.059730 ], [ -71.600639, 8.059520 ], [ -71.601097, 8.059221 ], [ -71.601509, 8.058849 ], [ -71.601868, 8.058432 ], [ -71.602470, 8.057510 ], [ -71.602814, 8.057077 ], [ -71.603218, 8.056705 ], [ -71.603676, 8.056396 ], [ -71.604172, 8.056161 ], [ -71.604675, 8.055928 ], [ -71.605187, 8.055722 ], [ -71.605705, 8.055548 ], [ -71.606728, 8.055134 ], [ -71.607758, 8.054739 ], [ -71.608284, 8.054571 ], [ -71.609360, 8.054314 ], [ -71.610420, 8.054032 ], [ -71.612038, 8.053663 ], [ -71.612572, 8.053533 ], [ -71.613098, 8.053377 ], [ -71.613617, 8.053173 ], [ -71.614113, 8.052933 ], [ -71.614593, 8.052670 ], [ -71.615074, 8.052391 ], [ -71.615517, 8.052064 ], [ -71.615921, 8.051695 ], [ -71.616310, 8.051303 ], [ -71.616676, 8.050892 ], [ -71.617012, 8.050454 ], [ -71.617638, 8.049548 ], [ -71.617920, 8.049074 ], [ -71.618156, 8.048578 ], [ -71.618355, 8.048063 ], [ -71.618629, 8.047588 ], [ -71.618980, 8.047166 ], [ -71.619400, 8.046806 ], [ -71.620003, 8.046478 ], [ -71.620506, 8.046267 ], [ -71.621033, 8.046093 ], [ -71.621551, 8.045898 ], [ -71.622048, 8.045673 ], [ -71.622528, 8.045401 ], [ -71.622955, 8.045050 ], [ -71.623306, 8.044626 ], [ -71.623573, 8.044142 ], [ -71.623817, 8.043647 ], [ -71.624077, 8.043153 ], [ -71.624435, 8.042755 ], [ -71.624947, 8.042528 ], [ -71.625458, 8.042315 ], [ -71.625992, 8.042207 ], [ -71.626541, 8.042289 ], [ -71.627541, 8.042758 ], [ -71.629112, 8.043297 ], [ -71.629639, 8.043410 ], [ -71.630173, 8.043246 ], [ -71.630669, 8.043004 ], [ -71.631142, 8.042716 ], [ -71.632049, 8.042096 ], [ -71.632522, 8.041816 ], [ -71.633034, 8.041588 ], [ -71.633575, 8.041522 ], [ -71.634125, 8.041579 ], [ -71.634651, 8.041752 ], [ -71.635162, 8.042029 ], [ -71.635643, 8.042056 ], [ -71.636085, 8.041678 ], [ -71.636292, 8.041175 ], [ -71.636528, 8.040672 ], [ -71.636795, 8.040194 ], [ -71.637047, 8.039701 ], [ -71.637917, 8.038301 ], [ -71.638245, 8.037859 ], [ -71.638603, 8.037441 ], [ -71.639015, 8.037075 ], [ -71.639412, 8.036690 ], [ -71.639816, 8.036322 ], [ -71.640289, 8.036034 ], [ -71.640747, 8.035728 ], [ -71.641197, 8.035404 ], [ -71.641609, 8.035044 ], [ -71.642334, 8.034212 ], [ -71.643105, 8.033428 ], [ -71.643501, 8.033046 ], [ -71.643913, 8.032678 ], [ -71.644341, 8.032329 ], [ -71.644783, 8.032003 ], [ -71.645256, 8.031716 ], [ -71.645737, 8.031445 ], [ -71.646225, 8.031189 ], [ -71.646728, 8.030963 ], [ -71.647743, 8.030538 ], [ -71.648224, 8.030262 ], [ -71.648644, 8.029911 ], [ -71.648987, 8.029480 ], [ -71.649307, 8.029032 ], [ -71.649918, 8.028115 ], [ -71.650246, 8.027668 ], [ -71.650581, 8.027237 ], [ -71.650948, 8.026819 ], [ -71.651695, 8.026017 ], [ -71.652046, 8.025591 ], [ -71.652336, 8.025125 ], [ -71.652588, 8.024631 ], [ -71.652824, 8.024133 ], [ -71.653153, 8.023696 ], [ -71.653572, 8.023336 ], [ -71.654061, 8.023078 ], [ -71.654571, 8.022867 ], [ -71.655617, 8.022507 ], [ -71.656669, 8.022180 ], [ -71.657097, 8.021821 ], [ -71.657341, 8.021342 ], [ -71.657608, 8.020267 ], [ -71.657768, 8.019742 ], [ -71.658005, 8.019248 ], [ -71.658600, 8.018319 ], [ -71.658913, 8.017866 ], [ -71.659553, 8.016971 ], [ -71.659904, 8.016542 ], [ -71.660286, 8.016146 ], [ -71.660698, 8.015778 ], [ -71.661125, 8.015436 ], [ -71.661598, 8.015154 ], [ -71.662613, 8.014721 ], [ -71.663132, 8.014522 ], [ -71.663620, 8.014277 ], [ -71.664062, 8.013938 ], [ -71.664375, 8.013495 ], [ -71.664619, 8.012993 ], [ -71.664826, 8.012115 ], [ -71.664886, 8.011566 ], [ -71.664871, 8.011017 ], [ -71.664734, 8.010479 ], [ -71.664375, 8.010077 ], [ -71.663986, 8.009675 ], [ -71.663704, 8.009202 ], [ -71.663673, 8.008632 ], [ -71.663918, 8.008181 ], [ -71.664413, 8.007890 ], [ -71.664940, 8.007730 ], [ -71.665489, 8.007653 ], [ -71.666038, 8.007620 ], [ -71.666595, 8.007647 ], [ -71.667145, 8.007718 ], [ -71.667671, 8.007857 ], [ -71.668152, 8.008132 ], [ -71.668640, 8.008389 ], [ -71.669166, 8.008559 ], [ -71.669716, 8.008540 ], [ -71.670799, 8.008307 ], [ -71.671348, 8.008282 ], [ -71.671898, 8.008369 ], [ -71.672371, 8.008624 ], [ -71.672737, 8.009048 ], [ -71.673027, 8.009517 ], [ -71.673340, 8.009982 ], [ -71.673721, 8.010365 ], [ -71.674827, 8.010481 ], [ -71.675339, 8.010663 ], [ -71.675743, 8.011038 ], [ -71.676140, 8.011426 ], [ -71.676521, 8.011826 ], [ -71.676880, 8.012243 ], [ -71.677612, 8.013060 ], [ -71.677971, 8.013481 ], [ -71.678307, 8.013915 ], [ -71.678665, 8.014336 ], [ -71.679405, 8.015154 ], [ -71.679817, 8.015514 ], [ -71.680290, 8.015798 ], [ -71.680794, 8.016026 ], [ -71.681328, 8.016170 ], [ -71.682419, 8.016333 ], [ -71.682953, 8.016466 ], [ -71.683479, 8.016625 ], [ -71.684006, 8.016798 ], [ -71.684509, 8.017030 ], [ -71.684959, 8.017344 ], [ -71.685364, 8.017720 ], [ -71.685745, 8.018113 ], [ -71.686089, 8.018545 ], [ -71.686752, 8.019426 ], [ -71.687050, 8.019886 ], [ -71.687607, 8.020841 ], [ -71.687767, 8.021362 ], [ -71.687843, 8.021908 ], [ -71.687836, 8.022459 ], [ -71.687866, 8.023008 ], [ -71.687920, 8.023559 ], [ -71.688034, 8.024094 ], [ -71.688362, 8.024543 ], [ -71.688835, 8.024778 ], [ -71.689331, 8.025007 ], [ -71.689789, 8.025315 ], [ -71.690208, 8.025676 ], [ -71.690590, 8.026076 ], [ -71.690933, 8.026503 ], [ -71.691215, 8.026978 ], [ -71.691513, 8.027436 ], [ -71.691864, 8.027861 ], [ -71.692192, 8.028306 ], [ -71.692574, 8.028699 ], [ -71.693024, 8.029021 ], [ -71.693512, 8.029275 ], [ -71.694023, 8.029489 ], [ -71.694542, 8.029664 ], [ -71.695084, 8.029776 ], [ -71.695633, 8.029874 ], [ -71.696175, 8.029906 ], [ -71.696701, 8.029731 ], [ -71.697205, 8.029500 ], [ -71.697685, 8.029232 ], [ -71.698151, 8.028929 ], [ -71.698639, 8.028676 ], [ -71.699173, 8.028518 ], [ -71.699722, 8.028475 ], [ -71.700233, 8.028660 ], [ -71.700691, 8.028976 ], [ -71.701096, 8.029354 ], [ -71.701507, 8.029722 ], [ -71.701965, 8.030023 ], [ -71.702469, 8.030258 ], [ -71.703461, 8.030752 ], [ -71.703918, 8.031039 ], [ -71.704216, 8.031509 ], [ -71.704369, 8.032035 ], [ -71.704453, 8.032581 ], [ -71.704521, 8.033128 ], [ -71.704491, 8.033675 ], [ -71.704437, 8.034224 ], [ -71.704437, 8.034774 ], [ -71.704422, 8.035324 ], [ -71.704346, 8.035867 ], [ -71.704178, 8.036391 ], [ -71.703728, 8.037395 ], [ -71.703514, 8.037905 ], [ -71.703247, 8.038387 ], [ -71.702904, 8.038813 ], [ -71.702477, 8.039163 ], [ -71.702026, 8.039482 ], [ -71.701599, 8.039828 ], [ -71.701248, 8.040254 ], [ -71.701012, 8.040750 ], [ -71.700668, 8.041796 ], [ -71.700409, 8.042280 ], [ -71.700233, 8.042807 ], [ -71.700203, 8.043352 ], [ -71.700401, 8.043875 ], [ -71.700768, 8.044277 ], [ -71.701248, 8.044552 ], [ -71.701775, 8.044730 ], [ -71.702850, 8.044991 ], [ -71.703377, 8.045138 ], [ -71.703926, 8.045169 ], [ -71.704483, 8.045213 ], [ -71.705010, 8.045360 ], [ -71.705421, 8.045722 ], [ -71.705811, 8.046120 ], [ -71.706230, 8.046471 ], [ -71.706741, 8.046702 ], [ -71.707275, 8.046688 ], [ -71.707817, 8.046535 ], [ -71.708489, 8.046398 ], [ -71.709984, 8.046116 ], [ -71.710525, 8.046033 ], [ -71.711067, 8.045910 ], [ -71.711594, 8.045744 ], [ -71.712074, 8.045477 ], [ -71.712494, 8.045112 ], [ -71.712799, 8.044655 ], [ -71.712990, 8.044118 ], [ -71.713242, 8.043686 ], [ -71.713806, 8.043617 ], [ -71.714355, 8.043696 ], [ -71.714905, 8.043764 ], [ -71.715447, 8.043645 ], [ -71.715889, 8.043333 ], [ -71.716301, 8.042957 ], [ -71.716751, 8.042628 ], [ -71.717293, 8.042616 ], [ -71.717850, 8.042633 ], [ -71.718399, 8.042575 ], [ -71.718849, 8.042267 ], [ -71.719345, 8.041972 ], [ -71.719856, 8.041821 ], [ -71.720261, 8.042176 ], [ -71.720848, 8.043120 ], [ -71.721314, 8.043426 ], [ -71.721840, 8.043569 ], [ -71.722939, 8.043739 ], [ -71.723480, 8.043843 ], [ -71.724007, 8.044000 ], [ -71.724495, 8.044256 ], [ -71.724937, 8.044597 ], [ -71.725410, 8.044847 ], [ -71.726517, 8.044972 ], [ -71.727058, 8.045056 ], [ -71.727592, 8.045204 ], [ -71.728592, 8.045663 ], [ -71.729088, 8.045908 ], [ -71.729568, 8.046183 ], [ -71.730454, 8.046832 ], [ -71.730919, 8.047132 ], [ -71.731392, 8.047418 ], [ -71.731873, 8.047678 ], [ -71.733879, 8.048595 ], [ -71.734383, 8.048819 ], [ -71.734856, 8.049100 ], [ -71.735786, 8.049695 ], [ -71.736267, 8.049963 ], [ -71.736740, 8.050248 ], [ -71.737190, 8.050570 ], [ -71.737595, 8.050939 ], [ -71.737969, 8.051347 ], [ -71.738357, 8.051728 ], [ -71.738869, 8.051940 ], [ -71.739395, 8.052111 ], [ -71.739937, 8.052187 ], [ -71.740494, 8.052182 ], [ -71.741051, 8.052193 ], [ -71.741577, 8.052331 ], [ -71.742081, 8.052558 ], [ -71.742577, 8.052812 ], [ -71.742981, 8.053188 ], [ -71.743271, 8.053650 ], [ -71.743416, 8.054184 ], [ -71.743530, 8.054729 ], [ -71.743744, 8.055223 ], [ -71.744125, 8.055630 ], [ -71.744560, 8.055965 ], [ -71.745041, 8.056232 ], [ -71.745560, 8.056432 ], [ -71.746078, 8.056616 ], [ -71.746620, 8.056725 ], [ -71.747169, 8.056815 ], [ -71.747696, 8.056970 ], [ -71.748146, 8.057287 ], [ -71.748512, 8.057695 ], [ -71.748787, 8.058177 ], [ -71.749046, 8.058667 ], [ -71.749405, 8.059071 ], [ -71.749878, 8.059370 ], [ -71.750374, 8.059617 ], [ -71.750801, 8.059959 ], [ -71.751205, 8.060334 ], [ -71.752121, 8.060952 ], [ -71.752518, 8.061325 ], [ -71.752815, 8.061792 ], [ -71.752976, 8.062316 ], [ -71.753250, 8.063384 ], [ -71.753426, 8.063905 ], [ -71.753723, 8.064963 ], [ -71.753899, 8.065486 ], [ -71.754158, 8.065971 ], [ -71.754463, 8.066427 ], [ -71.754799, 8.066863 ], [ -71.755074, 8.067342 ], [ -71.755585, 8.068317 ], [ -71.756256, 8.069191 ], [ -71.756546, 8.069658 ], [ -71.756653, 8.070196 ], [ -71.756798, 8.070726 ], [ -71.756966, 8.071251 ], [ -71.757095, 8.071788 ], [ -71.757164, 8.072334 ], [ -71.757141, 8.072881 ], [ -71.756996, 8.073415 ], [ -71.756721, 8.073889 ], [ -71.756485, 8.074378 ], [ -71.756416, 8.074927 ], [ -71.756409, 8.075479 ], [ -71.756493, 8.076025 ], [ -71.756721, 8.076520 ], [ -71.757111, 8.076920 ], [ -71.757568, 8.077227 ], [ -71.758537, 8.077753 ], [ -71.759056, 8.077932 ], [ -71.760124, 8.078222 ], [ -71.760673, 8.078303 ], [ -71.761208, 8.078437 ], [ -71.761696, 8.078691 ], [ -71.762032, 8.079122 ], [ -71.762344, 8.079581 ], [ -71.762642, 8.080045 ], [ -71.762863, 8.080552 ], [ -71.762932, 8.081094 ], [ -71.762871, 8.081642 ], [ -71.762649, 8.082146 ], [ -71.762444, 8.082659 ], [ -71.762306, 8.083189 ], [ -71.762245, 8.083736 ], [ -71.762230, 8.084288 ], [ -71.762276, 8.084835 ], [ -71.762405, 8.085372 ], [ -71.762634, 8.085874 ], [ -71.762955, 8.086316 ], [ -71.763359, 8.086697 ], [ -71.763786, 8.087065 ], [ -71.764107, 8.087487 ], [ -71.764183, 8.088042 ], [ -71.764122, 8.088585 ], [ -71.763825, 8.089650 ], [ -71.763344, 8.090638 ], [ -71.763176, 8.091163 ], [ -71.763084, 8.091704 ], [ -71.763069, 8.092256 ], [ -71.763138, 8.092801 ], [ -71.763336, 8.093315 ], [ -71.763626, 8.093780 ], [ -71.763977, 8.094207 ], [ -71.764313, 8.094644 ], [ -71.764671, 8.095061 ], [ -71.765045, 8.095469 ], [ -71.765404, 8.095884 ], [ -71.765778, 8.096288 ], [ -71.766129, 8.096714 ], [ -71.766426, 8.097175 ], [ -71.766693, 8.097656 ], [ -71.766914, 8.098162 ], [ -71.767304, 8.099195 ], [ -71.767647, 8.099608 ], [ -71.768089, 8.099953 ], [ -71.768494, 8.100328 ], [ -71.768944, 8.100634 ], [ -71.769432, 8.100898 ], [ -71.769913, 8.101174 ], [ -71.770416, 8.101396 ], [ -71.770935, 8.101576 ], [ -71.771462, 8.101732 ], [ -71.772003, 8.101873 ], [ -71.772545, 8.101935 ], [ -71.773094, 8.101895 ], [ -71.773651, 8.101879 ], [ -71.774200, 8.101845 ], [ -71.774750, 8.101782 ], [ -71.775299, 8.101817 ], [ -71.775833, 8.101954 ], [ -71.776337, 8.102174 ], [ -71.776810, 8.102469 ], [ -71.777222, 8.102833 ], [ -71.777542, 8.103279 ], [ -71.777725, 8.103800 ], [ -71.777840, 8.104337 ], [ -71.777908, 8.104883 ], [ -71.777977, 8.105983 ], [ -71.778046, 8.106527 ], [ -71.778168, 8.107063 ], [ -71.778366, 8.107578 ], [ -71.778648, 8.108051 ], [ -71.779015, 8.108465 ], [ -71.779434, 8.108816 ], [ -71.780319, 8.109474 ], [ -71.780739, 8.109841 ], [ -71.781059, 8.110287 ], [ -71.781273, 8.110789 ], [ -71.781326, 8.111342 ], [ -71.781242, 8.111884 ], [ -71.780983, 8.112955 ], [ -71.780876, 8.113496 ], [ -71.780853, 8.114042 ], [ -71.780907, 8.114592 ], [ -71.781029, 8.115132 ], [ -71.781258, 8.115630 ], [ -71.781601, 8.116060 ], [ -71.782066, 8.116356 ], [ -71.782562, 8.116612 ], [ -71.783066, 8.116817 ], [ -71.783623, 8.116879 ], [ -71.784157, 8.117008 ], [ -71.784645, 8.117251 ], [ -71.785027, 8.117660 ], [ -71.785293, 8.118139 ], [ -71.785744, 8.119143 ], [ -71.786011, 8.119623 ], [ -71.786331, 8.120074 ], [ -71.786713, 8.120470 ], [ -71.787163, 8.120790 ], [ -71.787644, 8.121058 ], [ -71.788155, 8.121260 ], [ -71.788681, 8.121432 ], [ -71.789185, 8.121657 ], [ -71.789726, 8.121768 ], [ -71.790276, 8.121796 ], [ -71.790832, 8.121789 ], [ -71.791374, 8.121718 ], [ -71.791916, 8.121594 ], [ -71.792435, 8.121412 ], [ -71.792984, 8.121350 ], [ -71.793533, 8.121305 ], [ -71.794083, 8.121275 ], [ -71.794639, 8.121266 ], [ -71.795738, 8.121330 ], [ -71.796288, 8.121350 ], [ -71.797394, 8.121372 ], [ -71.797943, 8.121407 ], [ -71.798493, 8.121461 ], [ -71.799042, 8.121541 ], [ -71.799583, 8.121639 ], [ -71.800118, 8.121757 ], [ -71.801201, 8.121976 ], [ -71.801743, 8.122104 ], [ -71.802269, 8.122248 ], [ -71.802795, 8.122425 ], [ -71.803291, 8.122665 ], [ -71.803696, 8.123033 ], [ -71.804077, 8.123438 ], [ -71.804421, 8.123864 ], [ -71.805000, 8.124805 ], [ -71.805191, 8.125315 ], [ -71.805321, 8.125852 ], [ -71.805611, 8.126316 ], [ -71.805946, 8.126757 ], [ -71.806267, 8.127203 ], [ -71.806519, 8.127691 ], [ -71.806793, 8.128169 ], [ -71.807076, 8.128644 ], [ -71.807381, 8.129099 ], [ -71.807815, 8.129434 ], [ -71.808319, 8.129662 ], [ -71.808845, 8.129817 ], [ -71.809372, 8.130001 ], [ -71.809898, 8.130162 ], [ -71.810410, 8.130360 ], [ -71.810890, 8.130631 ], [ -71.811325, 8.130980 ], [ -71.811653, 8.131413 ], [ -71.811913, 8.131903 ], [ -71.812119, 8.132417 ], [ -71.812142, 8.132961 ], [ -71.812095, 8.133512 ], [ -71.812035, 8.134060 ], [ -71.811996, 8.134608 ], [ -71.811935, 8.135154 ], [ -71.811844, 8.135695 ], [ -71.811798, 8.136245 ], [ -71.811729, 8.136788 ], [ -71.811531, 8.137871 ], [ -71.811546, 8.138419 ], [ -71.811607, 8.138967 ], [ -71.811752, 8.140058 ], [ -71.811859, 8.140595 ], [ -71.812020, 8.141125 ], [ -71.812256, 8.141619 ], [ -71.812805, 8.142576 ], [ -71.813019, 8.143082 ], [ -71.813202, 8.143601 ], [ -71.813354, 8.144130 ], [ -71.813408, 8.144677 ], [ -71.813454, 8.145775 ], [ -71.813484, 8.146325 ], [ -71.813553, 8.146870 ], [ -71.813645, 8.147411 ], [ -71.813660, 8.147962 ], [ -71.813728, 8.148509 ], [ -71.813873, 8.149035 ], [ -71.814384, 8.150017 ], [ -71.814697, 8.150469 ], [ -71.815140, 8.150798 ], [ -71.815621, 8.151063 ], [ -71.816124, 8.151295 ], [ -71.816612, 8.151544 ], [ -71.817093, 8.151814 ], [ -71.818031, 8.152397 ], [ -71.818451, 8.152751 ], [ -71.819275, 8.153488 ], [ -71.819656, 8.153879 ], [ -71.820023, 8.154290 ], [ -71.820366, 8.154725 ], [ -71.820648, 8.155198 ], [ -71.820892, 8.155690 ], [ -71.821098, 8.156201 ], [ -71.821266, 8.156724 ], [ -71.821655, 8.157753 ], [ -71.821999, 8.158797 ], [ -71.822182, 8.159244 ], [ -71.822708, 8.159843 ], [ -71.823036, 8.160006 ], [ -71.823433, 8.160200 ], [ -71.824158, 8.160628 ], [ -71.824852, 8.160849 ], [ -71.825569, 8.161047 ], [ -71.826340, 8.161450 ], [ -71.827133, 8.161900 ], [ -71.828041, 8.162256 ], [ -71.828781, 8.162522 ], [ -71.829598, 8.162696 ], [ -71.830383, 8.162801 ], [ -71.831283, 8.162881 ], [ -71.832115, 8.162893 ], [ -71.833710, 8.162873 ], [ -71.834587, 8.162839 ], [ -71.835449, 8.162989 ], [ -71.836143, 8.163209 ], [ -71.836838, 8.163546 ], [ -71.837563, 8.163766 ], [ -71.838333, 8.164146 ], [ -71.839004, 8.164597 ], [ -71.839615, 8.165050 ], [ -71.840179, 8.165571 ], [ -71.840676, 8.166162 ], [ -71.841102, 8.166846 ], [ -71.841507, 8.167553 ], [ -71.842041, 8.168075 ], [ -71.842560, 8.168596 ], [ -71.843193, 8.169094 ], [ -71.843826, 8.169546 ], [ -71.844566, 8.169811 ], [ -71.845352, 8.169986 ], [ -71.846077, 8.170114 ], [ -71.846771, 8.170312 ], [ -71.847359, 8.170902 ], [ -71.847603, 8.171611 ], [ -71.847656, 8.172461 ], [ -71.847763, 8.173332 ], [ -71.847778, 8.174113 ], [ -71.847840, 8.174940 ], [ -71.848061, 8.175695 ], [ -71.848526, 8.176310 ], [ -71.849182, 8.176623 ], [ -71.849876, 8.176913 ], [ -71.850624, 8.177156 ], [ -71.851349, 8.177561 ], [ -71.851951, 8.178059 ], [ -71.852448, 8.178696 ], [ -71.852783, 8.179335 ], [ -71.852981, 8.180113 ], [ -71.853249, 8.180799 ], [ -71.853561, 8.181508 ], [ -71.854073, 8.182053 ], [ -71.854752, 8.182527 ], [ -71.855514, 8.182540 ], [ -71.856209, 8.182323 ], [ -71.857605, 8.181663 ], [ -71.858383, 8.181308 ], [ -71.859123, 8.181114 ], [ -71.859856, 8.181036 ], [ -71.860741, 8.181025 ], [ -71.861664, 8.181059 ], [ -71.863442, 8.181082 ], [ -71.864204, 8.181072 ], [ -71.864945, 8.181017 ], [ -71.865677, 8.180892 ], [ -71.866463, 8.180653 ], [ -71.867172, 8.180299 ], [ -71.868004, 8.180196 ], [ -71.868744, 8.180141 ], [ -71.870270, 8.180305 ], [ -71.871109, 8.180616 ], [ -71.871826, 8.180951 ], [ -71.872482, 8.181356 ], [ -71.873085, 8.181763 ], [ -71.873764, 8.182190 ], [ -71.874558, 8.182502 ], [ -71.875267, 8.181987 ], [ -71.875366, 8.181273 ], [ -71.875404, 8.180491 ], [ -71.875320, 8.179666 ], [ -71.875122, 8.178956 ], [ -71.874878, 8.178224 ], [ -71.874687, 8.177514 ], [ -71.874489, 8.176735 ], [ -71.874336, 8.175933 ], [ -71.874229, 8.175199 ], [ -71.874077, 8.174327 ], [ -71.873863, 8.173641 ], [ -71.873528, 8.172956 ], [ -71.873375, 8.172062 ], [ -71.873383, 8.171280 ], [ -71.873344, 8.170523 ], [ -71.873337, 8.169718 ], [ -71.873413, 8.168890 ], [ -71.873772, 8.168151 ], [ -71.874436, 8.167613 ], [ -71.875168, 8.167191 ], [ -71.876015, 8.166903 ], [ -71.876892, 8.166938 ], [ -71.877655, 8.167020 ], [ -71.878380, 8.167149 ], [ -71.879143, 8.167185 ], [ -71.880012, 8.167013 ], [ -71.880730, 8.166797 ], [ -71.881699, 8.166716 ], [ -71.881996, 8.166666 ], [ -71.882759, 8.166634 ], [ -71.883613, 8.166622 ], [ -71.884422, 8.166657 ], [ -71.885208, 8.166647 ], [ -71.885994, 8.166569 ], [ -71.886803, 8.166420 ], [ -71.887604, 8.166248 ], [ -71.889145, 8.165884 ], [ -71.889862, 8.165553 ], [ -71.890503, 8.165200 ], [ -71.891167, 8.164802 ], [ -71.891754, 8.164380 ], [ -71.892303, 8.163844 ], [ -71.892799, 8.163286 ], [ -71.893280, 8.162728 ], [ -71.893753, 8.162103 ], [ -71.894539, 8.160737 ], [ -71.895233, 8.159326 ], [ -71.895569, 8.158678 ], [ -71.896134, 8.158555 ], [ -71.896355, 8.158507 ], [ -71.896828, 8.159076 ], [ -71.897110, 8.159761 ], [ -71.897377, 8.160470 ], [ -71.897713, 8.161132 ], [ -71.898140, 8.161724 ], [ -71.898636, 8.162314 ], [ -71.899216, 8.162744 ], [ -71.899826, 8.163287 ], [ -71.900932, 8.164583 ], [ -71.901497, 8.165174 ], [ -71.901764, 8.165859 ], [ -71.901917, 8.166615 ], [ -71.902016, 8.167349 ], [ -71.902054, 8.168153 ], [ -71.902023, 8.169003 ], [ -71.901962, 8.169740 ], [ -71.901840, 8.170546 ], [ -71.901688, 8.171397 ], [ -71.901520, 8.172250 ], [ -71.901375, 8.173079 ], [ -71.901222, 8.173794 ], [ -71.901001, 8.174555 ], [ -71.900825, 8.175292 ], [ -71.900681, 8.176122 ], [ -71.900673, 8.176857 ], [ -71.900749, 8.177659 ], [ -71.900955, 8.178599 ], [ -71.901169, 8.179355 ], [ -71.901321, 8.180157 ], [ -71.901611, 8.180934 ], [ -71.901970, 8.181596 ], [ -71.902351, 8.182326 ], [ -71.903274, 8.183785 ], [ -71.903839, 8.184421 ], [ -71.904289, 8.185036 ], [ -71.905350, 8.186193 ], [ -71.905846, 8.186762 ], [ -71.906387, 8.187352 ], [ -71.906883, 8.187989 ], [ -71.907303, 8.188581 ], [ -71.907776, 8.189287 ], [ -71.908340, 8.189878 ], [ -71.908813, 8.190468 ], [ -71.909355, 8.191105 ], [ -71.909920, 8.191787 ], [ -71.910256, 8.192495 ], [ -71.910324, 8.192936 ], [ -71.910385, 8.193343 ], [ -71.910355, 8.194148 ], [ -71.910149, 8.195667 ], [ -71.909996, 8.196427 ], [ -71.909988, 8.197163 ], [ -71.910019, 8.197898 ], [ -71.910080, 8.198770 ], [ -71.910164, 8.199504 ], [ -71.910171, 8.200262 ], [ -71.910210, 8.200997 ], [ -71.910271, 8.201846 ], [ -71.910263, 8.202628 ], [ -71.910087, 8.203458 ], [ -71.909592, 8.204268 ], [ -71.909164, 8.204917 ], [ -71.908806, 8.205542 ], [ -71.908493, 8.206282 ], [ -71.908295, 8.206973 ], [ -71.908127, 8.207733 ], [ -71.907684, 8.209255 ], [ -71.907494, 8.210039 ], [ -71.907250, 8.210870 ], [ -71.907036, 8.211700 ], [ -71.906906, 8.212460 ], [ -71.906730, 8.213198 ], [ -71.906479, 8.213956 ], [ -71.906059, 8.214607 ], [ -71.905449, 8.215144 ], [ -71.904785, 8.215520 ], [ -71.904022, 8.215852 ], [ -71.903221, 8.215977 ], [ -71.902321, 8.216104 ], [ -71.901489, 8.216207 ], [ -71.900612, 8.216264 ], [ -71.899857, 8.216596 ], [ -71.899353, 8.217154 ], [ -71.899231, 8.218051 ], [ -71.898773, 8.218516 ], [ -71.898346, 8.219166 ], [ -71.897988, 8.219813 ], [ -71.897652, 8.220576 ], [ -71.897057, 8.222009 ], [ -71.896812, 8.222724 ], [ -71.896523, 8.223417 ], [ -71.896187, 8.224156 ], [ -71.895851, 8.224827 ], [ -71.895447, 8.225453 ], [ -71.895020, 8.226079 ], [ -71.894562, 8.226683 ], [ -71.894043, 8.227309 ], [ -71.893547, 8.227890 ], [ -71.893044, 8.228517 ], [ -71.892616, 8.229120 ], [ -71.892166, 8.229815 ], [ -71.891807, 8.230440 ], [ -71.891495, 8.231111 ], [ -71.891205, 8.231850 ], [ -71.891006, 8.232565 ], [ -71.890831, 8.233325 ], [ -71.890709, 8.234085 ], [ -71.890625, 8.234844 ], [ -71.890518, 8.236592 ], [ -71.890411, 8.237375 ], [ -71.890198, 8.238136 ], [ -71.889908, 8.238874 ], [ -71.889481, 8.239593 ], [ -71.889000, 8.240150 ], [ -71.888191, 8.241310 ], [ -71.887665, 8.241914 ], [ -71.887077, 8.242496 ], [ -71.886528, 8.242986 ], [ -71.885895, 8.243500 ], [ -71.885155, 8.243922 ], [ -71.884453, 8.244369 ], [ -71.883835, 8.244836 ], [ -71.883148, 8.245419 ], [ -71.882652, 8.246023 ], [ -71.882202, 8.246672 ], [ -71.881371, 8.248131 ], [ -71.880898, 8.248895 ], [ -71.880325, 8.249638 ], [ -71.879829, 8.250218 ], [ -71.879288, 8.250893 ], [ -71.878853, 8.251472 ], [ -71.878265, 8.252193 ], [ -71.877770, 8.252819 ], [ -71.877243, 8.253377 ], [ -71.876678, 8.254028 ], [ -71.876137, 8.254702 ], [ -71.875542, 8.255329 ], [ -71.874886, 8.255935 ], [ -71.874291, 8.256356 ], [ -71.873741, 8.256846 ], [ -71.872368, 8.257646 ], [ -71.871704, 8.258021 ], [ -71.870285, 8.258913 ], [ -71.869667, 8.259426 ], [ -71.869003, 8.259871 ], [ -71.868530, 8.260429 ], [ -71.868034, 8.261033 ], [ -71.867462, 8.261684 ], [ -71.866829, 8.262289 ], [ -71.866188, 8.262712 ], [ -71.865524, 8.263203 ], [ -71.864906, 8.263693 ], [ -71.864288, 8.264207 ], [ -71.863678, 8.264812 ], [ -71.862999, 8.265555 ], [ -71.862450, 8.266184 ], [ -71.862038, 8.266690 ], [ -71.861885, 8.266880 ], [ -71.861435, 8.267507 ], [ -71.860939, 8.268293 ], [ -71.860558, 8.268919 ], [ -71.860214, 8.269567 ], [ -71.860023, 8.270282 ], [ -71.859894, 8.270996 ], [ -71.859787, 8.271732 ], [ -71.859711, 8.272538 ], [ -71.859558, 8.273321 ], [ -71.859367, 8.274035 ], [ -71.859123, 8.274751 ], [ -71.858597, 8.276413 ], [ -71.858330, 8.277174 ], [ -71.857994, 8.277960 ], [ -71.857590, 8.278585 ], [ -71.857094, 8.279236 ], [ -71.856544, 8.279748 ], [ -71.856094, 8.280329 ], [ -71.854713, 8.282345 ], [ -71.853882, 8.283757 ], [ -71.853477, 8.284544 ], [ -71.853004, 8.285309 ], [ -71.852669, 8.285979 ], [ -71.852356, 8.286650 ], [ -71.852112, 8.287388 ], [ -71.851822, 8.288104 ], [ -71.851296, 8.289697 ], [ -71.851028, 8.290412 ], [ -71.850784, 8.291104 ], [ -71.850258, 8.292697 ], [ -71.849899, 8.293437 ], [ -71.849358, 8.294064 ], [ -71.848763, 8.294646 ], [ -71.847603, 8.295879 ], [ -71.847130, 8.296437 ], [ -71.845543, 8.298480 ], [ -71.845047, 8.299060 ], [ -71.844452, 8.299665 ], [ -71.843956, 8.300200 ], [ -71.843048, 8.301361 ], [ -71.842644, 8.302078 ], [ -71.842377, 8.302840 ], [ -71.842064, 8.303649 ], [ -71.841804, 8.304480 ], [ -71.841133, 8.305935 ], [ -71.840706, 8.306653 ], [ -71.840248, 8.307257 ], [ -71.839706, 8.307816 ], [ -71.839066, 8.308398 ], [ -71.838593, 8.308956 ], [ -71.837974, 8.309515 ], [ -71.837288, 8.310029 ], [ -71.836555, 8.310498 ], [ -71.835823, 8.310852 ], [ -71.834999, 8.311231 ], [ -71.834129, 8.311656 ], [ -71.833512, 8.312123 ], [ -71.832870, 8.312729 ], [ -71.832397, 8.313287 ], [ -71.831825, 8.313846 ], [ -71.831161, 8.314244 ], [ -71.830406, 8.314599 ], [ -71.829697, 8.314838 ], [ -71.828888, 8.315147 ], [ -71.827538, 8.315831 ], [ -71.826851, 8.316138 ], [ -71.826019, 8.316471 ], [ -71.825081, 8.316713 ], [ -71.824318, 8.316930 ], [ -71.823395, 8.317102 ], [ -71.822586, 8.317227 ], [ -71.821800, 8.317284 ], [ -71.820862, 8.317548 ], [ -71.820099, 8.317719 ], [ -71.819389, 8.317843 ], [ -71.818672, 8.318013 ], [ -71.817909, 8.318230 ], [ -71.817246, 8.318560 ], [ -71.816536, 8.319075 ], [ -71.815971, 8.319588 ], [ -71.815399, 8.320054 ], [ -71.814804, 8.320476 ], [ -71.813461, 8.321802 ], [ -71.812874, 8.322408 ], [ -71.812324, 8.322988 ], [ -71.811874, 8.323569 ], [ -71.810875, 8.324961 ], [ -71.810402, 8.325564 ], [ -71.809265, 8.326774 ], [ -71.808769, 8.327470 ], [ -71.808434, 8.328117 ], [ -71.808212, 8.328514 ], [ -71.808029, 8.328858 ], [ -71.807511, 8.329669 ], [ -71.807152, 8.330317 ], [ -71.806839, 8.331011 ], [ -71.806572, 8.331680 ], [ -71.806282, 8.332442 ], [ -71.806008, 8.333267 ], [ -71.805687, 8.333374 ], [ -71.805633, 8.333544 ], [ -71.805489, 8.334242 ], [ -71.805267, 8.334967 ], [ -71.804825, 8.336208 ], [ -71.804512, 8.336822 ], [ -71.804581, 8.336943 ], [ -71.804764, 8.337270 ], [ -71.805267, 8.337566 ], [ -71.805817, 8.337975 ], [ -71.806465, 8.338402 ], [ -71.807114, 8.338805 ], [ -71.807800, 8.339138 ], [ -71.808434, 8.339428 ], [ -71.809059, 8.339855 ], [ -71.809593, 8.340265 ], [ -71.810707, 8.341266 ], [ -71.811264, 8.341744 ], [ -71.811813, 8.342198 ], [ -71.812424, 8.342742 ], [ -71.813057, 8.343330 ], [ -71.813568, 8.343879 ], [ -71.814087, 8.344451 ], [ -71.814720, 8.345200 ], [ -71.815514, 8.346194 ], [ -71.815865, 8.346660 ], [ -71.816261, 8.347261 ], [ -71.817032, 8.348647 ], [ -71.817390, 8.349341 ], [ -71.817634, 8.350111 ], [ -71.817764, 8.350795 ], [ -71.817932, 8.352259 ], [ -71.817955, 8.353155 ], [ -71.817955, 8.353960 ], [ -71.817932, 8.354950 ], [ -71.817963, 8.355961 ], [ -71.818001, 8.356649 ], [ -71.818085, 8.357427 ], [ -71.818138, 8.358046 ], [ -71.818123, 8.358645 ], [ -71.817902, 8.360105 ], [ -71.817818, 8.360800 ], [ -71.817673, 8.361520 ], [ -71.817482, 8.362358 ], [ -71.817284, 8.362944 ], [ -71.817017, 8.363625 ], [ -71.816757, 8.364397 ], [ -71.816444, 8.365034 ], [ -71.815918, 8.366487 ], [ -71.815605, 8.368023 ], [ -71.815483, 8.368811 ], [ -71.815422, 8.369390 ], [ -71.815300, 8.370132 ], [ -71.815186, 8.370712 ], [ -71.815086, 8.371363 ], [ -71.814957, 8.372013 ], [ -71.814850, 8.372617 ], [ -71.814415, 8.374412 ], [ -71.814255, 8.374994 ], [ -71.814079, 8.375417 ], [ -71.813683, 8.376441 ], [ -71.813461, 8.376944 ], [ -71.812866, 8.377868 ], [ -71.812530, 8.378305 ], [ -71.812172, 8.378723 ], [ -71.811791, 8.379120 ], [ -71.810982, 8.379868 ], [ -71.810562, 8.380230 ], [ -71.809753, 8.380894 ], [ -71.809097, 8.381458 ], [ -71.808411, 8.382085 ], [ -71.808052, 8.382382 ], [ -71.807472, 8.382843 ], [ -71.807182, 8.383053 ], [ -71.806198, 8.383676 ], [ -71.805977, 8.383831 ], [ -71.804565, 8.384911 ], [ -71.803581, 8.385696 ], [ -71.803177, 8.386063 ], [ -71.802162, 8.387243 ], [ -71.801132, 8.388538 ], [ -71.800705, 8.389216 ], [ -71.800591, 8.389446 ], [ -71.800438, 8.389969 ], [ -71.800255, 8.390718 ], [ -71.800095, 8.391575 ], [ -71.800056, 8.392278 ], [ -71.800064, 8.392484 ], [ -71.800102, 8.392948 ], [ -71.800133, 8.393150 ], [ -71.800270, 8.393830 ], [ -71.800499, 8.394559 ], [ -71.800758, 8.395268 ], [ -71.801010, 8.395898 ], [ -71.801384, 8.396620 ], [ -71.801743, 8.397232 ], [ -71.802193, 8.397936 ], [ -71.802635, 8.398550 ], [ -71.803070, 8.399121 ], [ -71.803497, 8.399595 ], [ -71.804604, 8.400751 ], [ -71.805695, 8.401988 ], [ -71.806412, 8.402824 ], [ -71.806648, 8.403108 ], [ -71.807144, 8.403787 ], [ -71.807495, 8.404204 ], [ -71.808189, 8.404922 ], [ -71.808563, 8.405328 ], [ -71.808884, 8.405773 ], [ -71.809174, 8.406240 ], [ -71.809440, 8.406722 ], [ -71.809692, 8.407214 ], [ -71.809837, 8.407545 ], [ -71.809898, 8.407722 ], [ -71.810059, 8.408246 ], [ -71.810089, 8.408797 ], [ -71.810120, 8.409164 ], [ -71.810211, 8.409904 ], [ -71.810303, 8.410431 ], [ -71.810387, 8.410974 ], [ -71.810402, 8.411524 ], [ -71.810371, 8.412073 ], [ -71.810310, 8.412620 ], [ -71.810219, 8.413208 ], [ -71.810097, 8.413696 ], [ -71.809990, 8.414117 ], [ -71.809685, 8.414643 ], [ -71.809440, 8.415129 ], [ -71.809273, 8.415442 ], [ -71.809151, 8.415591 ], [ -71.808800, 8.415980 ], [ -71.808586, 8.416514 ], [ -71.808350, 8.417013 ], [ -71.808266, 8.417155 ], [ -71.808212, 8.417269 ], [ -71.808151, 8.417356 ], [ -71.808075, 8.417485 ], [ -71.807716, 8.417963 ], [ -71.807396, 8.418353 ], [ -71.807014, 8.418753 ], [ -71.806580, 8.419091 ], [ -71.806091, 8.419342 ], [ -71.805573, 8.419532 ], [ -71.805031, 8.419619 ], [ -71.804329, 8.419807 ], [ -71.802528, 8.420328 ], [ -71.802162, 8.420498 ], [ -71.801925, 8.420636 ], [ -71.801735, 8.421260 ], [ -71.801544, 8.421379 ], [ -71.801369, 8.421538 ], [ -71.801224, 8.421586 ], [ -71.800842, 8.421548 ], [ -71.800453, 8.421570 ], [ -71.800163, 8.421650 ], [ -71.799912, 8.421802 ], [ -71.799683, 8.422065 ], [ -71.799576, 8.422233 ], [ -71.799408, 8.422666 ], [ -71.799362, 8.422822 ], [ -71.799286, 8.423526 ], [ -71.799217, 8.423993 ], [ -71.799118, 8.425030 ], [ -71.798912, 8.425616 ], [ -71.798752, 8.425727 ], [ -71.798538, 8.425910 ], [ -71.798370, 8.425988 ], [ -71.797913, 8.426105 ], [ -71.797539, 8.426236 ], [ -71.797142, 8.426811 ], [ -71.796593, 8.427415 ], [ -71.796089, 8.427867 ], [ -71.795784, 8.428425 ], [ -71.795761, 8.428510 ], [ -71.795631, 8.429199 ], [ -71.795624, 8.429382 ], [ -71.795776, 8.429998 ], [ -71.796196, 8.430606 ], [ -71.796509, 8.431123 ], [ -71.796524, 8.431264 ], [ -71.796577, 8.431404 ], [ -71.796585, 8.432019 ], [ -71.796448, 8.432537 ], [ -71.796440, 8.432762 ], [ -71.796478, 8.433211 ], [ -71.796547, 8.433486 ], [ -71.796860, 8.434027 ], [ -71.797035, 8.434547 ], [ -71.797050, 8.434776 ], [ -71.796974, 8.434915 ], [ -71.796944, 8.435079 ], [ -71.796608, 8.435511 ], [ -71.796150, 8.435792 ], [ -71.795677, 8.436107 ], [ -71.795616, 8.436148 ], [ -71.794983, 8.436493 ], [ -71.794571, 8.436705 ], [ -71.794296, 8.436892 ], [ -71.793984, 8.437517 ], [ -71.793686, 8.438216 ], [ -71.792954, 8.439326 ], [ -71.792457, 8.439522 ], [ -71.791893, 8.439765 ], [ -71.791718, 8.439902 ], [ -71.791199, 8.440376 ], [ -71.790329, 8.441338 ], [ -71.790077, 8.441657 ], [ -71.789703, 8.442161 ], [ -71.789307, 8.442606 ], [ -71.788948, 8.442962 ], [ -71.788536, 8.443324 ], [ -71.787666, 8.444008 ], [ -71.786736, 8.444633 ], [ -71.786644, 8.444776 ], [ -71.786362, 8.445300 ], [ -71.786293, 8.445479 ], [ -71.786087, 8.446111 ], [ -71.785866, 8.446614 ], [ -71.785462, 8.447336 ], [ -71.785225, 8.447472 ], [ -71.784920, 8.447549 ], [ -71.784683, 8.447574 ], [ -71.784355, 8.447559 ], [ -71.784225, 8.447561 ], [ -71.783592, 8.447506 ], [ -71.783073, 8.447766 ], [ -71.782974, 8.447952 ], [ -71.782822, 8.448362 ], [ -71.782799, 8.448574 ], [ -71.782822, 8.449017 ], [ -71.782860, 8.449266 ], [ -71.783051, 8.449922 ], [ -71.783035, 8.450054 ], [ -71.783020, 8.450370 ], [ -71.782951, 8.450520 ], [ -71.782929, 8.450664 ], [ -71.782799, 8.450870 ], [ -71.782410, 8.451260 ], [ -71.782265, 8.451353 ], [ -71.782097, 8.451490 ], [ -71.781952, 8.451556 ], [ -71.781410, 8.451733 ], [ -71.780823, 8.451962 ], [ -71.780640, 8.452056 ], [ -71.780235, 8.452294 ], [ -71.780037, 8.452440 ], [ -71.779541, 8.452930 ], [ -71.779060, 8.453487 ], [ -71.778770, 8.453905 ], [ -71.778610, 8.454165 ], [ -71.778397, 8.454710 ], [ -71.778122, 8.455189 ], [ -71.778038, 8.455311 ], [ -71.777756, 8.455603 ], [ -71.777466, 8.455947 ], [ -71.777153, 8.456433 ], [ -71.776848, 8.456962 ], [ -71.776566, 8.457414 ], [ -71.776398, 8.457982 ], [ -71.776329, 8.458773 ], [ -71.776299, 8.459645 ], [ -71.776268, 8.460154 ], [ -71.776207, 8.460700 ], [ -71.776093, 8.461238 ], [ -71.775887, 8.461790 ], [ -71.775688, 8.462260 ], [ -71.775520, 8.462619 ], [ -71.775116, 8.463361 ], [ -71.774727, 8.464110 ], [ -71.774353, 8.464928 ], [ -71.773560, 8.466727 ], [ -71.773186, 8.467502 ], [ -71.773041, 8.467773 ], [ -71.772873, 8.468141 ], [ -71.772713, 8.468672 ], [ -71.772568, 8.469300 ], [ -71.772575, 8.469972 ], [ -71.772629, 8.470607 ], [ -71.772728, 8.471551 ], [ -71.772736, 8.472568 ], [ -71.772728, 8.472977 ], [ -71.772659, 8.473814 ], [ -71.772652, 8.474096 ], [ -71.772674, 8.474585 ], [ -71.772690, 8.474733 ], [ -71.772819, 8.475377 ], [ -71.773102, 8.476357 ], [ -71.773186, 8.476993 ], [ -71.773209, 8.477450 ], [ -71.773178, 8.478000 ], [ -71.773094, 8.478675 ], [ -71.773025, 8.479087 ], [ -71.772789, 8.480163 ], [ -71.772652, 8.480693 ], [ -71.772468, 8.481273 ], [ -71.772110, 8.482144 ], [ -71.771813, 8.482964 ], [ -71.771294, 8.484337 ], [ -71.771149, 8.484953 ], [ -71.770989, 8.485843 ], [ -71.770935, 8.486482 ], [ -71.770989, 8.487234 ], [ -71.771011, 8.487412 ], [ -71.771103, 8.487895 ], [ -71.771134, 8.488033 ], [ -71.771378, 8.488879 ], [ -71.771675, 8.489712 ], [ -71.772011, 8.490430 ], [ -71.772087, 8.490673 ], [ -71.772201, 8.491211 ], [ -71.772354, 8.492243 ], [ -71.772530, 8.492846 ], [ -71.772819, 8.493494 ], [ -71.772934, 8.493844 ], [ -71.773018, 8.494197 ], [ -71.773147, 8.494923 ], [ -71.773735, 8.497244 ], [ -71.773941, 8.498055 ], [ -71.774162, 8.498774 ], [ -71.774223, 8.498930 ], [ -71.774445, 8.499424 ], [ -71.774528, 8.499588 ], [ -71.774910, 8.500110 ], [ -71.775452, 8.500537 ], [ -71.775742, 8.500788 ], [ -71.776009, 8.501038 ], [ -71.776138, 8.501170 ], [ -71.776871, 8.501990 ], [ -71.777191, 8.502440 ], [ -71.777466, 8.502916 ], [ -71.777679, 8.503425 ], [ -71.777863, 8.503943 ], [ -71.778175, 8.504996 ], [ -71.778320, 8.505528 ], [ -71.778442, 8.506063 ], [ -71.778542, 8.506604 ], [ -71.778618, 8.507217 ], [ -71.778641, 8.507699 ], [ -71.778641, 8.508247 ], [ -71.778595, 8.508910 ], [ -71.778542, 8.509412 ], [ -71.778542, 8.509685 ], [ -71.778580, 8.510339 ], [ -71.778702, 8.511154 ], [ -71.778740, 8.511328 ], [ -71.778946, 8.512020 ], [ -71.779297, 8.512669 ], [ -71.779724, 8.513361 ], [ -71.780083, 8.513972 ], [ -71.780899, 8.515096 ], [ -71.781029, 8.515285 ], [ -71.781311, 8.515755 ], [ -71.781586, 8.516233 ], [ -71.781715, 8.516914 ], [ -71.781784, 8.517366 ], [ -71.781784, 8.517511 ], [ -71.781799, 8.517672 ], [ -71.781792, 8.517915 ], [ -71.781639, 8.519514 ], [ -71.781662, 8.520325 ], [ -71.781700, 8.521197 ], [ -71.781898, 8.522492 ], [ -71.781990, 8.522964 ], [ -71.782074, 8.523299 ], [ -71.782471, 8.524494 ], [ -71.782578, 8.524701 ], [ -71.782814, 8.525055 ], [ -71.782959, 8.525229 ], [ -71.783295, 8.525535 ], [ -71.783432, 8.525643 ], [ -71.783997, 8.525985 ], [ -71.784469, 8.526345 ], [ -71.784569, 8.526507 ], [ -71.784714, 8.526708 ], [ -71.784798, 8.526880 ], [ -71.784843, 8.527082 ], [ -71.784889, 8.527227 ], [ -71.785057, 8.528196 ], [ -71.785111, 8.528470 ], [ -71.785194, 8.528804 ], [ -71.785499, 8.529467 ], [ -71.786201, 8.530821 ], [ -71.786674, 8.531454 ], [ -71.787193, 8.532095 ], [ -71.787659, 8.532631 ], [ -71.787880, 8.532836 ], [ -71.788315, 8.533141 ], [ -71.788895, 8.533499 ], [ -71.789391, 8.533775 ], [ -71.789841, 8.534185 ], [ -71.790184, 8.534519 ], [ -71.790642, 8.534976 ], [ -71.790947, 8.535310 ], [ -71.791283, 8.535749 ], [ -71.791603, 8.536284 ], [ -71.792015, 8.537026 ], [ -71.792419, 8.537674 ], [ -71.792725, 8.538091 ], [ -71.792839, 8.538268 ], [ -71.793243, 8.539106 ], [ -71.793373, 8.539274 ], [ -71.793671, 8.539594 ], [ -71.793869, 8.539744 ], [ -71.794411, 8.540051 ], [ -71.795021, 8.540317 ], [ -71.795563, 8.540331 ], [ -71.796066, 8.540458 ], [ -71.796539, 8.540737 ], [ -71.796974, 8.541078 ], [ -71.797401, 8.541489 ], [ -71.797890, 8.542010 ], [ -71.798111, 8.542278 ], [ -71.798790, 8.543146 ], [ -71.799164, 8.543676 ], [ -71.799385, 8.544065 ], [ -71.799621, 8.544566 ], [ -71.799812, 8.545082 ], [ -71.799988, 8.545603 ], [ -71.800133, 8.546131 ], [ -71.800232, 8.546728 ], [ -71.800270, 8.547222 ], [ -71.800278, 8.547771 ], [ -71.800156, 8.549955 ], [ -71.800247, 8.550572 ], [ -71.800300, 8.550734 ], [ -71.800583, 8.551502 ], [ -71.800820, 8.552048 ], [ -71.801483, 8.553720 ], [ -71.801720, 8.554591 ], [ -71.801987, 8.555251 ], [ -71.802116, 8.555471 ], [ -71.802505, 8.556015 ], [ -71.802971, 8.556562 ], [ -71.803200, 8.556789 ], [ -71.803428, 8.556994 ], [ -71.803711, 8.557231 ], [ -71.804115, 8.557598 ], [ -71.804451, 8.558033 ], [ -71.804771, 8.558485 ], [ -71.805038, 8.558964 ], [ -71.805214, 8.559485 ], [ -71.805260, 8.559644 ], [ -71.805344, 8.560146 ], [ -71.805366, 8.560335 ], [ -71.805389, 8.560856 ], [ -71.805374, 8.561117 ], [ -71.805252, 8.562184 ], [ -71.805313, 8.562842 ], [ -71.805481, 8.563548 ], [ -71.805550, 8.563763 ], [ -71.805885, 8.564297 ], [ -71.806145, 8.564757 ], [ -71.806366, 8.565261 ], [ -71.806488, 8.565907 ], [ -71.806511, 8.566388 ], [ -71.806557, 8.566747 ], [ -71.806656, 8.567176 ], [ -71.806923, 8.567957 ], [ -71.807182, 8.568225 ], [ -71.808083, 8.569098 ], [ -71.808502, 8.569575 ], [ -71.808586, 8.569833 ], [ -71.808655, 8.570010 ], [ -71.808830, 8.570587 ], [ -71.808945, 8.570933 ], [ -71.809113, 8.571613 ], [ -71.809502, 8.572021 ], [ -71.809837, 8.572165 ], [ -71.810074, 8.572255 ], [ -71.810738, 8.572451 ], [ -71.811302, 8.572675 ], [ -71.812538, 8.573255 ], [ -71.813034, 8.573466 ], [ -71.813225, 8.573571 ], [ -71.813385, 8.573648 ], [ -71.813515, 8.573733 ], [ -71.813606, 8.573846 ], [ -71.813919, 8.574127 ], [ -71.814064, 8.574387 ], [ -71.814255, 8.574903 ], [ -71.814430, 8.575413 ], [ -71.814598, 8.576009 ], [ -71.814857, 8.576781 ], [ -71.814919, 8.576939 ], [ -71.815239, 8.577523 ], [ -71.815674, 8.578062 ], [ -71.815743, 8.578400 ], [ -71.815758, 8.578703 ], [ -71.815750, 8.579446 ], [ -71.815827, 8.580025 ], [ -71.815994, 8.580639 ], [ -71.816231, 8.581191 ], [ -71.816360, 8.581590 ], [ -71.816246, 8.582089 ], [ -71.816551, 8.582603 ], [ -71.817070, 8.582855 ], [ -71.817459, 8.582745 ], [ -71.817741, 8.582580 ], [ -71.817871, 8.582573 ], [ -71.818001, 8.582520 ], [ -71.818184, 8.582557 ], [ -71.818382, 8.582546 ], [ -71.818527, 8.582627 ], [ -71.818886, 8.583045 ], [ -71.819107, 8.583546 ], [ -71.819160, 8.583703 ], [ -71.819252, 8.584077 ], [ -71.819359, 8.584843 ], [ -71.819382, 8.585256 ], [ -71.819443, 8.585655 ], [ -71.819626, 8.586229 ], [ -71.819664, 8.586460 ], [ -71.819710, 8.586843 ], [ -71.819687, 8.587367 ], [ -71.819794, 8.587666 ], [ -71.819961, 8.588002 ], [ -71.820366, 8.588610 ], [ -71.820427, 8.588766 ], [ -71.820702, 8.589856 ], [ -71.820877, 8.590062 ], [ -71.821137, 8.590307 ], [ -71.821266, 8.590387 ], [ -71.821655, 8.590582 ], [ -71.821976, 8.590686 ], [ -71.822571, 8.590808 ], [ -71.823051, 8.591078 ], [ -71.823494, 8.591431 ], [ -71.824165, 8.591818 ], [ -71.824676, 8.592074 ], [ -71.824920, 8.592174 ], [ -71.825500, 8.592201 ], [ -71.825981, 8.592465 ], [ -71.826103, 8.592563 ], [ -71.826218, 8.592632 ], [ -71.826416, 8.592814 ], [ -71.826790, 8.593080 ], [ -71.827156, 8.593178 ], [ -71.827331, 8.593208 ], [ -71.828079, 8.593271 ], [ -71.828484, 8.593359 ], [ -71.829018, 8.593510 ], [ -71.830490, 8.594015 ], [ -71.831101, 8.594240 ], [ -71.831680, 8.594466 ], [ -71.832100, 8.594741 ], [ -71.832519, 8.594981 ], [ -71.833069, 8.595214 ], [ -71.833542, 8.595520 ], [ -71.833954, 8.595891 ], [ -71.834465, 8.596323 ], [ -71.835167, 8.596952 ], [ -71.836037, 8.597672 ], [ -71.836143, 8.597787 ], [ -71.836327, 8.597952 ], [ -71.836411, 8.598072 ], [ -71.836678, 8.598556 ], [ -71.836792, 8.598803 ], [ -71.837013, 8.599530 ], [ -71.837128, 8.599821 ], [ -71.837433, 8.600519 ], [ -71.837753, 8.601202 ], [ -71.837883, 8.601408 ], [ -71.838173, 8.601788 ], [ -71.838295, 8.601917 ], [ -71.838768, 8.602320 ], [ -71.839363, 8.602618 ], [ -71.839905, 8.602809 ], [ -71.840141, 8.602855 ], [ -71.840660, 8.602889 ], [ -71.840843, 8.602888 ], [ -71.841415, 8.602773 ], [ -71.841988, 8.602703 ], [ -71.844116, 8.602335 ], [ -71.844772, 8.602326 ], [ -71.845245, 8.602349 ], [ -71.845512, 8.602377 ], [ -71.845795, 8.602423 ], [ -71.846222, 8.602517 ], [ -71.846863, 8.602689 ], [ -71.847015, 8.602736 ], [ -71.847382, 8.602874 ], [ -71.847671, 8.603002 ], [ -71.847878, 8.603114 ], [ -71.848350, 8.603404 ], [ -71.848816, 8.603699 ], [ -71.848938, 8.603786 ], [ -71.849251, 8.604035 ], [ -71.849403, 8.604176 ], [ -71.850418, 8.605272 ], [ -71.850723, 8.605548 ], [ -71.851296, 8.606030 ], [ -71.851517, 8.606208 ], [ -71.852066, 8.606616 ], [ -71.853332, 8.607498 ], [ -71.853828, 8.607796 ], [ -71.854477, 8.608135 ], [ -71.854721, 8.608226 ], [ -71.855148, 8.608360 ], [ -71.856003, 8.608579 ], [ -71.856537, 8.608745 ], [ -71.857376, 8.608894 ], [ -71.858093, 8.609090 ], [ -71.858681, 8.609195 ], [ -71.859566, 8.609149 ], [ -71.860336, 8.609131 ], [ -71.860977, 8.609098 ], [ -71.861442, 8.609133 ], [ -71.861648, 8.609193 ], [ -71.861786, 8.609218 ], [ -71.861969, 8.609286 ], [ -71.862457, 8.609549 ], [ -71.862885, 8.609896 ], [ -71.863609, 8.610435 ], [ -71.864243, 8.610921 ], [ -71.864395, 8.611005 ], [ -71.864792, 8.611191 ], [ -71.865127, 8.611280 ], [ -71.865624, 8.611365 ], [ -71.866272, 8.611564 ], [ -71.867142, 8.611700 ], [ -71.867287, 8.611730 ], [ -71.867912, 8.611873 ], [ -71.868805, 8.612098 ], [ -71.869446, 8.612378 ], [ -71.870010, 8.612539 ], [ -71.870514, 8.612801 ], [ -71.871170, 8.613033 ], [ -71.871948, 8.613401 ], [ -71.873047, 8.613847 ], [ -71.874100, 8.614321 ], [ -71.874931, 8.614678 ], [ -71.875870, 8.615142 ], [ -71.876541, 8.615449 ], [ -71.877167, 8.615683 ], [ -71.877686, 8.615939 ], [ -71.878464, 8.616406 ], [ -71.879189, 8.616829 ], [ -71.879372, 8.616931 ], [ -71.879959, 8.617228 ], [ -71.880508, 8.617434 ], [ -71.881104, 8.617691 ], [ -71.881363, 8.617770 ], [ -71.881722, 8.617818 ], [ -71.881973, 8.617817 ], [ -71.882622, 8.617686 ], [ -71.883301, 8.617429 ], [ -71.884148, 8.617077 ], [ -71.885201, 8.616749 ], [ -71.885376, 8.616713 ], [ -71.885567, 8.616657 ], [ -71.885742, 8.616635 ], [ -71.886345, 8.616638 ], [ -71.886833, 8.616716 ], [ -71.887032, 8.616788 ], [ -71.887138, 8.616863 ], [ -71.887329, 8.616957 ], [ -71.887764, 8.617296 ], [ -71.888115, 8.617718 ], [ -71.888199, 8.617878 ], [ -71.888214, 8.618043 ], [ -71.888275, 8.618241 ], [ -71.888283, 8.618655 ], [ -71.888275, 8.618790 ], [ -71.888176, 8.619298 ], [ -71.888115, 8.619892 ], [ -71.888252, 8.620469 ], [ -71.888367, 8.620735 ], [ -71.888527, 8.621058 ], [ -71.888840, 8.621610 ], [ -71.888970, 8.621818 ], [ -71.889488, 8.622357 ], [ -71.890617, 8.623370 ], [ -71.891052, 8.623802 ], [ -71.892387, 8.625497 ], [ -71.892807, 8.625920 ], [ -71.893356, 8.626412 ], [ -71.893692, 8.626695 ], [ -71.894394, 8.627250 ], [ -71.894875, 8.627572 ], [ -71.895408, 8.627902 ], [ -71.895943, 8.628215 ], [ -71.896316, 8.628392 ], [ -71.896645, 8.628528 ], [ -71.897789, 8.629139 ], [ -71.898292, 8.629389 ], [ -71.898911, 8.629659 ], [ -71.899857, 8.630002 ], [ -71.900360, 8.630238 ], [ -71.901352, 8.630728 ], [ -71.901894, 8.631015 ], [ -71.902306, 8.631268 ], [ -71.902626, 8.631483 ], [ -71.902763, 8.631585 ], [ -71.903183, 8.631939 ], [ -71.903641, 8.632364 ], [ -71.903984, 8.632699 ], [ -71.905533, 8.634286 ], [ -71.906189, 8.634734 ], [ -71.906532, 8.634939 ], [ -71.906815, 8.635076 ], [ -71.907356, 8.635277 ], [ -71.908012, 8.635450 ], [ -71.908691, 8.635515 ], [ -71.909134, 8.635571 ], [ -71.909973, 8.635633 ], [ -71.910187, 8.635666 ], [ -71.911293, 8.635875 ], [ -71.911842, 8.636001 ], [ -71.912346, 8.635901 ], [ -71.912369, 8.636356 ], [ -71.912468, 8.636950 ], [ -71.912453, 8.637571 ], [ -71.912262, 8.638271 ], [ -71.911934, 8.639093 ], [ -71.911087, 8.640978 ], [ -71.910736, 8.641456 ], [ -71.910278, 8.641894 ], [ -71.909523, 8.642554 ], [ -71.908768, 8.643146 ], [ -71.908280, 8.643494 ], [ -71.907814, 8.643886 ], [ -71.907349, 8.644300 ], [ -71.906830, 8.644604 ], [ -71.906296, 8.644954 ], [ -71.905800, 8.645256 ], [ -71.905235, 8.645493 ], [ -71.904442, 8.645786 ], [ -71.903694, 8.646078 ], [ -71.903107, 8.646407 ], [ -71.902550, 8.646759 ], [ -71.901390, 8.647554 ], [ -71.900787, 8.648024 ], [ -71.900070, 8.648498 ], [ -71.898987, 8.649036 ], [ -71.898102, 8.649336 ], [ -71.897377, 8.649604 ], [ -71.896553, 8.649807 ], [ -71.895706, 8.649944 ], [ -71.894989, 8.649982 ], [ -71.894348, 8.650128 ], [ -71.892525, 8.651030 ], [ -71.891182, 8.651536 ], [ -71.890389, 8.651853 ], [ -71.889732, 8.652094 ], [ -71.889183, 8.652307 ], [ -71.888626, 8.652612 ], [ -71.888138, 8.653006 ], [ -71.887627, 8.653492 ], [ -71.887215, 8.654019 ], [ -71.886810, 8.654707 ], [ -71.886307, 8.656091 ], [ -71.886086, 8.656654 ], [ -71.885742, 8.657155 ], [ -71.885414, 8.657978 ], [ -71.885078, 8.658639 ], [ -71.884735, 8.659141 ], [ -71.884232, 8.659696 ], [ -71.883636, 8.660371 ], [ -71.883225, 8.660806 ], [ -71.882187, 8.661826 ], [ -71.881630, 8.662270 ], [ -71.881050, 8.662644 ], [ -71.880333, 8.663027 ], [ -71.879761, 8.663194 ], [ -71.879097, 8.663366 ], [ -71.878365, 8.663427 ], [ -71.877609, 8.663697 ], [ -71.877235, 8.664408 ], [ -71.876724, 8.664892 ], [ -71.876061, 8.664973 ], [ -71.875473, 8.664865 ], [ -71.874786, 8.664925 ], [ -71.874313, 8.665295 ], [ -71.873772, 8.665921 ], [ -71.872948, 8.666674 ], [ -71.872696, 8.666989 ], [ -71.872276, 8.667462 ], [ -71.871803, 8.667799 ], [ -71.871300, 8.668090 ], [ -71.870422, 8.668738 ], [ -71.870232, 8.669250 ], [ -71.869972, 8.669878 ], [ -71.869621, 8.670396 ], [ -71.869217, 8.670775 ], [ -71.868668, 8.671137 ], [ -71.868217, 8.671495 ], [ -71.867790, 8.671876 ], [ -71.867416, 8.672417 ], [ -71.867180, 8.672908 ], [ -71.867103, 8.673438 ], [ -71.867073, 8.673990 ], [ -71.866981, 8.674614 ], [ -71.866951, 8.675260 ], [ -71.866852, 8.675768 ], [ -71.866684, 8.676302 ], [ -71.866470, 8.676815 ], [ -71.866119, 8.677286 ], [ -71.865196, 8.678072 ], [ -71.864654, 8.678457 ], [ -71.864174, 8.678701 ], [ -71.863151, 8.679193 ], [ -71.862633, 8.679484 ], [ -71.853073, 8.679546 ], [ -71.812050, 8.680001 ], [ -71.791237, 8.680193 ], [ -71.773224, 8.680705 ], [ -71.747994, 8.680775 ], [ -71.718903, 8.681084 ], [ -71.704010, 8.681556 ], [ -71.699646, 8.681715 ], [ -71.699104, 8.681712 ], [ -71.698662, 8.682162 ], [ -71.697784, 8.682993 ], [ -71.697311, 8.683397 ], [ -71.696816, 8.683896 ], [ -71.696236, 8.684396 ], [ -71.695648, 8.684942 ], [ -71.695091, 8.685489 ], [ -71.694595, 8.685941 ], [ -71.694145, 8.686368 ], [ -71.693695, 8.686819 ], [ -71.693291, 8.687199 ], [ -71.692490, 8.688004 ], [ -71.690468, 8.689950 ], [ -71.689530, 8.690899 ], [ -71.688606, 8.691870 ], [ -71.688095, 8.692368 ], [ -71.687561, 8.692960 ], [ -71.686974, 8.693551 ], [ -71.684898, 8.695753 ], [ -71.684425, 8.696181 ], [ -71.683708, 8.696939 ], [ -71.682945, 8.697698 ], [ -71.682251, 8.698432 ], [ -71.681602, 8.699095 ], [ -71.681244, 8.699473 ], [ -71.680641, 8.700135 ], [ -71.680237, 8.700539 ], [ -71.679001, 8.701703 ], [ -71.678215, 8.702393 ], [ -71.676735, 8.703726 ], [ -71.676063, 8.704367 ], [ -71.674889, 8.705414 ], [ -71.674507, 8.705770 ], [ -71.673279, 8.706958 ], [ -71.672424, 8.707809 ], [ -71.670784, 8.709401 ], [ -71.670181, 8.710017 ], [ -71.669418, 8.710772 ], [ -71.669220, 8.710970 ], [ -71.667648, 8.712577 ], [ -71.666557, 8.713759 ], [ -71.665924, 8.714399 ], [ -71.665596, 8.714800 ], [ -71.659210, 8.720066 ], [ -71.645927, 8.729759 ], [ -71.641472, 8.733439 ], [ -71.640289, 8.734398 ], [ -71.639053, 8.735417 ], [ -71.631943, 8.741149 ], [ -71.624512, 8.747209 ], [ -71.615555, 8.754863 ], [ -71.603149, 8.764887 ], [ -71.595520, 8.771020 ], [ -71.594177, 8.772051 ], [ -71.588470, 8.776451 ], [ -71.577431, 8.785435 ], [ -71.569153, 8.791925 ], [ -71.553940, 8.804396 ], [ -71.542007, 8.813926 ], [ -71.533409, 8.820588 ], [ -71.527565, 8.825116 ], [ -71.517113, 8.833282 ], [ -71.509308, 8.839349 ], [ -71.501099, 8.846210 ], [ -71.499985, 8.847191 ], [ -71.416940, 8.910263 ], [ -71.415780, 8.911160 ], [ -71.413341, 8.913012 ], [ -71.379480, 8.938728 ], [ -71.375098, 8.942000 ], [ -71.374080, 8.942730 ], [ -71.356257, 8.955500 ], [ -71.341474, 8.967073 ], [ -71.321930, 8.981331 ], [ -71.306125, 8.993910 ], [ -71.297797, 9.000116 ], [ -71.264771, 9.019582 ], [ -71.261918, 9.021264 ], [ -71.240540, 9.034476 ], [ -71.222094, 9.045808 ], [ -71.222654, 9.042143 ], [ -71.221706, 9.041215 ], [ -71.221855, 9.039193 ], [ -71.221220, 9.037797 ], [ -71.220273, 9.037024 ], [ -71.219325, 9.036096 ], [ -71.219005, 9.034854 ], [ -71.218216, 9.034236 ], [ -71.217737, 9.032683 ], [ -71.216946, 9.031443 ], [ -71.216940, 9.030200 ], [ -71.217091, 9.028645 ], [ -71.217868, 9.026621 ], [ -71.219440, 9.026303 ], [ -71.219274, 9.024439 ], [ -71.220842, 9.023188 ], [ -71.222257, 9.023182 ], [ -71.223663, 9.020844 ], [ -71.224912, 9.018973 ], [ -71.224905, 9.017108 ], [ -71.224739, 9.015243 ], [ -71.224730, 9.013067 ], [ -71.225193, 9.011045 ], [ -71.226440, 9.008552 ], [ -71.227695, 9.007770 ], [ -71.228792, 9.006987 ], [ -71.228944, 9.005743 ], [ -71.229098, 9.004965 ], [ -71.230507, 9.003560 ], [ -71.231922, 9.003554 ], [ -71.233179, 9.003237 ], [ -71.233172, 9.001528 ], [ -71.233008, 9.000129 ], [ -71.234011, 8.998845 ], [ -71.235160, 8.997964 ], [ -71.235669, 8.995698 ], [ -71.235922, 8.993684 ], [ -71.235538, 8.992677 ], [ -71.234770, 8.991167 ], [ -71.234896, 8.989278 ], [ -71.235534, 8.987642 ], [ -71.236810, 8.986005 ], [ -71.237701, 8.983613 ], [ -71.237956, 8.981851 ], [ -71.238871, 8.977894 ], [ -71.237844, 8.978320 ], [ -71.231576, 8.982637 ], [ -71.219095, 8.991218 ], [ -71.208325, 8.997322 ], [ -71.203904, 9.000120 ], [ -71.181901, 9.013897 ], [ -71.159045, 9.030670 ], [ -71.146859, 9.039273 ], [ -71.146791, 9.039335 ], [ -71.147168, 9.039572 ], [ -71.148181, 9.040233 ], [ -71.148857, 9.041006 ], [ -71.148863, 9.042337 ], [ -71.148979, 9.043224 ], [ -71.149767, 9.043775 ], [ -71.150779, 9.044436 ], [ -71.151790, 9.044653 ], [ -71.152689, 9.044982 ], [ -71.153812, 9.045199 ], [ -71.155049, 9.045859 ], [ -71.155838, 9.046632 ], [ -71.156737, 9.046961 ], [ -71.157190, 9.047957 ], [ -71.157642, 9.048620 ], [ -71.158653, 9.048838 ], [ -71.159550, 9.048723 ], [ -71.160338, 9.049274 ], [ -71.161128, 9.050380 ], [ -71.161693, 9.051264 ], [ -71.161921, 9.052261 ], [ -71.162489, 9.053811 ], [ -71.162493, 9.054809 ], [ -71.162838, 9.056693 ], [ -71.162957, 9.058356 ], [ -71.163188, 9.059907 ], [ -71.163418, 9.061126 ], [ -71.163756, 9.061568 ], [ -71.164542, 9.061676 ], [ -71.164434, 9.062674 ], [ -71.164664, 9.064004 ], [ -71.165341, 9.064999 ], [ -71.165791, 9.065219 ], [ -71.166243, 9.065771 ], [ -71.166806, 9.066323 ], [ -71.166586, 9.067322 ], [ -71.167262, 9.067985 ], [ -71.167936, 9.068204 ], [ -71.168837, 9.068865 ], [ -71.169402, 9.069861 ], [ -71.169519, 9.070858 ], [ -71.169971, 9.071743 ], [ -71.170255, 9.073160 ], [ -71.169832, 9.075513 ], [ -71.147636, 9.109460 ], [ -71.147636, 9.109461 ], [ -71.147636, 9.109461 ], [ -71.149536, 9.111009 ], [ -71.150864, 9.113377 ], [ -71.152077, 9.115215 ], [ -71.154610, 9.115736 ], [ -71.156349, 9.114085 ], [ -71.158218, 9.113813 ], [ -71.158234, 9.115841 ], [ -71.158501, 9.118530 ], [ -71.160187, 9.119714 ], [ -71.162201, 9.119901 ], [ -71.164345, 9.119461 ], [ -71.166397, 9.119324 ], [ -71.165596, 9.121024 ], [ -71.167473, 9.120107 ], [ -71.169403, 9.118497 ], [ -71.171036, 9.119291 ], [ -71.171364, 9.121795 ], [ -71.172699, 9.120383 ], [ -71.174393, 9.119746 ], [ -71.176201, 9.120029 ], [ -71.178757, 9.119674 ], [ -71.180496, 9.120027 ], [ -71.182526, 9.120904 ], [ -71.184502, 9.120491 ], [ -71.186440, 9.121439 ], [ -71.187866, 9.123228 ], [ -71.189652, 9.124778 ], [ -71.190140, 9.127026 ], [ -71.191933, 9.127585 ], [ -71.194176, 9.127834 ], [ -71.195107, 9.130256 ], [ -71.196983, 9.131505 ], [ -71.197952, 9.133466 ], [ -71.197884, 9.135840 ], [ -71.199203, 9.138022 ], [ -71.200661, 9.139373 ], [ -71.200050, 9.142105 ], [ -71.200752, 9.144417 ], [ -71.203224, 9.145699 ], [ -71.204506, 9.147167 ], [ -71.208977, 9.151077 ], [ -71.211098, 9.151928 ], [ -71.213173, 9.152943 ], [ -71.215111, 9.154812 ], [ -71.217232, 9.156769 ], [ -71.219361, 9.159164 ], [ -71.221451, 9.161905 ], [ -71.221352, 9.164557 ], [ -71.221626, 9.166718 ], [ -71.222748, 9.166590 ], [ -71.222427, 9.166788 ], [ -71.222046, 9.167213 ], [ -71.221733, 9.167710 ], [ -71.221390, 9.168297 ], [ -71.220520, 9.169421 ], [ -71.219994, 9.170073 ], [ -71.219543, 9.170495 ], [ -71.219162, 9.171036 ], [ -71.218819, 9.171670 ], [ -71.218605, 9.172490 ], [ -71.218453, 9.173198 ], [ -71.218239, 9.173974 ], [ -71.217926, 9.174493 ], [ -71.217773, 9.175109 ], [ -71.217705, 9.175865 ], [ -71.217751, 9.176602 ], [ -71.217873, 9.177248 ], [ -71.218147, 9.178153 ], [ -71.218521, 9.178716 ], [ -71.219002, 9.179096 ], [ -71.219521, 9.179547 ], [ -71.220154, 9.180073 ], [ -71.220627, 9.180547 ], [ -71.220864, 9.181173 ], [ -71.220909, 9.181910 ], [ -71.220772, 9.182595 ], [ -71.220413, 9.183160 ], [ -71.220116, 9.183679 ], [ -71.219688, 9.184264 ], [ -71.219414, 9.184876 ], [ -71.219261, 9.185424 ], [ -71.219147, 9.186087 ], [ -71.219192, 9.186869 ], [ -71.219269, 9.187447 ], [ -71.219162, 9.188086 ], [ -71.218979, 9.188838 ], [ -71.218666, 9.189312 ], [ -71.218117, 9.189733 ], [ -71.217468, 9.189737 ], [ -71.216820, 9.189948 ], [ -71.216362, 9.190439 ], [ -71.216576, 9.190997 ], [ -71.217178, 9.191084 ], [ -71.217743, 9.190824 ], [ -71.218323, 9.190773 ], [ -71.218841, 9.190466 ], [ -71.219292, 9.190042 ], [ -71.219887, 9.190335 ], [ -71.219818, 9.190977 ], [ -71.219734, 9.191641 ], [ -71.219620, 9.192349 ], [ -71.219460, 9.193104 ], [ -71.219276, 9.193673 ], [ -71.219048, 9.194470 ], [ -71.218826, 9.195016 ], [ -71.218582, 9.195538 ], [ -71.218284, 9.196079 ], [ -71.217995, 9.196645 ], [ -71.217621, 9.197439 ], [ -71.217445, 9.198054 ], [ -71.217400, 9.198627 ], [ -71.217453, 9.199341 ], [ -71.217590, 9.200264 ], [ -71.217560, 9.201137 ], [ -71.217216, 9.202000 ], [ -71.216881, 9.201645 ], [ -71.216477, 9.201014 ], [ -71.216148, 9.200544 ], [ -71.215698, 9.200025 ], [ -71.215172, 9.199666 ], [ -71.214462, 9.199368 ], [ -71.213730, 9.199118 ], [ -71.213066, 9.198938 ], [ -71.212494, 9.198829 ], [ -71.211807, 9.198487 ], [ -71.211357, 9.198130 ], [ -71.210907, 9.197635 ], [ -71.210548, 9.197118 ], [ -71.210236, 9.196627 ], [ -71.209930, 9.196112 ], [ -71.209511, 9.195478 ], [ -71.208977, 9.194751 ], [ -71.208519, 9.194324 ], [ -71.207932, 9.194031 ], [ -71.207268, 9.193782 ], [ -71.206459, 9.193529 ], [ -71.205864, 9.193281 ], [ -71.205246, 9.193125 ], [ -71.204552, 9.193174 ], [ -71.203964, 9.193410 ], [ -71.203316, 9.193460 ], [ -71.202667, 9.193533 ], [ -71.202149, 9.193817 ], [ -71.201538, 9.194052 ], [ -71.200844, 9.194054 ], [ -71.200279, 9.193692 ], [ -71.199760, 9.193241 ], [ -71.199287, 9.192860 ], [ -71.198433, 9.192582 ], [ -71.197723, 9.192423 ], [ -71.197083, 9.192037 ], [ -71.196495, 9.191537 ], [ -71.196075, 9.191043 ], [ -71.195602, 9.190615 ], [ -71.195145, 9.190234 ], [ -71.194977, 9.189563 ], [ -71.194839, 9.188893 ], [ -71.194626, 9.188266 ], [ -71.194038, 9.188387 ], [ -71.193474, 9.188829 ], [ -71.192863, 9.189133 ], [ -71.192192, 9.189205 ], [ -71.191521, 9.189049 ], [ -71.190865, 9.188546 ], [ -71.190392, 9.188165 ], [ -71.189789, 9.188125 ], [ -71.189209, 9.188222 ], [ -71.188606, 9.188366 ], [ -71.188248, 9.187757 ], [ -71.188294, 9.187184 ], [ -71.187866, 9.186620 ], [ -71.187149, 9.186577 ], [ -71.186569, 9.186697 ], [ -71.186027, 9.186888 ], [ -71.185478, 9.186665 ], [ -71.185173, 9.186013 ], [ -71.184944, 9.185294 ], [ -71.184700, 9.184758 ], [ -71.184189, 9.184237 ], [ -71.183616, 9.183945 ], [ -71.182976, 9.183675 ], [ -71.182358, 9.183495 ], [ -71.181549, 9.183426 ], [ -71.181000, 9.183248 ], [ -71.180428, 9.182863 ], [ -71.179809, 9.182685 ], [ -71.179214, 9.182575 ], [ -71.177818, 9.182626 ], [ -71.177178, 9.182562 ], [ -71.176605, 9.182247 ], [ -71.175949, 9.181722 ], [ -71.175644, 9.181161 ], [ -71.175262, 9.179771 ], [ -71.175125, 9.179101 ], [ -71.174583, 9.178579 ], [ -71.173897, 9.178307 ], [ -71.173324, 9.178106 ], [ -71.172615, 9.177787 ], [ -71.172043, 9.177609 ], [ -71.171379, 9.177177 ], [ -71.170883, 9.176886 ], [ -71.170403, 9.176457 ], [ -71.170151, 9.175670 ], [ -71.169868, 9.174994 ], [ -71.169563, 9.174479 ], [ -71.169319, 9.173944 ], [ -71.169060, 9.173317 ], [ -71.168678, 9.172823 ], [ -71.168259, 9.172305 ], [ -71.168160, 9.171659 ], [ -71.168365, 9.170999 ], [ -71.168587, 9.170362 ], [ -71.168770, 9.169701 ], [ -71.168877, 9.169128 ], [ -71.168831, 9.168392 ], [ -71.168755, 9.167816 ], [ -71.168518, 9.167165 ], [ -71.167641, 9.167139 ], [ -71.167038, 9.167258 ], [ -71.166473, 9.166623 ], [ -71.166282, 9.166041 ], [ -71.166435, 9.165472 ], [ -71.166176, 9.164889 ], [ -71.165512, 9.164687 ], [ -71.164719, 9.164962 ], [ -71.164200, 9.165315 ], [ -71.163605, 9.165734 ], [ -71.162888, 9.165851 ], [ -71.162193, 9.165739 ], [ -71.161507, 9.165489 ], [ -71.160866, 9.165332 ], [ -71.160271, 9.165086 ], [ -71.159752, 9.164657 ], [ -71.159347, 9.164185 ], [ -71.159485, 9.163453 ], [ -71.159874, 9.162798 ], [ -71.160195, 9.162118 ], [ -71.160233, 9.161545 ], [ -71.159729, 9.161254 ], [ -71.159172, 9.161537 ], [ -71.158401, 9.162480 ], [ -71.157906, 9.161960 ], [ -71.157379, 9.160864 ], [ -71.157059, 9.160096 ], [ -71.156609, 9.159646 ], [ -71.156037, 9.159423 ], [ -71.155556, 9.159109 ], [ -71.154968, 9.158679 ], [ -71.154404, 9.158249 ], [ -71.153908, 9.157775 ], [ -71.153297, 9.157365 ], [ -71.152626, 9.157254 ], [ -71.151993, 9.157465 ], [ -71.151047, 9.158174 ], [ -71.150505, 9.158479 ], [ -71.149925, 9.158554 ], [ -71.149384, 9.158239 ], [ -71.149002, 9.157815 ], [ -71.148033, 9.156706 ], [ -71.147636, 9.156165 ], [ -71.146835, 9.154970 ], [ -71.146416, 9.154452 ], [ -71.145912, 9.154139 ], [ -71.145241, 9.154188 ], [ -71.144760, 9.154656 ], [ -71.144333, 9.155194 ], [ -71.143562, 9.155379 ], [ -71.142899, 9.155016 ], [ -71.141869, 9.153905 ], [ -71.141228, 9.153702 ], [ -71.140640, 9.153892 ], [ -71.140129, 9.154175 ], [ -71.139427, 9.154338 ], [ -71.138825, 9.154389 ], [ -71.138237, 9.154625 ], [ -71.137718, 9.154931 ], [ -71.137245, 9.155263 ], [ -71.136841, 9.155734 ], [ -71.136459, 9.156204 ], [ -71.135910, 9.156648 ], [ -71.135239, 9.156606 ], [ -71.134789, 9.156225 ], [ -71.134369, 9.155568 ], [ -71.134018, 9.154984 ], [ -71.133408, 9.155081 ], [ -71.132980, 9.155689 ], [ -71.132324, 9.155922 ], [ -71.131661, 9.155536 ], [ -71.131164, 9.155198 ], [ -71.130585, 9.155226 ], [ -71.128563, 9.155961 ], [ -71.126511, 9.157343 ], [ -71.124260, 9.157923 ], [ -71.122452, 9.157456 ], [ -71.121078, 9.156172 ], [ -71.119713, 9.154750 ], [ -71.118179, 9.155637 ], [ -71.116074, 9.156373 ], [ -71.114349, 9.156803 ], [ -71.112137, 9.156022 ], [ -71.109749, 9.155660 ], [ -71.108482, 9.154512 ], [ -71.106781, 9.155126 ], [ -71.104118, 9.155668 ], [ -71.101731, 9.155512 ], [ -71.099675, 9.155420 ], [ -71.095162, 9.154850 ], [ -71.092804, 9.154833 ], [ -71.091148, 9.153002 ], [ -71.089714, 9.151858 ], [ -71.087189, 9.151453 ], [ -71.086227, 9.149676 ], [ -71.084534, 9.148216 ], [ -71.082764, 9.146619 ], [ -71.081348, 9.145248 ], [ -71.081348, 9.145244 ], [ -71.081345, 9.145245 ], [ -71.081344, 9.145244 ], [ -71.081334, 9.145251 ], [ -71.080831, 9.145495 ], [ -71.080728, 9.145174 ], [ -71.079665, 9.144341 ], [ -71.079447, 9.142667 ], [ -71.078594, 9.141520 ], [ -71.078165, 9.140161 ], [ -71.077632, 9.139221 ], [ -71.077202, 9.137758 ], [ -71.075300, 9.138917 ], [ -71.048444, 9.151691 ], [ -71.041523, 9.175624 ], [ -71.037652, 9.178084 ], [ -71.034917, 9.180784 ], [ -71.000454, 9.200641 ], [ -70.997583, 9.217265 ], [ -70.987276, 9.284255 ], [ -70.981564, 9.331244 ], [ -70.979534, 9.329540 ], [ -70.976924, 9.327267 ], [ -70.975764, 9.326131 ], [ -70.974315, 9.325279 ], [ -70.971996, 9.324145 ], [ -70.970254, 9.321301 ], [ -70.968225, 9.319597 ], [ -70.966196, 9.318462 ], [ -70.964166, 9.316758 ], [ -70.962717, 9.315621 ], [ -70.960978, 9.314486 ], [ -70.959528, 9.313350 ], [ -70.958368, 9.312213 ], [ -70.956629, 9.311362 ], [ -70.956916, 9.309369 ], [ -70.954888, 9.308803 ], [ -70.952860, 9.307953 ], [ -70.951701, 9.307385 ], [ -70.951698, 9.305962 ], [ -70.950249, 9.304826 ], [ -70.949089, 9.303974 ], [ -70.948508, 9.302551 ], [ -70.948216, 9.300844 ], [ -70.948212, 9.298566 ], [ -70.947630, 9.296574 ], [ -70.946758, 9.294013 ], [ -70.945887, 9.292591 ], [ -70.942700, 9.291458 ], [ -70.941830, 9.290605 ], [ -70.940958, 9.288614 ], [ -70.938059, 9.286057 ], [ -70.933712, 9.283502 ], [ -70.931107, 9.283507 ], [ -70.927052, 9.282945 ], [ -70.925026, 9.283233 ], [ -70.921839, 9.281246 ], [ -70.920101, 9.280964 ], [ -70.918653, 9.280967 ], [ -70.916337, 9.280686 ], [ -70.913728, 9.278982 ], [ -70.911990, 9.278131 ], [ -70.911119, 9.276709 ], [ -70.909957, 9.274149 ], [ -70.909377, 9.273011 ], [ -70.908796, 9.272158 ], [ -70.907348, 9.271591 ], [ -70.905607, 9.268746 ], [ -70.904448, 9.267894 ], [ -70.903779, 9.267520 ], [ -70.902419, 9.266759 ], [ -70.900102, 9.265624 ], [ -70.899229, 9.263063 ], [ -70.898644, 9.258223 ], [ -70.897481, 9.255093 ], [ -70.897478, 9.252531 ], [ -70.897763, 9.249683 ], [ -70.897761, 9.247975 ], [ -70.897180, 9.246267 ], [ -70.896308, 9.243991 ], [ -70.895436, 9.241430 ], [ -70.894274, 9.238869 ], [ -70.893692, 9.236593 ], [ -70.893110, 9.234031 ], [ -70.892239, 9.232324 ], [ -70.893395, 9.230899 ], [ -70.894552, 9.230042 ], [ -70.895708, 9.228902 ], [ -70.895706, 9.227763 ], [ -70.896283, 9.226053 ], [ -70.897729, 9.224627 ], [ -70.901779, 9.222627 ], [ -70.904671, 9.220629 ], [ -70.905536, 9.218065 ], [ -70.905245, 9.216927 ], [ -70.904664, 9.215504 ], [ -70.903794, 9.214652 ], [ -70.902923, 9.212660 ], [ -70.901473, 9.210954 ], [ -70.899444, 9.209249 ], [ -70.897126, 9.206975 ], [ -70.897123, 9.204982 ], [ -70.897699, 9.202988 ], [ -70.898565, 9.201563 ], [ -70.898274, 9.199855 ], [ -70.896245, 9.197865 ], [ -70.896118, 9.196182 ], [ -70.895409, 9.190543 ], [ -70.895111, 9.189532 ], [ -70.894852, 9.188756 ], [ -70.894646, 9.188007 ], [ -70.894524, 9.187294 ], [ -70.894478, 9.185893 ], [ -70.894547, 9.185178 ], [ -70.894661, 9.184490 ], [ -70.894890, 9.183214 ], [ -70.895027, 9.182590 ], [ -70.895073, 9.181849 ], [ -70.894997, 9.181053 ], [ -70.894791, 9.180367 ], [ -70.894447, 9.179736 ], [ -70.894058, 9.179178 ], [ -70.893204, 9.178025 ], [ -70.892425, 9.176909 ], [ -70.892074, 9.176205 ], [ -70.891708, 9.175529 ], [ -70.891388, 9.175006 ], [ -70.891068, 9.174447 ], [ -70.890671, 9.173627 ], [ -70.890419, 9.173068 ], [ -70.890121, 9.172500 ], [ -70.889961, 9.171931 ], [ -70.889748, 9.171038 ], [ -70.889626, 9.170287 ], [ -70.889534, 9.169556 ], [ -70.889511, 9.168887 ], [ -70.889503, 9.168110 ], [ -70.889541, 9.167305 ], [ -70.889595, 9.166680 ], [ -70.889710, 9.166101 ], [ -70.889870, 9.165422 ], [ -70.890106, 9.164780 ], [ -70.890144, 9.163993 ], [ -70.889801, 9.163380 ], [ -70.889320, 9.162822 ], [ -70.889015, 9.162100 ], [ -70.888855, 9.161369 ], [ -70.888756, 9.160637 ], [ -70.888481, 9.159309 ], [ -70.888092, 9.158770 ], [ -70.887657, 9.158193 ], [ -70.887199, 9.157681 ], [ -70.885780, 9.156964 ], [ -70.884453, 9.156618 ], [ -70.883865, 9.156450 ], [ -70.883209, 9.156110 ], [ -70.882690, 9.155733 ], [ -70.882141, 9.155383 ], [ -70.881050, 9.154475 ], [ -70.880348, 9.154434 ], [ -70.879746, 9.154365 ], [ -70.879089, 9.154133 ], [ -70.878525, 9.153847 ], [ -70.877960, 9.153642 ], [ -70.877174, 9.153574 ], [ -70.876389, 9.153596 ], [ -70.875610, 9.153763 ], [ -70.874947, 9.153919 ], [ -70.874184, 9.154068 ], [ -70.873474, 9.154225 ], [ -70.872238, 9.154567 ], [ -70.871094, 9.154907 ], [ -70.870354, 9.154974 ], [ -70.869682, 9.154860 ], [ -70.869095, 9.154718 ], [ -70.867661, 9.154581 ], [ -70.867035, 9.154512 ], [ -70.866447, 9.154388 ], [ -70.865868, 9.154292 ], [ -70.865303, 9.153970 ], [ -70.864914, 9.153456 ], [ -70.864708, 9.152861 ], [ -70.864639, 9.152219 ], [ -70.864990, 9.151657 ], [ -70.865341, 9.151139 ], [ -70.865837, 9.150712 ], [ -70.866302, 9.150276 ], [ -70.866676, 9.149758 ], [ -70.866608, 9.149054 ], [ -70.866081, 9.148586 ], [ -70.865723, 9.148091 ], [ -70.865585, 9.147450 ], [ -70.865532, 9.146791 ], [ -70.865585, 9.146166 ], [ -70.865608, 9.145524 ], [ -70.865608, 9.144900 ], [ -70.865425, 9.144196 ], [ -70.865196, 9.143600 ], [ -70.864891, 9.142951 ], [ -70.864754, 9.142373 ], [ -70.864731, 9.141524 ], [ -70.864494, 9.140865 ], [ -70.863937, 9.140199 ], [ -70.863503, 9.139523 ], [ -70.863114, 9.139055 ], [ -70.862839, 9.138505 ], [ -70.862701, 9.137891 ], [ -70.862427, 9.137233 ], [ -70.862152, 9.136601 ], [ -70.861915, 9.135915 ], [ -70.861572, 9.135311 ], [ -70.861229, 9.134789 ], [ -70.860794, 9.134303 ], [ -70.860474, 9.133690 ], [ -70.860290, 9.133003 ], [ -70.860153, 9.132417 ], [ -70.859924, 9.131731 ], [ -70.859558, 9.131217 ], [ -70.859093, 9.130542 ], [ -70.858673, 9.129866 ], [ -70.858399, 9.129208 ], [ -70.858185, 9.128367 ], [ -70.857926, 9.127564 ], [ -70.857643, 9.126861 ], [ -70.857086, 9.125408 ], [ -70.856804, 9.124596 ], [ -70.856339, 9.123179 ], [ -70.856056, 9.122457 ], [ -70.855781, 9.121916 ], [ -70.855530, 9.121230 ], [ -70.855003, 9.119940 ], [ -70.854423, 9.118768 ], [ -70.854080, 9.118019 ], [ -70.853775, 9.117315 ], [ -70.853592, 9.116720 ], [ -70.853203, 9.115520 ], [ -70.853043, 9.114788 ], [ -70.852875, 9.114129 ], [ -70.852646, 9.113470 ], [ -70.852234, 9.112840 ], [ -70.851753, 9.112390 ], [ -70.851456, 9.111804 ], [ -70.851288, 9.111009 ], [ -70.851196, 9.110322 ], [ -70.851082, 9.109699 ], [ -70.850876, 9.109113 ], [ -70.850136, 9.107823 ], [ -70.849792, 9.107310 ], [ -70.849289, 9.106725 ], [ -70.848396, 9.105654 ], [ -70.848213, 9.105085 ], [ -70.848167, 9.104444 ], [ -70.848289, 9.103837 ], [ -70.848381, 9.103258 ], [ -70.848328, 9.102463 ], [ -70.848175, 9.101885 ], [ -70.847267, 9.099738 ], [ -70.846924, 9.099170 ], [ -70.846321, 9.097971 ], [ -70.846069, 9.097267 ], [ -70.845818, 9.096636 ], [ -70.845581, 9.095995 ], [ -70.845215, 9.095319 ], [ -70.843948, 9.093616 ], [ -70.842903, 9.092727 ], [ -70.842232, 9.092640 ], [ -70.841606, 9.092588 ], [ -70.841003, 9.092519 ], [ -70.840324, 9.092405 ], [ -70.839699, 9.092236 ], [ -70.839111, 9.092031 ], [ -70.838524, 9.091772 ], [ -70.837868, 9.091586 ], [ -70.837143, 9.091336 ], [ -70.835815, 9.090963 ], [ -70.835144, 9.090984 ], [ -70.834496, 9.091033 ], [ -70.833901, 9.091100 ], [ -70.833298, 9.091139 ], [ -70.832649, 9.091232 ], [ -70.831925, 9.091489 ], [ -70.831329, 9.091664 ], [ -70.830726, 9.091640 ], [ -70.830116, 9.091453 ], [ -70.829460, 9.091194 ], [ -70.828148, 9.090622 ], [ -70.827530, 9.090318 ], [ -70.826874, 9.089951 ], [ -70.826302, 9.089582 ], [ -70.825645, 9.089189 ], [ -70.824936, 9.088821 ], [ -70.824417, 9.088534 ], [ -70.823853, 9.088184 ], [ -70.823280, 9.087745 ], [ -70.822731, 9.087286 ], [ -70.821571, 9.086452 ], [ -70.821098, 9.086074 ], [ -70.820381, 9.085525 ], [ -70.819931, 9.085121 ], [ -70.819359, 9.084682 ], [ -70.818886, 9.084286 ], [ -70.818359, 9.083891 ], [ -70.817886, 9.083513 ], [ -70.817192, 9.082983 ], [ -70.816505, 9.082436 ], [ -70.815842, 9.081968 ], [ -70.815155, 9.081601 ], [ -70.814591, 9.081279 ], [ -70.814026, 9.081019 ], [ -70.813370, 9.080625 ], [ -70.812134, 9.079772 ], [ -70.811470, 9.079332 ], [ -70.810906, 9.078964 ], [ -70.810311, 9.078614 ], [ -70.809700, 9.078338 ], [ -70.809021, 9.078060 ], [ -70.808479, 9.077819 ], [ -70.807755, 9.077597 ], [ -70.807076, 9.077320 ], [ -70.806351, 9.077088 ], [ -70.805679, 9.076929 ], [ -70.804962, 9.076905 ], [ -70.804337, 9.076926 ], [ -70.803787, 9.077155 ], [ -70.803200, 9.077583 ], [ -70.802803, 9.078100 ], [ -70.802277, 9.078898 ], [ -70.801971, 9.079415 ], [ -70.801620, 9.079960 ], [ -70.800827, 9.081039 ], [ -70.799912, 9.082129 ], [ -70.799515, 9.082628 ], [ -70.799019, 9.083082 ], [ -70.798859, 9.083219 ], [ -70.798531, 9.083509 ], [ -70.797989, 9.083874 ], [ -70.797417, 9.084048 ], [ -70.796768, 9.084070 ], [ -70.796165, 9.084027 ], [ -70.795509, 9.083814 ], [ -70.794930, 9.083699 ], [ -70.794289, 9.083395 ], [ -70.793747, 9.083000 ], [ -70.793289, 9.082559 ], [ -70.792717, 9.082091 ], [ -70.792221, 9.081715 ], [ -70.791412, 9.081220 ], [ -70.791084, 9.081024 ], [ -70.790520, 9.080765 ], [ -70.789680, 9.080534 ], [ -70.789032, 9.080401 ], [ -70.788261, 9.080215 ], [ -70.787514, 9.080083 ], [ -70.786865, 9.080014 ], [ -70.785477, 9.079967 ], [ -70.784874, 9.079843 ], [ -70.784286, 9.079683 ], [ -70.783699, 9.079333 ], [ -70.783218, 9.078911 ], [ -70.782791, 9.078424 ], [ -70.782379, 9.077929 ], [ -70.781982, 9.077271 ], [ -70.781708, 9.076640 ], [ -70.781517, 9.075909 ], [ -70.781380, 9.075087 ], [ -70.781288, 9.074445 ], [ -70.781288, 9.073849 ], [ -70.781082, 9.073261 ], [ -70.780922, 9.072683 ], [ -70.780617, 9.071131 ], [ -70.780456, 9.070453 ], [ -70.780312, 9.069721 ], [ -70.780121, 9.068872 ], [ -70.780006, 9.068168 ], [ -70.779869, 9.067527 ], [ -70.779640, 9.066940 ], [ -70.779426, 9.066209 ], [ -70.779198, 9.065596 ], [ -70.778992, 9.064955 ], [ -70.778740, 9.064368 ], [ -70.778458, 9.063619 ], [ -70.778107, 9.062916 ], [ -70.777771, 9.062357 ], [ -70.777405, 9.061861 ], [ -70.777016, 9.061411 ], [ -70.776512, 9.060853 ], [ -70.776062, 9.060457 ], [ -70.775032, 9.059504 ], [ -70.774529, 9.059081 ], [ -70.773911, 9.058524 ], [ -70.773384, 9.058084 ], [ -70.772888, 9.057643 ], [ -70.772339, 9.057248 ], [ -70.771751, 9.056961 ], [ -70.771126, 9.056784 ], [ -70.770470, 9.056687 ], [ -70.769867, 9.056618 ], [ -70.768646, 9.056605 ], [ -70.768013, 9.056581 ], [ -70.767387, 9.056467 ], [ -70.766914, 9.056117 ], [ -70.766297, 9.055740 ], [ -70.765739, 9.055553 ], [ -70.765060, 9.055438 ], [ -70.764206, 9.055307 ], [ -70.763619, 9.055075 ], [ -70.762932, 9.054635 ], [ -70.761429, 9.053232 ], [ -70.760719, 9.052964 ], [ -70.760139, 9.052822 ], [ -70.759437, 9.052681 ], [ -70.758751, 9.052702 ], [ -70.757851, 9.052806 ], [ -70.757179, 9.052846 ], [ -70.756538, 9.052939 ], [ -70.755165, 9.053308 ], [ -70.754616, 9.053527 ], [ -70.753456, 9.054093 ], [ -70.752892, 9.054458 ], [ -70.752319, 9.054758 ], [ -70.751724, 9.054978 ], [ -70.751068, 9.055253 ], [ -70.750519, 9.055527 ], [ -70.749863, 9.055800 ], [ -70.749390, 9.056183 ], [ -70.749054, 9.056682 ], [ -70.748756, 9.057217 ], [ -70.748474, 9.057778 ], [ -70.747788, 9.058858 ], [ -70.747322, 9.059330 ], [ -70.746735, 9.059694 ], [ -70.746147, 9.060014 ], [ -70.745529, 9.060287 ], [ -70.744911, 9.060472 ], [ -70.744194, 9.060403 ], [ -70.743424, 9.060244 ], [ -70.742836, 9.060083 ], [ -70.742065, 9.059825 ], [ -70.741432, 9.059547 ], [ -70.740120, 9.059039 ], [ -70.739441, 9.058816 ], [ -70.738739, 9.058557 ], [ -70.738014, 9.058352 ], [ -70.737412, 9.058210 ], [ -70.736648, 9.058260 ], [ -70.735176, 9.058493 ], [ -70.733894, 9.058761 ], [ -70.733269, 9.058882 ], [ -70.732674, 9.058920 ], [ -70.732048, 9.058914 ], [ -70.731438, 9.058826 ], [ -70.730835, 9.058703 ], [ -70.730232, 9.058561 ], [ -70.729622, 9.058356 ], [ -70.729034, 9.058133 ], [ -70.728752, 9.057393 ], [ -70.728439, 9.056165 ], [ -70.728302, 9.055595 ], [ -70.728119, 9.055027 ], [ -70.727867, 9.054432 ], [ -70.727333, 9.053069 ], [ -70.727104, 9.052458 ], [ -70.726852, 9.051845 ], [ -70.726578, 9.051256 ], [ -70.726296, 9.050530 ], [ -70.726090, 9.049937 ], [ -70.725838, 9.049304 ], [ -70.725632, 9.048710 ], [ -70.725426, 9.048030 ], [ -70.725197, 9.047392 ], [ -70.724991, 9.046780 ], [ -70.724670, 9.045457 ], [ -70.724396, 9.044909 ], [ -70.723930, 9.044308 ], [ -70.723549, 9.043838 ], [ -70.723244, 9.043061 ], [ -70.722939, 9.042317 ], [ -70.722755, 9.041657 ], [ -70.722664, 9.041016 ], [ -70.722595, 9.040397 ], [ -70.722549, 9.039686 ], [ -70.722435, 9.038954 ], [ -70.722275, 9.038384 ], [ -70.722069, 9.037723 ], [ -70.721535, 9.036430 ], [ -70.721283, 9.035772 ], [ -70.721008, 9.035138 ], [ -70.720711, 9.034595 ], [ -70.720299, 9.034103 ], [ -70.719856, 9.033359 ], [ -70.719421, 9.032730 ], [ -70.718986, 9.032308 ], [ -70.718445, 9.032025 ], [ -70.717857, 9.031609 ], [ -70.717560, 9.031089 ], [ -70.717239, 9.030594 ], [ -70.716621, 9.030177 ], [ -70.716110, 9.029895 ], [ -70.715607, 9.029406 ], [ -70.715164, 9.028799 ], [ -70.714661, 9.028218 ], [ -70.713516, 9.027291 ], [ -70.712402, 9.026339 ], [ -70.711807, 9.025806 ], [ -70.711235, 9.025319 ], [ -70.710732, 9.024806 ], [ -70.709740, 9.023712 ], [ -70.709259, 9.023153 ], [ -70.708824, 9.022593 ], [ -70.707642, 9.021023 ], [ -70.707344, 9.020503 ], [ -70.707016, 9.019824 ], [ -70.706451, 9.018003 ], [ -70.706215, 9.016540 ], [ -70.706146, 9.015943 ], [ -70.706291, 9.015365 ], [ -70.706497, 9.014713 ], [ -70.706818, 9.014013 ], [ -70.707115, 9.013314 ], [ -70.707397, 9.012730 ], [ -70.707680, 9.012031 ], [ -70.707932, 9.011355 ], [ -70.708351, 9.010169 ], [ -70.708977, 9.008930 ], [ -70.709190, 9.008302 ], [ -70.709450, 9.007742 ], [ -70.709587, 9.007140 ], [ -70.709564, 9.006542 ], [ -70.709137, 9.006028 ], [ -70.708595, 9.005747 ], [ -70.708077, 9.005419 ], [ -70.707573, 9.005044 ], [ -70.707100, 9.004646 ], [ -70.706711, 9.004199 ], [ -70.706413, 9.003679 ], [ -70.706101, 9.003184 ], [ -70.705406, 9.001897 ], [ -70.705086, 9.001355 ], [ -70.704361, 9.000299 ], [ -70.704132, 9.000053 ], [ -70.703949, 8.999820 ], [ -70.703804, 8.999680 ], [ -70.703423, 8.999226 ], [ -70.703026, 8.998818 ], [ -70.702484, 8.998367 ], [ -70.701943, 8.997801 ], [ -70.701523, 8.997394 ], [ -70.701073, 8.996987 ], [ -70.700607, 8.996512 ], [ -70.700226, 8.996081 ], [ -70.699783, 8.995514 ], [ -70.699287, 8.994993 ], [ -70.698349, 8.994204 ], [ -70.697830, 8.993798 ], [ -70.697319, 8.993507 ], [ -70.696663, 8.993104 ], [ -70.696129, 8.992722 ], [ -70.695564, 8.992386 ], [ -70.694985, 8.992073 ], [ -70.694405, 8.991737 ], [ -70.693535, 8.991291 ], [ -70.692070, 8.990579 ], [ -70.690628, 8.989842 ], [ -70.689835, 8.989556 ], [ -70.689209, 8.989313 ], [ -70.688598, 8.989001 ], [ -70.688133, 8.988641 ], [ -70.687660, 8.988073 ], [ -70.687164, 8.987507 ], [ -70.686768, 8.986984 ], [ -70.686318, 8.986302 ], [ -70.685631, 8.985325 ], [ -70.685158, 8.984757 ], [ -70.684547, 8.984193 ], [ -70.683983, 8.983742 ], [ -70.682686, 8.983418 ], [ -70.682106, 8.983219 ], [ -70.681450, 8.982954 ], [ -70.680893, 8.982710 ], [ -70.680191, 8.982330 ], [ -70.679703, 8.982016 ], [ -70.679115, 8.981611 ], [ -70.678436, 8.981162 ], [ -70.677757, 8.980553 ], [ -70.677383, 8.980122 ], [ -70.677048, 8.979599 ], [ -70.676430, 8.978252 ], [ -70.676277, 8.977726 ], [ -70.676201, 8.977107 ], [ -70.676254, 8.976256 ], [ -70.676247, 8.975659 ], [ -70.676285, 8.975061 ], [ -70.676369, 8.974324 ], [ -70.676590, 8.973746 ], [ -70.676925, 8.973029 ], [ -70.677490, 8.972404 ], [ -70.677994, 8.971955 ], [ -70.678253, 8.971586 ] ], [ [ -71.106285, 9.110158 ], [ -71.106863, 9.110176 ], [ -71.106608, 9.110168 ], [ -71.106285, 9.110158 ] ], [ [ -71.113739, 9.115746 ], [ -71.114231, 9.116086 ], [ -71.113969, 9.115904 ], [ -71.113739, 9.115746 ] ], [ [ -71.096067, 9.056035 ], [ -71.096311, 9.057274 ], [ -71.096212, 9.056654 ], [ -71.096067, 9.056035 ] ], [ [ -71.100283, 9.068205 ], [ -71.101693, 9.070354 ], [ -71.101246, 9.069622 ], [ -71.100800, 9.068982 ], [ -71.100283, 9.068205 ] ], [ [ -71.266744, 8.928433 ], [ -71.266744, 8.928433 ], [ -71.266765, 8.928390 ], [ -71.266744, 8.928433 ] ], [ [ -71.265336, 8.921891 ], [ -71.265166, 8.921639 ], [ -71.265335, 8.921891 ], [ -71.265336, 8.921891 ] ], [ [ -71.264305, 8.920287 ], [ -71.264301, 8.920281 ], [ -71.264252, 8.920202 ], [ -71.264305, 8.920287 ] ], [ [ -71.370958, 8.941095 ], [ -71.369616, 8.940754 ], [ -71.370218, 8.941005 ], [ -71.370958, 8.941095 ] ], [ [ -71.352619, 8.913002 ], [ -71.352989, 8.912357 ], [ -71.352837, 8.912619 ], [ -71.352619, 8.913002 ] ], [ [ -71.353241, 8.911758 ], [ -71.353441, 8.910426 ], [ -71.353328, 8.911070 ], [ -71.353280, 8.911441 ], [ -71.353241, 8.911758 ] ], [ [ -71.353645, 8.908380 ], [ -71.353592, 8.907431 ], [ -71.353593, 8.907736 ], [ -71.353606, 8.907905 ], [ -71.353645, 8.908380 ] ], [ [ -71.353638, 8.906404 ], [ -71.353724, 8.905760 ], [ -71.353688, 8.906021 ], [ -71.353638, 8.906404 ] ], [ [ -71.353976, 8.905162 ], [ -71.354347, 8.904678 ], [ -71.354125, 8.904966 ], [ -71.353976, 8.905162 ] ], [ [ -71.354624, 8.902638 ], [ -71.354080, 8.901507 ], [ -71.354171, 8.901792 ], [ -71.354289, 8.902150 ], [ -71.354624, 8.902638 ] ], [ [ -71.353172, 8.899856 ], [ -71.353166, 8.898684 ], [ -71.353053, 8.899282 ], [ -71.353133, 8.899670 ], [ -71.353172, 8.899856 ] ], [ [ -71.352562, 8.897582 ], [ -71.351959, 8.897240 ], [ -71.352160, 8.897354 ], [ -71.352562, 8.897582 ] ], [ [ -71.351565, 8.896758 ], [ -71.351375, 8.895518 ], [ -71.351428, 8.896004 ], [ -71.351448, 8.896184 ], [ -71.351492, 8.896401 ], [ -71.351565, 8.896758 ] ], [ [ -71.350655, 8.894532 ], [ -71.349960, 8.893476 ], [ -71.350076, 8.893730 ], [ -71.350214, 8.894028 ], [ -71.350655, 8.894532 ] ], [ [ -71.349884, 8.891524 ], [ -71.350084, 8.890191 ], [ -71.349948, 8.890880 ], [ -71.349911, 8.891240 ], [ -71.349884, 8.891524 ] ], [ [ -71.096185, 9.054079 ], [ -71.096102, 9.053762 ], [ -71.096046, 9.053822 ], [ -71.096185, 9.054079 ] ], [ [ -71.093907, 9.050482 ], [ -71.093907, 9.050482 ], [ -71.093582, 9.050052 ], [ -71.093907, 9.050482 ] ], [ [ -71.159721, 8.925777 ], [ -71.159996, 8.925845 ], [ -71.160006, 8.925847 ], [ -71.159721, 8.925777 ] ], [ [ -71.160805, 8.926027 ], [ -71.160814, 8.926029 ], [ -71.161232, 8.926106 ], [ -71.160805, 8.926027 ] ], [ [ -71.162524, 8.926085 ], [ -71.162548, 8.926083 ], [ -71.162689, 8.926068 ], [ -71.162524, 8.926085 ] ], [ [ -71.163735, 8.926159 ], [ -71.163739, 8.926160 ], [ -71.164032, 8.926238 ], [ -71.163735, 8.926159 ] ], [ [ -71.167400, 8.926825 ], [ -71.167427, 8.926832 ], [ -71.167809, 8.926933 ], [ -71.167400, 8.926825 ] ], [ [ -71.178059, 8.927308 ], [ -71.178060, 8.927308 ], [ -71.178062, 8.927308 ], [ -71.178059, 8.927308 ] ], [ [ -71.180254, 8.928689 ], [ -71.180262, 8.928696 ], [ -71.180649, 8.929027 ], [ -71.180254, 8.928689 ] ], [ [ -71.187416, 8.930104 ], [ -71.187893, 8.930203 ], [ -71.187931, 8.930210 ], [ -71.187416, 8.930104 ] ], [ [ -71.188628, 8.930267 ], [ -71.188647, 8.930267 ], [ -71.188873, 8.930272 ], [ -71.188628, 8.930267 ] ], [ [ -71.192307, 8.930948 ], [ -71.192977, 8.931079 ], [ -71.192977, 8.931079 ], [ -71.192307, 8.930948 ] ], [ [ -71.194221, 8.930882 ], [ -71.194222, 8.930882 ], [ -71.194222, 8.930882 ], [ -71.194221, 8.930882 ] ], [ [ -71.196182, 8.930539 ], [ -71.196484, 8.930361 ], [ -71.196495, 8.930354 ], [ -71.196182, 8.930539 ] ], [ [ -71.198655, 8.928766 ], [ -71.198659, 8.928764 ], [ -71.199120, 8.928577 ], [ -71.198655, 8.928766 ] ], [ [ -71.200369, 8.928334 ], [ -71.200369, 8.928334 ], [ -71.200371, 8.928334 ], [ -71.200369, 8.928334 ] ], [ [ -71.202474, 8.929002 ], [ -71.202477, 8.929003 ], [ -71.202530, 8.929024 ], [ -71.202474, 8.929002 ] ], [ [ -71.211517, 8.930352 ], [ -71.212115, 8.930346 ], [ -71.212119, 8.930346 ], [ -71.211517, 8.930352 ] ], [ [ -71.212120, 8.930346 ], [ -71.212335, 8.930360 ], [ -71.212383, 8.930363 ], [ -71.212120, 8.930346 ] ], [ [ -71.213716, 8.930558 ], [ -71.213716, 8.930558 ], [ -71.213859, 8.930577 ], [ -71.213866, 8.930578 ], [ -71.213716, 8.930558 ] ], [ [ -71.215706, 8.930537 ], [ -71.215876, 8.930490 ], [ -71.215876, 8.930490 ], [ -71.215706, 8.930537 ] ], [ [ -71.219078, 8.929858 ], [ -71.219344, 8.930042 ], [ -71.219355, 8.930050 ], [ -71.219078, 8.929858 ] ], [ [ -71.219854, 8.930395 ], [ -71.219863, 8.930402 ], [ -71.220222, 8.930650 ], [ -71.219854, 8.930395 ] ], [ [ -71.224347, 8.933197 ], [ -71.224364, 8.933210 ], [ -71.224671, 8.933429 ], [ -71.224347, 8.933197 ] ], [ [ -71.225250, 8.933744 ], [ -71.225250, 8.933744 ], [ -71.225251, 8.933744 ], [ -71.225250, 8.933744 ] ], [ [ -71.228737, 8.936994 ], [ -71.228965, 8.937569 ], [ -71.228971, 8.937582 ], [ -71.228737, 8.936994 ] ], [ [ -71.230598, 8.947888 ], [ -71.230573, 8.948118 ], [ -71.230572, 8.948126 ], [ -71.230598, 8.947888 ] ], [ [ -71.230423, 8.950694 ], [ -71.230532, 8.951436 ], [ -71.230537, 8.951465 ], [ -71.230423, 8.950694 ] ], [ [ -70.946205, 9.154610 ], [ -70.946205, 9.154610 ], [ -70.945537, 9.154672 ], [ -70.945527, 9.154673 ], [ -70.946205, 9.154610 ] ], [ [ -70.943933, 9.154458 ], [ -70.943933, 9.154458 ], [ -70.943932, 9.154458 ], [ -70.943933, 9.154458 ] ], [ [ -70.987770, 9.105554 ], [ -70.987811, 9.105584 ], [ -70.987816, 9.105587 ], [ -70.987770, 9.105554 ] ], [ [ -70.989967, 9.105683 ], [ -70.989968, 9.105683 ], [ -70.989968, 9.105683 ], [ -70.989967, 9.105683 ] ], [ [ -70.990658, 9.105818 ], [ -70.990670, 9.105818 ], [ -70.990882, 9.105817 ], [ -70.990658, 9.105818 ] ], [ [ -70.991712, 9.105451 ], [ -70.991717, 9.105447 ], [ -70.991909, 9.105280 ], [ -70.991916, 9.105275 ], [ -70.991712, 9.105451 ] ], [ [ -70.992024, 9.105200 ], [ -70.992028, 9.105197 ], [ -70.992119, 9.105145 ], [ -70.992024, 9.105200 ] ], [ [ -70.992325, 9.105074 ], [ -70.992399, 9.105081 ], [ -70.992420, 9.105082 ], [ -70.992325, 9.105074 ] ], [ [ -70.993072, 9.105296 ], [ -70.993072, 9.105296 ], [ -70.993118, 9.105326 ], [ -70.993072, 9.105296 ] ], [ [ -70.993721, 9.105576 ], [ -70.993829, 9.105684 ], [ -70.993836, 9.105691 ], [ -70.993721, 9.105576 ] ], [ [ -70.994766, 9.106469 ], [ -70.994805, 9.106502 ], [ -70.994809, 9.106506 ], [ -70.994766, 9.106469 ] ], [ [ -70.995140, 9.106743 ], [ -70.995313, 9.106917 ], [ -70.995317, 9.106921 ], [ -70.995140, 9.106743 ] ], [ [ -70.996089, 9.107885 ], [ -70.996092, 9.107889 ], [ -70.996140, 9.107958 ], [ -70.996089, 9.107885 ] ], [ [ -70.996468, 9.108602 ], [ -70.996494, 9.108676 ], [ -70.996495, 9.108680 ], [ -70.996468, 9.108602 ] ], [ [ -70.997046, 9.110234 ], [ -70.997050, 9.110244 ], [ -70.997049, 9.110242 ], [ -70.997046, 9.110234 ] ], [ [ -70.997925, 9.112386 ], [ -70.997926, 9.112389 ], [ -70.997925, 9.112387 ], [ -70.997925, 9.112386 ] ], [ [ -71.055626, 9.095147 ], [ -71.055596, 9.094571 ], [ -71.055615, 9.094941 ], [ -71.055626, 9.095147 ] ], [ [ -70.991425, 9.105653 ], [ -70.990938, 9.105811 ], [ -70.990941, 9.105810 ], [ -70.991425, 9.105653 ] ], [ [ -71.210037, 8.930483 ], [ -71.209447, 8.930591 ], [ -71.209481, 8.930585 ], [ -71.210037, 8.930483 ] ], [ [ -71.184837, 8.929258 ], [ -71.184237, 8.929221 ], [ -71.184289, 8.929224 ], [ -71.184837, 8.929258 ] ], [ [ -70.994186, 9.106033 ], [ -70.994318, 9.106133 ], [ -70.994325, 9.106137 ], [ -70.994186, 9.106033 ] ], [ [ -70.944649, 9.154548 ], [ -70.945122, 9.154627 ], [ -70.945115, 9.154626 ], [ -70.944649, 9.154548 ] ], [ [ -71.185168, 8.929356 ], [ -71.184837, 8.929258 ], [ -71.185134, 8.929346 ], [ -71.185168, 8.929356 ] ], [ [ -70.944035, 9.154471 ], [ -70.944649, 9.154548 ], [ -70.944053, 9.154473 ], [ -70.944035, 9.154471 ] ], [ [ -70.991533, 9.105583 ], [ -70.991425, 9.105653 ], [ -70.991528, 9.105587 ], [ -70.991533, 9.105583 ] ], [ [ -71.191185, 8.930454 ], [ -71.190970, 8.930418 ], [ -71.191028, 8.930428 ], [ -71.191185, 8.930454 ] ], [ [ -71.210532, 8.930415 ], [ -71.210037, 8.930483 ], [ -71.210521, 8.930416 ], [ -71.210532, 8.930415 ] ], [ [ -71.217819, 8.929320 ], [ -71.217820, 8.929320 ], [ -71.217820, 8.929320 ], [ -71.217819, 8.929320 ] ], [ [ -71.217819, 8.929320 ], [ -71.217532, 8.929390 ], [ -71.217546, 8.929386 ], [ -71.217819, 8.929320 ] ], [ [ -70.994186, 9.106033 ], [ -70.994139, 9.105980 ], [ -70.994140, 9.105982 ], [ -70.994186, 9.106033 ] ], [ [ -70.992584, 9.105097 ], [ -70.992607, 9.105102 ], [ -70.992611, 9.105103 ], [ -70.992584, 9.105097 ] ], [ [ -70.992584, 9.105097 ], [ -70.992583, 9.105097 ], [ -70.992584, 9.105097 ], [ -70.992584, 9.105097 ] ], [ [ -71.191186, 8.930454 ], [ -71.191185, 8.930454 ], [ -71.191185, 8.930454 ], [ -71.191186, 8.930454 ] ] ] } }

]
}
