{
"type": "FeatureCollection",
"features": [
{ "type": "Feature", "properties": { "COD_ESTADO": "16", "ESTADO": "MONAGAS" }, "geometry": { "type": "Polygon", "coordinates": [ [ [ -63.364227, 8.953118 ], [ -63.364853, 8.953075 ], [ -63.365478, 8.953125 ], [ -63.366268, 8.953284 ], [ -63.366894, 8.953265 ], [ -63.367500, 8.953383 ], [ -63.367889, 8.954039 ], [ -63.367817, 8.954639 ], [ -63.367653, 8.955311 ], [ -63.367607, 8.956002 ], [ -63.367699, 8.956666 ], [ -63.368145, 8.958240 ], [ -63.368618, 8.958615 ], [ -63.369095, 8.959037 ], [ -63.369484, 8.959669 ], [ -63.369827, 8.960257 ], [ -63.370258, 8.960680 ], [ -63.370758, 8.961193 ], [ -63.371212, 8.961593 ], [ -63.371742, 8.962173 ], [ -63.372036, 8.962694 ], [ -63.372421, 8.963946 ], [ -63.372795, 8.964694 ], [ -63.373188, 8.965174 ], [ -63.373726, 8.965630 ], [ -63.374245, 8.965960 ], [ -63.374813, 8.966287 ], [ -63.375393, 8.966429 ], [ -63.375935, 8.966711 ], [ -63.376343, 8.967204 ], [ -63.376751, 8.967651 ], [ -63.377392, 8.968184 ], [ -63.378071, 8.968370 ], [ -63.378666, 8.968166 ], [ -63.379307, 8.967962 ], [ -63.379997, 8.967872 ], [ -63.380672, 8.968058 ], [ -63.381195, 8.968477 ], [ -63.381515, 8.969066 ], [ -63.381542, 8.969847 ], [ -63.381397, 8.970449 ], [ -63.381073, 8.971057 ], [ -63.380840, 8.971755 ], [ -63.380848, 8.972697 ], [ -63.380760, 8.973482 ], [ -63.380569, 8.974085 ], [ -63.380131, 8.974813 ], [ -63.379684, 8.975309 ], [ -63.379124, 8.975809 ], [ -63.378651, 8.976284 ], [ -63.378449, 8.977050 ], [ -63.378815, 8.977613 ], [ -63.379421, 8.977916 ], [ -63.379673, 8.978483 ], [ -63.379700, 8.979264 ], [ -63.379448, 8.980077 ], [ -63.379101, 8.980755 ], [ -63.379509, 8.981247 ], [ -63.380104, 8.981022 ], [ -63.380550, 8.980502 ], [ -63.380901, 8.979939 ], [ -63.381294, 8.979192 ], [ -63.381668, 8.978651 ], [ -63.382210, 8.978266 ], [ -63.382812, 8.978361 ], [ -63.383110, 8.978951 ], [ -63.383453, 8.979583 ], [ -63.384026, 8.980002 ], [ -63.385189, 8.980288 ], [ -63.385349, 8.980949 ], [ -63.385326, 8.981641 ], [ -63.385208, 8.982242 ], [ -63.384880, 8.982850 ], [ -63.384647, 8.983500 ], [ -63.384418, 8.984290 ], [ -63.384186, 8.984918 ], [ -63.383892, 8.985825 ], [ -63.383686, 8.986635 ], [ -63.383659, 8.987234 ], [ -63.383869, 8.988032 ], [ -63.384262, 8.988710 ], [ -63.385082, 8.989742 ], [ -63.385357, 8.990309 ], [ -63.385513, 8.990878 ], [ -63.385654, 8.991633 ], [ -63.385998, 8.992290 ], [ -63.386520, 8.992663 ], [ -63.387108, 8.992898 ], [ -63.387760, 8.993062 ], [ -63.388432, 8.993134 ], [ -63.389221, 8.993177 ], [ -63.389877, 8.993432 ], [ -63.390530, 8.993665 ], [ -63.391174, 8.993506 ], [ -63.391289, 8.992837 ], [ -63.391128, 8.992197 ], [ -63.391006, 8.991259 ], [ -63.391148, 8.990587 ], [ -63.391621, 8.990204 ], [ -63.392223, 8.990231 ], [ -63.392807, 8.990420 ], [ -63.393215, 8.990890 ], [ -63.393078, 8.991608 ], [ -63.392937, 8.992278 ], [ -63.392982, 8.992944 ], [ -63.393116, 8.993584 ], [ -63.393704, 8.993865 ], [ -63.394443, 8.993750 ], [ -63.395035, 8.993547 ], [ -63.395680, 8.993411 ], [ -63.396202, 8.993833 ], [ -63.396385, 8.994471 ], [ -63.396336, 8.995138 ], [ -63.396012, 8.995792 ], [ -63.395424, 8.996156 ], [ -63.394070, 8.996497 ], [ -63.393406, 8.996679 ], [ -63.392883, 8.996972 ], [ -63.392529, 8.997466 ], [ -63.392552, 8.998132 ], [ -63.392891, 8.998695 ], [ -63.393383, 9.000093 ], [ -63.393993, 9.000685 ], [ -63.394638, 9.000983 ], [ -63.395286, 9.001167 ], [ -63.395908, 9.001283 ], [ -63.396465, 9.001420 ], [ -63.397018, 9.001650 ], [ -63.397526, 9.001971 ], [ -63.398430, 9.002798 ], [ -63.398983, 9.003234 ], [ -63.399376, 9.003716 ], [ -63.399586, 9.004269 ], [ -63.399677, 9.004889 ], [ -63.399838, 9.005486 ], [ -63.399979, 9.006083 ], [ -63.400417, 9.006496 ], [ -63.401016, 9.006749 ], [ -63.401665, 9.006611 ], [ -63.401920, 9.006060 ], [ -63.401962, 9.005485 ], [ -63.401756, 9.004934 ], [ -63.401573, 9.004383 ], [ -63.401318, 9.003740 ], [ -63.401085, 9.003212 ], [ -63.400833, 9.002546 ], [ -63.401062, 9.001971 ], [ -63.401711, 9.001834 ], [ -63.402290, 9.001880 ], [ -63.402706, 9.002271 ], [ -63.402981, 9.002822 ], [ -63.403583, 9.003304 ], [ -63.404114, 9.002983 ], [ -63.403812, 9.001719 ], [ -63.403904, 9.001122 ], [ -63.404301, 9.000617 ], [ -63.404762, 9.000274 ], [ -63.405338, 9.000157 ], [ -63.405964, 9.000226 ], [ -63.406448, 9.000571 ], [ -63.406494, 9.001215 ], [ -63.406311, 9.001765 ], [ -63.406124, 9.002362 ], [ -63.406032, 9.002983 ], [ -63.406357, 9.003511 ], [ -63.406910, 9.003717 ], [ -63.407467, 9.003947 ], [ -63.407604, 9.004522 ], [ -63.407719, 9.005211 ], [ -63.408321, 9.005395 ], [ -63.408920, 9.004981 ], [ -63.409500, 9.004798 ], [ -63.410122, 9.004774 ], [ -63.410656, 9.005050 ], [ -63.411232, 9.005372 ], [ -63.411812, 9.005211 ], [ -63.412109, 9.004661 ], [ -63.412388, 9.004064 ], [ -63.412895, 9.003511 ], [ -63.413590, 9.003327 ], [ -63.413914, 9.003811 ], [ -63.414192, 9.004384 ], [ -63.414097, 9.004982 ], [ -63.413868, 9.005578 ], [ -63.413937, 9.006153 ], [ -63.414467, 9.006382 ], [ -63.415115, 9.006337 ], [ -63.415855, 9.006383 ], [ -63.416363, 9.006703 ], [ -63.416596, 9.007256 ], [ -63.416756, 9.007830 ], [ -63.416500, 9.008357 ], [ -63.416180, 9.008842 ], [ -63.415947, 9.009392 ], [ -63.415924, 9.009989 ], [ -63.416107, 9.010540 ], [ -63.416687, 9.010747 ], [ -63.417332, 9.010816 ], [ -63.417934, 9.010747 ], [ -63.418491, 9.010540 ], [ -63.419090, 9.010174 ], [ -63.419689, 9.009737 ], [ -63.420200, 9.009277 ], [ -63.420662, 9.008795 ], [ -63.421238, 9.008428 ], [ -63.421841, 9.008221 ], [ -63.422974, 9.007898 ], [ -63.423595, 9.007647 ], [ -63.424198, 9.007302 ], [ -63.424824, 9.006981 ], [ -63.425469, 9.006774 ], [ -63.426048, 9.006842 ], [ -63.426254, 9.007394 ], [ -63.426254, 9.007969 ], [ -63.426071, 9.008657 ], [ -63.425839, 9.009301 ], [ -63.425583, 9.009943 ], [ -63.425400, 9.010541 ], [ -63.425190, 9.011115 ], [ -63.425098, 9.011735 ], [ -63.425167, 9.012310 ], [ -63.425285, 9.013068 ], [ -63.425491, 9.013665 ], [ -63.425793, 9.014261 ], [ -63.426094, 9.014766 ], [ -63.426510, 9.015203 ], [ -63.427063, 9.015549 ], [ -63.427666, 9.015800 ], [ -63.428314, 9.016007 ], [ -63.428959, 9.016145 ], [ -63.429581, 9.016329 ], [ -63.430206, 9.016444 ], [ -63.430786, 9.016420 ], [ -63.431477, 9.016282 ], [ -63.432033, 9.015869 ], [ -63.432678, 9.014722 ], [ -63.433003, 9.014055 ], [ -63.433514, 9.012837 ], [ -63.433674, 9.012286 ], [ -63.433838, 9.011598 ], [ -63.434067, 9.010885 ], [ -63.434273, 9.010288 ], [ -63.434506, 9.009739 ], [ -63.434830, 9.009186 ], [ -63.435753, 9.008405 ], [ -63.436287, 9.007923 ], [ -63.436726, 9.007279 ], [ -63.437046, 9.006775 ], [ -63.437626, 9.006453 ], [ -63.438274, 9.006338 ], [ -63.438873, 9.006314 ], [ -63.440121, 9.006407 ], [ -63.440700, 9.006591 ], [ -63.441231, 9.006866 ], [ -63.441715, 9.007188 ], [ -63.442227, 9.007578 ], [ -63.442619, 9.007992 ], [ -63.443058, 9.008474 ], [ -63.443405, 9.008979 ], [ -63.443821, 9.009623 ], [ -63.444237, 9.010128 ], [ -63.444534, 9.010701 ], [ -63.444698, 9.011391 ], [ -63.444767, 9.011988 ], [ -63.444954, 9.012608 ], [ -63.445183, 9.013160 ], [ -63.445553, 9.013641 ], [ -63.445946, 9.014078 ], [ -63.446385, 9.014675 ], [ -63.446846, 9.015135 ], [ -63.447426, 9.015457 ], [ -63.448048, 9.015709 ], [ -63.448536, 9.016029 ], [ -63.448975, 9.016673 ], [ -63.449230, 9.017364 ], [ -63.449367, 9.018695 ], [ -63.449230, 9.019407 ], [ -63.449020, 9.019980 ], [ -63.448837, 9.020624 ], [ -63.448627, 9.021290 ], [ -63.448536, 9.021955 ], [ -63.448421, 9.022576 ], [ -63.448235, 9.023174 ], [ -63.448143, 9.023794 ], [ -63.448189, 9.024437 ], [ -63.448303, 9.025080 ], [ -63.448513, 9.025722 ], [ -63.448768, 9.026251 ], [ -63.449112, 9.026779 ], [ -63.449551, 9.027261 ], [ -63.450062, 9.027652 ], [ -63.450523, 9.028020 ], [ -63.451008, 9.028386 ], [ -63.451492, 9.028731 ], [ -63.452118, 9.028892 ], [ -63.452744, 9.028753 ], [ -63.453159, 9.028318 ], [ -63.453575, 9.027859 ], [ -63.453991, 9.027376 ], [ -63.454174, 9.026825 ], [ -63.454220, 9.026182 ], [ -63.454361, 9.025585 ], [ -63.454567, 9.025011 ], [ -63.454476, 9.024389 ], [ -63.454445, 9.024271 ], [ -63.454315, 9.023770 ], [ -63.454220, 9.023196 ], [ -63.454361, 9.022598 ], [ -63.454590, 9.022001 ], [ -63.454960, 9.021565 ], [ -63.455585, 9.021290 ], [ -63.456303, 9.021198 ], [ -63.456993, 9.021014 ], [ -63.457482, 9.020646 ], [ -63.457848, 9.020141 ], [ -63.458034, 9.019590 ], [ -63.458012, 9.018901 ], [ -63.457825, 9.018327 ], [ -63.457596, 9.017753 ], [ -63.457272, 9.017269 ], [ -63.456947, 9.016627 ], [ -63.456787, 9.016030 ], [ -63.456925, 9.015387 ], [ -63.457478, 9.014882 ], [ -63.458103, 9.014859 ], [ -63.458660, 9.015134 ], [ -63.459072, 9.015571 ], [ -63.459446, 9.016145 ], [ -63.459766, 9.016696 ], [ -63.460182, 9.017316 ], [ -63.460648, 9.017822 ], [ -63.461086, 9.018234 ], [ -63.461571, 9.018626 ], [ -63.462101, 9.018923 ], [ -63.462727, 9.019085 ], [ -63.463375, 9.019291 ], [ -63.463810, 9.019750 ], [ -63.464275, 9.020508 ], [ -63.464554, 9.021083 ], [ -63.464668, 9.021704 ], [ -63.464599, 9.022277 ], [ -63.464462, 9.023011 ], [ -63.464367, 9.023586 ], [ -63.464390, 9.024276 ], [ -63.464622, 9.024803 ], [ -63.465015, 9.025354 ], [ -63.465477, 9.025814 ], [ -63.466541, 9.026595 ], [ -63.467186, 9.026939 ], [ -63.467812, 9.027144 ], [ -63.468414, 9.026848 ], [ -63.468689, 9.026204 ], [ -63.468899, 9.025516 ], [ -63.469105, 9.024963 ], [ -63.469292, 9.024389 ], [ -63.469406, 9.023747 ], [ -63.469452, 9.023034 ], [ -63.469406, 9.022391 ], [ -63.469383, 9.021772 ], [ -63.469521, 9.021197 ], [ -63.469822, 9.020532 ], [ -63.470238, 9.020118 ], [ -63.470791, 9.019934 ], [ -63.471924, 9.020209 ], [ -63.472595, 9.020485 ], [ -63.473103, 9.020783 ], [ -63.473591, 9.021243 ], [ -63.474007, 9.021863 ], [ -63.474259, 9.022506 ], [ -63.474422, 9.023287 ], [ -63.474445, 9.023953 ], [ -63.474354, 9.025147 ], [ -63.474236, 9.025929 ], [ -63.474121, 9.026594 ], [ -63.474030, 9.027329 ], [ -63.473545, 9.030590 ], [ -63.473545, 9.031187 ], [ -63.473591, 9.031807 ], [ -63.473637, 9.032611 ], [ -63.473728, 9.033255 ], [ -63.473797, 9.033920 ], [ -63.474030, 9.034564 ], [ -63.474445, 9.035069 ], [ -63.475231, 9.035988 ], [ -63.475601, 9.036447 ], [ -63.476112, 9.037021 ], [ -63.476528, 9.037458 ], [ -63.476967, 9.037824 ], [ -63.477497, 9.038076 ], [ -63.478676, 9.038123 ], [ -63.480019, 9.038216 ], [ -63.481197, 9.038444 ], [ -63.481773, 9.038582 ], [ -63.482468, 9.038605 ], [ -63.483116, 9.038560 ], [ -63.483852, 9.038352 ], [ -63.485100, 9.037847 ], [ -63.485680, 9.037547 ], [ -63.486305, 9.037251 ], [ -63.486790, 9.036905 ], [ -63.487320, 9.036630 ], [ -63.487900, 9.036491 ], [ -63.488499, 9.036767 ], [ -63.488544, 9.037341 ], [ -63.488476, 9.037915 ], [ -63.488316, 9.038535 ], [ -63.488014, 9.039086 ], [ -63.487621, 9.039707 ], [ -63.487320, 9.040235 ], [ -63.486999, 9.040718 ], [ -63.486675, 9.041315 ], [ -63.486489, 9.041935 ], [ -63.486397, 9.042624 ], [ -63.486374, 9.043266 ], [ -63.486305, 9.044002 ], [ -63.486214, 9.045265 ], [ -63.486237, 9.045885 ], [ -63.486195, 9.046420 ], [ -63.486191, 9.046506 ], [ -63.485958, 9.047030 ], [ -63.485474, 9.047401 ], [ -63.484848, 9.047357 ], [ -63.484295, 9.047122 ], [ -63.483784, 9.046827 ], [ -63.483208, 9.046554 ], [ -63.482490, 9.046510 ], [ -63.481846, 9.046620 ], [ -63.481197, 9.046964 ], [ -63.481014, 9.047543 ], [ -63.481220, 9.048112 ], [ -63.481823, 9.048409 ], [ -63.482376, 9.048708 ], [ -63.482907, 9.049195 ], [ -63.483254, 9.049674 ], [ -63.483463, 9.050253 ], [ -63.483486, 9.050825 ], [ -63.483002, 9.051305 ], [ -63.482376, 9.051240 ], [ -63.481800, 9.051006 ], [ -63.481197, 9.050916 ], [ -63.480411, 9.051035 ], [ -63.480228, 9.051631 ], [ -63.480457, 9.052184 ], [ -63.480850, 9.052635 ], [ -63.481312, 9.052979 ], [ -63.481613, 9.053512 ], [ -63.481453, 9.054109 ], [ -63.481060, 9.054525 ], [ -63.480690, 9.055072 ], [ -63.480873, 9.055675 ], [ -63.481014, 9.056244 ], [ -63.481175, 9.056841 ], [ -63.481407, 9.057465 ], [ -63.481754, 9.058269 ], [ -63.482056, 9.058838 ], [ -63.482307, 9.059371 ], [ -63.482700, 9.059805 ], [ -63.483093, 9.060284 ], [ -63.484066, 9.061115 ], [ -63.484665, 9.061476 ], [ -63.485222, 9.061710 ], [ -63.485939, 9.061936 ], [ -63.486584, 9.062052 ], [ -63.487255, 9.062142 ], [ -63.487881, 9.062259 ], [ -63.488457, 9.062584 ], [ -63.489082, 9.062791 ], [ -63.489636, 9.062609 ], [ -63.490284, 9.062446 ], [ -63.491554, 9.062833 ], [ -63.492157, 9.063067 ], [ -63.492363, 9.062515 ], [ -63.492317, 9.061872 ], [ -63.491833, 9.061530 ], [ -63.491207, 9.061367 ], [ -63.490608, 9.061414 ], [ -63.490028, 9.061433 ], [ -63.489407, 9.061227 ], [ -63.489014, 9.060814 ], [ -63.488781, 9.060262 ], [ -63.488827, 9.059662 ], [ -63.489151, 9.059118 ], [ -63.489727, 9.058864 ], [ -63.490307, 9.058773 ], [ -63.490955, 9.058744 ], [ -63.491577, 9.058608 ], [ -63.492039, 9.058129 ], [ -63.492409, 9.057694 ], [ -63.492615, 9.057115 ], [ -63.492779, 9.056544 ], [ -63.492962, 9.055992 ], [ -63.493290, 9.055486 ], [ -63.493728, 9.055005 ], [ -63.494304, 9.054616 ], [ -63.495090, 9.054244 ], [ -63.495689, 9.054015 ], [ -63.496430, 9.053781 ], [ -63.496986, 9.053536 ], [ -63.497517, 9.053282 ], [ -63.498211, 9.052911 ], [ -63.498718, 9.052593 ], [ -63.499180, 9.052150 ], [ -63.500225, 9.051660 ], [ -63.500698, 9.051777 ], [ -63.501202, 9.052083 ], [ -63.501728, 9.052535 ], [ -63.502136, 9.052996 ], [ -63.502545, 9.053483 ], [ -63.503071, 9.053998 ], [ -63.503571, 9.054441 ], [ -63.504166, 9.054819 ], [ -63.504806, 9.055199 ], [ -63.505401, 9.055595 ], [ -63.505855, 9.056020 ], [ -63.506290, 9.056491 ], [ -63.506557, 9.057023 ], [ -63.506710, 9.057666 ], [ -63.506703, 9.058334 ], [ -63.506763, 9.058931 ], [ -63.506912, 9.059646 ], [ -63.507156, 9.060224 ], [ -63.507500, 9.060685 ], [ -63.507977, 9.061127 ], [ -63.508640, 9.061642 ], [ -63.509212, 9.061976 ], [ -63.509598, 9.062419 ], [ -63.509586, 9.063061 ], [ -63.509251, 9.064157 ], [ -63.509193, 9.064752 ], [ -63.509415, 9.065422 ], [ -63.509823, 9.065891 ], [ -63.510304, 9.066361 ], [ -63.510780, 9.066804 ], [ -63.511372, 9.067318 ], [ -63.511734, 9.067987 ], [ -63.511539, 9.068584 ], [ -63.510513, 9.069301 ], [ -63.510090, 9.069708 ], [ -63.509758, 9.070278 ], [ -63.509380, 9.070957 ], [ -63.509003, 9.071509 ], [ -63.508553, 9.072207 ], [ -63.508289, 9.072940 ], [ -63.508583, 9.073518 ], [ -63.509338, 9.073833 ], [ -63.509960, 9.073977 ], [ -63.510540, 9.073732 ], [ -63.511009, 9.073334 ], [ -63.511501, 9.072899 ], [ -63.512173, 9.072591 ], [ -63.512768, 9.072879 ], [ -63.512993, 9.073430 ], [ -63.513096, 9.074190 ], [ -63.513176, 9.075086 ], [ -63.513397, 9.075827 ], [ -63.513733, 9.076378 ], [ -63.514237, 9.076875 ], [ -63.514786, 9.077064 ], [ -63.515434, 9.077099 ], [ -63.516083, 9.076972 ], [ -63.516575, 9.076635 ], [ -63.516789, 9.076020 ], [ -63.516777, 9.075379 ], [ -63.516624, 9.074774 ], [ -63.516262, 9.074222 ], [ -63.515877, 9.073734 ], [ -63.515514, 9.073292 ], [ -63.515152, 9.072730 ], [ -63.515438, 9.072088 ], [ -63.515995, 9.071852 ], [ -63.516594, 9.071951 ], [ -63.517189, 9.072303 ], [ -63.517784, 9.072682 ], [ -63.518406, 9.072988 ], [ -63.519051, 9.072951 ], [ -63.519177, 9.072381 ], [ -63.519115, 9.071739 ], [ -63.518898, 9.070863 ], [ -63.518677, 9.070193 ], [ -63.518639, 9.069615 ], [ -63.518948, 9.068981 ], [ -63.519485, 9.068600 ], [ -63.520084, 9.068536 ], [ -63.520733, 9.068526 ], [ -63.521404, 9.068488 ], [ -63.521980, 9.068569 ], [ -63.523247, 9.068776 ], [ -63.523960, 9.068874 ], [ -63.524696, 9.069145 ], [ -63.525246, 9.069406 ], [ -63.525677, 9.069867 ], [ -63.525925, 9.070518 ], [ -63.525959, 9.071115 ], [ -63.525837, 9.071684 ], [ -63.525505, 9.072166 ], [ -63.525063, 9.072573 ], [ -63.524570, 9.072952 ], [ -63.524078, 9.073423 ], [ -63.523472, 9.073895 ], [ -63.522915, 9.074140 ], [ -63.522373, 9.074683 ], [ -63.521977, 9.075136 ], [ -63.521572, 9.075797 ], [ -63.521309, 9.076366 ], [ -63.521465, 9.076963 ], [ -63.521969, 9.077270 ], [ -63.522545, 9.077279 ], [ -63.523911, 9.077168 ], [ -63.524578, 9.077249 ], [ -63.525265, 9.077511 ], [ -63.525978, 9.077889 ], [ -63.526615, 9.078359 ], [ -63.527119, 9.078800 ], [ -63.528236, 9.079812 ], [ -63.528858, 9.079983 ], [ -63.529503, 9.079874 ], [ -63.530083, 9.079701 ], [ -63.530689, 9.079393 ], [ -63.531269, 9.079310 ], [ -63.531959, 9.079545 ], [ -63.532574, 9.080059 ], [ -63.532764, 9.080292 ], [ -63.533028, 9.080620 ], [ -63.533481, 9.081269 ], [ -63.533909, 9.081948 ], [ -63.534267, 9.082617 ], [ -63.534470, 9.083213 ], [ -63.534756, 9.084163 ], [ -63.535000, 9.084741 ], [ -63.535316, 9.085274 ], [ -63.535839, 9.085834 ], [ -63.536316, 9.086367 ], [ -63.536678, 9.086954 ], [ -63.537063, 9.087460 ], [ -63.537449, 9.088038 ], [ -63.537785, 9.088626 ], [ -63.538120, 9.089385 ], [ -63.538410, 9.089991 ], [ -63.538769, 9.090821 ], [ -63.539173, 9.091581 ], [ -63.539463, 9.092322 ], [ -63.539780, 9.092929 ], [ -63.540207, 9.093642 ], [ -63.540569, 9.094130 ], [ -63.541161, 9.094599 ], [ -63.541828, 9.094815 ], [ -63.542519, 9.094923 ], [ -63.543217, 9.094678 ], [ -63.543686, 9.094161 ], [ -63.543835, 9.093492 ], [ -63.543732, 9.092687 ], [ -63.543488, 9.092063 ], [ -63.543331, 9.091494 ], [ -63.543270, 9.090870 ], [ -63.543304, 9.090156 ], [ -63.543453, 9.089585 ], [ -63.543694, 9.088987 ], [ -63.543999, 9.088445 ], [ -63.544377, 9.087992 ], [ -63.545048, 9.087955 ], [ -63.545525, 9.088288 ], [ -63.545959, 9.088795 ], [ -63.546345, 9.089310 ], [ -63.546749, 9.090050 ], [ -63.547245, 9.090701 ], [ -63.547817, 9.091152 ], [ -63.548393, 9.091387 ], [ -63.549107, 9.091584 ], [ -63.549683, 9.091710 ], [ -63.550304, 9.091646 ], [ -63.550930, 9.091499 ], [ -63.551674, 9.091237 ], [ -63.552322, 9.090964 ], [ -63.553669, 9.090528 ], [ -63.554413, 9.090338 ], [ -63.555241, 9.090391 ], [ -63.555630, 9.090860 ], [ -63.555874, 9.091438 ], [ -63.556026, 9.092125 ], [ -63.556172, 9.093138 ], [ -63.556251, 9.093997 ], [ -63.556358, 9.094657 ], [ -63.556488, 9.095354 ], [ -63.556732, 9.096041 ], [ -63.557114, 9.096628 ], [ -63.557571, 9.097025 ], [ -63.558189, 9.097423 ], [ -63.558788, 9.097684 ], [ -63.559387, 9.097647 ], [ -63.559833, 9.097085 ], [ -63.560188, 9.096470 ], [ -63.560474, 9.095945 ], [ -63.560806, 9.095448 ], [ -63.561230, 9.094876 ], [ -63.561859, 9.094523 ], [ -63.562439, 9.094323 ], [ -63.563084, 9.094314 ], [ -63.563660, 9.094502 ], [ -63.564323, 9.094853 ], [ -63.564968, 9.095141 ], [ -63.565537, 9.095566 ], [ -63.566059, 9.096261 ], [ -63.566605, 9.096777 ], [ -63.567177, 9.097337 ], [ -63.567585, 9.097805 ], [ -63.567989, 9.098430 ], [ -63.568233, 9.099098 ], [ -63.568340, 9.099931 ], [ -63.568306, 9.100527 ], [ -63.568184, 9.101124 ], [ -63.567783, 9.101686 ], [ -63.567200, 9.102165 ], [ -63.566662, 9.102402 ], [ -63.565945, 9.102666 ], [ -63.565365, 9.102910 ], [ -63.564594, 9.103455 ], [ -63.564034, 9.103880 ], [ -63.563446, 9.104351 ], [ -63.563507, 9.104994 ], [ -63.564056, 9.105400 ], [ -63.564674, 9.105634 ], [ -63.565296, 9.105831 ], [ -63.565964, 9.106003 ], [ -63.566563, 9.106147 ], [ -63.567440, 9.106299 ], [ -63.568039, 9.106352 ], [ -63.568638, 9.106460 ], [ -63.569443, 9.106540 ], [ -63.570114, 9.106621 ], [ -63.570828, 9.106673 ], [ -63.571476, 9.106754 ], [ -63.572350, 9.106934 ], [ -63.573269, 9.107285 ], [ -63.574532, 9.107626 ], [ -63.575199, 9.107824 ], [ -63.575935, 9.108249 ], [ -63.576599, 9.108537 ], [ -63.577198, 9.108662 ], [ -63.577824, 9.108489 ], [ -63.578430, 9.108198 ], [ -63.578919, 9.107718 ], [ -63.579414, 9.107158 ], [ -63.580227, 9.106685 ], [ -63.580994, 9.106612 ], [ -63.581566, 9.106729 ], [ -63.582069, 9.107037 ], [ -63.582623, 9.107297 ], [ -63.583286, 9.107631 ], [ -63.583817, 9.107873 ], [ -63.584366, 9.108181 ], [ -63.584915, 9.108397 ], [ -63.585583, 9.108567 ], [ -63.586254, 9.108440 ], [ -63.586700, 9.108078 ], [ -63.586571, 9.107390 ], [ -63.586258, 9.106784 ], [ -63.585941, 9.106134 ], [ -63.585789, 9.105420 ], [ -63.585896, 9.104416 ], [ -63.585976, 9.103819 ], [ -63.586029, 9.103221 ], [ -63.586155, 9.102606 ], [ -63.586754, 9.102525 ], [ -63.587211, 9.103011 ], [ -63.587524, 9.103725 ], [ -63.587818, 9.104303 ], [ -63.588177, 9.104864 ], [ -63.588676, 9.105442 ], [ -63.589157, 9.105822 ], [ -63.589729, 9.106128 ], [ -63.590324, 9.106462 ], [ -63.590973, 9.106424 ], [ -63.591488, 9.105971 ], [ -63.591843, 9.105383 ], [ -63.591969, 9.104804 ], [ -63.592232, 9.104007 ], [ -63.592632, 9.103510 ], [ -63.593121, 9.103128 ], [ -63.593777, 9.102567 ], [ -63.594269, 9.101995 ], [ -63.594669, 9.101472 ], [ -63.594910, 9.100928 ], [ -63.595173, 9.100267 ], [ -63.595684, 9.099886 ], [ -63.596287, 9.099867 ], [ -63.597439, 9.100091 ], [ -63.598057, 9.100380 ], [ -63.598721, 9.100777 ], [ -63.599293, 9.101318 ], [ -63.599235, 9.101889 ], [ -63.598770, 9.102233 ], [ -63.598259, 9.102523 ], [ -63.597767, 9.102859 ], [ -63.597370, 9.103284 ], [ -63.597221, 9.103854 ], [ -63.597725, 9.104161 ], [ -63.598347, 9.104314 ], [ -63.599060, 9.104601 ], [ -63.599678, 9.104927 ], [ -63.600017, 9.105442 ], [ -63.599914, 9.106085 ], [ -63.599663, 9.107551 ], [ -63.599815, 9.108174 ], [ -63.600437, 9.108390 ], [ -63.601105, 9.108579 ], [ -63.601677, 9.108822 ], [ -63.602158, 9.109245 ], [ -63.602657, 9.109797 ], [ -63.603042, 9.110338 ], [ -63.603172, 9.111008 ], [ -63.603184, 9.111759 ], [ -63.603302, 9.113025 ], [ -63.603481, 9.113604 ], [ -63.603817, 9.114318 ], [ -63.604248, 9.114905 ], [ -63.604683, 9.115274 ], [ -63.605110, 9.115862 ], [ -63.605263, 9.116575 ], [ -63.605251, 9.117263 ], [ -63.605152, 9.117969 ], [ -63.605049, 9.118547 ], [ -63.605042, 9.119235 ], [ -63.605282, 9.119949 ], [ -63.605621, 9.120509 ], [ -63.606098, 9.121106 ], [ -63.606228, 9.121685 ], [ -63.606106, 9.122282 ], [ -63.605934, 9.122924 ], [ -63.605621, 9.123720 ], [ -63.605190, 9.124978 ], [ -63.604652, 9.125404 ], [ -63.604031, 9.125161 ], [ -63.603527, 9.124791 ], [ -63.603004, 9.124367 ], [ -63.602524, 9.123942 ], [ -63.602093, 9.123527 ], [ -63.601379, 9.123220 ], [ -63.600868, 9.123510 ], [ -63.600304, 9.124001 ], [ -63.599926, 9.124688 ], [ -63.599709, 9.125321 ], [ -63.599689, 9.126672 ], [ -63.599705, 9.127420 ], [ -63.599808, 9.128153 ], [ -63.599907, 9.129166 ], [ -63.599941, 9.130061 ], [ -63.600021, 9.130938 ], [ -63.600170, 9.131717 ], [ -63.600231, 9.132312 ], [ -63.600246, 9.132891 ], [ -63.600330, 9.133560 ], [ -63.600574, 9.134248 ], [ -63.600910, 9.134880 ], [ -63.601295, 9.135413 ], [ -63.601845, 9.135810 ], [ -63.602371, 9.136117 ], [ -63.602993, 9.136424 ], [ -63.603565, 9.136729 ], [ -63.604160, 9.137063 ], [ -63.604847, 9.137397 ], [ -63.605423, 9.137704 ], [ -63.605740, 9.138218 ], [ -63.606007, 9.138860 ], [ -63.606346, 9.139349 ], [ -63.606727, 9.140134 ], [ -63.606857, 9.140739 ], [ -63.606525, 9.141328 ], [ -63.606125, 9.141782 ], [ -63.605724, 9.142352 ], [ -63.605465, 9.142895 ], [ -63.605290, 9.143609 ], [ -63.605187, 9.144405 ], [ -63.605271, 9.145048 ], [ -63.605583, 9.145771 ], [ -63.605900, 9.146322 ], [ -63.606354, 9.146882 ], [ -63.606995, 9.147379 ], [ -63.607544, 9.147775 ], [ -63.608162, 9.148081 ], [ -63.608894, 9.148460 ], [ -63.609421, 9.148793 ], [ -63.609947, 9.149146 ], [ -63.610474, 9.149470 ], [ -63.611961, 9.150299 ], [ -63.612904, 9.150750 ], [ -63.614353, 9.151310 ], [ -63.615410, 9.151670 ], [ -63.615959, 9.151885 ], [ -63.616558, 9.152146 ], [ -63.617199, 9.152452 ], [ -63.617771, 9.152786 ], [ -63.618343, 9.153157 ], [ -63.618847, 9.153563 ], [ -63.619507, 9.154185 ], [ -63.620125, 9.154681 ], [ -63.620674, 9.155061 ], [ -63.621746, 9.156018 ], [ -63.622292, 9.156487 ], [ -63.622963, 9.156612 ], [ -63.623657, 9.156413 ], [ -63.624352, 9.156284 ], [ -63.624977, 9.156275 ], [ -63.625488, 9.156002 ], [ -63.625912, 9.155504 ], [ -63.626312, 9.155005 ], [ -63.626892, 9.154716 ], [ -63.627430, 9.154334 ], [ -63.627598, 9.153702 ], [ -63.627842, 9.153031 ], [ -63.628334, 9.152470 ], [ -63.628956, 9.152568 ], [ -63.629268, 9.153173 ], [ -63.629375, 9.153843 ], [ -63.629299, 9.154504 ], [ -63.629334, 9.155100 ], [ -63.629910, 9.155298 ], [ -63.630512, 9.155279 ], [ -63.631023, 9.154970 ], [ -63.631538, 9.154518 ], [ -63.631935, 9.154082 ], [ -63.632381, 9.153684 ], [ -63.632965, 9.153113 ], [ -63.633518, 9.153284 ], [ -63.634136, 9.153708 ], [ -63.634663, 9.154195 ], [ -63.635117, 9.154756 ], [ -63.635479, 9.155243 ], [ -63.636002, 9.155876 ], [ -63.636452, 9.156453 ], [ -63.636933, 9.156896 ], [ -63.637352, 9.157447 ], [ -63.637741, 9.157816 ], [ -63.638100, 9.158377 ], [ -63.638580, 9.158756 ], [ -63.639225, 9.159036 ], [ -63.639847, 9.159161 ], [ -63.640583, 9.159241 ], [ -63.641945, 9.159356 ], [ -63.642613, 9.159463 ], [ -63.643189, 9.159517 ], [ -63.644985, 9.160137 ], [ -63.645534, 9.160355 ], [ -63.646202, 9.160524 ], [ -63.646915, 9.160722 ], [ -63.647720, 9.161036 ], [ -63.648319, 9.161180 ], [ -63.649032, 9.161379 ], [ -63.649608, 9.161360 ], [ -63.650280, 9.161186 ], [ -63.651024, 9.160877 ], [ -63.651562, 9.160424 ], [ -63.651985, 9.159999 ], [ -63.652653, 9.160050 ], [ -63.653206, 9.160295 ], [ -63.653916, 9.160718 ], [ -63.654739, 9.161233 ], [ -63.656117, 9.161827 ], [ -63.657406, 9.162177 ], [ -63.658005, 9.162275 ], [ -63.658626, 9.162311 ], [ -63.659344, 9.162228 ], [ -63.660015, 9.162190 ], [ -63.661289, 9.162024 ], [ -63.662052, 9.161852 ], [ -63.662796, 9.161570 ], [ -63.663219, 9.161117 ], [ -63.663643, 9.160619 ], [ -63.664200, 9.160302 ], [ -63.664921, 9.159993 ], [ -63.665455, 9.159702 ], [ -63.665966, 9.159439 ], [ -63.666645, 9.159013 ], [ -63.667225, 9.158768 ], [ -63.667873, 9.158686 ], [ -63.668331, 9.159037 ], [ -63.668415, 9.159635 ], [ -63.668266, 9.160204 ], [ -63.668163, 9.160937 ], [ -63.668156, 9.161561 ], [ -63.668213, 9.162249 ], [ -63.668484, 9.162781 ], [ -63.668896, 9.163222 ], [ -63.669472, 9.163213 ], [ -63.670235, 9.163085 ], [ -63.670864, 9.162795 ], [ -63.671513, 9.162622 ], [ -63.672184, 9.162495 ], [ -63.672806, 9.162573 ], [ -63.674244, 9.162300 ], [ -63.674938, 9.162199 ], [ -63.675568, 9.161882 ], [ -63.676170, 9.161456 ], [ -63.676823, 9.161164 ], [ -63.677589, 9.160928 ], [ -63.678093, 9.161262 ], [ -63.677944, 9.161967 ], [ -63.677521, 9.162465 ], [ -63.677262, 9.162991 ], [ -63.676907, 9.163561 ], [ -63.676575, 9.164032 ], [ -63.676197, 9.164539 ], [ -63.675869, 9.165010 ], [ -63.675510, 9.165653 ], [ -63.675388, 9.166241 ], [ -63.675705, 9.166729 ], [ -63.676277, 9.167109 ], [ -63.676941, 9.167577 ], [ -63.677807, 9.168488 ], [ -63.678864, 9.168894 ], [ -63.679413, 9.169083 ], [ -63.680058, 9.169326 ], [ -63.680840, 9.169497 ], [ -63.681465, 9.169441 ], [ -63.681797, 9.168962 ], [ -63.682011, 9.168390 ], [ -63.682159, 9.167821 ], [ -63.682396, 9.167250 ], [ -63.682819, 9.166725 ], [ -63.683243, 9.166326 ], [ -63.683594, 9.165865 ], [ -63.684017, 9.165347 ], [ -63.684578, 9.165057 ], [ -63.685032, 9.165427 ], [ -63.685303, 9.166005 ], [ -63.685566, 9.166909 ], [ -63.685696, 9.167488 ], [ -63.685863, 9.168664 ], [ -63.685970, 9.169260 ], [ -63.686192, 9.170002 ], [ -63.686436, 9.170688 ], [ -63.686752, 9.171339 ], [ -63.687069, 9.171872 ], [ -63.687405, 9.172541 ], [ -63.687649, 9.173119 ], [ -63.688187, 9.174275 ], [ -63.688526, 9.174835 ], [ -63.688820, 9.175342 ], [ -63.689228, 9.175875 ], [ -63.689640, 9.176299 ], [ -63.690231, 9.176813 ], [ -63.690804, 9.177210 ], [ -63.691330, 9.177544 ], [ -63.691883, 9.177733 ], [ -63.692459, 9.177949 ], [ -63.693077, 9.178282 ], [ -63.693558, 9.178634 ], [ -63.694172, 9.179194 ], [ -63.694557, 9.179636 ], [ -63.694988, 9.180285 ], [ -63.695118, 9.180910 ], [ -63.694992, 9.181570 ], [ -63.694660, 9.182213 ], [ -63.694260, 9.182729 ], [ -63.693348, 9.183662 ], [ -63.693085, 9.184323 ], [ -63.692982, 9.185011 ], [ -63.693134, 9.185563 ], [ -63.693497, 9.186032 ], [ -63.694095, 9.186221 ], [ -63.694859, 9.186138 ], [ -63.695690, 9.186065 ], [ -63.696293, 9.186045 ], [ -63.696892, 9.186108 ], [ -63.697628, 9.186251 ], [ -63.698273, 9.186448 ], [ -63.698872, 9.186664 ], [ -63.700184, 9.187095 ], [ -63.700733, 9.187293 ], [ -63.701561, 9.187690 ], [ -63.702087, 9.188042 ], [ -63.702637, 9.188493 ], [ -63.703091, 9.188935 ], [ -63.703732, 9.189448 ], [ -63.704395, 9.189782 ], [ -63.705772, 9.190395 ], [ -63.706509, 9.190593 ], [ -63.707108, 9.190836 ], [ -63.707516, 9.191251 ], [ -63.707787, 9.191810 ], [ -63.708031, 9.192479 ], [ -63.708115, 9.193121 ], [ -63.708057, 9.193972 ], [ -63.708092, 9.194613 ], [ -63.708363, 9.195192 ], [ -63.708820, 9.195544 ], [ -63.709347, 9.195805 ], [ -63.709827, 9.196139 ], [ -63.710495, 9.196418 ], [ -63.711067, 9.196615 ], [ -63.711643, 9.196741 ], [ -63.712315, 9.196750 ], [ -63.712536, 9.197328 ], [ -63.712688, 9.197969 ], [ -63.712891, 9.198529 ], [ -63.713253, 9.199017 ], [ -63.713825, 9.199532 ], [ -63.714348, 9.199973 ], [ -63.714897, 9.200299 ], [ -63.715542, 9.200613 ], [ -63.716118, 9.200739 ], [ -63.716786, 9.200837 ], [ -63.717430, 9.200981 ], [ -63.718098, 9.200970 ], [ -63.718796, 9.200780 ], [ -63.720120, 9.200270 ], [ -63.720882, 9.200169 ], [ -63.721153, 9.200674 ], [ -63.721352, 9.201344 ], [ -63.721550, 9.201940 ], [ -63.721844, 9.202637 ], [ -63.722252, 9.203105 ], [ -63.722847, 9.203485 ], [ -63.723400, 9.203672 ], [ -63.724022, 9.203635 ], [ -63.724468, 9.203164 ], [ -63.724754, 9.202612 ], [ -63.725109, 9.202041 ], [ -63.725418, 9.201453 ], [ -63.725796, 9.200882 ], [ -63.726261, 9.200501 ], [ -63.726841, 9.200237 ], [ -63.728729, 9.199212 ], [ -63.729401, 9.198895 ], [ -63.729977, 9.199156 ], [ -63.730381, 9.199851 ], [ -63.730652, 9.200501 ], [ -63.731014, 9.200962 ], [ -63.731701, 9.201323 ], [ -63.732369, 9.201467 ], [ -63.732967, 9.201573 ], [ -63.733845, 9.201609 ], [ -63.734657, 9.201570 ], [ -63.735603, 9.201541 ], [ -63.736988, 9.201683 ], [ -63.737816, 9.201808 ], [ -63.738602, 9.201960 ], [ -63.739201, 9.202031 ], [ -63.739868, 9.202138 ], [ -63.740539, 9.202217 ], [ -63.741112, 9.202497 ], [ -63.741566, 9.203011 ], [ -63.741905, 9.203617 ], [ -63.742035, 9.204331 ], [ -63.742046, 9.204901 ], [ -63.741890, 9.206304 ], [ -63.741813, 9.206873 ], [ -63.741783, 9.207452 ], [ -63.741772, 9.208067 ], [ -63.741856, 9.208763 ], [ -63.742058, 9.209315 ], [ -63.742371, 9.209892 ], [ -63.743050, 9.210958 ], [ -63.743526, 9.211654 ], [ -63.744362, 9.212819 ], [ -63.744774, 9.213324 ], [ -63.745068, 9.213840 ], [ -63.745403, 9.214535 ], [ -63.745624, 9.215086 ], [ -63.746254, 9.216388 ], [ -63.746548, 9.216893 ], [ -63.746910, 9.217454 ], [ -63.747700, 9.218790 ], [ -63.748470, 9.220000 ], [ -63.748970, 9.220606 ], [ -63.749355, 9.221093 ], [ -63.749901, 9.221725 ], [ -63.750446, 9.222284 ], [ -63.750904, 9.222700 ], [ -63.751431, 9.223033 ], [ -63.752117, 9.223431 ], [ -63.752754, 9.224107 ], [ -63.753117, 9.224684 ], [ -63.753571, 9.225271 ], [ -63.754120, 9.225641 ], [ -63.754669, 9.225903 ], [ -63.755405, 9.226127 ], [ -63.756119, 9.226298 ], [ -63.756767, 9.226305 ], [ -63.757393, 9.226159 ], [ -63.758019, 9.225959 ], [ -63.758575, 9.225804 ], [ -63.759251, 9.225567 ], [ -63.759949, 9.225304 ], [ -63.760666, 9.225103 ], [ -63.761311, 9.225020 ], [ -63.761982, 9.225010 ], [ -63.762562, 9.225090 ], [ -63.763134, 9.225261 ], [ -63.763802, 9.225630 ], [ -63.764301, 9.226099 ], [ -63.764778, 9.226687 ], [ -63.765213, 9.227174 ], [ -63.765644, 9.227615 ], [ -63.766079, 9.228030 ], [ -63.766556, 9.228455 ], [ -63.767105, 9.228897 ], [ -63.767651, 9.229393 ], [ -63.768177, 9.229763 ], [ -63.768707, 9.230051 ], [ -63.769257, 9.230330 ], [ -63.769833, 9.230482 ], [ -63.770504, 9.230473 ], [ -63.771774, 9.230308 ], [ -63.772469, 9.230179 ], [ -63.773140, 9.230096 ], [ -63.773952, 9.229968 ], [ -63.774715, 9.229912 ], [ -63.775318, 9.229810 ], [ -63.776127, 9.229727 ], [ -63.776821, 9.229627 ], [ -63.777584, 9.229544 ], [ -63.778442, 9.229397 ], [ -63.779183, 9.229252 ], [ -63.780506, 9.228877 ], [ -63.781456, 9.228641 ], [ -63.782684, 9.228249 ], [ -63.783405, 9.228030 ], [ -63.785305, 9.227528 ], [ -63.786003, 9.227400 ], [ -63.786698, 9.227318 ], [ -63.787274, 9.227262 ], [ -63.788780, 9.226960 ], [ -63.789429, 9.226713 ], [ -63.790035, 9.226523 ], [ -63.790775, 9.226305 ], [ -63.791473, 9.226086 ], [ -63.792213, 9.225840 ], [ -63.792843, 9.225648 ], [ -63.793514, 9.225566 ], [ -63.794323, 9.225510 ], [ -63.795036, 9.225544 ], [ -63.795658, 9.225596 ], [ -63.796307, 9.225678 ], [ -63.796909, 9.225613 ], [ -63.797508, 9.225484 ], [ -63.798138, 9.225311 ], [ -63.799343, 9.224875 ], [ -63.799969, 9.224792 ], [ -63.800640, 9.224682 ], [ -63.801270, 9.224372 ], [ -63.801853, 9.223810 ], [ -63.802231, 9.223331 ], [ -63.803280, 9.222568 ], [ -63.803722, 9.222133 ], [ -63.804550, 9.220883 ], [ -63.805019, 9.220412 ], [ -63.805626, 9.219913 ], [ -63.806229, 9.219966 ], [ -63.806732, 9.220255 ], [ -63.807758, 9.221121 ], [ -63.808331, 9.221399 ], [ -63.808910, 9.221480 ], [ -63.809624, 9.221541 ], [ -63.810845, 9.221738 ], [ -63.811558, 9.222007 ], [ -63.812107, 9.222314 ], [ -63.812611, 9.222683 ], [ -63.813614, 9.223622 ], [ -63.814163, 9.224108 ], [ -63.815350, 9.225119 ], [ -63.816563, 9.226102 ], [ -63.817135, 9.226525 ], [ -63.817593, 9.226896 ], [ -63.818092, 9.227274 ], [ -63.818733, 9.227715 ], [ -63.819240, 9.228004 ], [ -63.819813, 9.228265 ], [ -63.820362, 9.228526 ], [ -63.820911, 9.228877 ], [ -63.821507, 9.229364 ], [ -63.822010, 9.229716 ], [ -63.822678, 9.230049 ], [ -63.824215, 9.230652 ], [ -63.824974, 9.230985 ], [ -63.825710, 9.231291 ], [ -63.826260, 9.231551 ], [ -63.826836, 9.231749 ], [ -63.827457, 9.231920 ], [ -63.828102, 9.231927 ], [ -63.828682, 9.231908 ], [ -63.829395, 9.231942 ], [ -63.829975, 9.231950 ], [ -63.830620, 9.231984 ], [ -63.831314, 9.232000 ], [ -63.831871, 9.231846 ], [ -63.832451, 9.231601 ], [ -63.833031, 9.231337 ], [ -63.833614, 9.231110 ], [ -63.834332, 9.230918 ], [ -63.835026, 9.230790 ], [ -63.835720, 9.230706 ], [ -63.836418, 9.230488 ], [ -63.836975, 9.230224 ], [ -63.837555, 9.229934 ], [ -63.838161, 9.229671 ], [ -63.838925, 9.229497 ], [ -63.840248, 9.229013 ], [ -63.841061, 9.228649 ], [ -63.842319, 9.227986 ], [ -63.843063, 9.227632 ], [ -63.843643, 9.227315 ], [ -63.844391, 9.226842 ], [ -63.845089, 9.226325 ], [ -63.845608, 9.225854 ], [ -63.846237, 9.225246 ], [ -63.847408, 9.224249 ], [ -63.848061, 9.223749 ], [ -63.849320, 9.222952 ], [ -63.850086, 9.222569 ], [ -63.850876, 9.222378 ], [ -63.851502, 9.222267 ], [ -63.852127, 9.222095 ], [ -63.852776, 9.221830 ], [ -63.853359, 9.221539 ], [ -63.853870, 9.221267 ], [ -63.854496, 9.221003 ], [ -63.855034, 9.220622 ], [ -63.855457, 9.220197 ], [ -63.855972, 9.219624 ], [ -63.856983, 9.218285 ], [ -63.857475, 9.217722 ], [ -63.858013, 9.217242 ], [ -63.858570, 9.217023 ], [ -63.859242, 9.216877 ], [ -63.859821, 9.216886 ], [ -63.860558, 9.217009 ], [ -63.861939, 9.217396 ], [ -63.862515, 9.217475 ], [ -63.863693, 9.217581 ], [ -63.864319, 9.217498 ], [ -63.865059, 9.217334 ], [ -63.865780, 9.217159 ], [ -63.866406, 9.216914 ], [ -63.867012, 9.216506 ], [ -63.867569, 9.216106 ], [ -63.868134, 9.215626 ], [ -63.868622, 9.215109 ], [ -63.869137, 9.214656 ], [ -63.869583, 9.214230 ], [ -63.870026, 9.213867 ], [ -63.870609, 9.213486 ], [ -63.871166, 9.213177 ], [ -63.872307, 9.212522 ], [ -63.872868, 9.212214 ], [ -63.873474, 9.211923 ], [ -63.875862, 9.211267 ], [ -63.876461, 9.211210 ], [ -63.877132, 9.211172 ], [ -63.877827, 9.211226 ], [ -63.878563, 9.211241 ], [ -63.879326, 9.211204 ], [ -63.879929, 9.211193 ], [ -63.880505, 9.211083 ], [ -63.881157, 9.210981 ], [ -63.883175, 9.210325 ], [ -63.883892, 9.210125 ], [ -63.884476, 9.209789 ], [ -63.885033, 9.209480 ], [ -63.885685, 9.209008 ], [ -63.886131, 9.208618 ], [ -63.886692, 9.208101 ], [ -63.887184, 9.207630 ], [ -63.887627, 9.207177 ], [ -63.888168, 9.206605 ], [ -63.888660, 9.206161 ], [ -63.889172, 9.205752 ], [ -63.889870, 9.205371 ], [ -63.890499, 9.205126 ], [ -63.891144, 9.204997 ], [ -63.891888, 9.204923 ], [ -63.893272, 9.204847 ], [ -63.893875, 9.204855 ], [ -63.894543, 9.204845 ], [ -63.895168, 9.204852 ], [ -63.895744, 9.204842 ], [ -63.896347, 9.204731 ], [ -63.897045, 9.204468 ], [ -63.897602, 9.204177 ], [ -63.898163, 9.203777 ], [ -63.898770, 9.203233 ], [ -63.899193, 9.202826 ], [ -63.899635, 9.202444 ], [ -63.900196, 9.201873 ], [ -63.900665, 9.201447 ], [ -63.901108, 9.201065 ], [ -63.901714, 9.200685 ], [ -63.902390, 9.200465 ], [ -63.903015, 9.200356 ], [ -63.903614, 9.200317 ], [ -63.904331, 9.200216 ], [ -63.904915, 9.199925 ], [ -63.905220, 9.199428 ], [ -63.905323, 9.198758 ], [ -63.905331, 9.198052 ], [ -63.905273, 9.197311 ], [ -63.905098, 9.196551 ], [ -63.904968, 9.195838 ], [ -63.904747, 9.195142 ], [ -63.904549, 9.194366 ], [ -63.904560, 9.193649 ], [ -63.904755, 9.192989 ], [ -63.905083, 9.192509 ], [ -63.905575, 9.192010 ], [ -63.906109, 9.191747 ], [ -63.906593, 9.191862 ], [ -63.916000, 9.258482 ], [ -63.915985, 9.259631 ], [ -63.916046, 9.260229 ], [ -63.916222, 9.260806 ], [ -63.916374, 9.261375 ], [ -63.916622, 9.261936 ], [ -63.917030, 9.262424 ], [ -63.917538, 9.262730 ], [ -63.918041, 9.263081 ], [ -63.918449, 9.263505 ], [ -63.918907, 9.263875 ], [ -63.919319, 9.264298 ], [ -63.919887, 9.264832 ], [ -63.920322, 9.265255 ], [ -63.920685, 9.265760 ], [ -63.920979, 9.266275 ], [ -63.921341, 9.266853 ], [ -63.921680, 9.267340 ], [ -63.922089, 9.267800 ], [ -63.922501, 9.268243 ], [ -63.922955, 9.268712 ], [ -63.923367, 9.269182 ], [ -63.923935, 9.269650 ], [ -63.924416, 9.270091 ], [ -63.924732, 9.270643 ], [ -63.924976, 9.271293 ], [ -63.925178, 9.271872 ], [ -63.925240, 9.272441 ], [ -63.925255, 9.273110 ], [ -63.925289, 9.273707 ], [ -63.925434, 9.275018 ], [ -63.925632, 9.275776 ], [ -63.925972, 9.276264 ], [ -63.926525, 9.276463 ], [ -63.927151, 9.276443 ], [ -63.927776, 9.276314 ], [ -63.928310, 9.276096 ], [ -63.928909, 9.276012 ], [ -63.929321, 9.276455 ], [ -63.930248, 9.278053 ], [ -63.930607, 9.278631 ], [ -63.931126, 9.279742 ], [ -63.931393, 9.280456 ], [ -63.931866, 9.281568 ], [ -63.932156, 9.282172 ], [ -63.932541, 9.282659 ], [ -63.932880, 9.283282 ], [ -63.933106, 9.283834 ], [ -63.933395, 9.284512 ], [ -63.933689, 9.285062 ], [ -63.934601, 9.285946 ], [ -63.934940, 9.286415 ], [ -63.935371, 9.287084 ], [ -63.936024, 9.288475 ], [ -63.936562, 9.289702 ], [ -63.936855, 9.290254 ], [ -63.937260, 9.290949 ], [ -63.937668, 9.291527 ], [ -63.938172, 9.292024 ], [ -63.938629, 9.292375 ], [ -63.939152, 9.292934 ], [ -63.939701, 9.293448 ], [ -63.940227, 9.293890 ], [ -63.940868, 9.294177 ], [ -63.941490, 9.294366 ], [ -63.942180, 9.294608 ], [ -63.942963, 9.294868 ], [ -63.943516, 9.295066 ], [ -63.944134, 9.295327 ], [ -63.944847, 9.295514 ], [ -63.945515, 9.295667 ], [ -63.946113, 9.295927 ], [ -63.947563, 9.296411 ], [ -63.948830, 9.296770 ], [ -63.950043, 9.297455 ], [ -63.950478, 9.297833 ], [ -63.951435, 9.298789 ], [ -63.951843, 9.299338 ], [ -63.952091, 9.299944 ], [ -63.952290, 9.300587 ], [ -63.952488, 9.301282 ], [ -63.952690, 9.301924 ], [ -63.952953, 9.302710 ], [ -63.953224, 9.303432 ], [ -63.953556, 9.304263 ], [ -63.953758, 9.304888 ], [ -63.954048, 9.305555 ], [ -63.954342, 9.306132 ], [ -63.954704, 9.306803 ], [ -63.955067, 9.307290 ], [ -63.955356, 9.308030 ], [ -63.955509, 9.308609 ], [ -63.955547, 9.309277 ], [ -63.955356, 9.309848 ], [ -63.955048, 9.310418 ], [ -63.954994, 9.311007 ], [ -63.955193, 9.311774 ], [ -63.955765, 9.312053 ], [ -63.956390, 9.311996 ], [ -63.957035, 9.312050 ], [ -63.957680, 9.312292 ], [ -63.957905, 9.312824 ], [ -63.958172, 9.313403 ], [ -63.958515, 9.313864 ], [ -63.958897, 9.314559 ], [ -63.958935, 9.315228 ], [ -63.958756, 9.316485 ], [ -63.958702, 9.317201 ], [ -63.958786, 9.317887 ], [ -63.959049, 9.318673 ], [ -63.959484, 9.319087 ], [ -63.959408, 9.319712 ], [ -63.959190, 9.320254 ], [ -63.959068, 9.320925 ], [ -63.959049, 9.322254 ], [ -63.959110, 9.322896 ], [ -63.959332, 9.323592 ], [ -63.959736, 9.324495 ], [ -63.960075, 9.325001 ], [ -63.960369, 9.325606 ], [ -63.960544, 9.326230 ], [ -63.960468, 9.326890 ], [ -63.960220, 9.328057 ], [ -63.960213, 9.328682 ], [ -63.960274, 9.329324 ], [ -63.960666, 9.331031 ], [ -63.960865, 9.331673 ], [ -63.960743, 9.333663 ], [ -63.961064, 9.334195 ], [ -63.961494, 9.334801 ], [ -63.961884, 9.335287 ], [ -63.962250, 9.335703 ], [ -63.962662, 9.336082 ], [ -63.963192, 9.336406 ], [ -63.963577, 9.336803 ], [ -63.963875, 9.337380 ], [ -63.964192, 9.337887 ], [ -63.964558, 9.338447 ], [ -63.964993, 9.338861 ], [ -63.965355, 9.339348 ], [ -63.965813, 9.339908 ], [ -63.966637, 9.340783 ], [ -63.967026, 9.341225 ], [ -63.977856, 9.346712 ], [ -63.970986, 9.417478 ], [ -63.822906, 9.547229 ], [ -63.916019, 9.666704 ], [ -63.916412, 9.667244 ], [ -63.916802, 9.667706 ], [ -63.917213, 9.668217 ], [ -63.917694, 9.668726 ], [ -63.918518, 9.669653 ], [ -63.919437, 9.670535 ], [ -63.919872, 9.670906 ], [ -63.920334, 9.671324 ], [ -63.920654, 9.671810 ], [ -63.921387, 9.672645 ], [ -63.921799, 9.673130 ], [ -63.922234, 9.673662 ], [ -63.923218, 9.675004 ], [ -63.923538, 9.675490 ], [ -63.923927, 9.676022 ], [ -63.924656, 9.677177 ], [ -63.924953, 9.677754 ], [ -63.925545, 9.678818 ], [ -63.925842, 9.679279 ], [ -63.926575, 9.680159 ], [ -63.926987, 9.680553 ], [ -63.927517, 9.681087 ], [ -63.927998, 9.681711 ], [ -63.928409, 9.682313 ], [ -63.928776, 9.682822 ], [ -63.929138, 9.683263 ], [ -63.929508, 9.683679 ], [ -63.930378, 9.684607 ], [ -63.931019, 9.685532 ], [ -63.931454, 9.686041 ], [ -63.931843, 9.686459 ], [ -63.932209, 9.686943 ], [ -63.932552, 9.687428 ], [ -63.932896, 9.687939 ], [ -63.933487, 9.689048 ], [ -63.933785, 9.689577 ], [ -63.934059, 9.690132 ], [ -63.934307, 9.690685 ], [ -63.934628, 9.691194 ], [ -63.934990, 9.691726 ], [ -63.935726, 9.692698 ], [ -63.936134, 9.693322 ], [ -63.936500, 9.693853 ], [ -63.937485, 9.695425 ], [ -63.937874, 9.695934 ], [ -63.938625, 9.696999 ], [ -63.939522, 9.698063 ], [ -63.939957, 9.698641 ], [ -63.940277, 9.699104 ], [ -63.940617, 9.699636 ], [ -63.940937, 9.700168 ], [ -63.941555, 9.701115 ], [ -63.942238, 9.702132 ], [ -63.942627, 9.702687 ], [ -63.942902, 9.703263 ], [ -63.943245, 9.703750 ], [ -63.943611, 9.704212 ], [ -63.944000, 9.704676 ], [ -63.944435, 9.705139 ], [ -63.945236, 9.706042 ], [ -63.945900, 9.707151 ], [ -63.946171, 9.707751 ], [ -63.946468, 9.708467 ], [ -63.946693, 9.709043 ], [ -63.946968, 9.709620 ], [ -63.947216, 9.710220 ], [ -63.947491, 9.710818 ], [ -63.947762, 9.711465 ], [ -63.947918, 9.712064 ], [ -63.947445, 9.713254 ], [ -63.947231, 9.713827 ], [ -63.947040, 9.714468 ], [ -63.947037, 9.715020 ], [ -63.947075, 9.715571 ], [ -63.947189, 9.716125 ], [ -63.947670, 9.716451 ], [ -63.948177, 9.716707 ], [ -63.948776, 9.717035 ], [ -63.949238, 9.717452 ], [ -63.949394, 9.718005 ], [ -63.949619, 9.718558 ], [ -63.949848, 9.719158 ], [ -63.950027, 9.719734 ], [ -63.950161, 9.720311 ], [ -63.950226, 9.720978 ], [ -63.950218, 9.721643 ], [ -63.950169, 9.722218 ], [ -63.950211, 9.722770 ], [ -63.950321, 9.723413 ], [ -63.950478, 9.723968 ], [ -63.950562, 9.724656 ], [ -63.950535, 9.725207 ], [ -63.950367, 9.725758 ], [ -63.950108, 9.726284 ], [ -63.949825, 9.726763 ], [ -63.949589, 9.727290 ], [ -63.949448, 9.727863 ], [ -63.949348, 9.728437 ], [ -63.949554, 9.729013 ], [ -63.949963, 9.729659 ], [ -63.950329, 9.730168 ], [ -63.950672, 9.730677 ], [ -63.951084, 9.731049 ], [ -63.951450, 9.731512 ], [ -63.951836, 9.732618 ], [ -63.952065, 9.733148 ], [ -63.952129, 9.733746 ], [ -63.951931, 9.734963 ], [ -63.951973, 9.735537 ], [ -63.952061, 9.736113 ], [ -63.952125, 9.736688 ], [ -63.952168, 9.737354 ], [ -63.952278, 9.737929 ], [ -63.952503, 9.738552 ], [ -63.952755, 9.739059 ], [ -63.953072, 9.739522 ], [ -63.953533, 9.739894 ], [ -63.954662, 9.740410 ], [ -63.955124, 9.740735 ], [ -63.955677, 9.740993 ], [ -63.956158, 9.741343 ], [ -63.956596, 9.741783 ], [ -63.956962, 9.742245 ], [ -63.957188, 9.742823 ], [ -63.957367, 9.743467 ], [ -63.957478, 9.744066 ], [ -63.957684, 9.744665 ], [ -63.958004, 9.745150 ], [ -63.958343, 9.745612 ], [ -63.958687, 9.746168 ], [ -63.958984, 9.746675 ], [ -63.959278, 9.747299 ], [ -63.959438, 9.747944 ], [ -63.959362, 9.748495 ], [ -63.959034, 9.749136 ], [ -63.958843, 9.749731 ], [ -63.958881, 9.750351 ], [ -63.959041, 9.750949 ], [ -63.959057, 9.751525 ], [ -63.959099, 9.752329 ], [ -63.958977, 9.752902 ], [ -63.958740, 9.753475 ], [ -63.958618, 9.754071 ], [ -63.958195, 9.755194 ], [ -63.958050, 9.755766 ], [ -63.958115, 9.756341 ], [ -63.958084, 9.756962 ], [ -63.957920, 9.757535 ], [ -63.957611, 9.758128 ], [ -63.957375, 9.758724 ], [ -63.957207, 9.759459 ], [ -63.957084, 9.760100 ], [ -63.957081, 9.760652 ], [ -63.957447, 9.761090 ], [ -63.957813, 9.761508 ], [ -63.958500, 9.762526 ], [ -63.958820, 9.763034 ], [ -63.959114, 9.763612 ], [ -63.959274, 9.764141 ], [ -63.959061, 9.764713 ], [ -63.958706, 9.765306 ], [ -63.958401, 9.765857 ], [ -63.958283, 9.766406 ], [ -63.958370, 9.766958 ], [ -63.958527, 9.767511 ], [ -63.958660, 9.768155 ], [ -63.958938, 9.770640 ], [ -63.959049, 9.771285 ], [ -63.959160, 9.771836 ], [ -63.959225, 9.772411 ], [ -63.959427, 9.772964 ], [ -63.959492, 9.773519 ], [ -63.959442, 9.774069 ], [ -63.959175, 9.775352 ], [ -63.958847, 9.775831 ], [ -63.958496, 9.776265 ], [ -63.958099, 9.776698 ], [ -63.957771, 9.777179 ], [ -63.957466, 9.777635 ], [ -63.957184, 9.778137 ], [ -63.956856, 9.778686 ], [ -63.956505, 9.779211 ], [ -63.956150, 9.779805 ], [ -63.955608, 9.780927 ], [ -63.955418, 9.781545 ], [ -63.955273, 9.782141 ], [ -63.955059, 9.782689 ], [ -63.954731, 9.783170 ], [ -63.954403, 9.783718 ], [ -63.954144, 9.784222 ], [ -63.953747, 9.784655 ], [ -63.953186, 9.785154 ], [ -63.952652, 9.785585 ], [ -63.951321, 9.786815 ], [ -63.950295, 9.787540 ], [ -63.949806, 9.787858 ], [ -63.949318, 9.788130 ], [ -63.948757, 9.788400 ], [ -63.948154, 9.788648 ], [ -63.947662, 9.789125 ], [ -63.947265, 9.789535 ], [ -63.946049, 9.791017 ], [ -63.945652, 9.791450 ], [ -63.945415, 9.791953 ], [ -63.945320, 9.792503 ], [ -63.945175, 9.793076 ], [ -63.945053, 9.793650 ], [ -63.944839, 9.794338 ], [ -63.944481, 9.795598 ], [ -63.944359, 9.796148 ], [ -63.944027, 9.797294 ], [ -63.943905, 9.797891 ], [ -63.943783, 9.798555 ], [ -63.943733, 9.799130 ], [ -63.943512, 9.800530 ], [ -63.943462, 9.801126 ], [ -63.943501, 9.801678 ], [ -63.943817, 9.802854 ], [ -63.944042, 9.803452 ], [ -63.944290, 9.804052 ], [ -63.944885, 9.805114 ], [ -63.945431, 9.806130 ], [ -63.945774, 9.806662 ], [ -63.946163, 9.807217 ], [ -63.946484, 9.807772 ], [ -63.946827, 9.808303 ], [ -63.947327, 9.809387 ], [ -63.947552, 9.809917 ], [ -63.947712, 9.810447 ], [ -63.947891, 9.810977 ], [ -63.948227, 9.812176 ], [ -63.948547, 9.812707 ], [ -63.948937, 9.813169 ], [ -63.949280, 9.813632 ], [ -63.949413, 9.814231 ], [ -63.949269, 9.814782 ], [ -63.948963, 9.815261 ], [ -63.948685, 9.815809 ], [ -63.948494, 9.816359 ], [ -63.948418, 9.816979 ], [ -63.948505, 9.817577 ], [ -63.948662, 9.818153 ], [ -63.948864, 9.818728 ], [ -63.949139, 9.819329 ], [ -63.949410, 9.819814 ], [ -63.950077, 9.820808 ], [ -63.950348, 9.821316 ], [ -63.950691, 9.821918 ], [ -63.950943, 9.822424 ], [ -63.951260, 9.823002 ], [ -63.951557, 9.823601 ], [ -63.951759, 9.824155 ], [ -63.951988, 9.824686 ], [ -63.952331, 9.825148 ], [ -63.952789, 9.825588 ], [ -63.953155, 9.826053 ], [ -63.953361, 9.826582 ], [ -63.953377, 9.827180 ], [ -63.953186, 9.827799 ], [ -63.952950, 9.828347 ], [ -63.952599, 9.828804 ], [ -63.952179, 9.829237 ], [ -63.951759, 9.829646 ], [ -63.951317, 9.830032 ], [ -63.950779, 9.830466 ], [ -63.950336, 9.830875 ], [ -63.950031, 9.831354 ], [ -63.949676, 9.831880 ], [ -63.949280, 9.832335 ], [ -63.948929, 9.832791 ], [ -63.948601, 9.833248 ], [ -63.948250, 9.833774 ], [ -63.947967, 9.834323 ], [ -63.947868, 9.834873 ], [ -63.947769, 9.835492 ], [ -63.947742, 9.836089 ], [ -63.947483, 9.836684 ], [ -63.946777, 9.837643 ], [ -63.946358, 9.838098 ], [ -63.945961, 9.838600 ], [ -63.945564, 9.839057 ], [ -63.945141, 9.839513 ], [ -63.944698, 9.839944 ], [ -63.944256, 9.840401 ], [ -63.943809, 9.840764 ], [ -63.943298, 9.841126 ], [ -63.942741, 9.841397 ], [ -63.942227, 9.841691 ], [ -63.941692, 9.841916 ], [ -63.941112, 9.842093 ], [ -63.940555, 9.842203 ], [ -63.939953, 9.842245 ], [ -63.939442, 9.842494 ], [ -63.938999, 9.842834 ], [ -63.938557, 9.843221 ], [ -63.938091, 9.843514 ], [ -63.937111, 9.844056 ], [ -63.936669, 9.844398 ], [ -63.936318, 9.844853 ], [ -63.935917, 9.845470 ], [ -63.935284, 9.846499 ], [ -63.934933, 9.846978 ], [ -63.934582, 9.847504 ], [ -63.934208, 9.847959 ], [ -63.933830, 9.848484 ], [ -63.933319, 9.848755 ], [ -63.932739, 9.848844 ], [ -63.932136, 9.848814 ], [ -63.931488, 9.848716 ], [ -63.930912, 9.848550 ], [ -63.930382, 9.848360 ], [ -63.929829, 9.848196 ], [ -63.929249, 9.848004 ], [ -63.928696, 9.847931 ], [ -63.928070, 9.847834 ], [ -63.927467, 9.847874 ], [ -63.926888, 9.847892 ], [ -63.926330, 9.847956 ], [ -63.925148, 9.848038 ], [ -63.924454, 9.848054 ], [ -63.923828, 9.848094 ], [ -63.922604, 9.848083 ], [ -63.921490, 9.848256 ], [ -63.920933, 9.848389 ], [ -63.919582, 9.848835 ], [ -63.918980, 9.849107 ], [ -63.918400, 9.849306 ], [ -63.917770, 9.849508 ], [ -63.917099, 9.849594 ], [ -63.916428, 9.849749 ], [ -63.915196, 9.850127 ], [ -63.914707, 9.850398 ], [ -63.914100, 9.850807 ], [ -63.913567, 9.851100 ], [ -63.913055, 9.851325 ], [ -63.912472, 9.851618 ], [ -63.911961, 9.851844 ], [ -63.911426, 9.852114 ], [ -63.910843, 9.852500 ], [ -63.910377, 9.852933 ], [ -63.909912, 9.853296 ], [ -63.909535, 9.853704 ], [ -63.909950, 9.854077 ], [ -63.910339, 9.854494 ], [ -63.910522, 9.855046 ], [ -63.910793, 9.855601 ], [ -63.911068, 9.856109 ], [ -63.911682, 9.857080 ], [ -63.912369, 9.857959 ], [ -63.912739, 9.858491 ], [ -63.913563, 9.859418 ], [ -63.914272, 9.860413 ], [ -63.915027, 9.861384 ], [ -63.915348, 9.861847 ], [ -63.915619, 9.862470 ], [ -63.916283, 9.863464 ], [ -63.916672, 9.863950 ], [ -63.917038, 9.864367 ], [ -63.917500, 9.864784 ], [ -63.917984, 9.865203 ], [ -63.919041, 9.865948 ], [ -63.919525, 9.866343 ], [ -63.919891, 9.866759 ], [ -63.920235, 9.867223 ], [ -63.920509, 9.867754 ], [ -63.920826, 9.868261 ], [ -63.921699, 9.869258 ], [ -63.922157, 9.869676 ], [ -63.922619, 9.870071 ], [ -63.923077, 9.870488 ], [ -63.923493, 9.870907 ], [ -63.923950, 9.871233 ], [ -63.924435, 9.871604 ], [ -63.925587, 9.872165 ], [ -63.926208, 9.872493 ], [ -63.926762, 9.872751 ], [ -63.927918, 9.873199 ], [ -63.928520, 9.873387 ], [ -63.929188, 9.873624 ], [ -63.929832, 9.873929 ], [ -63.930225, 9.874322 ], [ -63.930542, 9.874877 ], [ -63.930702, 9.875430 ], [ -63.931084, 9.876558 ], [ -63.931446, 9.877733 ], [ -63.931694, 9.878288 ], [ -63.932014, 9.878751 ], [ -63.932476, 9.879169 ], [ -63.933029, 9.879426 ], [ -63.934231, 9.879873 ], [ -63.934784, 9.880109 ], [ -63.935314, 9.880297 ], [ -63.935867, 9.880417 ], [ -63.936470, 9.880467 ], [ -63.937027, 9.880542 ], [ -63.937626, 9.880687 ], [ -63.938183, 9.880853 ], [ -63.938782, 9.880996 ], [ -63.939358, 9.881253 ], [ -63.939888, 9.881649 ], [ -63.940300, 9.882134 ], [ -63.940552, 9.882643 ], [ -63.940708, 9.883264 ], [ -63.940819, 9.883841 ], [ -63.940815, 9.884438 ], [ -63.940693, 9.884988 ], [ -63.940643, 9.885562 ], [ -63.940662, 9.886159 ], [ -63.940796, 9.886734 ], [ -63.940906, 9.887287 ], [ -63.941086, 9.887818 ], [ -63.941338, 9.888325 ], [ -63.941677, 9.888858 ], [ -63.942070, 9.889297 ], [ -63.942482, 9.889738 ], [ -63.942944, 9.890085 ], [ -63.943474, 9.890435 ], [ -63.944046, 9.890854 ], [ -63.944485, 9.891226 ], [ -63.945450, 9.891947 ], [ -63.945934, 9.892297 ], [ -63.946579, 9.892738 ], [ -63.946991, 9.893108 ], [ -63.947475, 9.893504 ], [ -63.948006, 9.893786 ], [ -63.948559, 9.894066 ], [ -63.949066, 9.894370 ], [ -63.949619, 9.894628 ], [ -63.950680, 9.895234 ], [ -63.951141, 9.895606 ], [ -63.951530, 9.896046 ], [ -63.951943, 9.896487 ], [ -63.952358, 9.896951 ], [ -63.952629, 9.897504 ], [ -63.953201, 9.898565 ], [ -63.953568, 9.899007 ], [ -63.953979, 9.899402 ], [ -63.954533, 9.899818 ], [ -63.955063, 9.900191 ], [ -63.955521, 9.900586 ], [ -63.956005, 9.900889 ], [ -63.956558, 9.901100 ], [ -63.957737, 9.901501 ], [ -63.958340, 9.901760 ], [ -63.958916, 9.901880 ], [ -63.959610, 9.901957 ], [ -63.960281, 9.902008 ], [ -63.960907, 9.902014 ], [ -63.961555, 9.902043 ], [ -63.962158, 9.902094 ], [ -63.963337, 9.902242 ], [ -63.964539, 9.902437 ], [ -63.965698, 9.902401 ], [ -63.969265, 9.902433 ], [ -63.969845, 9.902461 ], [ -63.970421, 9.902513 ], [ -63.971626, 9.902524 ], [ -63.972206, 9.902507 ], [ -63.972855, 9.902535 ], [ -63.973480, 9.902678 ], [ -63.974033, 9.902890 ], [ -63.974445, 9.903285 ], [ -63.974659, 9.903614 ], [ -63.975109, 9.904325 ], [ -63.975842, 9.905251 ], [ -63.976738, 9.906199 ], [ -63.977104, 9.906640 ], [ -63.977493, 9.907125 ], [ -63.977859, 9.907635 ], [ -63.978229, 9.908051 ], [ -63.978596, 9.908492 ], [ -63.979305, 9.909487 ], [ -63.980106, 9.910527 ], [ -63.980564, 9.911084 ], [ -63.981438, 9.912102 ], [ -63.981827, 9.912541 ], [ -63.982620, 9.913385 ], [ -63.983757, 9.916117 ], [ -63.983421, 9.917751 ], [ -63.983692, 9.919395 ], [ -63.984459, 9.920872 ], [ -63.984947, 9.922474 ], [ -63.985470, 9.924060 ], [ -63.985821, 9.925692 ], [ -63.986008, 9.927348 ], [ -63.986004, 9.929023 ], [ -63.985504, 9.930611 ], [ -63.985035, 9.932214 ], [ -63.984520, 9.933804 ], [ -63.984497, 9.935459 ], [ -63.984272, 9.937113 ], [ -63.983711, 9.938688 ], [ -63.983074, 9.940236 ], [ -63.982986, 9.941895 ], [ -63.983520, 9.943451 ], [ -63.985123, 9.943110 ], [ -63.986591, 9.942288 ], [ -63.988052, 9.941457 ], [ -63.989468, 9.940550 ], [ -63.990852, 9.939595 ], [ -63.992287, 9.938716 ], [ -63.993828, 9.938043 ], [ -63.995476, 9.937729 ], [ -63.997009, 9.937031 ], [ -63.998638, 9.936613 ], [ -64.000244, 9.936099 ], [ -64.000854, 9.936096 ], [ -64.001747, 9.934685 ], [ -64.003235, 9.933943 ], [ -64.004837, 9.934027 ], [ -64.005798, 9.935387 ], [ -64.006554, 9.936871 ], [ -64.007599, 9.938182 ], [ -64.008705, 9.939442 ], [ -64.010086, 9.940402 ], [ -64.011681, 9.940902 ], [ -64.013313, 9.940653 ], [ -64.014778, 9.939817 ], [ -64.015961, 9.938661 ], [ -64.017082, 9.937409 ], [ -64.018250, 9.936227 ], [ -64.019325, 9.934991 ], [ -64.020996, 9.934964 ], [ -64.022621, 9.935398 ], [ -64.024231, 9.935885 ], [ -64.025894, 9.935978 ], [ -64.027519, 9.935537 ], [ -64.029122, 9.935023 ], [ -64.031456, 9.934527 ], [ -64.031738, 9.934373 ], [ -64.032227, 9.934140 ], [ -64.032684, 9.933884 ], [ -64.033241, 9.933605 ], [ -64.033844, 9.933347 ], [ -64.034470, 9.933229 ], [ -64.035049, 9.933294 ], [ -64.035652, 9.933437 ], [ -64.036590, 9.932583 ], [ -64.036354, 9.934994 ], [ -64.035957, 9.938807 ], [ -64.035477, 9.940596 ], [ -64.035614, 9.942069 ], [ -64.036835, 9.943000 ], [ -64.038506, 9.943713 ], [ -64.040039, 9.944562 ], [ -64.041412, 9.945621 ], [ -64.042465, 9.946886 ], [ -64.042885, 9.948474 ], [ -64.043060, 9.950183 ], [ -64.043289, 9.951840 ], [ -64.043457, 9.953506 ], [ -64.043556, 9.955174 ], [ -64.043579, 9.956847 ], [ -64.043488, 9.958519 ], [ -64.043434, 9.960189 ], [ -64.043526, 9.961865 ], [ -64.043732, 9.963528 ], [ -64.044167, 9.965133 ], [ -64.044815, 9.966683 ], [ -64.045441, 9.968241 ], [ -64.045929, 9.969852 ], [ -64.046318, 9.971491 ], [ -64.046433, 9.973134 ], [ -64.046097, 9.974782 ], [ -64.045814, 9.976440 ], [ -64.045608, 9.978107 ], [ -64.045525, 9.979776 ], [ -64.045662, 9.981433 ], [ -64.046249, 9.984737 ], [ -64.046242, 9.985139 ], [ -64.046631, 9.985498 ], [ -64.047051, 9.985794 ], [ -64.047516, 9.986204 ], [ -64.047829, 9.987053 ], [ -64.048370, 9.988612 ], [ -64.048515, 9.989185 ], [ -64.048538, 9.989783 ], [ -64.048798, 9.990217 ], [ -64.049064, 9.990905 ], [ -64.049393, 9.991409 ], [ -64.049835, 9.991842 ], [ -64.050186, 9.992276 ], [ -64.050560, 9.992804 ], [ -64.050796, 9.993284 ], [ -64.051033, 9.993834 ], [ -64.051155, 9.994361 ], [ -64.051300, 9.994912 ], [ -64.051575, 9.995485 ], [ -64.051979, 9.996242 ], [ -64.052307, 9.996675 ], [ -64.052772, 9.996971 ], [ -64.053307, 9.997242 ], [ -64.053864, 9.997399 ], [ -64.054497, 9.997510 ], [ -64.055008, 9.997507 ], [ -64.055542, 9.997525 ], [ -64.056168, 9.997751 ], [ -64.056748, 9.997909 ], [ -64.057258, 9.998113 ], [ -64.057678, 9.998501 ], [ -64.058121, 9.998957 ], [ -64.058563, 9.999298 ], [ -64.059013, 9.999779 ], [ -64.059258, 10.000082 ], [ -64.059486, 10.000330 ], [ -64.059860, 10.000674 ], [ -64.059952, 10.001180 ], [ -64.060211, 10.002053 ], [ -64.060371, 10.002695 ], [ -64.060608, 10.003247 ], [ -64.060982, 10.004349 ], [ -64.061119, 10.004948 ], [ -64.061287, 10.006326 ], [ -64.061386, 10.006878 ], [ -64.061409, 10.007406 ], [ -64.061455, 10.008118 ], [ -64.061432, 10.008762 ], [ -64.061294, 10.009428 ], [ -64.061066, 10.010004 ], [ -64.060722, 10.010488 ], [ -64.060417, 10.010993 ], [ -64.060211, 10.011454 ], [ -64.060028, 10.012006 ], [ -64.059791, 10.012465 ], [ -64.059517, 10.012972 ], [ -64.059128, 10.014191 ], [ -64.058945, 10.014973 ], [ -64.058899, 10.015478 ], [ -64.058784, 10.016029 ], [ -64.058601, 10.016673 ], [ -64.058296, 10.017365 ], [ -64.058090, 10.017962 ], [ -64.057953, 10.018491 ], [ -64.057770, 10.019066 ], [ -64.057632, 10.019754 ], [ -64.057427, 10.020974 ], [ -64.057289, 10.021503 ], [ -64.057175, 10.022147 ], [ -64.057106, 10.022767 ], [ -64.056946, 10.023319 ], [ -64.056786, 10.023940 ], [ -64.056671, 10.024539 ], [ -64.056366, 10.025113 ], [ -64.056114, 10.025849 ], [ -64.055862, 10.026516 ], [ -64.055771, 10.027114 ], [ -64.055679, 10.027826 ], [ -64.055565, 10.028539 ], [ -64.055199, 10.029874 ], [ -64.055107, 10.030401 ], [ -64.055130, 10.031023 ], [ -64.055038, 10.031666 ], [ -64.054993, 10.032196 ], [ -64.054993, 10.032746 ], [ -64.054970, 10.033320 ], [ -64.055000, 10.033988 ], [ -64.054909, 10.034770 ], [ -64.054558, 10.035460 ], [ -64.054512, 10.035966 ], [ -64.054725, 10.037022 ], [ -64.054916, 10.037734 ], [ -64.055122, 10.038262 ], [ -64.055451, 10.038975 ], [ -64.055687, 10.039617 ], [ -64.055969, 10.040306 ], [ -64.056290, 10.040996 ], [ -64.056641, 10.041524 ], [ -64.057320, 10.042511 ], [ -64.057900, 10.043428 ], [ -64.058273, 10.043957 ], [ -64.058647, 10.044415 ], [ -64.058975, 10.044896 ], [ -64.059281, 10.045311 ], [ -64.059746, 10.045978 ], [ -64.060066, 10.046389 ], [ -64.060532, 10.046940 ], [ -64.060906, 10.047352 ], [ -64.061279, 10.047927 ], [ -64.061493, 10.048501 ], [ -64.061653, 10.049420 ], [ -64.061707, 10.050156 ], [ -64.061661, 10.050661 ], [ -64.061546, 10.051397 ], [ -64.061325, 10.052592 ], [ -64.060944, 10.053223 ], [ -64.060509, 10.053776 ], [ -64.060074, 10.054237 ], [ -64.059403, 10.054628 ], [ -64.058937, 10.054912 ], [ -64.058388, 10.055193 ], [ -64.057762, 10.055449 ], [ -64.057182, 10.055658 ], [ -64.056519, 10.055851 ], [ -64.055862, 10.055852 ], [ -64.054481, 10.056182 ], [ -64.053856, 10.056257 ], [ -64.053154, 10.056358 ], [ -64.052551, 10.056360 ], [ -64.050697, 10.054418 ], [ -64.049957, 10.054419 ], [ -64.049400, 10.054332 ], [ -64.048904, 10.054124 ], [ -64.048332, 10.054017 ], [ -64.047730, 10.053974 ], [ -64.046959, 10.053778 ], [ -64.046425, 10.053616 ], [ -64.045708, 10.053375 ], [ -64.045219, 10.053150 ], [ -64.044701, 10.052872 ], [ -64.044167, 10.052629 ], [ -64.043610, 10.052288 ], [ -64.042984, 10.052018 ], [ -64.042488, 10.051722 ], [ -64.041908, 10.051397 ], [ -64.041397, 10.051082 ], [ -64.040977, 10.050694 ], [ -64.040153, 10.049902 ], [ -64.039574, 10.049623 ], [ -64.039017, 10.049444 ], [ -64.038506, 10.049129 ], [ -64.037918, 10.048815 ], [ -64.037430, 10.048581 ], [ -64.036804, 10.048311 ], [ -64.036369, 10.047046 ], [ -64.034836, 10.046108 ], [ -64.034325, 10.045821 ], [ -64.033226, 10.045156 ], [ -64.032600, 10.044842 ], [ -64.032081, 10.044643 ], [ -64.031433, 10.044320 ], [ -64.030807, 10.044078 ], [ -64.030296, 10.043917 ], [ -64.029762, 10.043919 ], [ -64.029228, 10.043884 ], [ -64.028694, 10.043768 ], [ -64.028114, 10.043797 ], [ -64.027046, 10.043944 ], [ -64.026420, 10.043875 ], [ -64.025215, 10.043634 ], [ -64.024727, 10.043383 ], [ -64.024193, 10.043276 ], [ -64.023636, 10.043097 ], [ -64.022797, 10.042919 ], [ -64.021683, 10.042741 ], [ -64.020866, 10.042653 ], [ -64.020195, 10.042546 ], [ -64.019455, 10.042368 ], [ -64.018524, 10.042208 ], [ -64.017944, 10.042011 ], [ -64.017357, 10.041787 ], [ -64.016266, 10.041401 ], [ -64.015709, 10.041222 ], [ -64.015106, 10.040998 ], [ -64.014572, 10.040927 ], [ -64.013992, 10.040838 ], [ -64.013435, 10.040895 ], [ -64.012878, 10.040878 ], [ -64.012321, 10.040834 ], [ -64.011741, 10.040836 ], [ -64.011208, 10.040910 ], [ -64.010651, 10.040956 ], [ -64.010048, 10.040959 ], [ -64.009491, 10.041015 ], [ -64.008911, 10.041135 ], [ -64.008385, 10.041225 ], [ -64.007805, 10.041372 ], [ -64.007179, 10.041447 ], [ -64.006645, 10.041566 ], [ -64.006111, 10.041495 ], [ -64.005157, 10.040883 ], [ -63.982925, 10.041153 ], [ -63.978840, 10.047257 ], [ -63.978169, 10.047378 ], [ -63.976967, 10.047652 ], [ -63.976185, 10.047853 ], [ -63.975514, 10.047981 ], [ -63.974938, 10.048155 ], [ -63.974384, 10.048257 ], [ -63.973808, 10.048449 ], [ -63.973255, 10.048532 ], [ -63.972748, 10.048723 ], [ -63.972217, 10.048941 ], [ -63.971111, 10.049260 ], [ -63.970379, 10.049552 ], [ -63.969803, 10.049807 ], [ -63.969227, 10.049981 ], [ -63.968651, 10.050137 ], [ -63.968006, 10.050256 ], [ -63.967312, 10.050429 ], [ -63.966091, 10.050803 ], [ -63.965538, 10.050951 ], [ -63.964939, 10.051141 ], [ -63.963669, 10.051444 ], [ -63.961865, 10.051684 ], [ -63.961289, 10.051831 ], [ -63.960621, 10.051914 ], [ -63.960041, 10.052014 ], [ -63.959278, 10.052116 ], [ -63.958538, 10.052200 ], [ -63.958008, 10.052283 ], [ -63.957382, 10.052366 ], [ -63.956665, 10.052495 ], [ -63.956066, 10.052551 ], [ -63.955303, 10.052698 ], [ -63.954701, 10.052710 ], [ -63.954125, 10.052883 ], [ -63.951675, 10.057074 ], [ -63.951267, 10.057564 ], [ -63.951046, 10.058052 ], [ -63.950943, 10.058632 ], [ -63.950932, 10.059184 ], [ -63.951038, 10.059798 ], [ -63.951111, 10.061019 ], [ -63.951214, 10.061570 ], [ -63.951633, 10.062617 ], [ -63.951924, 10.063159 ], [ -63.952328, 10.063756 ], [ -63.952595, 10.064207 ], [ -63.953026, 10.064838 ], [ -63.953457, 10.065542 ], [ -63.953793, 10.065948 ], [ -63.954170, 10.066363 ], [ -63.954555, 10.066905 ], [ -63.954910, 10.067328 ], [ -63.954952, 10.068088 ], [ -63.954964, 10.068667 ], [ -63.954792, 10.069246 ], [ -63.954571, 10.069754 ], [ -63.954281, 10.070333 ], [ -63.954060, 10.070823 ], [ -63.953815, 10.071283 ], [ -63.953571, 10.071817 ], [ -63.953327, 10.072325 ], [ -63.952888, 10.073412 ], [ -63.952633, 10.074470 ], [ -63.952644, 10.075023 ], [ -63.952858, 10.076261 ], [ -63.953007, 10.076784 ], [ -63.953114, 10.077498 ], [ -63.953316, 10.078276 ], [ -63.953541, 10.078917 ], [ -63.953762, 10.079441 ], [ -63.953934, 10.079983 ], [ -63.957600, 10.081961 ], [ -63.957779, 10.082575 ], [ -63.957916, 10.083366 ], [ -63.957947, 10.083986 ], [ -63.957794, 10.084730 ], [ -63.957489, 10.085203 ], [ -63.956989, 10.085937 ], [ -63.956612, 10.086300 ], [ -63.956051, 10.087060 ], [ -63.955650, 10.087492 ], [ -63.954369, 10.087685 ], [ -63.953663, 10.087996 ], [ -63.953091, 10.088178 ], [ -63.952000, 10.088687 ], [ -63.951294, 10.088969 ], [ -63.950680, 10.089233 ], [ -63.949902, 10.089471 ], [ -63.949375, 10.089653 ], [ -63.948776, 10.089772 ], [ -63.948158, 10.089919 ], [ -63.946526, 10.090267 ], [ -63.945557, 10.090396 ], [ -63.944866, 10.090498 ], [ -63.943985, 10.090582 ], [ -63.943409, 10.090656 ], [ -63.942737, 10.090685 ], [ -63.942139, 10.090777 ], [ -63.941559, 10.090760 ], [ -63.940906, 10.090763 ], [ -63.940300, 10.090718 ], [ -63.939613, 10.090431 ], [ -63.938999, 10.090136 ], [ -63.936855, 10.089445 ], [ -63.936096, 10.089139 ], [ -63.935532, 10.088933 ], [ -63.934380, 10.088593 ], [ -63.933769, 10.088432 ], [ -63.933014, 10.088162 ], [ -63.932472, 10.088028 ], [ -63.931843, 10.087966 ], [ -63.931145, 10.087924 ], [ -63.930359, 10.088007 ], [ -63.929394, 10.088164 ], [ -63.928383, 10.088438 ], [ -63.927692, 10.088584 ], [ -63.927193, 10.088794 ], [ -63.925381, 10.089794 ], [ -63.924637, 10.090257 ], [ -63.924030, 10.090701 ], [ -63.923538, 10.091092 ], [ -63.922996, 10.091436 ], [ -63.922455, 10.091755 ], [ -63.921749, 10.092110 ], [ -63.920574, 10.092764 ], [ -63.919121, 10.093519 ], [ -63.918373, 10.093892 ], [ -63.917557, 10.094274 ], [ -63.916348, 10.094739 ], [ -63.915707, 10.095003 ], [ -63.915112, 10.095167 ], [ -63.914070, 10.095233 ], [ -63.913139, 10.095200 ], [ -63.912560, 10.095138 ], [ -63.912025, 10.095140 ], [ -63.911396, 10.095096 ], [ -63.910557, 10.094998 ], [ -63.909763, 10.094938 ], [ -63.908714, 10.094795 ], [ -63.907688, 10.094708 ], [ -63.905865, 10.094415 ], [ -63.904957, 10.094408 ], [ -63.904129, 10.094564 ], [ -63.903420, 10.094729 ], [ -63.902660, 10.094931 ], [ -63.900715, 10.095541 ], [ -63.899139, 10.096097 ], [ -63.898182, 10.096506 ], [ -63.897476, 10.096788 ], [ -63.896908, 10.096998 ], [ -63.896130, 10.097263 ], [ -63.895264, 10.097645 ], [ -63.894402, 10.098090 ], [ -63.893791, 10.098417 ], [ -63.893024, 10.098889 ], [ -63.892345, 10.099244 ], [ -63.891552, 10.099672 ], [ -63.890369, 10.100254 ], [ -63.889622, 10.100654 ], [ -63.888439, 10.101181 ], [ -63.887802, 10.101445 ], [ -63.887073, 10.101773 ], [ -63.886570, 10.101982 ], [ -63.885773, 10.102265 ], [ -63.885269, 10.102428 ], [ -63.884243, 10.102838 ], [ -63.883602, 10.103075 ], [ -63.883125, 10.103285 ], [ -63.882626, 10.103466 ], [ -63.882027, 10.103632 ], [ -63.881042, 10.103878 ], [ -63.880284, 10.104096 ], [ -63.879139, 10.104444 ], [ -63.878475, 10.104635 ], [ -63.877907, 10.104862 ], [ -63.877335, 10.105027 ], [ -63.876758, 10.105146 ], [ -63.876267, 10.105183 ], [ -63.875427, 10.105231 ], [ -63.874889, 10.105178 ], [ -63.874336, 10.105225 ], [ -63.873715, 10.105371 ], [ -63.873009, 10.105654 ], [ -63.872509, 10.105926 ], [ -63.871834, 10.106327 ], [ -63.871330, 10.106553 ], [ -63.870583, 10.106935 ], [ -63.869472, 10.107535 ], [ -63.868797, 10.107953 ], [ -63.868229, 10.108253 ], [ -63.866985, 10.108446 ], [ -63.865616, 10.108513 ], [ -63.864944, 10.108515 ], [ -63.863972, 10.108535 ], [ -63.862343, 10.108494 ], [ -63.861786, 10.108423 ], [ -63.861015, 10.108389 ], [ -63.860062, 10.108293 ], [ -63.859459, 10.108321 ], [ -63.858696, 10.108396 ], [ -63.857796, 10.108533 ], [ -63.856762, 10.108736 ], [ -63.855450, 10.108974 ], [ -63.854900, 10.109138 ], [ -63.854210, 10.109330 ], [ -63.853638, 10.109512 ], [ -63.853092, 10.109748 ], [ -63.852589, 10.109931 ], [ -63.852112, 10.110158 ], [ -63.851452, 10.110394 ], [ -63.850857, 10.110577 ], [ -63.850273, 10.110534 ], [ -63.849579, 10.110517 ], [ -63.848671, 10.110538 ], [ -63.847103, 10.110696 ], [ -63.846333, 10.110661 ], [ -63.845516, 10.110564 ], [ -63.844814, 10.110431 ], [ -63.844204, 10.110295 ], [ -63.843407, 10.110145 ], [ -63.842823, 10.110056 ], [ -63.842148, 10.109975 ], [ -63.841267, 10.109987 ], [ -63.840240, 10.109890 ], [ -63.839703, 10.109829 ], [ -63.838978, 10.109721 ], [ -63.838161, 10.109615 ], [ -63.837505, 10.109508 ], [ -63.836823, 10.109302 ], [ -63.836266, 10.109240 ], [ -63.834896, 10.109298 ], [ -63.834042, 10.109382 ], [ -63.832821, 10.109529 ], [ -63.832290, 10.109639 ], [ -63.830574, 10.110222 ], [ -63.829456, 10.110640 ], [ -63.828774, 10.110941 ], [ -63.828278, 10.111240 ], [ -63.827515, 10.111831 ], [ -63.827114, 10.112165 ], [ -63.826591, 10.112421 ], [ -63.825924, 10.112585 ], [ -63.824730, 10.112895 ], [ -63.824188, 10.112753 ], [ -63.822369, 10.110992 ], [ -63.821979, 10.110551 ], [ -63.821583, 10.110064 ], [ -63.821140, 10.109486 ], [ -63.820698, 10.108972 ], [ -63.820282, 10.108466 ], [ -63.819816, 10.107980 ], [ -63.819275, 10.107746 ], [ -63.817890, 10.107441 ], [ -63.817238, 10.107352 ], [ -63.816658, 10.107354 ], [ -63.815983, 10.107383 ], [ -63.815044, 10.107630 ], [ -63.814518, 10.107821 ], [ -63.813820, 10.108238 ], [ -63.812855, 10.108992 ], [ -63.812229, 10.109571 ], [ -63.811764, 10.110052 ], [ -63.811279, 10.110578 ], [ -63.810772, 10.111176 ], [ -63.810074, 10.112173 ], [ -63.809792, 10.112625 ], [ -63.809239, 10.113703 ], [ -63.808903, 10.114481 ], [ -63.808766, 10.114987 ], [ -63.808632, 10.115712 ], [ -63.808617, 10.116354 ], [ -63.808647, 10.117023 ], [ -63.808739, 10.117565 ], [ -63.808792, 10.118163 ], [ -63.808865, 10.118740 ], [ -63.808922, 10.119492 ], [ -63.809048, 10.120205 ], [ -63.809193, 10.120865 ], [ -63.809273, 10.121597 ], [ -63.809261, 10.122376 ], [ -63.809135, 10.123163 ], [ -63.808998, 10.123751 ], [ -63.808727, 10.124403 ], [ -63.808334, 10.124947 ], [ -63.807983, 10.125400 ], [ -63.807388, 10.126142 ], [ -63.806133, 10.127619 ], [ -63.805691, 10.128126 ], [ -63.804630, 10.129277 ], [ -63.804234, 10.129730 ], [ -63.803681, 10.130329 ], [ -63.803238, 10.130855 ], [ -63.802750, 10.131353 ], [ -63.802216, 10.131816 ], [ -63.800861, 10.133141 ], [ -63.800281, 10.133675 ], [ -63.799789, 10.134110 ], [ -63.799366, 10.134500 ], [ -63.798714, 10.134981 ], [ -63.798042, 10.135497 ], [ -63.797344, 10.135987 ], [ -63.796646, 10.136496 ], [ -63.795971, 10.136968 ], [ -63.795456, 10.137404 ], [ -63.795033, 10.137748 ], [ -63.794521, 10.138247 ], [ -63.794037, 10.138827 ], [ -63.793686, 10.139271 ], [ -63.793457, 10.139859 ], [ -63.793297, 10.140438 ], [ -63.793232, 10.141044 ], [ -63.793140, 10.141579 ], [ -63.793095, 10.142102 ], [ -63.793057, 10.142754 ], [ -63.793259, 10.144173 ], [ -63.793320, 10.144996 ], [ -63.793427, 10.145819 ], [ -63.793530, 10.146596 ], [ -63.793659, 10.147374 ], [ -63.793690, 10.148088 ], [ -63.793674, 10.148405 ], [ -63.793655, 10.148803 ], [ -63.793518, 10.149355 ], [ -63.792946, 10.150603 ], [ -63.792564, 10.151356 ], [ -63.792210, 10.151809 ], [ -63.791836, 10.152217 ], [ -63.791435, 10.152625 ], [ -63.790962, 10.152968 ], [ -63.790314, 10.153478 ], [ -63.789188, 10.154267 ], [ -63.788715, 10.154556 ], [ -63.786499, 10.155856 ], [ -63.785957, 10.156219 ], [ -63.785606, 10.156627 ], [ -63.785255, 10.157152 ], [ -63.784977, 10.157597 ], [ -63.784596, 10.158421 ], [ -63.784275, 10.159008 ], [ -63.783833, 10.159534 ], [ -63.783295, 10.159906 ], [ -63.782718, 10.160016 ], [ -63.782067, 10.160027 ], [ -63.781414, 10.159920 ], [ -63.780823, 10.159713 ], [ -63.780277, 10.159460 ], [ -63.779453, 10.159219 ], [ -63.778637, 10.159112 ], [ -63.778053, 10.159023 ], [ -63.777264, 10.159060 ], [ -63.776688, 10.159135 ], [ -63.775398, 10.159373 ], [ -63.774666, 10.159637 ], [ -63.774101, 10.159955 ], [ -63.773704, 10.160363 ], [ -63.773132, 10.161078 ], [ -63.772903, 10.161667 ], [ -63.772770, 10.162364 ], [ -63.772755, 10.163051 ], [ -63.772762, 10.163674 ], [ -63.772793, 10.164380 ], [ -63.772984, 10.165457 ], [ -63.773006, 10.165989 ], [ -63.773014, 10.166676 ], [ -63.772995, 10.167256 ], [ -63.772995, 10.167780 ], [ -63.773022, 10.168422 ], [ -63.773029, 10.169046 ], [ -63.773056, 10.169643 ], [ -63.772991, 10.170285 ], [ -63.772816, 10.171036 ], [ -63.772659, 10.171660 ], [ -63.772545, 10.172240 ], [ -63.772385, 10.172800 ], [ -63.772232, 10.173497 ], [ -63.771812, 10.174963 ], [ -63.771519, 10.175734 ], [ -63.770893, 10.177236 ], [ -63.770439, 10.178042 ], [ -63.770119, 10.178675 ], [ -63.769818, 10.179147 ], [ -63.769447, 10.179690 ], [ -63.769116, 10.180098 ], [ -63.768650, 10.180578 ], [ -63.768204, 10.180968 ], [ -63.767643, 10.181358 ], [ -63.767010, 10.181776 ], [ -63.766445, 10.182121 ], [ -63.765743, 10.182497 ], [ -63.764473, 10.183105 ], [ -63.763763, 10.183366 ], [ -63.763004, 10.183546 ], [ -63.761898, 10.183723 ], [ -63.761242, 10.183571 ], [ -63.760746, 10.183358 ], [ -63.760224, 10.183151 ], [ -63.759720, 10.182828 ], [ -63.759079, 10.182446 ], [ -63.758621, 10.182139 ], [ -63.758076, 10.181817 ], [ -63.757530, 10.181611 ], [ -63.756889, 10.181293 ], [ -63.756191, 10.181278 ], [ -63.755501, 10.181354 ], [ -63.754913, 10.181380 ], [ -63.754345, 10.181472 ], [ -63.752957, 10.181810 ], [ -63.751820, 10.182158 ], [ -63.751316, 10.182295 ], [ -63.749676, 10.182805 ], [ -63.749119, 10.182942 ], [ -63.748547, 10.183150 ], [ -63.747856, 10.183342 ], [ -63.747082, 10.183630 ], [ -63.745480, 10.184181 ], [ -63.744866, 10.184414 ], [ -63.744133, 10.184677 ], [ -63.743519, 10.184958 ], [ -63.742901, 10.185307 ], [ -63.742569, 10.185481 ], [ -63.741867, 10.185878 ], [ -63.741138, 10.186257 ], [ -63.740509, 10.186616 ], [ -63.739849, 10.186978 ], [ -63.738510, 10.187638 ], [ -63.737850, 10.187940 ], [ -63.736572, 10.188478 ], [ -63.735432, 10.188920 ], [ -63.734608, 10.189211 ], [ -63.733902, 10.189448 ], [ -63.733379, 10.189675 ], [ -63.732124, 10.190167 ], [ -63.731644, 10.190371 ], [ -63.730992, 10.190566 ], [ -63.730522, 10.190722 ], [ -63.729973, 10.190859 ], [ -63.729328, 10.190978 ], [ -63.728287, 10.191091 ], [ -63.727509, 10.191116 ], [ -63.726708, 10.191113 ], [ -63.725391, 10.191267 ], [ -63.724609, 10.191368 ], [ -63.723915, 10.191443 ], [ -63.723339, 10.191562 ], [ -63.722862, 10.191763 ], [ -63.722412, 10.192082 ], [ -63.721020, 10.193203 ], [ -63.719963, 10.193938 ], [ -63.719448, 10.194328 ], [ -63.718975, 10.194646 ], [ -63.718437, 10.195063 ], [ -63.717495, 10.195815 ], [ -63.716999, 10.196134 ], [ -63.716476, 10.196434 ], [ -63.715828, 10.196767 ], [ -63.714428, 10.197327 ], [ -63.714100, 10.197438 ], [ -63.713215, 10.197725 ], [ -63.711681, 10.198161 ], [ -63.709980, 10.198555 ], [ -63.709198, 10.198728 ], [ -63.707543, 10.199051 ], [ -63.706642, 10.199230 ], [ -63.704498, 10.199579 ], [ -63.703689, 10.199635 ], [ -63.702366, 10.199692 ], [ -63.699753, 10.199870 ], [ -63.699177, 10.199965 ], [ -63.698578, 10.200107 ], [ -63.698078, 10.200334 ], [ -63.697452, 10.200644 ], [ -63.696922, 10.200937 ], [ -63.696224, 10.201427 ], [ -63.695660, 10.201883 ], [ -63.695175, 10.202323 ], [ -63.694931, 10.202511 ], [ -63.694389, 10.202956 ], [ -63.693710, 10.202869 ], [ -63.692967, 10.202860 ], [ -63.691738, 10.203162 ], [ -63.690857, 10.203479 ], [ -63.690403, 10.203661 ], [ -63.689697, 10.204009 ], [ -63.689316, 10.204311 ], [ -63.688980, 10.204606 ], [ -63.688229, 10.205339 ], [ -63.686573, 10.206770 ], [ -63.685875, 10.207260 ], [ -63.684723, 10.207932 ], [ -63.684051, 10.208274 ], [ -63.683563, 10.208507 ], [ -63.682266, 10.209095 ], [ -63.681683, 10.209290 ], [ -63.680851, 10.209596 ], [ -63.679676, 10.210092 ], [ -63.679054, 10.210388 ], [ -63.678734, 10.210558 ], [ -63.678211, 10.210858 ], [ -63.677578, 10.211185 ], [ -63.676922, 10.211556 ], [ -63.676354, 10.211856 ], [ -63.675808, 10.212132 ], [ -63.675220, 10.212456 ], [ -63.674675, 10.212782 ], [ -63.674179, 10.213055 ], [ -63.673408, 10.213527 ], [ -63.672756, 10.213897 ], [ -63.671761, 10.214516 ], [ -63.671288, 10.214834 ], [ -63.670517, 10.215327 ], [ -63.669613, 10.215826 ], [ -63.669113, 10.216078 ], [ -63.668366, 10.216524 ], [ -63.667889, 10.216776 ], [ -63.667274, 10.217066 ], [ -63.666733, 10.217357 ], [ -63.666096, 10.217684 ], [ -63.665436, 10.218010 ], [ -63.664394, 10.218558 ], [ -63.663826, 10.218838 ], [ -63.663216, 10.219186 ], [ -63.662647, 10.219463 ], [ -63.661877, 10.219890 ], [ -63.660580, 10.220499 ], [ -63.659897, 10.220780 ], [ -63.659374, 10.220983 ], [ -63.658161, 10.221474 ], [ -63.657089, 10.221845 ], [ -63.656536, 10.221980 ], [ -63.655460, 10.222281 ], [ -63.654243, 10.222609 ], [ -63.653576, 10.222774 ], [ -63.653027, 10.222892 ], [ -63.652496, 10.222957 ], [ -63.651756, 10.223104 ], [ -63.650997, 10.223230 ], [ -63.649658, 10.223378 ], [ -63.649036, 10.223497 ], [ -63.648411, 10.223598 ], [ -63.647652, 10.223743 ], [ -63.646961, 10.223863 ], [ -63.646435, 10.224027 ], [ -63.645863, 10.224191 ], [ -63.644768, 10.224672 ], [ -63.644241, 10.224854 ], [ -63.643219, 10.225272 ], [ -63.642624, 10.225499 ], [ -63.641506, 10.225963 ], [ -63.640980, 10.226127 ], [ -63.640381, 10.226245 ], [ -63.639782, 10.226292 ], [ -63.639217, 10.226220 ], [ -63.638412, 10.225797 ], [ -63.637383, 10.225176 ], [ -63.636646, 10.224770 ], [ -63.635883, 10.224292 ], [ -63.635307, 10.223904 ], [ -63.634331, 10.223327 ], [ -63.633728, 10.222867 ], [ -63.633221, 10.222452 ], [ -63.632786, 10.222082 ], [ -63.632069, 10.221604 ], [ -63.630669, 10.220928 ], [ -63.629818, 10.220595 ], [ -63.628475, 10.220155 ], [ -63.627956, 10.220011 ], [ -63.626095, 10.219427 ], [ -63.625134, 10.219167 ], [ -63.624405, 10.218987 ], [ -63.622436, 10.218594 ], [ -63.620899, 10.218497 ], [ -63.620251, 10.218507 ], [ -63.619602, 10.218535 ], [ -63.618889, 10.218744 ], [ -63.618229, 10.219008 ], [ -63.617615, 10.219280 ], [ -63.617088, 10.219490 ], [ -63.616516, 10.219699 ], [ -63.615898, 10.219890 ], [ -63.615394, 10.220026 ], [ -63.614865, 10.220118 ], [ -63.614216, 10.220164 ], [ -63.613472, 10.220129 ], [ -63.612751, 10.220068 ], [ -63.612118, 10.219960 ], [ -63.611508, 10.219825 ], [ -63.610290, 10.219602 ], [ -63.609707, 10.219576 ], [ -63.608894, 10.219568 ], [ -63.608318, 10.219660 ], [ -63.607651, 10.219778 ], [ -63.607006, 10.219924 ], [ -63.606365, 10.220089 ], [ -63.605747, 10.220297 ], [ -63.604515, 10.220742 ], [ -63.603798, 10.220843 ], [ -63.602516, 10.220406 ], [ -63.600311, 10.220022 ], [ -63.598358, 10.218807 ], [ -63.596771, 10.217017 ], [ -63.596115, 10.215201 ], [ -63.595734, 10.212323 ], [ -63.595146, 10.210461 ], [ -63.594696, 10.208182 ], [ -63.594017, 10.206435 ], [ -63.593273, 10.205540 ], [ -63.592457, 10.204459 ], [ -63.589290, 10.202283 ], [ -63.587734, 10.201435 ], [ -63.585316, 10.200615 ], [ -63.584133, 10.200435 ], [ -63.582668, 10.200279 ], [ -63.580631, 10.201967 ], [ -63.579922, 10.202614 ], [ -63.579407, 10.203075 ], [ -63.577835, 10.204693 ], [ -63.575031, 10.206153 ], [ -63.573662, 10.206136 ], [ -63.569248, 10.204860 ], [ -63.567322, 10.205144 ], [ -63.565628, 10.205425 ], [ -63.563988, 10.207365 ], [ -63.562649, 10.209833 ], [ -63.561561, 10.211805 ], [ -63.560482, 10.213801 ], [ -63.558262, 10.216479 ], [ -63.557499, 10.217565 ], [ -63.557362, 10.217802 ], [ -63.556854, 10.218673 ], [ -63.556626, 10.219825 ], [ -63.556213, 10.221415 ], [ -63.555687, 10.224272 ], [ -63.555576, 10.225677 ], [ -63.555763, 10.226367 ], [ -63.556046, 10.227333 ], [ -63.556145, 10.228784 ], [ -63.555245, 10.230307 ], [ -63.554596, 10.230953 ], [ -63.553554, 10.232084 ], [ -63.553215, 10.233699 ], [ -63.553429, 10.235240 ], [ -63.554153, 10.237402 ], [ -63.554481, 10.238621 ], [ -63.554909, 10.240830 ], [ -63.554752, 10.242281 ], [ -63.553833, 10.244039 ], [ -63.553234, 10.243987 ], [ -63.553192, 10.244611 ], [ -63.553169, 10.245290 ], [ -63.552902, 10.245379 ], [ -63.552399, 10.245588 ], [ -63.551475, 10.245988 ], [ -63.551056, 10.246198 ], [ -63.550423, 10.246551 ], [ -63.549763, 10.246878 ], [ -63.548309, 10.247630 ], [ -63.547695, 10.247903 ], [ -63.547199, 10.248184 ], [ -63.546627, 10.248438 ], [ -63.546062, 10.248711 ], [ -63.545540, 10.248992 ], [ -63.544994, 10.249246 ], [ -63.544472, 10.249573 ], [ -63.543983, 10.250043 ], [ -63.543335, 10.250623 ], [ -63.542984, 10.251077 ], [ -63.542686, 10.251692 ], [ -63.542461, 10.252388 ], [ -63.542442, 10.253013 ], [ -63.542305, 10.253519 ], [ -63.542122, 10.254125 ], [ -63.541966, 10.254805 ], [ -63.541897, 10.255329 ], [ -63.541897, 10.255872 ], [ -63.541950, 10.257020 ], [ -63.542183, 10.258086 ], [ -63.542370, 10.258611 ], [ -63.542465, 10.259208 ], [ -63.542656, 10.259840 ], [ -63.542934, 10.260310 ], [ -63.543510, 10.261231 ], [ -63.543957, 10.261900 ], [ -63.544422, 10.262433 ], [ -63.545036, 10.263165 ], [ -63.545311, 10.263661 ], [ -63.545738, 10.264357 ], [ -63.546215, 10.265106 ], [ -63.546608, 10.265586 ], [ -63.546886, 10.266172 ], [ -63.547176, 10.266896 ], [ -63.547413, 10.267529 ], [ -63.547581, 10.268143 ], [ -63.547684, 10.268893 ], [ -63.547710, 10.269508 ], [ -63.547604, 10.270251 ], [ -63.547508, 10.270757 ], [ -63.547260, 10.271419 ], [ -63.546986, 10.272007 ], [ -63.546574, 10.272685 ], [ -63.545918, 10.273282 ], [ -63.545063, 10.274160 ], [ -63.543999, 10.274739 ], [ -63.542702, 10.276103 ], [ -63.541893, 10.277279 ], [ -63.541221, 10.277904 ], [ -63.540409, 10.278068 ], [ -63.539272, 10.277864 ], [ -63.537418, 10.279044 ], [ -63.536446, 10.279922 ], [ -63.535313, 10.280870 ], [ -63.534317, 10.282278 ], [ -63.533581, 10.283593 ], [ -63.533074, 10.284425 ], [ -63.532658, 10.284908 ], [ -63.531612, 10.285349 ], [ -63.530708, 10.285745 ], [ -63.529247, 10.286786 ], [ -63.528393, 10.287848 ], [ -63.527931, 10.288562 ], [ -63.527516, 10.289230 ], [ -63.526520, 10.289879 ], [ -63.525105, 10.290460 ], [ -63.523762, 10.291201 ], [ -63.522789, 10.291780 ], [ -63.521538, 10.292636 ], [ -63.520542, 10.293191 ], [ -63.517559, 10.293699 ], [ -63.515438, 10.294659 ], [ -63.514835, 10.295421 ], [ -63.513939, 10.297035 ], [ -63.513985, 10.297704 ], [ -63.512920, 10.298696 ], [ -63.511921, 10.298792 ], [ -63.510135, 10.298705 ], [ -63.508926, 10.298778 ], [ -63.507835, 10.298643 ], [ -63.506279, 10.298234 ], [ -63.505097, 10.298469 ], [ -63.504051, 10.298586 ], [ -63.502892, 10.298821 ], [ -63.501614, 10.298594 ], [ -63.500500, 10.298782 ], [ -63.499966, 10.298783 ], [ -63.499325, 10.298880 ], [ -63.498459, 10.299089 ], [ -63.497738, 10.299326 ], [ -63.497246, 10.299507 ], [ -63.496056, 10.299826 ], [ -63.494843, 10.300189 ], [ -63.493069, 10.300691 ], [ -63.492531, 10.300862 ], [ -63.492039, 10.301008 ], [ -63.491249, 10.301217 ], [ -63.490185, 10.301789 ], [ -63.489708, 10.302178 ], [ -63.489258, 10.302577 ], [ -63.488789, 10.303103 ], [ -63.488483, 10.303691 ], [ -63.488228, 10.304269 ], [ -63.488060, 10.304831 ], [ -63.487633, 10.306541 ], [ -63.487446, 10.307101 ], [ -63.487164, 10.307708 ], [ -63.486858, 10.308224 ], [ -63.486504, 10.308695 ], [ -63.486050, 10.309102 ], [ -63.485508, 10.309464 ], [ -63.484982, 10.309692 ], [ -63.484379, 10.309783 ], [ -63.483776, 10.309802 ], [ -63.483177, 10.309894 ], [ -63.482552, 10.310002 ], [ -63.480778, 10.310431 ], [ -63.480228, 10.310585 ], [ -63.478981, 10.310785 ], [ -63.478428, 10.310949 ], [ -63.477901, 10.311195 ], [ -63.477375, 10.311421 ], [ -63.476848, 10.311622 ], [ -63.475658, 10.312093 ], [ -63.475090, 10.312410 ], [ -63.474731, 10.312891 ], [ -63.474617, 10.313560 ], [ -63.474754, 10.314130 ], [ -63.474983, 10.314699 ], [ -63.475258, 10.315241 ], [ -63.475555, 10.315756 ], [ -63.475784, 10.316344 ], [ -63.475689, 10.316951 ], [ -63.475041, 10.317014 ], [ -63.473976, 10.316455 ], [ -63.473435, 10.316194 ], [ -63.472843, 10.315987 ], [ -63.472263, 10.315978 ], [ -63.472095, 10.316521 ], [ -63.471813, 10.317082 ], [ -63.471459, 10.317554 ], [ -63.471062, 10.318115 ], [ -63.470859, 10.318278 ], [ -63.470051, 10.318089 ], [ -63.469219, 10.317936 ], [ -63.468643, 10.317765 ], [ -63.467926, 10.317494 ], [ -63.467194, 10.317117 ], [ -63.466068, 10.316476 ], [ -63.465519, 10.316096 ], [ -63.465061, 10.315808 ], [ -63.464283, 10.315374 ], [ -63.463616, 10.315042 ], [ -63.462971, 10.314617 ], [ -63.462490, 10.314356 ], [ -63.461987, 10.314067 ], [ -63.461479, 10.313850 ], [ -63.460995, 10.313706 ], [ -63.460510, 10.313535 ], [ -63.459888, 10.313274 ], [ -63.459084, 10.312977 ], [ -63.457310, 10.312346 ], [ -63.456596, 10.312103 ], [ -63.456066, 10.311859 ], [ -63.455608, 10.311598 ], [ -63.455242, 10.311358 ], [ -63.454483, 10.310867 ], [ -63.454029, 10.310506 ], [ -63.453690, 10.310135 ], [ -63.453140, 10.309639 ], [ -63.452408, 10.309079 ], [ -63.451908, 10.308655 ], [ -63.451340, 10.308041 ], [ -63.450817, 10.307552 ], [ -63.450386, 10.307037 ], [ -63.450024, 10.306568 ], [ -63.449684, 10.306098 ], [ -63.449299, 10.305682 ], [ -63.448891, 10.305168 ], [ -63.448509, 10.304634 ], [ -63.447472, 10.303144 ], [ -63.447063, 10.302529 ], [ -63.446796, 10.302068 ], [ -63.446480, 10.301490 ], [ -63.446259, 10.301002 ], [ -63.446083, 10.300496 ], [ -63.445759, 10.299429 ], [ -63.445584, 10.298923 ], [ -63.445545, 10.298363 ], [ -63.445488, 10.297720 ], [ -63.445408, 10.297169 ], [ -63.445339, 10.295902 ], [ -63.445328, 10.295323 ], [ -63.445259, 10.294157 ], [ -63.445133, 10.293533 ], [ -63.444889, 10.292928 ], [ -63.444641, 10.292485 ], [ -63.444115, 10.292178 ], [ -63.443584, 10.292051 ], [ -63.442982, 10.292044 ], [ -63.441544, 10.292100 ], [ -63.440243, 10.292075 ], [ -63.439247, 10.291922 ], [ -63.438114, 10.291807 ], [ -63.437443, 10.291772 ], [ -63.436470, 10.291636 ], [ -63.435661, 10.291547 ], [ -63.434551, 10.291341 ], [ -63.433994, 10.291315 ], [ -63.433369, 10.291252 ], [ -63.432533, 10.291144 ], [ -63.431866, 10.291082 ], [ -63.428638, 10.291023 ], [ -63.427387, 10.291043 ], [ -63.426502, 10.291043 ], [ -63.425877, 10.291009 ], [ -63.425320, 10.291019 ], [ -63.424126, 10.291101 ], [ -63.423325, 10.291165 ], [ -63.422020, 10.291303 ], [ -63.421276, 10.291359 ], [ -63.420536, 10.291341 ], [ -63.419167, 10.291362 ], [ -63.418308, 10.291317 ], [ -63.417683, 10.291308 ], [ -63.417030, 10.291409 ], [ -63.416191, 10.291510 ], [ -63.415425, 10.291565 ], [ -63.414730, 10.291566 ], [ -63.414059, 10.291467 ], [ -63.413547, 10.291450 ], [ -63.412327, 10.291108 ], [ -63.411728, 10.290865 ], [ -63.411220, 10.290629 ], [ -63.410290, 10.289663 ], [ -63.410164, 10.289066 ], [ -63.410194, 10.288533 ], [ -63.410301, 10.287899 ], [ -63.410519, 10.287420 ], [ -63.410809, 10.286823 ], [ -63.411076, 10.286298 ], [ -63.411389, 10.285845 ], [ -63.411743, 10.285393 ], [ -63.412056, 10.284967 ], [ -63.412411, 10.284442 ], [ -63.413014, 10.283402 ], [ -63.413277, 10.282968 ], [ -63.413734, 10.282243 ], [ -63.414787, 10.280650 ], [ -63.415196, 10.279998 ], [ -63.416458, 10.278223 ], [ -63.416794, 10.277726 ], [ -63.417153, 10.277255 ], [ -63.417560, 10.276622 ], [ -63.417824, 10.276115 ], [ -63.417999, 10.275635 ], [ -63.418262, 10.275109 ], [ -63.418533, 10.274431 ], [ -63.418873, 10.273699 ], [ -63.419163, 10.273128 ], [ -63.419476, 10.272450 ], [ -63.419743, 10.271924 ], [ -63.420078, 10.271310 ], [ -63.420368, 10.270812 ], [ -63.420658, 10.270242 ], [ -63.420948, 10.269608 ], [ -63.421188, 10.269147 ], [ -63.421600, 10.268467 ], [ -63.421932, 10.267970 ], [ -63.422222, 10.267489 ], [ -63.422581, 10.266947 ], [ -63.422844, 10.266521 ], [ -63.423203, 10.265880 ], [ -63.423428, 10.265218 ], [ -63.423760, 10.264811 ], [ -63.424233, 10.264312 ], [ -63.424683, 10.263886 ], [ -63.425087, 10.263434 ], [ -63.425777, 10.262484 ], [ -63.426113, 10.261913 ], [ -63.426334, 10.261343 ], [ -63.426415, 10.260846 ], [ -63.426426, 10.260313 ], [ -63.426323, 10.259688 ], [ -63.426006, 10.259245 ], [ -63.425293, 10.258957 ], [ -63.423840, 10.258634 ], [ -63.423237, 10.258597 ], [ -63.422470, 10.258671 ], [ -63.421745, 10.258800 ], [ -63.421070, 10.258990 ], [ -63.420322, 10.259254 ], [ -63.418804, 10.259726 ], [ -63.418289, 10.259870 ], [ -63.417007, 10.260198 ], [ -63.416309, 10.260362 ], [ -63.415493, 10.260580 ], [ -63.414795, 10.260744 ], [ -63.413742, 10.261052 ], [ -63.413162, 10.261126 ], [ -63.411095, 10.261201 ], [ -63.409679, 10.261292 ], [ -63.408840, 10.261384 ], [ -63.407257, 10.261630 ], [ -63.406628, 10.261775 ], [ -63.405674, 10.261950 ], [ -63.404907, 10.262068 ], [ -63.404114, 10.262213 ], [ -63.403251, 10.262359 ], [ -63.402622, 10.262477 ], [ -63.401951, 10.262587 ], [ -63.401413, 10.262660 ], [ -63.400765, 10.262724 ], [ -63.400230, 10.262661 ], [ -63.399784, 10.262906 ], [ -63.399353, 10.262482 ], [ -63.398991, 10.262066 ], [ -63.398564, 10.261434 ], [ -63.398113, 10.260710 ], [ -63.397797, 10.260177 ], [ -63.397331, 10.259092 ], [ -63.396923, 10.258739 ], [ -63.396626, 10.257439 ], [ -63.396423, 10.256977 ], [ -63.396320, 10.256352 ], [ -63.396267, 10.255666 ], [ -63.396297, 10.255159 ], [ -63.396313, 10.254517 ], [ -63.396229, 10.253938 ], [ -63.396126, 10.253432 ], [ -63.395973, 10.252944 ], [ -63.395661, 10.252293 ], [ -63.394806, 10.250855 ], [ -63.394493, 10.250368 ], [ -63.394158, 10.249781 ], [ -63.393818, 10.249292 ], [ -63.393432, 10.248850 ], [ -63.393070, 10.248362 ], [ -63.392731, 10.247937 ], [ -63.392280, 10.247404 ], [ -63.391827, 10.246908 ], [ -63.391102, 10.246067 ], [ -63.390690, 10.245643 ], [ -63.390351, 10.245245 ], [ -63.389850, 10.244803 ], [ -63.389347, 10.244405 ], [ -63.388683, 10.243999 ], [ -63.388107, 10.243665 ], [ -63.387581, 10.243376 ], [ -63.386570, 10.242898 ], [ -63.385281, 10.242348 ], [ -63.384617, 10.242032 ], [ -63.383854, 10.241716 ], [ -63.383305, 10.241518 ], [ -63.382752, 10.241347 ], [ -63.382126, 10.241202 ], [ -63.380764, 10.240970 ], [ -63.379608, 10.240763 ], [ -63.377731, 10.240584 ], [ -63.377037, 10.240566 ], [ -63.376385, 10.240622 ], [ -63.375805, 10.240641 ], [ -63.373970, 10.240669 ], [ -63.373459, 10.240725 ], [ -63.372902, 10.240833 ], [ -63.372295, 10.240979 ], [ -63.371708, 10.241197 ], [ -63.371265, 10.241442 ], [ -63.370583, 10.241841 ], [ -63.369949, 10.242193 ], [ -63.369221, 10.242638 ], [ -63.368587, 10.243046 ], [ -63.367321, 10.243708 ], [ -63.366852, 10.243971 ], [ -63.365703, 10.244524 ], [ -63.365139, 10.244831 ], [ -63.364483, 10.245167 ], [ -63.363991, 10.245411 ], [ -63.363312, 10.245720 ], [ -63.362843, 10.245964 ], [ -63.362350, 10.246181 ], [ -63.361698, 10.246418 ], [ -63.360950, 10.246635 ], [ -63.360252, 10.246808 ], [ -63.359482, 10.247017 ], [ -63.358597, 10.247189 ], [ -63.357967, 10.247308 ], [ -63.355782, 10.247546 ], [ -63.354527, 10.247565 ], [ -63.353451, 10.246987 ], [ -63.353016, 10.246617 ], [ -63.352516, 10.246049 ], [ -63.352158, 10.245561 ], [ -63.351910, 10.245099 ], [ -63.351807, 10.244493 ], [ -63.351864, 10.243924 ], [ -63.352097, 10.242711 ], [ -63.352402, 10.241426 ], [ -63.352276, 10.240875 ], [ -63.351940, 10.240296 ], [ -63.351528, 10.239872 ], [ -63.351028, 10.239430 ], [ -63.350548, 10.239051 ], [ -63.349975, 10.238689 ], [ -63.349495, 10.238337 ], [ -63.348969, 10.237985 ], [ -63.348011, 10.237226 ], [ -63.347347, 10.236730 ], [ -63.346684, 10.236350 ], [ -63.345489, 10.235754 ], [ -63.344479, 10.235159 ], [ -63.343590, 10.234382 ], [ -63.343227, 10.233939 ], [ -63.342888, 10.233542 ], [ -63.342304, 10.232700 ], [ -63.341114, 10.230766 ], [ -63.340706, 10.230161 ], [ -63.340416, 10.229691 ], [ -63.340053, 10.229140 ], [ -63.339584, 10.228371 ], [ -63.338665, 10.226745 ], [ -63.338356, 10.226093 ], [ -63.337868, 10.225027 ], [ -63.337578, 10.224421 ], [ -63.337284, 10.223888 ], [ -63.336975, 10.223237 ], [ -63.336571, 10.222469 ], [ -63.336167, 10.221791 ], [ -63.335739, 10.221140 ], [ -63.335358, 10.220535 ], [ -63.334572, 10.219369 ], [ -63.334167, 10.218718 ], [ -63.333973, 10.218492 ], [ -63.333801, 10.218356 ], [ -63.333549, 10.218176 ], [ -63.333050, 10.217778 ], [ -63.332569, 10.217426 ], [ -63.332088, 10.217165 ], [ -63.331581, 10.216848 ], [ -63.330547, 10.216442 ], [ -63.329807, 10.216244 ], [ -63.329021, 10.216091 ], [ -63.328327, 10.216001 ], [ -63.327797, 10.215966 ], [ -63.327240, 10.215984 ], [ -63.325108, 10.215869 ], [ -63.324436, 10.215806 ], [ -63.323044, 10.215735 ], [ -63.322281, 10.215672 ], [ -63.321724, 10.215637 ], [ -63.320869, 10.215557 ], [ -63.320289, 10.215521 ], [ -63.319756, 10.215459 ], [ -63.318344, 10.215342 ], [ -63.316681, 10.214991 ], [ -63.315990, 10.214793 ], [ -63.314953, 10.214450 ], [ -63.314331, 10.214207 ], [ -63.313847, 10.214035 ], [ -63.312904, 10.213648 ], [ -63.312168, 10.213377 ], [ -63.311497, 10.213160 ], [ -63.310852, 10.213007 ], [ -63.310204, 10.212926 ], [ -63.309509, 10.212863 ], [ -63.308048, 10.212838 ], [ -63.307282, 10.212866 ], [ -63.306633, 10.212920 ], [ -63.306118, 10.213047 ], [ -63.305443, 10.213193 ], [ -63.304836, 10.213347 ], [ -63.304276, 10.213538 ], [ -63.303600, 10.213756 ], [ -63.302383, 10.214190 ], [ -63.301731, 10.214363 ], [ -63.301220, 10.214490 ], [ -63.300705, 10.214590 ], [ -63.299217, 10.214835 ], [ -63.298401, 10.214936 ], [ -63.297543, 10.214991 ], [ -63.296680, 10.215065 ], [ -63.295708, 10.215111 ], [ -63.294384, 10.215157 ], [ -63.293873, 10.215166 ], [ -63.293014, 10.215149 ], [ -63.292389, 10.215158 ], [ -63.291485, 10.215096 ], [ -63.290237, 10.214890 ], [ -63.289657, 10.214782 ], [ -63.288990, 10.214610 ], [ -63.288254, 10.214384 ], [ -63.287537, 10.214141 ], [ -63.286942, 10.213897 ], [ -63.286430, 10.213708 ], [ -63.285767, 10.213437 ], [ -63.283394, 10.212606 ], [ -63.282658, 10.212317 ], [ -63.281990, 10.212029 ], [ -63.280357, 10.211370 ], [ -63.279575, 10.211109 ], [ -63.278816, 10.210812 ], [ -63.278103, 10.210477 ], [ -63.277481, 10.210170 ], [ -63.276062, 10.209331 ], [ -63.275440, 10.208997 ], [ -63.274776, 10.208689 ], [ -63.274014, 10.208419 ], [ -63.273231, 10.208193 ], [ -63.272674, 10.208067 ], [ -63.271801, 10.207823 ], [ -63.271290, 10.207697 ], [ -63.270760, 10.207543 ], [ -63.270000, 10.207300 ], [ -63.269516, 10.207156 ], [ -63.267925, 10.206750 ], [ -63.266007, 10.206300 ], [ -63.265407, 10.206146 ], [ -63.264599, 10.205994 ], [ -63.264046, 10.205867 ], [ -63.263352, 10.205741 ], [ -63.262081, 10.205552 ], [ -63.260601, 10.205364 ], [ -63.258263, 10.204994 ], [ -63.257385, 10.204886 ], [ -63.256622, 10.204751 ], [ -63.255512, 10.204590 ], [ -63.254959, 10.204418 ], [ -63.254387, 10.204111 ], [ -63.253975, 10.203758 ], [ -63.253662, 10.203225 ], [ -63.253441, 10.202692 ], [ -63.253201, 10.201969 ], [ -63.253048, 10.201417 ], [ -63.252968, 10.200821 ], [ -63.252910, 10.200314 ], [ -63.252854, 10.199708 ], [ -63.252628, 10.198278 ], [ -63.252544, 10.197681 ], [ -63.252400, 10.196986 ], [ -63.252315, 10.196462 ], [ -63.252121, 10.195792 ], [ -63.251877, 10.195276 ], [ -63.251373, 10.194987 ], [ -63.250889, 10.194816 ], [ -63.250149, 10.194645 ], [ -63.249500, 10.194564 ], [ -63.247810, 10.194457 ], [ -63.247116, 10.194421 ], [ -63.245468, 10.194477 ], [ -63.244144, 10.194542 ], [ -63.242474, 10.194560 ], [ -63.241592, 10.194560 ], [ -63.241012, 10.194526 ], [ -63.239132, 10.194490 ], [ -63.238556, 10.194500 ], [ -63.237648, 10.194501 ], [ -63.236351, 10.194474 ], [ -63.235634, 10.194438 ], [ -63.234890, 10.194449 ], [ -63.234242, 10.194412 ], [ -63.233452, 10.194395 ], [ -63.232155, 10.194324 ], [ -63.231647, 10.194261 ], [ -63.229839, 10.194225 ], [ -63.229187, 10.194235 ], [ -63.228538, 10.194227 ], [ -63.227817, 10.194255 ], [ -63.226543, 10.194274 ], [ -63.225777, 10.194238 ], [ -63.225059, 10.194129 ], [ -63.224091, 10.193949 ], [ -63.223534, 10.193869 ], [ -63.222820, 10.193697 ], [ -63.221806, 10.193398 ], [ -63.221138, 10.193083 ], [ -63.220703, 10.192749 ], [ -63.220276, 10.192188 ], [ -63.219646, 10.191194 ], [ -63.219425, 10.190660 ], [ -63.219208, 10.190055 ], [ -63.219009, 10.189430 ], [ -63.218861, 10.188897 ], [ -63.218685, 10.188346 ], [ -63.218582, 10.187650 ], [ -63.218659, 10.186410 ], [ -63.218739, 10.185886 ], [ -63.218796, 10.185315 ], [ -63.218925, 10.184556 ], [ -63.219132, 10.183616 ], [ -63.219284, 10.183000 ], [ -63.219460, 10.182358 ], [ -63.219662, 10.181561 ], [ -63.219933, 10.180765 ], [ -63.220310, 10.179408 ], [ -63.220562, 10.178387 ], [ -63.220650, 10.177653 ], [ -63.220753, 10.176985 ], [ -63.220787, 10.176478 ], [ -63.220593, 10.175791 ], [ -63.220306, 10.175068 ], [ -63.220039, 10.174507 ], [ -63.219772, 10.174046 ], [ -63.219437, 10.173513 ], [ -63.219189, 10.173070 ], [ -63.218624, 10.172255 ], [ -63.218220, 10.171605 ], [ -63.217724, 10.170945 ], [ -63.217293, 10.170429 ], [ -63.216930, 10.170032 ], [ -63.216431, 10.169589 ], [ -63.215954, 10.169120 ], [ -63.215519, 10.168739 ], [ -63.214722, 10.168079 ], [ -63.213577, 10.167321 ], [ -63.212868, 10.166897 ], [ -63.212364, 10.166534 ], [ -63.211861, 10.166227 ], [ -63.211311, 10.165938 ], [ -63.210781, 10.165768 ], [ -63.210228, 10.165623 ], [ -63.209557, 10.165515 ], [ -63.209022, 10.165461 ], [ -63.208260, 10.165353 ], [ -63.207569, 10.165290 ], [ -63.206940, 10.165280 ], [ -63.205570, 10.165408 ], [ -63.204662, 10.165463 ], [ -63.203014, 10.165537 ], [ -63.202274, 10.165483 ], [ -63.200958, 10.165267 ], [ -63.200355, 10.165113 ], [ -63.199638, 10.165015 ], [ -63.199039, 10.164907 ], [ -63.198482, 10.164780 ], [ -63.197906, 10.164608 ], [ -63.197170, 10.164428 ], [ -63.196049, 10.164203 ], [ -63.195534, 10.163841 ], [ -63.195042, 10.163462 ], [ -63.194615, 10.163010 ], [ -63.193920, 10.161970 ], [ -63.193672, 10.161373 ], [ -63.193455, 10.160785 ], [ -63.193279, 10.160261 ], [ -63.193131, 10.159709 ], [ -63.192932, 10.159095 ], [ -63.192802, 10.158525 ], [ -63.192696, 10.157927 ], [ -63.192547, 10.157404 ], [ -63.192398, 10.156807 ], [ -63.192154, 10.156255 ], [ -63.191906, 10.155640 ], [ -63.191708, 10.155052 ], [ -63.191246, 10.153869 ], [ -63.190712, 10.152747 ], [ -63.190224, 10.151662 ], [ -63.189934, 10.151110 ], [ -63.189289, 10.150070 ], [ -63.188858, 10.149456 ], [ -63.188522, 10.148932 ], [ -63.188164, 10.148479 ], [ -63.187740, 10.148145 ], [ -63.187199, 10.147838 ], [ -63.186687, 10.147666 ], [ -63.186127, 10.147603 ], [ -63.185600, 10.147866 ], [ -63.185238, 10.148310 ], [ -63.184971, 10.148825 ], [ -63.184658, 10.149359 ], [ -63.184414, 10.149847 ], [ -63.184143, 10.150309 ], [ -63.183758, 10.150779 ], [ -63.183349, 10.151133 ], [ -63.181957, 10.152218 ], [ -63.181522, 10.152616 ], [ -63.181023, 10.153105 ], [ -63.179951, 10.153982 ], [ -63.179424, 10.154308 ], [ -63.178921, 10.154553 ], [ -63.178368, 10.154679 ], [ -63.177788, 10.154824 ], [ -63.177143, 10.154998 ], [ -63.176567, 10.155170 ], [ -63.176060, 10.155414 ], [ -63.175465, 10.155766 ], [ -63.175056, 10.156119 ], [ -63.173740, 10.157595 ], [ -63.172493, 10.159042 ], [ -63.172039, 10.159450 ], [ -63.171631, 10.159866 ], [ -63.170078, 10.161097 ], [ -63.169620, 10.161405 ], [ -63.168911, 10.161757 ], [ -63.168083, 10.162210 ], [ -63.167507, 10.162383 ], [ -63.166954, 10.162582 ], [ -63.166126, 10.162899 ], [ -63.165459, 10.163116 ], [ -63.164722, 10.163388 ], [ -63.164055, 10.163606 ], [ -63.163403, 10.163659 ], [ -63.162781, 10.163724 ], [ -63.162247, 10.163823 ], [ -63.161419, 10.164095 ], [ -63.159691, 10.164639 ], [ -63.159065, 10.164810 ], [ -63.158444, 10.165028 ], [ -63.157803, 10.165318 ], [ -63.157207, 10.165670 ], [ -63.156750, 10.165960 ], [ -63.156223, 10.166358 ], [ -63.155766, 10.166739 ], [ -63.155266, 10.167254 ], [ -63.154862, 10.167744 ], [ -63.154205, 10.168674 ], [ -63.153603, 10.169724 ], [ -63.153313, 10.170258 ], [ -63.152973, 10.170792 ], [ -63.152614, 10.171415 ], [ -63.152153, 10.172619 ], [ -63.151935, 10.173271 ], [ -63.151806, 10.173822 ], [ -63.151367, 10.175026 ], [ -63.151123, 10.175559 ], [ -63.150906, 10.176210 ], [ -63.150639, 10.176789 ], [ -63.150486, 10.177323 ], [ -63.150314, 10.177993 ], [ -63.150211, 10.178590 ], [ -63.149868, 10.179837 ], [ -63.149693, 10.180507 ], [ -63.149567, 10.181104 ], [ -63.149418, 10.181610 ], [ -63.149147, 10.182081 ], [ -63.148766, 10.182659 ], [ -63.147423, 10.183908 ], [ -63.147083, 10.184324 ], [ -63.146839, 10.184859 ], [ -63.146664, 10.185465 ], [ -63.146637, 10.186288 ], [ -63.146698, 10.187020 ], [ -63.146881, 10.188033 ], [ -63.147118, 10.189471 ], [ -63.147201, 10.190159 ], [ -63.147320, 10.191424 ], [ -63.147362, 10.192203 ], [ -63.147419, 10.192844 ], [ -63.147457, 10.193415 ], [ -63.147304, 10.193949 ], [ -63.147129, 10.194509 ], [ -63.146889, 10.195106 ], [ -63.146641, 10.195595 ], [ -63.146088, 10.196870 ], [ -63.145592, 10.197503 ], [ -63.145000, 10.198182 ], [ -63.144615, 10.198598 ], [ -63.144116, 10.199113 ], [ -63.143501, 10.199701 ], [ -63.142933, 10.200263 ], [ -63.142456, 10.200661 ], [ -63.141861, 10.201086 ], [ -63.141312, 10.201539 ], [ -63.140812, 10.201892 ], [ -63.140335, 10.202497 ], [ -63.140018, 10.202941 ], [ -63.139587, 10.203457 ], [ -63.139206, 10.203945 ], [ -63.138798, 10.204506 ], [ -63.138580, 10.205176 ], [ -63.138409, 10.205845 ], [ -63.138191, 10.206605 ], [ -63.137978, 10.207464 ], [ -63.137726, 10.208776 ], [ -63.137581, 10.209608 ], [ -63.137501, 10.210159 ], [ -63.137474, 10.211101 ], [ -63.137398, 10.211960 ], [ -63.137367, 10.212665 ], [ -63.137218, 10.213362 ], [ -63.137001, 10.214076 ], [ -63.136734, 10.214727 ], [ -63.136467, 10.215280 ], [ -63.136131, 10.215750 ], [ -63.135609, 10.216401 ], [ -63.135090, 10.216990 ], [ -63.134659, 10.217549 ], [ -63.134274, 10.217994 ], [ -63.133957, 10.218482 ], [ -63.133648, 10.219062 ], [ -63.133244, 10.219667 ], [ -63.132904, 10.220156 ], [ -63.132522, 10.220835 ], [ -63.132229, 10.221296 ], [ -63.131939, 10.221811 ], [ -63.131630, 10.222481 ], [ -63.131244, 10.222969 ], [ -63.130615, 10.223902 ], [ -63.130299, 10.224462 ], [ -63.130242, 10.225014 ], [ -63.130280, 10.225629 ], [ -63.130245, 10.226279 ], [ -63.130257, 10.226922 ], [ -63.130154, 10.227564 ], [ -63.129864, 10.228052 ], [ -63.129478, 10.228568 ], [ -63.128880, 10.228740 ], [ -63.128326, 10.228822 ], [ -63.127628, 10.228877 ], [ -63.127003, 10.228749 ], [ -63.126305, 10.228650 ], [ -63.125721, 10.228506 ], [ -63.124905, 10.228335 ], [ -63.123573, 10.227883 ], [ -63.123009, 10.227567 ], [ -63.122517, 10.227350 ], [ -63.121887, 10.227088 ], [ -63.121418, 10.226798 ], [ -63.120853, 10.226482 ], [ -63.119847, 10.226048 ], [ -63.119259, 10.225669 ], [ -63.118671, 10.225316 ], [ -63.117969, 10.225054 ], [ -63.117523, 10.224710 ], [ -63.117607, 10.224024 ], [ -63.117676, 10.223173 ], [ -63.117710, 10.222622 ], [ -63.117935, 10.222133 ], [ -63.118175, 10.221508 ], [ -63.118328, 10.220975 ], [ -63.118542, 10.220079 ], [ -63.118664, 10.219365 ], [ -63.118740, 10.218533 ], [ -63.118774, 10.217818 ], [ -63.118759, 10.217159 ], [ -63.118698, 10.216461 ], [ -63.118675, 10.215268 ], [ -63.118526, 10.214744 ], [ -63.118271, 10.213721 ], [ -63.118115, 10.212890 ], [ -63.117989, 10.212320 ], [ -63.117836, 10.211723 ], [ -63.117401, 10.210927 ], [ -63.116924, 10.210294 ], [ -63.116463, 10.209318 ], [ -63.115929, 10.208160 ], [ -63.115612, 10.207455 ], [ -63.115372, 10.206975 ], [ -63.115223, 10.206379 ], [ -63.115047, 10.205764 ], [ -63.114849, 10.205239 ], [ -63.114288, 10.203964 ], [ -63.113998, 10.203368 ], [ -63.113685, 10.202762 ], [ -63.113464, 10.202209 ], [ -63.112385, 10.200438 ], [ -63.111977, 10.199804 ], [ -63.111595, 10.199172 ], [ -63.111187, 10.198585 ], [ -63.110733, 10.197968 ], [ -63.110329, 10.197400 ], [ -63.109970, 10.196974 ], [ -63.109402, 10.196414 ], [ -63.108902, 10.195826 ], [ -63.105095, 10.192173 ], [ -63.104134, 10.191595 ], [ -63.103661, 10.191333 ], [ -63.102676, 10.190709 ], [ -63.102135, 10.190447 ], [ -63.101078, 10.189777 ], [ -63.100582, 10.189444 ], [ -63.100044, 10.189154 ], [ -63.098850, 10.188666 ], [ -63.098175, 10.188458 ], [ -63.097637, 10.188278 ], [ -63.096939, 10.188115 ], [ -63.096378, 10.188033 ], [ -63.095822, 10.187970 ], [ -63.095219, 10.188006 ], [ -63.093342, 10.188070 ], [ -63.092739, 10.188053 ], [ -63.092182, 10.188071 ], [ -63.091416, 10.188063 ], [ -63.090744, 10.188072 ], [ -63.090027, 10.188208 ], [ -63.089451, 10.188397 ], [ -63.088943, 10.188643 ], [ -63.088421, 10.188994 ], [ -63.087940, 10.189347 ], [ -63.087395, 10.189846 ], [ -63.086983, 10.190244 ], [ -63.086624, 10.190750 ], [ -63.086353, 10.191238 ], [ -63.086067, 10.191844 ], [ -63.085937, 10.192378 ], [ -63.085392, 10.194016 ], [ -63.084839, 10.195363 ], [ -63.084614, 10.195851 ], [ -63.084419, 10.196431 ], [ -63.084248, 10.197045 ], [ -63.084049, 10.197624 ], [ -63.083851, 10.198158 ], [ -63.083629, 10.198692 ], [ -63.083454, 10.199199 ], [ -63.083038, 10.200311 ], [ -63.082722, 10.200844 ], [ -63.082405, 10.201287 ], [ -63.081974, 10.201758 ], [ -63.081589, 10.202139 ], [ -63.081108, 10.202464 ], [ -63.080444, 10.202826 ], [ -63.079918, 10.203152 ], [ -63.079365, 10.203323 ], [ -63.078739, 10.203550 ], [ -63.078049, 10.203767 ], [ -63.077381, 10.204029 ], [ -63.076805, 10.204228 ], [ -63.076092, 10.204355 ], [ -63.074703, 10.204573 ], [ -63.073940, 10.204745 ], [ -63.072555, 10.205115 ], [ -63.071861, 10.205270 ], [ -63.071167, 10.205261 ], [ -63.070213, 10.205189 ], [ -63.069515, 10.205090 ], [ -63.068748, 10.204918 ], [ -63.068207, 10.204673 ], [ -63.067532, 10.204349 ], [ -63.066967, 10.204122 ], [ -63.066288, 10.203770 ], [ -63.065704, 10.203507 ], [ -63.065094, 10.203218 ], [ -63.064602, 10.202956 ], [ -63.063499, 10.202287 ], [ -63.062706, 10.202097 ], [ -63.062347, 10.201618 ], [ -63.062218, 10.201048 ], [ -63.062137, 10.200388 ], [ -63.062077, 10.199646 ], [ -63.062088, 10.199095 ], [ -63.062122, 10.198479 ], [ -63.062347, 10.197186 ], [ -63.062416, 10.195947 ], [ -63.062576, 10.194681 ], [ -63.062771, 10.193893 ], [ -63.062942, 10.193134 ], [ -63.063045, 10.192555 ], [ -63.063190, 10.191841 ], [ -63.063362, 10.191081 ], [ -63.063656, 10.189579 ], [ -63.063782, 10.188793 ], [ -63.063885, 10.188213 ], [ -63.064011, 10.187572 ], [ -63.064034, 10.186423 ], [ -63.064194, 10.185274 ], [ -63.064381, 10.184117 ], [ -63.064392, 10.183502 ], [ -63.064377, 10.182850 ], [ -63.064320, 10.182281 ], [ -63.064239, 10.181710 ], [ -63.064064, 10.181068 ], [ -63.063820, 10.180471 ], [ -63.063580, 10.180001 ], [ -63.063152, 10.179523 ], [ -63.062725, 10.179188 ], [ -63.062256, 10.178853 ], [ -63.061764, 10.178564 ], [ -63.061249, 10.178365 ], [ -63.060715, 10.178283 ], [ -63.060154, 10.178247 ], [ -63.059551, 10.178266 ], [ -63.058903, 10.178212 ], [ -63.058319, 10.178176 ], [ -63.057785, 10.178094 ], [ -63.057182, 10.178058 ], [ -63.056557, 10.178095 ], [ -63.055950, 10.178013 ], [ -63.055324, 10.177887 ], [ -63.054718, 10.177742 ], [ -63.053532, 10.177580 ], [ -63.052994, 10.177426 ], [ -63.052414, 10.177326 ], [ -63.051826, 10.177128 ], [ -63.051517, 10.176657 ], [ -63.051438, 10.176078 ], [ -63.051495, 10.175527 ], [ -63.051643, 10.174948 ], [ -63.051864, 10.174415 ], [ -63.052093, 10.173084 ], [ -63.052269, 10.172505 ], [ -63.053215, 10.170046 ], [ -63.053482, 10.169449 ], [ -63.053745, 10.168798 ], [ -63.053943, 10.168263 ], [ -63.054161, 10.167549 ], [ -63.054382, 10.166988 ], [ -63.054626, 10.166409 ], [ -63.054870, 10.165903 ], [ -63.055115, 10.165278 ], [ -63.055241, 10.164654 ], [ -63.055389, 10.164058 ], [ -63.055515, 10.163388 ], [ -63.055596, 10.162809 ], [ -63.055675, 10.162050 ], [ -63.055664, 10.161453 ], [ -63.055542, 10.160078 ], [ -63.055458, 10.159409 ], [ -63.055248, 10.158270 ], [ -63.055077, 10.157673 ], [ -63.054901, 10.157121 ], [ -63.054684, 10.156623 ], [ -63.054394, 10.156144 ], [ -63.054062, 10.155674 ], [ -63.052757, 10.154344 ], [ -63.052353, 10.153866 ], [ -63.051952, 10.153486 ], [ -63.051594, 10.153079 ], [ -63.051193, 10.152718 ], [ -63.050838, 10.152292 ], [ -63.050457, 10.151813 ], [ -63.049717, 10.150863 ], [ -63.049385, 10.150411 ], [ -63.048885, 10.149823 ], [ -63.048458, 10.149416 ], [ -63.047989, 10.149063 ], [ -63.047447, 10.148684 ], [ -63.046978, 10.148395 ], [ -63.045357, 10.147499 ], [ -63.044510, 10.146785 ], [ -63.044033, 10.146224 ], [ -63.043747, 10.145763 ], [ -63.043526, 10.145221 ], [ -63.043423, 10.144624 ], [ -63.043293, 10.143981 ], [ -63.043186, 10.143321 ], [ -63.043015, 10.142751 ], [ -63.042931, 10.142126 ], [ -63.042942, 10.141531 ], [ -63.043056, 10.140245 ], [ -63.043159, 10.139622 ], [ -63.043285, 10.138998 ], [ -63.043362, 10.138283 ], [ -63.043442, 10.137686 ], [ -63.043572, 10.137080 ], [ -63.043808, 10.136249 ], [ -63.044155, 10.134954 ], [ -63.044258, 10.134358 ], [ -63.044537, 10.133254 ], [ -63.044796, 10.132305 ], [ -63.044922, 10.131708 ], [ -63.045044, 10.130894 ], [ -63.045170, 10.130279 ], [ -63.045185, 10.129700 ], [ -63.045147, 10.129085 ], [ -63.045021, 10.128533 ], [ -63.044846, 10.127981 ], [ -63.044430, 10.126842 ], [ -63.044163, 10.126226 ], [ -63.043896, 10.125657 ], [ -63.043655, 10.125178 ], [ -63.043320, 10.124680 ], [ -63.042629, 10.123803 ], [ -63.042202, 10.123351 ], [ -63.041706, 10.122926 ], [ -63.041237, 10.122537 ], [ -63.040741, 10.122158 ], [ -63.039776, 10.121561 ], [ -63.039284, 10.121226 ], [ -63.038159, 10.120603 ], [ -63.037525, 10.120267 ], [ -63.036938, 10.119987 ], [ -63.035862, 10.119571 ], [ -63.034790, 10.119201 ], [ -63.034252, 10.118957 ], [ -63.033665, 10.118622 ], [ -63.033146, 10.118196 ], [ -63.032654, 10.117934 ], [ -63.032204, 10.117527 ], [ -63.031822, 10.117047 ], [ -63.031349, 10.116578 ], [ -63.030945, 10.116154 ], [ -63.030544, 10.115701 ], [ -63.030117, 10.115249 ], [ -63.029713, 10.114751 ], [ -63.028995, 10.113756 ], [ -63.028664, 10.113277 ], [ -63.028328, 10.112735 ], [ -63.027851, 10.112192 ], [ -63.027309, 10.111676 ], [ -63.026859, 10.111152 ], [ -63.026478, 10.110727 ], [ -63.025459, 10.109714 ], [ -63.025105, 10.109306 ], [ -63.024250, 10.108313 ], [ -63.023437, 10.107245 ], [ -63.022720, 10.106250 ], [ -63.022320, 10.105816 ], [ -63.021870, 10.105372 ], [ -63.021446, 10.105029 ], [ -63.020996, 10.104631 ], [ -63.020523, 10.104178 ], [ -63.019581, 10.103510 ], [ -63.018654, 10.102814 ], [ -63.018123, 10.102479 ], [ -63.017631, 10.102189 ], [ -63.017162, 10.101882 ], [ -63.016620, 10.101592 ], [ -63.016083, 10.101349 ], [ -63.015591, 10.100986 ], [ -63.015003, 10.100706 ], [ -63.013905, 10.100335 ], [ -63.013226, 10.100001 ], [ -63.012642, 10.099738 ], [ -63.012012, 10.099539 ], [ -63.011452, 10.099305 ], [ -63.010914, 10.099133 ], [ -63.010422, 10.098906 ], [ -63.009907, 10.098645 ], [ -63.009365, 10.098328 ], [ -63.008896, 10.097975 ], [ -63.008381, 10.097731 ], [ -63.007816, 10.097397 ], [ -63.007233, 10.097107 ], [ -63.006695, 10.096890 ], [ -63.006180, 10.096718 ], [ -63.005573, 10.096546 ], [ -63.004921, 10.096284 ], [ -63.004383, 10.096130 ], [ -63.003776, 10.096030 ], [ -63.002613, 10.095778 ], [ -63.002052, 10.095533 ], [ -63.001465, 10.095154 ], [ -63.001018, 10.094818 ], [ -63.000545, 10.094483 ], [ -62.997997, 10.092603 ], [ -62.997623, 10.092070 ], [ -62.997006, 10.091264 ], [ -62.996384, 10.090396 ], [ -62.995964, 10.089844 ], [ -62.995548, 10.089356 ], [ -62.995152, 10.088841 ], [ -62.994728, 10.088243 ], [ -62.994282, 10.087638 ], [ -62.993938, 10.087221 ], [ -62.993538, 10.086642 ], [ -62.992771, 10.085566 ], [ -62.991646, 10.083893 ], [ -62.991173, 10.083206 ], [ -62.990269, 10.081731 ], [ -62.989689, 10.080763 ], [ -62.989189, 10.080049 ], [ -62.988911, 10.079578 ], [ -62.988564, 10.079027 ], [ -62.987614, 10.077616 ], [ -62.987141, 10.076929 ], [ -62.986572, 10.076242 ], [ -62.986035, 10.075644 ], [ -62.985180, 10.074785 ], [ -62.984768, 10.074414 ], [ -62.984329, 10.073971 ], [ -62.983917, 10.073601 ], [ -62.983269, 10.073121 ], [ -62.982719, 10.072777 ], [ -62.982071, 10.072325 ], [ -62.981403, 10.071945 ], [ -62.980762, 10.071629 ], [ -62.980194, 10.071403 ], [ -62.979076, 10.070832 ], [ -62.978531, 10.070606 ], [ -62.977989, 10.070461 ], [ -62.977451, 10.070353 ], [ -62.976822, 10.070335 ], [ -62.976295, 10.070453 ], [ -62.975696, 10.070615 ], [ -62.974991, 10.070832 ], [ -62.973530, 10.071383 ], [ -62.972893, 10.071681 ], [ -62.972351, 10.072008 ], [ -62.971905, 10.072351 ], [ -62.971462, 10.072858 ], [ -62.971111, 10.073283 ], [ -62.970856, 10.073752 ], [ -62.970646, 10.074250 ], [ -62.970459, 10.074739 ], [ -62.970280, 10.075390 ], [ -62.969872, 10.076556 ], [ -62.969734, 10.077145 ], [ -62.969608, 10.077887 ], [ -62.969498, 10.078465 ], [ -62.969502, 10.079035 ], [ -62.969532, 10.079703 ], [ -62.969581, 10.080256 ], [ -62.969700, 10.081332 ], [ -62.969803, 10.082571 ], [ -62.969837, 10.083259 ], [ -62.969887, 10.083801 ], [ -62.969955, 10.085230 ], [ -62.969955, 10.085800 ], [ -62.969929, 10.086659 ], [ -62.969700, 10.088233 ], [ -62.969540, 10.088766 ], [ -62.969303, 10.089236 ], [ -62.968964, 10.089852 ], [ -62.968551, 10.090493 ], [ -62.968224, 10.090964 ], [ -62.967853, 10.091443 ], [ -62.966969, 10.092376 ], [ -62.966499, 10.092809 ], [ -62.965874, 10.093325 ], [ -62.965382, 10.093696 ], [ -62.964729, 10.094138 ], [ -62.964256, 10.094437 ], [ -62.963715, 10.094754 ], [ -62.963173, 10.095106 ], [ -62.962608, 10.095449 ], [ -62.961792, 10.095901 ], [ -62.961250, 10.096182 ], [ -62.960522, 10.096535 ], [ -62.960049, 10.096788 ], [ -62.959389, 10.097069 ], [ -62.958816, 10.097259 ], [ -62.958290, 10.097421 ], [ -62.957600, 10.097610 ], [ -62.956776, 10.097810 ], [ -62.955990, 10.097937 ], [ -62.955414, 10.098009 ], [ -62.954746, 10.098108 ], [ -62.953358, 10.098216 ], [ -62.952732, 10.098243 ], [ -62.952148, 10.098226 ], [ -62.951500, 10.098233 ], [ -62.950897, 10.098216 ], [ -62.949398, 10.097935 ], [ -62.948555, 10.097791 ], [ -62.947804, 10.097646 ], [ -62.947147, 10.097491 ], [ -62.946392, 10.097266 ], [ -62.945068, 10.096777 ], [ -62.944431, 10.096550 ], [ -62.943840, 10.096280 ], [ -62.943363, 10.095999 ], [ -62.942810, 10.095592 ], [ -62.942303, 10.095175 ], [ -62.941864, 10.094759 ], [ -62.941398, 10.094207 ], [ -62.940502, 10.092978 ], [ -62.940109, 10.092470 ], [ -62.939335, 10.091331 ], [ -62.939030, 10.090753 ], [ -62.938717, 10.090028 ], [ -62.938454, 10.089323 ], [ -62.938217, 10.088762 ], [ -62.937996, 10.087994 ], [ -62.937756, 10.087315 ], [ -62.937588, 10.086745 ], [ -62.937401, 10.086221 ], [ -62.937260, 10.085650 ], [ -62.936878, 10.084456 ], [ -62.936691, 10.083960 ], [ -62.936455, 10.083372 ], [ -62.936222, 10.082847 ], [ -62.935894, 10.082286 ], [ -62.935268, 10.081327 ], [ -62.934921, 10.080884 ], [ -62.934486, 10.080485 ], [ -62.934273, 10.080330 ], [ -62.934055, 10.080170 ], [ -62.933510, 10.079980 ], [ -62.932976, 10.079961 ], [ -62.932423, 10.080051 ], [ -62.931412, 10.080241 ], [ -62.930607, 10.080413 ], [ -62.929733, 10.080612 ], [ -62.928726, 10.080893 ], [ -62.928177, 10.081072 ], [ -62.927727, 10.081443 ], [ -62.927353, 10.081850 ], [ -62.926937, 10.082347 ], [ -62.926239, 10.083324 ], [ -62.925892, 10.083895 ], [ -62.925263, 10.084771 ], [ -62.924843, 10.085296 ], [ -62.924339, 10.085892 ], [ -62.923763, 10.086516 ], [ -62.923184, 10.087050 ], [ -62.922718, 10.087511 ], [ -62.922184, 10.088016 ], [ -62.921715, 10.088360 ], [ -62.920704, 10.089120 ], [ -62.920208, 10.089437 ], [ -62.919735, 10.089717 ], [ -62.919308, 10.090033 ], [ -62.917930, 10.090875 ], [ -62.917370, 10.091272 ], [ -62.916828, 10.091616 ], [ -62.916355, 10.091959 ], [ -62.915794, 10.092402 ], [ -62.914856, 10.093181 ], [ -62.913753, 10.093921 ], [ -62.913277, 10.094166 ], [ -62.912716, 10.094536 ], [ -62.912014, 10.094960 ], [ -62.911404, 10.095286 ], [ -62.910229, 10.095983 ], [ -62.909592, 10.096290 ], [ -62.907787, 10.096877 ], [ -62.907146, 10.097094 ], [ -62.905998, 10.097374 ], [ -62.905258, 10.097473 ], [ -62.904682, 10.097500 ], [ -62.903938, 10.097490 ], [ -62.903263, 10.097500 ], [ -62.902450, 10.097491 ], [ -62.901779, 10.097518 ], [ -62.901222, 10.097500 ], [ -62.900616, 10.097499 ], [ -62.900032, 10.097436 ], [ -62.899334, 10.097326 ], [ -62.898628, 10.097199 ], [ -62.897945, 10.096982 ], [ -62.897468, 10.096721 ], [ -62.896892, 10.096294 ], [ -62.895947, 10.095417 ], [ -62.895458, 10.094911 ], [ -62.895061, 10.094377 ], [ -62.894638, 10.093771 ], [ -62.894291, 10.093255 ], [ -62.894031, 10.092767 ], [ -62.893772, 10.092089 ], [ -62.893578, 10.091429 ], [ -62.893425, 10.090677 ], [ -62.893299, 10.089945 ], [ -62.892990, 10.088805 ], [ -62.892918, 10.088262 ], [ -62.892796, 10.087620 ], [ -62.892715, 10.086914 ], [ -62.892685, 10.086246 ], [ -62.892674, 10.085485 ], [ -62.892693, 10.084933 ], [ -62.892727, 10.084174 ], [ -62.892872, 10.082746 ], [ -62.892990, 10.081860 ], [ -62.893215, 10.080729 ], [ -62.894005, 10.078160 ], [ -62.894142, 10.077644 ], [ -62.894382, 10.076858 ], [ -62.894863, 10.075683 ], [ -62.895092, 10.075167 ], [ -62.895393, 10.074606 ], [ -62.895714, 10.074054 ], [ -62.896015, 10.073512 ], [ -62.896316, 10.073024 ], [ -62.896702, 10.072336 ], [ -62.896961, 10.071866 ], [ -62.897324, 10.071179 ], [ -62.897553, 10.070663 ], [ -62.898300, 10.069253 ], [ -62.898533, 10.068755 ], [ -62.898758, 10.068123 ], [ -62.899338, 10.066142 ], [ -62.899628, 10.064884 ], [ -62.899692, 10.064287 ], [ -62.899689, 10.063691 ], [ -62.899547, 10.063148 ], [ -62.899265, 10.062605 ], [ -62.898769, 10.061891 ], [ -62.898037, 10.061122 ], [ -62.897358, 10.060506 ], [ -62.896755, 10.060009 ], [ -62.896297, 10.059655 ], [ -62.895500, 10.058977 ], [ -62.894970, 10.058589 ], [ -62.894134, 10.058055 ], [ -62.893536, 10.057711 ], [ -62.893040, 10.057529 ], [ -62.891773, 10.057284 ], [ -62.891098, 10.057221 ], [ -62.890537, 10.057158 ], [ -62.889976, 10.057049 ], [ -62.889393, 10.056958 ], [ -62.888310, 10.056642 ], [ -62.887558, 10.056442 ], [ -62.886925, 10.056307 ], [ -62.885490, 10.055917 ], [ -62.883820, 10.055419 ], [ -62.883041, 10.055221 ], [ -62.882358, 10.055003 ], [ -62.881092, 10.054713 ], [ -62.880551, 10.054577 ], [ -62.878651, 10.054152 ], [ -62.877926, 10.054007 ], [ -62.877388, 10.053915 ], [ -62.876759, 10.053852 ], [ -62.875351, 10.053589 ], [ -62.874512, 10.053489 ], [ -62.873695, 10.053407 ], [ -62.872856, 10.053363 ], [ -62.872116, 10.053390 ], [ -62.870476, 10.053578 ], [ -62.869415, 10.053722 ], [ -62.868816, 10.053812 ], [ -62.867962, 10.053875 ], [ -62.867428, 10.053947 ], [ -62.866833, 10.054065 ], [ -62.865501, 10.054399 ], [ -62.864372, 10.054634 ], [ -62.863712, 10.054878 ], [ -62.863026, 10.055113 ], [ -62.862457, 10.055347 ], [ -62.861843, 10.055628 ], [ -62.861320, 10.055926 ], [ -62.860714, 10.056341 ], [ -62.860268, 10.056685 ], [ -62.859867, 10.057075 ], [ -62.859447, 10.057527 ], [ -62.859096, 10.058005 ], [ -62.858597, 10.058764 ], [ -62.857887, 10.059939 ], [ -62.857635, 10.060465 ], [ -62.857063, 10.061730 ], [ -62.856861, 10.062337 ], [ -62.856724, 10.062869 ], [ -62.856518, 10.063919 ], [ -62.856426, 10.064453 ], [ -62.856255, 10.065285 ], [ -62.856175, 10.066027 ], [ -62.856037, 10.067591 ], [ -62.855934, 10.068377 ], [ -62.855854, 10.069101 ], [ -62.855446, 10.071326 ], [ -62.855289, 10.071978 ], [ -62.854889, 10.073325 ], [ -62.854591, 10.073939 ], [ -62.854336, 10.074409 ], [ -62.853924, 10.075006 ], [ -62.853416, 10.075604 ], [ -62.853016, 10.076010 ], [ -62.852509, 10.076589 ], [ -62.851955, 10.077158 ], [ -62.851536, 10.077620 ], [ -62.851047, 10.078080 ], [ -62.850506, 10.078442 ], [ -62.849827, 10.078821 ], [ -62.849304, 10.079002 ], [ -62.848591, 10.079173 ], [ -62.847969, 10.079273 ], [ -62.847366, 10.079327 ], [ -62.846577, 10.079289 ], [ -62.844940, 10.079045 ], [ -62.843697, 10.078773 ], [ -62.843155, 10.078620 ], [ -62.842258, 10.078312 ], [ -62.841763, 10.078086 ], [ -62.841141, 10.077696 ], [ -62.840664, 10.077442 ], [ -62.839248, 10.076465 ], [ -62.838554, 10.076022 ], [ -62.837929, 10.075605 ], [ -62.837402, 10.075197 ], [ -62.836929, 10.074529 ], [ -62.836411, 10.073859 ], [ -62.835682, 10.072656 ], [ -62.835426, 10.072176 ], [ -62.835236, 10.071543 ], [ -62.835182, 10.070946 ], [ -62.834980, 10.069552 ], [ -62.834831, 10.068847 ], [ -62.834549, 10.067735 ], [ -62.834450, 10.067164 ], [ -62.834278, 10.066478 ], [ -62.834129, 10.065772 ], [ -62.833958, 10.065021 ], [ -62.833508, 10.062840 ], [ -62.833412, 10.062263 ], [ -62.833122, 10.060091 ], [ -62.833031, 10.059566 ], [ -62.832954, 10.058951 ], [ -62.832707, 10.057631 ], [ -62.832508, 10.056808 ], [ -62.832172, 10.055650 ], [ -62.831890, 10.054564 ], [ -62.831749, 10.053968 ], [ -62.831551, 10.053199 ], [ -62.831386, 10.052701 ], [ -62.831085, 10.051679 ], [ -62.830845, 10.050974 ], [ -62.830250, 10.049671 ], [ -62.829986, 10.049010 ], [ -62.829800, 10.048495 ], [ -62.829658, 10.047970 ], [ -62.829445, 10.047338 ], [ -62.828964, 10.045980 ], [ -62.828701, 10.045392 ], [ -62.827992, 10.044044 ], [ -62.827663, 10.043502 ], [ -62.827187, 10.042768 ], [ -62.826241, 10.041356 ], [ -62.825302, 10.040163 ], [ -62.824791, 10.039610 ], [ -62.824188, 10.039131 ], [ -62.823662, 10.038805 ], [ -62.823139, 10.038561 ], [ -62.822594, 10.038325 ], [ -62.821461, 10.037918 ], [ -62.820873, 10.037718 ], [ -62.820282, 10.037555 ], [ -62.819531, 10.037364 ], [ -62.818619, 10.037174 ], [ -62.817890, 10.037047 ], [ -62.817287, 10.037002 ], [ -62.815846, 10.036929 ], [ -62.815308, 10.036882 ], [ -62.814655, 10.036865 ], [ -62.813957, 10.036810 ], [ -62.813191, 10.036774 ], [ -62.812489, 10.036692 ], [ -62.811794, 10.036674 ], [ -62.811024, 10.036592 ], [ -62.810276, 10.036537 ], [ -62.809460, 10.036455 ], [ -62.808758, 10.036327 ], [ -62.808060, 10.036245 ], [ -62.807335, 10.036137 ], [ -62.804909, 10.035882 ], [ -62.803391, 10.035701 ], [ -62.802784, 10.035609 ], [ -62.801289, 10.035473 ], [ -62.800732, 10.035401 ], [ -62.800171, 10.035355 ], [ -62.799542, 10.035291 ], [ -62.797726, 10.035191 ], [ -62.797100, 10.035172 ], [ -62.796474, 10.035198 ], [ -62.795776, 10.035208 ], [ -62.795155, 10.035261 ], [ -62.793747, 10.035487 ], [ -62.793125, 10.035559 ], [ -62.791721, 10.035856 ], [ -62.791153, 10.036082 ], [ -62.790650, 10.036317 ], [ -62.790177, 10.036588 ], [ -62.789730, 10.036959 ], [ -62.789383, 10.037456 ], [ -62.789085, 10.038061 ], [ -62.788750, 10.039824 ], [ -62.788681, 10.040359 ], [ -62.788540, 10.040801 ], [ -62.788250, 10.042076 ], [ -62.788113, 10.042637 ], [ -62.787872, 10.043939 ], [ -62.787804, 10.044491 ], [ -62.787807, 10.045043 ], [ -62.787796, 10.045803 ], [ -62.787811, 10.047666 ], [ -62.787834, 10.049158 ], [ -62.787826, 10.050035 ], [ -62.787697, 10.051211 ], [ -62.787418, 10.052694 ], [ -62.787285, 10.053300 ], [ -62.787155, 10.054042 ], [ -62.787041, 10.054557 ], [ -62.786949, 10.055108 ], [ -62.786800, 10.055922 ], [ -62.786694, 10.056619 ], [ -62.786614, 10.057334 ], [ -62.786434, 10.059523 ], [ -62.786339, 10.060453 ], [ -62.786179, 10.062524 ], [ -62.786053, 10.063266 ], [ -62.785919, 10.063945 ], [ -62.785332, 10.065806 ], [ -62.785084, 10.066512 ], [ -62.784927, 10.067046 ], [ -62.784630, 10.067706 ], [ -62.784424, 10.068221 ], [ -62.784042, 10.069062 ], [ -62.783703, 10.069695 ], [ -62.783173, 10.070807 ], [ -62.782879, 10.071458 ], [ -62.782200, 10.072850 ], [ -62.781601, 10.073954 ], [ -62.781235, 10.074569 ], [ -62.780865, 10.075067 ], [ -62.780491, 10.075527 ], [ -62.780090, 10.075951 ], [ -62.779514, 10.076530 ], [ -62.778439, 10.077388 ], [ -62.777874, 10.077759 ], [ -62.776684, 10.078572 ], [ -62.775936, 10.079015 ], [ -62.775238, 10.079411 ], [ -62.774624, 10.079746 ], [ -62.773808, 10.080126 ], [ -62.773285, 10.080352 ], [ -62.771667, 10.081075 ], [ -62.770851, 10.081453 ], [ -62.769051, 10.082221 ], [ -62.768482, 10.082456 ], [ -62.767441, 10.082989 ], [ -62.766304, 10.083585 ], [ -62.765739, 10.083892 ], [ -62.764671, 10.084425 ], [ -62.764172, 10.084650 ], [ -62.763580, 10.084886 ], [ -62.762253, 10.085337 ], [ -62.761608, 10.085481 ], [ -62.761017, 10.085661 ], [ -62.760254, 10.085769 ], [ -62.759472, 10.085922 ], [ -62.758823, 10.085994 ], [ -62.758270, 10.086021 ], [ -62.755623, 10.086064 ], [ -62.754723, 10.086109 ], [ -62.753815, 10.086054 ], [ -62.753063, 10.085880 ], [ -62.752522, 10.085699 ], [ -62.751881, 10.085427 ], [ -62.751122, 10.085120 ], [ -62.750195, 10.084659 ], [ -62.749294, 10.084231 ], [ -62.748798, 10.084023 ], [ -62.748089, 10.083761 ], [ -62.747307, 10.083426 ], [ -62.746521, 10.083027 ], [ -62.745876, 10.082593 ], [ -62.745205, 10.082167 ], [ -62.744793, 10.081769 ], [ -62.744400, 10.081325 ], [ -62.743980, 10.080819 ], [ -62.743488, 10.080149 ], [ -62.742947, 10.079479 ], [ -62.742451, 10.078818 ], [ -62.742001, 10.078149 ], [ -62.741581, 10.077569 ], [ -62.740605, 10.076022 ], [ -62.740299, 10.075507 ], [ -62.739979, 10.075036 ], [ -62.739277, 10.073941 ], [ -62.738830, 10.073344 ], [ -62.738483, 10.072810 ], [ -62.737621, 10.071761 ], [ -62.737198, 10.071209 ], [ -62.736290, 10.070095 ], [ -62.735901, 10.069723 ], [ -62.734692, 10.068674 ], [ -62.734089, 10.068221 ], [ -62.733150, 10.067433 ], [ -62.732620, 10.067017 ], [ -62.732117, 10.066654 ], [ -62.731518, 10.066283 ], [ -62.730827, 10.065947 ], [ -62.730072, 10.065658 ], [ -62.729271, 10.065422 ], [ -62.728146, 10.065124 ], [ -62.727303, 10.064978 ], [ -62.726368, 10.064841 ], [ -62.725220, 10.064641 ], [ -62.724403, 10.064513 ], [ -62.723816, 10.064405 ], [ -62.722877, 10.064215 ], [ -62.719967, 10.063470 ], [ -62.719357, 10.063334 ], [ -62.718750, 10.063243 ], [ -62.718117, 10.063162 ], [ -62.717491, 10.063115 ], [ -62.716698, 10.063087 ], [ -62.715610, 10.063131 ], [ -62.714821, 10.063149 ], [ -62.714191, 10.063148 ], [ -62.712799, 10.063166 ], [ -62.712036, 10.063201 ], [ -62.711296, 10.063209 ], [ -62.710644, 10.063245 ], [ -62.709999, 10.063290 ], [ -62.709423, 10.063389 ], [ -62.708546, 10.063496 ], [ -62.707531, 10.063659 ], [ -62.706722, 10.063757 ], [ -62.706100, 10.063856 ], [ -62.705433, 10.063937 ], [ -62.704086, 10.064016 ], [ -62.701069, 10.063987 ], [ -62.700466, 10.063996 ], [ -62.699932, 10.064023 ], [ -62.698433, 10.064202 ], [ -62.697460, 10.064291 ], [ -62.696838, 10.064391 ], [ -62.696285, 10.064435 ], [ -62.695705, 10.064526 ], [ -62.694878, 10.064633 ], [ -62.693634, 10.064831 ], [ -62.692894, 10.064929 ], [ -62.692272, 10.065028 ], [ -62.691444, 10.065199 ], [ -62.690727, 10.065307 ], [ -62.690082, 10.065352 ], [ -62.689484, 10.065451 ], [ -62.688766, 10.065549 ], [ -62.687641, 10.065784 ], [ -62.687038, 10.065883 ], [ -62.686306, 10.066027 ], [ -62.685730, 10.066126 ], [ -62.684170, 10.066495 ], [ -62.682213, 10.066928 ], [ -62.680653, 10.067297 ], [ -62.680008, 10.067441 ], [ -62.679249, 10.067584 ], [ -62.678490, 10.067693 ], [ -62.676758, 10.067907 ], [ -62.676113, 10.068025 ], [ -62.674129, 10.068339 ], [ -62.673576, 10.068411 ], [ -62.672607, 10.068573 ], [ -62.671200, 10.068753 ], [ -62.670444, 10.068924 ], [ -62.669613, 10.069095 ], [ -62.668079, 10.069491 ], [ -62.667553, 10.069671 ], [ -62.666687, 10.070004 ], [ -62.665775, 10.070393 ], [ -62.665024, 10.070727 ], [ -62.664432, 10.071007 ], [ -62.663750, 10.071314 ], [ -62.663185, 10.071593 ], [ -62.662662, 10.071864 ], [ -62.662052, 10.072262 ], [ -62.661469, 10.072704 ], [ -62.660912, 10.073165 ], [ -62.660191, 10.073679 ], [ -62.659176, 10.074347 ], [ -62.658367, 10.074934 ], [ -62.657761, 10.075323 ], [ -62.656593, 10.076181 ], [ -62.655968, 10.076715 ], [ -62.655338, 10.077229 ], [ -62.654800, 10.077644 ], [ -62.653820, 10.078539 ], [ -62.653309, 10.079018 ], [ -62.652847, 10.079614 ], [ -62.652386, 10.080147 ], [ -62.651901, 10.080689 ], [ -62.651478, 10.081122 ], [ -62.651085, 10.081602 ], [ -62.650551, 10.082134 ], [ -62.650082, 10.082568 ], [ -62.649635, 10.082912 ], [ -62.649162, 10.083255 ], [ -62.648605, 10.083715 ], [ -62.647678, 10.084330 ], [ -62.646236, 10.085269 ], [ -62.644619, 10.086443 ], [ -62.643726, 10.087246 ], [ -62.643326, 10.087581 ], [ -62.642899, 10.087896 ], [ -62.642330, 10.088203 ], [ -62.641834, 10.088502 ], [ -62.641335, 10.088772 ], [ -62.640861, 10.089098 ], [ -62.640411, 10.089396 ], [ -62.639397, 10.090010 ], [ -62.638336, 10.090632 ], [ -62.637768, 10.090957 ], [ -62.637295, 10.091209 ], [ -62.636093, 10.091932 ], [ -62.635082, 10.092637 ], [ -62.634609, 10.092979 ], [ -62.634117, 10.093377 ], [ -62.632995, 10.094254 ], [ -62.630550, 10.096087 ], [ -62.629921, 10.096529 ], [ -62.629025, 10.097206 ], [ -62.628105, 10.097920 ], [ -62.627590, 10.098308 ], [ -62.627049, 10.098705 ], [ -62.626488, 10.099093 ], [ -62.625763, 10.099536 ], [ -62.625042, 10.099960 ], [ -62.623279, 10.101052 ], [ -62.622543, 10.101465 ], [ -62.621376, 10.102099 ], [ -62.620880, 10.102397 ], [ -62.620335, 10.102677 ], [ -62.618706, 10.103598 ], [ -62.617985, 10.104067 ], [ -62.617401, 10.104492 ], [ -62.616863, 10.104925 ], [ -62.615372, 10.106297 ], [ -62.614975, 10.106759 ], [ -62.614578, 10.107238 ], [ -62.614178, 10.107645 ], [ -62.613834, 10.108232 ], [ -62.613003, 10.109325 ], [ -62.612537, 10.109877 ], [ -62.612095, 10.110382 ], [ -62.611794, 10.110807 ], [ -62.611511, 10.111304 ], [ -62.610851, 10.112579 ], [ -62.610378, 10.113880 ], [ -62.610172, 10.114513 ], [ -62.610047, 10.115255 ], [ -62.610024, 10.115807 ], [ -62.609921, 10.116621 ], [ -62.609806, 10.118094 ], [ -62.609818, 10.119424 ], [ -62.609894, 10.120066 ], [ -62.609951, 10.120781 ], [ -62.610024, 10.121396 ], [ -62.610157, 10.122770 ], [ -62.610199, 10.123684 ], [ -62.610317, 10.125204 ], [ -62.610310, 10.126072 ], [ -62.610386, 10.126786 ], [ -62.610497, 10.128160 ], [ -62.610504, 10.128822 ], [ -62.610462, 10.129400 ], [ -62.610470, 10.130070 ], [ -62.610504, 10.130829 ], [ -62.610729, 10.132223 ], [ -62.610760, 10.132910 ], [ -62.611019, 10.134502 ], [ -62.611221, 10.135352 ], [ -62.611370, 10.136076 ], [ -62.611721, 10.137161 ], [ -62.612114, 10.138645 ], [ -62.612240, 10.139351 ], [ -62.612461, 10.140075 ], [ -62.612934, 10.141785 ], [ -62.613136, 10.142690 ], [ -62.613319, 10.143676 ], [ -62.613552, 10.144652 ], [ -62.613663, 10.145539 ], [ -62.613953, 10.146860 ], [ -62.614056, 10.147530 ], [ -62.614330, 10.148958 ], [ -62.614834, 10.150822 ], [ -62.614975, 10.151420 ], [ -62.615200, 10.152279 ], [ -62.615379, 10.153173 ], [ -62.615776, 10.154695 ], [ -62.616234, 10.156079 ], [ -62.616436, 10.156920 ], [ -62.616734, 10.157852 ], [ -62.616985, 10.158756 ], [ -62.617214, 10.159716 ], [ -62.617462, 10.160557 ], [ -62.617702, 10.161299 ], [ -62.617847, 10.161915 ], [ -62.618412, 10.164076 ], [ -62.618851, 10.165568 ], [ -62.619049, 10.166302 ], [ -62.619255, 10.167278 ], [ -62.619701, 10.168916 ], [ -62.619846, 10.169576 ], [ -62.620243, 10.171097 ], [ -62.620434, 10.171712 ], [ -62.620701, 10.172462 ], [ -62.620987, 10.173159 ], [ -62.621178, 10.173792 ], [ -62.621658, 10.175104 ], [ -62.621876, 10.175783 ], [ -62.622208, 10.176941 ], [ -62.622440, 10.177529 ], [ -62.622627, 10.178055 ], [ -62.622887, 10.178570 ], [ -62.623119, 10.179159 ], [ -62.623352, 10.179702 ], [ -62.623817, 10.180670 ], [ -62.624024, 10.181167 ], [ -62.624638, 10.182334 ], [ -62.624897, 10.182922 ], [ -62.625107, 10.183465 ], [ -62.625393, 10.184117 ], [ -62.625622, 10.184588 ], [ -62.626141, 10.185737 ], [ -62.626476, 10.186533 ], [ -62.626812, 10.187230 ], [ -62.626999, 10.187727 ], [ -62.627228, 10.188243 ], [ -62.627445, 10.188877 ], [ -62.627701, 10.189419 ], [ -62.627934, 10.189962 ], [ -62.628166, 10.190433 ], [ -62.628689, 10.191672 ], [ -62.629253, 10.192894 ], [ -62.629566, 10.193619 ], [ -62.629826, 10.194179 ], [ -62.630104, 10.194739 ], [ -62.630432, 10.195319 ], [ -62.630688, 10.195817 ], [ -62.630901, 10.196405 ], [ -62.631363, 10.197355 ], [ -62.631668, 10.197961 ], [ -62.631901, 10.198477 ], [ -62.632565, 10.199736 ], [ -62.632794, 10.200233 ], [ -62.633049, 10.200704 ], [ -62.633198, 10.200949 ], [ -62.633770, 10.201247 ], [ -62.633934, 10.201745 ], [ -62.634300, 10.202668 ], [ -62.634567, 10.203374 ], [ -62.634743, 10.203682 ], [ -62.634731, 10.204956 ], [ -62.634766, 10.205708 ], [ -62.634735, 10.208058 ], [ -62.634651, 10.208755 ], [ -62.634560, 10.209333 ], [ -62.634369, 10.210237 ], [ -62.634258, 10.210880 ], [ -62.634155, 10.211621 ], [ -62.634072, 10.212389 ], [ -62.633961, 10.213033 ], [ -62.633564, 10.214958 ], [ -62.633404, 10.215519 ], [ -62.632973, 10.216757 ], [ -62.632423, 10.217977 ], [ -62.632107, 10.218637 ], [ -62.631462, 10.219748 ], [ -62.631119, 10.220408 ], [ -62.630665, 10.221095 ], [ -62.630192, 10.221917 ], [ -62.629738, 10.222677 ], [ -62.629028, 10.223951 ], [ -62.628426, 10.224991 ], [ -62.627712, 10.226148 ], [ -62.627430, 10.226591 ], [ -62.627041, 10.227160 ], [ -62.626263, 10.228489 ], [ -62.625984, 10.229004 ], [ -62.625649, 10.229736 ], [ -62.625255, 10.230324 ], [ -62.624863, 10.230874 ], [ -62.624489, 10.231326 ], [ -62.624111, 10.231706 ], [ -62.623692, 10.232166 ], [ -62.623291, 10.232555 ], [ -62.622891, 10.232889 ], [ -62.622326, 10.233299 ], [ -62.622341, 10.233635 ], [ -62.622383, 10.233910 ], [ -62.622749, 10.234531 ], [ -62.622303, 10.234959 ], [ -62.621326, 10.234739 ], [ -62.621162, 10.234898 ], [ -62.620644, 10.235506 ], [ -62.620125, 10.236229 ], [ -62.619324, 10.237018 ], [ -62.618622, 10.237510 ], [ -62.618103, 10.238028 ], [ -62.617539, 10.238727 ], [ -62.617233, 10.238974 ], [ -62.616398, 10.238917 ], [ -62.615410, 10.239678 ], [ -62.614990, 10.239901 ], [ -62.613773, 10.240477 ], [ -62.612820, 10.240783 ], [ -62.611957, 10.240839 ], [ -62.610576, 10.241572 ], [ -62.609878, 10.241768 ], [ -62.609360, 10.242126 ], [ -62.609154, 10.242146 ], [ -62.608315, 10.242339 ], [ -62.607914, 10.242631 ], [ -62.607441, 10.243126 ], [ -62.606690, 10.243892 ], [ -62.606155, 10.244021 ], [ -62.605080, 10.244462 ], [ -62.604050, 10.245109 ], [ -62.602303, 10.245336 ], [ -62.601395, 10.245392 ], [ -62.600025, 10.245325 ], [ -62.598766, 10.245490 ], [ -62.596779, 10.246443 ], [ -62.595547, 10.246334 ], [ -62.594925, 10.245959 ], [ -62.594212, 10.245470 ], [ -62.593452, 10.244750 ], [ -62.592938, 10.244971 ], [ -62.591522, 10.244655 ], [ -62.590851, 10.244599 ], [ -62.589783, 10.244446 ], [ -62.589157, 10.244232 ], [ -62.587631, 10.243525 ], [ -62.586681, 10.243191 ], [ -62.585155, 10.242393 ], [ -62.583168, 10.241404 ], [ -62.582684, 10.241101 ], [ -62.581303, 10.240122 ], [ -62.580910, 10.239773 ], [ -62.579941, 10.239325 ], [ -62.578274, 10.238730 ], [ -62.577762, 10.238585 ], [ -62.576698, 10.238204 ], [ -62.575932, 10.238194 ], [ -62.575302, 10.238093 ], [ -62.574612, 10.237603 ], [ -62.573944, 10.237274 ], [ -62.572926, 10.236871 ], [ -62.571857, 10.236605 ], [ -62.569981, 10.235982 ], [ -62.569084, 10.235215 ], [ -62.568440, 10.234774 ], [ -62.567589, 10.233825 ], [ -62.566669, 10.233057 ], [ -62.565723, 10.232494 ], [ -62.565331, 10.232239 ], [ -62.564060, 10.231513 ], [ -62.562347, 10.230847 ], [ -62.561306, 10.230421 ], [ -62.558998, 10.229131 ], [ -62.558651, 10.229012 ], [ -62.558071, 10.228753 ], [ -62.557240, 10.228626 ], [ -62.556290, 10.228225 ], [ -62.555553, 10.227459 ], [ -62.554977, 10.227018 ], [ -62.554081, 10.226297 ], [ -62.553295, 10.226034 ], [ -62.551090, 10.225636 ], [ -62.549473, 10.224791 ], [ -62.547855, 10.223990 ], [ -62.546768, 10.223517 ], [ -62.545635, 10.223044 ], [ -62.545311, 10.222948 ], [ -62.543575, 10.222054 ], [ -62.542374, 10.221558 ], [ -62.540871, 10.220828 ], [ -62.539993, 10.220473 ], [ -62.538929, 10.220024 ], [ -62.537102, 10.219106 ], [ -62.536365, 10.218524 ], [ -62.535053, 10.217409 ], [ -62.534435, 10.216737 ], [ -62.533768, 10.216134 ], [ -62.533245, 10.215121 ], [ -62.532833, 10.214589 ], [ -62.531643, 10.213157 ], [ -62.531044, 10.212600 ], [ -62.529732, 10.211507 ], [ -62.528740, 10.210831 ], [ -62.527981, 10.210476 ], [ -62.527168, 10.210146 ], [ -62.526249, 10.209493 ], [ -62.524929, 10.208856 ], [ -62.523800, 10.208223 ], [ -62.522945, 10.207799 ], [ -62.522068, 10.207238 ], [ -62.520920, 10.206170 ], [ -62.519844, 10.204443 ], [ -62.519764, 10.203642 ], [ -62.519615, 10.202543 ], [ -62.519341, 10.201946 ], [ -62.519093, 10.201486 ], [ -62.518955, 10.201301 ], [ -62.518494, 10.200997 ], [ -62.518333, 10.200858 ], [ -62.518101, 10.200785 ], [ -62.517872, 10.200600 ], [ -62.517456, 10.200388 ], [ -62.517200, 10.200384 ], [ -62.516781, 10.200491 ], [ -62.515991, 10.200230 ], [ -62.515530, 10.199834 ], [ -62.515022, 10.199759 ], [ -62.514023, 10.199561 ], [ -62.513538, 10.199257 ], [ -62.513031, 10.199043 ], [ -62.512428, 10.198942 ], [ -62.512573, 10.198489 ], [ -62.512650, 10.198055 ], [ -62.512325, 10.197778 ], [ -62.512333, 10.197275 ], [ -62.512451, 10.196911 ], [ -62.512600, 10.196228 ], [ -62.512207, 10.196131 ], [ -62.512020, 10.196220 ], [ -62.511211, 10.195865 ], [ -62.510727, 10.195378 ], [ -62.510475, 10.195169 ], [ -62.510155, 10.194502 ], [ -62.510170, 10.193429 ], [ -62.509964, 10.193084 ], [ -62.509929, 10.192238 ], [ -62.509628, 10.191982 ], [ -62.509441, 10.192208 ], [ -62.509231, 10.192365 ], [ -62.508972, 10.192589 ], [ -62.508648, 10.192402 ], [ -62.508488, 10.192103 ], [ -62.508347, 10.192284 ], [ -62.508320, 10.192625 ], [ -62.508526, 10.192880 ], [ -62.508522, 10.193315 ], [ -62.507961, 10.193579 ], [ -62.507645, 10.192890 ], [ -62.507317, 10.192793 ], [ -62.506531, 10.192622 ], [ -62.506252, 10.192345 ], [ -62.505749, 10.192017 ], [ -62.506035, 10.191360 ], [ -62.506268, 10.191179 ], [ -62.506828, 10.191187 ], [ -62.507088, 10.190872 ], [ -62.506905, 10.190664 ], [ -62.506718, 10.190523 ], [ -62.506325, 10.190404 ], [ -62.505882, 10.190396 ], [ -62.505421, 10.190346 ], [ -62.505119, 10.190227 ], [ -62.505314, 10.189339 ], [ -62.505371, 10.188701 ], [ -62.504883, 10.188601 ], [ -62.504185, 10.188727 ], [ -62.503723, 10.188151 ], [ -62.503525, 10.187576 ], [ -62.502666, 10.187221 ], [ -62.502346, 10.186759 ], [ -62.502144, 10.186277 ], [ -62.502033, 10.185886 ], [ -62.502014, 10.185430 ], [ -62.502281, 10.184680 ], [ -62.502335, 10.184066 ], [ -62.502209, 10.183035 ], [ -62.502094, 10.182758 ], [ -62.501747, 10.182799 ], [ -62.501392, 10.183138 ], [ -62.501179, 10.183454 ], [ -62.501037, 10.183635 ], [ -62.500809, 10.183449 ], [ -62.500477, 10.182995 ], [ -62.498001, 10.163254 ], [ -62.497543, 10.162638 ], [ -62.499775, 10.155108 ], [ -62.499973, 10.154040 ], [ -62.499912, 10.153428 ], [ -62.499279, 10.152287 ], [ -62.498673, 10.151284 ], [ -62.498150, 10.149957 ], [ -62.497749, 10.148813 ], [ -62.497108, 10.147212 ], [ -62.496922, 10.146687 ], [ -62.496727, 10.145633 ], [ -62.496555, 10.144762 ], [ -62.496265, 10.143524 ], [ -62.495911, 10.142471 ], [ -62.495403, 10.140387 ], [ -62.495144, 10.139540 ], [ -62.494766, 10.138649 ], [ -62.493984, 10.136661 ], [ -62.493721, 10.135515 ], [ -62.493462, 10.135081 ], [ -62.492596, 10.133529 ], [ -62.492054, 10.132249 ], [ -62.491535, 10.131198 ], [ -62.491348, 10.130603 ], [ -62.490948, 10.129827 ], [ -62.490547, 10.128982 ], [ -62.490543, 10.128706 ], [ -62.490608, 10.128178 ], [ -62.490719, 10.127763 ], [ -62.490639, 10.126615 ], [ -62.490189, 10.125380 ], [ -62.489441, 10.124217 ], [ -62.489159, 10.123990 ], [ -62.488293, 10.122393 ], [ -62.488106, 10.121935 ], [ -62.487446, 10.120450 ], [ -62.487000, 10.119743 ], [ -62.486671, 10.119057 ], [ -62.486595, 10.118415 ], [ -62.486820, 10.117885 ], [ -62.487137, 10.117376 ], [ -62.488033, 10.115459 ], [ -62.487861, 10.114311 ], [ -62.487713, 10.113463 ], [ -62.487198, 10.112528 ], [ -62.486382, 10.111252 ], [ -62.485889, 10.110660 ], [ -62.485241, 10.110047 ], [ -62.484264, 10.108795 ], [ -62.483334, 10.107841 ], [ -62.481987, 10.106295 ], [ -62.481125, 10.105363 ], [ -62.480751, 10.104770 ], [ -62.480301, 10.103626 ], [ -62.480183, 10.103100 ], [ -62.479664, 10.101889 ], [ -62.479404, 10.101339 ], [ -62.478653, 10.099809 ], [ -62.478512, 10.099582 ], [ -62.477764, 10.098143 ], [ -62.477222, 10.097207 ], [ -62.476429, 10.096000 ], [ -62.475937, 10.095039 ], [ -62.475788, 10.094008 ], [ -62.475826, 10.093273 ], [ -62.475979, 10.092422 ], [ -62.476066, 10.092052 ], [ -62.476151, 10.091500 ], [ -62.476402, 10.091244 ], [ -62.476532, 10.090623 ], [ -62.476135, 10.090053 ], [ -62.475990, 10.089296 ], [ -62.476120, 10.088860 ], [ -62.475609, 10.088153 ], [ -62.475193, 10.087812 ], [ -62.474178, 10.087342 ], [ -62.473683, 10.086338 ], [ -62.473667, 10.084960 ], [ -62.473755, 10.084407 ], [ -62.473747, 10.083695 ], [ -62.473438, 10.082849 ], [ -62.473129, 10.081956 ], [ -62.472340, 10.081185 ], [ -62.471874, 10.080639 ], [ -62.471504, 10.080183 ], [ -62.471493, 10.079219 ], [ -62.471420, 10.078944 ], [ -62.470859, 10.078123 ], [ -62.470508, 10.077415 ], [ -62.470146, 10.075743 ], [ -62.469742, 10.074391 ], [ -62.469620, 10.073751 ], [ -62.469238, 10.072423 ], [ -62.469024, 10.071942 ], [ -62.468739, 10.070912 ], [ -62.468620, 10.070638 ], [ -62.468559, 10.069306 ], [ -62.468624, 10.068755 ], [ -62.468708, 10.068317 ], [ -62.468792, 10.067306 ], [ -62.468788, 10.066961 ], [ -62.468700, 10.065493 ], [ -62.468693, 10.064733 ], [ -62.468960, 10.063858 ], [ -62.469071, 10.063466 ], [ -62.469452, 10.062612 ], [ -62.469669, 10.061691 ], [ -62.469875, 10.061574 ], [ -62.470333, 10.061223 ], [ -62.466499, 10.057042 ], [ -62.465626, 10.057052 ], [ -62.464909, 10.056761 ], [ -62.464142, 10.055851 ], [ -62.463554, 10.054458 ], [ -62.463177, 10.053611 ], [ -62.462757, 10.053180 ], [ -62.461876, 10.052362 ], [ -62.461185, 10.052026 ], [ -62.460762, 10.051319 ], [ -62.460156, 10.050385 ], [ -62.460079, 10.049742 ], [ -62.459595, 10.049334 ], [ -62.459137, 10.049661 ], [ -62.458607, 10.049506 ], [ -62.452503, 10.049943 ], [ -62.451939, 10.050501 ], [ -62.451988, 10.050960 ], [ -62.451878, 10.051168 ], [ -62.451630, 10.051722 ], [ -62.451336, 10.052185 ], [ -62.450767, 10.052628 ], [ -62.450447, 10.052954 ], [ -62.450222, 10.053208 ], [ -62.450001, 10.053900 ], [ -62.449455, 10.054527 ], [ -62.448933, 10.055152 ], [ -62.448387, 10.055457 ], [ -62.447361, 10.056205 ], [ -62.446491, 10.056537 ], [ -62.445969, 10.056771 ], [ -62.444637, 10.057063 ], [ -62.443924, 10.056796 ], [ -62.442459, 10.057064 ], [ -62.441700, 10.057142 ], [ -62.440735, 10.057199 ], [ -62.439678, 10.057073 ], [ -62.438850, 10.056875 ], [ -62.437611, 10.057097 ], [ -62.436554, 10.056787 ], [ -62.435104, 10.056666 ], [ -62.434807, 10.056669 ], [ -62.433910, 10.056542 ], [ -62.432362, 10.055779 ], [ -62.431946, 10.055392 ], [ -62.431000, 10.054852 ], [ -62.429871, 10.054750 ], [ -62.429115, 10.054621 ], [ -62.428646, 10.054007 ], [ -62.427879, 10.053027 ], [ -62.427647, 10.052708 ], [ -62.426422, 10.051896 ], [ -62.425289, 10.051242 ], [ -62.424393, 10.051068 ], [ -62.424068, 10.051071 ], [ -62.423923, 10.050292 ], [ -62.423889, 10.049052 ], [ -62.423439, 10.047978 ], [ -62.422737, 10.046906 ], [ -62.422272, 10.046154 ], [ -62.420876, 10.044607 ], [ -62.420090, 10.043859 ], [ -62.419693, 10.043289 ], [ -62.419201, 10.042398 ], [ -62.419105, 10.042125 ], [ -62.418793, 10.040727 ], [ -62.418259, 10.040113 ], [ -62.417793, 10.039774 ], [ -62.417416, 10.038744 ], [ -62.417435, 10.038283 ], [ -62.417313, 10.037827 ], [ -62.417168, 10.037208 ], [ -62.416382, 10.036551 ], [ -62.416058, 10.036187 ], [ -62.414990, 10.035073 ], [ -62.414822, 10.034569 ], [ -62.414745, 10.033675 ], [ -62.414803, 10.032802 ], [ -62.414955, 10.032134 ], [ -62.415360, 10.031073 ], [ -62.415493, 10.030910 ], [ -62.415878, 10.030216 ], [ -62.416145, 10.029662 ], [ -62.416801, 10.028439 ], [ -62.416840, 10.027770 ], [ -62.417148, 10.026619 ], [ -62.416847, 10.026346 ], [ -62.415878, 10.026220 ], [ -62.414776, 10.025980 ], [ -62.413887, 10.024474 ], [ -62.413509, 10.023537 ], [ -62.412903, 10.022532 ], [ -62.412018, 10.021555 ], [ -62.411667, 10.020755 ], [ -62.411308, 10.019610 ], [ -62.411167, 10.019107 ], [ -62.411110, 10.018120 ], [ -62.411175, 10.017776 ], [ -62.411282, 10.016900 ], [ -62.410862, 10.016399 ], [ -62.410378, 10.016038 ], [ -62.410023, 10.015375 ], [ -62.409969, 10.014573 ], [ -62.410145, 10.013742 ], [ -62.410229, 10.013054 ], [ -62.409710, 10.011659 ], [ -62.408993, 10.011299 ], [ -62.407864, 10.010990 ], [ -62.407353, 10.010122 ], [ -62.407413, 10.009709 ], [ -62.406769, 10.009555 ], [ -62.406231, 10.010664 ], [ -62.405754, 10.011243 ], [ -62.405071, 10.011848 ], [ -62.404186, 10.012686 ], [ -62.402889, 10.013596 ], [ -62.402180, 10.014040 ], [ -62.401401, 10.014326 ], [ -62.400116, 10.014179 ], [ -62.399864, 10.014182 ], [ -62.399219, 10.014234 ], [ -62.398365, 10.013463 ], [ -62.397644, 10.012599 ], [ -62.397133, 10.012144 ], [ -62.396664, 10.011141 ], [ -62.396133, 10.010939 ], [ -62.395508, 10.010509 ], [ -62.394791, 10.010081 ], [ -62.394192, 10.009628 ], [ -62.393192, 10.008697 ], [ -62.388992, 10.006632 ], [ -62.388576, 10.006224 ], [ -62.388062, 10.005356 ], [ -62.387295, 10.004676 ], [ -62.386856, 10.004336 ], [ -62.386375, 10.004364 ], [ -62.385868, 10.004118 ], [ -62.385578, 10.002881 ], [ -62.384678, 10.002478 ], [ -62.384380, 10.002389 ], [ -62.383663, 10.002098 ], [ -62.382973, 10.001830 ], [ -62.382511, 10.001469 ], [ -62.381153, 10.001118 ], [ -62.378433, 10.000933 ], [ -62.376862, 10.000629 ], [ -62.375168, 10.000207 ], [ -62.373051, 9.999663 ], [ -62.371517, 9.997985 ], [ -62.370190, 9.996941 ], [ -62.369182, 9.995963 ], [ -62.368218, 9.995257 ], [ -62.367096, 9.994259 ], [ -62.366085, 9.993508 ], [ -62.365375, 9.993143 ], [ -62.364388, 9.992732 ], [ -62.363445, 9.992140 ], [ -62.362782, 9.991640 ], [ -62.361359, 9.990798 ], [ -62.360619, 9.990333 ], [ -62.360165, 9.990046 ], [ -62.359108, 9.989454 ], [ -62.358261, 9.988862 ], [ -62.357849, 9.988611 ], [ -62.357159, 9.988134 ], [ -62.357063, 9.987944 ], [ -62.356407, 9.986615 ], [ -62.355972, 9.985641 ], [ -62.355518, 9.984780 ], [ -62.355038, 9.983784 ], [ -62.354881, 9.983150 ], [ -62.354721, 9.982425 ], [ -62.354706, 9.980955 ], [ -62.354641, 9.979667 ], [ -62.355015, 9.978175 ], [ -62.355297, 9.976955 ], [ -62.355579, 9.975667 ], [ -62.355839, 9.974380 ], [ -62.355884, 9.973860 ], [ -62.356094, 9.972820 ], [ -62.356190, 9.972255 ], [ -62.356609, 9.970607 ], [ -62.356731, 9.969770 ], [ -62.356918, 9.968867 ], [ -62.357365, 9.966336 ], [ -62.357529, 9.965523 ], [ -62.357765, 9.964530 ], [ -62.357887, 9.962833 ], [ -62.357887, 9.962088 ], [ -62.357937, 9.961093 ], [ -62.357834, 9.958831 ], [ -62.357838, 9.957835 ], [ -62.358006, 9.956299 ], [ -62.358055, 9.955123 ], [ -62.358036, 9.954105 ], [ -62.358089, 9.952071 ], [ -62.358143, 9.951054 ], [ -62.358215, 9.950216 ], [ -62.358219, 9.948566 ], [ -62.358368, 9.946645 ], [ -62.358349, 9.945695 ], [ -62.358330, 9.944045 ], [ -62.358406, 9.942282 ], [ -62.358414, 9.941059 ], [ -62.358490, 9.939545 ], [ -62.358494, 9.937962 ], [ -62.358475, 9.937396 ], [ -62.358459, 9.935044 ], [ -62.358353, 9.933847 ], [ -62.358242, 9.931947 ], [ -62.358177, 9.931245 ], [ -62.358112, 9.930295 ], [ -62.358002, 9.929028 ], [ -62.357963, 9.927626 ], [ -62.357830, 9.926292 ], [ -62.357742, 9.924933 ], [ -62.357796, 9.923691 ], [ -62.357841, 9.922945 ], [ -62.357941, 9.922221 ], [ -62.358055, 9.921590 ], [ -62.358223, 9.920549 ], [ -62.358364, 9.919126 ], [ -62.358463, 9.917814 ], [ -62.358585, 9.915915 ], [ -62.358730, 9.914514 ], [ -62.358875, 9.912344 ], [ -62.358952, 9.910851 ], [ -62.359165, 9.908886 ], [ -62.359260, 9.908140 ], [ -62.359547, 9.906309 ], [ -62.359901, 9.903483 ], [ -62.360001, 9.902399 ], [ -62.360515, 9.899981 ], [ -62.360607, 9.899281 ], [ -62.360664, 9.897155 ], [ -62.360672, 9.894827 ], [ -62.360821, 9.892385 ], [ -62.360966, 9.890825 ], [ -62.360863, 9.887636 ], [ -62.360664, 9.885555 ], [ -62.360645, 9.884831 ], [ -62.360653, 9.883340 ], [ -62.360611, 9.882164 ], [ -62.360737, 9.879812 ], [ -62.360146, 9.878366 ], [ -62.360146, 9.877560 ], [ -62.360165, 9.876457 ], [ -62.360100, 9.873952 ], [ -62.360008, 9.873102 ], [ -62.359962, 9.872043 ], [ -62.359875, 9.871356 ], [ -62.359791, 9.869864 ], [ -62.359783, 9.868669 ], [ -62.359730, 9.867566 ], [ -62.359665, 9.866671 ], [ -62.359611, 9.865622 ], [ -62.359547, 9.864835 ], [ -62.359463, 9.864146 ], [ -62.359413, 9.863207 ], [ -62.359390, 9.862175 ], [ -62.359276, 9.861398 ], [ -62.359207, 9.860592 ], [ -62.358997, 9.858647 ], [ -62.358601, 9.856675 ], [ -62.358314, 9.855490 ], [ -62.358063, 9.854692 ], [ -62.357838, 9.854005 ], [ -62.357517, 9.853191 ], [ -62.357292, 9.852530 ], [ -62.357067, 9.851934 ], [ -62.356842, 9.851182 ], [ -62.356632, 9.850341 ], [ -62.356445, 9.849354 ], [ -62.356338, 9.848694 ], [ -62.356053, 9.847499 ], [ -62.355774, 9.846522 ], [ -62.355354, 9.845544 ], [ -62.354820, 9.844593 ], [ -62.354332, 9.843661 ], [ -62.353890, 9.841671 ], [ -62.353649, 9.840341 ], [ -62.353443, 9.839635 ], [ -62.352901, 9.838295 ], [ -62.352699, 9.837581 ], [ -62.352474, 9.836947 ], [ -62.351688, 9.835309 ], [ -62.351002, 9.833760 ], [ -62.350754, 9.833099 ], [ -62.350426, 9.832105 ], [ -62.349934, 9.830919 ], [ -62.349445, 9.829851 ], [ -62.349033, 9.829217 ], [ -62.348095, 9.827886 ], [ -62.347568, 9.827233 ], [ -62.346905, 9.826536 ], [ -62.346329, 9.825884 ], [ -62.345539, 9.824769 ], [ -62.345131, 9.824281 ], [ -62.344318, 9.823357 ], [ -62.343746, 9.822677 ], [ -62.343220, 9.822006 ], [ -62.342644, 9.821237 ], [ -62.341980, 9.820629 ], [ -62.341438, 9.820258 ], [ -62.340843, 9.819758 ], [ -62.340179, 9.819088 ], [ -62.339630, 9.818436 ], [ -62.338982, 9.817648 ], [ -62.338455, 9.816970 ], [ -62.337887, 9.816453 ], [ -62.337154, 9.815872 ], [ -62.336368, 9.815110 ], [ -62.335563, 9.814350 ], [ -62.334999, 9.814023 ], [ -62.334660, 9.813479 ], [ -62.334007, 9.812484 ], [ -62.332848, 9.811387 ], [ -62.332256, 9.810943 ], [ -62.331520, 9.810335 ], [ -62.330955, 9.810008 ], [ -62.330299, 9.809673 ], [ -62.329456, 9.809309 ], [ -62.328499, 9.809028 ], [ -62.327701, 9.808708 ], [ -62.326904, 9.808354 ], [ -62.326294, 9.808001 ], [ -62.325493, 9.807447 ], [ -62.324669, 9.806940 ], [ -62.322525, 9.805733 ], [ -62.321774, 9.805216 ], [ -62.320831, 9.804616 ], [ -62.319439, 9.803709 ], [ -62.317578, 9.802376 ], [ -62.316658, 9.801849 ], [ -62.315762, 9.801296 ], [ -62.314983, 9.800788 ], [ -62.314465, 9.800407 ], [ -62.313614, 9.799690 ], [ -62.312264, 9.798531 ], [ -62.311718, 9.798014 ], [ -62.311218, 9.797480 ], [ -62.309791, 9.796156 ], [ -62.308918, 9.795467 ], [ -62.308212, 9.794950 ], [ -62.307667, 9.794478 ], [ -62.307091, 9.793808 ], [ -62.305939, 9.792132 ], [ -62.305458, 9.791481 ], [ -62.305096, 9.790847 ], [ -62.303894, 9.788321 ], [ -62.303623, 9.787642 ], [ -62.303169, 9.786177 ], [ -62.302773, 9.785090 ], [ -62.302548, 9.784448 ], [ -62.302197, 9.783380 ], [ -62.302013, 9.782619 ], [ -62.301659, 9.780357 ], [ -62.301617, 9.779625 ], [ -62.301617, 9.778792 ], [ -62.301647, 9.778061 ], [ -62.301643, 9.776079 ], [ -62.301659, 9.774886 ], [ -62.301712, 9.774144 ], [ -62.301849, 9.773223 ], [ -62.301857, 9.772580 ], [ -62.301933, 9.771820 ], [ -62.302021, 9.770762 ], [ -62.302139, 9.769958 ], [ -62.302261, 9.769289 ], [ -62.302406, 9.768612 ], [ -62.302639, 9.767690 ], [ -62.302761, 9.767002 ], [ -62.302948, 9.766098 ], [ -62.303162, 9.765402 ], [ -62.303619, 9.764218 ], [ -62.303989, 9.763197 ], [ -62.304386, 9.761489 ], [ -62.304623, 9.760675 ], [ -62.304836, 9.760078 ], [ -62.305557, 9.758217 ], [ -62.306038, 9.757106 ], [ -62.306477, 9.756012 ], [ -62.307068, 9.754711 ], [ -62.307373, 9.753970 ], [ -62.307590, 9.753391 ], [ -62.308079, 9.752362 ], [ -62.308514, 9.751323 ], [ -62.308857, 9.750256 ], [ -62.309139, 9.749516 ], [ -62.309403, 9.748882 ], [ -62.309757, 9.748115 ], [ -62.310089, 9.747536 ], [ -62.310780, 9.746416 ], [ -62.311718, 9.744944 ], [ -62.312694, 9.743290 ], [ -62.313290, 9.742008 ], [ -62.313843, 9.741005 ], [ -62.314838, 9.739126 ], [ -62.315456, 9.737843 ], [ -62.315857, 9.737120 ], [ -62.317803, 9.734339 ], [ -62.318382, 9.733426 ], [ -62.318695, 9.732893 ], [ -62.319290, 9.731772 ], [ -62.320091, 9.730354 ], [ -62.320377, 9.729749 ], [ -62.320755, 9.729053 ], [ -62.321659, 9.727346 ], [ -62.322811, 9.725087 ], [ -62.323189, 9.724437 ], [ -62.323856, 9.723434 ], [ -62.324486, 9.722594 ], [ -62.325046, 9.721863 ], [ -62.325451, 9.721303 ], [ -62.325810, 9.720788 ], [ -62.326611, 9.719578 ], [ -62.327282, 9.718594 ], [ -62.327801, 9.717935 ], [ -62.328457, 9.717276 ], [ -62.329086, 9.716617 ], [ -62.329586, 9.716074 ], [ -62.330059, 9.715650 ], [ -62.330742, 9.715063 ], [ -62.332100, 9.713837 ], [ -62.332645, 9.713386 ], [ -62.333187, 9.712861 ], [ -62.333775, 9.712203 ], [ -62.334179, 9.711625 ], [ -62.334827, 9.710758 ], [ -62.335369, 9.710144 ], [ -62.335869, 9.709765 ], [ -62.336529, 9.709169 ], [ -62.337368, 9.708510 ], [ -62.338051, 9.708060 ], [ -62.338688, 9.707555 ], [ -62.339211, 9.707058 ], [ -62.339687, 9.706662 ], [ -62.341320, 9.705245 ], [ -62.342113, 9.704531 ], [ -62.342838, 9.703845 ], [ -62.343701, 9.703134 ], [ -62.344471, 9.702401 ], [ -62.345127, 9.701860 ], [ -62.345741, 9.701409 ], [ -62.347217, 9.700200 ], [ -62.348144, 9.699279 ], [ -62.348911, 9.698459 ], [ -62.349518, 9.697681 ], [ -62.349876, 9.697148 ], [ -62.350445, 9.696671 ], [ -62.350994, 9.696363 ], [ -62.351471, 9.695957 ], [ -62.351898, 9.695470 ], [ -62.352302, 9.694901 ], [ -62.352680, 9.694341 ], [ -62.353424, 9.693501 ], [ -62.353897, 9.693050 ], [ -62.355766, 9.691714 ], [ -62.356670, 9.690848 ], [ -62.357185, 9.690206 ], [ -62.357895, 9.689666 ], [ -62.358532, 9.689278 ], [ -62.359104, 9.688991 ], [ -62.359787, 9.688494 ], [ -62.360237, 9.688024 ], [ -62.360733, 9.687455 ], [ -62.361866, 9.686309 ], [ -62.362270, 9.685839 ], [ -62.363060, 9.685055 ], [ -62.363674, 9.684558 ], [ -62.364246, 9.684196 ], [ -62.364849, 9.683312 ], [ -62.365231, 9.682824 ], [ -62.365398, 9.682055 ], [ -62.365589, 9.681478 ], [ -62.365807, 9.680763 ], [ -62.366413, 9.679163 ], [ -62.366696, 9.678350 ], [ -62.366905, 9.677563 ], [ -62.367165, 9.676777 ], [ -62.367535, 9.675891 ], [ -62.367870, 9.675377 ], [ -62.368412, 9.674816 ], [ -62.368839, 9.674275 ], [ -62.369198, 9.673759 ], [ -62.369663, 9.672947 ], [ -62.370243, 9.672098 ], [ -62.370751, 9.671032 ], [ -62.370945, 9.669866 ], [ -62.371365, 9.669369 ], [ -62.371830, 9.668890 ], [ -62.372272, 9.668385 ], [ -62.372601, 9.667906 ], [ -62.372997, 9.667237 ], [ -62.373535, 9.666551 ], [ -62.373982, 9.665864 ], [ -62.374496, 9.665043 ], [ -62.374824, 9.664401 ], [ -62.375111, 9.663623 ], [ -62.375252, 9.662801 ], [ -62.375442, 9.662014 ], [ -62.375519, 9.661445 ], [ -62.375923, 9.659998 ], [ -62.376064, 9.659356 ], [ -62.376186, 9.658732 ], [ -62.376282, 9.658000 ], [ -62.376381, 9.657061 ], [ -62.376389, 9.655974 ], [ -62.376369, 9.655404 ], [ -62.376373, 9.654717 ], [ -62.376404, 9.653885 ], [ -62.376549, 9.653198 ], [ -62.376831, 9.652375 ], [ -62.377094, 9.651525 ], [ -62.377411, 9.648976 ], [ -62.377705, 9.646906 ], [ -62.377785, 9.645368 ], [ -62.377857, 9.644745 ], [ -62.377915, 9.643696 ], [ -62.377872, 9.642908 ], [ -62.377949, 9.642103 ], [ -62.378235, 9.640594 ], [ -62.378735, 9.638641 ], [ -62.379093, 9.637032 ], [ -62.379173, 9.636001 ], [ -62.379410, 9.634897 ], [ -62.379909, 9.632854 ], [ -62.380173, 9.631915 ], [ -62.380363, 9.631020 ], [ -62.380463, 9.630106 ], [ -62.380516, 9.629347 ], [ -62.380543, 9.628633 ], [ -62.380554, 9.627050 ], [ -62.380493, 9.626081 ], [ -62.380474, 9.625340 ], [ -62.380524, 9.624770 ], [ -62.380714, 9.623948 ], [ -62.380909, 9.623053 ], [ -62.381260, 9.622175 ], [ -62.381592, 9.621281 ], [ -62.381874, 9.620622 ], [ -62.382179, 9.619790 ], [ -62.382671, 9.619014 ], [ -62.383328, 9.618174 ], [ -62.383839, 9.617596 ], [ -62.384491, 9.617008 ], [ -62.385098, 9.616440 ], [ -62.385681, 9.615772 ], [ -62.386334, 9.615140 ], [ -62.387081, 9.614590 ], [ -62.387802, 9.614139 ], [ -62.388405, 9.613841 ], [ -62.388962, 9.613589 ], [ -62.389568, 9.613183 ], [ -62.390148, 9.612615 ], [ -62.390617, 9.612136 ], [ -62.391014, 9.611657 ], [ -62.391434, 9.611105 ], [ -62.392017, 9.610284 ], [ -62.392414, 9.609850 ], [ -62.392834, 9.609435 ], [ -62.393395, 9.608939 ], [ -62.394604, 9.608136 ], [ -62.395092, 9.607802 ], [ -62.396046, 9.607026 ], [ -62.396748, 9.606205 ], [ -62.397285, 9.605400 ], [ -62.397705, 9.604713 ], [ -62.398311, 9.603892 ], [ -62.398991, 9.603206 ], [ -62.400017, 9.602068 ], [ -62.400437, 9.601589 ], [ -62.400833, 9.600903 ], [ -62.401371, 9.600072 ], [ -62.401981, 9.599295 ], [ -62.402424, 9.598798 ], [ -62.403145, 9.598130 ], [ -62.403660, 9.597678 ], [ -62.404426, 9.597038 ], [ -62.405079, 9.596469 ], [ -62.405499, 9.595919 ], [ -62.405899, 9.595214 ], [ -62.406460, 9.594437 ], [ -62.407112, 9.593704 ], [ -62.407837, 9.592974 ], [ -62.408375, 9.592314 ], [ -62.408699, 9.591826 ], [ -62.408981, 9.591330 ], [ -62.409451, 9.590408 ], [ -62.409920, 9.589514 ], [ -62.410881, 9.588078 ], [ -62.411511, 9.587318 ], [ -62.411884, 9.586822 ], [ -62.412537, 9.585927 ], [ -62.413006, 9.585267 ], [ -62.413475, 9.584554 ], [ -62.413917, 9.584003 ], [ -62.414360, 9.583597 ], [ -62.414780, 9.583181 ], [ -62.415245, 9.582684 ], [ -62.415829, 9.581863 ], [ -62.416344, 9.581285 ], [ -62.416763, 9.580896 ], [ -62.418137, 9.579877 ], [ -62.418625, 9.579444 ], [ -62.419254, 9.578785 ], [ -62.419861, 9.578097 ], [ -62.420605, 9.577322 ], [ -62.421353, 9.576635 ], [ -62.423332, 9.575183 ], [ -62.423912, 9.574651 ], [ -62.424355, 9.574198 ], [ -62.424869, 9.573512 ], [ -62.425362, 9.572753 ], [ -62.425758, 9.572184 ], [ -62.427185, 9.570287 ], [ -62.427746, 9.569646 ], [ -62.428188, 9.569240 ], [ -62.428795, 9.568572 ], [ -62.429890, 9.567089 ], [ -62.430336, 9.566538 ], [ -62.430824, 9.566087 ], [ -62.431408, 9.565582 ], [ -62.431965, 9.565131 ], [ -62.432339, 9.564696 ], [ -62.432831, 9.563910 ], [ -62.433369, 9.563026 ], [ -62.433884, 9.562058 ], [ -62.434940, 9.560134 ], [ -62.435337, 9.559492 ], [ -62.435760, 9.558761 ], [ -62.436203, 9.558029 ], [ -62.436909, 9.556745 ], [ -62.437351, 9.555996 ], [ -62.437939, 9.555101 ], [ -62.438736, 9.553610 ], [ -62.439178, 9.552923 ], [ -62.439529, 9.552282 ], [ -62.439766, 9.551685 ], [ -62.440121, 9.550845 ], [ -62.440426, 9.550086 ], [ -62.440777, 9.549281 ], [ -62.441342, 9.548161 ], [ -62.442070, 9.546832 ], [ -62.442467, 9.546263 ], [ -62.442772, 9.545621 ], [ -62.443054, 9.544771 ], [ -62.443363, 9.543949 ], [ -62.443550, 9.543326 ], [ -62.443855, 9.542413 ], [ -62.444023, 9.541771 ], [ -62.444122, 9.540939 ], [ -62.444130, 9.539700 ], [ -62.444111, 9.539121 ], [ -62.444214, 9.537836 ], [ -62.444199, 9.536778 ], [ -62.444111, 9.536001 ], [ -62.444115, 9.535403 ], [ -62.444035, 9.533703 ], [ -62.443970, 9.532961 ], [ -62.443794, 9.531559 ], [ -62.443634, 9.531008 ], [ -62.443226, 9.530011 ], [ -62.442814, 9.529324 ], [ -62.442471, 9.528727 ], [ -62.442150, 9.528011 ], [ -62.441833, 9.527243 ], [ -62.441147, 9.526182 ], [ -62.440617, 9.525513 ], [ -62.440067, 9.524960 ], [ -62.439724, 9.524498 ], [ -62.439312, 9.523963 ], [ -62.439060, 9.523430 ], [ -62.438419, 9.522281 ], [ -62.438122, 9.521610 ], [ -62.437828, 9.520805 ], [ -62.437599, 9.520018 ], [ -62.437420, 9.519330 ], [ -62.437355, 9.518705 ], [ -62.437321, 9.517259 ], [ -62.437325, 9.516481 ], [ -62.437428, 9.514962 ], [ -62.437599, 9.513351 ], [ -62.437656, 9.511842 ], [ -62.437729, 9.511246 ], [ -62.437874, 9.510550 ], [ -62.438259, 9.508415 ], [ -62.438545, 9.507429 ], [ -62.438850, 9.506562 ], [ -62.439110, 9.506029 ], [ -62.439346, 9.505432 ], [ -62.439606, 9.504636 ], [ -62.439934, 9.504013 ], [ -62.440170, 9.503489 ], [ -62.440407, 9.502892 ], [ -62.440739, 9.501328 ], [ -62.440811, 9.500686 ], [ -62.441128, 9.498788 ], [ -62.441223, 9.497983 ], [ -62.441231, 9.497132 ], [ -62.441006, 9.496074 ], [ -62.440689, 9.495060 ], [ -62.439983, 9.493396 ], [ -62.439644, 9.492517 ], [ -62.439232, 9.491712 ], [ -62.438797, 9.491069 ], [ -62.438385, 9.490417 ], [ -62.437328, 9.489104 ], [ -62.436802, 9.488498 ], [ -62.436295, 9.488080 ], [ -62.435764, 9.487663 ], [ -62.435165, 9.487247 ], [ -62.434525, 9.486712 ], [ -62.433949, 9.486250 ], [ -62.433418, 9.485923 ], [ -62.432125, 9.485360 ], [ -62.431480, 9.484988 ], [ -62.430927, 9.484798 ], [ -62.430161, 9.484678 ], [ -62.429493, 9.484587 ], [ -62.428799, 9.484442 ], [ -62.428127, 9.484322 ], [ -62.426693, 9.484311 ], [ -62.426090, 9.484328 ], [ -62.425491, 9.484390 ], [ -62.424747, 9.484525 ], [ -62.424053, 9.484732 ], [ -62.422588, 9.485335 ], [ -62.421917, 9.485678 ], [ -62.419712, 9.486650 ], [ -62.418968, 9.486967 ], [ -62.418297, 9.487283 ], [ -62.417740, 9.487507 ], [ -62.417160, 9.487715 ], [ -62.416347, 9.487984 ], [ -62.415512, 9.488228 ], [ -62.414955, 9.488407 ], [ -62.414120, 9.488586 ], [ -62.413219, 9.488693 ], [ -62.412525, 9.488621 ], [ -62.411854, 9.488574 ], [ -62.411274, 9.488428 ], [ -62.410629, 9.488292 ], [ -62.409889, 9.488118 ], [ -62.408226, 9.487690 ], [ -62.407532, 9.487553 ], [ -62.406910, 9.487289 ], [ -62.406334, 9.486991 ], [ -62.405826, 9.486691 ], [ -62.405274, 9.486338 ], [ -62.404766, 9.485902 ], [ -62.403778, 9.485131 ], [ -62.403229, 9.484462 ], [ -62.401848, 9.482931 ], [ -62.401253, 9.482243 ], [ -62.400383, 9.480858 ], [ -62.399948, 9.480052 ], [ -62.399673, 9.479445 ], [ -62.399357, 9.478829 ], [ -62.398991, 9.478295 ], [ -62.398621, 9.477715 ], [ -62.398258, 9.477001 ], [ -62.397984, 9.476331 ], [ -62.397713, 9.475734 ], [ -62.397484, 9.475182 ], [ -62.397278, 9.474602 ], [ -62.397030, 9.474006 ], [ -62.396824, 9.473362 ], [ -62.396667, 9.472756 ], [ -62.396557, 9.472051 ], [ -62.396542, 9.471128 ], [ -62.396454, 9.470341 ], [ -62.396401, 9.468180 ], [ -62.396431, 9.467330 ], [ -62.396481, 9.466688 ], [ -62.396576, 9.466091 ], [ -62.396797, 9.464391 ], [ -62.397030, 9.463821 ], [ -62.397384, 9.463044 ], [ -62.398338, 9.462195 ], [ -62.399086, 9.461057 ], [ -62.399460, 9.460389 ], [ -62.399910, 9.459476 ], [ -62.400261, 9.458672 ], [ -62.400612, 9.457894 ], [ -62.400848, 9.457181 ], [ -62.400993, 9.456566 ], [ -62.401070, 9.455644 ], [ -62.401142, 9.455029 ], [ -62.401317, 9.453138 ], [ -62.401420, 9.451628 ], [ -62.401520, 9.450796 ], [ -62.401741, 9.449123 ], [ -62.402031, 9.447468 ], [ -62.402241, 9.446692 ], [ -62.402370, 9.445055 ], [ -62.402512, 9.444295 ], [ -62.402683, 9.442993 ], [ -62.402851, 9.442252 ], [ -62.402996, 9.441520 ], [ -62.403141, 9.440560 ], [ -62.403522, 9.438997 ], [ -62.403622, 9.438327 ], [ -62.403790, 9.436954 ], [ -62.403889, 9.436284 ], [ -62.403946, 9.434719 ], [ -62.404137, 9.433779 ], [ -62.404350, 9.433092 ], [ -62.404495, 9.432432 ], [ -62.405037, 9.431122 ], [ -62.405437, 9.430018 ], [ -62.405743, 9.429241 ], [ -62.405979, 9.428347 ], [ -62.406387, 9.426187 ], [ -62.406696, 9.425390 ], [ -62.407093, 9.424468 ], [ -62.407471, 9.423511 ], [ -62.407944, 9.422453 ], [ -62.408154, 9.421884 ], [ -62.408436, 9.421305 ], [ -62.409050, 9.419661 ], [ -62.409195, 9.418485 ], [ -62.408951, 9.417218 ], [ -62.408772, 9.416440 ], [ -62.408569, 9.415635 ], [ -62.408409, 9.414893 ], [ -62.408074, 9.413446 ], [ -62.407734, 9.412704 ], [ -62.407387, 9.412179 ], [ -62.406445, 9.411363 ], [ -62.405964, 9.410828 ], [ -62.405277, 9.409949 ], [ -62.404747, 9.409487 ], [ -62.403782, 9.408518 ], [ -62.403393, 9.408101 ], [ -62.402679, 9.407476 ], [ -62.402126, 9.407032 ], [ -62.401482, 9.406796 ], [ -62.400810, 9.406469 ], [ -62.400120, 9.406169 ], [ -62.399589, 9.405888 ], [ -62.398991, 9.405543 ], [ -62.398483, 9.405127 ], [ -62.397934, 9.404728 ], [ -62.397217, 9.404355 ], [ -62.396435, 9.403703 ], [ -62.395031, 9.402705 ], [ -62.394337, 9.402605 ], [ -62.393646, 9.402486 ], [ -62.392879, 9.402458 ], [ -62.392258, 9.402385 ], [ -62.391518, 9.402383 ], [ -62.390938, 9.402327 ], [ -62.390152, 9.402281 ], [ -62.388836, 9.402153 ], [ -62.387840, 9.402006 ], [ -62.387169, 9.401933 ], [ -62.386109, 9.401768 ], [ -62.385345, 9.401604 ], [ -62.384674, 9.401413 ], [ -62.384007, 9.401158 ], [ -62.382576, 9.400595 ], [ -62.382023, 9.400313 ], [ -62.380226, 9.399216 ], [ -62.379486, 9.398826 ], [ -62.378983, 9.398499 ], [ -62.378498, 9.398172 ], [ -62.378018, 9.397684 ], [ -62.377140, 9.396940 ], [ -62.376591, 9.396523 ], [ -62.374630, 9.395226 ], [ -62.373848, 9.394737 ], [ -62.373135, 9.394410 ], [ -62.372440, 9.394174 ], [ -62.371746, 9.393965 ], [ -62.370987, 9.393818 ], [ -62.370338, 9.393908 ], [ -62.369480, 9.394150 ], [ -62.368854, 9.394240 ], [ -62.368229, 9.394375 ], [ -62.367557, 9.394482 ], [ -62.366165, 9.394796 ], [ -62.365566, 9.394948 ], [ -62.364914, 9.395245 ], [ -62.364197, 9.395442 ], [ -62.363266, 9.395758 ], [ -62.362480, 9.395965 ], [ -62.361111, 9.396341 ], [ -62.360416, 9.396495 ], [ -62.359860, 9.396630 ], [ -62.359119, 9.396854 ], [ -62.358330, 9.397061 ], [ -62.357544, 9.397213 ], [ -62.356918, 9.397276 ], [ -62.356087, 9.397228 ], [ -62.355484, 9.397038 ], [ -62.354771, 9.396710 ], [ -62.353756, 9.396265 ], [ -62.352974, 9.395803 ], [ -62.352490, 9.395431 ], [ -62.352032, 9.394824 ], [ -62.351711, 9.394244 ], [ -62.351322, 9.393466 ], [ -62.350818, 9.392723 ], [ -62.350540, 9.392154 ], [ -62.350037, 9.391411 ], [ -62.349556, 9.390840 ], [ -62.348591, 9.389563 ], [ -62.347446, 9.387997 ], [ -62.346920, 9.387327 ], [ -62.346027, 9.386004 ], [ -62.345501, 9.385199 ], [ -62.344975, 9.384438 ], [ -62.344082, 9.383070 ], [ -62.343716, 9.382590 ], [ -62.343094, 9.381820 ], [ -62.342545, 9.381268 ], [ -62.342014, 9.380824 ], [ -62.340839, 9.379944 ], [ -62.339851, 9.379182 ], [ -62.339138, 9.378648 ], [ -62.338562, 9.378293 ], [ -62.338032, 9.378012 ], [ -62.335796, 9.377058 ], [ -62.333835, 9.376078 ], [ -62.332775, 9.375470 ], [ -62.331184, 9.374517 ], [ -62.330196, 9.373865 ], [ -62.329392, 9.373447 ], [ -62.327709, 9.372395 ], [ -62.326904, 9.371814 ], [ -62.326004, 9.371188 ], [ -62.324509, 9.370100 ], [ -62.323868, 9.369538 ], [ -62.323315, 9.369013 ], [ -62.322834, 9.368433 ], [ -62.322376, 9.367853 ], [ -62.321800, 9.367092 ], [ -62.321411, 9.366540 ], [ -62.321068, 9.366005 ], [ -62.320725, 9.365500 ], [ -62.320221, 9.364828 ], [ -62.319855, 9.364322 ], [ -62.319168, 9.363398 ], [ -62.318665, 9.362673 ], [ -62.318207, 9.361804 ], [ -62.317959, 9.361179 ], [ -62.317825, 9.360464 ], [ -62.317738, 9.359867 ], [ -62.317585, 9.358393 ], [ -62.317684, 9.357678 ], [ -62.317963, 9.357127 ], [ -62.318432, 9.356287 ], [ -62.319160, 9.354887 ], [ -62.319607, 9.354182 ], [ -62.320469, 9.352963 ], [ -62.321472, 9.351781 ], [ -62.322193, 9.351230 ], [ -62.322682, 9.350869 ], [ -62.323891, 9.350094 ], [ -62.324539, 9.349760 ], [ -62.326355, 9.348669 ], [ -62.327469, 9.348011 ], [ -62.328095, 9.347669 ], [ -62.340908, 9.336904 ], [ -62.341102, 9.336306 ], [ -62.341324, 9.335464 ], [ -62.341660, 9.334454 ], [ -62.341763, 9.333793 ], [ -62.341919, 9.332526 ], [ -62.342064, 9.331848 ], [ -62.341984, 9.331089 ], [ -62.341831, 9.330438 ], [ -62.341530, 9.328782 ], [ -62.341175, 9.327452 ], [ -62.340569, 9.326067 ], [ -62.340103, 9.324518 ], [ -62.339588, 9.323271 ], [ -62.339394, 9.322375 ], [ -62.339287, 9.321705 ], [ -62.339085, 9.321062 ], [ -62.338692, 9.319425 ], [ -62.338447, 9.318547 ], [ -62.338203, 9.317949 ], [ -62.337955, 9.317262 ], [ -62.337505, 9.316339 ], [ -62.336941, 9.315452 ], [ -62.336575, 9.314926 ], [ -62.336143, 9.314346 ], [ -62.335461, 9.313458 ], [ -62.334709, 9.312463 ], [ -62.334122, 9.311539 ], [ -62.333599, 9.310678 ], [ -62.333103, 9.309891 ], [ -62.331898, 9.308179 ], [ -62.331398, 9.307418 ], [ -62.330925, 9.306604 ], [ -62.330242, 9.305798 ], [ -62.329056, 9.304447 ], [ -62.328255, 9.303768 ], [ -62.327545, 9.302953 ], [ -62.326427, 9.301748 ], [ -62.325653, 9.300887 ], [ -62.325218, 9.300469 ], [ -62.324486, 9.299790 ], [ -62.324005, 9.299373 ], [ -62.323277, 9.298631 ], [ -62.322750, 9.298213 ], [ -62.322040, 9.297534 ], [ -62.321541, 9.296972 ], [ -62.321175, 9.296465 ], [ -62.320835, 9.295885 ], [ -62.320522, 9.295171 ], [ -62.320415, 9.294528 ], [ -62.320492, 9.293886 ], [ -62.320801, 9.293290 ], [ -62.321156, 9.292820 ], [ -62.321537, 9.292224 ], [ -62.322365, 9.290859 ], [ -62.322719, 9.290263 ], [ -62.323074, 9.289632 ], [ -62.323479, 9.288972 ], [ -62.324043, 9.288104 ], [ -62.324444, 9.287508 ], [ -62.324894, 9.286758 ], [ -62.325226, 9.286235 ], [ -62.325653, 9.285466 ], [ -62.326035, 9.284916 ], [ -62.326416, 9.283984 ], [ -62.326355, 9.283360 ], [ -62.326202, 9.282673 ], [ -62.325924, 9.280899 ], [ -62.325783, 9.279426 ], [ -62.325371, 9.277246 ], [ -62.325195, 9.276592 ], [ -62.325069, 9.275634 ], [ -62.324871, 9.274847 ], [ -62.324650, 9.274222 ], [ -62.324429, 9.273490 ], [ -62.324299, 9.272820 ], [ -62.324261, 9.272087 ], [ -62.324268, 9.271419 ], [ -62.324352, 9.270505 ], [ -62.324318, 9.269609 ], [ -62.324329, 9.268895 ], [ -62.324387, 9.267955 ], [ -62.324444, 9.267150 ], [ -62.324524, 9.266282 ], [ -62.324654, 9.265550 ], [ -62.324848, 9.264636 ], [ -62.324673, 9.263849 ], [ -62.324474, 9.263251 ], [ -62.323929, 9.262464 ], [ -62.323475, 9.261902 ], [ -62.322811, 9.261250 ], [ -62.322285, 9.260905 ], [ -62.321712, 9.260479 ], [ -62.319122, 9.258448 ], [ -62.318653, 9.258167 ], [ -62.317810, 9.257785 ], [ -62.317169, 9.257233 ], [ -62.316833, 9.256653 ], [ -62.316654, 9.256056 ], [ -62.316528, 9.255251 ], [ -62.316349, 9.254671 ], [ -62.316197, 9.253984 ], [ -62.316254, 9.253106 ], [ -62.316437, 9.251660 ], [ -62.316284, 9.250999 ], [ -62.316154, 9.250348 ], [ -62.316071, 9.249732 ], [ -62.315895, 9.248927 ], [ -62.315647, 9.248303 ], [ -62.315220, 9.247515 ], [ -62.314808, 9.247026 ], [ -62.314262, 9.246428 ], [ -62.313667, 9.245866 ], [ -62.313095, 9.245377 ], [ -62.312477, 9.244996 ], [ -62.310520, 9.243988 ], [ -62.309948, 9.243770 ], [ -62.309048, 9.243506 ], [ -62.308335, 9.243196 ], [ -62.307621, 9.242915 ], [ -62.307045, 9.242634 ], [ -62.306446, 9.242298 ], [ -62.305828, 9.241880 ], [ -62.305210, 9.241482 ], [ -62.304524, 9.240947 ], [ -62.304207, 9.240367 ], [ -62.303684, 9.239624 ], [ -62.303250, 9.239073 ], [ -62.302933, 9.238555 ], [ -62.302479, 9.237913 ], [ -62.301754, 9.236843 ], [ -62.301300, 9.236129 ], [ -62.300278, 9.234616 ], [ -62.299828, 9.233883 ], [ -62.299488, 9.233303 ], [ -62.299286, 9.232724 ], [ -62.299110, 9.232145 ], [ -62.298817, 9.231413 ], [ -62.298481, 9.230652 ], [ -62.298237, 9.229938 ], [ -62.298015, 9.229220 ], [ -62.297863, 9.228525 ], [ -62.297756, 9.227910 ], [ -62.297814, 9.227195 ], [ -62.297989, 9.226255 ], [ -62.298275, 9.225569 ], [ -62.298626, 9.225026 ], [ -62.299866, 9.224215 ], [ -62.300564, 9.223908 ], [ -62.301708, 9.223206 ], [ -62.302315, 9.222754 ], [ -62.303066, 9.222167 ], [ -62.303719, 9.221717 ], [ -62.304539, 9.221111 ], [ -62.305195, 9.220526 ], [ -62.305637, 9.220093 ], [ -62.306130, 9.219714 ], [ -62.306603, 9.219118 ], [ -62.307411, 9.217455 ], [ -62.307678, 9.216453 ], [ -62.307598, 9.215619 ], [ -62.307373, 9.215067 ], [ -62.306965, 9.214534 ], [ -62.305458, 9.213046 ], [ -62.304817, 9.212441 ], [ -62.304245, 9.211967 ], [ -62.303604, 9.211370 ], [ -62.302803, 9.210663 ], [ -62.302303, 9.210183 ], [ -62.301964, 9.209649 ], [ -62.301628, 9.208772 ], [ -62.301495, 9.208146 ], [ -62.301434, 9.207549 ], [ -62.301445, 9.206771 ], [ -62.301434, 9.206129 ], [ -62.301396, 9.205206 ], [ -62.301479, 9.204402 ], [ -62.301510, 9.203759 ], [ -62.301369, 9.202249 ], [ -62.301239, 9.201398 ], [ -62.301067, 9.200640 ], [ -62.300869, 9.199942 ], [ -62.300717, 9.199227 ], [ -62.300541, 9.198512 ], [ -62.300434, 9.197734 ], [ -62.300285, 9.196838 ], [ -62.300022, 9.195689 ], [ -62.299847, 9.194947 ], [ -62.299625, 9.194350 ], [ -62.299381, 9.193545 ], [ -62.299229, 9.192712 ], [ -62.299171, 9.191890 ], [ -62.299252, 9.191156 ], [ -62.299469, 9.190425 ], [ -62.299782, 9.189648 ], [ -62.300137, 9.188988 ], [ -62.300587, 9.188392 ], [ -62.301010, 9.187868 ], [ -62.301785, 9.187128 ], [ -62.303001, 9.186081 ], [ -62.303631, 9.185730 ], [ -62.304306, 9.185487 ], [ -62.305023, 9.185307 ], [ -62.305630, 9.185092 ], [ -62.306168, 9.184821 ], [ -62.306866, 9.184416 ], [ -62.307609, 9.184055 ], [ -62.308311, 9.183659 ], [ -62.309101, 9.183326 ], [ -62.309845, 9.183056 ], [ -62.311378, 9.182642 ], [ -62.312332, 9.182309 ], [ -62.312939, 9.182021 ], [ -62.313732, 9.181588 ], [ -62.315319, 9.180398 ], [ -62.316349, 9.179559 ], [ -62.316864, 9.179180 ], [ -62.317356, 9.178702 ], [ -62.318016, 9.177951 ], [ -62.318699, 9.177068 ], [ -62.319100, 9.176588 ], [ -62.319550, 9.175911 ], [ -62.319927, 9.175361 ], [ -62.320469, 9.174356 ], [ -62.321160, 9.173038 ], [ -62.321995, 9.171140 ], [ -62.322590, 9.170029 ], [ -62.323017, 9.169088 ], [ -62.323189, 9.168502 ], [ -62.323315, 9.167652 ], [ -62.323780, 9.165726 ], [ -62.323952, 9.165085 ], [ -62.324169, 9.164406 ], [ -62.324455, 9.163719 ], [ -62.324963, 9.162228 ], [ -62.325539, 9.160746 ], [ -62.325756, 9.160059 ], [ -62.326019, 9.159444 ], [ -62.326054, 9.158739 ], [ -62.325546, 9.156847 ], [ -62.325348, 9.156061 ], [ -62.325123, 9.155391 ], [ -62.325039, 9.154794 ], [ -62.324959, 9.154016 ], [ -62.324924, 9.153210 ], [ -62.324936, 9.152406 ], [ -62.324989, 9.151537 ], [ -62.325142, 9.150661 ], [ -62.325226, 9.149819 ], [ -62.325302, 9.149178 ], [ -62.325264, 9.146898 ], [ -62.325230, 9.145986 ], [ -62.325237, 9.145388 ], [ -62.325306, 9.143641 ], [ -62.325386, 9.142910 ], [ -62.325535, 9.142314 ], [ -62.325687, 9.141310 ], [ -62.326012, 9.139565 ], [ -62.326157, 9.138923 ], [ -62.326355, 9.138145 ], [ -62.326572, 9.137395 ], [ -62.327034, 9.135588 ], [ -62.327091, 9.134963 ], [ -62.327125, 9.134005 ], [ -62.327095, 9.132928 ], [ -62.326828, 9.132258 ], [ -62.326534, 9.131724 ], [ -62.325890, 9.131207 ], [ -62.325409, 9.130863 ], [ -62.324791, 9.130482 ], [ -62.324123, 9.130291 ], [ -62.323383, 9.130235 ], [ -62.322689, 9.130207 ], [ -62.320515, 9.130040 ], [ -62.319081, 9.129973 ], [ -62.318134, 9.129998 ], [ -62.317368, 9.130043 ], [ -62.316513, 9.130005 ], [ -62.315796, 9.130067 ], [ -62.315029, 9.130238 ], [ -62.314331, 9.130363 ], [ -62.312473, 9.130894 ], [ -62.311917, 9.131137 ], [ -62.311215, 9.131515 ], [ -62.310680, 9.131784 ], [ -62.309982, 9.132164 ], [ -62.309189, 9.132641 ], [ -62.308628, 9.132948 ], [ -62.308067, 9.133381 ], [ -62.307083, 9.134375 ], [ -62.306541, 9.134826 ], [ -62.305866, 9.135321 ], [ -62.305096, 9.135818 ], [ -62.304348, 9.136340 ], [ -62.303600, 9.136882 ], [ -62.302689, 9.137512 ], [ -62.301826, 9.138044 ], [ -62.301102, 9.138613 ], [ -62.300377, 9.139109 ], [ -62.299675, 9.139469 ], [ -62.299141, 9.139731 ], [ -62.298538, 9.139884 ], [ -62.297749, 9.139918 ], [ -62.296963, 9.139909 ], [ -62.296062, 9.139852 ], [ -62.295345, 9.139796 ], [ -62.294651, 9.139722 ], [ -62.293911, 9.139594 ], [ -62.293175, 9.139358 ], [ -62.292324, 9.138931 ], [ -62.291523, 9.138369 ], [ -62.291020, 9.137907 ], [ -62.290378, 9.137435 ], [ -62.289642, 9.136991 ], [ -62.288910, 9.136591 ], [ -62.288105, 9.136074 ], [ -62.287372, 9.135647 ], [ -62.285740, 9.134803 ], [ -62.285076, 9.134422 ], [ -62.283787, 9.133722 ], [ -62.283051, 9.133342 ], [ -62.282177, 9.133032 ], [ -62.281509, 9.132905 ], [ -62.279312, 9.132647 ], [ -62.277603, 9.132581 ], [ -62.276840, 9.132524 ], [ -62.275936, 9.132513 ], [ -62.275311, 9.132476 ], [ -62.274689, 9.132475 ], [ -62.273598, 9.132572 ], [ -62.271789, 9.132704 ], [ -62.270702, 9.132901 ], [ -62.268894, 9.133033 ], [ -62.268154, 9.133167 ], [ -62.267105, 9.133563 ], [ -62.266079, 9.134049 ], [ -62.265453, 9.134138 ], [ -62.264431, 9.134471 ], [ -62.263432, 9.134840 ], [ -62.262550, 9.134974 ], [ -62.261673, 9.134818 ], [ -62.261074, 9.134654 ], [ -62.260311, 9.134481 ], [ -62.259743, 9.133991 ], [ -62.259377, 9.133502 ], [ -62.258995, 9.132651 ], [ -62.258888, 9.132008 ], [ -62.258942, 9.131385 ], [ -62.259327, 9.130354 ], [ -62.259735, 9.129216 ], [ -62.260002, 9.128439 ], [ -62.260266, 9.127751 ], [ -62.260506, 9.127210 ], [ -62.260861, 9.126523 ], [ -62.261379, 9.125773 ], [ -62.261803, 9.125277 ], [ -62.262138, 9.124473 ], [ -62.262402, 9.123903 ], [ -62.262619, 9.123334 ], [ -62.262955, 9.122258 ], [ -62.263394, 9.120676 ], [ -62.263718, 9.119122 ], [ -62.263912, 9.118254 ], [ -62.263970, 9.117475 ], [ -62.263885, 9.116761 ], [ -62.263619, 9.116073 ], [ -62.262825, 9.114841 ], [ -62.262207, 9.114470 ], [ -62.261566, 9.114024 ], [ -62.260326, 9.113154 ], [ -62.259708, 9.112664 ], [ -62.258381, 9.111731 ], [ -62.257855, 9.111331 ], [ -62.257031, 9.110652 ], [ -62.256573, 9.110234 ], [ -62.255909, 9.109673 ], [ -62.255058, 9.109155 ], [ -62.254188, 9.108710 ], [ -62.253269, 9.108148 ], [ -62.252350, 9.107603 ], [ -62.251476, 9.107185 ], [ -62.250973, 9.106850 ], [ -62.250309, 9.106450 ], [ -62.249779, 9.106151 ], [ -62.248768, 9.105560 ], [ -62.247623, 9.104853 ], [ -62.247116, 9.104527 ], [ -62.246429, 9.104200 ], [ -62.245739, 9.103773 ], [ -62.245236, 9.103329 ], [ -62.244732, 9.102839 ], [ -62.244369, 9.102359 ], [ -62.243984, 9.101889 ], [ -62.243527, 9.101426 ], [ -62.243004, 9.100801 ], [ -62.242478, 9.100285 ], [ -62.241360, 9.099260 ], [ -62.240765, 9.098635 ], [ -62.240036, 9.097801 ], [ -62.239037, 9.096406 ], [ -62.238491, 9.095780 ], [ -62.237988, 9.095319 ], [ -62.237301, 9.094866 ], [ -62.236336, 9.094393 ], [ -62.235371, 9.093965 ], [ -62.234794, 9.093757 ], [ -62.233871, 9.093555 ], [ -62.232601, 9.093516 ], [ -62.231998, 9.093515 ], [ -62.230679, 9.093557 ], [ -62.229500, 9.093546 ], [ -62.228600, 9.093418 ], [ -62.227928, 9.093407 ], [ -62.227302, 9.093352 ], [ -62.226448, 9.093205 ], [ -62.225598, 9.093013 ], [ -62.224651, 9.092676 ], [ -62.223823, 9.092322 ], [ -62.223065, 9.091833 ], [ -62.222469, 9.091434 ], [ -62.221947, 9.090826 ], [ -62.221447, 9.090156 ], [ -62.221065, 9.089414 ], [ -62.220821, 9.088608 ], [ -62.220554, 9.087820 ], [ -62.220333, 9.086951 ], [ -62.220367, 9.086300 ], [ -62.220505, 9.084564 ], [ -62.220798, 9.083552 ], [ -62.221062, 9.082829 ], [ -62.221256, 9.082205 ], [ -62.221588, 9.081483 ], [ -62.221855, 9.080795 ], [ -62.222595, 9.079034 ], [ -62.222858, 9.078465 ], [ -62.223168, 9.077732 ], [ -62.223457, 9.076866 ], [ -62.223793, 9.075997 ], [ -62.224110, 9.074994 ], [ -62.224236, 9.074144 ], [ -62.224411, 9.073232 ], [ -62.224606, 9.072427 ], [ -62.224777, 9.071767 ], [ -62.224926, 9.071035 ], [ -62.225029, 9.070366 ], [ -62.225037, 9.069678 ], [ -62.224979, 9.068809 ], [ -62.224808, 9.067842 ], [ -62.224682, 9.066946 ], [ -62.224552, 9.066186 ], [ -62.224354, 9.065607 ], [ -62.223705, 9.063951 ], [ -62.223114, 9.063316 ], [ -62.222355, 9.062754 ], [ -62.221783, 9.062408 ], [ -62.221142, 9.062072 ], [ -62.220429, 9.061746 ], [ -62.219715, 9.061437 ], [ -62.219139, 9.061200 ], [ -62.218563, 9.061027 ], [ -62.217918, 9.060926 ], [ -62.216877, 9.060987 ], [ -62.215973, 9.061131 ], [ -62.215389, 9.061282 ], [ -62.214741, 9.061417 ], [ -62.214020, 9.061615 ], [ -62.213066, 9.062010 ], [ -62.212345, 9.062344 ], [ -62.211693, 9.062777 ], [ -62.210899, 9.063218 ], [ -62.210060, 9.063596 ], [ -62.209106, 9.064046 ], [ -62.207615, 9.064667 ], [ -62.206871, 9.065044 ], [ -62.206310, 9.065405 ], [ -62.205681, 9.065766 ], [ -62.204933, 9.066334 ], [ -62.204323, 9.066875 ], [ -62.203506, 9.067507 ], [ -62.202831, 9.067795 ], [ -62.201969, 9.068055 ], [ -62.201019, 9.068179 ], [ -62.199955, 9.068141 ], [ -62.199146, 9.068068 ], [ -62.198433, 9.067965 ], [ -62.197811, 9.067793 ], [ -62.197094, 9.067692 ], [ -62.196285, 9.067518 ], [ -62.195664, 9.067371 ], [ -62.194763, 9.067180 ], [ -62.194096, 9.067007 ], [ -62.193451, 9.066771 ], [ -62.192184, 9.066342 ], [ -62.191334, 9.066078 ], [ -62.190708, 9.065977 ], [ -62.189922, 9.066011 ], [ -62.189155, 9.066110 ], [ -62.188461, 9.066289 ], [ -62.187786, 9.066531 ], [ -62.186829, 9.067117 ], [ -62.186127, 9.067631 ], [ -62.185658, 9.068109 ], [ -62.185166, 9.068633 ], [ -62.184746, 9.069057 ], [ -62.184368, 9.069609 ], [ -62.184055, 9.070150 ], [ -62.183586, 9.070791 ], [ -62.183346, 9.071405 ], [ -62.183243, 9.072046 ], [ -62.183277, 9.072852 ], [ -62.183292, 9.073494 ], [ -62.183285, 9.074136 ], [ -62.183323, 9.074779 ], [ -62.183312, 9.075466 ], [ -62.183346, 9.076343 ], [ -62.183544, 9.077059 ], [ -62.183788, 9.077791 ], [ -62.183895, 9.078506 ], [ -62.183933, 9.079121 ], [ -62.183914, 9.080550 ], [ -62.184044, 9.081147 ], [ -62.184261, 9.081952 ], [ -62.184532, 9.082532 ], [ -62.184872, 9.083202 ], [ -62.185211, 9.083755 ], [ -62.185776, 9.084588 ], [ -62.186184, 9.085330 ], [ -62.186356, 9.086019 ], [ -62.186394, 9.086715 ], [ -62.186272, 9.087347 ], [ -62.185936, 9.088034 ], [ -62.185558, 9.088539 ], [ -62.185047, 9.088846 ], [ -62.184349, 9.089089 ], [ -62.183628, 9.089286 ], [ -62.182957, 9.089348 ], [ -62.180851, 9.089388 ], [ -62.180225, 9.089423 ], [ -62.179325, 9.089413 ], [ -62.178654, 9.089384 ], [ -62.177914, 9.089391 ], [ -62.177197, 9.089379 ], [ -62.176266, 9.089560 ], [ -62.175549, 9.089757 ], [ -62.174850, 9.090017 ], [ -62.174202, 9.090079 ], [ -62.173229, 9.090068 ], [ -62.172188, 9.090029 ], [ -62.171356, 9.089928 ], [ -62.170734, 9.089799 ], [ -62.169907, 9.089536 ], [ -62.168865, 9.089316 ], [ -62.167919, 9.089188 ], [ -62.167229, 9.089060 ], [ -62.166626, 9.089058 ], [ -62.165840, 9.089110 ], [ -62.165165, 9.089198 ], [ -62.163799, 9.089269 ], [ -62.163128, 9.089213 ], [ -62.162250, 9.089201 ], [ -62.161648, 9.089309 ], [ -62.160854, 9.089777 ], [ -62.160294, 9.090183 ], [ -62.159801, 9.090615 ], [ -62.159145, 9.091292 ], [ -62.158604, 9.091925 ], [ -62.158249, 9.092493 ], [ -62.158146, 9.093163 ], [ -62.158321, 9.094040 ], [ -62.158741, 9.095280 ], [ -62.159058, 9.095933 ], [ -62.159756, 9.097155 ], [ -62.160141, 9.097779 ], [ -62.160499, 9.098586 ], [ -62.161263, 9.100477 ], [ -62.161728, 9.101863 ], [ -62.162380, 9.103230 ], [ -62.162697, 9.103764 ], [ -62.163010, 9.104388 ], [ -62.163212, 9.105031 ], [ -62.163177, 9.105763 ], [ -62.162842, 9.106468 ], [ -62.162308, 9.106738 ], [ -62.160999, 9.107459 ], [ -62.160488, 9.107820 ], [ -62.159813, 9.108171 ], [ -62.159138, 9.108350 ], [ -62.158443, 9.108475 ], [ -62.157841, 9.108491 ], [ -62.157028, 9.108453 ], [ -62.155018, 9.108430 ], [ -62.154232, 9.108392 ], [ -62.153378, 9.108318 ], [ -62.151714, 9.108033 ], [ -62.150192, 9.107605 ], [ -62.149571, 9.107387 ], [ -62.148811, 9.107267 ], [ -62.147957, 9.106948 ], [ -62.147385, 9.106694 ], [ -62.146534, 9.106132 ], [ -62.146030, 9.105733 ], [ -62.145325, 9.105007 ], [ -62.144642, 9.104264 ], [ -62.143593, 9.102987 ], [ -62.143162, 9.102433 ], [ -62.141735, 9.100305 ], [ -62.141144, 9.099444 ], [ -62.140461, 9.098630 ], [ -62.139988, 9.097868 ], [ -62.139881, 9.097199 ], [ -62.139843, 9.096583 ], [ -62.139831, 9.095841 ], [ -62.139725, 9.095109 ], [ -62.139641, 9.094440 ], [ -62.139606, 9.093843 ], [ -62.139641, 9.092902 ], [ -62.139694, 9.092306 ], [ -62.139866, 9.091619 ], [ -62.140133, 9.090778 ], [ -62.140419, 9.090137 ], [ -62.140823, 9.089459 ], [ -62.141319, 9.088774 ], [ -62.141861, 9.087997 ], [ -62.142307, 9.087455 ], [ -62.142758, 9.086868 ], [ -62.143581, 9.085731 ], [ -62.144104, 9.084909 ], [ -62.144478, 9.084413 ], [ -62.144814, 9.083842 ], [ -62.145145, 9.083112 ], [ -62.145413, 9.082127 ], [ -62.145653, 9.081584 ], [ -62.145893, 9.080871 ], [ -62.146206, 9.080030 ], [ -62.146496, 9.079207 ], [ -62.146690, 9.078521 ], [ -62.146816, 9.077807 ], [ -62.146782, 9.077002 ], [ -62.146675, 9.076223 ], [ -62.146549, 9.075463 ], [ -62.146397, 9.074703 ], [ -62.146141, 9.073138 ], [ -62.145679, 9.071546 ], [ -62.145618, 9.070812 ], [ -62.145302, 9.070260 ], [ -62.144966, 9.069428 ], [ -62.144543, 9.068503 ], [ -62.144249, 9.067761 ], [ -62.143753, 9.067028 ], [ -62.143047, 9.066139 ], [ -62.142502, 9.065397 ], [ -62.141934, 9.064744 ], [ -62.141384, 9.064146 ], [ -62.140858, 9.063702 ], [ -62.140381, 9.063239 ], [ -62.139786, 9.062795 ], [ -62.138798, 9.062134 ], [ -62.138271, 9.061760 ], [ -62.137630, 9.061290 ], [ -62.136967, 9.060889 ], [ -62.136139, 9.060426 ], [ -62.134213, 9.059381 ], [ -62.133614, 9.059100 ], [ -62.132648, 9.058627 ], [ -62.131592, 9.058037 ], [ -62.130443, 9.057356 ], [ -62.129803, 9.057028 ], [ -62.129089, 9.056746 ], [ -62.127552, 9.055965 ], [ -62.126907, 9.055655 ], [ -62.126148, 9.055166 ], [ -62.125530, 9.054649 ], [ -62.125099, 9.054096 ], [ -62.124603, 9.053371 ], [ -62.124146, 9.052864 ], [ -62.123600, 9.052329 ], [ -62.122913, 9.051839 ], [ -62.121902, 9.051294 ], [ -62.120773, 9.050838 ], [ -62.120151, 9.050630 ], [ -62.119255, 9.050384 ], [ -62.117733, 9.049882 ], [ -62.117138, 9.049601 ], [ -62.116356, 9.049247 ], [ -62.115780, 9.048964 ], [ -62.114121, 9.048454 ], [ -62.113430, 9.048217 ], [ -62.111771, 9.047707 ], [ -62.110248, 9.047414 ], [ -62.109577, 9.047448 ], [ -62.109017, 9.047809 ], [ -62.108433, 9.048422 ], [ -62.108097, 9.049082 ], [ -62.107739, 9.049858 ], [ -62.107567, 9.050545 ], [ -62.107418, 9.051340 ], [ -62.107445, 9.052833 ], [ -62.107388, 9.053456 ], [ -62.107426, 9.054081 ], [ -62.107487, 9.054723 ], [ -62.107613, 9.055528 ], [ -62.107723, 9.056126 ], [ -62.107853, 9.056723 ], [ -62.108177, 9.058125 ], [ -62.108425, 9.058795 ], [ -62.108623, 9.059420 ], [ -62.108868, 9.059999 ], [ -62.109184, 9.060670 ], [ -62.109615, 9.061203 ], [ -62.109886, 9.061729 ], [ -62.110130, 9.062309 ], [ -62.110260, 9.062978 ], [ -62.110500, 9.063992 ], [ -62.110790, 9.064933 ], [ -62.110985, 9.065721 ], [ -62.111046, 9.066406 ], [ -62.110943, 9.067004 ], [ -62.110680, 9.067736 ], [ -62.110348, 9.068468 ], [ -62.109989, 9.069172 ], [ -62.109424, 9.069850 ], [ -62.108951, 9.070508 ], [ -62.108433, 9.071149 ], [ -62.107826, 9.071691 ], [ -62.107098, 9.072368 ], [ -62.106560, 9.072935 ], [ -62.105125, 9.074361 ], [ -62.104446, 9.074966 ], [ -62.103092, 9.075911 ], [ -62.102066, 9.076469 ], [ -62.101345, 9.076857 ], [ -62.100575, 9.077207 ], [ -62.099598, 9.077585 ], [ -62.098526, 9.078143 ], [ -62.097920, 9.078485 ], [ -62.097363, 9.078700 ], [ -62.096687, 9.078879 ], [ -62.095993, 9.079004 ], [ -62.095368, 9.079040 ], [ -62.094742, 9.079057 ], [ -62.094120, 9.078955 ], [ -62.093494, 9.078809 ], [ -62.092922, 9.078499 ], [ -62.092232, 9.078191 ], [ -62.091522, 9.077791 ], [ -62.090740, 9.077418 ], [ -62.089016, 9.076654 ], [ -62.088280, 9.076344 ], [ -62.087544, 9.075990 ], [ -62.086899, 9.075707 ], [ -62.086235, 9.075354 ], [ -62.085659, 9.075027 ], [ -62.084675, 9.074437 ], [ -62.083870, 9.073991 ], [ -62.083160, 9.073502 ], [ -62.082382, 9.072939 ], [ -62.081261, 9.072078 ], [ -62.080597, 9.071560 ], [ -62.079636, 9.070789 ], [ -62.079178, 9.070372 ], [ -62.078537, 9.069899 ], [ -62.078010, 9.069409 ], [ -62.077557, 9.069011 ], [ -62.076732, 9.068266 ], [ -62.076302, 9.067759 ], [ -62.075871, 9.067226 ], [ -62.075367, 9.066663 ], [ -62.074753, 9.066082 ], [ -62.074112, 9.065565 ], [ -62.072140, 9.064276 ], [ -62.071197, 9.063694 ], [ -62.070511, 9.063241 ], [ -62.069706, 9.062868 ], [ -62.068947, 9.062576 ], [ -62.068302, 9.062384 ], [ -62.067520, 9.062030 ], [ -62.066189, 9.061322 ], [ -62.065185, 9.061011 ], [ -62.064793, 9.060477 ], [ -62.064057, 9.059941 ], [ -62.062542, 9.058996 ], [ -62.061974, 9.058444 ], [ -62.061310, 9.057863 ], [ -62.060490, 9.057048 ], [ -62.059849, 9.056485 ], [ -62.058365, 9.055269 ], [ -62.057888, 9.054644 ], [ -62.057285, 9.054571 ], [ -62.056347, 9.053998 ], [ -62.055797, 9.053608 ], [ -62.055409, 9.053092 ], [ -62.055141, 9.052494 ], [ -62.054920, 9.051688 ], [ -62.054722, 9.051109 ], [ -62.054249, 9.050184 ], [ -62.053955, 9.049587 ], [ -62.053803, 9.048918 ], [ -62.053558, 9.048294 ], [ -62.053429, 9.047605 ], [ -62.053421, 9.046983 ], [ -62.053421, 9.046683 ], [ -62.053337, 9.046013 ], [ -62.053208, 9.045326 ], [ -62.053150, 9.044545 ], [ -62.053066, 9.043947 ], [ -62.052902, 9.042269 ], [ -62.052883, 9.040479 ], [ -62.052944, 9.039584 ], [ -62.053093, 9.038805 ], [ -62.053238, 9.038211 ], [ -62.053482, 9.037365 ], [ -62.053654, 9.036702 ], [ -62.053757, 9.036037 ], [ -62.053837, 9.035258 ], [ -62.053875, 9.034295 ], [ -62.053837, 9.033652 ], [ -62.053906, 9.032207 ], [ -62.054100, 9.031453 ], [ -62.054276, 9.030514 ], [ -62.054360, 9.029550 ], [ -62.054463, 9.028657 ], [ -62.054588, 9.027924 ], [ -62.054947, 9.027218 ], [ -62.055306, 9.026465 ], [ -62.055637, 9.025827 ], [ -62.055946, 9.025305 ], [ -62.056393, 9.024645 ], [ -62.056843, 9.024100 ], [ -62.057335, 9.023440 ], [ -62.057808, 9.022875 ], [ -62.058182, 9.022374 ], [ -62.058727, 9.021578 ], [ -62.059059, 9.021032 ], [ -62.059414, 9.020371 ], [ -62.059773, 9.019619 ], [ -62.061603, 9.016224 ], [ -62.061958, 9.015472 ], [ -62.062340, 9.014881 ], [ -62.062858, 9.014108 ], [ -62.063446, 9.013404 ], [ -62.063869, 9.012975 ], [ -62.064571, 9.012388 ], [ -62.065182, 9.011845 ], [ -62.065769, 9.011188 ], [ -62.066383, 9.010278 ], [ -62.067253, 9.009235 ], [ -62.067680, 9.008621 ], [ -62.068436, 9.007484 ], [ -62.068836, 9.006914 ], [ -62.069710, 9.005734 ], [ -62.074211, 9.002103 ], [ -62.074566, 9.001648 ], [ -62.075008, 9.001125 ], [ -62.075924, 9.000195 ], [ -62.076416, 8.999650 ], [ -62.076958, 8.998968 ], [ -62.077286, 8.998445 ], [ -62.077759, 8.997807 ], [ -62.078674, 8.996739 ], [ -62.079609, 8.995763 ], [ -62.080994, 8.994288 ], [ -62.081577, 8.993768 ], [ -62.081978, 8.993359 ], [ -62.082493, 8.992861 ], [ -62.082870, 8.992429 ], [ -62.083622, 8.991268 ], [ -62.083908, 8.990627 ], [ -62.084194, 8.990033 ], [ -62.084622, 8.989258 ], [ -62.085068, 8.988505 ], [ -62.085472, 8.987752 ], [ -62.085712, 8.987066 ], [ -62.086235, 8.985970 ], [ -62.086517, 8.985422 ], [ -62.086853, 8.984692 ], [ -62.087284, 8.983366 ], [ -62.087456, 8.982815 ], [ -62.087650, 8.982037 ], [ -62.087822, 8.981303 ], [ -62.087971, 8.980317 ], [ -62.087982, 8.979397 ], [ -62.088066, 8.978572 ], [ -62.088291, 8.977150 ], [ -62.088444, 8.975911 ], [ -62.088615, 8.975269 ], [ -62.088715, 8.974581 ], [ -62.088825, 8.973319 ], [ -62.088833, 8.972652 ], [ -62.088863, 8.971987 ], [ -62.088780, 8.971318 ], [ -62.088657, 8.969870 ], [ -62.088551, 8.969247 ], [ -62.088405, 8.967936 ], [ -62.088276, 8.967313 ], [ -62.088169, 8.966622 ], [ -62.088020, 8.966034 ], [ -62.087994, 8.965930 ], [ -62.087769, 8.965352 ], [ -62.087478, 8.964683 ], [ -62.087231, 8.964059 ], [ -62.087005, 8.963435 ], [ -62.086239, 8.961953 ], [ -62.085876, 8.961236 ], [ -62.085541, 8.960519 ], [ -62.085247, 8.960033 ], [ -62.084862, 8.959246 ], [ -62.084545, 8.958691 ], [ -62.084255, 8.957974 ], [ -62.084034, 8.957281 ], [ -62.083671, 8.956587 ], [ -62.083401, 8.956009 ], [ -62.082970, 8.955337 ], [ -62.082562, 8.954756 ], [ -62.082268, 8.954178 ], [ -62.081955, 8.953507 ], [ -62.081684, 8.952860 ], [ -62.081391, 8.952305 ], [ -62.081055, 8.951565 ], [ -62.080689, 8.951031 ], [ -62.080074, 8.950333 ], [ -62.079666, 8.949800 ], [ -62.079441, 8.949199 ], [ -62.079079, 8.948620 ], [ -62.078762, 8.948018 ], [ -62.078491, 8.947485 ], [ -62.078224, 8.946885 ], [ -62.077908, 8.946237 ], [ -62.077522, 8.945565 ], [ -62.077183, 8.945032 ], [ -62.076271, 8.943802 ], [ -62.075817, 8.943220 ], [ -62.075455, 8.942779 ], [ -62.075047, 8.942222 ], [ -62.074703, 8.941666 ], [ -62.074459, 8.940881 ], [ -62.074124, 8.940164 ], [ -62.073715, 8.939491 ], [ -62.073467, 8.938960 ], [ -62.073150, 8.938359 ], [ -62.072479, 8.936810 ], [ -62.072140, 8.936139 ], [ -62.071846, 8.935606 ], [ -62.071213, 8.934287 ], [ -62.070946, 8.933779 ], [ -62.070408, 8.932369 ], [ -62.070206, 8.931746 ], [ -62.069962, 8.931122 ], [ -62.069714, 8.930384 ], [ -62.069382, 8.929460 ], [ -62.068977, 8.928397 ], [ -62.068596, 8.927565 ], [ -62.068256, 8.926916 ], [ -62.067963, 8.926247 ], [ -62.067673, 8.925507 ], [ -62.067181, 8.924304 ], [ -62.066246, 8.923259 ], [ -62.065811, 8.922700 ], [ -62.065357, 8.922189 ], [ -62.064945, 8.921770 ], [ -62.064487, 8.921419 ], [ -62.063988, 8.920860 ], [ -62.063671, 8.920167 ], [ -62.063404, 8.919381 ], [ -62.063114, 8.918573 ], [ -62.062649, 8.917188 ], [ -62.062401, 8.916587 ], [ -62.061909, 8.915271 ], [ -62.061642, 8.914348 ], [ -62.061421, 8.913495 ], [ -62.061268, 8.912849 ], [ -62.060768, 8.910291 ], [ -62.060513, 8.908748 ], [ -62.060295, 8.907688 ], [ -62.060097, 8.906972 ], [ -62.060009, 8.906352 ], [ -62.060017, 8.905777 ], [ -62.059956, 8.905201 ], [ -62.059719, 8.903956 ], [ -62.059658, 8.903152 ], [ -62.059483, 8.902391 ], [ -62.059372, 8.901837 ], [ -62.059338, 8.901172 ], [ -62.059162, 8.900410 ], [ -62.058941, 8.899672 ], [ -62.058784, 8.899073 ], [ -62.058563, 8.898380 ], [ -62.058227, 8.897549 ], [ -62.057980, 8.896878 ], [ -62.057537, 8.895515 ], [ -62.057358, 8.894894 ], [ -62.057159, 8.894339 ], [ -62.056797, 8.893599 ], [ -62.056526, 8.893088 ], [ -62.056141, 8.892532 ], [ -62.055824, 8.891953 ], [ -62.055512, 8.891168 ], [ -62.055264, 8.890613 ], [ -62.054855, 8.889850 ], [ -62.054428, 8.889132 ], [ -62.054016, 8.888619 ], [ -62.053658, 8.887972 ], [ -62.053433, 8.887441 ], [ -62.053116, 8.886861 ], [ -62.052277, 8.885516 ], [ -62.051914, 8.884983 ], [ -62.051437, 8.884241 ], [ -62.051121, 8.883731 ], [ -62.050644, 8.883035 ], [ -62.050281, 8.882525 ], [ -62.049824, 8.882013 ], [ -62.049114, 8.881452 ], [ -62.048611, 8.881169 ], [ -62.047714, 8.880904 ], [ -62.046383, 8.879991 ], [ -62.045693, 8.879636 ], [ -62.045002, 8.879489 ], [ -62.044285, 8.879572 ], [ -62.043567, 8.879607 ], [ -62.042690, 8.879549 ], [ -62.042114, 8.879450 ], [ -62.041374, 8.879416 ], [ -62.040703, 8.879315 ], [ -62.039959, 8.879581 ], [ -62.039242, 8.879801 ], [ -62.038662, 8.879794 ], [ -62.038040, 8.879808 ], [ -62.037296, 8.879981 ], [ -62.036762, 8.880181 ], [ -62.035343, 8.880966 ], [ -62.034714, 8.881326 ], [ -62.034061, 8.881661 ], [ -62.033527, 8.881885 ], [ -62.032848, 8.882586 ], [ -62.032078, 8.883174 ], [ -62.031586, 8.883535 ], [ -62.030911, 8.884124 ], [ -62.030209, 8.884688 ], [ -62.029461, 8.885368 ], [ -62.028759, 8.885864 ], [ -62.026333, 8.887716 ], [ -62.025608, 8.888327 ], [ -62.024906, 8.888891 ], [ -62.024323, 8.889435 ], [ -62.023689, 8.890069 ], [ -62.023056, 8.890682 ], [ -62.022636, 8.891068 ], [ -62.021980, 8.891702 ], [ -62.021465, 8.892108 ], [ -62.020695, 8.892856 ], [ -62.019970, 8.893398 ], [ -62.018913, 8.894464 ], [ -62.017559, 8.895571 ], [ -62.017025, 8.895954 ], [ -62.016414, 8.896475 ], [ -62.015228, 8.897217 ], [ -62.014530, 8.897530 ], [ -62.013786, 8.897818 ], [ -62.013275, 8.898087 ], [ -62.012646, 8.898239 ], [ -62.012020, 8.898437 ], [ -62.011391, 8.898728 ], [ -62.010532, 8.899038 ], [ -62.009884, 8.899213 ], [ -62.008492, 8.899469 ], [ -62.007195, 8.899727 ], [ -62.006271, 8.899714 ], [ -62.004837, 8.899765 ], [ -62.003197, 8.899696 ], [ -62.002480, 8.899617 ], [ -62.001881, 8.899402 ], [ -62.001400, 8.899096 ], [ -62.000874, 8.898699 ], [ -62.000347, 8.898232 ], [ -61.999844, 8.897835 ], [ -61.999458, 8.897416 ], [ -61.998382, 8.896320 ], [ -61.997448, 8.895320 ], [ -61.996399, 8.894340 ], [ -61.996010, 8.893898 ], [ -61.995533, 8.893248 ], [ -61.995125, 8.892599 ], [ -61.994831, 8.892090 ], [ -61.994515, 8.891442 ], [ -61.994221, 8.890909 ], [ -61.994045, 8.890355 ], [ -61.994007, 8.889688 ], [ -61.994019, 8.888976 ], [ -61.994053, 8.888126 ], [ -61.994129, 8.887529 ], [ -61.994274, 8.886819 ], [ -61.994629, 8.886203 ], [ -61.994988, 8.885472 ], [ -61.995316, 8.884972 ], [ -61.995743, 8.884219 ], [ -61.996098, 8.883626 ], [ -61.996498, 8.883035 ], [ -61.996990, 8.882490 ], [ -61.997505, 8.881969 ], [ -61.997975, 8.881607 ], [ -61.998485, 8.881246 ], [ -61.999069, 8.880816 ], [ -62.000740, 8.880187 ], [ -62.001408, 8.879841 ], [ -62.001961, 8.879540 ], [ -62.003063, 8.878986 ], [ -62.004307, 8.878478 ], [ -62.005615, 8.877831 ], [ -62.006721, 8.877232 ], [ -62.007546, 8.876496 ], [ -62.008946, 8.875048 ], [ -62.009727, 8.874151 ], [ -62.010918, 8.872750 ], [ -62.012043, 8.871303 ], [ -62.012867, 8.870270 ], [ -62.014290, 8.868295 ], [ -62.014885, 8.867399 ], [ -62.015480, 8.866138 ], [ -62.016121, 8.864853 ], [ -62.016548, 8.862883 ], [ -62.017231, 8.860773 ], [ -62.017685, 8.858482 ], [ -62.018024, 8.856671 ], [ -62.018478, 8.855205 ], [ -62.019001, 8.853462 ], [ -62.019890, 8.850597 ], [ -62.020435, 8.849314 ], [ -62.020573, 8.848763 ], [ -62.020794, 8.846976 ], [ -62.021133, 8.845395 ], [ -62.021156, 8.845158 ], [ -62.021244, 8.844251 ], [ -62.022556, 8.843696 ], [ -62.023453, 8.843393 ], [ -62.025387, 8.842974 ], [ -62.026077, 8.842788 ], [ -62.027618, 8.842529 ], [ -62.028564, 8.842410 ], [ -62.030521, 8.842219 ], [ -62.031303, 8.841850 ], [ -62.033371, 8.840559 ], [ -62.036129, 8.838143 ], [ -62.036518, 8.837661 ], [ -62.038700, 8.836003 ], [ -62.041203, 8.833796 ], [ -62.042698, 8.832872 ], [ -62.044834, 8.831811 ], [ -62.046051, 8.831096 ], [ -62.048237, 8.829667 ], [ -62.049591, 8.828699 ], [ -62.052029, 8.827247 ], [ -62.053154, 8.826418 ], [ -62.054417, 8.825382 ], [ -62.055336, 8.824646 ], [ -62.056000, 8.824024 ], [ -62.057007, 8.822852 ], [ -62.057442, 8.822118 ], [ -62.058132, 8.820993 ], [ -62.058746, 8.819732 ], [ -62.059433, 8.817944 ], [ -62.059612, 8.816935 ], [ -62.059673, 8.815172 ], [ -62.060284, 8.811827 ], [ -62.060207, 8.810179 ], [ -62.060291, 8.808072 ], [ -62.060165, 8.806218 ], [ -62.060001, 8.804822 ], [ -62.059925, 8.803563 ], [ -62.060032, 8.801434 ], [ -62.060021, 8.798846 ], [ -62.059742, 8.797428 ], [ -62.059387, 8.795964 ], [ -62.059105, 8.794203 ], [ -62.058731, 8.792510 ], [ -62.058655, 8.791114 ], [ -62.058434, 8.787773 ], [ -62.058418, 8.783675 ], [ -62.058712, 8.782139 ], [ -62.059002, 8.780399 ], [ -62.059296, 8.779000 ], [ -62.059452, 8.777237 ], [ -62.059994, 8.775014 ], [ -62.060722, 8.772881 ], [ -62.061020, 8.772056 ], [ -62.061634, 8.770542 ], [ -62.062504, 8.768822 ], [ -62.062847, 8.768249 ], [ -62.063671, 8.766802 ], [ -62.064175, 8.765816 ], [ -62.064633, 8.765058 ], [ -62.065773, 8.762877 ], [ -62.066322, 8.761846 ], [ -62.066940, 8.760767 ], [ -62.067375, 8.760123 ], [ -62.068981, 8.758170 ], [ -62.069805, 8.757458 ], [ -62.071735, 8.755870 ], [ -62.073067, 8.754879 ], [ -62.075340, 8.753633 ], [ -62.076424, 8.752965 ], [ -62.077892, 8.752179 ], [ -62.080719, 8.750359 ], [ -62.081547, 8.749851 ], [ -62.083454, 8.748767 ], [ -62.084579, 8.748189 ], [ -62.086144, 8.747313 ], [ -62.087059, 8.746622 ], [ -62.088394, 8.745860 ], [ -62.089405, 8.745353 ], [ -62.090828, 8.744613 ], [ -62.092300, 8.743713 ], [ -62.092941, 8.743048 ], [ -62.093353, 8.742496 ], [ -62.094318, 8.741507 ], [ -62.094891, 8.740955 ], [ -62.097740, 8.739477 ], [ -62.098934, 8.738464 ], [ -62.100883, 8.736602 ], [ -62.102722, 8.735289 ], [ -62.104236, 8.734388 ], [ -62.106262, 8.733166 ], [ -62.107593, 8.732497 ], [ -62.109684, 8.731353 ], [ -62.110695, 8.730971 ], [ -62.111775, 8.730188 ], [ -62.114464, 8.728551 ], [ -62.116051, 8.727812 ], [ -62.118714, 8.725922 ], [ -62.119953, 8.724932 ], [ -62.121330, 8.723735 ], [ -62.122959, 8.722239 ], [ -62.123764, 8.721686 ], [ -62.125763, 8.720281 ], [ -62.128334, 8.718437 ], [ -62.129044, 8.718114 ], [ -62.130356, 8.717422 ], [ -62.132126, 8.716452 ], [ -62.134770, 8.715409 ], [ -62.135895, 8.715061 ], [ -62.138840, 8.713697 ], [ -62.141159, 8.712450 ], [ -62.142677, 8.711688 ], [ -62.144218, 8.711040 ], [ -62.146744, 8.709769 ], [ -62.147915, 8.709007 ], [ -62.150303, 8.707280 ], [ -62.151749, 8.706220 ], [ -62.154183, 8.704377 ], [ -62.155491, 8.703410 ], [ -62.157902, 8.701521 ], [ -62.159489, 8.700460 ], [ -62.163277, 8.697627 ], [ -62.165318, 8.695901 ], [ -62.167130, 8.694427 ], [ -62.171425, 8.691454 ], [ -62.172913, 8.690050 ], [ -62.174061, 8.688946 ], [ -62.175278, 8.687933 ], [ -62.177391, 8.686297 ], [ -62.179340, 8.684732 ], [ -62.181843, 8.682546 ], [ -62.183193, 8.681211 ], [ -62.185166, 8.679530 ], [ -62.189297, 8.676283 ], [ -62.190536, 8.675338 ], [ -62.191707, 8.674463 ], [ -62.193131, 8.673082 ], [ -62.193886, 8.672140 ], [ -62.195194, 8.670737 ], [ -62.195877, 8.669543 ], [ -62.197113, 8.667249 ], [ -62.197456, 8.666582 ], [ -62.197136, 8.662306 ], [ -62.238270, 8.634420 ], [ -62.238598, 8.633390 ], [ -62.238827, 8.632315 ], [ -62.239128, 8.631309 ], [ -62.239178, 8.630256 ], [ -62.239292, 8.629134 ], [ -62.239456, 8.628059 ], [ -62.239826, 8.626045 ], [ -62.240059, 8.624925 ], [ -62.240337, 8.623644 ], [ -62.240662, 8.622545 ], [ -62.240917, 8.621562 ], [ -62.241241, 8.620463 ], [ -62.241497, 8.619296 ], [ -62.241753, 8.618336 ], [ -62.242100, 8.617398 ], [ -62.242516, 8.616415 ], [ -62.242932, 8.615339 ], [ -62.243649, 8.613372 ], [ -62.244133, 8.612411 ], [ -62.244690, 8.611498 ], [ -62.245777, 8.609531 ], [ -62.247234, 8.606695 ], [ -62.247856, 8.605804 ], [ -62.248436, 8.604866 ], [ -62.249012, 8.603997 ], [ -62.249661, 8.603174 ], [ -62.250400, 8.602443 ], [ -62.251183, 8.601620 ], [ -62.251900, 8.600843 ], [ -62.252754, 8.599998 ], [ -62.253449, 8.599244 ], [ -62.254120, 8.598489 ], [ -62.254856, 8.597781 ], [ -62.255733, 8.597141 ], [ -62.256680, 8.596387 ], [ -62.257652, 8.595795 ], [ -62.258575, 8.595384 ], [ -62.259613, 8.595087 ], [ -62.260605, 8.595341 ], [ -62.261711, 8.595640 ], [ -62.262634, 8.596076 ], [ -62.263603, 8.596650 ], [ -62.264755, 8.596834 ], [ -62.265747, 8.597088 ], [ -62.266807, 8.597387 ], [ -62.267799, 8.597640 ], [ -62.268860, 8.597848 ], [ -62.269878, 8.598124 ], [ -62.271076, 8.598354 ], [ -62.273151, 8.598885 ], [ -62.274120, 8.599297 ], [ -62.275112, 8.599779 ], [ -62.275944, 8.600398 ], [ -62.276772, 8.601132 ], [ -62.277439, 8.602186 ], [ -62.277901, 8.603399 ], [ -62.278152, 8.604612 ], [ -62.278358, 8.605735 ], [ -62.278614, 8.606833 ], [ -62.279140, 8.609009 ], [ -62.279324, 8.609993 ], [ -62.279529, 8.610977 ], [ -62.279827, 8.612053 ], [ -62.280151, 8.613039 ], [ -62.280567, 8.614023 ], [ -62.280979, 8.614940 ], [ -62.281464, 8.615901 ], [ -62.282177, 8.616633 ], [ -62.283745, 8.617964 ], [ -62.284622, 8.618514 ], [ -62.285591, 8.618859 ], [ -62.286674, 8.618770 ], [ -62.287758, 8.618748 ], [ -62.288868, 8.618704 ], [ -62.289883, 8.618613 ], [ -62.290875, 8.618341 ], [ -62.291912, 8.618204 ], [ -62.292976, 8.617886 ], [ -62.295307, 8.617111 ], [ -62.296459, 8.616746 ], [ -62.297523, 8.616450 ], [ -62.298515, 8.616268 ], [ -62.299507, 8.615973 ], [ -62.301445, 8.615060 ], [ -62.302486, 8.614466 ], [ -62.303387, 8.613940 ], [ -62.304356, 8.613484 ], [ -62.305439, 8.612959 ], [ -62.306431, 8.612389 ], [ -62.307427, 8.611772 ], [ -62.308304, 8.611018 ], [ -62.309112, 8.610356 ], [ -62.309898, 8.609648 ], [ -62.310566, 8.608847 ], [ -62.311215, 8.608046 ], [ -62.311791, 8.607223 ], [ -62.312462, 8.606333 ], [ -62.313038, 8.605417 ], [ -62.313614, 8.604457 ], [ -62.314308, 8.603428 ], [ -62.315811, 8.601736 ], [ -62.316505, 8.600821 ], [ -62.317127, 8.599884 ], [ -62.317657, 8.599015 ], [ -62.318329, 8.598146 ], [ -62.319023, 8.597278 ], [ -62.319786, 8.596363 ], [ -62.320431, 8.595494 ], [ -62.321239, 8.594442 ], [ -62.321957, 8.593642 ], [ -62.322647, 8.592820 ], [ -62.323433, 8.592089 ], [ -62.324196, 8.591266 ], [ -62.324982, 8.590466 ], [ -62.325768, 8.589803 ], [ -62.326641, 8.589163 ], [ -62.327545, 8.588546 ], [ -62.328354, 8.587952 ], [ -62.329159, 8.587267 ], [ -62.329876, 8.586535 ], [ -62.330730, 8.585987 ], [ -62.331906, 8.585530 ], [ -62.332829, 8.585143 ], [ -62.333938, 8.584802 ], [ -62.335068, 8.584413 ], [ -62.336178, 8.584117 ], [ -62.337261, 8.583799 ], [ -62.338390, 8.583525 ], [ -62.339615, 8.583001 ], [ -62.341393, 8.581973 ], [ -62.342224, 8.581310 ], [ -62.343125, 8.580625 ], [ -62.343979, 8.580076 ], [ -62.345016, 8.579437 ], [ -62.346012, 8.578752 ], [ -62.346912, 8.578112 ], [ -62.347904, 8.577472 ], [ -62.348709, 8.576833 ], [ -62.350349, 8.575483 ], [ -62.351295, 8.574615 ], [ -62.352150, 8.573792 ], [ -62.352913, 8.573084 ], [ -62.353653, 8.572307 ], [ -62.355015, 8.570729 ], [ -62.355614, 8.569883 ], [ -62.356377, 8.569129 ], [ -62.357071, 8.568398 ], [ -62.357693, 8.567529 ], [ -62.358227, 8.566637 ], [ -62.358803, 8.565699 ], [ -62.359310, 8.564761 ], [ -62.359844, 8.563869 ], [ -62.360256, 8.562954 ], [ -62.360538, 8.561856 ], [ -62.360699, 8.560803 ], [ -62.361023, 8.559637 ], [ -62.361530, 8.558699 ], [ -62.362202, 8.557944 ], [ -62.363217, 8.557533 ], [ -62.364208, 8.557306 ], [ -62.365292, 8.557261 ], [ -62.366329, 8.557378 ], [ -62.367416, 8.557471 ], [ -62.368454, 8.557311 ], [ -62.369446, 8.556992 ], [ -62.370022, 8.555802 ], [ -62.370670, 8.554979 ], [ -62.371384, 8.554133 ], [ -62.372147, 8.553288 ], [ -62.372864, 8.552579 ], [ -62.373650, 8.551892 ], [ -62.374409, 8.551117 ], [ -62.375194, 8.550453 ], [ -62.376995, 8.549197 ], [ -62.377872, 8.548626 ], [ -62.378750, 8.547939 ], [ -62.379696, 8.547346 ], [ -62.380688, 8.546660 ], [ -62.381565, 8.546042 ], [ -62.382511, 8.545336 ], [ -62.383388, 8.544580 ], [ -62.384289, 8.543987 ], [ -62.385258, 8.543279 ], [ -62.386181, 8.542547 ], [ -62.387013, 8.541839 ], [ -62.387844, 8.541221 ], [ -62.388653, 8.540376 ], [ -62.389439, 8.539759 ], [ -62.390293, 8.538959 ], [ -62.391216, 8.538136 ], [ -62.392139, 8.537474 ], [ -62.393063, 8.536742 ], [ -62.394146, 8.536056 ], [ -62.396362, 8.534938 ], [ -62.397354, 8.534503 ], [ -62.398392, 8.534023 ], [ -62.400398, 8.533295 ], [ -62.401417, 8.532906 ], [ -62.402431, 8.532655 ], [ -62.403400, 8.532312 ], [ -62.404484, 8.531858 ], [ -62.405453, 8.531561 ], [ -62.406445, 8.531378 ], [ -62.407482, 8.531151 ], [ -62.408588, 8.531037 ], [ -62.409519, 8.531116 ], [ -62.409676, 8.531130 ], [ -62.410023, 8.531130 ], [ -62.410114, 8.531451 ], [ -62.410851, 8.531773 ], [ -62.411568, 8.532070 ], [ -62.412304, 8.532414 ], [ -62.413620, 8.533125 ], [ -62.414333, 8.533401 ], [ -62.415096, 8.533974 ], [ -62.415672, 8.534248 ], [ -62.416340, 8.534616 ], [ -62.416962, 8.535051 ], [ -62.417656, 8.535396 ], [ -62.418186, 8.535786 ], [ -62.418785, 8.536106 ], [ -62.419384, 8.536336 ], [ -62.420170, 8.536497 ], [ -62.420860, 8.536681 ], [ -62.421505, 8.537070 ], [ -62.422104, 8.537369 ], [ -62.422703, 8.537599 ], [ -62.423328, 8.537759 ], [ -62.423996, 8.538012 ], [ -62.424663, 8.538288 ], [ -62.425312, 8.538653 ], [ -62.425957, 8.538884 ], [ -62.426742, 8.539113 ], [ -62.427479, 8.539228 ], [ -62.428169, 8.539275 ], [ -62.428886, 8.539413 ], [ -62.429577, 8.539642 ], [ -62.430271, 8.540124 ], [ -62.430778, 8.540720 ], [ -62.431076, 8.541291 ], [ -62.431332, 8.542002 ], [ -62.431515, 8.542757 ], [ -62.431721, 8.543467 ], [ -62.431999, 8.544085 ], [ -62.432457, 8.544795 ], [ -62.432896, 8.545300 ], [ -62.433311, 8.545894 ], [ -62.434166, 8.546926 ], [ -62.434651, 8.547476 ], [ -62.435204, 8.547934 ], [ -62.435963, 8.548324 ], [ -62.436585, 8.548690 ], [ -62.437069, 8.549217 ], [ -62.438152, 8.550134 ], [ -62.438683, 8.550570 ], [ -62.439236, 8.550982 ], [ -62.439839, 8.551280 ], [ -62.440460, 8.551624 ], [ -62.441128, 8.551830 ], [ -62.441749, 8.552175 ], [ -62.442352, 8.552565 ], [ -62.443020, 8.552795 ], [ -62.443687, 8.552978 ], [ -62.444427, 8.553115 ], [ -62.445168, 8.553163 ], [ -62.445881, 8.553025 ], [ -62.447426, 8.552752 ], [ -62.448673, 8.552479 ], [ -62.449432, 8.552205 ], [ -62.450104, 8.552023 ], [ -62.450771, 8.551818 ], [ -62.451439, 8.551681 ], [ -62.452202, 8.551636 ], [ -62.452919, 8.551613 ], [ -62.453632, 8.551637 ], [ -62.454395, 8.551753 ], [ -62.455849, 8.551891 ], [ -62.457371, 8.551984 ], [ -62.458107, 8.551985 ], [ -62.458893, 8.551940 ], [ -62.459656, 8.551848 ], [ -62.460369, 8.551781 ], [ -62.461059, 8.551667 ], [ -62.461800, 8.551462 ], [ -62.462513, 8.551303 ], [ -62.463184, 8.551097 ], [ -62.463993, 8.550754 ], [ -62.464661, 8.550457 ], [ -62.465355, 8.550092 ], [ -62.465908, 8.549749 ], [ -62.466576, 8.549315 ], [ -62.467178, 8.548881 ], [ -62.467777, 8.548561 ], [ -62.468559, 8.548104 ], [ -62.469971, 8.547487 ], [ -62.470615, 8.547053 ], [ -62.471378, 8.546597 ], [ -62.472115, 8.546231 ], [ -62.472691, 8.545956 ], [ -62.473938, 8.545318 ], [ -62.474537, 8.544928 ], [ -62.475117, 8.544356 ], [ -62.475762, 8.543785 ], [ -62.476338, 8.543373 ], [ -62.476914, 8.542825 ], [ -62.477375, 8.542367 ], [ -62.477932, 8.541956 ], [ -62.478439, 8.541545 ], [ -62.479687, 8.540516 ], [ -62.480331, 8.539945 ], [ -62.480976, 8.539419 ], [ -62.482247, 8.538549 ], [ -62.482754, 8.538116 ], [ -62.483379, 8.537703 ], [ -62.483955, 8.537247 ], [ -62.484508, 8.536720 ], [ -62.485130, 8.536195 ], [ -62.485710, 8.535669 ], [ -62.486195, 8.535120 ], [ -62.486587, 8.534595 ], [ -62.487488, 8.533519 ], [ -62.487946, 8.533040 ], [ -62.488411, 8.532581 ], [ -62.488850, 8.532124 ], [ -62.489311, 8.531622 ], [ -62.489773, 8.531187 ], [ -62.490280, 8.530775 ], [ -62.490833, 8.530363 ], [ -62.492012, 8.529541 ], [ -62.493507, 8.528718 ], [ -62.494179, 8.528329 ], [ -62.494755, 8.528056 ], [ -62.495426, 8.527690 ], [ -62.496162, 8.527210 ], [ -62.496716, 8.526890 ], [ -62.497433, 8.526547 ], [ -62.498219, 8.526159 ], [ -62.498886, 8.525885 ], [ -62.499485, 8.525680 ], [ -62.500801, 8.525177 ], [ -62.502647, 8.524217 ], [ -62.503246, 8.523943 ], [ -62.503799, 8.523623 ], [ -62.504425, 8.523234 ], [ -62.505047, 8.522960 ], [ -62.505646, 8.522641 ], [ -62.506272, 8.522274 ], [ -62.506893, 8.521977 ], [ -62.507538, 8.521819 ], [ -62.508209, 8.521773 ], [ -62.508900, 8.521774 ], [ -62.509544, 8.521661 ], [ -62.510399, 8.521660 ], [ -62.511112, 8.521752 ], [ -62.511669, 8.522096 ], [ -62.512383, 8.522326 ], [ -62.513050, 8.522418 ], [ -62.513813, 8.522419 ], [ -62.514553, 8.522373 ], [ -62.515221, 8.522351 ], [ -62.515865, 8.522444 ], [ -62.516560, 8.522673 ], [ -62.517273, 8.522970 ], [ -62.517849, 8.523246 ], [ -62.519097, 8.524025 ], [ -62.519626, 8.524438 ], [ -62.520225, 8.524757 ], [ -62.521377, 8.525354 ], [ -62.521953, 8.525630 ], [ -62.523201, 8.526340 ], [ -62.523800, 8.526546 ], [ -62.524376, 8.526821 ], [ -62.525829, 8.526869 ], [ -62.526569, 8.526869 ], [ -62.527332, 8.526824 ], [ -62.528046, 8.526985 ], [ -62.528759, 8.526688 ], [ -62.530052, 8.526277 ], [ -62.530674, 8.526049 ], [ -62.531296, 8.525844 ], [ -62.532127, 8.525523 ], [ -62.532730, 8.525272 ], [ -62.533421, 8.525043 ], [ -62.534042, 8.524793 ], [ -62.534759, 8.524518 ], [ -62.535496, 8.524152 ], [ -62.536213, 8.523878 ], [ -62.536881, 8.523581 ], [ -62.537506, 8.523330 ], [ -62.538105, 8.522986 ], [ -62.538795, 8.522667 ], [ -62.539512, 8.522415 ], [ -62.540226, 8.522051 ], [ -62.540829, 8.521776 ], [ -62.541359, 8.521433 ], [ -62.543297, 8.520382 ], [ -62.543850, 8.520061 ], [ -62.544472, 8.519765 ], [ -62.545120, 8.519399 ], [ -62.545788, 8.519102 ], [ -62.546574, 8.518805 ], [ -62.547196, 8.518438 ], [ -62.547772, 8.518028 ], [ -62.548302, 8.517685 ], [ -62.548832, 8.517228 ], [ -62.550011, 8.516290 ], [ -62.550518, 8.515809 ], [ -62.551094, 8.515329 ], [ -62.551487, 8.514826 ], [ -62.551994, 8.514254 ], [ -62.552433, 8.513705 ], [ -62.552872, 8.513133 ], [ -62.553219, 8.512608 ], [ -62.553612, 8.511967 ], [ -62.554096, 8.511280 ], [ -62.554508, 8.510755 ], [ -62.555019, 8.510137 ], [ -62.555412, 8.509587 ], [ -62.555824, 8.509038 ], [ -62.556240, 8.508535 ], [ -62.556656, 8.508009 ], [ -62.557118, 8.507483 ], [ -62.557812, 8.506339 ], [ -62.558296, 8.505608 ], [ -62.558712, 8.505058 ], [ -62.559128, 8.504441 ], [ -62.559612, 8.503823 ], [ -62.559955, 8.503297 ], [ -62.560417, 8.502725 ], [ -62.560856, 8.502152 ], [ -62.561111, 8.501557 ], [ -62.560417, 8.501443 ], [ -62.559704, 8.501466 ], [ -62.559013, 8.501305 ], [ -62.558479, 8.500870 ], [ -62.558411, 8.500160 ], [ -62.558781, 8.499520 ], [ -62.559128, 8.498947 ], [ -62.559567, 8.498398 ], [ -62.559982, 8.497849 ], [ -62.560444, 8.497187 ], [ -62.561367, 8.496111 ], [ -62.561829, 8.495630 ], [ -62.562359, 8.495196 ], [ -62.563004, 8.494624 ], [ -62.563557, 8.494305 ], [ -62.564320, 8.494144 ], [ -62.565010, 8.493961 ], [ -62.565796, 8.493710 ], [ -62.567410, 8.493415 ], [ -62.568058, 8.493187 ], [ -62.568748, 8.493004 ], [ -62.569347, 8.492775 ], [ -62.570065, 8.492615 ], [ -62.570663, 8.492295 ], [ -62.571217, 8.491882 ], [ -62.571793, 8.491541 ], [ -62.572441, 8.491106 ], [ -62.573086, 8.490649 ], [ -62.573730, 8.490306 ], [ -62.574283, 8.489964 ], [ -62.574841, 8.489574 ], [ -62.575348, 8.489162 ], [ -62.575901, 8.488729 ], [ -62.576454, 8.488363 ], [ -62.577724, 8.487379 ], [ -62.578369, 8.486853 ], [ -62.579105, 8.486350 ], [ -62.580216, 8.485641 ], [ -62.580768, 8.485252 ], [ -62.581344, 8.484909 ], [ -62.581875, 8.484543 ], [ -62.582451, 8.484246 ], [ -62.583004, 8.483811 ], [ -62.583607, 8.483445 ], [ -62.584251, 8.482943 ], [ -62.585060, 8.482417 ], [ -62.585777, 8.481982 ], [ -62.587135, 8.481252 ], [ -62.587807, 8.480863 ], [ -62.588634, 8.480496 ], [ -62.589443, 8.480154 ], [ -62.590225, 8.479651 ], [ -62.590710, 8.479239 ], [ -62.591244, 8.478896 ], [ -62.591957, 8.478393 ], [ -62.592674, 8.477913 ], [ -62.593204, 8.477432 ], [ -62.593781, 8.477020 ], [ -62.594887, 8.475969 ], [ -62.595394, 8.475442 ], [ -62.596043, 8.474962 ], [ -62.596573, 8.474527 ], [ -62.597031, 8.474093 ], [ -62.597565, 8.473567 ], [ -62.598324, 8.472972 ], [ -62.598858, 8.472492 ], [ -62.600010, 8.471326 ], [ -62.600449, 8.470799 ], [ -62.600933, 8.470342 ], [ -62.601463, 8.469816 ], [ -62.602039, 8.469336 ], [ -62.603287, 8.468168 ], [ -62.603863, 8.467711 ], [ -62.604439, 8.467277 ], [ -62.605084, 8.466910 ], [ -62.605709, 8.466454 ], [ -62.606354, 8.465928 ], [ -62.606861, 8.465492 ], [ -62.607323, 8.465059 ], [ -62.607807, 8.464647 ], [ -62.608337, 8.464257 ], [ -62.608936, 8.463778 ], [ -62.609585, 8.463229 ], [ -62.611080, 8.461787 ], [ -62.611359, 8.461009 ], [ -62.611866, 8.460484 ], [ -62.612537, 8.459843 ], [ -62.613064, 8.459386 ], [ -62.613598, 8.458813 ], [ -62.614059, 8.458356 ], [ -62.614590, 8.457784 ], [ -62.615097, 8.457327 ], [ -62.615650, 8.456870 ], [ -62.616379, 8.456211 ], [ -62.616757, 8.455863 ], [ -62.617382, 8.455337 ], [ -62.618488, 8.454375 ], [ -62.619110, 8.453918 ], [ -62.619640, 8.453485 ], [ -62.621395, 8.452088 ], [ -62.622433, 8.451197 ], [ -62.622894, 8.450693 ], [ -62.623306, 8.450168 ], [ -62.623795, 8.449664 ], [ -62.624229, 8.449161 ], [ -62.624622, 8.448634 ], [ -62.625130, 8.448016 ], [ -62.625568, 8.447536 ], [ -62.626076, 8.446804 ], [ -62.626606, 8.446117 ], [ -62.627437, 8.444951 ], [ -62.627899, 8.444333 ], [ -62.628338, 8.443624 ], [ -62.628845, 8.442983 ], [ -62.629215, 8.442456 ], [ -62.630020, 8.441244 ], [ -62.630344, 8.440512 ], [ -62.630642, 8.439918 ], [ -62.630989, 8.439161 ], [ -62.631359, 8.438521 ], [ -62.631638, 8.437903 ], [ -62.632328, 8.436646 ], [ -62.633114, 8.435364 ], [ -62.633526, 8.434493 ], [ -62.633804, 8.433717 ], [ -62.634426, 8.432320 ], [ -62.635788, 8.429368 ], [ -62.636089, 8.428773 ], [ -62.636528, 8.428019 ], [ -62.636849, 8.427424 ], [ -62.637264, 8.426737 ], [ -62.638325, 8.424861 ], [ -62.638901, 8.423579 ], [ -62.639225, 8.422916 ], [ -62.640034, 8.421658 ], [ -62.640450, 8.421108 ], [ -62.640911, 8.420376 ], [ -62.641277, 8.419758 ], [ -62.642109, 8.418568 ], [ -62.642593, 8.418019 ], [ -62.644371, 8.415754 ], [ -62.644760, 8.415227 ], [ -62.645107, 8.414656 ], [ -62.645912, 8.413466 ], [ -62.646332, 8.412779 ], [ -62.647690, 8.411269 ], [ -62.647991, 8.410697 ], [ -62.648499, 8.410102 ], [ -62.649490, 8.409096 ], [ -62.649975, 8.408546 ], [ -62.650482, 8.408113 ], [ -62.651520, 8.407128 ], [ -62.652050, 8.406488 ], [ -62.652603, 8.405940 ], [ -62.653110, 8.405504 ], [ -62.653618, 8.405115 ], [ -62.654194, 8.404704 ], [ -62.654747, 8.404292 ], [ -62.655281, 8.403766 ], [ -62.655739, 8.403239 ], [ -62.656731, 8.402255 ], [ -62.657123, 8.401707 ], [ -62.657608, 8.401180 ], [ -62.658348, 8.400609 ], [ -62.659039, 8.400105 ], [ -62.659752, 8.399648 ], [ -62.660305, 8.399213 ], [ -62.660999, 8.398779 ], [ -62.661690, 8.398413 ], [ -62.662289, 8.398116 ], [ -62.662933, 8.397749 ], [ -62.663513, 8.397178 ], [ -62.664040, 8.396628 ], [ -62.664597, 8.396195 ], [ -62.664783, 8.396656 ], [ -62.665470, 8.395977 ], [ -62.666000, 8.395226 ], [ -62.666927, 8.395832 ], [ -62.667766, 8.395406 ], [ -62.667813, 8.394079 ], [ -62.668980, 8.394298 ], [ -62.669693, 8.395518 ], [ -62.670559, 8.395139 ], [ -62.671310, 8.395513 ], [ -62.672352, 8.395364 ], [ -62.673348, 8.394985 ], [ -62.672867, 8.395896 ], [ -62.672184, 8.396371 ], [ -62.673039, 8.396654 ], [ -62.673603, 8.397325 ], [ -62.673874, 8.396389 ], [ -62.674202, 8.397148 ], [ -62.674980, 8.397592 ], [ -62.675888, 8.397784 ], [ -62.677315, 8.398258 ], [ -62.678162, 8.399091 ], [ -62.676811, 8.399054 ], [ -62.675850, 8.398837 ], [ -62.676411, 8.399691 ], [ -62.676945, 8.400659 ], [ -62.676933, 8.401597 ], [ -62.676189, 8.402688 ], [ -62.676857, 8.403291 ], [ -62.677975, 8.403532 ], [ -62.678402, 8.402712 ], [ -62.679417, 8.402678 ], [ -62.680328, 8.402847 ], [ -62.681190, 8.402582 ], [ -62.682209, 8.402432 ], [ -62.683075, 8.401983 ], [ -62.683296, 8.400909 ], [ -62.682995, 8.400060 ], [ -62.682484, 8.399366 ], [ -62.682236, 8.398540 ], [ -62.683132, 8.397565 ], [ -62.684357, 8.397693 ], [ -62.684914, 8.396714 ], [ -62.685532, 8.395530 ], [ -62.686600, 8.395450 ], [ -62.687595, 8.394819 ], [ -62.688751, 8.394167 ], [ -62.689423, 8.394655 ], [ -62.689881, 8.395416 ], [ -62.690571, 8.396362 ], [ -62.691029, 8.397261 ], [ -62.691536, 8.398319 ], [ -62.692307, 8.399152 ], [ -62.692604, 8.400117 ], [ -62.691479, 8.400769 ], [ -62.690895, 8.401450 ], [ -62.691277, 8.402233 ], [ -62.692684, 8.402179 ], [ -62.693672, 8.402098 ], [ -62.695110, 8.401770 ], [ -62.696022, 8.401712 ], [ -62.697113, 8.402066 ], [ -62.697830, 8.402853 ], [ -62.698017, 8.404595 ], [ -62.697948, 8.405694 ], [ -62.697803, 8.406883 ], [ -62.697392, 8.408413 ], [ -62.698109, 8.409337 ], [ -62.699017, 8.409553 ], [ -62.699829, 8.409172 ], [ -62.701073, 8.407811 ], [ -62.701874, 8.408300 ], [ -62.703041, 8.408726 ], [ -62.703865, 8.409422 ], [ -62.703079, 8.409802 ], [ -62.702137, 8.409952 ], [ -62.701595, 8.411642 ], [ -62.700455, 8.411171 ], [ -62.701252, 8.413996 ], [ -62.701572, 8.415328 ], [ -62.702007, 8.416019 ], [ -62.702374, 8.417696 ], [ -62.701378, 8.418165 ], [ -62.700276, 8.416986 ], [ -62.699531, 8.417940 ], [ -62.700436, 8.418545 ], [ -62.701317, 8.418852 ], [ -62.700886, 8.420130 ], [ -62.700558, 8.421226 ], [ -62.700909, 8.422169 ], [ -62.701260, 8.423248 ], [ -62.702168, 8.425503 ], [ -62.703369, 8.427073 ], [ -62.704212, 8.428433 ], [ -62.704956, 8.429494 ], [ -62.705231, 8.430276 ], [ -62.705399, 8.431194 ], [ -62.705494, 8.432087 ], [ -62.705277, 8.434765 ], [ -62.705402, 8.436918 ], [ -62.705856, 8.437954 ], [ -62.706547, 8.439107 ], [ -62.707027, 8.440142 ], [ -62.707115, 8.441448 ], [ -62.707096, 8.442914 ], [ -62.706303, 8.443661 ], [ -62.705471, 8.445622 ], [ -62.705708, 8.447319 ], [ -62.706367, 8.448746 ], [ -62.706943, 8.450356 ], [ -62.707554, 8.451690 ], [ -62.707821, 8.452952 ], [ -62.707825, 8.453997 ], [ -63.000175, 8.556766 ], [ -63.037849, 8.602135 ], [ -63.045391, 8.660327 ], [ -63.045410, 8.666708 ], [ -63.044735, 8.701912 ], [ -63.044758, 8.702533 ], [ -63.044754, 8.703176 ], [ -63.044731, 8.703868 ], [ -63.044773, 8.704534 ], [ -63.044846, 8.705289 ], [ -63.044842, 8.705887 ], [ -63.044766, 8.706488 ], [ -63.044624, 8.707159 ], [ -63.044437, 8.707786 ], [ -63.044250, 8.708458 ], [ -63.043976, 8.709179 ], [ -63.043629, 8.709926 ], [ -63.043278, 8.710488 ], [ -63.042458, 8.711618 ], [ -63.042107, 8.712226 ], [ -63.041847, 8.712831 ], [ -63.041733, 8.713548 ], [ -63.041714, 8.714445 ], [ -63.041760, 8.715777 ], [ -63.041664, 8.716516 ], [ -63.041462, 8.717396 ], [ -63.040993, 8.717939 ], [ -63.040569, 8.718457 ], [ -63.039509, 8.719939 ], [ -63.039024, 8.720713 ], [ -63.038586, 8.721347 ], [ -63.038006, 8.722032 ], [ -63.037354, 8.722649 ], [ -63.036751, 8.723265 ], [ -63.036396, 8.723782 ], [ -63.036095, 8.724458 ], [ -63.035954, 8.725129 ], [ -63.035889, 8.726027 ], [ -63.035847, 8.726857 ], [ -63.035709, 8.727666 ], [ -63.035500, 8.728316 ], [ -63.034779, 8.729603 ], [ -63.034344, 8.730421 ], [ -63.033993, 8.730984 ], [ -63.033093, 8.732529 ], [ -63.032742, 8.733091 ], [ -63.032417, 8.733791 ], [ -63.032188, 8.734580 ], [ -63.031978, 8.735368 ], [ -63.031708, 8.736250 ], [ -63.031364, 8.737020 ], [ -63.030601, 8.738491 ], [ -63.030342, 8.739028 ], [ -63.030014, 8.739658 ], [ -63.029732, 8.740266 ], [ -63.029362, 8.741013 ], [ -63.029083, 8.741688 ], [ -63.028824, 8.742271 ], [ -63.028507, 8.743108 ], [ -63.028160, 8.744567 ], [ -63.028038, 8.745146 ], [ -63.027874, 8.745749 ], [ -63.027615, 8.746331 ], [ -63.027359, 8.746984 ], [ -63.026932, 8.748146 ], [ -63.026699, 8.748819 ], [ -63.026260, 8.750258 ], [ -63.026024, 8.750841 ], [ -63.025581, 8.751430 ], [ -63.025017, 8.751837 ], [ -63.024426, 8.752177 ], [ -63.023788, 8.752518 ], [ -63.023109, 8.752953 ], [ -63.022358, 8.753344 ], [ -63.021629, 8.753596 ], [ -63.020969, 8.753892 ], [ -63.020191, 8.754214 ], [ -63.019390, 8.754445 ], [ -63.018627, 8.754376 ], [ -63.017975, 8.754258 ], [ -63.017258, 8.754257 ], [ -63.015953, 8.754619 ], [ -63.015305, 8.754570 ], [ -63.014515, 8.754433 ], [ -63.013779, 8.754546 ], [ -63.013161, 8.754726 ], [ -63.012310, 8.754913 ], [ -63.011642, 8.754910 ], [ -63.010986, 8.754700 ], [ -63.010441, 8.754210 ], [ -63.009869, 8.753745 ], [ -63.009121, 8.753491 ], [ -63.008373, 8.753169 ], [ -63.007668, 8.752800 ], [ -63.006939, 8.752431 ], [ -63.005550, 8.751669 ], [ -63.005013, 8.751409 ], [ -63.004311, 8.751154 ], [ -63.002941, 8.750919 ], [ -63.002266, 8.750756 ], [ -63.000816, 8.750248 ], [ -63.000149, 8.749934 ], [ -62.999909, 8.749995 ], [ -62.999256, 8.749796 ], [ -62.998653, 8.749643 ], [ -62.997890, 8.749422 ], [ -62.997242, 8.749385 ], [ -62.996593, 8.749324 ], [ -62.995270, 8.748651 ], [ -62.994667, 8.748383 ], [ -62.993996, 8.748253 ], [ -62.993298, 8.748100 ], [ -62.992649, 8.747901 ], [ -62.992047, 8.747703 ], [ -62.991444, 8.747548 ], [ -62.990726, 8.747512 ], [ -62.989986, 8.747498 ], [ -62.989319, 8.747552 ], [ -62.988647, 8.747514 ], [ -62.988045, 8.747361 ], [ -62.987232, 8.747072 ], [ -62.986611, 8.747171 ], [ -62.986035, 8.747431 ], [ -62.985371, 8.747623 ], [ -62.984699, 8.747562 ], [ -62.984138, 8.747019 ], [ -62.983738, 8.746494 ], [ -62.983223, 8.746018 ], [ -62.982575, 8.745957 ], [ -62.981976, 8.746102 ], [ -62.981216, 8.746203 ], [ -62.980549, 8.746304 ], [ -62.979900, 8.746220 ], [ -62.979340, 8.745928 ], [ -62.978760, 8.745659 ], [ -62.978115, 8.745713 ], [ -62.977612, 8.746088 ], [ -62.976944, 8.746441 ], [ -62.976231, 8.746518 ], [ -62.975514, 8.746481 ], [ -62.974751, 8.746422 ], [ -62.974129, 8.746429 ], [ -62.973484, 8.746713 ], [ -62.972290, 8.747279 ], [ -62.971554, 8.747427 ], [ -62.970928, 8.747480 ], [ -62.970261, 8.747466 ], [ -62.969616, 8.747519 ], [ -62.968945, 8.747665 ], [ -62.968231, 8.747789 ], [ -62.967518, 8.747889 ], [ -62.966801, 8.748013 ], [ -62.966393, 8.748502 ], [ -62.965961, 8.748965 ], [ -62.965412, 8.749433 ], [ -62.964744, 8.749510 ], [ -62.964024, 8.749311 ], [ -62.963451, 8.749549 ], [ -62.962879, 8.749969 ], [ -62.962398, 8.750389 ], [ -62.962013, 8.750876 ], [ -62.961582, 8.751456 ], [ -62.961102, 8.751923 ], [ -62.960575, 8.752296 ], [ -62.958835, 8.753605 ], [ -62.958195, 8.753889 ], [ -62.957573, 8.754011 ], [ -62.956833, 8.754089 ], [ -62.956352, 8.754509 ], [ -62.956364, 8.755130 ], [ -62.956349, 8.755819 ], [ -62.956287, 8.756510 ], [ -62.956158, 8.757132 ], [ -62.955959, 8.757777 ], [ -62.955570, 8.758265 ], [ -62.954949, 8.758342 ], [ -62.954300, 8.758120 ], [ -62.953628, 8.758151 ], [ -62.953056, 8.758526 ], [ -62.952389, 8.758489 ], [ -62.951874, 8.758104 ], [ -62.951611, 8.757509 ], [ -62.951260, 8.757009 ], [ -62.950611, 8.757038 ], [ -62.950272, 8.757595 ], [ -62.950375, 8.758238 ], [ -62.950222, 8.758837 ], [ -62.949646, 8.759143 ], [ -62.948952, 8.759082 ], [ -62.948658, 8.759637 ], [ -62.948574, 8.760260 ], [ -62.948376, 8.760837 ], [ -62.948036, 8.761346 ], [ -62.947601, 8.761810 ], [ -62.947079, 8.762346 ], [ -62.946739, 8.762879 ], [ -62.946518, 8.763663 ], [ -62.946575, 8.764399 ], [ -62.946514, 8.765019 ], [ -62.946198, 8.765598 ], [ -62.945740, 8.766086 ], [ -62.945194, 8.766553 ], [ -62.944507, 8.767044 ], [ -62.944027, 8.767487 ], [ -62.943596, 8.767951 ], [ -62.942616, 8.769044 ], [ -62.941727, 8.770089 ], [ -62.941250, 8.770739 ], [ -62.940727, 8.771297 ], [ -62.940224, 8.771647 ], [ -62.939533, 8.771886 ], [ -62.938934, 8.772054 ], [ -62.938293, 8.772338 ], [ -62.937698, 8.772690 ], [ -62.937168, 8.773087 ], [ -62.936668, 8.773576 ], [ -62.936237, 8.774086 ], [ -62.935711, 8.774760 ], [ -62.935280, 8.775248 ], [ -62.934849, 8.775920 ], [ -62.934544, 8.777279 ], [ -62.934181, 8.777859 ], [ -62.933632, 8.778164 ], [ -62.933128, 8.778515 ], [ -62.931290, 8.780561 ], [ -63.000153, 8.777644 ], [ -63.100437, 8.773663 ], [ -63.204090, 8.769519 ], [ -63.204674, 8.769685 ], [ -63.205246, 8.769484 ], [ -63.205845, 8.769465 ], [ -63.206444, 8.769424 ], [ -63.207085, 8.769265 ], [ -63.207706, 8.769155 ], [ -63.208279, 8.768976 ], [ -63.208843, 8.768614 ], [ -63.209412, 8.768274 ], [ -63.210075, 8.768023 ], [ -63.210785, 8.767818 ], [ -63.211452, 8.767728 ], [ -63.212052, 8.767710 ], [ -63.212593, 8.768015 ], [ -63.213234, 8.768570 ], [ -63.213821, 8.768828 ], [ -63.214401, 8.768949 ], [ -63.215149, 8.769155 ], [ -63.215759, 8.769435 ], [ -63.216305, 8.769856 ], [ -63.216667, 8.770350 ], [ -63.216961, 8.770870 ], [ -63.217281, 8.771482 ], [ -63.217556, 8.772094 ], [ -63.217713, 8.772734 ], [ -63.217689, 8.773446 ], [ -63.217938, 8.773990 ], [ -63.218525, 8.774179 ], [ -63.219132, 8.774413 ], [ -63.219746, 8.774855 ], [ -63.220379, 8.775111 ], [ -63.221096, 8.775158 ], [ -63.221699, 8.775139 ], [ -63.222218, 8.775537 ], [ -63.222469, 8.776104 ], [ -63.223053, 8.776316 ], [ -63.223659, 8.776504 ], [ -63.224297, 8.776876 ], [ -63.225517, 8.777481 ], [ -63.226147, 8.777716 ], [ -63.226734, 8.777904 ], [ -63.227318, 8.778070 ], [ -63.227985, 8.778049 ], [ -63.228626, 8.777868 ], [ -63.229191, 8.777507 ], [ -63.229733, 8.777029 ], [ -63.230366, 8.776573 ], [ -63.230980, 8.776278 ], [ -63.231522, 8.775963 ], [ -63.232132, 8.775508 ], [ -63.233242, 8.774806 ], [ -63.233875, 8.774418 ], [ -63.234539, 8.774145 ], [ -63.235203, 8.773940 ], [ -63.235821, 8.773783 ], [ -63.236439, 8.773603 ], [ -63.237236, 8.773279 ], [ -63.237873, 8.772962 ], [ -63.238537, 8.772664 ], [ -63.239124, 8.772369 ], [ -63.239948, 8.772093 ], [ -63.240547, 8.771958 ], [ -63.241142, 8.771849 ], [ -63.241787, 8.771760 ], [ -63.242546, 8.771598 ], [ -63.243282, 8.771482 ], [ -63.244064, 8.771344 ], [ -63.244869, 8.771251 ], [ -63.245605, 8.771135 ], [ -63.246338, 8.770998 ], [ -63.247047, 8.770746 ], [ -63.247639, 8.770474 ], [ -63.248249, 8.770019 ], [ -63.248673, 8.769547 ], [ -63.249142, 8.769049 ], [ -63.249752, 8.768616 ], [ -63.250347, 8.768390 ], [ -63.251083, 8.768275 ], [ -63.251728, 8.768278 ], [ -63.252419, 8.768233 ], [ -63.253021, 8.768169 ], [ -63.253803, 8.768146 ], [ -63.254448, 8.768010 ], [ -63.255135, 8.767805 ], [ -63.256466, 8.767510 ], [ -63.257065, 8.767539 ], [ -63.257873, 8.767513 ], [ -63.258591, 8.767468 ], [ -63.260063, 8.767238 ], [ -63.260895, 8.767282 ], [ -63.261478, 8.767493 ], [ -63.262131, 8.767703 ], [ -63.262878, 8.767887 ], [ -63.263550, 8.767912 ], [ -63.264332, 8.767819 ], [ -63.264954, 8.767686 ], [ -63.265705, 8.767363 ], [ -63.266319, 8.767045 ], [ -63.266914, 8.766934 ], [ -63.267723, 8.766955 ], [ -63.268650, 8.767017 ], [ -63.269527, 8.766992 ], [ -63.270432, 8.766987 ], [ -63.271122, 8.766966 ], [ -63.271908, 8.766987 ], [ -63.272610, 8.767218 ], [ -63.273312, 8.767472 ], [ -63.273895, 8.767661 ], [ -63.274479, 8.767874 ], [ -63.275173, 8.767875 ], [ -63.275799, 8.767947 ], [ -63.276680, 8.768034 ], [ -63.277332, 8.768221 ], [ -63.277836, 8.768712 ], [ -63.278286, 8.769111 ], [ -63.278942, 8.769390 ], [ -63.280292, 8.769624 ], [ -63.280941, 8.769696 ], [ -63.281616, 8.769836 ], [ -63.282185, 8.770186 ], [ -63.282703, 8.770608 ], [ -63.283291, 8.770911 ], [ -63.283974, 8.771280 ], [ -63.284538, 8.771608 ], [ -63.284950, 8.772101 ], [ -63.285290, 8.772735 ], [ -63.285358, 8.773330 ], [ -63.285431, 8.774133 ], [ -63.285542, 8.774774 ], [ -63.285797, 8.775501 ], [ -63.286339, 8.775806 ], [ -63.287182, 8.776125 ], [ -63.287766, 8.776268 ], [ -63.288441, 8.776523 ], [ -63.288982, 8.776782 ], [ -63.289597, 8.777223 ], [ -63.289894, 8.777835 ], [ -63.290241, 8.779273 ], [ -63.290455, 8.780117 ], [ -63.290543, 8.780736 ], [ -63.290703, 8.781374 ], [ -63.290863, 8.781967 ], [ -63.291569, 8.783095 ], [ -63.291729, 8.783803 ], [ -63.291847, 8.784512 ], [ -63.292053, 8.785195 ], [ -63.292526, 8.785595 ], [ -63.293160, 8.785829 ], [ -63.293751, 8.785788 ], [ -63.294357, 8.785676 ], [ -63.295101, 8.785813 ], [ -63.295841, 8.785838 ], [ -63.296421, 8.785957 ], [ -63.297069, 8.785982 ], [ -63.297642, 8.785827 ], [ -63.298336, 8.785737 ], [ -63.298935, 8.785718 ], [ -63.299583, 8.785745 ], [ -63.300186, 8.785886 ], [ -63.300770, 8.786005 ], [ -63.302277, 8.786098 ], [ -63.303017, 8.786189 ], [ -63.303692, 8.786305 ], [ -63.304321, 8.786516 ], [ -63.305519, 8.787146 ], [ -63.306152, 8.787311 ], [ -63.306778, 8.787360 ], [ -63.307510, 8.787245 ], [ -63.308254, 8.787269 ], [ -63.308834, 8.787457 ], [ -63.309517, 8.787780 ], [ -63.310146, 8.787991 ], [ -63.311722, 8.788057 ], [ -63.313030, 8.787808 ], [ -63.314262, 8.788001 ], [ -63.314888, 8.788119 ], [ -63.316147, 8.788379 ], [ -63.316707, 8.788591 ], [ -63.317360, 8.788710 ], [ -63.317959, 8.788692 ], [ -63.318649, 8.788577 ], [ -63.319290, 8.788443 ], [ -63.319977, 8.788168 ], [ -63.320587, 8.787781 ], [ -63.321220, 8.787301 ], [ -63.321690, 8.786828 ], [ -63.322136, 8.786330 ], [ -63.322605, 8.785832 ], [ -63.323051, 8.785336 ], [ -63.323586, 8.784767 ], [ -63.324169, 8.784174 ], [ -63.324661, 8.783676 ], [ -63.325222, 8.783221 ], [ -63.325787, 8.782721 ], [ -63.326344, 8.782198 ], [ -63.326813, 8.781631 ], [ -63.327374, 8.781062 ], [ -63.328461, 8.780361 ], [ -63.328999, 8.779953 ], [ -63.329613, 8.779612 ], [ -63.330273, 8.779270 ], [ -63.330769, 8.778864 ], [ -63.331188, 8.778298 ], [ -63.331940, 8.777218 ], [ -63.332500, 8.775981 ], [ -63.332710, 8.775377 ], [ -63.332897, 8.774750 ], [ -63.333061, 8.774124 ], [ -63.333321, 8.773541 ], [ -63.333748, 8.773113 ], [ -63.334381, 8.772703 ], [ -63.334854, 8.772321 ], [ -63.335323, 8.771824 ], [ -63.335819, 8.771440 ], [ -63.336365, 8.771170 ], [ -63.336960, 8.770967 ], [ -63.337685, 8.770599 ], [ -63.338226, 8.770168 ], [ -63.338722, 8.769808 ], [ -63.339291, 8.769516 ], [ -63.339916, 8.769365 ], [ -63.363010, 8.949430 ], [ -63.363125, 8.949773 ], [ -63.363167, 8.950369 ], [ -63.363258, 8.951010 ], [ -63.363327, 8.951652 ], [ -63.363373, 8.952341 ], [ -63.363624, 8.952952 ], [ -63.364227, 8.953118 ] ] ] } }

]
}
