{
"type": "FeatureCollection",
"features": [
{ "type": "Feature", "properties": { "COD_ESTADO": "18", "ESTADO": "PORTUGUESA" }, "geometry": { "type": "Polygon", "coordinates": [ [ [ -68.516304, 8.560816 ], [ -68.739845, 8.334793 ], [ -68.744911, 8.333412 ], [ -68.746071, 8.333412 ], [ -68.786041, 8.320144 ], [ -68.793160, 8.268525 ], [ -68.823608, 8.223456 ], [ -68.845467, 8.166529 ], [ -68.829102, 8.109830 ], [ -68.828736, 8.109418 ], [ -68.828247, 8.109053 ], [ -68.827713, 8.108894 ], [ -68.827118, 8.108760 ], [ -68.826538, 8.108693 ], [ -68.825943, 8.108604 ], [ -68.825226, 8.108608 ], [ -68.824554, 8.108703 ], [ -68.823845, 8.108843 ], [ -68.823288, 8.109008 ], [ -68.822624, 8.109171 ], [ -68.821884, 8.109335 ], [ -68.821197, 8.109407 ], [ -68.820526, 8.109457 ], [ -68.819672, 8.109622 ], [ -68.820038, 8.108726 ], [ -68.819923, 8.108105 ], [ -68.819710, 8.107370 ], [ -68.819572, 8.106774 ], [ -68.819382, 8.106224 ], [ -68.818573, 8.105010 ], [ -68.817741, 8.104233 ], [ -68.817367, 8.103730 ], [ -68.817131, 8.103088 ], [ -68.817063, 8.102446 ], [ -68.817291, 8.101915 ], [ -68.817635, 8.101409 ], [ -68.817932, 8.100925 ], [ -68.818046, 8.100351 ], [ -68.818245, 8.099706 ], [ -68.818428, 8.099177 ], [ -68.818886, 8.098532 ], [ -68.819489, 8.098139 ], [ -68.820267, 8.097721 ], [ -68.820961, 8.097374 ], [ -68.821487, 8.097210 ], [ -68.822105, 8.096863 ], [ -68.822380, 8.096195 ], [ -68.822724, 8.095712 ], [ -68.823280, 8.095548 ], [ -68.824104, 8.095567 ], [ -68.824890, 8.095816 ], [ -68.825539, 8.096066 ], [ -68.826164, 8.096384 ], [ -68.826668, 8.096612 ], [ -68.827477, 8.096884 ], [ -68.828079, 8.097063 ], [ -68.828796, 8.097177 ], [ -68.829712, 8.097102 ], [ -68.830498, 8.096938 ], [ -68.831093, 8.096774 ], [ -68.831673, 8.096359 ], [ -68.832039, 8.095736 ], [ -68.832268, 8.095183 ], [ -68.832428, 8.094609 ], [ -68.832695, 8.094080 ], [ -68.833298, 8.093801 ], [ -68.833992, 8.093843 ], [ -68.834564, 8.093980 ], [ -68.835098, 8.094206 ], [ -68.836159, 8.095027 ], [ -68.836624, 8.095439 ], [ -68.837059, 8.095850 ], [ -68.837707, 8.096491 ], [ -68.838104, 8.096925 ], [ -68.839005, 8.098115 ], [ -68.839470, 8.098618 ], [ -68.839889, 8.099098 ], [ -68.840424, 8.099601 ], [ -68.840927, 8.100012 ], [ -68.841576, 8.100170 ], [ -68.842316, 8.100166 ], [ -68.842888, 8.100002 ], [ -68.843437, 8.099701 ], [ -68.844017, 8.099308 ], [ -68.844452, 8.098938 ], [ -68.844704, 8.098639 ], [ -68.845070, 8.097994 ], [ -68.845276, 8.097441 ], [ -68.845596, 8.096774 ], [ -68.846008, 8.096198 ], [ -68.846306, 8.095623 ], [ -68.846787, 8.095207 ], [ -68.847450, 8.094996 ], [ -68.848167, 8.094901 ], [ -68.848725, 8.094968 ], [ -68.849480, 8.095171 ], [ -68.850059, 8.095374 ], [ -68.850800, 8.095394 ], [ -68.851463, 8.095367 ], [ -68.852135, 8.095319 ], [ -68.852875, 8.095407 ], [ -68.853447, 8.095680 ], [ -68.853866, 8.096068 ], [ -68.854401, 8.096663 ], [ -68.854744, 8.097190 ], [ -68.854935, 8.097716 ], [ -68.855095, 8.098245 ], [ -68.855469, 8.098656 ], [ -68.855881, 8.099045 ], [ -68.856392, 8.099570 ], [ -68.856743, 8.100189 ], [ -68.856995, 8.100738 ], [ -68.857437, 8.101425 ], [ -68.857742, 8.101975 ], [ -68.858185, 8.102593 ], [ -68.858620, 8.103005 ], [ -68.859199, 8.103461 ], [ -68.859711, 8.103988 ], [ -68.860107, 8.104606 ], [ -68.860016, 8.105318 ], [ -68.859718, 8.105940 ], [ -68.859375, 8.106562 ], [ -68.859283, 8.107182 ], [ -68.859634, 8.107708 ], [ -68.860283, 8.107981 ], [ -68.861572, 8.108182 ], [ -68.862335, 8.108384 ], [ -68.862862, 8.108588 ], [ -68.863419, 8.108976 ], [ -68.864456, 8.109637 ], [ -68.865013, 8.110048 ], [ -68.865479, 8.110551 ], [ -68.865784, 8.111032 ], [ -68.866150, 8.111466 ], [ -68.866661, 8.111694 ], [ -68.867302, 8.111530 ], [ -68.867806, 8.111022 ], [ -68.868126, 8.110424 ], [ -68.868401, 8.109733 ], [ -68.868538, 8.109113 ], [ -68.868553, 8.108423 ], [ -68.868736, 8.107824 ], [ -68.869057, 8.107249 ], [ -68.869491, 8.106559 ], [ -68.870048, 8.106051 ], [ -68.870323, 8.106531 ], [ -68.870583, 8.107081 ], [ -68.870674, 8.107793 ], [ -68.870499, 8.108919 ], [ -68.870224, 8.109564 ], [ -68.869858, 8.110117 ], [ -68.869469, 8.110601 ], [ -68.868042, 8.112170 ], [ -68.867562, 8.112838 ], [ -68.867287, 8.113482 ], [ -68.867035, 8.114149 ], [ -68.866791, 8.114725 ], [ -68.866608, 8.115300 ], [ -68.866516, 8.115874 ], [ -68.866493, 8.116472 ], [ -68.866547, 8.117275 ], [ -68.866867, 8.117804 ], [ -68.867287, 8.118282 ], [ -68.867866, 8.118648 ], [ -68.868446, 8.119104 ], [ -68.868950, 8.119446 ], [ -68.869484, 8.119674 ], [ -68.870132, 8.119808 ], [ -68.870842, 8.119896 ], [ -68.871422, 8.119641 ], [ -68.872086, 8.119178 ], [ -68.872612, 8.118693 ], [ -68.873001, 8.118232 ], [ -68.873505, 8.117816 ], [ -68.874619, 8.117994 ], [ -68.875214, 8.118130 ], [ -68.875931, 8.118310 ], [ -68.877388, 8.118602 ], [ -68.878029, 8.118852 ], [ -68.878494, 8.119170 ], [ -68.878769, 8.119674 ], [ -68.878777, 8.120846 ], [ -68.878754, 8.121443 ], [ -68.878784, 8.122223 ], [ -68.878952, 8.122843 ], [ -68.879456, 8.123323 ], [ -68.880036, 8.123756 ], [ -68.880730, 8.124350 ], [ -68.881195, 8.124692 ], [ -68.881744, 8.124988 ], [ -68.882187, 8.125468 ], [ -68.882423, 8.126110 ], [ -68.882446, 8.126799 ], [ -68.882332, 8.127489 ], [ -68.881989, 8.128065 ], [ -68.881599, 8.128480 ], [ -68.881119, 8.128942 ], [ -68.880730, 8.129496 ], [ -68.880638, 8.130093 ], [ -68.880714, 8.130735 ], [ -68.880989, 8.131216 ], [ -68.881477, 8.131558 ], [ -68.882057, 8.131785 ], [ -68.882469, 8.132151 ], [ -68.882957, 8.132630 ], [ -68.883492, 8.132950 ], [ -68.883972, 8.133224 ], [ -68.884438, 8.133588 ], [ -68.884209, 8.134094 ], [ -68.883843, 8.134602 ], [ -68.883476, 8.135063 ], [ -68.883224, 8.135753 ], [ -68.883316, 8.136441 ], [ -68.883553, 8.137107 ], [ -68.883926, 8.137542 ], [ -68.884316, 8.137976 ], [ -68.884781, 8.138433 ], [ -68.885315, 8.138822 ], [ -68.885887, 8.139002 ], [ -68.886604, 8.138998 ], [ -68.887367, 8.138880 ], [ -68.887939, 8.138831 ], [ -68.888588, 8.139104 ], [ -68.888656, 8.139724 ], [ -68.888596, 8.140367 ], [ -68.888825, 8.140917 ], [ -68.889427, 8.140891 ], [ -68.890091, 8.141003 ], [ -68.890488, 8.141459 ], [ -68.890610, 8.142011 ], [ -68.890495, 8.142586 ], [ -68.890312, 8.143115 ], [ -68.890015, 8.143759 ], [ -68.889763, 8.144359 ], [ -68.889816, 8.144954 ], [ -68.890022, 8.145481 ], [ -68.890465, 8.145916 ], [ -68.891037, 8.146349 ], [ -68.891594, 8.146599 ], [ -68.892242, 8.146666 ], [ -68.891922, 8.147264 ], [ -68.891510, 8.147863 ], [ -68.890961, 8.148302 ], [ -68.890472, 8.148581 ], [ -68.889900, 8.149019 ], [ -68.889534, 8.149457 ], [ -68.889282, 8.150033 ], [ -68.889191, 8.150700 ], [ -68.889221, 8.151320 ], [ -68.889641, 8.152649 ], [ -68.890015, 8.153175 ], [ -68.890541, 8.153587 ], [ -68.891052, 8.154020 ], [ -68.891678, 8.154180 ], [ -68.892456, 8.154152 ], [ -68.893173, 8.154057 ], [ -68.893936, 8.153869 ], [ -68.894829, 8.153634 ], [ -68.895454, 8.153540 ], [ -68.896141, 8.153583 ], [ -68.896698, 8.153717 ], [ -68.897858, 8.154285 ], [ -68.898384, 8.154491 ], [ -68.899193, 8.154945 ], [ -68.899864, 8.155310 ], [ -68.900307, 8.155674 ], [ -68.900971, 8.156063 ], [ -68.901528, 8.156105 ], [ -68.902123, 8.155827 ], [ -68.902329, 8.155230 ], [ -68.902168, 8.154633 ], [ -68.901886, 8.154059 ], [ -68.901543, 8.153602 ], [ -68.901215, 8.153122 ], [ -68.900909, 8.152639 ], [ -68.900749, 8.151883 ], [ -68.900909, 8.151216 ], [ -68.901413, 8.150663 ], [ -68.901985, 8.150522 ], [ -68.902634, 8.150772 ], [ -68.903145, 8.151091 ], [ -68.903580, 8.151456 ], [ -68.903954, 8.151867 ], [ -68.904350, 8.152463 ], [ -68.904716, 8.153058 ], [ -68.905876, 8.154776 ], [ -68.906364, 8.155461 ], [ -68.906853, 8.156010 ], [ -68.907433, 8.156306 ], [ -68.908005, 8.156258 ], [ -68.908722, 8.156184 ], [ -68.909531, 8.156180 ], [ -68.910240, 8.156086 ], [ -68.911049, 8.156013 ], [ -68.911667, 8.155940 ], [ -68.913010, 8.155843 ], [ -68.914322, 8.155629 ], [ -68.915008, 8.155442 ], [ -68.915634, 8.155255 ], [ -68.916252, 8.155114 ], [ -68.916832, 8.155087 ], [ -68.917404, 8.155200 ], [ -68.918007, 8.155403 ], [ -68.918358, 8.155908 ], [ -68.918472, 8.156711 ], [ -68.918457, 8.157376 ], [ -68.918320, 8.158090 ], [ -68.918160, 8.158779 ], [ -68.917915, 8.159975 ], [ -68.917847, 8.160618 ], [ -68.917824, 8.161239 ], [ -68.917923, 8.161881 ], [ -68.918037, 8.162432 ], [ -68.918274, 8.162959 ], [ -68.918709, 8.163301 ], [ -68.919243, 8.163574 ], [ -68.919800, 8.163733 ], [ -68.920647, 8.163797 ], [ -68.921341, 8.163863 ], [ -68.921967, 8.164159 ], [ -68.922546, 8.164660 ], [ -68.922890, 8.165234 ], [ -68.923126, 8.165737 ], [ -68.923363, 8.166493 ], [ -68.923569, 8.167319 ], [ -68.923805, 8.168098 ], [ -68.924042, 8.168787 ], [ -68.924202, 8.169614 ], [ -68.924393, 8.170279 ], [ -68.924530, 8.170990 ], [ -68.924675, 8.171586 ], [ -68.924835, 8.172114 ], [ -68.925118, 8.172848 ], [ -68.925377, 8.173375 ], [ -68.925629, 8.174154 ], [ -68.925888, 8.174749 ], [ -68.926216, 8.175415 ], [ -68.926605, 8.175872 ], [ -68.927162, 8.176443 ], [ -68.927856, 8.177083 ], [ -68.928436, 8.177310 ], [ -68.929939, 8.177692 ], [ -68.930511, 8.177874 ], [ -68.931480, 8.178213 ], [ -68.932083, 8.178394 ], [ -68.932732, 8.178552 ], [ -68.933281, 8.178756 ], [ -68.933975, 8.178866 ], [ -68.934555, 8.178932 ], [ -68.935196, 8.179090 ], [ -68.935639, 8.179456 ], [ -68.935967, 8.179936 ], [ -68.936196, 8.180487 ], [ -68.936500, 8.181129 ], [ -68.936867, 8.181540 ], [ -68.937447, 8.181812 ], [ -68.938072, 8.181970 ], [ -68.938736, 8.182058 ], [ -68.939339, 8.181986 ], [ -68.939865, 8.181663 ], [ -68.940559, 8.181130 ], [ -68.941086, 8.180944 ], [ -68.941757, 8.180872 ], [ -68.942307, 8.180985 ], [ -68.942848, 8.181263 ], [ -68.943138, 8.181783 ], [ -68.943283, 8.182334 ], [ -68.943428, 8.183689 ], [ -68.943474, 8.184332 ], [ -68.943436, 8.184906 ], [ -68.943482, 8.186077 ], [ -68.943672, 8.186604 ], [ -68.944061, 8.187038 ], [ -68.944641, 8.187358 ], [ -68.945289, 8.187675 ], [ -68.945869, 8.187948 ], [ -68.946465, 8.188199 ], [ -68.946999, 8.188402 ], [ -68.947533, 8.188560 ], [ -68.948242, 8.188672 ], [ -68.948730, 8.188371 ], [ -68.949165, 8.187978 ], [ -68.949738, 8.187838 ], [ -68.950295, 8.188019 ], [ -68.950851, 8.188292 ], [ -68.951309, 8.188610 ], [ -68.951798, 8.188998 ], [ -68.952606, 8.190005 ], [ -68.952980, 8.190577 ], [ -68.953308, 8.191241 ], [ -68.953842, 8.192388 ], [ -68.954102, 8.192960 ], [ -68.954376, 8.193647 ], [ -68.954796, 8.194151 ], [ -68.955376, 8.194676 ], [ -68.955956, 8.194995 ], [ -68.956367, 8.195407 ], [ -68.956558, 8.196002 ], [ -68.956650, 8.196669 ], [ -68.956635, 8.197220 ], [ -68.956520, 8.197772 ], [ -68.956314, 8.198439 ], [ -68.956268, 8.199127 ], [ -68.956299, 8.199862 ], [ -68.956398, 8.201447 ], [ -68.956421, 8.202205 ], [ -68.956497, 8.202756 ], [ -68.956734, 8.204063 ], [ -68.956902, 8.205463 ], [ -68.957016, 8.206175 ], [ -68.957207, 8.206818 ], [ -68.957443, 8.207437 ], [ -68.957603, 8.208010 ], [ -68.957603, 8.208607 ], [ -68.957657, 8.209318 ], [ -68.957748, 8.209869 ], [ -68.957825, 8.210742 ], [ -68.958061, 8.211430 ], [ -68.958336, 8.211980 ], [ -68.958641, 8.212690 ], [ -68.958710, 8.213241 ], [ -68.958626, 8.213815 ], [ -68.958465, 8.214414 ], [ -68.958305, 8.215195 ], [ -68.958191, 8.215816 ], [ -68.958427, 8.216320 ], [ -68.958778, 8.216892 ], [ -68.959099, 8.217603 ], [ -68.959427, 8.218152 ], [ -68.959938, 8.218517 ], [ -68.960533, 8.218675 ], [ -68.961090, 8.218649 ], [ -68.961739, 8.218807 ], [ -68.962082, 8.219241 ], [ -68.962501, 8.219814 ], [ -68.962738, 8.220479 ], [ -68.962830, 8.221099 ], [ -68.962830, 8.221765 ], [ -68.962471, 8.223145 ], [ -68.962334, 8.223926 ], [ -68.962341, 8.224477 ], [ -68.962387, 8.225166 ], [ -68.962463, 8.225808 ], [ -68.962647, 8.226520 ], [ -68.962906, 8.227047 ], [ -68.963280, 8.227711 ], [ -68.963554, 8.228283 ], [ -68.964302, 8.229498 ], [ -68.964554, 8.230069 ], [ -68.964630, 8.230712 ], [ -68.964584, 8.231402 ], [ -68.964516, 8.232068 ], [ -68.964569, 8.232688 ], [ -68.964852, 8.233261 ], [ -68.965240, 8.233672 ], [ -68.965660, 8.234176 ], [ -68.966034, 8.234817 ], [ -68.966217, 8.235367 ], [ -68.966362, 8.235987 ], [ -68.966736, 8.238007 ], [ -68.966881, 8.238648 ], [ -68.967064, 8.239176 ], [ -68.967369, 8.239725 ], [ -68.967858, 8.240296 ], [ -68.968246, 8.240801 ], [ -68.968712, 8.241349 ], [ -68.969269, 8.241370 ], [ -68.970116, 8.241067 ], [ -68.970482, 8.240628 ], [ -68.970688, 8.239984 ], [ -68.970848, 8.239340 ], [ -68.971191, 8.238695 ], [ -68.971558, 8.238120 ], [ -68.972130, 8.237657 ], [ -68.972824, 8.237492 ], [ -68.973442, 8.237627 ], [ -68.973953, 8.237877 ], [ -68.974945, 8.238630 ], [ -68.975548, 8.238880 ], [ -68.977097, 8.239170 ], [ -68.977837, 8.239167 ], [ -68.978432, 8.238935 ], [ -68.979095, 8.238518 ], [ -68.979538, 8.238859 ], [ -68.979981, 8.239270 ], [ -68.980301, 8.239774 ], [ -68.980629, 8.240393 ], [ -68.980675, 8.240966 ], [ -68.980545, 8.241588 ], [ -68.980225, 8.242209 ], [ -68.979835, 8.242625 ], [ -68.979813, 8.243245 ], [ -68.980301, 8.243542 ], [ -68.980896, 8.243608 ], [ -68.981522, 8.243443 ], [ -68.981957, 8.243073 ], [ -68.982529, 8.242427 ], [ -68.983124, 8.242194 ], [ -68.983772, 8.242122 ], [ -68.984284, 8.242395 ], [ -68.984764, 8.242761 ], [ -68.985275, 8.243055 ], [ -68.985878, 8.243329 ], [ -68.986382, 8.243579 ], [ -68.986939, 8.243875 ], [ -68.987564, 8.244146 ], [ -68.988144, 8.244420 ], [ -68.988602, 8.244808 ], [ -68.988861, 8.245312 ], [ -68.989021, 8.245908 ], [ -68.989143, 8.246528 ], [ -68.989303, 8.247055 ], [ -68.989952, 8.247327 ], [ -68.990532, 8.247255 ], [ -68.990990, 8.247551 ], [ -68.991341, 8.248055 ], [ -68.991692, 8.248513 ], [ -68.992035, 8.249016 ], [ -68.992431, 8.249566 ], [ -68.992943, 8.249839 ], [ -68.993683, 8.250018 ], [ -68.994301, 8.250015 ], [ -68.994858, 8.250104 ], [ -68.995506, 8.250422 ], [ -68.995872, 8.250880 ], [ -68.996132, 8.251452 ], [ -68.996498, 8.251979 ], [ -68.997147, 8.252252 ], [ -68.997726, 8.252132 ], [ -68.998276, 8.252131 ], [ -68.998787, 8.252427 ], [ -68.999298, 8.252860 ], [ -68.999992, 8.253958 ], [ -69.000206, 8.252985 ], [ -69.000801, 8.252891 ], [ -69.001404, 8.252564 ], [ -69.001884, 8.252194 ], [ -69.002846, 8.251591 ], [ -69.003517, 8.251404 ], [ -69.004250, 8.251468 ], [ -69.004646, 8.251879 ], [ -69.004906, 8.252474 ], [ -69.004929, 8.253117 ], [ -69.004936, 8.254288 ], [ -69.004967, 8.255045 ], [ -69.005112, 8.255710 ], [ -69.005440, 8.256351 ], [ -69.005760, 8.256923 ], [ -69.006111, 8.257472 ], [ -69.006599, 8.258041 ], [ -69.007019, 8.258475 ], [ -69.007507, 8.259023 ], [ -69.007965, 8.259434 ], [ -69.008453, 8.259729 ], [ -69.008988, 8.260070 ], [ -69.009331, 8.260114 ], [ -69.010254, 8.260086 ], [ -69.010872, 8.260035 ], [ -69.011475, 8.260032 ], [ -69.012032, 8.260189 ], [ -69.012420, 8.260622 ], [ -69.012863, 8.261171 ], [ -69.013237, 8.261719 ], [ -69.014030, 8.262724 ], [ -69.014443, 8.263204 ], [ -69.014839, 8.263752 ], [ -69.015190, 8.264185 ], [ -69.015587, 8.264757 ], [ -69.015953, 8.265192 ], [ -69.016373, 8.265739 ], [ -69.016724, 8.266243 ], [ -69.017029, 8.266791 ], [ -69.017769, 8.268027 ], [ -69.018234, 8.268598 ], [ -69.018700, 8.269099 ], [ -69.019142, 8.269533 ], [ -69.019608, 8.269943 ], [ -69.020088, 8.270239 ], [ -69.020760, 8.270465 ], [ -69.021339, 8.270690 ], [ -69.022720, 8.271118 ], [ -69.023254, 8.271412 ], [ -69.023880, 8.271729 ], [ -69.024643, 8.272391 ], [ -69.025963, 8.273140 ], [ -69.026588, 8.273389 ], [ -69.028343, 8.273997 ], [ -69.029083, 8.274315 ], [ -69.029503, 8.274725 ], [ -69.029846, 8.275159 ], [ -69.030105, 8.275776 ], [ -69.030251, 8.276464 ], [ -69.030647, 8.277634 ], [ -69.030953, 8.278320 ], [ -69.031189, 8.278914 ], [ -69.031769, 8.280082 ], [ -69.032005, 8.280632 ], [ -69.032356, 8.281249 ], [ -69.032936, 8.281796 ], [ -69.033585, 8.282229 ], [ -69.034134, 8.282569 ], [ -69.035088, 8.282930 ], [ -69.036400, 8.283336 ], [ -69.036980, 8.283423 ], [ -69.037620, 8.283535 ], [ -69.038338, 8.283690 ], [ -69.038941, 8.283938 ], [ -69.039451, 8.284212 ], [ -69.039932, 8.284621 ], [ -69.040260, 8.285149 ], [ -69.040520, 8.285789 ], [ -69.040688, 8.286407 ], [ -69.041359, 8.287552 ], [ -69.041733, 8.288122 ], [ -69.042153, 8.288625 ], [ -69.042686, 8.289103 ], [ -69.043259, 8.289445 ], [ -69.043884, 8.289417 ], [ -69.044228, 8.288934 ], [ -69.044342, 8.288359 ], [ -69.044724, 8.287047 ], [ -69.044861, 8.286496 ], [ -69.045128, 8.285944 ], [ -69.045754, 8.285871 ], [ -69.046265, 8.286372 ], [ -69.046638, 8.286852 ], [ -69.047142, 8.287285 ], [ -69.047608, 8.287764 ], [ -69.048118, 8.288242 ], [ -69.048607, 8.288675 ], [ -69.049210, 8.288971 ], [ -69.049759, 8.288806 ], [ -69.050331, 8.288596 ], [ -69.050911, 8.288270 ], [ -69.051178, 8.287581 ], [ -69.051338, 8.286867 ], [ -69.051819, 8.286542 ], [ -69.052467, 8.286379 ], [ -69.052948, 8.286674 ], [ -69.053368, 8.287106 ], [ -69.053650, 8.287611 ], [ -69.053886, 8.288252 ], [ -69.053864, 8.288918 ], [ -69.053635, 8.289539 ], [ -69.052879, 8.290439 ], [ -69.052467, 8.291016 ], [ -69.052475, 8.291658 ], [ -69.052803, 8.292162 ], [ -69.053306, 8.292594 ], [ -69.053886, 8.292614 ], [ -69.054489, 8.292564 ], [ -69.055107, 8.292308 ], [ -69.055771, 8.291890 ], [ -69.056320, 8.291404 ], [ -69.056755, 8.290965 ], [ -69.057220, 8.290618 ], [ -69.057930, 8.290430 ], [ -69.058579, 8.290311 ], [ -69.059242, 8.290123 ], [ -69.060028, 8.289888 ], [ -69.060738, 8.289768 ], [ -69.061546, 8.289810 ], [ -69.062126, 8.290059 ], [ -69.064201, 8.291102 ], [ -69.065430, 8.291575 ], [ -69.066055, 8.291846 ], [ -69.066635, 8.292211 ], [ -69.067070, 8.292552 ], [ -69.067650, 8.293099 ], [ -69.068047, 8.293625 ], [ -69.068169, 8.294267 ], [ -69.068169, 8.294979 ], [ -69.068085, 8.295714 ], [ -69.067925, 8.296403 ], [ -69.067612, 8.297646 ], [ -69.067528, 8.298312 ], [ -69.067551, 8.298954 ], [ -69.067627, 8.299711 ], [ -69.067947, 8.300192 ], [ -69.068436, 8.300601 ], [ -69.069015, 8.300919 ], [ -69.069595, 8.301145 ], [ -69.070198, 8.301416 ], [ -69.071510, 8.301545 ], [ -69.072319, 8.301655 ], [ -69.073448, 8.301831 ], [ -69.074005, 8.301897 ], [ -69.074554, 8.301733 ], [ -69.075081, 8.301362 ], [ -69.075607, 8.301014 ], [ -69.076301, 8.300688 ], [ -69.076851, 8.300868 ], [ -69.077316, 8.301277 ], [ -69.077804, 8.301757 ], [ -69.078224, 8.302122 ], [ -69.079910, 8.303144 ], [ -69.080490, 8.303370 ], [ -69.081039, 8.303458 ], [ -69.081642, 8.303477 ], [ -69.082474, 8.303450 ], [ -69.083115, 8.303399 ], [ -69.083786, 8.303187 ], [ -69.084289, 8.302657 ], [ -69.084518, 8.302081 ], [ -69.084694, 8.301483 ], [ -69.084740, 8.300817 ], [ -69.084732, 8.299624 ], [ -69.084633, 8.299027 ], [ -69.084656, 8.298339 ], [ -69.084740, 8.297603 ], [ -69.084900, 8.296983 ], [ -69.085144, 8.296408 ], [ -69.085533, 8.295830 ], [ -69.085998, 8.295460 ], [ -69.086845, 8.295295 ], [ -69.087425, 8.295566 ], [ -69.087959, 8.295861 ], [ -69.088509, 8.296110 ], [ -69.089089, 8.296267 ], [ -69.089828, 8.296262 ], [ -69.090469, 8.296143 ], [ -69.091187, 8.296046 ], [ -69.091827, 8.295996 ], [ -69.092705, 8.295990 ], [ -69.093491, 8.295939 ], [ -69.094116, 8.295867 ], [ -69.094757, 8.295770 ], [ -69.095283, 8.295354 ], [ -69.095673, 8.294937 ], [ -69.096108, 8.294567 ], [ -69.096756, 8.294243 ], [ -69.097374, 8.294193 ], [ -69.097931, 8.294419 ], [ -69.098465, 8.294690 ], [ -69.099136, 8.295122 ], [ -69.099617, 8.295464 ], [ -69.099991, 8.295920 ], [ -69.100227, 8.296515 ], [ -69.100250, 8.297250 ], [ -69.100120, 8.297916 ], [ -69.099686, 8.298471 ], [ -69.099159, 8.298749 ], [ -69.098579, 8.299074 ], [ -69.098007, 8.299262 ], [ -69.097382, 8.299289 ], [ -69.096786, 8.299087 ], [ -69.096184, 8.299021 ], [ -69.095726, 8.299369 ], [ -69.095314, 8.299762 ], [ -69.094879, 8.300269 ], [ -69.094788, 8.300912 ], [ -69.094772, 8.301624 ], [ -69.094589, 8.302268 ], [ -69.094108, 8.302799 ], [ -69.093399, 8.303079 ], [ -69.092705, 8.303176 ], [ -69.092087, 8.303225 ], [ -69.090866, 8.303233 ], [ -69.090423, 8.303581 ], [ -69.090363, 8.304317 ], [ -69.090431, 8.304890 ], [ -69.090996, 8.306057 ], [ -69.091255, 8.306720 ], [ -69.091606, 8.307362 ], [ -69.091972, 8.307818 ], [ -69.092163, 8.308459 ], [ -69.092026, 8.309080 ], [ -69.091965, 8.309677 ], [ -69.091919, 8.310252 ], [ -69.091926, 8.311009 ], [ -69.092026, 8.311674 ], [ -69.092186, 8.312408 ], [ -69.092285, 8.313096 ], [ -69.092201, 8.313831 ], [ -69.092064, 8.314384 ], [ -69.091881, 8.315004 ], [ -69.091751, 8.315625 ], [ -69.091637, 8.316338 ], [ -69.092033, 8.316862 ], [ -69.092590, 8.317042 ], [ -69.093185, 8.316854 ], [ -69.093506, 8.316325 ], [ -69.093620, 8.315773 ], [ -69.094147, 8.315425 ], [ -69.094635, 8.315836 ], [ -69.094932, 8.316316 ], [ -69.095406, 8.317437 ], [ -69.095818, 8.318008 ], [ -69.096306, 8.318488 ], [ -69.096565, 8.319014 ], [ -69.096687, 8.319588 ], [ -69.096916, 8.320228 ], [ -69.097267, 8.320938 ], [ -69.097801, 8.321141 ], [ -69.098381, 8.321389 ], [ -69.098839, 8.321709 ], [ -69.099518, 8.322760 ], [ -69.099846, 8.323424 ], [ -69.100082, 8.324019 ], [ -69.100197, 8.324821 ], [ -69.100182, 8.325464 ], [ -69.100067, 8.326177 ], [ -69.099800, 8.326937 ], [ -69.099571, 8.327535 ], [ -69.099457, 8.328087 ], [ -69.099373, 8.328730 ], [ -69.099350, 8.329442 ], [ -69.099426, 8.330014 ], [ -69.099686, 8.330633 ], [ -69.100075, 8.331067 ], [ -69.100540, 8.331454 ], [ -69.101471, 8.332274 ], [ -69.101982, 8.332662 ], [ -69.102730, 8.333369 ], [ -69.103027, 8.333925 ], [ -69.103455, 8.334333 ], [ -69.104569, 8.335166 ], [ -69.105156, 8.335617 ], [ -69.105736, 8.336136 ], [ -69.106163, 8.336591 ], [ -69.106980, 8.337520 ], [ -69.107498, 8.338133 ], [ -69.107925, 8.338701 ], [ -69.108322, 8.339109 ], [ -69.108879, 8.339399 ], [ -69.109505, 8.339481 ], [ -69.109955, 8.339128 ], [ -69.110527, 8.338730 ], [ -69.111122, 8.338446 ], [ -69.111931, 8.338226 ], [ -69.112785, 8.338283 ], [ -69.113502, 8.338524 ], [ -69.114014, 8.338770 ], [ -69.114685, 8.339035 ], [ -69.115334, 8.339324 ], [ -69.116104, 8.339771 ], [ -69.116570, 8.340110 ], [ -69.117508, 8.341015 ], [ -69.118019, 8.341329 ], [ -69.118645, 8.341686 ], [ -69.119186, 8.341978 ], [ -69.120438, 8.342625 ], [ -69.121742, 8.343203 ], [ -69.122665, 8.343602 ], [ -69.123230, 8.344007 ], [ -69.123444, 8.344579 ], [ -69.123314, 8.345293 ], [ -69.122551, 8.346592 ], [ -69.122376, 8.347239 ], [ -69.122795, 8.347692 ], [ -69.123108, 8.348284 ], [ -69.123390, 8.348877 ], [ -69.123749, 8.349377 ], [ -69.124191, 8.349875 ], [ -69.124840, 8.350096 ], [ -69.125419, 8.350156 ], [ -69.126251, 8.350213 ], [ -69.126892, 8.350134 ], [ -69.127518, 8.350147 ], [ -69.128121, 8.350253 ], [ -69.128609, 8.350568 ], [ -69.129196, 8.351225 ], [ -69.129669, 8.351792 ], [ -69.130043, 8.352430 ], [ -69.130356, 8.353069 ], [ -69.130684, 8.353522 ], [ -69.131149, 8.353907 ], [ -69.131706, 8.354083 ], [ -69.132378, 8.354256 ], [ -69.133118, 8.354314 ], [ -69.133698, 8.354304 ], [ -69.134453, 8.354317 ], [ -69.134926, 8.354723 ], [ -69.135185, 8.355362 ], [ -69.135315, 8.356004 ], [ -69.135391, 8.356578 ], [ -69.135628, 8.357102 ], [ -69.135979, 8.357603 ], [ -69.136337, 8.358056 ], [ -69.136734, 8.358717 ], [ -69.136887, 8.359335 ], [ -69.137009, 8.360023 ], [ -69.137344, 8.360639 ], [ -69.137672, 8.361138 ], [ -69.138008, 8.361709 ], [ -69.138291, 8.362278 ], [ -69.138321, 8.362922 ], [ -69.138267, 8.363520 ], [ -69.138275, 8.364094 ], [ -69.138489, 8.364642 ], [ -69.138939, 8.365279 ], [ -69.139267, 8.365826 ], [ -69.139580, 8.366396 ], [ -69.139770, 8.367013 ], [ -69.139923, 8.367701 ], [ -69.139954, 8.368412 ], [ -69.140015, 8.369215 ], [ -69.140220, 8.370751 ], [ -69.140389, 8.371393 ], [ -69.140381, 8.372174 ], [ -69.139900, 8.372663 ], [ -69.139328, 8.372811 ], [ -69.138664, 8.372935 ], [ -69.138016, 8.373199 ], [ -69.137772, 8.373800 ], [ -69.138199, 8.374184 ], [ -69.138710, 8.374728 ], [ -69.139015, 8.375229 ], [ -69.138893, 8.375897 ], [ -69.138741, 8.376497 ], [ -69.138542, 8.377167 ], [ -69.138298, 8.377745 ], [ -69.138115, 8.377977 ], [ -69.137665, 8.378674 ], [ -69.137146, 8.379416 ], [ -69.136582, 8.380528 ], [ -69.136345, 8.381313 ], [ -69.136513, 8.382000 ], [ -69.137001, 8.382360 ], [ -69.137581, 8.382559 ], [ -69.138306, 8.382823 ], [ -69.138977, 8.383043 ], [ -69.139580, 8.383287 ], [ -69.140350, 8.384171 ], [ -69.140823, 8.384692 ], [ -69.140762, 8.385291 ], [ -69.140564, 8.385937 ], [ -69.140343, 8.386469 ], [ -69.139961, 8.387211 ], [ -69.139557, 8.387699 ], [ -69.139076, 8.388212 ], [ -69.138595, 8.388518 ], [ -69.137932, 8.388850 ], [ -69.137314, 8.389181 ], [ -69.136764, 8.389488 ], [ -69.136223, 8.389956 ], [ -69.135696, 8.390515 ], [ -69.135361, 8.391140 ], [ -69.135231, 8.391787 ], [ -69.135239, 8.392384 ], [ -69.135208, 8.393074 ], [ -69.135216, 8.393648 ], [ -69.135086, 8.394201 ], [ -69.134819, 8.394827 ], [ -69.134499, 8.395290 ], [ -69.134071, 8.395987 ], [ -69.133850, 8.396541 ], [ -69.133705, 8.397280 ], [ -69.133530, 8.398063 ], [ -69.133469, 8.398639 ], [ -69.133576, 8.399349 ], [ -69.133789, 8.400082 ], [ -69.133987, 8.400860 ], [ -69.133995, 8.401504 ], [ -69.133919, 8.402217 ], [ -69.133667, 8.402841 ], [ -69.133423, 8.403420 ], [ -69.133110, 8.404115 ], [ -69.132736, 8.404878 ], [ -69.132599, 8.405431 ], [ -69.132752, 8.406073 ], [ -69.133354, 8.406385 ], [ -69.133957, 8.406238 ], [ -69.134407, 8.405817 ], [ -69.134888, 8.405305 ], [ -69.135765, 8.404211 ], [ -69.136337, 8.403766 ], [ -69.137001, 8.403503 ], [ -69.137627, 8.403563 ], [ -69.138321, 8.403897 ], [ -69.138886, 8.404347 ], [ -69.139237, 8.404847 ], [ -69.139435, 8.405511 ], [ -69.139511, 8.406222 ], [ -69.139435, 8.406959 ], [ -69.139168, 8.407630 ], [ -69.138878, 8.408392 ], [ -69.138680, 8.408993 ], [ -69.138413, 8.409526 ], [ -69.137932, 8.409877 ], [ -69.137383, 8.410116 ], [ -69.136574, 8.410289 ], [ -69.135864, 8.410552 ], [ -69.135269, 8.410676 ], [ -69.133743, 8.410700 ], [ -69.133095, 8.410686 ], [ -69.132500, 8.410855 ], [ -69.131424, 8.411470 ], [ -69.130852, 8.411686 ], [ -69.130234, 8.411900 ], [ -69.129608, 8.411819 ], [ -69.128937, 8.411669 ], [ -69.128265, 8.411725 ], [ -69.127075, 8.412065 ], [ -69.126480, 8.412280 ], [ -69.125862, 8.412565 ], [ -69.124733, 8.413042 ], [ -69.124161, 8.413373 ], [ -69.123528, 8.413727 ], [ -69.123070, 8.414056 ], [ -69.122589, 8.414476 ], [ -69.122085, 8.414875 ], [ -69.121582, 8.415182 ], [ -69.121033, 8.415373 ], [ -69.120369, 8.415567 ], [ -69.119720, 8.415669 ], [ -69.119141, 8.415540 ], [ -69.118561, 8.415274 ], [ -69.118027, 8.414889 ], [ -69.117493, 8.414623 ], [ -69.116821, 8.414357 ], [ -69.116127, 8.414185 ], [ -69.115547, 8.414400 ], [ -69.114914, 8.414755 ], [ -69.114388, 8.415130 ], [ -69.113930, 8.415504 ], [ -69.113380, 8.415926 ], [ -69.112907, 8.416439 ], [ -69.112617, 8.416972 ], [ -69.112320, 8.417596 ], [ -69.112106, 8.418382 ], [ -69.111885, 8.418960 ], [ -69.111656, 8.419491 ], [ -69.111237, 8.420692 ], [ -69.111061, 8.421293 ], [ -69.110809, 8.422606 ], [ -69.110680, 8.423183 ], [ -69.110550, 8.423874 ], [ -69.110535, 8.424472 ], [ -69.110588, 8.425116 ], [ -69.110870, 8.426605 ], [ -69.111015, 8.427292 ], [ -69.111114, 8.427865 ], [ -69.111107, 8.428462 ], [ -69.111000, 8.429084 ], [ -69.110779, 8.429777 ], [ -69.110535, 8.430401 ], [ -69.110336, 8.431094 ], [ -69.110184, 8.431763 ], [ -69.109924, 8.433077 ], [ -69.109802, 8.433767 ], [ -69.109787, 8.434434 ], [ -69.109795, 8.435101 ], [ -69.109856, 8.435766 ], [ -69.109978, 8.436431 ], [ -69.110153, 8.437071 ], [ -69.110664, 8.437477 ], [ -69.112045, 8.437342 ], [ -69.112617, 8.437149 ], [ -69.113266, 8.437140 ], [ -69.114029, 8.437380 ], [ -69.114655, 8.437440 ], [ -69.115204, 8.437271 ], [ -69.115799, 8.437009 ], [ -69.116234, 8.436634 ], [ -69.116806, 8.436558 ], [ -69.117363, 8.436709 ], [ -69.117973, 8.437114 ], [ -69.118843, 8.438043 ], [ -69.119286, 8.438473 ], [ -69.119888, 8.438671 ], [ -69.120491, 8.438800 ], [ -69.121223, 8.438788 ], [ -69.121963, 8.438663 ], [ -69.122559, 8.438446 ], [ -69.123085, 8.438139 ], [ -69.123543, 8.437811 ], [ -69.124161, 8.437595 ], [ -69.124901, 8.437653 ], [ -69.125320, 8.438083 ], [ -69.125542, 8.438723 ], [ -69.125687, 8.439296 ], [ -69.126267, 8.439470 ], [ -69.126793, 8.439232 ], [ -69.127388, 8.438947 ], [ -69.127960, 8.438755 ], [ -69.128632, 8.438722 ], [ -69.129326, 8.438827 ], [ -69.129951, 8.439138 ], [ -69.130470, 8.439683 ], [ -69.130714, 8.440369 ], [ -69.130653, 8.440989 ], [ -69.130409, 8.441614 ], [ -69.130142, 8.442169 ], [ -69.129799, 8.442795 ], [ -69.129288, 8.443906 ], [ -69.129067, 8.444437 ], [ -69.128822, 8.445062 ], [ -69.128670, 8.445753 ], [ -69.128860, 8.446325 ], [ -69.129333, 8.446960 ], [ -69.129822, 8.447322 ], [ -69.130455, 8.447680 ], [ -69.131058, 8.447900 ], [ -69.131660, 8.448075 ], [ -69.132286, 8.448226 ], [ -69.133072, 8.448375 ], [ -69.133789, 8.448548 ], [ -69.134437, 8.448746 ], [ -69.135086, 8.448989 ], [ -69.135712, 8.449278 ], [ -69.136619, 8.449631 ], [ -69.137314, 8.449851 ], [ -69.137940, 8.450002 ], [ -69.138542, 8.450085 ], [ -69.139282, 8.450096 ], [ -69.140083, 8.450015 ], [ -69.140755, 8.449844 ], [ -69.141228, 8.449401 ], [ -69.141571, 8.448890 ], [ -69.142021, 8.448124 ], [ -69.142403, 8.447613 ], [ -69.142838, 8.447193 ], [ -69.143356, 8.446656 ], [ -69.143860, 8.446212 ], [ -69.144478, 8.445720 ], [ -69.145050, 8.445413 ], [ -69.145737, 8.445334 ], [ -69.146362, 8.445347 ], [ -69.147240, 8.445380 ], [ -69.147980, 8.445506 ], [ -69.148628, 8.445633 ], [ -69.149300, 8.445785 ], [ -69.149879, 8.445983 ], [ -69.150665, 8.446338 ], [ -69.151550, 8.446853 ], [ -69.152084, 8.447097 ], [ -69.152619, 8.447320 ], [ -69.153366, 8.447560 ], [ -69.153915, 8.447691 ], [ -69.154663, 8.447886 ], [ -69.155380, 8.447990 ], [ -69.156067, 8.447909 ], [ -69.156708, 8.447602 ], [ -69.157303, 8.447294 ], [ -69.158035, 8.447007 ], [ -69.158684, 8.446769 ], [ -69.159256, 8.446828 ], [ -69.159905, 8.446979 ], [ -69.160461, 8.447131 ], [ -69.160995, 8.447399 ], [ -69.161652, 8.447781 ], [ -69.162323, 8.448137 ], [ -69.162789, 8.448452 ], [ -69.163399, 8.448901 ], [ -69.164001, 8.449261 ], [ -69.164612, 8.449687 ], [ -69.165146, 8.450231 ], [ -69.165619, 8.450798 ], [ -69.166069, 8.451411 ], [ -69.166420, 8.452050 ], [ -69.166550, 8.452667 ], [ -69.166672, 8.453310 ], [ -69.166870, 8.454020 ], [ -69.167107, 8.454567 ], [ -69.167206, 8.455163 ], [ -69.167404, 8.455758 ], [ -69.167641, 8.456306 ], [ -69.167900, 8.456877 ], [ -69.168213, 8.457377 ], [ -69.168541, 8.457854 ], [ -69.168892, 8.458309 ], [ -69.169251, 8.458924 ], [ -69.169701, 8.459515 ], [ -69.170257, 8.460034 ], [ -69.170746, 8.460326 ], [ -69.171394, 8.460407 ], [ -69.172035, 8.460100 ], [ -69.172562, 8.459862 ], [ -69.173233, 8.459668 ], [ -69.173836, 8.459819 ], [ -69.174370, 8.460224 ], [ -69.174789, 8.460655 ], [ -69.175011, 8.461226 ], [ -69.175064, 8.461938 ], [ -69.175026, 8.462559 ], [ -69.174896, 8.463135 ], [ -69.174812, 8.463734 ], [ -69.175079, 8.464466 ], [ -69.175255, 8.465128 ], [ -69.174995, 8.466304 ], [ -69.174843, 8.466859 ], [ -69.174942, 8.467661 ], [ -69.174629, 8.468195 ], [ -69.174271, 8.468751 ], [ -69.174072, 8.469398 ], [ -69.174034, 8.470088 ], [ -69.174301, 8.470728 ], [ -69.174698, 8.471182 ], [ -69.175057, 8.471889 ], [ -69.175133, 8.472507 ], [ -69.174965, 8.473269 ], [ -69.174904, 8.473959 ], [ -69.175095, 8.474576 ], [ -69.175560, 8.474960 ], [ -69.176125, 8.475342 ], [ -69.176819, 8.475768 ], [ -69.177269, 8.476151 ], [ -69.177689, 8.476697 ], [ -69.178207, 8.477125 ], [ -69.178932, 8.477758 ], [ -69.179352, 8.478165 ], [ -69.179817, 8.478572 ], [ -69.180374, 8.478862 ], [ -69.181168, 8.479150 ], [ -69.181763, 8.479048 ], [ -69.182434, 8.479060 ], [ -69.183060, 8.479119 ], [ -69.183639, 8.479271 ], [ -69.184471, 8.479374 ], [ -69.185005, 8.479572 ], [ -69.185516, 8.479817 ], [ -69.186005, 8.480131 ], [ -69.186539, 8.480537 ], [ -69.187103, 8.481081 ], [ -69.187950, 8.482193 ], [ -69.188400, 8.482738 ], [ -69.188820, 8.483375 ], [ -69.189018, 8.483923 ], [ -69.189186, 8.484702 ], [ -69.189293, 8.485274 ], [ -69.189278, 8.485849 ], [ -69.189216, 8.486631 ], [ -69.188904, 8.488705 ], [ -69.188766, 8.490086 ], [ -69.188705, 8.490800 ], [ -69.188599, 8.491536 ], [ -69.188568, 8.492272 ], [ -69.188561, 8.493146 ], [ -69.188621, 8.494523 ], [ -69.188591, 8.495213 ], [ -69.188439, 8.495975 ], [ -69.188423, 8.496640 ], [ -69.188461, 8.497422 ], [ -69.188469, 8.497996 ], [ -69.188553, 8.498753 ], [ -69.188652, 8.499394 ], [ -69.188660, 8.500034 ], [ -69.188652, 8.500590 ], [ -69.188530, 8.501947 ], [ -69.188446, 8.502662 ], [ -69.188439, 8.503259 ], [ -69.188400, 8.503903 ], [ -69.188370, 8.505053 ], [ -69.188530, 8.506314 ], [ -69.188652, 8.507024 ], [ -69.188805, 8.507666 ], [ -69.189041, 8.508213 ], [ -69.189400, 8.508828 ], [ -69.189995, 8.509969 ], [ -69.190231, 8.510539 ], [ -69.190392, 8.511778 ], [ -69.190399, 8.512513 ], [ -69.190293, 8.513112 ], [ -69.190025, 8.513737 ], [ -69.189529, 8.514227 ], [ -69.188912, 8.514582 ], [ -69.188225, 8.514914 ], [ -69.187790, 8.515357 ], [ -69.187340, 8.515984 ], [ -69.187019, 8.516449 ], [ -69.186775, 8.517074 ], [ -69.186623, 8.517674 ], [ -69.186546, 8.518294 ], [ -69.186531, 8.518869 ], [ -69.186539, 8.519535 ], [ -69.186623, 8.520224 ], [ -69.186745, 8.520843 ], [ -69.186936, 8.521438 ], [ -69.187111, 8.522123 ], [ -69.187355, 8.522833 ], [ -69.187546, 8.523633 ], [ -69.187889, 8.524870 ], [ -69.188019, 8.525511 ], [ -69.188164, 8.526153 ], [ -69.188484, 8.527389 ], [ -69.188652, 8.527983 ], [ -69.188828, 8.528647 ], [ -69.189064, 8.529241 ], [ -69.189331, 8.529995 ], [ -69.189598, 8.530657 ], [ -69.189880, 8.531297 ], [ -69.190147, 8.531959 ], [ -69.190475, 8.532575 ], [ -69.190811, 8.533258 ], [ -69.191170, 8.533828 ], [ -69.191948, 8.535010 ], [ -69.192459, 8.535440 ], [ -69.193016, 8.535661 ], [ -69.193619, 8.535767 ], [ -69.194176, 8.535918 ], [ -69.194801, 8.536070 ], [ -69.195450, 8.536243 ], [ -69.196167, 8.536393 ], [ -69.196930, 8.536520 ], [ -69.198112, 8.536594 ], [ -69.198944, 8.536673 ], [ -69.199684, 8.536754 ], [ -69.200356, 8.536812 ], [ -69.201347, 8.536843 ], [ -69.201919, 8.536834 ], [ -69.202705, 8.536798 ], [ -69.203422, 8.536857 ], [ -69.204300, 8.536912 ], [ -69.204857, 8.537065 ], [ -69.205620, 8.537260 ], [ -69.206383, 8.537478 ], [ -69.207130, 8.537788 ], [ -69.207756, 8.538100 ], [ -69.208404, 8.538411 ], [ -69.209106, 8.538815 ], [ -69.209526, 8.539222 ], [ -69.210068, 8.539857 ], [ -69.210800, 8.540857 ], [ -69.211136, 8.541519 ], [ -69.211464, 8.542225 ], [ -69.211639, 8.542774 ], [ -69.211830, 8.543507 ], [ -69.211937, 8.544127 ], [ -69.212036, 8.544883 ], [ -69.212120, 8.545639 ], [ -69.212059, 8.546330 ], [ -69.212051, 8.547042 ], [ -69.212013, 8.547640 ], [ -69.212112, 8.548213 ], [ -69.212288, 8.548877 ], [ -69.212456, 8.549449 ], [ -69.212669, 8.549974 ], [ -69.212937, 8.550545 ], [ -69.213989, 8.552941 ], [ -69.214562, 8.554379 ], [ -69.214737, 8.555067 ], [ -69.214813, 8.555709 ], [ -69.214874, 8.556444 ], [ -69.214996, 8.557109 ], [ -69.215256, 8.557632 ], [ -69.215614, 8.558155 ], [ -69.216103, 8.558631 ], [ -69.216637, 8.558899 ], [ -69.217262, 8.559050 ], [ -69.217911, 8.558995 ], [ -69.218506, 8.558778 ], [ -69.219055, 8.558494 ], [ -69.219627, 8.558186 ], [ -69.220383, 8.557898 ], [ -69.221054, 8.557981 ], [ -69.221748, 8.558154 ], [ -69.222450, 8.558511 ], [ -69.222938, 8.558870 ], [ -69.223549, 8.559275 ], [ -69.224197, 8.559472 ], [ -69.224892, 8.559484 ], [ -69.225601, 8.559312 ], [ -69.226059, 8.559052 ], [ -69.226746, 8.558697 ], [ -69.227295, 8.558551 ], [ -69.228104, 8.558469 ], [ -69.228867, 8.558595 ], [ -69.229492, 8.558746 ], [ -69.230118, 8.558921 ], [ -69.230652, 8.559212 ], [ -69.231125, 8.559756 ], [ -69.231407, 8.560303 ], [ -69.231789, 8.560802 ], [ -69.232300, 8.561092 ], [ -69.232857, 8.561246 ], [ -69.233459, 8.561581 ], [ -69.233856, 8.562011 ], [ -69.234238, 8.562716 ], [ -69.234505, 8.563357 ], [ -69.234741, 8.564043 ], [ -69.234917, 8.564799 ], [ -69.234978, 8.565557 ], [ -69.235008, 8.566221 ], [ -69.234871, 8.567488 ], [ -69.234833, 8.568062 ], [ -69.234726, 8.568686 ], [ -69.234802, 8.569259 ], [ -69.235130, 8.569759 ], [ -69.236183, 8.570594 ], [ -69.236610, 8.571046 ], [ -69.237564, 8.571974 ], [ -69.238411, 8.572926 ], [ -69.238884, 8.573562 ], [ -69.239265, 8.574153 ], [ -69.239593, 8.574699 ], [ -69.239975, 8.575291 ], [ -69.240257, 8.575792 ], [ -69.240616, 8.576362 ], [ -69.241036, 8.576907 ], [ -69.241531, 8.577336 ], [ -69.242043, 8.577765 ], [ -69.242439, 8.578172 ], [ -69.242889, 8.578739 ], [ -69.243218, 8.579194 ], [ -69.243553, 8.579717 ], [ -69.243881, 8.580287 ], [ -69.244331, 8.581016 ], [ -69.244667, 8.581676 ], [ -69.244881, 8.582225 ], [ -69.245056, 8.582957 ], [ -69.245201, 8.583668 ], [ -69.245400, 8.584285 ], [ -69.245727, 8.584785 ], [ -69.246368, 8.585923 ], [ -69.246704, 8.586609 ], [ -69.246986, 8.587133 ], [ -69.247459, 8.587677 ], [ -69.248306, 8.588537 ], [ -69.248611, 8.589061 ], [ -69.248970, 8.589630 ], [ -69.249252, 8.590316 ], [ -69.249588, 8.590976 ], [ -69.249924, 8.591706 ], [ -69.250374, 8.592504 ], [ -69.250793, 8.592911 ], [ -69.251373, 8.593178 ], [ -69.251953, 8.593261 ], [ -69.252571, 8.593021 ], [ -69.253029, 8.592531 ], [ -69.253296, 8.591952 ], [ -69.253563, 8.591282 ], [ -69.253967, 8.590632 ], [ -69.254425, 8.590120 ], [ -69.255089, 8.589742 ], [ -69.255661, 8.589503 ], [ -69.256294, 8.589034 ], [ -69.256958, 8.588634 ], [ -69.257622, 8.588208 ], [ -69.258285, 8.587832 ], [ -69.259094, 8.587658 ], [ -69.259582, 8.587995 ], [ -69.260094, 8.588377 ], [ -69.260521, 8.588808 ], [ -69.260986, 8.589237 ], [ -69.261551, 8.589780 ], [ -69.262062, 8.590139 ], [ -69.262642, 8.590498 ], [ -69.263138, 8.590836 ], [ -69.263603, 8.591242 ], [ -69.264282, 8.591897 ], [ -69.264847, 8.592417 ], [ -69.265266, 8.592848 ], [ -69.266182, 8.593821 ], [ -69.266442, 8.594323 ], [ -69.266754, 8.595007 ], [ -69.268082, 8.597308 ], [ -69.268395, 8.597877 ], [ -69.268654, 8.598448 ], [ -69.268913, 8.598972 ], [ -69.269554, 8.600019 ], [ -69.269867, 8.600613 ], [ -69.270218, 8.601181 ], [ -69.270508, 8.601797 ], [ -69.270813, 8.602367 ], [ -69.271195, 8.602982 ], [ -69.271461, 8.603667 ], [ -69.271759, 8.605133 ], [ -69.271912, 8.606119 ], [ -69.272041, 8.606737 ], [ -69.272369, 8.607261 ], [ -69.272904, 8.607689 ], [ -69.273582, 8.608046 ], [ -69.274185, 8.608290 ], [ -69.274742, 8.608488 ], [ -69.275345, 8.608593 ], [ -69.276016, 8.608767 ], [ -69.276665, 8.608917 ], [ -69.277290, 8.609046 ], [ -69.277824, 8.609244 ], [ -69.278381, 8.609466 ], [ -69.279007, 8.609732 ], [ -69.279610, 8.609929 ], [ -69.280861, 8.610254 ], [ -69.281441, 8.610199 ], [ -69.282013, 8.610098 ], [ -69.282753, 8.609949 ], [ -69.283348, 8.609847 ], [ -69.283997, 8.609975 ], [ -69.284493, 8.610267 ], [ -69.284958, 8.610742 ], [ -69.285011, 8.611361 ], [ -69.284958, 8.612075 ], [ -69.284851, 8.612720 ], [ -69.284561, 8.613344 ], [ -69.284241, 8.613833 ], [ -69.283859, 8.614322 ], [ -69.283501, 8.614856 ], [ -69.283066, 8.615371 ], [ -69.282295, 8.616092 ], [ -69.281914, 8.616649 ], [ -69.281662, 8.617205 ], [ -69.281349, 8.617784 ], [ -69.281082, 8.618454 ], [ -69.280845, 8.619194 ], [ -69.280693, 8.619931 ], [ -69.280586, 8.620576 ], [ -69.280624, 8.621358 ], [ -69.280701, 8.622023 ], [ -69.280762, 8.622642 ], [ -69.280907, 8.623283 ], [ -69.281128, 8.623946 ], [ -69.281395, 8.624930 ], [ -69.281517, 8.625594 ], [ -69.281700, 8.626993 ], [ -69.281830, 8.627542 ], [ -69.282044, 8.628115 ], [ -69.282463, 8.628613 ], [ -69.282936, 8.628927 ], [ -69.283470, 8.629264 ], [ -69.284050, 8.629600 ], [ -69.284683, 8.629981 ], [ -69.285423, 8.630360 ], [ -69.285744, 8.630573 ], [ -69.285965, 8.630719 ], [ -69.286431, 8.631080 ], [ -69.286896, 8.631394 ], [ -69.287903, 8.632137 ], [ -69.289330, 8.633240 ], [ -69.289887, 8.633484 ], [ -69.290466, 8.633705 ], [ -69.291184, 8.633969 ], [ -69.291809, 8.634168 ], [ -69.292389, 8.634089 ], [ -69.293030, 8.633873 ], [ -69.293602, 8.633725 ], [ -69.294250, 8.633600 ], [ -69.294869, 8.633614 ], [ -69.296120, 8.633916 ], [ -69.296959, 8.634087 ], [ -69.297607, 8.634192 ], [ -69.299614, 8.634159 ], [ -69.300186, 8.634036 ], [ -69.300766, 8.633866 ], [ -69.301636, 8.633759 ], [ -69.302017, 8.634214 ], [ -69.302139, 8.634788 ], [ -69.302124, 8.635362 ], [ -69.302063, 8.636006 ], [ -69.302124, 8.636671 ], [ -69.302155, 8.637246 ], [ -69.302422, 8.637818 ], [ -69.302956, 8.638222 ], [ -69.303101, 8.638449 ], [ -69.303360, 8.638950 ], [ -69.303810, 8.639679 ], [ -69.304207, 8.640086 ], [ -69.304695, 8.640515 ], [ -69.305214, 8.640898 ], [ -69.305725, 8.641166 ], [ -69.306396, 8.641362 ], [ -69.307045, 8.641352 ], [ -69.307876, 8.641247 ], [ -69.308349, 8.640825 ], [ -69.308784, 8.640266 ], [ -69.309212, 8.639687 ], [ -69.309525, 8.639107 ], [ -69.309860, 8.638596 ], [ -69.310341, 8.638151 ], [ -69.310890, 8.637937 ], [ -69.312294, 8.637455 ], [ -69.312866, 8.637331 ], [ -69.313584, 8.637135 ], [ -69.314133, 8.636967 ], [ -69.314911, 8.636793 ], [ -69.315582, 8.636875 ], [ -69.316162, 8.637095 ], [ -69.316719, 8.637271 ], [ -69.317322, 8.637491 ], [ -69.317879, 8.637597 ], [ -69.318665, 8.637722 ], [ -69.319336, 8.637804 ], [ -69.319916, 8.637840 ], [ -69.320541, 8.637808 ], [ -69.321785, 8.637628 ], [ -69.322517, 8.637570 ], [ -69.323097, 8.637515 ], [ -69.323746, 8.637528 ], [ -69.324364, 8.637495 ], [ -69.324989, 8.637554 ], [ -69.325638, 8.637545 ], [ -69.326210, 8.637512 ], [ -69.327461, 8.637676 ], [ -69.328041, 8.637736 ], [ -69.328735, 8.638024 ], [ -69.329231, 8.638544 ], [ -69.329628, 8.639021 ], [ -69.330216, 8.639495 ], [ -69.330887, 8.639645 ], [ -69.331535, 8.639727 ], [ -69.332085, 8.639488 ], [ -69.332588, 8.639227 ], [ -69.333206, 8.638965 ], [ -69.334038, 8.638722 ], [ -69.335320, 8.638266 ], [ -69.335869, 8.638050 ], [ -69.336426, 8.637927 ], [ -69.336998, 8.637895 ], [ -69.337494, 8.638301 ], [ -69.338592, 8.639386 ], [ -69.339127, 8.639676 ], [ -69.339707, 8.639759 ], [ -69.340446, 8.639932 ], [ -69.341003, 8.640176 ], [ -69.341431, 8.640583 ], [ -69.341690, 8.641084 ], [ -69.341949, 8.641631 ], [ -69.342400, 8.642107 ], [ -69.342911, 8.642444 ], [ -69.343491, 8.642733 ], [ -69.344116, 8.642884 ], [ -69.344696, 8.642852 ], [ -69.345268, 8.642775 ], [ -69.346580, 8.642431 ], [ -69.347321, 8.642213 ], [ -69.347893, 8.642067 ], [ -69.348656, 8.642009 ], [ -69.349228, 8.642091 ], [ -69.349815, 8.642358 ], [ -69.350387, 8.642372 ], [ -69.351036, 8.642270 ], [ -69.351799, 8.642212 ], [ -69.352440, 8.642087 ], [ -69.353012, 8.641963 ], [ -69.353775, 8.641928 ], [ -69.354469, 8.642009 ], [ -69.355209, 8.642043 ], [ -69.356476, 8.641977 ], [ -69.357147, 8.641897 ], [ -69.357696, 8.641774 ], [ -69.358223, 8.641444 ], [ -69.358932, 8.641042 ], [ -69.359505, 8.640551 ], [ -69.360047, 8.639968 ], [ -69.360619, 8.639475 ], [ -69.361092, 8.639009 ], [ -69.361527, 8.638611 ], [ -69.361984, 8.638282 ], [ -69.362533, 8.637929 ], [ -69.363083, 8.637621 ], [ -69.363678, 8.637267 ], [ -69.364387, 8.636911 ], [ -69.365120, 8.636579 ], [ -69.365692, 8.636363 ], [ -69.366264, 8.636216 ], [ -69.366936, 8.636067 ], [ -69.367676, 8.636032 ], [ -69.368256, 8.636275 ], [ -69.368919, 8.636105 ], [ -69.370132, 8.635603 ], [ -69.370682, 8.635273 ], [ -69.371048, 8.634692 ], [ -69.371239, 8.634022 ], [ -69.371369, 8.633446 ], [ -69.371498, 8.632800 ], [ -69.371697, 8.632223 ], [ -69.371941, 8.631621 ], [ -69.372604, 8.631105 ], [ -69.373200, 8.631003 ], [ -69.373802, 8.631041 ], [ -69.375030, 8.631159 ], [ -69.375725, 8.631354 ], [ -69.376259, 8.631737 ], [ -69.376709, 8.632121 ], [ -69.377174, 8.632572 ], [ -69.377762, 8.633206 ], [ -69.378166, 8.633752 ], [ -69.378448, 8.634345 ], [ -69.378876, 8.634958 ], [ -69.379303, 8.635527 ], [ -69.379768, 8.635979 ], [ -69.380394, 8.636383 ], [ -69.381050, 8.636556 ], [ -69.381714, 8.636569 ], [ -69.382294, 8.636399 ], [ -69.382843, 8.636068 ], [ -69.383499, 8.635644 ], [ -69.384079, 8.635634 ], [ -69.384956, 8.635690 ], [ -69.385422, 8.636026 ], [ -69.386147, 8.636337 ], [ -69.386719, 8.636306 ], [ -69.387306, 8.636572 ], [ -69.387749, 8.637025 ], [ -69.388153, 8.637616 ], [ -69.388275, 8.638188 ], [ -69.388352, 8.638762 ], [ -69.388512, 8.640161 ], [ -69.388687, 8.640801 ], [ -69.389046, 8.641508 ], [ -69.389534, 8.641983 ], [ -69.390091, 8.642227 ], [ -69.390785, 8.642330 ], [ -69.391365, 8.642483 ], [ -69.391975, 8.642725 ], [ -69.392510, 8.643222 ], [ -69.393150, 8.644269 ], [ -69.393555, 8.644769 ], [ -69.394089, 8.645128 ], [ -69.394737, 8.645393 ], [ -69.395409, 8.645497 ], [ -69.396057, 8.645625 ], [ -69.396683, 8.645661 ], [ -69.397263, 8.645675 ], [ -69.397835, 8.645758 ], [ -69.398666, 8.645814 ], [ -69.399231, 8.646104 ], [ -69.399903, 8.646552 ], [ -69.400329, 8.646982 ], [ -69.400749, 8.647435 ], [ -69.401062, 8.647936 ], [ -69.401505, 8.648549 ], [ -69.402214, 8.649687 ], [ -69.402687, 8.650047 ], [ -69.403359, 8.650427 ], [ -69.403938, 8.650579 ], [ -69.404541, 8.650753 ], [ -69.405098, 8.650974 ], [ -69.405846, 8.651215 ], [ -69.407013, 8.652000 ], [ -69.407623, 8.652658 ], [ -69.408020, 8.653157 ], [ -69.408562, 8.653953 ], [ -69.408943, 8.654590 ], [ -69.409233, 8.655136 ], [ -69.409630, 8.655589 ], [ -69.410057, 8.656135 ], [ -69.410812, 8.657225 ], [ -69.411255, 8.657839 ], [ -69.411728, 8.658428 ], [ -69.412781, 8.659102 ], [ -69.413154, 8.659554 ], [ -69.413536, 8.660238 ], [ -69.413864, 8.660785 ], [ -69.414223, 8.661284 ], [ -69.414757, 8.661713 ], [ -69.415321, 8.662003 ], [ -69.415833, 8.662293 ], [ -69.416389, 8.662537 ], [ -69.416969, 8.662758 ], [ -69.418243, 8.662990 ], [ -69.419495, 8.663108 ], [ -69.420143, 8.663327 ], [ -69.420631, 8.663619 ], [ -69.421097, 8.663933 ], [ -69.421593, 8.664362 ], [ -69.422127, 8.664720 ], [ -69.424248, 8.665997 ], [ -69.427238, 8.666706 ], [ -69.427879, 8.666710 ], [ -69.428810, 8.666917 ], [ -69.429192, 8.667155 ], [ -69.429749, 8.667411 ], [ -69.430366, 8.667734 ], [ -69.430901, 8.668035 ], [ -69.431496, 8.668405 ], [ -69.432602, 8.669189 ], [ -69.433136, 8.669514 ], [ -69.433662, 8.669790 ], [ -69.434311, 8.670092 ], [ -69.435051, 8.670370 ], [ -69.435837, 8.670579 ], [ -69.436500, 8.670673 ], [ -69.438324, 8.670888 ], [ -69.439987, 8.671124 ], [ -69.440910, 8.671265 ], [ -69.441536, 8.671336 ], [ -69.442902, 8.671433 ], [ -69.443779, 8.671506 ], [ -69.444611, 8.671531 ], [ -69.445274, 8.671534 ], [ -69.445923, 8.671513 ], [ -69.446777, 8.671539 ], [ -69.447540, 8.671542 ], [ -69.448235, 8.671637 ], [ -69.448929, 8.671754 ], [ -69.449501, 8.671870 ], [ -69.450890, 8.672129 ], [ -69.452202, 8.672339 ], [ -69.453056, 8.672504 ], [ -69.453888, 8.672622 ], [ -69.455460, 8.672949 ], [ -69.456963, 8.673161 ], [ -69.457748, 8.673186 ], [ -69.458389, 8.673189 ], [ -69.459152, 8.673146 ], [ -69.459984, 8.673057 ], [ -69.460816, 8.672922 ], [ -69.461769, 8.672719 ], [ -69.462486, 8.672469 ], [ -69.463226, 8.672196 ], [ -69.463898, 8.671924 ], [ -69.464584, 8.671626 ], [ -69.465424, 8.671308 ], [ -69.466209, 8.671036 ], [ -69.467041, 8.670786 ], [ -69.467735, 8.670559 ], [ -69.468384, 8.670400 ], [ -69.469765, 8.670130 ], [ -69.470459, 8.670109 ], [ -69.471199, 8.670112 ], [ -69.471802, 8.670183 ], [ -69.472473, 8.670299 ], [ -69.473183, 8.670486 ], [ -69.473831, 8.670627 ], [ -69.474571, 8.670743 ], [ -69.475586, 8.670816 ], [ -69.476555, 8.670842 ], [ -69.478218, 8.670849 ], [ -69.479630, 8.670807 ], [ -69.480255, 8.670764 ], [ -69.480919, 8.670743 ], [ -69.481705, 8.670700 ], [ -69.482422, 8.670611 ], [ -69.484062, 8.670387 ], [ -69.485062, 8.670207 ], [ -69.486351, 8.669958 ], [ -69.487023, 8.669961 ], [ -69.487625, 8.670123 ], [ -69.488151, 8.670379 ], [ -69.488731, 8.670748 ], [ -69.489372, 8.671210 ], [ -69.489998, 8.671603 ], [ -69.490570, 8.672018 ], [ -69.491035, 8.672434 ], [ -69.491562, 8.672986 ], [ -69.492302, 8.673495 ], [ -69.492973, 8.674094 ], [ -69.493454, 8.674602 ], [ -69.493958, 8.674925 ], [ -69.494560, 8.675157 ], [ -69.495209, 8.675250 ], [ -69.495857, 8.675001 ], [ -69.496361, 8.674519 ], [ -69.497009, 8.674034 ], [ -69.497559, 8.673759 ], [ -69.498321, 8.673602 ], [ -69.498970, 8.673535 ], [ -69.500000, 8.673607 ], [ -69.500473, 8.673652 ], [ -69.501327, 8.673678 ], [ -69.502045, 8.673772 ], [ -69.502854, 8.673843 ], [ -69.503563, 8.674053 ], [ -69.504768, 8.674700 ], [ -69.505920, 8.675392 ], [ -69.506378, 8.675715 ], [ -69.507004, 8.676131 ], [ -69.507462, 8.676500 ], [ -69.507973, 8.676961 ], [ -69.508659, 8.677515 ], [ -69.509239, 8.677746 ], [ -69.509888, 8.677816 ], [ -69.510414, 8.678048 ], [ -69.510879, 8.678371 ], [ -69.511360, 8.678786 ], [ -69.511726, 8.679247 ], [ -69.511955, 8.679776 ], [ -69.512421, 8.680306 ], [ -69.512970, 8.680720 ], [ -69.513504, 8.681090 ], [ -69.513985, 8.681505 ], [ -69.514496, 8.681782 ], [ -69.515137, 8.681899 ], [ -69.515717, 8.681924 ], [ -69.516319, 8.682040 ], [ -69.517082, 8.682250 ], [ -69.517586, 8.682665 ], [ -69.517952, 8.683217 ], [ -69.518349, 8.683678 ], [ -69.519104, 8.684071 ], [ -69.519753, 8.684050 ], [ -69.520332, 8.684097 ], [ -69.520836, 8.684375 ], [ -69.521256, 8.684835 ], [ -69.521416, 8.685387 ], [ -69.521568, 8.686236 ], [ -69.521637, 8.687018 ], [ -69.521660, 8.687615 ], [ -69.521568, 8.688235 ], [ -69.521355, 8.688832 ], [ -69.521126, 8.689360 ], [ -69.520843, 8.690461 ], [ -69.520729, 8.691081 ], [ -69.520836, 8.691632 ], [ -69.521095, 8.691955 ], [ -69.521736, 8.692349 ], [ -69.522156, 8.692533 ], [ -69.522751, 8.692603 ], [ -69.523376, 8.692629 ], [ -69.523979, 8.692537 ], [ -69.524559, 8.692471 ], [ -69.525085, 8.692243 ], [ -69.525597, 8.691716 ], [ -69.525948, 8.691166 ], [ -69.526131, 8.690570 ], [ -69.526253, 8.689927 ], [ -69.526275, 8.689306 ], [ -69.526344, 8.688641 ], [ -69.526535, 8.687172 ], [ -69.526657, 8.686551 ], [ -69.526817, 8.685863 ], [ -69.527023, 8.685289 ], [ -69.527397, 8.684786 ], [ -69.528091, 8.684351 ], [ -69.528831, 8.684170 ], [ -69.529411, 8.684263 ], [ -69.529983, 8.684472 ], [ -69.530518, 8.684818 ], [ -69.530975, 8.685301 ], [ -69.531372, 8.685808 ], [ -69.531578, 8.686361 ], [ -69.531990, 8.687579 ], [ -69.532219, 8.688177 ], [ -69.532356, 8.688821 ], [ -69.532394, 8.689395 ], [ -69.532463, 8.689969 ], [ -69.532509, 8.690751 ], [ -69.532417, 8.691324 ], [ -69.532181, 8.691852 ], [ -69.531861, 8.692494 ], [ -69.531204, 8.693548 ], [ -69.530838, 8.694190 ], [ -69.530418, 8.694740 ], [ -69.530022, 8.695175 ], [ -69.529396, 8.695472 ], [ -69.528702, 8.695584 ], [ -69.527969, 8.695560 ], [ -69.527321, 8.695741 ], [ -69.526878, 8.696153 ], [ -69.526550, 8.696634 ], [ -69.526322, 8.697299 ], [ -69.526405, 8.698678 ], [ -69.526314, 8.699274 ], [ -69.526131, 8.699964 ], [ -69.526054, 8.700561 ], [ -69.526123, 8.701181 ], [ -69.526283, 8.701733 ], [ -69.526833, 8.702882 ], [ -69.527222, 8.703619 ], [ -69.527527, 8.704102 ], [ -69.527939, 8.704655 ], [ -69.528442, 8.705207 ], [ -69.528908, 8.705576 ], [ -69.529533, 8.705669 ], [ -69.529923, 8.705257 ], [ -69.529945, 8.704683 ], [ -69.530022, 8.704109 ], [ -69.530182, 8.703422 ], [ -69.530235, 8.702802 ], [ -69.530212, 8.702181 ], [ -69.530281, 8.701607 ], [ -69.530418, 8.700941 ], [ -69.530609, 8.700322 ], [ -69.531586, 8.698763 ], [ -69.532051, 8.698282 ], [ -69.532860, 8.697320 ], [ -69.533348, 8.696839 ], [ -69.533783, 8.696427 ], [ -69.534271, 8.696015 ], [ -69.534782, 8.695535 ], [ -69.535385, 8.695031 ], [ -69.536011, 8.694803 ], [ -69.537323, 8.694509 ], [ -69.537972, 8.694350 ], [ -69.538574, 8.694122 ], [ -69.539154, 8.693918 ], [ -69.539894, 8.693805 ], [ -69.540520, 8.693898 ], [ -69.541206, 8.694038 ], [ -69.541946, 8.694018 ], [ -69.542801, 8.693883 ], [ -69.543495, 8.693678 ], [ -69.544144, 8.693474 ], [ -69.544746, 8.693383 ], [ -69.545395, 8.693431 ], [ -69.546799, 8.693621 ], [ -69.547356, 8.693897 ], [ -69.547767, 8.694311 ], [ -69.548042, 8.694886 ], [ -69.548279, 8.695438 ], [ -69.548485, 8.695968 ], [ -69.548645, 8.696566 ], [ -69.548920, 8.697071 ], [ -69.549377, 8.697693 ], [ -69.549790, 8.698108 ], [ -69.550232, 8.698523 ], [ -69.550713, 8.699030 ], [ -69.551178, 8.699468 ], [ -69.551659, 8.699859 ], [ -69.552307, 8.700252 ], [ -69.552879, 8.700299 ], [ -69.553482, 8.700164 ], [ -69.554222, 8.699843 ], [ -69.554939, 8.699479 ], [ -69.555496, 8.699067 ], [ -69.556030, 8.698632 ], [ -69.556610, 8.698381 ], [ -69.557808, 8.698064 ], [ -69.558365, 8.697812 ], [ -69.559174, 8.697516 ], [ -69.559914, 8.697427 ], [ -69.560654, 8.697567 ], [ -69.561234, 8.697799 ], [ -69.561554, 8.698281 ], [ -69.561554, 8.698948 ], [ -69.561363, 8.699659 ], [ -69.561226, 8.700256 ], [ -69.561035, 8.701449 ], [ -69.560867, 8.702092 ], [ -69.560707, 8.702642 ], [ -69.560478, 8.703239 ], [ -69.560288, 8.703790 ], [ -69.560104, 8.704387 ], [ -69.559959, 8.704960 ], [ -69.559708, 8.705648 ], [ -69.559380, 8.706841 ], [ -69.559235, 8.707416 ], [ -69.559120, 8.708748 ], [ -69.558975, 8.709368 ], [ -69.558678, 8.709940 ], [ -69.558624, 8.710514 ], [ -69.558670, 8.711089 ], [ -69.558670, 8.712420 ], [ -69.558693, 8.713110 ], [ -69.558663, 8.713730 ], [ -69.558525, 8.714395 ], [ -69.558288, 8.714947 ], [ -69.558037, 8.715497 ], [ -69.557823, 8.716024 ], [ -69.557686, 8.716598 ], [ -69.557617, 8.717173 ], [ -69.557633, 8.717747 ], [ -69.557793, 8.718298 ], [ -69.558144, 8.718759 ], [ -69.558693, 8.719012 ], [ -69.559410, 8.719198 ], [ -69.560104, 8.719224 ], [ -69.561447, 8.718906 ], [ -69.562065, 8.718884 ], [ -69.562645, 8.719116 ], [ -69.563156, 8.719462 ], [ -69.563774, 8.719602 ], [ -69.565048, 8.719560 ], [ -69.565788, 8.719584 ], [ -69.566551, 8.719727 ], [ -69.567192, 8.719888 ], [ -69.567703, 8.720165 ], [ -69.568161, 8.720488 ], [ -69.569313, 8.721525 ], [ -69.569916, 8.722033 ], [ -69.570541, 8.722471 ], [ -69.571137, 8.722863 ], [ -69.571739, 8.723118 ], [ -69.571991, 8.723646 ], [ -69.571320, 8.724655 ], [ -69.572861, 8.724813 ], [ -69.573311, 8.725127 ], [ -69.573662, 8.725490 ], [ -69.574104, 8.725827 ], [ -69.574654, 8.726667 ], [ -69.574905, 8.727881 ], [ -69.575134, 8.729258 ], [ -69.575378, 8.729851 ], [ -69.575706, 8.730213 ], [ -69.576508, 8.731325 ], [ -69.577629, 8.731766 ], [ -69.578209, 8.731917 ], [ -69.579620, 8.732078 ], [ -69.580238, 8.732089 ], [ -69.581718, 8.731790 ], [ -69.584358, 8.731145 ], [ -69.585510, 8.731128 ], [ -69.586128, 8.731199 ], [ -69.586990, 8.731362 ], [ -69.588280, 8.731826 ], [ -69.588837, 8.731989 ], [ -69.589409, 8.732081 ], [ -69.590126, 8.732153 ], [ -69.590751, 8.732269 ], [ -69.591515, 8.732432 ], [ -69.592278, 8.732618 ], [ -69.592987, 8.732805 ], [ -69.593521, 8.733013 ], [ -69.594215, 8.733244 ], [ -69.594765, 8.733453 ], [ -69.595367, 8.733707 ], [ -69.595924, 8.733870 ], [ -69.596519, 8.733986 ], [ -69.597977, 8.734106 ], [ -69.598579, 8.734108 ], [ -69.599296, 8.734086 ], [ -69.600014, 8.733997 ], [ -69.600677, 8.733884 ], [ -69.601906, 8.733887 ], [ -69.602600, 8.733797 ], [ -69.603272, 8.733569 ], [ -69.603943, 8.733388 ], [ -69.604469, 8.733159 ], [ -69.605049, 8.732885 ], [ -69.605721, 8.732727 ], [ -69.606483, 8.732569 ], [ -69.607246, 8.732525 ], [ -69.607849, 8.732573 ], [ -69.608475, 8.732735 ], [ -69.609650, 8.733245 ], [ -69.610199, 8.733360 ], [ -69.610779, 8.733385 ], [ -69.611450, 8.733456 ], [ -69.612007, 8.733665 ], [ -69.612602, 8.733988 ], [ -69.613136, 8.734311 ], [ -69.613754, 8.734542 ], [ -69.614334, 8.734567 ], [ -69.615028, 8.734545 ], [ -69.615608, 8.734754 ], [ -69.616112, 8.735146 ], [ -69.616714, 8.735492 ], [ -69.617309, 8.735608 ], [ -69.618492, 8.735659 ], [ -69.619163, 8.735591 ], [ -69.619881, 8.735477 ], [ -69.620552, 8.735389 ], [ -69.621124, 8.735275 ], [ -69.621727, 8.735231 ], [ -69.622467, 8.734912 ], [ -69.623070, 8.734868 ], [ -69.623810, 8.734732 ], [ -69.624458, 8.734435 ], [ -69.624985, 8.734138 ], [ -69.625610, 8.733772 ], [ -69.626145, 8.733521 ], [ -69.626656, 8.733064 ], [ -69.627098, 8.732652 ], [ -69.627792, 8.732148 ], [ -69.628509, 8.731828 ], [ -69.629104, 8.731647 ], [ -69.629707, 8.731510 ], [ -69.630356, 8.731581 ], [ -69.630791, 8.731950 ], [ -69.631142, 8.732502 ], [ -69.631279, 8.733053 ], [ -69.631508, 8.733605 ], [ -69.631828, 8.734065 ], [ -69.632172, 8.734618 ], [ -69.632515, 8.735262 ], [ -69.632958, 8.735745 ], [ -69.633438, 8.736253 ], [ -69.634041, 8.736805 ], [ -69.634590, 8.736921 ], [ -69.635285, 8.736947 ], [ -69.636024, 8.736788 ], [ -69.636741, 8.736514 ], [ -69.637207, 8.736080 ], [ -69.637459, 8.735575 ], [ -69.637901, 8.734932 ], [ -69.638252, 8.734474 ], [ -69.638595, 8.733901 ], [ -69.638992, 8.733489 ], [ -69.639389, 8.733053 ], [ -69.639824, 8.732664 ], [ -69.640915, 8.732140 ], [ -69.641518, 8.731889 ], [ -69.642166, 8.731752 ], [ -69.642784, 8.731640 ], [ -69.643318, 8.731434 ], [ -69.643898, 8.731069 ], [ -69.644386, 8.730724 ], [ -69.644966, 8.730382 ], [ -69.645706, 8.729971 ], [ -69.646278, 8.729674 ], [ -69.646904, 8.729309 ], [ -69.647278, 8.728873 ], [ -69.647789, 8.727567 ], [ -69.647949, 8.726854 ], [ -69.648140, 8.726212 ], [ -69.648277, 8.725570 ], [ -69.648422, 8.725019 ], [ -69.648514, 8.724398 ], [ -69.648537, 8.723824 ], [ -69.648613, 8.723136 ], [ -69.648613, 8.722538 ], [ -69.648659, 8.721941 ], [ -69.648872, 8.720609 ], [ -69.649010, 8.719967 ], [ -69.649132, 8.719071 ], [ -69.649384, 8.717809 ], [ -69.649620, 8.717143 ], [ -69.649849, 8.716592 ], [ -69.650108, 8.716043 ], [ -69.650734, 8.715654 ], [ -69.651283, 8.715816 ], [ -69.651840, 8.716116 ], [ -69.652374, 8.716462 ], [ -69.652878, 8.716877 ], [ -69.653358, 8.717315 ], [ -69.653938, 8.717684 ], [ -69.654404, 8.718099 ], [ -69.654816, 8.718766 ], [ -69.655182, 8.720007 ], [ -69.655319, 8.720651 ], [ -69.655388, 8.721248 ], [ -69.655380, 8.721891 ], [ -69.655426, 8.722534 ], [ -69.655678, 8.723201 ], [ -69.655953, 8.723776 ], [ -69.656372, 8.724398 ], [ -69.656784, 8.724834 ], [ -69.657387, 8.725090 ], [ -69.657936, 8.725229 ], [ -69.658676, 8.725346 ], [ -69.659927, 8.725211 ], [ -69.660553, 8.725166 ], [ -69.662003, 8.725171 ], [ -69.662628, 8.724896 ], [ -69.662933, 8.724278 ], [ -69.662979, 8.723703 ], [ -69.663147, 8.722693 ], [ -69.663124, 8.722074 ], [ -69.663055, 8.721407 ], [ -69.662735, 8.720763 ], [ -69.662323, 8.720165 ], [ -69.661278, 8.719290 ], [ -69.660706, 8.718851 ], [ -69.660149, 8.718460 ], [ -69.659187, 8.717629 ], [ -69.658608, 8.717169 ], [ -69.657501, 8.716454 ], [ -69.656944, 8.716016 ], [ -69.656555, 8.715579 ], [ -69.656280, 8.715003 ], [ -69.656143, 8.714245 ], [ -69.656212, 8.713533 ], [ -69.656311, 8.712821 ], [ -69.657188, 8.711836 ], [ -69.657906, 8.710829 ], [ -69.658440, 8.710416 ], [ -69.658882, 8.710051 ], [ -69.659462, 8.709661 ], [ -69.660568, 8.709182 ], [ -69.661171, 8.709115 ], [ -69.661819, 8.709277 ], [ -69.662346, 8.709600 ], [ -69.662926, 8.709992 ], [ -69.663361, 8.710499 ], [ -69.663658, 8.711073 ], [ -69.663963, 8.711580 ], [ -69.664329, 8.712086 ], [ -69.664719, 8.712523 ], [ -69.665253, 8.713053 ], [ -69.665733, 8.713469 ], [ -69.666214, 8.713974 ], [ -69.666611, 8.714412 ], [ -69.667069, 8.714988 ], [ -69.667557, 8.715517 ], [ -69.667946, 8.716023 ], [ -69.668198, 8.716553 ], [ -69.668427, 8.717219 ], [ -69.668770, 8.717909 ], [ -69.669159, 8.718530 ], [ -69.669579, 8.719220 ], [ -69.670036, 8.719795 ], [ -69.670548, 8.720280 ], [ -69.671028, 8.720695 ], [ -69.671585, 8.720902 ], [ -69.672203, 8.720950 ], [ -69.672760, 8.720815 ], [ -69.673340, 8.720746 ], [ -69.674034, 8.720542 ], [ -69.675278, 8.720132 ], [ -69.675835, 8.719904 ], [ -69.676437, 8.719722 ], [ -69.677086, 8.719471 ], [ -69.677597, 8.719173 ], [ -69.678169, 8.718739 ], [ -69.678657, 8.718395 ], [ -69.679215, 8.717846 ], [ -69.679634, 8.717365 ], [ -69.680122, 8.716998 ], [ -69.680649, 8.716540 ], [ -69.681740, 8.715808 ], [ -69.682388, 8.715443 ], [ -69.682922, 8.715238 ], [ -69.683380, 8.714733 ], [ -69.683846, 8.714298 ], [ -69.684380, 8.713841 ], [ -69.684822, 8.713336 ], [ -69.685677, 8.712122 ], [ -69.686142, 8.711663 ], [ -69.686790, 8.711206 ], [ -69.688202, 8.710728 ], [ -69.688912, 8.710660 ], [ -69.689606, 8.710732 ], [ -69.690163, 8.711101 ], [ -69.690956, 8.711490 ], [ -69.691383, 8.711632 ], [ -69.691940, 8.711863 ], [ -69.692490, 8.712278 ], [ -69.692955, 8.712876 ], [ -69.693276, 8.713383 ], [ -69.693733, 8.713866 ], [ -69.694359, 8.714350 ], [ -69.694939, 8.714697 ], [ -69.695465, 8.714996 ], [ -69.696068, 8.715274 ], [ -69.697380, 8.715852 ], [ -69.698700, 8.716337 ], [ -69.699387, 8.716545 ], [ -69.699943, 8.716730 ], [ -69.701142, 8.717331 ], [ -69.701813, 8.717517 ], [ -69.702393, 8.717518 ], [ -69.702988, 8.717566 ], [ -69.703682, 8.717659 ], [ -69.704445, 8.717914 ], [ -69.704979, 8.718168 ], [ -69.705643, 8.718423 ], [ -69.706314, 8.718562 ], [ -69.707191, 8.718725 ], [ -69.707794, 8.718796 ], [ -69.708069, 8.718704 ], [ -69.708946, 8.718294 ], [ -69.709595, 8.717882 ], [ -69.710197, 8.717378 ], [ -69.710594, 8.716943 ], [ -69.711151, 8.716370 ], [ -69.711685, 8.715729 ], [ -69.712097, 8.715316 ], [ -69.712631, 8.714858 ], [ -69.713280, 8.714584 ], [ -69.713882, 8.714632 ], [ -69.714455, 8.714794 ], [ -69.714966, 8.715117 ], [ -69.715332, 8.715600 ], [ -69.715980, 8.716613 ], [ -69.716370, 8.717372 ], [ -69.716553, 8.717992 ], [ -69.716782, 8.719188 ], [ -69.716934, 8.721003 ], [ -69.716980, 8.721738 ], [ -69.717072, 8.722632 ], [ -69.717163, 8.723276 ], [ -69.717232, 8.723873 ], [ -69.717483, 8.724494 ], [ -69.717712, 8.725207 ], [ -69.718376, 8.726426 ], [ -69.718796, 8.727071 ], [ -69.719322, 8.727554 ], [ -69.719925, 8.727945 ], [ -69.720596, 8.727901 ], [ -69.721336, 8.727743 ], [ -69.722023, 8.727561 ], [ -69.722534, 8.727309 ], [ -69.723137, 8.726874 ], [ -69.724159, 8.726166 ], [ -69.725082, 8.725249 ], [ -69.725640, 8.724746 ], [ -69.726288, 8.724425 ], [ -69.727096, 8.724130 ], [ -69.727928, 8.723879 ], [ -69.728714, 8.723765 ], [ -69.729408, 8.723722 ], [ -69.730102, 8.723723 ], [ -69.730698, 8.723817 ], [ -69.731232, 8.724093 ], [ -69.732224, 8.724946 ], [ -69.732826, 8.725338 ], [ -69.733376, 8.725546 ], [ -69.734299, 8.726376 ], [ -69.734757, 8.726836 ], [ -69.735176, 8.727274 ], [ -69.735588, 8.727849 ], [ -69.735954, 8.728446 ], [ -69.736236, 8.729068 ], [ -69.736511, 8.729734 ], [ -69.736740, 8.730401 ], [ -69.736969, 8.731113 ], [ -69.737129, 8.731666 ], [ -69.737472, 8.732309 ], [ -69.737793, 8.732976 ], [ -69.738136, 8.733482 ], [ -69.738533, 8.734125 ], [ -69.738785, 8.734655 ], [ -69.739037, 8.735322 ], [ -69.739311, 8.735920 ], [ -69.739632, 8.736471 ], [ -69.739983, 8.736955 ], [ -69.740829, 8.737853 ], [ -69.741364, 8.738314 ], [ -69.742081, 8.738614 ], [ -69.742767, 8.738937 ], [ -69.743393, 8.739008 ], [ -69.743996, 8.739056 ], [ -69.744713, 8.739080 ], [ -69.745361, 8.739013 ], [ -69.745933, 8.738991 ], [ -69.746651, 8.738901 ], [ -69.747276, 8.738789 ], [ -69.749359, 8.738173 ], [ -69.750908, 8.737695 ], [ -69.751716, 8.737582 ], [ -69.752892, 8.737355 ], [ -69.753731, 8.737311 ], [ -69.755089, 8.737223 ], [ -69.755760, 8.737110 ], [ -69.756500, 8.737020 ], [ -69.757172, 8.736954 ], [ -69.757912, 8.736909 ], [ -69.758766, 8.736934 ], [ -69.759506, 8.737073 ], [ -69.760079, 8.737259 ], [ -69.760544, 8.737650 ], [ -69.760727, 8.738248 ], [ -69.760864, 8.738846 ], [ -69.761025, 8.739443 ], [ -69.761047, 8.740017 ], [ -69.760880, 8.740614 ], [ -69.760628, 8.741187 ], [ -69.760300, 8.741760 ], [ -69.759957, 8.742219 ], [ -69.759560, 8.742655 ], [ -69.759003, 8.743204 ], [ -69.758354, 8.743639 ], [ -69.757897, 8.743982 ], [ -69.757408, 8.744326 ], [ -69.756805, 8.744830 ], [ -69.756340, 8.745357 ], [ -69.755951, 8.745861 ], [ -69.755646, 8.746480 ], [ -69.755249, 8.746939 ], [ -69.754814, 8.747512 ], [ -69.754806, 8.748085 ], [ -69.754921, 8.748706 ], [ -69.754852, 8.749464 ], [ -69.754829, 8.750107 ], [ -69.754944, 8.750681 ], [ -69.755379, 8.751210 ], [ -69.755981, 8.751649 ], [ -69.756630, 8.751674 ], [ -69.757294, 8.751514 ], [ -69.757851, 8.751286 ], [ -69.758407, 8.751035 ], [ -69.759033, 8.750646 ], [ -69.759613, 8.750257 ], [ -69.760261, 8.749891 ], [ -69.760887, 8.749479 ], [ -69.761902, 8.748770 ], [ -69.762993, 8.748083 ], [ -69.764099, 8.746984 ], [ -69.764588, 8.746320 ], [ -69.764984, 8.745907 ], [ -69.765518, 8.745218 ], [ -69.765884, 8.744783 ], [ -69.766907, 8.743821 ], [ -69.767395, 8.743386 ], [ -69.768013, 8.742951 ], [ -69.768707, 8.742999 ], [ -69.769470, 8.743139 ], [ -69.770164, 8.743324 ], [ -69.770790, 8.743533 ], [ -69.772034, 8.743789 ], [ -69.772751, 8.743997 ], [ -69.773445, 8.744251 ], [ -69.774735, 8.744645 ], [ -69.775383, 8.744761 ], [ -69.776032, 8.744762 ], [ -69.776726, 8.744810 ], [ -69.777298, 8.744996 ], [ -69.777992, 8.745296 ], [ -69.778641, 8.745413 ], [ -69.779495, 8.745392 ], [ -69.781524, 8.745052 ], [ -69.782150, 8.744824 ], [ -69.782890, 8.744619 ], [ -69.783402, 8.744276 ], [ -69.783981, 8.744047 ], [ -69.785042, 8.743546 ], [ -69.785667, 8.743478 ], [ -69.786316, 8.743502 ], [ -69.786896, 8.743504 ], [ -69.787605, 8.743437 ], [ -69.788231, 8.743323 ], [ -69.788902, 8.743234 ], [ -69.789551, 8.743235 ], [ -69.790176, 8.743281 ], [ -69.790749, 8.743352 ], [ -69.791328, 8.743606 ], [ -69.792549, 8.744206 ], [ -69.793175, 8.744414 ], [ -69.793732, 8.744646 ], [ -69.794235, 8.744945 ], [ -69.794724, 8.745268 ], [ -69.795204, 8.745637 ], [ -69.795738, 8.746142 ], [ -69.796196, 8.746512 ], [ -69.796799, 8.746927 ], [ -69.797836, 8.747595 ], [ -69.798432, 8.748055 ], [ -69.798920, 8.748493 ], [ -69.799332, 8.748978 ], [ -69.800552, 8.750449 ], [ -69.800881, 8.750933 ], [ -69.801315, 8.751462 ], [ -69.801773, 8.751877 ], [ -69.802193, 8.752291 ], [ -69.802765, 8.752797 ], [ -69.803253, 8.753143 ], [ -69.803833, 8.753374 ], [ -69.804382, 8.753513 ], [ -69.805008, 8.753584 ], [ -69.805771, 8.753540 ], [ -69.806442, 8.753404 ], [ -69.807037, 8.753244 ], [ -69.807640, 8.753038 ], [ -69.808289, 8.752788 ], [ -69.808891, 8.752467 ], [ -69.809608, 8.752148 ], [ -69.810211, 8.751920 ], [ -69.810814, 8.751645 ], [ -69.811363, 8.751417 ], [ -69.811989, 8.751418 ], [ -69.812431, 8.751030 ], [ -69.814026, 8.749885 ], [ -69.814491, 8.749472 ], [ -69.815415, 8.748533 ], [ -69.815880, 8.748166 ], [ -69.816391, 8.747870 ], [ -69.816994, 8.747435 ], [ -69.817566, 8.747160 ], [ -69.818146, 8.746909 ], [ -69.818863, 8.746681 ], [ -69.819626, 8.746568 ], [ -69.820206, 8.746500 ], [ -69.820831, 8.746455 ], [ -69.821427, 8.746572 ], [ -69.822098, 8.746758 ], [ -69.822678, 8.746897 ], [ -69.823250, 8.747059 ], [ -69.824455, 8.747336 ], [ -69.825722, 8.747777 ], [ -69.826347, 8.748008 ], [ -69.826973, 8.748307 ], [ -69.827385, 8.748745 ], [ -69.827774, 8.749229 ], [ -69.828148, 8.749711 ], [ -69.828674, 8.750241 ], [ -69.829277, 8.750518 ], [ -69.829948, 8.750726 ], [ -69.830498, 8.751003 ], [ -69.831077, 8.751440 ], [ -69.831421, 8.751924 ], [ -69.831741, 8.752430 ], [ -69.832016, 8.753027 ], [ -69.832344, 8.753511 ], [ -69.832802, 8.753994 ], [ -69.833222, 8.754385 ], [ -69.833794, 8.754662 ], [ -69.834374, 8.754916 ], [ -69.834900, 8.755125 ], [ -69.835686, 8.755379 ], [ -69.836357, 8.755448 ], [ -69.836960, 8.755450 ], [ -69.837684, 8.755286 ], [ -69.838371, 8.755155 ], [ -69.838966, 8.754972 ], [ -69.839592, 8.755042 ], [ -69.840240, 8.755068 ], [ -69.840935, 8.755115 ], [ -69.841629, 8.755094 ], [ -69.842224, 8.755118 ], [ -69.842941, 8.755212 ], [ -69.843521, 8.755373 ], [ -69.844055, 8.755582 ], [ -69.844559, 8.755904 ], [ -69.844879, 8.756364 ], [ -69.845085, 8.756893 ], [ -69.845184, 8.757467 ], [ -69.845062, 8.758133 ], [ -69.844833, 8.758775 ], [ -69.844711, 8.759373 ], [ -69.844666, 8.760590 ], [ -69.844757, 8.761279 ], [ -69.844963, 8.761830 ], [ -69.845192, 8.762497 ], [ -69.845512, 8.762980 ], [ -69.846024, 8.763487 ], [ -69.846580, 8.763694 ], [ -69.847176, 8.763536 ], [ -69.847801, 8.763215 ], [ -69.848267, 8.762895 ], [ -69.848724, 8.762390 ], [ -69.849006, 8.761886 ], [ -69.849266, 8.761334 ], [ -69.849472, 8.760738 ], [ -69.849609, 8.760141 ], [ -69.850075, 8.759683 ], [ -69.850655, 8.759363 ], [ -69.851273, 8.759364 ], [ -69.852036, 8.759459 ], [ -69.852524, 8.759781 ], [ -69.852890, 8.760218 ], [ -69.853218, 8.760701 ], [ -69.853493, 8.761207 ], [ -69.853722, 8.761758 ], [ -69.853928, 8.762379 ], [ -69.854248, 8.762977 ], [ -69.854645, 8.763575 ], [ -69.855034, 8.764058 ], [ -69.855492, 8.764380 ], [ -69.856117, 8.764474 ], [ -69.856743, 8.764406 ], [ -69.857346, 8.764178 ], [ -69.857872, 8.763950 ], [ -69.858498, 8.763653 ], [ -69.859101, 8.763378 ], [ -69.859611, 8.763104 ], [ -69.860855, 8.762877 ], [ -69.861572, 8.762764 ], [ -69.862221, 8.762582 ], [ -69.862824, 8.762284 ], [ -69.863495, 8.762239 ], [ -69.864075, 8.762287 ], [ -69.864670, 8.762472 ], [ -69.865318, 8.762634 ], [ -69.865967, 8.762705 ], [ -69.867302, 8.762799 ], [ -69.867882, 8.762893 ], [ -69.868439, 8.763101 ], [ -69.868942, 8.763423 ], [ -69.869385, 8.763837 ], [ -69.869728, 8.764343 ], [ -69.869934, 8.764895 ], [ -69.870072, 8.765447 ], [ -69.870163, 8.766159 ], [ -69.870209, 8.766733 ], [ -69.870140, 8.767307 ], [ -69.869903, 8.767858 ], [ -69.869629, 8.768362 ], [ -69.869255, 8.768981 ], [ -69.869095, 8.769555 ], [ -69.869118, 8.770130 ], [ -69.869110, 8.770819 ], [ -69.869156, 8.771439 ], [ -69.869156, 8.772082 ], [ -69.869202, 8.772725 ], [ -69.869247, 8.773299 ], [ -69.869385, 8.774517 ], [ -69.869522, 8.775068 ], [ -69.869797, 8.775575 ], [ -69.870232, 8.776057 ], [ -69.870857, 8.776219 ], [ -69.871460, 8.776360 ], [ -69.872040, 8.776268 ], [ -69.872757, 8.776108 ], [ -69.873978, 8.776020 ], [ -69.874581, 8.775838 ], [ -69.875183, 8.775402 ], [ -69.875740, 8.774853 ], [ -69.876915, 8.773638 ], [ -69.877403, 8.773066 ], [ -69.877777, 8.772583 ], [ -69.878258, 8.772217 ], [ -69.878746, 8.771805 ], [ -69.879929, 8.770430 ], [ -69.880371, 8.770017 ], [ -69.880829, 8.769512 ], [ -69.881340, 8.768986 ], [ -69.881874, 8.768688 ], [ -69.882385, 8.768436 ], [ -69.882957, 8.768369 ], [ -69.883606, 8.768462 ], [ -69.884277, 8.768624 ], [ -69.884880, 8.768855 ], [ -69.885384, 8.769178 ], [ -69.885750, 8.769776 ], [ -69.885986, 8.770442 ], [ -69.886047, 8.771086 ], [ -69.886002, 8.771774 ], [ -69.885887, 8.772326 ], [ -69.885284, 8.773312 ], [ -69.884979, 8.773839 ], [ -69.884751, 8.774412 ], [ -69.884522, 8.774941 ], [ -69.884308, 8.775469 ], [ -69.884056, 8.775973 ], [ -69.883751, 8.776501 ], [ -69.883362, 8.777005 ], [ -69.882851, 8.777578 ], [ -69.882568, 8.778084 ], [ -69.882500, 8.778726 ], [ -69.882500, 8.779345 ], [ -69.882332, 8.779988 ], [ -69.882057, 8.780608 ], [ -69.881729, 8.781204 ], [ -69.881432, 8.781824 ], [ -69.881103, 8.782397 ], [ -69.880852, 8.782902 ], [ -69.880615, 8.783545 ], [ -69.880455, 8.784118 ], [ -69.880341, 8.784669 ], [ -69.880242, 8.785357 ], [ -69.880470, 8.786139 ], [ -69.880936, 8.787196 ], [ -69.881233, 8.787748 ], [ -69.881416, 8.788414 ], [ -69.881714, 8.789036 ], [ -69.882057, 8.789657 ], [ -69.882500, 8.790185 ], [ -69.883026, 8.790600 ], [ -69.883560, 8.790922 ], [ -69.884231, 8.791223 ], [ -69.884903, 8.791362 ], [ -69.885475, 8.791340 ], [ -69.886124, 8.791272 ], [ -69.886635, 8.791021 ], [ -69.887115, 8.790701 ], [ -69.887741, 8.790358 ], [ -69.888275, 8.789946 ], [ -69.888603, 8.789464 ], [ -69.888924, 8.788936 ], [ -69.889015, 8.788317 ], [ -69.889412, 8.786917 ], [ -69.889511, 8.786273 ], [ -69.889442, 8.785607 ], [ -69.889351, 8.785010 ], [ -69.889374, 8.784390 ], [ -69.889351, 8.783815 ], [ -69.889282, 8.783218 ], [ -69.889145, 8.782576 ], [ -69.888939, 8.781839 ], [ -69.888825, 8.781266 ], [ -69.888870, 8.780691 ], [ -69.889015, 8.779520 ], [ -69.889130, 8.778970 ], [ -69.889481, 8.778511 ], [ -69.889870, 8.778052 ], [ -69.890175, 8.777571 ], [ -69.890495, 8.777089 ], [ -69.890938, 8.776356 ], [ -69.891472, 8.775874 ], [ -69.891960, 8.775555 ], [ -69.892510, 8.775372 ], [ -69.893158, 8.775188 ], [ -69.893852, 8.775052 ], [ -69.894432, 8.775008 ], [ -69.895149, 8.775033 ], [ -69.896553, 8.775035 ], [ -69.897133, 8.775083 ], [ -69.897758, 8.775268 ], [ -69.899025, 8.775867 ], [ -69.899582, 8.776145 ], [ -69.900040, 8.776466 ], [ -69.900459, 8.776882 ], [ -69.900803, 8.777365 ], [ -69.901268, 8.777802 ], [ -69.902329, 8.778562 ], [ -69.902809, 8.778999 ], [ -69.903198, 8.779436 ], [ -69.903892, 8.780402 ], [ -69.904167, 8.780931 ], [ -69.904396, 8.781506 ], [ -69.904541, 8.782057 ], [ -69.904625, 8.782723 ], [ -69.904785, 8.783298 ], [ -69.904976, 8.783850 ], [ -69.905228, 8.784401 ], [ -69.905571, 8.784906 ], [ -69.906311, 8.785965 ], [ -69.906609, 8.786494 ], [ -69.906929, 8.787023 ], [ -69.907349, 8.787506 ], [ -69.907806, 8.787967 ], [ -69.908310, 8.788381 ], [ -69.908821, 8.788773 ], [ -69.909378, 8.789026 ], [ -69.910530, 8.789534 ], [ -69.911156, 8.789696 ], [ -69.911751, 8.789766 ], [ -69.913002, 8.789952 ], [ -69.913582, 8.790137 ], [ -69.914062, 8.790528 ], [ -69.914482, 8.790943 ], [ -69.915032, 8.791427 ], [ -69.915543, 8.791818 ], [ -69.916046, 8.792094 ], [ -69.916649, 8.792326 ], [ -69.917229, 8.792624 ], [ -69.917892, 8.792810 ], [ -69.918518, 8.792834 ], [ -69.919144, 8.792768 ], [ -69.919907, 8.792654 ], [ -69.920486, 8.792585 ], [ -69.921661, 8.792405 ], [ -69.923584, 8.792409 ], [ -69.924828, 8.792503 ], [ -69.925499, 8.792665 ], [ -69.926071, 8.792942 ], [ -69.926605, 8.793150 ], [ -69.927231, 8.793358 ], [ -69.927711, 8.793680 ], [ -69.928039, 8.794187 ], [ -69.928314, 8.794692 ], [ -69.928543, 8.795336 ], [ -69.928589, 8.795933 ], [ -69.928772, 8.797128 ], [ -69.928749, 8.797702 ], [ -69.928467, 8.798206 ], [ -69.928032, 8.798595 ], [ -69.927704, 8.799055 ], [ -69.927215, 8.799582 ], [ -69.926613, 8.799833 ], [ -69.925461, 8.800060 ], [ -69.924881, 8.800242 ], [ -69.923775, 8.801022 ], [ -69.923172, 8.801295 ], [ -69.922592, 8.801456 ], [ -69.922035, 8.801592 ], [ -69.921509, 8.801981 ], [ -69.921249, 8.802532 ], [ -69.921044, 8.803082 ], [ -69.920624, 8.803564 ], [ -69.920509, 8.804138 ], [ -69.920761, 8.804735 ], [ -69.920967, 8.805286 ], [ -69.921448, 8.806505 ], [ -69.921768, 8.807172 ], [ -69.922050, 8.807677 ], [ -69.922508, 8.808253 ], [ -69.922997, 8.808575 ], [ -69.923546, 8.808691 ], [ -69.924194, 8.808716 ], [ -69.924820, 8.808648 ], [ -69.925423, 8.808466 ], [ -69.926437, 8.807778 ], [ -69.926971, 8.807573 ], [ -69.927574, 8.807183 ], [ -69.928108, 8.806611 ], [ -69.928680, 8.806084 ], [ -69.929238, 8.805786 ], [ -69.929932, 8.805444 ], [ -69.930420, 8.805145 ], [ -69.930885, 8.804802 ], [ -69.931831, 8.804161 ], [ -69.932319, 8.803748 ], [ -69.932823, 8.803429 ], [ -69.933472, 8.803200 ], [ -69.934051, 8.803247 ], [ -69.934631, 8.803455 ], [ -69.935135, 8.803709 ], [ -69.936195, 8.804469 ], [ -69.937119, 8.805388 ], [ -69.937584, 8.805780 ], [ -69.937996, 8.806217 ], [ -69.938507, 8.806609 ], [ -69.939125, 8.806909 ], [ -69.939659, 8.807139 ], [ -69.940239, 8.807370 ], [ -69.940811, 8.807625 ], [ -69.941414, 8.807947 ], [ -69.941780, 8.808476 ], [ -69.941986, 8.809073 ], [ -69.941894, 8.809670 ], [ -69.941666, 8.810221 ], [ -69.941894, 8.810750 ], [ -69.942238, 8.811210 ], [ -69.942536, 8.811738 ], [ -69.942864, 8.812222 ], [ -69.943321, 8.812544 ], [ -69.943992, 8.812936 ], [ -69.944618, 8.813052 ], [ -69.945259, 8.813145 ], [ -69.946419, 8.813286 ], [ -69.946998, 8.813332 ], [ -69.947662, 8.813472 ], [ -69.948242, 8.813634 ], [ -69.948959, 8.813795 ], [ -69.950043, 8.814211 ], [ -69.950623, 8.814373 ], [ -69.951180, 8.814627 ], [ -69.951477, 8.815201 ], [ -69.951546, 8.815845 ], [ -69.951103, 8.816509 ], [ -69.950730, 8.816968 ], [ -69.950295, 8.817404 ], [ -69.949875, 8.817793 ], [ -69.949486, 8.818229 ], [ -69.949043, 8.818802 ], [ -69.948784, 8.819306 ], [ -69.948319, 8.820523 ], [ -69.948296, 8.821120 ], [ -69.948456, 8.821764 ], [ -69.948639, 8.822315 ], [ -69.949356, 8.823534 ], [ -69.950119, 8.824637 ], [ -69.950531, 8.825028 ], [ -69.951134, 8.825420 ], [ -69.951660, 8.825743 ], [ -69.952263, 8.826226 ], [ -69.952774, 8.826641 ], [ -69.953209, 8.827101 ], [ -69.953689, 8.827493 ], [ -69.954758, 8.828436 ], [ -69.955376, 8.828896 ], [ -69.955658, 8.829402 ], [ -69.955673, 8.829976 ], [ -69.955513, 8.830550 ], [ -69.955536, 8.831147 ], [ -69.955765, 8.831814 ], [ -69.956528, 8.832849 ], [ -69.956894, 8.833493 ], [ -69.957192, 8.834113 ], [ -69.957519, 8.834848 ], [ -69.957886, 8.835378 ], [ -69.958367, 8.835884 ], [ -69.958900, 8.836252 ], [ -69.959457, 8.836460 ], [ -69.960075, 8.836530 ], [ -69.960701, 8.836440 ], [ -69.961235, 8.835729 ], [ -69.961609, 8.835292 ], [ -69.962021, 8.834743 ], [ -69.962647, 8.833756 ], [ -69.963112, 8.833091 ], [ -69.963318, 8.832357 ], [ -69.963440, 8.831438 ], [ -69.963577, 8.830704 ], [ -69.963791, 8.830130 ], [ -69.964088, 8.829396 ], [ -69.964226, 8.828845 ], [ -69.964462, 8.828203 ], [ -69.964928, 8.827698 ], [ -69.965408, 8.827286 ], [ -69.965851, 8.826873 ], [ -69.966270, 8.826368 ], [ -69.966820, 8.826163 ], [ -69.967911, 8.826348 ], [ -69.968574, 8.826580 ], [ -69.969132, 8.826880 ], [ -69.969620, 8.827293 ], [ -69.970100, 8.827800 ], [ -69.970680, 8.828282 ], [ -69.971230, 8.828767 ], [ -69.971649, 8.829158 ], [ -69.971970, 8.829640 ], [ -69.972290, 8.830101 ], [ -69.972710, 8.830745 ], [ -69.973099, 8.831227 ], [ -69.973556, 8.831848 ], [ -69.974480, 8.832631 ], [ -69.974991, 8.833046 ], [ -69.975891, 8.833851 ], [ -69.976303, 8.834241 ], [ -69.976860, 8.834840 ], [ -69.977341, 8.835232 ], [ -69.977875, 8.835646 ], [ -69.978592, 8.835969 ], [ -69.979195, 8.835993 ], [ -69.979790, 8.835719 ], [ -69.980278, 8.835238 ], [ -69.980698, 8.834640 ], [ -69.980949, 8.834114 ], [ -69.981209, 8.833517 ], [ -69.981461, 8.832736 ], [ -69.981606, 8.832093 ], [ -69.981812, 8.831473 ], [ -69.982277, 8.831130 ], [ -69.982941, 8.830971 ], [ -69.983520, 8.830971 ], [ -69.984055, 8.831271 ], [ -69.984650, 8.831755 ], [ -69.985161, 8.832192 ], [ -69.985695, 8.832583 ], [ -69.986778, 8.833183 ], [ -69.987351, 8.833437 ], [ -69.987953, 8.833691 ], [ -69.988625, 8.833738 ], [ -69.989273, 8.833739 ], [ -69.989853, 8.833716 ], [ -69.990585, 8.833673 ], [ -69.991211, 8.833582 ], [ -69.991836, 8.833629 ], [ -69.992485, 8.833354 ], [ -69.993042, 8.833148 ], [ -69.993714, 8.832874 ], [ -69.994453, 8.832555 ], [ -69.994980, 8.832279 ], [ -69.995651, 8.832258 ], [ -69.996117, 8.832672 ], [ -69.996277, 8.833270 ], [ -69.996132, 8.833982 ], [ -69.995949, 8.834556 ], [ -69.995903, 8.835130 ], [ -69.996018, 8.835703 ], [ -69.996407, 8.836209 ], [ -69.996780, 8.836647 ], [ -69.997170, 8.837061 ], [ -69.997726, 8.837498 ], [ -69.998276, 8.837820 ], [ -69.999985, 8.838293 ], [ -69.999985, 8.839574 ], [ -70.000435, 8.840045 ], [ -70.000870, 8.840631 ], [ -70.001137, 8.841268 ], [ -70.001251, 8.841886 ], [ -70.001198, 8.842484 ], [ -70.001099, 8.843153 ], [ -70.001000, 8.843730 ], [ -70.000992, 8.844374 ], [ -70.001030, 8.844948 ], [ -70.001160, 8.845519 ], [ -70.001411, 8.846089 ], [ -70.001854, 8.846489 ], [ -70.002090, 8.846643 ], [ -70.002678, 8.846972 ], [ -70.003212, 8.847165 ], [ -70.003815, 8.847356 ], [ -70.004585, 8.847657 ], [ -70.005081, 8.847942 ], [ -70.005928, 8.848541 ], [ -70.006355, 8.848989 ], [ -70.006622, 8.849556 ], [ -70.006989, 8.850144 ], [ -70.008133, 8.850735 ], [ -70.008835, 8.851038 ], [ -70.009392, 8.851298 ], [ -70.009872, 8.851860 ], [ -70.010262, 8.852517 ], [ -70.010643, 8.853105 ], [ -70.010933, 8.853648 ], [ -70.011108, 8.854195 ], [ -70.011284, 8.854788 ], [ -70.011238, 8.855478 ], [ -70.011139, 8.856216 ], [ -70.011086, 8.856861 ], [ -70.010994, 8.857622 ], [ -70.010872, 8.858177 ], [ -70.010750, 8.858893 ], [ -70.010719, 8.859491 ], [ -70.010712, 8.860067 ], [ -70.010864, 8.860614 ], [ -70.011383, 8.860922 ], [ -70.012123, 8.861155 ], [ -70.012726, 8.861322 ], [ -70.013336, 8.861559 ], [ -70.013878, 8.861890 ], [ -70.015053, 8.862732 ], [ -70.015671, 8.863244 ], [ -70.016182, 8.863552 ], [ -70.016861, 8.863902 ], [ -70.017471, 8.864139 ], [ -70.018242, 8.864485 ], [ -70.018555, 8.864983 ], [ -70.018730, 8.865576 ], [ -70.019188, 8.866300 ], [ -70.019844, 8.866718 ], [ -70.020409, 8.867024 ], [ -70.020973, 8.867401 ], [ -70.021378, 8.867826 ], [ -70.021416, 8.868400 ], [ -70.021431, 8.869043 ], [ -70.021141, 8.870337 ], [ -70.021027, 8.871099 ], [ -70.020973, 8.871790 ], [ -70.020996, 8.872664 ], [ -70.021133, 8.874291 ], [ -70.021355, 8.874814 ], [ -70.021622, 8.875336 ], [ -70.022026, 8.875854 ], [ -70.022614, 8.876298 ], [ -70.023224, 8.876603 ], [ -70.023834, 8.876932 ], [ -70.024513, 8.877327 ], [ -70.025147, 8.877656 ], [ -70.025734, 8.878030 ], [ -70.026482, 8.878424 ], [ -70.026978, 8.878709 ], [ -70.028206, 8.879734 ], [ -70.028656, 8.880342 ], [ -70.029045, 8.880907 ], [ -70.029358, 8.881450 ], [ -70.029884, 8.882884 ], [ -70.030129, 8.883497 ], [ -70.030617, 8.884634 ], [ -70.030823, 8.885249 ], [ -70.030990, 8.886509 ], [ -70.031052, 8.887105 ], [ -70.030998, 8.887703 ], [ -70.030922, 8.888326 ], [ -70.030846, 8.889569 ], [ -70.030884, 8.890349 ], [ -70.030968, 8.890945 ], [ -70.031219, 8.891627 ], [ -70.031586, 8.892284 ], [ -70.031990, 8.892825 ], [ -70.032440, 8.893182 ], [ -70.033608, 8.893794 ], [ -70.034264, 8.893983 ], [ -70.034820, 8.894129 ], [ -70.035377, 8.894253 ], [ -70.035980, 8.894282 ], [ -70.036651, 8.894448 ], [ -70.037285, 8.894638 ], [ -70.037941, 8.894966 ], [ -70.038597, 8.895362 ], [ -70.039184, 8.895829 ], [ -70.039635, 8.896253 ], [ -70.039948, 8.896751 ], [ -70.040146, 8.897343 ], [ -70.040237, 8.898006 ], [ -70.040207, 8.898604 ], [ -70.040154, 8.899250 ], [ -70.039513, 8.901313 ], [ -70.039345, 8.901983 ], [ -70.039200, 8.902654 ], [ -70.039108, 8.903437 ], [ -70.039055, 8.904106 ], [ -70.039032, 8.904911 ], [ -70.039078, 8.905761 ], [ -70.039207, 8.907067 ], [ -70.039246, 8.907709 ], [ -70.039353, 8.908397 ], [ -70.039513, 8.909081 ], [ -70.039665, 8.909675 ], [ -70.039986, 8.910493 ], [ -70.040352, 8.911127 ], [ -70.040642, 8.911716 ], [ -70.040863, 8.912263 ], [ -70.041069, 8.912832 ], [ -70.041107, 8.913497 ], [ -70.040871, 8.914216 ], [ -70.040489, 8.914732 ], [ -70.040024, 8.915411 ], [ -70.039787, 8.916015 ], [ -70.039688, 8.916661 ], [ -70.039734, 8.917396 ], [ -70.039795, 8.917991 ], [ -70.040123, 8.919224 ], [ -70.040352, 8.919861 ], [ -70.040741, 8.920655 ], [ -70.041626, 8.921849 ], [ -70.042145, 8.922341 ], [ -70.042641, 8.922765 ], [ -70.043053, 8.923213 ], [ -70.043297, 8.923873 ], [ -70.043411, 8.924583 ], [ -70.043213, 8.925117 ], [ -70.043136, 8.925763 ], [ -70.043312, 8.926080 ], [ -70.043671, 8.926643 ], [ -70.044098, 8.927207 ], [ -70.044556, 8.927654 ], [ -70.045006, 8.928172 ], [ -70.045639, 8.928591 ], [ -70.046242, 8.928621 ], [ -70.046890, 8.928604 ], [ -70.047760, 8.928512 ], [ -70.048309, 8.928336 ], [ -70.048958, 8.928342 ], [ -70.050522, 8.928967 ], [ -70.051086, 8.929319 ], [ -70.051445, 8.929769 ], [ -70.051803, 8.930288 ], [ -70.052185, 8.930738 ], [ -70.052635, 8.931093 ], [ -70.053246, 8.931467 ], [ -70.053856, 8.931750 ], [ -70.054489, 8.932077 ], [ -70.055237, 8.932357 ], [ -70.055908, 8.932477 ], [ -70.056541, 8.932782 ], [ -70.057724, 8.933072 ], [ -70.058693, 8.933138 ], [ -70.059342, 8.933143 ], [ -70.059967, 8.933172 ], [ -70.061378, 8.933272 ], [ -70.062050, 8.933300 ], [ -70.062699, 8.933375 ], [ -70.063423, 8.933678 ], [ -70.064224, 8.934161 ], [ -70.064697, 8.934608 ], [ -70.065170, 8.935217 ], [ -70.065399, 8.935854 ], [ -70.065933, 8.937702 ], [ -70.066360, 8.938149 ], [ -70.066925, 8.938548 ], [ -70.067528, 8.938578 ], [ -70.068131, 8.938746 ], [ -70.068764, 8.939028 ], [ -70.069283, 8.939405 ], [ -70.069778, 8.939828 ], [ -70.070297, 8.940365 ], [ -70.070724, 8.940744 ], [ -70.071243, 8.941167 ], [ -70.071846, 8.941266 ], [ -70.072471, 8.941157 ], [ -70.073105, 8.940819 ], [ -70.073601, 8.940438 ], [ -70.074173, 8.940032 ], [ -70.074814, 8.939808 ], [ -70.075546, 8.939672 ], [ -70.076301, 8.939492 ], [ -70.077042, 8.939425 ], [ -70.077622, 8.939456 ], [ -70.078224, 8.939624 ], [ -70.078774, 8.940161 ], [ -70.079224, 8.940723 ], [ -70.079910, 8.941280 ], [ -70.080406, 8.941703 ], [ -70.080948, 8.942033 ], [ -70.081627, 8.942544 ], [ -70.082359, 8.942961 ], [ -70.083489, 8.943757 ], [ -70.084381, 8.944401 ], [ -70.085129, 8.944679 ], [ -70.085732, 8.944732 ], [ -70.087082, 8.944420 ], [ -70.087730, 8.944333 ], [ -70.088356, 8.944340 ], [ -70.089043, 8.944298 ], [ -70.089668, 8.944236 ], [ -70.090363, 8.944217 ], [ -70.090965, 8.944339 ], [ -70.091545, 8.944575 ], [ -70.092132, 8.944881 ], [ -70.092766, 8.945278 ], [ -70.093284, 8.945678 ], [ -70.094086, 8.946071 ], [ -70.094749, 8.946121 ], [ -70.095543, 8.946216 ], [ -70.096329, 8.946240 ], [ -70.096931, 8.946270 ], [ -70.097527, 8.946253 ], [ -70.098274, 8.946326 ], [ -70.098992, 8.946513 ], [ -70.099602, 8.946956 ], [ -70.099937, 8.947430 ], [ -70.100250, 8.947905 ], [ -70.101005, 8.949286 ], [ -70.101273, 8.949807 ], [ -70.101593, 8.950512 ], [ -70.101906, 8.951031 ], [ -70.102356, 8.951433 ], [ -70.102875, 8.951717 ], [ -70.103623, 8.951997 ], [ -70.104248, 8.952278 ], [ -70.104904, 8.952628 ], [ -70.105652, 8.952999 ], [ -70.106331, 8.953325 ], [ -70.107132, 8.953671 ], [ -70.107735, 8.953862 ], [ -70.108338, 8.953984 ], [ -70.108894, 8.954130 ], [ -70.109482, 8.954321 ], [ -70.110184, 8.954647 ], [ -70.110787, 8.954884 ], [ -70.111488, 8.955094 ], [ -70.112114, 8.955354 ], [ -70.112862, 8.955586 ], [ -70.113472, 8.955800 ], [ -70.113968, 8.956315 ], [ -70.114189, 8.956838 ], [ -70.114395, 8.957590 ], [ -70.114578, 8.958390 ], [ -70.114891, 8.958934 ], [ -70.115418, 8.959448 ], [ -70.116020, 8.959638 ], [ -70.116646, 8.959759 ], [ -70.117271, 8.959811 ], [ -70.117813, 8.960164 ], [ -70.118195, 8.960637 ], [ -70.118469, 8.961319 ], [ -70.118805, 8.961930 ], [ -70.119377, 8.962466 ], [ -70.119827, 8.962822 ], [ -70.120392, 8.963221 ], [ -70.121139, 8.963637 ], [ -70.121727, 8.963943 ], [ -70.122238, 8.964274 ], [ -70.122666, 8.964653 ], [ -70.122963, 8.965242 ], [ -70.123070, 8.965975 ], [ -70.123070, 8.966619 ], [ -70.122993, 8.967449 ], [ -70.123017, 8.968091 ], [ -70.123177, 8.968891 ], [ -70.123314, 8.969830 ], [ -70.123375, 8.970494 ], [ -70.123917, 8.971675 ], [ -70.124191, 8.972358 ], [ -70.124535, 8.973061 ], [ -70.124946, 8.973877 ], [ -70.125374, 8.974417 ], [ -70.125946, 8.974884 ], [ -70.126434, 8.975170 ], [ -70.127045, 8.975544 ], [ -70.127678, 8.975849 ], [ -70.128456, 8.976357 ], [ -70.128998, 8.976732 ], [ -70.129402, 8.977181 ], [ -70.129806, 8.977675 ], [ -70.130241, 8.978238 ], [ -70.130646, 8.978664 ], [ -70.131180, 8.978903 ], [ -70.131714, 8.979117 ], [ -70.132324, 8.979285 ], [ -70.132904, 8.979407 ], [ -70.133568, 8.979321 ], [ -70.134285, 8.979140 ], [ -70.134941, 8.978870 ], [ -70.135513, 8.978534 ], [ -70.136086, 8.978288 ], [ -70.136833, 8.977900 ], [ -70.137474, 8.977653 ], [ -70.138161, 8.977289 ], [ -70.138756, 8.977067 ], [ -70.139282, 8.976823 ], [ -70.140694, 8.976233 ], [ -70.141479, 8.976119 ], [ -70.142220, 8.976100 ], [ -70.142777, 8.976223 ], [ -70.143456, 8.976526 ], [ -70.144203, 8.976805 ], [ -70.145088, 8.977102 ], [ -70.145783, 8.977199 ], [ -70.146729, 8.977311 ], [ -70.147949, 8.977830 ], [ -70.148598, 8.978019 ], [ -70.149208, 8.978231 ], [ -70.149857, 8.978421 ], [ -70.150482, 8.978497 ], [ -70.151085, 8.978596 ], [ -70.151764, 8.978898 ], [ -70.152374, 8.979204 ], [ -70.152939, 8.979579 ], [ -70.153534, 8.980206 ], [ -70.154121, 8.980696 ], [ -70.155586, 8.981967 ], [ -70.156082, 8.982368 ], [ -70.157097, 8.983098 ], [ -70.157753, 8.983517 ], [ -70.158340, 8.983777 ], [ -70.159134, 8.983985 ], [ -70.159828, 8.984081 ], [ -70.160454, 8.984133 ], [ -70.161102, 8.984300 ], [ -70.162567, 8.984628 ], [ -70.163147, 8.984750 ], [ -70.163704, 8.984919 ], [ -70.164429, 8.985198 ], [ -70.165085, 8.985434 ], [ -70.165619, 8.985694 ], [ -70.165985, 8.986305 ], [ -70.166672, 8.987735 ], [ -70.166939, 8.988370 ], [ -70.167282, 8.988958 ], [ -70.168221, 8.990427 ], [ -70.169174, 8.991620 ], [ -70.169632, 8.992066 ], [ -70.170075, 8.992468 ], [ -70.170601, 8.992891 ], [ -70.171097, 8.993269 ], [ -70.171638, 8.993805 ], [ -70.172165, 8.994434 ], [ -70.172569, 8.994999 ], [ -70.172996, 8.995469 ], [ -70.173431, 8.995917 ], [ -70.173942, 8.996270 ], [ -70.174439, 8.996671 ], [ -70.175430, 8.997379 ], [ -70.175926, 8.997780 ], [ -70.176384, 8.998320 ], [ -70.176674, 8.998839 ], [ -70.176849, 8.999387 ], [ -70.176933, 9.000079 ], [ -70.176933, 9.001187 ], [ -70.177010, 9.001783 ], [ -70.177010, 9.002427 ], [ -70.177040, 9.003001 ], [ -70.177109, 9.003575 ], [ -70.177231, 9.004354 ], [ -70.177345, 9.004906 ], [ -70.177559, 9.005548 ], [ -70.177796, 9.006122 ], [ -70.178635, 9.007749 ], [ -70.178986, 9.008368 ], [ -70.179283, 9.008941 ], [ -70.179588, 9.009421 ], [ -70.180008, 9.009948 ], [ -70.180336, 9.010521 ], [ -70.180755, 9.011163 ], [ -70.181663, 9.012973 ], [ -70.181946, 9.013477 ], [ -70.182251, 9.014073 ], [ -70.182571, 9.014531 ], [ -70.182922, 9.015127 ], [ -70.183647, 9.016227 ], [ -70.184067, 9.016937 ], [ -70.184601, 9.017808 ], [ -70.184838, 9.018358 ], [ -70.185051, 9.019070 ], [ -70.185303, 9.019688 ], [ -70.185539, 9.020400 ], [ -70.185684, 9.021111 ], [ -70.185821, 9.021685 ], [ -70.185852, 9.022259 ], [ -70.185852, 9.022924 ], [ -70.185837, 9.023521 ], [ -70.185860, 9.024211 ], [ -70.185661, 9.026438 ], [ -70.185593, 9.027037 ], [ -70.185532, 9.027748 ], [ -70.185211, 9.029311 ], [ -70.184944, 9.030437 ], [ -70.184738, 9.031105 ], [ -70.184487, 9.031863 ], [ -70.184326, 9.032438 ], [ -70.183830, 9.033979 ], [ -70.183601, 9.034554 ], [ -70.183418, 9.035289 ], [ -70.183243, 9.036828 ], [ -70.183197, 9.037425 ], [ -70.183106, 9.038253 ], [ -70.183136, 9.038919 ], [ -70.183205, 9.039608 ], [ -70.183304, 9.040273 ], [ -70.183372, 9.040869 ], [ -70.183495, 9.041604 ], [ -70.183754, 9.042889 ], [ -70.184013, 9.043600 ], [ -70.184296, 9.044127 ], [ -70.185059, 9.045223 ], [ -70.185524, 9.045707 ], [ -70.185921, 9.046162 ], [ -70.186455, 9.046693 ], [ -70.187058, 9.047153 ], [ -70.187615, 9.047444 ], [ -70.188797, 9.047991 ], [ -70.189285, 9.048285 ], [ -70.191025, 9.049246 ], [ -70.191696, 9.049564 ], [ -70.192253, 9.049861 ], [ -70.192787, 9.050112 ], [ -70.193344, 9.050361 ], [ -70.193855, 9.050730 ], [ -70.195061, 9.051572 ], [ -70.195503, 9.051936 ], [ -70.196526, 9.053063 ], [ -70.197060, 9.053700 ], [ -70.197456, 9.054227 ], [ -70.197899, 9.054849 ], [ -70.198227, 9.055327 ], [ -70.198547, 9.055831 ], [ -70.199295, 9.057067 ], [ -70.199554, 9.057595 ], [ -70.199669, 9.058189 ], [ -70.198959, 9.058354 ], [ -70.197845, 9.058774 ], [ -70.197296, 9.059047 ], [ -70.196213, 9.059602 ], [ -70.195679, 9.059839 ], [ -70.195130, 9.060067 ], [ -70.193695, 9.060514 ], [ -70.193024, 9.060625 ], [ -70.192284, 9.060773 ], [ -70.190826, 9.061212 ], [ -70.189651, 9.061541 ], [ -70.188980, 9.061750 ], [ -70.188171, 9.061934 ], [ -70.187553, 9.062027 ], [ -70.186371, 9.062121 ], [ -70.185722, 9.062196 ], [ -70.184219, 9.062526 ], [ -70.183647, 9.062663 ], [ -70.182976, 9.062846 ], [ -70.182167, 9.063084 ], [ -70.181450, 9.063268 ], [ -70.179237, 9.063971 ], [ -70.177711, 9.064410 ], [ -70.177017, 9.064620 ], [ -70.175820, 9.065040 ], [ -70.175263, 9.065295 ], [ -70.174591, 9.065686 ], [ -70.174088, 9.066004 ], [ -70.173599, 9.066331 ], [ -70.172981, 9.066794 ], [ -70.171761, 9.067902 ], [ -70.170540, 9.068846 ], [ -70.169983, 9.069237 ], [ -70.169479, 9.069609 ], [ -70.168877, 9.070072 ], [ -70.168281, 9.070463 ], [ -70.167656, 9.070790 ], [ -70.167007, 9.071064 ], [ -70.166412, 9.071301 ], [ -70.165718, 9.071484 ], [ -70.165138, 9.071621 ], [ -70.164490, 9.071759 ], [ -70.163658, 9.071906 ], [ -70.162849, 9.071972 ], [ -70.161995, 9.072138 ], [ -70.161400, 9.072285 ], [ -70.160751, 9.072467 ], [ -70.160149, 9.072722 ], [ -70.159576, 9.073113 ], [ -70.159157, 9.073530 ], [ -70.158630, 9.074202 ], [ -70.158241, 9.074727 ], [ -70.157898, 9.075487 ], [ -70.157669, 9.076148 ], [ -70.157555, 9.076936 ], [ -70.157585, 9.077650 ], [ -70.157822, 9.079160 ], [ -70.157822, 9.079738 ], [ -70.157784, 9.080353 ], [ -70.157600, 9.081023 ], [ -70.157303, 9.081503 ], [ -70.156891, 9.081921 ], [ -70.156403, 9.082248 ], [ -70.155754, 9.082494 ], [ -70.154510, 9.082895 ], [ -70.153725, 9.083106 ], [ -70.153099, 9.083243 ], [ -70.152550, 9.083408 ], [ -70.151665, 9.083637 ], [ -70.150887, 9.083893 ], [ -70.150170, 9.084148 ], [ -70.149452, 9.084313 ], [ -70.148827, 9.084433 ], [ -70.148110, 9.084598 ], [ -70.147278, 9.084826 ], [ -70.145706, 9.085220 ], [ -70.145111, 9.085340 ], [ -70.144211, 9.085478 ], [ -70.143654, 9.085580 ], [ -70.142754, 9.085691 ], [ -70.141228, 9.085931 ], [ -70.140556, 9.086068 ], [ -70.139931, 9.086206 ], [ -70.139030, 9.086444 ], [ -70.138428, 9.086609 ], [ -70.137550, 9.086883 ], [ -70.136810, 9.087093 ], [ -70.136070, 9.087276 ], [ -70.135521, 9.087396 ], [ -70.133720, 9.087745 ], [ -70.132561, 9.088029 ], [ -70.131752, 9.088212 ], [ -70.129974, 9.088498 ], [ -70.129303, 9.088617 ], [ -70.127457, 9.088687 ], [ -70.126808, 9.088743 ], [ -70.126160, 9.088745 ], [ -70.125328, 9.088765 ], [ -70.124588, 9.088795 ], [ -70.123940, 9.088861 ], [ -70.123131, 9.088917 ], [ -70.121834, 9.089057 ], [ -70.120399, 9.089341 ], [ -70.119591, 9.089435 ], [ -70.118919, 9.089500 ], [ -70.118324, 9.089457 ], [ -70.117630, 9.089350 ], [ -70.116814, 9.089190 ], [ -70.115684, 9.089012 ], [ -70.114990, 9.088969 ], [ -70.114388, 9.089034 ], [ -70.113716, 9.089135 ], [ -70.113022, 9.089229 ], [ -70.112442, 9.089366 ], [ -70.111801, 9.089458 ], [ -70.109490, 9.089953 ], [ -70.108887, 9.090118 ], [ -70.107963, 9.090347 ], [ -70.106506, 9.090677 ], [ -70.105766, 9.090815 ], [ -70.105209, 9.090952 ], [ -70.104660, 9.091117 ], [ -70.103294, 9.091555 ], [ -70.102394, 9.091955 ], [ -70.100876, 9.092674 ], [ -70.099075, 9.093530 ], [ -70.098106, 9.094012 ], [ -70.097504, 9.094339 ], [ -70.097000, 9.094594 ], [ -70.096374, 9.094940 ], [ -70.093376, 9.096468 ], [ -70.092430, 9.096969 ], [ -70.091576, 9.097459 ], [ -70.090004, 9.098314 ], [ -70.089477, 9.098660 ], [ -70.088089, 9.099631 ], [ -70.087517, 9.100021 ], [ -70.086937, 9.100367 ], [ -70.086365, 9.100694 ], [ -70.085854, 9.101085 ], [ -70.085304, 9.101475 ], [ -70.084793, 9.101775 ], [ -70.084244, 9.102147 ], [ -70.083549, 9.102774 ], [ -70.082901, 9.103300 ], [ -70.082237, 9.103881 ], [ -70.081749, 9.104244 ], [ -70.081223, 9.104679 ], [ -70.080574, 9.105143 ], [ -70.079933, 9.105633 ], [ -70.078545, 9.106596 ], [ -70.076820, 9.107912 ], [ -70.076172, 9.108376 ], [ -70.075531, 9.108811 ], [ -70.074997, 9.109138 ], [ -70.074356, 9.109601 ], [ -70.073410, 9.110291 ], [ -70.072876, 9.110727 ], [ -70.072304, 9.111262 ], [ -70.070686, 9.112922 ], [ -70.069977, 9.113539 ], [ -70.068825, 9.114600 ], [ -70.068413, 9.115018 ], [ -70.067375, 9.116124 ], [ -70.067032, 9.116605 ], [ -70.066383, 9.117257 ], [ -70.065788, 9.118037 ], [ -70.064957, 9.119278 ], [ -70.064476, 9.119967 ], [ -70.063995, 9.120565 ], [ -70.063141, 9.121581 ], [ -70.062774, 9.122043 ], [ -70.062386, 9.122668 ], [ -70.061928, 9.123375 ], [ -70.061531, 9.124118 ], [ -70.061218, 9.124805 ], [ -70.060944, 9.125448 ], [ -70.060661, 9.125974 ], [ -70.060226, 9.126464 ], [ -70.059677, 9.126971 ], [ -70.059029, 9.127453 ], [ -70.058494, 9.127752 ], [ -70.057785, 9.128125 ], [ -70.057228, 9.128444 ], [ -70.056679, 9.128817 ], [ -70.056190, 9.129252 ], [ -70.055595, 9.129760 ], [ -70.054947, 9.130359 ], [ -70.053863, 9.131465 ], [ -70.053452, 9.131909 ], [ -70.053040, 9.132417 ], [ -70.052574, 9.133016 ], [ -70.052048, 9.133840 ], [ -70.051659, 9.134347 ], [ -70.051292, 9.134783 ], [ -70.050758, 9.135336 ], [ -70.049652, 9.136605 ], [ -70.048851, 9.137638 ], [ -70.048324, 9.138399 ], [ -70.047913, 9.139043 ], [ -70.047539, 9.139713 ], [ -70.047218, 9.140401 ], [ -70.046883, 9.141342 ], [ -70.046654, 9.142221 ], [ -70.046539, 9.142836 ], [ -70.046379, 9.143487 ], [ -70.046127, 9.144239 ], [ -70.045830, 9.144909 ], [ -70.045418, 9.145598 ], [ -70.044983, 9.146240 ], [ -70.044426, 9.146956 ], [ -70.043945, 9.147627 ], [ -70.043419, 9.148343 ], [ -70.042892, 9.149032 ], [ -70.042359, 9.149649 ], [ -70.041809, 9.150319 ], [ -70.041374, 9.151008 ], [ -70.041000, 9.151705 ], [ -70.040756, 9.152456 ], [ -70.040573, 9.153198 ], [ -70.040481, 9.153886 ], [ -70.040481, 9.154547 ], [ -70.040703, 9.155993 ], [ -70.040886, 9.156733 ], [ -70.041145, 9.157393 ], [ -70.041496, 9.158061 ], [ -70.041870, 9.158730 ], [ -70.042541, 9.159641 ], [ -70.043449, 9.160606 ], [ -70.043892, 9.160967 ], [ -70.044495, 9.161498 ], [ -70.045006, 9.161814 ], [ -70.045586, 9.162201 ], [ -70.046074, 9.162687 ], [ -70.046562, 9.163183 ], [ -70.047028, 9.163689 ], [ -70.047539, 9.164330 ], [ -70.047890, 9.164817 ], [ -70.048332, 9.165547 ], [ -70.048821, 9.166216 ], [ -70.049240, 9.166621 ], [ -70.049911, 9.167243 ], [ -70.050583, 9.167929 ], [ -70.051094, 9.168344 ], [ -70.052284, 9.169434 ], [ -70.052727, 9.169894 ], [ -70.053238, 9.170372 ], [ -70.053726, 9.170877 ], [ -70.054749, 9.171905 ], [ -70.055306, 9.172482 ], [ -70.055931, 9.173032 ], [ -70.056511, 9.173627 ], [ -70.056885, 9.174105 ], [ -70.057373, 9.174683 ], [ -70.058327, 9.175683 ], [ -70.058746, 9.176188 ], [ -70.059189, 9.176648 ], [ -70.059792, 9.177126 ], [ -70.059997, 9.177306 ], [ -70.060417, 9.177703 ], [ -70.060951, 9.178271 ], [ -70.061279, 9.178795 ], [ -70.061584, 9.179418 ], [ -70.061768, 9.179969 ], [ -70.061958, 9.180683 ], [ -70.062126, 9.181252 ], [ -70.062332, 9.181875 ], [ -70.062637, 9.182471 ], [ -70.063057, 9.183067 ], [ -70.063591, 9.183337 ], [ -70.064194, 9.183245 ], [ -70.064797, 9.183126 ], [ -70.065536, 9.183123 ], [ -70.066254, 9.183284 ], [ -70.066628, 9.183789 ], [ -70.066765, 9.184403 ], [ -70.066841, 9.184982 ], [ -70.066841, 9.185597 ], [ -70.066773, 9.186520 ], [ -70.066666, 9.187461 ], [ -70.066666, 9.188058 ], [ -70.066696, 9.188682 ], [ -70.066765, 9.189342 ], [ -70.066818, 9.190010 ], [ -70.066910, 9.190724 ], [ -70.066986, 9.191412 ], [ -70.066986, 9.192235 ], [ -70.066971, 9.193040 ], [ -70.066902, 9.193619 ], [ -70.066902, 9.194188 ], [ -70.066979, 9.195011 ], [ -70.067070, 9.195635 ], [ -70.067169, 9.196412 ], [ -70.067238, 9.197108 ], [ -70.067406, 9.197886 ], [ -70.067642, 9.198409 ], [ -70.067993, 9.199050 ], [ -70.068321, 9.199674 ], [ -70.068810, 9.201119 ], [ -70.069000, 9.201787 ], [ -70.069237, 9.202384 ], [ -70.069679, 9.203133 ], [ -70.070068, 9.203638 ], [ -70.070953, 9.204468 ], [ -70.071488, 9.204855 ], [ -70.072159, 9.205378 ], [ -70.072716, 9.205747 ], [ -70.073372, 9.206151 ], [ -70.073974, 9.206656 ], [ -70.074463, 9.207044 ], [ -70.074928, 9.207458 ], [ -70.075394, 9.207846 ], [ -70.075997, 9.208441 ], [ -70.076645, 9.208945 ], [ -70.077179, 9.209332 ], [ -70.077759, 9.209792 ], [ -70.078430, 9.210106 ], [ -70.079033, 9.210150 ], [ -70.079819, 9.210039 ], [ -70.081207, 9.209782 ], [ -70.081856, 9.209707 ], [ -70.082504, 9.209705 ], [ -70.083221, 9.209722 ], [ -70.083870, 9.209882 ], [ -70.084404, 9.210061 ], [ -70.086395, 9.211023 ], [ -70.087090, 9.211274 ], [ -70.087692, 9.211426 ], [ -70.088409, 9.211587 ], [ -70.089126, 9.211765 ], [ -70.089683, 9.211926 ], [ -70.090378, 9.212250 ], [ -70.091080, 9.212727 ], [ -70.091225, 9.212841 ], [ -70.091614, 9.213141 ], [ -70.092102, 9.213637 ], [ -70.092567, 9.214305 ], [ -70.092918, 9.214946 ], [ -70.093262, 9.215425 ], [ -70.093781, 9.216183 ], [ -70.094383, 9.217628 ], [ -70.094643, 9.218133 ], [ -70.095162, 9.219759 ], [ -70.095352, 9.220500 ], [ -70.095489, 9.221277 ], [ -70.095680, 9.222100 ], [ -70.095726, 9.222742 ], [ -70.095711, 9.223339 ], [ -70.095551, 9.224035 ], [ -70.095314, 9.224858 ], [ -70.095184, 9.225248 ], [ -70.094910, 9.225891 ], [ -70.094566, 9.226426 ], [ -70.094154, 9.226997 ], [ -70.093742, 9.227487 ], [ -70.093323, 9.227895 ], [ -70.092773, 9.228385 ], [ -70.092171, 9.228821 ], [ -70.091477, 9.229121 ], [ -70.090759, 9.229331 ], [ -70.090164, 9.229631 ], [ -70.089607, 9.229977 ], [ -70.088982, 9.230277 ], [ -70.088295, 9.230577 ], [ -70.087669, 9.230932 ], [ -70.086563, 9.231596 ], [ -70.085983, 9.231851 ], [ -70.085388, 9.232133 ], [ -70.084717, 9.232596 ], [ -70.084305, 9.233005 ], [ -70.083748, 9.233585 ], [ -70.083199, 9.234048 ], [ -70.082573, 9.234302 ], [ -70.081947, 9.234513 ], [ -70.081276, 9.234921 ], [ -70.080772, 9.235638 ], [ -70.080337, 9.236770 ], [ -70.080177, 9.237340 ], [ -70.079407, 9.239819 ], [ -70.079155, 9.240355 ], [ -70.078857, 9.240862 ], [ -70.078438, 9.241523 ], [ -70.078095, 9.241985 ], [ -70.077682, 9.242375 ], [ -70.077103, 9.242820 ], [ -70.076157, 9.243510 ], [ -70.075562, 9.244019 ], [ -70.074982, 9.244572 ], [ -70.074570, 9.245097 ], [ -70.074066, 9.245650 ], [ -70.073395, 9.246023 ], [ -70.072815, 9.246098 ], [ -70.072006, 9.246254 ], [ -70.071358, 9.246509 ], [ -70.070808, 9.246764 ], [ -70.070183, 9.247091 ], [ -70.068840, 9.247828 ], [ -70.068199, 9.248273 ], [ -70.067596, 9.248872 ], [ -70.067161, 9.249397 ], [ -70.066795, 9.250022 ], [ -70.066475, 9.250638 ], [ -70.066131, 9.251490 ], [ -70.065880, 9.252276 ], [ -70.065697, 9.253082 ], [ -70.065567, 9.253996 ], [ -70.065521, 9.254665 ], [ -70.065590, 9.255380 ], [ -70.065620, 9.256066 ], [ -70.065529, 9.256845 ], [ -70.065208, 9.257578 ], [ -70.064568, 9.258503 ], [ -70.063690, 9.259907 ], [ -70.063370, 9.260531 ], [ -70.063072, 9.261220 ], [ -70.062660, 9.261882 ], [ -70.062202, 9.262787 ], [ -70.061928, 9.263566 ], [ -70.061768, 9.264254 ], [ -70.061264, 9.265657 ], [ -70.061089, 9.266281 ], [ -70.060951, 9.266833 ], [ -70.060791, 9.267430 ], [ -70.060699, 9.268073 ], [ -70.060661, 9.268806 ], [ -70.060593, 9.269610 ], [ -70.060593, 9.270298 ], [ -70.060554, 9.271012 ], [ -70.060554, 9.271817 ], [ -70.060608, 9.272432 ], [ -70.060699, 9.273147 ], [ -70.060799, 9.273787 ], [ -70.060867, 9.274566 ], [ -70.061318, 9.276888 ], [ -70.061485, 9.277575 ], [ -70.061653, 9.278172 ], [ -70.062218, 9.279824 ], [ -70.062332, 9.280466 ], [ -70.062401, 9.281090 ], [ -70.062546, 9.281777 ], [ -70.062782, 9.282464 ], [ -70.063042, 9.283032 ], [ -70.063339, 9.283538 ], [ -70.063759, 9.284071 ], [ -70.064270, 9.284431 ], [ -70.064972, 9.284890 ], [ -70.065552, 9.285187 ], [ -70.066246, 9.285456 ], [ -70.066917, 9.285599 ], [ -70.067589, 9.285705 ], [ -70.068329, 9.285730 ], [ -70.069023, 9.285791 ], [ -70.069763, 9.285770 ], [ -70.071197, 9.285649 ], [ -70.071869, 9.285620 ], [ -70.072678, 9.285572 ], [ -70.073257, 9.285525 ], [ -70.073929, 9.285406 ], [ -70.074692, 9.285240 ], [ -70.075981, 9.284920 ], [ -70.076676, 9.284801 ], [ -70.077301, 9.284772 ], [ -70.078598, 9.284632 ], [ -70.079224, 9.284585 ], [ -70.080033, 9.284537 ], [ -70.080841, 9.284462 ], [ -70.081718, 9.284369 ], [ -70.083084, 9.284275 ], [ -70.085236, 9.284169 ], [ -70.086693, 9.284209 ], [ -70.087296, 9.284280 ], [ -70.087990, 9.284395 ], [ -70.089218, 9.284843 ], [ -70.089897, 9.285186 ], [ -70.090614, 9.285509 ], [ -70.091217, 9.285806 ], [ -70.092400, 9.286353 ], [ -70.092957, 9.286623 ], [ -70.093582, 9.286946 ], [ -70.094208, 9.287216 ], [ -70.094925, 9.287513 ], [ -70.095573, 9.287764 ], [ -70.096153, 9.288078 ], [ -70.096855, 9.288420 ], [ -70.097389, 9.288716 ], [ -70.097946, 9.289085 ], [ -70.098434, 9.289383 ], [ -70.098992, 9.289679 ], [ -70.099640, 9.289949 ], [ -70.100151, 9.290200 ], [ -70.101265, 9.290866 ], [ -70.101822, 9.291181 ], [ -70.102791, 9.291964 ], [ -70.103188, 9.292488 ], [ -70.103561, 9.293011 ], [ -70.104149, 9.293706 ], [ -70.104538, 9.294111 ], [ -70.105026, 9.294454 ], [ -70.105514, 9.294778 ], [ -70.106026, 9.295030 ], [ -70.106674, 9.295371 ], [ -70.107254, 9.295758 ], [ -70.107788, 9.296190 ], [ -70.109184, 9.297217 ], [ -70.110275, 9.298182 ], [ -70.110695, 9.298686 ], [ -70.111160, 9.299300 ], [ -70.111282, 9.299896 ], [ -70.111496, 9.301370 ], [ -70.111496, 9.301406 ], [ -70.111450, 9.302130 ], [ -70.111366, 9.302880 ], [ -70.111252, 9.303532 ], [ -70.111092, 9.304771 ], [ -70.110962, 9.305576 ], [ -70.110825, 9.306173 ], [ -70.110481, 9.306699 ], [ -70.109550, 9.307940 ], [ -70.109169, 9.308449 ], [ -70.107971, 9.309646 ], [ -70.107559, 9.310045 ], [ -70.107094, 9.310453 ], [ -70.105301, 9.312186 ], [ -70.104721, 9.312785 ], [ -70.104149, 9.313312 ], [ -70.103043, 9.314518 ], [ -70.102585, 9.315088 ], [ -70.102234, 9.315714 ], [ -70.101982, 9.316357 ], [ -70.101852, 9.316954 ], [ -70.101715, 9.317506 ], [ -70.101463, 9.319117 ], [ -70.101425, 9.319894 ], [ -70.101379, 9.320509 ], [ -70.101296, 9.321269 ], [ -70.101158, 9.321867 ], [ -70.100929, 9.322563 ], [ -70.100609, 9.323062 ], [ -70.100235, 9.323569 ], [ -70.099686, 9.324122 ], [ -70.099251, 9.324657 ], [ -70.098900, 9.325165 ], [ -70.098488, 9.325871 ], [ -70.098144, 9.326425 ], [ -70.097572, 9.327231 ], [ -70.097229, 9.327765 ], [ -70.095871, 9.329560 ], [ -70.095482, 9.330113 ], [ -70.095108, 9.330667 ], [ -70.094650, 9.331283 ], [ -70.094170, 9.332044 ], [ -70.093338, 9.333132 ], [ -70.093147, 9.333358 ], [ -70.092255, 9.335251 ], [ -70.091698, 9.335632 ], [ -70.090576, 9.336450 ], [ -70.089119, 9.337711 ], [ -70.088631, 9.338075 ], [ -70.088547, 9.338119 ], [ -70.087998, 9.338519 ], [ -70.087441, 9.338656 ], [ -70.086884, 9.338848 ], [ -70.086327, 9.339004 ], [ -70.085724, 9.338997 ], [ -70.085052, 9.338890 ], [ -70.084381, 9.338856 ], [ -70.083710, 9.338894 ], [ -70.082970, 9.339024 ], [ -70.082390, 9.339107 ], [ -70.081673, 9.339253 ], [ -70.081108, 9.339436 ], [ -70.080505, 9.339763 ], [ -70.079926, 9.340054 ], [ -70.079247, 9.340436 ], [ -70.078590, 9.340845 ], [ -70.078102, 9.341181 ], [ -70.077377, 9.341654 ], [ -70.076676, 9.342190 ], [ -70.076065, 9.342616 ], [ -70.075531, 9.343025 ], [ -70.074944, 9.343542 ], [ -70.074402, 9.344087 ], [ -70.073883, 9.344721 ], [ -70.073486, 9.345319 ], [ -70.073151, 9.345935 ], [ -70.072838, 9.346596 ], [ -70.072289, 9.347846 ], [ -70.070023, 9.352410 ], [ -70.069786, 9.352936 ], [ -70.069481, 9.353443 ], [ -70.069122, 9.353987 ], [ -70.068726, 9.354486 ], [ -70.068253, 9.354984 ], [ -70.067718, 9.355437 ], [ -70.065750, 9.356873 ], [ -70.065285, 9.357236 ], [ -70.064720, 9.357553 ], [ -70.064003, 9.358026 ], [ -70.063110, 9.358490 ], [ -70.061882, 9.358792 ], [ -70.061180, 9.359156 ], [ -70.060669, 9.359465 ], [ -70.060135, 9.359738 ], [ -70.059593, 9.360029 ], [ -70.058830, 9.360356 ], [ -70.058319, 9.360630 ], [ -70.057503, 9.361048 ], [ -70.055725, 9.361849 ], [ -70.055054, 9.362276 ], [ -70.054398, 9.362730 ], [ -70.053764, 9.363130 ], [ -70.053139, 9.363557 ], [ -70.052391, 9.364101 ], [ -70.051735, 9.364619 ], [ -70.051262, 9.365073 ], [ -70.050819, 9.365481 ], [ -70.050300, 9.365934 ], [ -70.050133, 9.366062 ], [ -70.049789, 9.366316 ], [ -70.048615, 9.367242 ], [ -70.048103, 9.367714 ], [ -70.046906, 9.368757 ], [ -70.045662, 9.369864 ], [ -70.045128, 9.370309 ], [ -70.044655, 9.370745 ], [ -70.044113, 9.371306 ], [ -70.043106, 9.372422 ], [ -70.042633, 9.372984 ], [ -70.041740, 9.374126 ], [ -70.041313, 9.374779 ], [ -70.040932, 9.375331 ], [ -70.040413, 9.375984 ], [ -70.039894, 9.376691 ], [ -70.039307, 9.377534 ], [ -70.038948, 9.378014 ], [ -70.038452, 9.378649 ], [ -70.038032, 9.379120 ], [ -70.037605, 9.379556 ], [ -70.037048, 9.380082 ], [ -70.036087, 9.380935 ], [ -70.035454, 9.381542 ], [ -70.034981, 9.381977 ], [ -70.031540, 9.384818 ], [ -70.029472, 9.386814 ], [ -70.028839, 9.387440 ], [ -70.027779, 9.388600 ], [ -70.027359, 9.389099 ], [ -70.026978, 9.389597 ], [ -70.026573, 9.390213 ], [ -70.026314, 9.390766 ], [ -70.025902, 9.391907 ], [ -70.025757, 9.392549 ], [ -70.025703, 9.393236 ], [ -70.025711, 9.393969 ], [ -70.025749, 9.394755 ], [ -70.025871, 9.395696 ], [ -70.026161, 9.396788 ], [ -70.026398, 9.397656 ], [ -70.026817, 9.398931 ], [ -70.026993, 9.399645 ], [ -70.027245, 9.400241 ], [ -70.027489, 9.400936 ], [ -70.027664, 9.401560 ], [ -70.028038, 9.402969 ], [ -70.028328, 9.403710 ], [ -70.028839, 9.405120 ], [ -70.029106, 9.405833 ], [ -70.029350, 9.406456 ], [ -70.029793, 9.407847 ], [ -70.029991, 9.408444 ], [ -70.030212, 9.409049 ], [ -70.030487, 9.409673 ], [ -70.030891, 9.410485 ], [ -70.031204, 9.411063 ], [ -70.031540, 9.411641 ], [ -70.032173, 9.412842 ], [ -70.032440, 9.413429 ], [ -70.032784, 9.414024 ], [ -70.033050, 9.414630 ], [ -70.033821, 9.416174 ], [ -70.033600, 9.416843 ], [ -70.033264, 9.417387 ], [ -70.032280, 9.418457 ], [ -70.031761, 9.418974 ], [ -70.031334, 9.419383 ], [ -70.027397, 9.423020 ], [ -70.026832, 9.423565 ], [ -70.026177, 9.424136 ], [ -70.025101, 9.425107 ], [ -70.024513, 9.425670 ], [ -70.024017, 9.426124 ], [ -70.023460, 9.426577 ], [ -70.022354, 9.427593 ], [ -70.021935, 9.428046 ], [ -70.021462, 9.428636 ], [ -70.020966, 9.429316 ], [ -70.020516, 9.430022 ], [ -70.020019, 9.430846 ], [ -70.019257, 9.432142 ], [ -70.018638, 9.433283 ], [ -70.018303, 9.433854 ], [ -70.018021, 9.434469 ], [ -70.017685, 9.435085 ], [ -70.017357, 9.435657 ], [ -70.016388, 9.436953 ], [ -70.015869, 9.437514 ], [ -70.015350, 9.437986 ], [ -70.014862, 9.438376 ], [ -70.014206, 9.438804 ], [ -70.013435, 9.439321 ], [ -70.011825, 9.440420 ], [ -70.011498, 9.440529 ], [ -70.010941, 9.440793 ], [ -70.010399, 9.441156 ], [ -70.009933, 9.441492 ], [ -70.008385, 9.442781 ], [ -70.007843, 9.443298 ], [ -70.007378, 9.443706 ], [ -70.006813, 9.444323 ], [ -70.006340, 9.444867 ], [ -70.005875, 9.445384 ], [ -70.005424, 9.445819 ], [ -70.004959, 9.446245 ], [ -70.003738, 9.447126 ], [ -70.003204, 9.447462 ], [ -70.002030, 9.448289 ], [ -70.001655, 9.448751 ], [ -70.001328, 9.449267 ], [ -70.000969, 9.450027 ], [ -70.000793, 9.450662 ], [ -70.000740, 9.451241 ], [ -70.000709, 9.451856 ], [ -70.000740, 9.452552 ], [ -70.000847, 9.453374 ], [ -70.000908, 9.454116 ], [ -70.000969, 9.454713 ], [ -70.001076, 9.455309 ], [ -70.001228, 9.455888 ], [ -70.001442, 9.457225 ], [ -70.001457, 9.457804 ], [ -70.001419, 9.458447 ], [ -70.001236, 9.459929 ], [ -70.001175, 9.461224 ], [ -70.001213, 9.461865 ], [ -70.001266, 9.462580 ], [ -70.001419, 9.463248 ], [ -70.001617, 9.463872 ], [ -70.002006, 9.464585 ], [ -70.002480, 9.465126 ], [ -70.003098, 9.465549 ], [ -70.003723, 9.465810 ], [ -70.004394, 9.465907 ], [ -70.005043, 9.465969 ], [ -70.005714, 9.465931 ], [ -70.006455, 9.465802 ], [ -70.007263, 9.465700 ], [ -70.008171, 9.465489 ], [ -70.008797, 9.465362 ], [ -70.009545, 9.465233 ], [ -70.010170, 9.465167 ], [ -70.011459, 9.465146 ], [ -70.012108, 9.465198 ], [ -70.012688, 9.465304 ], [ -70.013313, 9.465447 ], [ -70.013908, 9.465645 ], [ -70.014442, 9.465879 ], [ -70.014969, 9.466139 ], [ -70.015541, 9.466473 ], [ -70.016159, 9.466895 ], [ -70.017189, 9.467733 ], [ -70.017601, 9.468176 ], [ -70.017983, 9.468672 ], [ -70.018372, 9.469322 ], [ -70.018707, 9.469963 ], [ -70.019112, 9.470848 ], [ -70.019745, 9.472139 ], [ -70.019943, 9.472717 ], [ -70.019997, 9.473432 ], [ -70.019943, 9.474010 ], [ -70.019959, 9.474581 ], [ -70.019905, 9.475358 ], [ -70.019844, 9.475983 ], [ -70.019814, 9.476652 ], [ -70.019577, 9.478506 ], [ -70.019379, 9.479791 ], [ -70.019203, 9.480361 ], [ -70.018944, 9.481094 ], [ -70.018372, 9.482208 ], [ -70.018013, 9.482780 ], [ -70.017304, 9.483830 ], [ -70.016922, 9.484347 ], [ -70.016480, 9.484828 ], [ -70.016113, 9.485183 ], [ -70.015915, 9.485372 ], [ -70.015396, 9.485799 ], [ -70.014999, 9.486234 ], [ -70.014549, 9.486868 ], [ -70.014236, 9.487547 ], [ -70.013954, 9.488280 ], [ -70.013687, 9.489104 ], [ -70.013206, 9.490245 ], [ -70.012939, 9.491006 ], [ -70.012772, 9.491548 ], [ -70.012596, 9.492236 ], [ -70.012474, 9.492951 ], [ -70.012322, 9.493702 ], [ -70.012489, 9.495157 ], [ -70.012451, 9.495728 ], [ -70.012375, 9.496560 ], [ -70.012268, 9.497129 ], [ -70.012123, 9.497700 ], [ -70.012001, 9.498270 ], [ -70.011566, 9.499628 ], [ -70.011230, 9.500244 ], [ -70.010811, 9.500688 ], [ -70.010269, 9.501006 ], [ -70.009667, 9.501044 ], [ -70.008903, 9.501010 ], [ -70.008263, 9.500858 ], [ -70.007637, 9.500878 ], [ -70.006981, 9.500953 ], [ -70.006332, 9.501288 ], [ -70.005844, 9.501607 ], [ -70.005325, 9.501970 ], [ -70.004814, 9.502397 ], [ -70.004272, 9.502914 ], [ -70.003349, 9.503984 ], [ -70.002411, 9.505252 ], [ -70.001602, 9.506439 ], [ -70.001228, 9.506892 ], [ -70.000641, 9.507482 ], [ -69.999809, 9.507557 ], [ -69.999245, 9.508100 ], [ -69.998764, 9.508509 ], [ -69.998367, 9.508899 ], [ -69.997910, 9.509498 ], [ -69.997490, 9.509870 ], [ -69.996986, 9.510169 ], [ -69.996452, 9.510442 ], [ -69.995918, 9.510652 ], [ -69.995293, 9.510716 ], [ -69.994667, 9.510926 ], [ -69.994118, 9.511127 ], [ -69.993607, 9.511544 ], [ -69.993187, 9.512070 ], [ -69.992844, 9.512550 ], [ -69.992500, 9.513084 ], [ -69.992149, 9.513656 ], [ -69.991875, 9.514208 ], [ -69.991554, 9.514733 ], [ -69.990768, 9.515911 ], [ -69.990326, 9.516437 ], [ -69.989891, 9.516800 ], [ -69.989494, 9.517190 ], [ -69.988991, 9.517535 ], [ -69.988571, 9.517907 ], [ -69.988327, 9.518019 ], [ -69.987511, 9.518362 ], [ -69.987023, 9.518644 ], [ -69.986588, 9.519079 ], [ -69.986351, 9.519631 ], [ -69.986030, 9.520157 ], [ -69.985733, 9.520800 ], [ -69.985451, 9.521470 ], [ -69.985199, 9.522014 ], [ -69.984993, 9.522593 ], [ -69.984718, 9.523163 ], [ -69.984321, 9.523599 ], [ -69.983818, 9.524069 ], [ -69.983582, 9.524496 ], [ -69.983353, 9.525075 ], [ -69.983147, 9.525645 ], [ -69.983009, 9.526216 ], [ -69.982849, 9.526768 ], [ -69.982475, 9.527212 ], [ -69.982201, 9.527692 ], [ -69.981903, 9.528262 ], [ -69.981323, 9.529250 ], [ -69.981026, 9.529730 ], [ -69.980377, 9.530817 ], [ -69.979660, 9.531959 ], [ -69.979339, 9.532538 ], [ -69.978714, 9.533499 ], [ -69.978348, 9.534097 ], [ -69.977982, 9.534767 ], [ -69.977699, 9.535337 ], [ -69.976959, 9.536551 ], [ -69.976684, 9.537059 ], [ -69.976036, 9.538136 ], [ -69.975601, 9.539358 ], [ -69.975303, 9.539911 ], [ -69.974930, 9.540409 ], [ -69.974449, 9.540899 ], [ -69.974029, 9.541380 ], [ -69.973663, 9.541905 ], [ -69.973221, 9.542322 ], [ -69.972115, 9.542958 ], [ -69.971580, 9.543303 ], [ -69.971169, 9.543694 ], [ -69.970612, 9.544084 ], [ -69.970100, 9.544321 ], [ -69.969543, 9.544368 ], [ -69.968849, 9.544505 ], [ -69.968300, 9.544687 ], [ -69.967651, 9.545006 ], [ -69.966492, 9.545670 ], [ -69.965866, 9.546087 ], [ -69.965385, 9.546432 ], [ -69.964294, 9.547077 ], [ -69.963677, 9.547395 ], [ -69.963005, 9.547759 ], [ -69.962356, 9.548204 ], [ -69.961777, 9.548613 ], [ -69.961266, 9.548930 ], [ -69.960625, 9.549348 ], [ -69.960159, 9.549665 ], [ -69.959053, 9.550564 ], [ -69.958542, 9.550909 ], [ -69.957962, 9.551228 ], [ -69.956993, 9.551826 ], [ -69.955650, 9.552889 ], [ -69.954681, 9.553732 ], [ -69.954170, 9.554240 ], [ -69.953667, 9.554676 ], [ -69.953156, 9.555048 ], [ -69.952530, 9.555339 ], [ -69.951927, 9.555666 ], [ -69.951424, 9.556011 ], [ -69.950890, 9.556284 ], [ -69.950379, 9.556583 ], [ -69.949921, 9.556902 ], [ -69.949387, 9.557364 ], [ -69.949066, 9.557591 ], [ -69.948670, 9.557855 ], [ -69.948349, 9.558072 ], [ -69.947700, 9.558354 ], [ -69.947075, 9.558284 ], [ -69.946518, 9.558123 ], [ -69.945892, 9.557980 ], [ -69.945313, 9.557818 ], [ -69.944756, 9.557567 ], [ -69.944252, 9.557297 ], [ -69.943092, 9.556603 ], [ -69.942489, 9.556099 ], [ -69.942001, 9.555757 ], [ -69.941536, 9.555459 ], [ -69.940910, 9.555181 ], [ -69.940193, 9.555019 ], [ -69.939545, 9.554904 ], [ -69.938873, 9.554607 ], [ -69.937210, 9.554033 ], [ -69.936493, 9.553737 ], [ -69.934730, 9.552819 ], [ -69.934242, 9.552540 ], [ -69.933617, 9.552216 ], [ -69.933113, 9.551991 ], [ -69.932579, 9.551740 ], [ -69.931282, 9.551236 ], [ -69.930702, 9.551021 ], [ -69.929611, 9.550472 ], [ -69.929123, 9.550130 ], [ -69.928574, 9.549761 ], [ -69.928039, 9.549373 ], [ -69.927551, 9.549076 ], [ -69.927040, 9.548842 ], [ -69.926529, 9.548472 ], [ -69.925049, 9.548106 ], [ -69.924309, 9.548036 ], [ -69.923637, 9.548019 ], [ -69.923080, 9.548020 ], [ -69.922455, 9.547968 ], [ -69.921905, 9.547952 ], [ -69.921280, 9.547899 ], [ -69.920631, 9.547882 ], [ -69.919174, 9.547877 ], [ -69.918457, 9.547906 ], [ -69.917641, 9.547881 ], [ -69.916420, 9.547875 ], [ -69.915680, 9.547968 ], [ -69.914825, 9.548133 ], [ -69.914223, 9.548270 ], [ -69.913551, 9.548363 ], [ -69.912994, 9.548517 ], [ -69.911652, 9.548775 ], [ -69.910866, 9.548957 ], [ -69.910309, 9.549094 ], [ -69.909523, 9.549304 ], [ -69.908783, 9.549460 ], [ -69.908043, 9.549598 ], [ -69.907395, 9.549690 ], [ -69.906677, 9.549646 ], [ -69.906097, 9.549648 ], [ -69.905426, 9.549740 ], [ -69.904732, 9.549851 ], [ -69.902763, 9.550218 ], [ -69.902191, 9.550309 ], [ -69.901428, 9.550384 ], [ -69.900200, 9.550477 ], [ -69.898140, 9.550401 ], [ -69.897400, 9.550358 ], [ -69.896820, 9.550314 ], [ -69.896195, 9.550288 ], [ -69.895615, 9.550290 ], [ -69.894921, 9.550310 ], [ -69.894318, 9.550339 ], [ -69.893211, 9.550332 ], [ -69.892517, 9.550425 ], [ -69.891151, 9.550699 ], [ -69.890434, 9.550792 ], [ -69.889603, 9.550658 ], [ -69.888161, 9.550445 ], [ -69.887421, 9.550428 ], [ -69.886612, 9.550422 ], [ -69.885803, 9.550379 ], [ -69.885224, 9.550398 ], [ -69.884644, 9.550400 ], [ -69.883835, 9.550384 ], [ -69.883255, 9.550358 ], [ -69.882492, 9.550360 ], [ -69.881615, 9.550380 ], [ -69.880943, 9.550382 ], [ -69.880341, 9.550428 ], [ -69.879784, 9.550493 ], [ -69.879112, 9.550612 ], [ -69.878349, 9.550677 ], [ -69.877655, 9.550725 ], [ -69.877075, 9.550658 ], [ -69.876480, 9.550583 ], [ -69.875786, 9.550540 ], [ -69.874352, 9.550633 ], [ -69.873100, 9.550673 ], [ -69.872521, 9.550747 ], [ -69.871895, 9.550721 ], [ -69.870621, 9.550652 ], [ -69.869209, 9.550655 ], [ -69.868538, 9.550630 ], [ -69.867843, 9.550650 ], [ -69.867287, 9.550769 ], [ -69.866806, 9.551068 ], [ -69.866272, 9.551504 ], [ -69.865830, 9.551939 ], [ -69.864998, 9.552855 ], [ -69.864098, 9.553679 ], [ -69.863960, 9.554277 ], [ -69.863846, 9.554965 ], [ -69.863685, 9.555661 ], [ -69.863503, 9.556232 ], [ -69.863228, 9.556965 ], [ -69.862533, 9.558024 ], [ -69.862091, 9.558578 ], [ -69.861725, 9.559012 ], [ -69.861214, 9.559511 ], [ -69.860703, 9.559974 ], [ -69.859688, 9.560826 ], [ -69.859108, 9.561172 ], [ -69.858391, 9.561562 ], [ -69.857720, 9.562043 ], [ -69.857056, 9.562433 ], [ -69.856407, 9.562797 ], [ -69.855919, 9.563187 ], [ -69.855408, 9.563532 ], [ -69.854927, 9.563904 ], [ -69.854347, 9.564294 ], [ -69.853722, 9.564685 ], [ -69.853165, 9.565138 ], [ -69.852012, 9.565828 ], [ -69.851502, 9.566174 ], [ -69.850853, 9.566636 ], [ -69.849655, 9.567272 ], [ -69.848915, 9.567753 ], [ -69.848572, 9.567965 ], [ -69.848358, 9.568098 ], [ -69.847870, 9.568379 ], [ -69.847336, 9.568562 ], [ -69.846741, 9.568789 ], [ -69.846229, 9.569044 ], [ -69.845673, 9.569344 ], [ -69.845070, 9.569644 ], [ -69.844467, 9.569889 ], [ -69.843750, 9.570145 ], [ -69.843132, 9.570353 ], [ -69.842598, 9.570581 ], [ -69.842018, 9.570764 ], [ -69.840118, 9.570578 ], [ -69.839546, 9.570652 ], [ -69.838921, 9.570807 ], [ -69.838341, 9.570926 ], [ -69.837624, 9.570928 ], [ -69.836510, 9.570741 ], [ -69.835884, 9.570832 ], [ -69.835258, 9.571042 ], [ -69.834709, 9.571179 ], [ -69.834083, 9.571154 ], [ -69.833435, 9.570947 ], [ -69.832970, 9.570604 ], [ -69.832413, 9.570000 ], [ -69.832016, 9.569521 ], [ -69.831650, 9.568943 ], [ -69.831390, 9.568438 ], [ -69.831184, 9.567796 ], [ -69.831040, 9.567044 ], [ -69.830994, 9.566467 ], [ -69.831017, 9.565825 ], [ -69.830948, 9.565201 ], [ -69.830856, 9.564631 ], [ -69.830689, 9.563275 ], [ -69.830643, 9.562606 ], [ -69.830620, 9.561873 ], [ -69.830528, 9.561159 ], [ -69.830299, 9.560636 ], [ -69.829857, 9.560175 ], [ -69.829368, 9.559688 ], [ -69.828949, 9.559327 ], [ -69.828422, 9.558795 ], [ -69.827980, 9.558407 ], [ -69.827492, 9.558010 ], [ -69.827004, 9.557668 ], [ -69.826523, 9.557352 ], [ -69.825455, 9.556731 ], [ -69.825058, 9.556334 ], [ -69.824829, 9.555783 ], [ -69.824966, 9.555231 ], [ -69.825264, 9.554661 ], [ -69.825615, 9.554180 ], [ -69.826881, 9.552549 ], [ -69.827713, 9.551652 ], [ -69.828735, 9.550646 ], [ -69.829285, 9.550165 ], [ -69.829819, 9.549676 ], [ -69.830444, 9.549149 ], [ -69.830933, 9.548759 ], [ -69.831253, 9.548280 ], [ -69.831505, 9.547700 ], [ -69.831597, 9.547057 ], [ -69.831619, 9.546234 ], [ -69.831597, 9.545610 ], [ -69.831505, 9.544327 ], [ -69.831482, 9.543685 ], [ -69.831428, 9.542997 ], [ -69.831406, 9.542418 ], [ -69.831497, 9.541162 ], [ -69.831543, 9.539823 ], [ -69.831589, 9.539226 ], [ -69.831543, 9.538683 ], [ -69.831383, 9.538105 ], [ -69.831169, 9.537436 ], [ -69.830826, 9.536180 ], [ -69.830749, 9.535483 ], [ -69.830452, 9.533278 ], [ -69.830330, 9.532680 ], [ -69.830170, 9.532040 ], [ -69.829987, 9.530891 ], [ -69.829819, 9.530087 ], [ -69.829681, 9.529472 ], [ -69.829491, 9.528342 ], [ -69.829422, 9.527700 ], [ -69.829399, 9.527148 ], [ -69.829262, 9.526462 ], [ -69.829239, 9.525883 ], [ -69.829193, 9.525313 ], [ -69.829163, 9.524598 ], [ -69.829163, 9.523314 ], [ -69.829277, 9.522762 ], [ -69.829437, 9.522192 ], [ -69.829651, 9.521567 ], [ -69.829948, 9.520952 ], [ -69.830269, 9.520354 ], [ -69.830528, 9.519847 ], [ -69.830871, 9.519250 ], [ -69.831215, 9.518679 ], [ -69.831612, 9.518145 ], [ -69.832466, 9.517094 ], [ -69.832909, 9.516423 ], [ -69.833206, 9.515871 ], [ -69.833550, 9.515372 ], [ -69.833946, 9.514748 ], [ -69.834244, 9.514195 ], [ -69.834618, 9.513598 ], [ -69.835007, 9.513054 ], [ -69.835396, 9.512591 ], [ -69.835838, 9.511949 ], [ -69.836273, 9.511215 ], [ -69.836647, 9.510708 ], [ -69.837181, 9.510064 ], [ -69.837616, 9.509611 ], [ -69.838493, 9.508623 ], [ -69.838821, 9.508116 ], [ -69.839676, 9.506947 ], [ -69.840134, 9.506259 ], [ -69.840462, 9.505633 ], [ -69.840805, 9.505127 ], [ -69.841171, 9.504646 ], [ -69.841957, 9.503749 ], [ -69.842422, 9.503179 ], [ -69.843392, 9.502100 ], [ -69.844460, 9.500442 ], [ -69.844757, 9.499845 ], [ -69.845360, 9.498704 ], [ -69.845634, 9.498151 ], [ -69.846069, 9.497373 ], [ -69.846466, 9.496612 ], [ -69.846718, 9.496033 ], [ -69.846924, 9.495417 ], [ -69.847298, 9.494086 ], [ -69.847938, 9.492177 ], [ -69.848190, 9.491516 ], [ -69.848381, 9.490964 ], [ -69.848702, 9.490275 ], [ -69.848976, 9.489741 ], [ -69.849648, 9.488528 ], [ -69.850273, 9.487558 ], [ -69.850456, 9.487034 ], [ -69.851013, 9.485821 ], [ -69.851311, 9.485313 ], [ -69.851768, 9.484742 ], [ -69.852234, 9.484208 ], [ -69.852608, 9.483727 ], [ -69.852997, 9.483175 ], [ -69.853508, 9.482695 ], [ -69.854012, 9.482331 ], [ -69.854706, 9.481958 ], [ -69.855263, 9.481705 ], [ -69.856369, 9.481159 ], [ -69.857063, 9.480949 ], [ -69.857712, 9.480794 ], [ -69.859032, 9.480374 ], [ -69.859726, 9.480128 ], [ -69.862083, 9.479182 ], [ -69.862617, 9.478928 ], [ -69.863152, 9.478565 ], [ -69.863678, 9.478103 ], [ -69.864075, 9.477695 ], [ -69.864510, 9.477304 ], [ -69.864929, 9.476860 ], [ -69.865387, 9.476425 ], [ -69.866684, 9.474938 ], [ -69.867516, 9.473969 ], [ -69.867958, 9.473416 ], [ -69.868439, 9.472918 ], [ -69.868858, 9.472528 ], [ -69.869850, 9.471630 ], [ -69.870331, 9.471258 ], [ -69.870911, 9.470940 ], [ -69.871422, 9.470685 ], [ -69.872581, 9.470203 ], [ -69.873894, 9.469540 ], [ -69.874451, 9.469285 ], [ -69.875054, 9.468940 ], [ -69.875633, 9.468649 ], [ -69.876114, 9.468322 ], [ -69.876671, 9.467914 ], [ -69.877106, 9.467469 ], [ -69.877594, 9.467016 ], [ -69.878082, 9.466509 ], [ -69.878494, 9.466028 ], [ -69.878868, 9.465548 ], [ -69.879165, 9.465059 ], [ -69.879417, 9.464534 ], [ -69.879700, 9.464026 ], [ -69.880066, 9.463483 ], [ -69.880897, 9.462422 ], [ -69.881340, 9.461915 ], [ -69.881683, 9.461435 ], [ -69.882049, 9.460864 ], [ -69.882400, 9.460402 ], [ -69.882698, 9.459940 ], [ -69.883141, 9.459297 ], [ -69.883881, 9.458264 ], [ -69.884178, 9.457757 ], [ -69.884827, 9.456752 ], [ -69.885147, 9.456289 ], [ -69.885490, 9.455764 ], [ -69.886254, 9.454704 ], [ -69.886764, 9.454133 ], [ -69.887177, 9.453743 ], [ -69.887665, 9.453236 ], [ -69.888565, 9.452202 ], [ -69.889031, 9.451722 ], [ -69.889839, 9.450779 ], [ -69.890297, 9.450118 ], [ -69.890640, 9.449538 ], [ -69.890968, 9.448940 ], [ -69.891266, 9.448324 ], [ -69.891518, 9.447772 ], [ -69.891731, 9.447157 ], [ -69.891960, 9.446577 ], [ -69.892143, 9.446053 ], [ -69.892281, 9.445456 ], [ -69.892372, 9.444903 ], [ -69.892441, 9.444216 ], [ -69.892510, 9.443637 ], [ -69.892532, 9.442977 ], [ -69.892578, 9.442307 ], [ -69.892647, 9.441503 ], [ -69.892692, 9.440769 ], [ -69.892830, 9.439440 ], [ -69.892876, 9.438798 ], [ -69.892898, 9.438173 ], [ -69.892990, 9.436907 ], [ -69.892937, 9.436265 ], [ -69.892937, 9.435696 ], [ -69.892891, 9.434357 ], [ -69.892983, 9.432937 ], [ -69.893005, 9.432385 ], [ -69.893074, 9.431670 ], [ -69.893120, 9.431073 ], [ -69.893189, 9.430504 ], [ -69.893280, 9.429861 ], [ -69.893418, 9.429219 ], [ -69.893509, 9.428576 ], [ -69.893669, 9.428024 ], [ -69.893898, 9.427445 ], [ -69.894249, 9.426848 ], [ -69.895081, 9.425588 ], [ -69.895516, 9.425108 ], [ -69.896530, 9.423314 ], [ -69.896805, 9.422762 ], [ -69.897225, 9.422101 ], [ -69.897987, 9.421086 ], [ -69.898377, 9.420515 ], [ -69.898582, 9.419963 ], [ -69.898644, 9.419610 ], [ -69.898766, 9.418190 ], [ -69.898766, 9.416996 ], [ -69.898743, 9.416445 ], [ -69.898582, 9.415803 ], [ -69.898323, 9.415252 ], [ -69.897980, 9.414728 ], [ -69.897652, 9.414268 ], [ -69.897186, 9.413691 ], [ -69.896797, 9.413275 ], [ -69.896332, 9.412825 ], [ -69.895775, 9.412337 ], [ -69.895294, 9.412013 ], [ -69.894829, 9.411716 ], [ -69.894272, 9.411446 ], [ -69.893715, 9.411240 ], [ -69.893089, 9.411078 ], [ -69.892464, 9.411053 ], [ -69.891823, 9.411144 ], [ -69.891243, 9.411118 ], [ -69.890640, 9.411120 ], [ -69.889900, 9.411231 ], [ -69.889229, 9.411260 ], [ -69.887444, 9.411535 ], [ -69.886871, 9.411645 ], [ -69.886269, 9.411855 ], [ -69.885574, 9.412065 ], [ -69.884323, 9.412402 ], [ -69.883492, 9.412703 ], [ -69.882126, 9.413276 ], [ -69.881157, 9.413694 ], [ -69.880600, 9.413922 ], [ -69.879982, 9.413969 ], [ -69.879356, 9.413943 ], [ -69.878685, 9.413754 ], [ -69.877968, 9.413829 ], [ -69.877342, 9.414011 ], [ -69.876808, 9.414329 ], [ -69.876350, 9.414629 ], [ -69.875885, 9.415110 ], [ -69.875420, 9.415572 ], [ -69.874939, 9.416034 ], [ -69.874382, 9.416397 ], [ -69.873779, 9.416652 ], [ -69.873230, 9.416672 ], [ -69.872627, 9.416329 ], [ -69.872230, 9.415915 ], [ -69.871513, 9.414858 ], [ -69.870773, 9.414037 ], [ -69.870354, 9.413640 ], [ -69.869774, 9.413207 ], [ -69.869240, 9.413046 ], [ -69.868530, 9.413210 ], [ -69.868134, 9.413664 ], [ -69.868019, 9.414351 ], [ -69.867721, 9.415138 ], [ -69.867462, 9.415709 ], [ -69.867096, 9.416262 ], [ -69.866684, 9.416697 ], [ -69.866150, 9.417205 ], [ -69.865593, 9.417640 ], [ -69.864990, 9.418031 ], [ -69.864464, 9.418276 ], [ -69.863907, 9.418395 ], [ -69.863327, 9.418305 ], [ -69.862793, 9.418118 ], [ -69.862259, 9.417612 ], [ -69.861801, 9.417062 ], [ -69.861336, 9.416438 ], [ -69.860550, 9.415337 ], [ -69.859787, 9.414471 ], [ -69.859390, 9.414056 ], [ -69.859016, 9.413641 ], [ -69.858581, 9.413045 ], [ -69.858231, 9.412467 ], [ -69.857979, 9.411871 ], [ -69.857673, 9.411202 ], [ -69.857422, 9.410696 ], [ -69.856956, 9.410146 ], [ -69.856491, 9.409803 ], [ -69.855980, 9.409578 ], [ -69.855316, 9.409300 ], [ -69.854668, 9.409183 ], [ -69.853874, 9.409230 ], [ -69.853279, 9.409295 ], [ -69.852234, 9.409389 ], [ -69.851425, 9.409409 ], [ -69.849991, 9.409575 ], [ -69.848122, 9.409959 ], [ -69.847259, 9.410169 ], [ -69.846687, 9.410334 ], [ -69.846039, 9.410470 ], [ -69.845413, 9.410563 ], [ -69.844604, 9.410537 ], [ -69.844047, 9.410493 ], [ -69.843399, 9.410378 ], [ -69.842819, 9.410098 ], [ -69.842339, 9.409819 ], [ -69.841850, 9.409504 ], [ -69.841362, 9.409134 ], [ -69.840919, 9.408719 ], [ -69.840416, 9.408332 ], [ -69.839996, 9.407962 ], [ -69.839050, 9.407205 ], [ -69.838539, 9.406772 ], [ -69.838119, 9.406374 ], [ -69.837540, 9.405942 ], [ -69.836914, 9.405600 ], [ -69.836197, 9.405438 ], [ -69.835594, 9.405340 ], [ -69.834801, 9.405540 ], [ -69.834145, 9.405805 ], [ -69.833450, 9.406150 ], [ -69.832802, 9.406541 ], [ -69.830925, 9.407458 ], [ -69.830299, 9.407686 ], [ -69.829704, 9.407931 ], [ -69.828705, 9.408215 ], [ -69.827873, 9.408398 ], [ -69.826950, 9.408490 ], [ -69.825516, 9.408765 ], [ -69.824730, 9.408965 ], [ -69.824173, 9.409084 ], [ -69.823525, 9.409149 ], [ -69.822876, 9.409132 ], [ -69.822250, 9.409035 ], [ -69.821510, 9.409009 ], [ -69.820725, 9.409011 ], [ -69.819893, 9.409085 ], [ -69.819290, 9.409267 ], [ -69.818764, 9.409494 ], [ -69.818367, 9.409884 ], [ -69.817604, 9.411216 ], [ -69.817146, 9.411814 ], [ -69.816589, 9.412204 ], [ -69.815804, 9.412567 ], [ -69.815201, 9.412777 ], [ -69.814575, 9.412688 ], [ -69.814003, 9.412454 ], [ -69.813026, 9.411832 ], [ -69.812263, 9.411490 ], [ -69.811707, 9.411284 ], [ -69.811104, 9.411167 ], [ -69.810524, 9.411214 ], [ -69.809647, 9.411469 ], [ -69.808792, 9.411742 ], [ -69.808052, 9.412061 ], [ -69.807472, 9.412333 ], [ -69.806847, 9.412542 ], [ -69.806229, 9.412707 ], [ -69.805420, 9.412908 ], [ -69.804748, 9.413091 ], [ -69.804169, 9.413390 ], [ -69.803589, 9.413925 ], [ -69.803040, 9.414360 ], [ -69.802414, 9.414651 ], [ -69.801117, 9.415133 ], [ -69.800400, 9.415461 ], [ -69.799820, 9.415806 ], [ -69.799217, 9.416151 ], [ -69.798691, 9.416604 ], [ -69.798134, 9.417040 ], [ -69.797371, 9.417620 ], [ -69.796959, 9.417983 ], [ -69.796402, 9.418672 ], [ -69.795525, 9.419632 ], [ -69.795059, 9.420184 ], [ -69.794601, 9.420828 ], [ -69.794090, 9.421471 ], [ -69.793694, 9.421861 ], [ -69.793259, 9.422323 ], [ -69.792839, 9.422686 ], [ -69.792267, 9.423103 ], [ -69.791290, 9.423973 ], [ -69.790787, 9.424318 ], [ -69.790092, 9.424682 ], [ -69.789490, 9.424936 ], [ -69.788727, 9.425281 ], [ -69.787964, 9.425673 ], [ -69.787224, 9.426018 ], [ -69.786690, 9.426227 ], [ -69.785423, 9.426637 ], [ -69.784538, 9.426955 ], [ -69.783203, 9.427374 ], [ -69.782532, 9.427574 ], [ -69.781883, 9.427784 ], [ -69.781143, 9.428084 ], [ -69.780518, 9.428285 ], [ -69.779060, 9.428794 ], [ -69.778229, 9.429040 ], [ -69.777580, 9.429204 ], [ -69.776726, 9.429369 ], [ -69.774986, 9.429544 ], [ -69.774292, 9.429573 ], [ -69.773415, 9.429476 ], [ -69.772262, 9.429433 ], [ -69.771149, 9.429381 ], [ -69.770431, 9.429319 ], [ -69.769432, 9.429177 ], [ -69.768417, 9.428989 ], [ -69.767746, 9.428883 ], [ -69.766777, 9.428667 ], [ -69.766106, 9.428506 ], [ -69.764763, 9.428373 ], [ -69.764000, 9.428329 ], [ -69.763283, 9.428259 ], [ -69.762794, 9.428187 ], [ -69.762215, 9.428071 ], [ -69.761566, 9.428027 ], [ -69.760803, 9.428092 ], [ -69.760017, 9.428229 ], [ -69.758980, 9.428440 ], [ -69.757752, 9.428777 ], [ -69.757080, 9.428914 ], [ -69.755760, 9.429243 ], [ -69.755142, 9.429443 ], [ -69.754494, 9.429725 ], [ -69.753960, 9.429970 ], [ -69.753311, 9.430224 ], [ -69.752800, 9.430452 ], [ -69.752251, 9.430752 ], [ -69.751716, 9.431142 ], [ -69.751389, 9.431721 ], [ -69.751160, 9.432246 ], [ -69.750999, 9.432861 ], [ -69.750977, 9.433414 ], [ -69.751068, 9.434978 ], [ -69.751121, 9.435556 ], [ -69.751167, 9.436769 ], [ -69.751213, 9.437437 ], [ -69.751121, 9.438125 ], [ -69.750870, 9.438885 ], [ -69.750710, 9.439483 ], [ -69.750610, 9.440052 ], [ -69.750496, 9.440631 ], [ -69.750359, 9.441201 ], [ -69.750175, 9.441727 ], [ -69.749809, 9.442261 ], [ -69.749298, 9.442606 ], [ -69.748741, 9.442851 ], [ -69.747864, 9.443106 ], [ -69.747101, 9.443171 ], [ -69.746498, 9.443018 ], [ -69.745827, 9.442758 ], [ -69.745109, 9.442533 ], [ -69.744370, 9.442390 ], [ -69.742729, 9.442212 ], [ -69.741989, 9.442160 ], [ -69.741386, 9.442089 ], [ -69.740715, 9.441981 ], [ -69.740067, 9.441748 ], [ -69.738609, 9.441290 ], [ -69.737961, 9.441101 ], [ -69.736687, 9.440552 ], [ -69.735809, 9.440210 ], [ -69.735184, 9.440022 ], [ -69.734161, 9.439789 ], [ -69.733581, 9.439672 ], [ -69.732315, 9.439466 ], [ -69.731735, 9.439450 ], [ -69.730995, 9.439397 ], [ -69.730415, 9.439326 ], [ -69.729836, 9.439219 ], [ -69.729118, 9.438985 ], [ -69.728584, 9.438824 ], [ -69.728012, 9.438589 ], [ -69.727524, 9.437948 ], [ -69.727265, 9.437443 ], [ -69.726944, 9.436846 ], [ -69.726685, 9.436232 ], [ -69.726479, 9.435581 ], [ -69.726364, 9.435029 ], [ -69.726295, 9.434279 ], [ -69.726318, 9.433682 ], [ -69.726364, 9.433103 ], [ -69.726433, 9.432416 ], [ -69.726593, 9.431890 ], [ -69.726776, 9.431194 ], [ -69.727096, 9.430488 ], [ -69.727425, 9.429891 ], [ -69.727768, 9.429383 ], [ -69.728256, 9.428876 ], [ -69.729317, 9.428096 ], [ -69.729942, 9.427597 ], [ -69.730362, 9.427162 ], [ -69.730659, 9.426673 ], [ -69.731072, 9.426030 ], [ -69.731789, 9.424953 ], [ -69.732094, 9.424472 ], [ -69.732460, 9.423784 ], [ -69.732666, 9.423232 ], [ -69.732666, 9.422680 ], [ -69.732391, 9.422057 ], [ -69.731811, 9.421253 ], [ -69.731323, 9.420612 ], [ -69.730911, 9.420134 ], [ -69.730308, 9.419719 ], [ -69.729729, 9.419421 ], [ -69.729057, 9.419143 ], [ -69.728523, 9.418963 ], [ -69.727966, 9.418801 ], [ -69.727417, 9.418567 ], [ -69.726792, 9.418315 ], [ -69.725609, 9.417693 ], [ -69.725006, 9.417324 ], [ -69.724426, 9.416936 ], [ -69.723389, 9.416179 ], [ -69.722343, 9.415321 ], [ -69.721878, 9.414961 ], [ -69.720932, 9.414176 ], [ -69.719955, 9.413446 ], [ -69.718269, 9.412219 ], [ -69.717804, 9.411740 ], [ -69.717247, 9.411325 ], [ -69.716744, 9.411046 ], [ -69.716141, 9.410821 ], [ -69.715423, 9.410587 ], [ -69.714035, 9.410310 ], [ -69.713203, 9.410013 ], [ -69.712089, 9.409672 ], [ -69.711258, 9.409438 ], [ -69.710495, 9.409259 ], [ -69.709892, 9.409161 ], [ -69.709335, 9.409117 ], [ -69.708756, 9.409045 ], [ -69.707970, 9.409047 ], [ -69.706077, 9.409142 ], [ -69.705101, 9.409134 ], [ -69.704452, 9.409118 ], [ -69.703598, 9.409047 ], [ -69.701652, 9.408860 ], [ -69.700752, 9.408790 ], [ -69.700149, 9.408882 ], [ -69.698532, 9.409292 ], [ -69.697884, 9.409474 ], [ -69.696823, 9.409910 ], [ -69.695389, 9.410230 ], [ -69.694557, 9.410349 ], [ -69.693886, 9.410396 ], [ -69.692543, 9.410280 ], [ -69.691643, 9.410183 ], [ -69.691040, 9.410093 ], [ -69.690437, 9.409904 ], [ -69.689926, 9.409589 ], [ -69.689469, 9.409265 ], [ -69.689003, 9.408967 ], [ -69.688492, 9.408669 ], [ -69.687843, 9.408273 ], [ -69.687309, 9.407975 ], [ -69.686760, 9.407696 ], [ -69.686180, 9.407353 ], [ -69.685692, 9.406983 ], [ -69.684929, 9.406461 ], [ -69.683891, 9.405956 ], [ -69.682983, 9.405560 ], [ -69.682266, 9.405308 ], [ -69.681709, 9.405173 ], [ -69.681160, 9.404984 ], [ -69.680321, 9.404733 ], [ -69.679466, 9.404500 ], [ -69.678932, 9.404275 ], [ -69.677803, 9.403652 ], [ -69.677132, 9.403310 ], [ -69.676437, 9.402941 ], [ -69.675232, 9.402337 ], [ -69.674584, 9.402040 ], [ -69.673935, 9.401697 ], [ -69.673355, 9.401373 ], [ -69.672615, 9.400895 ], [ -69.672035, 9.400616 ], [ -69.671349, 9.400318 ], [ -69.669746, 9.399553 ], [ -69.669235, 9.399327 ], [ -69.668663, 9.399003 ], [ -69.667900, 9.398679 ], [ -69.667275, 9.398336 ], [ -69.666649, 9.397922 ], [ -69.665115, 9.396956 ], [ -69.664612, 9.396660 ], [ -69.663452, 9.396110 ], [ -69.662895, 9.395713 ], [ -69.662506, 9.395307 ], [ -69.662064, 9.394910 ], [ -69.661392, 9.394477 ], [ -69.660629, 9.394153 ], [ -69.660118, 9.393918 ], [ -69.659561, 9.393648 ], [ -69.658989, 9.393396 ], [ -69.658409, 9.393189 ], [ -69.657829, 9.393090 ], [ -69.656555, 9.393065 ], [ -69.655998, 9.393229 ], [ -69.655449, 9.393529 ], [ -69.654869, 9.393639 ], [ -69.654198, 9.393730 ], [ -69.653503, 9.393614 ], [ -69.652626, 9.393254 ], [ -69.652168, 9.393046 ], [ -69.651726, 9.393735 ], [ -69.651398, 9.394396 ], [ -69.651169, 9.394993 ], [ -69.650940, 9.395663 ], [ -69.650803, 9.396233 ], [ -69.650452, 9.397799 ], [ -69.650452, 9.398576 ], [ -69.650406, 9.399245 ], [ -69.650871, 9.399589 ], [ -69.651543, 9.399659 ], [ -69.652214, 9.399703 ], [ -69.652771, 9.399819 ], [ -69.652626, 9.400535 ], [ -69.652214, 9.401014 ], [ -69.651657, 9.401360 ], [ -69.651337, 9.401813 ], [ -69.651474, 9.402463 ], [ -69.651596, 9.402801 ], [ -69.651657, 9.402988 ], [ -69.651894, 9.403539 ], [ -69.652008, 9.404207 ], [ -69.651962, 9.404868 ], [ -69.651825, 9.405628 ], [ -69.651566, 9.406271 ], [ -69.651222, 9.406777 ], [ -69.650825, 9.407186 ], [ -69.650482, 9.407629 ], [ -69.650436, 9.408244 ], [ -69.650368, 9.408796 ], [ -69.650185, 9.409393 ], [ -69.649742, 9.409919 ], [ -69.649307, 9.410380 ], [ -69.648911, 9.410888 ], [ -69.648498, 9.411368 ], [ -69.647941, 9.411668 ], [ -69.647430, 9.411985 ], [ -69.647041, 9.412628 ], [ -69.646851, 9.413361 ], [ -69.646576, 9.414700 ], [ -69.646301, 9.415316 ], [ -69.645813, 9.415823 ], [ -69.645401, 9.416185 ], [ -69.644982, 9.416575 ], [ -69.644569, 9.417082 ], [ -69.644196, 9.417589 ], [ -69.643830, 9.418159 ], [ -69.643570, 9.418667 ], [ -69.643295, 9.419310 ], [ -69.642807, 9.420386 ], [ -69.642601, 9.420966 ], [ -69.642327, 9.421654 ], [ -69.642143, 9.422206 ], [ -69.641563, 9.423464 ], [ -69.641334, 9.424061 ], [ -69.640617, 9.425346 ], [ -69.640335, 9.426035 ], [ -69.640129, 9.426587 ], [ -69.639946, 9.427184 ], [ -69.639618, 9.428496 ], [ -69.639229, 9.429962 ], [ -69.638977, 9.431183 ], [ -69.638908, 9.431753 ], [ -69.638771, 9.432323 ], [ -69.638672, 9.432920 ], [ -69.638512, 9.433725 ], [ -69.638351, 9.434368 ], [ -69.638122, 9.435038 ], [ -69.637611, 9.436296 ], [ -69.637291, 9.437038 ], [ -69.637062, 9.437635 ], [ -69.636780, 9.438206 ], [ -69.636437, 9.439056 ], [ -69.636208, 9.439762 ], [ -69.636040, 9.440568 ], [ -69.635651, 9.441445 ], [ -69.635422, 9.442016 ], [ -69.634773, 9.443283 ], [ -69.634468, 9.443926 ], [ -69.634239, 9.444496 ], [ -69.634010, 9.445003 ], [ -69.633636, 9.446125 ], [ -69.633408, 9.446750 ], [ -69.633156, 9.447528 ], [ -69.632668, 9.448976 ], [ -69.632439, 9.449546 ], [ -69.632118, 9.450397 ], [ -69.631004, 9.453085 ], [ -69.630707, 9.453773 ], [ -69.630425, 9.454478 ], [ -69.630127, 9.455149 ], [ -69.629921, 9.455673 ], [ -69.629692, 9.456207 ], [ -69.629410, 9.456759 ], [ -69.629112, 9.457257 ], [ -69.628784, 9.457882 ], [ -69.628418, 9.458525 ], [ -69.627678, 9.459919 ], [ -69.627380, 9.460426 ], [ -69.627029, 9.461051 ], [ -69.626549, 9.461694 ], [ -69.626106, 9.462192 ], [ -69.625664, 9.462771 ], [ -69.625297, 9.463388 ], [ -69.624741, 9.464492 ], [ -69.624466, 9.465153 ], [ -69.624260, 9.465705 ], [ -69.624001, 9.466465 ], [ -69.623749, 9.467316 ], [ -69.623497, 9.468329 ], [ -69.623314, 9.469224 ], [ -69.622757, 9.470989 ], [ -69.622597, 9.471541 ], [ -69.622338, 9.472274 ], [ -69.622177, 9.473007 ], [ -69.622017, 9.473839 ], [ -69.621696, 9.475332 ], [ -69.621529, 9.475974 ], [ -69.621345, 9.476798 ], [ -69.621208, 9.477368 ], [ -69.621094, 9.478010 ], [ -69.620819, 9.478680 ], [ -69.620422, 9.479784 ], [ -69.620308, 9.480381 ], [ -69.620216, 9.481710 ], [ -69.620193, 9.482426 ], [ -69.620125, 9.483321 ], [ -69.619942, 9.484172 ], [ -69.619545, 9.485773 ], [ -69.619385, 9.486352 ], [ -69.618904, 9.487682 ], [ -69.618713, 9.488325 ], [ -69.618507, 9.488877 ], [ -69.618279, 9.489448 ], [ -69.618095, 9.489999 ], [ -69.617859, 9.491239 ], [ -69.617767, 9.491953 ], [ -69.617722, 9.492550 ], [ -69.617722, 9.493219 ], [ -69.618027, 9.494503 ], [ -69.618118, 9.495217 ], [ -69.618164, 9.496068 ], [ -69.618233, 9.496710 ], [ -69.618469, 9.497993 ], [ -69.618698, 9.498590 ], [ -69.619049, 9.499259 ], [ -69.619576, 9.500424 ], [ -69.619995, 9.501184 ], [ -69.620277, 9.501717 ], [ -69.620621, 9.502449 ], [ -69.620972, 9.502954 ], [ -69.621269, 9.503415 ], [ -69.621574, 9.503966 ], [ -69.621963, 9.504635 ], [ -69.622291, 9.505303 ], [ -69.622520, 9.505828 ], [ -69.622848, 9.506496 ], [ -69.623123, 9.507165 ], [ -69.623772, 9.508267 ], [ -69.624100, 9.508863 ], [ -69.624466, 9.509415 ], [ -69.624702, 9.509921 ], [ -69.625092, 9.510309 ], [ -69.625511, 9.511141 ], [ -69.625648, 9.511692 ], [ -69.625717, 9.512307 ], [ -69.625717, 9.513411 ], [ -69.625648, 9.514188 ], [ -69.625557, 9.514903 ], [ -69.625419, 9.515527 ], [ -69.625305, 9.516233 ], [ -69.625168, 9.516811 ], [ -69.624954, 9.517472 ], [ -69.624794, 9.518206 ], [ -69.624496, 9.519753 ], [ -69.624359, 9.520341 ], [ -69.624176, 9.521037 ], [ -69.623940, 9.521607 ], [ -69.623291, 9.523056 ], [ -69.623016, 9.523834 ], [ -69.622810, 9.524386 ], [ -69.622582, 9.524956 ], [ -69.622253, 9.525925 ], [ -69.621956, 9.526983 ], [ -69.621818, 9.527554 ], [ -69.621605, 9.528132 ], [ -69.621330, 9.528748 ], [ -69.620773, 9.530124 ], [ -69.620522, 9.530884 ], [ -69.620315, 9.531571 ], [ -69.620133, 9.532287 ], [ -69.619598, 9.535588 ], [ -69.619530, 9.536140 ], [ -69.619392, 9.536919 ], [ -69.619255, 9.537796 ], [ -69.619186, 9.538411 ], [ -69.619095, 9.539053 ], [ -69.619095, 9.539795 ], [ -69.619232, 9.540618 ], [ -69.619461, 9.542616 ], [ -69.619652, 9.544063 ], [ -69.619766, 9.544823 ], [ -69.619949, 9.545554 ], [ -69.620071, 9.546106 ], [ -69.620369, 9.547715 ], [ -69.620506, 9.548266 ], [ -69.620598, 9.548819 ], [ -69.620674, 9.549397 ], [ -69.620788, 9.550057 ], [ -69.621109, 9.552037 ], [ -69.621208, 9.552752 ], [ -69.621277, 9.553502 ], [ -69.621368, 9.554126 ], [ -69.621529, 9.554840 ], [ -69.621643, 9.555455 ], [ -69.621719, 9.556097 ], [ -69.622086, 9.557272 ], [ -69.622322, 9.558664 ], [ -69.621696, 9.558810 ], [ -69.620910, 9.559083 ], [ -69.620354, 9.559292 ], [ -69.619636, 9.559474 ], [ -69.618897, 9.559593 ], [ -69.617691, 9.559722 ], [ -69.617088, 9.559750 ], [ -69.616463, 9.559706 ], [ -69.615746, 9.559545 ], [ -69.615120, 9.559428 ], [ -69.614563, 9.559284 ], [ -69.613594, 9.558526 ], [ -69.613129, 9.558111 ], [ -69.612549, 9.557750 ], [ -69.611931, 9.557589 ], [ -69.611397, 9.557400 ], [ -69.610931, 9.557075 ], [ -69.610489, 9.556623 ], [ -69.610077, 9.556090 ], [ -69.609726, 9.555567 ], [ -69.609337, 9.555034 ], [ -69.608894, 9.554456 ], [ -69.607872, 9.553426 ], [ -69.606926, 9.552370 ], [ -69.605881, 9.551269 ], [ -69.604980, 9.550365 ], [ -69.604355, 9.549842 ], [ -69.603821, 9.549381 ], [ -69.603355, 9.548966 ], [ -69.601921, 9.547812 ], [ -69.601555, 9.547305 ], [ -69.601463, 9.546690 ], [ -69.601433, 9.546094 ], [ -69.601463, 9.545406 ], [ -69.601410, 9.544809 ], [ -69.601181, 9.544158 ], [ -69.601021, 9.543562 ], [ -69.601067, 9.542766 ], [ -69.601135, 9.542187 ], [ -69.601318, 9.541572 ], [ -69.601478, 9.540993 ], [ -69.601547, 9.540350 ], [ -69.601296, 9.539708 ], [ -69.600899, 9.539203 ], [ -69.600533, 9.538787 ], [ -69.600159, 9.538263 ], [ -69.599815, 9.537803 ], [ -69.599327, 9.537477 ], [ -69.598770, 9.537244 ], [ -69.598190, 9.537037 ], [ -69.597496, 9.536739 ], [ -69.596756, 9.536460 ], [ -69.595993, 9.536208 ], [ -69.595390, 9.536047 ], [ -69.594605, 9.535912 ], [ -69.593864, 9.535750 ], [ -69.592705, 9.535336 ], [ -69.592125, 9.535103 ], [ -69.591477, 9.534805 ], [ -69.590927, 9.534508 ], [ -69.590347, 9.534093 ], [ -69.589813, 9.533677 ], [ -69.589325, 9.533262 ], [ -69.588791, 9.532991 ], [ -69.588242, 9.532740 ], [ -69.587708, 9.532551 ], [ -69.587059, 9.532416 ], [ -69.586342, 9.532318 ], [ -69.585693, 9.532301 ], [ -69.585022, 9.532338 ], [ -69.584396, 9.532321 ], [ -69.583794, 9.532268 ], [ -69.583054, 9.532224 ], [ -69.582268, 9.532361 ], [ -69.581711, 9.532497 ], [ -69.580879, 9.532544 ], [ -69.580162, 9.532545 ], [ -69.579536, 9.532519 ], [ -69.578842, 9.532430 ], [ -69.578217, 9.532268 ], [ -69.577453, 9.532106 ], [ -69.576805, 9.531918 ], [ -69.576157, 9.531666 ], [ -69.575622, 9.531205 ], [ -69.575165, 9.530563 ], [ -69.574860, 9.530058 ], [ -69.574394, 9.529480 ], [ -69.574028, 9.529001 ], [ -69.573196, 9.528080 ], [ -69.572777, 9.527710 ], [ -69.572151, 9.527276 ], [ -69.571548, 9.527024 ], [ -69.570877, 9.526862 ], [ -69.570297, 9.526773 ], [ -69.569603, 9.526928 ], [ -69.569008, 9.527110 ], [ -69.567642, 9.527754 ], [ -69.567085, 9.528008 ], [ -69.566528, 9.528371 ], [ -69.566063, 9.528743 ], [ -69.564957, 9.529984 ], [ -69.564102, 9.530853 ], [ -69.563385, 9.531243 ], [ -69.562782, 9.531470 ], [ -69.562271, 9.531860 ], [ -69.561874, 9.532276 ], [ -69.561577, 9.532729 ], [ -69.561348, 9.533263 ], [ -69.561134, 9.533833 ], [ -69.560814, 9.534937 ], [ -69.560585, 9.535489 ], [ -69.560257, 9.536196 ], [ -69.559868, 9.536820 ], [ -69.559380, 9.537373 ], [ -69.558823, 9.537826 ], [ -69.558174, 9.538197 ], [ -69.557579, 9.538470 ], [ -69.556999, 9.538651 ], [ -69.556396, 9.538770 ], [ -69.555839, 9.538807 ], [ -69.554680, 9.538809 ], [ -69.554108, 9.538856 ], [ -69.553459, 9.538974 ], [ -69.552879, 9.539156 ], [ -69.552300, 9.539247 ], [ -69.551582, 9.539311 ], [ -69.550888, 9.539312 ], [ -69.550331, 9.539268 ], [ -69.549660, 9.539106 ], [ -69.549011, 9.538827 ], [ -69.548454, 9.538620 ], [ -69.547783, 9.538385 ], [ -69.546486, 9.537953 ], [ -69.545868, 9.537765 ], [ -69.545105, 9.537766 ], [ -69.544434, 9.537830 ], [ -69.543686, 9.537967 ], [ -69.543037, 9.538013 ], [ -69.542442, 9.538041 ], [ -69.541885, 9.537970 ], [ -69.541374, 9.537736 ], [ -69.540237, 9.537321 ], [ -69.539734, 9.537069 ], [ -69.539085, 9.536980 ], [ -69.538460, 9.537161 ], [ -69.537720, 9.537551 ], [ -69.537025, 9.537779 ], [ -69.536354, 9.538105 ], [ -69.535591, 9.538378 ], [ -69.535080, 9.538677 ], [ -69.534660, 9.539066 ], [ -69.534134, 9.539637 ], [ -69.533394, 9.540072 ], [ -69.532860, 9.540254 ], [ -69.532234, 9.540436 ], [ -69.531609, 9.540482 ], [ -69.530983, 9.540275 ], [ -69.530426, 9.540113 ], [ -69.529732, 9.540024 ], [ -69.529083, 9.539952 ], [ -69.528389, 9.539881 ], [ -69.527763, 9.539837 ], [ -69.526405, 9.539694 ], [ -69.525757, 9.539695 ], [ -69.525177, 9.539859 ], [ -69.524689, 9.540266 ], [ -69.524269, 9.540819 ], [ -69.523926, 9.541461 ], [ -69.523605, 9.542131 ], [ -69.523186, 9.542728 ], [ -69.522606, 9.543209 ], [ -69.521957, 9.543527 ], [ -69.521240, 9.543709 ], [ -69.520523, 9.543782 ], [ -69.519943, 9.543729 ], [ -69.519318, 9.543593 ], [ -69.518578, 9.543450 ], [ -69.516754, 9.543317 ], [ -69.516014, 9.543291 ], [ -69.515274, 9.543356 ], [ -69.514137, 9.543493 ], [ -69.513535, 9.543838 ], [ -69.513115, 9.544272 ], [ -69.512772, 9.544779 ], [ -69.512283, 9.545196 ], [ -69.511703, 9.545423 ], [ -69.511086, 9.545397 ], [ -69.510391, 9.545162 ], [ -69.509811, 9.545028 ], [ -69.509277, 9.544866 ], [ -69.508560, 9.544614 ], [ -69.507912, 9.544425 ], [ -69.507240, 9.544362 ], [ -69.506637, 9.544354 ], [ -69.506172, 9.544699 ], [ -69.505875, 9.545160 ], [ -69.505920, 9.545802 ], [ -69.506149, 9.546309 ], [ -69.506271, 9.546932 ], [ -69.506409, 9.547502 ], [ -69.506386, 9.548099 ], [ -69.506203, 9.548633 ], [ -69.505852, 9.549293 ], [ -69.505485, 9.549918 ], [ -69.505158, 9.550398 ], [ -69.504860, 9.550905 ], [ -69.504509, 9.551357 ], [ -69.504044, 9.552506 ], [ -69.503700, 9.553059 ], [ -69.503258, 9.553449 ], [ -69.502731, 9.553676 ], [ -69.502106, 9.553839 ], [ -69.501572, 9.554093 ], [ -69.501106, 9.554482 ], [ -69.500694, 9.554917 ], [ -69.500298, 9.555307 ], [ -69.499977, 9.555588 ], [ -69.499191, 9.555318 ], [ -69.498497, 9.555264 ], [ -69.497994, 9.554957 ], [ -69.497604, 9.554361 ], [ -69.497261, 9.553738 ], [ -69.496880, 9.552997 ], [ -69.496231, 9.552328 ], [ -69.495636, 9.552085 ], [ -69.494988, 9.552013 ], [ -69.494392, 9.551643 ], [ -69.493706, 9.550442 ], [ -69.493134, 9.550044 ], [ -69.492699, 9.549466 ], [ -69.492264, 9.548996 ], [ -69.491692, 9.548609 ], [ -69.491043, 9.548347 ], [ -69.490372, 9.548204 ], [ -69.489517, 9.548186 ], [ -69.488877, 9.547979 ], [ -69.488022, 9.547763 ], [ -69.487442, 9.547547 ], [ -69.486610, 9.547358 ], [ -69.485962, 9.547305 ], [ -69.485222, 9.547342 ], [ -69.484482, 9.547334 ], [ -69.483696, 9.547235 ], [ -69.482445, 9.546993 ], [ -69.481713, 9.546823 ], [ -69.481087, 9.546769 ], [ -69.480484, 9.546897 ], [ -69.479782, 9.547096 ], [ -69.479065, 9.547323 ], [ -69.478325, 9.547705 ], [ -69.477646, 9.547968 ], [ -69.477066, 9.548059 ], [ -69.476395, 9.548096 ], [ -69.475632, 9.548115 ], [ -69.475029, 9.548017 ], [ -69.474358, 9.548026 ], [ -69.472809, 9.548399 ], [ -69.472198, 9.548581 ], [ -69.471573, 9.548826 ], [ -69.470360, 9.549497 ], [ -69.469620, 9.549679 ], [ -69.468742, 9.549689 ], [ -69.467400, 9.549520 ], [ -69.466728, 9.549484 ], [ -69.466034, 9.549458 ], [ -69.465362, 9.549450 ], [ -69.464714, 9.549415 ], [ -69.463905, 9.549388 ], [ -69.463165, 9.549398 ], [ -69.462517, 9.549390 ], [ -69.461197, 9.549293 ], [ -69.459877, 9.549366 ], [ -69.458534, 9.549630 ], [ -69.457794, 9.549641 ], [ -69.456474, 9.549923 ], [ -69.455803, 9.549987 ], [ -69.455055, 9.550096 ], [ -69.454407, 9.550223 ], [ -69.453804, 9.550360 ], [ -69.452621, 9.550525 ], [ -69.451996, 9.550516 ], [ -69.451416, 9.550626 ], [ -69.450745, 9.550780 ], [ -69.448822, 9.551290 ], [ -69.448166, 9.551489 ], [ -69.447471, 9.551571 ], [ -69.446732, 9.551681 ], [ -69.446106, 9.551655 ], [ -69.445457, 9.551691 ], [ -69.444809, 9.551702 ], [ -69.444138, 9.551883 ], [ -69.443535, 9.551992 ], [ -69.442833, 9.552419 ], [ -69.441620, 9.552542 ], [ -69.442078, 9.553858 ], [ -69.441994, 9.554544 ], [ -69.441803, 9.555802 ], [ -69.441566, 9.556355 ], [ -69.440964, 9.556880 ], [ -69.440354, 9.557323 ], [ -69.439842, 9.557785 ], [ -69.439438, 9.558329 ], [ -69.439041, 9.558826 ], [ -69.438736, 9.559487 ], [ -69.439163, 9.560662 ], [ -69.439087, 9.561259 ], [ -69.438759, 9.561811 ], [ -69.438568, 9.562472 ], [ -69.438187, 9.563043 ], [ -69.436958, 9.563170 ], [ -69.436333, 9.563460 ], [ -69.436417, 9.564057 ], [ -69.436714, 9.564564 ], [ -69.437378, 9.565585 ], [ -69.437301, 9.566362 ], [ -69.436897, 9.566906 ], [ -69.437103, 9.567467 ], [ -69.437447, 9.567990 ], [ -69.437759, 9.568596 ], [ -69.437897, 9.569166 ], [ -69.437881, 9.570504 ], [ -69.437988, 9.571192 ], [ -69.438027, 9.571906 ], [ -69.438194, 9.573308 ], [ -69.438164, 9.574113 ], [ -69.438164, 9.574710 ], [ -69.438103, 9.576013 ], [ -69.438027, 9.576699 ], [ -69.437996, 9.577296 ], [ -69.437851, 9.578011 ], [ -69.437637, 9.578582 ], [ -69.437279, 9.579106 ], [ -69.437157, 9.579749 ], [ -69.437523, 9.580228 ], [ -69.437195, 9.580752 ], [ -69.437141, 9.581395 ], [ -69.437202, 9.582064 ], [ -69.437241, 9.582706 ], [ -69.437492, 9.583284 ], [ -69.438095, 9.583474 ], [ -69.438622, 9.583798 ], [ -69.439011, 9.584314 ], [ -69.439186, 9.584910 ], [ -69.439064, 9.585598 ], [ -69.438965, 9.586403 ], [ -69.438980, 9.587064 ], [ -69.438858, 9.587633 ], [ -69.438644, 9.588321 ], [ -69.438515, 9.588945 ], [ -69.438263, 9.589579 ], [ -69.438042, 9.590357 ], [ -69.437897, 9.591270 ], [ -69.437523, 9.591316 ], [ -69.436943, 9.591588 ], [ -69.436386, 9.591878 ], [ -69.435638, 9.592105 ], [ -69.435036, 9.592215 ], [ -69.434364, 9.592433 ], [ -69.433647, 9.592587 ], [ -69.432297, 9.592987 ], [ -69.431717, 9.593186 ], [ -69.431000, 9.593477 ], [ -69.430366, 9.593858 ], [ -69.429741, 9.594175 ], [ -69.429115, 9.594438 ], [ -69.427925, 9.595118 ], [ -69.427345, 9.595300 ], [ -69.426811, 9.595590 ], [ -69.426132, 9.595925 ], [ -69.425255, 9.596143 ], [ -69.423836, 9.596661 ], [ -69.423256, 9.596969 ], [ -69.422554, 9.597286 ], [ -69.421997, 9.597558 ], [ -69.421417, 9.597731 ], [ -69.420837, 9.597930 ], [ -69.420158, 9.598175 ], [ -69.419533, 9.598420 ], [ -69.418815, 9.598647 ], [ -69.417442, 9.599210 ], [ -69.416862, 9.599427 ], [ -69.416214, 9.599537 ], [ -69.415611, 9.599691 ], [ -69.415032, 9.599773 ], [ -69.414429, 9.599910 ], [ -69.413796, 9.600155 ], [ -69.413422, 9.600336 ], [ -69.412796, 9.600509 ], [ -69.412102, 9.600500 ], [ -69.411476, 9.600402 ], [ -69.410858, 9.600285 ], [ -69.410233, 9.600205 ], [ -69.409653, 9.599997 ], [ -69.409080, 9.599853 ], [ -69.408341, 9.599609 ], [ -69.407669, 9.599511 ], [ -69.406975, 9.599321 ], [ -69.405823, 9.598781 ], [ -69.405205, 9.598637 ], [ -69.404534, 9.598447 ], [ -69.403793, 9.598393 ], [ -69.403168, 9.598313 ], [ -69.401924, 9.597980 ], [ -69.401253, 9.597791 ], [ -69.400558, 9.597647 ], [ -69.399773, 9.597494 ], [ -69.398941, 9.597377 ], [ -69.398224, 9.597323 ], [ -69.397530, 9.597199 ], [ -69.396835, 9.597099 ], [ -69.396217, 9.596929 ], [ -69.395523, 9.596767 ], [ -69.394226, 9.596523 ], [ -69.393555, 9.596560 ], [ -69.392861, 9.596715 ], [ -69.391983, 9.596815 ], [ -69.390480, 9.596663 ], [ -69.389755, 9.596673 ], [ -69.388435, 9.596756 ], [ -69.387840, 9.596567 ], [ -69.386543, 9.596179 ], [ -69.385925, 9.596017 ], [ -69.384674, 9.595657 ], [ -69.384102, 9.595558 ], [ -69.383400, 9.595731 ], [ -69.383026, 9.596464 ], [ -69.382858, 9.597061 ], [ -69.382607, 9.598508 ], [ -69.382462, 9.599241 ], [ -69.382431, 9.599946 ], [ -69.382378, 9.600661 ], [ -69.382370, 9.601258 ], [ -69.382408, 9.602036 ], [ -69.382423, 9.602633 ], [ -69.382400, 9.603230 ], [ -69.382347, 9.603899 ], [ -69.382569, 9.604468 ], [ -69.383141, 9.604820 ], [ -69.384247, 9.605525 ], [ -69.384705, 9.605895 ], [ -69.385239, 9.606202 ], [ -69.385788, 9.606482 ], [ -69.386803, 9.607177 ], [ -69.388001, 9.607791 ], [ -69.388641, 9.608052 ], [ -69.389244, 9.608359 ], [ -69.389816, 9.608729 ], [ -69.390297, 9.609099 ], [ -69.391037, 9.609596 ], [ -69.391632, 9.609966 ], [ -69.392227, 9.610291 ], [ -69.392715, 9.610671 ], [ -69.393196, 9.611104 ], [ -69.393486, 9.611800 ], [ -69.393646, 9.612397 ], [ -69.393867, 9.612976 ], [ -69.394051, 9.613572 ], [ -69.394295, 9.614124 ], [ -69.394524, 9.614702 ], [ -69.394837, 9.615951 ], [ -69.395012, 9.616520 ], [ -69.395172, 9.617099 ], [ -69.395256, 9.617741 ], [ -69.395203, 9.618338 ], [ -69.395126, 9.618961 ], [ -69.394936, 9.619577 ], [ -69.394676, 9.620165 ], [ -69.394127, 9.621332 ], [ -69.393730, 9.622066 ], [ -69.393402, 9.622591 ], [ -69.393135, 9.623160 ], [ -69.392715, 9.623776 ], [ -69.392242, 9.624347 ], [ -69.391869, 9.624845 ], [ -69.391380, 9.625369 ], [ -69.390907, 9.625840 ], [ -69.390465, 9.626366 ], [ -69.390015, 9.627053 ], [ -69.389595, 9.627579 ], [ -69.389130, 9.628004 ], [ -69.388191, 9.628819 ], [ -69.387588, 9.629227 ], [ -69.387146, 9.629616 ], [ -69.386604, 9.629907 ], [ -69.386093, 9.630241 ], [ -69.385605, 9.630630 ], [ -69.385025, 9.631039 ], [ -69.384438, 9.631401 ], [ -69.383858, 9.631782 ], [ -69.382759, 9.632416 ], [ -69.381599, 9.633023 ], [ -69.381012, 9.633494 ], [ -69.380432, 9.633884 ], [ -69.379738, 9.634074 ], [ -69.378525, 9.634202 ], [ -69.377968, 9.634447 ], [ -69.377411, 9.634882 ], [ -69.377014, 9.635380 ], [ -69.376656, 9.635904 ], [ -69.376328, 9.636448 ], [ -69.375954, 9.636909 ], [ -69.375603, 9.637452 ], [ -69.375198, 9.638022 ], [ -69.374664, 9.638431 ], [ -69.374054, 9.638793 ], [ -69.372711, 9.639282 ], [ -69.372131, 9.639455 ], [ -69.371567, 9.639863 ], [ -69.371445, 9.640550 ], [ -69.371483, 9.641192 ], [ -69.371574, 9.641889 ], [ -69.371544, 9.642576 ], [ -69.371574, 9.643906 ], [ -69.371567, 9.644620 ], [ -69.371605, 9.645326 ], [ -69.371712, 9.645976 ], [ -69.371773, 9.646573 ], [ -69.371750, 9.647170 ], [ -69.371651, 9.647876 ], [ -69.371521, 9.648500 ], [ -69.371216, 9.649279 ], [ -69.370956, 9.649894 ], [ -69.370575, 9.650346 ], [ -69.370155, 9.650781 ], [ -69.369736, 9.651252 ], [ -69.369179, 9.651659 ], [ -69.368683, 9.652184 ], [ -69.368332, 9.652709 ], [ -69.367699, 9.653777 ], [ -69.367500, 9.654356 ], [ -69.367424, 9.654999 ], [ -69.367424, 9.655614 ], [ -69.367393, 9.656256 ], [ -69.367477, 9.656879 ], [ -69.367539, 9.657539 ], [ -69.367645, 9.658118 ], [ -69.367668, 9.658806 ], [ -69.367592, 9.659431 ], [ -69.367393, 9.660064 ], [ -69.367271, 9.660733 ], [ -69.367172, 9.661330 ], [ -69.367119, 9.661927 ], [ -69.366951, 9.662515 ], [ -69.366669, 9.663067 ], [ -69.366363, 9.663637 ], [ -69.366104, 9.664162 ], [ -69.365814, 9.664895 ], [ -69.365135, 9.666080 ], [ -69.364822, 9.666696 ], [ -69.364960, 9.667745 ], [ -69.365074, 9.668477 ], [ -69.365166, 9.669165 ], [ -69.365196, 9.669870 ], [ -69.365173, 9.670657 ], [ -69.365128, 9.671462 ], [ -69.365196, 9.672031 ], [ -69.365242, 9.673732 ], [ -69.365173, 9.674374 ], [ -69.364670, 9.674945 ], [ -69.364441, 9.675659 ], [ -69.364670, 9.676373 ], [ -69.365044, 9.676943 ], [ -69.365410, 9.677449 ], [ -69.365830, 9.678452 ], [ -69.366409, 9.679256 ], [ -69.366920, 9.679872 ], [ -69.367317, 9.680314 ], [ -69.367920, 9.680856 ], [ -69.368408, 9.681407 ], [ -69.368805, 9.681913 ], [ -69.369240, 9.682717 ], [ -69.369614, 9.683450 ], [ -69.369873, 9.684001 ], [ -69.370033, 9.684733 ], [ -69.370407, 9.685810 ], [ -69.370727, 9.686632 ], [ -69.371033, 9.687211 ], [ -69.370827, 9.687943 ], [ -69.370621, 9.688812 ], [ -69.370575, 9.689690 ], [ -69.370804, 9.690332 ], [ -69.371086, 9.690838 ], [ -69.371063, 9.691615 ], [ -69.370926, 9.692231 ], [ -69.370651, 9.692782 ], [ -69.370499, 9.693387 ], [ -69.370232, 9.693769 ], [ -69.369980, 9.693977 ], [ -69.369125, 9.694557 ], [ -69.368591, 9.694856 ], [ -69.368034, 9.695200 ], [ -69.367485, 9.695572 ], [ -69.366951, 9.695844 ], [ -69.366028, 9.696379 ], [ -69.365028, 9.696832 ], [ -69.364449, 9.697041 ], [ -69.363876, 9.697186 ], [ -69.363159, 9.697322 ], [ -69.362580, 9.697531 ], [ -69.361977, 9.697784 ], [ -69.361305, 9.698011 ], [ -69.360497, 9.698356 ], [ -69.359756, 9.698637 ], [ -69.359108, 9.698818 ], [ -69.358414, 9.699073 ], [ -69.357834, 9.699353 ], [ -69.357025, 9.699608 ], [ -69.356193, 9.699627 ], [ -69.355591, 9.699564 ], [ -69.354874, 9.699890 ], [ -69.354157, 9.700162 ], [ -69.353508, 9.700371 ], [ -69.352188, 9.700996 ], [ -69.351654, 9.701341 ], [ -69.351242, 9.701848 ], [ -69.350731, 9.702626 ], [ -69.350296, 9.703359 ], [ -69.350136, 9.704046 ], [ -69.350090, 9.705331 ], [ -69.349999, 9.706226 ], [ -69.349953, 9.707031 ], [ -69.349861, 9.707628 ], [ -69.349701, 9.708225 ], [ -69.349373, 9.708823 ], [ -69.348915, 9.709303 ], [ -69.348541, 9.709809 ], [ -69.348244, 9.710452 ], [ -69.348038, 9.711212 ], [ -69.347946, 9.711809 ], [ -69.348061, 9.712586 ], [ -69.348274, 9.713319 ], [ -69.348526, 9.714061 ], [ -69.348762, 9.714630 ], [ -69.348946, 9.715272 ], [ -69.348969, 9.716122 ], [ -69.348930, 9.716972 ], [ -69.348717, 9.717633 ], [ -69.348442, 9.718329 ], [ -69.348007, 9.718972 ], [ -69.346962, 9.720420 ], [ -69.346527, 9.721081 ], [ -69.345970, 9.721751 ], [ -69.345512, 9.722185 ], [ -69.345024, 9.722693 ], [ -69.344559, 9.723154 ], [ -69.344078, 9.723516 ], [ -69.343590, 9.723915 ], [ -69.342621, 9.724919 ], [ -69.342178, 9.725409 ], [ -69.341766, 9.726069 ], [ -69.341438, 9.726666 ], [ -69.341187, 9.727219 ], [ -69.340958, 9.727798 ], [ -69.340706, 9.728576 ], [ -69.340660, 9.729245 ], [ -69.340698, 9.730068 ], [ -69.340843, 9.730827 ], [ -69.341103, 9.731695 ], [ -69.341408, 9.732428 ], [ -69.341728, 9.733160 ], [ -69.342102, 9.733874 ], [ -69.342407, 9.734399 ], [ -69.342934, 9.735221 ], [ -69.343101, 9.735863 ], [ -69.343193, 9.736506 ], [ -69.343193, 9.737174 ], [ -69.343223, 9.737934 ], [ -69.343109, 9.738866 ], [ -69.345512, 9.744139 ], [ -69.345497, 9.744670 ], [ -69.345314, 9.745457 ], [ -69.345688, 9.746189 ], [ -69.347130, 9.747625 ], [ -69.347244, 9.748222 ], [ -69.347153, 9.748819 ], [ -69.346970, 9.749579 ], [ -69.346756, 9.750158 ], [ -69.346695, 9.750819 ], [ -69.346695, 9.751967 ], [ -69.346466, 9.752746 ], [ -69.346023, 9.753370 ], [ -69.345467, 9.754058 ], [ -69.344963, 9.754746 ], [ -69.343971, 9.756474 ], [ -69.343712, 9.757027 ], [ -69.343346, 9.757714 ], [ -69.342926, 9.758375 ], [ -69.342583, 9.758882 ], [ -69.342148, 9.759416 ], [ -69.341660, 9.759959 ], [ -69.341080, 9.760538 ], [ -69.340591, 9.760910 ], [ -69.339996, 9.761254 ], [ -69.339394, 9.761571 ], [ -69.338837, 9.761807 ], [ -69.337265, 9.762496 ], [ -69.336571, 9.762822 ], [ -69.335785, 9.763211 ], [ -69.335205, 9.763555 ], [ -69.334556, 9.764109 ], [ -69.334046, 9.764751 ], [ -69.333519, 9.765511 ], [ -69.332985, 9.766244 ], [ -69.332733, 9.766869 ], [ -69.332573, 9.767619 ], [ -69.332527, 9.768379 ], [ -69.332733, 9.770007 ], [ -69.332787, 9.770767 ], [ -69.332809, 9.771482 ], [ -69.332787, 9.772123 ], [ -69.332718, 9.772811 ], [ -69.332603, 9.773616 ], [ -69.332466, 9.774991 ], [ -69.332374, 9.775724 ], [ -69.332260, 9.776393 ], [ -69.332031, 9.777036 ], [ -69.331711, 9.777605 ], [ -69.331314, 9.778067 ], [ -69.330918, 9.778502 ], [ -69.330223, 9.778892 ], [ -69.329651, 9.779099 ], [ -69.329025, 9.779082 ], [ -69.328377, 9.778757 ], [ -69.327705, 9.778604 ], [ -69.327057, 9.778514 ], [ -69.326263, 9.778579 ], [ -69.325661, 9.778697 ], [ -69.325088, 9.778878 ], [ -69.324295, 9.779069 ], [ -69.323257, 9.779232 ], [ -69.322426, 9.779233 ], [ -69.321823, 9.779117 ], [ -69.321030, 9.778909 ], [ -69.320427, 9.778846 ], [ -69.319832, 9.778847 ], [ -69.319183, 9.778802 ], [ -69.318558, 9.778893 ], [ -69.317841, 9.779102 ], [ -69.317024, 9.779473 ], [ -69.316361, 9.779818 ], [ -69.315826, 9.780189 ], [ -69.315292, 9.780831 ], [ -69.314972, 9.781311 ], [ -69.314712, 9.781881 ], [ -69.314484, 9.782623 ], [ -69.314140, 9.783474 ], [ -69.313934, 9.784116 ], [ -69.313675, 9.784849 ], [ -69.313332, 9.785700 ], [ -69.313080, 9.786406 ], [ -69.312637, 9.786867 ], [ -69.312012, 9.787103 ], [ -69.311432, 9.787148 ], [ -69.310715, 9.787104 ], [ -69.310021, 9.787837 ], [ -69.309357, 9.788706 ], [ -69.308868, 9.789403 ], [ -69.308685, 9.790018 ], [ -69.308357, 9.790914 ], [ -69.308060, 9.791511 ], [ -69.307876, 9.792198 ], [ -69.307297, 9.793926 ], [ -69.306976, 9.795419 ], [ -69.306816, 9.796062 ], [ -69.306610, 9.796677 ], [ -69.306122, 9.797319 ], [ -69.305664, 9.797854 ], [ -69.305084, 9.798450 ], [ -69.304573, 9.799067 ], [ -69.304138, 9.799618 ], [ -69.303787, 9.800079 ], [ -69.303650, 9.800695 ], [ -69.303330, 9.802007 ], [ -69.303192, 9.802721 ], [ -69.303078, 9.803572 ], [ -69.302826, 9.804259 ], [ -69.302566, 9.805318 ], [ -69.302337, 9.806322 ], [ -69.302200, 9.807054 ], [ -69.301926, 9.807751 ], [ -69.301628, 9.808367 ], [ -69.301140, 9.808919 ], [ -69.300079, 9.809887 ], [ -69.299774, 9.810050 ], [ -69.299149, 9.810440 ], [ -69.298546, 9.810621 ], [ -69.297554, 9.811056 ], [ -69.296928, 9.811356 ], [ -69.296211, 9.811844 ], [ -69.295425, 9.812397 ], [ -69.294846, 9.812859 ], [ -69.294289, 9.813501 ], [ -69.293922, 9.813981 ], [ -69.293526, 9.814651 ], [ -69.293022, 9.815474 ], [ -69.292694, 9.815981 ], [ -69.292282, 9.816533 ], [ -69.291817, 9.817402 ], [ -69.291702, 9.818089 ], [ -69.291565, 9.819789 ], [ -69.291550, 9.820549 ], [ -69.291550, 9.822104 ], [ -69.291595, 9.822909 ], [ -69.291550, 9.824311 ], [ -69.291412, 9.825117 ], [ -69.291390, 9.825868 ], [ -69.291298, 9.826763 ], [ -69.291252, 9.827342 ], [ -69.291046, 9.828165 ], [ -69.290657, 9.829106 ], [ -69.290360, 9.829748 ], [ -69.289825, 9.830599 ], [ -69.289497, 9.831088 ], [ -69.289086, 9.831938 ], [ -69.288460, 9.832437 ], [ -69.287903, 9.832762 ], [ -69.287003, 9.833134 ], [ -69.286194, 9.833387 ], [ -69.285545, 9.833479 ], [ -69.284897, 9.833705 ], [ -69.284180, 9.834240 ], [ -69.283691, 9.834656 ], [ -69.283203, 9.835046 ], [ -69.282883, 9.835752 ], [ -69.282539, 9.836629 ], [ -69.282310, 9.837587 ], [ -69.282402, 9.838944 ], [ -69.282379, 9.839659 ], [ -69.282219, 9.840437 ], [ -69.282265, 9.841948 ], [ -69.282219, 9.842571 ], [ -69.281898, 9.843123 ], [ -69.281410, 9.843468 ], [ -69.280853, 9.843631 ], [ -69.280281, 9.843767 ], [ -69.279419, 9.843930 ], [ -69.278839, 9.844157 ], [ -69.278290, 9.844347 ], [ -69.277595, 9.844411 ], [ -69.277329, 9.844411 ], [ -69.276734, 9.844420 ], [ -69.276108, 9.844349 ], [ -69.275459, 9.844259 ], [ -69.274742, 9.843708 ], [ -69.274277, 9.843048 ], [ -69.274071, 9.842424 ], [ -69.273697, 9.841511 ], [ -69.273392, 9.840679 ], [ -69.273117, 9.839992 ], [ -69.272880, 9.839350 ], [ -69.272698, 9.838754 ], [ -69.272163, 9.837497 ], [ -69.271790, 9.836900 ], [ -69.271370, 9.836393 ], [ -69.270813, 9.836005 ], [ -69.270004, 9.835599 ], [ -69.269241, 9.835256 ], [ -69.268570, 9.835021 ], [ -69.267319, 9.834362 ], [ -69.266251, 9.833857 ], [ -69.265671, 9.833631 ], [ -69.264580, 9.832899 ], [ -69.263931, 9.832140 ], [ -69.263420, 9.831408 ], [ -69.263145, 9.830901 ], [ -69.262863, 9.829943 ], [ -69.262726, 9.829228 ], [ -69.262772, 9.828631 ], [ -69.262909, 9.827970 ], [ -69.263092, 9.827230 ], [ -69.263298, 9.826524 ], [ -69.263641, 9.825944 ], [ -69.263893, 9.825685 ], [ -69.264130, 9.825438 ], [ -69.264595, 9.825075 ], [ -69.265312, 9.824541 ], [ -69.266029, 9.824179 ], [ -69.266655, 9.823971 ], [ -69.267303, 9.823807 ], [ -69.268692, 9.823046 ], [ -69.269241, 9.822675 ], [ -69.269707, 9.822286 ], [ -69.270172, 9.821733 ], [ -69.270378, 9.821046 ], [ -69.270447, 9.820015 ], [ -69.270378, 9.819210 ], [ -69.270187, 9.818405 ], [ -69.270050, 9.817745 ], [ -69.269981, 9.817122 ], [ -69.269997, 9.816298 ], [ -69.270088, 9.815240 ], [ -69.270249, 9.814597 ], [ -69.270600, 9.813819 ], [ -69.270943, 9.813222 ], [ -69.271500, 9.812805 ], [ -69.272056, 9.812416 ], [ -69.272659, 9.812072 ], [ -69.273491, 9.811475 ], [ -69.274323, 9.810669 ], [ -69.274711, 9.810207 ], [ -69.274788, 9.809429 ], [ -69.274597, 9.808534 ], [ -69.274246, 9.807504 ], [ -69.274017, 9.806626 ], [ -69.273903, 9.806057 ], [ -69.273384, 9.802892 ], [ -69.273125, 9.801399 ], [ -69.273056, 9.800431 ], [ -69.273033, 9.799816 ], [ -69.272873, 9.798948 ], [ -69.272728, 9.797936 ], [ -69.272568, 9.797176 ], [ -69.272476, 9.796489 ], [ -69.272491, 9.795666 ], [ -69.272751, 9.794290 ], [ -69.272652, 9.793504 ], [ -69.272423, 9.792907 ], [ -69.272072, 9.792455 ], [ -69.271240, 9.791171 ], [ -69.270821, 9.790204 ], [ -69.270401, 9.789589 ], [ -69.270050, 9.789128 ], [ -69.269401, 9.788442 ], [ -69.268890, 9.787872 ], [ -69.267898, 9.786996 ], [ -69.266830, 9.786037 ], [ -69.266159, 9.785486 ], [ -69.265694, 9.785125 ], [ -69.265022, 9.784547 ], [ -69.264351, 9.783951 ], [ -69.263626, 9.783245 ], [ -69.262566, 9.782143 ], [ -69.261612, 9.781040 ], [ -69.260986, 9.780290 ], [ -69.260430, 9.779694 ], [ -69.260010, 9.779142 ], [ -69.259712, 9.778527 ], [ -69.259567, 9.777678 ], [ -69.259499, 9.777053 ], [ -69.259453, 9.776393 ], [ -69.259361, 9.775705 ], [ -69.259308, 9.775009 ], [ -69.259285, 9.773960 ], [ -69.259308, 9.773182 ], [ -69.259285, 9.772423 ], [ -69.259377, 9.771663 ], [ -69.259445, 9.770930 ], [ -69.259491, 9.770287 ], [ -69.259628, 9.769691 ], [ -69.259903, 9.769093 ], [ -69.260300, 9.768451 ], [ -69.260666, 9.767736 ], [ -69.260712, 9.767139 ], [ -69.260361, 9.766679 ], [ -69.259880, 9.766199 ], [ -69.259460, 9.765557 ], [ -69.259644, 9.764960 ], [ -69.260109, 9.764616 ], [ -69.260712, 9.764544 ], [ -69.261261, 9.764227 ], [ -69.261635, 9.763421 ], [ -69.261933, 9.762707 ], [ -69.262283, 9.762182 ], [ -69.262878, 9.762091 ], [ -69.263672, 9.762154 ], [ -69.264923, 9.762406 ], [ -69.265617, 9.762423 ], [ -69.266243, 9.762170 ], [ -69.266724, 9.761781 ], [ -69.267189, 9.761328 ], [ -69.267647, 9.760957 ], [ -69.268158, 9.760631 ], [ -69.268875, 9.760612 ], [ -69.269523, 9.760612 ], [ -69.270126, 9.760358 ], [ -69.270775, 9.759869 ], [ -69.271355, 9.759064 ], [ -69.271721, 9.758512 ], [ -69.272186, 9.757869 ], [ -69.272598, 9.757417 ], [ -69.273666, 9.756403 ], [ -69.274124, 9.755922 ], [ -69.274567, 9.755507 ], [ -69.275055, 9.755117 ], [ -69.275726, 9.754610 ], [ -69.276138, 9.754193 ], [ -69.276604, 9.753325 ], [ -69.276970, 9.752493 ], [ -69.277062, 9.751923 ], [ -69.277038, 9.750955 ], [ -69.277062, 9.749851 ], [ -69.277016, 9.749209 ], [ -69.276871, 9.748568 ], [ -69.276451, 9.747998 ], [ -69.275871, 9.747582 ], [ -69.275200, 9.747267 ], [ -69.274300, 9.746896 ], [ -69.273491, 9.746535 ], [ -69.272865, 9.746101 ], [ -69.272446, 9.745522 ], [ -69.272118, 9.744610 ], [ -69.272003, 9.744040 ], [ -69.271866, 9.742702 ], [ -69.271355, 9.742250 ], [ -69.270729, 9.741744 ], [ -69.270332, 9.741238 ], [ -69.270004, 9.740731 ], [ -69.269752, 9.740189 ], [ -69.269592, 9.739592 ], [ -69.269516, 9.739014 ], [ -69.269608, 9.738326 ], [ -69.269836, 9.737729 ], [ -69.270371, 9.737014 ], [ -69.270882, 9.736579 ], [ -69.271294, 9.735819 ], [ -69.271454, 9.735068 ], [ -69.271065, 9.734382 ], [ -69.270553, 9.733667 ], [ -69.270042, 9.732727 ], [ -69.269646, 9.731651 ], [ -69.269485, 9.730873 ], [ -69.269318, 9.730159 ], [ -69.269409, 9.729471 ], [ -69.269570, 9.728739 ], [ -69.269852, 9.728114 ], [ -69.270355, 9.727590 ], [ -69.270866, 9.727218 ], [ -69.271377, 9.726919 ], [ -69.271934, 9.726665 ], [ -69.272575, 9.726321 ], [ -69.273460, 9.725995 ], [ -69.273804, 9.725515 ], [ -69.273872, 9.724892 ], [ -69.273872, 9.724231 ], [ -69.273735, 9.723562 ], [ -69.273453, 9.722531 ], [ -69.273270, 9.721916 ], [ -69.272499, 9.719900 ], [ -69.272133, 9.719366 ], [ -69.271599, 9.718797 ], [ -69.271156, 9.718291 ], [ -69.270714, 9.717812 ], [ -69.270180, 9.717306 ], [ -69.269577, 9.716755 ], [ -69.268997, 9.716303 ], [ -69.268166, 9.715842 ], [ -69.266823, 9.715825 ], [ -69.266174, 9.716052 ], [ -69.265663, 9.716514 ], [ -69.265183, 9.716830 ], [ -69.264511, 9.717229 ], [ -69.263817, 9.717664 ], [ -69.263031, 9.717782 ], [ -69.262428, 9.717439 ], [ -69.261871, 9.717023 ], [ -69.261452, 9.716607 ], [ -69.260963, 9.715947 ], [ -69.260315, 9.715215 ], [ -69.259873, 9.714754 ], [ -69.259338, 9.714320 ], [ -69.258804, 9.713950 ], [ -69.258301, 9.713661 ], [ -69.257530, 9.713336 ], [ -69.256813, 9.713174 ], [ -69.256004, 9.713084 ], [ -69.255195, 9.712931 ], [ -69.253876, 9.712706 ], [ -69.253273, 9.712661 ], [ -69.251167, 9.712663 ], [ -69.250450, 9.712681 ], [ -69.250236, 9.711840 ], [ -69.250771, 9.710917 ], [ -69.250839, 9.710094 ], [ -69.250534, 9.709407 ], [ -69.250023, 9.708874 ], [ -69.249611, 9.708422 ], [ -69.249031, 9.707889 ], [ -69.248886, 9.707110 ], [ -69.248817, 9.706053 ], [ -69.248795, 9.705256 ], [ -69.248955, 9.703782 ], [ -69.248673, 9.703023 ], [ -69.248161, 9.702544 ], [ -69.247536, 9.702137 ], [ -69.247078, 9.701767 ], [ -69.246590, 9.701287 ], [ -69.246193, 9.700808 ], [ -69.245827, 9.700212 ], [ -69.245636, 9.699570 ], [ -69.245682, 9.698855 ], [ -69.245796, 9.698032 ], [ -69.245979, 9.697300 ], [ -69.246559, 9.696793 ], [ -69.247048, 9.696466 ], [ -69.246185, 9.695572 ], [ -69.245628, 9.694912 ], [ -69.245049, 9.694180 ], [ -69.244637, 9.693691 ], [ -69.244171, 9.693212 ], [ -69.243751, 9.692806 ], [ -69.243263, 9.692363 ], [ -69.242729, 9.691793 ], [ -69.242226, 9.691405 ], [ -69.240974, 9.690511 ], [ -69.240394, 9.690194 ], [ -69.239677, 9.689941 ], [ -69.238144, 9.689527 ], [ -69.237450, 9.689283 ], [ -69.236801, 9.689120 ], [ -69.236244, 9.688958 ], [ -69.235710, 9.688732 ], [ -69.235130, 9.688362 ], [ -69.234627, 9.687928 ], [ -69.234207, 9.687522 ], [ -69.233627, 9.687242 ], [ -69.232956, 9.687106 ], [ -69.232307, 9.687043 ], [ -69.231567, 9.686881 ], [ -69.230637, 9.686610 ], [ -69.229920, 9.686421 ], [ -69.229111, 9.686169 ], [ -69.228302, 9.685943 ], [ -69.227516, 9.685645 ], [ -69.226166, 9.685031 ], [ -69.225471, 9.684615 ], [ -69.224899, 9.684371 ], [ -69.224457, 9.683973 ], [ -69.223854, 9.683658 ], [ -69.223183, 9.683476 ], [ -69.222649, 9.683242 ], [ -69.222137, 9.682836 ], [ -69.221557, 9.682510 ], [ -69.220452, 9.683018 ], [ -69.219666, 9.683316 ], [ -69.219063, 9.683326 ], [ -69.218414, 9.683281 ], [ -69.217743, 9.683028 ], [ -69.217186, 9.682748 ], [ -69.216652, 9.682450 ], [ -69.216026, 9.682152 ], [ -69.215332, 9.681953 ], [ -69.214684, 9.681864 ], [ -69.214104, 9.681882 ], [ -69.213272, 9.682226 ], [ -69.212486, 9.682434 ], [ -69.211716, 9.682435 ], [ -69.211098, 9.682327 ], [ -69.210541, 9.682164 ], [ -69.209801, 9.681893 ], [ -69.209122, 9.681614 ], [ -69.208527, 9.681415 ], [ -69.207367, 9.680982 ], [ -69.206719, 9.680683 ], [ -69.206070, 9.680313 ], [ -69.205422, 9.679997 ], [ -69.204842, 9.679790 ], [ -69.203911, 9.679491 ], [ -69.203033, 9.679284 ], [ -69.202385, 9.679149 ], [ -69.201088, 9.679059 ], [ -69.199585, 9.678969 ], [ -69.198654, 9.678951 ], [ -69.197823, 9.679205 ], [ -69.196854, 9.679414 ], [ -69.196205, 9.679504 ], [ -69.195579, 9.679433 ], [ -69.194626, 9.678999 ], [ -69.193749, 9.678457 ], [ -69.193192, 9.678132 ], [ -69.192612, 9.677906 ], [ -69.191918, 9.677771 ], [ -69.191154, 9.677789 ], [ -69.190254, 9.677979 ], [ -69.189674, 9.678188 ], [ -69.188889, 9.678686 ], [ -69.188034, 9.679130 ], [ -69.187271, 9.679474 ], [ -69.186691, 9.679700 ], [ -69.185974, 9.679800 ], [ -69.185089, 9.679936 ], [ -69.183983, 9.680072 ], [ -69.183380, 9.680099 ], [ -69.182198, 9.680282 ], [ -69.181412, 9.680354 ], [ -69.180161, 9.680427 ], [ -69.179535, 9.680446 ], [ -69.178497, 9.680564 ], [ -69.177734, 9.680727 ], [ -69.176415, 9.680981 ], [ -69.175835, 9.681053 ], [ -69.175186, 9.681190 ], [ -69.174469, 9.681307 ], [ -69.173798, 9.681471 ], [ -69.173103, 9.681679 ], [ -69.172516, 9.681842 ], [ -69.171600, 9.682132 ], [ -69.170441, 9.682530 ], [ -69.169495, 9.682875 ], [ -69.168915, 9.683056 ], [ -69.168312, 9.683336 ], [ -69.167618, 9.683681 ], [ -69.166855, 9.683997 ], [ -69.165901, 9.684323 ], [ -69.165001, 9.684577 ], [ -69.164101, 9.684768 ], [ -69.163292, 9.684903 ], [ -69.162453, 9.684832 ], [ -69.161850, 9.684723 ], [ -69.160835, 9.684470 ], [ -69.160256, 9.684262 ], [ -69.158798, 9.683829 ], [ -69.158104, 9.683784 ], [ -69.157455, 9.683766 ], [ -69.156853, 9.683812 ], [ -69.155998, 9.683949 ], [ -69.154976, 9.684084 ], [ -69.154373, 9.684139 ], [ -69.153702, 9.684347 ], [ -69.153099, 9.684502 ], [ -69.152450, 9.684691 ], [ -69.151550, 9.685099 ], [ -69.150879, 9.685452 ], [ -69.150276, 9.685751 ], [ -69.149628, 9.686049 ], [ -69.148705, 9.686511 ], [ -69.148033, 9.686873 ], [ -69.147202, 9.687362 ], [ -69.146484, 9.687706 ], [ -69.145790, 9.688095 ], [ -69.144913, 9.688530 ], [ -69.144402, 9.688829 ], [ -69.143776, 9.689109 ], [ -69.143150, 9.689425 ], [ -69.142548, 9.689679 ], [ -69.141945, 9.689870 ], [ -69.141159, 9.690096 ], [ -69.140488, 9.690241 ], [ -69.139381, 9.690377 ], [ -69.138710, 9.690422 ], [ -69.138084, 9.690514 ], [ -69.137222, 9.690677 ], [ -69.136299, 9.690767 ], [ -69.135467, 9.690912 ], [ -69.134750, 9.690976 ], [ -69.133476, 9.691139 ], [ -69.132431, 9.691329 ], [ -69.131691, 9.691628 ], [ -69.130653, 9.692153 ], [ -69.129791, 9.692497 ], [ -69.129036, 9.692850 ], [ -69.128479, 9.693094 ], [ -69.126831, 9.693719 ], [ -69.125817, 9.694045 ], [ -69.125214, 9.694226 ], [ -69.124168, 9.694715 ], [ -69.123573, 9.694941 ], [ -69.122665, 9.695312 ], [ -69.121834, 9.695717 ], [ -69.120911, 9.696028 ], [ -69.120239, 9.696300 ], [ -69.119331, 9.696598 ], [ -69.118294, 9.696834 ], [ -69.117600, 9.696924 ], [ -69.116814, 9.697087 ], [ -69.115402, 9.697341 ], [ -69.114563, 9.697477 ], [ -69.112549, 9.697758 ], [ -69.111855, 9.697713 ], [ -69.111275, 9.697713 ], [ -69.110657, 9.697732 ], [ -69.109749, 9.697831 ], [ -69.108734, 9.697994 ], [ -69.107994, 9.698203 ], [ -69.106491, 9.698773 ], [ -69.105934, 9.699054 ], [ -69.105148, 9.699488 ], [ -69.104431, 9.699949 ], [ -69.103523, 9.700429 ], [ -69.102577, 9.700864 ], [ -69.101860, 9.701235 ], [ -69.101143, 9.701533 ], [ -69.100334, 9.701814 ], [ -69.099594, 9.702023 ], [ -69.098824, 9.702204 ], [ -69.097298, 9.702529 ], [ -69.096695, 9.702692 ], [ -69.096138, 9.703054 ], [ -69.095474, 9.703724 ], [ -69.095085, 9.704167 ], [ -69.094406, 9.704936 ], [ -69.093895, 9.705561 ], [ -69.093155, 9.706547 ], [ -69.092766, 9.707189 ], [ -69.092583, 9.707830 ], [ -69.092095, 9.709323 ], [ -69.091751, 9.709992 ], [ -69.091171, 9.710472 ], [ -69.090614, 9.710960 ], [ -69.089783, 9.711576 ], [ -69.088905, 9.711966 ], [ -69.088043, 9.712318 ], [ -69.087463, 9.712500 ], [ -69.086128, 9.712752 ], [ -69.084900, 9.712798 ], [ -69.084183, 9.712735 ], [ -69.083321, 9.712545 ], [ -69.081009, 9.712302 ], [ -69.080360, 9.712256 ], [ -69.079780, 9.712230 ], [ -69.079155, 9.712230 ], [ -69.078178, 9.712348 ], [ -69.076630, 9.712719 ], [ -69.075684, 9.712882 ], [ -69.074059, 9.713108 ], [ -69.073387, 9.713181 ], [ -69.072578, 9.713163 ], [ -69.071770, 9.713091 ], [ -69.070847, 9.713046 ], [ -69.069939, 9.713046 ], [ -69.069313, 9.713028 ], [ -69.067810, 9.712955 ], [ -69.067093, 9.712956 ], [ -69.066490, 9.712983 ], [ -69.065887, 9.713056 ], [ -69.064270, 9.713535 ], [ -69.063088, 9.714042 ], [ -69.062508, 9.714368 ], [ -69.061813, 9.714892 ], [ -69.060867, 9.715679 ], [ -69.060013, 9.716548 ], [ -69.059410, 9.717191 ], [ -69.058968, 9.717697 ], [ -69.058556, 9.718222 ], [ -69.057884, 9.718801 ], [ -69.057236, 9.719216 ], [ -69.056587, 9.719425 ], [ -69.055633, 9.719769 ], [ -69.054894, 9.720131 ], [ -69.054619, 9.720845 ], [ -69.054321, 9.721741 ], [ -69.053856, 9.723233 ], [ -69.053581, 9.724056 ], [ -69.053184, 9.725458 ], [ -69.053047, 9.726354 ], [ -69.053047, 9.727132 ], [ -69.053139, 9.727846 ], [ -69.053192, 9.728415 ], [ -69.053329, 9.729013 ], [ -69.053535, 9.729609 ], [ -69.053749, 9.730396 ], [ -69.053909, 9.731400 ], [ -69.054024, 9.731997 ], [ -69.054146, 9.732757 ], [ -69.054306, 9.733562 ], [ -69.054398, 9.734222 ], [ -69.054817, 9.735597 ], [ -69.055069, 9.736655 ], [ -69.055214, 9.737414 ], [ -69.055260, 9.738219 ], [ -69.054726, 9.739730 ], [ -69.054382, 9.740553 ], [ -69.054077, 9.741250 ], [ -69.053665, 9.742027 ], [ -69.053406, 9.742598 ], [ -69.052765, 9.743520 ], [ -69.052025, 9.744118 ], [ -69.051376, 9.744488 ], [ -69.050865, 9.744805 ], [ -69.049912, 9.745294 ], [ -69.048828, 9.745773 ], [ -69.047668, 9.745909 ], [ -69.046814, 9.745800 ], [ -69.046234, 9.745683 ], [ -69.045471, 9.745457 ], [ -69.044891, 9.745366 ], [ -69.044174, 9.745366 ], [ -69.043594, 9.745339 ], [ -69.042831, 9.745367 ], [ -69.042091, 9.745412 ], [ -69.041321, 9.745530 ], [ -69.040237, 9.745873 ], [ -69.039284, 9.746218 ], [ -69.038712, 9.746561 ], [ -69.038223, 9.746977 ], [ -69.037620, 9.747710 ], [ -69.036972, 9.748352 ], [ -69.036346, 9.748858 ], [ -69.035812, 9.749257 ], [ -69.034683, 9.750052 ], [ -69.034081, 9.750605 ], [ -69.033569, 9.751020 ], [ -69.033012, 9.751554 ], [ -69.032249, 9.752124 ], [ -69.031509, 9.752541 ], [ -69.030953, 9.752811 ], [ -69.030167, 9.752974 ], [ -69.028458, 9.753119 ], [ -69.027695, 9.753210 ], [ -69.026924, 9.753255 ], [ -69.026230, 9.753345 ], [ -69.025330, 9.753536 ], [ -69.024658, 9.753716 ], [ -69.024101, 9.753924 ], [ -69.023544, 9.754151 ], [ -69.022987, 9.754450 ], [ -69.022316, 9.754892 ], [ -69.021599, 9.755399 ], [ -69.020767, 9.755969 ], [ -69.020004, 9.756431 ], [ -69.019356, 9.756802 ], [ -69.018684, 9.757236 ], [ -69.018105, 9.757625 ], [ -69.016762, 9.758384 ], [ -69.015907, 9.758909 ], [ -69.014336, 9.759994 ], [ -69.013664, 9.760338 ], [ -69.013062, 9.760564 ], [ -69.012413, 9.760754 ], [ -69.011070, 9.761170 ], [ -69.010445, 9.761324 ], [ -69.009727, 9.761559 ], [ -69.009102, 9.761722 ], [ -69.008522, 9.761830 ], [ -69.007851, 9.761975 ], [ -69.006859, 9.762093 ], [ -69.005951, 9.762111 ], [ -69.005371, 9.762066 ], [ -69.004791, 9.761903 ], [ -69.004143, 9.761614 ], [ -69.003563, 9.761315 ], [ -69.002777, 9.760971 ], [ -69.002060, 9.760628 ], [ -69.001411, 9.760257 ], [ -69.000900, 9.759986 ], [ -69.000580, 9.759479 ], [ -69.000206, 9.758864 ], [ -68.999985, 9.758203 ], [ -68.999985, 9.756051 ], [ -68.999481, 9.756178 ], [ -68.998947, 9.756350 ], [ -68.998261, 9.756657 ], [ -68.997734, 9.757110 ], [ -68.997307, 9.757598 ], [ -68.997017, 9.758059 ], [ -68.996613, 9.758738 ], [ -68.996246, 9.759180 ], [ -68.995842, 9.759787 ], [ -68.995598, 9.760266 ], [ -68.995209, 9.760755 ], [ -68.994644, 9.761297 ], [ -68.994209, 9.761740 ], [ -68.993851, 9.762274 ], [ -68.993446, 9.763016 ], [ -68.993179, 9.763666 ], [ -68.992989, 9.764309 ], [ -68.992859, 9.764842 ], [ -68.992798, 9.765394 ], [ -68.992615, 9.766705 ], [ -68.992577, 9.767375 ], [ -68.992431, 9.768180 ], [ -68.992233, 9.768731 ], [ -68.991882, 9.769654 ], [ -68.991135, 9.770730 ], [ -68.990761, 9.771607 ], [ -68.990448, 9.772069 ], [ -68.989967, 9.772602 ], [ -68.989586, 9.773100 ], [ -68.988945, 9.773706 ], [ -68.988266, 9.774249 ], [ -68.987785, 9.774511 ], [ -68.987274, 9.774701 ], [ -68.986542, 9.775107 ], [ -68.985924, 9.775488 ], [ -68.985535, 9.775930 ], [ -68.985130, 9.776464 ], [ -68.984680, 9.776980 ], [ -68.984268, 9.777350 ], [ -68.983429, 9.778264 ], [ -68.982636, 9.779313 ], [ -68.982277, 9.779747 ], [ -68.981865, 9.780725 ], [ -68.981598, 9.780679 ], [ -68.980919, 9.780489 ], [ -68.980225, 9.780200 ], [ -68.979591, 9.780027 ], [ -68.979011, 9.779747 ], [ -68.978607, 9.779386 ], [ -68.977974, 9.778942 ], [ -68.977417, 9.778879 ], [ -68.976769, 9.778734 ], [ -68.976341, 9.778399 ], [ -68.975777, 9.777829 ], [ -68.975418, 9.777405 ], [ -68.975243, 9.776717 ], [ -68.975121, 9.776165 ], [ -68.974953, 9.774727 ], [ -68.975006, 9.774148 ], [ -68.975113, 9.773506 ], [ -68.975487, 9.772376 ], [ -68.975761, 9.771110 ], [ -68.975937, 9.770468 ], [ -68.976135, 9.769934 ], [ -68.976501, 9.769536 ], [ -68.977005, 9.769201 ], [ -68.977715, 9.769002 ], [ -68.978340, 9.768993 ], [ -68.978851, 9.769165 ], [ -68.979393, 9.769590 ], [ -68.979866, 9.770115 ], [ -68.980362, 9.770468 ], [ -68.980896, 9.770667 ], [ -68.981522, 9.770748 ], [ -68.982193, 9.770739 ], [ -68.982704, 9.770540 ], [ -68.982903, 9.770034 ], [ -68.982864, 9.769464 ], [ -68.982765, 9.768885 ], [ -68.982704, 9.768180 ], [ -68.982781, 9.767492 ], [ -68.982887, 9.766913 ], [ -68.983086, 9.766244 ], [ -68.983437, 9.765411 ], [ -68.983849, 9.764923 ], [ -68.984207, 9.764525 ], [ -68.984146, 9.763838 ], [ -68.984001, 9.763313 ], [ -68.983635, 9.762147 ], [ -68.983139, 9.761794 ], [ -68.982620, 9.761504 ], [ -68.982086, 9.761324 ], [ -68.981438, 9.761088 ], [ -68.980919, 9.760663 ], [ -68.980392, 9.760094 ], [ -68.980148, 9.759370 ], [ -68.980095, 9.758819 ], [ -68.979942, 9.758266 ], [ -68.979606, 9.757561 ], [ -68.979248, 9.756973 ], [ -68.979004, 9.756475 ], [ -68.978882, 9.755924 ], [ -68.978706, 9.755336 ], [ -68.978645, 9.754666 ], [ -68.978752, 9.754097 ], [ -68.978859, 9.753428 ], [ -68.979027, 9.752776 ], [ -68.979271, 9.752225 ], [ -68.979446, 9.751719 ], [ -68.979691, 9.751158 ], [ -68.980057, 9.750714 ], [ -68.980507, 9.750253 ], [ -68.981377, 9.749593 ], [ -68.981781, 9.748941 ], [ -68.981819, 9.748318 ], [ -68.981598, 9.747820 ], [ -68.981102, 9.747322 ], [ -68.980698, 9.746825 ], [ -68.980576, 9.746301 ], [ -68.980820, 9.745794 ], [ -68.981201, 9.745278 ], [ -68.981377, 9.744727 ], [ -68.981460, 9.744193 ], [ -68.981285, 9.743560 ], [ -68.981163, 9.743035 ], [ -68.981010, 9.742511 ], [ -68.980675, 9.742013 ], [ -68.980179, 9.741470 ], [ -68.979645, 9.741136 ], [ -68.979080, 9.740847 ], [ -68.978584, 9.740466 ], [ -68.978165, 9.740014 ], [ -68.977753, 9.739445 ], [ -68.977531, 9.738630 ], [ -68.977867, 9.738160 ], [ -68.978371, 9.737762 ], [ -68.978905, 9.737662 ], [ -68.979576, 9.737853 ], [ -68.980232, 9.737979 ], [ -68.980766, 9.738152 ], [ -68.981171, 9.738531 ], [ -68.981522, 9.739011 ], [ -68.981880, 9.739463 ], [ -68.982468, 9.739770 ], [ -68.983070, 9.739806 ], [ -68.983780, 9.739590 ], [ -68.984314, 9.739390 ], [ -68.984841, 9.739038 ], [ -68.985100, 9.738323 ], [ -68.985207, 9.737699 ], [ -68.985382, 9.737103 ], [ -68.985527, 9.736478 ], [ -68.985771, 9.735827 ], [ -68.985855, 9.735212 ], [ -68.986046, 9.734335 ], [ -68.986198, 9.733801 ], [ -68.986115, 9.733159 ], [ -68.985969, 9.732635 ], [ -68.985817, 9.731911 ], [ -68.985687, 9.731377 ], [ -68.985489, 9.730880 ], [ -68.985092, 9.730500 ], [ -68.983955, 9.729097 ], [ -68.983597, 9.728600 ], [ -68.983421, 9.728030 ], [ -68.983665, 9.727515 ], [ -68.984077, 9.726981 ], [ -68.984886, 9.725823 ], [ -68.985199, 9.725218 ], [ -68.985420, 9.724711 ], [ -68.985573, 9.724060 ], [ -68.985237, 9.723590 ], [ -68.984497, 9.723598 ], [ -68.984016, 9.724024 ], [ -68.983589, 9.724603 ], [ -68.983345, 9.725163 ], [ -68.982941, 9.725760 ], [ -68.982277, 9.726140 ], [ -68.981697, 9.726221 ], [ -68.981026, 9.726330 ], [ -68.980469, 9.726131 ], [ -68.980041, 9.725660 ], [ -68.979713, 9.725226 ], [ -68.979240, 9.724937 ], [ -68.978607, 9.724657 ], [ -68.978028, 9.724277 ], [ -68.977531, 9.723752 ], [ -68.977196, 9.723165 ], [ -68.976906, 9.722576 ], [ -68.976593, 9.722052 ], [ -68.976234, 9.721600 ], [ -68.975700, 9.721446 ], [ -68.975235, 9.721138 ], [ -68.974739, 9.720713 ], [ -68.974335, 9.720125 ], [ -68.973862, 9.719736 ], [ -68.973328, 9.719863 ], [ -68.972870, 9.720152 ], [ -68.972954, 9.720794 ], [ -68.973274, 9.721907 ], [ -68.973450, 9.722594 ], [ -68.973511, 9.723146 ], [ -68.973053, 9.723544 ], [ -68.972366, 9.723851 ], [ -68.971809, 9.723978 ], [ -68.971283, 9.724285 ], [ -68.970871, 9.724683 ], [ -68.970513, 9.725126 ], [ -68.970123, 9.725506 ], [ -68.969574, 9.725696 ], [ -68.969040, 9.725451 ], [ -68.968613, 9.724981 ], [ -68.968552, 9.724412 ], [ -68.968773, 9.723715 ], [ -68.969154, 9.723290 ], [ -68.969475, 9.722811 ], [ -68.969605, 9.722278 ], [ -68.969429, 9.721617 ], [ -68.969116, 9.721066 ], [ -68.968781, 9.720640 ], [ -68.968536, 9.720070 ], [ -68.968430, 9.719039 ], [ -68.968346, 9.718442 ], [ -68.968292, 9.717899 ], [ -68.968140, 9.717276 ], [ -68.967659, 9.716136 ], [ -68.967300, 9.715711 ], [ -68.966759, 9.715376 ], [ -68.966240, 9.714924 ], [ -68.965866, 9.714426 ], [ -68.965485, 9.714028 ], [ -68.964974, 9.713784 ], [ -68.964432, 9.713468 ], [ -68.964073, 9.712970 ], [ -68.963829, 9.712147 ], [ -68.963631, 9.711558 ], [ -68.963325, 9.710184 ], [ -68.963249, 9.709587 ], [ -68.963211, 9.708927 ], [ -68.963234, 9.707823 ], [ -68.963219, 9.707064 ], [ -68.963287, 9.705688 ], [ -68.963341, 9.704884 ], [ -68.963371, 9.704151 ], [ -68.963387, 9.703527 ], [ -68.963302, 9.702794 ], [ -68.963104, 9.702162 ], [ -68.962959, 9.701636 ], [ -68.962662, 9.700932 ], [ -68.962357, 9.700407 ], [ -68.962044, 9.699837 ], [ -68.961327, 9.698814 ], [ -68.960991, 9.698272 ], [ -68.960678, 9.697729 ], [ -68.960556, 9.697042 ], [ -68.960732, 9.696508 ], [ -68.961563, 9.695468 ], [ -68.961975, 9.695016 ], [ -68.962402, 9.694572 ], [ -68.962860, 9.694157 ], [ -68.963547, 9.693687 ], [ -68.963913, 9.693289 ], [ -68.964203, 9.692801 ], [ -68.963822, 9.692321 ], [ -68.963234, 9.692013 ], [ -68.962517, 9.691823 ], [ -68.961914, 9.691651 ], [ -68.961372, 9.691244 ], [ -68.960945, 9.690729 ], [ -68.960678, 9.690222 ], [ -68.960411, 9.689544 ], [ -68.960236, 9.688811 ], [ -68.960060, 9.688196 ], [ -68.959961, 9.687626 ], [ -68.960037, 9.687002 ], [ -68.960236, 9.686468 ], [ -68.960503, 9.685663 ], [ -68.960655, 9.685112 ], [ -68.960983, 9.684325 ], [ -68.961342, 9.683557 ], [ -68.961700, 9.683050 ], [ -68.962112, 9.682607 ], [ -68.962540, 9.682091 ], [ -68.962921, 9.681531 ], [ -68.963242, 9.681088 ], [ -68.963715, 9.680373 ], [ -68.964378, 9.680083 ], [ -68.964805, 9.679478 ], [ -68.964951, 9.678718 ], [ -68.964737, 9.678166 ], [ -68.964264, 9.677650 ], [ -68.963676, 9.677433 ], [ -68.963074, 9.677379 ], [ -68.962379, 9.677361 ], [ -68.961800, 9.677379 ], [ -68.961037, 9.677433 ], [ -68.960503, 9.677334 ], [ -68.959923, 9.677090 ], [ -68.959381, 9.676935 ], [ -68.959076, 9.676374 ], [ -68.959412, 9.675886 ], [ -68.959984, 9.675389 ], [ -68.960647, 9.675036 ], [ -68.961197, 9.674702 ], [ -68.961533, 9.674258 ], [ -68.961571, 9.673616 ], [ -68.961189, 9.673191 ], [ -68.960678, 9.672965 ], [ -68.959473, 9.672947 ], [ -68.959091, 9.672513 ], [ -68.958969, 9.671898 ], [ -68.959114, 9.671273 ], [ -68.959129, 9.670704 ], [ -68.959236, 9.670152 ], [ -68.959038, 9.669510 ], [ -68.958496, 9.669085 ], [ -68.957916, 9.669003 ], [ -68.957176, 9.669021 ], [ -68.956474, 9.668966 ], [ -68.955917, 9.668858 ], [ -68.955383, 9.668732 ], [ -68.954758, 9.668488 ], [ -68.954003, 9.668044 ], [ -68.953438, 9.667556 ], [ -68.952919, 9.667076 ], [ -68.952568, 9.666687 ], [ -68.951996, 9.665565 ], [ -68.951538, 9.664959 ], [ -68.951157, 9.664543 ], [ -68.950699, 9.664100 ], [ -68.949577, 9.663440 ], [ -68.949165, 9.662906 ], [ -68.948753, 9.662462 ], [ -68.948563, 9.661773 ], [ -68.948303, 9.661260 ], [ -68.947762, 9.660707 ], [ -68.947281, 9.660418 ], [ -68.946831, 9.659903 ], [ -68.946632, 9.659286 ], [ -68.946792, 9.658736 ], [ -68.947136, 9.657986 ], [ -68.947792, 9.656956 ], [ -68.947685, 9.656312 ], [ -68.947609, 9.655651 ], [ -68.947151, 9.655118 ], [ -68.946693, 9.654693 ], [ -68.946243, 9.654204 ], [ -68.946022, 9.653535 ], [ -68.945618, 9.652974 ], [ -68.945396, 9.652804 ], [ -68.945152, 9.652631 ], [ -68.944565, 9.652324 ], [ -68.943932, 9.652116 ], [ -68.943619, 9.652594 ], [ -68.943726, 9.653164 ], [ -68.943924, 9.653951 ], [ -68.944580, 9.655064 ], [ -68.944572, 9.655651 ], [ -68.944046, 9.656016 ], [ -68.943466, 9.656221 ], [ -68.943115, 9.655516 ], [ -68.943085, 9.654855 ], [ -68.942856, 9.654068 ], [ -68.942406, 9.653354 ], [ -68.942039, 9.652847 ], [ -68.941467, 9.652557 ], [ -68.940773, 9.652322 ], [ -68.940270, 9.651987 ], [ -68.939819, 9.651408 ], [ -68.940307, 9.651115 ], [ -68.940933, 9.651004 ], [ -68.941422, 9.650647 ], [ -68.941688, 9.650126 ], [ -68.941887, 9.649601 ], [ -68.941879, 9.648985 ], [ -68.941795, 9.648334 ], [ -68.941597, 9.647800 ], [ -68.941162, 9.647375 ], [ -68.940628, 9.647032 ], [ -68.940170, 9.646778 ], [ -68.939827, 9.646289 ], [ -68.939255, 9.646027 ], [ -68.938774, 9.645584 ], [ -68.938827, 9.645012 ], [ -68.938370, 9.644634 ], [ -68.937798, 9.644425 ], [ -68.937195, 9.644181 ], [ -68.936646, 9.643784 ], [ -68.936691, 9.643182 ], [ -68.937080, 9.642779 ], [ -68.937660, 9.642460 ], [ -68.938263, 9.642285 ], [ -68.938942, 9.642229 ], [ -68.939529, 9.642161 ], [ -68.940010, 9.641855 ], [ -68.940239, 9.641082 ], [ -68.940018, 9.640519 ], [ -68.939446, 9.640076 ], [ -68.938744, 9.639999 ], [ -68.937996, 9.640399 ], [ -68.937477, 9.640760 ], [ -68.936951, 9.641160 ], [ -68.936447, 9.641526 ], [ -68.935913, 9.641748 ], [ -68.935272, 9.641767 ], [ -68.934952, 9.641277 ], [ -68.935379, 9.640483 ], [ -68.935715, 9.640003 ], [ -68.936096, 9.639325 ], [ -68.936310, 9.638774 ], [ -68.936394, 9.638204 ], [ -68.936165, 9.637443 ], [ -68.935852, 9.636909 ], [ -68.935425, 9.636258 ], [ -68.935036, 9.635788 ], [ -68.934479, 9.635670 ], [ -68.933929, 9.635571 ], [ -68.933304, 9.635426 ], [ -68.932899, 9.634865 ], [ -68.932701, 9.634313 ], [ -68.932243, 9.633915 ], [ -68.931663, 9.633725 ], [ -68.931351, 9.633236 ], [ -68.931267, 9.632495 ], [ -68.931282, 9.631880 ], [ -68.931343, 9.631284 ], [ -68.931374, 9.630686 ], [ -68.931244, 9.630034 ], [ -68.930977, 9.629546 ], [ -68.930824, 9.628994 ], [ -68.930717, 9.628443 ], [ -68.930542, 9.627836 ], [ -68.930153, 9.627257 ], [ -68.929649, 9.626904 ], [ -68.929092, 9.626696 ], [ -68.928543, 9.626918 ], [ -68.927917, 9.626832 ], [ -68.927345, 9.626416 ], [ -68.927048, 9.625927 ], [ -68.926506, 9.624932 ], [ -68.925964, 9.624444 ], [ -68.925339, 9.624154 ], [ -68.924675, 9.623937 ], [ -68.923981, 9.623819 ], [ -68.923340, 9.623529 ], [ -68.922996, 9.622950 ], [ -68.923347, 9.622374 ], [ -68.923844, 9.621919 ], [ -68.924446, 9.621710 ], [ -68.924591, 9.621289 ], [ -68.924637, 9.621142 ], [ -68.924400, 9.620543 ], [ -68.924377, 9.620463 ], [ -68.924042, 9.620029 ], [ -68.923607, 9.619632 ], [ -68.923035, 9.619459 ], [ -68.922417, 9.619524 ], [ -68.921814, 9.619613 ], [ -68.921242, 9.619468 ], [ -68.920830, 9.618889 ], [ -68.921265, 9.618248 ], [ -68.921844, 9.617892 ], [ -68.922310, 9.617532 ], [ -68.922485, 9.616975 ], [ -68.922211, 9.616330 ], [ -68.921875, 9.615751 ], [ -68.922035, 9.614929 ], [ -68.922318, 9.614450 ], [ -68.923004, 9.614458 ], [ -68.923531, 9.614793 ], [ -68.923797, 9.614145 ], [ -68.923576, 9.613644 ], [ -68.922867, 9.613155 ], [ -68.922417, 9.612413 ], [ -68.922318, 9.611826 ], [ -68.922279, 9.611193 ], [ -68.922119, 9.610641 ], [ -68.921707, 9.610197 ], [ -68.921555, 9.609636 ], [ -68.921311, 9.609112 ], [ -68.921272, 9.608416 ], [ -68.921333, 9.607837 ], [ -68.921539, 9.606544 ], [ -68.921600, 9.605830 ], [ -68.921631, 9.605205 ], [ -68.921616, 9.604589 ], [ -68.921478, 9.603992 ], [ -68.921257, 9.603341 ], [ -68.921158, 9.602780 ], [ -68.921097, 9.602201 ], [ -68.921074, 9.601062 ], [ -68.920914, 9.600402 ], [ -68.920838, 9.599814 ], [ -68.920815, 9.599219 ], [ -68.920479, 9.598620 ], [ -68.919975, 9.598177 ], [ -68.919335, 9.597507 ], [ -68.918930, 9.596766 ], [ -68.918693, 9.595608 ], [ -68.918610, 9.594920 ], [ -68.918388, 9.594160 ], [ -68.918167, 9.593563 ], [ -68.917610, 9.592316 ], [ -68.917084, 9.591754 ], [ -68.916657, 9.591356 ], [ -68.916313, 9.590895 ], [ -68.916069, 9.590243 ], [ -68.915825, 9.589664 ], [ -68.914940, 9.588552 ], [ -68.914742, 9.587792 ], [ -68.914566, 9.587258 ], [ -68.914391, 9.586679 ], [ -68.914147, 9.586038 ], [ -68.914017, 9.585368 ], [ -68.913910, 9.584744 ], [ -68.913757, 9.584102 ], [ -68.913536, 9.583478 ], [ -68.913292, 9.582944 ], [ -68.912972, 9.582410 ], [ -68.912636, 9.581877 ], [ -68.912415, 9.581252 ], [ -68.912079, 9.580628 ], [ -68.911758, 9.580167 ], [ -68.911209, 9.579588 ], [ -68.910759, 9.579027 ], [ -68.910377, 9.578358 ], [ -68.910111, 9.577688 ], [ -68.909820, 9.577019 ], [ -68.909500, 9.576530 ], [ -68.909050, 9.575996 ], [ -68.908638, 9.575462 ], [ -68.908371, 9.574794 ], [ -68.908127, 9.574142 ], [ -68.907890, 9.573663 ], [ -68.907333, 9.573074 ], [ -68.906952, 9.572586 ], [ -68.906677, 9.571989 ], [ -68.906387, 9.571311 ], [ -68.906120, 9.570759 ], [ -68.905693, 9.570135 ], [ -68.905281, 9.569736 ], [ -68.904892, 9.569230 ], [ -68.904320, 9.568940 ], [ -68.903671, 9.568886 ], [ -68.903053, 9.568759 ], [ -68.902519, 9.568569 ], [ -68.901855, 9.568497 ], [ -68.901230, 9.568297 ], [ -68.901268, 9.567384 ], [ -68.901581, 9.566607 ], [ -68.902069, 9.566172 ], [ -68.902634, 9.566000 ], [ -68.902984, 9.565566 ], [ -68.903046, 9.564789 ], [ -68.903076, 9.564219 ], [ -68.903038, 9.563477 ], [ -68.903145, 9.562654 ], [ -68.903488, 9.561306 ], [ -68.903709, 9.560529 ], [ -68.903931, 9.559977 ], [ -68.904335, 9.559254 ], [ -68.904365, 9.558494 ], [ -68.904373, 9.557915 ], [ -68.904480, 9.557255 ], [ -68.904549, 9.555853 ], [ -68.904465, 9.555002 ], [ -68.904358, 9.554423 ], [ -68.904320, 9.553854 ], [ -68.904678, 9.553374 ], [ -68.905029, 9.552805 ], [ -68.905136, 9.552253 ], [ -68.905029, 9.551476 ], [ -68.904716, 9.550806 ], [ -68.904495, 9.550019 ], [ -68.904411, 9.549422 ], [ -68.904495, 9.548798 ], [ -68.904617, 9.548164 ], [ -68.904770, 9.547496 ], [ -68.904938, 9.546944 ], [ -68.905205, 9.546401 ], [ -68.905533, 9.545949 ], [ -68.905846, 9.545307 ], [ -68.906037, 9.544692 ], [ -68.906006, 9.543905 ], [ -68.906105, 9.543155 ], [ -68.906326, 9.542603 ], [ -68.906822, 9.541943 ], [ -68.906952, 9.541101 ], [ -68.906845, 9.540405 ], [ -68.907005, 9.539030 ], [ -68.906876, 9.538253 ], [ -68.906540, 9.537438 ], [ -68.906113, 9.536841 ], [ -68.905632, 9.536371 ], [ -68.905174, 9.535973 ], [ -68.904534, 9.535620 ], [ -68.903938, 9.535565 ], [ -68.903335, 9.535231 ], [ -68.902954, 9.534769 ], [ -68.902542, 9.534326 ], [ -68.902092, 9.533793 ], [ -68.901588, 9.533321 ], [ -68.900604, 9.532643 ], [ -68.900192, 9.532245 ], [ -68.899826, 9.531811 ], [ -68.899330, 9.531313 ], [ -68.898987, 9.530833 ], [ -68.898979, 9.530137 ], [ -68.898941, 9.529287 ], [ -68.898582, 9.528708 ], [ -68.898193, 9.528292 ], [ -68.897926, 9.527758 ], [ -68.897522, 9.527061 ], [ -68.897247, 9.526555 ], [ -68.896912, 9.525795 ], [ -68.896576, 9.525325 ], [ -68.896103, 9.524402 ], [ -68.895767, 9.523597 ], [ -68.894646, 9.522819 ], [ -68.894073, 9.522330 ], [ -68.893646, 9.521977 ], [ -68.893158, 9.521669 ], [ -68.892517, 9.521344 ], [ -68.892159, 9.520738 ], [ -68.891823, 9.519905 ], [ -68.891182, 9.519372 ], [ -68.891152, 9.518449 ], [ -68.891373, 9.517761 ], [ -68.891731, 9.517129 ], [ -68.891602, 9.516252 ], [ -68.891266, 9.515790 ], [ -68.890770, 9.514976 ], [ -68.890732, 9.514397 ], [ -68.890968, 9.513809 ], [ -68.891853, 9.513682 ], [ -68.892677, 9.514108 ], [ -68.893364, 9.514371 ], [ -68.893906, 9.514036 ], [ -68.894417, 9.513629 ], [ -68.895187, 9.513548 ], [ -68.895660, 9.512815 ], [ -68.896019, 9.512110 ], [ -68.896286, 9.511242 ], [ -68.895973, 9.510554 ], [ -68.895424, 9.510056 ], [ -68.894966, 9.509731 ], [ -68.894241, 9.508962 ], [ -68.893921, 9.508429 ], [ -68.893311, 9.507804 ], [ -68.892738, 9.507424 ], [ -68.892143, 9.506935 ], [ -68.892242, 9.506311 ], [ -68.892616, 9.505886 ], [ -68.893097, 9.505154 ], [ -68.893356, 9.504520 ], [ -68.893761, 9.504114 ], [ -68.894043, 9.503634 ], [ -68.894310, 9.502920 ], [ -68.894478, 9.502214 ], [ -68.894768, 9.501663 ], [ -68.895141, 9.501284 ], [ -68.894974, 9.500360 ], [ -68.894585, 9.499827 ], [ -68.894089, 9.499040 ], [ -68.894173, 9.498371 ], [ -68.894180, 9.497801 ], [ -68.894211, 9.497231 ], [ -68.894333, 9.496653 ], [ -68.894577, 9.496110 ], [ -68.895470, 9.495206 ], [ -68.895889, 9.494744 ], [ -68.896293, 9.494229 ], [ -68.896675, 9.493542 ], [ -68.897118, 9.493134 ], [ -68.897919, 9.492230 ], [ -68.898300, 9.491633 ], [ -68.898727, 9.491137 ], [ -68.899170, 9.490666 ], [ -68.899712, 9.490350 ], [ -68.900223, 9.490015 ], [ -68.900574, 9.489509 ], [ -68.900680, 9.488867 ], [ -68.900620, 9.488297 ], [ -68.900604, 9.487510 ], [ -68.900734, 9.486804 ], [ -68.901001, 9.486253 ], [ -68.901009, 9.485656 ], [ -68.900665, 9.485222 ], [ -68.900093, 9.484661 ], [ -68.899597, 9.484099 ], [ -68.899376, 9.483521 ], [ -68.899384, 9.482861 ], [ -68.899330, 9.482001 ], [ -68.899315, 9.481431 ], [ -68.898926, 9.480898 ], [ -68.898498, 9.480454 ], [ -68.898018, 9.479939 ], [ -68.897583, 9.479568 ], [ -68.897110, 9.478944 ], [ -68.896813, 9.478455 ], [ -68.896255, 9.477135 ], [ -68.895531, 9.476067 ], [ -68.895126, 9.475425 ], [ -68.894722, 9.474746 ], [ -68.894524, 9.474176 ], [ -68.894280, 9.473253 ], [ -68.893883, 9.472231 ], [ -68.893456, 9.471625 ], [ -68.892883, 9.471091 ], [ -68.892471, 9.470648 ], [ -68.892036, 9.470250 ], [ -68.891396, 9.469789 ], [ -68.890823, 9.469363 ], [ -68.890465, 9.468920 ], [ -68.890266, 9.468250 ], [ -68.890114, 9.467536 ], [ -68.889893, 9.466939 ], [ -68.889557, 9.466269 ], [ -68.889381, 9.465664 ], [ -68.889412, 9.465094 ], [ -68.889633, 9.464524 ], [ -68.889938, 9.463819 ], [ -68.890274, 9.463294 ], [ -68.890808, 9.463096 ], [ -68.891441, 9.462733 ], [ -68.891823, 9.462001 ], [ -68.892013, 9.461432 ], [ -68.891930, 9.460834 ], [ -68.891777, 9.460120 ], [ -68.892517, 9.458872 ], [ -68.892998, 9.457678 ], [ -68.893097, 9.457036 ], [ -68.892952, 9.456376 ], [ -68.892769, 9.455842 ], [ -68.892784, 9.455154 ], [ -68.892861, 9.454513 ], [ -68.892853, 9.453545 ], [ -68.892868, 9.452766 ], [ -68.892807, 9.452215 ], [ -68.892677, 9.451546 ], [ -68.892570, 9.450759 ], [ -68.892563, 9.449981 ], [ -68.892525, 9.449384 ], [ -68.892723, 9.448696 ], [ -68.893410, 9.447584 ], [ -68.893784, 9.447132 ], [ -68.894073, 9.446445 ], [ -68.894173, 9.445875 ], [ -68.894157, 9.445296 ], [ -68.894195, 9.444699 ], [ -68.894364, 9.444130 ], [ -68.894668, 9.443650 ], [ -68.894753, 9.443098 ], [ -68.894722, 9.442185 ], [ -68.894539, 9.441624 ], [ -68.894318, 9.441072 ], [ -68.893913, 9.440421 ], [ -68.893600, 9.439796 ], [ -68.893700, 9.439046 ], [ -68.893967, 9.438422 ], [ -68.893722, 9.437753 ], [ -68.893410, 9.437291 ], [ -68.892700, 9.436567 ], [ -68.892364, 9.435970 ], [ -68.892166, 9.435139 ], [ -68.891998, 9.434153 ], [ -68.891800, 9.433619 ], [ -68.891388, 9.433103 ], [ -68.890907, 9.432642 ], [ -68.890480, 9.432289 ], [ -68.889816, 9.431655 ], [ -68.889290, 9.431104 ], [ -68.888474, 9.430307 ], [ -68.887901, 9.429791 ], [ -68.887329, 9.429394 ], [ -68.886894, 9.429023 ], [ -68.886436, 9.428688 ], [ -68.885933, 9.428434 ], [ -68.885460, 9.427874 ], [ -68.885208, 9.427366 ], [ -68.884941, 9.426787 ], [ -68.884789, 9.426137 ], [ -68.884872, 9.425504 ], [ -68.884971, 9.424952 ], [ -68.884842, 9.424048 ], [ -68.884560, 9.423360 ], [ -68.884331, 9.422853 ], [ -68.884186, 9.422048 ], [ -68.884194, 9.421469 ], [ -68.884232, 9.420664 ], [ -68.884338, 9.419334 ], [ -68.884232, 9.418737 ], [ -68.884041, 9.418023 ], [ -68.884254, 9.417218 ], [ -68.884766, 9.415915 ], [ -68.884979, 9.415391 ], [ -68.885086, 9.414731 ], [ -68.885094, 9.414107 ], [ -68.885170, 9.413537 ], [ -68.885437, 9.412786 ], [ -68.885681, 9.412217 ], [ -68.885918, 9.411620 ], [ -68.886048, 9.410815 ], [ -68.885857, 9.409694 ], [ -68.885750, 9.408934 ], [ -68.885712, 9.408328 ], [ -68.885613, 9.407685 ], [ -68.885391, 9.406880 ], [ -68.884865, 9.406410 ], [ -68.884316, 9.406201 ], [ -68.883759, 9.406102 ], [ -68.883659, 9.406835 ], [ -68.883278, 9.405903 ], [ -68.882683, 9.405441 ], [ -68.882103, 9.405595 ], [ -68.881661, 9.405974 ], [ -68.881462, 9.406662 ], [ -68.881432, 9.407304 ], [ -68.881302, 9.407874 ], [ -68.881088, 9.408443 ], [ -68.880486, 9.408688 ], [ -68.879929, 9.408407 ], [ -68.879334, 9.408262 ], [ -68.878731, 9.408162 ], [ -68.878746, 9.407421 ], [ -68.878937, 9.406878 ], [ -68.879295, 9.406055 ], [ -68.879494, 9.405396 ], [ -68.879867, 9.404871 ], [ -68.880043, 9.404301 ], [ -68.879661, 9.403577 ], [ -68.879181, 9.403278 ], [ -68.878616, 9.403567 ], [ -68.877609, 9.404626 ], [ -68.877113, 9.405032 ], [ -68.876625, 9.405349 ], [ -68.876182, 9.405801 ], [ -68.875831, 9.407592 ], [ -68.875519, 9.408298 ], [ -68.875206, 9.408839 ], [ -68.875015, 9.409410 ], [ -68.874679, 9.410233 ], [ -68.874161, 9.410711 ], [ -68.872879, 9.411100 ], [ -68.871605, 9.411660 ], [ -68.870857, 9.411922 ], [ -68.870255, 9.412167 ], [ -68.869156, 9.412682 ], [ -68.867767, 9.413007 ], [ -68.866836, 9.413178 ], [ -68.866234, 9.413232 ], [ -68.865730, 9.412879 ], [ -68.865158, 9.412572 ], [ -68.864631, 9.412381 ], [ -68.864052, 9.412309 ], [ -68.863503, 9.412065 ], [ -68.863235, 9.411468 ], [ -68.862824, 9.410934 ], [ -68.862671, 9.410219 ], [ -68.862755, 9.409649 ], [ -68.862968, 9.409070 ], [ -68.863258, 9.408600 ], [ -68.863380, 9.408049 ], [ -68.863434, 9.407452 ], [ -68.863213, 9.406873 ], [ -68.863083, 9.406113 ], [ -68.863327, 9.405334 ], [ -68.863152, 9.404783 ], [ -68.862602, 9.404548 ], [ -68.862015, 9.404837 ], [ -68.861595, 9.405289 ], [ -68.861008, 9.405668 ], [ -68.860435, 9.405361 ], [ -68.859940, 9.404845 ], [ -68.859810, 9.404293 ], [ -68.859886, 9.403724 ], [ -68.860146, 9.403127 ], [ -68.860481, 9.402657 ], [ -68.860993, 9.402178 ], [ -68.861557, 9.401934 ], [ -68.862228, 9.401780 ], [ -68.862854, 9.401699 ], [ -68.863503, 9.401482 ], [ -68.863968, 9.401138 ], [ -68.864395, 9.400641 ], [ -68.865006, 9.400099 ], [ -68.865517, 9.399855 ], [ -68.866127, 9.399611 ], [ -68.866341, 9.399086 ], [ -68.866280, 9.398263 ], [ -68.865990, 9.397639 ], [ -68.865868, 9.396833 ], [ -68.865830, 9.396183 ], [ -68.865768, 9.395631 ], [ -68.865387, 9.395006 ], [ -68.864998, 9.394427 ], [ -68.864571, 9.393758 ], [ -68.863899, 9.392320 ], [ -68.863472, 9.391813 ], [ -68.863014, 9.391433 ], [ -68.862465, 9.390945 ], [ -68.862076, 9.390528 ], [ -68.861534, 9.389967 ], [ -68.861030, 9.389614 ], [ -68.860199, 9.389370 ], [ -68.859528, 9.389342 ], [ -68.858910, 9.389351 ], [ -68.858169, 9.389341 ], [ -68.857338, 9.389079 ], [ -68.856766, 9.388817 ], [ -68.856216, 9.388391 ], [ -68.856018, 9.387749 ], [ -68.855934, 9.387152 ], [ -68.855873, 9.386528 ], [ -68.855896, 9.385243 ], [ -68.855858, 9.384556 ], [ -68.855644, 9.383769 ], [ -68.855202, 9.382476 ], [ -68.855171, 9.381119 ], [ -68.854881, 9.380540 ], [ -68.854446, 9.380124 ], [ -68.853989, 9.379753 ], [ -68.853516, 9.379282 ], [ -68.853035, 9.378748 ], [ -68.852608, 9.378233 ], [ -68.852173, 9.377862 ], [ -68.851555, 9.377437 ], [ -68.851029, 9.376993 ], [ -68.850601, 9.376387 ], [ -68.850258, 9.375925 ], [ -68.849693, 9.375300 ], [ -68.849029, 9.374875 ], [ -68.848503, 9.374568 ], [ -68.847771, 9.374006 ], [ -68.847015, 9.373373 ], [ -68.846374, 9.372812 ], [ -68.845764, 9.372323 ], [ -68.845276, 9.371998 ], [ -68.844986, 9.371791 ], [ -68.844482, 9.371428 ], [ -68.843788, 9.370984 ], [ -68.841644, 9.369554 ], [ -68.840362, 9.368594 ], [ -68.839928, 9.368151 ], [ -68.839455, 9.367590 ], [ -68.838905, 9.366894 ], [ -68.838478, 9.366404 ], [ -68.837700, 9.365726 ], [ -68.837219, 9.365255 ], [ -68.836540, 9.364632 ], [ -68.836060, 9.364324 ], [ -68.835487, 9.363971 ], [ -68.834953, 9.363708 ], [ -68.834244, 9.363328 ], [ -68.832436, 9.362522 ], [ -68.831787, 9.362287 ], [ -68.831192, 9.362087 ], [ -68.830475, 9.361924 ], [ -68.829834, 9.361752 ], [ -68.829231, 9.361607 ], [ -68.828018, 9.360964 ], [ -68.827240, 9.360538 ], [ -68.826431, 9.360140 ], [ -68.825607, 9.359805 ], [ -68.824966, 9.359561 ], [ -68.824203, 9.359370 ], [ -68.823585, 9.359126 ], [ -68.822777, 9.358772 ], [ -68.822273, 9.358510 ], [ -68.821632, 9.358111 ], [ -68.821083, 9.357740 ], [ -68.820373, 9.357361 ], [ -68.819641, 9.357098 ], [ -68.819107, 9.356808 ], [ -68.818062, 9.355695 ], [ -68.817543, 9.355161 ], [ -68.817108, 9.354646 ], [ -68.816704, 9.354112 ], [ -68.815315, 9.352455 ], [ -68.814224, 9.351433 ], [ -68.813560, 9.351007 ], [ -68.812920, 9.350564 ], [ -68.812233, 9.350256 ], [ -68.810875, 9.349849 ], [ -68.810089, 9.349649 ], [ -68.809372, 9.349549 ], [ -68.808105, 9.349340 ], [ -68.807388, 9.349376 ], [ -68.806740, 9.349457 ], [ -68.805580, 9.349854 ], [ -68.804833, 9.350143 ], [ -68.804092, 9.350360 ], [ -68.803276, 9.350469 ], [ -68.802566, 9.350359 ], [ -68.801949, 9.349961 ], [ -68.801354, 9.349174 ], [ -68.800812, 9.348639 ], [ -68.800400, 9.348196 ], [ -68.799965, 9.347843 ], [ -68.799370, 9.347789 ], [ -68.798676, 9.347843 ], [ -68.798004, 9.347562 ], [ -68.797691, 9.347028 ], [ -68.798073, 9.346486 ], [ -68.798492, 9.346097 ], [ -68.799057, 9.345691 ], [ -68.798668, 9.345229 ], [ -68.797974, 9.345283 ], [ -68.797302, 9.345436 ], [ -68.796692, 9.345608 ], [ -68.795837, 9.345580 ], [ -68.795151, 9.345155 ], [ -68.794609, 9.344729 ], [ -68.794083, 9.344286 ], [ -68.793816, 9.343661 ], [ -68.793617, 9.343082 ], [ -68.793991, 9.342585 ], [ -68.794525, 9.342414 ], [ -68.795258, 9.342876 ], [ -68.795662, 9.343527 ], [ -68.796143, 9.343906 ], [ -68.796699, 9.343708 ], [ -68.796806, 9.343039 ], [ -68.796494, 9.342550 ], [ -68.796036, 9.342134 ], [ -68.795647, 9.341718 ], [ -68.795128, 9.340976 ], [ -68.794739, 9.340532 ], [ -68.794403, 9.340044 ], [ -68.793968, 9.339555 ], [ -68.793442, 9.339319 ], [ -68.793289, 9.340070 ], [ -68.793419, 9.340993 ], [ -68.793015, 9.341562 ], [ -68.792229, 9.341300 ], [ -68.791756, 9.340756 ], [ -68.791389, 9.340295 ], [ -68.790863, 9.340060 ], [ -68.790268, 9.339914 ], [ -68.789619, 9.339652 ], [ -68.789162, 9.339317 ], [ -68.789055, 9.340149 ], [ -68.788956, 9.340719 ], [ -68.788559, 9.341243 ], [ -68.787857, 9.341342 ], [ -68.787125, 9.341062 ], [ -68.786553, 9.340754 ], [ -68.785980, 9.340193 ], [ -68.785439, 9.339378 ], [ -68.784966, 9.338844 ], [ -68.784279, 9.338147 ], [ -68.784249, 9.337523 ], [ -68.784164, 9.336881 ], [ -68.783745, 9.335470 ], [ -68.783661, 9.334900 ], [ -68.783562, 9.333399 ], [ -68.784020, 9.332911 ], [ -68.784256, 9.332386 ], [ -68.784599, 9.331880 ], [ -68.785042, 9.331419 ], [ -68.785507, 9.331048 ], [ -68.786011, 9.330777 ], [ -68.787033, 9.330090 ], [ -68.787445, 9.329466 ], [ -68.787285, 9.328915 ], [ -68.786728, 9.328526 ], [ -68.786270, 9.328181 ], [ -68.786034, 9.327584 ], [ -68.785919, 9.326941 ], [ -68.785622, 9.326390 ], [ -68.785202, 9.325955 ], [ -68.784737, 9.325512 ], [ -68.784233, 9.325123 ], [ -68.783768, 9.324716 ], [ -68.783256, 9.324227 ], [ -68.782661, 9.323883 ], [ -68.781982, 9.323864 ], [ -68.781570, 9.324326 ], [ -68.781296, 9.325564 ], [ -68.781151, 9.326134 ], [ -68.780739, 9.326523 ], [ -68.780182, 9.326342 ], [ -68.779953, 9.325817 ], [ -68.779999, 9.325238 ], [ -68.780090, 9.324551 ], [ -68.780830, 9.322761 ], [ -68.781014, 9.322145 ], [ -68.781082, 9.321548 ], [ -68.781014, 9.320951 ], [ -68.780853, 9.320399 ], [ -68.780624, 9.319848 ], [ -68.780273, 9.319314 ], [ -68.779740, 9.319115 ], [ -68.779114, 9.319295 ], [ -68.778633, 9.319801 ], [ -68.778305, 9.320353 ], [ -68.778030, 9.320877 ], [ -68.777565, 9.321953 ], [ -68.777313, 9.322505 ], [ -68.777031, 9.323038 ], [ -68.776573, 9.323400 ], [ -68.776245, 9.322920 ], [ -68.776108, 9.322369 ], [ -68.776108, 9.321754 ], [ -68.776222, 9.321129 ], [ -68.776383, 9.320487 ], [ -68.776848, 9.319339 ], [ -68.776985, 9.318788 ], [ -68.776779, 9.318235 ], [ -68.776222, 9.317937 ], [ -68.775620, 9.317964 ], [ -68.774971, 9.317981 ], [ -68.774307, 9.318098 ], [ -68.773659, 9.318306 ], [ -68.773102, 9.318585 ], [ -68.772568, 9.318902 ], [ -68.772102, 9.319272 ], [ -68.771568, 9.319498 ], [ -68.771019, 9.319335 ], [ -68.770508, 9.318186 ], [ -68.769951, 9.317824 ], [ -68.768677, 9.317389 ], [ -68.768105, 9.317135 ], [ -68.767662, 9.316764 ], [ -68.767311, 9.316284 ], [ -68.767014, 9.315778 ], [ -68.766945, 9.315208 ], [ -68.767219, 9.314611 ], [ -68.767570, 9.313988 ], [ -68.768105, 9.312866 ], [ -68.768265, 9.312224 ], [ -68.768219, 9.311600 ], [ -68.768105, 9.311030 ], [ -68.767754, 9.310478 ], [ -68.767219, 9.310134 ], [ -68.766594, 9.309926 ], [ -68.765953, 9.309925 ], [ -68.765396, 9.310494 ], [ -68.765068, 9.311001 ], [ -68.764725, 9.311462 ], [ -68.764397, 9.312014 ], [ -68.763962, 9.312583 ], [ -68.763542, 9.312999 ], [ -68.763123, 9.313388 ], [ -68.762497, 9.313486 ], [ -68.761993, 9.313088 ], [ -68.761856, 9.312518 ], [ -68.761803, 9.311786 ], [ -68.761879, 9.311162 ], [ -68.761879, 9.310592 ], [ -68.761856, 9.309950 ], [ -68.761780, 9.309208 ], [ -68.761642, 9.308611 ], [ -68.761391, 9.308068 ], [ -68.761436, 9.307326 ], [ -68.761459, 9.306684 ], [ -68.761230, 9.306132 ], [ -68.760903, 9.305580 ], [ -68.760490, 9.305173 ], [ -68.760002, 9.304784 ], [ -68.759567, 9.304367 ], [ -68.759239, 9.303888 ], [ -68.759422, 9.303309 ], [ -68.759956, 9.302894 ], [ -68.760490, 9.302577 ], [ -68.761047, 9.302279 ], [ -68.761719, 9.302144 ], [ -68.762322, 9.302045 ], [ -68.762917, 9.301746 ], [ -68.763313, 9.301294 ], [ -68.763641, 9.300807 ], [ -68.763870, 9.300282 ], [ -68.763962, 9.299658 ], [ -68.764008, 9.298998 ], [ -68.763519, 9.298581 ], [ -68.762894, 9.298327 ], [ -68.762482, 9.297912 ], [ -68.762177, 9.297315 ], [ -68.762322, 9.296654 ], [ -68.762848, 9.296329 ], [ -68.763474, 9.296194 ], [ -68.764145, 9.296122 ], [ -68.764816, 9.296077 ], [ -68.765465, 9.295987 ], [ -68.766045, 9.295689 ], [ -68.767113, 9.294975 ], [ -68.767570, 9.294614 ], [ -68.768356, 9.293510 ], [ -68.768891, 9.293050 ], [ -68.769447, 9.292661 ], [ -68.770004, 9.292335 ], [ -68.770607, 9.292218 ], [ -68.771278, 9.292246 ], [ -68.771927, 9.292310 ], [ -68.772644, 9.292356 ], [ -68.773338, 9.292311 ], [ -68.773918, 9.292293 ], [ -68.774536, 9.292221 ], [ -68.775116, 9.292041 ], [ -68.775627, 9.291742 ], [ -68.775810, 9.291163 ], [ -68.775719, 9.290566 ], [ -68.775558, 9.289969 ], [ -68.775673, 9.289372 ], [ -68.775955, 9.288776 ], [ -68.776321, 9.288270 ], [ -68.776581, 9.287718 ], [ -68.776627, 9.287076 ], [ -68.776459, 9.286506 ], [ -68.776184, 9.285954 ], [ -68.775558, 9.284850 ], [ -68.775421, 9.284281 ], [ -68.775215, 9.283747 ], [ -68.774956, 9.283176 ], [ -68.774841, 9.282553 ], [ -68.774704, 9.281982 ], [ -68.774544, 9.281404 ], [ -68.773964, 9.281249 ], [ -68.773315, 9.281358 ], [ -68.772736, 9.281475 ], [ -68.772064, 9.281312 ], [ -68.771744, 9.280814 ], [ -68.772041, 9.280308 ], [ -68.772552, 9.279964 ], [ -68.773155, 9.279801 ], [ -68.773850, 9.279865 ], [ -68.774521, 9.279893 ], [ -68.775169, 9.279866 ], [ -68.775841, 9.279658 ], [ -68.776367, 9.279270 ], [ -68.776787, 9.278764 ], [ -68.776947, 9.278213 ], [ -68.776627, 9.277687 ], [ -68.776047, 9.277596 ], [ -68.775467, 9.277596 ], [ -68.774216, 9.277505 ], [ -68.773544, 9.277432 ], [ -68.773041, 9.277161 ], [ -68.772461, 9.276907 ], [ -68.771812, 9.276653 ], [ -68.771233, 9.276680 ], [ -68.770584, 9.276997 ], [ -68.770119, 9.277412 ], [ -68.769592, 9.277637 ], [ -68.769081, 9.277248 ], [ -68.768967, 9.276607 ], [ -68.769035, 9.275991 ], [ -68.769013, 9.275349 ], [ -68.768456, 9.275023 ], [ -68.767181, 9.275158 ], [ -68.766602, 9.275203 ], [ -68.766007, 9.275365 ], [ -68.765564, 9.275808 ], [ -68.765282, 9.276378 ], [ -68.765190, 9.277001 ], [ -68.765282, 9.277598 ], [ -68.765541, 9.278142 ], [ -68.765862, 9.278675 ], [ -68.766022, 9.279318 ], [ -68.765838, 9.279869 ], [ -68.765350, 9.280186 ], [ -68.764710, 9.280185 ], [ -68.764313, 9.279733 ], [ -68.764084, 9.279136 ], [ -68.764267, 9.278584 ], [ -68.764107, 9.277942 ], [ -68.763802, 9.277390 ], [ -68.763458, 9.276838 ], [ -68.763618, 9.276241 ], [ -68.763756, 9.275689 ], [ -68.763321, 9.275318 ], [ -68.762741, 9.275553 ], [ -68.762161, 9.275670 ], [ -68.760864, 9.275868 ], [ -68.760330, 9.276076 ], [ -68.759735, 9.276194 ], [ -68.759270, 9.275849 ], [ -68.759338, 9.275180 ], [ -68.759804, 9.274774 ], [ -68.760330, 9.274376 ], [ -68.760773, 9.274014 ], [ -68.760658, 9.273372 ], [ -68.760078, 9.273118 ], [ -68.759476, 9.272937 ], [ -68.758781, 9.272819 ], [ -68.758041, 9.272728 ], [ -68.757324, 9.272592 ], [ -68.756630, 9.272447 ], [ -68.756027, 9.272310 ], [ -68.755447, 9.272220 ], [ -68.754852, 9.272156 ], [ -68.754272, 9.272056 ], [ -68.753693, 9.271902 ], [ -68.752579, 9.271576 ], [ -68.751938, 9.271620 ], [ -68.751335, 9.271737 ], [ -68.750709, 9.271945 ], [ -68.750130, 9.272062 ], [ -68.749550, 9.271990 ], [ -68.748879, 9.271989 ], [ -68.748230, 9.271925 ], [ -68.747627, 9.271762 ], [ -68.747025, 9.271581 ], [ -68.746498, 9.271282 ], [ -68.746216, 9.270775 ], [ -68.746498, 9.270178 ], [ -68.746712, 9.269554 ], [ -68.746841, 9.268957 ], [ -68.746864, 9.268342 ], [ -68.746544, 9.267745 ], [ -68.746269, 9.267564 ], [ -68.746033, 9.267419 ], [ -68.745498, 9.267148 ], [ -68.744255, 9.266730 ], [ -68.743652, 9.266414 ], [ -68.743118, 9.266088 ], [ -68.742653, 9.265743 ], [ -68.742424, 9.265174 ], [ -68.742470, 9.264595 ], [ -68.742493, 9.264025 ], [ -68.742332, 9.263446 ], [ -68.741867, 9.263030 ], [ -68.741241, 9.262966 ], [ -68.740623, 9.263038 ], [ -68.739952, 9.263381 ], [ -68.739510, 9.263769 ], [ -68.739021, 9.264086 ], [ -68.738373, 9.263977 ], [ -68.737938, 9.263606 ], [ -68.737381, 9.263244 ], [ -68.736756, 9.263035 ], [ -68.736130, 9.262917 ], [ -68.735550, 9.263152 ], [ -68.735115, 9.263603 ], [ -68.734932, 9.263558 ], [ -68.734360, 9.264010 ], [ -68.733269, 9.264399 ], [ -68.732369, 9.265021 ], [ -68.731949, 9.265292 ], [ -68.731438, 9.265591 ], [ -68.730995, 9.265843 ], [ -68.730369, 9.266088 ], [ -68.729774, 9.266159 ], [ -68.729126, 9.266041 ], [ -68.728546, 9.265878 ], [ -68.727920, 9.265759 ], [ -68.727341, 9.265596 ], [ -68.726700, 9.265433 ], [ -68.726097, 9.265224 ], [ -68.725586, 9.264962 ], [ -68.725113, 9.264591 ], [ -68.724678, 9.263876 ], [ -68.724373, 9.263324 ], [ -68.724075, 9.262709 ], [ -68.723961, 9.262112 ], [ -68.724053, 9.261470 ], [ -68.725166, 9.261100 ], [ -68.725556, 9.260639 ], [ -68.725838, 9.260141 ], [ -68.725441, 9.259680 ], [ -68.724953, 9.259354 ], [ -68.725349, 9.258920 ], [ -68.726387, 9.258251 ], [ -68.726692, 9.257772 ], [ -68.726784, 9.257131 ], [ -68.726341, 9.256714 ], [ -68.725792, 9.256460 ], [ -68.725166, 9.256207 ], [ -68.724541, 9.256143 ], [ -68.723961, 9.256486 ], [ -68.723473, 9.256902 ], [ -68.723015, 9.257245 ], [ -68.722527, 9.257661 ], [ -68.721901, 9.257859 ], [ -68.721558, 9.257380 ], [ -68.721252, 9.256900 ], [ -68.720741, 9.257271 ], [ -68.720512, 9.257867 ], [ -68.720238, 9.258410 ], [ -68.719726, 9.258735 ], [ -68.719101, 9.258689 ], [ -68.718636, 9.258273 ], [ -68.718246, 9.257865 ], [ -68.717690, 9.257585 ], [ -68.717224, 9.257177 ], [ -68.717438, 9.256598 ], [ -68.718361, 9.255731 ], [ -68.718361, 9.255079 ], [ -68.717667, 9.254926 ], [ -68.717041, 9.254735 ], [ -68.716461, 9.254644 ], [ -68.715843, 9.254625 ], [ -68.715561, 9.255150 ], [ -68.715187, 9.255610 ], [ -68.714684, 9.255312 ], [ -68.714195, 9.254968 ], [ -68.713615, 9.254968 ], [ -68.713035, 9.255085 ], [ -68.712486, 9.255338 ], [ -68.711327, 9.255816 ], [ -68.710999, 9.255336 ], [ -68.711372, 9.254758 ], [ -68.711792, 9.254369 ], [ -68.712158, 9.253908 ], [ -68.712326, 9.253266 ], [ -68.712044, 9.252714 ], [ -68.711556, 9.252397 ], [ -68.710892, 9.252397 ], [ -68.710335, 9.252694 ], [ -68.709938, 9.253201 ], [ -68.709335, 9.253590 ], [ -68.708755, 9.253679 ], [ -68.708275, 9.254230 ], [ -68.708038, 9.254782 ], [ -68.707649, 9.255243 ], [ -68.707023, 9.255125 ], [ -68.706421, 9.254853 ], [ -68.705864, 9.254436 ], [ -68.705429, 9.254002 ], [ -68.705078, 9.253540 ], [ -68.704781, 9.253016 ], [ -68.704643, 9.252826 ], [ -68.704117, 9.252925 ], [ -68.703567, 9.252716 ], [ -68.703148, 9.252444 ], [ -68.703156, 9.251893 ], [ -68.704010, 9.251179 ], [ -68.704407, 9.250863 ], [ -68.704872, 9.250447 ], [ -68.705010, 9.249941 ], [ -68.704620, 9.249552 ], [ -68.704017, 9.249198 ], [ -68.703514, 9.249035 ], [ -68.702957, 9.249124 ], [ -68.701775, 9.250227 ], [ -68.701309, 9.250634 ], [ -68.700936, 9.250978 ], [ -68.700539, 9.251303 ], [ -68.700050, 9.251511 ], [ -68.699455, 9.251410 ], [ -68.698898, 9.251157 ], [ -68.698296, 9.250903 ], [ -68.697792, 9.250757 ], [ -68.696884, 9.251354 ], [ -68.696327, 9.251652 ], [ -68.696175, 9.251860 ], [ -68.695526, 9.252049 ], [ -68.694969, 9.251678 ], [ -68.694504, 9.251262 ], [ -68.693878, 9.251152 ], [ -68.693275, 9.251215 ], [ -68.692657, 9.251377 ], [ -68.692032, 9.251377 ], [ -68.691498, 9.251150 ], [ -68.691406, 9.250571 ], [ -68.691918, 9.250228 ], [ -68.692398, 9.249885 ], [ -68.692818, 9.249424 ], [ -68.692909, 9.248854 ], [ -68.692543, 9.248212 ], [ -68.692123, 9.247795 ], [ -68.691749, 9.247289 ], [ -68.691589, 9.246674 ], [ -68.691658, 9.246095 ], [ -68.692238, 9.245001 ], [ -68.692444, 9.244376 ], [ -68.692169, 9.243752 ], [ -68.691589, 9.243408 ], [ -68.691063, 9.243163 ], [ -68.690506, 9.243000 ], [ -68.689926, 9.242864 ], [ -68.689346, 9.242656 ], [ -68.688866, 9.242356 ], [ -68.688240, 9.242148 ], [ -68.687614, 9.242012 ], [ -68.687126, 9.241686 ], [ -68.685829, 9.240337 ], [ -68.685081, 9.239739 ], [ -68.684975, 9.240046 ], [ -68.684944, 9.240617 ], [ -68.684967, 9.241150 ], [ -68.684822, 9.241656 ], [ -68.684685, 9.242760 ], [ -68.684631, 9.243357 ], [ -68.684608, 9.243891 ], [ -68.684563, 9.244442 ], [ -68.684486, 9.245111 ], [ -68.684395, 9.245636 ], [ -68.684067, 9.246052 ], [ -68.683510, 9.246051 ], [ -68.682610, 9.245535 ], [ -68.681595, 9.244892 ], [ -68.681206, 9.244520 ], [ -68.680931, 9.244077 ], [ -68.680557, 9.243597 ], [ -68.680145, 9.243272 ], [ -68.679710, 9.243018 ], [ -68.678162, 9.242229 ], [ -68.677742, 9.241786 ], [ -68.677444, 9.241369 ], [ -68.677421, 9.240790 ], [ -68.677590, 9.240194 ], [ -68.677780, 9.239642 ], [ -68.678009, 9.239118 ], [ -68.678268, 9.238657 ], [ -68.678383, 9.238033 ], [ -68.678482, 9.237436 ], [ -68.678177, 9.237644 ], [ -68.677574, 9.237806 ], [ -68.676971, 9.237733 ], [ -68.675720, 9.237280 ], [ -68.675049, 9.237370 ], [ -68.674469, 9.237179 ], [ -68.673965, 9.236699 ], [ -68.673500, 9.236237 ], [ -68.673035, 9.235758 ], [ -68.672508, 9.235414 ], [ -68.671974, 9.234997 ], [ -68.671722, 9.234400 ], [ -68.671585, 9.233803 ], [ -68.671349, 9.233278 ], [ -68.670845, 9.232934 ], [ -68.670143, 9.232961 ], [ -68.669479, 9.233095 ], [ -68.668945, 9.233303 ], [ -68.668411, 9.233574 ], [ -68.667786, 9.233808 ], [ -68.667114, 9.233989 ], [ -68.666512, 9.233988 ], [ -68.665909, 9.233734 ], [ -68.665680, 9.233182 ], [ -68.665939, 9.232586 ], [ -68.666145, 9.232061 ], [ -68.666306, 9.231374 ], [ -68.666260, 9.231057 ], [ -68.666214, 9.230732 ], [ -68.664986, 9.230568 ], [ -68.664757, 9.229989 ], [ -68.665199, 9.229555 ], [ -68.665802, 9.229347 ], [ -68.666397, 9.229330 ], [ -68.666977, 9.229122 ], [ -68.667214, 9.228571 ], [ -68.666885, 9.227992 ], [ -68.666382, 9.227720 ], [ -68.665802, 9.227674 ], [ -68.664757, 9.228433 ], [ -68.664108, 9.228225 ], [ -68.664734, 9.227004 ], [ -68.665039, 9.226453 ], [ -68.665154, 9.225883 ], [ -68.664574, 9.225629 ], [ -68.663994, 9.225629 ], [ -68.663437, 9.225375 ], [ -68.662911, 9.224967 ], [ -68.662354, 9.224641 ], [ -68.661682, 9.224730 ], [ -68.661217, 9.225146 ], [ -68.660988, 9.225698 ], [ -68.661171, 9.226340 ], [ -68.661308, 9.227670 ], [ -68.661423, 9.228476 ], [ -68.661499, 9.229235 ], [ -68.661514, 9.229968 ], [ -68.661613, 9.230547 ], [ -68.661468, 9.231116 ], [ -68.661171, 9.231668 ], [ -68.660843, 9.232192 ], [ -68.660523, 9.232680 ], [ -68.659920, 9.232996 ], [ -68.659294, 9.233086 ], [ -68.658646, 9.233230 ], [ -68.658112, 9.233546 ], [ -68.657562, 9.233844 ], [ -68.657051, 9.234377 ], [ -68.656449, 9.234286 ], [ -68.655960, 9.233987 ], [ -68.655479, 9.233662 ], [ -68.655060, 9.233245 ], [ -68.654640, 9.232747 ], [ -68.654343, 9.232240 ], [ -68.654228, 9.231598 ], [ -68.654205, 9.230956 ], [ -68.654091, 9.230376 ], [ -68.653908, 9.229825 ], [ -68.653396, 9.229390 ], [ -68.652771, 9.229344 ], [ -68.652313, 9.229778 ], [ -68.651940, 9.230284 ], [ -68.651680, 9.230863 ], [ -68.651657, 9.231460 ], [ -68.651360, 9.232011 ], [ -68.650803, 9.232164 ], [ -68.650642, 9.232716 ], [ -68.650383, 9.233250 ], [ -68.649742, 9.232995 ], [ -68.649139, 9.232715 ], [ -68.648583, 9.232470 ], [ -68.648026, 9.232261 ], [ -68.647545, 9.231890 ], [ -68.647148, 9.231293 ], [ -68.647011, 9.230741 ], [ -68.647080, 9.230099 ], [ -68.647125, 9.228859 ], [ -68.647034, 9.228172 ], [ -68.646736, 9.227502 ], [ -68.646408, 9.227022 ], [ -68.645805, 9.226606 ], [ -68.645210, 9.226543 ], [ -68.644562, 9.226496 ], [ -68.644096, 9.226080 ], [ -68.643822, 9.225528 ], [ -68.643699, 9.224957 ], [ -68.643333, 9.224316 ], [ -68.642868, 9.223944 ], [ -68.642342, 9.223645 ], [ -68.641716, 9.223418 ], [ -68.641182, 9.223119 ], [ -68.640717, 9.222630 ], [ -68.640717, 9.222060 ], [ -68.641022, 9.221437 ], [ -68.641441, 9.220913 ], [ -68.641899, 9.220524 ], [ -68.642387, 9.220199 ], [ -68.642830, 9.219837 ], [ -68.642571, 9.219195 ], [ -68.642021, 9.218986 ], [ -68.641350, 9.219049 ], [ -68.640793, 9.219212 ], [ -68.640213, 9.219238 ], [ -68.639610, 9.219355 ], [ -68.639099, 9.219653 ], [ -68.638687, 9.220059 ], [ -68.638451, 9.220683 ], [ -68.638756, 9.221209 ], [ -68.639099, 9.221761 ], [ -68.639122, 9.222340 ], [ -68.638542, 9.222429 ], [ -68.638016, 9.222682 ], [ -68.638199, 9.223279 ], [ -68.638687, 9.223641 ], [ -68.639099, 9.224103 ], [ -68.638985, 9.224745 ], [ -68.638565, 9.225179 ], [ -68.638062, 9.225504 ], [ -68.637482, 9.225729 ], [ -68.636902, 9.225874 ], [ -68.636322, 9.225683 ], [ -68.635902, 9.225276 ], [ -68.635376, 9.224932 ], [ -68.634796, 9.224741 ], [ -68.634171, 9.224722 ], [ -68.633522, 9.224812 ], [ -68.633011, 9.225110 ], [ -68.632690, 9.225688 ], [ -68.632248, 9.226122 ], [ -68.631714, 9.226330 ], [ -68.631279, 9.225940 ], [ -68.631004, 9.225298 ], [ -68.630768, 9.224719 ], [ -68.630516, 9.224167 ], [ -68.630287, 9.223506 ], [ -68.630264, 9.222927 ], [ -68.630333, 9.222285 ], [ -68.630356, 9.221507 ], [ -68.630119, 9.220928 ], [ -68.629730, 9.220449 ], [ -68.629127, 9.220285 ], [ -68.628456, 9.220448 ], [ -68.627853, 9.220655 ], [ -68.627304, 9.220790 ], [ -68.626747, 9.220952 ], [ -68.626221, 9.220933 ], [ -68.658859, 8.989706 ], [ -68.659012, 8.988616 ], [ -68.658607, 8.988313 ], [ -68.658234, 8.988160 ], [ -68.657898, 8.988513 ], [ -68.657310, 8.989169 ], [ -68.656746, 8.989596 ], [ -68.656074, 8.989612 ], [ -68.656067, 8.989176 ], [ -68.656586, 8.988681 ], [ -68.657150, 8.988277 ], [ -68.657471, 8.987905 ], [ -68.657089, 8.987614 ], [ -68.656349, 8.987471 ], [ -68.656113, 8.987201 ], [ -68.656098, 8.986811 ], [ -68.656235, 8.986464 ], [ -68.656364, 8.986070 ], [ -68.655426, 8.985426 ], [ -68.655846, 8.984751 ], [ -68.656044, 8.984379 ], [ -68.655968, 8.983945 ], [ -68.656067, 8.983276 ], [ -68.656082, 8.982932 ], [ -68.656815, 8.981607 ], [ -68.656296, 8.981113 ], [ -68.656601, 8.980441 ], [ -68.656891, 8.979769 ], [ -68.656853, 8.979127 ], [ -68.656837, 8.978507 ], [ -68.656654, 8.977777 ], [ -68.656387, 8.977255 ], [ -68.655243, 8.976456 ], [ -68.654854, 8.976604 ], [ -68.654366, 8.976568 ], [ -68.654312, 8.976042 ], [ -68.654129, 8.975450 ], [ -68.653755, 8.975091 ], [ -68.653168, 8.974508 ], [ -68.652969, 8.974076 ], [ -68.652893, 8.973757 ], [ -68.652679, 8.973395 ], [ -68.652679, 8.972523 ], [ -68.653267, 8.971981 ], [ -68.653793, 8.971533 ], [ -68.654236, 8.971017 ], [ -68.654488, 8.970781 ], [ -68.654640, 8.970433 ], [ -68.655022, 8.970035 ], [ -68.655434, 8.969772 ], [ -68.655678, 8.969284 ], [ -68.655426, 8.968418 ], [ -68.655876, 8.968017 ], [ -68.656280, 8.967457 ], [ -68.655685, 8.966759 ], [ -68.655388, 8.965618 ], [ -68.654381, 8.965253 ], [ -68.654038, 8.965215 ], [ -68.653511, 8.964263 ], [ -68.653259, 8.963580 ], [ -68.652580, 8.963160 ], [ -68.650528, 8.961327 ], [ -68.649994, 8.961018 ], [ -68.648926, 8.960882 ], [ -68.648369, 8.960780 ], [ -68.647400, 8.960689 ], [ -68.646477, 8.960550 ], [ -68.645981, 8.960102 ], [ -68.646172, 8.959478 ], [ -68.646126, 8.958652 ], [ -68.646050, 8.958196 ], [ -68.645416, 8.957705 ], [ -68.645012, 8.957211 ], [ -68.644585, 8.955797 ], [ -68.643791, 8.955265 ], [ -68.643349, 8.955114 ], [ -68.642769, 8.955128 ], [ -68.642196, 8.955234 ], [ -68.641563, 8.954905 ], [ -68.641037, 8.954963 ], [ -68.640259, 8.955234 ], [ -68.639595, 8.955479 ], [ -68.639290, 8.955486 ], [ -68.638641, 8.955318 ], [ -68.637871, 8.954830 ], [ -68.637276, 8.954202 ], [ -68.636833, 8.953915 ], [ -68.636299, 8.953835 ], [ -68.635529, 8.953464 ], [ -68.634903, 8.953271 ], [ -68.634285, 8.952666 ], [ -68.634026, 8.952396 ], [ -68.633774, 8.951461 ], [ -68.633606, 8.951190 ], [ -68.632668, 8.951418 ], [ -68.631782, 8.951163 ], [ -68.631065, 8.950929 ], [ -68.630104, 8.950538 ], [ -68.629463, 8.949773 ], [ -68.629341, 8.949316 ], [ -68.628693, 8.948459 ], [ -68.628639, 8.948071 ], [ -68.628479, 8.947087 ], [ -68.628670, 8.946325 ], [ -68.629135, 8.945534 ], [ -68.629356, 8.944014 ], [ -68.629707, 8.943339 ], [ -68.630135, 8.942573 ], [ -68.630043, 8.941840 ], [ -68.629860, 8.941615 ], [ -68.629341, 8.942385 ], [ -68.629127, 8.942941 ], [ -68.628685, 8.943043 ], [ -68.628403, 8.942751 ], [ -68.628342, 8.941926 ], [ -68.627823, 8.941594 ], [ -68.627243, 8.941446 ], [ -68.626823, 8.941365 ], [ -68.625900, 8.941386 ], [ -68.625435, 8.940938 ], [ -68.624817, 8.940288 ], [ -68.624718, 8.939877 ], [ -68.624771, 8.939187 ], [ -68.624733, 8.938774 ], [ -68.624176, 8.938696 ], [ -68.623566, 8.938940 ], [ -68.623077, 8.939043 ], [ -68.622658, 8.938617 ], [ -68.622620, 8.938021 ], [ -68.622688, 8.937124 ], [ -68.622909, 8.936683 ], [ -68.622849, 8.936156 ], [ -68.622376, 8.935433 ], [ -68.622162, 8.935231 ], [ -68.621781, 8.934712 ], [ -68.622185, 8.934221 ], [ -68.622360, 8.933872 ], [ -68.622147, 8.933602 ], [ -68.621773, 8.933381 ], [ -68.620911, 8.933172 ], [ -68.619919, 8.932966 ], [ -68.619194, 8.932708 ], [ -68.618660, 8.932399 ], [ -68.618210, 8.931974 ], [ -68.618729, 8.931341 ], [ -68.619126, 8.930597 ], [ -68.619316, 8.930065 ], [ -68.619354, 8.929490 ], [ -68.618530, 8.928775 ], [ -68.618179, 8.928508 ], [ -68.617569, 8.928178 ], [ -68.617188, 8.927728 ], [ -68.617226, 8.927405 ], [ -68.617775, 8.927049 ], [ -68.618233, 8.926877 ], [ -68.618271, 8.926463 ], [ -68.618347, 8.925864 ], [ -68.618637, 8.925490 ], [ -68.619774, 8.924568 ], [ -68.619736, 8.924110 ], [ -68.618996, 8.923944 ], [ -68.618606, 8.923953 ], [ -68.618057, 8.923461 ], [ -68.618370, 8.922926 ], [ -68.619102, 8.922542 ], [ -68.618889, 8.922156 ], [ -68.618324, 8.921917 ], [ -68.617950, 8.921788 ], [ -68.617737, 8.921472 ], [ -68.617729, 8.921036 ], [ -68.617905, 8.920733 ], [ -68.618553, 8.920718 ], [ -68.619179, 8.920749 ], [ -68.619774, 8.920690 ], [ -68.620003, 8.920454 ], [ -68.620064, 8.920086 ], [ -68.619781, 8.919794 ], [ -68.619171, 8.919556 ], [ -68.618843, 8.919380 ], [ -68.618240, 8.919142 ], [ -68.617859, 8.918692 ], [ -68.617851, 8.918256 ], [ -68.618027, 8.918022 ], [ -68.619041, 8.917975 ], [ -68.619552, 8.917871 ], [ -68.619934, 8.917587 ], [ -68.619949, 8.917265 ], [ -68.619644, 8.916813 ], [ -68.619400, 8.916223 ], [ -68.619385, 8.915741 ], [ -68.619652, 8.915298 ], [ -68.619781, 8.914882 ], [ -68.619675, 8.914356 ], [ -68.619370, 8.913882 ], [ -68.618927, 8.913777 ], [ -68.617798, 8.913804 ], [ -68.617241, 8.913748 ], [ -68.616981, 8.913548 ], [ -68.616783, 8.913116 ], [ -68.616684, 8.912568 ], [ -68.616432, 8.911862 ], [ -68.616546, 8.911561 ], [ -68.617020, 8.911229 ], [ -68.617554, 8.911216 ], [ -68.617920, 8.911161 ], [ -68.618187, 8.910788 ], [ -68.618362, 8.910233 ], [ -68.618126, 8.909963 ], [ -68.617844, 8.909809 ], [ -68.617493, 8.909702 ], [ -68.617096, 8.909529 ], [ -68.616806, 8.908731 ], [ -68.616402, 8.908328 ], [ -68.615959, 8.908040 ], [ -68.615631, 8.908025 ], [ -68.614914, 8.907812 ], [ -68.614357, 8.907780 ], [ -68.613891, 8.907515 ], [ -68.613876, 8.907056 ], [ -68.614075, 8.906615 ], [ -68.614113, 8.906224 ], [ -68.613937, 8.905746 ], [ -68.613907, 8.905242 ], [ -68.614388, 8.905231 ], [ -68.615059, 8.905284 ], [ -68.615540, 8.904882 ], [ -68.615692, 8.904557 ], [ -68.615845, 8.904118 ], [ -68.615997, 8.903748 ], [ -68.615730, 8.903294 ], [ -68.615288, 8.902984 ], [ -68.614494, 8.902658 ], [ -68.614235, 8.902320 ], [ -68.614479, 8.901923 ], [ -68.614388, 8.901031 ], [ -68.614143, 8.900485 ], [ -68.613403, 8.900502 ], [ -68.612709, 8.900404 ], [ -68.612412, 8.900549 ], [ -68.610901, 8.900883 ], [ -68.610581, 8.901143 ], [ -68.610153, 8.901544 ], [ -68.609939, 8.902490 ], [ -68.609375, 8.902893 ], [ -68.608803, 8.903021 ], [ -68.608048, 8.902534 ], [ -68.608147, 8.901729 ], [ -68.607796, 8.901461 ], [ -68.607262, 8.901427 ], [ -68.607369, 8.900828 ], [ -68.607399, 8.900162 ], [ -68.606842, 8.900128 ], [ -68.606194, 8.900006 ], [ -68.606186, 8.899662 ], [ -68.606423, 8.898876 ], [ -68.606400, 8.897982 ], [ -68.605537, 8.897589 ], [ -68.604683, 8.897655 ], [ -68.603950, 8.897741 ], [ -68.603210, 8.897804 ], [ -68.602447, 8.897638 ], [ -68.602142, 8.897645 ], [ -68.601212, 8.897094 ], [ -68.600929, 8.896916 ], [ -68.600433, 8.896423 ], [ -68.600197, 8.896085 ], [ -68.599968, 8.895332 ], [ -68.599770, 8.894763 ], [ -68.599472, 8.893646 ], [ -68.599617, 8.893137 ], [ -68.599701, 8.892768 ], [ -68.599991, 8.892371 ], [ -68.600754, 8.892399 ], [ -68.602036, 8.891910 ], [ -68.602608, 8.891575 ], [ -68.603195, 8.891102 ], [ -68.603462, 8.890729 ], [ -68.603691, 8.890356 ], [ -68.603668, 8.889576 ], [ -68.603523, 8.889144 ], [ -68.602890, 8.888768 ], [ -68.602287, 8.888598 ], [ -68.601982, 8.888445 ], [ -68.601486, 8.888893 ], [ -68.601219, 8.889404 ], [ -68.600754, 8.890265 ], [ -68.600464, 8.890730 ], [ -68.599762, 8.891160 ], [ -68.598923, 8.890973 ], [ -68.598755, 8.890633 ], [ -68.598511, 8.889973 ], [ -68.598389, 8.889700 ], [ -68.597984, 8.889158 ], [ -68.597923, 8.888747 ], [ -68.598221, 8.887615 ], [ -68.597549, 8.887264 ], [ -68.597046, 8.887505 ], [ -68.596527, 8.888160 ], [ -68.595657, 8.888364 ], [ -68.595123, 8.888422 ], [ -68.594620, 8.888549 ], [ -68.594231, 8.888673 ], [ -68.593681, 8.888709 ], [ -68.593193, 8.888560 ], [ -68.593063, 8.887898 ], [ -68.593132, 8.886954 ], [ -68.593575, 8.886255 ], [ -68.593796, 8.885815 ], [ -68.593811, 8.885424 ], [ -68.593742, 8.884530 ], [ -68.593551, 8.884029 ], [ -68.593666, 8.883108 ], [ -68.594025, 8.882641 ], [ -68.594795, 8.882118 ], [ -68.595367, 8.881761 ], [ -68.596069, 8.881193 ], [ -68.596313, 8.880613 ], [ -68.596138, 8.880250 ], [ -68.595581, 8.880034 ], [ -68.595528, 8.879599 ], [ -68.594704, 8.879090 ], [ -68.594315, 8.879030 ], [ -68.593132, 8.878875 ], [ -68.592293, 8.879400 ], [ -68.591881, 8.879776 ], [ -68.591660, 8.880263 ], [ -68.591370, 8.880546 ], [ -68.591026, 8.880692 ], [ -68.590805, 8.881110 ], [ -68.590324, 8.881420 ], [ -68.589867, 8.881385 ], [ -68.589584, 8.881069 ], [ -68.588875, 8.880489 ], [ -68.588394, 8.880615 ], [ -68.587746, 8.880677 ], [ -68.587425, 8.880685 ], [ -68.586983, 8.880396 ], [ -68.586678, 8.880449 ], [ -68.586220, 8.880345 ], [ -68.586434, 8.879789 ], [ -68.586700, 8.879187 ], [ -68.586853, 8.878861 ], [ -68.586670, 8.878016 ], [ -68.586273, 8.877658 ], [ -68.585922, 8.877461 ], [ -68.585594, 8.877467 ], [ -68.584969, 8.877230 ], [ -68.584068, 8.877113 ], [ -68.583626, 8.877078 ], [ -68.583061, 8.876563 ], [ -68.582893, 8.876291 ], [ -68.582955, 8.875809 ], [ -68.582962, 8.875212 ], [ -68.583115, 8.874818 ], [ -68.583771, 8.874389 ], [ -68.584419, 8.874305 ], [ -68.584900, 8.874202 ], [ -68.585602, 8.873657 ], [ -68.585640, 8.873152 ], [ -68.585396, 8.872675 ], [ -68.585182, 8.872221 ], [ -68.585312, 8.871874 ], [ -68.585342, 8.871368 ], [ -68.585098, 8.870846 ], [ -68.584724, 8.870626 ], [ -68.583977, 8.870253 ], [ -68.583397, 8.869853 ], [ -68.583107, 8.869515 ], [ -68.583122, 8.868987 ], [ -68.583183, 8.868642 ], [ -68.583176, 8.868252 ], [ -68.582703, 8.867804 ], [ -68.582443, 8.867626 ], [ -68.581123, 8.867450 ], [ -68.580734, 8.867505 ], [ -68.580300, 8.867814 ], [ -68.579987, 8.868166 ], [ -68.579720, 8.868585 ], [ -68.579422, 8.868936 ], [ -68.578926, 8.869269 ], [ -68.578400, 8.869373 ], [ -68.577927, 8.869040 ], [ -68.577484, 8.868798 ], [ -68.577408, 8.868341 ], [ -68.577507, 8.867742 ], [ -68.577682, 8.867347 ], [ -68.577942, 8.866515 ], [ -68.577866, 8.866150 ], [ -68.577858, 8.865806 ], [ -68.577065, 8.865641 ], [ -68.576286, 8.866002 ], [ -68.575996, 8.866262 ], [ -68.575584, 8.866318 ], [ -68.575089, 8.866145 ], [ -68.574867, 8.865417 ], [ -68.574264, 8.864328 ], [ -68.574410, 8.863499 ], [ -68.574654, 8.862989 ], [ -68.575058, 8.862703 ], [ -68.575424, 8.862373 ], [ -68.575714, 8.862022 ], [ -68.575844, 8.861744 ], [ -68.575882, 8.861192 ], [ -68.575966, 8.860800 ], [ -68.576408, 8.859952 ], [ -68.576538, 8.859431 ], [ -68.576645, 8.858857 ], [ -68.576477, 8.858285 ], [ -68.576233, 8.857599 ], [ -68.576157, 8.857003 ], [ -68.575943, 8.856408 ], [ -68.575607, 8.855862 ], [ -68.575096, 8.855317 ], [ -68.574402, 8.855120 ], [ -68.573662, 8.855243 ], [ -68.573036, 8.855550 ], [ -68.572487, 8.855649 ], [ -68.571838, 8.855657 ], [ -68.571282, 8.855457 ], [ -68.570603, 8.855167 ], [ -68.569649, 8.854466 ], [ -68.568954, 8.854361 ], [ -68.568283, 8.854506 ], [ -68.567688, 8.854652 ], [ -68.567108, 8.854728 ], [ -68.566483, 8.854690 ], [ -68.565925, 8.854467 ], [ -68.565575, 8.853896 ], [ -68.565468, 8.853188 ], [ -68.565422, 8.852613 ], [ -68.565590, 8.852036 ], [ -68.565796, 8.851506 ], [ -68.565925, 8.850806 ], [ -68.566002, 8.850213 ], [ -68.565621, 8.849737 ], [ -68.565010, 8.849381 ], [ -68.564491, 8.849102 ], [ -68.563942, 8.848745 ], [ -68.563423, 8.848450 ], [ -68.562775, 8.848274 ], [ -68.562126, 8.848212 ], [ -68.561432, 8.848199 ], [ -68.560089, 8.848078 ], [ -68.559463, 8.848085 ], [ -68.558769, 8.848025 ], [ -68.558121, 8.847941 ], [ -68.557564, 8.847857 ], [ -68.556961, 8.847714 ], [ -68.556381, 8.847560 ], [ -68.555778, 8.847476 ], [ -68.555061, 8.847416 ], [ -68.554390, 8.847402 ], [ -68.553879, 8.847018 ], [ -68.553528, 8.846539 ], [ -68.553406, 8.845967 ], [ -68.553329, 8.845797 ], [ -68.552635, 8.845591 ], [ -68.552078, 8.845539 ], [ -68.551552, 8.845556 ], [ -68.550972, 8.845595 ], [ -68.550369, 8.845567 ], [ -68.549790, 8.845560 ], [ -68.549263, 8.845509 ], [ -68.548729, 8.845365 ], [ -68.548203, 8.845129 ], [ -68.547668, 8.844962 ], [ -68.547111, 8.844818 ], [ -68.546562, 8.844536 ], [ -68.546105, 8.844325 ], [ -68.545647, 8.843998 ], [ -68.545395, 8.843513 ], [ -68.545425, 8.842983 ], [ -68.545616, 8.842638 ], [ -68.545799, 8.842506 ], [ -68.546196, 8.841281 ], [ -68.546463, 8.840635 ], [ -68.546982, 8.839595 ], [ -68.547417, 8.838946 ], [ -68.547775, 8.838322 ], [ -68.548546, 8.837073 ], [ -68.549553, 8.835958 ], [ -68.550789, 8.834749 ], [ -68.551353, 8.834306 ], [ -68.551933, 8.833885 ], [ -68.552918, 8.833254 ], [ -68.553558, 8.832878 ], [ -68.554985, 8.831987 ], [ -68.555534, 8.831635 ], [ -68.556267, 8.831237 ], [ -68.556954, 8.830837 ], [ -68.557739, 8.830345 ], [ -68.558563, 8.829876 ], [ -68.559227, 8.829478 ], [ -68.559868, 8.829081 ], [ -68.560394, 8.828773 ], [ -68.561249, 8.828236 ], [ -68.561844, 8.827884 ], [ -68.562485, 8.827578 ], [ -68.563126, 8.827248 ], [ -68.563751, 8.826964 ], [ -68.564850, 8.826423 ], [ -68.565681, 8.826137 ], [ -68.566513, 8.825782 ], [ -68.567108, 8.825568 ], [ -68.567635, 8.825286 ], [ -68.568092, 8.824937 ], [ -68.568924, 8.824535 ], [ -68.569588, 8.824343 ], [ -68.570168, 8.824129 ], [ -68.571037, 8.823843 ], [ -68.571571, 8.823653 ], [ -68.572884, 8.823339 ], [ -68.573440, 8.823239 ], [ -68.574059, 8.823071 ], [ -68.574821, 8.822831 ], [ -68.575440, 8.822618 ], [ -68.576225, 8.822331 ], [ -68.576843, 8.822095 ], [ -68.577515, 8.821857 ], [ -68.578201, 8.821641 ], [ -68.579033, 8.821355 ], [ -68.580414, 8.820925 ], [ -68.581177, 8.820708 ], [ -68.581978, 8.820446 ], [ -68.582809, 8.820207 ], [ -68.583641, 8.820058 ], [ -68.584518, 8.819932 ], [ -68.585350, 8.819898 ], [ -68.585930, 8.819891 ], [ -68.586784, 8.819949 ], [ -68.587433, 8.820009 ], [ -68.588081, 8.820093 ], [ -68.588753, 8.820108 ], [ -68.590164, 8.820251 ], [ -68.590904, 8.820311 ], [ -68.592178, 8.820478 ], [ -68.592804, 8.820539 ], [ -68.593384, 8.820623 ], [ -68.594032, 8.820753 ], [ -68.594612, 8.820815 ], [ -68.595161, 8.820900 ], [ -68.595680, 8.821155 ], [ -68.596283, 8.821368 ], [ -68.596771, 8.821753 ], [ -68.597229, 8.822072 ], [ -68.597916, 8.822495 ], [ -68.598473, 8.822787 ], [ -68.599052, 8.823171 ], [ -68.599503, 8.823647 ], [ -68.600250, 8.824648 ], [ -68.600609, 8.825264 ], [ -68.600891, 8.825925 ], [ -68.601158, 8.826449 ], [ -68.601555, 8.826882 ], [ -68.602203, 8.827149 ], [ -68.602715, 8.827441 ], [ -68.603188, 8.827780 ], [ -68.603790, 8.828025 ], [ -68.604393, 8.828178 ], [ -68.605530, 8.828439 ], [ -68.606132, 8.828476 ], [ -68.606751, 8.828195 ], [ -68.607208, 8.827821 ], [ -68.607544, 8.827243 ], [ -68.607773, 8.826666 ], [ -68.607697, 8.826093 ], [ -68.607666, 8.825428 ], [ -68.607750, 8.824828 ], [ -68.607879, 8.824254 ], [ -68.607826, 8.823634 ], [ -68.607811, 8.822395 ], [ -68.607757, 8.821798 ], [ -68.607796, 8.821201 ], [ -68.607903, 8.820558 ], [ -68.608055, 8.819935 ], [ -68.608299, 8.819334 ], [ -68.608971, 8.819419 ], [ -68.609413, 8.819802 ], [ -68.610390, 8.821466 ], [ -68.610741, 8.821944 ], [ -68.611114, 8.822375 ], [ -68.611534, 8.822761 ], [ -68.612587, 8.823321 ], [ -68.613236, 8.823543 ], [ -68.613953, 8.823603 ], [ -68.614593, 8.823388 ], [ -68.615120, 8.823106 ], [ -68.615608, 8.822756 ], [ -68.616135, 8.822335 ], [ -68.617157, 8.821473 ], [ -68.617317, 8.820897 ], [ -68.617310, 8.820323 ], [ -68.616989, 8.819041 ], [ -68.616775, 8.818378 ], [ -68.616539, 8.817785 ], [ -68.616295, 8.817099 ], [ -68.616036, 8.816527 ], [ -68.615814, 8.815933 ], [ -68.615692, 8.815338 ], [ -68.615685, 8.814580 ], [ -68.615654, 8.814007 ], [ -68.615761, 8.813340 ], [ -68.615936, 8.812787 ], [ -68.616280, 8.812254 ], [ -68.616852, 8.812039 ], [ -68.617500, 8.811963 ], [ -68.617889, 8.811522 ], [ -68.618156, 8.811013 ], [ -68.618546, 8.810549 ], [ -68.619003, 8.810222 ], [ -68.619606, 8.810145 ], [ -68.620155, 8.810023 ], [ -68.620735, 8.809855 ], [ -68.621315, 8.809779 ], [ -68.621864, 8.809680 ], [ -68.622490, 8.809489 ], [ -68.622482, 8.808869 ], [ -68.622032, 8.808438 ], [ -68.621567, 8.808124 ], [ -68.620987, 8.807833 ], [ -68.620476, 8.807540 ], [ -68.620026, 8.807109 ], [ -68.620224, 8.806440 ], [ -68.620712, 8.806114 ], [ -68.621376, 8.805830 ], [ -68.621971, 8.805593 ], [ -68.622642, 8.805537 ], [ -68.623268, 8.805805 ], [ -68.623833, 8.806120 ], [ -68.624412, 8.806412 ], [ -68.624992, 8.806357 ], [ -68.625633, 8.805983 ], [ -68.626755, 8.805279 ], [ -68.627235, 8.804859 ], [ -68.627693, 8.804509 ], [ -68.627868, 8.803956 ], [ -68.627746, 8.803292 ], [ -68.627556, 8.802743 ], [ -68.627502, 8.802101 ], [ -68.627861, 8.801522 ], [ -68.628388, 8.801148 ], [ -68.629761, 8.801544 ], [ -68.630364, 8.801651 ], [ -68.630913, 8.801461 ], [ -68.631447, 8.801179 ], [ -68.632019, 8.800942 ], [ -68.632377, 8.800780 ], [ -68.632424, 8.799903 ], [ -68.632927, 8.799599 ], [ -68.633598, 8.799567 ], [ -68.634247, 8.799674 ], [ -68.634804, 8.799782 ], [ -68.635963, 8.800158 ], [ -68.636543, 8.800174 ], [ -68.637115, 8.799799 ], [ -68.637734, 8.799538 ], [ -68.638306, 8.799255 ], [ -68.638695, 8.798792 ], [ -68.639328, 8.797727 ], [ -68.639526, 8.797173 ], [ -68.639702, 8.796390 ], [ -68.639931, 8.794091 ], [ -68.639847, 8.793220 ], [ -68.639702, 8.792441 ], [ -68.639603, 8.791800 ], [ -68.639580, 8.790583 ], [ -68.639618, 8.789847 ], [ -68.639633, 8.789205 ], [ -68.639626, 8.788470 ], [ -68.639595, 8.787851 ], [ -68.639572, 8.786220 ], [ -68.639588, 8.785578 ], [ -68.639694, 8.784818 ], [ -68.639847, 8.784173 ], [ -68.640091, 8.783435 ], [ -68.640366, 8.782811 ], [ -68.640922, 8.781427 ], [ -68.641213, 8.780894 ], [ -68.641647, 8.780384 ], [ -68.642311, 8.779964 ], [ -68.642960, 8.779725 ], [ -68.643509, 8.779626 ], [ -68.644089, 8.779620 ], [ -68.644783, 8.779541 ], [ -68.645615, 8.779486 ], [ -68.646309, 8.779453 ], [ -68.647026, 8.779490 ], [ -68.647606, 8.779575 ], [ -68.648186, 8.779865 ], [ -68.649277, 8.780380 ], [ -68.649880, 8.780694 ], [ -68.650673, 8.781005 ], [ -68.651253, 8.781044 ], [ -68.651985, 8.780919 ], [ -68.652817, 8.780795 ], [ -68.653488, 8.780648 ], [ -68.654015, 8.779952 ], [ -68.654022, 8.779332 ], [ -68.653893, 8.777933 ], [ -68.653778, 8.776510 ], [ -68.653839, 8.775867 ], [ -68.654137, 8.775335 ], [ -68.654800, 8.774776 ], [ -68.655281, 8.774449 ], [ -68.655922, 8.774165 ], [ -68.656540, 8.773651 ], [ -68.657303, 8.773297 ], [ -68.657997, 8.773266 ], [ -68.658615, 8.773281 ], [ -68.659378, 8.773087 ], [ -68.660759, 8.772519 ], [ -68.661377, 8.772350 ], [ -68.662025, 8.772274 ], [ -68.662674, 8.772173 ], [ -68.663200, 8.771937 ], [ -68.663841, 8.771355 ], [ -68.664459, 8.770726 ], [ -68.664841, 8.770216 ], [ -68.665413, 8.769841 ], [ -68.665970, 8.769559 ], [ -68.666588, 8.769184 ], [ -68.667229, 8.768947 ], [ -68.667885, 8.769145 ], [ -68.668510, 8.769572 ], [ -68.669098, 8.770070 ], [ -68.669609, 8.770523 ], [ -68.670166, 8.770884 ], [ -68.670769, 8.770990 ], [ -68.671417, 8.770913 ], [ -68.671974, 8.770769 ], [ -68.672524, 8.770417 ], [ -68.673141, 8.769950 ], [ -68.673714, 8.769645 ], [ -68.674286, 8.769361 ], [ -68.674843, 8.769124 ], [ -68.675530, 8.768771 ], [ -68.676102, 8.768579 ], [ -68.676727, 8.768503 ], [ -68.677444, 8.768380 ], [ -68.678108, 8.768026 ], [ -68.678566, 8.767631 ], [ -68.679115, 8.767140 ], [ -68.679802, 8.766650 ], [ -68.680443, 8.766253 ], [ -68.681114, 8.766060 ], [ -68.681419, 8.766056 ], [ -68.681786, 8.766051 ], [ -68.682358, 8.766088 ], [ -68.683075, 8.766034 ], [ -68.683670, 8.765773 ], [ -68.684181, 8.765492 ], [ -68.684708, 8.765049 ], [ -68.685066, 8.764585 ], [ -68.685287, 8.763870 ], [ -68.685455, 8.762513 ], [ -68.685516, 8.761916 ], [ -68.685440, 8.761343 ], [ -68.685432, 8.760631 ], [ -68.685982, 8.760119 ], [ -68.686600, 8.759905 ], [ -68.687271, 8.759758 ], [ -68.687752, 8.759293 ], [ -68.687996, 8.758762 ], [ -68.688217, 8.758162 ], [ -68.688377, 8.757494 ], [ -68.688156, 8.756969 ], [ -68.687828, 8.756515 ], [ -68.687164, 8.755374 ], [ -68.687065, 8.754732 ], [ -68.687233, 8.753513 ], [ -68.687370, 8.752959 ], [ -68.687775, 8.752336 ], [ -68.688164, 8.751802 ], [ -68.688621, 8.751430 ], [ -68.689079, 8.751101 ], [ -68.689484, 8.750706 ], [ -68.689941, 8.750035 ], [ -68.690537, 8.749475 ], [ -68.691177, 8.748962 ], [ -68.691841, 8.748633 ], [ -68.692436, 8.748441 ], [ -68.693291, 8.748086 ], [ -68.693932, 8.747664 ], [ -68.694435, 8.747360 ], [ -68.694969, 8.747146 ], [ -68.695633, 8.747000 ], [ -68.696487, 8.746758 ], [ -68.697197, 8.746383 ], [ -68.697891, 8.746143 ], [ -68.698677, 8.746065 ], [ -68.699295, 8.746079 ], [ -68.699989, 8.746141 ], [ -68.700638, 8.746178 ], [ -68.701409, 8.746375 ], [ -68.702148, 8.746663 ], [ -68.702827, 8.747114 ], [ -68.703430, 8.747473 ], [ -68.704170, 8.747670 ], [ -68.705605, 8.747651 ], [ -68.706467, 8.747801 ], [ -68.707115, 8.747863 ], [ -68.708450, 8.747890 ], [ -68.709030, 8.747745 ], [ -68.709579, 8.747555 ], [ -68.710136, 8.747387 ], [ -68.710663, 8.747058 ], [ -68.711052, 8.746617 ], [ -68.711388, 8.746085 ], [ -68.711685, 8.745553 ], [ -68.712044, 8.744974 ], [ -68.712341, 8.744466 ], [ -68.713295, 8.743351 ], [ -68.713867, 8.742953 ], [ -68.714325, 8.742579 ], [ -68.714897, 8.742251 ], [ -68.716278, 8.741545 ], [ -68.717636, 8.741092 ], [ -68.718323, 8.740852 ], [ -68.718857, 8.740639 ], [ -68.719406, 8.740471 ], [ -68.719933, 8.740281 ], [ -68.720490, 8.740135 ], [ -68.721039, 8.740014 ], [ -68.721710, 8.739937 ], [ -68.722450, 8.739950 ], [ -68.722801, 8.740014 ], [ -68.723488, 8.741291 ], [ -68.724228, 8.741649 ], [ -68.724770, 8.742078 ], [ -68.725098, 8.742556 ], [ -68.725265, 8.743174 ], [ -68.725319, 8.743862 ], [ -68.725235, 8.744575 ], [ -68.725151, 8.745127 ], [ -68.724732, 8.746372 ], [ -68.724670, 8.747107 ], [ -68.724724, 8.747842 ], [ -68.724922, 8.748551 ], [ -68.725250, 8.749098 ], [ -68.725815, 8.749457 ], [ -68.726463, 8.749496 ], [ -68.727081, 8.749418 ], [ -68.727730, 8.749410 ], [ -68.728355, 8.749448 ], [ -68.729072, 8.749508 ], [ -68.729744, 8.749383 ], [ -68.730499, 8.749167 ], [ -68.731262, 8.748814 ], [ -68.731812, 8.748600 ], [ -68.732475, 8.748293 ], [ -68.732773, 8.747646 ], [ -68.732857, 8.747070 ], [ -68.732941, 8.746288 ], [ -68.732780, 8.744872 ], [ -68.732727, 8.744180 ], [ -68.732689, 8.743467 ], [ -68.732452, 8.742737 ], [ -68.732094, 8.741914 ], [ -68.731598, 8.741162 ], [ -68.731224, 8.740732 ], [ -68.730751, 8.740278 ], [ -68.729836, 8.739234 ], [ -68.729301, 8.738805 ], [ -68.728806, 8.738214 ], [ -68.728493, 8.737369 ], [ -68.728203, 8.736086 ], [ -68.728012, 8.735378 ], [ -68.727654, 8.734831 ], [ -68.727257, 8.734353 ], [ -68.726784, 8.733832 ], [ -68.726181, 8.733542 ], [ -68.725601, 8.733479 ], [ -68.724907, 8.733558 ], [ -68.724197, 8.733613 ], [ -68.723503, 8.733622 ], [ -68.722801, 8.733585 ], [ -68.722290, 8.733201 ], [ -68.721893, 8.732701 ], [ -68.721886, 8.732081 ], [ -68.722435, 8.731615 ], [ -68.723007, 8.731355 ], [ -68.723610, 8.731278 ], [ -68.724319, 8.731040 ], [ -68.725006, 8.730365 ], [ -68.725227, 8.729719 ], [ -68.725128, 8.729100 ], [ -68.724770, 8.728438 ], [ -68.724190, 8.727895 ], [ -68.723602, 8.727535 ], [ -68.722977, 8.727314 ], [ -68.722351, 8.727184 ], [ -68.721451, 8.727403 ], [ -68.720970, 8.727707 ], [ -68.720215, 8.728153 ], [ -68.719666, 8.728414 ], [ -68.719131, 8.728649 ], [ -68.718445, 8.728865 ], [ -68.717613, 8.729105 ], [ -68.716972, 8.729252 ], [ -68.716278, 8.729284 ], [ -68.715630, 8.729338 ], [ -68.714913, 8.729186 ], [ -68.714149, 8.728989 ], [ -68.713448, 8.728631 ], [ -68.713119, 8.728061 ], [ -68.712921, 8.727490 ], [ -68.712776, 8.726757 ], [ -68.712700, 8.726091 ], [ -68.713104, 8.725582 ], [ -68.713959, 8.725111 ], [ -68.714600, 8.724919 ], [ -68.715591, 8.724793 ], [ -68.716194, 8.724739 ], [ -68.717071, 8.724727 ], [ -68.717789, 8.724626 ], [ -68.718567, 8.724318 ], [ -68.719193, 8.724011 ], [ -68.719673, 8.723614 ], [ -68.719955, 8.722784 ], [ -68.719788, 8.722005 ], [ -68.719360, 8.721368 ], [ -68.718941, 8.720845 ], [ -68.718498, 8.720369 ], [ -68.718071, 8.719960 ], [ -68.717468, 8.719670 ], [ -68.716774, 8.719427 ], [ -68.716148, 8.719366 ], [ -68.715523, 8.719420 ], [ -68.714966, 8.719060 ], [ -68.714744, 8.718373 ], [ -68.714592, 8.717044 ], [ -68.714538, 8.716401 ], [ -68.714531, 8.715828 ], [ -68.714500, 8.715162 ], [ -68.714439, 8.714474 ], [ -68.714317, 8.713834 ], [ -68.713982, 8.713056 ], [ -68.713470, 8.712398 ], [ -68.713135, 8.711897 ], [ -68.712830, 8.711349 ], [ -68.712288, 8.710644 ], [ -68.711708, 8.710217 ], [ -68.710937, 8.710064 ], [ -68.709618, 8.709898 ], [ -68.708763, 8.709725 ], [ -68.707954, 8.709599 ], [ -68.707374, 8.709559 ], [ -68.706795, 8.709498 ], [ -68.706169, 8.709484 ], [ -68.705567, 8.709376 ], [ -68.704964, 8.709223 ], [ -68.704384, 8.709024 ], [ -68.703804, 8.708917 ], [ -68.703133, 8.708535 ], [ -68.702522, 8.708130 ], [ -68.701446, 8.707294 ], [ -68.700867, 8.706705 ], [ -68.700256, 8.706116 ], [ -68.699760, 8.705546 ], [ -68.698639, 8.704621 ], [ -68.698128, 8.704306 ], [ -68.697594, 8.703854 ], [ -68.697121, 8.703424 ], [ -68.696465, 8.702903 ], [ -68.695930, 8.702589 ], [ -68.695190, 8.702300 ], [ -68.694473, 8.702148 ], [ -68.693894, 8.702156 ], [ -68.693268, 8.702118 ], [ -68.692482, 8.702128 ], [ -68.691856, 8.702089 ], [ -68.691093, 8.702123 ], [ -68.690262, 8.702110 ], [ -68.689453, 8.702122 ], [ -68.688690, 8.702063 ], [ -68.688111, 8.701978 ], [ -68.687302, 8.701804 ], [ -68.686539, 8.701585 ], [ -68.685882, 8.701409 ], [ -68.685143, 8.701282 ], [ -68.684494, 8.701266 ], [ -68.683739, 8.701414 ], [ -68.683067, 8.701629 ], [ -68.682358, 8.701890 ], [ -68.681755, 8.702127 ], [ -68.681183, 8.702411 ], [ -68.680679, 8.702739 ], [ -68.680199, 8.703135 ], [ -68.679489, 8.703695 ], [ -68.678871, 8.704254 ], [ -68.678253, 8.704837 ], [ -68.677437, 8.705812 ], [ -68.677025, 8.706229 ], [ -68.676590, 8.706762 ], [ -68.676140, 8.707251 ], [ -68.675728, 8.707739 ], [ -68.675110, 8.708389 ], [ -68.674629, 8.708855 ], [ -68.673195, 8.710113 ], [ -68.672577, 8.710580 ], [ -68.671982, 8.710956 ], [ -68.671318, 8.711400 ], [ -68.670738, 8.711682 ], [ -68.670189, 8.711966 ], [ -68.669518, 8.712066 ], [ -68.668335, 8.711760 ], [ -68.667641, 8.711745 ], [ -68.666954, 8.711845 ], [ -68.666374, 8.712083 ], [ -68.665871, 8.712434 ], [ -68.664589, 8.713484 ], [ -68.663994, 8.713859 ], [ -68.663238, 8.714098 ], [ -68.662498, 8.714292 ], [ -68.661713, 8.714370 ], [ -68.660286, 8.714572 ], [ -68.658829, 8.714889 ], [ -68.658074, 8.715129 ], [ -68.657425, 8.715388 ], [ -68.656761, 8.715581 ], [ -68.656158, 8.715635 ], [ -68.655464, 8.715507 ], [ -68.654907, 8.715168 ], [ -68.654411, 8.714738 ], [ -68.654038, 8.714055 ], [ -68.653679, 8.713508 ], [ -68.653137, 8.712459 ], [ -68.652809, 8.711958 ], [ -68.652313, 8.711367 ], [ -68.651733, 8.710961 ], [ -68.651100, 8.710716 ], [ -68.650452, 8.710518 ], [ -68.649826, 8.710251 ], [ -68.649170, 8.709845 ], [ -68.648659, 8.709438 ], [ -68.648193, 8.708917 ], [ -68.647789, 8.708370 ], [ -68.647362, 8.707664 ], [ -68.647080, 8.707163 ], [ -68.646957, 8.706614 ], [ -68.647018, 8.705648 ], [ -68.647118, 8.704866 ], [ -68.647316, 8.704174 ], [ -68.647591, 8.703597 ], [ -68.648186, 8.703038 ], [ -68.648689, 8.702710 ], [ -68.649307, 8.702152 ], [ -68.649666, 8.701711 ], [ -68.650009, 8.701110 ], [ -68.650368, 8.700324 ], [ -68.650383, 8.699658 ], [ -68.650047, 8.699158 ], [ -68.649513, 8.698729 ], [ -68.648956, 8.698460 ], [ -68.648537, 8.698052 ], [ -68.648270, 8.697434 ], [ -68.648331, 8.696722 ], [ -68.648529, 8.696077 ], [ -68.648712, 8.695432 ], [ -68.648559, 8.694768 ], [ -68.648140, 8.694200 ], [ -68.647560, 8.693977 ], [ -68.646988, 8.694467 ], [ -68.646553, 8.694931 ], [ -68.645851, 8.696111 ], [ -68.645279, 8.696394 ], [ -68.644669, 8.696056 ], [ -68.644432, 8.695509 ], [ -68.644196, 8.694892 ], [ -68.644074, 8.694205 ], [ -68.644249, 8.693582 ], [ -68.644722, 8.693026 ], [ -68.645134, 8.692607 ], [ -68.645241, 8.691825 ], [ -68.645371, 8.691043 ], [ -68.645454, 8.690399 ], [ -68.645348, 8.689642 ], [ -68.645035, 8.688360 ], [ -68.645164, 8.687716 ], [ -68.645042, 8.687143 ], [ -68.644821, 8.686366 ], [ -68.644653, 8.685817 ], [ -68.644623, 8.685197 ], [ -68.644455, 8.684603 ], [ -68.644119, 8.683871 ], [ -68.643791, 8.683279 ], [ -68.643624, 8.682707 ], [ -68.643730, 8.682132 ], [ -68.643906, 8.681303 ], [ -68.643707, 8.680616 ], [ -68.643402, 8.680139 ], [ -68.643120, 8.679591 ], [ -68.643044, 8.678881 ], [ -68.643311, 8.678234 ], [ -68.643829, 8.677653 ], [ -68.644386, 8.677371 ], [ -68.644776, 8.676930 ], [ -68.645157, 8.676121 ], [ -68.645424, 8.675590 ], [ -68.645691, 8.675012 ], [ -68.645874, 8.674413 ], [ -68.645950, 8.673723 ], [ -68.645874, 8.672920 ], [ -68.645660, 8.672303 ], [ -68.645256, 8.671781 ], [ -68.644699, 8.671466 ], [ -68.644119, 8.671335 ], [ -68.643379, 8.671230 ], [ -68.642776, 8.671215 ], [ -68.642036, 8.671247 ], [ -68.641434, 8.671002 ], [ -68.640900, 8.670527 ], [ -68.640472, 8.669889 ], [ -68.640007, 8.669459 ], [ -68.639381, 8.669444 ], [ -68.638733, 8.669544 ], [ -68.637993, 8.669325 ], [ -68.637436, 8.669078 ], [ -68.636894, 8.668579 ], [ -68.636497, 8.668035 ], [ -68.636002, 8.667466 ], [ -68.635063, 8.666443 ], [ -68.634674, 8.666077 ], [ -68.634117, 8.665848 ], [ -68.633583, 8.665711 ], [ -68.633026, 8.665735 ], [ -68.632500, 8.665829 ], [ -68.631943, 8.665761 ], [ -68.631454, 8.665418 ], [ -68.631249, 8.664753 ], [ -68.631294, 8.664202 ], [ -68.631569, 8.663674 ], [ -68.631935, 8.663168 ], [ -68.632286, 8.662754 ], [ -68.632606, 8.662317 ], [ -68.632904, 8.661697 ], [ -68.633110, 8.661055 ], [ -68.633362, 8.660548 ], [ -68.633568, 8.659997 ], [ -68.633682, 8.659354 ], [ -68.633705, 8.658666 ], [ -68.633705, 8.658024 ], [ -68.633560, 8.657381 ], [ -68.633171, 8.656969 ], [ -68.632843, 8.656397 ], [ -68.632752, 8.655777 ], [ -68.632706, 8.655180 ], [ -68.632515, 8.654676 ], [ -68.632263, 8.654171 ], [ -68.632561, 8.653644 ], [ -68.633163, 8.653275 ], [ -68.633667, 8.653090 ], [ -68.634201, 8.652743 ], [ -68.635147, 8.652054 ], [ -68.635628, 8.651824 ], [ -68.636162, 8.651685 ], [ -68.636787, 8.651500 ], [ -68.637871, 8.651060 ], [ -68.638329, 8.650717 ], [ -68.638771, 8.650324 ], [ -68.639229, 8.650025 ], [ -68.639763, 8.649772 ], [ -68.640846, 8.649150 ], [ -68.641419, 8.648850 ], [ -68.642044, 8.648481 ], [ -68.642509, 8.648159 ], [ -68.642944, 8.647814 ], [ -68.643379, 8.647423 ], [ -68.643799, 8.646872 ], [ -68.644050, 8.646342 ], [ -68.644188, 8.645677 ], [ -68.644279, 8.645033 ], [ -68.644165, 8.644415 ], [ -68.643791, 8.643842 ], [ -68.643463, 8.643360 ], [ -68.642723, 8.642307 ], [ -68.642258, 8.641619 ], [ -68.641754, 8.641231 ], [ -68.641403, 8.640773 ], [ -68.641052, 8.640337 ], [ -68.640686, 8.639695 ], [ -68.640404, 8.639123 ], [ -68.640152, 8.638641 ], [ -68.639664, 8.638344 ], [ -68.639084, 8.638507 ], [ -68.637749, 8.639403 ], [ -68.636917, 8.639865 ], [ -68.635719, 8.640579 ], [ -68.635025, 8.640947 ], [ -68.634384, 8.641202 ], [ -68.633873, 8.641432 ], [ -68.633225, 8.641640 ], [ -68.632416, 8.641734 ], [ -68.631767, 8.641759 ], [ -68.631058, 8.641714 ], [ -68.630501, 8.641691 ], [ -68.629921, 8.641533 ], [ -68.629433, 8.641166 ], [ -68.629021, 8.640824 ], [ -68.628464, 8.640664 ], [ -68.627884, 8.640665 ], [ -68.627335, 8.640575 ], [ -68.626800, 8.640507 ], [ -68.626266, 8.640234 ], [ -68.625778, 8.639936 ], [ -68.625298, 8.639478 ], [ -68.624924, 8.638998 ], [ -68.624390, 8.638425 ], [ -68.623817, 8.638242 ], [ -68.623169, 8.638267 ], [ -68.622337, 8.638382 ], [ -68.621666, 8.638453 ], [ -68.621132, 8.638523 ], [ -68.620582, 8.638455 ], [ -68.619865, 8.638273 ], [ -68.618660, 8.637794 ], [ -68.618103, 8.637589 ], [ -68.617599, 8.637201 ], [ -68.617111, 8.636880 ], [ -68.616806, 8.636422 ], [ -68.616394, 8.636056 ], [ -68.615974, 8.635507 ], [ -68.615463, 8.635278 ], [ -68.614914, 8.635280 ], [ -68.614311, 8.635258 ], [ -68.613480, 8.635098 ], [ -68.611954, 8.634597 ], [ -68.610794, 8.634187 ], [ -68.610222, 8.633959 ], [ -68.609688, 8.633684 ], [ -68.609177, 8.633249 ], [ -68.608597, 8.632792 ], [ -68.607994, 8.632448 ], [ -68.607376, 8.632220 ], [ -68.606796, 8.632175 ], [ -68.606125, 8.632086 ], [ -68.604645, 8.631836 ], [ -68.603745, 8.631701 ], [ -68.603027, 8.631679 ], [ -68.602402, 8.631542 ], [ -68.601799, 8.631361 ], [ -68.601295, 8.631086 ], [ -68.600762, 8.630950 ], [ -68.600113, 8.630929 ], [ -68.599495, 8.631022 ], [ -68.598778, 8.631045 ], [ -68.598152, 8.630909 ], [ -68.597298, 8.630752 ], [ -68.596695, 8.630890 ], [ -68.596138, 8.631167 ], [ -68.595566, 8.631374 ], [ -68.594963, 8.631353 ], [ -68.594383, 8.631308 ], [ -68.593765, 8.631379 ], [ -68.593163, 8.631541 ], [ -68.592842, 8.632023 ], [ -68.592705, 8.632551 ], [ -68.592682, 8.633286 ], [ -68.592796, 8.634020 ], [ -68.592911, 8.634547 ], [ -68.593101, 8.635259 ], [ -68.593262, 8.635809 ], [ -68.593361, 8.636451 ], [ -68.593476, 8.637116 ], [ -68.593544, 8.637690 ], [ -68.593452, 8.638264 ], [ -68.593224, 8.638791 ], [ -68.592743, 8.639229 ], [ -68.592072, 8.639575 ], [ -68.591469, 8.639759 ], [ -68.590920, 8.639898 ], [ -68.590317, 8.640083 ], [ -68.589737, 8.640176 ], [ -68.588402, 8.640340 ], [ -68.587593, 8.640479 ], [ -68.587036, 8.640549 ], [ -68.586342, 8.640734 ], [ -68.585792, 8.640827 ], [ -68.584450, 8.641013 ], [ -68.583824, 8.641130 ], [ -68.583298, 8.641199 ], [ -68.582741, 8.641178 ], [ -68.582138, 8.640904 ], [ -68.581627, 8.640583 ], [ -68.581215, 8.640148 ], [ -68.580681, 8.639897 ], [ -68.580032, 8.639715 ], [ -68.579529, 8.639533 ], [ -68.579086, 8.639167 ], [ -68.578713, 8.638730 ], [ -68.578346, 8.638341 ], [ -68.577858, 8.638067 ], [ -68.577416, 8.637702 ], [ -68.577416, 8.637127 ], [ -68.577759, 8.636438 ], [ -68.578178, 8.636093 ], [ -68.578758, 8.635818 ], [ -68.579193, 8.635471 ], [ -68.579559, 8.635012 ], [ -68.579834, 8.634460 ], [ -68.579925, 8.633863 ], [ -68.579903, 8.633245 ], [ -68.579620, 8.631845 ], [ -68.579483, 8.631227 ], [ -68.579483, 8.629941 ], [ -68.579552, 8.629297 ], [ -68.579590, 8.628632 ], [ -68.579590, 8.628058 ], [ -68.579475, 8.627348 ], [ -68.579262, 8.626820 ], [ -68.578713, 8.625834 ], [ -68.578453, 8.625353 ], [ -68.578011, 8.624758 ], [ -68.577621, 8.624252 ], [ -68.577247, 8.623818 ], [ -68.576782, 8.623315 ], [ -68.576233, 8.622926 ], [ -68.575607, 8.622468 ], [ -68.574821, 8.621850 ], [ -68.574173, 8.621393 ], [ -68.573708, 8.620981 ], [ -68.573242, 8.620361 ], [ -68.572777, 8.619788 ], [ -68.572410, 8.619263 ], [ -68.571945, 8.618896 ], [ -68.571434, 8.618575 ], [ -68.570793, 8.618324 ], [ -68.570190, 8.618234 ], [ -68.569404, 8.618075 ], [ -68.568710, 8.617961 ], [ -68.568062, 8.617917 ], [ -68.567230, 8.618056 ], [ -68.566635, 8.618103 ], [ -68.566078, 8.618242 ], [ -68.565544, 8.618359 ], [ -68.564949, 8.618612 ], [ -68.564529, 8.618980 ], [ -68.563866, 8.619877 ], [ -68.563354, 8.620383 ], [ -68.562874, 8.620797 ], [ -68.562386, 8.621187 ], [ -68.561974, 8.621601 ], [ -68.561554, 8.621946 ], [ -68.561028, 8.622292 ], [ -68.560516, 8.622522 ], [ -68.559898, 8.622684 ], [ -68.559181, 8.622640 ], [ -68.558510, 8.622526 ], [ -68.557999, 8.622299 ], [ -68.557487, 8.621818 ], [ -68.557053, 8.621475 ], [ -68.556541, 8.621131 ], [ -68.556099, 8.620810 ], [ -68.555641, 8.620352 ], [ -68.555084, 8.619872 ], [ -68.554436, 8.619529 ], [ -68.553627, 8.619278 ], [ -68.552818, 8.619074 ], [ -68.552239, 8.618959 ], [ -68.551659, 8.618869 ], [ -68.550484, 8.618711 ], [ -68.549927, 8.618598 ], [ -68.549210, 8.618347 ], [ -68.548538, 8.618073 ], [ -68.547432, 8.617685 ], [ -68.546875, 8.617479 ], [ -68.545723, 8.616977 ], [ -68.545212, 8.616679 ], [ -68.544906, 8.616152 ], [ -68.544906, 8.615556 ], [ -68.545021, 8.615028 ], [ -68.545341, 8.613857 ], [ -68.545433, 8.612663 ], [ -68.545433, 8.611975 ], [ -68.545456, 8.611402 ], [ -68.545433, 8.610827 ], [ -68.545197, 8.610345 ], [ -68.544762, 8.609797 ], [ -68.544251, 8.609361 ], [ -68.543159, 8.608561 ], [ -68.541962, 8.607714 ], [ -68.541474, 8.607417 ], [ -68.540451, 8.606752 ], [ -68.539596, 8.605974 ], [ -68.539162, 8.605608 ], [ -68.538254, 8.604807 ], [ -68.537216, 8.604304 ], [ -68.536682, 8.604121 ], [ -68.536011, 8.603825 ], [ -68.535477, 8.603642 ], [ -68.534927, 8.603391 ], [ -68.533722, 8.602889 ], [ -68.533051, 8.602592 ], [ -68.532471, 8.602432 ], [ -68.531921, 8.602343 ], [ -68.531273, 8.602274 ], [ -68.530190, 8.602001 ], [ -68.529655, 8.601772 ], [ -68.529411, 8.601596 ], [ -68.528778, 8.602034 ], [ -68.508728, 8.568471 ], [ -68.516304, 8.560816 ] ] ] } }

]
}
