{
"type": "FeatureCollection",
"features": [
{ "type": "Feature", "properties": { "COD_ESTADO": "19", "ESTADO": "SUCRE" }, "geometry": { "type": "Polygon", "coordinates": [ [ [ -63.764023, 10.527296 ], [ -63.764954, 10.527486 ], [ -63.765556, 10.527448 ], [ -63.766067, 10.527529 ], [ -63.766746, 10.527651 ], [ -63.767258, 10.527754 ], [ -63.769024, 10.527714 ], [ -63.769535, 10.527839 ], [ -63.770077, 10.528010 ], [ -63.770660, 10.528250 ], [ -63.771248, 10.528443 ], [ -63.772419, 10.528783 ], [ -63.772957, 10.528978 ], [ -63.773472, 10.529150 ], [ -63.774033, 10.529275 ], [ -63.775833, 10.529716 ], [ -63.776390, 10.529773 ], [ -63.776928, 10.529806 ], [ -63.777577, 10.529814 ], [ -63.779110, 10.529915 ], [ -63.779766, 10.530015 ], [ -63.780369, 10.530094 ], [ -63.780975, 10.530149 ], [ -63.781559, 10.530226 ], [ -63.782658, 10.530454 ], [ -63.783333, 10.530553 ], [ -63.783913, 10.530516 ], [ -63.784977, 10.530354 ], [ -63.785534, 10.530317 ], [ -63.786114, 10.530351 ], [ -63.786698, 10.530405 ], [ -63.787769, 10.530565 ], [ -63.788353, 10.530734 ], [ -63.788845, 10.530953 ], [ -63.789951, 10.531502 ], [ -63.790520, 10.531835 ], [ -63.790993, 10.532236 ], [ -63.791263, 10.532850 ], [ -63.791462, 10.533352 ], [ -63.791637, 10.533877 ], [ -63.791905, 10.534330 ], [ -63.792217, 10.534829 ], [ -63.792694, 10.535299 ], [ -63.793167, 10.535611 ], [ -63.793823, 10.535871 ], [ -63.794315, 10.536022 ], [ -63.794834, 10.536307 ], [ -63.795830, 10.537112 ], [ -63.796303, 10.537516 ], [ -63.796707, 10.537942 ], [ -63.797112, 10.538301 ], [ -63.797539, 10.538636 ], [ -63.798054, 10.538853 ], [ -63.798618, 10.539047 ], [ -63.799694, 10.539367 ], [ -63.800373, 10.539557 ], [ -63.800823, 10.539869 ], [ -63.801296, 10.540249 ], [ -63.801422, 10.540751 ], [ -63.801533, 10.541438 ], [ -63.801689, 10.541987 ], [ -63.801861, 10.542489 ], [ -63.802059, 10.543013 ], [ -63.802353, 10.543534 ], [ -63.802689, 10.543986 ], [ -63.803406, 10.544728 ], [ -63.803837, 10.545247 ], [ -63.804310, 10.545650 ], [ -63.804825, 10.545844 ], [ -63.805454, 10.545876 ], [ -63.806103, 10.545815 ], [ -63.806633, 10.545642 ], [ -63.807430, 10.545991 ], [ -63.808182, 10.546341 ], [ -63.808678, 10.546628 ], [ -63.809593, 10.546998 ], [ -63.810181, 10.547284 ], [ -63.810699, 10.547593 ], [ -63.811291, 10.548015 ], [ -63.811695, 10.548398 ], [ -63.812103, 10.548870 ], [ -63.812920, 10.549909 ], [ -63.813347, 10.550405 ], [ -63.813778, 10.550854 ], [ -63.814182, 10.551257 ], [ -63.814659, 10.551684 ], [ -63.815060, 10.552019 ], [ -63.815628, 10.552351 ], [ -63.816170, 10.552683 ], [ -63.816803, 10.552967 ], [ -63.817295, 10.553116 ], [ -63.818401, 10.553619 ], [ -63.819591, 10.553983 ], [ -63.820175, 10.554061 ], [ -63.820782, 10.554092 ], [ -63.821407, 10.554078 ], [ -63.822659, 10.553956 ], [ -63.823216, 10.553828 ], [ -63.823769, 10.553679 ], [ -63.824276, 10.553529 ], [ -63.825352, 10.552998 ], [ -63.825935, 10.553007 ], [ -63.826294, 10.553412 ], [ -63.826538, 10.553958 ], [ -63.826965, 10.554339 ], [ -63.827473, 10.554213 ], [ -63.828125, 10.554197 ], [ -63.828640, 10.554415 ], [ -63.829239, 10.554216 ], [ -63.829769, 10.553951 ], [ -63.830269, 10.553596 ], [ -63.830822, 10.553374 ], [ -63.831352, 10.553225 ], [ -63.831940, 10.553487 ], [ -63.832600, 10.553907 ], [ -63.833214, 10.554330 ], [ -63.833733, 10.554664 ], [ -63.834301, 10.554972 ], [ -63.834793, 10.555167 ], [ -63.835285, 10.555409 ], [ -63.835941, 10.555622 ], [ -63.836456, 10.555748 ], [ -63.836968, 10.555783 ], [ -63.838127, 10.555756 ], [ -63.838707, 10.555696 ], [ -63.839379, 10.555543 ], [ -63.839955, 10.555391 ], [ -63.840553, 10.555192 ], [ -63.841179, 10.555132 ], [ -63.841904, 10.555254 ], [ -63.842441, 10.555401 ], [ -63.843521, 10.555950 ], [ -63.844113, 10.556260 ], [ -63.844627, 10.556408 ], [ -63.845184, 10.556418 ], [ -63.845692, 10.556360 ], [ -63.846298, 10.556322 ], [ -63.846809, 10.556356 ], [ -63.848026, 10.556673 ], [ -63.848652, 10.556749 ], [ -63.849190, 10.556761 ], [ -63.849766, 10.556609 ], [ -63.850247, 10.556414 ], [ -63.850971, 10.556582 ], [ -63.851532, 10.556683 ], [ -63.852062, 10.556486 ], [ -63.852398, 10.556066 ], [ -63.852955, 10.554995 ], [ -63.853413, 10.554708 ], [ -63.854080, 10.554554 ], [ -63.854690, 10.554724 ], [ -63.855965, 10.555590 ], [ -63.856720, 10.556056 ], [ -63.857285, 10.556386 ], [ -63.857712, 10.556676 ], [ -63.858299, 10.557029 ], [ -63.858818, 10.557270 ], [ -63.859425, 10.557463 ], [ -63.859940, 10.557589 ], [ -63.860638, 10.557595 ], [ -63.861313, 10.557579 ], [ -63.861912, 10.557450 ], [ -63.862488, 10.557276 ], [ -63.863041, 10.557055 ], [ -63.863545, 10.556814 ], [ -63.864025, 10.556550 ], [ -63.864552, 10.556192 ], [ -63.865009, 10.555860 ], [ -63.865417, 10.555506 ], [ -63.865898, 10.555287 ], [ -63.866413, 10.555322 ], [ -63.866932, 10.555699 ], [ -63.867336, 10.556036 ], [ -63.867828, 10.556231 ], [ -63.868359, 10.556150 ], [ -63.869419, 10.555711 ], [ -63.869926, 10.555560 ], [ -63.870487, 10.555732 ], [ -63.870937, 10.556067 ], [ -63.871731, 10.556163 ], [ -63.873005, 10.555994 ], [ -63.873558, 10.555912 ], [ -63.874809, 10.555837 ], [ -63.875412, 10.555731 ], [ -63.876526, 10.555613 ], [ -63.877075, 10.555415 ], [ -63.877487, 10.555108 ], [ -63.877918, 10.554729 ], [ -63.878445, 10.554327 ], [ -63.878994, 10.553991 ], [ -63.879498, 10.553796 ], [ -63.880169, 10.553642 ], [ -63.880749, 10.553605 ], [ -63.881260, 10.553686 ], [ -63.881870, 10.553809 ], [ -63.882385, 10.553981 ], [ -63.883064, 10.554194 ], [ -63.883716, 10.554363 ], [ -63.884209, 10.554513 ], [ -63.884727, 10.554822 ], [ -63.885582, 10.555537 ], [ -63.885986, 10.555942 ], [ -63.886253, 10.556418 ], [ -63.886925, 10.556334 ], [ -63.887451, 10.555977 ], [ -63.887886, 10.555666 ], [ -63.888340, 10.555358 ], [ -63.888825, 10.555184 ], [ -63.889385, 10.555264 ], [ -63.889965, 10.555319 ], [ -63.890549, 10.555397 ], [ -63.891270, 10.555357 ], [ -63.891804, 10.555390 ], [ -63.892502, 10.555397 ], [ -63.893223, 10.555428 ], [ -63.895038, 10.555590 ], [ -63.896370, 10.555835 ], [ -63.896999, 10.555934 ], [ -63.898281, 10.556157 ], [ -63.898933, 10.556302 ], [ -63.900200, 10.556710 ], [ -63.900738, 10.556927 ], [ -63.901279, 10.557167 ], [ -63.901752, 10.557431 ], [ -63.902222, 10.557651 ], [ -63.902759, 10.557844 ], [ -63.903271, 10.557764 ], [ -63.903679, 10.557431 ], [ -63.903572, 10.556837 ], [ -63.903675, 10.556306 ], [ -63.904232, 10.556269 ], [ -63.905029, 10.556664 ], [ -63.905544, 10.556836 ], [ -63.906151, 10.556937 ], [ -63.906757, 10.557014 ], [ -63.907272, 10.557117 ], [ -63.907856, 10.557219 ], [ -63.908695, 10.557383 ], [ -63.909302, 10.557460 ], [ -63.910511, 10.557477 ], [ -63.911022, 10.557558 ], [ -63.911426, 10.557892 ], [ -63.911854, 10.558342 ], [ -63.912582, 10.558647 ], [ -63.913330, 10.558836 ], [ -63.913845, 10.558986 ], [ -63.914337, 10.559156 ], [ -63.914875, 10.559305 ], [ -63.915325, 10.559594 ], [ -63.915935, 10.559900 ], [ -63.916481, 10.560233 ], [ -63.917068, 10.560609 ], [ -63.917614, 10.560987 ], [ -63.918159, 10.561388 ], [ -63.918797, 10.561832 ], [ -63.919861, 10.562612 ], [ -63.920834, 10.563394 ], [ -63.921692, 10.564200 ], [ -63.922142, 10.564604 ], [ -63.922569, 10.564961 ], [ -63.923565, 10.565765 ], [ -63.923996, 10.566238 ], [ -63.924846, 10.566908 ], [ -63.925205, 10.567289 ], [ -63.925610, 10.567625 ], [ -63.926056, 10.567891 ], [ -63.926575, 10.568154 ], [ -63.927071, 10.568228 ], [ -63.927532, 10.568282 ], [ -63.928146, 10.568375 ], [ -63.928631, 10.568543 ], [ -63.929058, 10.568899 ], [ -63.929329, 10.569536 ], [ -63.929596, 10.570059 ], [ -63.930115, 10.570415 ], [ -63.930664, 10.570056 ], [ -63.931164, 10.569632 ], [ -63.931698, 10.569527 ], [ -63.932331, 10.569810 ], [ -63.932758, 10.570145 ], [ -63.933331, 10.570706 ], [ -63.933880, 10.571290 ], [ -63.934284, 10.571741 ], [ -63.934440, 10.572334 ], [ -63.934292, 10.572821 ], [ -63.934258, 10.573374 ], [ -63.934753, 10.573707 ], [ -63.935341, 10.573946 ], [ -63.935745, 10.574349 ], [ -63.936131, 10.574845 ], [ -63.936466, 10.575252 ], [ -63.936870, 10.575633 ], [ -63.937408, 10.575734 ], [ -63.937889, 10.575541 ], [ -63.938488, 10.575388 ], [ -63.939140, 10.575464 ], [ -63.939545, 10.575846 ], [ -63.939774, 10.576507 ], [ -63.940178, 10.576887 ], [ -63.940670, 10.577106 ], [ -63.941300, 10.577275 ], [ -63.941761, 10.577012 ], [ -63.942161, 10.576427 ], [ -63.942795, 10.576618 ], [ -63.943287, 10.576814 ], [ -63.943855, 10.577190 ], [ -63.944328, 10.577548 ], [ -63.944710, 10.577930 ], [ -63.945137, 10.578218 ], [ -63.945606, 10.578459 ], [ -63.945942, 10.578865 ], [ -63.946075, 10.579530 ], [ -63.945931, 10.580245 ], [ -63.945458, 10.580808 ], [ -63.944958, 10.581326 ], [ -63.945202, 10.581849 ], [ -63.945629, 10.582182 ], [ -63.946144, 10.582240 ], [ -63.946815, 10.582131 ], [ -63.947292, 10.581821 ], [ -63.947792, 10.581372 ], [ -63.948154, 10.580997 ], [ -63.948513, 10.580482 ], [ -63.948875, 10.580106 ], [ -63.949474, 10.579885 ], [ -63.949989, 10.579942 ], [ -63.950283, 10.580510 ], [ -63.950108, 10.581042 ], [ -63.949821, 10.581578 ], [ -63.949669, 10.582065 ], [ -63.949848, 10.582634 ], [ -63.950401, 10.582576 ], [ -63.950958, 10.582424 ], [ -63.951622, 10.583006 ], [ -63.952145, 10.583522 ], [ -63.952682, 10.583578 ], [ -63.953236, 10.583451 ], [ -63.953743, 10.583231 ], [ -63.954125, 10.582763 ], [ -63.954273, 10.582230 ], [ -63.954048, 10.581661 ], [ -63.953735, 10.581140 ], [ -63.954212, 10.580669 ], [ -63.954887, 10.580768 ], [ -63.955360, 10.581078 ], [ -63.955799, 10.581895 ], [ -63.956093, 10.582463 ], [ -63.956383, 10.582893 ], [ -63.956718, 10.583299 ], [ -63.957210, 10.583563 ], [ -63.957889, 10.583731 ], [ -63.958542, 10.583830 ], [ -63.958950, 10.583361 ], [ -63.959526, 10.583232 ], [ -63.960156, 10.583262 ], [ -63.960514, 10.582818 ], [ -63.960663, 10.582308 ], [ -63.961174, 10.582341 ], [ -63.961647, 10.582629 ], [ -63.962162, 10.582801 ], [ -63.962933, 10.582921 ], [ -63.963608, 10.582951 ], [ -63.964138, 10.582869 ], [ -63.964500, 10.582356 ], [ -63.964863, 10.581978 ], [ -63.965443, 10.582056 ], [ -63.965824, 10.582415 ], [ -63.966576, 10.582650 ], [ -63.967026, 10.582984 ], [ -63.967564, 10.583178 ], [ -63.968067, 10.582890 ], [ -63.968449, 10.582444 ], [ -63.969261, 10.582288 ], [ -63.969459, 10.582857 ], [ -63.969425, 10.583386 ], [ -63.969986, 10.583488 ], [ -63.970394, 10.583111 ], [ -63.970753, 10.582527 ], [ -63.971187, 10.582242 ], [ -63.971634, 10.582505 ], [ -63.972126, 10.582657 ], [ -63.972584, 10.582415 ], [ -63.972824, 10.581788 ], [ -63.973282, 10.581455 ], [ -63.974163, 10.581366 ], [ -63.974270, 10.581915 ], [ -63.974144, 10.582584 ], [ -63.974114, 10.583184 ], [ -63.974812, 10.583143 ], [ -63.975342, 10.582970 ], [ -63.975048, 10.582401 ], [ -63.975098, 10.581711 ], [ -63.975342, 10.581245 ], [ -63.975723, 10.580731 ], [ -63.975968, 10.580242 ], [ -63.976280, 10.579753 ], [ -63.976692, 10.579420 ], [ -63.977268, 10.579269 ], [ -63.977852, 10.579440 ], [ -63.978256, 10.579820 ], [ -63.978272, 10.580347 ], [ -63.978351, 10.580853 ], [ -63.979713, 10.581289 ], [ -63.980324, 10.580837 ], [ -63.980255, 10.579841 ], [ -63.980591, 10.579328 ], [ -63.981167, 10.579199 ], [ -63.981701, 10.579141 ], [ -63.981648, 10.579716 ], [ -63.981728, 10.580220 ], [ -63.982136, 10.580693 ], [ -63.982471, 10.581144 ], [ -63.982876, 10.580628 ], [ -63.983147, 10.580185 ], [ -63.983620, 10.579692 ], [ -63.984150, 10.579565 ], [ -63.985314, 10.579537 ], [ -63.985787, 10.579917 ], [ -63.986256, 10.580134 ], [ -63.986767, 10.580031 ], [ -63.987080, 10.579563 ], [ -63.987442, 10.579187 ], [ -63.988327, 10.579281 ], [ -63.988731, 10.579684 ], [ -63.988697, 10.580215 ], [ -63.988991, 10.580713 ], [ -63.989498, 10.580608 ], [ -63.990024, 10.580390 ], [ -63.990746, 10.580349 ], [ -63.991257, 10.580383 ], [ -63.991818, 10.580440 ], [ -63.992397, 10.580471 ], [ -63.992519, 10.579779 ], [ -63.992298, 10.579231 ], [ -63.992679, 10.578833 ], [ -63.993217, 10.578842 ], [ -63.993618, 10.579177 ], [ -63.993633, 10.579706 ], [ -63.993561, 10.580621 ], [ -63.994129, 10.579992 ], [ -63.994633, 10.579796 ], [ -63.995381, 10.579917 ], [ -63.995850, 10.580135 ], [ -63.996411, 10.580215 ], [ -63.996963, 10.580086 ], [ -63.997437, 10.580373 ], [ -63.997498, 10.580900 ], [ -63.997208, 10.581389 ], [ -63.996895, 10.581880 ], [ -63.996674, 10.582368 ], [ -63.996849, 10.582847 ], [ -63.997356, 10.582651 ], [ -63.997807, 10.582065 ], [ -63.998047, 10.581600 ], [ -63.998318, 10.581135 ], [ -63.998722, 10.580687 ], [ -63.999176, 10.580332 ], [ -63.999683, 10.580043 ], [ -64.000191, 10.580239 ], [ -64.000854, 10.580219 ], [ -64.001389, 10.580239 ], [ -64.002197, 10.580234 ], [ -64.003731, 10.580088 ], [ -64.005241, 10.580032 ], [ -64.006127, 10.580119 ], [ -64.006592, 10.580506 ], [ -64.006966, 10.580987 ], [ -64.006813, 10.581585 ], [ -64.007317, 10.581583 ], [ -64.007851, 10.581418 ], [ -64.008270, 10.581117 ], [ -64.008660, 10.580724 ], [ -64.009125, 10.580377 ], [ -64.009636, 10.580282 ], [ -64.010170, 10.580210 ], [ -64.010704, 10.580276 ], [ -64.011238, 10.580433 ], [ -64.011749, 10.580614 ], [ -64.012238, 10.580841 ], [ -64.012566, 10.580448 ], [ -64.012863, 10.580009 ], [ -64.013420, 10.579938 ], [ -64.013908, 10.580095 ], [ -64.014465, 10.580184 ], [ -64.014976, 10.579813 ], [ -64.015488, 10.580086 ], [ -64.015999, 10.580221 ], [ -64.016579, 10.580126 ], [ -64.017044, 10.579846 ], [ -64.017525, 10.579314 ], [ -64.017845, 10.578854 ], [ -64.018356, 10.578598 ], [ -64.018890, 10.578503 ], [ -64.019516, 10.578590 ], [ -64.020027, 10.578679 ], [ -64.020584, 10.578677 ], [ -64.021172, 10.578511 ], [ -64.021652, 10.578302 ], [ -64.022140, 10.578138 ], [ -64.022743, 10.578227 ], [ -64.023262, 10.578408 ], [ -64.023765, 10.578382 ], [ -64.024353, 10.578310 ], [ -64.024910, 10.578259 ], [ -64.025581, 10.578347 ], [ -64.026069, 10.578551 ], [ -64.026726, 10.578800 ], [ -64.027214, 10.578958 ], [ -64.027725, 10.579230 ], [ -64.028236, 10.579365 ], [ -64.028748, 10.579522 ], [ -64.029075, 10.579958 ], [ -64.029564, 10.580231 ], [ -64.030075, 10.580274 ], [ -64.030708, 10.580200 ], [ -64.031143, 10.579922 ], [ -64.031769, 10.579022 ], [ -64.032318, 10.578812 ], [ -64.032829, 10.578740 ], [ -64.033340, 10.578369 ], [ -64.033897, 10.578045 ], [ -64.034378, 10.577880 ], [ -64.034965, 10.577877 ], [ -64.035591, 10.577966 ], [ -64.036125, 10.578008 ], [ -64.036614, 10.577821 ], [ -64.037102, 10.577564 ], [ -64.037628, 10.577401 ], [ -64.038193, 10.577421 ], [ -64.038681, 10.577694 ], [ -64.038918, 10.578198 ], [ -64.039292, 10.578609 ], [ -64.039848, 10.578651 ], [ -64.040359, 10.578534 ], [ -64.040863, 10.578322 ], [ -64.041443, 10.578114 ], [ -64.042069, 10.577857 ], [ -64.042648, 10.577762 ], [ -64.043213, 10.578056 ], [ -64.043678, 10.578330 ], [ -64.044281, 10.578578 ], [ -64.044746, 10.578805 ], [ -64.045334, 10.579101 ], [ -64.045845, 10.579395 ], [ -64.046127, 10.579899 ], [ -64.046158, 10.580428 ], [ -64.045784, 10.580867 ], [ -64.045281, 10.581145 ], [ -64.045120, 10.581629 ], [ -64.044609, 10.581978 ], [ -64.043983, 10.581981 ], [ -64.043427, 10.582237 ], [ -64.043457, 10.582811 ], [ -64.043877, 10.583154 ], [ -64.043785, 10.583705 ], [ -64.043350, 10.584030 ], [ -64.042885, 10.584399 ], [ -64.042656, 10.585022 ], [ -64.042335, 10.585438 ], [ -64.041801, 10.585395 ], [ -64.041710, 10.585924 ], [ -64.041527, 10.586431 ], [ -64.041161, 10.586915 ], [ -64.040558, 10.587194 ], [ -64.039978, 10.586922 ], [ -64.039414, 10.586720 ], [ -64.038879, 10.586768 ], [ -64.039238, 10.587823 ], [ -64.038849, 10.588170 ], [ -64.038261, 10.588013 ], [ -64.037682, 10.587717 ], [ -64.037170, 10.587421 ], [ -64.036682, 10.587609 ], [ -64.036194, 10.587865 ], [ -64.035683, 10.588097 ], [ -64.035194, 10.587917 ], [ -64.034637, 10.587782 ], [ -64.033943, 10.587625 ], [ -64.033478, 10.587973 ], [ -64.032989, 10.588205 ], [ -64.032432, 10.588439 ], [ -64.032463, 10.588944 ], [ -64.032516, 10.589449 ], [ -64.032074, 10.589727 ], [ -64.031563, 10.589640 ], [ -64.031029, 10.589390 ], [ -64.029816, 10.588868 ], [ -64.029236, 10.588665 ], [ -64.028625, 10.588531 ], [ -64.028046, 10.588467 ], [ -64.027443, 10.588860 ], [ -64.027450, 10.589435 ], [ -64.027245, 10.589919 ], [ -64.026756, 10.590105 ], [ -64.026344, 10.591096 ], [ -64.026001, 10.591536 ], [ -64.025490, 10.591928 ], [ -64.025101, 10.592252 ], [ -64.024750, 10.592714 ], [ -64.024361, 10.593198 ], [ -64.023880, 10.593570 ], [ -64.023369, 10.593757 ], [ -64.022720, 10.593875 ], [ -64.022232, 10.594062 ], [ -64.021812, 10.594454 ], [ -64.021538, 10.594893 ], [ -64.021027, 10.595079 ], [ -64.020424, 10.594991 ], [ -64.019898, 10.595454 ], [ -64.019669, 10.596100 ], [ -64.020180, 10.596073 ], [ -64.020737, 10.596093 ], [ -64.021225, 10.596343 ], [ -64.021622, 10.596730 ], [ -64.022110, 10.596912 ], [ -64.022644, 10.596862 ], [ -64.023224, 10.596745 ], [ -64.023712, 10.596580 ], [ -64.024902, 10.594391 ], [ -64.025459, 10.594065 ], [ -64.025894, 10.593580 ], [ -64.026459, 10.593576 ], [ -64.026970, 10.593848 ], [ -64.026695, 10.594311 ], [ -64.026253, 10.594796 ], [ -64.026069, 10.595371 ], [ -64.026123, 10.595922 ], [ -64.026314, 10.596473 ], [ -64.026825, 10.596607 ], [ -64.027359, 10.596720 ], [ -64.027893, 10.596647 ], [ -64.028450, 10.596459 ], [ -64.028771, 10.596045 ], [ -64.028442, 10.594874 ], [ -64.028992, 10.594619 ], [ -64.029251, 10.594133 ], [ -64.029381, 10.593559 ], [ -64.030075, 10.593302 ], [ -64.030174, 10.593898 ], [ -64.030434, 10.594425 ], [ -64.030853, 10.594745 ], [ -64.030929, 10.595296 ], [ -64.031097, 10.595823 ], [ -64.031608, 10.596072 ], [ -64.032097, 10.596369 ], [ -64.032608, 10.596596 ], [ -64.033096, 10.596386 ], [ -64.033562, 10.596153 ], [ -64.033997, 10.595875 ], [ -64.034508, 10.595825 ], [ -64.035065, 10.595822 ], [ -64.035599, 10.595728 ], [ -64.035851, 10.595243 ], [ -64.036057, 10.594760 ], [ -64.036400, 10.594253 ], [ -64.036896, 10.594501 ], [ -64.037407, 10.594613 ], [ -64.037895, 10.594427 ], [ -64.038399, 10.594216 ], [ -64.038956, 10.593937 ], [ -64.039444, 10.593704 ], [ -64.039978, 10.593403 ], [ -64.040535, 10.593376 ], [ -64.041069, 10.593557 ], [ -64.041023, 10.594063 ], [ -64.040497, 10.594501 ], [ -64.039818, 10.594598 ], [ -64.039360, 10.594899 ], [ -64.039391, 10.595521 ], [ -64.039696, 10.596046 ], [ -64.041969, 10.595942 ], [ -64.042290, 10.595203 ], [ -64.042801, 10.594947 ], [ -64.043259, 10.594302 ], [ -64.042885, 10.593844 ], [ -64.042923, 10.593292 ], [ -64.043320, 10.592784 ], [ -64.043358, 10.591750 ], [ -64.043915, 10.591632 ], [ -64.044373, 10.591399 ], [ -64.044678, 10.591811 ], [ -64.044754, 10.592408 ], [ -64.044617, 10.592915 ], [ -64.044624, 10.593420 ], [ -64.044762, 10.593947 ], [ -64.044792, 10.594544 ], [ -64.044937, 10.595050 ], [ -64.045265, 10.595507 ], [ -64.045639, 10.595918 ], [ -64.045876, 10.596560 ], [ -64.045952, 10.597065 ], [ -64.046211, 10.597592 ], [ -64.046539, 10.597981 ], [ -64.047051, 10.598322 ], [ -64.047241, 10.598896 ], [ -64.047310, 10.599401 ], [ -64.047592, 10.599905 ], [ -64.048088, 10.600154 ], [ -64.048668, 10.600244 ], [ -64.048920, 10.599735 ], [ -64.048584, 10.598612 ], [ -64.048584, 10.598107 ], [ -64.048882, 10.597691 ], [ -64.049347, 10.597413 ], [ -64.049805, 10.597112 ], [ -64.050201, 10.596764 ], [ -64.050522, 10.596280 ], [ -64.050682, 10.595634 ], [ -64.050514, 10.595062 ], [ -64.049972, 10.594767 ], [ -64.049347, 10.594701 ], [ -64.049507, 10.594149 ], [ -64.049972, 10.593847 ], [ -64.050476, 10.593568 ], [ -64.050987, 10.593335 ], [ -64.051613, 10.593010 ], [ -64.052025, 10.592708 ], [ -64.052399, 10.592201 ], [ -64.052551, 10.591601 ], [ -64.052460, 10.591052 ], [ -64.051849, 10.590802 ], [ -64.051437, 10.591105 ], [ -64.050995, 10.591405 ], [ -64.050514, 10.591639 ], [ -64.049980, 10.591779 ], [ -64.049393, 10.591713 ], [ -64.048813, 10.591578 ], [ -64.048210, 10.591331 ], [ -64.047806, 10.590804 ], [ -64.048157, 10.590250 ], [ -64.047989, 10.589746 ], [ -64.047478, 10.589588 ], [ -64.047707, 10.589105 ], [ -64.048073, 10.588643 ], [ -64.048561, 10.588272 ], [ -64.049088, 10.588061 ], [ -64.049690, 10.587944 ], [ -64.050301, 10.587870 ], [ -64.050858, 10.587683 ], [ -64.051361, 10.587427 ], [ -64.051804, 10.587127 ], [ -64.052261, 10.586733 ], [ -64.052727, 10.586477 ], [ -64.053352, 10.586404 ], [ -64.053841, 10.586561 ], [ -64.054169, 10.586973 ], [ -64.053620, 10.587321 ], [ -64.053291, 10.587898 ], [ -64.053528, 10.588470 ], [ -64.053993, 10.588697 ], [ -64.054558, 10.588879 ], [ -64.055069, 10.589059 ], [ -64.055252, 10.588552 ], [ -64.055458, 10.588046 ], [ -64.055778, 10.587607 ], [ -64.056290, 10.587398 ], [ -64.056778, 10.587234 ], [ -64.057258, 10.586978 ], [ -64.057747, 10.586607 ], [ -64.058258, 10.586259 ], [ -64.058769, 10.586325 ], [ -64.059319, 10.586229 ], [ -64.059830, 10.585973 ], [ -64.060295, 10.585557 ], [ -64.060852, 10.585485 ], [ -64.061150, 10.585024 ], [ -64.060638, 10.584660 ], [ -64.060127, 10.584571 ], [ -64.059570, 10.584552 ], [ -64.059059, 10.584599 ], [ -64.058472, 10.584488 ], [ -64.058029, 10.584101 ], [ -64.057724, 10.583689 ], [ -64.057190, 10.583646 ], [ -64.056824, 10.584040 ], [ -64.056290, 10.584158 ], [ -64.056076, 10.583676 ], [ -64.055931, 10.583056 ], [ -64.055878, 10.582529 ], [ -64.055481, 10.582071 ], [ -64.054970, 10.582328 ], [ -64.054535, 10.582628 ], [ -64.054024, 10.582700 ], [ -64.053604, 10.582313 ], [ -64.053215, 10.582706 ], [ -64.052650, 10.582641 ], [ -64.052162, 10.582391 ], [ -64.051811, 10.581887 ], [ -64.052040, 10.581380 ], [ -64.050896, 10.580790 ], [ -64.050453, 10.580310 ], [ -64.050354, 10.579782 ], [ -64.050468, 10.579229 ], [ -64.050957, 10.578906 ], [ -64.052040, 10.578645 ], [ -64.052551, 10.578643 ], [ -64.053627, 10.578774 ], [ -64.054207, 10.578771 ], [ -64.054764, 10.578698 ], [ -64.055298, 10.578534 ], [ -64.055901, 10.578209 ], [ -64.056450, 10.578021 ], [ -64.056961, 10.578179 ], [ -64.057617, 10.578106 ], [ -64.058197, 10.577987 ], [ -64.058777, 10.577915 ], [ -64.059265, 10.577728 ], [ -64.059837, 10.577448 ], [ -64.060425, 10.577537 ], [ -64.060936, 10.577649 ], [ -64.061493, 10.577806 ], [ -64.062004, 10.577872 ], [ -64.062584, 10.577707 ], [ -64.063049, 10.577337 ], [ -64.063484, 10.576967 ], [ -64.063950, 10.576711 ], [ -64.064552, 10.576340 ], [ -64.065033, 10.576060 ], [ -64.065544, 10.576081 ], [ -64.066124, 10.576146 ], [ -64.066635, 10.576236 ], [ -64.067268, 10.576186 ], [ -64.067917, 10.575952 ], [ -64.068100, 10.575445 ], [ -64.068375, 10.575006 ], [ -64.068978, 10.574657 ], [ -64.069511, 10.574724 ], [ -64.070023, 10.574836 ], [ -64.070625, 10.575016 ], [ -64.071182, 10.575242 ], [ -64.071648, 10.575538 ], [ -64.072121, 10.575903 ], [ -64.072472, 10.576291 ], [ -64.072800, 10.576772 ], [ -64.072945, 10.577436 ], [ -64.073044, 10.577964 ], [ -64.073463, 10.578352 ], [ -64.073509, 10.578858 ], [ -64.073212, 10.579296 ], [ -64.072243, 10.579877 ], [ -64.071755, 10.580248 ], [ -64.071342, 10.580801 ], [ -64.071159, 10.581354 ], [ -64.071068, 10.581905 ], [ -64.071602, 10.581971 ], [ -64.072113, 10.581901 ], [ -64.072670, 10.581736 ], [ -64.073067, 10.581411 ], [ -64.073570, 10.580788 ], [ -64.074013, 10.580302 ], [ -64.074448, 10.579954 ], [ -64.075256, 10.579582 ], [ -64.075882, 10.579441 ], [ -64.075462, 10.579053 ], [ -64.075691, 10.578591 ], [ -64.076088, 10.578175 ], [ -64.076622, 10.578242 ], [ -64.076759, 10.578747 ], [ -64.076996, 10.579226 ], [ -64.077484, 10.579040 ], [ -64.077995, 10.578808 ], [ -64.078430, 10.578529 ], [ -64.078873, 10.578157 ], [ -64.079170, 10.577744 ], [ -64.079353, 10.577236 ], [ -64.079323, 10.576707 ], [ -64.078835, 10.576505 ], [ -64.078255, 10.576530 ], [ -64.077866, 10.576856 ], [ -64.077446, 10.577180 ], [ -64.076935, 10.577182 ], [ -64.077072, 10.576561 ], [ -64.077278, 10.575916 ], [ -64.077736, 10.575478 ], [ -64.078407, 10.575450 ], [ -64.078896, 10.575239 ], [ -64.079407, 10.575122 ], [ -64.080055, 10.575027 ], [ -64.080895, 10.574929 ], [ -64.081474, 10.574880 ], [ -64.082054, 10.574692 ], [ -64.082466, 10.574344 ], [ -64.082817, 10.573928 ], [ -64.083252, 10.573490 ], [ -64.083763, 10.573118 ], [ -64.084244, 10.572886 ], [ -64.084755, 10.573021 ], [ -64.085319, 10.573224 ], [ -64.085854, 10.573290 ], [ -64.086365, 10.573172 ], [ -64.086990, 10.572938 ], [ -64.087593, 10.572772 ], [ -64.088379, 10.572677 ], [ -64.088890, 10.572742 ], [ -64.090149, 10.572987 ], [ -64.090706, 10.572983 ], [ -64.091400, 10.572841 ], [ -64.092026, 10.572676 ], [ -64.092651, 10.572489 ], [ -64.093811, 10.571976 ], [ -64.094948, 10.571554 ], [ -64.095619, 10.571390 ], [ -64.096199, 10.571226 ], [ -64.097076, 10.570946 ], [ -64.097725, 10.570687 ], [ -64.098259, 10.570431 ], [ -64.098793, 10.570221 ], [ -64.099350, 10.570081 ], [ -64.099998, 10.569983 ], [ -64.100533, 10.569935 ], [ -64.101044, 10.569932 ], [ -64.101601, 10.569951 ], [ -64.102348, 10.570038 ], [ -64.102882, 10.570080 ], [ -64.103439, 10.570030 ], [ -64.103950, 10.569914 ], [ -64.104988, 10.569377 ], [ -64.105637, 10.569077 ], [ -64.106148, 10.569096 ], [ -64.106705, 10.569183 ], [ -64.107307, 10.569249 ], [ -64.107986, 10.569290 ], [ -64.108521, 10.569218 ], [ -64.109055, 10.569122 ], [ -64.109657, 10.568957 ], [ -64.110214, 10.568817 ], [ -64.110954, 10.568583 ], [ -64.112388, 10.568252 ], [ -64.112945, 10.568110 ], [ -64.113670, 10.567991 ], [ -64.114273, 10.567848 ], [ -64.114853, 10.567777 ], [ -64.115570, 10.567657 ], [ -64.116127, 10.567584 ], [ -64.116684, 10.567488 ], [ -64.117195, 10.567417 ], [ -64.117729, 10.567529 ], [ -64.118011, 10.567963 ], [ -64.117851, 10.568446 ], [ -64.117394, 10.568703 ], [ -64.116882, 10.568935 ], [ -64.115860, 10.569308 ], [ -64.115303, 10.569473 ], [ -64.114677, 10.569731 ], [ -64.114189, 10.569964 ], [ -64.113472, 10.570336 ], [ -64.113037, 10.570684 ], [ -64.112572, 10.571122 ], [ -64.112206, 10.571562 ], [ -64.111908, 10.571977 ], [ -64.111679, 10.572667 ], [ -64.111587, 10.573174 ], [ -64.112084, 10.573469 ], [ -64.112732, 10.573627 ], [ -64.113266, 10.573416 ], [ -64.113609, 10.573001 ], [ -64.113838, 10.572538 ], [ -64.114159, 10.572078 ], [ -64.114647, 10.571776 ], [ -64.115295, 10.571588 ], [ -64.115852, 10.571584 ], [ -64.116386, 10.571672 ], [ -64.116897, 10.571602 ], [ -64.117432, 10.571390 ], [ -64.117920, 10.571180 ], [ -64.118431, 10.571177 ], [ -64.118736, 10.571658 ], [ -64.118599, 10.572279 ], [ -64.118393, 10.572809 ], [ -64.118309, 10.573430 ], [ -64.118569, 10.573934 ], [ -64.119079, 10.573908 ], [ -64.119537, 10.573560 ], [ -64.119881, 10.573051 ], [ -64.120300, 10.572383 ], [ -64.120712, 10.571920 ], [ -64.121315, 10.571573 ], [ -64.121704, 10.571225 ], [ -64.122169, 10.570786 ], [ -64.122673, 10.570644 ], [ -64.122795, 10.571150 ], [ -64.122780, 10.571700 ], [ -64.122642, 10.572252 ], [ -64.122574, 10.572874 ], [ -64.122673, 10.573402 ], [ -64.123047, 10.573836 ], [ -64.123352, 10.574294 ], [ -64.123451, 10.574890 ], [ -64.123596, 10.575464 ], [ -64.123810, 10.576014 ], [ -64.123924, 10.576519 ], [ -64.123749, 10.577142 ], [ -64.123588, 10.577624 ], [ -64.123566, 10.578154 ], [ -64.123062, 10.578477 ], [ -64.122520, 10.578298 ], [ -64.121986, 10.578279 ], [ -64.121574, 10.578626 ], [ -64.121323, 10.579132 ], [ -64.121742, 10.579613 ], [ -64.121284, 10.580098 ], [ -64.121055, 10.580627 ], [ -64.121101, 10.581180 ], [ -64.121689, 10.581588 ], [ -64.122177, 10.581792 ], [ -64.122734, 10.581881 ], [ -64.123390, 10.581900 ], [ -64.124061, 10.581804 ], [ -64.125175, 10.581451 ], [ -64.125702, 10.581218 ], [ -64.126213, 10.581055 ], [ -64.126907, 10.580912 ], [ -64.127487, 10.580816 ], [ -64.127998, 10.580744 ], [ -64.128510, 10.580717 ], [ -64.129585, 10.580802 ], [ -64.130302, 10.580569 ], [ -64.130814, 10.580520 ], [ -64.131416, 10.580446 ], [ -64.131927, 10.580421 ], [ -64.133179, 10.580137 ], [ -64.133758, 10.579971 ], [ -64.134361, 10.579762 ], [ -64.134918, 10.579597 ], [ -64.135430, 10.579685 ], [ -64.136078, 10.579751 ], [ -64.137024, 10.579033 ], [ -64.137512, 10.578823 ], [ -64.138023, 10.578727 ], [ -64.138580, 10.578654 ], [ -64.139160, 10.578490 ], [ -64.139717, 10.578348 ], [ -64.140320, 10.578183 ], [ -64.140922, 10.578249 ], [ -64.141411, 10.578407 ], [ -64.142014, 10.578494 ], [ -64.142571, 10.578376 ], [ -64.143082, 10.578052 ], [ -64.143570, 10.577771 ], [ -64.144050, 10.577538 ], [ -64.144745, 10.577236 ], [ -64.145256, 10.576981 ], [ -64.145973, 10.576700 ], [ -64.146599, 10.576420 ], [ -64.147110, 10.576210 ], [ -64.147621, 10.575954 ], [ -64.148804, 10.575580 ], [ -64.149307, 10.575438 ], [ -64.150009, 10.575318 ], [ -64.150589, 10.575153 ], [ -64.151115, 10.575035 ], [ -64.151672, 10.574940 ], [ -64.152328, 10.574866 ], [ -64.152840, 10.574956 ], [ -64.153328, 10.575113 ], [ -64.153862, 10.575132 ], [ -64.154488, 10.575083 ], [ -64.154976, 10.574872 ], [ -64.155487, 10.574594 ], [ -64.156181, 10.574406 ], [ -64.156784, 10.574355 ], [ -64.157806, 10.574394 ], [ -64.158295, 10.574575 ], [ -64.158875, 10.574410 ], [ -64.159431, 10.574268 ], [ -64.159965, 10.574197 ], [ -64.160706, 10.574122 ], [ -64.161308, 10.574097 ], [ -64.161819, 10.574116 ], [ -64.162354, 10.574182 ], [ -64.162895, 10.574316 ], [ -64.163475, 10.574335 ], [ -64.164101, 10.574216 ], [ -64.164444, 10.573823 ], [ -64.164513, 10.573225 ], [ -64.164596, 10.572720 ], [ -64.164803, 10.572144 ], [ -64.165077, 10.571612 ], [ -64.165489, 10.571105 ], [ -64.166046, 10.570596 ], [ -64.167137, 10.570060 ], [ -64.167664, 10.569712 ], [ -64.168541, 10.569063 ], [ -64.169006, 10.568784 ], [ -64.169540, 10.568597 ], [ -64.170815, 10.568290 ], [ -64.171326, 10.568057 ], [ -64.171600, 10.567618 ], [ -64.171829, 10.567135 ], [ -64.172081, 10.566467 ], [ -64.172355, 10.565868 ], [ -64.172745, 10.565360 ], [ -64.173180, 10.564920 ], [ -64.173668, 10.564572 ], [ -64.174202, 10.564294 ], [ -64.174759, 10.564059 ], [ -64.175285, 10.563757 ], [ -64.175751, 10.563478 ], [ -64.176353, 10.563359 ], [ -64.176911, 10.563149 ], [ -64.177208, 10.562712 ], [ -64.177620, 10.562202 ], [ -64.178009, 10.561671 ], [ -64.178749, 10.560747 ], [ -64.179260, 10.560447 ], [ -64.179817, 10.560259 ], [ -64.180191, 10.560624 ], [ -64.180679, 10.561011 ], [ -64.181259, 10.560986 ], [ -64.181908, 10.560981 ], [ -64.182487, 10.560908 ], [ -64.182999, 10.560904 ], [ -64.183815, 10.560829 ], [ -64.184486, 10.560758 ], [ -64.185112, 10.560706 ], [ -64.185738, 10.560565 ], [ -64.186317, 10.560307 ], [ -64.186966, 10.559982 ], [ -64.188957, 10.559119 ], [ -64.189537, 10.559321 ], [ -64.190659, 10.559545 ], [ -64.191749, 10.559628 ], [ -64.193680, 10.559684 ], [ -64.194817, 10.559378 ], [ -64.195366, 10.559260 ], [ -64.195854, 10.559028 ], [ -64.196411, 10.558680 ], [ -64.196922, 10.558468 ], [ -64.197403, 10.558282 ], [ -64.198128, 10.558093 ], [ -64.198891, 10.558020 ], [ -64.199471, 10.557832 ], [ -64.200813, 10.557225 ], [ -64.201485, 10.556877 ], [ -64.202034, 10.556389 ], [ -64.202286, 10.555929 ], [ -64.202858, 10.554708 ], [ -64.203201, 10.554177 ], [ -64.203552, 10.553577 ], [ -64.203773, 10.553116 ], [ -64.204071, 10.552424 ], [ -64.204506, 10.551181 ], [ -64.204918, 10.549914 ], [ -64.205047, 10.549362 ], [ -64.205254, 10.548763 ], [ -64.205551, 10.548347 ], [ -64.206055, 10.547609 ], [ -64.206451, 10.547261 ], [ -64.207542, 10.547049 ], [ -64.208191, 10.546884 ], [ -64.208885, 10.546465 ], [ -64.209686, 10.545655 ], [ -64.210220, 10.545032 ], [ -64.210541, 10.544547 ], [ -64.210793, 10.544062 ], [ -64.211067, 10.543324 ], [ -64.211205, 10.542773 ], [ -64.211357, 10.541646 ], [ -64.211395, 10.540773 ], [ -64.211410, 10.540130 ], [ -64.211456, 10.539601 ], [ -64.211548, 10.539094 ], [ -64.211838, 10.537968 ], [ -64.212036, 10.536748 ], [ -64.212151, 10.536150 ], [ -64.212234, 10.535528 ], [ -64.212349, 10.534999 ], [ -64.212341, 10.534355 ], [ -64.212318, 10.533735 ], [ -64.212219, 10.533139 ], [ -64.212074, 10.532451 ], [ -64.211929, 10.531946 ], [ -64.211761, 10.531304 ], [ -64.211739, 10.530684 ], [ -64.211723, 10.529466 ], [ -64.211792, 10.528823 ], [ -64.212044, 10.528315 ], [ -64.212479, 10.527692 ], [ -64.212868, 10.527046 ], [ -64.213257, 10.526171 ], [ -64.213249, 10.525550 ], [ -64.213104, 10.524425 ], [ -64.213142, 10.523643 ], [ -64.213234, 10.522907 ], [ -64.213386, 10.522309 ], [ -64.213615, 10.521665 ], [ -64.214058, 10.521202 ], [ -64.214538, 10.520647 ], [ -64.214958, 10.520345 ], [ -64.215439, 10.519859 ], [ -64.216057, 10.518823 ], [ -64.216591, 10.518475 ], [ -64.217049, 10.518171 ], [ -64.217514, 10.517916 ], [ -64.217926, 10.517454 ], [ -64.218414, 10.516968 ], [ -64.218987, 10.516367 ], [ -64.219566, 10.515719 ], [ -64.220116, 10.515417 ], [ -64.220673, 10.515230 ], [ -64.221138, 10.514997 ], [ -64.221649, 10.514533 ], [ -64.222176, 10.513957 ], [ -64.222633, 10.513377 ], [ -64.222954, 10.512918 ], [ -64.223465, 10.512246 ], [ -64.223969, 10.511645 ], [ -64.224449, 10.511161 ], [ -64.224869, 10.510813 ], [ -64.225449, 10.510626 ], [ -64.226120, 10.510437 ], [ -64.226463, 10.509998 ], [ -64.226784, 10.509513 ], [ -64.227059, 10.508984 ], [ -64.227379, 10.508568 ], [ -64.227699, 10.508038 ], [ -64.228119, 10.507505 ], [ -64.229012, 10.506283 ], [ -64.229500, 10.506117 ], [ -64.229851, 10.506507 ], [ -64.230270, 10.506847 ], [ -64.230713, 10.507259 ], [ -64.231095, 10.507784 ], [ -64.231377, 10.508334 ], [ -64.232086, 10.510031 ], [ -64.232391, 10.510579 ], [ -64.232765, 10.511106 ], [ -64.233185, 10.511517 ], [ -64.233559, 10.511904 ], [ -64.233940, 10.512476 ], [ -64.234383, 10.512886 ], [ -64.234993, 10.513297 ], [ -64.235596, 10.513591 ], [ -64.236153, 10.513702 ], [ -64.236923, 10.513882 ], [ -64.237663, 10.513989 ], [ -64.238251, 10.514102 ], [ -64.238716, 10.514351 ], [ -64.239319, 10.514784 ], [ -64.239738, 10.515102 ], [ -64.240372, 10.515557 ], [ -64.240723, 10.516038 ], [ -64.241173, 10.516540 ], [ -64.241638, 10.517019 ], [ -64.242058, 10.517522 ], [ -64.242599, 10.518230 ], [ -64.243485, 10.518915 ], [ -64.243935, 10.519325 ], [ -64.245033, 10.520788 ], [ -64.245926, 10.521793 ], [ -64.246414, 10.522202 ], [ -64.246697, 10.522753 ], [ -64.246979, 10.523257 ], [ -64.247406, 10.523966 ], [ -64.247711, 10.524446 ], [ -64.247856, 10.524952 ], [ -64.248024, 10.526191 ], [ -64.248031, 10.527316 ], [ -64.248245, 10.527912 ], [ -64.248489, 10.528692 ], [ -64.248680, 10.529197 ], [ -64.249130, 10.530526 ], [ -64.249710, 10.530867 ], [ -64.250153, 10.531161 ], [ -64.250580, 10.531549 ], [ -64.250717, 10.532147 ], [ -64.250885, 10.532627 ], [ -64.251167, 10.533085 ], [ -64.251495, 10.533543 ], [ -64.251823, 10.533955 ], [ -64.252129, 10.534366 ], [ -64.252487, 10.534914 ], [ -64.252930, 10.535830 ], [ -64.253334, 10.536172 ], [ -64.253914, 10.536720 ], [ -64.254425, 10.536716 ], [ -64.255073, 10.536666 ], [ -64.255493, 10.536962 ], [ -64.256035, 10.537694 ], [ -64.256355, 10.538041 ], [ -64.257042, 10.538674 ], [ -64.257416, 10.539247 ], [ -64.257744, 10.539635 ], [ -64.258217, 10.540253 ], [ -64.258659, 10.540915 ], [ -64.258926, 10.541579 ], [ -64.259163, 10.542107 ], [ -64.259445, 10.542680 ], [ -64.260246, 10.544052 ], [ -64.260528, 10.544579 ], [ -64.260903, 10.545128 ], [ -64.261162, 10.545586 ], [ -64.261444, 10.546249 ], [ -64.261658, 10.546914 ], [ -64.261780, 10.547535 ], [ -64.261787, 10.548062 ], [ -64.261696, 10.548753 ], [ -64.261383, 10.549834 ], [ -64.260811, 10.551470 ], [ -64.260582, 10.552093 ], [ -64.260429, 10.552806 ], [ -64.260269, 10.553450 ], [ -64.260117, 10.554760 ], [ -64.260033, 10.555290 ], [ -64.259781, 10.556417 ], [ -64.259651, 10.557107 ], [ -64.259308, 10.558304 ], [ -64.259018, 10.559708 ], [ -64.258926, 10.560215 ], [ -64.258911, 10.560741 ], [ -64.259010, 10.561569 ], [ -64.259018, 10.562305 ], [ -64.259064, 10.562855 ], [ -64.259071, 10.563430 ], [ -64.258911, 10.564052 ], [ -64.258598, 10.565109 ], [ -64.258370, 10.565824 ], [ -64.258217, 10.566584 ], [ -64.258194, 10.567135 ], [ -64.258248, 10.567663 ], [ -64.258949, 10.568784 ], [ -64.259163, 10.569266 ], [ -64.259308, 10.569794 ], [ -64.259171, 10.570346 ], [ -64.258850, 10.570784 ], [ -64.258415, 10.571270 ], [ -64.258118, 10.571754 ], [ -64.258003, 10.572306 ], [ -64.257912, 10.572835 ], [ -64.257683, 10.573296 ], [ -64.257317, 10.573713 ], [ -64.257294, 10.574242 ], [ -64.257698, 10.574560 ], [ -64.258209, 10.574901 ], [ -64.258377, 10.575452 ], [ -64.258545, 10.576070 ], [ -64.258781, 10.576597 ], [ -64.259132, 10.577055 ], [ -64.259712, 10.577463 ], [ -64.260277, 10.577920 ], [ -64.260879, 10.578283 ], [ -64.261467, 10.578395 ], [ -64.262047, 10.578275 ], [ -64.262528, 10.577973 ], [ -64.263084, 10.577764 ], [ -64.263573, 10.578104 ], [ -64.263603, 10.578702 ], [ -64.263702, 10.579253 ], [ -64.264168, 10.579778 ], [ -64.264664, 10.580050 ], [ -64.265129, 10.580390 ], [ -64.265503, 10.580940 ], [ -64.265808, 10.581351 ], [ -64.266159, 10.581764 ], [ -64.266556, 10.582151 ], [ -64.267097, 10.582538 ], [ -64.267563, 10.582834 ], [ -64.268051, 10.583129 ], [ -64.268616, 10.583447 ], [ -64.269081, 10.583741 ], [ -64.269546, 10.583968 ], [ -64.270058, 10.584379 ], [ -64.270386, 10.584790 ], [ -64.270767, 10.585383 ], [ -64.270935, 10.585913 ], [ -64.271026, 10.586487 ], [ -64.271271, 10.587633 ], [ -64.271461, 10.588252 ], [ -64.271652, 10.588824 ], [ -64.272056, 10.589856 ], [ -64.272293, 10.590407 ], [ -64.272598, 10.591001 ], [ -64.272858, 10.591620 ], [ -64.273117, 10.592146 ], [ -64.273422, 10.592649 ], [ -64.273728, 10.593223 ], [ -64.273918, 10.593704 ], [ -64.274040, 10.594277 ], [ -64.274231, 10.594804 ], [ -64.274582, 10.595194 ], [ -64.275070, 10.595373 ], [ -64.275604, 10.595508 ], [ -64.276123, 10.595734 ], [ -64.276474, 10.596121 ], [ -64.276825, 10.596624 ], [ -64.277389, 10.597654 ], [ -64.278190, 10.599189 ], [ -64.278473, 10.599624 ], [ -64.278870, 10.600035 ], [ -64.279343, 10.600445 ], [ -64.279808, 10.600786 ], [ -64.280319, 10.601357 ], [ -64.280632, 10.601884 ], [ -64.280892, 10.602455 ], [ -64.281196, 10.602913 ], [ -64.281479, 10.603600 ], [ -64.281487, 10.604152 ], [ -64.281578, 10.604817 ], [ -64.281593, 10.605829 ], [ -64.281570, 10.606334 ], [ -64.281525, 10.606933 ], [ -64.281555, 10.607529 ], [ -64.281609, 10.608057 ], [ -64.281685, 10.608608 ], [ -64.281898, 10.609319 ], [ -64.282013, 10.609870 ], [ -64.282089, 10.610488 ], [ -64.282349, 10.610992 ], [ -64.282699, 10.611381 ], [ -64.282990, 10.611953 ], [ -64.283172, 10.612480 ], [ -64.283318, 10.613009 ], [ -64.283485, 10.613490 ], [ -64.283676, 10.614132 ], [ -64.283752, 10.614798 ], [ -64.283852, 10.615371 ], [ -64.283997, 10.615922 ], [ -64.284324, 10.616540 ], [ -64.284630, 10.617296 ], [ -64.285011, 10.618280 ], [ -64.285088, 10.618854 ], [ -64.285301, 10.619404 ], [ -64.285629, 10.619953 ], [ -64.285889, 10.620458 ], [ -64.286285, 10.620914 ], [ -64.286774, 10.621096 ], [ -64.286850, 10.621760 ], [ -64.286880, 10.622335 ], [ -64.287071, 10.622839 ], [ -64.287399, 10.623388 ], [ -64.287727, 10.624006 ], [ -64.288032, 10.624464 ], [ -64.288360, 10.625036 ], [ -64.288742, 10.625630 ], [ -64.289047, 10.626203 ], [ -64.289284, 10.626684 ], [ -64.289452, 10.627211 ], [ -64.289597, 10.627785 ], [ -64.289825, 10.628264 ], [ -64.290131, 10.628699 ], [ -64.291244, 10.630485 ], [ -64.291573, 10.630919 ], [ -64.291992, 10.631308 ], [ -64.292595, 10.631646 ], [ -64.293038, 10.631943 ], [ -64.293419, 10.632331 ], [ -64.293770, 10.632719 ], [ -64.294052, 10.633176 ], [ -64.294334, 10.633658 ], [ -64.294548, 10.634161 ], [ -64.294670, 10.634872 ], [ -64.294670, 10.635424 ], [ -64.294632, 10.635953 ], [ -64.294494, 10.636505 ], [ -64.294312, 10.637034 ], [ -64.294182, 10.637541 ], [ -64.293976, 10.638048 ], [ -64.293816, 10.638555 ], [ -64.293564, 10.639175 ], [ -64.293312, 10.639752 ], [ -64.293038, 10.640260 ], [ -64.292740, 10.640676 ], [ -64.292229, 10.641161 ], [ -64.291657, 10.641534 ], [ -64.291077, 10.641583 ], [ -64.290543, 10.641586 ], [ -64.290001, 10.641453 ], [ -64.289513, 10.641273 ], [ -64.289002, 10.641115 ], [ -64.288490, 10.641165 ], [ -64.287842, 10.641283 ], [ -64.287262, 10.641357 ], [ -64.286682, 10.641292 ], [ -64.286026, 10.641159 ], [ -64.285492, 10.641070 ], [ -64.284912, 10.641166 ], [ -64.284569, 10.641559 ], [ -64.284202, 10.642090 ], [ -64.283699, 10.643105 ], [ -64.283401, 10.643659 ], [ -64.282806, 10.644834 ], [ -64.282463, 10.645342 ], [ -64.282158, 10.645758 ], [ -64.281746, 10.646128 ], [ -64.281235, 10.646499 ], [ -64.280708, 10.646710 ], [ -64.280174, 10.646829 ], [ -64.279663, 10.646923 ], [ -64.279083, 10.647065 ], [ -64.278663, 10.647389 ], [ -64.278389, 10.647943 ], [ -64.278183, 10.648473 ], [ -64.277931, 10.648934 ], [ -64.277756, 10.649418 ], [ -64.277382, 10.649879 ], [ -64.276901, 10.650044 ], [ -64.276344, 10.650187 ], [ -64.275719, 10.650305 ], [ -64.275085, 10.650471 ], [ -64.274505, 10.650589 ], [ -64.273972, 10.650683 ], [ -64.273437, 10.650734 ], [ -64.272652, 10.650901 ], [ -64.271957, 10.651089 ], [ -64.271377, 10.651230 ], [ -64.270821, 10.651396 ], [ -64.269684, 10.651932 ], [ -64.269112, 10.652280 ], [ -64.268669, 10.652697 ], [ -64.268005, 10.653552 ], [ -64.267586, 10.653969 ], [ -64.267288, 10.654384 ], [ -64.266922, 10.654821 ], [ -64.266533, 10.655354 ], [ -64.266235, 10.655815 ], [ -64.265984, 10.656276 ], [ -64.265686, 10.656853 ], [ -64.265503, 10.657451 ], [ -64.265526, 10.658002 ], [ -64.265808, 10.658507 ], [ -64.265816, 10.659012 ], [ -64.265564, 10.659473 ], [ -64.265099, 10.659821 ], [ -64.264946, 10.660305 ], [ -64.265251, 10.660716 ], [ -64.265442, 10.661266 ], [ -64.265511, 10.661772 ], [ -64.266029, 10.662158 ], [ -64.266540, 10.662293 ], [ -64.267052, 10.662519 ], [ -64.266983, 10.663071 ], [ -64.266731, 10.663556 ], [ -64.266296, 10.663879 ], [ -64.265877, 10.664295 ], [ -64.265633, 10.664804 ], [ -64.265327, 10.665311 ], [ -64.264915, 10.665635 ], [ -64.264335, 10.665893 ], [ -64.263779, 10.666125 ], [ -64.263222, 10.666382 ], [ -64.262710, 10.666547 ], [ -64.262207, 10.666574 ], [ -64.261642, 10.666553 ], [ -64.260483, 10.666607 ], [ -64.259697, 10.666659 ], [ -64.259140, 10.666754 ], [ -64.258629, 10.666597 ], [ -64.258087, 10.666302 ], [ -64.257622, 10.665937 ], [ -64.257248, 10.665503 ], [ -64.256989, 10.664976 ], [ -64.256821, 10.664473 ], [ -64.256561, 10.663946 ], [ -64.256325, 10.663373 ], [ -64.255943, 10.662411 ], [ -64.255661, 10.661862 ], [ -64.254814, 10.660855 ], [ -64.254417, 10.660468 ], [ -64.253975, 10.660081 ], [ -64.253570, 10.659555 ], [ -64.252983, 10.658594 ], [ -64.252655, 10.657929 ], [ -64.251900, 10.656717 ], [ -64.251595, 10.656305 ], [ -64.251244, 10.655804 ], [ -64.250496, 10.654612 ], [ -64.250069, 10.653996 ], [ -64.249672, 10.653263 ], [ -64.249123, 10.652049 ], [ -64.248840, 10.651546 ], [ -64.248558, 10.650973 ], [ -64.247925, 10.649920 ], [ -64.247574, 10.649486 ], [ -64.247147, 10.648914 ], [ -64.246750, 10.648436 ], [ -64.246208, 10.647886 ], [ -64.245789, 10.647339 ], [ -64.244568, 10.645922 ], [ -64.244148, 10.645603 ], [ -64.243584, 10.645263 ], [ -64.243050, 10.645036 ], [ -64.242630, 10.644602 ], [ -64.242210, 10.644238 ], [ -64.241646, 10.643965 ], [ -64.241158, 10.643648 ], [ -64.240761, 10.643283 ], [ -64.240295, 10.642941 ], [ -64.239868, 10.642439 ], [ -64.239540, 10.642028 ], [ -64.238838, 10.641457 ], [ -64.238167, 10.641277 ], [ -64.237541, 10.641168 ], [ -64.236916, 10.641379 ], [ -64.236519, 10.641704 ], [ -64.235893, 10.642120 ], [ -64.235107, 10.642218 ], [ -64.234573, 10.642336 ], [ -64.233994, 10.642547 ], [ -64.233482, 10.642918 ], [ -64.232765, 10.643336 ], [ -64.231605, 10.643459 ], [ -64.231048, 10.643462 ], [ -64.230515, 10.643513 ], [ -64.229797, 10.643379 ], [ -64.229187, 10.643130 ], [ -64.228416, 10.642930 ], [ -64.227791, 10.642543 ], [ -64.227280, 10.642592 ], [ -64.226768, 10.642779 ], [ -64.226189, 10.643013 ], [ -64.225655, 10.643177 ], [ -64.225075, 10.643181 ], [ -64.224541, 10.643002 ], [ -64.224030, 10.642890 ], [ -64.223213, 10.642872 ], [ -64.221802, 10.643042 ], [ -64.221237, 10.643001 ], [ -64.220032, 10.642801 ], [ -64.218933, 10.642349 ], [ -64.218307, 10.642330 ], [ -64.217750, 10.642242 ], [ -64.217171, 10.642178 ], [ -64.216614, 10.642158 ], [ -64.216080, 10.642184 ], [ -64.215401, 10.642235 ], [ -64.214821, 10.642469 ], [ -64.214340, 10.642771 ], [ -64.213783, 10.643165 ], [ -64.213257, 10.643558 ], [ -64.212700, 10.643838 ], [ -64.212097, 10.643934 ], [ -64.211586, 10.643984 ], [ -64.210999, 10.643849 ], [ -64.210487, 10.643692 ], [ -64.209953, 10.643834 ], [ -64.209282, 10.643930 ], [ -64.208725, 10.643933 ], [ -64.207962, 10.643961 ], [ -64.207420, 10.644011 ], [ -64.206871, 10.644198 ], [ -64.206383, 10.644408 ], [ -64.205849, 10.644573 ], [ -64.205315, 10.644714 ], [ -64.204781, 10.644811 ], [ -64.204269, 10.644768 ], [ -64.203644, 10.644681 ], [ -64.202988, 10.644662 ], [ -64.202454, 10.644596 ], [ -64.201805, 10.644554 ], [ -64.201294, 10.644489 ], [ -64.199760, 10.644499 ], [ -64.199249, 10.644594 ], [ -64.198715, 10.644759 ], [ -64.198181, 10.644831 ], [ -64.197510, 10.644950 ], [ -64.196861, 10.645046 ], [ -64.196327, 10.645096 ], [ -64.195930, 10.644640 ], [ -64.195526, 10.644159 ], [ -64.195061, 10.643726 ], [ -64.194412, 10.643799 ], [ -64.193810, 10.643804 ], [ -64.193176, 10.643646 ], [ -64.192642, 10.643558 ], [ -64.192040, 10.643630 ], [ -64.191483, 10.643750 ], [ -64.190903, 10.643823 ], [ -64.190346, 10.643872 ], [ -64.189858, 10.643645 ], [ -64.189385, 10.643257 ], [ -64.189110, 10.642823 ], [ -64.188919, 10.642227 ], [ -64.188614, 10.641791 ], [ -64.187927, 10.640855 ], [ -64.187599, 10.640260 ], [ -64.187271, 10.639825 ], [ -64.186943, 10.639276 ], [ -64.186707, 10.638818 ], [ -64.186447, 10.638176 ], [ -64.186325, 10.637603 ], [ -64.185997, 10.637214 ], [ -64.185531, 10.636987 ], [ -64.184967, 10.636692 ], [ -64.184570, 10.636236 ], [ -64.184311, 10.635710 ], [ -64.183884, 10.634494 ], [ -64.183602, 10.634013 ], [ -64.182968, 10.633121 ], [ -64.182426, 10.632642 ], [ -64.182052, 10.632231 ], [ -64.181610, 10.631889 ], [ -64.181213, 10.631548 ], [ -64.180817, 10.631021 ], [ -64.180412, 10.630610 ], [ -64.179924, 10.630223 ], [ -64.177872, 10.628767 ], [ -64.177361, 10.628563 ], [ -64.176849, 10.628703 ], [ -64.176224, 10.628984 ], [ -64.175804, 10.629285 ], [ -64.175392, 10.629655 ], [ -64.174995, 10.629980 ], [ -64.173889, 10.630677 ], [ -64.173332, 10.630979 ], [ -64.172844, 10.631165 ], [ -64.172241, 10.631215 ], [ -64.171661, 10.631220 ], [ -64.171104, 10.631314 ], [ -64.170433, 10.631480 ], [ -64.169853, 10.631644 ], [ -64.169159, 10.631879 ], [ -64.168579, 10.632158 ], [ -64.168091, 10.632323 ], [ -64.167580, 10.632373 ], [ -64.166908, 10.632331 ], [ -64.166298, 10.632128 ], [ -64.165626, 10.631994 ], [ -64.165276, 10.631514 ], [ -64.164833, 10.631081 ], [ -64.164314, 10.630808 ], [ -64.163688, 10.630606 ], [ -64.162804, 10.630472 ], [ -64.162292, 10.630476 ], [ -64.161644, 10.630365 ], [ -64.161125, 10.629979 ], [ -64.160660, 10.629613 ], [ -64.160141, 10.629158 ], [ -64.159676, 10.628632 ], [ -64.159348, 10.628106 ], [ -64.158920, 10.627534 ], [ -64.158501, 10.627123 ], [ -64.157921, 10.626714 ], [ -64.157005, 10.625984 ], [ -64.156586, 10.625504 ], [ -64.156189, 10.624977 ], [ -64.155861, 10.624382 ], [ -64.155548, 10.623970 ], [ -64.155128, 10.623490 ], [ -64.154198, 10.622899 ], [ -64.153732, 10.622397 ], [ -64.153374, 10.621964 ], [ -64.152657, 10.621693 ], [ -64.151955, 10.621583 ], [ -64.151283, 10.621494 ], [ -64.150398, 10.621316 ], [ -64.149864, 10.621389 ], [ -64.149452, 10.621737 ], [ -64.149147, 10.622174 ], [ -64.148850, 10.622683 ], [ -64.148552, 10.623098 ], [ -64.148163, 10.623422 ], [ -64.147697, 10.623723 ], [ -64.147209, 10.623979 ], [ -64.146629, 10.623938 ], [ -64.145950, 10.623596 ], [ -64.145767, 10.623115 ], [ -64.145210, 10.623302 ], [ -64.144653, 10.623445 ], [ -64.144028, 10.623517 ], [ -64.143463, 10.623360 ], [ -64.143021, 10.623041 ], [ -64.142601, 10.622630 ], [ -64.141686, 10.621694 ], [ -64.141129, 10.621377 ], [ -64.140640, 10.621127 ], [ -64.140121, 10.620670 ], [ -64.139725, 10.620121 ], [ -64.139229, 10.619573 ], [ -64.138809, 10.619208 ], [ -64.138252, 10.618798 ], [ -64.137573, 10.618572 ], [ -64.137062, 10.618576 ], [ -64.136368, 10.618604 ], [ -64.135811, 10.618677 ], [ -64.134651, 10.619051 ], [ -64.134071, 10.619192 ], [ -64.133308, 10.619404 ], [ -64.132774, 10.619615 ], [ -64.132263, 10.619916 ], [ -64.131920, 10.620333 ], [ -64.131600, 10.620840 ], [ -64.131348, 10.621392 ], [ -64.131050, 10.621808 ], [ -64.130493, 10.622157 ], [ -64.129959, 10.622321 ], [ -64.129402, 10.622462 ], [ -64.128868, 10.622442 ], [ -64.128334, 10.622400 ], [ -64.127731, 10.622335 ], [ -64.127121, 10.622178 ], [ -64.126495, 10.621838 ], [ -64.126007, 10.621679 ], [ -64.125473, 10.621545 ], [ -64.124886, 10.621457 ], [ -64.124374, 10.621530 ], [ -64.123703, 10.621672 ], [ -64.123192, 10.621904 ], [ -64.122154, 10.622600 ], [ -64.121574, 10.622787 ], [ -64.120972, 10.622930 ], [ -64.120415, 10.623048 ], [ -64.119858, 10.623189 ], [ -64.119347, 10.623285 ], [ -64.118813, 10.623449 ], [ -64.117607, 10.623663 ], [ -64.116867, 10.623737 ], [ -64.116219, 10.623856 ], [ -64.115845, 10.624227 ], [ -64.115456, 10.624849 ], [ -64.115181, 10.625334 ], [ -64.115021, 10.625863 ], [ -64.114891, 10.626415 ], [ -64.114868, 10.627013 ], [ -64.114548, 10.627452 ], [ -64.113922, 10.627823 ], [ -64.113342, 10.628102 ], [ -64.112763, 10.628358 ], [ -64.112282, 10.628636 ], [ -64.111908, 10.629031 ], [ -64.111633, 10.629469 ], [ -64.111198, 10.629977 ], [ -64.110619, 10.630418 ], [ -64.110176, 10.630788 ], [ -64.109764, 10.631296 ], [ -64.109078, 10.632288 ], [ -64.108620, 10.633210 ], [ -64.108345, 10.633855 ], [ -64.107841, 10.634984 ], [ -64.107567, 10.635446 ], [ -64.107239, 10.635838 ], [ -64.106644, 10.636072 ], [ -64.105659, 10.635756 ], [ -64.105080, 10.635806 ], [ -64.104645, 10.636107 ], [ -64.103836, 10.636917 ], [ -64.103233, 10.637197 ], [ -64.102722, 10.637383 ], [ -64.102051, 10.637457 ], [ -64.101425, 10.637278 ], [ -64.100906, 10.637005 ], [ -64.100372, 10.637008 ], [ -64.099884, 10.637173 ], [ -64.098778, 10.637524 ], [ -64.098175, 10.637665 ], [ -64.097542, 10.637783 ], [ -64.097031, 10.637811 ], [ -64.096497, 10.637584 ], [ -64.095940, 10.637174 ], [ -64.095352, 10.636809 ], [ -64.094681, 10.636767 ], [ -64.094147, 10.636816 ], [ -64.093636, 10.636958 ], [ -64.092964, 10.637054 ], [ -64.092384, 10.637149 ], [ -64.091660, 10.637292 ], [ -64.090943, 10.637481 ], [ -64.090408, 10.637713 ], [ -64.089950, 10.637970 ], [ -64.089417, 10.638409 ], [ -64.088959, 10.638848 ], [ -64.088425, 10.638922 ], [ -64.087677, 10.638903 ], [ -64.087257, 10.638560 ], [ -64.086647, 10.637990 ], [ -64.086136, 10.637924 ], [ -64.085510, 10.637928 ], [ -64.084114, 10.638029 ], [ -64.083488, 10.638055 ], [ -64.082955, 10.638036 ], [ -64.082352, 10.637856 ], [ -64.081764, 10.637791 ], [ -64.081589, 10.638366 ], [ -64.081543, 10.638942 ], [ -64.081177, 10.639380 ], [ -64.080620, 10.639269 ], [ -64.080009, 10.638951 ], [ -64.079498, 10.638863 ], [ -64.078964, 10.638956 ], [ -64.078453, 10.639167 ], [ -64.077805, 10.639355 ], [ -64.077247, 10.639381 ], [ -64.076668, 10.639385 ], [ -64.076248, 10.639709 ], [ -64.075859, 10.640033 ], [ -64.075416, 10.640381 ], [ -64.074913, 10.640615 ], [ -64.074402, 10.640709 ], [ -64.073822, 10.640804 ], [ -64.073311, 10.640968 ], [ -64.072914, 10.641293 ], [ -64.071342, 10.642221 ], [ -64.070648, 10.642709 ], [ -64.070190, 10.643057 ], [ -64.069748, 10.643449 ], [ -64.068825, 10.644236 ], [ -64.068344, 10.644722 ], [ -64.067948, 10.645184 ], [ -64.067627, 10.645715 ], [ -64.067421, 10.646197 ], [ -64.067169, 10.646751 ], [ -64.066895, 10.647396 ], [ -64.066879, 10.647947 ], [ -64.067024, 10.648477 ], [ -64.067093, 10.649026 ], [ -64.067009, 10.649648 ], [ -64.066429, 10.649858 ], [ -64.065803, 10.649977 ], [ -64.065147, 10.650050 ], [ -64.064102, 10.649550 ], [ -64.063591, 10.649347 ], [ -64.063034, 10.649281 ], [ -64.062500, 10.649492 ], [ -64.062080, 10.649817 ], [ -64.061760, 10.650208 ], [ -64.061363, 10.650601 ], [ -64.060448, 10.651573 ], [ -64.060051, 10.651964 ], [ -64.059471, 10.652130 ], [ -64.058777, 10.652248 ], [ -64.057427, 10.652303 ], [ -64.056892, 10.652351 ], [ -64.056335, 10.652562 ], [ -64.056038, 10.652978 ], [ -64.055924, 10.653507 ], [ -64.055954, 10.654080 ], [ -64.055489, 10.654314 ], [ -64.054954, 10.654248 ], [ -64.054398, 10.653954 ], [ -64.053902, 10.653566 ], [ -64.053322, 10.653225 ], [ -64.052765, 10.653135 ], [ -64.051743, 10.653234 ], [ -64.051231, 10.653168 ], [ -64.050552, 10.652966 ], [ -64.049927, 10.652924 ], [ -64.049347, 10.652928 ], [ -64.048676, 10.653024 ], [ -64.048096, 10.653095 ], [ -64.047561, 10.653192 ], [ -64.047051, 10.653193 ], [ -64.045906, 10.652581 ], [ -64.045372, 10.652537 ], [ -64.044815, 10.652404 ], [ -64.044319, 10.652108 ], [ -64.043854, 10.651674 ], [ -64.043106, 10.650759 ], [ -64.042328, 10.649892 ], [ -64.041603, 10.649000 ], [ -64.041275, 10.648474 ], [ -64.040756, 10.647259 ], [ -64.040588, 10.646753 ], [ -64.040352, 10.646182 ], [ -64.040093, 10.645677 ], [ -64.039764, 10.645197 ], [ -64.039345, 10.644532 ], [ -64.038819, 10.643364 ], [ -64.038612, 10.642814 ], [ -64.038422, 10.642242 ], [ -64.037735, 10.641349 ], [ -64.037316, 10.640822 ], [ -64.036965, 10.640343 ], [ -64.036568, 10.639885 ], [ -64.036117, 10.639268 ], [ -64.035721, 10.638787 ], [ -64.035301, 10.638398 ], [ -64.034813, 10.638241 ], [ -64.034271, 10.638015 ], [ -64.033623, 10.637766 ], [ -64.032600, 10.637267 ], [ -64.032059, 10.637016 ], [ -64.031525, 10.636791 ], [ -64.031036, 10.636563 ], [ -64.030548, 10.636292 ], [ -64.029938, 10.636042 ], [ -64.028725, 10.635568 ], [ -64.028214, 10.635410 ], [ -64.027565, 10.635252 ], [ -64.027031, 10.635004 ], [ -64.026398, 10.634777 ], [ -64.025887, 10.634779 ], [ -64.025192, 10.634807 ], [ -64.024521, 10.634903 ], [ -64.023918, 10.635022 ], [ -64.023079, 10.635210 ], [ -64.022499, 10.635398 ], [ -64.021896, 10.635563 ], [ -64.021385, 10.635657 ], [ -64.020828, 10.635637 ], [ -64.020294, 10.635549 ], [ -64.019714, 10.635300 ], [ -64.019264, 10.635004 ], [ -64.018730, 10.634617 ], [ -64.018265, 10.634252 ], [ -64.017868, 10.633909 ], [ -64.017426, 10.633636 ], [ -64.016861, 10.633342 ], [ -64.015068, 10.632525 ], [ -64.014465, 10.632321 ], [ -64.013970, 10.632118 ], [ -64.012176, 10.631416 ], [ -64.011086, 10.631147 ], [ -64.010506, 10.631104 ], [ -64.009949, 10.631178 ], [ -64.009277, 10.631434 ], [ -64.008698, 10.631760 ], [ -64.008209, 10.632175 ], [ -64.007774, 10.632591 ], [ -64.007286, 10.632962 ], [ -64.006897, 10.633332 ], [ -64.006477, 10.633702 ], [ -64.006111, 10.634188 ], [ -64.005669, 10.634626 ], [ -64.005165, 10.634928 ], [ -64.004608, 10.635138 ], [ -64.004051, 10.635303 ], [ -64.003540, 10.635397 ], [ -64.003006, 10.635584 ], [ -64.002640, 10.635977 ], [ -64.002266, 10.636394 ], [ -64.001686, 10.636787 ], [ -64.001160, 10.636951 ], [ -64.000648, 10.637000 ], [ -64.000198, 10.637283 ], [ -63.999161, 10.637199 ], [ -63.998653, 10.637326 ], [ -63.998115, 10.637133 ], [ -63.997620, 10.636846 ], [ -63.997147, 10.636558 ], [ -63.996220, 10.635731 ], [ -63.995632, 10.635423 ], [ -63.995117, 10.635251 ], [ -63.994415, 10.635083 ], [ -63.993855, 10.635005 ], [ -63.993160, 10.634999 ], [ -63.992531, 10.635014 ], [ -63.991905, 10.635097 ], [ -63.991326, 10.635157 ], [ -63.990219, 10.635367 ], [ -63.989708, 10.635518 ], [ -63.989136, 10.635737 ], [ -63.988701, 10.636093 ], [ -63.988461, 10.636581 ], [ -63.988495, 10.637156 ], [ -63.988812, 10.637562 ], [ -63.988636, 10.638095 ], [ -63.988182, 10.638496 ], [ -63.987675, 10.638646 ], [ -63.987164, 10.638614 ], [ -63.986736, 10.638255 ], [ -63.986332, 10.637874 ], [ -63.986042, 10.637422 ], [ -63.985634, 10.636902 ], [ -63.985363, 10.636380 ], [ -63.984577, 10.635549 ], [ -63.984077, 10.635100 ], [ -63.983601, 10.634721 ], [ -63.982990, 10.634391 ], [ -63.982422, 10.634013 ], [ -63.981384, 10.633487 ], [ -63.980801, 10.633271 ], [ -63.980240, 10.633123 ], [ -63.979633, 10.633022 ], [ -63.978493, 10.632959 ], [ -63.977959, 10.632949 ], [ -63.977261, 10.632895 ], [ -63.976677, 10.632886 ], [ -63.976147, 10.632968 ], [ -63.975567, 10.633075 ], [ -63.974919, 10.633159 ], [ -63.974197, 10.633198 ], [ -63.973385, 10.633081 ], [ -63.972752, 10.632889 ], [ -63.972214, 10.632787 ], [ -63.971680, 10.632846 ], [ -63.971172, 10.632995 ], [ -63.970741, 10.633350 ], [ -63.970257, 10.633522 ], [ -63.969742, 10.633374 ], [ -63.969314, 10.633039 ], [ -63.968708, 10.632871 ], [ -63.968197, 10.632835 ], [ -63.967659, 10.632733 ], [ -63.967167, 10.632563 ], [ -63.966393, 10.632351 ], [ -63.965836, 10.632249 ], [ -63.964970, 10.632040 ], [ -63.964432, 10.631891 ], [ -63.963917, 10.631835 ], [ -63.963268, 10.631920 ], [ -63.962670, 10.632094 ], [ -63.962021, 10.632133 ], [ -63.961445, 10.632284 ], [ -63.959743, 10.632969 ], [ -63.959145, 10.633166 ], [ -63.958473, 10.633344 ], [ -63.957317, 10.633555 ], [ -63.956760, 10.633706 ], [ -63.956215, 10.634133 ], [ -63.955761, 10.634512 ], [ -63.955376, 10.634912 ], [ -63.954967, 10.635244 ], [ -63.954315, 10.635236 ], [ -63.953693, 10.635434 ], [ -63.953590, 10.636011 ], [ -63.953255, 10.636433 ], [ -63.952751, 10.636767 ], [ -63.952129, 10.637034 ], [ -63.951595, 10.637071 ], [ -63.950989, 10.636877 ], [ -63.950378, 10.636616 ], [ -63.949837, 10.636446 ], [ -63.949211, 10.636437 ], [ -63.948589, 10.636683 ], [ -63.947971, 10.636995 ], [ -63.947437, 10.637123 ], [ -63.947033, 10.636765 ], [ -63.946674, 10.636337 ], [ -63.946182, 10.636073 ], [ -63.945671, 10.636200 ], [ -63.945190, 10.636465 ], [ -63.944782, 10.636888 ], [ -63.944332, 10.637335 ], [ -63.943825, 10.637576 ], [ -63.943314, 10.637543 ], [ -63.942932, 10.637070 ], [ -63.942452, 10.636599 ], [ -63.941933, 10.636242 ], [ -63.941391, 10.635911 ], [ -63.940308, 10.635385 ], [ -63.939697, 10.635123 ], [ -63.939159, 10.634976 ], [ -63.938648, 10.634918 ], [ -63.937996, 10.634912 ], [ -63.936810, 10.634938 ], [ -63.936294, 10.634768 ], [ -63.935684, 10.634392 ], [ -63.935139, 10.634083 ], [ -63.934757, 10.633723 ], [ -63.934586, 10.633245 ], [ -63.933498, 10.632627 ], [ -63.932911, 10.632274 ], [ -63.932461, 10.631939 ], [ -63.931377, 10.631413 ], [ -63.930931, 10.631125 ], [ -63.930408, 10.630815 ], [ -63.929939, 10.630573 ], [ -63.929398, 10.630265 ], [ -63.928760, 10.629959 ], [ -63.927727, 10.629407 ], [ -63.926949, 10.629058 ], [ -63.926319, 10.628845 ], [ -63.925686, 10.628674 ], [ -63.925171, 10.628572 ], [ -63.924427, 10.628475 ], [ -63.923748, 10.628376 ], [ -63.923191, 10.628344 ], [ -63.922585, 10.628289 ], [ -63.922073, 10.628232 ], [ -63.921421, 10.628202 ], [ -63.920750, 10.628308 ], [ -63.920242, 10.628435 ], [ -63.919761, 10.628608 ], [ -63.919205, 10.628668 ], [ -63.918476, 10.628363 ], [ -63.917984, 10.628168 ], [ -63.917423, 10.628134 ], [ -63.916256, 10.627911 ], [ -63.915695, 10.627716 ], [ -63.915070, 10.627822 ], [ -63.914516, 10.628043 ], [ -63.914036, 10.628261 ], [ -63.913578, 10.628525 ], [ -63.913051, 10.628882 ], [ -63.912617, 10.629190 ], [ -63.911999, 10.629458 ], [ -63.911465, 10.629609 ], [ -63.910869, 10.629853 ], [ -63.910435, 10.630232 ], [ -63.910008, 10.630725 ], [ -63.909523, 10.630896 ], [ -63.908451, 10.630784 ], [ -63.907707, 10.630732 ], [ -63.907082, 10.630725 ], [ -63.905895, 10.630753 ], [ -63.905315, 10.630789 ], [ -63.904644, 10.630944 ], [ -63.903977, 10.631074 ], [ -63.903328, 10.631227 ], [ -63.902084, 10.631647 ], [ -63.901676, 10.632002 ], [ -63.901363, 10.632491 ], [ -63.901562, 10.633062 ], [ -63.901695, 10.633656 ], [ -63.901566, 10.634165 ], [ -63.901463, 10.634697 ], [ -63.901054, 10.635006 ], [ -63.900517, 10.634949 ], [ -63.899929, 10.634570 ], [ -63.899502, 10.634260 ], [ -63.898750, 10.633932 ], [ -63.897648, 10.633522 ], [ -63.897060, 10.633260 ], [ -63.896473, 10.633020 ], [ -63.895912, 10.632895 ], [ -63.895378, 10.632863 ], [ -63.894726, 10.632901 ], [ -63.894169, 10.632960 ], [ -63.893593, 10.632998 ], [ -63.893013, 10.633102 ], [ -63.892456, 10.633139 ], [ -63.891922, 10.633198 ], [ -63.891018, 10.633219 ], [ -63.890369, 10.633281 ], [ -63.889763, 10.633294 ], [ -63.889187, 10.633377 ], [ -63.888702, 10.633595 ], [ -63.888218, 10.633768 ], [ -63.887764, 10.634101 ], [ -63.887260, 10.634410 ], [ -63.886429, 10.634660 ], [ -63.885826, 10.634744 ], [ -63.885223, 10.634757 ], [ -63.884361, 10.634617 ], [ -63.883614, 10.634521 ], [ -63.883080, 10.634487 ], [ -63.882404, 10.634501 ], [ -63.881924, 10.634767 ], [ -63.881493, 10.635098 ], [ -63.881203, 10.635611 ], [ -63.881123, 10.636141 ], [ -63.881367, 10.636620 ], [ -63.881081, 10.637199 ], [ -63.880478, 10.637351 ], [ -63.879868, 10.637378 ], [ -63.879387, 10.637310 ], [ -63.878757, 10.637323 ], [ -63.878181, 10.637499 ], [ -63.877556, 10.637535 ], [ -63.877041, 10.637341 ], [ -63.876583, 10.637582 ], [ -63.876175, 10.638005 ], [ -63.875790, 10.638428 ], [ -63.875187, 10.638556 ], [ -63.874630, 10.638501 ], [ -63.874092, 10.638421 ], [ -63.873531, 10.638320 ], [ -63.872997, 10.638240 ], [ -63.872322, 10.638188 ], [ -63.871041, 10.638126 ], [ -63.870159, 10.638192 ], [ -63.869534, 10.638253 ], [ -63.868931, 10.638337 ], [ -63.868423, 10.638441 ], [ -63.867943, 10.638659 ], [ -63.867416, 10.638969 ], [ -63.866840, 10.639213 ], [ -63.866329, 10.639317 ], [ -63.865704, 10.639333 ], [ -63.865105, 10.639460 ], [ -63.864552, 10.639705 ], [ -63.864048, 10.639945 ], [ -63.863022, 10.640705 ], [ -63.862324, 10.640813 ], [ -63.861675, 10.640897 ], [ -63.861072, 10.640958 ], [ -63.860447, 10.641042 ], [ -63.859756, 10.641195 ], [ -63.859249, 10.641345 ], [ -63.858696, 10.641634 ], [ -63.857624, 10.642280 ], [ -63.857048, 10.642500 ], [ -63.856377, 10.642585 ], [ -63.855541, 10.642629 ], [ -63.854889, 10.642620 ], [ -63.852985, 10.642664 ], [ -63.852405, 10.642725 ], [ -63.851826, 10.642761 ], [ -63.850429, 10.642794 ], [ -63.849502, 10.642839 ], [ -63.848854, 10.642945 ], [ -63.848049, 10.643172 ], [ -63.847126, 10.643469 ], [ -63.845650, 10.643894 ], [ -63.844818, 10.644075 ], [ -63.843502, 10.644450 ], [ -63.842831, 10.644627 ], [ -63.841656, 10.645023 ], [ -63.841103, 10.645196 ], [ -63.839955, 10.645637 ], [ -63.839401, 10.645858 ], [ -63.838917, 10.646029 ], [ -63.837284, 10.646667 ], [ -63.836685, 10.646910 ], [ -63.836086, 10.647200 ], [ -63.835606, 10.647418 ], [ -63.835197, 10.647795 ], [ -63.834789, 10.648264 ], [ -63.834499, 10.648730 ], [ -63.834091, 10.649153 ], [ -63.833565, 10.649419 ], [ -63.832371, 10.649952 ], [ -63.831799, 10.650310 ], [ -63.830860, 10.650929 ], [ -63.830448, 10.651238 ], [ -63.830231, 10.651726 ], [ -63.830166, 10.652877 ], [ -63.830109, 10.653476 ], [ -63.829960, 10.654032 ], [ -63.829647, 10.654452 ], [ -63.829193, 10.654830 ], [ -63.828644, 10.655211 ], [ -63.828140, 10.655546 ], [ -63.827682, 10.655808 ], [ -63.827274, 10.656232 ], [ -63.826961, 10.656652 ], [ -63.826160, 10.658143 ], [ -63.825733, 10.657808 ], [ -63.825535, 10.657307 ], [ -63.825405, 10.656804 ], [ -63.825321, 10.656231 ], [ -63.825245, 10.655037 ], [ -63.825165, 10.654535 ], [ -63.825126, 10.653983 ], [ -63.824676, 10.653580 ], [ -63.824001, 10.653619 ], [ -63.823643, 10.654110 ], [ -63.823727, 10.654706 ], [ -63.823879, 10.655277 ], [ -63.823589, 10.655745 ], [ -63.823158, 10.656075 ], [ -63.822773, 10.656498 ], [ -63.822552, 10.656986 ], [ -63.822380, 10.657496 ], [ -63.822254, 10.658050 ], [ -63.822083, 10.658629 ], [ -63.821865, 10.659255 ], [ -63.821716, 10.659741 ], [ -63.821636, 10.660272 ], [ -63.821579, 10.660870 ], [ -63.821480, 10.661517 ], [ -63.821449, 10.662068 ], [ -63.821465, 10.662666 ], [ -63.821629, 10.663697 ], [ -63.822208, 10.663661 ], [ -63.822811, 10.663554 ], [ -63.823124, 10.663065 ], [ -63.823200, 10.662511 ], [ -63.823349, 10.661840 ], [ -63.823452, 10.661310 ], [ -63.823391, 10.660783 ], [ -63.823490, 10.660182 ], [ -63.824097, 10.660191 ], [ -63.824345, 10.660851 ], [ -63.824406, 10.661356 ], [ -63.824467, 10.661998 ], [ -63.824409, 10.662505 ], [ -63.824745, 10.662957 ], [ -63.825195, 10.663268 ], [ -63.825352, 10.663954 ], [ -63.824894, 10.664242 ], [ -63.824249, 10.664439 ], [ -63.823670, 10.664522 ], [ -63.823143, 10.664764 ], [ -63.822689, 10.665212 ], [ -63.822327, 10.665657 ], [ -63.821968, 10.666194 ], [ -63.821442, 10.666742 ], [ -63.823132, 10.666882 ], [ -63.823032, 10.667409 ], [ -63.822746, 10.668097 ], [ -63.822487, 10.668577 ], [ -63.822067, 10.668987 ], [ -63.821785, 10.669445 ], [ -63.821457, 10.669879 ], [ -63.821106, 10.670382 ], [ -63.820938, 10.670931 ], [ -63.820930, 10.671551 ], [ -63.820812, 10.672125 ], [ -63.820782, 10.672677 ], [ -63.820732, 10.673204 ], [ -63.820702, 10.673803 ], [ -63.820789, 10.674517 ], [ -63.821064, 10.675047 ], [ -63.821384, 10.675465 ], [ -63.821472, 10.676130 ], [ -63.821560, 10.676661 ], [ -63.821812, 10.677191 ], [ -63.822205, 10.677608 ], [ -63.822361, 10.678116 ], [ -63.822334, 10.678690 ], [ -63.821979, 10.679077 ], [ -63.821449, 10.679096 ], [ -63.820957, 10.679298 ], [ -63.820446, 10.679479 ], [ -63.819981, 10.679705 ], [ -63.819469, 10.679906 ], [ -63.819115, 10.680317 ], [ -63.818695, 10.680750 ], [ -63.818504, 10.681254 ], [ -63.818592, 10.681783 ], [ -63.818844, 10.682245 ], [ -63.819096, 10.682754 ], [ -63.819256, 10.683307 ], [ -63.819088, 10.683812 ], [ -63.818783, 10.684337 ], [ -63.818337, 10.684770 ], [ -63.817962, 10.685226 ], [ -63.817493, 10.685452 ], [ -63.817139, 10.686299 ], [ -63.816810, 10.686709 ], [ -63.816273, 10.687004 ], [ -63.815899, 10.687415 ], [ -63.815571, 10.687825 ], [ -63.815125, 10.688282 ], [ -63.814400, 10.689126 ], [ -63.814045, 10.689766 ], [ -63.813671, 10.690360 ], [ -63.813480, 10.690866 ], [ -63.813358, 10.691484 ], [ -63.813213, 10.692080 ], [ -63.813141, 10.692632 ], [ -63.813179, 10.693367 ], [ -63.813152, 10.693919 ], [ -63.813053, 10.694769 ], [ -63.813164, 10.695367 ], [ -63.813179, 10.696080 ], [ -63.813057, 10.696907 ], [ -63.813076, 10.697528 ], [ -63.813187, 10.698057 ], [ -63.813275, 10.698655 ], [ -63.813175, 10.699321 ], [ -63.813217, 10.699850 ], [ -63.813397, 10.700887 ], [ -63.813553, 10.701509 ], [ -63.813732, 10.701993 ], [ -63.813633, 10.702727 ], [ -63.813099, 10.702723 ], [ -63.812633, 10.703132 ], [ -63.812119, 10.703472 ], [ -63.811462, 10.704295 ], [ -63.811226, 10.704775 ], [ -63.811035, 10.705302 ], [ -63.810917, 10.705806 ], [ -63.810864, 10.706405 ], [ -63.810837, 10.706956 ], [ -63.810879, 10.707508 ], [ -63.810967, 10.708015 ], [ -63.811241, 10.708500 ], [ -63.811725, 10.708755 ], [ -63.812260, 10.708783 ], [ -63.812771, 10.708926 ], [ -63.813324, 10.709207 ], [ -63.813457, 10.709784 ], [ -63.812927, 10.709733 ], [ -63.812645, 10.710166 ], [ -63.812222, 10.710485 ], [ -63.811642, 10.710663 ], [ -63.811180, 10.710383 ], [ -63.810177, 10.710742 ], [ -63.809666, 10.711105 ], [ -63.809128, 10.711217 ], [ -63.808693, 10.710822 ], [ -63.808441, 10.710315 ], [ -63.807705, 10.709342 ], [ -63.807224, 10.708855 ], [ -63.806026, 10.707419 ], [ -63.805683, 10.706980 ], [ -63.805294, 10.706516 ], [ -63.804901, 10.706030 ], [ -63.804581, 10.705591 ], [ -63.804306, 10.705106 ], [ -63.803917, 10.704596 ], [ -63.803547, 10.704180 ], [ -63.802700, 10.703137 ], [ -63.802170, 10.702513 ], [ -63.801777, 10.702095 ], [ -63.801388, 10.701747 ], [ -63.800949, 10.701399 ], [ -63.800560, 10.700866 ], [ -63.800121, 10.700471 ], [ -63.799751, 10.700100 ], [ -63.798626, 10.698826 ], [ -63.797707, 10.697900 ], [ -63.797268, 10.697527 ], [ -63.796829, 10.697132 ], [ -63.796532, 10.696648 ], [ -63.796143, 10.696161 ], [ -63.795612, 10.695697 ], [ -63.795269, 10.695257 ], [ -63.794971, 10.694772 ], [ -63.794605, 10.694332 ], [ -63.794121, 10.693936 ], [ -63.793633, 10.693610 ], [ -63.793266, 10.693216 ], [ -63.792782, 10.692776 ], [ -63.792393, 10.692358 ], [ -63.792046, 10.691874 ], [ -63.791657, 10.691456 ], [ -63.791241, 10.691084 ], [ -63.790802, 10.690804 ], [ -63.790340, 10.690387 ], [ -63.789513, 10.689551 ], [ -63.789169, 10.689113 ], [ -63.788319, 10.688300 ], [ -63.787903, 10.687814 ], [ -63.787029, 10.687070 ], [ -63.786659, 10.686607 ], [ -63.786247, 10.686145 ], [ -63.785854, 10.685796 ], [ -63.785488, 10.685309 ], [ -63.785122, 10.684847 ], [ -63.784683, 10.684360 ], [ -63.784221, 10.684034 ], [ -63.783787, 10.683662 ], [ -63.783463, 10.683246 ], [ -63.783283, 10.682761 ], [ -63.782868, 10.682184 ], [ -63.782383, 10.681881 ], [ -63.781876, 10.681531 ], [ -63.781345, 10.681228 ], [ -63.780907, 10.680856 ], [ -63.780609, 10.680279 ], [ -63.779991, 10.679353 ], [ -63.779602, 10.678914 ], [ -63.779186, 10.678588 ], [ -63.778820, 10.678171 ], [ -63.778450, 10.677708 ], [ -63.778038, 10.677314 ], [ -63.777458, 10.677010 ], [ -63.776539, 10.676128 ], [ -63.776077, 10.675756 ], [ -63.775570, 10.675407 ], [ -63.775135, 10.674874 ], [ -63.774811, 10.674434 ], [ -63.774654, 10.673904 ], [ -63.774334, 10.673465 ], [ -63.773872, 10.673230 ], [ -63.773434, 10.672905 ], [ -63.773041, 10.672557 ], [ -63.772602, 10.672208 ], [ -63.772095, 10.672043 ], [ -63.771538, 10.671670 ], [ -63.770828, 10.671021 ], [ -63.770413, 10.670694 ], [ -63.770065, 10.670163 ], [ -63.769676, 10.669723 ], [ -63.769260, 10.669305 ], [ -63.768940, 10.668889 ], [ -63.767330, 10.667266 ], [ -63.766869, 10.666939 ], [ -63.766243, 10.666228 ], [ -63.765930, 10.665707 ], [ -63.765545, 10.665301 ], [ -63.765011, 10.665176 ], [ -63.764374, 10.664846 ], [ -63.763924, 10.664466 ], [ -63.763634, 10.664037 ], [ -63.762958, 10.663155 ], [ -63.762535, 10.662820 ], [ -63.761993, 10.662580 ], [ -63.761383, 10.662341 ], [ -63.760849, 10.662238 ], [ -63.759621, 10.662429 ], [ -63.758926, 10.662490 ], [ -63.758320, 10.662413 ], [ -63.757545, 10.662200 ], [ -63.757008, 10.662006 ], [ -63.756355, 10.661998 ], [ -63.755016, 10.662328 ], [ -63.754440, 10.662478 ], [ -63.753910, 10.662652 ], [ -63.753261, 10.662828 ], [ -63.752685, 10.662956 ], [ -63.752174, 10.663037 ], [ -63.751595, 10.663074 ], [ -63.751080, 10.662878 ], [ -63.750587, 10.662729 ], [ -63.749977, 10.662559 ], [ -63.749481, 10.662203 ], [ -63.749146, 10.661774 ], [ -63.748714, 10.661187 ], [ -63.748192, 10.660785 ], [ -63.747742, 10.660451 ], [ -63.747223, 10.660140 ], [ -63.746681, 10.659878 ], [ -63.746140, 10.659499 ], [ -63.745594, 10.659051 ], [ -63.745075, 10.658811 ], [ -63.744328, 10.658599 ], [ -63.743744, 10.658498 ], [ -63.743095, 10.658512 ], [ -63.742561, 10.658593 ], [ -63.742031, 10.658721 ], [ -63.741493, 10.658641 ], [ -63.741043, 10.658305 ], [ -63.740661, 10.657855 ], [ -63.740326, 10.657428 ], [ -63.739582, 10.657398 ], [ -63.738838, 10.657530 ], [ -63.738281, 10.657428 ], [ -63.737831, 10.657116 ], [ -63.737358, 10.656759 ], [ -63.736755, 10.656842 ], [ -63.736152, 10.656879 ], [ -63.735615, 10.656731 ], [ -63.734371, 10.656254 ], [ -63.733810, 10.656221 ], [ -63.732769, 10.656428 ], [ -63.732029, 10.656538 ], [ -63.730034, 10.656652 ], [ -63.729382, 10.656552 ], [ -63.727421, 10.656161 ], [ -63.726768, 10.656153 ], [ -63.726261, 10.656235 ], [ -63.725685, 10.656454 ], [ -63.725201, 10.656672 ], [ -63.724629, 10.656985 ], [ -63.724094, 10.656998 ], [ -63.723511, 10.656965 ], [ -63.722927, 10.656772 ], [ -63.722317, 10.656601 ], [ -63.721783, 10.656568 ], [ -63.721374, 10.656876 ], [ -63.720944, 10.657322 ], [ -63.720318, 10.657406 ], [ -63.719757, 10.657373 ], [ -63.719063, 10.657434 ], [ -63.718514, 10.657746 ], [ -63.717850, 10.658175 ], [ -63.716370, 10.658508 ], [ -63.715839, 10.658612 ], [ -63.715328, 10.658762 ], [ -63.714779, 10.659027 ], [ -63.714321, 10.659360 ], [ -63.713917, 10.659852 ], [ -63.713436, 10.660231 ], [ -63.712940, 10.660498 ], [ -63.712330, 10.660487 ], [ -63.711765, 10.660269 ], [ -63.711235, 10.660397 ], [ -63.710674, 10.660339 ], [ -63.710251, 10.660029 ], [ -63.709622, 10.659974 ], [ -63.708961, 10.659713 ], [ -63.708492, 10.659448 ], [ -63.708019, 10.659207 ], [ -63.707573, 10.658917 ], [ -63.707054, 10.658607 ], [ -63.706673, 10.658202 ], [ -63.706245, 10.657823 ], [ -63.705795, 10.657557 ], [ -63.705276, 10.657224 ], [ -63.704941, 10.656817 ], [ -63.704445, 10.656529 ], [ -63.703903, 10.656198 ], [ -63.703476, 10.655862 ], [ -63.703030, 10.655528 ], [ -63.702602, 10.655239 ], [ -63.702156, 10.654974 ], [ -63.701660, 10.654640 ], [ -63.701157, 10.654100 ], [ -63.700683, 10.653743 ], [ -63.700115, 10.653365 ], [ -63.699551, 10.653102 ], [ -63.699013, 10.652863 ], [ -63.698448, 10.652646 ], [ -63.698048, 10.652310 ], [ -63.697731, 10.651856 ], [ -63.697281, 10.651384 ], [ -63.696762, 10.651213 ], [ -63.696270, 10.650994 ], [ -63.695591, 10.650803 ], [ -63.694958, 10.650541 ], [ -63.694439, 10.650301 ], [ -63.693901, 10.650014 ], [ -63.692814, 10.649326 ], [ -63.692219, 10.648812 ], [ -63.691723, 10.648456 ], [ -63.691273, 10.648167 ], [ -63.690804, 10.647832 ], [ -63.690166, 10.647480 ], [ -63.689602, 10.647194 ], [ -63.688942, 10.646911 ], [ -63.688381, 10.646739 ], [ -63.687866, 10.646567 ], [ -63.687096, 10.646378 ], [ -63.685593, 10.645815 ], [ -63.685032, 10.645575 ], [ -63.684422, 10.645428 ], [ -63.683861, 10.645280 ], [ -63.682694, 10.645031 ], [ -63.681595, 10.644757 ], [ -63.681126, 10.644538 ], [ -63.680569, 10.644550 ], [ -63.680016, 10.644863 ], [ -63.679127, 10.645457 ], [ -63.678612, 10.645376 ], [ -63.678139, 10.645020 ], [ -63.677643, 10.644732 ], [ -63.677174, 10.644514 ], [ -63.676716, 10.644777 ], [ -63.676155, 10.644629 ], [ -63.675613, 10.644434 ], [ -63.675076, 10.644263 ], [ -63.674515, 10.644069 ], [ -63.674000, 10.643988 ], [ -63.673489, 10.643954 ], [ -63.672981, 10.644058 ], [ -63.672352, 10.644049 ], [ -63.671841, 10.644015 ], [ -63.671284, 10.644028 ], [ -63.670608, 10.644020 ], [ -63.670051, 10.644033 ], [ -63.669495, 10.644092 ], [ -63.668709, 10.644224 ], [ -63.668106, 10.644354 ], [ -63.667484, 10.644505 ], [ -63.666977, 10.644609 ], [ -63.665382, 10.644989 ], [ -63.664658, 10.644938 ], [ -63.664143, 10.644790 ], [ -63.663651, 10.644593 ], [ -63.663159, 10.644351 ], [ -63.662621, 10.644204 ], [ -63.662037, 10.644217 ], [ -63.661411, 10.644138 ], [ -63.660892, 10.643990 ], [ -63.660236, 10.643704 ], [ -63.659630, 10.643536 ], [ -63.658508, 10.643378 ], [ -63.657974, 10.643322 ], [ -63.657368, 10.643312 ], [ -63.656856, 10.643254 ], [ -63.656296, 10.643128 ], [ -63.655826, 10.642910 ], [ -63.655354, 10.642623 ], [ -63.654823, 10.642818 ], [ -63.654247, 10.642970 ], [ -63.653622, 10.643006 ], [ -63.653107, 10.642949 ], [ -63.652523, 10.642825 ], [ -63.652054, 10.642560 ], [ -63.651066, 10.642168 ], [ -63.650597, 10.641926 ], [ -63.649963, 10.641687 ], [ -63.649448, 10.641538 ], [ -63.648933, 10.641413 ], [ -63.648308, 10.641403 ], [ -63.647770, 10.641301 ], [ -63.647228, 10.641014 ], [ -63.646736, 10.640864 ], [ -63.646088, 10.640879 ], [ -63.644932, 10.641113 ], [ -63.644398, 10.641239 ], [ -63.643337, 10.641609 ], [ -63.642353, 10.642115 ], [ -63.641868, 10.642286 ], [ -63.641395, 10.641997 ], [ -63.640881, 10.641779 ], [ -63.640297, 10.641678 ], [ -63.639179, 10.641612 ], [ -63.638596, 10.641464 ], [ -63.637962, 10.641317 ], [ -63.637447, 10.641099 ], [ -63.637001, 10.640834 ], [ -63.636597, 10.640451 ], [ -63.636238, 10.640047 ], [ -63.635559, 10.639947 ], [ -63.635067, 10.639797 ], [ -63.634621, 10.639509 ], [ -63.634148, 10.639129 ], [ -63.633698, 10.638794 ], [ -63.633133, 10.638577 ], [ -63.632080, 10.638233 ], [ -63.631516, 10.637925 ], [ -63.630951, 10.637708 ], [ -63.630394, 10.637742 ], [ -63.629841, 10.637939 ], [ -63.629315, 10.638205 ], [ -63.628811, 10.638492 ], [ -63.628326, 10.638733 ], [ -63.627819, 10.638882 ], [ -63.627281, 10.638756 ], [ -63.626747, 10.638655 ], [ -63.626194, 10.638850 ], [ -63.625763, 10.639298 ], [ -63.625252, 10.639424 ], [ -63.624695, 10.639298 ], [ -63.624176, 10.639080 ], [ -63.623749, 10.638745 ], [ -63.623184, 10.638412 ], [ -63.622669, 10.638241 ], [ -63.622158, 10.638298 ], [ -63.621605, 10.638472 ], [ -63.621029, 10.638600 ], [ -63.620468, 10.638521 ], [ -63.619903, 10.638281 ], [ -63.619415, 10.638131 ], [ -63.618919, 10.637935 ], [ -63.618218, 10.637744 ], [ -63.617683, 10.637618 ], [ -63.617169, 10.637516 ], [ -63.616562, 10.637415 ], [ -63.615978, 10.637381 ], [ -63.615421, 10.637418 ], [ -63.614887, 10.637406 ], [ -63.613705, 10.637433 ], [ -63.613193, 10.637490 ], [ -63.612617, 10.637642 ], [ -63.612133, 10.637883 ], [ -63.611721, 10.638191 ], [ -63.611267, 10.638500 ], [ -63.610782, 10.638696 ], [ -63.609592, 10.638469 ], [ -63.609078, 10.638388 ], [ -63.608475, 10.638333 ], [ -63.607914, 10.638231 ], [ -63.607376, 10.638151 ], [ -63.606770, 10.638003 ], [ -63.606232, 10.637810 ], [ -63.605717, 10.637706 ], [ -63.605068, 10.637835 ], [ -63.604401, 10.638012 ], [ -63.603844, 10.638070 ], [ -63.603310, 10.638083 ], [ -63.602795, 10.637934 ], [ -63.602299, 10.637623 ], [ -63.601830, 10.637403 ], [ -63.601539, 10.636974 ], [ -63.601273, 10.636474 ], [ -63.600914, 10.636091 ], [ -63.600304, 10.635852 ], [ -63.599255, 10.635692 ], [ -63.598553, 10.635570 ], [ -63.597435, 10.635344 ], [ -63.597054, 10.634983 ], [ -63.596992, 10.634457 ], [ -63.595981, 10.633995 ], [ -63.595425, 10.633917 ], [ -63.594356, 10.633942 ], [ -63.593773, 10.633931 ], [ -63.593212, 10.633807 ], [ -63.591286, 10.633781 ], [ -63.590122, 10.633715 ], [ -63.588501, 10.633889 ], [ -63.587944, 10.633994 ], [ -63.587391, 10.634122 ], [ -63.586815, 10.634318 ], [ -63.586308, 10.634583 ], [ -63.585953, 10.635190 ], [ -63.585613, 10.635679 ], [ -63.585674, 10.636252 ], [ -63.586197, 10.636655 ], [ -63.586372, 10.637157 ], [ -63.586479, 10.637866 ], [ -63.585880, 10.637995 ], [ -63.585228, 10.638032 ], [ -63.584694, 10.637999 ], [ -63.584156, 10.637873 ], [ -63.583618, 10.637794 ], [ -63.582993, 10.637854 ], [ -63.582398, 10.638097 ], [ -63.581936, 10.638336 ], [ -63.581428, 10.638487 ], [ -63.580849, 10.638431 ], [ -63.580330, 10.638097 ], [ -63.579784, 10.637788 ], [ -63.579273, 10.637661 ], [ -63.578690, 10.637537 ], [ -63.578148, 10.637364 ], [ -63.577583, 10.637079 ], [ -63.577068, 10.636838 ], [ -63.576462, 10.636668 ], [ -63.575806, 10.636521 ], [ -63.575245, 10.636351 ], [ -63.574726, 10.636064 ], [ -63.574234, 10.635868 ], [ -63.573647, 10.635651 ], [ -63.573155, 10.635432 ], [ -63.572636, 10.635122 ], [ -63.572163, 10.634788 ], [ -63.571735, 10.634453 ], [ -63.571285, 10.634117 ], [ -63.570721, 10.633832 ], [ -63.570133, 10.633569 ], [ -63.569618, 10.633306 ], [ -63.569100, 10.633087 ], [ -63.568584, 10.632847 ], [ -63.567997, 10.632606 ], [ -63.567482, 10.632503 ], [ -63.566925, 10.632539 ], [ -63.566280, 10.632759 ], [ -63.565777, 10.633024 ], [ -63.565342, 10.633356 ], [ -63.564865, 10.633757 ], [ -63.564381, 10.633952 ], [ -63.563847, 10.634033 ], [ -63.563289, 10.634000 ], [ -63.562733, 10.634035 ], [ -63.562157, 10.634164 ], [ -63.561645, 10.634266 ], [ -63.561191, 10.634598 ], [ -63.560757, 10.634930 ], [ -63.560349, 10.635422 ], [ -63.559608, 10.635553 ], [ -63.558979, 10.635476 ], [ -63.558354, 10.635467 ], [ -63.557793, 10.635434 ], [ -63.557144, 10.635425 ], [ -63.556606, 10.635368 ], [ -63.556114, 10.635220 ], [ -63.555714, 10.634882 ], [ -63.555286, 10.634571 ], [ -63.554115, 10.634091 ], [ -63.553554, 10.633966 ], [ -63.552948, 10.633888 ], [ -63.552387, 10.633831 ], [ -63.551735, 10.633800 ], [ -63.550945, 10.633772 ], [ -63.550365, 10.633762 ], [ -63.548969, 10.633794 ], [ -63.548366, 10.633738 ], [ -63.547783, 10.633660 ], [ -63.547131, 10.633558 ], [ -63.546383, 10.633461 ], [ -63.545311, 10.633254 ], [ -63.544796, 10.633082 ], [ -63.544281, 10.632934 ], [ -63.543739, 10.632692 ], [ -63.543129, 10.632500 ], [ -63.542523, 10.632260 ], [ -63.541958, 10.632090 ], [ -63.541351, 10.631919 ], [ -63.540161, 10.631784 ], [ -63.539558, 10.631775 ], [ -63.538322, 10.631574 ], [ -63.537785, 10.631471 ], [ -63.537292, 10.631206 ], [ -63.536728, 10.631011 ], [ -63.536190, 10.630909 ], [ -63.535469, 10.630810 ], [ -63.534283, 10.630791 ], [ -63.533772, 10.630848 ], [ -63.533077, 10.630910 ], [ -63.532543, 10.630990 ], [ -63.531967, 10.631095 ], [ -63.531456, 10.631176 ], [ -63.530811, 10.631351 ], [ -63.529636, 10.631792 ], [ -63.528694, 10.632272 ], [ -63.528210, 10.632466 ], [ -63.527676, 10.632410 ], [ -63.526771, 10.632407 ], [ -63.526119, 10.632422 ], [ -63.524914, 10.632495 ], [ -63.524307, 10.632485 ], [ -63.523705, 10.632499 ], [ -63.523170, 10.632487 ], [ -63.521729, 10.632521 ], [ -63.521221, 10.632578 ], [ -63.519917, 10.633434 ], [ -63.519272, 10.633725 ], [ -63.518467, 10.634018 ], [ -63.517960, 10.634191 ], [ -63.516995, 10.634580 ], [ -63.516228, 10.634713 ], [ -63.515442, 10.634799 ], [ -63.514767, 10.634837 ], [ -63.514092, 10.634760 ], [ -63.513535, 10.634772 ], [ -63.512726, 10.634952 ], [ -63.512173, 10.635102 ], [ -63.511524, 10.635300 ], [ -63.510902, 10.635475 ], [ -63.510368, 10.635556 ], [ -63.509743, 10.635570 ], [ -63.508999, 10.635449 ], [ -63.508369, 10.635370 ], [ -63.507831, 10.635337 ], [ -63.506352, 10.635600 ], [ -63.505772, 10.635683 ], [ -63.505032, 10.635837 ], [ -63.504295, 10.636037 ], [ -63.503673, 10.636257 ], [ -63.503162, 10.636407 ], [ -63.502541, 10.636628 ], [ -63.501156, 10.637026 ], [ -63.500671, 10.637198 ], [ -63.500168, 10.637348 ], [ -63.500130, 10.636869 ], [ -63.498154, 10.636937 ], [ -63.497498, 10.637251 ], [ -63.496960, 10.637752 ], [ -63.496533, 10.638320 ], [ -63.496178, 10.638866 ], [ -63.495869, 10.639437 ], [ -63.495606, 10.639985 ], [ -63.495014, 10.641035 ], [ -63.494328, 10.642061 ], [ -63.493568, 10.643223 ], [ -63.493145, 10.643655 ], [ -63.492657, 10.643924 ], [ -63.492069, 10.644331 ], [ -63.491669, 10.644671 ], [ -63.491314, 10.645126 ], [ -63.491100, 10.645699 ], [ -63.490978, 10.646202 ], [ -63.490829, 10.646867 ], [ -63.490826, 10.647394 ], [ -63.490864, 10.647901 ], [ -63.490833, 10.648474 ], [ -63.490688, 10.648978 ], [ -63.490589, 10.649619 ], [ -63.490559, 10.650126 ], [ -63.490738, 10.650656 ], [ -63.490986, 10.651164 ], [ -63.491398, 10.651674 ], [ -63.491978, 10.651842 ], [ -63.492584, 10.651872 ], [ -63.493233, 10.651834 ], [ -63.493744, 10.651863 ], [ -63.494370, 10.652054 ], [ -63.495567, 10.652872 ], [ -63.496147, 10.653040 ], [ -63.496681, 10.653022 ], [ -63.497093, 10.653487 ], [ -63.497532, 10.653837 ], [ -63.498180, 10.653776 ], [ -63.498691, 10.653713 ], [ -63.499203, 10.653810 ], [ -63.500164, 10.653866 ], [ -63.500164, 10.653301 ], [ -63.501320, 10.653597 ], [ -63.501885, 10.653837 ], [ -63.501942, 10.654366 ], [ -63.501442, 10.654744 ], [ -63.501819, 10.655103 ], [ -63.501412, 10.655435 ], [ -63.500927, 10.655628 ], [ -63.500164, 10.655802 ], [ -63.499134, 10.655718 ], [ -63.498387, 10.655915 ], [ -63.497734, 10.656252 ], [ -63.497128, 10.656543 ], [ -63.496563, 10.656835 ], [ -63.496025, 10.657172 ], [ -63.494972, 10.657805 ], [ -63.494457, 10.658165 ], [ -63.493805, 10.658524 ], [ -63.493309, 10.658817 ], [ -63.492588, 10.659107 ], [ -63.492150, 10.658758 ], [ -63.491737, 10.658271 ], [ -63.490994, 10.658262 ], [ -63.490391, 10.658300 ], [ -63.489319, 10.658517 ], [ -63.489117, 10.658033 ], [ -63.489216, 10.657459 ], [ -63.489292, 10.656932 ], [ -63.489204, 10.656310 ], [ -63.488838, 10.655916 ], [ -63.488285, 10.655474 ], [ -63.487709, 10.655214 ], [ -63.487202, 10.654932 ], [ -63.486553, 10.654696 ], [ -63.485630, 10.654317 ], [ -63.485142, 10.654173 ], [ -63.483917, 10.653561 ], [ -63.483246, 10.653323 ], [ -63.482670, 10.653063 ], [ -63.482113, 10.653102 ], [ -63.481598, 10.653233 ], [ -63.481087, 10.653274 ], [ -63.480461, 10.653197 ], [ -63.480015, 10.653515 ], [ -63.479523, 10.654014 ], [ -63.479027, 10.654629 ], [ -63.478565, 10.654393 ], [ -63.477688, 10.653831 ], [ -63.477207, 10.653411 ], [ -63.476864, 10.652970 ], [ -63.476379, 10.652643 ], [ -63.475708, 10.652338 ], [ -63.475109, 10.652078 ], [ -63.474506, 10.651840 ], [ -63.473835, 10.651695 ], [ -63.473255, 10.651619 ], [ -63.472698, 10.651567 ], [ -63.472141, 10.651490 ], [ -63.471607, 10.651553 ], [ -63.470932, 10.651568 ], [ -63.469887, 10.651556 ], [ -63.469349, 10.651640 ], [ -63.468952, 10.652003 ], [ -63.468735, 10.652530 ], [ -63.468243, 10.652960 ], [ -63.468212, 10.653466 ], [ -63.468464, 10.654019 ], [ -63.468616, 10.654550 ], [ -63.468517, 10.655168 ], [ -63.468323, 10.655878 ], [ -63.467602, 10.656099 ], [ -63.466900, 10.656367 ], [ -63.466431, 10.656752 ], [ -63.466263, 10.657255 ], [ -63.466301, 10.657876 ], [ -63.465946, 10.658354 ], [ -63.465614, 10.658924 ], [ -63.465836, 10.659938 ], [ -63.465897, 10.660535 ], [ -63.465656, 10.661061 ], [ -63.465324, 10.661631 ], [ -63.465042, 10.662110 ], [ -63.464733, 10.662543 ], [ -63.463974, 10.663752 ], [ -63.463692, 10.664299 ], [ -63.463428, 10.664733 ], [ -63.463215, 10.665189 ], [ -63.463024, 10.665716 ], [ -63.462761, 10.666149 ], [ -63.462410, 10.666512 ], [ -63.461944, 10.666276 ], [ -63.461815, 10.665748 ], [ -63.461819, 10.665195 ], [ -63.461685, 10.664712 ], [ -63.461296, 10.664318 ], [ -63.460835, 10.664104 ], [ -63.460278, 10.663914 ], [ -63.459652, 10.663883 ], [ -63.459118, 10.663740 ], [ -63.458473, 10.663456 ], [ -63.457775, 10.663608 ], [ -63.457443, 10.664109 ], [ -63.457203, 10.664636 ], [ -63.456734, 10.664951 ], [ -63.455990, 10.665102 ], [ -63.455364, 10.664911 ], [ -63.455185, 10.664404 ], [ -63.455120, 10.663829 ], [ -63.454922, 10.663183 ], [ -63.454510, 10.662765 ], [ -63.453999, 10.662460 ], [ -63.453373, 10.662408 ], [ -63.452839, 10.662515 ], [ -63.452324, 10.662717 ], [ -63.451923, 10.663102 ], [ -63.451706, 10.663719 ], [ -63.451817, 10.664317 ], [ -63.451671, 10.664913 ], [ -63.451111, 10.664906 ], [ -63.450485, 10.664762 ], [ -63.449864, 10.664570 ], [ -63.448822, 10.664145 ], [ -63.448151, 10.663999 ], [ -63.447613, 10.664222 ], [ -63.447098, 10.664583 ], [ -63.446464, 10.664783 ], [ -63.445820, 10.664591 ], [ -63.445263, 10.664285 ], [ -63.444832, 10.663775 ], [ -63.444603, 10.663313 ], [ -63.444401, 10.662782 ], [ -63.444244, 10.662206 ], [ -63.443649, 10.661671 ], [ -63.443066, 10.661593 ], [ -63.442043, 10.661628 ], [ -63.441166, 10.661433 ], [ -63.441193, 10.660929 ], [ -63.441383, 10.660448 ], [ -63.442039, 10.660067 ], [ -63.442257, 10.659471 ], [ -63.442589, 10.658992 ], [ -63.443268, 10.658542 ], [ -63.443596, 10.658110 ], [ -63.443607, 10.657466 ], [ -63.443192, 10.657070 ], [ -63.442612, 10.657018 ], [ -63.442055, 10.657011 ], [ -63.441219, 10.656932 ], [ -63.440662, 10.656764 ], [ -63.440155, 10.656620 ], [ -63.439415, 10.656336 ], [ -63.438858, 10.656237 ], [ -63.438278, 10.656161 ], [ -63.437626, 10.656177 ], [ -63.436973, 10.656237 ], [ -63.436348, 10.656345 ], [ -63.435787, 10.656453 ], [ -63.435253, 10.656607 ], [ -63.434738, 10.656899 ], [ -63.434315, 10.657193 ], [ -63.433868, 10.657556 ], [ -63.433331, 10.657939 ], [ -63.432907, 10.658256 ], [ -63.432392, 10.658755 ], [ -63.432060, 10.659143 ], [ -63.431751, 10.659735 ], [ -63.431625, 10.660377 ], [ -63.431622, 10.660905 ], [ -63.431637, 10.661410 ], [ -63.431702, 10.661963 ], [ -63.431858, 10.662470 ], [ -63.432179, 10.662887 ], [ -63.432732, 10.663032 ], [ -63.433247, 10.662969 ], [ -63.433781, 10.662974 ], [ -63.434311, 10.663143 ], [ -63.434795, 10.663402 ], [ -63.435093, 10.663817 ], [ -63.435478, 10.664489 ], [ -63.435639, 10.664995 ], [ -63.435558, 10.665638 ], [ -63.435272, 10.666163 ], [ -63.435020, 10.666932 ], [ -63.434902, 10.667597 ], [ -63.434875, 10.668102 ], [ -63.434826, 10.668676 ], [ -63.434616, 10.669225 ], [ -63.434334, 10.669683 ], [ -63.434029, 10.670140 ], [ -63.433540, 10.670459 ], [ -63.433029, 10.670592 ], [ -63.432468, 10.670543 ], [ -63.431984, 10.670379 ], [ -63.431541, 10.670123 ], [ -63.431034, 10.669683 ], [ -63.430550, 10.669430 ], [ -63.429966, 10.669265 ], [ -63.429386, 10.669168 ], [ -63.428875, 10.669211 ], [ -63.428410, 10.669414 ], [ -63.428036, 10.669872 ], [ -63.427639, 10.670190 ], [ -63.427387, 10.669753 ], [ -63.427483, 10.669225 ], [ -63.427391, 10.668720 ], [ -63.427372, 10.668169 ], [ -63.427326, 10.667641 ], [ -63.426815, 10.667752 ], [ -63.426609, 10.667131 ], [ -63.426613, 10.666589 ], [ -63.426586, 10.666013 ], [ -63.426498, 10.665460 ], [ -63.426205, 10.664998 ], [ -63.425812, 10.664671 ], [ -63.425350, 10.664412 ], [ -63.424866, 10.664200 ], [ -63.424358, 10.664032 ], [ -63.423847, 10.663843 ], [ -63.423336, 10.663745 ], [ -63.422825, 10.663808 ], [ -63.422291, 10.663802 ], [ -63.421757, 10.663727 ], [ -63.420597, 10.663666 ], [ -63.420063, 10.663613 ], [ -63.419414, 10.663514 ], [ -63.418903, 10.663507 ], [ -63.418324, 10.663524 ], [ -63.417808, 10.663748 ], [ -63.417290, 10.664131 ], [ -63.415180, 10.665645 ], [ -63.414509, 10.665706 ], [ -63.413994, 10.665884 ], [ -63.413479, 10.666222 ], [ -63.412960, 10.666629 ], [ -63.412346, 10.666786 ], [ -63.412018, 10.667175 ], [ -63.411530, 10.667631 ], [ -63.411060, 10.667857 ], [ -63.410526, 10.667786 ], [ -63.409969, 10.667598 ], [ -63.409462, 10.667366 ], [ -63.408539, 10.666789 ], [ -63.406582, 10.666728 ], [ -63.406002, 10.666930 ], [ -63.405468, 10.666996 ], [ -63.404911, 10.666923 ], [ -63.404419, 10.667104 ], [ -63.404026, 10.667423 ], [ -63.403671, 10.667834 ], [ -63.403416, 10.668268 ], [ -63.403950, 10.668364 ], [ -63.404388, 10.668665 ], [ -63.404850, 10.669104 ], [ -63.405151, 10.669518 ], [ -63.405216, 10.670048 ], [ -63.405006, 10.670504 ], [ -63.404472, 10.670548 ], [ -63.403961, 10.670452 ], [ -63.403496, 10.670702 ], [ -63.403026, 10.671020 ], [ -63.402630, 10.671408 ], [ -63.402096, 10.671565 ], [ -63.401653, 10.671906 ], [ -63.401348, 10.672409 ], [ -63.401180, 10.672890 ], [ -63.400734, 10.673875 ], [ -63.400639, 10.674401 ], [ -63.400730, 10.675069 ], [ -63.400890, 10.675597 ], [ -63.401234, 10.676082 ], [ -63.401791, 10.676498 ], [ -63.402298, 10.676753 ], [ -63.402904, 10.676804 ], [ -63.403507, 10.676762 ], [ -63.404018, 10.676926 ], [ -63.404316, 10.677408 ], [ -63.403896, 10.677912 ], [ -63.403336, 10.678299 ], [ -63.402870, 10.678549 ], [ -63.402474, 10.678866 ], [ -63.401917, 10.678908 ], [ -63.401447, 10.679297 ], [ -63.401260, 10.679777 ], [ -63.400746, 10.680073 ], [ -63.400349, 10.680437 ], [ -63.400044, 10.680871 ], [ -63.399834, 10.681329 ], [ -63.399761, 10.681926 ], [ -63.399712, 10.682430 ], [ -63.399685, 10.682935 ], [ -63.399681, 10.683486 ], [ -63.399815, 10.684588 ], [ -63.399838, 10.685140 ], [ -63.399788, 10.685643 ], [ -63.399597, 10.686171 ], [ -63.399338, 10.686696 ], [ -63.399033, 10.687154 ], [ -63.398686, 10.687589 ], [ -63.398285, 10.687998 ], [ -63.397888, 10.688364 ], [ -63.397468, 10.688660 ], [ -63.397213, 10.689138 ], [ -63.396652, 10.689434 ], [ -63.396282, 10.689087 ], [ -63.396446, 10.688493 ], [ -63.396774, 10.688081 ], [ -63.396988, 10.687599 ], [ -63.396896, 10.687095 ], [ -63.396900, 10.686543 ], [ -63.397068, 10.686016 ], [ -63.397045, 10.685490 ], [ -63.397095, 10.684915 ], [ -63.397167, 10.684387 ], [ -63.397518, 10.683977 ], [ -63.397358, 10.683493 ], [ -63.397034, 10.683101 ], [ -63.397061, 10.682551 ], [ -63.397343, 10.682116 ], [ -63.397556, 10.681659 ], [ -63.397556, 10.681154 ], [ -63.397282, 10.680647 ], [ -63.396866, 10.680254 ], [ -63.396378, 10.680090 ], [ -63.395798, 10.680017 ], [ -63.395241, 10.680037 ], [ -63.394730, 10.680101 ], [ -63.394192, 10.680260 ], [ -63.393704, 10.680531 ], [ -63.393330, 10.680873 ], [ -63.393143, 10.681377 ], [ -63.393394, 10.681815 ], [ -63.393951, 10.682002 ], [ -63.393948, 10.682508 ], [ -63.393783, 10.682988 ], [ -63.393204, 10.683053 ], [ -63.392715, 10.682867 ], [ -63.392204, 10.683070 ], [ -63.391781, 10.683413 ], [ -63.391407, 10.683868 ], [ -63.391033, 10.684394 ], [ -63.390636, 10.684712 ], [ -63.390285, 10.685123 ], [ -63.390144, 10.685720 ], [ -63.390118, 10.686270 ], [ -63.389927, 10.686843 ], [ -63.389530, 10.687253 ], [ -63.389088, 10.687617 ], [ -63.388714, 10.688051 ], [ -63.388454, 10.688509 ], [ -63.388359, 10.689036 ], [ -63.388031, 10.689539 ], [ -63.387749, 10.690065 ], [ -63.387489, 10.690615 ], [ -63.387348, 10.691118 ], [ -63.387321, 10.691669 ], [ -63.387546, 10.692772 ], [ -63.387474, 10.693300 ], [ -63.387077, 10.693665 ], [ -63.386543, 10.693799 ], [ -63.386005, 10.694186 ], [ -63.385654, 10.694573 ], [ -63.385143, 10.694685 ], [ -63.384724, 10.694981 ], [ -63.384464, 10.695416 ], [ -63.384022, 10.695826 ], [ -63.383534, 10.695616 ], [ -63.383373, 10.695041 ], [ -63.382935, 10.694626 ], [ -63.382774, 10.694096 ], [ -63.382919, 10.693569 ], [ -63.383431, 10.693365 ], [ -63.383873, 10.693116 ], [ -63.384132, 10.692635 ], [ -63.384296, 10.692154 ], [ -63.384346, 10.691650 ], [ -63.384117, 10.691167 ], [ -63.383587, 10.690750 ], [ -63.382542, 10.690123 ], [ -63.382011, 10.689775 ], [ -63.381641, 10.689428 ], [ -63.380714, 10.688688 ], [ -63.380230, 10.688318 ], [ -63.379791, 10.687924 ], [ -63.379444, 10.687532 ], [ -63.379074, 10.687161 ], [ -63.378494, 10.686791 ], [ -63.378010, 10.686514 ], [ -63.377476, 10.686096 ], [ -63.377014, 10.685702 ], [ -63.376530, 10.685195 ], [ -63.376160, 10.684848 ], [ -63.374954, 10.684496 ], [ -63.374443, 10.684378 ], [ -63.373882, 10.684328 ], [ -63.373375, 10.684164 ], [ -63.372959, 10.683817 ], [ -63.372471, 10.683561 ], [ -63.372051, 10.683857 ], [ -63.371655, 10.684360 ], [ -63.371189, 10.684150 ], [ -63.370632, 10.683940 ], [ -63.370544, 10.683434 ], [ -63.370174, 10.683087 ], [ -63.369713, 10.682693 ], [ -63.369320, 10.682301 ], [ -63.368855, 10.682022 ], [ -63.368393, 10.681812 ], [ -63.367809, 10.681856 ], [ -63.367344, 10.682104 ], [ -63.367226, 10.682610 ], [ -63.367130, 10.683159 ], [ -63.366802, 10.683571 ], [ -63.366268, 10.683613 ], [ -63.365734, 10.683563 ], [ -63.365059, 10.683582 ], [ -63.364502, 10.683716 ], [ -63.364033, 10.683965 ], [ -63.363522, 10.684352 ], [ -63.362988, 10.684532 ], [ -63.362472, 10.684734 ], [ -63.361984, 10.684938 ], [ -63.361496, 10.685187 ], [ -63.361076, 10.685484 ], [ -63.360607, 10.685916 ], [ -63.360256, 10.686305 ], [ -63.359882, 10.686830 ], [ -63.359600, 10.687379 ], [ -63.359573, 10.687953 ], [ -63.359802, 10.688437 ], [ -63.360291, 10.688761 ], [ -63.360496, 10.689267 ], [ -63.360794, 10.689706 ], [ -63.361023, 10.690166 ], [ -63.361160, 10.690672 ], [ -63.360787, 10.691013 ], [ -63.360508, 10.691470 ], [ -63.359943, 10.692546 ], [ -63.359520, 10.692980 ], [ -63.359009, 10.693136 ], [ -63.358944, 10.692632 ], [ -63.359199, 10.692174 ], [ -63.359459, 10.691740 ], [ -63.359230, 10.691278 ], [ -63.359161, 10.690773 ], [ -63.358723, 10.690450 ], [ -63.358284, 10.690193 ], [ -63.358635, 10.689760 ], [ -63.358868, 10.689279 ], [ -63.358826, 10.688683 ], [ -63.358482, 10.687625 ], [ -63.358322, 10.687095 ], [ -63.358093, 10.686589 ], [ -63.357819, 10.686128 ], [ -63.357471, 10.685597 ], [ -63.357124, 10.685205 ], [ -63.356758, 10.684836 ], [ -63.355946, 10.684072 ], [ -63.355461, 10.683886 ], [ -63.354950, 10.683883 ], [ -63.355137, 10.683402 ], [ -63.355721, 10.683129 ], [ -63.355957, 10.682626 ], [ -63.355865, 10.682097 ], [ -63.355541, 10.681684 ], [ -63.355126, 10.681313 ], [ -63.354641, 10.680943 ], [ -63.354202, 10.680664 ], [ -63.353691, 10.680363 ], [ -63.353229, 10.680037 ], [ -63.352718, 10.679576 ], [ -63.351677, 10.678834 ], [ -63.351307, 10.678487 ], [ -63.350823, 10.678093 ], [ -63.350311, 10.677792 ], [ -63.349712, 10.677558 ], [ -63.349247, 10.677303 ], [ -63.348598, 10.677001 ], [ -63.348065, 10.676721 ], [ -63.347023, 10.676141 ], [ -63.346512, 10.675954 ], [ -63.345932, 10.675696 ], [ -63.345448, 10.675533 ], [ -63.344937, 10.675277 ], [ -63.344380, 10.675044 ], [ -63.343918, 10.674834 ], [ -63.342617, 10.674388 ], [ -63.342014, 10.674110 ], [ -63.341553, 10.673877 ], [ -63.340393, 10.673204 ], [ -63.338818, 10.672413 ], [ -63.338261, 10.672203 ], [ -63.337730, 10.671947 ], [ -63.337082, 10.671758 ], [ -63.336430, 10.671617 ], [ -63.335594, 10.671633 ], [ -63.335037, 10.671562 ], [ -63.333874, 10.671348 ], [ -63.332550, 10.671201 ], [ -63.331856, 10.671242 ], [ -63.329880, 10.671390 ], [ -63.329342, 10.671408 ], [ -63.328716, 10.671495 ], [ -63.328110, 10.671653 ], [ -63.327599, 10.671763 ], [ -63.326969, 10.672104 ], [ -63.326458, 10.672400 ], [ -63.326038, 10.672764 ], [ -63.325825, 10.673267 ], [ -63.325798, 10.673772 ], [ -63.325935, 10.674277 ], [ -63.326000, 10.674783 ], [ -63.325928, 10.675448 ], [ -63.325787, 10.675954 ], [ -63.325691, 10.676527 ], [ -63.325710, 10.677076 ], [ -63.325684, 10.677628 ], [ -63.325516, 10.678132 ], [ -63.325214, 10.678612 ], [ -63.324886, 10.678999 ], [ -63.324417, 10.679296 ], [ -63.323929, 10.679589 ], [ -63.323464, 10.679840 ], [ -63.323021, 10.680159 ], [ -63.322762, 10.680731 ], [ -63.323082, 10.681145 ], [ -63.323292, 10.681605 ], [ -63.323494, 10.682226 ], [ -63.324005, 10.682551 ], [ -63.324303, 10.683196 ], [ -63.324299, 10.683770 ], [ -63.324642, 10.684921 ], [ -63.324570, 10.685425 ], [ -63.324451, 10.685975 ], [ -63.324215, 10.686501 ], [ -63.323841, 10.686981 ], [ -63.323235, 10.687068 ], [ -63.322655, 10.686882 ], [ -63.322403, 10.686352 ], [ -63.322407, 10.685801 ], [ -63.322502, 10.685297 ], [ -63.322246, 10.684812 ], [ -63.321835, 10.684282 ], [ -63.321373, 10.683887 ], [ -63.320931, 10.683587 ], [ -63.320423, 10.683377 ], [ -63.319839, 10.683213 ], [ -63.319332, 10.683094 ], [ -63.318726, 10.682999 ], [ -63.318287, 10.682720 ], [ -63.317734, 10.682348 ], [ -63.317291, 10.682002 ], [ -63.316876, 10.681654 ], [ -63.316364, 10.681491 ], [ -63.315784, 10.681762 ], [ -63.315270, 10.682447 ], [ -63.314758, 10.682351 ], [ -63.314293, 10.682004 ], [ -63.313831, 10.681772 ], [ -63.313228, 10.681836 ], [ -63.312718, 10.681742 ], [ -63.312179, 10.681874 ], [ -63.311669, 10.681964 ], [ -63.311462, 10.681389 ], [ -63.311653, 10.680908 ], [ -63.312027, 10.680474 ], [ -63.312332, 10.680017 ], [ -63.312519, 10.679468 ], [ -63.312664, 10.678872 ], [ -63.312645, 10.678367 ], [ -63.312321, 10.677882 ], [ -63.311832, 10.677672 ], [ -63.311253, 10.677554 ], [ -63.310695, 10.677365 ], [ -63.310166, 10.676949 ], [ -63.309727, 10.676487 ], [ -63.309216, 10.676324 ], [ -63.308777, 10.676023 ], [ -63.308266, 10.675972 ], [ -63.307846, 10.676270 ], [ -63.307426, 10.676609 ], [ -63.306888, 10.676767 ], [ -63.306355, 10.676717 ], [ -63.305870, 10.676437 ], [ -63.305359, 10.676067 ], [ -63.304970, 10.675583 ], [ -63.304623, 10.675122 ], [ -63.304344, 10.674684 ], [ -63.304047, 10.674268 ], [ -63.303654, 10.673876 ], [ -63.303215, 10.673529 ], [ -63.302750, 10.673273 ], [ -63.302261, 10.673545 ], [ -63.301350, 10.674342 ], [ -63.300838, 10.674521 ], [ -63.300350, 10.674358 ], [ -63.300030, 10.673827 ], [ -63.299942, 10.672703 ], [ -63.299786, 10.672129 ], [ -63.299484, 10.671667 ], [ -63.298973, 10.671388 ], [ -63.297863, 10.671013 ], [ -63.296055, 10.670382 ], [ -63.295448, 10.670216 ], [ -63.294777, 10.670189 ], [ -63.294102, 10.670046 ], [ -63.293545, 10.669790 ], [ -63.293083, 10.669534 ], [ -63.292618, 10.669301 ], [ -63.292133, 10.669114 ], [ -63.291691, 10.668859 ], [ -63.291252, 10.668510 ], [ -63.290256, 10.667977 ], [ -63.289097, 10.667970 ], [ -63.288490, 10.668012 ], [ -63.287910, 10.667800 ], [ -63.287472, 10.667522 ], [ -63.286892, 10.667220 ], [ -63.286171, 10.667169 ], [ -63.285614, 10.667212 ], [ -63.285057, 10.667207 ], [ -63.284477, 10.667227 ], [ -63.283920, 10.667198 ], [ -63.282875, 10.666962 ], [ -63.282387, 10.666777 ], [ -63.282124, 10.666315 ], [ -63.281300, 10.665993 ], [ -63.280765, 10.665989 ], [ -63.280067, 10.665872 ], [ -63.279579, 10.665754 ], [ -63.279068, 10.665682 ], [ -63.278511, 10.665657 ], [ -63.277928, 10.665652 ], [ -63.277416, 10.665789 ], [ -63.276928, 10.666083 ], [ -63.276321, 10.666685 ], [ -63.275883, 10.666800 ], [ -63.275299, 10.666934 ], [ -63.274788, 10.666977 ], [ -63.274299, 10.667203 ], [ -63.273460, 10.667725 ], [ -63.272526, 10.668476 ], [ -63.272079, 10.669000 ], [ -63.271545, 10.669111 ], [ -63.271011, 10.669270 ], [ -63.270592, 10.669587 ], [ -63.270378, 10.670275 ], [ -63.270306, 10.670778 ], [ -63.270535, 10.671240 ], [ -63.270973, 10.671541 ], [ -63.271435, 10.671774 ], [ -63.271809, 10.672167 ], [ -63.272106, 10.672628 ], [ -63.272358, 10.673112 ], [ -63.272610, 10.673664 ], [ -63.272701, 10.674170 ], [ -63.272720, 10.674721 ], [ -63.272625, 10.675225 ], [ -63.272366, 10.675706 ], [ -63.271969, 10.676093 ], [ -63.271038, 10.676661 ], [ -63.270660, 10.677139 ], [ -63.270657, 10.677669 ], [ -63.270679, 10.678173 ], [ -63.270790, 10.678678 ], [ -63.270882, 10.679207 ], [ -63.270764, 10.679711 ], [ -63.270225, 10.679868 ], [ -63.269837, 10.679577 ], [ -63.268951, 10.679607 ], [ -63.268440, 10.679535 ], [ -63.267906, 10.679485 ], [ -63.267254, 10.679389 ], [ -63.266697, 10.679202 ], [ -63.266121, 10.678991 ], [ -63.265656, 10.678713 ], [ -63.265194, 10.678388 ], [ -63.264198, 10.677854 ], [ -63.263733, 10.677505 ], [ -63.263249, 10.677227 ], [ -63.262947, 10.676743 ], [ -63.262512, 10.676326 ], [ -63.262070, 10.675979 ], [ -63.261726, 10.675540 ], [ -63.261238, 10.675330 ], [ -63.260727, 10.675304 ], [ -63.260078, 10.675345 ], [ -63.259564, 10.675250 ], [ -63.258988, 10.674948 ], [ -63.258522, 10.674646 ], [ -63.257896, 10.674412 ], [ -63.257362, 10.674339 ], [ -63.256901, 10.674061 ], [ -63.256275, 10.673850 ], [ -63.255577, 10.673708 ], [ -63.255020, 10.673543 ], [ -63.254536, 10.673355 ], [ -63.253837, 10.673143 ], [ -63.253353, 10.672980 ], [ -63.252750, 10.672861 ], [ -63.252144, 10.672812 ], [ -63.251541, 10.672784 ], [ -63.250450, 10.672777 ], [ -63.249889, 10.672842 ], [ -63.249264, 10.672953 ], [ -63.248799, 10.673155 ], [ -63.248516, 10.673589 ], [ -63.248444, 10.674140 ], [ -63.248600, 10.674693 ], [ -63.248783, 10.675200 ], [ -63.249012, 10.675659 ], [ -63.248848, 10.676139 ], [ -63.248223, 10.676044 ], [ -63.248016, 10.675560 ], [ -63.247784, 10.675098 ], [ -63.247208, 10.674820 ], [ -63.246628, 10.674656 ], [ -63.245533, 10.674647 ], [ -63.244465, 10.674731 ], [ -63.243931, 10.674522 ], [ -63.243420, 10.674449 ], [ -63.242886, 10.674516 ], [ -63.242119, 10.674624 ], [ -63.241489, 10.674850 ], [ -63.241184, 10.675261 ], [ -63.241112, 10.675833 ], [ -63.241181, 10.676386 ], [ -63.241127, 10.676958 ], [ -63.240986, 10.677462 ], [ -63.240822, 10.677989 ], [ -63.241142, 10.678473 ], [ -63.241184, 10.679116 ], [ -63.240700, 10.678792 ], [ -63.240215, 10.678422 ], [ -63.239704, 10.678073 ], [ -63.239124, 10.677702 ], [ -63.238499, 10.677423 ], [ -63.237896, 10.677281 ], [ -63.237225, 10.677253 ], [ -63.236618, 10.677294 ], [ -63.235851, 10.677359 ], [ -63.235226, 10.677424 ], [ -63.234550, 10.677440 ], [ -63.233921, 10.677528 ], [ -63.233292, 10.677662 ], [ -63.232735, 10.677795 ], [ -63.232082, 10.677906 ], [ -63.231014, 10.678196 ], [ -63.230408, 10.678376 ], [ -63.229897, 10.678648 ], [ -63.229427, 10.678874 ], [ -63.229099, 10.679332 ], [ -63.228909, 10.680017 ], [ -63.228882, 10.680730 ], [ -63.229160, 10.681260 ], [ -63.229320, 10.681743 ], [ -63.228897, 10.682221 ], [ -63.228313, 10.682608 ], [ -63.227894, 10.682926 ], [ -63.227425, 10.683451 ], [ -63.227119, 10.683862 ], [ -63.226723, 10.684433 ], [ -63.226040, 10.685737 ], [ -63.225876, 10.686310 ], [ -63.225960, 10.687458 ], [ -63.226307, 10.687874 ], [ -63.226818, 10.687968 ], [ -63.227375, 10.687903 ], [ -63.227955, 10.687977 ], [ -63.228512, 10.688232 ], [ -63.228928, 10.688695 ], [ -63.229038, 10.689200 ], [ -63.229107, 10.689707 ], [ -63.228825, 10.690164 ], [ -63.228290, 10.690160 ], [ -63.227688, 10.689996 ], [ -63.227222, 10.690290 ], [ -63.227100, 10.690817 ], [ -63.226822, 10.691320 ], [ -63.226376, 10.691615 ], [ -63.225842, 10.691818 ], [ -63.225418, 10.692228 ], [ -63.224793, 10.692454 ], [ -63.224281, 10.692266 ], [ -63.223793, 10.692034 ], [ -63.223286, 10.691937 ], [ -63.222679, 10.692118 ], [ -63.222099, 10.692114 ], [ -63.221539, 10.692316 ], [ -63.220978, 10.692635 ], [ -63.220604, 10.693112 ], [ -63.220322, 10.693570 ], [ -63.220039, 10.694050 ], [ -63.219387, 10.694298 ], [ -63.218716, 10.694408 ], [ -63.218155, 10.694564 ], [ -63.217575, 10.694767 ], [ -63.217060, 10.694880 ], [ -63.216549, 10.694898 ], [ -63.215878, 10.694962 ], [ -63.215294, 10.695050 ], [ -63.214733, 10.695310 ], [ -63.214218, 10.695590 ], [ -63.213345, 10.696016 ], [ -63.212574, 10.696431 ], [ -63.212540, 10.697257 ], [ -63.212189, 10.697667 ], [ -63.211720, 10.697940 ], [ -63.211140, 10.698257 ], [ -63.209930, 10.698249 ], [ -63.209213, 10.697995 ], [ -63.208668, 10.698244 ], [ -63.207649, 10.698737 ], [ -63.207092, 10.698642 ], [ -63.206558, 10.698615 ], [ -63.205418, 10.698698 ], [ -63.204884, 10.698810 ], [ -63.204208, 10.699059 ], [ -63.203693, 10.699535 ], [ -63.203014, 10.700242 ], [ -63.202618, 10.700630 ], [ -63.202126, 10.700925 ], [ -63.201546, 10.700966 ], [ -63.200966, 10.700917 ], [ -63.200455, 10.700891 ], [ -63.199779, 10.700954 ], [ -63.199314, 10.701203 ], [ -63.198895, 10.701522 ], [ -63.198498, 10.701909 ], [ -63.197655, 10.702776 ], [ -63.196743, 10.703549 ], [ -63.196209, 10.703914 ], [ -63.195065, 10.704365 ], [ -63.194485, 10.704473 ], [ -63.193924, 10.704494 ], [ -63.193390, 10.704559 ], [ -63.192856, 10.704601 ], [ -63.192345, 10.704712 ], [ -63.191318, 10.705071 ], [ -63.190086, 10.705477 ], [ -63.189411, 10.705608 ], [ -63.188828, 10.705788 ], [ -63.188316, 10.706037 ], [ -63.187897, 10.706357 ], [ -63.187637, 10.706791 ], [ -63.187378, 10.707317 ], [ -63.186775, 10.707426 ], [ -63.186027, 10.707650 ], [ -63.185421, 10.707923 ], [ -63.184792, 10.708401 ], [ -63.184349, 10.708672 ], [ -63.183788, 10.708943 ], [ -63.183163, 10.709076 ], [ -63.182670, 10.709349 ], [ -63.182228, 10.709621 ], [ -63.181763, 10.709825 ], [ -63.181248, 10.709935 ], [ -63.180691, 10.710024 ], [ -63.180019, 10.710042 ], [ -63.178692, 10.710239 ], [ -63.178177, 10.710556 ], [ -63.177666, 10.710897 ], [ -63.176922, 10.711029 ], [ -63.176430, 10.711209 ], [ -63.175755, 10.711525 ], [ -63.175289, 10.711798 ], [ -63.174774, 10.712070 ], [ -63.174194, 10.712250 ], [ -63.173565, 10.712245 ], [ -63.172520, 10.712191 ], [ -63.171333, 10.712275 ], [ -63.170033, 10.712379 ], [ -63.169266, 10.712513 ], [ -63.168755, 10.712555 ], [ -63.167450, 10.712774 ], [ -63.166893, 10.712931 ], [ -63.166355, 10.713181 ], [ -63.165283, 10.713745 ], [ -63.164886, 10.714066 ], [ -63.164501, 10.714535 ], [ -63.164184, 10.714863 ], [ -63.163807, 10.715457 ], [ -63.163479, 10.715868 ], [ -63.162991, 10.716025 ], [ -63.162662, 10.716412 ], [ -63.162430, 10.716893 ], [ -63.161961, 10.717165 ], [ -63.161358, 10.717207 ], [ -63.160824, 10.717272 ], [ -63.160290, 10.717244 ], [ -63.159706, 10.717288 ], [ -63.159123, 10.717558 ], [ -63.158748, 10.717946 ], [ -63.158375, 10.718379 ], [ -63.158184, 10.718859 ], [ -63.158020, 10.719387 ], [ -63.157784, 10.719913 ], [ -63.157593, 10.720509 ], [ -63.157311, 10.721539 ], [ -63.157120, 10.722044 ], [ -63.157047, 10.722548 ], [ -63.156929, 10.723052 ], [ -63.156830, 10.723624 ], [ -63.156780, 10.724129 ], [ -63.156849, 10.724681 ], [ -63.157166, 10.725647 ], [ -63.157490, 10.726063 ], [ -63.158096, 10.725905 ], [ -63.158840, 10.725452 ], [ -63.159324, 10.725985 ], [ -63.159626, 10.726468 ], [ -63.159782, 10.727158 ], [ -63.159966, 10.727710 ], [ -63.160500, 10.727898 ], [ -63.160797, 10.728428 ], [ -63.160702, 10.729047 ], [ -63.160305, 10.729526 ], [ -63.159790, 10.729684 ], [ -63.159233, 10.729633 ], [ -63.158905, 10.730021 ], [ -63.158371, 10.730362 ], [ -63.158138, 10.729833 ], [ -63.157795, 10.729416 ], [ -63.157238, 10.729274 ], [ -63.156727, 10.729318 ], [ -63.156216, 10.729404 ], [ -63.155682, 10.729286 ], [ -63.155098, 10.729213 ], [ -63.154564, 10.729346 ], [ -63.154167, 10.729757 ], [ -63.153652, 10.729891 ], [ -63.153187, 10.730209 ], [ -63.152950, 10.730713 ], [ -63.152786, 10.731194 ], [ -63.152481, 10.731628 ], [ -63.151970, 10.731761 ], [ -63.151577, 10.731345 ], [ -63.151417, 10.730862 ], [ -63.151070, 10.730470 ], [ -63.150558, 10.730305 ], [ -63.150192, 10.729912 ], [ -63.149845, 10.729497 ], [ -63.149406, 10.729218 ], [ -63.148918, 10.729398 ], [ -63.148540, 10.729854 ], [ -63.148006, 10.729690 ], [ -63.147850, 10.729206 ], [ -63.147808, 10.728173 ], [ -63.147694, 10.727668 ], [ -63.147537, 10.727139 ], [ -63.147747, 10.726634 ], [ -63.148353, 10.726662 ], [ -63.148792, 10.726918 ], [ -63.149422, 10.726785 ], [ -63.149864, 10.726513 ], [ -63.150349, 10.726838 ], [ -63.150837, 10.727117 ], [ -63.151417, 10.727166 ], [ -63.151997, 10.727355 ], [ -63.152508, 10.727543 ], [ -63.153042, 10.727569 ], [ -63.153462, 10.727136 ], [ -63.153675, 10.726678 ], [ -63.153912, 10.726128 ], [ -63.154335, 10.725075 ], [ -63.154362, 10.724571 ], [ -63.154179, 10.724088 ], [ -63.153973, 10.723626 ], [ -63.153858, 10.723052 ], [ -63.153793, 10.722501 ], [ -63.153751, 10.721972 ], [ -63.153683, 10.721421 ], [ -63.153549, 10.720847 ], [ -63.153297, 10.720224 ], [ -63.153137, 10.719695 ], [ -63.152886, 10.719143 ], [ -63.152634, 10.718658 ], [ -63.152241, 10.718243 ], [ -63.151734, 10.717826 ], [ -63.150948, 10.717086 ], [ -63.150505, 10.716831 ], [ -63.149952, 10.716482 ], [ -63.149509, 10.716226 ], [ -63.149143, 10.715879 ], [ -63.148728, 10.715440 ], [ -63.148403, 10.715048 ], [ -63.147640, 10.714330 ], [ -63.147201, 10.713960 ], [ -63.146786, 10.713635 ], [ -63.146298, 10.713286 ], [ -63.145863, 10.712872 ], [ -63.145420, 10.712477 ], [ -63.144958, 10.712244 ], [ -63.144424, 10.712079 ], [ -63.143936, 10.711869 ], [ -63.143593, 10.711500 ], [ -63.143268, 10.711108 ], [ -63.142784, 10.710829 ], [ -63.142155, 10.710756 ], [ -63.141472, 10.710512 ], [ -63.140888, 10.710954 ], [ -63.140282, 10.711479 ], [ -63.140400, 10.711983 ], [ -63.139824, 10.712162 ], [ -63.139313, 10.711997 ], [ -63.138825, 10.711719 ], [ -63.138435, 10.711256 ], [ -63.137859, 10.710196 ], [ -63.137421, 10.709781 ], [ -63.136887, 10.709524 ], [ -63.136543, 10.709107 ], [ -63.136078, 10.708691 ], [ -63.135593, 10.708434 ], [ -63.135109, 10.708224 ], [ -63.134529, 10.707991 ], [ -63.133926, 10.707688 ], [ -63.133438, 10.707433 ], [ -63.132954, 10.707153 ], [ -63.132443, 10.706805 ], [ -63.132004, 10.706480 ], [ -63.131470, 10.706293 ], [ -63.130844, 10.706288 ], [ -63.130329, 10.706607 ], [ -63.129932, 10.707015 ], [ -63.129696, 10.707496 ], [ -63.129185, 10.707745 ], [ -63.128719, 10.707535 ], [ -63.128143, 10.707164 ], [ -63.127678, 10.706930 ], [ -63.127144, 10.706857 ], [ -63.126682, 10.706372 ], [ -63.126080, 10.706230 ], [ -63.125568, 10.706066 ], [ -63.125061, 10.705488 ], [ -63.124527, 10.705507 ], [ -63.123947, 10.705549 ], [ -63.123436, 10.705499 ], [ -63.122810, 10.705402 ], [ -63.122273, 10.705353 ], [ -63.121647, 10.705303 ], [ -63.121044, 10.705321 ], [ -63.120533, 10.705248 ], [ -63.120022, 10.705085 ], [ -63.119442, 10.704988 ], [ -63.118931, 10.704709 ], [ -63.118446, 10.704362 ], [ -63.117821, 10.704265 ], [ -63.117191, 10.704238 ], [ -63.115917, 10.703998 ], [ -63.115383, 10.703924 ], [ -63.114826, 10.703829 ], [ -63.114311, 10.703779 ], [ -63.113758, 10.703684 ], [ -63.113174, 10.703702 ], [ -63.112663, 10.703859 ], [ -63.112171, 10.704223 ], [ -63.111916, 10.704725 ], [ -63.111725, 10.705208 ], [ -63.111744, 10.705827 ], [ -63.112045, 10.706265 ], [ -63.112343, 10.706726 ], [ -63.112549, 10.707348 ], [ -63.112545, 10.707852 ], [ -63.112473, 10.708381 ], [ -63.112072, 10.708859 ], [ -63.110840, 10.708988 ], [ -63.109955, 10.709211 ], [ -63.109348, 10.709481 ], [ -63.108746, 10.709730 ], [ -63.108208, 10.709909 ], [ -63.107624, 10.710135 ], [ -63.107090, 10.710199 ], [ -63.106556, 10.710196 ], [ -63.105976, 10.710145 ], [ -63.105442, 10.710188 ], [ -63.104950, 10.710460 ], [ -63.104485, 10.710753 ], [ -63.103901, 10.711025 ], [ -63.103294, 10.711227 ], [ -63.102783, 10.711338 ], [ -63.102039, 10.711563 ], [ -63.101528, 10.711650 ], [ -63.100971, 10.711601 ], [ -63.100624, 10.711231 ], [ -63.100178, 10.711526 ], [ -63.099689, 10.711706 ], [ -63.099064, 10.711769 ], [ -63.098503, 10.711789 ], [ -63.097832, 10.711783 ], [ -63.097202, 10.711870 ], [ -63.096577, 10.712005 ], [ -63.095154, 10.712383 ], [ -63.094501, 10.712518 ], [ -63.093922, 10.712812 ], [ -63.093708, 10.713291 ], [ -63.093197, 10.713379 ], [ -63.092663, 10.713421 ], [ -63.092079, 10.713394 ], [ -63.091499, 10.713458 ], [ -63.091080, 10.713754 ], [ -63.090679, 10.714117 ], [ -63.090168, 10.714344 ], [ -63.089684, 10.714134 ], [ -63.089172, 10.713947 ], [ -63.088661, 10.713828 ], [ -63.088078, 10.714145 ], [ -63.086517, 10.714890 ], [ -63.085956, 10.715116 ], [ -63.085445, 10.715249 ], [ -63.084934, 10.715269 ], [ -63.084377, 10.715127 ], [ -63.083939, 10.714872 ], [ -63.083546, 10.714454 ], [ -63.083199, 10.714063 ], [ -63.082878, 10.713623 ], [ -63.082367, 10.713229 ], [ -63.081764, 10.712926 ], [ -63.081257, 10.712716 ], [ -63.080700, 10.712505 ], [ -63.079563, 10.712199 ], [ -63.078979, 10.712079 ], [ -63.078400, 10.712191 ], [ -63.077911, 10.712347 ], [ -63.076752, 10.712109 ], [ -63.076168, 10.712104 ], [ -63.075657, 10.712193 ], [ -63.074471, 10.712230 ], [ -63.073913, 10.712225 ], [ -63.073334, 10.712312 ], [ -63.072170, 10.712396 ], [ -63.072354, 10.712926 ], [ -63.072697, 10.713365 ], [ -63.073090, 10.713712 ], [ -63.072903, 10.714214 ], [ -63.072342, 10.714463 ], [ -63.071671, 10.714412 ], [ -63.070671, 10.714038 ], [ -63.070160, 10.713942 ], [ -63.069717, 10.714191 ], [ -63.069252, 10.714509 ], [ -63.068760, 10.714895 ], [ -63.068318, 10.715167 ], [ -63.067711, 10.715393 ], [ -63.067177, 10.715434 ], [ -63.066757, 10.715730 ], [ -63.066567, 10.716233 ], [ -63.066540, 10.716784 ], [ -63.066074, 10.717308 ], [ -63.065559, 10.717397 ], [ -63.064957, 10.717438 ], [ -63.064400, 10.717503 ], [ -63.063839, 10.717613 ], [ -63.063282, 10.717678 ], [ -63.062748, 10.717696 ], [ -63.062210, 10.717762 ], [ -63.061680, 10.717573 ], [ -63.060497, 10.717197 ], [ -63.060032, 10.716965 ], [ -63.059452, 10.716754 ], [ -63.058872, 10.716725 ], [ -63.058289, 10.716768 ], [ -63.057709, 10.716855 ], [ -63.057198, 10.716920 ], [ -63.056709, 10.716710 ], [ -63.056202, 10.716430 ], [ -63.055618, 10.716449 ], [ -63.055039, 10.716628 ], [ -63.054527, 10.716716 ], [ -63.054016, 10.716758 ], [ -63.053639, 10.717191 ], [ -63.053288, 10.717648 ], [ -63.052960, 10.718059 ], [ -63.052517, 10.718492 ], [ -63.051979, 10.718763 ], [ -63.051441, 10.718919 ], [ -63.050953, 10.719122 ], [ -63.050579, 10.719509 ], [ -63.050083, 10.720492 ], [ -63.049709, 10.720903 ], [ -63.049130, 10.721037 ], [ -63.048618, 10.720780 ], [ -63.048042, 10.720295 ], [ -63.047695, 10.719924 ], [ -63.047443, 10.719486 ], [ -63.047237, 10.719026 ], [ -63.046982, 10.718518 ], [ -63.046593, 10.718194 ], [ -63.046081, 10.718098 ], [ -63.045502, 10.717819 ], [ -63.044296, 10.717374 ], [ -63.043812, 10.717071 ], [ -63.043419, 10.716701 ], [ -63.042767, 10.716466 ], [ -63.042236, 10.716165 ], [ -63.041775, 10.715861 ], [ -63.041428, 10.715446 ], [ -63.041126, 10.715031 ], [ -63.040897, 10.714547 ], [ -63.040317, 10.714404 ], [ -63.039784, 10.714309 ], [ -63.039322, 10.714006 ], [ -63.038906, 10.713682 ], [ -63.038349, 10.713403 ], [ -63.037815, 10.713239 ], [ -63.037235, 10.713073 ], [ -63.036705, 10.712954 ], [ -63.036121, 10.712972 ], [ -63.035538, 10.713198 ], [ -63.035187, 10.713585 ], [ -63.034676, 10.713810 ], [ -63.034027, 10.713738 ], [ -63.033562, 10.713481 ], [ -63.033287, 10.713018 ], [ -63.032940, 10.712580 ], [ -63.032501, 10.712255 ], [ -63.032085, 10.711931 ], [ -63.031647, 10.711630 ], [ -63.031158, 10.711420 ], [ -63.030601, 10.711163 ], [ -63.030094, 10.710907 ], [ -63.029583, 10.710672 ], [ -63.029072, 10.710578 ], [ -63.028561, 10.710643 ], [ -63.027954, 10.710913 ], [ -63.027557, 10.711323 ], [ -63.027229, 10.711758 ], [ -63.026527, 10.712531 ], [ -63.026058, 10.712805 ], [ -63.025570, 10.712984 ], [ -63.024967, 10.712911 ], [ -63.024433, 10.712861 ], [ -63.023781, 10.712901 ], [ -63.023178, 10.713057 ], [ -63.022549, 10.713076 ], [ -63.021877, 10.712956 ], [ -63.021343, 10.712882 ], [ -63.020786, 10.712832 ], [ -63.020271, 10.712852 ], [ -63.019760, 10.713055 ], [ -63.019153, 10.713371 ], [ -63.018593, 10.713688 ], [ -63.018177, 10.713318 ], [ -63.017670, 10.713106 ], [ -63.017159, 10.713035 ], [ -63.016575, 10.713099 ], [ -63.015995, 10.713415 ], [ -63.015549, 10.713687 ], [ -63.014316, 10.713677 ], [ -63.013691, 10.713719 ], [ -63.013130, 10.713852 ], [ -63.012550, 10.714078 ], [ -63.011356, 10.714987 ], [ -63.010914, 10.715259 ], [ -63.010403, 10.715507 ], [ -63.009910, 10.715871 ], [ -63.009464, 10.716280 ], [ -63.009140, 10.716737 ], [ -63.008972, 10.717263 ], [ -63.009060, 10.717792 ], [ -63.009476, 10.718231 ], [ -63.009964, 10.718442 ], [ -63.010544, 10.718631 ], [ -63.010937, 10.718978 ], [ -63.011166, 10.719439 ], [ -63.011044, 10.719988 ], [ -63.010693, 10.720467 ], [ -63.010319, 10.720808 ], [ -63.009876, 10.721104 ], [ -63.009407, 10.721330 ], [ -63.008755, 10.721532 ], [ -63.008198, 10.721757 ], [ -63.007915, 10.722237 ], [ -63.007866, 10.722740 ], [ -63.007305, 10.723173 ], [ -63.006817, 10.723330 ], [ -63.006187, 10.723394 ], [ -63.004955, 10.723545 ], [ -63.004418, 10.723634 ], [ -63.003769, 10.723765 ], [ -63.003277, 10.724014 ], [ -63.002857, 10.724310 ], [ -63.002483, 10.724674 ], [ -63.002201, 10.725178 ], [ -63.001942, 10.725611 ], [ -63.001728, 10.726136 ], [ -63.001446, 10.726617 ], [ -63.001026, 10.727027 ], [ -63.000442, 10.727321 ], [ -62.999825, 10.727171 ], [ -62.999428, 10.726666 ], [ -62.999191, 10.726209 ], [ -62.999050, 10.725706 ], [ -62.998882, 10.725039 ], [ -62.998623, 10.724489 ], [ -62.998181, 10.724102 ], [ -62.997642, 10.723738 ], [ -62.997128, 10.723442 ], [ -62.996502, 10.723124 ], [ -62.995987, 10.722920 ], [ -62.995499, 10.722693 ], [ -62.994869, 10.722604 ], [ -62.994312, 10.722562 ], [ -62.993801, 10.722448 ], [ -62.993286, 10.722038 ], [ -62.993237, 10.721373 ], [ -62.993488, 10.720797 ], [ -62.993275, 10.720270 ], [ -62.992992, 10.719627 ], [ -62.992870, 10.718894 ], [ -62.992912, 10.718342 ], [ -62.992584, 10.717815 ], [ -62.992047, 10.717314 ], [ -62.991184, 10.716583 ], [ -62.990738, 10.716172 ], [ -62.990318, 10.715806 ], [ -62.989803, 10.715373 ], [ -62.989338, 10.715009 ], [ -62.988891, 10.714551 ], [ -62.988426, 10.714187 ], [ -62.988007, 10.713890 ], [ -62.987469, 10.713616 ], [ -62.986862, 10.713230 ], [ -62.986397, 10.712979 ], [ -62.985885, 10.712729 ], [ -62.985348, 10.712801 ], [ -62.985096, 10.713330 ], [ -62.985100, 10.713882 ], [ -62.984848, 10.714320 ], [ -62.984241, 10.714162 ], [ -62.983707, 10.713866 ], [ -62.983032, 10.713548 ], [ -62.982540, 10.713276 ], [ -62.982121, 10.712934 ], [ -62.981632, 10.713119 ], [ -62.980961, 10.713444 ], [ -62.980381, 10.713563 ], [ -62.979637, 10.713360 ], [ -62.979076, 10.713109 ], [ -62.978542, 10.712929 ], [ -62.978027, 10.712564 ], [ -62.977562, 10.712268 ], [ -62.976978, 10.711811 ], [ -62.976044, 10.711104 ], [ -62.975552, 10.710695 ], [ -62.975086, 10.710398 ], [ -62.974621, 10.709918 ], [ -62.974106, 10.709507 ], [ -62.973007, 10.708526 ], [ -62.972634, 10.708159 ], [ -62.971630, 10.707477 ], [ -62.971115, 10.707250 ], [ -62.970627, 10.707046 ], [ -62.970047, 10.706841 ], [ -62.969532, 10.706730 ], [ -62.969067, 10.706502 ], [ -62.968551, 10.706161 ], [ -62.968132, 10.705841 ], [ -62.967712, 10.705499 ], [ -62.967247, 10.705156 ], [ -62.966641, 10.704838 ], [ -62.966152, 10.704612 ], [ -62.965592, 10.704315 ], [ -62.964985, 10.704067 ], [ -62.964496, 10.703884 ], [ -62.963844, 10.703705 ], [ -62.963169, 10.703501 ], [ -62.962635, 10.703320 ], [ -62.962189, 10.703071 ], [ -62.961700, 10.702889 ], [ -62.961193, 10.703237 ], [ -62.960732, 10.703629 ], [ -62.960316, 10.704091 ], [ -62.959946, 10.704459 ], [ -62.959454, 10.704255 ], [ -62.958942, 10.704166 ], [ -62.958317, 10.704170 ], [ -62.957737, 10.704219 ], [ -62.957130, 10.704176 ], [ -62.956409, 10.704157 ], [ -62.955898, 10.704045 ], [ -62.954712, 10.704005 ], [ -62.954178, 10.703662 ], [ -62.953663, 10.703459 ], [ -62.953060, 10.703140 ], [ -62.952545, 10.702959 ], [ -62.951965, 10.702826 ], [ -62.951386, 10.703058 ], [ -62.950943, 10.703313 ], [ -62.950409, 10.703407 ], [ -62.949806, 10.703456 ], [ -62.949295, 10.703458 ], [ -62.948692, 10.703485 ], [ -62.948109, 10.703396 ], [ -62.947620, 10.703216 ], [ -62.946945, 10.703034 ], [ -62.946270, 10.702924 ], [ -62.945644, 10.702766 ], [ -62.945175, 10.702423 ], [ -62.944267, 10.701648 ], [ -62.943706, 10.701283 ], [ -62.943027, 10.700942 ], [ -62.942448, 10.700669 ], [ -62.941933, 10.700511 ], [ -62.941398, 10.700399 ], [ -62.940842, 10.700310 ], [ -62.940189, 10.700084 ], [ -62.939629, 10.700018 ], [ -62.938912, 10.699998 ], [ -62.938400, 10.700001 ], [ -62.937935, 10.700303 ], [ -62.936893, 10.701043 ], [ -62.936294, 10.701458 ], [ -62.935761, 10.701738 ], [ -62.935226, 10.701809 ], [ -62.934574, 10.701652 ], [ -62.934063, 10.701493 ], [ -62.933319, 10.701704 ], [ -62.932671, 10.702006 ], [ -62.932136, 10.702168 ], [ -62.931511, 10.702127 ], [ -62.930790, 10.701992 ], [ -62.929836, 10.701769 ], [ -62.929299, 10.701678 ], [ -62.928513, 10.701935 ], [ -62.927933, 10.701961 ], [ -62.927322, 10.701619 ], [ -62.926697, 10.701348 ], [ -62.926090, 10.701144 ], [ -62.925533, 10.701009 ], [ -62.924927, 10.700989 ], [ -62.924347, 10.700993 ], [ -62.923557, 10.700951 ], [ -62.923088, 10.700654 ], [ -62.922714, 10.700265 ], [ -62.922249, 10.699924 ], [ -62.921669, 10.699994 ], [ -62.921112, 10.700250 ], [ -62.920555, 10.700598 ], [ -62.920002, 10.700830 ], [ -62.919514, 10.701062 ], [ -62.918934, 10.701158 ], [ -62.918629, 10.700654 ], [ -62.918324, 10.700128 ], [ -62.917854, 10.699784 ], [ -62.917297, 10.699534 ], [ -62.916645, 10.699470 ], [ -62.915970, 10.699380 ], [ -62.915390, 10.699314 ], [ -62.914646, 10.699181 ], [ -62.913483, 10.699095 ], [ -62.912853, 10.698937 ], [ -62.912182, 10.698826 ], [ -62.911575, 10.698554 ], [ -62.910992, 10.698235 ], [ -62.910522, 10.697754 ], [ -62.909752, 10.696839 ], [ -62.909260, 10.696383 ], [ -62.908447, 10.696089 ], [ -62.907864, 10.695862 ], [ -62.907398, 10.695612 ], [ -62.906815, 10.695339 ], [ -62.906071, 10.695135 ], [ -62.905533, 10.695092 ], [ -62.904976, 10.695096 ], [ -62.903698, 10.694849 ], [ -62.903092, 10.694761 ], [ -62.902466, 10.694717 ], [ -62.901814, 10.694697 ], [ -62.901302, 10.694700 ], [ -62.900631, 10.694681 ], [ -62.900120, 10.694937 ], [ -62.899868, 10.695604 ], [ -62.900082, 10.696132 ], [ -62.900410, 10.696634 ], [ -62.900600, 10.697437 ], [ -62.900253, 10.697875 ], [ -62.899765, 10.698108 ], [ -62.899140, 10.698088 ], [ -62.898464, 10.697999 ], [ -62.897675, 10.697935 ], [ -62.897190, 10.698190 ], [ -62.896770, 10.698582 ], [ -62.896286, 10.698745 ], [ -62.895752, 10.698817 ], [ -62.895802, 10.699322 ], [ -62.896130, 10.699871 ], [ -62.896179, 10.700399 ], [ -62.895973, 10.700929 ], [ -62.895348, 10.701415 ], [ -62.894898, 10.701849 ], [ -62.894566, 10.702934 ], [ -62.894058, 10.703443 ], [ -62.893574, 10.703651 ], [ -62.893085, 10.703906 ], [ -62.892437, 10.704369 ], [ -62.891907, 10.704831 ], [ -62.891304, 10.705225 ], [ -62.890678, 10.705526 ], [ -62.890190, 10.705689 ], [ -62.889565, 10.705830 ], [ -62.888657, 10.705691 ], [ -62.887962, 10.705884 ], [ -62.887451, 10.705818 ], [ -62.886959, 10.705452 ], [ -62.886448, 10.705111 ], [ -62.885956, 10.704839 ], [ -62.885536, 10.704472 ], [ -62.885094, 10.704222 ], [ -62.884602, 10.703902 ], [ -62.884113, 10.703606 ], [ -62.883625, 10.703447 ], [ -62.883091, 10.703543 ], [ -62.882488, 10.703546 ], [ -62.881950, 10.703364 ], [ -62.881393, 10.703252 ], [ -62.880882, 10.703094 ], [ -62.880322, 10.702936 ], [ -62.879810, 10.702755 ], [ -62.878624, 10.702484 ], [ -62.877972, 10.702466 ], [ -62.876926, 10.702311 ], [ -62.876389, 10.702151 ], [ -62.875832, 10.702040 ], [ -62.875229, 10.701905 ], [ -62.874066, 10.701727 ], [ -62.873482, 10.701661 ], [ -62.872902, 10.701641 ], [ -62.872250, 10.701644 ], [ -62.871326, 10.702246 ], [ -62.870884, 10.702570 ], [ -62.870331, 10.702801 ], [ -62.869774, 10.703080 ], [ -62.869358, 10.703472 ], [ -62.869152, 10.704001 ], [ -62.869106, 10.704577 ], [ -62.868904, 10.705726 ], [ -62.868721, 10.706254 ], [ -62.868424, 10.706671 ], [ -62.867958, 10.706925 ], [ -62.867332, 10.707111 ], [ -62.866127, 10.707233 ], [ -62.865521, 10.707282 ], [ -62.865013, 10.707445 ], [ -62.864643, 10.707836 ], [ -62.864388, 10.708412 ], [ -62.863998, 10.708897 ], [ -62.863464, 10.709152 ], [ -62.862839, 10.709500 ], [ -62.862354, 10.709708 ], [ -62.860870, 10.710588 ], [ -62.860035, 10.710731 ], [ -62.859619, 10.711077 ], [ -62.859363, 10.711514 ], [ -62.858971, 10.711884 ], [ -62.858368, 10.711818 ], [ -62.857788, 10.712006 ], [ -62.857632, 10.713131 ], [ -62.857143, 10.713317 ], [ -62.856563, 10.713114 ], [ -62.855888, 10.712864 ], [ -62.855465, 10.712566 ], [ -62.855023, 10.712318 ], [ -62.854557, 10.712068 ], [ -62.854046, 10.711724 ], [ -62.853462, 10.711520 ], [ -62.852882, 10.711501 ], [ -62.851441, 10.711691 ], [ -62.850815, 10.711809 ], [ -62.850144, 10.711883 ], [ -62.849609, 10.711930 ], [ -62.848980, 10.712002 ], [ -62.848377, 10.712119 ], [ -62.847843, 10.712260 ], [ -62.847359, 10.712469 ], [ -62.846916, 10.712747 ], [ -62.846363, 10.713209 ], [ -62.845993, 10.713577 ], [ -62.845761, 10.714085 ], [ -62.845581, 10.714568 ], [ -62.845512, 10.715074 ], [ -62.845840, 10.715531 ], [ -62.846260, 10.715850 ], [ -62.846680, 10.716216 ], [ -62.846615, 10.716722 ], [ -62.846199, 10.717160 ], [ -62.845688, 10.717300 ], [ -62.844944, 10.717236 ], [ -62.844223, 10.717101 ], [ -62.843662, 10.716667 ], [ -62.843124, 10.716119 ], [ -62.842541, 10.715777 ], [ -62.841961, 10.715642 ], [ -62.841354, 10.715599 ], [ -62.840610, 10.715627 ], [ -62.840031, 10.715629 ], [ -62.839405, 10.715586 ], [ -62.838798, 10.715427 ], [ -62.838287, 10.715270 ], [ -62.837776, 10.715179 ], [ -62.837169, 10.715114 ], [ -62.836544, 10.715117 ], [ -62.835983, 10.715074 ], [ -62.835262, 10.714985 ], [ -62.834637, 10.715034 ], [ -62.834126, 10.715219 ], [ -62.833733, 10.715590 ], [ -62.833412, 10.716027 ], [ -62.833088, 10.716512 ], [ -62.832672, 10.716859 ], [ -62.832115, 10.716998 ], [ -62.831489, 10.717093 ], [ -62.830418, 10.716685 ], [ -62.829742, 10.716619 ], [ -62.829304, 10.716967 ], [ -62.828979, 10.717542 ], [ -62.828774, 10.718117 ], [ -62.828198, 10.718419 ], [ -62.827591, 10.718513 ], [ -62.827038, 10.718768 ], [ -62.826527, 10.719069 ], [ -62.826202, 10.719553 ], [ -62.825928, 10.720060 ], [ -62.825932, 10.720612 ], [ -62.826050, 10.721230 ], [ -62.825520, 10.721601 ], [ -62.824894, 10.721833 ], [ -62.824310, 10.721928 ], [ -62.823799, 10.721908 ], [ -62.823406, 10.722391 ], [ -62.823013, 10.722739 ], [ -62.822411, 10.723040 ], [ -62.821808, 10.723088 ], [ -62.821297, 10.722976 ], [ -62.820667, 10.722750 ], [ -62.820064, 10.722637 ], [ -62.819550, 10.722663 ], [ -62.819015, 10.722757 ], [ -62.818508, 10.722829 ], [ -62.817764, 10.722831 ], [ -62.817253, 10.722788 ], [ -62.816460, 10.722701 ], [ -62.815857, 10.722427 ], [ -62.815182, 10.722156 ], [ -62.814552, 10.721951 ], [ -62.814014, 10.721794 ], [ -62.813366, 10.721842 ], [ -62.812832, 10.722121 ], [ -62.812439, 10.722513 ], [ -62.811935, 10.723503 ], [ -62.811543, 10.723849 ], [ -62.811077, 10.724082 ], [ -62.810566, 10.724108 ], [ -62.809963, 10.724155 ], [ -62.809334, 10.724158 ], [ -62.808174, 10.724210 ], [ -62.807545, 10.724351 ], [ -62.806828, 10.724607 ], [ -62.806316, 10.724608 ], [ -62.805805, 10.724474 ], [ -62.805061, 10.724523 ], [ -62.804737, 10.724937 ], [ -62.804695, 10.725443 ], [ -62.804440, 10.725927 ], [ -62.804375, 10.726433 ], [ -62.804539, 10.726982 ], [ -62.804588, 10.727489 ], [ -62.804501, 10.727994 ], [ -62.803623, 10.728963 ], [ -62.803253, 10.729424 ], [ -62.803024, 10.729883 ], [ -62.802864, 10.730391 ], [ -62.803143, 10.730825 ], [ -62.803219, 10.731468 ], [ -62.802918, 10.731882 ], [ -62.802338, 10.731839 ], [ -62.801987, 10.731360 ], [ -62.801773, 10.730878 ], [ -62.801262, 10.730536 ], [ -62.800678, 10.730493 ], [ -62.799912, 10.730658 ], [ -62.798824, 10.730937 ], [ -62.797405, 10.731220 ], [ -62.796848, 10.731315 ], [ -62.795688, 10.731457 ], [ -62.794502, 10.731554 ], [ -62.793877, 10.731718 ], [ -62.793575, 10.732133 ], [ -62.793068, 10.732388 ], [ -62.792416, 10.732529 ], [ -62.791836, 10.732693 ], [ -62.791325, 10.732856 ], [ -62.790840, 10.733111 ], [ -62.790402, 10.733457 ], [ -62.789986, 10.733873 ], [ -62.789219, 10.734386 ], [ -62.787396, 10.734922 ], [ -62.786758, 10.734554 ], [ -62.786133, 10.734626 ], [ -62.785576, 10.734835 ], [ -62.784950, 10.735113 ], [ -62.784561, 10.735750 ], [ -62.783047, 10.736202 ], [ -62.782471, 10.736411 ], [ -62.781887, 10.736484 ], [ -62.780796, 10.736350 ], [ -62.780193, 10.736468 ], [ -62.779495, 10.736517 ], [ -62.778915, 10.736635 ], [ -62.778172, 10.736914 ], [ -62.777660, 10.737030 ], [ -62.776939, 10.737080 ], [ -62.776291, 10.737082 ], [ -62.775639, 10.737017 ], [ -62.774338, 10.736908 ], [ -62.773548, 10.736752 ], [ -62.772987, 10.736685 ], [ -62.772476, 10.736664 ], [ -62.771942, 10.736528 ], [ -62.771359, 10.736417 ], [ -62.770779, 10.736351 ], [ -62.770081, 10.736308 ], [ -62.769546, 10.736425 ], [ -62.769108, 10.736726 ], [ -62.768669, 10.737073 ], [ -62.768227, 10.737396 ], [ -62.767811, 10.737742 ], [ -62.767258, 10.738251 ], [ -62.766838, 10.738551 ], [ -62.766304, 10.738737 ], [ -62.765701, 10.738877 ], [ -62.765194, 10.738972 ], [ -62.764309, 10.738999 ], [ -62.763752, 10.739001 ], [ -62.763241, 10.739027 ], [ -62.762520, 10.739007 ], [ -62.761474, 10.739012 ], [ -62.760964, 10.739038 ], [ -62.760151, 10.739293 ], [ -62.759525, 10.739434 ], [ -62.758804, 10.739552 ], [ -62.757622, 10.739811 ], [ -62.756947, 10.740066 ], [ -62.755856, 10.740438 ], [ -62.755348, 10.740647 ], [ -62.754723, 10.740949 ], [ -62.754234, 10.741158 ], [ -62.753124, 10.741806 ], [ -62.752544, 10.742131 ], [ -62.751987, 10.742477 ], [ -62.751640, 10.742869 ], [ -62.751389, 10.743306 ], [ -62.750996, 10.743745 ], [ -62.750416, 10.744138 ], [ -62.749745, 10.744555 ], [ -62.749210, 10.744855 ], [ -62.748775, 10.745338 ], [ -62.748310, 10.745893 ], [ -62.747848, 10.746470 ], [ -62.747528, 10.747160 ], [ -62.747299, 10.747690 ], [ -62.747185, 10.748263 ], [ -62.747120, 10.748861 ], [ -62.747215, 10.749389 ], [ -62.747425, 10.749870 ], [ -62.747383, 10.750376 ], [ -62.746895, 10.750630 ], [ -62.746525, 10.751045 ], [ -62.746319, 10.751598 ], [ -62.745903, 10.751967 ], [ -62.745369, 10.752062 ], [ -62.744396, 10.752158 ], [ -62.743580, 10.752185 ], [ -62.743046, 10.752255 ], [ -62.742374, 10.752559 ], [ -62.741795, 10.752721 ], [ -62.741260, 10.752908 ], [ -62.740589, 10.753209 ], [ -62.740078, 10.753601 ], [ -62.739826, 10.754107 ], [ -62.739689, 10.754614 ], [ -62.739738, 10.755234 ], [ -62.739231, 10.755443 ], [ -62.738579, 10.755263 ], [ -62.737972, 10.754966 ], [ -62.737137, 10.755108 ], [ -62.736275, 10.755180 ], [ -62.735741, 10.755137 ], [ -62.735184, 10.755300 ], [ -62.734768, 10.755601 ], [ -62.734398, 10.756108 ], [ -62.734077, 10.756682 ], [ -62.733917, 10.757236 ], [ -62.733780, 10.757765 ], [ -62.733669, 10.758339 ], [ -62.733532, 10.758891 ], [ -62.733185, 10.759490 ], [ -62.732674, 10.759699 ], [ -62.732094, 10.759563 ], [ -62.731606, 10.759381 ], [ -62.731022, 10.759247 ], [ -62.730583, 10.759569 ], [ -62.730514, 10.760077 ], [ -62.730030, 10.760239 ], [ -62.729496, 10.760516 ], [ -62.729172, 10.760977 ], [ -62.728943, 10.761598 ], [ -62.728600, 10.762037 ], [ -62.728157, 10.762383 ], [ -62.727482, 10.762294 ], [ -62.727085, 10.761882 ], [ -62.726597, 10.761678 ], [ -62.726063, 10.761865 ], [ -62.725601, 10.762141 ], [ -62.725090, 10.762236 ], [ -62.724529, 10.762146 ], [ -62.723556, 10.762633 ], [ -62.723141, 10.762958 ], [ -62.722935, 10.763463 ], [ -62.722866, 10.763990 ], [ -62.722359, 10.764223 ], [ -62.722122, 10.763719 ], [ -62.721611, 10.763767 ], [ -62.721127, 10.764136 ], [ -62.720547, 10.764529 ], [ -62.719871, 10.764602 ], [ -62.719288, 10.764374 ], [ -62.718708, 10.764286 ], [ -62.718224, 10.764746 ], [ -62.718017, 10.765277 ], [ -62.717739, 10.765714 ], [ -62.717068, 10.765877 ], [ -62.716461, 10.766040 ], [ -62.716045, 10.766340 ], [ -62.715748, 10.766779 ], [ -62.715237, 10.766689 ], [ -62.714722, 10.766738 ], [ -62.714634, 10.767289 ], [ -62.714146, 10.767612 ], [ -62.713589, 10.767661 ], [ -62.713032, 10.767664 ], [ -62.712498, 10.767850 ], [ -62.712009, 10.768036 ], [ -62.711430, 10.767969 ], [ -62.710919, 10.767948 ], [ -62.710690, 10.768409 ], [ -62.710178, 10.768664 ], [ -62.709644, 10.768597 ], [ -62.709247, 10.768231 ], [ -62.708736, 10.768464 ], [ -62.708294, 10.768121 ], [ -62.707779, 10.767940 ], [ -62.707199, 10.767781 ], [ -62.707218, 10.767207 ], [ -62.707168, 10.766611 ], [ -62.707005, 10.765831 ], [ -62.706673, 10.765304 ], [ -62.706253, 10.764982 ], [ -62.705696, 10.764939 ], [ -62.705139, 10.764943 ], [ -62.704533, 10.765036 ], [ -62.704021, 10.764971 ], [ -62.703533, 10.764627 ], [ -62.702881, 10.764469 ], [ -62.702205, 10.764380 ], [ -62.701740, 10.764131 ], [ -62.701317, 10.763489 ], [ -62.701176, 10.762984 ], [ -62.701267, 10.762433 ], [ -62.701824, 10.762407 ], [ -62.702198, 10.762796 ], [ -62.703030, 10.762149 ], [ -62.703423, 10.761688 ], [ -62.703282, 10.761092 ], [ -62.702839, 10.760703 ], [ -62.702511, 10.760245 ], [ -62.702343, 10.759580 ], [ -62.701969, 10.759008 ], [ -62.701481, 10.758780 ], [ -62.700897, 10.758208 ], [ -62.700569, 10.757819 ], [ -62.700169, 10.757202 ], [ -62.699841, 10.756653 ], [ -62.699490, 10.756216 ], [ -62.699001, 10.755942 ], [ -62.698395, 10.755671 ], [ -62.697929, 10.755420 ], [ -62.697018, 10.754666 ], [ -62.696713, 10.753955 ], [ -62.696312, 10.753176 ], [ -62.695915, 10.752788 ], [ -62.694240, 10.752266 ], [ -62.693634, 10.751925 ], [ -62.693096, 10.751468 ], [ -62.692654, 10.751010 ], [ -62.692116, 10.750553 ], [ -62.691650, 10.750141 ], [ -62.691277, 10.749776 ], [ -62.690716, 10.749342 ], [ -62.690155, 10.748977 ], [ -62.689526, 10.748750 ], [ -62.688828, 10.748523 ], [ -62.687931, 10.748341 ], [ -62.687340, 10.748277 ], [ -62.686828, 10.748325 ], [ -62.686436, 10.748763 ], [ -62.686184, 10.749201 ], [ -62.685715, 10.748951 ], [ -62.685272, 10.748654 ], [ -62.684788, 10.748977 ], [ -62.684250, 10.748818 ], [ -62.683926, 10.748430 ], [ -62.683689, 10.747973 ], [ -62.683083, 10.747882 ], [ -62.682411, 10.747839 ], [ -62.681854, 10.747819 ], [ -62.681202, 10.747821 ], [ -62.680622, 10.748282 ], [ -62.680115, 10.748744 ], [ -62.679627, 10.748907 ], [ -62.678581, 10.748729 ], [ -62.678093, 10.748523 ], [ -62.677418, 10.748481 ], [ -62.676956, 10.748988 ], [ -62.676304, 10.748990 ], [ -62.676022, 10.748510 ], [ -62.675903, 10.748004 ], [ -62.675575, 10.747524 ], [ -62.675087, 10.747135 ], [ -62.674618, 10.746885 ], [ -62.674084, 10.746634 ], [ -62.673641, 10.746385 ], [ -62.673130, 10.746111 ], [ -62.672547, 10.745814 ], [ -62.671986, 10.745633 ], [ -62.670731, 10.745340 ], [ -62.670242, 10.745182 ], [ -62.669704, 10.745069 ], [ -62.669147, 10.745048 ], [ -62.668614, 10.745120 ], [ -62.668057, 10.745121 ], [ -62.666687, 10.745219 ], [ -62.665661, 10.745178 ], [ -62.665127, 10.745134 ], [ -62.664570, 10.745046 ], [ -62.663986, 10.744932 ], [ -62.663498, 10.744728 ], [ -62.662846, 10.744432 ], [ -62.662334, 10.744526 ], [ -62.661754, 10.744667 ], [ -62.660896, 10.745083 ], [ -62.660458, 10.745360 ], [ -62.660019, 10.745868 ], [ -62.659672, 10.746352 ], [ -62.659187, 10.746561 ], [ -62.658581, 10.746448 ], [ -62.658047, 10.746336 ], [ -62.657558, 10.746178 ], [ -62.657043, 10.745974 ], [ -62.656441, 10.745791 ], [ -62.655952, 10.745610 ], [ -62.655438, 10.745543 ], [ -62.654209, 10.746237 ], [ -62.653675, 10.746123 ], [ -62.653164, 10.745851 ], [ -62.652462, 10.745555 ], [ -62.651951, 10.745396 ], [ -62.651440, 10.745262 ], [ -62.650905, 10.745332 ], [ -62.650417, 10.745495 ], [ -62.649906, 10.745291 ], [ -62.649162, 10.745155 ], [ -62.648560, 10.745250 ], [ -62.648167, 10.745643 ], [ -62.647724, 10.746058 ], [ -62.647144, 10.746244 ], [ -62.647030, 10.746750 ], [ -62.646778, 10.747233 ], [ -62.646221, 10.747350 ], [ -62.645710, 10.747146 ], [ -62.645241, 10.746505 ], [ -62.644730, 10.746277 ], [ -62.644218, 10.746120 ], [ -62.643749, 10.745845 ], [ -62.643238, 10.745733 ], [ -62.642727, 10.745688 ], [ -62.642124, 10.745668 ], [ -62.641540, 10.745671 ], [ -62.641007, 10.745696 ], [ -62.640381, 10.745699 ], [ -62.639847, 10.745655 ], [ -62.639263, 10.745634 ], [ -62.638683, 10.745728 ], [ -62.638104, 10.745663 ], [ -62.637428, 10.745549 ], [ -62.636894, 10.745415 ], [ -62.635853, 10.746245 ], [ -62.635365, 10.746547 ], [ -62.634853, 10.746893 ], [ -62.634369, 10.747125 ], [ -62.633858, 10.747264 ], [ -62.633301, 10.747290 ], [ -62.632740, 10.747177 ], [ -62.632160, 10.747043 ], [ -62.631554, 10.746929 ], [ -62.630951, 10.746886 ], [ -62.630436, 10.746820 ], [ -62.629181, 10.746779 ], [ -62.628578, 10.746643 ], [ -62.628113, 10.746393 ], [ -62.627552, 10.746142 ], [ -62.627041, 10.745984 ], [ -62.626507, 10.745893 ], [ -62.625904, 10.746012 ], [ -62.625347, 10.746266 ], [ -62.624813, 10.746338 ], [ -62.624206, 10.746064 ], [ -62.623600, 10.745859 ], [ -62.623089, 10.745816 ], [ -62.621765, 10.745777 ], [ -62.621254, 10.745687 ], [ -62.620716, 10.745620 ], [ -62.620182, 10.745530 ], [ -62.619671, 10.745141 ], [ -62.619156, 10.744891 ], [ -62.618530, 10.744733 ], [ -62.618015, 10.744666 ], [ -62.617413, 10.744600 ], [ -62.616760, 10.744580 ], [ -62.616203, 10.744604 ], [ -62.615623, 10.744607 ], [ -62.614880, 10.744770 ], [ -62.614300, 10.744865 ], [ -62.613789, 10.744844 ], [ -62.613255, 10.745145 ], [ -62.612511, 10.745172 ], [ -62.611420, 10.745267 ], [ -62.610817, 10.745361 ], [ -62.610237, 10.745480 ], [ -62.609680, 10.745641 ], [ -62.608444, 10.744934 ], [ -62.607929, 10.744684 ], [ -62.607418, 10.744480 ], [ -62.606884, 10.744459 ], [ -62.606209, 10.744508 ], [ -62.605560, 10.744441 ], [ -62.605068, 10.744191 ], [ -62.604694, 10.743801 ], [ -62.604347, 10.743413 ], [ -62.603969, 10.743047 ], [ -62.603390, 10.742521 ], [ -62.602852, 10.742155 ], [ -62.602363, 10.741929 ], [ -62.601803, 10.741907 ], [ -62.601132, 10.742415 ], [ -62.600670, 10.742830 ], [ -62.600372, 10.743268 ], [ -62.599766, 10.743201 ], [ -62.599254, 10.743043 ], [ -62.598671, 10.742930 ], [ -62.598114, 10.742794 ], [ -62.597534, 10.742845 ], [ -62.597115, 10.743143 ], [ -62.596699, 10.743514 ], [ -62.596260, 10.743882 ], [ -62.595978, 10.743286 ], [ -62.595398, 10.743634 ], [ -62.594887, 10.743817 ], [ -62.594261, 10.743914 ], [ -62.593052, 10.743735 ], [ -62.592518, 10.743691 ], [ -62.591911, 10.743555 ], [ -62.591560, 10.743029 ], [ -62.591049, 10.742755 ], [ -62.590420, 10.742298 ], [ -62.589977, 10.741956 ], [ -62.589554, 10.741451 ], [ -62.589321, 10.740993 ], [ -62.588856, 10.740650 ], [ -62.588154, 10.740423 ], [ -62.587666, 10.740173 ], [ -62.586967, 10.739923 ], [ -62.586361, 10.739604 ], [ -62.585918, 10.739285 ], [ -62.585361, 10.739012 ], [ -62.584705, 10.738738 ], [ -62.584171, 10.738556 ], [ -62.583359, 10.738376 ], [ -62.582058, 10.738266 ], [ -62.581451, 10.738360 ], [ -62.580963, 10.738524 ], [ -62.580456, 10.738732 ], [ -62.579365, 10.739012 ], [ -62.578667, 10.739359 ], [ -62.578228, 10.739636 ], [ -62.577557, 10.739962 ], [ -62.576996, 10.739941 ], [ -62.576531, 10.739713 ], [ -62.576065, 10.739346 ], [ -62.575554, 10.739210 ], [ -62.574879, 10.739168 ], [ -62.573952, 10.739356 ], [ -62.573486, 10.739611 ], [ -62.572979, 10.740164 ], [ -62.572677, 10.740601 ], [ -62.572216, 10.741085 ], [ -62.571754, 10.741453 ], [ -62.571221, 10.741594 ], [ -62.570522, 10.741437 ], [ -62.569984, 10.741093 ], [ -62.569565, 10.740751 ], [ -62.569050, 10.740293 ], [ -62.568584, 10.739998 ], [ -62.568050, 10.739861 ], [ -62.567470, 10.739909 ], [ -62.566910, 10.739980 ], [ -62.566353, 10.740167 ], [ -62.565868, 10.740375 ], [ -62.565334, 10.740308 ], [ -62.564842, 10.740034 ], [ -62.564285, 10.739738 ], [ -62.563770, 10.739143 ], [ -62.563328, 10.738800 ], [ -62.562954, 10.738388 ], [ -62.562626, 10.737954 ], [ -62.562065, 10.737312 ], [ -62.561783, 10.736878 ], [ -62.561134, 10.736994 ], [ -62.560741, 10.737410 ], [ -62.560253, 10.737733 ], [ -62.559696, 10.737873 ], [ -62.558781, 10.738134 ], [ -62.558445, 10.738452 ], [ -62.558167, 10.738890 ], [ -62.557938, 10.739350 ], [ -62.557476, 10.739765 ], [ -62.556873, 10.739860 ], [ -62.556244, 10.739884 ], [ -62.555733, 10.739886 ], [ -62.555428, 10.739406 ], [ -62.555241, 10.738924 ], [ -62.554844, 10.738581 ], [ -62.553940, 10.739137 ], [ -62.553333, 10.738679 ], [ -62.552822, 10.738520 ], [ -62.552330, 10.738200 ], [ -62.551819, 10.738179 ], [ -62.551399, 10.737814 ], [ -62.551235, 10.737241 ], [ -62.550930, 10.736829 ], [ -62.549671, 10.735731 ], [ -62.549110, 10.735641 ], [ -62.548508, 10.735436 ], [ -62.547924, 10.735254 ], [ -62.547184, 10.735327 ], [ -62.546623, 10.735490 ], [ -62.545975, 10.735745 ], [ -62.545349, 10.735908 ], [ -62.544838, 10.736001 ], [ -62.544071, 10.736142 ], [ -62.543583, 10.736397 ], [ -62.543098, 10.736674 ], [ -62.542538, 10.736493 ], [ -62.542026, 10.736241 ], [ -62.541538, 10.736084 ], [ -62.541004, 10.736086 ], [ -62.540447, 10.736340 ], [ -62.540032, 10.736664 ], [ -62.539635, 10.736986 ], [ -62.539105, 10.737173 ], [ -62.538567, 10.737014 ], [ -62.538078, 10.736856 ], [ -62.537594, 10.737247 ], [ -62.537155, 10.737663 ], [ -62.536644, 10.737779 ], [ -62.536129, 10.737459 ], [ -62.535709, 10.737095 ], [ -62.535221, 10.736797 ], [ -62.534802, 10.736431 ], [ -62.534355, 10.735951 ], [ -62.534123, 10.735470 ], [ -62.533909, 10.734988 ], [ -62.533283, 10.735037 ], [ -62.532608, 10.735108 ], [ -62.532055, 10.735202 ], [ -62.531567, 10.735686 ], [ -62.531196, 10.736216 ], [ -62.530525, 10.737022 ], [ -62.529877, 10.737253 ], [ -62.529320, 10.737325 ], [ -62.528809, 10.737282 ], [ -62.528156, 10.736961 ], [ -62.527062, 10.736485 ], [ -62.526340, 10.736303 ], [ -62.525688, 10.736237 ], [ -62.525177, 10.736307 ], [ -62.524017, 10.736404 ], [ -62.523483, 10.736405 ], [ -62.522972, 10.736247 ], [ -62.522526, 10.735812 ], [ -62.522015, 10.735538 ], [ -62.521480, 10.735518 ], [ -62.520431, 10.735338 ], [ -62.519943, 10.735019 ], [ -62.518986, 10.734218 ], [ -62.518635, 10.733713 ], [ -62.518517, 10.733026 ], [ -62.518371, 10.731970 ], [ -62.518047, 10.731580 ], [ -62.517555, 10.731306 ], [ -62.517021, 10.731102 ], [ -62.516346, 10.731013 ], [ -62.515835, 10.731061 ], [ -62.515442, 10.731429 ], [ -62.515259, 10.732004 ], [ -62.514820, 10.732466 ], [ -62.514282, 10.732491 ], [ -62.513611, 10.732309 ], [ -62.512539, 10.731876 ], [ -62.512005, 10.731765 ], [ -62.511490, 10.731537 ], [ -62.510887, 10.731653 ], [ -62.510376, 10.731862 ], [ -62.509869, 10.732163 ], [ -62.509426, 10.732554 ], [ -62.508755, 10.732855 ], [ -62.508152, 10.732926 ], [ -62.507549, 10.732929 ], [ -62.507011, 10.733023 ], [ -62.506500, 10.732819 ], [ -62.506058, 10.732544 ], [ -62.505592, 10.732270 ], [ -62.505081, 10.732043 ], [ -62.504566, 10.732044 ], [ -62.503964, 10.732162 ], [ -62.503407, 10.732280 ], [ -62.502872, 10.732211 ], [ -62.502521, 10.731822 ], [ -62.502148, 10.731388 ], [ -62.501541, 10.731069 ], [ -62.501053, 10.730910 ], [ -62.500191, 10.730986 ], [ -62.499546, 10.731063 ], [ -62.499092, 10.730921 ], [ -62.498489, 10.730810 ], [ -62.497906, 10.730744 ], [ -62.497349, 10.730587 ], [ -62.496769, 10.730753 ], [ -62.496303, 10.730986 ], [ -62.495770, 10.730898 ], [ -62.495281, 10.730695 ], [ -62.494675, 10.730791 ], [ -62.494186, 10.730635 ], [ -62.493763, 10.730291 ], [ -62.493115, 10.730297 ], [ -62.492531, 10.730071 ], [ -62.491993, 10.729892 ], [ -62.491436, 10.729827 ], [ -62.490997, 10.730150 ], [ -62.490933, 10.730703 ], [ -62.490726, 10.731256 ], [ -62.490051, 10.731261 ], [ -62.489540, 10.731173 ], [ -62.488983, 10.731452 ], [ -62.488544, 10.731846 ], [ -62.487942, 10.731873 ], [ -62.487476, 10.731602 ], [ -62.487030, 10.731214 ], [ -62.486401, 10.731126 ], [ -62.485844, 10.731084 ], [ -62.484978, 10.730378 ], [ -62.484394, 10.730176 ], [ -62.483696, 10.730158 ], [ -62.483116, 10.730437 ], [ -62.482609, 10.730648 ], [ -62.482143, 10.730927 ], [ -62.481609, 10.731023 ], [ -62.481075, 10.730888 ], [ -62.480652, 10.730593 ], [ -62.480465, 10.730020 ], [ -62.480316, 10.728988 ], [ -62.480194, 10.728438 ], [ -62.479797, 10.728004 ], [ -62.479305, 10.727687 ], [ -62.478790, 10.727460 ], [ -62.478211, 10.727282 ], [ -62.477650, 10.727193 ], [ -62.477139, 10.727127 ], [ -62.476559, 10.727453 ], [ -62.476047, 10.727366 ], [ -62.475819, 10.727872 ], [ -62.476105, 10.728421 ], [ -62.475922, 10.728973 ], [ -62.475411, 10.729161 ], [ -62.475060, 10.728774 ], [ -62.474476, 10.728777 ], [ -62.473923, 10.728942 ], [ -62.473762, 10.729426 ], [ -62.473274, 10.729635 ], [ -62.472672, 10.729618 ], [ -62.472160, 10.729506 ], [ -62.471600, 10.729235 ], [ -62.471062, 10.728711 ], [ -62.470638, 10.728346 ], [ -62.470081, 10.728487 ], [ -62.469456, 10.728699 ], [ -62.468899, 10.728863 ], [ -62.468342, 10.728936 ], [ -62.467857, 10.729307 ], [ -62.467281, 10.730207 ], [ -62.466679, 10.730395 ], [ -62.466049, 10.730308 ], [ -62.465420, 10.729921 ], [ -62.464951, 10.729350 ], [ -62.464714, 10.728848 ], [ -62.464382, 10.728391 ], [ -62.463940, 10.728117 ], [ -62.463288, 10.727962 ], [ -62.462708, 10.727897 ], [ -62.462192, 10.727579 ], [ -62.461746, 10.727008 ], [ -62.461323, 10.726643 ], [ -62.460880, 10.726348 ], [ -62.460369, 10.726076 ], [ -62.459854, 10.725850 ], [ -62.459366, 10.725601 ], [ -62.458851, 10.725421 ], [ -62.458290, 10.725242 ], [ -62.457733, 10.725176 ], [ -62.457295, 10.725454 ], [ -62.456833, 10.725941 ], [ -62.456207, 10.726037 ], [ -62.455623, 10.725881 ], [ -62.454597, 10.725567 ], [ -62.452992, 10.725370 ], [ -62.452457, 10.725374 ], [ -62.451900, 10.725655 ], [ -62.451343, 10.725887 ], [ -62.450813, 10.726006 ], [ -62.450256, 10.726216 ], [ -62.449650, 10.726359 ], [ -62.449165, 10.726592 ], [ -62.448609, 10.726803 ], [ -62.448147, 10.727081 ], [ -62.447102, 10.727181 ], [ -62.446587, 10.727070 ], [ -62.446053, 10.726844 ], [ -62.445419, 10.726527 ], [ -62.444931, 10.726209 ], [ -62.444393, 10.725844 ], [ -62.443855, 10.725550 ], [ -62.443367, 10.725392 ], [ -62.442669, 10.725374 ], [ -62.442089, 10.725584 ], [ -62.441464, 10.725980 ], [ -62.441002, 10.726398 ], [ -62.441147, 10.727131 ], [ -62.441662, 10.727540 ], [ -62.441620, 10.728068 ], [ -62.441132, 10.728302 ], [ -62.440575, 10.728191 ], [ -62.440128, 10.727620 ], [ -62.439682, 10.727118 ], [ -62.439194, 10.726823 ], [ -62.438724, 10.726436 ], [ -62.438210, 10.726163 ], [ -62.437206, 10.725759 ], [ -62.436531, 10.725465 ], [ -62.435879, 10.725192 ], [ -62.435364, 10.724920 ], [ -62.434853, 10.724718 ], [ -62.434269, 10.724401 ], [ -62.433731, 10.724082 ], [ -62.433239, 10.723857 ], [ -62.432632, 10.723563 ], [ -62.431862, 10.723131 ], [ -62.431351, 10.722859 ], [ -62.430744, 10.722518 ], [ -62.430111, 10.722179 ], [ -62.429527, 10.721791 ], [ -62.428478, 10.721227 ], [ -62.427918, 10.720954 ], [ -62.427380, 10.720820 ], [ -62.426823, 10.720778 ], [ -62.426266, 10.720759 ], [ -62.425777, 10.721153 ], [ -62.425549, 10.721637 ], [ -62.425087, 10.721984 ], [ -62.424557, 10.722287 ], [ -62.424068, 10.722473 ], [ -62.423466, 10.722592 ], [ -62.422768, 10.722621 ], [ -62.422070, 10.722694 ], [ -62.421490, 10.722676 ], [ -62.420979, 10.722564 ], [ -62.419884, 10.722365 ], [ -62.419231, 10.722209 ], [ -62.418625, 10.722168 ], [ -62.418091, 10.722239 ], [ -62.417461, 10.722015 ], [ -62.416923, 10.721651 ], [ -62.416390, 10.721334 ], [ -62.415714, 10.721247 ], [ -62.415180, 10.721571 ], [ -62.414623, 10.721575 ], [ -62.413761, 10.721536 ], [ -62.413017, 10.721655 ], [ -62.412251, 10.721478 ], [ -62.411739, 10.721297 ], [ -62.411064, 10.721188 ], [ -62.410156, 10.721192 ], [ -62.409599, 10.721243 ], [ -62.409111, 10.721407 ], [ -62.408505, 10.721112 ], [ -62.407944, 10.720979 ], [ -62.407272, 10.721098 ], [ -62.406761, 10.721055 ], [ -62.406109, 10.721060 ], [ -62.405529, 10.721202 ], [ -62.404533, 10.721623 ], [ -62.403694, 10.721513 ], [ -62.403114, 10.721632 ], [ -62.402580, 10.721659 ], [ -62.402252, 10.721225 ], [ -62.402714, 10.720671 ], [ -62.403034, 10.720232 ], [ -62.403008, 10.719704 ], [ -62.402493, 10.719455 ], [ -62.402142, 10.718998 ], [ -62.401443, 10.718956 ], [ -62.400910, 10.719098 ], [ -62.400330, 10.719286 ], [ -62.399795, 10.719543 ], [ -62.398983, 10.719480 ], [ -62.398449, 10.719528 ], [ -62.397869, 10.719693 ], [ -62.397381, 10.719881 ], [ -62.396778, 10.720138 ], [ -62.396175, 10.720279 ], [ -62.395550, 10.720306 ], [ -62.394943, 10.720310 ], [ -62.394318, 10.720269 ], [ -62.393711, 10.720273 ], [ -62.393131, 10.720300 ], [ -62.392551, 10.720373 ], [ -62.391945, 10.720423 ], [ -62.391319, 10.720496 ], [ -62.390713, 10.720501 ], [ -62.390041, 10.720574 ], [ -62.389477, 10.720563 ], [ -62.388691, 10.720514 ], [ -62.388180, 10.720564 ], [ -62.387596, 10.720292 ], [ -62.387013, 10.720089 ], [ -62.386341, 10.720278 ], [ -62.385971, 10.720648 ], [ -62.385532, 10.720950 ], [ -62.385025, 10.721161 ], [ -62.384514, 10.721209 ], [ -62.383976, 10.721168 ], [ -62.383465, 10.720963 ], [ -62.382858, 10.720738 ], [ -62.382366, 10.720490 ], [ -62.381435, 10.719921 ], [ -62.380920, 10.719765 ], [ -62.380409, 10.719583 ], [ -62.379196, 10.719272 ], [ -62.378658, 10.719068 ], [ -62.378147, 10.718750 ], [ -62.377911, 10.718223 ], [ -62.377506, 10.717032 ], [ -62.377338, 10.716504 ], [ -62.377010, 10.716001 ], [ -62.376610, 10.715637 ], [ -62.376167, 10.715203 ], [ -62.375744, 10.714885 ], [ -62.375187, 10.714590 ], [ -62.374603, 10.714478 ], [ -62.374046, 10.714415 ], [ -62.373486, 10.714487 ], [ -62.372883, 10.714652 ], [ -62.372398, 10.715000 ], [ -62.371937, 10.715486 ], [ -62.371616, 10.715947 ], [ -62.371269, 10.716546 ], [ -62.370854, 10.716847 ], [ -62.370323, 10.717081 ], [ -62.369789, 10.717246 ], [ -62.369209, 10.717364 ], [ -62.368534, 10.717460 ], [ -62.367210, 10.717675 ], [ -62.366539, 10.717773 ], [ -62.365887, 10.717846 ], [ -62.365284, 10.717896 ], [ -62.364750, 10.717898 ], [ -62.364052, 10.717814 ], [ -62.363422, 10.717725 ], [ -62.362724, 10.717614 ], [ -62.362049, 10.717413 ], [ -62.361442, 10.717187 ], [ -62.360882, 10.717008 ], [ -62.360371, 10.716850 ], [ -62.359810, 10.716716 ], [ -62.359230, 10.716628 ], [ -62.358578, 10.716473 ], [ -62.356319, 10.716074 ], [ -62.355621, 10.715919 ], [ -62.355106, 10.715875 ], [ -62.354526, 10.715718 ], [ -62.354683, 10.715029 ], [ -62.354935, 10.714521 ], [ -62.355118, 10.714038 ], [ -62.354557, 10.713629 ], [ -62.353977, 10.713632 ], [ -62.353489, 10.713797 ], [ -62.352932, 10.714029 ], [ -62.352398, 10.714056 ], [ -62.351887, 10.713945 ], [ -62.351418, 10.713626 ], [ -62.350811, 10.713493 ], [ -62.350441, 10.713862 ], [ -62.350353, 10.714393 ], [ -62.350498, 10.714941 ], [ -62.349915, 10.714970 ], [ -62.349171, 10.714859 ], [ -62.348591, 10.714725 ], [ -62.348007, 10.714774 ], [ -62.347641, 10.715168 ], [ -62.347343, 10.715674 ], [ -62.346951, 10.716068 ], [ -62.346394, 10.716231 ], [ -62.345856, 10.716167 ], [ -62.345322, 10.716033 ], [ -62.344719, 10.716014 ], [ -62.344112, 10.716042 ], [ -62.343555, 10.716160 ], [ -62.343044, 10.716348 ], [ -62.342533, 10.716419 ], [ -62.341930, 10.716263 ], [ -62.341553, 10.715759 ], [ -62.341385, 10.715256 ], [ -62.341335, 10.714750 ], [ -62.341354, 10.714177 ], [ -62.341446, 10.713625 ], [ -62.340912, 10.713789 ], [ -62.340378, 10.713930 ], [ -62.339821, 10.714049 ], [ -62.339195, 10.714145 ], [ -62.338612, 10.714218 ], [ -62.337379, 10.714272 ], [ -62.336708, 10.714231 ], [ -62.336079, 10.714211 ], [ -62.334843, 10.713944 ], [ -62.334240, 10.713834 ], [ -62.333588, 10.713677 ], [ -62.333073, 10.713543 ], [ -62.331005, 10.713373 ], [ -62.330376, 10.713263 ], [ -62.329701, 10.713107 ], [ -62.329185, 10.712949 ], [ -62.328556, 10.712677 ], [ -62.328045, 10.712405 ], [ -62.326904, 10.712321 ], [ -62.326439, 10.712094 ], [ -62.326016, 10.711777 ], [ -62.325413, 10.711666 ], [ -62.324783, 10.711623 ], [ -62.324226, 10.711604 ], [ -62.323715, 10.711538 ], [ -62.323338, 10.711082 ], [ -62.323311, 10.710532 ], [ -62.322914, 10.710143 ], [ -62.322399, 10.710101 ], [ -62.321865, 10.710013 ], [ -62.321259, 10.709787 ], [ -62.320770, 10.709583 ], [ -62.320233, 10.709335 ], [ -62.319740, 10.708993 ], [ -62.319275, 10.708653 ], [ -62.318714, 10.708311 ], [ -62.318249, 10.708062 ], [ -62.317738, 10.707973 ], [ -62.317062, 10.707978 ], [ -62.316177, 10.708261 ], [ -62.315670, 10.708469 ], [ -62.314793, 10.709095 ], [ -62.314304, 10.709467 ], [ -62.313751, 10.709814 ], [ -62.313194, 10.709956 ], [ -62.312519, 10.709982 ], [ -62.311893, 10.710056 ], [ -62.311314, 10.710358 ], [ -62.310619, 10.710639 ], [ -62.309875, 10.710735 ], [ -62.309196, 10.710441 ], [ -62.308731, 10.710031 ], [ -62.308216, 10.709873 ], [ -62.307796, 10.709372 ], [ -62.307350, 10.708961 ], [ -62.306976, 10.708550 ], [ -62.306694, 10.708047 ], [ -62.306389, 10.707636 ], [ -62.306267, 10.707039 ], [ -62.306614, 10.706645 ], [ -62.307098, 10.706390 ], [ -62.307514, 10.706043 ], [ -62.307766, 10.705513 ], [ -62.307415, 10.705056 ], [ -62.306992, 10.704348 ], [ -62.306641, 10.703937 ], [ -62.306217, 10.703411 ], [ -62.305771, 10.702954 ], [ -62.305443, 10.702544 ], [ -62.305046, 10.702087 ], [ -62.304577, 10.701653 ], [ -62.304157, 10.701358 ], [ -62.303665, 10.701086 ], [ -62.303246, 10.700721 ], [ -62.302662, 10.700357 ], [ -62.302078, 10.700109 ], [ -62.301449, 10.699975 ], [ -62.300915, 10.699956 ], [ -62.300404, 10.700005 ], [ -62.299011, 10.700290 ], [ -62.298500, 10.700477 ], [ -62.297920, 10.700801 ], [ -62.297413, 10.701127 ], [ -62.296906, 10.701543 ], [ -62.296536, 10.701960 ], [ -62.296238, 10.702651 ], [ -62.296082, 10.703248 ], [ -62.295898, 10.703823 ], [ -62.295670, 10.704446 ], [ -62.295513, 10.704998 ], [ -62.295376, 10.705573 ], [ -62.295147, 10.706170 ], [ -62.294827, 10.706792 ], [ -62.294155, 10.706936 ], [ -62.293644, 10.706892 ], [ -62.293243, 10.706459 ], [ -62.292984, 10.706002 ], [ -62.292400, 10.705591 ], [ -62.291817, 10.705343 ], [ -62.291397, 10.704932 ], [ -62.291069, 10.704452 ], [ -62.290669, 10.704088 ], [ -62.290157, 10.703999 ], [ -62.289783, 10.703634 ], [ -62.289478, 10.703200 ], [ -62.288986, 10.702997 ], [ -62.288960, 10.702469 ], [ -62.289261, 10.702029 ], [ -62.288952, 10.701459 ], [ -62.288971, 10.700884 ], [ -62.289104, 10.699873 ], [ -62.289147, 10.699205 ], [ -62.288772, 10.698796 ], [ -62.288303, 10.698431 ], [ -62.288021, 10.697928 ], [ -62.287739, 10.697355 ], [ -62.287434, 10.696852 ], [ -62.286892, 10.696282 ], [ -62.286354, 10.695871 ], [ -62.285889, 10.695553 ], [ -62.285396, 10.695304 ], [ -62.285095, 10.694938 ], [ -62.284599, 10.694483 ], [ -62.284019, 10.694486 ], [ -62.282929, 10.694402 ], [ -62.282391, 10.694381 ], [ -62.281719, 10.694525 ], [ -62.280582, 10.694876 ], [ -62.280026, 10.694788 ], [ -62.279442, 10.694676 ], [ -62.278839, 10.694773 ], [ -62.278259, 10.694938 ], [ -62.277287, 10.695541 ], [ -62.276707, 10.695867 ], [ -62.276081, 10.696100 ], [ -62.275547, 10.696380 ], [ -62.275272, 10.696839 ], [ -62.274906, 10.697348 ], [ -62.274582, 10.697831 ], [ -62.274307, 10.698339 ], [ -62.273846, 10.698731 ], [ -62.273361, 10.699034 ], [ -62.272759, 10.699199 ], [ -62.272221, 10.699270 ], [ -62.271503, 10.699321 ], [ -62.270783, 10.699395 ], [ -62.270203, 10.699467 ], [ -62.269783, 10.699814 ], [ -62.269440, 10.700415 ], [ -62.268978, 10.700876 ], [ -62.268612, 10.701361 ], [ -62.268288, 10.701891 ], [ -62.267872, 10.702284 ], [ -62.267364, 10.702540 ], [ -62.266830, 10.702796 ], [ -62.265880, 10.703377 ], [ -62.265373, 10.703632 ], [ -62.264820, 10.704027 ], [ -62.264332, 10.704306 ], [ -62.263821, 10.704538 ], [ -62.263287, 10.704565 ], [ -62.262821, 10.704246 ], [ -62.262489, 10.703719 ], [ -62.262001, 10.703447 ], [ -62.261513, 10.703291 ], [ -62.260906, 10.703340 ], [ -62.260258, 10.703368 ], [ -62.259746, 10.703508 ], [ -62.259213, 10.703764 ], [ -62.258705, 10.704020 ], [ -62.258125, 10.704346 ], [ -62.257591, 10.704556 ], [ -62.257011, 10.704628 ], [ -62.256451, 10.704517 ], [ -62.255939, 10.704222 ], [ -62.255562, 10.703788 ], [ -62.255234, 10.703193 ], [ -62.255020, 10.702712 ], [ -62.254925, 10.702069 ], [ -62.255081, 10.701540 ], [ -62.255428, 10.701148 ], [ -62.255539, 10.700596 ], [ -62.255280, 10.700001 ], [ -62.254837, 10.699452 ], [ -62.254414, 10.699018 ], [ -62.254063, 10.698606 ], [ -62.253662, 10.698266 ], [ -62.252682, 10.697813 ], [ -62.252194, 10.697610 ], [ -62.251545, 10.697545 ], [ -62.250961, 10.697572 ], [ -62.250381, 10.697737 ], [ -62.249824, 10.697969 ], [ -62.249199, 10.698202 ], [ -62.248669, 10.698412 ], [ -62.248180, 10.698646 ], [ -62.247696, 10.698993 ], [ -62.247280, 10.699478 ], [ -62.246933, 10.699917 ], [ -62.246407, 10.701045 ], [ -62.246388, 10.701572 ], [ -62.245994, 10.702012 ], [ -62.245583, 10.702521 ], [ -62.245236, 10.702913 ], [ -62.244701, 10.702961 ], [ -62.244144, 10.702989 ], [ -62.243538, 10.702946 ], [ -62.242863, 10.702950 ], [ -62.242260, 10.703001 ], [ -62.240333, 10.703450 ], [ -62.239754, 10.703522 ], [ -62.239220, 10.703548 ], [ -62.238613, 10.703553 ], [ -62.238056, 10.703395 ], [ -62.237381, 10.703217 ], [ -62.236751, 10.702991 ], [ -62.235840, 10.702354 ], [ -62.235352, 10.702127 ], [ -62.234791, 10.701945 ], [ -62.234253, 10.701697 ], [ -62.233788, 10.701447 ], [ -62.233227, 10.701221 ], [ -62.232670, 10.701225 ], [ -62.232113, 10.701298 ], [ -62.231487, 10.701486 ], [ -62.229443, 10.702049 ], [ -62.228935, 10.702213 ], [ -62.228378, 10.702354 ], [ -62.227821, 10.702381 ], [ -62.227146, 10.702316 ], [ -62.226608, 10.702251 ], [ -62.225536, 10.701731 ], [ -62.224815, 10.701412 ], [ -62.224277, 10.701233 ], [ -62.223530, 10.700939 ], [ -62.222996, 10.700781 ], [ -62.222320, 10.700624 ], [ -62.221645, 10.700605 ], [ -62.220970, 10.700542 ], [ -62.220459, 10.700477 ], [ -62.219948, 10.700388 ], [ -62.219410, 10.700232 ], [ -62.218738, 10.700074 ], [ -62.218155, 10.699870 ], [ -62.217457, 10.699646 ], [ -62.216709, 10.699445 ], [ -62.216106, 10.699264 ], [ -62.215313, 10.699108 ], [ -62.214802, 10.699042 ], [ -62.214287, 10.698954 ], [ -62.213661, 10.698935 ], [ -62.213104, 10.698984 ], [ -62.212570, 10.699102 ], [ -62.211781, 10.699084 ], [ -62.211266, 10.698997 ], [ -62.210594, 10.698931 ], [ -62.210079, 10.698865 ], [ -62.209454, 10.698823 ], [ -62.208824, 10.698805 ], [ -62.208267, 10.698832 ], [ -62.207664, 10.698903 ], [ -62.206921, 10.699046 ], [ -62.205761, 10.699421 ], [ -62.205299, 10.699677 ], [ -62.204765, 10.699886 ], [ -62.204185, 10.700005 ], [ -62.203674, 10.700099 ], [ -62.203163, 10.700287 ], [ -62.202560, 10.700565 ], [ -62.201980, 10.700914 ], [ -62.201683, 10.701422 ], [ -62.201385, 10.701883 ], [ -62.200783, 10.702323 ], [ -62.200249, 10.702670 ], [ -62.199741, 10.702949 ], [ -62.199230, 10.703159 ], [ -62.198719, 10.703255 ], [ -62.198162, 10.703074 ], [ -62.197716, 10.702802 ], [ -62.197319, 10.702436 ], [ -62.196808, 10.702026 ], [ -62.196316, 10.701822 ], [ -62.195805, 10.701779 ], [ -62.195248, 10.701899 ], [ -62.194641, 10.701901 ], [ -62.194084, 10.701882 ], [ -62.193573, 10.701839 ], [ -62.193062, 10.701682 ], [ -62.192406, 10.701364 ], [ -62.191849, 10.701024 ], [ -62.190842, 10.700294 ], [ -62.190350, 10.699885 ], [ -62.189907, 10.699382 ], [ -62.189552, 10.698925 ], [ -62.189270, 10.698353 ], [ -62.189102, 10.697642 ], [ -62.189007, 10.697092 ], [ -62.188725, 10.696473 ], [ -62.188416, 10.695992 ], [ -62.188019, 10.695559 ], [ -62.187504, 10.694942 ], [ -62.186802, 10.694052 ], [ -62.186543, 10.693593 ], [ -62.186329, 10.692975 ], [ -62.186253, 10.692447 ], [ -62.186203, 10.691896 ], [ -62.185967, 10.691369 ], [ -62.185684, 10.690866 ], [ -62.185448, 10.690316 ], [ -62.184959, 10.690022 ], [ -62.184421, 10.689841 ], [ -62.183910, 10.689706 ], [ -62.183350, 10.689503 ], [ -62.182793, 10.689278 ], [ -62.182209, 10.688981 ], [ -62.181064, 10.688483 ], [ -62.179947, 10.688077 ], [ -62.178829, 10.687785 ], [ -62.177757, 10.687493 ], [ -62.177105, 10.687452 ], [ -62.176479, 10.687455 ], [ -62.175923, 10.687551 ], [ -62.175434, 10.687715 ], [ -62.174900, 10.687879 ], [ -62.174301, 10.688135 ], [ -62.173767, 10.688391 ], [ -62.173164, 10.688624 ], [ -62.172653, 10.688765 ], [ -62.172119, 10.688815 ], [ -62.171558, 10.688636 ], [ -62.170975, 10.688248 ], [ -62.170578, 10.687676 ], [ -62.170341, 10.687195 ], [ -62.169990, 10.686692 ], [ -62.169430, 10.686352 ], [ -62.168892, 10.686263 ], [ -62.168358, 10.686244 ], [ -62.167824, 10.686407 ], [ -62.167221, 10.686709 ], [ -62.166736, 10.686873 ], [ -62.166226, 10.687037 ], [ -62.165600, 10.687157 ], [ -62.164925, 10.687137 ], [ -62.164413, 10.687048 ], [ -62.163876, 10.686937 ], [ -62.163292, 10.686734 ], [ -62.162575, 10.686853 ], [ -62.162018, 10.687155 ], [ -62.161507, 10.687365 ], [ -62.160999, 10.687484 ], [ -62.160278, 10.687555 ], [ -62.159138, 10.687563 ], [ -62.157928, 10.687409 ], [ -62.157326, 10.687276 ], [ -62.156788, 10.687118 ], [ -62.156277, 10.687167 ], [ -62.155697, 10.687354 ], [ -62.155212, 10.687541 ], [ -62.154656, 10.687728 ], [ -62.154144, 10.687961 ], [ -62.153820, 10.688375 ], [ -62.153614, 10.688861 ], [ -62.153595, 10.689435 ], [ -62.153648, 10.689985 ], [ -62.153675, 10.690537 ], [ -62.153561, 10.691042 ], [ -62.153004, 10.691298 ], [ -62.152493, 10.691393 ], [ -62.151935, 10.691464 ], [ -62.151402, 10.691721 ], [ -62.150917, 10.691907 ], [ -62.150524, 10.692370 ], [ -62.150272, 10.692853 ], [ -62.150135, 10.693381 ], [ -62.149914, 10.694509 ], [ -62.149708, 10.695175 ], [ -62.149849, 10.695726 ], [ -62.150040, 10.696208 ], [ -62.149998, 10.696758 ], [ -62.149769, 10.697311 ], [ -62.149330, 10.697704 ], [ -62.148773, 10.697914 ], [ -62.147564, 10.697922 ], [ -62.146984, 10.698040 ], [ -62.146522, 10.698318 ], [ -62.145477, 10.698716 ], [ -62.145039, 10.699039 ], [ -62.144482, 10.699294 ], [ -62.143993, 10.699483 ], [ -62.143719, 10.699965 ], [ -62.143212, 10.700313 ], [ -62.142124, 10.700893 ], [ -62.141590, 10.701220 ], [ -62.141079, 10.701314 ], [ -62.140450, 10.701295 ], [ -62.139358, 10.701164 ], [ -62.138847, 10.701120 ], [ -62.138195, 10.701240 ], [ -62.137756, 10.701541 ], [ -62.137432, 10.702071 ], [ -62.137276, 10.702715 ], [ -62.137375, 10.703380 ], [ -62.137539, 10.703977 ], [ -62.137776, 10.704434 ], [ -62.138103, 10.704890 ], [ -62.138386, 10.705326 ], [ -62.138996, 10.706379 ], [ -62.139347, 10.706766 ], [ -62.139561, 10.707248 ], [ -62.139240, 10.707756 ], [ -62.138638, 10.707965 ], [ -62.138264, 10.707577 ], [ -62.137955, 10.707051 ], [ -62.137558, 10.706456 ], [ -62.137253, 10.706045 ], [ -62.136948, 10.705587 ], [ -62.136597, 10.705176 ], [ -62.135963, 10.704904 ], [ -62.135456, 10.704999 ], [ -62.134968, 10.705231 ], [ -62.134388, 10.705419 ], [ -62.133808, 10.705468 ], [ -62.133224, 10.705472 ], [ -62.132713, 10.705406 ], [ -62.132294, 10.705088 ], [ -62.131828, 10.704792 ], [ -62.131359, 10.704543 ], [ -62.130802, 10.704362 ], [ -62.130241, 10.704273 ], [ -62.129734, 10.704345 ], [ -62.129196, 10.704393 ], [ -62.128662, 10.704374 ], [ -62.128059, 10.704425 ], [ -62.127594, 10.704656 ], [ -62.127037, 10.704821 ], [ -62.126274, 10.704964 ], [ -62.125763, 10.705104 ], [ -62.125183, 10.705245 ], [ -62.124485, 10.705341 ], [ -62.123787, 10.705505 ], [ -62.123184, 10.705487 ], [ -62.122532, 10.705284 ], [ -62.121994, 10.705150 ], [ -62.121483, 10.705061 ], [ -62.120880, 10.705042 ], [ -62.119671, 10.704865 ], [ -62.119179, 10.704707 ], [ -62.118645, 10.704550 ], [ -62.118038, 10.704392 ], [ -62.117340, 10.704305 ], [ -62.116714, 10.704262 ], [ -62.115459, 10.704224 ], [ -62.114712, 10.704229 ], [ -62.113991, 10.704187 ], [ -62.113228, 10.704261 ], [ -62.112552, 10.704288 ], [ -62.111923, 10.704384 ], [ -62.111389, 10.704318 ], [ -62.110970, 10.704021 ], [ -62.110248, 10.703957 ], [ -62.109787, 10.704281 ], [ -62.109463, 10.704697 ], [ -62.109302, 10.705180 ], [ -62.109238, 10.705753 ], [ -62.108986, 10.706261 ], [ -62.108547, 10.706609 ], [ -62.108223, 10.707069 ], [ -62.107807, 10.707462 ], [ -62.107437, 10.707878 ], [ -62.107208, 10.708340 ], [ -62.107002, 10.708822 ], [ -62.106891, 10.709396 ], [ -62.106731, 10.709879 ], [ -62.106411, 10.710501 ], [ -62.106041, 10.710871 ], [ -62.105553, 10.711058 ], [ -62.104973, 10.711108 ], [ -62.104534, 10.711386 ], [ -62.103954, 10.711527 ], [ -62.103397, 10.711760 ], [ -62.102886, 10.711947 ], [ -62.102329, 10.712064 ], [ -62.101795, 10.712205 ], [ -62.101120, 10.712233 ], [ -62.100609, 10.712304 ], [ -62.100102, 10.712398 ], [ -62.099518, 10.712218 ], [ -62.099075, 10.711877 ], [ -62.098976, 10.711326 ], [ -62.099068, 10.710798 ], [ -62.098946, 10.710088 ], [ -62.098732, 10.709514 ], [ -62.098473, 10.709010 ], [ -62.098213, 10.708369 ], [ -62.097954, 10.707889 ], [ -62.097603, 10.707431 ], [ -62.097156, 10.706951 ], [ -62.096828, 10.706540 ], [ -62.096546, 10.706059 ], [ -62.096496, 10.705532 ], [ -62.096401, 10.704843 ], [ -62.096211, 10.704363 ], [ -62.095860, 10.703814 ], [ -62.095459, 10.703403 ], [ -62.094993, 10.703106 ], [ -62.094551, 10.702811 ], [ -62.093990, 10.702860 ], [ -62.093574, 10.703321 ], [ -62.093277, 10.703805 ], [ -62.092907, 10.704312 ], [ -62.092541, 10.704751 ], [ -62.092030, 10.705030 ], [ -62.091473, 10.705149 ], [ -62.090893, 10.705312 ], [ -62.089501, 10.705781 ], [ -62.089016, 10.706036 ], [ -62.088459, 10.706314 ], [ -62.087418, 10.706986 ], [ -62.086929, 10.707288 ], [ -62.085865, 10.707983 ], [ -62.085358, 10.708193 ], [ -62.084870, 10.708379 ], [ -62.084358, 10.708611 ], [ -62.083896, 10.708844 ], [ -62.083225, 10.709078 ], [ -62.082691, 10.709196 ], [ -62.081993, 10.709337 ], [ -62.081413, 10.709364 ], [ -62.080898, 10.709207 ], [ -62.079849, 10.708685 ], [ -62.079197, 10.708321 ], [ -62.078709, 10.708095 ], [ -62.078148, 10.707753 ], [ -62.077587, 10.707320 ], [ -62.077049, 10.706841 ], [ -62.076557, 10.706499 ], [ -62.076046, 10.706181 ], [ -62.075531, 10.705908 ], [ -62.074856, 10.705590 ], [ -62.074318, 10.705480 ], [ -62.073807, 10.705321 ], [ -62.073273, 10.705140 ], [ -62.072666, 10.704914 ], [ -62.071125, 10.704188 ], [ -62.069939, 10.703782 ], [ -62.069378, 10.703602 ], [ -62.068821, 10.703468 ], [ -62.068237, 10.703265 ], [ -62.067749, 10.703015 ], [ -62.067211, 10.702948 ], [ -62.066795, 10.703296 ], [ -62.066452, 10.703688 ], [ -62.066223, 10.704195 ], [ -62.066296, 10.704722 ], [ -62.066345, 10.705342 ], [ -62.065815, 10.705758 ], [ -62.065140, 10.705923 ], [ -62.064537, 10.705880 ], [ -62.063816, 10.705862 ], [ -62.063259, 10.706118 ], [ -62.062492, 10.706214 ], [ -62.061310, 10.706382 ], [ -62.060589, 10.706455 ], [ -62.060100, 10.706619 ], [ -62.059544, 10.706576 ], [ -62.059074, 10.706303 ], [ -62.058678, 10.705961 ], [ -62.058144, 10.705849 ], [ -62.057583, 10.705807 ], [ -62.057094, 10.705557 ], [ -62.056721, 10.705099 ], [ -62.056015, 10.704070 ], [ -62.055481, 10.704097 ], [ -62.054947, 10.704351 ], [ -62.053955, 10.705024 ], [ -62.053444, 10.705348 ], [ -62.052792, 10.705421 ], [ -62.052258, 10.705446 ], [ -62.051052, 10.705845 ], [ -62.050499, 10.706239 ], [ -62.050106, 10.706699 ], [ -62.049782, 10.707184 ], [ -62.049511, 10.708471 ], [ -62.049191, 10.708979 ], [ -62.048821, 10.709394 ], [ -62.048592, 10.709876 ], [ -62.048477, 10.710383 ], [ -62.048458, 10.710935 ], [ -62.048580, 10.711439 ], [ -62.048767, 10.711966 ], [ -62.048912, 10.712494 ], [ -62.049103, 10.713135 ], [ -62.049313, 10.713639 ], [ -62.049618, 10.714142 ], [ -62.049923, 10.714555 ], [ -62.050301, 10.715035 ], [ -62.050766, 10.715536 ], [ -62.051144, 10.715970 ], [ -62.051376, 10.716430 ], [ -62.051453, 10.717071 ], [ -62.051201, 10.717531 ], [ -62.050762, 10.717994 ], [ -62.050369, 10.718341 ], [ -62.050136, 10.718939 ], [ -62.050003, 10.719468 ], [ -62.049633, 10.719976 ], [ -62.049172, 10.720276 ], [ -62.048569, 10.720738 ], [ -62.048107, 10.721040 ], [ -62.047623, 10.721295 ], [ -62.047039, 10.721459 ], [ -62.046482, 10.721416 ], [ -62.045784, 10.721099 ], [ -62.045223, 10.720827 ], [ -62.044735, 10.720623 ], [ -62.044243, 10.720465 ], [ -62.043663, 10.720491 ], [ -62.043106, 10.720380 ], [ -62.042500, 10.720338 ], [ -62.041989, 10.720525 ], [ -62.041550, 10.720848 ], [ -62.041016, 10.720988 ], [ -62.040642, 10.720554 ], [ -62.040360, 10.720120 ], [ -62.039959, 10.719687 ], [ -62.039425, 10.719460 ], [ -62.038891, 10.719303 ], [ -62.038353, 10.719168 ], [ -62.037842, 10.719079 ], [ -62.037308, 10.719082 ], [ -62.036797, 10.719153 ], [ -62.036308, 10.719340 ], [ -62.035870, 10.719618 ], [ -62.035362, 10.719988 ], [ -62.034874, 10.720289 ], [ -62.034386, 10.720452 ], [ -62.033806, 10.720410 ], [ -62.033131, 10.720300 ], [ -62.032410, 10.720166 ], [ -62.031177, 10.720127 ], [ -62.030620, 10.720153 ], [ -62.029922, 10.720248 ], [ -62.029320, 10.720276 ], [ -62.028713, 10.720255 ], [ -62.028134, 10.720190 ], [ -62.026901, 10.720152 ], [ -62.026363, 10.719948 ], [ -62.025967, 10.719583 ], [ -62.025684, 10.718988 ], [ -62.025959, 10.718390 ], [ -62.026375, 10.717928 ], [ -62.026836, 10.717604 ], [ -62.027298, 10.717324 ], [ -62.027878, 10.716955 ], [ -62.028202, 10.716424 ], [ -62.028477, 10.715940 ], [ -62.028892, 10.715570 ], [ -62.029472, 10.715498 ], [ -62.030006, 10.715382 ], [ -62.030121, 10.714850 ], [ -62.030327, 10.714346 ], [ -62.030182, 10.713819 ], [ -62.030087, 10.713314 ], [ -62.029922, 10.712786 ], [ -62.029823, 10.712236 ], [ -62.029659, 10.711756 ], [ -62.029076, 10.711781 ], [ -62.028568, 10.712059 ], [ -62.027943, 10.712384 ], [ -62.027432, 10.712548 ], [ -62.026852, 10.712551 ], [ -62.026268, 10.712142 ], [ -62.025475, 10.711985 ], [ -62.024895, 10.712172 ], [ -62.024361, 10.712312 ], [ -62.023850, 10.712385 ], [ -62.022690, 10.712575 ], [ -62.022038, 10.712487 ], [ -62.021526, 10.712353 ], [ -62.021034, 10.712010 ], [ -62.020615, 10.711691 ], [ -62.020287, 10.711281 ], [ -62.019398, 10.710526 ], [ -62.018883, 10.710186 ], [ -62.018349, 10.709891 ], [ -62.017254, 10.709713 ], [ -62.016697, 10.709578 ], [ -62.016182, 10.709512 ], [ -62.015957, 10.710065 ], [ -62.015797, 10.710571 ], [ -62.015938, 10.711143 ], [ -62.016220, 10.711670 ], [ -62.016480, 10.712336 ], [ -62.016300, 10.712864 ], [ -62.015766, 10.713233 ], [ -62.015278, 10.713466 ], [ -62.014793, 10.713630 ], [ -62.014164, 10.713611 ], [ -62.013702, 10.713935 ], [ -62.013054, 10.714375 ], [ -62.012638, 10.714675 ], [ -62.012196, 10.714954 ], [ -62.011661, 10.715048 ], [ -62.011150, 10.714913 ], [ -62.010220, 10.714460 ], [ -62.009796, 10.714026 ], [ -62.009304, 10.713570 ], [ -62.008953, 10.713136 ], [ -62.008511, 10.712656 ], [ -62.008041, 10.712290 ], [ -62.007343, 10.712042 ], [ -62.006764, 10.711930 ], [ -62.006157, 10.711934 ], [ -62.005459, 10.712007 ], [ -62.004856, 10.712194 ], [ -62.004299, 10.712313 ], [ -62.003883, 10.712773 ], [ -62.003609, 10.713211 ], [ -62.003334, 10.713741 ], [ -62.003128, 10.714270 ], [ -62.002945, 10.714776 ], [ -62.002785, 10.715305 ], [ -62.002461, 10.715813 ], [ -62.001953, 10.716045 ], [ -62.001301, 10.716048 ], [ -62.000790, 10.715867 ], [ -62.000187, 10.715719 ], [ -61.999634, 10.715809 ], [ -61.999268, 10.716274 ], [ -61.998886, 10.716947 ], [ -61.998619, 10.717617 ], [ -61.998585, 10.718283 ], [ -61.998779, 10.718831 ], [ -61.999020, 10.719332 ], [ -61.999100, 10.719905 ], [ -61.999458, 10.720404 ], [ -62.000568, 10.721004 ], [ -62.001007, 10.721352 ], [ -62.001285, 10.721767 ], [ -62.001354, 10.722248 ], [ -62.001213, 10.722732 ], [ -62.000999, 10.723144 ], [ -62.000652, 10.723487 ], [ -62.000210, 10.723853 ], [ -62.000015, 10.724299 ], [ -61.999699, 10.724834 ], [ -61.999478, 10.725433 ], [ -61.999489, 10.726007 ], [ -61.999660, 10.726602 ], [ -62.000065, 10.727055 ], [ -61.999863, 10.727539 ], [ -61.999687, 10.728163 ], [ -62.000168, 10.728569 ], [ -62.000568, 10.728360 ], [ -62.001103, 10.728518 ], [ -62.001636, 10.728744 ], [ -62.002060, 10.729088 ], [ -62.001968, 10.729662 ], [ -62.001530, 10.729962 ], [ -62.001018, 10.730126 ], [ -62.000484, 10.730129 ], [ -62.000007, 10.730454 ], [ -61.999596, 10.730805 ], [ -61.999088, 10.730975 ], [ -61.998592, 10.730662 ], [ -61.998260, 10.730255 ], [ -61.997856, 10.729870 ], [ -61.997478, 10.729486 ], [ -61.997051, 10.729080 ], [ -61.996628, 10.728697 ], [ -61.996200, 10.728359 ], [ -61.995708, 10.728161 ], [ -61.995151, 10.728101 ], [ -61.994656, 10.727788 ], [ -61.994232, 10.727450 ], [ -61.993851, 10.727043 ], [ -61.993450, 10.726706 ], [ -61.992981, 10.726461 ], [ -61.991772, 10.726481 ], [ -61.991112, 10.726056 ], [ -61.990803, 10.725488 ], [ -61.990463, 10.724895 ], [ -61.990154, 10.724396 ], [ -61.989750, 10.724012 ], [ -61.989231, 10.723629 ], [ -61.988670, 10.723388 ], [ -61.988155, 10.723188 ], [ -61.987431, 10.723040 ], [ -61.986729, 10.722822 ], [ -61.986168, 10.722670 ], [ -61.985538, 10.722567 ], [ -61.984909, 10.722530 ], [ -61.984238, 10.722610 ], [ -61.983681, 10.722690 ], [ -61.983124, 10.722951 ], [ -61.982617, 10.723120 ], [ -61.981991, 10.723315 ], [ -61.981483, 10.723508 ], [ -61.980831, 10.723563 ], [ -61.980228, 10.723527 ], [ -61.979668, 10.723445 ], [ -61.979153, 10.723292 ], [ -61.978615, 10.723118 ], [ -61.978214, 10.722756 ], [ -61.977947, 10.722301 ], [ -61.978172, 10.721840 ], [ -61.978634, 10.721602 ], [ -61.979725, 10.721400 ], [ -61.980305, 10.721367 ], [ -61.980816, 10.721267 ], [ -61.981300, 10.721005 ], [ -61.981617, 10.720473 ], [ -61.981514, 10.719946 ], [ -61.981133, 10.719471 ], [ -61.980637, 10.719088 ], [ -61.980190, 10.718681 ], [ -61.979786, 10.718230 ], [ -61.979500, 10.717753 ], [ -61.979016, 10.716796 ], [ -61.978588, 10.716228 ], [ -61.978115, 10.715801 ], [ -61.977688, 10.715440 ], [ -61.977241, 10.715080 ], [ -61.976768, 10.714766 ], [ -61.976257, 10.714614 ], [ -61.975201, 10.715413 ], [ -61.974857, 10.715832 ], [ -61.974400, 10.716298 ], [ -61.974037, 10.716718 ], [ -61.973580, 10.717116 ], [ -61.972957, 10.717494 ], [ -61.972378, 10.717688 ], [ -61.971844, 10.717719 ], [ -61.971237, 10.717729 ], [ -61.970745, 10.717554 ], [ -61.969929, 10.717361 ], [ -61.969181, 10.717166 ], [ -61.968643, 10.716969 ], [ -61.968082, 10.716725 ], [ -61.967495, 10.716574 ], [ -61.966938, 10.716583 ], [ -61.966690, 10.717116 ], [ -61.966473, 10.717763 ], [ -61.966389, 10.718385 ], [ -61.966045, 10.718780 ], [ -61.965420, 10.718837 ], [ -61.964882, 10.718731 ], [ -61.964367, 10.718601 ], [ -61.963810, 10.718565 ], [ -61.963138, 10.718668 ], [ -61.962559, 10.718839 ], [ -61.961983, 10.719124 ], [ -61.961494, 10.719315 ], [ -61.960964, 10.719461 ], [ -61.960361, 10.719655 ], [ -61.959877, 10.719893 ], [ -61.959347, 10.720133 ], [ -61.958839, 10.720393 ], [ -61.958401, 10.720675 ], [ -61.958275, 10.721391 ], [ -61.958565, 10.721913 ], [ -61.958920, 10.722298 ], [ -61.959442, 10.722909 ], [ -61.960083, 10.723541 ], [ -61.960911, 10.724331 ], [ -61.961220, 10.724763 ], [ -61.961414, 10.725265 ], [ -61.961472, 10.725838 ], [ -61.961319, 10.726346 ], [ -61.960930, 10.726858 ], [ -61.960636, 10.727322 ], [ -61.960671, 10.728055 ], [ -61.960960, 10.728580 ], [ -61.961662, 10.728820 ], [ -61.962223, 10.728856 ], [ -61.962692, 10.729194 ], [ -61.963024, 10.729647 ], [ -61.963177, 10.730266 ], [ -61.963280, 10.730768 ], [ -61.962536, 10.730849 ], [ -61.961880, 10.730654 ], [ -61.961201, 10.730367 ], [ -61.960708, 10.730122 ], [ -61.960075, 10.729765 ], [ -61.959507, 10.729384 ], [ -61.959083, 10.729070 ], [ -61.958614, 10.728802 ], [ -61.958053, 10.728743 ], [ -61.956684, 10.728903 ], [ -61.956169, 10.728773 ], [ -61.955700, 10.728437 ], [ -61.955185, 10.728215 ], [ -61.954762, 10.727855 ], [ -61.954098, 10.727407 ], [ -61.953629, 10.727070 ], [ -61.953133, 10.726734 ], [ -61.952640, 10.726490 ], [ -61.952103, 10.726200 ], [ -61.951634, 10.725932 ], [ -61.951183, 10.725618 ], [ -61.950577, 10.725422 ], [ -61.950085, 10.725223 ], [ -61.949543, 10.724935 ], [ -61.949051, 10.724758 ], [ -61.948544, 10.724835 ], [ -61.948009, 10.725028 ], [ -61.947476, 10.725105 ], [ -61.946964, 10.725205 ], [ -61.946506, 10.725512 ], [ -61.945976, 10.725775 ], [ -61.944462, 10.725729 ], [ -61.943810, 10.725625 ], [ -61.943249, 10.725520 ], [ -61.942940, 10.725112 ], [ -61.943138, 10.724419 ], [ -61.943642, 10.723928 ], [ -61.944096, 10.723462 ], [ -61.944344, 10.723000 ], [ -61.943989, 10.722590 ], [ -61.943474, 10.722485 ], [ -61.942917, 10.722448 ], [ -61.942375, 10.722067 ], [ -61.941994, 10.721614 ], [ -61.941410, 10.721462 ], [ -61.940918, 10.721264 ], [ -61.940445, 10.720698 ], [ -61.940155, 10.720266 ], [ -61.939892, 10.719766 ], [ -61.939606, 10.719334 ], [ -61.939201, 10.718836 ], [ -61.938824, 10.718429 ], [ -61.938442, 10.718044 ], [ -61.937950, 10.717799 ], [ -61.937279, 10.717994 ], [ -61.936890, 10.718414 ], [ -61.936642, 10.718878 ], [ -61.936348, 10.719296 ], [ -61.935841, 10.719465 ], [ -61.935303, 10.719451 ], [ -61.935337, 10.719979 ], [ -61.935230, 10.720509 ], [ -61.934719, 10.720677 ], [ -61.934227, 10.720409 ], [ -61.933918, 10.719955 ], [ -61.934044, 10.719219 ], [ -61.933476, 10.718608 ], [ -61.933395, 10.718105 ], [ -61.933060, 10.717627 ], [ -61.932556, 10.717819 ], [ -61.932072, 10.718126 ], [ -61.931492, 10.718226 ], [ -61.931022, 10.717982 ], [ -61.930733, 10.717505 ], [ -61.930446, 10.717006 ], [ -61.929867, 10.717106 ], [ -61.929291, 10.717368 ], [ -61.928806, 10.717607 ], [ -61.928223, 10.717684 ], [ -61.927643, 10.717648 ], [ -61.927059, 10.717634 ], [ -61.926476, 10.717483 ], [ -61.925892, 10.717402 ], [ -61.925381, 10.717341 ], [ -61.924824, 10.717487 ], [ -61.924316, 10.717703 ], [ -61.923855, 10.718033 ], [ -61.923424, 10.718568 ], [ -61.923107, 10.719102 ], [ -61.922886, 10.719587 ], [ -61.922344, 10.720629 ], [ -61.922051, 10.721208 ], [ -61.921826, 10.721672 ], [ -61.921650, 10.722202 ], [ -61.921589, 10.722709 ], [ -61.921818, 10.723830 ], [ -61.921665, 10.724338 ], [ -61.921203, 10.724621 ], [ -61.920574, 10.724677 ], [ -61.920040, 10.724710 ], [ -61.919483, 10.724695 ], [ -61.918976, 10.725002 ], [ -61.918449, 10.725562 ], [ -61.917992, 10.725891 ], [ -61.917606, 10.726426 ], [ -61.917358, 10.727004 ], [ -61.917278, 10.727602 ], [ -61.917206, 10.728912 ], [ -61.917122, 10.729465 ], [ -61.917042, 10.730086 ], [ -61.916958, 10.730593 ], [ -61.916874, 10.731261 ], [ -61.916767, 10.731768 ], [ -61.916572, 10.732506 ], [ -61.916195, 10.733568 ], [ -61.915970, 10.734055 ], [ -61.915699, 10.734565 ], [ -61.915451, 10.735073 ], [ -61.915581, 10.735715 ], [ -61.915588, 10.736288 ], [ -61.915176, 10.736617 ], [ -61.914883, 10.737034 ], [ -61.914349, 10.737205 ], [ -61.913792, 10.737237 ], [ -61.913341, 10.736786 ], [ -61.913238, 10.736236 ], [ -61.913067, 10.735663 ], [ -61.912575, 10.735351 ], [ -61.911938, 10.735040 ], [ -61.911285, 10.734798 ], [ -61.910187, 10.734677 ], [ -61.909489, 10.734621 ], [ -61.908836, 10.734448 ], [ -61.908318, 10.734227 ], [ -61.907097, 10.733559 ], [ -61.906487, 10.733292 ], [ -61.905975, 10.733186 ], [ -61.905396, 10.733333 ], [ -61.904747, 10.733527 ], [ -61.904076, 10.733767 ], [ -61.903568, 10.733936 ], [ -61.903011, 10.734107 ], [ -61.902504, 10.734299 ], [ -61.901878, 10.734378 ], [ -61.901317, 10.734342 ], [ -61.900177, 10.734314 ], [ -61.899502, 10.734256 ], [ -61.898945, 10.734220 ], [ -61.898407, 10.734137 ], [ -61.897827, 10.734123 ], [ -61.896683, 10.734004 ], [ -61.896076, 10.733968 ], [ -61.895519, 10.733954 ], [ -61.894871, 10.734011 ], [ -61.894314, 10.734089 ], [ -61.893730, 10.734121 ], [ -61.893127, 10.734200 ], [ -61.891991, 10.734310 ], [ -61.891457, 10.734389 ], [ -61.890804, 10.734399 ], [ -61.890061, 10.734365 ], [ -61.889522, 10.734351 ], [ -61.888965, 10.734291 ], [ -61.888359, 10.734279 ], [ -61.887775, 10.734242 ], [ -61.887173, 10.734229 ], [ -61.886639, 10.734261 ], [ -61.885407, 10.734372 ], [ -61.884872, 10.734450 ], [ -61.884247, 10.734484 ], [ -61.883572, 10.734449 ], [ -61.882897, 10.734391 ], [ -61.882385, 10.734512 ], [ -61.881848, 10.734500 ], [ -61.881268, 10.734417 ], [ -61.879456, 10.734653 ], [ -61.878895, 10.734593 ], [ -61.878380, 10.734281 ], [ -61.877911, 10.733968 ], [ -61.877373, 10.733815 ], [ -61.875744, 10.733773 ], [ -61.875237, 10.734102 ], [ -61.874779, 10.734432 ], [ -61.874001, 10.735270 ], [ -61.873611, 10.735667 ], [ -61.873268, 10.736156 ], [ -61.873070, 10.736711 ], [ -61.872734, 10.737428 ], [ -61.872490, 10.737983 ], [ -61.872452, 10.738534 ], [ -61.872761, 10.739036 ], [ -61.873188, 10.739533 ], [ -61.873409, 10.740103 ], [ -61.873421, 10.740792 ], [ -61.873058, 10.741394 ], [ -61.872482, 10.741772 ], [ -61.871948, 10.741896 ], [ -61.871346, 10.741882 ], [ -61.870811, 10.741983 ], [ -61.870377, 10.742288 ], [ -61.870056, 10.742753 ], [ -61.869808, 10.743262 ], [ -61.869492, 10.743772 ], [ -61.869057, 10.744102 ], [ -61.868572, 10.744362 ], [ -61.868065, 10.744532 ], [ -61.867416, 10.744840 ], [ -61.866936, 10.745101 ], [ -61.866478, 10.745590 ], [ -61.866230, 10.746099 ], [ -61.866054, 10.746632 ], [ -61.865772, 10.747945 ], [ -61.865688, 10.748475 ], [ -61.865582, 10.749026 ], [ -61.865406, 10.749626 ], [ -61.865067, 10.750045 ], [ -61.864536, 10.750423 ], [ -61.864006, 10.750707 ], [ -61.863594, 10.751011 ], [ -61.862743, 10.751691 ], [ -61.862061, 10.752482 ], [ -61.861549, 10.752584 ], [ -61.860988, 10.752386 ], [ -61.860630, 10.751977 ], [ -61.860504, 10.751451 ], [ -61.860497, 10.750877 ], [ -61.860558, 10.750348 ], [ -61.860851, 10.749815 ], [ -61.861309, 10.749417 ], [ -61.861649, 10.748907 ], [ -61.861896, 10.748329 ], [ -61.862049, 10.747822 ], [ -61.862087, 10.747270 ], [ -61.862007, 10.746718 ], [ -61.861744, 10.746264 ], [ -61.861389, 10.745880 ], [ -61.860825, 10.745728 ], [ -61.860466, 10.745114 ], [ -61.860157, 10.744659 ], [ -61.859688, 10.744369 ], [ -61.859215, 10.744123 ], [ -61.858704, 10.743925 ], [ -61.858051, 10.743868 ], [ -61.857422, 10.743900 ], [ -61.856747, 10.743958 ], [ -61.856167, 10.743989 ], [ -61.855606, 10.743954 ], [ -61.855072, 10.743847 ], [ -61.853947, 10.743452 ], [ -61.853317, 10.743209 ], [ -61.852753, 10.742944 ], [ -61.852188, 10.742609 ], [ -61.851669, 10.742271 ], [ -61.851177, 10.742051 ], [ -61.850616, 10.741945 ], [ -61.849544, 10.741777 ], [ -61.848987, 10.741856 ], [ -61.848259, 10.741431 ], [ -61.847813, 10.741095 ], [ -61.847340, 10.740827 ], [ -61.846870, 10.740489 ], [ -61.846443, 10.740037 ], [ -61.846111, 10.739629 ], [ -61.845776, 10.739107 ], [ -61.845444, 10.738629 ], [ -61.845204, 10.738128 ], [ -61.845329, 10.737529 ], [ -61.845913, 10.737542 ], [ -61.846424, 10.737419 ], [ -61.846859, 10.737137 ], [ -61.847214, 10.737544 ], [ -61.847664, 10.737813 ], [ -61.848198, 10.737850 ], [ -61.848610, 10.737360 ], [ -61.848786, 10.736853 ], [ -61.849388, 10.736774 ], [ -61.849800, 10.736400 ], [ -61.849907, 10.735825 ], [ -61.850490, 10.735884 ], [ -61.851032, 10.736242 ], [ -61.851433, 10.736580 ], [ -61.852062, 10.736570 ], [ -61.852356, 10.736107 ], [ -61.852554, 10.735598 ], [ -61.853180, 10.735427 ], [ -61.853695, 10.735534 ], [ -61.854256, 10.735569 ], [ -61.854836, 10.735560 ], [ -61.855320, 10.735322 ], [ -61.855778, 10.734970 ], [ -61.855888, 10.734441 ], [ -61.855854, 10.733822 ], [ -61.855370, 10.732704 ], [ -61.855194, 10.732109 ], [ -61.855160, 10.731421 ], [ -61.855671, 10.731321 ], [ -61.856117, 10.731658 ], [ -61.856430, 10.732136 ], [ -61.856877, 10.732472 ], [ -61.857327, 10.732949 ], [ -61.857635, 10.733379 ], [ -61.858086, 10.733716 ], [ -61.858601, 10.733915 ], [ -61.859047, 10.734275 ], [ -61.859451, 10.734659 ], [ -61.859898, 10.735018 ], [ -61.860390, 10.735309 ], [ -61.860996, 10.735208 ], [ -61.861408, 10.734880 ], [ -61.861702, 10.734416 ], [ -61.861877, 10.733815 ], [ -61.862244, 10.733442 ], [ -61.862675, 10.732814 ], [ -61.862854, 10.732330 ], [ -61.862961, 10.731823 ], [ -61.862949, 10.731272 ], [ -61.862827, 10.730769 ], [ -61.862885, 10.730216 ], [ -61.863358, 10.730598 ], [ -61.863850, 10.730820 ], [ -61.864357, 10.730491 ], [ -61.864719, 10.729957 ], [ -61.865204, 10.729765 ], [ -61.865284, 10.729097 ], [ -61.865673, 10.728632 ], [ -61.866276, 10.728577 ], [ -61.866715, 10.728156 ], [ -61.866936, 10.727648 ], [ -61.866997, 10.727072 ], [ -61.867451, 10.726536 ], [ -61.867989, 10.726642 ], [ -61.868435, 10.726910 ], [ -61.868954, 10.727385 ], [ -61.869335, 10.727861 ], [ -61.869987, 10.727873 ], [ -61.870571, 10.728046 ], [ -61.871090, 10.728498 ], [ -61.871887, 10.728714 ], [ -61.872333, 10.728983 ], [ -61.872784, 10.729412 ], [ -61.873184, 10.729818 ], [ -61.873585, 10.730180 ], [ -61.874104, 10.730401 ], [ -61.874637, 10.730391 ], [ -61.875099, 10.730154 ], [ -61.875485, 10.729642 ], [ -61.875523, 10.729045 ], [ -61.875462, 10.728380 ], [ -61.875473, 10.727737 ], [ -61.875698, 10.727182 ], [ -61.876064, 10.726717 ], [ -61.876453, 10.726344 ], [ -61.876747, 10.725857 ], [ -61.876850, 10.725189 ], [ -61.876358, 10.724874 ], [ -61.875774, 10.724816 ], [ -61.875279, 10.724479 ], [ -61.875084, 10.724000 ], [ -61.875401, 10.723535 ], [ -61.875912, 10.723435 ], [ -61.876423, 10.723243 ], [ -61.876949, 10.722914 ], [ -61.877411, 10.722585 ], [ -61.877800, 10.722187 ], [ -61.878117, 10.721655 ], [ -61.877853, 10.721198 ], [ -61.877289, 10.720841 ], [ -61.876866, 10.720550 ], [ -61.876415, 10.720097 ], [ -61.876171, 10.719643 ], [ -61.876583, 10.719084 ], [ -61.876968, 10.718596 ], [ -61.877239, 10.718040 ], [ -61.877300, 10.717511 ], [ -61.877174, 10.716916 ], [ -61.876930, 10.716392 ], [ -61.876530, 10.715984 ], [ -61.876106, 10.715671 ], [ -61.876003, 10.715166 ], [ -61.875828, 10.714550 ], [ -61.875588, 10.714048 ], [ -61.875164, 10.713664 ], [ -61.875458, 10.713224 ], [ -61.876057, 10.712914 ], [ -61.876515, 10.712563 ], [ -61.876881, 10.712075 ], [ -61.877266, 10.711609 ], [ -61.877773, 10.711349 ], [ -61.878235, 10.710974 ], [ -61.878601, 10.710577 ], [ -61.878986, 10.710227 ], [ -61.879478, 10.709116 ], [ -61.879726, 10.708537 ], [ -61.879810, 10.708032 ], [ -61.879364, 10.707717 ], [ -61.878902, 10.707999 ], [ -61.878365, 10.707849 ], [ -61.878239, 10.707298 ], [ -61.878113, 10.706795 ], [ -61.877876, 10.706317 ], [ -61.877316, 10.706281 ], [ -61.876785, 10.706542 ], [ -61.876224, 10.706528 ], [ -61.876007, 10.705934 ], [ -61.876278, 10.705494 ], [ -61.875855, 10.705133 ], [ -61.876026, 10.704533 ], [ -61.876465, 10.704251 ], [ -61.876770, 10.703225 ], [ -61.876904, 10.702728 ], [ -61.877388, 10.702353 ], [ -61.877777, 10.701979 ], [ -61.878162, 10.701559 ], [ -61.878670, 10.701230 ], [ -61.879177, 10.701037 ], [ -61.879757, 10.700936 ], [ -61.880314, 10.700742 ], [ -61.880844, 10.700436 ], [ -61.881325, 10.700014 ], [ -61.881805, 10.699548 ], [ -61.882099, 10.699106 ], [ -61.882347, 10.698621 ], [ -61.882500, 10.698113 ], [ -61.882538, 10.697560 ], [ -61.882549, 10.696985 ], [ -61.882614, 10.696480 ], [ -61.882649, 10.695906 ], [ -61.882637, 10.695331 ], [ -61.882698, 10.694757 ], [ -61.882805, 10.694180 ], [ -61.882538, 10.693564 ], [ -61.882225, 10.693041 ], [ -61.882217, 10.692513 ], [ -61.882160, 10.691895 ], [ -61.881851, 10.691464 ], [ -61.881450, 10.691079 ], [ -61.881439, 10.690528 ], [ -61.881729, 10.689742 ], [ -61.881973, 10.689256 ], [ -61.882313, 10.688631 ], [ -61.882629, 10.688120 ], [ -61.882973, 10.687655 ], [ -61.883266, 10.687190 ], [ -61.883816, 10.686814 ], [ -61.884418, 10.686689 ], [ -61.884930, 10.686567 ], [ -61.885437, 10.686420 ], [ -61.885944, 10.686136 ], [ -61.886383, 10.685762 ], [ -61.886627, 10.685252 ], [ -61.886711, 10.684722 ], [ -61.886681, 10.684196 ], [ -61.886764, 10.683689 ], [ -61.887684, 10.683214 ], [ -61.887886, 10.682706 ], [ -61.887783, 10.682134 ], [ -61.887497, 10.681703 ], [ -61.887070, 10.681273 ], [ -61.886829, 10.680795 ], [ -61.886704, 10.680244 ], [ -61.887375, 10.680003 ], [ -61.887955, 10.679972 ], [ -61.888535, 10.679894 ], [ -61.889137, 10.679677 ], [ -61.889713, 10.679439 ], [ -61.890267, 10.679038 ], [ -61.890583, 10.678574 ], [ -61.890785, 10.678019 ], [ -61.890472, 10.677566 ], [ -61.891113, 10.676957 ], [ -61.891151, 10.676429 ], [ -61.891727, 10.676259 ], [ -61.892319, 10.676594 ], [ -61.892765, 10.677000 ], [ -61.893170, 10.677405 ], [ -61.893593, 10.677813 ], [ -61.894020, 10.678127 ], [ -61.894489, 10.678395 ], [ -61.895050, 10.678661 ], [ -61.895733, 10.679040 ], [ -61.896271, 10.679284 ], [ -61.896812, 10.679551 ], [ -61.897469, 10.679862 ], [ -61.897983, 10.680059 ], [ -61.898548, 10.680442 ], [ -61.898994, 10.680755 ], [ -61.899353, 10.681368 ], [ -61.899479, 10.681919 ], [ -61.899540, 10.682744 ], [ -61.899574, 10.683341 ], [ -61.899742, 10.684876 ], [ -61.899891, 10.685586 ], [ -61.899933, 10.686619 ], [ -61.899902, 10.687562 ], [ -61.899795, 10.688067 ], [ -61.898930, 10.689070 ], [ -61.898518, 10.689489 ], [ -61.897923, 10.690166 ], [ -61.897423, 10.690657 ], [ -61.897034, 10.691075 ], [ -61.896690, 10.691564 ], [ -61.896213, 10.692145 ], [ -61.895825, 10.692519 ], [ -61.895164, 10.693357 ], [ -61.894871, 10.693822 ], [ -61.894600, 10.694377 ], [ -61.894680, 10.694904 ], [ -61.894669, 10.695524 ], [ -61.894676, 10.696074 ], [ -61.894558, 10.697180 ], [ -61.894524, 10.697869 ], [ -61.895249, 10.698133 ], [ -61.895809, 10.698261 ], [ -61.896366, 10.698229 ], [ -61.896752, 10.697695 ], [ -61.897095, 10.697276 ], [ -61.897526, 10.696810 ], [ -61.897964, 10.696481 ], [ -61.898495, 10.696151 ], [ -61.899021, 10.695797 ], [ -61.899437, 10.695468 ], [ -61.900070, 10.694564 ], [ -61.900433, 10.693936 ], [ -61.900726, 10.693357 ], [ -61.900902, 10.692850 ], [ -61.901032, 10.692320 ], [ -61.901092, 10.691744 ], [ -61.901268, 10.691120 ], [ -61.901630, 10.690517 ], [ -61.901924, 10.690100 ], [ -61.902008, 10.689593 ], [ -61.902184, 10.689015 ], [ -61.902573, 10.688596 ], [ -61.903149, 10.688219 ], [ -61.904209, 10.687674 ], [ -61.904690, 10.687252 ], [ -61.905029, 10.686764 ], [ -61.905231, 10.686279 ], [ -61.905357, 10.685610 ], [ -61.905304, 10.685083 ], [ -61.905109, 10.684558 ], [ -61.904774, 10.683990 ], [ -61.904465, 10.683581 ], [ -61.904152, 10.683036 ], [ -61.903866, 10.682604 ], [ -61.903599, 10.682034 ], [ -61.903587, 10.681460 ], [ -61.903858, 10.680950 ], [ -61.904392, 10.680919 ], [ -61.904907, 10.681025 ], [ -61.905468, 10.681268 ], [ -61.906074, 10.681328 ], [ -61.906704, 10.681249 ], [ -61.907188, 10.681033 ], [ -61.907692, 10.680681 ], [ -61.908173, 10.680167 ], [ -61.908508, 10.679450 ], [ -61.908543, 10.678852 ], [ -61.908302, 10.678351 ], [ -61.908016, 10.677896 ], [ -61.907612, 10.677422 ], [ -61.907372, 10.676920 ], [ -61.907223, 10.676394 ], [ -61.907352, 10.675841 ], [ -61.907413, 10.675334 ], [ -61.907215, 10.674717 ], [ -61.906975, 10.674240 ], [ -61.906528, 10.673949 ], [ -61.906105, 10.673656 ], [ -61.905727, 10.673272 ], [ -61.905415, 10.672818 ], [ -61.905106, 10.672409 ], [ -61.904724, 10.671842 ], [ -61.904320, 10.671366 ], [ -61.903919, 10.670960 ], [ -61.903770, 10.670411 ], [ -61.903549, 10.669863 ], [ -61.902962, 10.669529 ], [ -61.902516, 10.669260 ], [ -61.901882, 10.668903 ], [ -61.901367, 10.668682 ], [ -61.900734, 10.668371 ], [ -61.901192, 10.668019 ], [ -61.901775, 10.668102 ], [ -61.902306, 10.667932 ], [ -61.902794, 10.667718 ], [ -61.903515, 10.667797 ], [ -61.904053, 10.667950 ], [ -61.904747, 10.667730 ], [ -61.905785, 10.667140 ], [ -61.906364, 10.667108 ], [ -61.906899, 10.667122 ], [ -61.907642, 10.667178 ], [ -61.908489, 10.666360 ], [ -61.908855, 10.665987 ], [ -61.909264, 10.665451 ], [ -61.909699, 10.665078 ], [ -61.910599, 10.664672 ], [ -61.911202, 10.664570 ], [ -61.911568, 10.664104 ], [ -61.912048, 10.663637 ], [ -61.912907, 10.663417 ], [ -61.914036, 10.663031 ], [ -61.914570, 10.662884 ], [ -61.915241, 10.662711 ], [ -61.916515, 10.662324 ], [ -61.917023, 10.662201 ], [ -61.917507, 10.661848 ], [ -61.917705, 10.661364 ], [ -61.917858, 10.660648 ], [ -61.918461, 10.660615 ], [ -61.919025, 10.660904 ], [ -61.919582, 10.660941 ], [ -61.920208, 10.660748 ], [ -61.920830, 10.660507 ], [ -61.921410, 10.660176 ], [ -61.921963, 10.659984 ], [ -61.922543, 10.659836 ], [ -61.923309, 10.659802 ], [ -61.925079, 10.660000 ], [ -61.925896, 10.660217 ], [ -61.926388, 10.660415 ], [ -61.926952, 10.660706 ], [ -61.927467, 10.660926 ], [ -61.927914, 10.661195 ], [ -61.928410, 10.661531 ], [ -61.928764, 10.661938 ], [ -61.929169, 10.662345 ], [ -61.929523, 10.662821 ], [ -61.929699, 10.663392 ], [ -61.929802, 10.664056 ], [ -61.929962, 10.665202 ], [ -61.930020, 10.665936 ], [ -61.930031, 10.666647 ], [ -61.930321, 10.667172 ], [ -61.930881, 10.667323 ], [ -61.932003, 10.667556 ], [ -61.932678, 10.667522 ], [ -61.933159, 10.667192 ], [ -61.933571, 10.666750 ], [ -61.933887, 10.666264 ], [ -61.934273, 10.665751 ], [ -61.934521, 10.665150 ], [ -61.934670, 10.664367 ], [ -61.935162, 10.664612 ], [ -61.935562, 10.664948 ], [ -61.936096, 10.664941 ], [ -61.936790, 10.664744 ], [ -61.937298, 10.664484 ], [ -61.937851, 10.664152 ], [ -61.938427, 10.663823 ], [ -61.939621, 10.662953 ], [ -61.940445, 10.662158 ], [ -61.940948, 10.661690 ], [ -61.941361, 10.661363 ], [ -61.942184, 10.660476 ], [ -61.942432, 10.660011 ], [ -61.942608, 10.659526 ], [ -61.942715, 10.658997 ], [ -61.942635, 10.658447 ], [ -61.942627, 10.657897 ], [ -61.942684, 10.657115 ], [ -61.942742, 10.656584 ], [ -61.942593, 10.656036 ], [ -61.942348, 10.655328 ], [ -61.942108, 10.654850 ], [ -61.941959, 10.654347 ], [ -61.942490, 10.654063 ], [ -61.943066, 10.653870 ], [ -61.943363, 10.653406 ], [ -61.943584, 10.652942 ], [ -61.944023, 10.652659 ], [ -61.944630, 10.652740 ], [ -61.945354, 10.652913 ], [ -61.946030, 10.652948 ], [ -61.946632, 10.652938 ], [ -61.947212, 10.652905 ], [ -61.947864, 10.652917 ], [ -61.948940, 10.653221 ], [ -61.949615, 10.653210 ], [ -61.950264, 10.653038 ], [ -61.950699, 10.652756 ], [ -61.950806, 10.652158 ], [ -61.950844, 10.651629 ], [ -61.950668, 10.651056 ], [ -61.950916, 10.650571 ], [ -61.951446, 10.650148 ], [ -61.951950, 10.649704 ], [ -61.952335, 10.649261 ], [ -61.952900, 10.648286 ], [ -61.953171, 10.647845 ], [ -61.953327, 10.647337 ], [ -61.953598, 10.646896 ], [ -61.954273, 10.646977 ], [ -61.954834, 10.647105 ], [ -61.955486, 10.647141 ], [ -61.956043, 10.647133 ], [ -61.956528, 10.646894 ], [ -61.956985, 10.646473 ], [ -61.957725, 10.646277 ], [ -61.958397, 10.646082 ], [ -61.958904, 10.645684 ], [ -61.959526, 10.645420 ], [ -61.960060, 10.645412 ], [ -61.960690, 10.645424 ], [ -61.961784, 10.645726 ], [ -61.962303, 10.645925 ], [ -61.962936, 10.646260 ], [ -61.963478, 10.646664 ], [ -61.964001, 10.647160 ], [ -61.964588, 10.647655 ], [ -61.965061, 10.648038 ], [ -61.965641, 10.647960 ], [ -61.966190, 10.647514 ], [ -61.966675, 10.647183 ], [ -61.967544, 10.646549 ], [ -61.968006, 10.646313 ], [ -61.968445, 10.646029 ], [ -61.968929, 10.645792 ], [ -61.969437, 10.645576 ], [ -61.969994, 10.645498 ], [ -61.971317, 10.645476 ], [ -61.971878, 10.645650 ], [ -61.972565, 10.645042 ], [ -61.973427, 10.645028 ], [ -61.973942, 10.645111 ], [ -61.975826, 10.645332 ], [ -61.976483, 10.645458 ], [ -61.977066, 10.645587 ], [ -61.977604, 10.645693 ], [ -61.978729, 10.646363 ], [ -61.979702, 10.647494 ], [ -61.980106, 10.647948 ], [ -61.980442, 10.648471 ], [ -61.980682, 10.648994 ], [ -61.980854, 10.649497 ], [ -61.981003, 10.649999 ], [ -61.981129, 10.650527 ], [ -61.981300, 10.651096 ], [ -61.981339, 10.651809 ], [ -61.981415, 10.652359 ], [ -61.981594, 10.653090 ], [ -61.981766, 10.653592 ], [ -61.982193, 10.654252 ], [ -61.982529, 10.654705 ], [ -61.983120, 10.655178 ], [ -61.983703, 10.655467 ], [ -61.984962, 10.655492 ], [ -61.985542, 10.655413 ], [ -61.986233, 10.655194 ], [ -61.986744, 10.655072 ], [ -61.987602, 10.654964 ], [ -61.988434, 10.654652 ], [ -61.988918, 10.654300 ], [ -61.989353, 10.653949 ], [ -61.989811, 10.653596 ], [ -61.990406, 10.653058 ], [ -61.990910, 10.652522 ], [ -61.991131, 10.651920 ], [ -61.991028, 10.651302 ], [ -61.990856, 10.650800 ], [ -61.990589, 10.650230 ], [ -61.990349, 10.649660 ], [ -61.990314, 10.649109 ], [ -61.990700, 10.648575 ], [ -61.991207, 10.648359 ], [ -61.991833, 10.648165 ], [ -61.992267, 10.647814 ], [ -61.992824, 10.647643 ], [ -61.993400, 10.647428 ], [ -61.993931, 10.647027 ], [ -61.994484, 10.646811 ], [ -61.994682, 10.646165 ], [ -61.994812, 10.645635 ], [ -61.995060, 10.645147 ], [ -61.995541, 10.644842 ], [ -61.996376, 10.644782 ], [ -61.997097, 10.644747 ], [ -61.997727, 10.644736 ], [ -61.998589, 10.644859 ], [ -61.999313, 10.645032 ], [ -62.000195, 10.645493 ], [ -62.000687, 10.645534 ], [ -62.001198, 10.645232 ], [ -62.001591, 10.644863 ], [ -62.001820, 10.644380 ], [ -62.002212, 10.643963 ], [ -62.002697, 10.643684 ], [ -62.003231, 10.643637 ], [ -62.003906, 10.643702 ], [ -62.004394, 10.643906 ], [ -62.004818, 10.644247 ], [ -62.005283, 10.644681 ], [ -62.005821, 10.644885 ], [ -62.006378, 10.644744 ], [ -62.006771, 10.644374 ], [ -62.007645, 10.643312 ], [ -62.007969, 10.642829 ], [ -62.008244, 10.642367 ], [ -62.008614, 10.641814 ], [ -62.009216, 10.641719 ], [ -62.009751, 10.641670 ], [ -62.010307, 10.641370 ], [ -62.010815, 10.641229 ], [ -62.011329, 10.641363 ], [ -62.011635, 10.641774 ], [ -62.011868, 10.642278 ], [ -62.011944, 10.642783 ], [ -62.012043, 10.643999 ], [ -62.012348, 10.644572 ], [ -62.012653, 10.645030 ], [ -62.012798, 10.645626 ], [ -62.012894, 10.646222 ], [ -62.012966, 10.646819 ], [ -62.013088, 10.647346 ], [ -62.013393, 10.647758 ], [ -62.013950, 10.647915 ], [ -62.014576, 10.647842 ], [ -62.015274, 10.647583 ], [ -62.016414, 10.648017 ], [ -62.017044, 10.648105 ], [ -62.018299, 10.648052 ], [ -62.018856, 10.648003 ], [ -62.019413, 10.647885 ], [ -62.020271, 10.647673 ], [ -62.020897, 10.647531 ], [ -62.021477, 10.647482 ], [ -62.021942, 10.647227 ], [ -62.022426, 10.646789 ], [ -62.022888, 10.646326 ], [ -62.023327, 10.645979 ], [ -62.023766, 10.645655 ], [ -62.024185, 10.645308 ], [ -62.025200, 10.644522 ], [ -62.025734, 10.644036 ], [ -62.026173, 10.643505 ], [ -62.026470, 10.643090 ], [ -62.026791, 10.642606 ], [ -62.026813, 10.642032 ], [ -62.026131, 10.641232 ], [ -62.025620, 10.640914 ], [ -62.025547, 10.640386 ], [ -62.025402, 10.639813 ], [ -62.024822, 10.639633 ], [ -62.024166, 10.639176 ], [ -62.024441, 10.638624 ], [ -62.024765, 10.638185 ], [ -62.025181, 10.637679 ], [ -62.025597, 10.637355 ], [ -62.026199, 10.637053 ], [ -62.026684, 10.636797 ], [ -62.027100, 10.636451 ], [ -62.027588, 10.636081 ], [ -62.028164, 10.635801 ], [ -62.028748, 10.635614 ], [ -62.029255, 10.635359 ], [ -62.029716, 10.635080 ], [ -62.030228, 10.634872 ], [ -62.030945, 10.634661 ], [ -62.031479, 10.634542 ], [ -62.032036, 10.634448 ], [ -62.032711, 10.634306 ], [ -62.033360, 10.634233 ], [ -62.033966, 10.634275 ], [ -62.034546, 10.634341 ], [ -62.035107, 10.634430 ], [ -62.035782, 10.634679 ], [ -62.036343, 10.635044 ], [ -62.036926, 10.635498 ], [ -62.037579, 10.635748 ], [ -62.038181, 10.635814 ], [ -62.038765, 10.635763 ], [ -62.039387, 10.635485 ], [ -62.039829, 10.635207 ], [ -62.040478, 10.634858 ], [ -62.041035, 10.634948 ], [ -62.041641, 10.635058 ], [ -62.042221, 10.635123 ], [ -62.043781, 10.635412 ], [ -62.044525, 10.635593 ], [ -62.045109, 10.635796 ], [ -62.045322, 10.636276 ], [ -62.045441, 10.636873 ], [ -62.045586, 10.637538 ], [ -62.045750, 10.638134 ], [ -62.046127, 10.638866 ], [ -62.046410, 10.639440 ], [ -62.046623, 10.640104 ], [ -62.046303, 10.640841 ], [ -62.046097, 10.641346 ], [ -62.046055, 10.641922 ], [ -62.046150, 10.642495 ], [ -62.046642, 10.642974 ], [ -62.047131, 10.643155 ], [ -62.047646, 10.643359 ], [ -62.048157, 10.643677 ], [ -62.048832, 10.644041 ], [ -62.049461, 10.643923 ], [ -62.049645, 10.643439 ], [ -62.049896, 10.642956 ], [ -62.050221, 10.642425 ], [ -62.050774, 10.642146 ], [ -62.051426, 10.642349 ], [ -62.052735, 10.643146 ], [ -62.053314, 10.643028 ], [ -62.053635, 10.642612 ], [ -62.053863, 10.642014 ], [ -62.053978, 10.641462 ], [ -62.054066, 10.640773 ], [ -62.053757, 10.640178 ], [ -62.053433, 10.639744 ], [ -62.053078, 10.639239 ], [ -62.053005, 10.638666 ], [ -62.053120, 10.638090 ], [ -62.053509, 10.637721 ], [ -62.054134, 10.637189 ], [ -62.054737, 10.637118 ], [ -62.055298, 10.637390 ], [ -62.055882, 10.637709 ], [ -62.056416, 10.637889 ], [ -62.056976, 10.638023 ], [ -62.057510, 10.638227 ], [ -62.058186, 10.638223 ], [ -62.058716, 10.637921 ], [ -62.059040, 10.637506 ], [ -62.059383, 10.636838 ], [ -62.059730, 10.636262 ], [ -62.059959, 10.635755 ], [ -62.060375, 10.635431 ], [ -62.060882, 10.635268 ], [ -62.061790, 10.635194 ], [ -62.062256, 10.635467 ], [ -62.062725, 10.635853 ], [ -62.063194, 10.636724 ], [ -62.062920, 10.637185 ], [ -62.062714, 10.637713 ], [ -62.062809, 10.638287 ], [ -62.062977, 10.638768 ], [ -62.063282, 10.639319 ], [ -62.063896, 10.640486 ], [ -62.064014, 10.641081 ], [ -62.064159, 10.641655 ], [ -62.064652, 10.642617 ], [ -62.065071, 10.642935 ], [ -62.065632, 10.643415 ], [ -62.066078, 10.643688 ], [ -62.066566, 10.643914 ], [ -62.067101, 10.644003 ], [ -62.067848, 10.644229 ], [ -62.068500, 10.644408 ], [ -62.069103, 10.644543 ], [ -62.069733, 10.644630 ], [ -62.070942, 10.644670 ], [ -62.071476, 10.644711 ], [ -62.072033, 10.644801 ], [ -62.072640, 10.644866 ], [ -62.073288, 10.644862 ], [ -62.073753, 10.644584 ], [ -62.074215, 10.644283 ], [ -62.074631, 10.643935 ], [ -62.075047, 10.643473 ], [ -62.075344, 10.642966 ], [ -62.075527, 10.642484 ], [ -62.075783, 10.642000 ], [ -62.076080, 10.641493 ], [ -62.076355, 10.640871 ], [ -62.076351, 10.640320 ], [ -62.075928, 10.639681 ], [ -62.075394, 10.639545 ], [ -62.074764, 10.639365 ], [ -62.074341, 10.639024 ], [ -62.073593, 10.638201 ], [ -62.073379, 10.637606 ], [ -62.073166, 10.637077 ], [ -62.072865, 10.636666 ], [ -62.072418, 10.636326 ], [ -62.071907, 10.636030 ], [ -62.071300, 10.635872 ], [ -62.070648, 10.635853 ], [ -62.070183, 10.635421 ], [ -62.070526, 10.634891 ], [ -62.070965, 10.634475 ], [ -62.071476, 10.634378 ], [ -62.072662, 10.634372 ], [ -62.073174, 10.634575 ], [ -62.073689, 10.634802 ], [ -62.074246, 10.634569 ], [ -62.074753, 10.634292 ], [ -62.075287, 10.634195 ], [ -62.075939, 10.634146 ], [ -62.076988, 10.634851 ], [ -62.077522, 10.634826 ], [ -62.078010, 10.634594 ], [ -62.078541, 10.634314 ], [ -62.079166, 10.633944 ], [ -62.079723, 10.633710 ], [ -62.080303, 10.633500 ], [ -62.080975, 10.633428 ], [ -62.082836, 10.633576 ], [ -62.083950, 10.633615 ], [ -62.085114, 10.633723 ], [ -62.086300, 10.633946 ], [ -62.086792, 10.634127 ], [ -62.087257, 10.634492 ], [ -62.087101, 10.635137 ], [ -62.086849, 10.635643 ], [ -62.086598, 10.636241 ], [ -62.087318, 10.636490 ], [ -62.087853, 10.636740 ], [ -62.088947, 10.637032 ], [ -62.089554, 10.637119 ], [ -62.090180, 10.637184 ], [ -62.090740, 10.637227 ], [ -62.092041, 10.637219 ], [ -62.092503, 10.636964 ], [ -62.092873, 10.636480 ], [ -62.093147, 10.635811 ], [ -62.093376, 10.635351 ], [ -62.093769, 10.634935 ], [ -62.094417, 10.634794 ], [ -62.094978, 10.634882 ], [ -62.095558, 10.635062 ], [ -62.096863, 10.635583 ], [ -62.097401, 10.635786 ], [ -62.098026, 10.635829 ], [ -62.098541, 10.635941 ], [ -62.099121, 10.635846 ], [ -62.099605, 10.635451 ], [ -62.100136, 10.634943 ], [ -62.100784, 10.634641 ], [ -62.101551, 10.634591 ], [ -62.102386, 10.634586 ], [ -62.103111, 10.634604 ], [ -62.103668, 10.634830 ], [ -62.104183, 10.635194 ], [ -62.104698, 10.635651 ], [ -62.105072, 10.636199 ], [ -62.105286, 10.636681 ], [ -62.105705, 10.637252 ], [ -62.106220, 10.637547 ], [ -62.106872, 10.637682 ], [ -62.107407, 10.637541 ], [ -62.107868, 10.637193 ], [ -62.108189, 10.636756 ], [ -62.108444, 10.636295 ], [ -62.108650, 10.635810 ], [ -62.109017, 10.635236 ], [ -62.109432, 10.634912 ], [ -62.109856, 10.635229 ], [ -62.110413, 10.635479 ], [ -62.110924, 10.635338 ], [ -62.110870, 10.634673 ], [ -62.110683, 10.634076 ], [ -62.110931, 10.633386 ], [ -62.111420, 10.633085 ], [ -62.111881, 10.632829 ], [ -62.112186, 10.633332 ], [ -62.112564, 10.633698 ], [ -62.113006, 10.634039 ], [ -62.113472, 10.634290 ], [ -62.113964, 10.634608 ], [ -62.114406, 10.635041 ], [ -62.114830, 10.635406 ], [ -62.115204, 10.635840 ], [ -62.115440, 10.636574 ], [ -62.115513, 10.637079 ], [ -62.115612, 10.637675 ], [ -62.115963, 10.638109 ], [ -62.116451, 10.638382 ], [ -62.117123, 10.637942 ], [ -62.117611, 10.637526 ], [ -62.118095, 10.637201 ], [ -62.118138, 10.636673 ], [ -62.117809, 10.636215 ], [ -62.117573, 10.635735 ], [ -62.117153, 10.635392 ], [ -62.117542, 10.634886 ], [ -62.118034, 10.635226 ], [ -62.118568, 10.635475 ], [ -62.119080, 10.635358 ], [ -62.119755, 10.635423 ], [ -62.120499, 10.635694 ], [ -62.120968, 10.635966 ], [ -62.121388, 10.636286 ], [ -62.121761, 10.636651 ], [ -62.122322, 10.637014 ], [ -62.122906, 10.637333 ], [ -62.123440, 10.637445 ], [ -62.124161, 10.637485 ], [ -62.124744, 10.637482 ], [ -62.125580, 10.637523 ], [ -62.126118, 10.637751 ], [ -62.126469, 10.638138 ], [ -62.126728, 10.638618 ], [ -62.126942, 10.639352 ], [ -62.126900, 10.639881 ], [ -62.126880, 10.640615 ], [ -62.126743, 10.641190 ], [ -62.126724, 10.641788 ], [ -62.126751, 10.642407 ], [ -62.126965, 10.642911 ], [ -62.127132, 10.643416 ], [ -62.127182, 10.643967 ], [ -62.127670, 10.644239 ], [ -62.128204, 10.644190 ], [ -62.128666, 10.643750 ], [ -62.129150, 10.643266 ], [ -62.129822, 10.642802 ], [ -62.130474, 10.642684 ], [ -62.131054, 10.642818 ], [ -62.131729, 10.642883 ], [ -62.132145, 10.642467 ], [ -62.132210, 10.641869 ], [ -62.132069, 10.641295 ], [ -62.131878, 10.640815 ], [ -62.131504, 10.640174 ], [ -62.131126, 10.639603 ], [ -62.131310, 10.639072 ], [ -62.131718, 10.638463 ], [ -62.131161, 10.637024 ], [ -62.131687, 10.636522 ], [ -62.132381, 10.636473 ], [ -62.132942, 10.636468 ], [ -62.133385, 10.636764 ], [ -62.133877, 10.637175 ], [ -62.134293, 10.636806 ], [ -62.134754, 10.636479 ], [ -62.135239, 10.636293 ], [ -62.135750, 10.636176 ], [ -62.136333, 10.636378 ], [ -62.136753, 10.636675 ], [ -62.137245, 10.637108 ], [ -62.137504, 10.637635 ], [ -62.137623, 10.638162 ], [ -62.137882, 10.638711 ], [ -62.138328, 10.639075 ], [ -62.138931, 10.639049 ], [ -62.139416, 10.638772 ], [ -62.139740, 10.638331 ], [ -62.140083, 10.637756 ], [ -62.140545, 10.637294 ], [ -62.141033, 10.637085 ], [ -62.141544, 10.636921 ], [ -62.142052, 10.636711 ], [ -62.142586, 10.636570 ], [ -62.143143, 10.636567 ], [ -62.143681, 10.636724 ], [ -62.144238, 10.636951 ], [ -62.144730, 10.637177 ], [ -62.145291, 10.637542 ], [ -62.145733, 10.637883 ], [ -62.146198, 10.638202 ], [ -62.146759, 10.638519 ], [ -62.147293, 10.638584 ], [ -62.147903, 10.638811 ], [ -62.148556, 10.639082 ], [ -62.149044, 10.639333 ], [ -62.149487, 10.639697 ], [ -62.149841, 10.640154 ], [ -62.150261, 10.640496 ], [ -62.150726, 10.640838 ], [ -62.151218, 10.641272 ], [ -62.151134, 10.642487 ], [ -62.151138, 10.643085 ], [ -62.151256, 10.643590 ], [ -62.151611, 10.644138 ], [ -62.152008, 10.644619 ], [ -62.152496, 10.644823 ], [ -62.152851, 10.645210 ], [ -62.152996, 10.646035 ], [ -62.153461, 10.646286 ], [ -62.153877, 10.645824 ], [ -62.154152, 10.645364 ], [ -62.154335, 10.644811 ], [ -62.154537, 10.644007 ], [ -62.154652, 10.643476 ], [ -62.154716, 10.642856 ], [ -62.154804, 10.642329 ], [ -62.155338, 10.642004 ], [ -62.155941, 10.641724 ], [ -62.156498, 10.641743 ], [ -62.157009, 10.641832 ], [ -62.157520, 10.641898 ], [ -62.158127, 10.641940 ], [ -62.158707, 10.641799 ], [ -62.159168, 10.641405 ], [ -62.159512, 10.640875 ], [ -62.159741, 10.640277 ], [ -62.159923, 10.639770 ], [ -62.160198, 10.639240 ], [ -62.160568, 10.638847 ], [ -62.161106, 10.639121 ], [ -62.161434, 10.639578 ], [ -62.162037, 10.639620 ], [ -62.162430, 10.639157 ], [ -62.162964, 10.638926 ], [ -62.163567, 10.639013 ], [ -62.164337, 10.639306 ], [ -62.164803, 10.639557 ], [ -62.165314, 10.639807 ], [ -62.165993, 10.639917 ], [ -62.166592, 10.639523 ], [ -62.166939, 10.639107 ], [ -62.167259, 10.638599 ], [ -62.167839, 10.638228 ], [ -62.168327, 10.638433 ], [ -62.168701, 10.638821 ], [ -62.169125, 10.639231 ], [ -62.169636, 10.639526 ], [ -62.170452, 10.639889 ], [ -62.171009, 10.639886 ], [ -62.171543, 10.639836 ], [ -62.172264, 10.639809 ], [ -62.172848, 10.639806 ], [ -62.173660, 10.639823 ], [ -62.174240, 10.639912 ], [ -62.175407, 10.640249 ], [ -62.175915, 10.640153 ], [ -62.176518, 10.639759 ], [ -62.176865, 10.639298 ], [ -62.177326, 10.638951 ], [ -62.177883, 10.638673 ], [ -62.178417, 10.638554 ], [ -62.178925, 10.638274 ], [ -62.179363, 10.637767 ], [ -62.179825, 10.637420 ], [ -62.180336, 10.637279 ], [ -62.181011, 10.637182 ], [ -62.182243, 10.637176 ], [ -62.182823, 10.637218 ], [ -62.183403, 10.637282 ], [ -62.184032, 10.637210 ], [ -62.184586, 10.636931 ], [ -62.185261, 10.636720 ], [ -62.185745, 10.636280 ], [ -62.186302, 10.636415 ], [ -62.186932, 10.636549 ], [ -62.187489, 10.636614 ], [ -62.188072, 10.636725 ], [ -62.188725, 10.636790 ], [ -62.189514, 10.636832 ], [ -62.190048, 10.636896 ], [ -62.190536, 10.637076 ], [ -62.191097, 10.637258 ], [ -62.191677, 10.637254 ], [ -62.192303, 10.637112 ], [ -62.192741, 10.636787 ], [ -62.193275, 10.636326 ], [ -62.193833, 10.636091 ], [ -62.194321, 10.636250 ], [ -62.194694, 10.636639 ], [ -62.195301, 10.636840 ], [ -62.195858, 10.636814 ], [ -62.196369, 10.636650 ], [ -62.196812, 10.636923 ], [ -62.197277, 10.637172 ], [ -62.197693, 10.636872 ], [ -62.198135, 10.636501 ], [ -62.198807, 10.636151 ], [ -62.199432, 10.636172 ], [ -62.200157, 10.636511 ], [ -62.200577, 10.636853 ], [ -62.200745, 10.637427 ], [ -62.201050, 10.638044 ], [ -62.201584, 10.638179 ], [ -62.202145, 10.638153 ], [ -62.202839, 10.638148 ], [ -62.203514, 10.638419 ], [ -62.204121, 10.638484 ], [ -62.204655, 10.638481 ], [ -62.205307, 10.638546 ], [ -62.205910, 10.638566 ], [ -62.206493, 10.638722 ], [ -62.206986, 10.639041 ], [ -62.207451, 10.639267 ], [ -62.207962, 10.639218 ], [ -62.208496, 10.639077 ], [ -62.209144, 10.638821 ], [ -62.209583, 10.638473 ], [ -62.210045, 10.638125 ], [ -62.210506, 10.637825 ], [ -62.211041, 10.637591 ], [ -62.211529, 10.637404 ], [ -62.212131, 10.637355 ], [ -62.212620, 10.637559 ], [ -62.213295, 10.637784 ], [ -62.213574, 10.637345 ], [ -62.213940, 10.636930 ], [ -62.214451, 10.636628 ], [ -62.215053, 10.636579 ], [ -62.215752, 10.636482 ], [ -62.216377, 10.636363 ], [ -62.217514, 10.636104 ], [ -62.218002, 10.635939 ], [ -62.218441, 10.635523 ], [ -62.218903, 10.635061 ], [ -62.219414, 10.634920 ], [ -62.219971, 10.635031 ], [ -62.220600, 10.635303 ], [ -62.221089, 10.635484 ], [ -62.221695, 10.635777 ], [ -62.222164, 10.636027 ], [ -62.222793, 10.636322 ], [ -62.223328, 10.636479 ], [ -62.223888, 10.636706 ], [ -62.224446, 10.636886 ], [ -62.224983, 10.637227 ], [ -62.225403, 10.637568 ], [ -62.225964, 10.637772 ], [ -62.226521, 10.637860 ], [ -62.227219, 10.637833 ], [ -62.228542, 10.637434 ], [ -62.229054, 10.637500 ], [ -62.229542, 10.637726 ], [ -62.230145, 10.637424 ], [ -62.230793, 10.637144 ], [ -62.231537, 10.637001 ], [ -62.232304, 10.637203 ], [ -62.233028, 10.637543 ], [ -62.233444, 10.637218 ], [ -62.234070, 10.637008 ], [ -62.234695, 10.636820 ], [ -62.235298, 10.636564 ], [ -62.236294, 10.636029 ], [ -62.236851, 10.635981 ], [ -62.237526, 10.635907 ], [ -62.237900, 10.636271 ], [ -62.238297, 10.636638 ], [ -62.238880, 10.636724 ], [ -62.239575, 10.636652 ], [ -62.240086, 10.636580 ], [ -62.240738, 10.636529 ], [ -62.242039, 10.636406 ], [ -62.242710, 10.636355 ], [ -62.243988, 10.636210 ], [ -62.244778, 10.636250 ], [ -62.245480, 10.636727 ], [ -62.246204, 10.637528 ], [ -62.246651, 10.637870 ], [ -62.247231, 10.637979 ], [ -62.247742, 10.637861 ], [ -62.248230, 10.637561 ], [ -62.248646, 10.637237 ], [ -62.249153, 10.636727 ], [ -62.249661, 10.636196 ], [ -62.249981, 10.635735 ], [ -62.250374, 10.635319 ], [ -62.251202, 10.634349 ], [ -62.251572, 10.633956 ], [ -62.252083, 10.633678 ], [ -62.252613, 10.633422 ], [ -62.253193, 10.633257 ], [ -62.253681, 10.633001 ], [ -62.254513, 10.632399 ], [ -62.254952, 10.631845 ], [ -62.255203, 10.631384 ], [ -62.255825, 10.630484 ], [ -62.256237, 10.629976 ], [ -62.256561, 10.629538 ], [ -62.256859, 10.629100 ], [ -62.257110, 10.628547 ], [ -62.257454, 10.627534 ], [ -62.257706, 10.627005 ], [ -62.258461, 10.625852 ], [ -62.258736, 10.625344 ], [ -62.258942, 10.624768 ], [ -62.259266, 10.624352 ], [ -62.259564, 10.623868 ], [ -62.259865, 10.623454 ], [ -62.260487, 10.622921 ], [ -62.261063, 10.622504 ], [ -62.261501, 10.622157 ], [ -62.262081, 10.621785 ], [ -62.262570, 10.621392 ], [ -62.262981, 10.620976 ], [ -62.263351, 10.620492 ], [ -62.263672, 10.620007 ], [ -62.263947, 10.619409 ], [ -62.264282, 10.618391 ], [ -62.264698, 10.617314 ], [ -62.264950, 10.616852 ], [ -62.265343, 10.616253 ], [ -62.265640, 10.615838 ], [ -62.265961, 10.615354 ], [ -62.266582, 10.614294 ], [ -62.267273, 10.613371 ], [ -62.267666, 10.612817 ], [ -62.267986, 10.612401 ], [ -62.268356, 10.611871 ], [ -62.268791, 10.611178 ], [ -62.269112, 10.610602 ], [ -62.269478, 10.609981 ], [ -62.270374, 10.608504 ], [ -62.270649, 10.607997 ], [ -62.270924, 10.607535 ], [ -62.271153, 10.607030 ], [ -62.271313, 10.606408 ], [ -62.271400, 10.605742 ], [ -62.271488, 10.605212 ], [ -62.271648, 10.604708 ], [ -62.271923, 10.604246 ], [ -62.272270, 10.603785 ], [ -62.272732, 10.603368 ], [ -62.273308, 10.602973 ], [ -62.273933, 10.602626 ], [ -62.274422, 10.602437 ], [ -62.274979, 10.602274 ], [ -62.275555, 10.601996 ], [ -62.276692, 10.601551 ], [ -62.277481, 10.601224 ], [ -62.278267, 10.600874 ], [ -62.278752, 10.600618 ], [ -62.279331, 10.600202 ], [ -62.280003, 10.599623 ], [ -62.280510, 10.599092 ], [ -62.280994, 10.598606 ], [ -62.281822, 10.597728 ], [ -62.282955, 10.596642 ], [ -62.283760, 10.595672 ], [ -62.284103, 10.595209 ], [ -62.284519, 10.594702 ], [ -62.284912, 10.594148 ], [ -62.285187, 10.593710 ], [ -62.285415, 10.593181 ], [ -62.285667, 10.592719 ], [ -62.285873, 10.592190 ], [ -62.286186, 10.590788 ], [ -62.286297, 10.590075 ], [ -62.286476, 10.588787 ], [ -62.286747, 10.587729 ], [ -62.286930, 10.587245 ], [ -62.287384, 10.586209 ], [ -62.287590, 10.585658 ], [ -62.287933, 10.584850 ], [ -62.288185, 10.584160 ], [ -62.288387, 10.583654 ], [ -62.288845, 10.582572 ], [ -62.288910, 10.581973 ], [ -62.289490, 10.581464 ], [ -62.290112, 10.581000 ], [ -62.290504, 10.580630 ], [ -62.290894, 10.580031 ], [ -62.291031, 10.579503 ], [ -62.291050, 10.578952 ], [ -62.290951, 10.578218 ], [ -62.290669, 10.577507 ], [ -62.290318, 10.577074 ], [ -62.290058, 10.576547 ], [ -62.289684, 10.576180 ], [ -62.289215, 10.575932 ], [ -62.288605, 10.575362 ], [ -62.288258, 10.574974 ], [ -62.287926, 10.574563 ], [ -62.287529, 10.574106 ], [ -62.287178, 10.573649 ], [ -62.286942, 10.573168 ], [ -62.286591, 10.572620 ], [ -62.286423, 10.572116 ], [ -62.286163, 10.571520 ], [ -62.286087, 10.570901 ], [ -62.286552, 10.570921 ], [ -62.286697, 10.571517 ], [ -62.286911, 10.572021 ], [ -62.287262, 10.572477 ], [ -62.287704, 10.572796 ], [ -62.288101, 10.573160 ], [ -62.288292, 10.573778 ], [ -62.288624, 10.574284 ], [ -62.289093, 10.574784 ], [ -62.289558, 10.575149 ], [ -62.290027, 10.575489 ], [ -62.290539, 10.575877 ], [ -62.291119, 10.575873 ], [ -62.291611, 10.576168 ], [ -62.291824, 10.576674 ], [ -62.291988, 10.577223 ], [ -62.292225, 10.577680 ], [ -62.292603, 10.578114 ], [ -62.293159, 10.578018 ], [ -62.293293, 10.577513 ], [ -62.293175, 10.577007 ], [ -62.293007, 10.576435 ], [ -62.293003, 10.575907 ], [ -62.293091, 10.575332 ], [ -62.293320, 10.574801 ], [ -62.293594, 10.574364 ], [ -62.293827, 10.573903 ], [ -62.293915, 10.573398 ], [ -62.293819, 10.572892 ], [ -62.293884, 10.572319 ], [ -62.294228, 10.571834 ], [ -62.295063, 10.571645 ], [ -62.295570, 10.571366 ], [ -62.295963, 10.570928 ], [ -62.296192, 10.570351 ], [ -62.296371, 10.569730 ], [ -62.296600, 10.569178 ], [ -62.296947, 10.568555 ], [ -62.297245, 10.568094 ], [ -62.298054, 10.567561 ], [ -62.298702, 10.567188 ], [ -62.299259, 10.567023 ], [ -62.299835, 10.566790 ], [ -62.300465, 10.566648 ], [ -62.300999, 10.566507 ], [ -62.301834, 10.566272 ], [ -62.302483, 10.566131 ], [ -62.303013, 10.565989 ], [ -62.303524, 10.565756 ], [ -62.303917, 10.565340 ], [ -62.304214, 10.564900 ], [ -62.304607, 10.564370 ], [ -62.305367, 10.563447 ], [ -62.306564, 10.562038 ], [ -62.309517, 10.558941 ], [ -62.309650, 10.558435 ], [ -62.309902, 10.557653 ], [ -62.311211, 10.555646 ], [ -62.311463, 10.555094 ], [ -62.311619, 10.554609 ], [ -62.311897, 10.554150 ], [ -62.312195, 10.553710 ], [ -62.312675, 10.552720 ], [ -62.312881, 10.552167 ], [ -62.313038, 10.551637 ], [ -62.313244, 10.551063 ], [ -62.313542, 10.550601 ], [ -62.313980, 10.550139 ], [ -62.314465, 10.549860 ], [ -62.315045, 10.549512 ], [ -62.315483, 10.549232 ], [ -62.315994, 10.549000 ], [ -62.316456, 10.548699 ], [ -62.317009, 10.548282 ], [ -62.317543, 10.547865 ], [ -62.318004, 10.547379 ], [ -62.318371, 10.546917 ], [ -62.318695, 10.546432 ], [ -62.318970, 10.545973 ], [ -62.319244, 10.545442 ], [ -62.319424, 10.544912 ], [ -62.319515, 10.544292 ], [ -62.319626, 10.543762 ], [ -62.320152, 10.542681 ], [ -62.320473, 10.542172 ], [ -62.321030, 10.541916 ], [ -62.321564, 10.541775 ], [ -62.322212, 10.541770 ], [ -62.322746, 10.541790 ], [ -62.323353, 10.541832 ], [ -62.323864, 10.541944 ], [ -62.324375, 10.542009 ], [ -62.325005, 10.542073 ], [ -62.325703, 10.542322 ], [ -62.326401, 10.542615 ], [ -62.327682, 10.543066 ], [ -62.328407, 10.543290 ], [ -62.329033, 10.543515 ], [ -62.329594, 10.543604 ], [ -62.330383, 10.543668 ], [ -62.330986, 10.543550 ], [ -62.331612, 10.543200 ], [ -62.332119, 10.542830 ], [ -62.332558, 10.542481 ], [ -62.333092, 10.542043 ], [ -62.333531, 10.541740 ], [ -62.334663, 10.541022 ], [ -62.335075, 10.540443 ], [ -62.335537, 10.539752 ], [ -62.336479, 10.538574 ], [ -62.336941, 10.538249 ], [ -62.337452, 10.538062 ], [ -62.338100, 10.537806 ], [ -62.338635, 10.537711 ], [ -62.339241, 10.537821 ], [ -62.339798, 10.537817 ], [ -62.340378, 10.537630 ], [ -62.340862, 10.537374 ], [ -62.341419, 10.537162 ], [ -62.341904, 10.536999 ], [ -62.342415, 10.536881 ], [ -62.343620, 10.536482 ], [ -62.344105, 10.536272 ], [ -62.344753, 10.535924 ], [ -62.345337, 10.535828 ], [ -62.345848, 10.536077 ], [ -62.346825, 10.536437 ], [ -62.347408, 10.536687 ], [ -62.348015, 10.536912 ], [ -62.348526, 10.537000 ], [ -62.349110, 10.537066 ], [ -62.350361, 10.537057 ], [ -62.350895, 10.536983 ], [ -62.351406, 10.536752 ], [ -62.351940, 10.536494 ], [ -62.352447, 10.536146 ], [ -62.353050, 10.536188 ], [ -62.354584, 10.536086 ], [ -62.355209, 10.536059 ], [ -62.355907, 10.536054 ], [ -62.356495, 10.536122 ], [ -62.357540, 10.536779 ], [ -62.358032, 10.537189 ], [ -62.358944, 10.537985 ], [ -62.359692, 10.538830 ], [ -62.360023, 10.539264 ], [ -62.360374, 10.539767 ], [ -62.360703, 10.540317 ], [ -62.360962, 10.540796 ], [ -62.361317, 10.541299 ], [ -62.361782, 10.541709 ], [ -62.362274, 10.542097 ], [ -62.362698, 10.542530 ], [ -62.363071, 10.542964 ], [ -62.363541, 10.543420 ], [ -62.364052, 10.543852 ], [ -62.364407, 10.544264 ], [ -62.364803, 10.544651 ], [ -62.365200, 10.545109 ], [ -62.365486, 10.545611 ], [ -62.366047, 10.546066 ], [ -62.367165, 10.546426 ], [ -62.367745, 10.546675 ], [ -62.368259, 10.546809 ], [ -62.368980, 10.547034 ], [ -62.370052, 10.547325 ], [ -62.370613, 10.547758 ], [ -62.371174, 10.548076 ], [ -62.371731, 10.548278 ], [ -62.372406, 10.548550 ], [ -62.372990, 10.548569 ], [ -62.373638, 10.548565 ], [ -62.374222, 10.548744 ], [ -62.374760, 10.549061 ], [ -62.375225, 10.549356 ], [ -62.375645, 10.549675 ], [ -62.376045, 10.550132 ], [ -62.376488, 10.550496 ], [ -62.376980, 10.551023 ], [ -62.377449, 10.551386 ], [ -62.378078, 10.551794 ], [ -62.378498, 10.552091 ], [ -62.379036, 10.552271 ], [ -62.379688, 10.552518 ], [ -62.380226, 10.552790 ], [ -62.380783, 10.553153 ], [ -62.381393, 10.553655 ], [ -62.381954, 10.554087 ], [ -62.382771, 10.554449 ], [ -62.383328, 10.554675 ], [ -62.383865, 10.554970 ], [ -62.384358, 10.555218 ], [ -62.384869, 10.555445 ], [ -62.385315, 10.555763 ], [ -62.385826, 10.555967 ], [ -62.386360, 10.556215 ], [ -62.386898, 10.556580 ], [ -62.387577, 10.557080 ], [ -62.388065, 10.557306 ], [ -62.388767, 10.557553 ], [ -62.389393, 10.557664 ], [ -62.389904, 10.557730 ], [ -62.390396, 10.557934 ], [ -62.391071, 10.558021 ], [ -62.391601, 10.557901 ], [ -62.392715, 10.557435 ], [ -62.393387, 10.557132 ], [ -62.393849, 10.556876 ], [ -62.394333, 10.556574 ], [ -62.394798, 10.556250 ], [ -62.395260, 10.555856 ], [ -62.395676, 10.555531 ], [ -62.396297, 10.555181 ], [ -62.397224, 10.554717 ], [ -62.397640, 10.554369 ], [ -62.397987, 10.553930 ], [ -62.398262, 10.553400 ], [ -62.398701, 10.553076 ], [ -62.399254, 10.552728 ], [ -62.399765, 10.552564 ], [ -62.400394, 10.552605 ], [ -62.400879, 10.552417 ], [ -62.401272, 10.551888 ], [ -62.401959, 10.550986 ], [ -62.402328, 10.550616 ], [ -62.402954, 10.550360 ], [ -62.403465, 10.550287 ], [ -62.404022, 10.550398 ], [ -62.404400, 10.550854 ], [ -62.404473, 10.551451 ], [ -62.404221, 10.552027 ], [ -62.403828, 10.552397 ], [ -62.403809, 10.552924 ], [ -62.404095, 10.553382 ], [ -62.404606, 10.553745 ], [ -62.405167, 10.553996 ], [ -62.406422, 10.554148 ], [ -62.406937, 10.554258 ], [ -62.407562, 10.554323 ], [ -62.408215, 10.554341 ], [ -62.408745, 10.554223 ], [ -62.409511, 10.553942 ], [ -62.410042, 10.553639 ], [ -62.410458, 10.553339 ], [ -62.410969, 10.553037 ], [ -62.411453, 10.552804 ], [ -62.411987, 10.552569 ], [ -62.412659, 10.552220 ], [ -62.413189, 10.551895 ], [ -62.413746, 10.551616 ], [ -62.414856, 10.550897 ], [ -62.415482, 10.550479 ], [ -62.416382, 10.549830 ], [ -62.416866, 10.549320 ], [ -62.417420, 10.548787 ], [ -62.418804, 10.547584 ], [ -62.419403, 10.546914 ], [ -62.419933, 10.546405 ], [ -62.420441, 10.546080 ], [ -62.420811, 10.545642 ], [ -62.421177, 10.544972 ], [ -62.421589, 10.544396 ], [ -62.422142, 10.543840 ], [ -62.422489, 10.543334 ], [ -62.422901, 10.542802 ], [ -62.423477, 10.542293 ], [ -62.424061, 10.542242 ], [ -62.424732, 10.542214 ], [ -62.425381, 10.541958 ], [ -62.425961, 10.541518 ], [ -62.426399, 10.541170 ], [ -62.426861, 10.540684 ], [ -62.427318, 10.539991 ], [ -62.427731, 10.539207 ], [ -62.428371, 10.538439 ], [ -62.428997, 10.538051 ], [ -62.429508, 10.537932 ], [ -62.430161, 10.537744 ], [ -62.431202, 10.537255 ], [ -62.431736, 10.537252 ], [ -62.432224, 10.537569 ], [ -62.432598, 10.537957 ], [ -62.433399, 10.538916 ], [ -62.434002, 10.538958 ], [ -62.434628, 10.538700 ], [ -62.435299, 10.538375 ], [ -62.436592, 10.537653 ], [ -62.437103, 10.537466 ], [ -62.437729, 10.537162 ], [ -62.438236, 10.536953 ], [ -62.438889, 10.536948 ], [ -62.439495, 10.537127 ], [ -62.440006, 10.537192 ], [ -62.440540, 10.537234 ], [ -62.441216, 10.537321 ], [ -62.441681, 10.537572 ], [ -62.442059, 10.537981 ], [ -62.442524, 10.538370 ], [ -62.442875, 10.538803 ], [ -62.443344, 10.539166 ], [ -62.443859, 10.539668 ], [ -62.444282, 10.540056 ], [ -62.444748, 10.540421 ], [ -62.445263, 10.540738 ], [ -62.445728, 10.541148 ], [ -62.446266, 10.541512 ], [ -62.447014, 10.541921 ], [ -62.447525, 10.542146 ], [ -62.448063, 10.542396 ], [ -62.448578, 10.542666 ], [ -62.449158, 10.542823 ], [ -62.449692, 10.542934 ], [ -62.450371, 10.543136 ], [ -62.450836, 10.543386 ], [ -62.451210, 10.543750 ], [ -62.451611, 10.544206 ], [ -62.451939, 10.544663 ], [ -62.452221, 10.545258 ], [ -62.452549, 10.545693 ], [ -62.452904, 10.546310 ], [ -62.453163, 10.546814 ], [ -62.453422, 10.547271 ], [ -62.453869, 10.547865 ], [ -62.454224, 10.548483 ], [ -62.454574, 10.548985 ], [ -62.454834, 10.549535 ], [ -62.455216, 10.550612 ], [ -62.455662, 10.551136 ], [ -62.456246, 10.551591 ], [ -62.456829, 10.551931 ], [ -62.457321, 10.552135 ], [ -62.457974, 10.552382 ], [ -62.458576, 10.552562 ], [ -62.459343, 10.552625 ], [ -62.460087, 10.552620 ], [ -62.460693, 10.552592 ], [ -62.461250, 10.552589 ], [ -62.461903, 10.552631 ], [ -62.462551, 10.552788 ], [ -62.462902, 10.553174 ], [ -62.463162, 10.553678 ], [ -62.463562, 10.554318 ], [ -62.464008, 10.554659 ], [ -62.464519, 10.554863 ], [ -62.465244, 10.555202 ], [ -62.465896, 10.555335 ], [ -62.466595, 10.555422 ], [ -62.467384, 10.555508 ], [ -62.467964, 10.555527 ], [ -62.468548, 10.555568 ], [ -62.469730, 10.555515 ], [ -62.470497, 10.555347 ], [ -62.471703, 10.555132 ], [ -62.472351, 10.554898 ], [ -62.473045, 10.554503 ], [ -62.473507, 10.554270 ], [ -62.473995, 10.553923 ], [ -62.474384, 10.553575 ], [ -62.474918, 10.553248 ], [ -62.475380, 10.552993 ], [ -62.475914, 10.552829 ], [ -62.476471, 10.552619 ], [ -62.477074, 10.552430 ], [ -62.477631, 10.552311 ], [ -62.478161, 10.552216 ], [ -62.478539, 10.552649 ], [ -62.478867, 10.553060 ], [ -62.479363, 10.554044 ], [ -62.479717, 10.554502 ], [ -62.480251, 10.554864 ], [ -62.480835, 10.554952 ], [ -62.481415, 10.554948 ], [ -62.482670, 10.554846 ], [ -62.483322, 10.555003 ], [ -62.483742, 10.555298 ], [ -62.484161, 10.555640 ], [ -62.484585, 10.556050 ], [ -62.485096, 10.556391 ], [ -62.485634, 10.556548 ], [ -62.486191, 10.556659 ], [ -62.486820, 10.556562 ], [ -62.487373, 10.556397 ], [ -62.487934, 10.556279 ], [ -62.489067, 10.555948 ], [ -62.489555, 10.555784 ], [ -62.490757, 10.555203 ], [ -62.491242, 10.554854 ], [ -62.491775, 10.554437 ], [ -62.492382, 10.554616 ], [ -62.492638, 10.555097 ], [ -62.493061, 10.555415 ], [ -62.493618, 10.555411 ], [ -62.494038, 10.555706 ], [ -62.494343, 10.556141 ], [ -62.494717, 10.556552 ], [ -62.495140, 10.556892 ], [ -62.495792, 10.557117 ], [ -62.496327, 10.557113 ], [ -62.496975, 10.556902 ], [ -62.497459, 10.556600 ], [ -62.497925, 10.556344 ], [ -62.498432, 10.555973 ], [ -62.498962, 10.555649 ], [ -62.499496, 10.555529 ], [ -62.500336, 10.554679 ], [ -62.501160, 10.554056 ], [ -62.501663, 10.553704 ], [ -62.502556, 10.552929 ], [ -62.502941, 10.552532 ], [ -62.503376, 10.552043 ], [ -62.503784, 10.551645 ], [ -62.504219, 10.551291 ], [ -62.504604, 10.550825 ], [ -62.504994, 10.550405 ], [ -62.505474, 10.550168 ], [ -62.506073, 10.549859 ], [ -62.506557, 10.549551 ], [ -62.507015, 10.549291 ], [ -62.507546, 10.549052 ], [ -62.508358, 10.549020 ], [ -62.509197, 10.549185 ], [ -62.509785, 10.549450 ], [ -62.510231, 10.549717 ], [ -62.510723, 10.550030 ], [ -62.511215, 10.550298 ], [ -62.511803, 10.550654 ], [ -62.512318, 10.550944 ], [ -62.512860, 10.551143 ], [ -62.513439, 10.551087 ], [ -62.513946, 10.550961 ], [ -62.514477, 10.550793 ], [ -62.515030, 10.550553 ], [ -62.515560, 10.550338 ], [ -62.516018, 10.549961 ], [ -62.516525, 10.549655 ], [ -62.516933, 10.549302 ], [ -62.517418, 10.549088 ], [ -62.517994, 10.548847 ], [ -62.518452, 10.548471 ], [ -62.518650, 10.547848 ], [ -62.519131, 10.547517 ], [ -62.520165, 10.546972 ], [ -62.520649, 10.546664 ], [ -62.521179, 10.546562 ], [ -62.521973, 10.546802 ], [ -62.522510, 10.547023 ], [ -62.523094, 10.547196 ], [ -62.523606, 10.547118 ], [ -62.524086, 10.546857 ], [ -62.524548, 10.546574 ], [ -62.525127, 10.546585 ], [ -62.525619, 10.546877 ], [ -62.526668, 10.548145 ], [ -62.526955, 10.548622 ], [ -62.527267, 10.549169 ], [ -62.527653, 10.549805 ], [ -62.527985, 10.550305 ], [ -62.528393, 10.550827 ], [ -62.528912, 10.551300 ], [ -62.529362, 10.551728 ], [ -62.529762, 10.552067 ], [ -62.530258, 10.552448 ], [ -62.530682, 10.552740 ], [ -62.531196, 10.552960 ], [ -62.531731, 10.553066 ], [ -62.532410, 10.553238 ], [ -62.532921, 10.553345 ], [ -62.533504, 10.553540 ], [ -62.534023, 10.553761 ], [ -62.534679, 10.554117 ], [ -62.535172, 10.554407 ], [ -62.535690, 10.554697 ], [ -62.536202, 10.554758 ], [ -62.536945, 10.554767 ], [ -62.537689, 10.554846 ], [ -62.538612, 10.554555 ], [ -62.539169, 10.554476 ], [ -62.539749, 10.554512 ], [ -62.540287, 10.554641 ], [ -62.541054, 10.554741 ], [ -62.541775, 10.554728 ], [ -62.542469, 10.554555 ], [ -62.543415, 10.554287 ], [ -62.544155, 10.554021 ], [ -62.544762, 10.554126 ], [ -62.545483, 10.554319 ], [ -62.546021, 10.554517 ], [ -62.546562, 10.554783 ], [ -62.547077, 10.555051 ], [ -62.548367, 10.555624 ], [ -62.548996, 10.555843 ], [ -62.549793, 10.556106 ], [ -62.550984, 10.556430 ], [ -62.551731, 10.556623 ], [ -62.552315, 10.556750 ], [ -62.553478, 10.556913 ], [ -62.554153, 10.557086 ], [ -62.554996, 10.557347 ], [ -62.556210, 10.557762 ], [ -62.557732, 10.558401 ], [ -62.558250, 10.558645 ], [ -62.558765, 10.558958 ], [ -62.559376, 10.559315 ], [ -62.560440, 10.560148 ], [ -62.560982, 10.560597 ], [ -62.561428, 10.560911 ], [ -62.561966, 10.561109 ], [ -62.562573, 10.561167 ], [ -62.563107, 10.561180 ], [ -62.563709, 10.561216 ], [ -62.564457, 10.561295 ], [ -62.564858, 10.561632 ], [ -62.565239, 10.562201 ], [ -62.565552, 10.562768 ], [ -62.565750, 10.563363 ], [ -62.566021, 10.564116 ], [ -62.566330, 10.564570 ], [ -62.566807, 10.565066 ], [ -62.567345, 10.565380 ], [ -62.567883, 10.565578 ], [ -62.569756, 10.566418 ], [ -62.570297, 10.566706 ], [ -62.570721, 10.566998 ], [ -62.571377, 10.567353 ], [ -62.572010, 10.567663 ], [ -62.573277, 10.568171 ], [ -62.573860, 10.568391 ], [ -62.574444, 10.568564 ], [ -62.575096, 10.568690 ], [ -62.575748, 10.568725 ], [ -62.576351, 10.568714 ], [ -62.576954, 10.568657 ], [ -62.577488, 10.568625 ], [ -62.578670, 10.568514 ], [ -62.579346, 10.568523 ], [ -62.579998, 10.568673 ], [ -62.580605, 10.568754 ], [ -62.581257, 10.568811 ], [ -62.582512, 10.568882 ], [ -62.584324, 10.568849 ], [ -62.584854, 10.568817 ], [ -62.585293, 10.568511 ], [ -62.585701, 10.567998 ], [ -62.586018, 10.567579 ], [ -62.586403, 10.567181 ], [ -62.586815, 10.566830 ], [ -62.586994, 10.566344 ], [ -62.587524, 10.566265 ], [ -62.588177, 10.566370 ], [ -62.588760, 10.566566 ], [ -62.589279, 10.566879 ], [ -62.589817, 10.567190 ], [ -62.590313, 10.567457 ], [ -62.590855, 10.567838 ], [ -62.591278, 10.568176 ], [ -62.591778, 10.568719 ], [ -62.592228, 10.569171 ], [ -62.592674, 10.569461 ], [ -62.593212, 10.569751 ], [ -62.593800, 10.569969 ], [ -62.594547, 10.570232 ], [ -62.595058, 10.570362 ], [ -62.595619, 10.570374 ], [ -62.596199, 10.570272 ], [ -62.596706, 10.570171 ], [ -62.597282, 10.570023 ], [ -62.597862, 10.569921 ], [ -62.598976, 10.569810 ], [ -62.599533, 10.569777 ], [ -62.600002, 10.570045 ], [ -62.601108, 10.570738 ], [ -62.601624, 10.571003 ], [ -62.602184, 10.571224 ], [ -62.602722, 10.571305 ], [ -62.603279, 10.571341 ], [ -62.603787, 10.571218 ], [ -62.604317, 10.570978 ], [ -62.604729, 10.570535 ], [ -62.605187, 10.570206 ], [ -62.605698, 10.570265 ], [ -62.606327, 10.570324 ], [ -62.606911, 10.570474 ], [ -62.607403, 10.570695 ], [ -62.607849, 10.571033 ], [ -62.608772, 10.571865 ], [ -62.609199, 10.572271 ], [ -62.609692, 10.572583 ], [ -62.610912, 10.573229 ], [ -62.611591, 10.573540 ], [ -62.612293, 10.573733 ], [ -62.613014, 10.573859 ], [ -62.613575, 10.573916 ], [ -62.614155, 10.573884 ], [ -62.614731, 10.573737 ], [ -62.615841, 10.573510 ], [ -62.616325, 10.573294 ], [ -62.616860, 10.573307 ], [ -62.617374, 10.573482 ], [ -62.617912, 10.573703 ], [ -62.618359, 10.573970 ], [ -62.618809, 10.574307 ], [ -62.619373, 10.574619 ], [ -62.619911, 10.574861 ], [ -62.620613, 10.575080 ], [ -62.621243, 10.575253 ], [ -62.622639, 10.575480 ], [ -62.623173, 10.575493 ], [ -62.623871, 10.575436 ], [ -62.624424, 10.575242 ], [ -62.624977, 10.575093 ], [ -62.626881, 10.574992 ], [ -62.627556, 10.574911 ], [ -62.628086, 10.574809 ], [ -62.628593, 10.574617 ], [ -62.629074, 10.574310 ], [ -62.629486, 10.573957 ], [ -62.629803, 10.573538 ], [ -62.630238, 10.573117 ], [ -62.630413, 10.572631 ], [ -62.630970, 10.572576 ], [ -62.631554, 10.572819 ], [ -62.632027, 10.573085 ], [ -62.632588, 10.573421 ], [ -62.633015, 10.573734 ], [ -62.633461, 10.574025 ], [ -62.634048, 10.574383 ], [ -62.634544, 10.574764 ], [ -62.635040, 10.575169 ], [ -62.635559, 10.575573 ], [ -62.636005, 10.575841 ], [ -62.637153, 10.576441 ], [ -62.637695, 10.576776 ], [ -62.638283, 10.577156 ], [ -62.638847, 10.577399 ], [ -62.639713, 10.577798 ], [ -62.640392, 10.577992 ], [ -62.641067, 10.578141 ], [ -62.641697, 10.578268 ], [ -62.642441, 10.578391 ], [ -62.643841, 10.578551 ], [ -62.645260, 10.578732 ], [ -62.645844, 10.578792 ], [ -62.646355, 10.578874 ], [ -62.646984, 10.579001 ], [ -62.647686, 10.579219 ], [ -62.648178, 10.579393 ], [ -62.648830, 10.579611 ], [ -62.649509, 10.579783 ], [ -62.650257, 10.579999 ], [ -62.651028, 10.580261 ], [ -62.651707, 10.580457 ], [ -62.652264, 10.580607 ], [ -62.652893, 10.580711 ], [ -62.653477, 10.580770 ], [ -62.654083, 10.580850 ], [ -62.654736, 10.580955 ], [ -62.656479, 10.581152 ], [ -62.657017, 10.581189 ], [ -62.657734, 10.581152 ], [ -62.658478, 10.581070 ], [ -62.659656, 10.580866 ], [ -62.660305, 10.580717 ], [ -62.661255, 10.580540 ], [ -62.662178, 10.580293 ], [ -62.663380, 10.579996 ], [ -62.663937, 10.579940 ], [ -62.664841, 10.579877 ], [ -62.668282, 10.579816 ], [ -62.668953, 10.579827 ], [ -62.669533, 10.579863 ], [ -62.670208, 10.579943 ], [ -62.671371, 10.580014 ], [ -62.672161, 10.580045 ], [ -62.672905, 10.580032 ], [ -62.673580, 10.579997 ], [ -62.674137, 10.579941 ], [ -62.674759, 10.579792 ], [ -62.675289, 10.579576 ], [ -62.676098, 10.579193 ], [ -62.676602, 10.578863 ], [ -62.677178, 10.578577 ], [ -62.677658, 10.578362 ], [ -62.679039, 10.577717 ], [ -62.679546, 10.577501 ], [ -62.680557, 10.576978 ], [ -62.681111, 10.576646 ], [ -62.681595, 10.576385 ], [ -62.682053, 10.576055 ], [ -62.682625, 10.575723 ], [ -62.683681, 10.575151 ], [ -62.684189, 10.574914 ], [ -62.684742, 10.574697 ], [ -62.685299, 10.574503 ], [ -62.685871, 10.574239 ], [ -62.686398, 10.573771 ], [ -62.686714, 10.573329 ], [ -62.687008, 10.572819 ], [ -62.687321, 10.572375 ], [ -62.687851, 10.572021 ], [ -62.688446, 10.571666 ], [ -62.688930, 10.571427 ], [ -62.689484, 10.571142 ], [ -62.690079, 10.570810 ], [ -62.690723, 10.570407 ], [ -62.691296, 10.570030 ], [ -62.691868, 10.569630 ], [ -62.692371, 10.569252 ], [ -62.693451, 10.568543 ], [ -62.693955, 10.568234 ], [ -62.694485, 10.567951 ], [ -62.694942, 10.567689 ], [ -62.695492, 10.567312 ], [ -62.695953, 10.567074 ], [ -62.696602, 10.566948 ], [ -62.697182, 10.566891 ], [ -62.697689, 10.566791 ], [ -62.698269, 10.566642 ], [ -62.698776, 10.566495 ], [ -62.699261, 10.566303 ], [ -62.700340, 10.565709 ], [ -62.700897, 10.565606 ], [ -62.701961, 10.565449 ], [ -62.702583, 10.565278 ], [ -62.703068, 10.565040 ], [ -62.704079, 10.564516 ], [ -62.704586, 10.564300 ], [ -62.705925, 10.563861 ], [ -62.707237, 10.563287 ], [ -62.707813, 10.563001 ], [ -62.708320, 10.562854 ], [ -62.708969, 10.562705 ], [ -62.709618, 10.562601 ], [ -62.710800, 10.562533 ], [ -62.711521, 10.562543 ], [ -62.712101, 10.562579 ], [ -62.712872, 10.562679 ], [ -62.713474, 10.562624 ], [ -62.714123, 10.562520 ], [ -62.715439, 10.562174 ], [ -62.716087, 10.561979 ], [ -62.716595, 10.561878 ], [ -62.717266, 10.561729 ], [ -62.718494, 10.561567 ], [ -62.719051, 10.561536 ], [ -62.719586, 10.561479 ], [ -62.721207, 10.561381 ], [ -62.722301, 10.561407 ], [ -62.722954, 10.561464 ], [ -62.723556, 10.561500 ], [ -62.724114, 10.561558 ], [ -62.724651, 10.561595 ], [ -62.725163, 10.561654 ], [ -62.725769, 10.561736 ], [ -62.726399, 10.561792 ], [ -62.726932, 10.561899 ], [ -62.727448, 10.561957 ], [ -62.728050, 10.561993 ], [ -62.728726, 10.562027 ], [ -62.729374, 10.562038 ], [ -62.730003, 10.562026 ], [ -62.730534, 10.561995 ], [ -62.731186, 10.561936 ], [ -62.731857, 10.561855 ], [ -62.732922, 10.561698 ], [ -62.733456, 10.561644 ], [ -62.734268, 10.561536 ], [ -62.735031, 10.561408 ], [ -62.735748, 10.561302 ], [ -62.736954, 10.561050 ], [ -62.737484, 10.560950 ], [ -62.738663, 10.560675 ], [ -62.739170, 10.560506 ], [ -62.739773, 10.560333 ], [ -62.740303, 10.560163 ], [ -62.740856, 10.560038 ], [ -62.741528, 10.559866 ], [ -62.743355, 10.559443 ], [ -62.743935, 10.559362 ], [ -62.745003, 10.559342 ], [ -62.745674, 10.559354 ], [ -62.746212, 10.559390 ], [ -62.746746, 10.559471 ], [ -62.747375, 10.559621 ], [ -62.747917, 10.559865 ], [ -62.748432, 10.560062 ], [ -62.748970, 10.560306 ], [ -62.749443, 10.560711 ], [ -62.749870, 10.561116 ], [ -62.750317, 10.561499 ], [ -62.750698, 10.561975 ], [ -62.751057, 10.562496 ], [ -62.751473, 10.563592 ], [ -62.751900, 10.563883 ], [ -62.752663, 10.563799 ], [ -62.752964, 10.563192 ], [ -62.753708, 10.562677 ], [ -62.754452, 10.562757 ], [ -62.755012, 10.562793 ], [ -62.755547, 10.562851 ], [ -62.756153, 10.562933 ], [ -62.757271, 10.563142 ], [ -62.757786, 10.563248 ], [ -62.758530, 10.563349 ], [ -62.759228, 10.563406 ], [ -62.759762, 10.563418 ], [ -62.760369, 10.563408 ], [ -62.761482, 10.563434 ], [ -62.762108, 10.563421 ], [ -62.762898, 10.563385 ], [ -62.763710, 10.563325 ], [ -62.764336, 10.563268 ], [ -62.765011, 10.563232 ], [ -62.766334, 10.563207 ], [ -62.767098, 10.563215 ], [ -62.768448, 10.563191 ], [ -62.769073, 10.563158 ], [ -62.769817, 10.563098 ], [ -62.770580, 10.563062 ], [ -62.771370, 10.562979 ], [ -62.772621, 10.562862 ], [ -62.773155, 10.562760 ], [ -62.773685, 10.562682 ], [ -62.774265, 10.562580 ], [ -62.774845, 10.562502 ], [ -62.775517, 10.562397 ], [ -62.777180, 10.562022 ], [ -62.777828, 10.561918 ], [ -62.778454, 10.561769 ], [ -62.778961, 10.561668 ], [ -62.780235, 10.561484 ], [ -62.780792, 10.561381 ], [ -62.781303, 10.561304 ], [ -62.781811, 10.561156 ], [ -62.782433, 10.561029 ], [ -62.783035, 10.560812 ], [ -62.783539, 10.560597 ], [ -62.784069, 10.560357 ], [ -62.784554, 10.560118 ], [ -62.785084, 10.559834 ], [ -62.786182, 10.559148 ], [ -62.786640, 10.558840 ], [ -62.787239, 10.558483 ], [ -62.787723, 10.558222 ], [ -62.788273, 10.557891 ], [ -62.789009, 10.557510 ], [ -62.789444, 10.557226 ], [ -62.789925, 10.556941 ], [ -62.790474, 10.556519 ], [ -62.790954, 10.556118 ], [ -62.791412, 10.555719 ], [ -62.791870, 10.555344 ], [ -62.792301, 10.554968 ], [ -62.792759, 10.554615 ], [ -62.793266, 10.554261 ], [ -62.793861, 10.553884 ], [ -62.794365, 10.553597 ], [ -62.795403, 10.553143 ], [ -62.795910, 10.552902 ], [ -62.796417, 10.552711 ], [ -62.797592, 10.552229 ], [ -62.798603, 10.551843 ], [ -62.799297, 10.551532 ], [ -62.799942, 10.551268 ], [ -62.800953, 10.550766 ], [ -62.802288, 10.550053 ], [ -62.802837, 10.549744 ], [ -62.803989, 10.549148 ], [ -62.804447, 10.548887 ], [ -62.805065, 10.548554 ], [ -62.806194, 10.548005 ], [ -62.806793, 10.547694 ], [ -62.807365, 10.547431 ], [ -62.807987, 10.547076 ], [ -62.809090, 10.546505 ], [ -62.809620, 10.546241 ], [ -62.811005, 10.545642 ], [ -62.811672, 10.545400 ], [ -62.812847, 10.545056 ], [ -62.813496, 10.544884 ], [ -62.814167, 10.544689 ], [ -62.815643, 10.544316 ], [ -62.816475, 10.544072 ], [ -62.817123, 10.543921 ], [ -62.817795, 10.543749 ], [ -62.818466, 10.543598 ], [ -62.818996, 10.543542 ], [ -62.819576, 10.543440 ], [ -62.820248, 10.543290 ], [ -62.820755, 10.543189 ], [ -62.821331, 10.543017 ], [ -62.821980, 10.542913 ], [ -62.823307, 10.542934 ], [ -62.824024, 10.542921 ], [ -62.824581, 10.542890 ], [ -62.825275, 10.542807 ], [ -62.825928, 10.542749 ], [ -62.827202, 10.542680 ], [ -62.827763, 10.542693 ], [ -62.828297, 10.542684 ], [ -62.828945, 10.542716 ], [ -62.829456, 10.542776 ], [ -62.830040, 10.542857 ], [ -62.831181, 10.542883 ], [ -62.831760, 10.542849 ], [ -62.832802, 10.542645 ], [ -62.833359, 10.542636 ], [ -62.833893, 10.542649 ], [ -62.834450, 10.542684 ], [ -62.834995, 10.542555 ], [ -62.835438, 10.542305 ], [ -62.835953, 10.542146 ], [ -62.836464, 10.542128 ], [ -62.836975, 10.542153 ], [ -62.837509, 10.542156 ], [ -62.838089, 10.542184 ], [ -62.838669, 10.541981 ], [ -62.839298, 10.541663 ], [ -62.839745, 10.541367 ], [ -62.840256, 10.541209 ], [ -62.840813, 10.541099 ], [ -62.841305, 10.540894 ], [ -62.841839, 10.540576 ], [ -62.842331, 10.540327 ], [ -62.842842, 10.540123 ], [ -62.843449, 10.539898 ], [ -62.844006, 10.539648 ], [ -62.844452, 10.539351 ], [ -62.844917, 10.539080 ], [ -62.845524, 10.538692 ], [ -62.845989, 10.538373 ], [ -62.846645, 10.537964 ], [ -62.847202, 10.537692 ], [ -62.847694, 10.537419 ], [ -62.848301, 10.537148 ], [ -62.848766, 10.536875 ], [ -62.849323, 10.536579 ], [ -62.848705, 10.535885 ], [ -62.847500, 10.535395 ], [ -62.846527, 10.535021 ], [ -62.836380, 10.528172 ], [ -62.831764, 10.512165 ], [ -62.827164, 10.506159 ], [ -62.817055, 10.500804 ], [ -62.791927, 10.497831 ], [ -62.781235, 10.499207 ], [ -62.769581, 10.504760 ], [ -62.762516, 10.502253 ], [ -62.758808, 10.495652 ], [ -62.757984, 10.485004 ], [ -62.754764, 10.478085 ], [ -62.731018, 10.444015 ], [ -62.649319, 10.354153 ], [ -62.649071, 10.353599 ], [ -62.648499, 10.352514 ], [ -62.648064, 10.351477 ], [ -62.647930, 10.350947 ], [ -62.644737, 10.333353 ], [ -62.659206, 10.301594 ], [ -62.666286, 10.301743 ], [ -62.672867, 10.297740 ], [ -62.665790, 10.274173 ], [ -62.664284, 10.227775 ], [ -62.658131, 10.211201 ], [ -62.657055, 10.198749 ], [ -62.637134, 10.175675 ], [ -62.627728, 10.168895 ], [ -62.617493, 10.127830 ], [ -62.613922, 10.121319 ], [ -62.619976, 10.109692 ], [ -62.625713, 10.106221 ], [ -62.622543, 10.101465 ], [ -62.623279, 10.101052 ], [ -62.625042, 10.099960 ], [ -62.625763, 10.099536 ], [ -62.626488, 10.099093 ], [ -62.627049, 10.098705 ], [ -62.627590, 10.098308 ], [ -62.628105, 10.097920 ], [ -62.629025, 10.097206 ], [ -62.629921, 10.096529 ], [ -62.630550, 10.096087 ], [ -62.632995, 10.094254 ], [ -62.634117, 10.093377 ], [ -62.634609, 10.092979 ], [ -62.635082, 10.092637 ], [ -62.636093, 10.091932 ], [ -62.637295, 10.091209 ], [ -62.637768, 10.090957 ], [ -62.638336, 10.090632 ], [ -62.639397, 10.090010 ], [ -62.640411, 10.089396 ], [ -62.640861, 10.089098 ], [ -62.641335, 10.088772 ], [ -62.641834, 10.088502 ], [ -62.642330, 10.088203 ], [ -62.642899, 10.087896 ], [ -62.643326, 10.087581 ], [ -62.643726, 10.087246 ], [ -62.644619, 10.086443 ], [ -62.646236, 10.085269 ], [ -62.647678, 10.084330 ], [ -62.648605, 10.083715 ], [ -62.649162, 10.083255 ], [ -62.649635, 10.082912 ], [ -62.650082, 10.082568 ], [ -62.650551, 10.082134 ], [ -62.651085, 10.081602 ], [ -62.651478, 10.081122 ], [ -62.651901, 10.080689 ], [ -62.652386, 10.080147 ], [ -62.652847, 10.079614 ], [ -62.653309, 10.079018 ], [ -62.653820, 10.078539 ], [ -62.654800, 10.077644 ], [ -62.655338, 10.077229 ], [ -62.655968, 10.076715 ], [ -62.656593, 10.076181 ], [ -62.657761, 10.075323 ], [ -62.658367, 10.074934 ], [ -62.659176, 10.074347 ], [ -62.660191, 10.073679 ], [ -62.660912, 10.073165 ], [ -62.661469, 10.072704 ], [ -62.662052, 10.072262 ], [ -62.662662, 10.071864 ], [ -62.663185, 10.071593 ], [ -62.663750, 10.071314 ], [ -62.664432, 10.071007 ], [ -62.665024, 10.070727 ], [ -62.665775, 10.070393 ], [ -62.666687, 10.070004 ], [ -62.667553, 10.069671 ], [ -62.668079, 10.069491 ], [ -62.669613, 10.069095 ], [ -62.670444, 10.068924 ], [ -62.671200, 10.068753 ], [ -62.672607, 10.068573 ], [ -62.673576, 10.068411 ], [ -62.674129, 10.068339 ], [ -62.676113, 10.068025 ], [ -62.676758, 10.067907 ], [ -62.678490, 10.067693 ], [ -62.679249, 10.067584 ], [ -62.680008, 10.067441 ], [ -62.680653, 10.067297 ], [ -62.682213, 10.066928 ], [ -62.684170, 10.066495 ], [ -62.685730, 10.066126 ], [ -62.686306, 10.066027 ], [ -62.687038, 10.065883 ], [ -62.687641, 10.065784 ], [ -62.688766, 10.065549 ], [ -62.689484, 10.065451 ], [ -62.690082, 10.065352 ], [ -62.690727, 10.065307 ], [ -62.691444, 10.065199 ], [ -62.692272, 10.065028 ], [ -62.692894, 10.064929 ], [ -62.693634, 10.064831 ], [ -62.694878, 10.064633 ], [ -62.695705, 10.064526 ], [ -62.696285, 10.064435 ], [ -62.696838, 10.064391 ], [ -62.697460, 10.064291 ], [ -62.698433, 10.064202 ], [ -62.699932, 10.064023 ], [ -62.700466, 10.063996 ], [ -62.701069, 10.063987 ], [ -62.704086, 10.064016 ], [ -62.705433, 10.063937 ], [ -62.706100, 10.063856 ], [ -62.706722, 10.063757 ], [ -62.707531, 10.063659 ], [ -62.708546, 10.063496 ], [ -62.709423, 10.063389 ], [ -62.709999, 10.063290 ], [ -62.710644, 10.063245 ], [ -62.711296, 10.063209 ], [ -62.712036, 10.063201 ], [ -62.712799, 10.063166 ], [ -62.714191, 10.063148 ], [ -62.714821, 10.063149 ], [ -62.715610, 10.063131 ], [ -62.716698, 10.063087 ], [ -62.717491, 10.063115 ], [ -62.718117, 10.063162 ], [ -62.718750, 10.063243 ], [ -62.719357, 10.063334 ], [ -62.719967, 10.063470 ], [ -62.722877, 10.064215 ], [ -62.723816, 10.064405 ], [ -62.724403, 10.064513 ], [ -62.725220, 10.064641 ], [ -62.726368, 10.064841 ], [ -62.727303, 10.064978 ], [ -62.728146, 10.065124 ], [ -62.729271, 10.065422 ], [ -62.730072, 10.065658 ], [ -62.730827, 10.065947 ], [ -62.731518, 10.066283 ], [ -62.732117, 10.066654 ], [ -62.732620, 10.067017 ], [ -62.733150, 10.067433 ], [ -62.734089, 10.068221 ], [ -62.734692, 10.068674 ], [ -62.735901, 10.069723 ], [ -62.736290, 10.070095 ], [ -62.737198, 10.071209 ], [ -62.737621, 10.071761 ], [ -62.738483, 10.072810 ], [ -62.738830, 10.073344 ], [ -62.739277, 10.073941 ], [ -62.739979, 10.075036 ], [ -62.740299, 10.075507 ], [ -62.740605, 10.076022 ], [ -62.741581, 10.077569 ], [ -62.742001, 10.078149 ], [ -62.742451, 10.078818 ], [ -62.742947, 10.079479 ], [ -62.743488, 10.080149 ], [ -62.743980, 10.080819 ], [ -62.744400, 10.081325 ], [ -62.744793, 10.081769 ], [ -62.745205, 10.082167 ], [ -62.745876, 10.082593 ], [ -62.746521, 10.083027 ], [ -62.747307, 10.083426 ], [ -62.748089, 10.083761 ], [ -62.748798, 10.084023 ], [ -62.749294, 10.084231 ], [ -62.750195, 10.084659 ], [ -62.751122, 10.085120 ], [ -62.751881, 10.085427 ], [ -62.752522, 10.085699 ], [ -62.753063, 10.085880 ], [ -62.753815, 10.086054 ], [ -62.754723, 10.086109 ], [ -62.755623, 10.086064 ], [ -62.758270, 10.086021 ], [ -62.758823, 10.085994 ], [ -62.759472, 10.085922 ], [ -62.760254, 10.085769 ], [ -62.761017, 10.085661 ], [ -62.761608, 10.085481 ], [ -62.762253, 10.085337 ], [ -62.763580, 10.084886 ], [ -62.764172, 10.084650 ], [ -62.764671, 10.084425 ], [ -62.765739, 10.083892 ], [ -62.766304, 10.083585 ], [ -62.767441, 10.082989 ], [ -62.768482, 10.082456 ], [ -62.769051, 10.082221 ], [ -62.770851, 10.081453 ], [ -62.771667, 10.081075 ], [ -62.773285, 10.080352 ], [ -62.773808, 10.080126 ], [ -62.774624, 10.079746 ], [ -62.775238, 10.079411 ], [ -62.775936, 10.079015 ], [ -62.776684, 10.078572 ], [ -62.777874, 10.077759 ], [ -62.778439, 10.077388 ], [ -62.779514, 10.076530 ], [ -62.780090, 10.075951 ], [ -62.780491, 10.075527 ], [ -62.780865, 10.075067 ], [ -62.781235, 10.074569 ], [ -62.781601, 10.073954 ], [ -62.782200, 10.072850 ], [ -62.782879, 10.071458 ], [ -62.783173, 10.070807 ], [ -62.783703, 10.069695 ], [ -62.784042, 10.069062 ], [ -62.784424, 10.068221 ], [ -62.784630, 10.067706 ], [ -62.784927, 10.067046 ], [ -62.785084, 10.066512 ], [ -62.785332, 10.065806 ], [ -62.785919, 10.063945 ], [ -62.786053, 10.063266 ], [ -62.786179, 10.062524 ], [ -62.786339, 10.060453 ], [ -62.786434, 10.059523 ], [ -62.786614, 10.057334 ], [ -62.786694, 10.056619 ], [ -62.786800, 10.055922 ], [ -62.786949, 10.055108 ], [ -62.787041, 10.054557 ], [ -62.787155, 10.054042 ], [ -62.787285, 10.053300 ], [ -62.787418, 10.052694 ], [ -62.787697, 10.051211 ], [ -62.787826, 10.050035 ], [ -62.787834, 10.049158 ], [ -62.787811, 10.047666 ], [ -62.787796, 10.045803 ], [ -62.787807, 10.045043 ], [ -62.787804, 10.044491 ], [ -62.787872, 10.043939 ], [ -62.788113, 10.042637 ], [ -62.788250, 10.042076 ], [ -62.788540, 10.040801 ], [ -62.788681, 10.040359 ], [ -62.788750, 10.039824 ], [ -62.789085, 10.038061 ], [ -62.789383, 10.037456 ], [ -62.789730, 10.036959 ], [ -62.790177, 10.036588 ], [ -62.790650, 10.036317 ], [ -62.791153, 10.036082 ], [ -62.791721, 10.035856 ], [ -62.793125, 10.035559 ], [ -62.793747, 10.035487 ], [ -62.795155, 10.035261 ], [ -62.795776, 10.035208 ], [ -62.796474, 10.035198 ], [ -62.797100, 10.035172 ], [ -62.797726, 10.035191 ], [ -62.799542, 10.035291 ], [ -62.800171, 10.035355 ], [ -62.800732, 10.035401 ], [ -62.801289, 10.035473 ], [ -62.802784, 10.035609 ], [ -62.803391, 10.035701 ], [ -62.804909, 10.035882 ], [ -62.807335, 10.036137 ], [ -62.808060, 10.036245 ], [ -62.808758, 10.036327 ], [ -62.809460, 10.036455 ], [ -62.810276, 10.036537 ], [ -62.811024, 10.036592 ], [ -62.811794, 10.036674 ], [ -62.812489, 10.036692 ], [ -62.813191, 10.036774 ], [ -62.813957, 10.036810 ], [ -62.814655, 10.036865 ], [ -62.815308, 10.036882 ], [ -62.815846, 10.036929 ], [ -62.817287, 10.037002 ], [ -62.817890, 10.037047 ], [ -62.818619, 10.037174 ], [ -62.819531, 10.037364 ], [ -62.820282, 10.037555 ], [ -62.820873, 10.037718 ], [ -62.821461, 10.037918 ], [ -62.822594, 10.038325 ], [ -62.823139, 10.038561 ], [ -62.823662, 10.038805 ], [ -62.824188, 10.039131 ], [ -62.824791, 10.039610 ], [ -62.825302, 10.040163 ], [ -62.826241, 10.041356 ], [ -62.827187, 10.042768 ], [ -62.827663, 10.043502 ], [ -62.827992, 10.044044 ], [ -62.828701, 10.045392 ], [ -62.828964, 10.045980 ], [ -62.829445, 10.047338 ], [ -62.829658, 10.047970 ], [ -62.829800, 10.048495 ], [ -62.829986, 10.049010 ], [ -62.830250, 10.049671 ], [ -62.830845, 10.050974 ], [ -62.831085, 10.051679 ], [ -62.831386, 10.052701 ], [ -62.831551, 10.053199 ], [ -62.831749, 10.053968 ], [ -62.831890, 10.054564 ], [ -62.832172, 10.055650 ], [ -62.832508, 10.056808 ], [ -62.832707, 10.057631 ], [ -62.832954, 10.058951 ], [ -62.833031, 10.059566 ], [ -62.833122, 10.060091 ], [ -62.833412, 10.062263 ], [ -62.833508, 10.062840 ], [ -62.833958, 10.065021 ], [ -62.834129, 10.065772 ], [ -62.834278, 10.066478 ], [ -62.834450, 10.067164 ], [ -62.834549, 10.067735 ], [ -62.834831, 10.068847 ], [ -62.834980, 10.069552 ], [ -62.835182, 10.070946 ], [ -62.835236, 10.071543 ], [ -62.835426, 10.072176 ], [ -62.835682, 10.072656 ], [ -62.836411, 10.073859 ], [ -62.836929, 10.074529 ], [ -62.837402, 10.075197 ], [ -62.837929, 10.075605 ], [ -62.838554, 10.076022 ], [ -62.839248, 10.076465 ], [ -62.840664, 10.077442 ], [ -62.841141, 10.077696 ], [ -62.841763, 10.078086 ], [ -62.842258, 10.078312 ], [ -62.843155, 10.078620 ], [ -62.843697, 10.078773 ], [ -62.844940, 10.079045 ], [ -62.846577, 10.079289 ], [ -62.847366, 10.079327 ], [ -62.847969, 10.079273 ], [ -62.848591, 10.079173 ], [ -62.849304, 10.079002 ], [ -62.849827, 10.078821 ], [ -62.850506, 10.078442 ], [ -62.851047, 10.078080 ], [ -62.851536, 10.077620 ], [ -62.851955, 10.077158 ], [ -62.852509, 10.076589 ], [ -62.853016, 10.076010 ], [ -62.853416, 10.075604 ], [ -62.853924, 10.075006 ], [ -62.854336, 10.074409 ], [ -62.854591, 10.073939 ], [ -62.854889, 10.073325 ], [ -62.855289, 10.071978 ], [ -62.855446, 10.071326 ], [ -62.855854, 10.069101 ], [ -62.855934, 10.068377 ], [ -62.856037, 10.067591 ], [ -62.856175, 10.066027 ], [ -62.856255, 10.065285 ], [ -62.856426, 10.064453 ], [ -62.856518, 10.063919 ], [ -62.856724, 10.062869 ], [ -62.856861, 10.062337 ], [ -62.857063, 10.061730 ], [ -62.857635, 10.060465 ], [ -62.857887, 10.059939 ], [ -62.858597, 10.058764 ], [ -62.859096, 10.058005 ], [ -62.859447, 10.057527 ], [ -62.859867, 10.057075 ], [ -62.860268, 10.056685 ], [ -62.860714, 10.056341 ], [ -62.861320, 10.055926 ], [ -62.861843, 10.055628 ], [ -62.862457, 10.055347 ], [ -62.863026, 10.055113 ], [ -62.863712, 10.054878 ], [ -62.864372, 10.054634 ], [ -62.865501, 10.054399 ], [ -62.866833, 10.054065 ], [ -62.867428, 10.053947 ], [ -62.867962, 10.053875 ], [ -62.868816, 10.053812 ], [ -62.869415, 10.053722 ], [ -62.870476, 10.053578 ], [ -62.872116, 10.053390 ], [ -62.872856, 10.053363 ], [ -62.873695, 10.053407 ], [ -62.874512, 10.053489 ], [ -62.875351, 10.053589 ], [ -62.876759, 10.053852 ], [ -62.877388, 10.053915 ], [ -62.877926, 10.054007 ], [ -62.878651, 10.054152 ], [ -62.880551, 10.054577 ], [ -62.881092, 10.054713 ], [ -62.882358, 10.055003 ], [ -62.883041, 10.055221 ], [ -62.883820, 10.055419 ], [ -62.885490, 10.055917 ], [ -62.886925, 10.056307 ], [ -62.887558, 10.056442 ], [ -62.888310, 10.056642 ], [ -62.889393, 10.056958 ], [ -62.889976, 10.057049 ], [ -62.890537, 10.057158 ], [ -62.891098, 10.057221 ], [ -62.891773, 10.057284 ], [ -62.893040, 10.057529 ], [ -62.893536, 10.057711 ], [ -62.894134, 10.058055 ], [ -62.894970, 10.058589 ], [ -62.895500, 10.058977 ], [ -62.896297, 10.059655 ], [ -62.896755, 10.060009 ], [ -62.897358, 10.060506 ], [ -62.898037, 10.061122 ], [ -62.898769, 10.061891 ], [ -62.899265, 10.062605 ], [ -62.899547, 10.063148 ], [ -62.899689, 10.063691 ], [ -62.899692, 10.064287 ], [ -62.899628, 10.064884 ], [ -62.899338, 10.066142 ], [ -62.898758, 10.068123 ], [ -62.898533, 10.068755 ], [ -62.898300, 10.069253 ], [ -62.897553, 10.070663 ], [ -62.897324, 10.071179 ], [ -62.896961, 10.071866 ], [ -62.896702, 10.072336 ], [ -62.896316, 10.073024 ], [ -62.896015, 10.073512 ], [ -62.895714, 10.074054 ], [ -62.895393, 10.074606 ], [ -62.895092, 10.075167 ], [ -62.894863, 10.075683 ], [ -62.894382, 10.076858 ], [ -62.894142, 10.077644 ], [ -62.894005, 10.078160 ], [ -62.893215, 10.080729 ], [ -62.892990, 10.081860 ], [ -62.892872, 10.082746 ], [ -62.892727, 10.084174 ], [ -62.892693, 10.084933 ], [ -62.892674, 10.085485 ], [ -62.892685, 10.086246 ], [ -62.892715, 10.086914 ], [ -62.892796, 10.087620 ], [ -62.892918, 10.088262 ], [ -62.892990, 10.088805 ], [ -62.893299, 10.089945 ], [ -62.893425, 10.090677 ], [ -62.893578, 10.091429 ], [ -62.893772, 10.092089 ], [ -62.894031, 10.092767 ], [ -62.894291, 10.093255 ], [ -62.894638, 10.093771 ], [ -62.895061, 10.094377 ], [ -62.895458, 10.094911 ], [ -62.895947, 10.095417 ], [ -62.896892, 10.096294 ], [ -62.897468, 10.096721 ], [ -62.897945, 10.096982 ], [ -62.898628, 10.097199 ], [ -62.899334, 10.097326 ], [ -62.900032, 10.097436 ], [ -62.900616, 10.097499 ], [ -62.901222, 10.097500 ], [ -62.901779, 10.097518 ], [ -62.902450, 10.097491 ], [ -62.903263, 10.097500 ], [ -62.903938, 10.097490 ], [ -62.904682, 10.097500 ], [ -62.905258, 10.097473 ], [ -62.905998, 10.097374 ], [ -62.907146, 10.097094 ], [ -62.907787, 10.096877 ], [ -62.909592, 10.096290 ], [ -62.910229, 10.095983 ], [ -62.911404, 10.095286 ], [ -62.912014, 10.094960 ], [ -62.912716, 10.094536 ], [ -62.913277, 10.094166 ], [ -62.913753, 10.093921 ], [ -62.914856, 10.093181 ], [ -62.915794, 10.092402 ], [ -62.916355, 10.091959 ], [ -62.916828, 10.091616 ], [ -62.917370, 10.091272 ], [ -62.917930, 10.090875 ], [ -62.919308, 10.090033 ], [ -62.919735, 10.089717 ], [ -62.920208, 10.089437 ], [ -62.920704, 10.089120 ], [ -62.921715, 10.088360 ], [ -62.922184, 10.088016 ], [ -62.922718, 10.087511 ], [ -62.923184, 10.087050 ], [ -62.923763, 10.086516 ], [ -62.924339, 10.085892 ], [ -62.924843, 10.085296 ], [ -62.925263, 10.084771 ], [ -62.925892, 10.083895 ], [ -62.926239, 10.083324 ], [ -62.926937, 10.082347 ], [ -62.927353, 10.081850 ], [ -62.927727, 10.081443 ], [ -62.928177, 10.081072 ], [ -62.928726, 10.080893 ], [ -62.929733, 10.080612 ], [ -62.930607, 10.080413 ], [ -62.931412, 10.080241 ], [ -62.932423, 10.080051 ], [ -62.932976, 10.079961 ], [ -62.933510, 10.079980 ], [ -62.934055, 10.080170 ], [ -62.934273, 10.080330 ], [ -62.934486, 10.080485 ], [ -62.934921, 10.080884 ], [ -62.935268, 10.081327 ], [ -62.935894, 10.082286 ], [ -62.936222, 10.082847 ], [ -62.936455, 10.083372 ], [ -62.936691, 10.083960 ], [ -62.936878, 10.084456 ], [ -62.937260, 10.085650 ], [ -62.937401, 10.086221 ], [ -62.937588, 10.086745 ], [ -62.937756, 10.087315 ], [ -62.937996, 10.087994 ], [ -62.938217, 10.088762 ], [ -62.938454, 10.089323 ], [ -62.938717, 10.090028 ], [ -62.939030, 10.090753 ], [ -62.939335, 10.091331 ], [ -62.940109, 10.092470 ], [ -62.940502, 10.092978 ], [ -62.941398, 10.094207 ], [ -62.941864, 10.094759 ], [ -62.942303, 10.095175 ], [ -62.942810, 10.095592 ], [ -62.943363, 10.095999 ], [ -62.943840, 10.096280 ], [ -62.944431, 10.096550 ], [ -62.945068, 10.096777 ], [ -62.946392, 10.097266 ], [ -62.947147, 10.097491 ], [ -62.947804, 10.097646 ], [ -62.948555, 10.097791 ], [ -62.949398, 10.097935 ], [ -62.950897, 10.098216 ], [ -62.951500, 10.098233 ], [ -62.952148, 10.098226 ], [ -62.952732, 10.098243 ], [ -62.953358, 10.098216 ], [ -62.954746, 10.098108 ], [ -62.955414, 10.098009 ], [ -62.955990, 10.097937 ], [ -62.956776, 10.097810 ], [ -62.957600, 10.097610 ], [ -62.958290, 10.097421 ], [ -62.958816, 10.097259 ], [ -62.959389, 10.097069 ], [ -62.960049, 10.096788 ], [ -62.960522, 10.096535 ], [ -62.961250, 10.096182 ], [ -62.961792, 10.095901 ], [ -62.962608, 10.095449 ], [ -62.963173, 10.095106 ], [ -62.963715, 10.094754 ], [ -62.964256, 10.094437 ], [ -62.964729, 10.094138 ], [ -62.965382, 10.093696 ], [ -62.965874, 10.093325 ], [ -62.966499, 10.092809 ], [ -62.966969, 10.092376 ], [ -62.967853, 10.091443 ], [ -62.968224, 10.090964 ], [ -62.968551, 10.090493 ], [ -62.968964, 10.089852 ], [ -62.969303, 10.089236 ], [ -62.969540, 10.088766 ], [ -62.969700, 10.088233 ], [ -62.969929, 10.086659 ], [ -62.969955, 10.085800 ], [ -62.969955, 10.085230 ], [ -62.969887, 10.083801 ], [ -62.969837, 10.083259 ], [ -62.969803, 10.082571 ], [ -62.969700, 10.081332 ], [ -62.969581, 10.080256 ], [ -62.969532, 10.079703 ], [ -62.969502, 10.079035 ], [ -62.969498, 10.078465 ], [ -62.969608, 10.077887 ], [ -62.969734, 10.077145 ], [ -62.969872, 10.076556 ], [ -62.970280, 10.075390 ], [ -62.970459, 10.074739 ], [ -62.970646, 10.074250 ], [ -62.970856, 10.073752 ], [ -62.971111, 10.073283 ], [ -62.971462, 10.072858 ], [ -62.971905, 10.072351 ], [ -62.972351, 10.072008 ], [ -62.972893, 10.071681 ], [ -62.973530, 10.071383 ], [ -62.974991, 10.070832 ], [ -62.975696, 10.070615 ], [ -62.976295, 10.070453 ], [ -62.976822, 10.070335 ], [ -62.977451, 10.070353 ], [ -62.977989, 10.070461 ], [ -62.978531, 10.070606 ], [ -62.979076, 10.070832 ], [ -62.980194, 10.071403 ], [ -62.980762, 10.071629 ], [ -62.981403, 10.071945 ], [ -62.982071, 10.072325 ], [ -62.982719, 10.072777 ], [ -62.983269, 10.073121 ], [ -62.983917, 10.073601 ], [ -62.984329, 10.073971 ], [ -62.984768, 10.074414 ], [ -62.985180, 10.074785 ], [ -62.986035, 10.075644 ], [ -62.986572, 10.076242 ], [ -62.987141, 10.076929 ], [ -62.987614, 10.077616 ], [ -62.988564, 10.079027 ], [ -62.988911, 10.079578 ], [ -62.989189, 10.080049 ], [ -62.989689, 10.080763 ], [ -62.990269, 10.081731 ], [ -62.991173, 10.083206 ], [ -62.991646, 10.083893 ], [ -62.992771, 10.085566 ], [ -62.993538, 10.086642 ], [ -62.993938, 10.087221 ], [ -62.994282, 10.087638 ], [ -62.994728, 10.088243 ], [ -62.995152, 10.088841 ], [ -62.995548, 10.089356 ], [ -62.995964, 10.089844 ], [ -62.996384, 10.090396 ], [ -62.997006, 10.091264 ], [ -62.997623, 10.092070 ], [ -62.997997, 10.092603 ], [ -63.000545, 10.094483 ], [ -63.001018, 10.094818 ], [ -63.001465, 10.095154 ], [ -63.002052, 10.095533 ], [ -63.002613, 10.095778 ], [ -63.003776, 10.096030 ], [ -63.004383, 10.096130 ], [ -63.004921, 10.096284 ], [ -63.005573, 10.096546 ], [ -63.006180, 10.096718 ], [ -63.006695, 10.096890 ], [ -63.007233, 10.097107 ], [ -63.007816, 10.097397 ], [ -63.008381, 10.097731 ], [ -63.008896, 10.097975 ], [ -63.009365, 10.098328 ], [ -63.009907, 10.098645 ], [ -63.010422, 10.098906 ], [ -63.010914, 10.099133 ], [ -63.011452, 10.099305 ], [ -63.012012, 10.099539 ], [ -63.012642, 10.099738 ], [ -63.013226, 10.100001 ], [ -63.013905, 10.100335 ], [ -63.015003, 10.100706 ], [ -63.015591, 10.100986 ], [ -63.016083, 10.101349 ], [ -63.016620, 10.101592 ], [ -63.017162, 10.101882 ], [ -63.017631, 10.102189 ], [ -63.018123, 10.102479 ], [ -63.018654, 10.102814 ], [ -63.019581, 10.103510 ], [ -63.020523, 10.104178 ], [ -63.020996, 10.104631 ], [ -63.021446, 10.105029 ], [ -63.021870, 10.105372 ], [ -63.022320, 10.105816 ], [ -63.022720, 10.106250 ], [ -63.023437, 10.107245 ], [ -63.024250, 10.108313 ], [ -63.025105, 10.109306 ], [ -63.025459, 10.109714 ], [ -63.026478, 10.110727 ], [ -63.026859, 10.111152 ], [ -63.027309, 10.111676 ], [ -63.027851, 10.112192 ], [ -63.028328, 10.112735 ], [ -63.028664, 10.113277 ], [ -63.028995, 10.113756 ], [ -63.029713, 10.114751 ], [ -63.030117, 10.115249 ], [ -63.030544, 10.115701 ], [ -63.030945, 10.116154 ], [ -63.031349, 10.116578 ], [ -63.031822, 10.117047 ], [ -63.032204, 10.117527 ], [ -63.032654, 10.117934 ], [ -63.033146, 10.118196 ], [ -63.033665, 10.118622 ], [ -63.034252, 10.118957 ], [ -63.034790, 10.119201 ], [ -63.035862, 10.119571 ], [ -63.036938, 10.119987 ], [ -63.037525, 10.120267 ], [ -63.038159, 10.120603 ], [ -63.039284, 10.121226 ], [ -63.039776, 10.121561 ], [ -63.040741, 10.122158 ], [ -63.041237, 10.122537 ], [ -63.041706, 10.122926 ], [ -63.042202, 10.123351 ], [ -63.042629, 10.123803 ], [ -63.043320, 10.124680 ], [ -63.043655, 10.125178 ], [ -63.043896, 10.125657 ], [ -63.044163, 10.126226 ], [ -63.044430, 10.126842 ], [ -63.044846, 10.127981 ], [ -63.045021, 10.128533 ], [ -63.045147, 10.129085 ], [ -63.045185, 10.129700 ], [ -63.045170, 10.130279 ], [ -63.045044, 10.130894 ], [ -63.044922, 10.131708 ], [ -63.044796, 10.132305 ], [ -63.044537, 10.133254 ], [ -63.044258, 10.134358 ], [ -63.044155, 10.134954 ], [ -63.043808, 10.136249 ], [ -63.043572, 10.137080 ], [ -63.043442, 10.137686 ], [ -63.043362, 10.138283 ], [ -63.043285, 10.138998 ], [ -63.043159, 10.139622 ], [ -63.043056, 10.140245 ], [ -63.042942, 10.141531 ], [ -63.042931, 10.142126 ], [ -63.043015, 10.142751 ], [ -63.043186, 10.143321 ], [ -63.043293, 10.143981 ], [ -63.043423, 10.144624 ], [ -63.043526, 10.145221 ], [ -63.043747, 10.145763 ], [ -63.044033, 10.146224 ], [ -63.044510, 10.146785 ], [ -63.045357, 10.147499 ], [ -63.046978, 10.148395 ], [ -63.047447, 10.148684 ], [ -63.047989, 10.149063 ], [ -63.048458, 10.149416 ], [ -63.048885, 10.149823 ], [ -63.049385, 10.150411 ], [ -63.049717, 10.150863 ], [ -63.050457, 10.151813 ], [ -63.050838, 10.152292 ], [ -63.051193, 10.152718 ], [ -63.051594, 10.153079 ], [ -63.051952, 10.153486 ], [ -63.052353, 10.153866 ], [ -63.052757, 10.154344 ], [ -63.054062, 10.155674 ], [ -63.054394, 10.156144 ], [ -63.054684, 10.156623 ], [ -63.054901, 10.157121 ], [ -63.055077, 10.157673 ], [ -63.055248, 10.158270 ], [ -63.055458, 10.159409 ], [ -63.055542, 10.160078 ], [ -63.055664, 10.161453 ], [ -63.055675, 10.162050 ], [ -63.055596, 10.162809 ], [ -63.055515, 10.163388 ], [ -63.055389, 10.164058 ], [ -63.055241, 10.164654 ], [ -63.055115, 10.165278 ], [ -63.054870, 10.165903 ], [ -63.054626, 10.166409 ], [ -63.054382, 10.166988 ], [ -63.054161, 10.167549 ], [ -63.053943, 10.168263 ], [ -63.053745, 10.168798 ], [ -63.053482, 10.169449 ], [ -63.053215, 10.170046 ], [ -63.052269, 10.172505 ], [ -63.052093, 10.173084 ], [ -63.051864, 10.174415 ], [ -63.051643, 10.174948 ], [ -63.051495, 10.175527 ], [ -63.051438, 10.176078 ], [ -63.051517, 10.176657 ], [ -63.051826, 10.177128 ], [ -63.052414, 10.177326 ], [ -63.052994, 10.177426 ], [ -63.053532, 10.177580 ], [ -63.054718, 10.177742 ], [ -63.055324, 10.177887 ], [ -63.055950, 10.178013 ], [ -63.056557, 10.178095 ], [ -63.057182, 10.178058 ], [ -63.057785, 10.178094 ], [ -63.058319, 10.178176 ], [ -63.058903, 10.178212 ], [ -63.059551, 10.178266 ], [ -63.060154, 10.178247 ], [ -63.060715, 10.178283 ], [ -63.061249, 10.178365 ], [ -63.061764, 10.178564 ], [ -63.062256, 10.178853 ], [ -63.062725, 10.179188 ], [ -63.063152, 10.179523 ], [ -63.063580, 10.180001 ], [ -63.063820, 10.180471 ], [ -63.064064, 10.181068 ], [ -63.064239, 10.181710 ], [ -63.064320, 10.182281 ], [ -63.064377, 10.182850 ], [ -63.064392, 10.183502 ], [ -63.064381, 10.184117 ], [ -63.064194, 10.185274 ], [ -63.064034, 10.186423 ], [ -63.064011, 10.187572 ], [ -63.063885, 10.188213 ], [ -63.063782, 10.188793 ], [ -63.063656, 10.189579 ], [ -63.063362, 10.191081 ], [ -63.063190, 10.191841 ], [ -63.063045, 10.192555 ], [ -63.062942, 10.193134 ], [ -63.062771, 10.193893 ], [ -63.062576, 10.194681 ], [ -63.062416, 10.195947 ], [ -63.062347, 10.197186 ], [ -63.062122, 10.198479 ], [ -63.062088, 10.199095 ], [ -63.062077, 10.199646 ], [ -63.062137, 10.200388 ], [ -63.062218, 10.201048 ], [ -63.062347, 10.201618 ], [ -63.062706, 10.202097 ], [ -63.063499, 10.202287 ], [ -63.064602, 10.202956 ], [ -63.065094, 10.203218 ], [ -63.065704, 10.203507 ], [ -63.066288, 10.203770 ], [ -63.066967, 10.204122 ], [ -63.067532, 10.204349 ], [ -63.068207, 10.204673 ], [ -63.068748, 10.204918 ], [ -63.069515, 10.205090 ], [ -63.070213, 10.205189 ], [ -63.071167, 10.205261 ], [ -63.071861, 10.205270 ], [ -63.072555, 10.205115 ], [ -63.073940, 10.204745 ], [ -63.074703, 10.204573 ], [ -63.076092, 10.204355 ], [ -63.076805, 10.204228 ], [ -63.077381, 10.204029 ], [ -63.078049, 10.203767 ], [ -63.078739, 10.203550 ], [ -63.079365, 10.203323 ], [ -63.079918, 10.203152 ], [ -63.080444, 10.202826 ], [ -63.081108, 10.202464 ], [ -63.081589, 10.202139 ], [ -63.081974, 10.201758 ], [ -63.082405, 10.201287 ], [ -63.082722, 10.200844 ], [ -63.083038, 10.200311 ], [ -63.083454, 10.199199 ], [ -63.083629, 10.198692 ], [ -63.083851, 10.198158 ], [ -63.084049, 10.197624 ], [ -63.084248, 10.197045 ], [ -63.084419, 10.196431 ], [ -63.084614, 10.195851 ], [ -63.084839, 10.195363 ], [ -63.085392, 10.194016 ], [ -63.085937, 10.192378 ], [ -63.086067, 10.191844 ], [ -63.086353, 10.191238 ], [ -63.086624, 10.190750 ], [ -63.086983, 10.190244 ], [ -63.087395, 10.189846 ], [ -63.087940, 10.189347 ], [ -63.088421, 10.188994 ], [ -63.088943, 10.188643 ], [ -63.089451, 10.188397 ], [ -63.090027, 10.188208 ], [ -63.090744, 10.188072 ], [ -63.091416, 10.188063 ], [ -63.092182, 10.188071 ], [ -63.092739, 10.188053 ], [ -63.093342, 10.188070 ], [ -63.095219, 10.188006 ], [ -63.095822, 10.187970 ], [ -63.096378, 10.188033 ], [ -63.096939, 10.188115 ], [ -63.097637, 10.188278 ], [ -63.098175, 10.188458 ], [ -63.098850, 10.188666 ], [ -63.100044, 10.189154 ], [ -63.100582, 10.189444 ], [ -63.101078, 10.189777 ], [ -63.102135, 10.190447 ], [ -63.102676, 10.190709 ], [ -63.103661, 10.191333 ], [ -63.104134, 10.191595 ], [ -63.105095, 10.192173 ], [ -63.108902, 10.195826 ], [ -63.109402, 10.196414 ], [ -63.109970, 10.196974 ], [ -63.110329, 10.197400 ], [ -63.110733, 10.197968 ], [ -63.111187, 10.198585 ], [ -63.111595, 10.199172 ], [ -63.111977, 10.199804 ], [ -63.112385, 10.200438 ], [ -63.113464, 10.202209 ], [ -63.113685, 10.202762 ], [ -63.113998, 10.203368 ], [ -63.114288, 10.203964 ], [ -63.114849, 10.205239 ], [ -63.115047, 10.205764 ], [ -63.115223, 10.206379 ], [ -63.115372, 10.206975 ], [ -63.115612, 10.207455 ], [ -63.115929, 10.208160 ], [ -63.116463, 10.209318 ], [ -63.116924, 10.210294 ], [ -63.117401, 10.210927 ], [ -63.117836, 10.211723 ], [ -63.117989, 10.212320 ], [ -63.118115, 10.212890 ], [ -63.118271, 10.213721 ], [ -63.118526, 10.214744 ], [ -63.118675, 10.215268 ], [ -63.118698, 10.216461 ], [ -63.118759, 10.217159 ], [ -63.118774, 10.217818 ], [ -63.118740, 10.218533 ], [ -63.118664, 10.219365 ], [ -63.118542, 10.220079 ], [ -63.118328, 10.220975 ], [ -63.118175, 10.221508 ], [ -63.117935, 10.222133 ], [ -63.117710, 10.222622 ], [ -63.117676, 10.223173 ], [ -63.117607, 10.224024 ], [ -63.117523, 10.224710 ], [ -63.117969, 10.225054 ], [ -63.118671, 10.225316 ], [ -63.119259, 10.225669 ], [ -63.119847, 10.226048 ], [ -63.120853, 10.226482 ], [ -63.121418, 10.226798 ], [ -63.121887, 10.227088 ], [ -63.122517, 10.227350 ], [ -63.123009, 10.227567 ], [ -63.123573, 10.227883 ], [ -63.124905, 10.228335 ], [ -63.125721, 10.228506 ], [ -63.126305, 10.228650 ], [ -63.127003, 10.228749 ], [ -63.127628, 10.228877 ], [ -63.128326, 10.228822 ], [ -63.128880, 10.228740 ], [ -63.129478, 10.228568 ], [ -63.129864, 10.228052 ], [ -63.130154, 10.227564 ], [ -63.130257, 10.226922 ], [ -63.130245, 10.226279 ], [ -63.130280, 10.225629 ], [ -63.130242, 10.225014 ], [ -63.130299, 10.224462 ], [ -63.130615, 10.223902 ], [ -63.131244, 10.222969 ], [ -63.131630, 10.222481 ], [ -63.131939, 10.221811 ], [ -63.132229, 10.221296 ], [ -63.132522, 10.220835 ], [ -63.132904, 10.220156 ], [ -63.133244, 10.219667 ], [ -63.133648, 10.219062 ], [ -63.133957, 10.218482 ], [ -63.134274, 10.217994 ], [ -63.134659, 10.217549 ], [ -63.135090, 10.216990 ], [ -63.135609, 10.216401 ], [ -63.136131, 10.215750 ], [ -63.136467, 10.215280 ], [ -63.136734, 10.214727 ], [ -63.137001, 10.214076 ], [ -63.137218, 10.213362 ], [ -63.137367, 10.212665 ], [ -63.137398, 10.211960 ], [ -63.137474, 10.211101 ], [ -63.137501, 10.210159 ], [ -63.137581, 10.209608 ], [ -63.137726, 10.208776 ], [ -63.137978, 10.207464 ], [ -63.138191, 10.206605 ], [ -63.138409, 10.205845 ], [ -63.138580, 10.205176 ], [ -63.138798, 10.204506 ], [ -63.139206, 10.203945 ], [ -63.139587, 10.203457 ], [ -63.140018, 10.202941 ], [ -63.140335, 10.202497 ], [ -63.140812, 10.201892 ], [ -63.141312, 10.201539 ], [ -63.141861, 10.201086 ], [ -63.142456, 10.200661 ], [ -63.142933, 10.200263 ], [ -63.143501, 10.199701 ], [ -63.144116, 10.199113 ], [ -63.144615, 10.198598 ], [ -63.145000, 10.198182 ], [ -63.145592, 10.197503 ], [ -63.146088, 10.196870 ], [ -63.146641, 10.195595 ], [ -63.146889, 10.195106 ], [ -63.147129, 10.194509 ], [ -63.147304, 10.193949 ], [ -63.147457, 10.193415 ], [ -63.147419, 10.192844 ], [ -63.147362, 10.192203 ], [ -63.147320, 10.191424 ], [ -63.147201, 10.190159 ], [ -63.147118, 10.189471 ], [ -63.146881, 10.188033 ], [ -63.146698, 10.187020 ], [ -63.146637, 10.186288 ], [ -63.146664, 10.185465 ], [ -63.146839, 10.184859 ], [ -63.147083, 10.184324 ], [ -63.147423, 10.183908 ], [ -63.148766, 10.182659 ], [ -63.149147, 10.182081 ], [ -63.149418, 10.181610 ], [ -63.149567, 10.181104 ], [ -63.149693, 10.180507 ], [ -63.149868, 10.179837 ], [ -63.150211, 10.178590 ], [ -63.150314, 10.177993 ], [ -63.150486, 10.177323 ], [ -63.150639, 10.176789 ], [ -63.150906, 10.176210 ], [ -63.151123, 10.175559 ], [ -63.151367, 10.175026 ], [ -63.151806, 10.173822 ], [ -63.151935, 10.173271 ], [ -63.152153, 10.172619 ], [ -63.152614, 10.171415 ], [ -63.152973, 10.170792 ], [ -63.153313, 10.170258 ], [ -63.153603, 10.169724 ], [ -63.154205, 10.168674 ], [ -63.154862, 10.167744 ], [ -63.155266, 10.167254 ], [ -63.155766, 10.166739 ], [ -63.156223, 10.166358 ], [ -63.156750, 10.165960 ], [ -63.157207, 10.165670 ], [ -63.157803, 10.165318 ], [ -63.158444, 10.165028 ], [ -63.159065, 10.164810 ], [ -63.159691, 10.164639 ], [ -63.161419, 10.164095 ], [ -63.162247, 10.163823 ], [ -63.162781, 10.163724 ], [ -63.163403, 10.163659 ], [ -63.164055, 10.163606 ], [ -63.164722, 10.163388 ], [ -63.165459, 10.163116 ], [ -63.166126, 10.162899 ], [ -63.166954, 10.162582 ], [ -63.167507, 10.162383 ], [ -63.168083, 10.162210 ], [ -63.168911, 10.161757 ], [ -63.169620, 10.161405 ], [ -63.170078, 10.161097 ], [ -63.171631, 10.159866 ], [ -63.172039, 10.159450 ], [ -63.172493, 10.159042 ], [ -63.173740, 10.157595 ], [ -63.175056, 10.156119 ], [ -63.175465, 10.155766 ], [ -63.176060, 10.155414 ], [ -63.176567, 10.155170 ], [ -63.177143, 10.154998 ], [ -63.177788, 10.154824 ], [ -63.178368, 10.154679 ], [ -63.178921, 10.154553 ], [ -63.179424, 10.154308 ], [ -63.179951, 10.153982 ], [ -63.181023, 10.153105 ], [ -63.181522, 10.152616 ], [ -63.181957, 10.152218 ], [ -63.183349, 10.151133 ], [ -63.183758, 10.150779 ], [ -63.184143, 10.150309 ], [ -63.184414, 10.149847 ], [ -63.184658, 10.149359 ], [ -63.184971, 10.148825 ], [ -63.185238, 10.148310 ], [ -63.185600, 10.147866 ], [ -63.186127, 10.147603 ], [ -63.186687, 10.147666 ], [ -63.187199, 10.147838 ], [ -63.187740, 10.148145 ], [ -63.188164, 10.148479 ], [ -63.188522, 10.148932 ], [ -63.188858, 10.149456 ], [ -63.189289, 10.150070 ], [ -63.189934, 10.151110 ], [ -63.190224, 10.151662 ], [ -63.190712, 10.152747 ], [ -63.191246, 10.153869 ], [ -63.191708, 10.155052 ], [ -63.191906, 10.155640 ], [ -63.192154, 10.156255 ], [ -63.192398, 10.156807 ], [ -63.192547, 10.157404 ], [ -63.192696, 10.157927 ], [ -63.192802, 10.158525 ], [ -63.192932, 10.159095 ], [ -63.193131, 10.159709 ], [ -63.193279, 10.160261 ], [ -63.193455, 10.160785 ], [ -63.193672, 10.161373 ], [ -63.193920, 10.161970 ], [ -63.194615, 10.163010 ], [ -63.195042, 10.163462 ], [ -63.195534, 10.163841 ], [ -63.196049, 10.164203 ], [ -63.197170, 10.164428 ], [ -63.197906, 10.164608 ], [ -63.198482, 10.164780 ], [ -63.199039, 10.164907 ], [ -63.199638, 10.165015 ], [ -63.200355, 10.165113 ], [ -63.200958, 10.165267 ], [ -63.202274, 10.165483 ], [ -63.203014, 10.165537 ], [ -63.204662, 10.165463 ], [ -63.205570, 10.165408 ], [ -63.206940, 10.165280 ], [ -63.207569, 10.165290 ], [ -63.208260, 10.165353 ], [ -63.209022, 10.165461 ], [ -63.209557, 10.165515 ], [ -63.210228, 10.165623 ], [ -63.210781, 10.165768 ], [ -63.211311, 10.165938 ], [ -63.211861, 10.166227 ], [ -63.212364, 10.166534 ], [ -63.212868, 10.166897 ], [ -63.213577, 10.167321 ], [ -63.214722, 10.168079 ], [ -63.215519, 10.168739 ], [ -63.215954, 10.169120 ], [ -63.216431, 10.169589 ], [ -63.216930, 10.170032 ], [ -63.217293, 10.170429 ], [ -63.217724, 10.170945 ], [ -63.218220, 10.171605 ], [ -63.218624, 10.172255 ], [ -63.219189, 10.173070 ], [ -63.219437, 10.173513 ], [ -63.219772, 10.174046 ], [ -63.220039, 10.174507 ], [ -63.220306, 10.175068 ], [ -63.220593, 10.175791 ], [ -63.220787, 10.176478 ], [ -63.220753, 10.176985 ], [ -63.220650, 10.177653 ], [ -63.220562, 10.178387 ], [ -63.220310, 10.179408 ], [ -63.219933, 10.180765 ], [ -63.219662, 10.181561 ], [ -63.219460, 10.182358 ], [ -63.219284, 10.183000 ], [ -63.219132, 10.183616 ], [ -63.218925, 10.184556 ], [ -63.218796, 10.185315 ], [ -63.218739, 10.185886 ], [ -63.218659, 10.186410 ], [ -63.218582, 10.187650 ], [ -63.218685, 10.188346 ], [ -63.218861, 10.188897 ], [ -63.219009, 10.189430 ], [ -63.219208, 10.190055 ], [ -63.219425, 10.190660 ], [ -63.219646, 10.191194 ], [ -63.220276, 10.192188 ], [ -63.220703, 10.192749 ], [ -63.221138, 10.193083 ], [ -63.221806, 10.193398 ], [ -63.222820, 10.193697 ], [ -63.223534, 10.193869 ], [ -63.224091, 10.193949 ], [ -63.225059, 10.194129 ], [ -63.225777, 10.194238 ], [ -63.226543, 10.194274 ], [ -63.227817, 10.194255 ], [ -63.228538, 10.194227 ], [ -63.229187, 10.194235 ], [ -63.229839, 10.194225 ], [ -63.231647, 10.194261 ], [ -63.232155, 10.194324 ], [ -63.233452, 10.194395 ], [ -63.234242, 10.194412 ], [ -63.234890, 10.194449 ], [ -63.235634, 10.194438 ], [ -63.236351, 10.194474 ], [ -63.237648, 10.194501 ], [ -63.238556, 10.194500 ], [ -63.239132, 10.194490 ], [ -63.241012, 10.194526 ], [ -63.241592, 10.194560 ], [ -63.242474, 10.194560 ], [ -63.244144, 10.194542 ], [ -63.245468, 10.194477 ], [ -63.247116, 10.194421 ], [ -63.247810, 10.194457 ], [ -63.249500, 10.194564 ], [ -63.250149, 10.194645 ], [ -63.250889, 10.194816 ], [ -63.251373, 10.194987 ], [ -63.251877, 10.195276 ], [ -63.252121, 10.195792 ], [ -63.252315, 10.196462 ], [ -63.252400, 10.196986 ], [ -63.252544, 10.197681 ], [ -63.252628, 10.198278 ], [ -63.252854, 10.199708 ], [ -63.252910, 10.200314 ], [ -63.252968, 10.200821 ], [ -63.253048, 10.201417 ], [ -63.253201, 10.201969 ], [ -63.253441, 10.202692 ], [ -63.253662, 10.203225 ], [ -63.253975, 10.203758 ], [ -63.254387, 10.204111 ], [ -63.254959, 10.204418 ], [ -63.255512, 10.204590 ], [ -63.256622, 10.204751 ], [ -63.257385, 10.204886 ], [ -63.258263, 10.204994 ], [ -63.260601, 10.205364 ], [ -63.262081, 10.205552 ], [ -63.263352, 10.205741 ], [ -63.264046, 10.205867 ], [ -63.264599, 10.205994 ], [ -63.265407, 10.206146 ], [ -63.266007, 10.206300 ], [ -63.267925, 10.206750 ], [ -63.269516, 10.207156 ], [ -63.270000, 10.207300 ], [ -63.270760, 10.207543 ], [ -63.271290, 10.207697 ], [ -63.271801, 10.207823 ], [ -63.272674, 10.208067 ], [ -63.273231, 10.208193 ], [ -63.274014, 10.208419 ], [ -63.274776, 10.208689 ], [ -63.275440, 10.208997 ], [ -63.276062, 10.209331 ], [ -63.277481, 10.210170 ], [ -63.278103, 10.210477 ], [ -63.278816, 10.210812 ], [ -63.279575, 10.211109 ], [ -63.280357, 10.211370 ], [ -63.281990, 10.212029 ], [ -63.282658, 10.212317 ], [ -63.283394, 10.212606 ], [ -63.285767, 10.213437 ], [ -63.286430, 10.213708 ], [ -63.286942, 10.213897 ], [ -63.287537, 10.214141 ], [ -63.288254, 10.214384 ], [ -63.288990, 10.214610 ], [ -63.289657, 10.214782 ], [ -63.290237, 10.214890 ], [ -63.291485, 10.215096 ], [ -63.292389, 10.215158 ], [ -63.293014, 10.215149 ], [ -63.293873, 10.215166 ], [ -63.294384, 10.215157 ], [ -63.295708, 10.215111 ], [ -63.296680, 10.215065 ], [ -63.297543, 10.214991 ], [ -63.298401, 10.214936 ], [ -63.299217, 10.214835 ], [ -63.300705, 10.214590 ], [ -63.301220, 10.214490 ], [ -63.301731, 10.214363 ], [ -63.302383, 10.214190 ], [ -63.303600, 10.213756 ], [ -63.304276, 10.213538 ], [ -63.304836, 10.213347 ], [ -63.305443, 10.213193 ], [ -63.306118, 10.213047 ], [ -63.306633, 10.212920 ], [ -63.307282, 10.212866 ], [ -63.308048, 10.212838 ], [ -63.309509, 10.212863 ], [ -63.310204, 10.212926 ], [ -63.310852, 10.213007 ], [ -63.311497, 10.213160 ], [ -63.312168, 10.213377 ], [ -63.312904, 10.213648 ], [ -63.313847, 10.214035 ], [ -63.314331, 10.214207 ], [ -63.314953, 10.214450 ], [ -63.315990, 10.214793 ], [ -63.316681, 10.214991 ], [ -63.318344, 10.215342 ], [ -63.319756, 10.215459 ], [ -63.320289, 10.215521 ], [ -63.320869, 10.215557 ], [ -63.321724, 10.215637 ], [ -63.322281, 10.215672 ], [ -63.323044, 10.215735 ], [ -63.324436, 10.215806 ], [ -63.325108, 10.215869 ], [ -63.327240, 10.215984 ], [ -63.327797, 10.215966 ], [ -63.328327, 10.216001 ], [ -63.329021, 10.216091 ], [ -63.329807, 10.216244 ], [ -63.330547, 10.216442 ], [ -63.331581, 10.216848 ], [ -63.332088, 10.217165 ], [ -63.332569, 10.217426 ], [ -63.333050, 10.217778 ], [ -63.333549, 10.218176 ], [ -63.333801, 10.218356 ], [ -63.333973, 10.218492 ], [ -63.334167, 10.218718 ], [ -63.334572, 10.219369 ], [ -63.335358, 10.220535 ], [ -63.335739, 10.221140 ], [ -63.336167, 10.221791 ], [ -63.336571, 10.222469 ], [ -63.336975, 10.223237 ], [ -63.337284, 10.223888 ], [ -63.337578, 10.224421 ], [ -63.337868, 10.225027 ], [ -63.338356, 10.226093 ], [ -63.338665, 10.226745 ], [ -63.339584, 10.228371 ], [ -63.340053, 10.229140 ], [ -63.340416, 10.229691 ], [ -63.340706, 10.230161 ], [ -63.341114, 10.230766 ], [ -63.342304, 10.232700 ], [ -63.342888, 10.233542 ], [ -63.343227, 10.233939 ], [ -63.343590, 10.234382 ], [ -63.344479, 10.235159 ], [ -63.345489, 10.235754 ], [ -63.346684, 10.236350 ], [ -63.347347, 10.236730 ], [ -63.348011, 10.237226 ], [ -63.348969, 10.237985 ], [ -63.349495, 10.238337 ], [ -63.349975, 10.238689 ], [ -63.350548, 10.239051 ], [ -63.351028, 10.239430 ], [ -63.351528, 10.239872 ], [ -63.351940, 10.240296 ], [ -63.352276, 10.240875 ], [ -63.352402, 10.241426 ], [ -63.352097, 10.242711 ], [ -63.351864, 10.243924 ], [ -63.351807, 10.244493 ], [ -63.351910, 10.245099 ], [ -63.352158, 10.245561 ], [ -63.352516, 10.246049 ], [ -63.353016, 10.246617 ], [ -63.353451, 10.246987 ], [ -63.354527, 10.247565 ], [ -63.355782, 10.247546 ], [ -63.357967, 10.247308 ], [ -63.358597, 10.247189 ], [ -63.359482, 10.247017 ], [ -63.360252, 10.246808 ], [ -63.360950, 10.246635 ], [ -63.361698, 10.246418 ], [ -63.362350, 10.246181 ], [ -63.362843, 10.245964 ], [ -63.363312, 10.245720 ], [ -63.363991, 10.245411 ], [ -63.364483, 10.245167 ], [ -63.365139, 10.244831 ], [ -63.365703, 10.244524 ], [ -63.366852, 10.243971 ], [ -63.367321, 10.243708 ], [ -63.368587, 10.243046 ], [ -63.369221, 10.242638 ], [ -63.369949, 10.242193 ], [ -63.370583, 10.241841 ], [ -63.371265, 10.241442 ], [ -63.371708, 10.241197 ], [ -63.372295, 10.240979 ], [ -63.372902, 10.240833 ], [ -63.373459, 10.240725 ], [ -63.373970, 10.240669 ], [ -63.375805, 10.240641 ], [ -63.376385, 10.240622 ], [ -63.377037, 10.240566 ], [ -63.377731, 10.240584 ], [ -63.379608, 10.240763 ], [ -63.380764, 10.240970 ], [ -63.382126, 10.241202 ], [ -63.382752, 10.241347 ], [ -63.383305, 10.241518 ], [ -63.383854, 10.241716 ], [ -63.384617, 10.242032 ], [ -63.385281, 10.242348 ], [ -63.386570, 10.242898 ], [ -63.387581, 10.243376 ], [ -63.388107, 10.243665 ], [ -63.388683, 10.243999 ], [ -63.389347, 10.244405 ], [ -63.389850, 10.244803 ], [ -63.390351, 10.245245 ], [ -63.390690, 10.245643 ], [ -63.391102, 10.246067 ], [ -63.391827, 10.246908 ], [ -63.392280, 10.247404 ], [ -63.392731, 10.247937 ], [ -63.393070, 10.248362 ], [ -63.393432, 10.248850 ], [ -63.393818, 10.249292 ], [ -63.394158, 10.249781 ], [ -63.394493, 10.250368 ], [ -63.394806, 10.250855 ], [ -63.395661, 10.252293 ], [ -63.395973, 10.252944 ], [ -63.396126, 10.253432 ], [ -63.396229, 10.253938 ], [ -63.396313, 10.254517 ], [ -63.396297, 10.255159 ], [ -63.396267, 10.255666 ], [ -63.396320, 10.256352 ], [ -63.396423, 10.256977 ], [ -63.396626, 10.257439 ], [ -63.396923, 10.258739 ], [ -63.397331, 10.259092 ], [ -63.397797, 10.260177 ], [ -63.398113, 10.260710 ], [ -63.398564, 10.261434 ], [ -63.398991, 10.262066 ], [ -63.399353, 10.262482 ], [ -63.399784, 10.262906 ], [ -63.400230, 10.262661 ], [ -63.400765, 10.262724 ], [ -63.401413, 10.262660 ], [ -63.401951, 10.262587 ], [ -63.402622, 10.262477 ], [ -63.403251, 10.262359 ], [ -63.404114, 10.262213 ], [ -63.404907, 10.262068 ], [ -63.405674, 10.261950 ], [ -63.406628, 10.261775 ], [ -63.407257, 10.261630 ], [ -63.408840, 10.261384 ], [ -63.409679, 10.261292 ], [ -63.411095, 10.261201 ], [ -63.413162, 10.261126 ], [ -63.413742, 10.261052 ], [ -63.414795, 10.260744 ], [ -63.415493, 10.260580 ], [ -63.416309, 10.260362 ], [ -63.417007, 10.260198 ], [ -63.418289, 10.259870 ], [ -63.418804, 10.259726 ], [ -63.420322, 10.259254 ], [ -63.421070, 10.258990 ], [ -63.421745, 10.258800 ], [ -63.422470, 10.258671 ], [ -63.423237, 10.258597 ], [ -63.423840, 10.258634 ], [ -63.425293, 10.258957 ], [ -63.426006, 10.259245 ], [ -63.426323, 10.259688 ], [ -63.426426, 10.260313 ], [ -63.426415, 10.260846 ], [ -63.426334, 10.261343 ], [ -63.426113, 10.261913 ], [ -63.425777, 10.262484 ], [ -63.425087, 10.263434 ], [ -63.424683, 10.263886 ], [ -63.424233, 10.264312 ], [ -63.423760, 10.264811 ], [ -63.423428, 10.265218 ], [ -63.423203, 10.265880 ], [ -63.422844, 10.266521 ], [ -63.422581, 10.266947 ], [ -63.422222, 10.267489 ], [ -63.421932, 10.267970 ], [ -63.421600, 10.268467 ], [ -63.421188, 10.269147 ], [ -63.420948, 10.269608 ], [ -63.420658, 10.270242 ], [ -63.420368, 10.270812 ], [ -63.420078, 10.271310 ], [ -63.419743, 10.271924 ], [ -63.419476, 10.272450 ], [ -63.419163, 10.273128 ], [ -63.418873, 10.273699 ], [ -63.418533, 10.274431 ], [ -63.418262, 10.275109 ], [ -63.417999, 10.275635 ], [ -63.417824, 10.276115 ], [ -63.417560, 10.276622 ], [ -63.417153, 10.277255 ], [ -63.416794, 10.277726 ], [ -63.416458, 10.278223 ], [ -63.415196, 10.279998 ], [ -63.414787, 10.280650 ], [ -63.413734, 10.282243 ], [ -63.413277, 10.282968 ], [ -63.413014, 10.283402 ], [ -63.412411, 10.284442 ], [ -63.412056, 10.284967 ], [ -63.411743, 10.285393 ], [ -63.411389, 10.285845 ], [ -63.411076, 10.286298 ], [ -63.410809, 10.286823 ], [ -63.410519, 10.287420 ], [ -63.410301, 10.287899 ], [ -63.410194, 10.288533 ], [ -63.410164, 10.289066 ], [ -63.410290, 10.289663 ], [ -63.411220, 10.290629 ], [ -63.411728, 10.290865 ], [ -63.412327, 10.291108 ], [ -63.413547, 10.291450 ], [ -63.414059, 10.291467 ], [ -63.414730, 10.291566 ], [ -63.415425, 10.291565 ], [ -63.416191, 10.291510 ], [ -63.417030, 10.291409 ], [ -63.417683, 10.291308 ], [ -63.418308, 10.291317 ], [ -63.419167, 10.291362 ], [ -63.420536, 10.291341 ], [ -63.421276, 10.291359 ], [ -63.422020, 10.291303 ], [ -63.423325, 10.291165 ], [ -63.424126, 10.291101 ], [ -63.425320, 10.291019 ], [ -63.425877, 10.291009 ], [ -63.426502, 10.291043 ], [ -63.427387, 10.291043 ], [ -63.428638, 10.291023 ], [ -63.431866, 10.291082 ], [ -63.432533, 10.291144 ], [ -63.433369, 10.291252 ], [ -63.433994, 10.291315 ], [ -63.434551, 10.291341 ], [ -63.435661, 10.291547 ], [ -63.436470, 10.291636 ], [ -63.437443, 10.291772 ], [ -63.438114, 10.291807 ], [ -63.439247, 10.291922 ], [ -63.440243, 10.292075 ], [ -63.441544, 10.292100 ], [ -63.442982, 10.292044 ], [ -63.443584, 10.292051 ], [ -63.444115, 10.292178 ], [ -63.444641, 10.292485 ], [ -63.444889, 10.292928 ], [ -63.445133, 10.293533 ], [ -63.445259, 10.294157 ], [ -63.445328, 10.295323 ], [ -63.445339, 10.295902 ], [ -63.445408, 10.297169 ], [ -63.445488, 10.297720 ], [ -63.445545, 10.298363 ], [ -63.445584, 10.298923 ], [ -63.445759, 10.299429 ], [ -63.446083, 10.300496 ], [ -63.446259, 10.301002 ], [ -63.446480, 10.301490 ], [ -63.446796, 10.302068 ], [ -63.447063, 10.302529 ], [ -63.447472, 10.303144 ], [ -63.448509, 10.304634 ], [ -63.448891, 10.305168 ], [ -63.449299, 10.305682 ], [ -63.449684, 10.306098 ], [ -63.450024, 10.306568 ], [ -63.450386, 10.307037 ], [ -63.450817, 10.307552 ], [ -63.451340, 10.308041 ], [ -63.451908, 10.308655 ], [ -63.452408, 10.309079 ], [ -63.453140, 10.309639 ], [ -63.453690, 10.310135 ], [ -63.454029, 10.310506 ], [ -63.454483, 10.310867 ], [ -63.455242, 10.311358 ], [ -63.455608, 10.311598 ], [ -63.456066, 10.311859 ], [ -63.456596, 10.312103 ], [ -63.457310, 10.312346 ], [ -63.459084, 10.312977 ], [ -63.459888, 10.313274 ], [ -63.460510, 10.313535 ], [ -63.460995, 10.313706 ], [ -63.461479, 10.313850 ], [ -63.461987, 10.314067 ], [ -63.462490, 10.314356 ], [ -63.462971, 10.314617 ], [ -63.463616, 10.315042 ], [ -63.464283, 10.315374 ], [ -63.465061, 10.315808 ], [ -63.465519, 10.316096 ], [ -63.466068, 10.316476 ], [ -63.467194, 10.317117 ], [ -63.467926, 10.317494 ], [ -63.468643, 10.317765 ], [ -63.469219, 10.317936 ], [ -63.470051, 10.318089 ], [ -63.470859, 10.318278 ], [ -63.471062, 10.318115 ], [ -63.471459, 10.317554 ], [ -63.471813, 10.317082 ], [ -63.472095, 10.316521 ], [ -63.472263, 10.315978 ], [ -63.472843, 10.315987 ], [ -63.473435, 10.316194 ], [ -63.473976, 10.316455 ], [ -63.475041, 10.317014 ], [ -63.475689, 10.316951 ], [ -63.475784, 10.316344 ], [ -63.475555, 10.315756 ], [ -63.475258, 10.315241 ], [ -63.474983, 10.314699 ], [ -63.474754, 10.314130 ], [ -63.474617, 10.313560 ], [ -63.474731, 10.312891 ], [ -63.475090, 10.312410 ], [ -63.475658, 10.312093 ], [ -63.476848, 10.311622 ], [ -63.477375, 10.311421 ], [ -63.477901, 10.311195 ], [ -63.478428, 10.310949 ], [ -63.478981, 10.310785 ], [ -63.480228, 10.310585 ], [ -63.480778, 10.310431 ], [ -63.482552, 10.310002 ], [ -63.483177, 10.309894 ], [ -63.483776, 10.309802 ], [ -63.484379, 10.309783 ], [ -63.484982, 10.309692 ], [ -63.485508, 10.309464 ], [ -63.486050, 10.309102 ], [ -63.486504, 10.308695 ], [ -63.486858, 10.308224 ], [ -63.487164, 10.307708 ], [ -63.487446, 10.307101 ], [ -63.487633, 10.306541 ], [ -63.488060, 10.304831 ], [ -63.488228, 10.304269 ], [ -63.488483, 10.303691 ], [ -63.488789, 10.303103 ], [ -63.489258, 10.302577 ], [ -63.489708, 10.302178 ], [ -63.490185, 10.301789 ], [ -63.491249, 10.301217 ], [ -63.492039, 10.301008 ], [ -63.492531, 10.300862 ], [ -63.493069, 10.300691 ], [ -63.494843, 10.300189 ], [ -63.496056, 10.299826 ], [ -63.497246, 10.299507 ], [ -63.497738, 10.299326 ], [ -63.498459, 10.299089 ], [ -63.499325, 10.298880 ], [ -63.499966, 10.298783 ], [ -63.500500, 10.298782 ], [ -63.501614, 10.298594 ], [ -63.502892, 10.298821 ], [ -63.504051, 10.298586 ], [ -63.505097, 10.298469 ], [ -63.506279, 10.298234 ], [ -63.507835, 10.298643 ], [ -63.508926, 10.298778 ], [ -63.510135, 10.298705 ], [ -63.511921, 10.298792 ], [ -63.512920, 10.298696 ], [ -63.513985, 10.297704 ], [ -63.513939, 10.297035 ], [ -63.514835, 10.295421 ], [ -63.515438, 10.294659 ], [ -63.517559, 10.293699 ], [ -63.520542, 10.293191 ], [ -63.521538, 10.292636 ], [ -63.522789, 10.291780 ], [ -63.523762, 10.291201 ], [ -63.525105, 10.290460 ], [ -63.526520, 10.289879 ], [ -63.527516, 10.289230 ], [ -63.527931, 10.288562 ], [ -63.528393, 10.287848 ], [ -63.529247, 10.286786 ], [ -63.530708, 10.285745 ], [ -63.531612, 10.285349 ], [ -63.532658, 10.284908 ], [ -63.533074, 10.284425 ], [ -63.533581, 10.283593 ], [ -63.534317, 10.282278 ], [ -63.535313, 10.280870 ], [ -63.536446, 10.279922 ], [ -63.537418, 10.279044 ], [ -63.539272, 10.277864 ], [ -63.540409, 10.278068 ], [ -63.541221, 10.277904 ], [ -63.541893, 10.277279 ], [ -63.542702, 10.276103 ], [ -63.543999, 10.274739 ], [ -63.545063, 10.274160 ], [ -63.545918, 10.273282 ], [ -63.546574, 10.272685 ], [ -63.546986, 10.272007 ], [ -63.547260, 10.271419 ], [ -63.547508, 10.270757 ], [ -63.547604, 10.270251 ], [ -63.547710, 10.269508 ], [ -63.547684, 10.268893 ], [ -63.547581, 10.268143 ], [ -63.547413, 10.267529 ], [ -63.547176, 10.266896 ], [ -63.546886, 10.266172 ], [ -63.546608, 10.265586 ], [ -63.546215, 10.265106 ], [ -63.545738, 10.264357 ], [ -63.545311, 10.263661 ], [ -63.545036, 10.263165 ], [ -63.544422, 10.262433 ], [ -63.543957, 10.261900 ], [ -63.543510, 10.261231 ], [ -63.542934, 10.260310 ], [ -63.542656, 10.259840 ], [ -63.542465, 10.259208 ], [ -63.542370, 10.258611 ], [ -63.542183, 10.258086 ], [ -63.541950, 10.257020 ], [ -63.541897, 10.255872 ], [ -63.541897, 10.255329 ], [ -63.541966, 10.254805 ], [ -63.542122, 10.254125 ], [ -63.542305, 10.253519 ], [ -63.542442, 10.253013 ], [ -63.542461, 10.252388 ], [ -63.542686, 10.251692 ], [ -63.542984, 10.251077 ], [ -63.543335, 10.250623 ], [ -63.543983, 10.250043 ], [ -63.544472, 10.249573 ], [ -63.544994, 10.249246 ], [ -63.545540, 10.248992 ], [ -63.546062, 10.248711 ], [ -63.546627, 10.248438 ], [ -63.547199, 10.248184 ], [ -63.547695, 10.247903 ], [ -63.548309, 10.247630 ], [ -63.549763, 10.246878 ], [ -63.550423, 10.246551 ], [ -63.551056, 10.246198 ], [ -63.551475, 10.245988 ], [ -63.552399, 10.245588 ], [ -63.552902, 10.245379 ], [ -63.553169, 10.245290 ], [ -63.553192, 10.244611 ], [ -63.553234, 10.243987 ], [ -63.553833, 10.244039 ], [ -63.554752, 10.242281 ], [ -63.554909, 10.240830 ], [ -63.554481, 10.238621 ], [ -63.554153, 10.237402 ], [ -63.553429, 10.235240 ], [ -63.553215, 10.233699 ], [ -63.553554, 10.232084 ], [ -63.554596, 10.230953 ], [ -63.555245, 10.230307 ], [ -63.556145, 10.228784 ], [ -63.556046, 10.227333 ], [ -63.555763, 10.226367 ], [ -63.555576, 10.225677 ], [ -63.555687, 10.224272 ], [ -63.556213, 10.221415 ], [ -63.556626, 10.219825 ], [ -63.556854, 10.218673 ], [ -63.557362, 10.217802 ], [ -63.557499, 10.217565 ], [ -63.558262, 10.216479 ], [ -63.560482, 10.213801 ], [ -63.561561, 10.211805 ], [ -63.562649, 10.209833 ], [ -63.563988, 10.207365 ], [ -63.565628, 10.205425 ], [ -63.567322, 10.205144 ], [ -63.569248, 10.204860 ], [ -63.573662, 10.206136 ], [ -63.575031, 10.206153 ], [ -63.577835, 10.204693 ], [ -63.579407, 10.203075 ], [ -63.579922, 10.202614 ], [ -63.580631, 10.201967 ], [ -63.582668, 10.200279 ], [ -63.584133, 10.200435 ], [ -63.585316, 10.200615 ], [ -63.587734, 10.201435 ], [ -63.589290, 10.202283 ], [ -63.592457, 10.204459 ], [ -63.593273, 10.205540 ], [ -63.594017, 10.206435 ], [ -63.594696, 10.208182 ], [ -63.595146, 10.210461 ], [ -63.595734, 10.212323 ], [ -63.596115, 10.215201 ], [ -63.596771, 10.217017 ], [ -63.598358, 10.218807 ], [ -63.600311, 10.220022 ], [ -63.602516, 10.220406 ], [ -63.603798, 10.220843 ], [ -63.604515, 10.220742 ], [ -63.605747, 10.220297 ], [ -63.606365, 10.220089 ], [ -63.607006, 10.219924 ], [ -63.607651, 10.219778 ], [ -63.608318, 10.219660 ], [ -63.608894, 10.219568 ], [ -63.609707, 10.219576 ], [ -63.610290, 10.219602 ], [ -63.611508, 10.219825 ], [ -63.612118, 10.219960 ], [ -63.612751, 10.220068 ], [ -63.613472, 10.220129 ], [ -63.614216, 10.220164 ], [ -63.614865, 10.220118 ], [ -63.615394, 10.220026 ], [ -63.615898, 10.219890 ], [ -63.616516, 10.219699 ], [ -63.617088, 10.219490 ], [ -63.617615, 10.219280 ], [ -63.618229, 10.219008 ], [ -63.618889, 10.218744 ], [ -63.619602, 10.218535 ], [ -63.620251, 10.218507 ], [ -63.620899, 10.218497 ], [ -63.622436, 10.218594 ], [ -63.624405, 10.218987 ], [ -63.625134, 10.219167 ], [ -63.626095, 10.219427 ], [ -63.627956, 10.220011 ], [ -63.628475, 10.220155 ], [ -63.629818, 10.220595 ], [ -63.630669, 10.220928 ], [ -63.632069, 10.221604 ], [ -63.632786, 10.222082 ], [ -63.633221, 10.222452 ], [ -63.633728, 10.222867 ], [ -63.634331, 10.223327 ], [ -63.635307, 10.223904 ], [ -63.635883, 10.224292 ], [ -63.636646, 10.224770 ], [ -63.637383, 10.225176 ], [ -63.638412, 10.225797 ], [ -63.639217, 10.226220 ], [ -63.639782, 10.226292 ], [ -63.640381, 10.226245 ], [ -63.640980, 10.226127 ], [ -63.641506, 10.225963 ], [ -63.642624, 10.225499 ], [ -63.643219, 10.225272 ], [ -63.644241, 10.224854 ], [ -63.644768, 10.224672 ], [ -63.645863, 10.224191 ], [ -63.646435, 10.224027 ], [ -63.646961, 10.223863 ], [ -63.647652, 10.223743 ], [ -63.648411, 10.223598 ], [ -63.649036, 10.223497 ], [ -63.649658, 10.223378 ], [ -63.650997, 10.223230 ], [ -63.651756, 10.223104 ], [ -63.652496, 10.222957 ], [ -63.653027, 10.222892 ], [ -63.653576, 10.222774 ], [ -63.654243, 10.222609 ], [ -63.655460, 10.222281 ], [ -63.656536, 10.221980 ], [ -63.657089, 10.221845 ], [ -63.658161, 10.221474 ], [ -63.659374, 10.220983 ], [ -63.659897, 10.220780 ], [ -63.660580, 10.220499 ], [ -63.661877, 10.219890 ], [ -63.662647, 10.219463 ], [ -63.663216, 10.219186 ], [ -63.663826, 10.218838 ], [ -63.664394, 10.218558 ], [ -63.665436, 10.218010 ], [ -63.666096, 10.217684 ], [ -63.666733, 10.217357 ], [ -63.667274, 10.217066 ], [ -63.667889, 10.216776 ], [ -63.668366, 10.216524 ], [ -63.669113, 10.216078 ], [ -63.669613, 10.215826 ], [ -63.670517, 10.215327 ], [ -63.671288, 10.214834 ], [ -63.671761, 10.214516 ], [ -63.672756, 10.213897 ], [ -63.673408, 10.213527 ], [ -63.674179, 10.213055 ], [ -63.674675, 10.212782 ], [ -63.675220, 10.212456 ], [ -63.675808, 10.212132 ], [ -63.676354, 10.211856 ], [ -63.676922, 10.211556 ], [ -63.677578, 10.211185 ], [ -63.678211, 10.210858 ], [ -63.678734, 10.210558 ], [ -63.679054, 10.210388 ], [ -63.679676, 10.210092 ], [ -63.680851, 10.209596 ], [ -63.681683, 10.209290 ], [ -63.682266, 10.209095 ], [ -63.683563, 10.208507 ], [ -63.684051, 10.208274 ], [ -63.684723, 10.207932 ], [ -63.685875, 10.207260 ], [ -63.686573, 10.206770 ], [ -63.688229, 10.205339 ], [ -63.688980, 10.204606 ], [ -63.689316, 10.204311 ], [ -63.689697, 10.204009 ], [ -63.690403, 10.203661 ], [ -63.690857, 10.203479 ], [ -63.691738, 10.203162 ], [ -63.692967, 10.202860 ], [ -63.693710, 10.202869 ], [ -63.694389, 10.202956 ], [ -63.694931, 10.202511 ], [ -63.695175, 10.202323 ], [ -63.695660, 10.201883 ], [ -63.696224, 10.201427 ], [ -63.696922, 10.200937 ], [ -63.697452, 10.200644 ], [ -63.698078, 10.200334 ], [ -63.698578, 10.200107 ], [ -63.699177, 10.199965 ], [ -63.699753, 10.199870 ], [ -63.702366, 10.199692 ], [ -63.703689, 10.199635 ], [ -63.704498, 10.199579 ], [ -63.706642, 10.199230 ], [ -63.707543, 10.199051 ], [ -63.709198, 10.198728 ], [ -63.709980, 10.198555 ], [ -63.711681, 10.198161 ], [ -63.713215, 10.197725 ], [ -63.714100, 10.197438 ], [ -63.714428, 10.197327 ], [ -63.715828, 10.196767 ], [ -63.716476, 10.196434 ], [ -63.716999, 10.196134 ], [ -63.717495, 10.195815 ], [ -63.718437, 10.195063 ], [ -63.718975, 10.194646 ], [ -63.719448, 10.194328 ], [ -63.719963, 10.193938 ], [ -63.721020, 10.193203 ], [ -63.722412, 10.192082 ], [ -63.722862, 10.191763 ], [ -63.723339, 10.191562 ], [ -63.723915, 10.191443 ], [ -63.724609, 10.191368 ], [ -63.725391, 10.191267 ], [ -63.726708, 10.191113 ], [ -63.727509, 10.191116 ], [ -63.728287, 10.191091 ], [ -63.729328, 10.190978 ], [ -63.729973, 10.190859 ], [ -63.730522, 10.190722 ], [ -63.730992, 10.190566 ], [ -63.731644, 10.190371 ], [ -63.732124, 10.190167 ], [ -63.733379, 10.189675 ], [ -63.733902, 10.189448 ], [ -63.734608, 10.189211 ], [ -63.735432, 10.188920 ], [ -63.736572, 10.188478 ], [ -63.737850, 10.187940 ], [ -63.738510, 10.187638 ], [ -63.739849, 10.186978 ], [ -63.740509, 10.186616 ], [ -63.741138, 10.186257 ], [ -63.741867, 10.185878 ], [ -63.742569, 10.185481 ], [ -63.742901, 10.185307 ], [ -63.743519, 10.184958 ], [ -63.744133, 10.184677 ], [ -63.744866, 10.184414 ], [ -63.745480, 10.184181 ], [ -63.747082, 10.183630 ], [ -63.747856, 10.183342 ], [ -63.748547, 10.183150 ], [ -63.749119, 10.182942 ], [ -63.749676, 10.182805 ], [ -63.751316, 10.182295 ], [ -63.751820, 10.182158 ], [ -63.752957, 10.181810 ], [ -63.754345, 10.181472 ], [ -63.754913, 10.181380 ], [ -63.755501, 10.181354 ], [ -63.756191, 10.181278 ], [ -63.756889, 10.181293 ], [ -63.757530, 10.181611 ], [ -63.758076, 10.181817 ], [ -63.758621, 10.182139 ], [ -63.759079, 10.182446 ], [ -63.759720, 10.182828 ], [ -63.760224, 10.183151 ], [ -63.760746, 10.183358 ], [ -63.761242, 10.183571 ], [ -63.761898, 10.183723 ], [ -63.763004, 10.183546 ], [ -63.763763, 10.183366 ], [ -63.764473, 10.183105 ], [ -63.765743, 10.182497 ], [ -63.766445, 10.182121 ], [ -63.767010, 10.181776 ], [ -63.767643, 10.181358 ], [ -63.768204, 10.180968 ], [ -63.768650, 10.180578 ], [ -63.769116, 10.180098 ], [ -63.769447, 10.179690 ], [ -63.769818, 10.179147 ], [ -63.770119, 10.178675 ], [ -63.770439, 10.178042 ], [ -63.770893, 10.177236 ], [ -63.771519, 10.175734 ], [ -63.771812, 10.174963 ], [ -63.772232, 10.173497 ], [ -63.772385, 10.172800 ], [ -63.772545, 10.172240 ], [ -63.772659, 10.171660 ], [ -63.772816, 10.171036 ], [ -63.772991, 10.170285 ], [ -63.773056, 10.169643 ], [ -63.773029, 10.169046 ], [ -63.773022, 10.168422 ], [ -63.772995, 10.167780 ], [ -63.772995, 10.167256 ], [ -63.773014, 10.166676 ], [ -63.773006, 10.165989 ], [ -63.772984, 10.165457 ], [ -63.772793, 10.164380 ], [ -63.772762, 10.163674 ], [ -63.772755, 10.163051 ], [ -63.772770, 10.162364 ], [ -63.772903, 10.161667 ], [ -63.773132, 10.161078 ], [ -63.773704, 10.160363 ], [ -63.774101, 10.159955 ], [ -63.774666, 10.159637 ], [ -63.775398, 10.159373 ], [ -63.776688, 10.159135 ], [ -63.777264, 10.159060 ], [ -63.778053, 10.159023 ], [ -63.778637, 10.159112 ], [ -63.779453, 10.159219 ], [ -63.780277, 10.159460 ], [ -63.780823, 10.159713 ], [ -63.781414, 10.159920 ], [ -63.782067, 10.160027 ], [ -63.782718, 10.160016 ], [ -63.783295, 10.159906 ], [ -63.783833, 10.159534 ], [ -63.784275, 10.159008 ], [ -63.784596, 10.158421 ], [ -63.784977, 10.157597 ], [ -63.785255, 10.157152 ], [ -63.785606, 10.156627 ], [ -63.785957, 10.156219 ], [ -63.786499, 10.155856 ], [ -63.788715, 10.154556 ], [ -63.789188, 10.154267 ], [ -63.790314, 10.153478 ], [ -63.790962, 10.152968 ], [ -63.791435, 10.152625 ], [ -63.791836, 10.152217 ], [ -63.792210, 10.151809 ], [ -63.792564, 10.151356 ], [ -63.792946, 10.150603 ], [ -63.793518, 10.149355 ], [ -63.793655, 10.148803 ], [ -63.793674, 10.148405 ], [ -63.793690, 10.148088 ], [ -63.793659, 10.147374 ], [ -63.793530, 10.146596 ], [ -63.793427, 10.145819 ], [ -63.793320, 10.144996 ], [ -63.793259, 10.144173 ], [ -63.793057, 10.142754 ], [ -63.793095, 10.142102 ], [ -63.793140, 10.141579 ], [ -63.793232, 10.141044 ], [ -63.793297, 10.140438 ], [ -63.793457, 10.139859 ], [ -63.793686, 10.139271 ], [ -63.794037, 10.138827 ], [ -63.794521, 10.138247 ], [ -63.795033, 10.137748 ], [ -63.795456, 10.137404 ], [ -63.795971, 10.136968 ], [ -63.796646, 10.136496 ], [ -63.797344, 10.135987 ], [ -63.798042, 10.135497 ], [ -63.798714, 10.134981 ], [ -63.799366, 10.134500 ], [ -63.799789, 10.134110 ], [ -63.800281, 10.133675 ], [ -63.800861, 10.133141 ], [ -63.802216, 10.131816 ], [ -63.802750, 10.131353 ], [ -63.803238, 10.130855 ], [ -63.803681, 10.130329 ], [ -63.804234, 10.129730 ], [ -63.804630, 10.129277 ], [ -63.805691, 10.128126 ], [ -63.806133, 10.127619 ], [ -63.807388, 10.126142 ], [ -63.807983, 10.125400 ], [ -63.808334, 10.124947 ], [ -63.808727, 10.124403 ], [ -63.808998, 10.123751 ], [ -63.809135, 10.123163 ], [ -63.809261, 10.122376 ], [ -63.809273, 10.121597 ], [ -63.809193, 10.120865 ], [ -63.809048, 10.120205 ], [ -63.808922, 10.119492 ], [ -63.808865, 10.118740 ], [ -63.808792, 10.118163 ], [ -63.808739, 10.117565 ], [ -63.808647, 10.117023 ], [ -63.808617, 10.116354 ], [ -63.808632, 10.115712 ], [ -63.808766, 10.114987 ], [ -63.808903, 10.114481 ], [ -63.809239, 10.113703 ], [ -63.809792, 10.112625 ], [ -63.810074, 10.112173 ], [ -63.810772, 10.111176 ], [ -63.811279, 10.110578 ], [ -63.811764, 10.110052 ], [ -63.812229, 10.109571 ], [ -63.812855, 10.108992 ], [ -63.813820, 10.108238 ], [ -63.814518, 10.107821 ], [ -63.815044, 10.107630 ], [ -63.815983, 10.107383 ], [ -63.816658, 10.107354 ], [ -63.817238, 10.107352 ], [ -63.817890, 10.107441 ], [ -63.819275, 10.107746 ], [ -63.819816, 10.107980 ], [ -63.820282, 10.108466 ], [ -63.820698, 10.108972 ], [ -63.821140, 10.109486 ], [ -63.821583, 10.110064 ], [ -63.821979, 10.110551 ], [ -63.822369, 10.110992 ], [ -63.824188, 10.112753 ], [ -63.824730, 10.112895 ], [ -63.825924, 10.112585 ], [ -63.826591, 10.112421 ], [ -63.827114, 10.112165 ], [ -63.827515, 10.111831 ], [ -63.828278, 10.111240 ], [ -63.828774, 10.110941 ], [ -63.829456, 10.110640 ], [ -63.830574, 10.110222 ], [ -63.832290, 10.109639 ], [ -63.832821, 10.109529 ], [ -63.834042, 10.109382 ], [ -63.834896, 10.109298 ], [ -63.836266, 10.109240 ], [ -63.836823, 10.109302 ], [ -63.837505, 10.109508 ], [ -63.838161, 10.109615 ], [ -63.838978, 10.109721 ], [ -63.839703, 10.109829 ], [ -63.840240, 10.109890 ], [ -63.841267, 10.109987 ], [ -63.842148, 10.109975 ], [ -63.842823, 10.110056 ], [ -63.843407, 10.110145 ], [ -63.844204, 10.110295 ], [ -63.844814, 10.110431 ], [ -63.845516, 10.110564 ], [ -63.846333, 10.110661 ], [ -63.847103, 10.110696 ], [ -63.848671, 10.110538 ], [ -63.849579, 10.110517 ], [ -63.850273, 10.110534 ], [ -63.850857, 10.110577 ], [ -63.851452, 10.110394 ], [ -63.852112, 10.110158 ], [ -63.852589, 10.109931 ], [ -63.853092, 10.109748 ], [ -63.853638, 10.109512 ], [ -63.854210, 10.109330 ], [ -63.854900, 10.109138 ], [ -63.855450, 10.108974 ], [ -63.856762, 10.108736 ], [ -63.857796, 10.108533 ], [ -63.858696, 10.108396 ], [ -63.859459, 10.108321 ], [ -63.860062, 10.108293 ], [ -63.861015, 10.108389 ], [ -63.861786, 10.108423 ], [ -63.862343, 10.108494 ], [ -63.863972, 10.108535 ], [ -63.864944, 10.108515 ], [ -63.865616, 10.108513 ], [ -63.866985, 10.108446 ], [ -63.868229, 10.108253 ], [ -63.868797, 10.107953 ], [ -63.869472, 10.107535 ], [ -63.870583, 10.106935 ], [ -63.871330, 10.106553 ], [ -63.871834, 10.106327 ], [ -63.872509, 10.105926 ], [ -63.873009, 10.105654 ], [ -63.873715, 10.105371 ], [ -63.874336, 10.105225 ], [ -63.874889, 10.105178 ], [ -63.875427, 10.105231 ], [ -63.876267, 10.105183 ], [ -63.876758, 10.105146 ], [ -63.877335, 10.105027 ], [ -63.877907, 10.104862 ], [ -63.878475, 10.104635 ], [ -63.879139, 10.104444 ], [ -63.880284, 10.104096 ], [ -63.881042, 10.103878 ], [ -63.882027, 10.103632 ], [ -63.882626, 10.103466 ], [ -63.883125, 10.103285 ], [ -63.883602, 10.103075 ], [ -63.884243, 10.102838 ], [ -63.885269, 10.102428 ], [ -63.885773, 10.102265 ], [ -63.886570, 10.101982 ], [ -63.887073, 10.101773 ], [ -63.887802, 10.101445 ], [ -63.888439, 10.101181 ], [ -63.889622, 10.100654 ], [ -63.890369, 10.100254 ], [ -63.891552, 10.099672 ], [ -63.892345, 10.099244 ], [ -63.893024, 10.098889 ], [ -63.893791, 10.098417 ], [ -63.894402, 10.098090 ], [ -63.895264, 10.097645 ], [ -63.896130, 10.097263 ], [ -63.896908, 10.096998 ], [ -63.897476, 10.096788 ], [ -63.898182, 10.096506 ], [ -63.899139, 10.096097 ], [ -63.900715, 10.095541 ], [ -63.902660, 10.094931 ], [ -63.903420, 10.094729 ], [ -63.904129, 10.094564 ], [ -63.904957, 10.094408 ], [ -63.905865, 10.094415 ], [ -63.907688, 10.094708 ], [ -63.908714, 10.094795 ], [ -63.909763, 10.094938 ], [ -63.910557, 10.094998 ], [ -63.911396, 10.095096 ], [ -63.912025, 10.095140 ], [ -63.912560, 10.095138 ], [ -63.913139, 10.095200 ], [ -63.914070, 10.095233 ], [ -63.915112, 10.095167 ], [ -63.915707, 10.095003 ], [ -63.916348, 10.094739 ], [ -63.917557, 10.094274 ], [ -63.918373, 10.093892 ], [ -63.919121, 10.093519 ], [ -63.920574, 10.092764 ], [ -63.921749, 10.092110 ], [ -63.922455, 10.091755 ], [ -63.922996, 10.091436 ], [ -63.923538, 10.091092 ], [ -63.924030, 10.090701 ], [ -63.924637, 10.090257 ], [ -63.925381, 10.089794 ], [ -63.927193, 10.088794 ], [ -63.927692, 10.088584 ], [ -63.928383, 10.088438 ], [ -63.929394, 10.088164 ], [ -63.930359, 10.088007 ], [ -63.931145, 10.087924 ], [ -63.931843, 10.087966 ], [ -63.932472, 10.088028 ], [ -63.933014, 10.088162 ], [ -63.933769, 10.088432 ], [ -63.934380, 10.088593 ], [ -63.935532, 10.088933 ], [ -63.936096, 10.089139 ], [ -63.936855, 10.089445 ], [ -63.938999, 10.090136 ], [ -63.939613, 10.090431 ], [ -63.940300, 10.090718 ], [ -63.940906, 10.090763 ], [ -63.941559, 10.090760 ], [ -63.942139, 10.090777 ], [ -63.942737, 10.090685 ], [ -63.943409, 10.090656 ], [ -63.943985, 10.090582 ], [ -63.944866, 10.090498 ], [ -63.945557, 10.090396 ], [ -63.946526, 10.090267 ], [ -63.948158, 10.089919 ], [ -63.948776, 10.089772 ], [ -63.949375, 10.089653 ], [ -63.949902, 10.089471 ], [ -63.950680, 10.089233 ], [ -63.951294, 10.088969 ], [ -63.952000, 10.088687 ], [ -63.953091, 10.088178 ], [ -63.953663, 10.087996 ], [ -63.954369, 10.087685 ], [ -63.955650, 10.087492 ], [ -63.956493, 10.087295 ], [ -63.957031, 10.087295 ], [ -63.957482, 10.087550 ], [ -63.957939, 10.087897 ], [ -63.958324, 10.088249 ], [ -63.958626, 10.088697 ], [ -63.958855, 10.089169 ], [ -63.959045, 10.089736 ], [ -63.959183, 10.090260 ], [ -63.959236, 10.090878 ], [ -63.959309, 10.091403 ], [ -63.959152, 10.092607 ], [ -63.959015, 10.093164 ], [ -63.958824, 10.094555 ], [ -63.958733, 10.095110 ], [ -63.958630, 10.095874 ], [ -63.958374, 10.097404 ], [ -63.958126, 10.099048 ], [ -63.958046, 10.099833 ], [ -63.958027, 10.100432 ], [ -63.958061, 10.101190 ], [ -63.958195, 10.102035 ], [ -63.958340, 10.102742 ], [ -63.958443, 10.103406 ], [ -63.958691, 10.104268 ], [ -63.958820, 10.105044 ], [ -63.958988, 10.105750 ], [ -63.959114, 10.106412 ], [ -63.959301, 10.106978 ], [ -63.959561, 10.107542 ], [ -63.961708, 10.109311 ], [ -63.963325, 10.109654 ], [ -63.964500, 10.109994 ], [ -63.965065, 10.110177 ], [ -63.965607, 10.110313 ], [ -63.966194, 10.110449 ], [ -63.966824, 10.110536 ], [ -63.967361, 10.110650 ], [ -63.968113, 10.110824 ], [ -63.969662, 10.111147 ], [ -63.970314, 10.111257 ], [ -63.971088, 10.111406 ], [ -63.971603, 10.111522 ], [ -63.972561, 10.111664 ], [ -63.973171, 10.111798 ], [ -63.974224, 10.111982 ], [ -63.976574, 10.112615 ], [ -63.977211, 10.112839 ], [ -63.978588, 10.113469 ], [ -63.979084, 10.113677 ], [ -63.979775, 10.114037 ], [ -63.980514, 10.114489 ], [ -63.981136, 10.114852 ], [ -63.981686, 10.115242 ], [ -63.982380, 10.115694 ], [ -63.982860, 10.115994 ], [ -63.983715, 10.116418 ], [ -63.984329, 10.116691 ], [ -63.985058, 10.116888 ], [ -63.985641, 10.116932 ], [ -63.986336, 10.116900 ], [ -63.987049, 10.116755 ], [ -63.988010, 10.116504 ], [ -63.988583, 10.116318 ], [ -63.990021, 10.115726 ], [ -63.990795, 10.115417 ], [ -63.991322, 10.115254 ], [ -63.992989, 10.114697 ], [ -63.993557, 10.114442 ], [ -63.994240, 10.114091 ], [ -63.996033, 10.113275 ], [ -63.996628, 10.113065 ], [ -63.997280, 10.112622 ], [ -63.997890, 10.112296 ], [ -63.998463, 10.112041 ], [ -63.999073, 10.111692 ], [ -63.999596, 10.111439 ], [ -64.000084, 10.111335 ], [ -64.000725, 10.112002 ], [ -64.001327, 10.111980 ], [ -64.001984, 10.111909 ], [ -64.002518, 10.111930 ], [ -64.003029, 10.112067 ], [ -64.003632, 10.112206 ], [ -64.004143, 10.112365 ], [ -64.004654, 10.112571 ], [ -64.005371, 10.112639 ], [ -64.005958, 10.112660 ], [ -64.007652, 10.113232 ], [ -64.008209, 10.113391 ], [ -64.008743, 10.113483 ], [ -64.009255, 10.113596 ], [ -64.009888, 10.113826 ], [ -64.010399, 10.114032 ], [ -64.010887, 10.114376 ], [ -64.011215, 10.115340 ], [ -64.011444, 10.115822 ], [ -64.011726, 10.116259 ], [ -64.012054, 10.116717 ], [ -64.012375, 10.117224 ], [ -64.012703, 10.118395 ], [ -64.013054, 10.118832 ], [ -64.013565, 10.119174 ], [ -64.014122, 10.119518 ], [ -64.014961, 10.120252 ], [ -64.015312, 10.120619 ], [ -64.015824, 10.120802 ], [ -64.016289, 10.121168 ], [ -64.016892, 10.121467 ], [ -64.017456, 10.121651 ], [ -64.017990, 10.121717 ], [ -64.018524, 10.121763 ], [ -64.019150, 10.121922 ], [ -64.019775, 10.121944 ], [ -64.020477, 10.122012 ], [ -64.021103, 10.122033 ], [ -64.021774, 10.122170 ], [ -64.022354, 10.122307 ], [ -64.022865, 10.122330 ], [ -64.023544, 10.122374 ], [ -64.024101, 10.122442 ], [ -64.024658, 10.122534 ], [ -64.025146, 10.122669 ], [ -64.025635, 10.122830 ], [ -64.026260, 10.122944 ], [ -64.026863, 10.122942 ], [ -64.028168, 10.122986 ], [ -64.029190, 10.123031 ], [ -64.029724, 10.123030 ], [ -64.030258, 10.123005 ], [ -64.030769, 10.123050 ], [ -64.031464, 10.123027 ], [ -64.032112, 10.122932 ], [ -64.032646, 10.122772 ], [ -64.033134, 10.122609 ], [ -64.033859, 10.122424 ], [ -64.034554, 10.122216 ], [ -64.035133, 10.122053 ], [ -64.035667, 10.121985 ], [ -64.036179, 10.121938 ], [ -64.036781, 10.121776 ], [ -64.037338, 10.121636 ], [ -64.038521, 10.121289 ], [ -64.039009, 10.121127 ], [ -64.039566, 10.120989 ], [ -64.040077, 10.120827 ], [ -64.040657, 10.120665 ], [ -64.041214, 10.120457 ], [ -64.041817, 10.120088 ], [ -64.042420, 10.119696 ], [ -64.042908, 10.119419 ], [ -64.043419, 10.119187 ], [ -64.043953, 10.119003 ], [ -64.044853, 10.118337 ], [ -64.045876, 10.117482 ], [ -64.046318, 10.117160 ], [ -64.046730, 10.116722 ], [ -64.047058, 10.116102 ], [ -64.047546, 10.115549 ], [ -64.048050, 10.115020 ], [ -64.048538, 10.114490 ], [ -64.048889, 10.113937 ], [ -64.049233, 10.113339 ], [ -64.049461, 10.112810 ], [ -64.049644, 10.112190 ], [ -64.049766, 10.111615 ], [ -64.050041, 10.110601 ], [ -64.050156, 10.110051 ], [ -64.050293, 10.109522 ], [ -64.050567, 10.108235 ], [ -64.050636, 10.107568 ], [ -64.050819, 10.106993 ], [ -64.051002, 10.106372 ], [ -64.051025, 10.105820 ], [ -64.051117, 10.105314 ], [ -64.051186, 10.104810 ], [ -64.051186, 10.104235 ], [ -64.051254, 10.103727 ], [ -64.051644, 10.102531 ], [ -64.051781, 10.102051 ], [ -64.051987, 10.101543 ], [ -64.052361, 10.101176 ], [ -64.052757, 10.100852 ], [ -64.053269, 10.100692 ], [ -64.053894, 10.100666 ], [ -64.054543, 10.100597 ], [ -64.054985, 10.100344 ], [ -64.055633, 10.100135 ], [ -64.056190, 10.099973 ], [ -64.056839, 10.099811 ], [ -64.057793, 10.099717 ], [ -64.058487, 10.099623 ], [ -64.059090, 10.099507 ], [ -64.059914, 10.099379 ], [ -64.060463, 10.099298 ], [ -64.060997, 10.099205 ], [ -64.062416, 10.099318 ], [ -64.062927, 10.099247 ], [ -64.063439, 10.099200 ], [ -64.064018, 10.099175 ], [ -64.064690, 10.099106 ], [ -64.065430, 10.099012 ], [ -64.066246, 10.098941 ], [ -64.066780, 10.098941 ], [ -64.068077, 10.098824 ], [ -64.069145, 10.098821 ], [ -64.069702, 10.098797 ], [ -64.070213, 10.098797 ], [ -64.070847, 10.098841 ], [ -64.071495, 10.098840 ], [ -64.072075, 10.098884 ], [ -64.072815, 10.098906 ], [ -64.073540, 10.098881 ], [ -64.074074, 10.098882 ], [ -64.075302, 10.099038 ], [ -64.075836, 10.099130 ], [ -64.076538, 10.099197 ], [ -64.077210, 10.099357 ], [ -64.077698, 10.099494 ], [ -64.078209, 10.099608 ], [ -64.078720, 10.099859 ], [ -64.079277, 10.100181 ], [ -64.079910, 10.100432 ], [ -64.080467, 10.100569 ], [ -64.080955, 10.100706 ], [ -64.081444, 10.100819 ], [ -64.082115, 10.100818 ], [ -64.082855, 10.100748 ], [ -64.083389, 10.100655 ], [ -64.084000, 10.100585 ], [ -64.084602, 10.100537 ], [ -64.085739, 10.100490 ], [ -64.086456, 10.100396 ], [ -64.087082, 10.100233 ], [ -64.087616, 10.100072 ], [ -64.088661, 10.099886 ], [ -64.089218, 10.099747 ], [ -64.089821, 10.099516 ], [ -64.090309, 10.099147 ], [ -64.090729, 10.098572 ], [ -64.091049, 10.098180 ], [ -64.091469, 10.097766 ], [ -64.091934, 10.097374 ], [ -64.092461, 10.096959 ], [ -64.092972, 10.096613 ], [ -64.093529, 10.096267 ], [ -64.093994, 10.095991 ], [ -64.095062, 10.095414 ], [ -64.095482, 10.095137 ], [ -64.095940, 10.094814 ], [ -64.096405, 10.094584 ], [ -64.097221, 10.094261 ], [ -64.097709, 10.094121 ], [ -64.098473, 10.093978 ], [ -64.099007, 10.093866 ], [ -64.100098, 10.093819 ], [ -64.100655, 10.093771 ], [ -64.101189, 10.093769 ], [ -64.101745, 10.093907 ], [ -64.102257, 10.094067 ], [ -64.102837, 10.094180 ], [ -64.103371, 10.094224 ], [ -64.103882, 10.094315 ], [ -64.104515, 10.094337 ], [ -64.105278, 10.094197 ], [ -64.105858, 10.094012 ], [ -64.106438, 10.093736 ], [ -64.106766, 10.093322 ], [ -64.107018, 10.092770 ], [ -64.107315, 10.092240 ], [ -64.107666, 10.091710 ], [ -64.108452, 10.090836 ], [ -64.108871, 10.090489 ], [ -64.109283, 10.090099 ], [ -64.109932, 10.089684 ], [ -64.110466, 10.089522 ], [ -64.111099, 10.089384 ], [ -64.111771, 10.089266 ], [ -64.112557, 10.089218 ], [ -64.113114, 10.089240 ], [ -64.113693, 10.089285 ], [ -64.114349, 10.089354 ], [ -64.114952, 10.089397 ], [ -64.115646, 10.089350 ], [ -64.116318, 10.089280 ], [ -64.116974, 10.089186 ], [ -64.117485, 10.089093 ], [ -64.118065, 10.088931 ], [ -64.118736, 10.088723 ], [ -64.119339, 10.088514 ], [ -64.119942, 10.088284 ], [ -64.120453, 10.088006 ], [ -64.121544, 10.087476 ], [ -64.122124, 10.087244 ], [ -64.122681, 10.087107 ], [ -64.123284, 10.087035 ], [ -64.123795, 10.087011 ], [ -64.124443, 10.087056 ], [ -64.125191, 10.087123 ], [ -64.126236, 10.087259 ], [ -64.126862, 10.087279 ], [ -64.127510, 10.087188 ], [ -64.128090, 10.087116 ], [ -64.129181, 10.086884 ], [ -64.129692, 10.086700 ], [ -64.130966, 10.086284 ], [ -64.131615, 10.086030 ], [ -64.132149, 10.085890 ], [ -64.132759, 10.085752 ], [ -64.133339, 10.085544 ], [ -64.134102, 10.085289 ], [ -64.134682, 10.085080 ], [ -64.135239, 10.084849 ], [ -64.136490, 10.084411 ], [ -64.136978, 10.084225 ], [ -64.137466, 10.084064 ], [ -64.138046, 10.083924 ], [ -64.138695, 10.083784 ], [ -64.139389, 10.083553 ], [ -64.140022, 10.083368 ], [ -64.140671, 10.083137 ], [ -64.141342, 10.082929 ], [ -64.141945, 10.082834 ], [ -64.142525, 10.082718 ], [ -64.143127, 10.082648 ], [ -64.144287, 10.082485 ], [ -64.144966, 10.082324 ], [ -64.146004, 10.081976 ], [ -64.146561, 10.081905 ], [ -64.147583, 10.081605 ], [ -64.148140, 10.081489 ], [ -64.148674, 10.081418 ], [ -64.149254, 10.081371 ], [ -64.149864, 10.081163 ], [ -64.150467, 10.080932 ], [ -64.151047, 10.080723 ], [ -64.151581, 10.080447 ], [ -64.152062, 10.080239 ], [ -64.152573, 10.080100 ], [ -64.153130, 10.080030 ], [ -64.153786, 10.079983 ], [ -64.154503, 10.079912 ], [ -64.155243, 10.079864 ], [ -64.155891, 10.079909 ], [ -64.156502, 10.079930 ], [ -64.157104, 10.079906 ], [ -64.157707, 10.079904 ], [ -64.158218, 10.079858 ], [ -64.158707, 10.079742 ], [ -64.159355, 10.079625 ], [ -64.159866, 10.079509 ], [ -64.160560, 10.079324 ], [ -64.161140, 10.079185 ], [ -64.161720, 10.079000 ], [ -64.162163, 10.078746 ], [ -64.162651, 10.078377 ], [ -64.163185, 10.078008 ], [ -64.163765, 10.077593 ], [ -64.164619, 10.077018 ], [ -64.165268, 10.076670 ], [ -64.165665, 10.076234 ], [ -64.166077, 10.075748 ], [ -64.166634, 10.075288 ], [ -64.167214, 10.074919 ], [ -64.167656, 10.074665 ], [ -64.168907, 10.074087 ], [ -64.169464, 10.073880 ], [ -64.170509, 10.073464 ], [ -64.171203, 10.073234 ], [ -64.172043, 10.072863 ], [ -64.173203, 10.072446 ], [ -64.173691, 10.072308 ], [ -64.174194, 10.072145 ], [ -64.174683, 10.072029 ], [ -64.175941, 10.071659 ], [ -64.176521, 10.071497 ], [ -64.177033, 10.071243 ], [ -64.177559, 10.071012 ], [ -64.178558, 10.070526 ], [ -64.179207, 10.070250 ], [ -64.179855, 10.069995 ], [ -64.180389, 10.069811 ], [ -64.180992, 10.069648 ], [ -64.181549, 10.069463 ], [ -64.182709, 10.069069 ], [ -64.183800, 10.068676 ], [ -64.184311, 10.068399 ], [ -64.184799, 10.067984 ], [ -64.185356, 10.067616 ], [ -64.185799, 10.067338 ], [ -64.186447, 10.066969 ], [ -64.186935, 10.066784 ], [ -64.187538, 10.066531 ], [ -64.188233, 10.066298 ], [ -64.188950, 10.066115 ], [ -64.189529, 10.065997 ], [ -64.190086, 10.065972 ], [ -64.191154, 10.065832 ], [ -64.191925, 10.065784 ], [ -64.192459, 10.065783 ], [ -64.193153, 10.065736 ], [ -64.194382, 10.065525 ], [ -64.195519, 10.065247 ], [ -64.196655, 10.065038 ], [ -64.197235, 10.065036 ], [ -64.197868, 10.064920 ], [ -64.199371, 10.064733 ], [ -64.199906, 10.064685 ], [ -64.200416, 10.064593 ], [ -64.200974, 10.064546 ], [ -64.201767, 10.064544 ], [ -64.202461, 10.064519 ], [ -64.203766, 10.064562 ], [ -64.204392, 10.064607 ], [ -64.205063, 10.064560 ], [ -64.205597, 10.064488 ], [ -64.206222, 10.064371 ], [ -64.207336, 10.064277 ], [ -64.207970, 10.064436 ], [ -64.208550, 10.064756 ], [ -64.209221, 10.065055 ], [ -64.209732, 10.065213 ], [ -64.210243, 10.065536 ], [ -64.210640, 10.065855 ], [ -64.210899, 10.066476 ], [ -64.211250, 10.066934 ], [ -64.211739, 10.067231 ], [ -64.212158, 10.067507 ], [ -64.212669, 10.067872 ], [ -64.213226, 10.068285 ], [ -64.213737, 10.068537 ], [ -64.214485, 10.068697 ], [ -64.214996, 10.068741 ], [ -64.215599, 10.068832 ], [ -64.216202, 10.068945 ], [ -64.216759, 10.069174 ], [ -64.217293, 10.069333 ], [ -64.217949, 10.069262 ], [ -64.219223, 10.069030 ], [ -64.219803, 10.068913 ], [ -64.220268, 10.068683 ], [ -64.220848, 10.068497 ], [ -64.221497, 10.068312 ], [ -64.222031, 10.068127 ], [ -64.222542, 10.068010 ], [ -64.223122, 10.067802 ], [ -64.223656, 10.067548 ], [ -64.224091, 10.067294 ], [ -64.224533, 10.066879 ], [ -64.225273, 10.066373 ], [ -64.225899, 10.065957 ], [ -64.226433, 10.065634 ], [ -64.226921, 10.065517 ], [ -64.228203, 10.065469 ], [ -64.228966, 10.065421 ], [ -64.229592, 10.065442 ], [ -64.230125, 10.065855 ], [ -64.230637, 10.066037 ], [ -64.231361, 10.066105 ], [ -64.231827, 10.066541 ], [ -64.232429, 10.066770 ], [ -64.233009, 10.066675 ], [ -64.233543, 10.066605 ], [ -64.234146, 10.066511 ], [ -64.234634, 10.066373 ], [ -64.235146, 10.066325 ], [ -64.235840, 10.066278 ], [ -64.236374, 10.066161 ], [ -64.236931, 10.066068 ], [ -64.238068, 10.065858 ], [ -64.238724, 10.065811 ], [ -64.239304, 10.065832 ], [ -64.239815, 10.065807 ], [ -64.240417, 10.066013 ], [ -64.240906, 10.066241 ], [ -64.241463, 10.066333 ], [ -64.242691, 10.066466 ], [ -64.243271, 10.066398 ], [ -64.243950, 10.066441 ], [ -64.244621, 10.066508 ], [ -64.245178, 10.066529 ], [ -64.245804, 10.066483 ], [ -64.246895, 10.066158 ], [ -64.247406, 10.065973 ], [ -64.247940, 10.065742 ], [ -64.248405, 10.065511 ], [ -64.248917, 10.065349 ], [ -64.249451, 10.065232 ], [ -64.249962, 10.065163 ], [ -64.250473, 10.065068 ], [ -64.251053, 10.065000 ], [ -64.251587, 10.064905 ], [ -64.252144, 10.064904 ], [ -64.252632, 10.065064 ], [ -64.253052, 10.065338 ], [ -64.253540, 10.065727 ], [ -64.254028, 10.066002 ], [ -64.254540, 10.066139 ], [ -64.255119, 10.066069 ], [ -64.255630, 10.065768 ], [ -64.255974, 10.065286 ], [ -64.256370, 10.064848 ], [ -64.256828, 10.064502 ], [ -64.257362, 10.064247 ], [ -64.257851, 10.064061 ], [ -64.258385, 10.063924 ], [ -64.259476, 10.063737 ], [ -64.259987, 10.063735 ], [ -64.261124, 10.064238 ], [ -64.261566, 10.064559 ], [ -64.262337, 10.065269 ], [ -64.262665, 10.065681 ], [ -64.263061, 10.066004 ], [ -64.263435, 10.066347 ], [ -64.263878, 10.066598 ], [ -64.264343, 10.066827 ], [ -64.264832, 10.066964 ], [ -64.265343, 10.066916 ], [ -64.265877, 10.066915 ], [ -64.266480, 10.066845 ], [ -64.267082, 10.066751 ], [ -64.267616, 10.066681 ], [ -64.268242, 10.066587 ], [ -64.268753, 10.066356 ], [ -64.269219, 10.066102 ], [ -64.269722, 10.065894 ], [ -64.270737, 10.065724 ], [ -64.270798, 10.066252 ], [ -64.270889, 10.067400 ], [ -64.270935, 10.068480 ], [ -64.270935, 10.069998 ], [ -64.270981, 10.070711 ], [ -64.271026, 10.071239 ], [ -64.271049, 10.071975 ], [ -64.271042, 10.072549 ], [ -64.271019, 10.073077 ], [ -64.270973, 10.073651 ], [ -64.270790, 10.074893 ], [ -64.270782, 10.076134 ], [ -64.270828, 10.076869 ], [ -64.270920, 10.077651 ], [ -64.271088, 10.078711 ], [ -64.271347, 10.079470 ], [ -64.271546, 10.079996 ], [ -64.271584, 10.080073 ], [ -64.271797, 10.080480 ], [ -64.272102, 10.080987 ], [ -64.272469, 10.081561 ], [ -64.272774, 10.082000 ], [ -64.273514, 10.082989 ], [ -64.273903, 10.083473 ], [ -64.275391, 10.085108 ], [ -64.275917, 10.085776 ], [ -64.276405, 10.086305 ], [ -64.276962, 10.086928 ], [ -64.277405, 10.087365 ], [ -64.277886, 10.087802 ], [ -64.279091, 10.089001 ], [ -64.279556, 10.089394 ], [ -64.280067, 10.089900 ], [ -64.280647, 10.090522 ], [ -64.281128, 10.091098 ], [ -64.281433, 10.091535 ], [ -64.281776, 10.091995 ], [ -64.282173, 10.092594 ], [ -64.282631, 10.093238 ], [ -64.283653, 10.094481 ], [ -64.284233, 10.095287 ], [ -64.284714, 10.095909 ], [ -64.285110, 10.096393 ], [ -64.285599, 10.096854 ], [ -64.285942, 10.097290 ], [ -64.286430, 10.097729 ], [ -64.287125, 10.098189 ], [ -64.287750, 10.098491 ], [ -64.288284, 10.098584 ], [ -64.289116, 10.098747 ], [ -64.291138, 10.098751 ], [ -64.291672, 10.098706 ], [ -64.292412, 10.098594 ], [ -64.293129, 10.098457 ], [ -64.293877, 10.098275 ], [ -64.294845, 10.097933 ], [ -64.295334, 10.097750 ], [ -64.295937, 10.097590 ], [ -64.296608, 10.097454 ], [ -64.297188, 10.097295 ], [ -64.297745, 10.097319 ], [ -64.299095, 10.097507 ], [ -64.299622, 10.097623 ], [ -64.300155, 10.097762 ], [ -64.300735, 10.097924 ], [ -64.301384, 10.098087 ], [ -64.302826, 10.098342 ], [ -64.303474, 10.098436 ], [ -64.304123, 10.098437 ], [ -64.304886, 10.098326 ], [ -64.305702, 10.098120 ], [ -64.306374, 10.097914 ], [ -64.307854, 10.097388 ], [ -64.308411, 10.097159 ], [ -64.308991, 10.096978 ], [ -64.309738, 10.096795 ], [ -64.313004, 10.096207 ], [ -64.313682, 10.096093 ], [ -64.314262, 10.096024 ], [ -64.315140, 10.095936 ], [ -64.315994, 10.095869 ], [ -64.316719, 10.095709 ], [ -64.317276, 10.095572 ], [ -64.318108, 10.095276 ], [ -64.319107, 10.094956 ], [ -64.319710, 10.094659 ], [ -64.320313, 10.094338 ], [ -64.321129, 10.093835 ], [ -64.321564, 10.093514 ], [ -64.322220, 10.092987 ], [ -64.322724, 10.092528 ], [ -64.323357, 10.092001 ], [ -64.323769, 10.091589 ], [ -64.324471, 10.090833 ], [ -64.325050, 10.090167 ], [ -64.325539, 10.089639 ], [ -64.325951, 10.089228 ], [ -64.326347, 10.088814 ], [ -64.327278, 10.087897 ], [ -64.328156, 10.087255 ], [ -64.329246, 10.086522 ], [ -64.329994, 10.086133 ], [ -64.331200, 10.085400 ], [ -64.331917, 10.085035 ], [ -64.332519, 10.084783 ], [ -64.333145, 10.084601 ], [ -64.333748, 10.084394 ], [ -64.334373, 10.084213 ], [ -64.335121, 10.083892 ], [ -64.336258, 10.083596 ], [ -64.336838, 10.083367 ], [ -64.337601, 10.083095 ], [ -64.338440, 10.082729 ], [ -64.339897, 10.082546 ], [ -64.340683, 10.082481 ], [ -64.342079, 10.082529 ], [ -64.343330, 10.082556 ], [ -64.344330, 10.082626 ], [ -64.344948, 10.082697 ], [ -64.345672, 10.082745 ], [ -64.346252, 10.082814 ], [ -64.346855, 10.082953 ], [ -64.347366, 10.083232 ], [ -64.347778, 10.083530 ], [ -64.348244, 10.083945 ], [ -64.348663, 10.084406 ], [ -64.348869, 10.084889 ], [ -64.349098, 10.085371 ], [ -64.349358, 10.085994 ], [ -64.349724, 10.086615 ], [ -64.350021, 10.087235 ], [ -64.350372, 10.087834 ], [ -64.350670, 10.088271 ], [ -64.351112, 10.088548 ], [ -64.351601, 10.088801 ], [ -64.352364, 10.089102 ], [ -64.353012, 10.089264 ], [ -64.353615, 10.089311 ], [ -64.354172, 10.089290 ], [ -64.355682, 10.089109 ], [ -64.356651, 10.088928 ], [ -64.357285, 10.088791 ], [ -64.358414, 10.088448 ], [ -64.359253, 10.088267 ], [ -64.359970, 10.088084 ], [ -64.360550, 10.087903 ], [ -64.361847, 10.087605 ], [ -64.362709, 10.087425 ], [ -64.363609, 10.087219 ], [ -64.364380, 10.087106 ], [ -64.364914, 10.087084 ], [ -64.364845, 10.087590 ], [ -64.364838, 10.088255 ], [ -64.364792, 10.088784 ], [ -64.364700, 10.089566 ], [ -64.364487, 10.090323 ], [ -64.364281, 10.090990 ], [ -64.364143, 10.091610 ], [ -64.363930, 10.092299 ], [ -64.363815, 10.092804 ], [ -64.363602, 10.093538 ], [ -64.363487, 10.094136 ], [ -64.363373, 10.094642 ], [ -64.363281, 10.095217 ], [ -64.363350, 10.095814 ], [ -64.363350, 10.096503 ], [ -64.363396, 10.097033 ], [ -64.363533, 10.097630 ], [ -64.363846, 10.097833 ], [ -64.363998, 10.097929 ], [ -64.364944, 10.098436 ], [ -64.365501, 10.098646 ], [ -64.366104, 10.098830 ], [ -64.366661, 10.098900 ], [ -64.367401, 10.098924 ], [ -64.368889, 10.098928 ], [ -64.369446, 10.098975 ], [ -64.370140, 10.099046 ], [ -64.370766, 10.099162 ], [ -64.371620, 10.099278 ], [ -64.372292, 10.099396 ], [ -64.373039, 10.099512 ], [ -64.373642, 10.099581 ], [ -64.375359, 10.099701 ], [ -64.375885, 10.099678 ], [ -64.376610, 10.099727 ], [ -64.377167, 10.099773 ], [ -64.378326, 10.099822 ], [ -64.379318, 10.099915 ], [ -64.380012, 10.100078 ], [ -64.381287, 10.100885 ], [ -64.381798, 10.101254 ], [ -64.382240, 10.101645 ], [ -64.383072, 10.102475 ], [ -64.383537, 10.102981 ], [ -64.383881, 10.103557 ], [ -64.384232, 10.104223 ], [ -64.384506, 10.104707 ], [ -64.385292, 10.106018 ], [ -64.385757, 10.106547 ], [ -64.386200, 10.106824 ], [ -64.386734, 10.107263 ], [ -64.388100, 10.108162 ], [ -64.388794, 10.108507 ], [ -64.389259, 10.108761 ], [ -64.389931, 10.109014 ], [ -64.390671, 10.109270 ], [ -64.391182, 10.109524 ], [ -64.391602, 10.109915 ], [ -64.391808, 10.110513 ], [ -64.391579, 10.111042 ], [ -64.391228, 10.111523 ], [ -64.390717, 10.111914 ], [ -64.390091, 10.112256 ], [ -64.389580, 10.112509 ], [ -64.389091, 10.112691 ], [ -64.388512, 10.112966 ], [ -64.387863, 10.113171 ], [ -64.386658, 10.113674 ], [ -64.385864, 10.114086 ], [ -64.385353, 10.114407 ], [ -64.384872, 10.114773 ], [ -64.384430, 10.115232 ], [ -64.384056, 10.115920 ], [ -64.384056, 10.116472 ], [ -64.384430, 10.116863 ], [ -64.384933, 10.117048 ], [ -64.385422, 10.116888 ], [ -64.385956, 10.116820 ], [ -64.387352, 10.116823 ], [ -64.387909, 10.116779 ], [ -64.388763, 10.116757 ], [ -64.389549, 10.116758 ], [ -64.390411, 10.116785 ], [ -64.391083, 10.116878 ], [ -64.391685, 10.116947 ], [ -64.392403, 10.117133 ], [ -64.393791, 10.117618 ], [ -64.394470, 10.117942 ], [ -64.394951, 10.118333 ], [ -64.395370, 10.118862 ], [ -64.396019, 10.119922 ], [ -64.396362, 10.120681 ], [ -64.396690, 10.121302 ], [ -64.397247, 10.122543 ], [ -64.397476, 10.123164 ], [ -64.397705, 10.123854 ], [ -64.398102, 10.125166 ], [ -64.398285, 10.125994 ], [ -64.398422, 10.126705 ], [ -64.398445, 10.127326 ], [ -64.398514, 10.127878 ], [ -64.398582, 10.128544 ], [ -64.398651, 10.130475 ], [ -64.398605, 10.131072 ], [ -64.398514, 10.131647 ], [ -64.398346, 10.132910 ], [ -64.398140, 10.134104 ], [ -64.398087, 10.134679 ], [ -64.398117, 10.135276 ], [ -64.398277, 10.136150 ], [ -64.398506, 10.136771 ], [ -64.398834, 10.137231 ], [ -64.399246, 10.137600 ], [ -64.399803, 10.137761 ], [ -64.400360, 10.137855 ], [ -64.400986, 10.137879 ], [ -64.401680, 10.137950 ], [ -64.402565, 10.137975 ], [ -64.403168, 10.138021 ], [ -64.404091, 10.138069 ], [ -64.404671, 10.138117 ], [ -64.405205, 10.138186 ], [ -64.406044, 10.138326 ], [ -64.406601, 10.138395 ], [ -64.408341, 10.138791 ], [ -64.408867, 10.138884 ], [ -64.409615, 10.139047 ], [ -64.410423, 10.139185 ], [ -64.411255, 10.139279 ], [ -64.412163, 10.139349 ], [ -64.413627, 10.139490 ], [ -64.414177, 10.139515 ], [ -64.414902, 10.139561 ], [ -64.415413, 10.139631 ], [ -64.415962, 10.139656 ], [ -64.416984, 10.139727 ], [ -64.417732, 10.139751 ], [ -64.418259, 10.139684 ], [ -64.418907, 10.139546 ], [ -64.420166, 10.139159 ], [ -64.420906, 10.138885 ], [ -64.421440, 10.138610 ], [ -64.422157, 10.138220 ], [ -64.422783, 10.137854 ], [ -64.423828, 10.137075 ], [ -64.424499, 10.136617 ], [ -64.426010, 10.135539 ], [ -64.426659, 10.135150 ], [ -64.427330, 10.134761 ], [ -64.428749, 10.133843 ], [ -64.429329, 10.133501 ], [ -64.429977, 10.133157 ], [ -64.430488, 10.132952 ], [ -64.431396, 10.132608 ], [ -64.432297, 10.132312 ], [ -64.432968, 10.132175 ], [ -64.433716, 10.132107 ], [ -64.434318, 10.132039 ], [ -64.434875, 10.131948 ], [ -64.435402, 10.131903 ], [ -64.436661, 10.131630 ], [ -64.437470, 10.131310 ], [ -64.438835, 10.130578 ], [ -64.439560, 10.130258 ], [ -64.440392, 10.129846 ], [ -64.441231, 10.129456 ], [ -64.442017, 10.129205 ], [ -64.443291, 10.128866 ], [ -64.443245, 10.130424 ], [ -64.443245, 10.131252 ], [ -64.443222, 10.132333 ], [ -64.443176, 10.132861 ], [ -64.443100, 10.134033 ], [ -64.442985, 10.136469 ], [ -64.442917, 10.137226 ], [ -64.442871, 10.137962 ], [ -64.442818, 10.139203 ], [ -64.442749, 10.139799 ], [ -64.442658, 10.142488 ], [ -64.442589, 10.143201 ], [ -64.442535, 10.144236 ], [ -64.442490, 10.144878 ], [ -64.442467, 10.145866 ], [ -64.442444, 10.146441 ], [ -64.442398, 10.147153 ], [ -64.442398, 10.148003 ], [ -64.442375, 10.148740 ], [ -64.442368, 10.149313 ], [ -64.442322, 10.149842 ], [ -64.442322, 10.151427 ], [ -64.442299, 10.152278 ], [ -64.442322, 10.153059 ], [ -64.442322, 10.156484 ], [ -64.442299, 10.157196 ], [ -64.442245, 10.157931 ], [ -64.442223, 10.158804 ], [ -64.442154, 10.159677 ], [ -64.442108, 10.160412 ], [ -64.442062, 10.160917 ], [ -64.442039, 10.161722 ], [ -64.441986, 10.162273 ], [ -64.441963, 10.163033 ], [ -64.441963, 10.163607 ], [ -64.441917, 10.164204 ], [ -64.441895, 10.164985 ], [ -64.441826, 10.165927 ], [ -64.441803, 10.166547 ], [ -64.441750, 10.167168 ], [ -64.441681, 10.168961 ], [ -64.441681, 10.169488 ], [ -64.441635, 10.170890 ], [ -64.441635, 10.172936 ], [ -64.441582, 10.173808 ], [ -64.441559, 10.174660 ], [ -64.441513, 10.175531 ], [ -64.441490, 10.176199 ], [ -64.441490, 10.176727 ], [ -64.441444, 10.177968 ], [ -64.441444, 10.179209 ], [ -64.441467, 10.179807 ], [ -64.441460, 10.182058 ], [ -64.441414, 10.182748 ], [ -64.441391, 10.183276 ], [ -64.441391, 10.183873 ], [ -64.441368, 10.184702 ], [ -64.441322, 10.185229 ], [ -64.441277, 10.186056 ], [ -64.441177, 10.187205 ], [ -64.441109, 10.187826 ], [ -64.441040, 10.188768 ], [ -64.440994, 10.189548 ], [ -64.440949, 10.190675 ], [ -64.440949, 10.191249 ], [ -64.440971, 10.191824 ], [ -64.441109, 10.192399 ], [ -64.441643, 10.192629 ], [ -64.442245, 10.192861 ], [ -64.443009, 10.193137 ], [ -64.443588, 10.193300 ], [ -64.445419, 10.193786 ], [ -64.446068, 10.193971 ], [ -64.446648, 10.194111 ], [ -64.447319, 10.194295 ], [ -64.448013, 10.194504 ], [ -64.448875, 10.194849 ], [ -64.449455, 10.195033 ], [ -64.450058, 10.195173 ], [ -64.450592, 10.195221 ], [ -64.452629, 10.195455 ], [ -64.454071, 10.195549 ], [ -64.454720, 10.195619 ], [ -64.455345, 10.195712 ], [ -64.455856, 10.195760 ], [ -64.456528, 10.195784 ], [ -64.457268, 10.195785 ], [ -64.458084, 10.195763 ], [ -64.458756, 10.195718 ], [ -64.460075, 10.195513 ], [ -64.460724, 10.195376 ], [ -64.461281, 10.195309 ], [ -64.461884, 10.195195 ], [ -64.462563, 10.195105 ], [ -64.463188, 10.194990 ], [ -64.464325, 10.194901 ], [ -64.465065, 10.194902 ], [ -64.465736, 10.194973 ], [ -64.466408, 10.195066 ], [ -64.467033, 10.195228 ], [ -64.468521, 10.195575 ], [ -64.469032, 10.195737 ], [ -64.470375, 10.196222 ], [ -64.471001, 10.196523 ], [ -64.471672, 10.196867 ], [ -64.472206, 10.197121 ], [ -64.472855, 10.197398 ], [ -64.473503, 10.197652 ], [ -64.474320, 10.197953 ], [ -64.475082, 10.198298 ], [ -64.475685, 10.198483 ], [ -64.476219, 10.198599 ], [ -64.476822, 10.198624 ], [ -64.477333, 10.198579 ], [ -64.478355, 10.198465 ], [ -64.478859, 10.198421 ], [ -64.479462, 10.198376 ], [ -64.480278, 10.198330 ], [ -64.480835, 10.198286 ], [ -64.481438, 10.198334 ], [ -64.482017, 10.198448 ], [ -64.482620, 10.198610 ], [ -64.483269, 10.198796 ], [ -64.483803, 10.199027 ], [ -64.484070, 10.199155 ], [ -64.484322, 10.199280 ], [ -64.484833, 10.199488 ], [ -64.485504, 10.199988 ], [ -64.485855, 10.200339 ], [ -64.486153, 10.200753 ], [ -64.486504, 10.201421 ], [ -64.486778, 10.201904 ], [ -64.487106, 10.202662 ], [ -64.487358, 10.203445 ], [ -64.487472, 10.203996 ], [ -64.487778, 10.206525 ], [ -64.487800, 10.207168 ], [ -64.487800, 10.207743 ], [ -64.487823, 10.208432 ], [ -64.488029, 10.209076 ], [ -64.488449, 10.209582 ], [ -64.488838, 10.209928 ], [ -64.489372, 10.210228 ], [ -64.489906, 10.210504 ], [ -64.490463, 10.210711 ], [ -64.491089, 10.210896 ], [ -64.491577, 10.211196 ], [ -64.492134, 10.211565 ], [ -64.492737, 10.212071 ], [ -64.493179, 10.212370 ], [ -64.493736, 10.212923 ], [ -64.494125, 10.213292 ], [ -64.494408, 10.213821 ], [ -64.494522, 10.214396 ], [ -64.494568, 10.214901 ], [ -64.494591, 10.215475 ], [ -64.494682, 10.216095 ], [ -64.494957, 10.216625 ], [ -64.495399, 10.217039 ], [ -64.495865, 10.217408 ], [ -64.496330, 10.217638 ], [ -64.496887, 10.217868 ], [ -64.497467, 10.217984 ], [ -64.498116, 10.218078 ], [ -64.499016, 10.218194 ], [ -64.499710, 10.218265 ], [ -64.500473, 10.218802 ], [ -64.500961, 10.219610 ], [ -64.501541, 10.219697 ], [ -64.503227, 10.219680 ], [ -64.503899, 10.219787 ], [ -64.504402, 10.219896 ], [ -64.505028, 10.219982 ], [ -64.505562, 10.220000 ], [ -64.506164, 10.220063 ], [ -64.506668, 10.220173 ], [ -64.507225, 10.220373 ], [ -64.507782, 10.220550 ], [ -64.508431, 10.220819 ], [ -64.508919, 10.220997 ], [ -64.509544, 10.221243 ], [ -64.510193, 10.221512 ], [ -64.510704, 10.221758 ], [ -64.511215, 10.221823 ], [ -64.511864, 10.222113 ], [ -64.511963, 10.222617 ], [ -64.511948, 10.223189 ], [ -64.511581, 10.223651 ], [ -64.511169, 10.224091 ], [ -64.510735, 10.224417 ], [ -64.510322, 10.224765 ], [ -64.509865, 10.225021 ], [ -64.509315, 10.225163 ], [ -64.508858, 10.225374 ], [ -64.508491, 10.225836 ], [ -64.508385, 10.226502 ], [ -64.508347, 10.227212 ], [ -64.508514, 10.227875 ], [ -64.508637, 10.228516 ], [ -64.508804, 10.229110 ], [ -64.509064, 10.229748 ], [ -64.509422, 10.230341 ], [ -64.509567, 10.230958 ], [ -64.509598, 10.231622 ], [ -64.509651, 10.232447 ], [ -64.509613, 10.233225 ], [ -64.509598, 10.233936 ], [ -64.509560, 10.234532 ], [ -64.509567, 10.235036 ], [ -64.509506, 10.235657 ], [ -64.509537, 10.236206 ], [ -64.509941, 10.237439 ], [ -64.509994, 10.237988 ], [ -64.509956, 10.238607 ], [ -64.509750, 10.239066 ], [ -64.527054, 10.255579 ], [ -64.526238, 10.255834 ], [ -64.525543, 10.255864 ], [ -64.525055, 10.255571 ], [ -64.524406, 10.255371 ], [ -64.523918, 10.255193 ], [ -64.523361, 10.255016 ], [ -64.522850, 10.254907 ], [ -64.522247, 10.254661 ], [ -64.521667, 10.254505 ], [ -64.521087, 10.254168 ], [ -64.520508, 10.254013 ], [ -64.519959, 10.253881 ], [ -64.518867, 10.253686 ], [ -64.518310, 10.253508 ], [ -64.517807, 10.253628 ], [ -64.517273, 10.253724 ], [ -64.516815, 10.253959 ], [ -64.516243, 10.254194 ], [ -64.515663, 10.254130 ], [ -64.514900, 10.254253 ], [ -64.514259, 10.254235 ], [ -64.513100, 10.254248 ], [ -64.512619, 10.254390 ], [ -64.512131, 10.254051 ], [ -64.511665, 10.253826 ], [ -64.511108, 10.253466 ], [ -64.510918, 10.252894 ], [ -64.510567, 10.252485 ], [ -64.510056, 10.252377 ], [ -64.509453, 10.252290 ], [ -64.508972, 10.252479 ], [ -64.508461, 10.252369 ], [ -64.507927, 10.252099 ], [ -64.507416, 10.251967 ], [ -64.507042, 10.251558 ], [ -64.506622, 10.251173 ], [ -64.506042, 10.250720 ], [ -64.505508, 10.250543 ], [ -64.504929, 10.250411 ], [ -64.504402, 10.250393 ], [ -64.503822, 10.250307 ], [ -64.503220, 10.250061 ], [ -64.502617, 10.249952 ], [ -64.502106, 10.249958 ], [ -64.501503, 10.249872 ], [ -64.500954, 10.249809 ], [ -64.500397, 10.249586 ], [ -64.499642, 10.249104 ], [ -64.499153, 10.248873 ], [ -64.498573, 10.248481 ], [ -64.498039, 10.247907 ], [ -64.497551, 10.246963 ], [ -64.497253, 10.246502 ], [ -64.496742, 10.246318 ], [ -64.495628, 10.246500 ], [ -64.495003, 10.246499 ], [ -64.494514, 10.246314 ], [ -64.494003, 10.246060 ], [ -64.493446, 10.245807 ], [ -64.492356, 10.245070 ], [ -64.491776, 10.244885 ], [ -64.491196, 10.244793 ], [ -64.490593, 10.244767 ], [ -64.488876, 10.244765 ], [ -64.488342, 10.244787 ], [ -64.487625, 10.244832 ], [ -64.487045, 10.244924 ], [ -64.486420, 10.244990 ], [ -64.485909, 10.245082 ], [ -64.485329, 10.245242 ], [ -64.484817, 10.245332 ], [ -64.484146, 10.245330 ], [ -64.483635, 10.245399 ], [ -64.482941, 10.245467 ], [ -64.482430, 10.245535 ], [ -64.481705, 10.245649 ], [ -64.481224, 10.245809 ], [ -64.480667, 10.245969 ], [ -64.480110, 10.246082 ], [ -64.479530, 10.246220 ], [ -64.479019, 10.246310 ], [ -64.478508, 10.246424 ], [ -64.477997, 10.246745 ], [ -64.477440, 10.247134 ], [ -64.476929, 10.247455 ], [ -64.475952, 10.248166 ], [ -64.475464, 10.248648 ], [ -64.474564, 10.249611 ], [ -64.474030, 10.250161 ], [ -64.473541, 10.250391 ], [ -64.472984, 10.250528 ], [ -64.472473, 10.250574 ], [ -64.471893, 10.250756 ], [ -64.471359, 10.251190 ], [ -64.471008, 10.251650 ], [ -64.470635, 10.252041 ], [ -64.470078, 10.252016 ], [ -64.469498, 10.252016 ], [ -64.468826, 10.252060 ], [ -64.467735, 10.252357 ], [ -64.467064, 10.252494 ], [ -64.466415, 10.252653 ], [ -64.465210, 10.252697 ], [ -64.464699, 10.252926 ], [ -64.464233, 10.253361 ], [ -64.463860, 10.253752 ], [ -64.463440, 10.254164 ], [ -64.463188, 10.254670 ], [ -64.462929, 10.255335 ], [ -64.462631, 10.255956 ], [ -64.462234, 10.256598 ], [ -64.461746, 10.256782 ], [ -64.461281, 10.257079 ], [ -64.460426, 10.257744 ], [ -64.459892, 10.257767 ], [ -64.459335, 10.257673 ], [ -64.458710, 10.257488 ], [ -64.457825, 10.256866 ], [ -64.457222, 10.256681 ], [ -64.456619, 10.256771 ], [ -64.455971, 10.256909 ], [ -64.455551, 10.257298 ], [ -64.455108, 10.257895 ], [ -64.454460, 10.257826 ], [ -64.453926, 10.257894 ], [ -64.453438, 10.258100 ], [ -64.453140, 10.258559 ], [ -64.452957, 10.259041 ], [ -64.453049, 10.259616 ], [ -64.453163, 10.260190 ], [ -64.453323, 10.260857 ], [ -64.453438, 10.261431 ], [ -64.453644, 10.261960 ], [ -64.453812, 10.262512 ], [ -64.453949, 10.263087 ], [ -64.454109, 10.263661 ], [ -64.454414, 10.264168 ], [ -64.454895, 10.264399 ], [ -64.455483, 10.264652 ], [ -64.455155, 10.265111 ], [ -64.454620, 10.265455 ], [ -64.454063, 10.265683 ], [ -64.453530, 10.265774 ], [ -64.453041, 10.265958 ], [ -64.452530, 10.266278 ], [ -64.452133, 10.266645 ], [ -64.451622, 10.266943 ], [ -64.451096, 10.267011 ], [ -64.450516, 10.266849 ], [ -64.450050, 10.266595 ], [ -64.449516, 10.266250 ], [ -64.449005, 10.266317 ], [ -64.448357, 10.266500 ], [ -64.447845, 10.266592 ], [ -64.447289, 10.266660 ], [ -64.446686, 10.266750 ], [ -64.446152, 10.266795 ], [ -64.445595, 10.266703 ], [ -64.444687, 10.266746 ], [ -64.444343, 10.267136 ], [ -64.444298, 10.267665 ], [ -64.444756, 10.268677 ], [ -64.445107, 10.269183 ], [ -64.445549, 10.269759 ], [ -64.445824, 10.270196 ], [ -64.445732, 10.270700 ], [ -64.445129, 10.271022 ], [ -64.444504, 10.271297 ], [ -64.443313, 10.271753 ], [ -64.442757, 10.272028 ], [ -64.442223, 10.272395 ], [ -64.441879, 10.273016 ], [ -64.441757, 10.273658 ], [ -64.441688, 10.274324 ], [ -64.441711, 10.274853 ], [ -64.441879, 10.275404 ], [ -64.442291, 10.275866 ], [ -64.442803, 10.276095 ], [ -64.443336, 10.276212 ], [ -64.443848, 10.276350 ], [ -64.444962, 10.276697 ], [ -64.445518, 10.277020 ], [ -64.446075, 10.277205 ], [ -64.446030, 10.277734 ], [ -64.445656, 10.278284 ], [ -64.445373, 10.278789 ], [ -64.445236, 10.279364 ], [ -64.445167, 10.280006 ], [ -64.446602, 10.279964 ], [ -64.447044, 10.280377 ], [ -64.447601, 10.280678 ], [ -64.448090, 10.281001 ], [ -64.448509, 10.281300 ], [ -64.447998, 10.281644 ], [ -64.447395, 10.281620 ], [ -64.446785, 10.281939 ], [ -64.446228, 10.282124 ], [ -64.445602, 10.282351 ], [ -64.445190, 10.282673 ], [ -64.444816, 10.282234 ], [ -64.444420, 10.281821 ], [ -64.443886, 10.281590 ], [ -64.443329, 10.281337 ], [ -64.443009, 10.280876 ], [ -64.442703, 10.280347 ], [ -64.442474, 10.279863 ], [ -64.442131, 10.279220 ], [ -64.441597, 10.279173 ], [ -64.441109, 10.279333 ], [ -64.440620, 10.279561 ], [ -64.438973, 10.280249 ], [ -64.438416, 10.280385 ], [ -64.437836, 10.280453 ], [ -64.437233, 10.280566 ], [ -64.436745, 10.280865 ], [ -64.436371, 10.281301 ], [ -64.436142, 10.281805 ], [ -64.435837, 10.282656 ], [ -64.435486, 10.283757 ], [ -64.435211, 10.284330 ], [ -64.434837, 10.284721 ], [ -64.434326, 10.285043 ], [ -64.433678, 10.285131 ], [ -64.433190, 10.284970 ], [ -64.432724, 10.284718 ], [ -64.432404, 10.284303 ], [ -64.432198, 10.283775 ], [ -64.431709, 10.283383 ], [ -64.430985, 10.283726 ], [ -64.430435, 10.283656 ], [ -64.430015, 10.283150 ], [ -64.429596, 10.283471 ], [ -64.429039, 10.283056 ], [ -64.428574, 10.282641 ], [ -64.428108, 10.282893 ], [ -64.427651, 10.283306 ], [ -64.427185, 10.283534 ], [ -64.426582, 10.283556 ], [ -64.426094, 10.283717 ], [ -64.425926, 10.284200 ], [ -64.426163, 10.284659 ], [ -64.426460, 10.285143 ], [ -64.426460, 10.285787 ], [ -64.426277, 10.286337 ], [ -64.425529, 10.286588 ], [ -64.425026, 10.286495 ], [ -64.424492, 10.286219 ], [ -64.424187, 10.285689 ], [ -64.423889, 10.285138 ], [ -64.423401, 10.285435 ], [ -64.422981, 10.285733 ], [ -64.422562, 10.286123 ], [ -64.422142, 10.286651 ], [ -64.421753, 10.287109 ], [ -64.421379, 10.287523 ], [ -64.420960, 10.287958 ], [ -64.420570, 10.288325 ], [ -64.420082, 10.288692 ], [ -64.419335, 10.288897 ], [ -64.418755, 10.289034 ], [ -64.418198, 10.289056 ], [ -64.417549, 10.289031 ], [ -64.416992, 10.288917 ], [ -64.416435, 10.288916 ], [ -64.415856, 10.288869 ], [ -64.415344, 10.288730 ], [ -64.414024, 10.288726 ], [ -64.413422, 10.288702 ], [ -64.412651, 10.288724 ], [ -64.412102, 10.288768 ], [ -64.411491, 10.288858 ], [ -64.410797, 10.288995 ], [ -64.410286, 10.289202 ], [ -64.409706, 10.289154 ], [ -64.409248, 10.288693 ], [ -64.408646, 10.288508 ], [ -64.408692, 10.287957 ], [ -64.408058, 10.287841 ], [ -64.407486, 10.287749 ], [ -64.406975, 10.287449 ], [ -64.406441, 10.287218 ], [ -64.405861, 10.286872 ], [ -64.405373, 10.286551 ], [ -64.404793, 10.286456 ], [ -64.404213, 10.286386 ], [ -64.403519, 10.286223 ], [ -64.403007, 10.286038 ], [ -64.402382, 10.285853 ], [ -64.401779, 10.285807 ], [ -64.401222, 10.285783 ], [ -64.400620, 10.285712 ], [ -64.400085, 10.285710 ], [ -64.399574, 10.285756 ], [ -64.399200, 10.286169 ], [ -64.398873, 10.286582 ], [ -64.398247, 10.287500 ], [ -64.398064, 10.288005 ], [ -64.397995, 10.288511 ], [ -64.398087, 10.289016 ], [ -64.398109, 10.289638 ], [ -64.398033, 10.290212 ], [ -64.397667, 10.290740 ], [ -64.397293, 10.291382 ], [ -64.397430, 10.292026 ], [ -64.397591, 10.292509 ], [ -64.397453, 10.293016 ], [ -64.397011, 10.293496 ], [ -64.396454, 10.293702 ], [ -64.395783, 10.293586 ], [ -64.395248, 10.293309 ], [ -64.394852, 10.292940 ], [ -64.394302, 10.292779 ], [ -64.393722, 10.292776 ], [ -64.393234, 10.293006 ], [ -64.392578, 10.293280 ], [ -64.391861, 10.293647 ], [ -64.391235, 10.294082 ], [ -64.390816, 10.294472 ], [ -64.390442, 10.294886 ], [ -64.390007, 10.295206 ], [ -64.389496, 10.295296 ], [ -64.388962, 10.295709 ], [ -64.388496, 10.296054 ], [ -64.388077, 10.296442 ], [ -64.387657, 10.296855 ], [ -64.387146, 10.297015 ], [ -64.386521, 10.297036 ], [ -64.385803, 10.297081 ], [ -64.385178, 10.297310 ], [ -64.384758, 10.297631 ], [ -64.383575, 10.298455 ], [ -64.383042, 10.298730 ], [ -64.381950, 10.299142 ], [ -64.381462, 10.299301 ], [ -64.380882, 10.299554 ], [ -64.379791, 10.299988 ], [ -64.379303, 10.300285 ], [ -64.378837, 10.300697 ], [ -64.378471, 10.301157 ], [ -64.378166, 10.301616 ], [ -64.377861, 10.302052 ], [ -64.377472, 10.302420 ], [ -64.377006, 10.302808 ], [ -64.376610, 10.303267 ], [ -64.376770, 10.304769 ], [ -64.377350, 10.305361 ], [ -64.377464, 10.305866 ], [ -64.376953, 10.306483 ], [ -64.377602, 10.306900 ], [ -64.378113, 10.307177 ], [ -64.378464, 10.307591 ], [ -64.378296, 10.308120 ], [ -64.377739, 10.308647 ], [ -64.377205, 10.308852 ], [ -64.376625, 10.308921 ], [ -64.375656, 10.308988 ], [ -64.375145, 10.309033 ], [ -64.374679, 10.308734 ], [ -64.374519, 10.308250 ], [ -64.374863, 10.307838 ], [ -64.375465, 10.307493 ], [ -64.375305, 10.307011 ], [ -64.375053, 10.306528 ], [ -64.374565, 10.306341 ], [ -64.374008, 10.306203 ], [ -64.373451, 10.306133 ], [ -64.372917, 10.305949 ], [ -64.372612, 10.305535 ], [ -64.372040, 10.304568 ], [ -64.371758, 10.304062 ], [ -64.371200, 10.303946 ], [ -64.370598, 10.303968 ], [ -64.370018, 10.304036 ], [ -64.368813, 10.304239 ], [ -64.367699, 10.304191 ], [ -64.367050, 10.304144 ], [ -64.366447, 10.304120 ], [ -64.365959, 10.303866 ], [ -64.365448, 10.303704 ], [ -64.364914, 10.303635 ], [ -64.364685, 10.304116 ], [ -64.364540, 10.304621 ], [ -64.363937, 10.304759 ], [ -64.363426, 10.304503 ], [ -64.362991, 10.304182 ], [ -64.362366, 10.304042 ], [ -64.362015, 10.304433 ], [ -64.361832, 10.304937 ], [ -64.361801, 10.305467 ], [ -64.361893, 10.306042 ], [ -64.362061, 10.306593 ], [ -64.361984, 10.307190 ], [ -64.361801, 10.307763 ], [ -64.362076, 10.308201 ], [ -64.362381, 10.308822 ], [ -64.362427, 10.309420 ], [ -64.362312, 10.309972 ], [ -64.362427, 10.310615 ], [ -64.362702, 10.311168 ], [ -64.362884, 10.311719 ], [ -64.362678, 10.312201 ], [ -64.362213, 10.312912 ], [ -64.362236, 10.313463 ], [ -64.362396, 10.313993 ], [ -64.362465, 10.314544 ], [ -64.362976, 10.314361 ], [ -64.363625, 10.314202 ], [ -64.364235, 10.314135 ], [ -64.364746, 10.314205 ], [ -64.365227, 10.314366 ], [ -64.365830, 10.314299 ], [ -64.366341, 10.314161 ], [ -64.366943, 10.314187 ], [ -64.367180, 10.314738 ], [ -64.367081, 10.315267 ], [ -64.366646, 10.315656 ], [ -64.366249, 10.316092 ], [ -64.366692, 10.316415 ], [ -64.366943, 10.316876 ], [ -64.366569, 10.317242 ], [ -64.366127, 10.317655 ], [ -64.365738, 10.318045 ], [ -64.365433, 10.318549 ], [ -64.365273, 10.319077 ], [ -64.365456, 10.319585 ], [ -64.365830, 10.319999 ], [ -64.366310, 10.320230 ], [ -64.366844, 10.320161 ], [ -64.367355, 10.320117 ], [ -64.367935, 10.320003 ], [ -64.368492, 10.320073 ], [ -64.368683, 10.320579 ], [ -64.368912, 10.321130 ], [ -64.369072, 10.321613 ], [ -64.369652, 10.321821 ], [ -64.370300, 10.321823 ], [ -64.370743, 10.322329 ], [ -64.371071, 10.322744 ], [ -64.371673, 10.322722 ], [ -64.372322, 10.322746 ], [ -64.372810, 10.322909 ], [ -64.373322, 10.323162 ], [ -64.374313, 10.323485 ], [ -64.374870, 10.323464 ], [ -64.375519, 10.323420 ], [ -64.376030, 10.323605 ], [ -64.376495, 10.323260 ], [ -64.376663, 10.322710 ], [ -64.376450, 10.322181 ], [ -64.376778, 10.321675 ], [ -64.377334, 10.321654 ], [ -64.377846, 10.321516 ], [ -64.378311, 10.321126 ], [ -64.378868, 10.321151 ], [ -64.379349, 10.321336 ], [ -64.379936, 10.321429 ], [ -64.380585, 10.321477 ], [ -64.381020, 10.321915 ], [ -64.381439, 10.321616 ], [ -64.381905, 10.321202 ], [ -64.382019, 10.320560 ], [ -64.382530, 10.320377 ], [ -64.382995, 10.320103 ], [ -64.383369, 10.319552 ], [ -64.383346, 10.318976 ], [ -64.382995, 10.318518 ], [ -64.383438, 10.318081 ], [ -64.384064, 10.318174 ], [ -64.384506, 10.318521 ], [ -64.384903, 10.318865 ], [ -64.385155, 10.319325 ], [ -64.385574, 10.319740 ], [ -64.386108, 10.319994 ], [ -64.386734, 10.320087 ], [ -64.387314, 10.319974 ], [ -64.387825, 10.319836 ], [ -64.388359, 10.319492 ], [ -64.388725, 10.319102 ], [ -64.389054, 10.318667 ], [ -64.389191, 10.318137 ], [ -64.389244, 10.317587 ], [ -64.389404, 10.316967 ], [ -64.389961, 10.316577 ], [ -64.390541, 10.316555 ], [ -64.391052, 10.316786 ], [ -64.391449, 10.317155 ], [ -64.391701, 10.317660 ], [ -64.392166, 10.318028 ], [ -64.392654, 10.318284 ], [ -64.393112, 10.318606 ], [ -64.393463, 10.319043 ], [ -64.393692, 10.319503 ], [ -64.393929, 10.320055 ], [ -64.394394, 10.320332 ], [ -64.394943, 10.320471 ], [ -64.395554, 10.320426 ], [ -64.396126, 10.320174 ], [ -64.396690, 10.320199 ], [ -64.397224, 10.320269 ], [ -64.397705, 10.320040 ], [ -64.398079, 10.319626 ], [ -64.398338, 10.318984 ], [ -64.398361, 10.318296 ], [ -64.397965, 10.317788 ], [ -64.397522, 10.317419 ], [ -64.397758, 10.316960 ], [ -64.398247, 10.316755 ], [ -64.398826, 10.316710 ], [ -64.399338, 10.316849 ], [ -64.399872, 10.317035 ], [ -64.400452, 10.317311 ], [ -64.401421, 10.317795 ], [ -64.401909, 10.317980 ], [ -64.402489, 10.318165 ], [ -64.402931, 10.317730 ], [ -64.403351, 10.317339 ], [ -64.403763, 10.317730 ], [ -64.404183, 10.317318 ], [ -64.403999, 10.316650 ], [ -64.403908, 10.315938 ], [ -64.404213, 10.315341 ], [ -64.404091, 10.314835 ], [ -64.404114, 10.314285 ], [ -64.404396, 10.313802 ], [ -64.404884, 10.313550 ], [ -64.405487, 10.313551 ], [ -64.405975, 10.313966 ], [ -64.406250, 10.314404 ], [ -64.406410, 10.314908 ], [ -64.406715, 10.315346 ], [ -64.407204, 10.315922 ], [ -64.407715, 10.316061 ], [ -64.408295, 10.315924 ], [ -64.408546, 10.316430 ], [ -64.409477, 10.317443 ], [ -64.409844, 10.318041 ], [ -64.410332, 10.318317 ], [ -64.410843, 10.318180 ], [ -64.411682, 10.318160 ], [ -64.412353, 10.318160 ], [ -64.412888, 10.317818 ], [ -64.413048, 10.317335 ], [ -64.412796, 10.316806 ], [ -64.412582, 10.316163 ], [ -64.412514, 10.315657 ], [ -64.412842, 10.315197 ], [ -64.413467, 10.314855 ], [ -64.414024, 10.314671 ], [ -64.414535, 10.314419 ], [ -64.414909, 10.314006 ], [ -64.415161, 10.313547 ], [ -64.415253, 10.312927 ], [ -64.415001, 10.312422 ], [ -64.415184, 10.311939 ], [ -64.415672, 10.311434 ], [ -64.416138, 10.311802 ], [ -64.416695, 10.312263 ], [ -64.417229, 10.312333 ], [ -64.417320, 10.312862 ], [ -64.417160, 10.313367 ], [ -64.416832, 10.313918 ], [ -64.416603, 10.314377 ], [ -64.416740, 10.315021 ], [ -64.416946, 10.315527 ], [ -64.417297, 10.315941 ], [ -64.417152, 10.316515 ], [ -64.417710, 10.317436 ], [ -64.417290, 10.318493 ], [ -64.417389, 10.319113 ], [ -64.417641, 10.319573 ], [ -64.418060, 10.320011 ], [ -64.418427, 10.320472 ], [ -64.418541, 10.320999 ], [ -64.419052, 10.321070 ], [ -64.419632, 10.321071 ], [ -64.420166, 10.321210 ], [ -64.420631, 10.320865 ], [ -64.421005, 10.320338 ], [ -64.421562, 10.320109 ], [ -64.422096, 10.320179 ], [ -64.422653, 10.320180 ], [ -64.423698, 10.320044 ], [ -64.424210, 10.319906 ], [ -64.424767, 10.319840 ], [ -64.425949, 10.320002 ], [ -64.426483, 10.319981 ], [ -64.427666, 10.319707 ], [ -64.428848, 10.319456 ], [ -64.429893, 10.319320 ], [ -64.430191, 10.318908 ], [ -64.430382, 10.318425 ], [ -64.430244, 10.317920 ], [ -64.429962, 10.317482 ], [ -64.429497, 10.317251 ], [ -64.428894, 10.316836 ], [ -64.428757, 10.316262 ], [ -64.429199, 10.315941 ], [ -64.429687, 10.316217 ], [ -64.430199, 10.316425 ], [ -64.430847, 10.316542 ], [ -64.431259, 10.316956 ], [ -64.431541, 10.317554 ], [ -64.431839, 10.318061 ], [ -64.432304, 10.318475 ], [ -64.432861, 10.318545 ], [ -64.433327, 10.318200 ], [ -64.433884, 10.317880 ], [ -64.434372, 10.317629 ], [ -64.435532, 10.317286 ], [ -64.436043, 10.317172 ], [ -64.436691, 10.316966 ], [ -64.437363, 10.316738 ], [ -64.438042, 10.316556 ], [ -64.438805, 10.316442 ], [ -64.439270, 10.316190 ], [ -64.439568, 10.315707 ], [ -64.439293, 10.314144 ], [ -64.439850, 10.313641 ], [ -64.440079, 10.314145 ], [ -64.440430, 10.314537 ], [ -64.441009, 10.314860 ], [ -64.441589, 10.315137 ], [ -64.441940, 10.315642 ], [ -64.442261, 10.316677 ], [ -64.442330, 10.317183 ], [ -64.442078, 10.317735 ], [ -64.441818, 10.318216 ], [ -64.441681, 10.318746 ], [ -64.441910, 10.319319 ], [ -64.442261, 10.319894 ], [ -64.442795, 10.319550 ], [ -64.443352, 10.319368 ], [ -64.443817, 10.319782 ], [ -64.444229, 10.320173 ], [ -64.444580, 10.320587 ], [ -64.445000, 10.320934 ], [ -64.445503, 10.321303 ], [ -64.446083, 10.321602 ], [ -64.446594, 10.321511 ], [ -64.447174, 10.321374 ], [ -64.448059, 10.321100 ], [ -64.448685, 10.320711 ], [ -64.449219, 10.320275 ], [ -64.449547, 10.319678 ], [ -64.449776, 10.319036 ], [ -64.450333, 10.318714 ], [ -64.450867, 10.318692 ], [ -64.451378, 10.318969 ], [ -64.451866, 10.319245 ], [ -64.452423, 10.319133 ], [ -64.452957, 10.318926 ], [ -64.454048, 10.318561 ], [ -64.454605, 10.318562 ], [ -64.455185, 10.318747 ], [ -64.455574, 10.319230 ], [ -64.455765, 10.319873 ], [ -64.455719, 10.320378 ], [ -64.455437, 10.320862 ], [ -64.454926, 10.321274 ], [ -64.454437, 10.321686 ], [ -64.454437, 10.322238 ], [ -64.454529, 10.322766 ], [ -64.454323, 10.323318 ], [ -64.454018, 10.323915 ], [ -64.453903, 10.324444 ], [ -64.453857, 10.324949 ], [ -64.453857, 10.325500 ], [ -64.453949, 10.326029 ], [ -64.454132, 10.326511 ], [ -64.454369, 10.327179 ], [ -64.454132, 10.327707 ], [ -64.454132, 10.328236 ], [ -64.454338, 10.328787 ], [ -64.454643, 10.329316 ], [ -64.455086, 10.329777 ], [ -64.455521, 10.330052 ], [ -64.456314, 10.330400 ], [ -64.456962, 10.330516 ], [ -64.457359, 10.330080 ], [ -64.457893, 10.330057 ], [ -64.458725, 10.330863 ], [ -64.459099, 10.331300 ], [ -64.459236, 10.331806 ], [ -64.459679, 10.332290 ], [ -64.459953, 10.332772 ], [ -64.459992, 10.333284 ], [ -64.460335, 10.333651 ], [ -64.460197, 10.334159 ], [ -64.459732, 10.334530 ], [ -64.459061, 10.334672 ], [ -64.458504, 10.334722 ], [ -64.458000, 10.334724 ], [ -64.457466, 10.334913 ], [ -64.457069, 10.335238 ], [ -64.456726, 10.335630 ], [ -64.456268, 10.336071 ], [ -64.455711, 10.336329 ], [ -64.455155, 10.336354 ], [ -64.454620, 10.336129 ], [ -64.454384, 10.335556 ], [ -64.454125, 10.335098 ], [ -64.453819, 10.334687 ], [ -64.453423, 10.334299 ], [ -64.453049, 10.333843 ], [ -64.452744, 10.333431 ], [ -64.452393, 10.332759 ], [ -64.452110, 10.332185 ], [ -64.451927, 10.331700 ], [ -64.451439, 10.330689 ], [ -64.451164, 10.330206 ], [ -64.450653, 10.330549 ], [ -64.450096, 10.330709 ], [ -64.449440, 10.330800 ], [ -64.448814, 10.330731 ], [ -64.448425, 10.330248 ], [ -64.448166, 10.329650 ], [ -64.448006, 10.329143 ], [ -64.447731, 10.328637 ], [ -64.447311, 10.328339 ], [ -64.446754, 10.328061 ], [ -64.446404, 10.327579 ], [ -64.446037, 10.327095 ], [ -64.445664, 10.326703 ], [ -64.445175, 10.326381 ], [ -64.444664, 10.326264 ], [ -64.444153, 10.326332 ], [ -64.443764, 10.326746 ], [ -64.443253, 10.327318 ], [ -64.442925, 10.327825 ], [ -64.442627, 10.328375 ], [ -64.442345, 10.328812 ], [ -64.441994, 10.329293 ], [ -64.441605, 10.329706 ], [ -64.440994, 10.330095 ], [ -64.440514, 10.330279 ], [ -64.439934, 10.330462 ], [ -64.439346, 10.330599 ], [ -64.438698, 10.330597 ], [ -64.438240, 10.330182 ], [ -64.437866, 10.329700 ], [ -64.437774, 10.329148 ], [ -64.438194, 10.328574 ], [ -64.438682, 10.328138 ], [ -64.438957, 10.327633 ], [ -64.438820, 10.327058 ], [ -64.438682, 10.326530 ], [ -64.438751, 10.326025 ], [ -64.439102, 10.325520 ], [ -64.439446, 10.325106 ], [ -64.439728, 10.324624 ], [ -64.439682, 10.323957 ], [ -64.439446, 10.323475 ], [ -64.439033, 10.323129 ], [ -64.438500, 10.322829 ], [ -64.438103, 10.322370 ], [ -64.437874, 10.321886 ], [ -64.437523, 10.321494 ], [ -64.436943, 10.321609 ], [ -64.436409, 10.321699 ], [ -64.435509, 10.320986 ], [ -64.434997, 10.320915 ], [ -64.434715, 10.321397 ], [ -64.434250, 10.321718 ], [ -64.433693, 10.321556 ], [ -64.433067, 10.321510 ], [ -64.432579, 10.321853 ], [ -64.432068, 10.321714 ], [ -64.431564, 10.321668 ], [ -64.431000, 10.321827 ], [ -64.430237, 10.321712 ], [ -64.429726, 10.321825 ], [ -64.429237, 10.322100 ], [ -64.428497, 10.322443 ], [ -64.427940, 10.322535 ], [ -64.427360, 10.322487 ], [ -64.426849, 10.322393 ], [ -64.426086, 10.322302 ], [ -64.425529, 10.322436 ], [ -64.424949, 10.322735 ], [ -64.424553, 10.323079 ], [ -64.423950, 10.323194 ], [ -64.423393, 10.323560 ], [ -64.423202, 10.324065 ], [ -64.422951, 10.324570 ], [ -64.422440, 10.325074 ], [ -64.421791, 10.325395 ], [ -64.421532, 10.325876 ], [ -64.421326, 10.326359 ], [ -64.420838, 10.326703 ], [ -64.420326, 10.326839 ], [ -64.419769, 10.327023 ], [ -64.419533, 10.327598 ], [ -64.419350, 10.328239 ], [ -64.419144, 10.329044 ], [ -64.418976, 10.329550 ], [ -64.418884, 10.330238 ], [ -64.418953, 10.330836 ], [ -64.419205, 10.331410 ], [ -64.419350, 10.331985 ], [ -64.419304, 10.332490 ], [ -64.419022, 10.332950 ], [ -64.418465, 10.332903 ], [ -64.418045, 10.332581 ], [ -64.417557, 10.332282 ], [ -64.417046, 10.332440 ], [ -64.416633, 10.332739 ], [ -64.416008, 10.332760 ], [ -64.415428, 10.332576 ], [ -64.414940, 10.332345 ], [ -64.414314, 10.332574 ], [ -64.413834, 10.333312 ], [ -64.413658, 10.333830 ], [ -64.413383, 10.334360 ], [ -64.412926, 10.334639 ], [ -64.412392, 10.334780 ], [ -64.411995, 10.334416 ], [ -64.411636, 10.334005 ], [ -64.411102, 10.333894 ], [ -64.410546, 10.333691 ], [ -64.409523, 10.333354 ], [ -64.409012, 10.333380 ], [ -64.408577, 10.333775 ], [ -64.408554, 10.334279 ], [ -64.407959, 10.334766 ], [ -64.407936, 10.335295 ], [ -64.407966, 10.335801 ], [ -64.407944, 10.336329 ], [ -64.407791, 10.336836 ], [ -64.407371, 10.337184 ], [ -64.406814, 10.336911 ], [ -64.406372, 10.336570 ], [ -64.405922, 10.336206 ], [ -64.405365, 10.335979 ], [ -64.404785, 10.336167 ], [ -64.404556, 10.336630 ], [ -64.404472, 10.337182 ], [ -64.404243, 10.337711 ], [ -64.403595, 10.337785 ], [ -64.403153, 10.337443 ], [ -64.402756, 10.337102 ], [ -64.402504, 10.337563 ], [ -64.401993, 10.337451 ], [ -64.401520, 10.337155 ], [ -64.400986, 10.336999 ], [ -64.399826, 10.337215 ], [ -64.399429, 10.336872 ], [ -64.399147, 10.336438 ], [ -64.398842, 10.336003 ], [ -64.398560, 10.335477 ], [ -64.398231, 10.335090 ], [ -64.397835, 10.334769 ], [ -64.397323, 10.334843 ], [ -64.396706, 10.335123 ], [ -64.396286, 10.335447 ], [ -64.394859, 10.336630 ], [ -64.393936, 10.337440 ], [ -64.393402, 10.337880 ], [ -64.393013, 10.338343 ], [ -64.392692, 10.338897 ], [ -64.392166, 10.339866 ], [ -64.391846, 10.340350 ], [ -64.391480, 10.340789 ], [ -64.390968, 10.341067 ], [ -64.390411, 10.340957 ], [ -64.389877, 10.340754 ], [ -64.389275, 10.340691 ], [ -64.388855, 10.340991 ], [ -64.388352, 10.341087 ], [ -64.388023, 10.340653 ], [ -64.388061, 10.340100 ], [ -64.388077, 10.339573 ], [ -64.387985, 10.339068 ], [ -64.387772, 10.338586 ], [ -64.387260, 10.338360 ], [ -64.386703, 10.338457 ], [ -64.386101, 10.338691 ], [ -64.385429, 10.338880 ], [ -64.384918, 10.338975 ], [ -64.384407, 10.339116 ], [ -64.383850, 10.339213 ], [ -64.383278, 10.339446 ], [ -64.381958, 10.340008 ], [ -64.381188, 10.340081 ], [ -64.380653, 10.339970 ], [ -64.380119, 10.339928 ], [ -64.379539, 10.339840 ], [ -64.379028, 10.339614 ], [ -64.378494, 10.339318 ], [ -64.377960, 10.339322 ], [ -64.377426, 10.339510 ], [ -64.377014, 10.339996 ], [ -64.376717, 10.340481 ], [ -64.376442, 10.341011 ], [ -64.376213, 10.341494 ], [ -64.375916, 10.342002 ], [ -64.375381, 10.342304 ], [ -64.374992, 10.342653 ], [ -64.374855, 10.343182 ], [ -64.374954, 10.343687 ], [ -64.375099, 10.344260 ], [ -64.375191, 10.344765 ], [ -64.375130, 10.345340 ], [ -64.374901, 10.345800 ], [ -64.374367, 10.346172 ], [ -64.373764, 10.346245 ], [ -64.373207, 10.346250 ], [ -64.372818, 10.346664 ], [ -64.372963, 10.347262 ], [ -64.373176, 10.347811 ], [ -64.373108, 10.348364 ], [ -64.372910, 10.348894 ], [ -64.373047, 10.349444 ], [ -64.373283, 10.350017 ], [ -64.373665, 10.350451 ], [ -64.374222, 10.350676 ], [ -64.375412, 10.351495 ], [ -64.376160, 10.351696 ], [ -64.376877, 10.351600 ], [ -64.377411, 10.351550 ], [ -64.378014, 10.351821 ], [ -64.378479, 10.352162 ], [ -64.378830, 10.352551 ], [ -64.379364, 10.352685 ], [ -64.380112, 10.352633 ], [ -64.380714, 10.352721 ], [ -64.381226, 10.352947 ], [ -64.381760, 10.353357 ], [ -64.382164, 10.353837 ], [ -64.382400, 10.354318 ], [ -64.382072, 10.354733 ], [ -64.381851, 10.355194 ], [ -64.381645, 10.355747 ], [ -64.381088, 10.355981 ], [ -64.380486, 10.356146 ], [ -64.380142, 10.356608 ], [ -64.379867, 10.357116 ], [ -64.379402, 10.357487 ], [ -64.379036, 10.357971 ], [ -64.379227, 10.358454 ], [ -64.379601, 10.358886 ], [ -64.379974, 10.359251 ], [ -64.380486, 10.359248 ], [ -64.381668, 10.359101 ], [ -64.382713, 10.358911 ], [ -64.383270, 10.358952 ], [ -64.384575, 10.359310 ], [ -64.385063, 10.359537 ], [ -64.385506, 10.359879 ], [ -64.385788, 10.360313 ], [ -64.386093, 10.360863 ], [ -64.386284, 10.361367 ], [ -64.386521, 10.361847 ], [ -64.387390, 10.362645 ], [ -64.387855, 10.362940 ], [ -64.387977, 10.363605 ], [ -64.388001, 10.364180 ], [ -64.388008, 10.364733 ], [ -64.387962, 10.365284 ], [ -64.387810, 10.365905 ], [ -64.387390, 10.366276 ], [ -64.386765, 10.366257 ], [ -64.386139, 10.366215 ], [ -64.385490, 10.366311 ], [ -64.384979, 10.366499 ], [ -64.384239, 10.366528 ], [ -64.383545, 10.366578 ], [ -64.382965, 10.366605 ], [ -64.382408, 10.366541 ], [ -64.381897, 10.366544 ], [ -64.381248, 10.366847 ], [ -64.380760, 10.367126 ], [ -64.380226, 10.367336 ], [ -64.379463, 10.367112 ], [ -64.378975, 10.366956 ], [ -64.378273, 10.366868 ], [ -64.377693, 10.366827 ], [ -64.376999, 10.367039 ], [ -64.376419, 10.367318 ], [ -64.375893, 10.367666 ], [ -64.375503, 10.368221 ], [ -64.375481, 10.368727 ], [ -64.375603, 10.369300 ], [ -64.375771, 10.369850 ], [ -64.376007, 10.370378 ], [ -64.376266, 10.370857 ], [ -64.376503, 10.371338 ], [ -64.376831, 10.371864 ], [ -64.377365, 10.372435 ], [ -64.377747, 10.372800 ], [ -64.378258, 10.372934 ], [ -64.379066, 10.373066 ], [ -64.379578, 10.373177 ], [ -64.380226, 10.373196 ], [ -64.380905, 10.373260 ], [ -64.381577, 10.373278 ], [ -64.382134, 10.373365 ], [ -64.382736, 10.373431 ], [ -64.383949, 10.373584 ], [ -64.384438, 10.373832 ], [ -64.384720, 10.374359 ], [ -64.385048, 10.374839 ], [ -64.385147, 10.375389 ], [ -64.385056, 10.375919 ], [ -64.384857, 10.376518 ], [ -64.385254, 10.376928 ], [ -64.385742, 10.377131 ], [ -64.386414, 10.376897 ], [ -64.386925, 10.376847 ], [ -64.388061, 10.377345 ], [ -64.388718, 10.377570 ], [ -64.389923, 10.377607 ], [ -64.390480, 10.377581 ], [ -64.390739, 10.378037 ], [ -64.390816, 10.378566 ], [ -64.391189, 10.379046 ], [ -64.391655, 10.379478 ], [ -64.392143, 10.379797 ], [ -64.392685, 10.380184 ], [ -64.393082, 10.380571 ], [ -64.393341, 10.381604 ], [ -64.393440, 10.382223 ], [ -64.393425, 10.382797 ], [ -64.393287, 10.383350 ], [ -64.393036, 10.383857 ], [ -64.392647, 10.384228 ], [ -64.392135, 10.384461 ], [ -64.391556, 10.384672 ], [ -64.390999, 10.384699 ], [ -64.390465, 10.384611 ], [ -64.389908, 10.384501 ], [ -64.389168, 10.384620 ], [ -64.388542, 10.384809 ], [ -64.387802, 10.385089 ], [ -64.387314, 10.385255 ], [ -64.386734, 10.385396 ], [ -64.386223, 10.385468 ], [ -64.385574, 10.385473 ], [ -64.385063, 10.385430 ], [ -64.384552, 10.385457 ], [ -64.384018, 10.385530 ], [ -64.383492, 10.385625 ], [ -64.382980, 10.385813 ], [ -64.382492, 10.386139 ], [ -64.382103, 10.386600 ], [ -64.381851, 10.387062 ], [ -64.381462, 10.387524 ], [ -64.381073, 10.387918 ], [ -64.379982, 10.388776 ], [ -64.379570, 10.389192 ], [ -64.379204, 10.389585 ], [ -64.378884, 10.389977 ], [ -64.378540, 10.390532 ], [ -64.378403, 10.391039 ], [ -64.378288, 10.391682 ], [ -64.378250, 10.392349 ], [ -64.378258, 10.392923 ], [ -64.378304, 10.393450 ], [ -64.378403, 10.394024 ], [ -64.378334, 10.394554 ], [ -64.378182, 10.395038 ], [ -64.377861, 10.395522 ], [ -64.377350, 10.395893 ], [ -64.376442, 10.395831 ], [ -64.375954, 10.395674 ], [ -64.375191, 10.395380 ], [ -64.374550, 10.394488 ], [ -64.374222, 10.394055 ], [ -64.374382, 10.393571 ], [ -64.374588, 10.393041 ], [ -64.374443, 10.392445 ], [ -64.374184, 10.391964 ], [ -64.373901, 10.391484 ], [ -64.373665, 10.391002 ], [ -64.373543, 10.390406 ], [ -64.373749, 10.389875 ], [ -64.374184, 10.389482 ], [ -64.374672, 10.389157 ], [ -64.374481, 10.388676 ], [ -64.374176, 10.388173 ], [ -64.373871, 10.387762 ], [ -64.373306, 10.386801 ], [ -64.372887, 10.386458 ], [ -64.372215, 10.386463 ], [ -64.371613, 10.386560 ], [ -64.371010, 10.386680 ], [ -64.370476, 10.386821 ], [ -64.370056, 10.387146 ], [ -64.370087, 10.387766 ], [ -64.370277, 10.388247 ], [ -64.370651, 10.388680 ], [ -64.371048, 10.389114 ], [ -64.371078, 10.389620 ], [ -64.370804, 10.390150 ], [ -64.370506, 10.390635 ], [ -64.370094, 10.391027 ], [ -64.369515, 10.391262 ], [ -64.368935, 10.391450 ], [ -64.368172, 10.391593 ], [ -64.367661, 10.391781 ], [ -64.366501, 10.392455 ], [ -64.366020, 10.392689 ], [ -64.365486, 10.393014 ], [ -64.364952, 10.393316 ], [ -64.364540, 10.393663 ], [ -64.364128, 10.393964 ], [ -64.363594, 10.394290 ], [ -64.362503, 10.394780 ], [ -64.361511, 10.395156 ], [ -64.361191, 10.395571 ], [ -64.361267, 10.396214 ], [ -64.361618, 10.396671 ], [ -64.362198, 10.396851 ], [ -64.362778, 10.396938 ], [ -64.363312, 10.397003 ], [ -64.363945, 10.397114 ], [ -64.364754, 10.397223 ], [ -64.365273, 10.397519 ], [ -64.365684, 10.397860 ], [ -64.366181, 10.398179 ], [ -64.366509, 10.398566 ], [ -64.366348, 10.399073 ], [ -64.365883, 10.399352 ], [ -64.364777, 10.399497 ], [ -64.364288, 10.399708 ], [ -64.363251, 10.400405 ], [ -64.362717, 10.400592 ], [ -64.362015, 10.400436 ], [ -64.361572, 10.400164 ], [ -64.360993, 10.400168 ], [ -64.360275, 10.400356 ], [ -64.359375, 10.400547 ], [ -64.358055, 10.400763 ], [ -64.357445, 10.400675 ], [ -64.356819, 10.400451 ], [ -64.356117, 10.400110 ], [ -64.354836, 10.399545 ], [ -64.354301, 10.399526 ], [ -64.353790, 10.399598 ], [ -64.353005, 10.399649 ], [ -64.352333, 10.399655 ], [ -64.351677, 10.399498 ], [ -64.351097, 10.399272 ], [ -64.351044, 10.398699 ], [ -64.351341, 10.398168 ], [ -64.351761, 10.397843 ], [ -64.352219, 10.397564 ], [ -64.352776, 10.397353 ], [ -64.353356, 10.397281 ], [ -64.354126, 10.397299 ], [ -64.354774, 10.397362 ], [ -64.355332, 10.397405 ], [ -64.356071, 10.397400 ], [ -64.356697, 10.396843 ], [ -64.356880, 10.396337 ], [ -64.356575, 10.395786 ], [ -64.356216, 10.395353 ], [ -64.355797, 10.394966 ], [ -64.355286, 10.394877 ], [ -64.354729, 10.394814 ], [ -64.354103, 10.394495 ], [ -64.353775, 10.393946 ], [ -64.353767, 10.393417 ], [ -64.353737, 10.392889 ], [ -64.353622, 10.392339 ], [ -64.353165, 10.391216 ], [ -64.352684, 10.391381 ], [ -64.351944, 10.391547 ], [ -64.351700, 10.390469 ], [ -64.351509, 10.389988 ], [ -64.351181, 10.389552 ], [ -64.350853, 10.389095 ], [ -64.350525, 10.388593 ], [ -64.350174, 10.388160 ], [ -64.349548, 10.388117 ], [ -64.349037, 10.388442 ], [ -64.348877, 10.388995 ], [ -64.348907, 10.389501 ], [ -64.348839, 10.390005 ], [ -64.348450, 10.390331 ], [ -64.347344, 10.391073 ], [ -64.346901, 10.391352 ], [ -64.346230, 10.391678 ], [ -64.345146, 10.392352 ], [ -64.344612, 10.392127 ], [ -64.344742, 10.391459 ], [ -64.345253, 10.390997 ], [ -64.345711, 10.390671 ], [ -64.346176, 10.390439 ], [ -64.346283, 10.389932 ], [ -64.346214, 10.389379 ], [ -64.346115, 10.388876 ], [ -64.346321, 10.388370 ], [ -64.346359, 10.387611 ], [ -64.346542, 10.387081 ], [ -64.346535, 10.386530 ], [ -64.346390, 10.385957 ], [ -64.346184, 10.385361 ], [ -64.346039, 10.384855 ], [ -64.346222, 10.384350 ], [ -64.346542, 10.383956 ], [ -64.346725, 10.383404 ], [ -64.346809, 10.382874 ], [ -64.346847, 10.382185 ], [ -64.346847, 10.381680 ], [ -64.346985, 10.381104 ], [ -64.347206, 10.380367 ], [ -64.347344, 10.379792 ], [ -64.347359, 10.379148 ], [ -64.347099, 10.378002 ], [ -64.346931, 10.377428 ], [ -64.346535, 10.377040 ], [ -64.346107, 10.376744 ], [ -64.345436, 10.376703 ], [ -64.344925, 10.376616 ], [ -64.344528, 10.376136 ], [ -64.344429, 10.375584 ], [ -64.344612, 10.375054 ], [ -64.344910, 10.374547 ], [ -64.345322, 10.374108 ], [ -64.345596, 10.373647 ], [ -64.345894, 10.373208 ], [ -64.346222, 10.372791 ], [ -64.346657, 10.372376 ], [ -64.347145, 10.372005 ], [ -64.347183, 10.371385 ], [ -64.347175, 10.370833 ], [ -64.347244, 10.370166 ], [ -64.347374, 10.369567 ], [ -64.347603, 10.368968 ], [ -64.348137, 10.369102 ], [ -64.348862, 10.369373 ], [ -64.349464, 10.369370 ], [ -64.349945, 10.368952 ], [ -64.350273, 10.368513 ], [ -64.349937, 10.368079 ], [ -64.349426, 10.367762 ], [ -64.348778, 10.367627 ], [ -64.348427, 10.367331 ], [ -64.348259, 10.366827 ], [ -64.348183, 10.366230 ], [ -64.348183, 10.365726 ], [ -64.348221, 10.365173 ], [ -64.348290, 10.364667 ], [ -64.348755, 10.364410 ], [ -64.349327, 10.364223 ], [ -64.350029, 10.364127 ], [ -64.350555, 10.363984 ], [ -64.351067, 10.363750 ], [ -64.351601, 10.363565 ], [ -64.352615, 10.362937 ], [ -64.353104, 10.362680 ], [ -64.353684, 10.362470 ], [ -64.354263, 10.362420 ], [ -64.354843, 10.362414 ], [ -64.355400, 10.362251 ], [ -64.356003, 10.362178 ], [ -64.356468, 10.362451 ], [ -64.356934, 10.362746 ], [ -64.357467, 10.362534 ], [ -64.357948, 10.362186 ], [ -64.358337, 10.361794 ], [ -64.358658, 10.361263 ], [ -64.358589, 10.360643 ], [ -64.358490, 10.360069 ], [ -64.358902, 10.359767 ], [ -64.359505, 10.359672 ], [ -64.360062, 10.359507 ], [ -64.360527, 10.359227 ], [ -64.360779, 10.358744 ], [ -64.360588, 10.358193 ], [ -64.360077, 10.358105 ], [ -64.359612, 10.358338 ], [ -64.359009, 10.358618 ], [ -64.358475, 10.358690 ], [ -64.358101, 10.358257 ], [ -64.357910, 10.357707 ], [ -64.357842, 10.357203 ], [ -64.357376, 10.356953 ], [ -64.356789, 10.356795 ], [ -64.356277, 10.356501 ], [ -64.356018, 10.355905 ], [ -64.355873, 10.355263 ], [ -64.356285, 10.354916 ], [ -64.356796, 10.354866 ], [ -64.357376, 10.354860 ], [ -64.357887, 10.354650 ], [ -64.358276, 10.354212 ], [ -64.358597, 10.353704 ], [ -64.358970, 10.353082 ], [ -64.359337, 10.352595 ], [ -64.359863, 10.352271 ], [ -64.360489, 10.352266 ], [ -64.361122, 10.352240 ], [ -64.362228, 10.351657 ], [ -64.362946, 10.351491 ], [ -64.363594, 10.351395 ], [ -64.364197, 10.351390 ], [ -64.364731, 10.351364 ], [ -64.365288, 10.351428 ], [ -64.365890, 10.351287 ], [ -64.366425, 10.351145 ], [ -64.367050, 10.350842 ], [ -64.367584, 10.350655 ], [ -64.368645, 10.350371 ], [ -64.369179, 10.350091 ], [ -64.369011, 10.349448 ], [ -64.368729, 10.348831 ], [ -64.368958, 10.348209 ], [ -64.369438, 10.347930 ], [ -64.369316, 10.347357 ], [ -64.368759, 10.347338 ], [ -64.368088, 10.347158 ], [ -64.367531, 10.347071 ], [ -64.367020, 10.346890 ], [ -64.366501, 10.346550 ], [ -64.366081, 10.346208 ], [ -64.365639, 10.345797 ], [ -64.365333, 10.345340 ], [ -64.365257, 10.344766 ], [ -64.365509, 10.343938 ], [ -64.366226, 10.343747 ], [ -64.366852, 10.343882 ], [ -64.367249, 10.343512 ], [ -64.367470, 10.342819 ], [ -64.367470, 10.342268 ], [ -64.367211, 10.341650 ], [ -64.366714, 10.341171 ], [ -64.366203, 10.340969 ], [ -64.365669, 10.340742 ], [ -64.365273, 10.340401 ], [ -64.364166, 10.338983 ], [ -64.363792, 10.338550 ], [ -64.363419, 10.338161 ], [ -64.362930, 10.337775 ], [ -64.362327, 10.337640 ], [ -64.361748, 10.337783 ], [ -64.361214, 10.338268 ], [ -64.360802, 10.338870 ], [ -64.360367, 10.339539 ], [ -64.360069, 10.339977 ], [ -64.359604, 10.340348 ], [ -64.358429, 10.340907 ], [ -64.358040, 10.341393 ], [ -64.357742, 10.342590 ], [ -64.357262, 10.342754 ], [ -64.356606, 10.342689 ], [ -64.356071, 10.342692 ], [ -64.355591, 10.342857 ], [ -64.355194, 10.343297 ], [ -64.354805, 10.343873 ], [ -64.354576, 10.344428 ], [ -64.354675, 10.344955 ], [ -64.355309, 10.345823 ], [ -64.355385, 10.346375 ], [ -64.354904, 10.346791 ], [ -64.354416, 10.346955 ], [ -64.353882, 10.347052 ], [ -64.353348, 10.346894 ], [ -64.353157, 10.346414 ], [ -64.353317, 10.345883 ], [ -64.353706, 10.345513 ], [ -64.353516, 10.344756 ], [ -64.353050, 10.344439 ], [ -64.352508, 10.344212 ], [ -64.351975, 10.344009 ], [ -64.351517, 10.344241 ], [ -64.351005, 10.344522 ], [ -64.350357, 10.344686 ], [ -64.349823, 10.344713 ], [ -64.348923, 10.345524 ], [ -64.348602, 10.345984 ], [ -64.348419, 10.346470 ], [ -64.348228, 10.348170 ], [ -64.347954, 10.348656 ], [ -64.347511, 10.348934 ], [ -64.346962, 10.349237 ], [ -64.346474, 10.349491 ], [ -64.346008, 10.349772 ], [ -64.345474, 10.349500 ], [ -64.345146, 10.349042 ], [ -64.344795, 10.348608 ], [ -64.344307, 10.348428 ], [ -64.343727, 10.348593 ], [ -64.343269, 10.348964 ], [ -64.342873, 10.349358 ], [ -64.342575, 10.349773 ], [ -64.342064, 10.349638 ], [ -64.341438, 10.349688 ], [ -64.340859, 10.349831 ], [ -64.340279, 10.350040 ], [ -64.339821, 10.350321 ], [ -64.338898, 10.350971 ], [ -64.338386, 10.351158 ], [ -64.337692, 10.351070 ], [ -64.336525, 10.350642 ], [ -64.336014, 10.350645 ], [ -64.335625, 10.351130 ], [ -64.335533, 10.351683 ], [ -64.335632, 10.352325 ], [ -64.335892, 10.352783 ], [ -64.336311, 10.353126 ], [ -64.336800, 10.353396 ], [ -64.337105, 10.353946 ], [ -64.337273, 10.354567 ], [ -64.337372, 10.355208 ], [ -64.337585, 10.355735 ], [ -64.337982, 10.356215 ], [ -64.338570, 10.356647 ], [ -64.339195, 10.356965 ], [ -64.339752, 10.357122 ], [ -64.340385, 10.357070 ], [ -64.340897, 10.357068 ], [ -64.341385, 10.357341 ], [ -64.341782, 10.357727 ], [ -64.341576, 10.358350 ], [ -64.341072, 10.358720 ], [ -64.340492, 10.359047 ], [ -64.339912, 10.359234 ], [ -64.339447, 10.359468 ], [ -64.339058, 10.359930 ], [ -64.338852, 10.360436 ], [ -64.338768, 10.360943 ], [ -64.338745, 10.361448 ], [ -64.338821, 10.362000 ], [ -64.339218, 10.362548 ], [ -64.339683, 10.362774 ], [ -64.340362, 10.362908 ], [ -64.340874, 10.362995 ], [ -64.341293, 10.363360 ], [ -64.341621, 10.363795 ], [ -64.341995, 10.364206 ], [ -64.342529, 10.364408 ], [ -64.343017, 10.364841 ], [ -64.343353, 10.365276 ], [ -64.343376, 10.365850 ], [ -64.342964, 10.366497 ], [ -64.342438, 10.366960 ], [ -64.341972, 10.367331 ], [ -64.341652, 10.367723 ], [ -64.341400, 10.368185 ], [ -64.340897, 10.369200 ], [ -64.340713, 10.369867 ], [ -64.340698, 10.370486 ], [ -64.340637, 10.371108 ], [ -64.340477, 10.371614 ], [ -64.340111, 10.372008 ], [ -64.339554, 10.372103 ], [ -64.339043, 10.372176 ], [ -64.338692, 10.371764 ], [ -64.338455, 10.371261 ], [ -64.338264, 10.370597 ], [ -64.338051, 10.369977 ], [ -64.337837, 10.369450 ], [ -64.337440, 10.369063 ], [ -64.336922, 10.368814 ], [ -64.336319, 10.368679 ], [ -64.335808, 10.368751 ], [ -64.335281, 10.369008 ], [ -64.334770, 10.369403 ], [ -64.334610, 10.369932 ], [ -64.335060, 10.370274 ], [ -64.336128, 10.370864 ], [ -64.336594, 10.371228 ], [ -64.336990, 10.371593 ], [ -64.337418, 10.371957 ], [ -64.337647, 10.372531 ], [ -64.337448, 10.373060 ], [ -64.337052, 10.373453 ], [ -64.336365, 10.373918 ], [ -64.335671, 10.374452 ], [ -64.335327, 10.375096 ], [ -64.335403, 10.375648 ], [ -64.335731, 10.376128 ], [ -64.336174, 10.376539 ], [ -64.336731, 10.376947 ], [ -64.337318, 10.377290 ], [ -64.337715, 10.377607 ], [ -64.338226, 10.377926 ], [ -64.338783, 10.378174 ], [ -64.339416, 10.378446 ], [ -64.339996, 10.378602 ], [ -64.340393, 10.378991 ], [ -64.340492, 10.379495 ], [ -64.340446, 10.380048 ], [ -64.340546, 10.380597 ], [ -64.340805, 10.381079 ], [ -64.341629, 10.381924 ], [ -64.342003, 10.382287 ], [ -64.342422, 10.382607 ], [ -64.342819, 10.382995 ], [ -64.343033, 10.383475 ], [ -64.343201, 10.383957 ], [ -64.343224, 10.384462 ], [ -64.342972, 10.385037 ], [ -64.342583, 10.385455 ], [ -64.342194, 10.385779 ], [ -64.341614, 10.385943 ], [ -64.341072, 10.385557 ], [ -64.340698, 10.385192 ], [ -64.340256, 10.384805 ], [ -64.339813, 10.384302 ], [ -64.339485, 10.383913 ], [ -64.339043, 10.383503 ], [ -64.338478, 10.383392 ], [ -64.337875, 10.383442 ], [ -64.337250, 10.383286 ], [ -64.336784, 10.382945 ], [ -64.336311, 10.382442 ], [ -64.335777, 10.381941 ], [ -64.335335, 10.381598 ], [ -64.334870, 10.381373 ], [ -64.334541, 10.381765 ], [ -64.334290, 10.382295 ], [ -64.334183, 10.382939 ], [ -64.333931, 10.383470 ], [ -64.333397, 10.383773 ], [ -64.332825, 10.384144 ], [ -64.332619, 10.384650 ], [ -64.332298, 10.385159 ], [ -64.331856, 10.385484 ], [ -64.331207, 10.385649 ], [ -64.330650, 10.385652 ], [ -64.330048, 10.385772 ], [ -64.329445, 10.386027 ], [ -64.328842, 10.386125 ], [ -64.328285, 10.386106 ], [ -64.327728, 10.386224 ], [ -64.327362, 10.386617 ], [ -64.327133, 10.387194 ], [ -64.327118, 10.387699 ], [ -64.327469, 10.388180 ], [ -64.327934, 10.388521 ], [ -64.328537, 10.388562 ], [ -64.329002, 10.388284 ], [ -64.329697, 10.388119 ], [ -64.330231, 10.388206 ], [ -64.330788, 10.388063 ], [ -64.331337, 10.387600 ], [ -64.331688, 10.387161 ], [ -64.332192, 10.386951 ], [ -64.332771, 10.386924 ], [ -64.333237, 10.386691 ], [ -64.333839, 10.386549 ], [ -64.334373, 10.386637 ], [ -64.334839, 10.387001 ], [ -64.335167, 10.387390 ], [ -64.335754, 10.387639 ], [ -64.336334, 10.387750 ], [ -64.336891, 10.387837 ], [ -64.337334, 10.388226 ], [ -64.337410, 10.388776 ], [ -64.337364, 10.389351 ], [ -64.337647, 10.389809 ], [ -64.338074, 10.390196 ], [ -64.338493, 10.390653 ], [ -64.338913, 10.391041 ], [ -64.339470, 10.390829 ], [ -64.339821, 10.391264 ], [ -64.339707, 10.391793 ], [ -64.339531, 10.392345 ], [ -64.339272, 10.392807 ], [ -64.338715, 10.392695 ], [ -64.338180, 10.392608 ], [ -64.337418, 10.392865 ], [ -64.335754, 10.393796 ], [ -64.335129, 10.394100 ], [ -64.334648, 10.394355 ], [ -64.334160, 10.394727 ], [ -64.333679, 10.395212 ], [ -64.333305, 10.395628 ], [ -64.333008, 10.396113 ], [ -64.332901, 10.396620 ], [ -64.332855, 10.397148 ], [ -64.332840, 10.397699 ], [ -64.332680, 10.398207 ], [ -64.332359, 10.398623 ], [ -64.332039, 10.399107 ], [ -64.331741, 10.399614 ], [ -64.331230, 10.400008 ], [ -64.330818, 10.400356 ], [ -64.330467, 10.400748 ], [ -64.330452, 10.401255 ], [ -64.330894, 10.401597 ], [ -64.331520, 10.401431 ], [ -64.332077, 10.401266 ], [ -64.332565, 10.401103 ], [ -64.333099, 10.401030 ], [ -64.333580, 10.400866 ], [ -64.334160, 10.400770 ], [ -64.334625, 10.400491 ], [ -64.335114, 10.400281 ], [ -64.335922, 10.400596 ], [ -64.335442, 10.400968 ], [ -64.334259, 10.401572 ], [ -64.333038, 10.402247 ], [ -64.332718, 10.402662 ], [ -64.332184, 10.403219 ], [ -64.331680, 10.403429 ], [ -64.331078, 10.403617 ], [ -64.330566, 10.403735 ], [ -64.329292, 10.403905 ], [ -64.328133, 10.404097 ], [ -64.327454, 10.404194 ], [ -64.326759, 10.404313 ], [ -64.326248, 10.404431 ], [ -64.325745, 10.404572 ], [ -64.325295, 10.404232 ], [ -64.324989, 10.403681 ], [ -64.324684, 10.403201 ], [ -64.324287, 10.402791 ], [ -64.323730, 10.402520 ], [ -64.323150, 10.402316 ], [ -64.322632, 10.402159 ], [ -64.322098, 10.402095 ], [ -64.321518, 10.401845 ], [ -64.320846, 10.401689 ], [ -64.320144, 10.401626 ], [ -64.319588, 10.401744 ], [ -64.319107, 10.401954 ], [ -64.318810, 10.402507 ], [ -64.318535, 10.402969 ], [ -64.318046, 10.403500 ], [ -64.317635, 10.403848 ], [ -64.317177, 10.404310 ], [ -64.316780, 10.404774 ], [ -64.316460, 10.405257 ], [ -64.316399, 10.405765 ], [ -64.316750, 10.406152 ], [ -64.317032, 10.406678 ], [ -64.316894, 10.407185 ], [ -64.316597, 10.407785 ], [ -64.316368, 10.408268 ], [ -64.316399, 10.408819 ], [ -64.316444, 10.409324 ], [ -64.316261, 10.409808 ], [ -64.315682, 10.409927 ], [ -64.315079, 10.409656 ], [ -64.314522, 10.409476 ], [ -64.313919, 10.409388 ], [ -64.313240, 10.409346 ], [ -64.312660, 10.409258 ], [ -64.312149, 10.409354 ], [ -64.311882, 10.409977 ], [ -64.311790, 10.410505 ], [ -64.311630, 10.411058 ], [ -64.311287, 10.411543 ], [ -64.310898, 10.411890 ], [ -64.310341, 10.412170 ], [ -64.309761, 10.412380 ], [ -64.309158, 10.412522 ], [ -64.308556, 10.412573 ], [ -64.307999, 10.412577 ], [ -64.307465, 10.412535 ], [ -64.306770, 10.412538 ], [ -64.306091, 10.412498 ], [ -64.304955, 10.412414 ], [ -64.304420, 10.412303 ], [ -64.303841, 10.412237 ], [ -64.303330, 10.412265 ], [ -64.302681, 10.412314 ], [ -64.301613, 10.412322 ], [ -64.300568, 10.412514 ], [ -64.299988, 10.412632 ], [ -64.299454, 10.412819 ], [ -64.298874, 10.412915 ], [ -64.298271, 10.412758 ], [ -64.297691, 10.412580 ], [ -64.297203, 10.412397 ], [ -64.296623, 10.412196 ], [ -64.295547, 10.411788 ], [ -64.294991, 10.411632 ], [ -64.294502, 10.411474 ], [ -64.294014, 10.411156 ], [ -64.294334, 10.410649 ], [ -64.294983, 10.410437 ], [ -64.295586, 10.410295 ], [ -64.295647, 10.409720 ], [ -64.295990, 10.409143 ], [ -64.296288, 10.408613 ], [ -64.296562, 10.408083 ], [ -64.296723, 10.407554 ], [ -64.296692, 10.407025 ], [ -64.296577, 10.406496 ], [ -64.296173, 10.406133 ], [ -64.295708, 10.405883 ], [ -64.295174, 10.405703 ], [ -64.294594, 10.405729 ], [ -64.294083, 10.405894 ], [ -64.293579, 10.406104 ], [ -64.293068, 10.406475 ], [ -64.292725, 10.406938 ], [ -64.292381, 10.407330 ], [ -64.291824, 10.407656 ], [ -64.290810, 10.408283 ], [ -64.290390, 10.408630 ], [ -64.289978, 10.409115 ], [ -64.289658, 10.409578 ], [ -64.289497, 10.410062 ], [ -64.289383, 10.410591 ], [ -64.289322, 10.411188 ], [ -64.289184, 10.411809 ], [ -64.289032, 10.412293 ], [ -64.288795, 10.412754 ], [ -64.288429, 10.413262 ], [ -64.288040, 10.413609 ], [ -64.287437, 10.413797 ], [ -64.286926, 10.413824 ], [ -64.286461, 10.413573 ], [ -64.286041, 10.413209 ], [ -64.285713, 10.412753 ], [ -64.285317, 10.412364 ], [ -64.284775, 10.411954 ], [ -64.284126, 10.411705 ], [ -64.283615, 10.411710 ], [ -64.282455, 10.412107 ], [ -64.281944, 10.412272 ], [ -64.281487, 10.412574 ], [ -64.281281, 10.413126 ], [ -64.281235, 10.413655 ], [ -64.281128, 10.414185 ], [ -64.280922, 10.414784 ], [ -64.280716, 10.415291 ], [ -64.280441, 10.415821 ], [ -64.280075, 10.416190 ], [ -64.279541, 10.416356 ], [ -64.278847, 10.416452 ], [ -64.278122, 10.416458 ], [ -64.277565, 10.416415 ], [ -64.276985, 10.416326 ], [ -64.276451, 10.416216 ], [ -64.275192, 10.415995 ], [ -64.274170, 10.415771 ], [ -64.273613, 10.415684 ], [ -64.272987, 10.415664 ], [ -64.272270, 10.415715 ], [ -64.271645, 10.415813 ], [ -64.271042, 10.415953 ], [ -64.270347, 10.416074 ], [ -64.268585, 10.416477 ], [ -64.268028, 10.416640 ], [ -64.267334, 10.416805 ], [ -64.266586, 10.416926 ], [ -64.266007, 10.416999 ], [ -64.265450, 10.417003 ], [ -64.264915, 10.416984 ], [ -64.264335, 10.416734 ], [ -64.263756, 10.416532 ], [ -64.263267, 10.416350 ], [ -64.262077, 10.416129 ], [ -64.261566, 10.416018 ], [ -64.261032, 10.415953 ], [ -64.260452, 10.416049 ], [ -64.259941, 10.416212 ], [ -64.259293, 10.416332 ], [ -64.258736, 10.416382 ], [ -64.258224, 10.416246 ], [ -64.257622, 10.416021 ], [ -64.256874, 10.415957 ], [ -64.255715, 10.415918 ], [ -64.255318, 10.415554 ], [ -64.254944, 10.415190 ], [ -64.254478, 10.414870 ], [ -64.253921, 10.414782 ], [ -64.253388, 10.414786 ], [ -64.252785, 10.415089 ], [ -64.252228, 10.415300 ], [ -64.251717, 10.415532 ], [ -64.251236, 10.415696 ], [ -64.250656, 10.415908 ], [ -64.250031, 10.416096 ], [ -64.249031, 10.416470 ], [ -64.248429, 10.416612 ], [ -64.247917, 10.416615 ], [ -64.247314, 10.416550 ], [ -64.246757, 10.416531 ], [ -64.246018, 10.416651 ], [ -64.245438, 10.416792 ], [ -64.244812, 10.416819 ], [ -64.244415, 10.416431 ], [ -64.244110, 10.416019 ], [ -64.243759, 10.415632 ], [ -64.243294, 10.415382 ], [ -64.242783, 10.415316 ], [ -64.242195, 10.415343 ], [ -64.241112, 10.415488 ], [ -64.240509, 10.415586 ], [ -64.239998, 10.415610 ], [ -64.238953, 10.415618 ], [ -64.238396, 10.415576 ], [ -64.237862, 10.415786 ], [ -64.237396, 10.416042 ], [ -64.236862, 10.416321 ], [ -64.236405, 10.416623 ], [ -64.235825, 10.416925 ], [ -64.235321, 10.417090 ], [ -64.234802, 10.416909 ], [ -64.234474, 10.416498 ], [ -64.234146, 10.416064 ], [ -64.233284, 10.415747 ], [ -64.232498, 10.415775 ], [ -64.231361, 10.416059 ], [ -64.230018, 10.416344 ], [ -64.229210, 10.416486 ], [ -64.228653, 10.416605 ], [ -64.228050, 10.416795 ], [ -64.227493, 10.416957 ], [ -64.226448, 10.417194 ], [ -64.225937, 10.417335 ], [ -64.224732, 10.417643 ], [ -64.224152, 10.417852 ], [ -64.223549, 10.418110 ], [ -64.222977, 10.418388 ], [ -64.222031, 10.418878 ], [ -64.221520, 10.419089 ], [ -64.220985, 10.419276 ], [ -64.219994, 10.420065 ], [ -64.219551, 10.420434 ], [ -64.218056, 10.421409 ], [ -64.217613, 10.421825 ], [ -64.217178, 10.422266 ], [ -64.216789, 10.422751 ], [ -64.216392, 10.423189 ], [ -64.216072, 10.423629 ], [ -64.215561, 10.423976 ], [ -64.215012, 10.424301 ], [ -64.214523, 10.424626 ], [ -64.213997, 10.424997 ], [ -64.213440, 10.425323 ], [ -64.212997, 10.425624 ], [ -64.212608, 10.425972 ], [ -64.212174, 10.426411 ], [ -64.211777, 10.426782 ], [ -64.211388, 10.427128 ], [ -64.210899, 10.427591 ], [ -64.210487, 10.428031 ], [ -64.210121, 10.428469 ], [ -64.209778, 10.428931 ], [ -64.209450, 10.429324 ], [ -64.209129, 10.429763 ], [ -64.208763, 10.430201 ], [ -64.208397, 10.430618 ], [ -64.207909, 10.431081 ], [ -64.207008, 10.431913 ], [ -64.206184, 10.432838 ], [ -64.205887, 10.433254 ], [ -64.205170, 10.434063 ], [ -64.204689, 10.434547 ], [ -64.204315, 10.434965 ], [ -64.203949, 10.435334 ], [ -64.203049, 10.436282 ], [ -64.202637, 10.436745 ], [ -64.202316, 10.437206 ], [ -64.201904, 10.437737 ], [ -64.201462, 10.438200 ], [ -64.200661, 10.439170 ], [ -64.200264, 10.439678 ], [ -64.199760, 10.440232 ], [ -64.199341, 10.440557 ], [ -64.198906, 10.440949 ], [ -64.198441, 10.441344 ], [ -64.198052, 10.441692 ], [ -64.197708, 10.442083 ], [ -64.197288, 10.442477 ], [ -64.196922, 10.442963 ], [ -64.196602, 10.443471 ], [ -64.196281, 10.443909 ], [ -64.195961, 10.444394 ], [ -64.195778, 10.444923 ], [ -64.195480, 10.445569 ], [ -64.195206, 10.446075 ], [ -64.194885, 10.446561 ], [ -64.194519, 10.447138 ], [ -64.194267, 10.447598 ], [ -64.193970, 10.448082 ], [ -64.193603, 10.448729 ], [ -64.193397, 10.449282 ], [ -64.193237, 10.449787 ], [ -64.193123, 10.450295 ], [ -64.192940, 10.450915 ], [ -64.192535, 10.452022 ], [ -64.192261, 10.452529 ], [ -64.192032, 10.453012 ], [ -64.191574, 10.454141 ], [ -64.191093, 10.455225 ], [ -64.190895, 10.455823 ], [ -64.190826, 10.456330 ], [ -64.190781, 10.456881 ], [ -64.190605, 10.457503 ], [ -64.190422, 10.458033 ], [ -64.190193, 10.458493 ], [ -64.189964, 10.459001 ], [ -64.189781, 10.459576 ], [ -64.189644, 10.460083 ], [ -64.189438, 10.460590 ], [ -64.189140, 10.461028 ], [ -64.188866, 10.461467 ], [ -64.188591, 10.461950 ], [ -64.188339, 10.462480 ], [ -64.188324, 10.463056 ], [ -64.188812, 10.463327 ], [ -64.189392, 10.463048 ], [ -64.189743, 10.463483 ], [ -64.189980, 10.464285 ], [ -64.190239, 10.464858 ], [ -64.190430, 10.465363 ], [ -64.190506, 10.465913 ], [ -64.190628, 10.466671 ], [ -64.190521, 10.467844 ], [ -64.190430, 10.468464 ], [ -64.190437, 10.469522 ], [ -64.190491, 10.470026 ], [ -64.190659, 10.470669 ], [ -64.190773, 10.471172 ], [ -64.190849, 10.471747 ], [ -64.190888, 10.472398 ], [ -64.190766, 10.472942 ], [ -64.190552, 10.473367 ], [ -64.190308, 10.473865 ], [ -64.189987, 10.474258 ], [ -64.189598, 10.474788 ], [ -64.189278, 10.475388 ], [ -64.189003, 10.475826 ], [ -64.188652, 10.476219 ], [ -64.188240, 10.476613 ], [ -64.187660, 10.477190 ], [ -64.187157, 10.477675 ], [ -64.186714, 10.477978 ], [ -64.186020, 10.478327 ], [ -64.184868, 10.478795 ], [ -64.184379, 10.479027 ], [ -64.183868, 10.479307 ], [ -64.183380, 10.479516 ], [ -64.182709, 10.479704 ], [ -64.182129, 10.479800 ], [ -64.181618, 10.479919 ], [ -64.180809, 10.480016 ], [ -64.180229, 10.480157 ], [ -64.178261, 10.480607 ], [ -64.177727, 10.480771 ], [ -64.177170, 10.481073 ], [ -64.176628, 10.481400 ], [ -64.176109, 10.481815 ], [ -64.175530, 10.482118 ], [ -64.174950, 10.482350 ], [ -64.173744, 10.482681 ], [ -64.173119, 10.482753 ], [ -64.172470, 10.482849 ], [ -64.171959, 10.482854 ], [ -64.171356, 10.482558 ], [ -64.170883, 10.482216 ], [ -64.170395, 10.481899 ], [ -64.169907, 10.481694 ], [ -64.169350, 10.481537 ], [ -64.168839, 10.481448 ], [ -64.168167, 10.481360 ], [ -64.167488, 10.481297 ], [ -64.166794, 10.481210 ], [ -64.165489, 10.481126 ], [ -64.164795, 10.480879 ], [ -64.163979, 10.480538 ], [ -64.163490, 10.480357 ], [ -64.162857, 10.480224 ], [ -64.162277, 10.480205 ], [ -64.161743, 10.480346 ], [ -64.161118, 10.480557 ], [ -64.160583, 10.480629 ], [ -64.160027, 10.480472 ], [ -64.159538, 10.480223 ], [ -64.158836, 10.479812 ], [ -64.158325, 10.479494 ], [ -64.157509, 10.479248 ], [ -64.156929, 10.479044 ], [ -64.156372, 10.478864 ], [ -64.155792, 10.478754 ], [ -64.154747, 10.478622 ], [ -64.154182, 10.478442 ], [ -64.153671, 10.478214 ], [ -64.153107, 10.477644 ], [ -64.152618, 10.477164 ], [ -64.152039, 10.476687 ], [ -64.151497, 10.476368 ], [ -64.150963, 10.476073 ], [ -64.150353, 10.475778 ], [ -64.149727, 10.475575 ], [ -64.149124, 10.475441 ], [ -64.148613, 10.475467 ], [ -64.147850, 10.475702 ], [ -64.147339, 10.475958 ], [ -64.146736, 10.476146 ], [ -64.146133, 10.476217 ], [ -64.145622, 10.476198 ], [ -64.145065, 10.475949 ], [ -64.144524, 10.475815 ], [ -64.143829, 10.475658 ], [ -64.143395, 10.476006 ], [ -64.143120, 10.476514 ], [ -64.142631, 10.476908 ], [ -64.142121, 10.477049 ], [ -64.141632, 10.476867 ], [ -64.141144, 10.476572 ], [ -64.140068, 10.476166 ], [ -64.139488, 10.476007 ], [ -64.138748, 10.475852 ], [ -64.138237, 10.475763 ], [ -64.112419, 10.479948 ], [ -64.112701, 10.480452 ], [ -64.109558, 10.479897 ], [ -64.109207, 10.479463 ], [ -64.109184, 10.478933 ], [ -64.109222, 10.478429 ], [ -64.109222, 10.477901 ], [ -64.109032, 10.477212 ], [ -64.108749, 10.476731 ], [ -64.108559, 10.476066 ], [ -64.108299, 10.475585 ], [ -64.107567, 10.474509 ], [ -64.107307, 10.474005 ], [ -64.107002, 10.473480 ], [ -64.106720, 10.473044 ], [ -64.106277, 10.472632 ], [ -64.105950, 10.472199 ], [ -64.105575, 10.471788 ], [ -64.105271, 10.471214 ], [ -64.104942, 10.470712 ], [ -64.104614, 10.470116 ], [ -64.104263, 10.469590 ], [ -64.103935, 10.469202 ], [ -64.103599, 10.468607 ], [ -64.103203, 10.468172 ], [ -64.102646, 10.467670 ], [ -64.101967, 10.467238 ], [ -64.101524, 10.466966 ], [ -64.100960, 10.466555 ], [ -64.100517, 10.466121 ], [ -64.100006, 10.465665 ], [ -64.099510, 10.465185 ], [ -64.098839, 10.464683 ], [ -64.098343, 10.464411 ], [ -64.097946, 10.463954 ], [ -64.097389, 10.463429 ], [ -64.097015, 10.462972 ], [ -64.096451, 10.462470 ], [ -64.095543, 10.461740 ], [ -64.095047, 10.461215 ], [ -64.094253, 10.460278 ], [ -64.093834, 10.459705 ], [ -64.093338, 10.459157 ], [ -64.092918, 10.458770 ], [ -64.092476, 10.458243 ], [ -64.091675, 10.457329 ], [ -64.091370, 10.456871 ], [ -64.090927, 10.456368 ], [ -64.090508, 10.455935 ], [ -64.090179, 10.455545 ], [ -64.089661, 10.454884 ], [ -64.088753, 10.453787 ], [ -64.088303, 10.453353 ], [ -64.087906, 10.452918 ], [ -64.087303, 10.452462 ], [ -64.086807, 10.452167 ], [ -64.086319, 10.451848 ], [ -64.085854, 10.451621 ], [ -64.085220, 10.451349 ], [ -64.084038, 10.451081 ], [ -64.083298, 10.450948 ], [ -64.082779, 10.450699 ], [ -64.081688, 10.450061 ], [ -64.081055, 10.449790 ], [ -64.080521, 10.449656 ], [ -64.080009, 10.449590 ], [ -64.079422, 10.449489 ], [ -64.078720, 10.449317 ], [ -64.077805, 10.449120 ], [ -64.077103, 10.448987 ], [ -64.076568, 10.448920 ], [ -64.076057, 10.448879 ], [ -64.075500, 10.448744 ], [ -64.074989, 10.448473 ], [ -64.074493, 10.448244 ], [ -64.073982, 10.448087 ], [ -64.073448, 10.447998 ], [ -64.072845, 10.447956 ], [ -64.072311, 10.447822 ], [ -64.071732, 10.447710 ], [ -64.071121, 10.447461 ], [ -64.070496, 10.447258 ], [ -64.069984, 10.447146 ], [ -64.069290, 10.447060 ], [ -64.068779, 10.447017 ], [ -64.067566, 10.447023 ], [ -64.066826, 10.446983 ], [ -64.066292, 10.446917 ], [ -64.065659, 10.446782 ], [ -64.064987, 10.446672 ], [ -64.064453, 10.446491 ], [ -64.063965, 10.446241 ], [ -64.063431, 10.445946 ], [ -64.062912, 10.445581 ], [ -64.062378, 10.445309 ], [ -64.061821, 10.445152 ], [ -64.061241, 10.445064 ], [ -64.060120, 10.444840 ], [ -64.059357, 10.444661 ], [ -64.058212, 10.444416 ], [ -64.057724, 10.444259 ], [ -64.057213, 10.444123 ], [ -64.056610, 10.443943 ], [ -64.055511, 10.443490 ], [ -64.055000, 10.443239 ], [ -64.054390, 10.443177 ], [ -64.053864, 10.443224 ], [ -64.053261, 10.443342 ], [ -64.052750, 10.443415 ], [ -64.052124, 10.443419 ], [ -64.051613, 10.443377 ], [ -64.050918, 10.443426 ], [ -64.050339, 10.443567 ], [ -64.049644, 10.443801 ], [ -64.049133, 10.443943 ], [ -64.048576, 10.444061 ], [ -64.048019, 10.443973 ], [ -64.047371, 10.443908 ], [ -64.046784, 10.443749 ], [ -64.046272, 10.443546 ], [ -64.045761, 10.443434 ], [ -64.045181, 10.443370 ], [ -64.044579, 10.443280 ], [ -64.043900, 10.443192 ], [ -64.042648, 10.443109 ], [ -64.042137, 10.443042 ], [ -64.041435, 10.442978 ], [ -64.040878, 10.442844 ], [ -64.040459, 10.442433 ], [ -64.039971, 10.442045 ], [ -64.038689, 10.441502 ], [ -64.038200, 10.441343 ], [ -64.037643, 10.441186 ], [ -64.037132, 10.441120 ], [ -64.036552, 10.441192 ], [ -64.035904, 10.441358 ], [ -64.035393, 10.441544 ], [ -64.034950, 10.441869 ], [ -64.034515, 10.442399 ], [ -64.034523, 10.443020 ], [ -64.034965, 10.443339 ], [ -64.035545, 10.443266 ], [ -64.036102, 10.443263 ], [ -64.036590, 10.443443 ], [ -64.036705, 10.443973 ], [ -64.036552, 10.444547 ], [ -64.035995, 10.445034 ], [ -64.035515, 10.445381 ], [ -64.034981, 10.445728 ], [ -64.034218, 10.446147 ], [ -64.033730, 10.446448 ], [ -64.033195, 10.446796 ], [ -64.032555, 10.447191 ], [ -64.032196, 10.446549 ], [ -64.032219, 10.445814 ], [ -64.031868, 10.445403 ], [ -64.031403, 10.445659 ], [ -64.030807, 10.446489 ], [ -64.030533, 10.446973 ], [ -64.029900, 10.446748 ], [ -64.029457, 10.446337 ], [ -64.029015, 10.445995 ], [ -64.028480, 10.445929 ], [ -64.027901, 10.445702 ], [ -64.027710, 10.445175 ], [ -64.027748, 10.444622 ], [ -64.027863, 10.444071 ], [ -64.027557, 10.443660 ], [ -64.027023, 10.443156 ], [ -64.026596, 10.442792 ], [ -64.026268, 10.442357 ], [ -64.026085, 10.441807 ], [ -64.026077, 10.441186 ], [ -64.026100, 10.440680 ], [ -64.026161, 10.440106 ], [ -64.026184, 10.439462 ], [ -64.025551, 10.438984 ], [ -64.025131, 10.438687 ], [ -64.024643, 10.438393 ], [ -64.023987, 10.438075 ], [ -64.023384, 10.437985 ], [ -64.022873, 10.438149 ], [ -64.022385, 10.438336 ], [ -64.020813, 10.438989 ], [ -64.020187, 10.439292 ], [ -64.019753, 10.439708 ], [ -64.019707, 10.440421 ], [ -64.019806, 10.441040 ], [ -64.019859, 10.441569 ], [ -64.019882, 10.442097 ], [ -64.019653, 10.442604 ], [ -64.019165, 10.442813 ], [ -64.018494, 10.442956 ], [ -64.017982, 10.442982 ], [ -64.017426, 10.443030 ], [ -64.016754, 10.443105 ], [ -64.016243, 10.443175 ], [ -64.015595, 10.443225 ], [ -64.014969, 10.443390 ], [ -64.014389, 10.443371 ], [ -64.013832, 10.443051 ], [ -64.013291, 10.442780 ], [ -64.012688, 10.442531 ], [ -64.012199, 10.442349 ], [ -64.011528, 10.442377 ], [ -64.011017, 10.442633 ], [ -64.010605, 10.443255 ], [ -64.010353, 10.443716 ], [ -64.010056, 10.444408 ], [ -64.009705, 10.444799 ], [ -64.009041, 10.445126 ], [ -64.008530, 10.445313 ], [ -64.007996, 10.445477 ], [ -64.006165, 10.445787 ], [ -64.005485, 10.445883 ], [ -64.004913, 10.445909 ], [ -64.004211, 10.446236 ], [ -64.003776, 10.446559 ], [ -64.003174, 10.446724 ], [ -64.002357, 10.446728 ], [ -64.001755, 10.446686 ], [ -64.001038, 10.446553 ], [ -64.000526, 10.446508 ], [ -64.000008, 10.446832 ], [ -63.999409, 10.447006 ], [ -63.998352, 10.447445 ], [ -63.997803, 10.447688 ], [ -63.996837, 10.448195 ], [ -63.996261, 10.448345 ], [ -63.995750, 10.448265 ], [ -63.995159, 10.447958 ], [ -63.994396, 10.447149 ], [ -63.993946, 10.446838 ], [ -63.993317, 10.446578 ], [ -63.992802, 10.446521 ], [ -63.992222, 10.446580 ], [ -63.991627, 10.446870 ], [ -63.990555, 10.447677 ], [ -63.990124, 10.448056 ], [ -63.989739, 10.448410 ], [ -63.989307, 10.448742 ], [ -63.988686, 10.449056 ], [ -63.988106, 10.449070 ], [ -63.987545, 10.448945 ], [ -63.987030, 10.448704 ], [ -63.986561, 10.448463 ], [ -63.986031, 10.448614 ], [ -63.985550, 10.448900 ], [ -63.984997, 10.449053 ], [ -63.984413, 10.448997 ], [ -63.983894, 10.448688 ], [ -63.983486, 10.448236 ], [ -63.983128, 10.447809 ], [ -63.982746, 10.447382 ], [ -63.982162, 10.447256 ], [ -63.981491, 10.447274 ], [ -63.980747, 10.447383 ], [ -63.980244, 10.447555 ], [ -63.979740, 10.447867 ], [ -63.979309, 10.448337 ], [ -63.978974, 10.448803 ], [ -63.978710, 10.449339 ], [ -63.978378, 10.450060 ], [ -63.978161, 10.450570 ], [ -63.977753, 10.450972 ], [ -63.977223, 10.451168 ], [ -63.976711, 10.451088 ], [ -63.976234, 10.450686 ], [ -63.975761, 10.450330 ], [ -63.975250, 10.450250 ], [ -63.974686, 10.450102 ], [ -63.974262, 10.449766 ], [ -63.973972, 10.449315 ], [ -63.973793, 10.448675 ], [ -63.973755, 10.448148 ], [ -63.973419, 10.447719 ], [ -63.972946, 10.447293 ], [ -63.972279, 10.447515 ], [ -63.971939, 10.447914 ], [ -63.971356, 10.447837 ], [ -63.970928, 10.447411 ], [ -63.970749, 10.446839 ], [ -63.970436, 10.446387 ], [ -63.969921, 10.446124 ], [ -63.969414, 10.446274 ], [ -63.969192, 10.446762 ], [ -63.969372, 10.447331 ], [ -63.969456, 10.447974 ], [ -63.969475, 10.448777 ], [ -63.969139, 10.449200 ], [ -63.968418, 10.449148 ], [ -63.967834, 10.449093 ], [ -63.967278, 10.449082 ], [ -63.966732, 10.449555 ], [ -63.966209, 10.449935 ], [ -63.965775, 10.450221 ], [ -63.965199, 10.450466 ], [ -63.964646, 10.450595 ], [ -63.963562, 10.450918 ], [ -63.962406, 10.451199 ], [ -63.961697, 10.451560 ], [ -63.961170, 10.451872 ], [ -63.960525, 10.452116 ], [ -63.959816, 10.453329 ], [ -63.959503, 10.453889 ], [ -63.959259, 10.454353 ], [ -63.958900, 10.454800 ], [ -63.958424, 10.455247 ], [ -63.957901, 10.455627 ], [ -63.957416, 10.455892 ], [ -63.956913, 10.456111 ], [ -63.956291, 10.456401 ], [ -63.955692, 10.456599 ], [ -63.955185, 10.456703 ], [ -63.954678, 10.456785 ], [ -63.954166, 10.456727 ], [ -63.953537, 10.456718 ], [ -63.952843, 10.456781 ], [ -63.952362, 10.457023 ], [ -63.951950, 10.457332 ], [ -63.951393, 10.457368 ], [ -63.950787, 10.457199 ], [ -63.950470, 10.456677 ], [ -63.950134, 10.456226 ], [ -63.949730, 10.455821 ], [ -63.949059, 10.455009 ], [ -63.948612, 10.454699 ], [ -63.948055, 10.454781 ], [ -63.947552, 10.455023 ], [ -63.947002, 10.455381 ], [ -63.946590, 10.455711 ], [ -63.946133, 10.455954 ], [ -63.945553, 10.455920 ], [ -63.945259, 10.455377 ], [ -63.945038, 10.454899 ], [ -63.944428, 10.454592 ], [ -63.943821, 10.454491 ], [ -63.943214, 10.454436 ], [ -63.942734, 10.454678 ], [ -63.942398, 10.455100 ], [ -63.942081, 10.455544 ], [ -63.941593, 10.455394 ], [ -63.940514, 10.455006 ], [ -63.940037, 10.454581 ], [ -63.939541, 10.454225 ], [ -63.939110, 10.453751 ], [ -63.939003, 10.453088 ], [ -63.939106, 10.452557 ], [ -63.939232, 10.452047 ], [ -63.939472, 10.451513 ], [ -63.939949, 10.451043 ], [ -63.940334, 10.450643 ], [ -63.940529, 10.450154 ], [ -63.940426, 10.449653 ], [ -63.939865, 10.449574 ], [ -63.939384, 10.449884 ], [ -63.939003, 10.450376 ], [ -63.938572, 10.450753 ], [ -63.937996, 10.450928 ], [ -63.937538, 10.451216 ], [ -63.936863, 10.452059 ], [ -63.936386, 10.452528 ], [ -63.936001, 10.452884 ], [ -63.935570, 10.453261 ], [ -63.934975, 10.453643 ], [ -63.934448, 10.453840 ], [ -63.933933, 10.453805 ], [ -63.933533, 10.453447 ], [ -63.933910, 10.452772 ], [ -63.934200, 10.452328 ], [ -63.934185, 10.451777 ], [ -63.933647, 10.451583 ], [ -63.933048, 10.451850 ], [ -63.931789, 10.452477 ], [ -63.931164, 10.452630 ], [ -63.930630, 10.452642 ], [ -63.930042, 10.452335 ], [ -63.929432, 10.452028 ], [ -63.928738, 10.452112 ], [ -63.928184, 10.452333 ], [ -63.927471, 10.452557 ], [ -63.926869, 10.452641 ], [ -63.926243, 10.452770 ], [ -63.925694, 10.452967 ], [ -63.925095, 10.453233 ], [ -63.924564, 10.453384 ], [ -63.923988, 10.453512 ], [ -63.923409, 10.453572 ], [ -63.922760, 10.453564 ], [ -63.922195, 10.453371 ], [ -63.921253, 10.452750 ], [ -63.920780, 10.452485 ], [ -63.920288, 10.452268 ], [ -63.919781, 10.452347 ], [ -63.919247, 10.452406 ], [ -63.918667, 10.452396 ], [ -63.918083, 10.452319 ], [ -63.917381, 10.452175 ], [ -63.916847, 10.452095 ], [ -63.916313, 10.452062 ], [ -63.915729, 10.452053 ], [ -63.915081, 10.452068 ], [ -63.914524, 10.452104 ], [ -63.913967, 10.452163 ], [ -63.913414, 10.452199 ], [ -63.912857, 10.452259 ], [ -63.912372, 10.452454 ], [ -63.911964, 10.452762 ], [ -63.911602, 10.453208 ], [ -63.911270, 10.453791 ], [ -63.910900, 10.454834 ], [ -63.910538, 10.455233 ], [ -63.910057, 10.455474 ], [ -63.909626, 10.455782 ], [ -63.909218, 10.456252 ], [ -63.908630, 10.456841 ], [ -63.907009, 10.457959 ], [ -63.906437, 10.458294 ], [ -63.905930, 10.458514 ], [ -63.905415, 10.458365 ], [ -63.904854, 10.458101 ], [ -63.904404, 10.457814 ], [ -63.903889, 10.457574 ], [ -63.903374, 10.457540 ], [ -63.902325, 10.457335 ], [ -63.901714, 10.457096 ], [ -63.901200, 10.456879 ], [ -63.900703, 10.456569 ], [ -63.900253, 10.456256 ], [ -63.899872, 10.455876 ], [ -63.899605, 10.455329 ], [ -63.899406, 10.454805 ], [ -63.899227, 10.454235 ], [ -63.898708, 10.453857 ], [ -63.898106, 10.453918 ], [ -63.897549, 10.453930 ], [ -63.896969, 10.453967 ], [ -63.896446, 10.453519 ], [ -63.896019, 10.453207 ], [ -63.895413, 10.453038 ], [ -63.894943, 10.452750 ], [ -63.894627, 10.452252 ], [ -63.894428, 10.451727 ], [ -63.894184, 10.451228 ], [ -63.893734, 10.450848 ], [ -63.893124, 10.450609 ], [ -63.892559, 10.450347 ], [ -63.892067, 10.450152 ], [ -63.891575, 10.449933 ], [ -63.891121, 10.449509 ], [ -63.890671, 10.449196 ], [ -63.890110, 10.448979 ], [ -63.889549, 10.448923 ], [ -63.889038, 10.448890 ], [ -63.888557, 10.449061 ], [ -63.888050, 10.449327 ], [ -63.887619, 10.449636 ], [ -63.887112, 10.449878 ], [ -63.886585, 10.450097 ], [ -63.885979, 10.449996 ], [ -63.885487, 10.449800 ], [ -63.884857, 10.449724 ], [ -63.884292, 10.449484 ], [ -63.883705, 10.449200 ], [ -63.883186, 10.448844 ], [ -63.882801, 10.448393 ], [ -63.882492, 10.447941 ], [ -63.882175, 10.447418 ], [ -63.881546, 10.447319 ], [ -63.880962, 10.447264 ], [ -63.880249, 10.447465 ], [ -63.879764, 10.447683 ], [ -63.879166, 10.447858 ], [ -63.878567, 10.447918 ], [ -63.877933, 10.447749 ], [ -63.877438, 10.447392 ], [ -63.876919, 10.447106 ], [ -63.876221, 10.446984 ], [ -63.875450, 10.446819 ], [ -63.874840, 10.446626 ], [ -63.874367, 10.446269 ], [ -63.873737, 10.446124 ], [ -63.873222, 10.446021 ], [ -63.872677, 10.445528 ], [ -63.872204, 10.445263 ], [ -63.871620, 10.445163 ], [ -63.871109, 10.445059 ], [ -63.870438, 10.445098 ], [ -63.869789, 10.445159 ], [ -63.869255, 10.445241 ], [ -63.868679, 10.445392 ], [ -63.868149, 10.445589 ], [ -63.867672, 10.445944 ], [ -63.867092, 10.446050 ], [ -63.866512, 10.446086 ], [ -63.865841, 10.446078 ], [ -63.865254, 10.445909 ], [ -63.864670, 10.445763 ], [ -63.864063, 10.445638 ], [ -63.863411, 10.445584 ], [ -63.862736, 10.445486 ], [ -63.862087, 10.445477 ], [ -63.861416, 10.445494 ], [ -63.860764, 10.445532 ], [ -63.860233, 10.445636 ], [ -63.859680, 10.445786 ], [ -63.859127, 10.445961 ], [ -63.858501, 10.446000 ], [ -63.857868, 10.445898 ], [ -63.857289, 10.445774 ], [ -63.856701, 10.445627 ], [ -63.856121, 10.445549 ], [ -63.855419, 10.445404 ], [ -63.854885, 10.445348 ], [ -63.854370, 10.445245 ], [ -63.853813, 10.445188 ], [ -63.853302, 10.445155 ], [ -63.852867, 10.445464 ], [ -63.852386, 10.445820 ], [ -63.851887, 10.446154 ], [ -63.851406, 10.446532 ], [ -63.851021, 10.446887 ], [ -63.850544, 10.447243 ], [ -63.850021, 10.447669 ], [ -63.849537, 10.447956 ], [ -63.849014, 10.448313 ], [ -63.848507, 10.448532 ], [ -63.848003, 10.448772 ], [ -63.847385, 10.449156 ], [ -63.846928, 10.449419 ], [ -63.846447, 10.449637 ], [ -63.845848, 10.449836 ], [ -63.845364, 10.450007 ], [ -63.844280, 10.450355 ], [ -63.842487, 10.451040 ], [ -63.841865, 10.451239 ], [ -63.841332, 10.451365 ], [ -63.840756, 10.451448 ], [ -63.840176, 10.451439 ], [ -63.839611, 10.451291 ], [ -63.839008, 10.451214 ], [ -63.838471, 10.451088 ], [ -63.837750, 10.451014 ], [ -63.837147, 10.451050 ], [ -63.836636, 10.450958 ], [ -63.836182, 10.450544 ], [ -63.836002, 10.449974 ], [ -63.835690, 10.449451 ], [ -63.834881, 10.448689 ], [ -63.834519, 10.448171 ], [ -63.834270, 10.447555 ], [ -63.834122, 10.447052 ], [ -63.833919, 10.446528 ], [ -63.833702, 10.446050 ], [ -63.833458, 10.445597 ], [ -63.833141, 10.445076 ], [ -63.832829, 10.444622 ], [ -63.832283, 10.444222 ], [ -63.831112, 10.443698 ], [ -63.830597, 10.443526 ], [ -63.829986, 10.443379 ], [ -63.829334, 10.443255 ], [ -63.828823, 10.443314 ], [ -63.828274, 10.443580 ], [ -63.827130, 10.444250 ], [ -63.826580, 10.444516 ], [ -63.826050, 10.444713 ], [ -63.825001, 10.444552 ], [ -63.823799, 10.443824 ], [ -63.823330, 10.443581 ], [ -63.822227, 10.443193 ], [ -63.821548, 10.442978 ], [ -63.820965, 10.442831 ], [ -63.820313, 10.442824 ], [ -63.819756, 10.442790 ], [ -63.819103, 10.442736 ], [ -63.818218, 10.442620 ], [ -63.817474, 10.442568 ], [ -63.816894, 10.442559 ], [ -63.816414, 10.442869 ], [ -63.816006, 10.443269 ], [ -63.815670, 10.443805 ], [ -63.815407, 10.444409 ], [ -63.815258, 10.444895 ], [ -63.815342, 10.445491 ], [ -63.815495, 10.446062 ], [ -63.815670, 10.446587 ], [ -63.815754, 10.447090 ], [ -63.815628, 10.447715 ], [ -63.815147, 10.447955 ], [ -63.814541, 10.447878 ], [ -63.813957, 10.447776 ], [ -63.813389, 10.448203 ], [ -63.812931, 10.448513 ], [ -63.812523, 10.448821 ], [ -63.811989, 10.448948 ], [ -63.811363, 10.448940 ], [ -63.810913, 10.448628 ], [ -63.810551, 10.448017 ], [ -63.810059, 10.447776 ], [ -63.809563, 10.447557 ], [ -63.809139, 10.447267 ], [ -63.808662, 10.446796 ], [ -63.808212, 10.446462 ], [ -63.807785, 10.446035 ], [ -63.807426, 10.445629 ], [ -63.806931, 10.445296 ], [ -63.806252, 10.445037 ], [ -63.805527, 10.444869 ], [ -63.804966, 10.444768 ], [ -63.804428, 10.444642 ], [ -63.803894, 10.444586 ], [ -63.803223, 10.444601 ], [ -63.802547, 10.444571 ], [ -63.802036, 10.444514 ], [ -63.801521, 10.444388 ], [ -63.800964, 10.444424 ], [ -63.800430, 10.444436 ], [ -63.799686, 10.444430 ], [ -63.798969, 10.444493 ], [ -63.798367, 10.444507 ], [ -63.797646, 10.444547 ], [ -63.796368, 10.444577 ], [ -63.795742, 10.444546 ], [ -63.795181, 10.444467 ], [ -63.794624, 10.444456 ], [ -63.794048, 10.444608 ], [ -63.793499, 10.444966 ], [ -63.793114, 10.445365 ], [ -63.792683, 10.445720 ], [ -63.792202, 10.445984 ], [ -63.791672, 10.446180 ], [ -63.790959, 10.446403 ], [ -63.789757, 10.446707 ], [ -63.789089, 10.446837 ], [ -63.788048, 10.447092 ], [ -63.787010, 10.447438 ], [ -63.786457, 10.447589 ], [ -63.785931, 10.447762 ], [ -63.785397, 10.447888 ], [ -63.784889, 10.448039 ], [ -63.784221, 10.448193 ], [ -63.783623, 10.448344 ], [ -63.782497, 10.448898 ], [ -63.782135, 10.449299 ], [ -63.781868, 10.449741 ], [ -63.781365, 10.450006 ], [ -63.780651, 10.450298 ], [ -63.780144, 10.450471 ], [ -63.779472, 10.450625 ], [ -63.778946, 10.450797 ], [ -63.778488, 10.451061 ], [ -63.777965, 10.451647 ], [ -63.777607, 10.452070 ], [ -63.777226, 10.452653 ], [ -63.776772, 10.453008 ], [ -63.776196, 10.453251 ], [ -63.775642, 10.453357 ], [ -63.775108, 10.453414 ], [ -63.774552, 10.453382 ], [ -63.773266, 10.453068 ], [ -63.772705, 10.452919 ], [ -63.772213, 10.452769 ], [ -63.771565, 10.452945 ], [ -63.771042, 10.453280 ], [ -63.770588, 10.453704 ], [ -63.770153, 10.454059 ], [ -63.769695, 10.454369 ], [ -63.768967, 10.454823 ], [ -63.768390, 10.455019 ], [ -63.767113, 10.455049 ], [ -63.766579, 10.454969 ], [ -63.766064, 10.454936 ], [ -63.764843, 10.455285 ], [ -63.763641, 10.455565 ], [ -63.763111, 10.455647 ], [ -63.762413, 10.455710 ], [ -63.761906, 10.455790 ], [ -63.761234, 10.455852 ], [ -63.760517, 10.455936 ], [ -63.759014, 10.456202 ], [ -63.758389, 10.456354 ], [ -63.757908, 10.456595 ], [ -63.757522, 10.456972 ], [ -63.757092, 10.457304 ], [ -63.756584, 10.457500 ], [ -63.755959, 10.457560 ], [ -63.755421, 10.457434 ], [ -63.754910, 10.457355 ], [ -63.754902, 10.457974 ], [ -63.754822, 10.458597 ], [ -63.754582, 10.459177 ], [ -63.754456, 10.459756 ], [ -63.754578, 10.460901 ], [ -63.754616, 10.461431 ], [ -63.754582, 10.462050 ], [ -63.754410, 10.462629 ], [ -63.753983, 10.463099 ], [ -63.753456, 10.463387 ], [ -63.752853, 10.463516 ], [ -63.752270, 10.463393 ], [ -63.751663, 10.463290 ], [ -63.750473, 10.463066 ], [ -63.749966, 10.463122 ], [ -63.748932, 10.463653 ], [ -63.748375, 10.463666 ], [ -63.747795, 10.463703 ], [ -63.747265, 10.463807 ], [ -63.746693, 10.464119 ], [ -63.746185, 10.464246 ], [ -63.745670, 10.464211 ], [ -63.745312, 10.463737 ], [ -63.744835, 10.463310 ], [ -63.744198, 10.462865 ], [ -63.743725, 10.462555 ], [ -63.743053, 10.462502 ], [ -63.742424, 10.462492 ], [ -63.741890, 10.462505 ], [ -63.741387, 10.462724 ], [ -63.740692, 10.464740 ], [ -63.741318, 10.465554 ], [ -63.740837, 10.465932 ], [ -63.740173, 10.466314 ], [ -63.739693, 10.466578 ], [ -63.739212, 10.466866 ], [ -63.738804, 10.467219 ], [ -63.738346, 10.467506 ], [ -63.737793, 10.467772 ], [ -63.737194, 10.467947 ], [ -63.736656, 10.467797 ], [ -63.736248, 10.467232 ], [ -63.735817, 10.466669 ], [ -63.735390, 10.466356 ], [ -63.734730, 10.466027 ], [ -63.734196, 10.466040 ], [ -63.733692, 10.466350 ], [ -63.733356, 10.466794 ], [ -63.733158, 10.467281 ], [ -63.733200, 10.467878 ], [ -63.733303, 10.468382 ], [ -63.733131, 10.469029 ], [ -63.732887, 10.469494 ], [ -63.732456, 10.469781 ], [ -63.731888, 10.469379 ], [ -63.731339, 10.469645 ], [ -63.730976, 10.470067 ], [ -63.730614, 10.470467 ], [ -63.730190, 10.470178 ], [ -63.729740, 10.469843 ], [ -63.729134, 10.469765 ], [ -63.728436, 10.469711 ], [ -63.727894, 10.469379 ], [ -63.726967, 10.468597 ], [ -63.726513, 10.468055 ], [ -63.726173, 10.467488 ], [ -63.725860, 10.467059 ], [ -63.725410, 10.466610 ], [ -63.724926, 10.466781 ], [ -63.724419, 10.466931 ], [ -63.723808, 10.466670 ], [ -63.723339, 10.466382 ], [ -63.723049, 10.465951 ], [ -63.722668, 10.465569 ], [ -63.722096, 10.465881 ], [ -63.721474, 10.466194 ], [ -63.720947, 10.466413 ], [ -63.719883, 10.466621 ], [ -63.719280, 10.466659 ], [ -63.718677, 10.466673 ], [ -63.717960, 10.466735 ], [ -63.716129, 10.467030 ], [ -63.714928, 10.467150 ], [ -63.714352, 10.467324 ], [ -63.713821, 10.467588 ], [ -63.713341, 10.467923 ], [ -63.712910, 10.468253 ], [ -63.712360, 10.468519 ], [ -63.711807, 10.468693 ], [ -63.711269, 10.468614 ], [ -63.710754, 10.468511 ], [ -63.710194, 10.468247 ], [ -63.709675, 10.468076 ], [ -63.709034, 10.468297 ], [ -63.708485, 10.468633 ], [ -63.708096, 10.468985 ], [ -63.707622, 10.469479 ], [ -63.706497, 10.470999 ], [ -63.706066, 10.471354 ], [ -63.705398, 10.471691 ], [ -63.704800, 10.471889 ], [ -63.704174, 10.471993 ], [ -63.703575, 10.472032 ], [ -63.703037, 10.471929 ], [ -63.702545, 10.471711 ], [ -63.702023, 10.471308 ], [ -63.701523, 10.470883 ], [ -63.701054, 10.470594 ], [ -63.700558, 10.470239 ], [ -63.699989, 10.469861 ], [ -63.699539, 10.469480 ], [ -63.699066, 10.469100 ], [ -63.698345, 10.469071 ], [ -63.697788, 10.469037 ], [ -63.697140, 10.469191 ], [ -63.696613, 10.469548 ], [ -63.696182, 10.469880 ], [ -63.695701, 10.470212 ], [ -63.695087, 10.470663 ], [ -63.694515, 10.471021 ], [ -63.694008, 10.471262 ], [ -63.693432, 10.471367 ], [ -63.692894, 10.471196 ], [ -63.692085, 10.471353 ], [ -63.691502, 10.471298 ], [ -63.690918, 10.471149 ], [ -63.690353, 10.470933 ], [ -63.689724, 10.470786 ], [ -63.688515, 10.470653 ], [ -63.687862, 10.470598 ], [ -63.687241, 10.470820 ], [ -63.686783, 10.471107 ], [ -63.686325, 10.471438 ], [ -63.685734, 10.471843 ], [ -63.685249, 10.472015 ], [ -63.684651, 10.472144 ], [ -63.684051, 10.472457 ], [ -63.683621, 10.472834 ], [ -63.683235, 10.473211 ], [ -63.682804, 10.473612 ], [ -63.682255, 10.473969 ], [ -63.681797, 10.474210 ], [ -63.681301, 10.474013 ], [ -63.680923, 10.473631 ], [ -63.680450, 10.473320 ], [ -63.679882, 10.472966 ], [ -63.679253, 10.472727 ], [ -63.678551, 10.472582 ], [ -63.677876, 10.472575 ], [ -63.677318, 10.472611 ], [ -63.676815, 10.472760 ], [ -63.676308, 10.472933 ], [ -63.675781, 10.473244 ], [ -63.674534, 10.474467 ], [ -63.674053, 10.474893 ], [ -63.673599, 10.475316 ], [ -63.673122, 10.475718 ], [ -63.672310, 10.476316 ], [ -63.671822, 10.476598 ], [ -63.671307, 10.476496 ], [ -63.670746, 10.476254 ], [ -63.668983, 10.476387 ], [ -63.668362, 10.476677 ], [ -63.667812, 10.477034 ], [ -63.667290, 10.477437 ], [ -63.666855, 10.477746 ], [ -63.666397, 10.478009 ], [ -63.665890, 10.478113 ], [ -63.662232, 10.478541 ], [ -63.661728, 10.478852 ], [ -63.661224, 10.479208 ], [ -63.660652, 10.479567 ], [ -63.659981, 10.479673 ], [ -63.659401, 10.479755 ], [ -63.658844, 10.479745 ], [ -63.658310, 10.479757 ], [ -63.657715, 10.480162 ], [ -63.657452, 10.480697 ], [ -63.657303, 10.481205 ], [ -63.656918, 10.481650 ], [ -63.656460, 10.481983 ], [ -63.655937, 10.482432 ], [ -63.655483, 10.482788 ], [ -63.654930, 10.483099 ], [ -63.654342, 10.483618 ], [ -63.653957, 10.484133 ], [ -63.654156, 10.484611 ], [ -63.654827, 10.484527 ], [ -63.655262, 10.484194 ], [ -63.655758, 10.483701 ], [ -63.656220, 10.483438 ], [ -63.656772, 10.483333 ], [ -63.657322, 10.483022 ], [ -63.657822, 10.482596 ], [ -63.658253, 10.482173 ], [ -63.658665, 10.481818 ], [ -63.659191, 10.481576 ], [ -63.659702, 10.481519 ], [ -63.660194, 10.481692 ], [ -63.659901, 10.482112 ], [ -63.659611, 10.482578 ], [ -63.659226, 10.483025 ], [ -63.658840, 10.483377 ], [ -63.658241, 10.483552 ], [ -63.657974, 10.484063 ], [ -63.657871, 10.484572 ], [ -63.657581, 10.485108 ], [ -63.656941, 10.485513 ], [ -63.656460, 10.485731 ], [ -63.655952, 10.485904 ], [ -63.655663, 10.486323 ], [ -63.655971, 10.486754 ], [ -63.656582, 10.486992 ], [ -63.657101, 10.487326 ], [ -63.657600, 10.487796 ], [ -63.658093, 10.487991 ], [ -63.658611, 10.488303 ], [ -63.658531, 10.488832 ], [ -63.658547, 10.489408 ], [ -63.658398, 10.489939 ], [ -63.657661, 10.490209 ], [ -63.657059, 10.490383 ], [ -63.656506, 10.490511 ], [ -63.655949, 10.490547 ], [ -63.655441, 10.490673 ], [ -63.655029, 10.491004 ], [ -63.654530, 10.491337 ], [ -63.654045, 10.491532 ], [ -63.652908, 10.491604 ], [ -63.652378, 10.491732 ], [ -63.651810, 10.492182 ], [ -63.651375, 10.492490 ], [ -63.650848, 10.492801 ], [ -63.650341, 10.492950 ], [ -63.649784, 10.492940 ], [ -63.649109, 10.492909 ], [ -63.648037, 10.492842 ], [ -63.647457, 10.492832 ], [ -63.646946, 10.492775 ], [ -63.646366, 10.492742 ], [ -63.645733, 10.492619 ], [ -63.644680, 10.492344 ], [ -63.644028, 10.492198 ], [ -63.643467, 10.492119 ], [ -63.642819, 10.492157 ], [ -63.642243, 10.492307 ], [ -63.641613, 10.492252 ], [ -63.641056, 10.492266 ], [ -63.640858, 10.492753 ], [ -63.640850, 10.493305 ], [ -63.641300, 10.493616 ], [ -63.641907, 10.493787 ], [ -63.642399, 10.493936 ], [ -63.642914, 10.494201 ], [ -63.643364, 10.494489 ], [ -63.643677, 10.494965 ], [ -63.643746, 10.495695 ], [ -63.644119, 10.496034 ], [ -63.644341, 10.496511 ], [ -63.644745, 10.496895 ], [ -63.645332, 10.497065 ], [ -63.645885, 10.497006 ], [ -63.646442, 10.496901 ], [ -63.647053, 10.497141 ], [ -63.647549, 10.497497 ], [ -63.648140, 10.497965 ], [ -63.648823, 10.498318 ], [ -63.649315, 10.498514 ], [ -63.649807, 10.498663 ], [ -63.650318, 10.498720 ], [ -63.650970, 10.498775 ], [ -63.651646, 10.498759 ], [ -63.652244, 10.498653 ], [ -63.652779, 10.498619 ], [ -63.653290, 10.498652 ], [ -63.653942, 10.498776 ], [ -63.654526, 10.498832 ], [ -63.655220, 10.498792 ], [ -63.655914, 10.498662 ], [ -63.656517, 10.498533 ], [ -63.657852, 10.498113 ], [ -63.658382, 10.497916 ], [ -63.658913, 10.497767 ], [ -63.659992, 10.497328 ], [ -63.660591, 10.497153 ], [ -63.661144, 10.497003 ], [ -63.661747, 10.496874 ], [ -63.662392, 10.496675 ], [ -63.662922, 10.496456 ], [ -63.663540, 10.496119 ], [ -63.664192, 10.496197 ], [ -63.664772, 10.496207 ], [ -63.665352, 10.496147 ], [ -63.665951, 10.495857 ], [ -63.666572, 10.495682 ], [ -63.667240, 10.495482 ], [ -63.667866, 10.495354 ], [ -63.669117, 10.495188 ], [ -63.669670, 10.495106 ], [ -63.670246, 10.494978 ], [ -63.670753, 10.494805 ], [ -63.671188, 10.494520 ], [ -63.671601, 10.494212 ], [ -63.672104, 10.493901 ], [ -63.673206, 10.493371 ], [ -63.673660, 10.492947 ], [ -63.673717, 10.492416 ], [ -63.673656, 10.491912 ], [ -63.673874, 10.491331 ], [ -63.674477, 10.491180 ], [ -63.675106, 10.491326 ], [ -63.675667, 10.491405 ], [ -63.676269, 10.491345 ], [ -63.676773, 10.491151 ], [ -63.677208, 10.490842 ], [ -63.677734, 10.490508 ], [ -63.678238, 10.490244 ], [ -63.678722, 10.490004 ], [ -63.679294, 10.489760 ], [ -63.679870, 10.489539 ], [ -63.680447, 10.489366 ], [ -63.681114, 10.489143 ], [ -63.682175, 10.488706 ], [ -63.682655, 10.488533 ], [ -63.683254, 10.488290 ], [ -63.683807, 10.488048 ], [ -63.684288, 10.487875 ], [ -63.684818, 10.487702 ], [ -63.685371, 10.487506 ], [ -63.685970, 10.487354 ], [ -63.686501, 10.487158 ], [ -63.687439, 10.486630 ], [ -63.688537, 10.485939 ], [ -63.688972, 10.485630 ], [ -63.689453, 10.485390 ], [ -63.690823, 10.485311 ], [ -63.691330, 10.485208 ], [ -63.691791, 10.484968 ], [ -63.692314, 10.484634 ], [ -63.692890, 10.484460 ], [ -63.693451, 10.484493 ], [ -63.694008, 10.484504 ], [ -63.694588, 10.484512 ], [ -63.695168, 10.484499 ], [ -63.695698, 10.484327 ], [ -63.696178, 10.483925 ], [ -63.696659, 10.483662 ], [ -63.697193, 10.483695 ], [ -63.697937, 10.483678 ], [ -63.699142, 10.483604 ], [ -63.700413, 10.483414 ], [ -63.701015, 10.483354 ], [ -63.701691, 10.483315 ], [ -63.702251, 10.483555 ], [ -63.702637, 10.484054 ], [ -63.703022, 10.484641 ], [ -63.703087, 10.485421 ], [ -63.703148, 10.485971 ], [ -63.703300, 10.486496 ], [ -63.703571, 10.487065 ], [ -63.703812, 10.487519 ], [ -63.704033, 10.488020 ], [ -63.704098, 10.488730 ], [ -63.703995, 10.489331 ], [ -63.703941, 10.489862 ], [ -63.703876, 10.490989 ], [ -63.703888, 10.491541 ], [ -63.704254, 10.492268 ], [ -63.704567, 10.492720 ], [ -63.704971, 10.493078 ], [ -63.705421, 10.493390 ], [ -63.705845, 10.493726 ], [ -63.706741, 10.494326 ], [ -63.707192, 10.494659 ], [ -63.707760, 10.495014 ], [ -63.708633, 10.495707 ], [ -63.709225, 10.496061 ], [ -63.709808, 10.496232 ], [ -63.710339, 10.495990 ], [ -63.710815, 10.495657 ], [ -63.711464, 10.495481 ], [ -63.711998, 10.495468 ], [ -63.712696, 10.495614 ], [ -63.713283, 10.495852 ], [ -63.713821, 10.496048 ], [ -63.714359, 10.496196 ], [ -63.714897, 10.496321 ], [ -63.715553, 10.496512 ], [ -63.716206, 10.496636 ], [ -63.716713, 10.496487 ], [ -63.717216, 10.496244 ], [ -63.717941, 10.496389 ], [ -63.718456, 10.496515 ], [ -63.718975, 10.496779 ], [ -63.719448, 10.497090 ], [ -63.719917, 10.497424 ], [ -63.720509, 10.497802 ], [ -63.721001, 10.498020 ], [ -63.722195, 10.498384 ], [ -63.722828, 10.498552 ], [ -63.724106, 10.498707 ], [ -63.724644, 10.498717 ], [ -63.725876, 10.498850 ], [ -63.727600, 10.499016 ], [ -63.728230, 10.499094 ], [ -63.728973, 10.499169 ], [ -63.729534, 10.499249 ], [ -63.730118, 10.499396 ], [ -63.730842, 10.499679 ], [ -63.731922, 10.500113 ], [ -63.732418, 10.500354 ], [ -63.732979, 10.500548 ], [ -63.733582, 10.500511 ], [ -63.734127, 10.500084 ], [ -63.734539, 10.499731 ], [ -63.734806, 10.499287 ], [ -63.735073, 10.498775 ], [ -63.735222, 10.498289 ], [ -63.735557, 10.497685 ], [ -63.735775, 10.497173 ], [ -63.735947, 10.496595 ], [ -63.736073, 10.496017 ], [ -63.736130, 10.495464 ], [ -63.736397, 10.494998 ], [ -63.736904, 10.494849 ], [ -63.737400, 10.495182 ], [ -63.737530, 10.495707 ], [ -63.737610, 10.496211 ], [ -63.737698, 10.496945 ], [ -63.737831, 10.497609 ], [ -63.737984, 10.498134 ], [ -63.738159, 10.498659 ], [ -63.738335, 10.499276 ], [ -63.738445, 10.499939 ], [ -63.738529, 10.500581 ], [ -63.738567, 10.501177 ], [ -63.738629, 10.501750 ], [ -63.738735, 10.502346 ], [ -63.738960, 10.502984 ], [ -63.739117, 10.503625 ], [ -63.739365, 10.504194 ], [ -63.739563, 10.504787 ], [ -63.739903, 10.505401 ], [ -63.740242, 10.505989 ], [ -63.740509, 10.506488 ], [ -63.740849, 10.506964 ], [ -63.741543, 10.507844 ], [ -63.741974, 10.508363 ], [ -63.742405, 10.508859 ], [ -63.742809, 10.509217 ], [ -63.743233, 10.509530 ], [ -63.743710, 10.510000 ], [ -63.743999, 10.510477 ], [ -63.744335, 10.510882 ], [ -63.744671, 10.511357 ], [ -63.745251, 10.512263 ], [ -63.745640, 10.512898 ], [ -63.745998, 10.513396 ], [ -63.746384, 10.513847 ], [ -63.746834, 10.514227 ], [ -63.747540, 10.514580 ], [ -63.748100, 10.514772 ], [ -63.748733, 10.515057 ], [ -63.749249, 10.515228 ], [ -63.749863, 10.515513 ], [ -63.750473, 10.515822 ], [ -63.751129, 10.516105 ], [ -63.751625, 10.516369 ], [ -63.752121, 10.516749 ], [ -63.752575, 10.517176 ], [ -63.753098, 10.517692 ], [ -63.753433, 10.518099 ], [ -63.753845, 10.518731 ], [ -63.754345, 10.519364 ], [ -63.754780, 10.519975 ], [ -63.755139, 10.520403 ], [ -63.755451, 10.520901 ], [ -63.755837, 10.521352 ], [ -63.756901, 10.522178 ], [ -63.757419, 10.522557 ], [ -63.758011, 10.522957 ], [ -63.758461, 10.523337 ], [ -63.758984, 10.523692 ], [ -63.759457, 10.524050 ], [ -63.760044, 10.524427 ], [ -63.761040, 10.525140 ], [ -63.761562, 10.525586 ], [ -63.762108, 10.526034 ], [ -63.762558, 10.526391 ], [ -63.762958, 10.526751 ], [ -63.763409, 10.527039 ], [ -63.764023, 10.527296 ] ] ] } }

]
}
