{
"type": "FeatureCollection",
"features": [
{ "type": "Feature", "properties": { "COD_ESTADO": "21", "ESTADO": "TRUJILLO" }, "geometry": { "type": "Polygon", "coordinates": [ [ [ -70.903458, 9.583107 ], [ -70.903107, 9.583148 ], [ -70.902649, 9.583521 ], [ -70.902428, 9.584137 ], [ -70.902321, 9.584833 ], [ -70.902328, 9.585448 ], [ -70.902641, 9.586667 ], [ -70.902886, 9.587488 ], [ -70.903145, 9.588246 ], [ -70.903297, 9.588887 ], [ -70.903137, 9.589466 ], [ -70.902733, 9.589948 ], [ -70.901993, 9.590260 ], [ -70.901161, 9.590526 ], [ -70.900566, 9.590873 ], [ -70.900086, 9.591364 ], [ -70.899605, 9.591900 ], [ -70.898987, 9.592292 ], [ -70.898338, 9.592485 ], [ -70.897629, 9.592742 ], [ -70.896980, 9.593053 ], [ -70.896523, 9.593472 ], [ -70.895950, 9.593890 ], [ -70.895264, 9.594265 ], [ -70.894607, 9.594372 ], [ -70.893661, 9.594282 ], [ -70.892830, 9.594133 ], [ -70.891968, 9.593939 ], [ -70.890503, 9.593540 ], [ -70.889946, 9.593335 ], [ -70.889183, 9.593141 ], [ -70.888367, 9.592946 ], [ -70.887650, 9.592788 ], [ -70.887047, 9.592710 ], [ -70.886421, 9.592668 ], [ -70.885796, 9.592671 ], [ -70.885124, 9.592611 ], [ -70.884399, 9.592579 ], [ -70.883797, 9.592510 ], [ -70.883125, 9.592405 ], [ -70.882317, 9.592346 ], [ -70.881714, 9.592332 ], [ -70.880791, 9.592391 ], [ -70.879936, 9.592486 ], [ -70.878448, 9.592548 ], [ -70.877777, 9.592534 ], [ -70.877037, 9.592475 ], [ -70.876297, 9.592388 ], [ -70.875580, 9.592238 ], [ -70.874977, 9.592133 ], [ -70.874138, 9.592093 ], [ -70.873329, 9.592196 ], [ -70.872727, 9.592199 ], [ -70.871986, 9.592122 ], [ -70.871292, 9.592035 ], [ -70.870598, 9.592138 ], [ -70.869927, 9.592215 ], [ -70.869324, 9.592217 ], [ -70.868629, 9.592176 ], [ -70.867912, 9.592235 ], [ -70.867332, 9.592355 ], [ -70.866554, 9.592594 ], [ -70.865745, 9.592807 ], [ -70.865120, 9.592864 ], [ -70.864334, 9.592778 ], [ -70.863587, 9.592628 ], [ -70.862938, 9.592524 ], [ -70.862175, 9.592464 ], [ -70.861481, 9.592721 ], [ -70.861023, 9.593094 ], [ -70.860588, 9.593630 ], [ -70.860176, 9.594049 ], [ -70.859718, 9.594466 ], [ -70.859192, 9.594885 ], [ -70.858643, 9.595168 ], [ -70.858017, 9.595217 ], [ -70.857323, 9.595139 ], [ -70.856132, 9.594711 ], [ -70.854744, 9.594521 ], [ -70.854164, 9.594324 ], [ -70.852997, 9.593625 ], [ -70.852509, 9.593285 ], [ -70.852013, 9.592916 ], [ -70.851479, 9.592603 ], [ -70.850830, 9.592318 ], [ -70.850151, 9.592185 ], [ -70.849319, 9.592054 ], [ -70.848671, 9.591859 ], [ -70.848015, 9.591637 ], [ -70.847458, 9.591341 ], [ -70.846855, 9.591045 ], [ -70.846176, 9.590805 ], [ -70.845505, 9.590628 ], [ -70.844810, 9.590478 ], [ -70.844177, 9.590301 ], [ -70.843506, 9.590214 ], [ -70.842140, 9.590230 ], [ -70.841538, 9.590025 ], [ -70.799522, 9.666774 ], [ -70.799088, 9.667065 ], [ -70.798790, 9.667464 ], [ -70.798363, 9.667964 ], [ -70.798058, 9.668526 ], [ -70.797119, 9.670086 ], [ -70.796837, 9.670603 ], [ -70.796501, 9.671138 ], [ -70.796120, 9.671790 ], [ -70.795723, 9.672443 ], [ -70.795364, 9.673078 ], [ -70.795036, 9.673632 ], [ -70.794411, 9.674801 ], [ -70.794151, 9.675354 ], [ -70.793617, 9.676378 ], [ -70.793350, 9.676849 ], [ -70.793060, 9.677294 ], [ -70.792442, 9.678410 ], [ -70.792175, 9.678944 ], [ -70.791840, 9.679524 ], [ -70.791443, 9.680313 ], [ -70.791138, 9.680875 ], [ -70.790275, 9.682570 ], [ -70.789848, 9.683250 ], [ -70.789185, 9.684420 ], [ -70.788872, 9.684910 ], [ -70.788299, 9.685998 ], [ -70.787742, 9.687095 ], [ -70.787102, 9.688102 ], [ -70.786652, 9.688772 ], [ -70.785698, 9.690432 ], [ -70.785072, 9.691430 ], [ -70.784828, 9.691946 ], [ -70.784310, 9.693238 ], [ -70.784294, 9.693237 ], [ -70.783516, 9.693192 ], [ -70.782982, 9.693186 ], [ -70.782402, 9.693134 ], [ -70.781799, 9.692984 ], [ -70.781288, 9.692923 ], [ -70.780747, 9.692781 ], [ -70.780212, 9.692657 ], [ -70.779632, 9.692462 ], [ -70.779114, 9.692157 ], [ -70.778503, 9.691844 ], [ -70.777985, 9.691602 ], [ -70.777405, 9.691388 ], [ -70.776161, 9.690979 ], [ -70.775917, 9.690510 ], [ -70.775673, 9.689941 ], [ -70.775520, 9.689436 ], [ -70.775414, 9.688886 ], [ -70.775215, 9.688389 ], [ -70.774864, 9.687984 ], [ -70.774414, 9.687625 ], [ -70.773880, 9.687546 ], [ -70.773209, 9.687604 ], [ -70.772697, 9.687525 ], [ -70.772095, 9.687636 ], [ -70.771568, 9.687829 ], [ -70.771065, 9.688049 ], [ -70.770515, 9.688314 ], [ -70.769852, 9.688606 ], [ -70.769318, 9.688691 ], [ -70.768669, 9.688775 ], [ -70.768112, 9.688814 ], [ -70.767609, 9.688962 ], [ -70.767082, 9.689136 ], [ -70.766464, 9.689375 ], [ -70.765869, 9.689694 ], [ -70.764999, 9.690313 ], [ -70.764023, 9.690951 ], [ -70.763473, 9.691198 ], [ -70.762917, 9.691391 ], [ -70.762367, 9.691638 ], [ -70.761887, 9.691902 ], [ -70.761414, 9.692285 ], [ -70.761032, 9.692684 ], [ -70.760101, 9.693557 ], [ -70.759148, 9.694403 ], [ -70.758247, 9.695348 ], [ -70.757767, 9.695793 ], [ -70.757286, 9.696057 ], [ -70.756950, 9.696457 ], [ -70.756752, 9.696946 ], [ -70.756676, 9.697471 ], [ -70.756851, 9.698049 ], [ -70.757233, 9.698562 ], [ -70.757637, 9.698994 ], [ -70.758537, 9.699613 ], [ -70.759453, 9.700304 ], [ -70.759865, 9.700727 ], [ -70.760216, 9.701132 ], [ -70.760513, 9.701637 ], [ -70.760758, 9.702178 ], [ -70.760933, 9.702702 ], [ -70.761063, 9.703342 ], [ -70.761124, 9.703939 ], [ -70.761116, 9.704491 ], [ -70.761055, 9.704997 ], [ -70.760956, 9.705504 ], [ -70.760834, 9.706201 ], [ -70.759819, 9.709117 ], [ -70.759552, 9.709706 ], [ -70.759285, 9.710214 ], [ -70.758606, 9.711699 ], [ -70.758316, 9.712144 ], [ -70.758026, 9.712616 ], [ -70.757668, 9.713106 ], [ -70.756905, 9.714204 ], [ -70.756355, 9.715201 ], [ -70.756111, 9.715763 ], [ -70.755699, 9.716877 ], [ -70.755501, 9.717384 ], [ -70.755356, 9.718009 ], [ -70.755188, 9.718634 ], [ -70.754982, 9.719737 ], [ -70.755020, 9.720379 ], [ -70.755150, 9.720930 ], [ -70.755165, 9.721463 ], [ -70.755012, 9.722015 ], [ -70.754791, 9.722505 ], [ -70.754478, 9.722949 ], [ -70.753662, 9.723586 ], [ -70.753204, 9.723833 ], [ -70.752747, 9.724143 ], [ -70.752251, 9.724425 ], [ -70.751633, 9.724854 ], [ -70.751129, 9.725254 ], [ -70.750702, 9.725636 ], [ -70.750290, 9.725964 ], [ -70.749908, 9.726345 ], [ -70.749573, 9.726745 ], [ -70.749237, 9.727189 ], [ -70.748871, 9.727607 ], [ -70.748490, 9.728079 ], [ -70.748085, 9.728615 ], [ -70.747749, 9.729104 ], [ -70.747482, 9.729576 ], [ -70.747177, 9.730184 ], [ -70.746628, 9.731343 ], [ -70.746407, 9.731851 ], [ -70.746117, 9.732412 ], [ -70.745949, 9.732947 ], [ -70.745788, 9.734005 ], [ -70.745735, 9.734557 ], [ -70.745651, 9.735064 ], [ -70.745392, 9.736864 ], [ -70.745323, 9.737552 ], [ -70.745293, 9.738266 ], [ -70.745216, 9.738962 ], [ -70.745186, 9.739514 ], [ -70.745133, 9.740138 ], [ -70.744934, 9.741495 ], [ -70.744827, 9.742075 ], [ -70.744720, 9.743296 ], [ -70.744690, 9.744028 ], [ -70.744667, 9.745728 ], [ -70.744507, 9.747618 ], [ -70.744163, 9.748895 ], [ -70.744049, 9.749971 ], [ -70.743897, 9.751174 ], [ -70.743774, 9.751817 ], [ -70.743698, 9.752468 ], [ -70.743492, 9.753708 ], [ -70.743439, 9.754241 ], [ -70.743339, 9.754910 ], [ -70.743217, 9.755652 ], [ -70.743065, 9.756965 ], [ -70.742996, 9.758022 ], [ -70.742943, 9.758593 ], [ -70.742798, 9.759172 ], [ -70.742600, 9.759733 ], [ -70.742287, 9.760196 ], [ -70.741974, 9.760640 ], [ -70.741570, 9.761185 ], [ -70.741188, 9.761602 ], [ -70.739807, 9.762993 ], [ -70.739220, 9.763376 ], [ -70.738098, 9.763978 ], [ -70.737549, 9.764243 ], [ -70.737091, 9.764481 ], [ -70.736427, 9.764800 ], [ -70.735847, 9.764903 ], [ -70.735222, 9.764870 ], [ -70.734406, 9.764802 ], [ -70.733894, 9.764696 ], [ -70.733223, 9.764573 ], [ -70.732659, 9.764340 ], [ -70.731629, 9.763830 ], [ -70.731178, 9.763498 ], [ -70.730507, 9.762643 ], [ -70.730126, 9.762219 ], [ -70.729744, 9.761833 ], [ -70.729294, 9.761500 ], [ -70.728805, 9.761259 ], [ -70.728332, 9.760990 ], [ -70.727799, 9.760776 ], [ -70.727280, 9.760679 ], [ -70.726791, 9.760456 ], [ -70.726272, 9.760169 ], [ -70.725845, 9.759791 ], [ -70.725487, 9.759359 ], [ -70.724617, 9.758713 ], [ -70.724144, 9.758498 ], [ -70.723610, 9.758329 ], [ -70.722809, 9.757980 ], [ -70.722244, 9.757622 ], [ -70.721779, 9.757381 ], [ -70.721290, 9.757211 ], [ -70.720795, 9.756897 ], [ -70.720367, 9.756546 ], [ -70.719803, 9.756305 ], [ -70.719292, 9.756181 ], [ -70.718704, 9.755985 ], [ -70.718239, 9.755626 ], [ -70.717812, 9.755276 ], [ -70.717361, 9.754989 ], [ -70.716804, 9.754856 ], [ -70.716309, 9.754686 ], [ -70.715706, 9.754635 ], [ -70.714989, 9.754602 ], [ -70.714455, 9.754615 ], [ -70.713875, 9.754681 ], [ -70.713303, 9.754873 ], [ -70.712845, 9.755119 ], [ -70.712319, 9.755493 ], [ -70.711479, 9.756229 ], [ -70.709930, 9.757232 ], [ -70.709473, 9.757469 ], [ -70.709038, 9.757761 ], [ -70.707962, 9.758264 ], [ -70.707413, 9.758555 ], [ -70.706863, 9.758802 ], [ -70.706268, 9.759022 ], [ -70.705215, 9.759435 ], [ -70.704544, 9.759754 ], [ -70.703834, 9.760020 ], [ -70.703308, 9.760240 ], [ -70.702759, 9.760550 ], [ -70.701798, 9.761061 ], [ -70.701179, 9.761326 ], [ -70.699913, 9.761766 ], [ -70.699387, 9.761968 ], [ -70.698837, 9.762160 ], [ -70.698357, 9.762380 ], [ -70.697807, 9.762645 ], [ -70.697273, 9.762864 ], [ -70.696701, 9.763084 ], [ -70.696106, 9.763259 ], [ -70.695557, 9.763460 ], [ -70.694893, 9.763799 ], [ -70.694252, 9.764209 ], [ -70.693749, 9.764518 ], [ -70.693268, 9.764892 ], [ -70.692505, 9.765645 ], [ -70.691803, 9.766535 ], [ -70.691422, 9.767052 ], [ -70.691040, 9.767588 ], [ -70.690376, 9.768621 ], [ -70.690155, 9.769084 ], [ -70.689842, 9.769664 ], [ -70.689598, 9.770153 ], [ -70.689079, 9.771476 ], [ -70.688454, 9.773396 ], [ -70.688286, 9.774047 ], [ -70.688065, 9.774627 ], [ -70.687851, 9.775279 ], [ -70.687683, 9.775714 ], [ -70.687431, 9.776339 ], [ -70.687264, 9.776855 ], [ -70.687042, 9.777408 ], [ -70.686897, 9.777942 ], [ -70.686714, 9.779046 ], [ -70.686607, 9.779607 ], [ -70.686531, 9.780159 ], [ -70.686478, 9.780665 ], [ -70.686394, 9.781190 ], [ -70.686340, 9.781796 ], [ -70.686310, 9.782348 ], [ -70.686203, 9.782918 ], [ -70.685974, 9.784003 ], [ -70.685852, 9.784519 ], [ -70.685555, 9.785579 ], [ -70.685089, 9.787335 ], [ -70.684837, 9.788422 ], [ -70.684761, 9.789045 ], [ -70.684700, 9.789642 ], [ -70.684715, 9.790175 ], [ -70.684708, 9.790700 ], [ -70.684723, 9.791442 ], [ -70.684799, 9.792562 ], [ -70.684914, 9.793321 ], [ -70.685066, 9.793981 ], [ -70.685150, 9.794621 ], [ -70.685592, 9.795623 ], [ -70.685745, 9.796219 ], [ -70.685783, 9.796770 ], [ -70.685799, 9.797321 ], [ -70.685501, 9.798409 ], [ -70.685280, 9.799006 ], [ -70.685043, 9.799567 ], [ -70.684753, 9.800057 ], [ -70.684014, 9.801200 ], [ -70.683457, 9.802224 ], [ -70.683174, 9.802877 ], [ -70.682961, 9.803430 ], [ -70.682663, 9.804561 ], [ -70.682442, 9.805096 ], [ -70.682129, 9.805685 ], [ -70.681755, 9.806355 ], [ -70.681305, 9.806900 ], [ -70.680824, 9.807273 ], [ -70.680321, 9.807565 ], [ -70.679680, 9.807876 ], [ -70.679062, 9.808123 ], [ -70.678558, 9.808360 ], [ -70.677963, 9.808680 ], [ -70.677483, 9.808899 ], [ -70.676888, 9.809119 ], [ -70.676353, 9.809294 ], [ -70.675758, 9.809468 ], [ -70.675255, 9.809661 ], [ -70.674248, 9.810217 ], [ -70.673767, 9.810500 ], [ -70.673287, 9.810809 ], [ -70.672737, 9.811102 ], [ -70.672165, 9.811439 ], [ -70.671646, 9.811794 ], [ -70.671234, 9.812103 ], [ -70.670776, 9.812476 ], [ -70.670212, 9.812977 ], [ -70.669395, 9.813731 ], [ -70.669037, 9.814202 ], [ -70.668678, 9.814738 ], [ -70.668007, 9.815655 ], [ -70.667717, 9.816134 ], [ -70.667068, 9.817142 ], [ -70.666802, 9.817658 ], [ -70.666534, 9.818148 ], [ -70.666313, 9.818610 ], [ -70.666100, 9.819144 ], [ -70.665932, 9.819787 ], [ -70.665726, 9.820873 ], [ -70.665504, 9.821543 ], [ -70.665299, 9.822475 ], [ -70.665245, 9.823028 ], [ -70.665207, 9.823272 ], [ -70.665062, 9.824159 ], [ -70.665031, 9.824728 ], [ -70.665047, 9.825307 ], [ -70.665085, 9.825876 ], [ -70.665169, 9.826472 ], [ -70.665421, 9.827529 ], [ -70.665848, 9.828621 ], [ -70.666023, 9.829117 ], [ -70.666222, 9.829640 ], [ -70.666397, 9.830236 ], [ -70.666557, 9.830623 ], [ -70.666794, 9.831238 ], [ -70.667015, 9.831761 ], [ -70.667503, 9.832780 ], [ -70.667748, 9.833358 ], [ -70.668305, 9.834440 ], [ -70.668594, 9.834945 ], [ -70.668884, 9.835413 ], [ -70.669159, 9.836036 ], [ -70.669380, 9.836622 ], [ -70.669579, 9.837101 ], [ -70.669800, 9.837760 ], [ -70.669930, 9.838284 ], [ -70.670036, 9.838834 ], [ -70.670120, 9.839476 ], [ -70.670105, 9.840723 ], [ -70.670052, 9.841249 ], [ -70.669868, 9.842406 ], [ -70.669815, 9.842931 ], [ -70.669739, 9.843510 ], [ -70.669601, 9.844758 ], [ -70.669594, 9.845373 ], [ -70.669632, 9.845969 ], [ -70.669785, 9.846520 ], [ -70.670006, 9.847044 ], [ -70.670563, 9.848000 ], [ -70.670906, 9.848495 ], [ -70.671242, 9.849017 ], [ -70.671890, 9.849991 ], [ -70.672294, 9.850486 ], [ -70.672676, 9.850909 ], [ -70.673058, 9.851449 ], [ -70.673378, 9.851927 ], [ -70.673760, 9.852449 ], [ -70.674072, 9.852855 ], [ -70.674431, 9.853377 ], [ -70.674835, 9.853918 ], [ -70.675461, 9.854801 ], [ -70.675820, 9.855269 ], [ -70.676132, 9.855720 ], [ -70.676475, 9.856242 ], [ -70.676743, 9.856720 ], [ -70.677437, 9.857901 ], [ -70.678002, 9.859010 ], [ -70.678314, 9.859551 ], [ -70.678612, 9.860191 ], [ -70.678719, 9.860743 ], [ -70.678726, 9.861312 ], [ -70.678719, 9.861909 ], [ -70.678734, 9.862460 ], [ -70.678818, 9.863056 ], [ -70.678978, 9.863725 ], [ -70.679176, 9.864384 ], [ -70.679375, 9.864880 ], [ -70.679863, 9.865818 ], [ -70.680130, 9.866359 ], [ -70.680420, 9.866855 ], [ -70.680733, 9.867359 ], [ -70.681091, 9.867873 ], [ -70.681404, 9.868287 ], [ -70.682106, 9.869251 ], [ -70.682487, 9.869756 ], [ -70.683571, 9.871360 ], [ -70.683907, 9.871810 ], [ -70.684242, 9.872233 ], [ -70.684601, 9.872638 ], [ -70.685341, 9.873592 ], [ -70.685654, 9.874062 ], [ -70.686394, 9.874970 ], [ -70.686752, 9.875439 ], [ -70.687065, 9.875935 ], [ -70.687446, 9.876411 ], [ -70.687828, 9.876843 ], [ -70.688255, 9.877194 ], [ -70.688728, 9.877508 ], [ -70.689697, 9.878200 ], [ -70.690148, 9.878577 ], [ -70.690621, 9.878955 ], [ -70.691116, 9.879377 ], [ -70.692398, 9.880663 ], [ -70.692833, 9.881176 ], [ -70.693260, 9.881654 ], [ -70.693596, 9.882076 ], [ -70.694023, 9.882572 ], [ -70.694763, 9.883364 ], [ -70.695244, 9.883949 ], [ -70.695549, 9.884355 ], [ -70.696320, 9.885300 ], [ -70.696610, 9.885750 ], [ -70.696945, 9.886228 ], [ -70.697029, 9.886444 ], [ -70.697136, 9.886973 ], [ -70.697205, 9.887302 ], [ -70.697143, 9.887836 ], [ -70.696930, 9.888361 ], [ -70.696587, 9.888833 ], [ -70.696205, 9.889305 ], [ -70.695824, 9.889705 ], [ -70.695351, 9.890150 ], [ -70.694939, 9.890460 ], [ -70.693909, 9.891125 ], [ -70.693367, 9.891489 ], [ -70.692818, 9.891890 ], [ -70.691933, 9.892572 ], [ -70.691475, 9.892909 ], [ -70.691093, 9.893264 ], [ -70.690369, 9.894154 ], [ -70.690010, 9.894580 ], [ -70.689606, 9.895025 ], [ -70.689247, 9.895515 ], [ -70.688820, 9.896032 ], [ -70.688164, 9.896922 ], [ -70.687851, 9.897457 ], [ -70.687324, 9.898571 ], [ -70.687103, 9.899079 ], [ -70.686913, 9.899595 ], [ -70.686760, 9.900121 ], [ -70.686661, 9.900654 ], [ -70.686500, 9.901785 ], [ -70.686386, 9.902799 ], [ -70.686310, 9.903378 ], [ -70.686272, 9.903902 ], [ -70.686302, 9.905005 ], [ -70.686386, 9.905582 ], [ -70.686493, 9.906152 ], [ -70.686600, 9.906820 ], [ -70.686966, 9.908464 ], [ -70.687340, 9.910433 ], [ -70.687355, 9.910984 ], [ -70.687416, 9.911689 ], [ -70.687675, 9.913613 ], [ -70.687691, 9.914147 ], [ -70.687797, 9.914806 ], [ -70.687859, 9.915384 ], [ -70.687897, 9.915981 ], [ -70.688003, 9.916668 ], [ -70.688065, 9.917264 ], [ -70.688194, 9.917761 ], [ -70.688370, 9.918339 ], [ -70.688568, 9.918925 ], [ -70.689041, 9.919971 ], [ -70.689240, 9.920477 ], [ -70.689484, 9.920973 ], [ -70.689720, 9.921424 ], [ -70.690063, 9.921928 ], [ -70.690468, 9.922468 ], [ -70.690880, 9.923054 ], [ -70.691841, 9.924595 ], [ -70.692085, 9.925074 ], [ -70.692261, 9.925596 ], [ -70.692299, 9.926193 ], [ -70.692223, 9.926727 ], [ -70.692070, 9.927324 ], [ -70.691704, 9.928438 ], [ -70.691277, 9.929688 ], [ -70.691032, 9.930340 ], [ -70.690781, 9.931426 ], [ -70.690628, 9.932648 ], [ -70.690621, 9.933217 ], [ -70.690704, 9.933796 ], [ -70.690834, 9.934364 ], [ -70.690987, 9.934888 ], [ -70.691162, 9.935411 ], [ -70.691360, 9.935980 ], [ -70.691582, 9.936576 ], [ -70.691734, 9.937081 ], [ -70.692017, 9.938129 ], [ -70.692169, 9.938769 ], [ -70.692276, 9.939384 ], [ -70.692314, 9.939935 ], [ -70.692146, 9.940470 ], [ -70.691833, 9.940987 ], [ -70.691589, 9.941466 ], [ -70.691277, 9.941957 ], [ -70.690964, 9.942518 ], [ -70.690720, 9.943035 ], [ -70.690575, 9.943660 ], [ -70.690498, 9.944166 ], [ -70.690506, 9.944691 ], [ -70.690750, 9.945901 ], [ -70.690903, 9.946451 ], [ -70.691124, 9.947020 ], [ -70.691322, 9.947616 ], [ -70.691604, 9.948798 ], [ -70.691643, 9.949377 ], [ -70.691589, 9.949929 ], [ -70.691414, 9.950436 ], [ -70.691178, 9.951061 ], [ -70.690887, 9.951532 ], [ -70.690575, 9.951950 ], [ -70.690208, 9.952332 ], [ -70.689468, 9.953294 ], [ -70.689110, 9.953784 ], [ -70.688797, 9.954247 ], [ -70.688438, 9.954673 ], [ -70.687668, 9.955473 ], [ -70.687241, 9.955845 ], [ -70.686737, 9.956300 ], [ -70.686256, 9.956655 ], [ -70.685280, 9.957347 ], [ -70.684685, 9.957721 ], [ -70.683197, 9.958469 ], [ -70.682648, 9.958761 ], [ -70.681572, 9.959382 ], [ -70.680984, 9.959909 ], [ -70.680626, 9.960399 ], [ -70.680313, 9.960979 ], [ -70.680168, 9.961558 ], [ -70.680046, 9.962274 ], [ -70.680122, 9.962779 ], [ -70.680382, 9.963827 ], [ -70.680565, 9.964422 ], [ -70.680786, 9.965055 ], [ -70.680939, 9.965632 ], [ -70.681114, 9.966128 ], [ -70.681290, 9.966724 ], [ -70.681351, 9.967348 ], [ -70.681343, 9.967873 ], [ -70.681358, 9.968541 ], [ -70.681351, 9.969156 ], [ -70.681206, 9.969690 ], [ -70.680939, 9.970161 ], [ -70.680595, 9.970579 ], [ -70.680260, 9.971096 ], [ -70.680000, 9.971585 ], [ -70.679535, 9.972628 ], [ -70.679390, 9.973162 ], [ -70.679214, 9.973714 ], [ -70.678772, 9.975425 ], [ -70.678665, 9.976005 ], [ -70.678558, 9.977270 ], [ -70.678551, 9.977822 ], [ -70.678490, 9.979061 ], [ -70.678482, 9.979667 ], [ -70.678497, 9.980282 ], [ -70.678558, 9.980905 ], [ -70.678589, 9.982188 ], [ -70.678673, 9.982739 ], [ -70.678818, 9.983905 ], [ -70.678948, 9.984474 ], [ -70.679146, 9.985052 ], [ -70.679436, 9.985565 ], [ -70.679947, 9.986522 ], [ -70.680222, 9.987071 ], [ -70.680489, 9.987567 ], [ -70.680733, 9.988091 ], [ -70.681068, 9.988586 ], [ -70.681267, 9.989109 ], [ -70.681442, 9.989678 ], [ -70.681618, 9.990184 ], [ -70.681725, 9.990707 ], [ -70.681755, 9.991900 ], [ -70.681717, 9.992435 ], [ -70.681709, 9.993031 ], [ -70.681679, 9.993673 ], [ -70.681694, 9.994342 ], [ -70.681603, 9.996115 ], [ -70.681503, 9.996694 ], [ -70.681351, 9.997264 ], [ -70.681053, 9.998305 ], [ -70.680908, 9.998866 ], [ -70.680649, 9.999970 ], [ -70.680580, 10.000630 ], [ -70.680222, 10.001102 ], [ -70.679794, 10.001530 ], [ -70.679314, 10.001858 ], [ -70.678787, 10.002194 ], [ -70.678383, 10.002567 ], [ -70.677330, 10.003332 ], [ -70.676826, 10.003615 ], [ -70.676277, 10.003952 ], [ -70.674583, 10.004892 ], [ -70.673607, 10.005466 ], [ -70.672577, 10.006222 ], [ -70.672127, 10.006604 ], [ -70.671669, 10.007076 ], [ -70.671379, 10.007521 ], [ -70.671074, 10.008164 ], [ -70.670830, 10.008726 ], [ -70.670563, 10.009261 ], [ -70.670181, 10.009705 ], [ -70.669708, 10.010106 ], [ -70.669212, 10.010624 ], [ -70.668800, 10.011141 ], [ -70.668465, 10.011631 ], [ -70.668221, 10.012094 ], [ -70.667885, 10.012520 ], [ -70.667457, 10.012938 ], [ -70.667046, 10.013292 ], [ -70.666618, 10.013810 ], [ -70.666329, 10.014282 ], [ -70.666046, 10.014862 ], [ -70.665779, 10.015442 ], [ -70.665512, 10.015949 ], [ -70.665108, 10.016512 ], [ -70.664772, 10.016912 ], [ -70.664406, 10.017284 ], [ -70.663956, 10.017593 ], [ -70.663429, 10.017913 ], [ -70.662811, 10.018223 ], [ -70.662331, 10.018488 ], [ -70.661758, 10.018826 ], [ -70.661186, 10.019226 ], [ -70.660141, 10.020054 ], [ -70.659210, 10.020854 ], [ -70.658188, 10.021827 ], [ -70.655716, 10.023972 ], [ -70.655235, 10.024264 ], [ -70.654800, 10.024573 ], [ -70.654251, 10.024902 ], [ -70.653793, 10.025239 ], [ -70.652771, 10.026085 ], [ -70.651322, 10.027548 ], [ -70.650871, 10.027947 ], [ -70.649941, 10.028802 ], [ -70.649010, 10.029620 ], [ -70.648170, 10.030429 ], [ -70.647743, 10.030965 ], [ -70.647293, 10.031572 ], [ -70.646957, 10.032089 ], [ -70.646675, 10.032642 ], [ -70.646408, 10.033204 ], [ -70.646118, 10.033757 ], [ -70.645515, 10.034718 ], [ -70.644798, 10.035699 ], [ -70.644371, 10.036216 ], [ -70.643623, 10.036970 ], [ -70.643150, 10.037371 ], [ -70.642715, 10.037752 ], [ -70.642403, 10.038260 ], [ -70.642090, 10.038794 ], [ -70.641876, 10.039402 ], [ -70.641655, 10.039982 ], [ -70.641152, 10.041186 ], [ -70.640816, 10.041749 ], [ -70.640411, 10.042311 ], [ -70.639938, 10.042820 ], [ -70.639511, 10.043157 ], [ -70.638939, 10.043448 ], [ -70.638596, 10.043568 ], [ -70.638290, 10.043685 ], [ -70.637756, 10.043852 ], [ -70.637116, 10.043937 ], [ -70.636459, 10.043931 ], [ -70.635834, 10.043943 ], [ -70.635239, 10.044027 ], [ -70.634727, 10.044174 ], [ -70.634224, 10.044367 ], [ -70.633644, 10.044289 ], [ -70.633148, 10.043957 ], [ -70.632675, 10.043606 ], [ -70.632149, 10.043157 ], [ -70.631363, 10.042365 ], [ -70.630844, 10.041897 ], [ -70.630249, 10.041430 ], [ -70.629761, 10.041116 ], [ -70.629333, 10.040811 ], [ -70.628998, 10.040379 ], [ -70.628372, 10.039405 ], [ -70.627647, 10.038432 ], [ -70.627312, 10.038027 ], [ -70.626839, 10.037604 ], [ -70.625961, 10.036913 ], [ -70.625000, 10.036311 ], [ -70.624596, 10.035979 ], [ -70.624306, 10.035429 ], [ -70.624130, 10.034861 ], [ -70.623787, 10.034247 ], [ -70.623360, 10.033779 ], [ -70.622955, 10.033420 ], [ -70.621849, 10.032665 ], [ -70.621262, 10.032351 ], [ -70.620743, 10.032020 ], [ -70.620247, 10.031688 ], [ -70.619797, 10.031283 ], [ -70.618820, 10.030437 ], [ -70.618279, 10.030006 ], [ -70.617783, 10.029630 ], [ -70.617241, 10.029234 ], [ -70.616135, 10.028516 ], [ -70.615578, 10.028555 ], [ -70.614540, 10.028967 ], [ -70.614044, 10.028635 ], [ -70.613823, 10.028093 ], [ -70.613510, 10.027571 ], [ -70.613266, 10.027020 ], [ -70.613068, 10.026497 ], [ -70.612770, 10.025929 ], [ -70.612434, 10.025505 ], [ -70.611381, 10.025023 ], [ -70.610886, 10.024691 ], [ -70.610458, 10.024376 ], [ -70.609970, 10.024071 ], [ -70.609444, 10.023666 ], [ -70.608993, 10.023190 ], [ -70.608017, 10.022317 ], [ -70.607658, 10.021731 ], [ -70.607384, 10.021028 ], [ -70.607254, 10.020450 ], [ -70.607101, 10.019880 ], [ -70.606972, 10.019312 ], [ -70.606934, 10.018761 ], [ -70.607048, 10.017657 ], [ -70.607079, 10.016020 ], [ -70.607178, 10.015469 ], [ -70.607330, 10.014889 ], [ -70.607430, 10.014292 ], [ -70.607849, 10.012508 ], [ -70.607971, 10.011911 ], [ -70.608055, 10.011377 ], [ -70.608109, 10.010843 ], [ -70.608025, 10.010157 ], [ -70.607841, 10.009425 ], [ -70.607643, 10.008884 ], [ -70.607353, 10.008407 ], [ -70.606972, 10.007957 ], [ -70.606613, 10.007569 ], [ -70.606140, 10.007236 ], [ -70.605713, 10.006814 ], [ -70.605332, 10.006409 ], [ -70.604927, 10.005869 ], [ -70.604683, 10.005363 ], [ -70.604576, 10.004812 ], [ -70.604225, 10.003702 ], [ -70.603912, 10.002375 ], [ -70.603645, 10.001806 ], [ -70.603325, 10.001302 ], [ -70.603058, 10.000733 ], [ -70.602211, 9.999845 ], [ -70.601570, 9.999475 ], [ -70.601151, 9.999187 ], [ -70.600654, 9.998900 ], [ -70.600067, 9.998704 ], [ -70.599419, 9.998653 ], [ -70.598839, 9.998620 ], [ -70.598282, 9.998569 ], [ -70.597725, 9.998534 ], [ -70.597138, 9.998456 ], [ -70.596581, 9.998287 ], [ -70.596039, 9.998045 ], [ -70.595566, 9.997668 ], [ -70.595184, 9.997172 ], [ -70.594627, 9.996217 ], [ -70.594406, 9.995739 ], [ -70.594078, 9.994529 ], [ -70.593925, 9.993933 ], [ -70.593742, 9.993319 ], [ -70.593567, 9.992660 ], [ -70.593353, 9.991603 ], [ -70.593178, 9.990962 ], [ -70.593094, 9.990393 ], [ -70.592957, 9.989679 ], [ -70.592697, 9.988469 ], [ -70.592491, 9.987764 ], [ -70.592232, 9.986572 ], [ -70.592148, 9.985976 ], [ -70.591934, 9.984883 ], [ -70.591583, 9.983628 ], [ -70.591408, 9.983077 ], [ -70.591209, 9.982509 ], [ -70.590981, 9.981940 ], [ -70.590759, 9.981326 ], [ -70.590538, 9.980804 ], [ -70.590317, 9.980226 ], [ -70.590088, 9.979567 ], [ -70.589714, 9.978384 ], [ -70.589539, 9.977879 ], [ -70.589317, 9.977401 ], [ -70.589096, 9.976877 ], [ -70.588921, 9.976380 ], [ -70.588699, 9.975830 ], [ -70.588409, 9.975199 ], [ -70.588203, 9.974576 ], [ -70.588028, 9.974079 ], [ -70.587876, 9.973529 ], [ -70.587715, 9.973060 ], [ -70.587525, 9.972409 ], [ -70.587395, 9.971886 ], [ -70.587311, 9.971316 ], [ -70.587273, 9.970674 ], [ -70.587257, 9.970005 ], [ -70.587280, 9.968875 ], [ -70.587356, 9.968278 ], [ -70.587563, 9.967129 ], [ -70.587829, 9.965970 ], [ -70.588058, 9.964748 ], [ -70.588158, 9.964079 ], [ -70.588211, 9.963482 ], [ -70.588196, 9.962949 ], [ -70.588066, 9.962308 ], [ -70.587532, 9.960457 ], [ -70.587356, 9.959915 ], [ -70.587135, 9.959365 ], [ -70.586868, 9.958887 ], [ -70.586555, 9.958463 ], [ -70.586250, 9.958057 ], [ -70.585869, 9.957653 ], [ -70.585396, 9.957266 ], [ -70.583320, 9.955965 ], [ -70.582825, 9.955741 ], [ -70.582290, 9.955527 ], [ -70.581657, 9.955359 ], [ -70.580963, 9.955235 ], [ -70.580429, 9.955183 ], [ -70.579285, 9.954981 ], [ -70.578774, 9.954902 ], [ -70.578217, 9.954868 ], [ -70.577682, 9.954880 ], [ -70.577057, 9.954937 ], [ -70.575852, 9.955105 ], [ -70.574768, 9.955273 ], [ -70.574211, 9.955330 ], [ -70.573708, 9.955414 ], [ -70.572319, 9.955556 ], [ -70.571762, 9.955640 ], [ -70.571091, 9.955797 ], [ -70.570587, 9.955971 ], [ -70.570129, 9.956208 ], [ -70.569512, 9.956500 ], [ -70.568985, 9.956719 ], [ -70.568313, 9.956913 ], [ -70.567833, 9.957114 ], [ -70.567169, 9.957335 ], [ -70.566544, 9.957554 ], [ -70.566017, 9.957755 ], [ -70.565414, 9.957903 ], [ -70.564888, 9.958059 ], [ -70.563713, 9.958336 ], [ -70.562881, 9.958521 ], [ -70.561493, 9.958798 ], [ -70.560738, 9.958982 ], [ -70.559601, 9.959196 ], [ -70.559097, 9.959315 ], [ -70.558037, 9.959483 ], [ -70.557366, 9.959496 ], [ -70.556786, 9.959489 ], [ -70.556244, 9.959338 ], [ -70.555733, 9.959168 ], [ -70.555214, 9.958927 ], [ -70.554741, 9.958685 ], [ -70.554199, 9.958335 ], [ -70.553803, 9.957948 ], [ -70.553085, 9.957047 ], [ -70.552414, 9.956237 ], [ -70.552056, 9.955831 ], [ -70.551697, 9.955444 ], [ -70.551224, 9.955022 ], [ -70.550774, 9.954717 ], [ -70.550346, 9.954402 ], [ -70.549271, 9.953738 ], [ -70.548607, 9.953433 ], [ -70.548050, 9.953210 ], [ -70.547485, 9.953023 ], [ -70.546761, 9.952764 ], [ -70.546173, 9.952522 ], [ -70.545685, 9.952209 ], [ -70.545113, 9.951786 ], [ -70.544640, 9.951318 ], [ -70.544258, 9.950750 ], [ -70.543961, 9.950254 ], [ -70.543602, 9.949759 ], [ -70.543289, 9.949281 ], [ -70.542862, 9.948786 ], [ -70.542458, 9.948336 ], [ -70.542053, 9.947904 ], [ -70.541077, 9.946985 ], [ -70.540649, 9.946563 ], [ -70.540199, 9.946022 ], [ -70.539627, 9.945456 ], [ -70.539268, 9.945050 ], [ -70.538910, 9.944554 ], [ -70.538208, 9.943518 ], [ -70.537964, 9.943012 ], [ -70.537483, 9.942111 ], [ -70.537033, 9.940928 ], [ -70.536613, 9.939718 ], [ -70.536507, 9.939140 ], [ -70.536446, 9.938526 ], [ -70.536476, 9.937947 ], [ -70.536484, 9.937215 ], [ -70.536560, 9.936681 ], [ -70.536713, 9.936174 ], [ -70.536858, 9.935595 ], [ -70.537224, 9.934418 ], [ -70.537689, 9.933412 ], [ -70.537888, 9.932950 ], [ -70.538529, 9.931763 ], [ -70.538796, 9.931318 ], [ -70.539040, 9.930811 ], [ -70.539231, 9.930249 ], [ -70.539551, 9.929145 ], [ -70.539803, 9.927914 ], [ -70.539856, 9.927344 ], [ -70.539871, 9.925916 ], [ -70.539681, 9.923901 ], [ -70.539597, 9.923376 ], [ -70.539490, 9.922752 ], [ -70.539337, 9.922229 ], [ -70.539207, 9.921660 ], [ -70.539055, 9.921137 ], [ -70.538368, 9.919584 ], [ -70.538101, 9.919016 ], [ -70.537903, 9.918474 ], [ -70.537728, 9.917924 ], [ -70.537552, 9.917419 ], [ -70.536911, 9.915757 ], [ -70.536735, 9.915189 ], [ -70.536514, 9.914593 ], [ -70.536285, 9.914006 ], [ -70.536087, 9.913528 ], [ -70.535866, 9.913023 ], [ -70.535645, 9.912455 ], [ -70.535545, 9.912238 ], [ -70.535377, 9.911868 ], [ -70.535133, 9.911389 ], [ -70.534866, 9.910839 ], [ -70.534195, 9.909821 ], [ -70.533501, 9.908965 ], [ -70.533142, 9.908560 ], [ -70.531967, 9.907119 ], [ -70.531494, 9.906596 ], [ -70.531159, 9.906173 ], [ -70.530777, 9.905723 ], [ -70.530281, 9.905318 ], [ -70.529785, 9.904985 ], [ -70.528816, 9.904367 ], [ -70.528351, 9.904078 ], [ -70.527855, 9.903810 ], [ -70.527313, 9.903478 ], [ -70.526794, 9.903263 ], [ -70.525764, 9.902761 ], [ -70.525177, 9.902430 ], [ -70.524727, 9.902070 ], [ -70.524277, 9.901755 ], [ -70.523895, 9.901333 ], [ -70.523605, 9.900809 ], [ -70.523384, 9.900331 ], [ -70.523094, 9.899790 ], [ -70.522713, 9.899222 ], [ -70.521972, 9.898249 ], [ -70.521568, 9.897844 ], [ -70.521095, 9.897584 ], [ -70.520508, 9.897325 ], [ -70.519402, 9.896750 ], [ -70.518822, 9.896509 ], [ -70.518234, 9.896359 ], [ -70.517227, 9.895946 ], [ -70.516708, 9.895659 ], [ -70.516289, 9.895354 ], [ -70.515907, 9.894922 ], [ -70.515526, 9.894544 ], [ -70.515190, 9.893976 ], [ -70.514740, 9.892902 ], [ -70.514564, 9.892333 ], [ -70.514313, 9.891304 ], [ -70.513771, 9.890103 ], [ -70.513435, 9.889535 ], [ -70.513077, 9.889085 ], [ -70.512741, 9.888607 ], [ -70.512360, 9.888248 ], [ -70.511864, 9.887915 ], [ -70.511436, 9.887583 ], [ -70.510971, 9.887341 ], [ -70.510384, 9.887144 ], [ -70.509804, 9.886975 ], [ -70.509079, 9.886788 ], [ -70.508469, 9.886683 ], [ -70.507355, 9.886507 ], [ -70.506821, 9.886382 ], [ -70.506302, 9.886186 ], [ -70.505737, 9.885944 ], [ -70.504753, 9.885443 ], [ -70.504280, 9.885083 ], [ -70.503876, 9.884723 ], [ -70.503364, 9.884391 ], [ -70.502800, 9.884176 ], [ -70.502266, 9.884025 ], [ -70.501656, 9.883946 ], [ -70.500984, 9.883940 ], [ -70.500405, 9.883979 ], [ -70.500023, 9.884108 ], [ -70.498810, 9.885252 ], [ -70.498238, 9.885833 ], [ -70.497643, 9.886324 ], [ -70.497284, 9.886904 ], [ -70.496994, 9.887711 ], [ -70.496750, 9.888616 ], [ -70.496429, 9.889946 ], [ -70.496178, 9.890526 ], [ -70.495865, 9.891151 ], [ -70.495361, 9.891732 ], [ -70.494888, 9.892150 ], [ -70.494247, 9.892623 ], [ -70.493576, 9.893087 ], [ -70.492935, 9.893605 ], [ -70.492294, 9.894096 ], [ -70.491608, 9.894497 ], [ -70.491012, 9.894871 ], [ -70.490463, 9.895334 ], [ -70.489983, 9.895870 ], [ -70.489479, 9.896315 ], [ -70.488907, 9.896625 ], [ -70.488258, 9.896772 ], [ -70.487587, 9.896549 ], [ -70.486954, 9.896146 ], [ -70.486412, 9.895506 ], [ -70.486145, 9.894847 ], [ -70.486023, 9.894205 ], [ -70.485924, 9.893500 ], [ -70.485603, 9.892671 ], [ -70.485115, 9.892175 ], [ -70.484482, 9.891771 ], [ -70.483894, 9.891367 ], [ -70.483497, 9.890844 ], [ -70.483368, 9.890112 ], [ -70.483337, 9.889425 ], [ -70.483253, 9.888711 ], [ -70.483124, 9.887935 ], [ -70.483071, 9.887220 ], [ -70.483315, 9.886505 ], [ -70.484199, 9.885281 ], [ -70.484467, 9.884628 ], [ -70.484665, 9.883750 ], [ -70.484795, 9.883108 ], [ -70.485039, 9.882420 ], [ -70.485275, 9.881659 ], [ -70.485199, 9.881018 ], [ -70.484772, 9.880449 ], [ -70.484283, 9.879946 ], [ -70.484016, 9.879305 ], [ -70.483795, 9.878664 ], [ -70.483330, 9.878123 ], [ -70.482720, 9.877737 ], [ -70.482063, 9.877478 ], [ -70.481277, 9.877463 ], [ -70.480560, 9.877313 ], [ -70.479843, 9.877235 ], [ -70.479195, 9.877219 ], [ -70.478538, 9.877159 ], [ -70.477844, 9.877008 ], [ -70.477119, 9.876767 ], [ -70.476425, 9.876616 ], [ -70.475822, 9.876393 ], [ -70.475121, 9.875989 ], [ -70.473358, 9.874568 ], [ -70.472023, 9.873598 ], [ -70.471466, 9.873239 ], [ -70.470833, 9.872925 ], [ -70.470207, 9.872774 ], [ -70.469536, 9.872505 ], [ -70.468506, 9.871741 ], [ -70.467850, 9.871338 ], [ -70.467171, 9.871141 ], [ -70.466293, 9.871218 ], [ -70.465530, 9.871366 ], [ -70.464798, 9.871568 ], [ -70.464058, 9.871806 ], [ -70.463486, 9.872088 ], [ -70.462410, 9.873342 ], [ -70.461563, 9.873634 ], [ -70.460869, 9.873827 ], [ -70.460129, 9.874128 ], [ -70.459556, 9.874557 ], [ -70.459106, 9.875065 ], [ -70.458580, 9.875600 ], [ -70.458145, 9.876090 ], [ -70.457710, 9.876598 ], [ -70.457535, 9.877223 ], [ -70.457458, 9.877892 ], [ -70.457397, 9.878607 ], [ -70.457153, 9.879178 ], [ -70.456695, 9.879695 ], [ -70.455978, 9.879979 ], [ -70.455406, 9.880334 ], [ -70.454857, 9.880824 ], [ -70.454407, 9.881378 ], [ -70.454040, 9.881958 ], [ -70.453201, 9.883137 ], [ -70.452751, 9.883699 ], [ -70.452339, 9.884235 ], [ -70.451835, 9.884726 ], [ -70.451218, 9.885009 ], [ -70.450523, 9.885174 ], [ -70.449791, 9.885412 ], [ -70.449211, 9.885839 ], [ -70.448547, 9.885942 ], [ -70.447914, 9.885791 ], [ -70.447334, 9.885477 ], [ -70.446793, 9.885136 ], [ -70.446144, 9.884759 ], [ -70.445465, 9.884445 ], [ -70.444809, 9.884042 ], [ -70.444290, 9.883474 ], [ -70.443680, 9.882907 ], [ -70.443123, 9.882593 ], [ -70.442444, 9.882352 ], [ -70.441795, 9.882218 ], [ -70.440727, 9.881844 ], [ -70.440048, 9.881557 ], [ -70.439331, 9.881289 ], [ -70.438584, 9.881075 ], [ -70.437790, 9.880925 ], [ -70.437141, 9.880864 ], [ -70.436432, 9.881147 ], [ -70.435760, 9.881458 ], [ -70.435005, 9.881832 ], [ -70.434387, 9.882233 ], [ -70.433724, 9.882633 ], [ -70.433029, 9.882961 ], [ -70.432312, 9.883109 ], [ -70.431648, 9.883302 ], [ -70.431069, 9.883567 ], [ -70.430428, 9.883922 ], [ -70.429787, 9.884340 ], [ -70.429260, 9.884741 ], [ -70.428665, 9.885069 ], [ -70.428017, 9.885352 ], [ -70.427536, 9.885778 ], [ -70.427109, 9.886333 ], [ -70.426582, 9.886841 ], [ -70.425987, 9.887332 ], [ -70.425438, 9.887895 ], [ -70.425033, 9.888593 ], [ -70.424690, 9.889145 ], [ -70.424400, 9.889789 ], [ -70.424156, 9.890459 ], [ -70.423912, 9.891084 ], [ -70.423569, 9.891619 ], [ -70.423325, 9.892217 ], [ -70.422920, 9.892869 ], [ -70.422531, 9.893404 ], [ -70.422104, 9.894138 ], [ -70.421791, 9.895017 ], [ -70.421616, 9.895659 ], [ -70.421440, 9.896401 ], [ -70.421265, 9.897072 ], [ -70.421043, 9.897787 ], [ -70.420509, 9.899218 ], [ -70.419663, 9.901038 ], [ -70.419167, 9.902062 ], [ -70.418869, 9.902616 ], [ -70.418533, 9.903195 ], [ -70.418175, 9.903930 ], [ -70.417816, 9.904699 ], [ -70.417435, 9.905642 ], [ -70.417191, 9.906474 ], [ -70.417038, 9.907099 ], [ -70.416733, 9.907995 ], [ -70.416435, 9.908666 ], [ -70.416122, 9.909219 ], [ -70.415619, 9.909871 ], [ -70.415070, 9.910362 ], [ -70.414474, 9.910717 ], [ -70.413208, 9.911211 ], [ -70.412468, 9.911386 ], [ -70.411735, 9.911461 ], [ -70.410896, 9.911410 ], [ -70.410202, 9.911233 ], [ -70.409592, 9.911009 ], [ -70.408966, 9.910677 ], [ -70.408356, 9.910291 ], [ -70.407768, 9.909886 ], [ -70.407226, 9.909365 ], [ -70.406128, 9.908347 ], [ -70.405655, 9.907806 ], [ -70.405159, 9.907285 ], [ -70.404594, 9.906717 ], [ -70.404015, 9.906267 ], [ -70.403290, 9.905936 ], [ -70.402550, 9.905966 ], [ -70.401764, 9.906069 ], [ -70.401138, 9.906234 ], [ -70.400543, 9.906544 ], [ -70.399734, 9.906737 ], [ -70.398972, 9.906822 ], [ -70.397423, 9.906819 ], [ -70.396752, 9.906831 ], [ -70.395844, 9.906889 ], [ -70.394943, 9.907038 ], [ -70.394203, 9.907140 ], [ -70.393417, 9.907125 ], [ -70.392792, 9.907020 ], [ -70.392143, 9.906940 ], [ -70.390724, 9.906585 ], [ -70.390045, 9.906434 ], [ -70.389351, 9.906383 ], [ -70.388519, 9.906296 ], [ -70.387794, 9.906127 ], [ -70.387032, 9.905931 ], [ -70.386314, 9.905826 ], [ -70.385635, 9.905783 ], [ -70.384987, 9.905795 ], [ -70.384201, 9.905780 ], [ -70.383347, 9.905892 ], [ -70.382698, 9.906031 ], [ -70.382034, 9.906159 ], [ -70.380623, 9.906473 ], [ -70.379906, 9.906602 ], [ -70.379288, 9.906795 ], [ -70.378410, 9.907124 ], [ -70.377831, 9.907389 ], [ -70.376679, 9.907728 ], [ -70.376015, 9.908010 ], [ -70.375160, 9.908295 ], [ -70.374306, 9.908606 ], [ -70.373390, 9.908916 ], [ -70.372719, 9.909155 ], [ -70.372070, 9.909419 ], [ -70.370712, 9.909804 ], [ -70.370087, 9.909952 ], [ -70.369469, 9.910117 ], [ -70.368111, 9.910602 ], [ -70.367439, 9.910794 ], [ -70.366676, 9.911123 ], [ -70.365845, 9.911162 ], [ -70.365242, 9.911147 ], [ -70.364479, 9.911087 ], [ -70.363243, 9.910694 ], [ -70.362473, 9.910336 ], [ -70.361847, 9.910067 ], [ -70.361214, 9.909780 ], [ -70.360588, 9.909556 ], [ -70.359894, 9.909333 ], [ -70.359177, 9.909418 ], [ -70.358505, 9.909565 ], [ -70.357765, 9.909505 ], [ -70.357132, 9.909281 ], [ -70.356552, 9.908967 ], [ -70.356010, 9.908608 ], [ -70.355469, 9.908085 ], [ -70.355095, 9.907689 ], [ -70.354507, 9.907023 ], [ -70.354103, 9.906382 ], [ -70.353813, 9.905696 ], [ -70.353668, 9.905082 ], [ -70.353539, 9.904323 ], [ -70.352791, 9.902382 ], [ -70.352493, 9.901081 ], [ -70.352371, 9.900457 ], [ -70.352364, 9.899743 ], [ -70.352379, 9.899101 ], [ -70.352364, 9.898458 ], [ -70.352074, 9.897592 ], [ -70.351440, 9.897025 ], [ -70.350815, 9.896738 ], [ -70.350250, 9.896424 ], [ -70.349716, 9.896083 ], [ -70.349152, 9.895633 ], [ -70.348747, 9.895137 ], [ -70.348396, 9.894614 ], [ -70.347938, 9.893747 ], [ -70.347595, 9.892375 ], [ -70.347496, 9.891733 ], [ -70.347229, 9.891137 ], [ -70.346756, 9.890434 ], [ -70.346260, 9.889794 ], [ -70.345795, 9.889343 ], [ -70.345184, 9.888659 ], [ -70.344780, 9.888164 ], [ -70.344429, 9.887640 ], [ -70.344002, 9.887162 ], [ -70.343101, 9.885909 ], [ -70.342766, 9.885269 ], [ -70.342361, 9.884312 ], [ -70.342056, 9.883761 ], [ -70.341744, 9.882967 ], [ -70.341522, 9.882280 ], [ -70.341187, 9.881550 ], [ -70.340828, 9.880864 ], [ -70.340584, 9.880205 ], [ -70.340370, 9.879474 ], [ -70.340195, 9.878759 ], [ -70.340050, 9.878028 ], [ -70.339523, 9.875715 ], [ -70.339356, 9.875055 ], [ -70.339203, 9.874342 ], [ -70.339165, 9.873375 ], [ -70.339180, 9.872643 ], [ -70.339172, 9.871882 ], [ -70.339065, 9.871268 ], [ -70.338661, 9.870609 ], [ -70.337959, 9.869907 ], [ -70.337303, 9.869457 ], [ -70.336227, 9.868639 ], [ -70.335686, 9.868171 ], [ -70.335007, 9.867649 ], [ -70.334465, 9.867172 ], [ -70.333160, 9.866228 ], [ -70.332481, 9.865796 ], [ -70.331894, 9.865374 ], [ -70.331124, 9.864943 ], [ -70.330475, 9.864656 ], [ -70.329773, 9.864297 ], [ -70.329048, 9.863830 ], [ -70.328484, 9.863516 ], [ -70.327881, 9.863265 ], [ -70.326393, 9.862809 ], [ -70.325714, 9.862495 ], [ -70.324455, 9.861614 ], [ -70.322532, 9.860311 ], [ -70.321899, 9.859744 ], [ -70.321457, 9.859266 ], [ -70.320984, 9.858653 ], [ -70.320397, 9.858086 ], [ -70.319855, 9.857635 ], [ -70.319382, 9.857068 ], [ -70.319023, 9.856247 ], [ -70.318832, 9.855533 ], [ -70.318512, 9.854159 ], [ -70.318405, 9.853500 ], [ -70.318275, 9.852488 ], [ -70.318199, 9.851756 ], [ -70.318161, 9.851114 ], [ -70.318268, 9.850264 ], [ -70.318398, 9.849504 ], [ -70.318703, 9.848625 ], [ -70.318977, 9.848001 ], [ -70.319359, 9.847492 ], [ -70.319862, 9.846794 ], [ -70.320267, 9.846196 ], [ -70.320610, 9.845589 ], [ -70.320923, 9.844945 ], [ -70.321167, 9.844203 ], [ -70.321228, 9.843489 ], [ -70.321144, 9.842738 ], [ -70.321236, 9.841191 ], [ -70.321297, 9.840531 ], [ -70.321266, 9.839790 ], [ -70.321182, 9.839148 ], [ -70.321175, 9.838344 ], [ -70.321190, 9.837684 ], [ -70.321220, 9.837014 ], [ -70.321350, 9.836119 ], [ -70.321503, 9.835403 ], [ -70.321701, 9.834734 ], [ -70.321991, 9.833973 ], [ -70.322235, 9.833375 ], [ -70.322594, 9.832813 ], [ -70.323120, 9.832169 ], [ -70.323555, 9.831589 ], [ -70.324028, 9.831008 ], [ -70.324417, 9.830491 ], [ -70.324844, 9.829893 ], [ -70.325760, 9.828750 ], [ -70.326599, 9.827544 ], [ -70.327026, 9.826945 ], [ -70.327438, 9.826455 ], [ -70.327591, 9.826229 ], [ -70.327270, 9.826366 ], [ -70.326416, 9.826514 ], [ -70.325676, 9.826571 ], [ -70.324333, 9.826549 ], [ -70.323662, 9.826488 ], [ -70.322876, 9.826455 ], [ -70.322136, 9.826440 ], [ -70.319214, 9.826479 ], [ -70.318565, 9.826445 ], [ -70.309547, 9.826561 ], [ -70.278473, 9.826987 ], [ -70.250023, 9.778438 ], [ -70.240753, 9.762610 ], [ -70.240372, 9.763307 ], [ -70.239861, 9.764547 ], [ -70.239609, 9.765244 ], [ -70.239250, 9.765870 ], [ -70.238769, 9.766378 ], [ -70.238266, 9.766778 ], [ -70.237671, 9.767088 ], [ -70.237076, 9.767415 ], [ -70.236549, 9.767879 ], [ -70.236138, 9.768549 ], [ -70.235870, 9.769201 ], [ -70.235672, 9.769917 ], [ -70.235664, 9.770766 ], [ -70.235672, 9.771454 ], [ -70.235817, 9.772068 ], [ -70.236015, 9.772709 ], [ -70.236114, 9.773441 ], [ -70.236275, 9.774869 ], [ -70.236404, 9.775737 ], [ -70.236427, 9.777111 ], [ -70.236664, 9.777888 ], [ -70.236885, 9.778529 ], [ -70.237198, 9.779333 ], [ -70.237419, 9.780083 ], [ -70.237404, 9.780734 ], [ -70.237274, 9.781376 ], [ -70.237144, 9.782109 ], [ -70.237084, 9.782805 ], [ -70.236999, 9.783421 ], [ -70.236664, 9.784091 ], [ -70.236160, 9.784609 ], [ -70.235611, 9.785027 ], [ -70.235085, 9.785517 ], [ -70.234558, 9.786025 ], [ -70.234062, 9.786560 ], [ -70.233673, 9.787230 ], [ -70.233383, 9.787947 ], [ -70.233185, 9.788616 ], [ -70.233032, 9.789241 ], [ -70.232880, 9.790073 ], [ -70.232918, 9.790760 ], [ -70.233284, 9.792107 ], [ -70.233337, 9.792911 ], [ -70.233376, 9.793643 ], [ -70.233292, 9.794448 ], [ -70.233162, 9.795163 ], [ -70.232986, 9.795788 ], [ -70.232674, 9.796639 ], [ -70.232498, 9.797291 ], [ -70.232231, 9.797978 ], [ -70.231773, 9.798532 ], [ -70.231178, 9.798959 ], [ -70.230637, 9.799703 ], [ -70.230316, 9.800345 ], [ -70.230240, 9.800988 ], [ -70.230385, 9.801702 ], [ -70.230392, 9.802371 ], [ -70.230286, 9.802986 ], [ -70.230278, 9.803674 ], [ -70.230446, 9.804315 ], [ -70.230530, 9.805210 ], [ -70.230423, 9.805880 ], [ -70.230064, 9.806758 ], [ -70.229408, 9.808008 ], [ -70.229210, 9.808651 ], [ -70.229149, 9.809293 ], [ -70.229019, 9.809945 ], [ -70.228867, 9.810587 ], [ -70.228645, 9.811375 ], [ -70.228432, 9.812199 ], [ -70.228294, 9.812823 ], [ -70.228241, 9.813510 ], [ -70.228409, 9.814134 ], [ -70.228722, 9.814883 ], [ -70.229057, 9.815732 ], [ -70.229370, 9.816436 ], [ -70.229797, 9.817167 ], [ -70.230553, 9.818303 ], [ -70.230865, 9.818854 ], [ -70.231194, 9.819540 ], [ -70.231529, 9.820272 ], [ -70.231773, 9.820931 ], [ -70.232056, 9.821617 ], [ -70.232277, 9.822321 ], [ -70.232453, 9.822989 ], [ -70.232529, 9.823722 ], [ -70.232559, 9.824364 ], [ -70.232132, 9.825080 ], [ -70.231514, 9.825643 ], [ -70.230804, 9.826179 ], [ -70.229523, 9.827232 ], [ -70.228905, 9.827768 ], [ -70.228310, 9.828186 ], [ -70.227570, 9.828524 ], [ -70.226898, 9.828553 ], [ -70.226250, 9.828257 ], [ -70.225037, 9.827638 ], [ -70.223053, 9.826351 ], [ -70.222305, 9.826200 ], [ -70.221710, 9.826438 ], [ -70.220780, 9.827671 ], [ -70.220299, 9.828224 ], [ -70.219772, 9.828877 ], [ -70.219155, 9.829386 ], [ -70.218414, 9.829515 ], [ -70.217659, 9.829753 ], [ -70.217132, 9.830198 ], [ -70.216583, 9.830806 ], [ -70.216194, 9.831331 ], [ -70.215721, 9.831894 ], [ -70.215080, 9.832357 ], [ -70.214355, 9.832397 ], [ -70.213715, 9.832516 ], [ -70.213676, 9.833159 ], [ -70.214081, 9.833871 ], [ -70.214523, 9.834340 ], [ -70.215088, 9.834682 ], [ -70.215721, 9.835041 ], [ -70.216415, 9.835400 ], [ -70.217072, 9.835759 ], [ -70.217537, 9.836237 ], [ -70.217483, 9.836879 ], [ -70.216812, 9.837279 ], [ -70.216034, 9.837653 ], [ -70.215301, 9.838126 ], [ -70.214684, 9.838725 ], [ -70.214577, 9.839647 ], [ -70.215027, 9.840198 ], [ -70.215744, 9.840394 ], [ -70.216393, 9.840401 ], [ -70.217041, 9.840353 ], [ -70.217400, 9.840921 ], [ -70.217087, 9.841547 ], [ -70.216423, 9.842146 ], [ -70.216011, 9.842635 ], [ -70.215698, 9.843215 ], [ -70.215431, 9.844067 ], [ -70.215347, 9.844916 ], [ -70.215355, 9.845586 ], [ -70.215103, 9.845821 ], [ -70.214943, 9.846223 ], [ -70.212830, 9.845487 ], [ -70.212158, 9.845218 ], [ -70.211365, 9.844949 ], [ -70.210693, 9.844662 ], [ -70.209968, 9.844276 ], [ -70.209175, 9.843781 ], [ -70.208588, 9.843476 ], [ -70.208077, 9.843061 ], [ -70.207718, 9.842493 ], [ -70.207542, 9.841806 ], [ -70.207260, 9.841058 ], [ -70.206970, 9.840462 ], [ -70.206848, 9.839793 ], [ -70.207123, 9.838282 ], [ -70.206932, 9.837595 ], [ -70.206413, 9.837090 ], [ -70.205628, 9.836922 ], [ -70.204994, 9.836743 ], [ -70.204483, 9.836310 ], [ -70.203987, 9.835680 ], [ -70.203514, 9.835112 ], [ -70.203072, 9.834661 ], [ -70.202507, 9.834347 ], [ -70.201721, 9.834286 ], [ -70.200958, 9.834252 ], [ -70.200233, 9.834047 ], [ -70.199440, 9.833671 ], [ -70.198738, 9.833265 ], [ -70.198135, 9.832861 ], [ -70.197502, 9.832294 ], [ -70.196335, 9.831511 ], [ -70.195725, 9.831061 ], [ -70.195091, 9.830539 ], [ -70.194527, 9.829881 ], [ -70.193756, 9.829268 ], [ -70.193146, 9.828881 ], [ -70.192627, 9.828088 ], [ -70.192200, 9.827519 ], [ -70.191139, 9.826276 ], [ -70.190788, 9.825743 ], [ -70.190384, 9.825247 ], [ -70.189842, 9.824607 ], [ -70.189278, 9.823977 ], [ -70.188881, 9.823481 ], [ -70.188476, 9.822930 ], [ -70.188141, 9.822379 ], [ -70.187836, 9.821649 ], [ -70.187523, 9.820971 ], [ -70.187256, 9.820257 ], [ -70.186996, 9.819644 ], [ -70.186775, 9.818975 ], [ -70.186653, 9.818334 ], [ -70.186569, 9.817601 ], [ -70.186424, 9.816896 ], [ -70.185776, 9.815389 ], [ -70.185608, 9.814765 ], [ -70.185501, 9.813870 ], [ -70.185585, 9.813138 ], [ -70.185761, 9.812495 ], [ -70.185982, 9.811780 ], [ -70.186317, 9.811037 ], [ -70.186607, 9.810457 ], [ -70.186951, 9.809905 ], [ -70.187218, 9.809307 ], [ -70.187508, 9.808610 ], [ -70.187615, 9.807940 ], [ -70.187493, 9.807208 ], [ -70.187134, 9.806595 ], [ -70.186661, 9.805936 ], [ -70.186401, 9.805367 ], [ -70.186409, 9.804698 ], [ -70.186287, 9.803984 ], [ -70.185951, 9.803415 ], [ -70.185455, 9.802757 ], [ -70.184921, 9.802325 ], [ -70.183617, 9.801661 ], [ -70.183052, 9.801201 ], [ -70.182556, 9.800733 ], [ -70.181877, 9.800301 ], [ -70.181229, 9.800014 ], [ -70.179649, 9.799486 ], [ -70.179016, 9.799262 ], [ -70.178436, 9.798947 ], [ -70.177849, 9.798588 ], [ -70.176567, 9.797733 ], [ -70.175888, 9.797329 ], [ -70.175209, 9.796969 ], [ -70.174561, 9.796582 ], [ -70.173836, 9.796115 ], [ -70.173180, 9.795711 ], [ -70.172501, 9.795234 ], [ -70.171844, 9.794738 ], [ -70.171188, 9.794289 ], [ -70.170723, 9.793856 ], [ -70.170204, 9.793450 ], [ -70.169647, 9.793137 ], [ -70.168991, 9.792894 ], [ -70.168297, 9.792670 ], [ -70.167534, 9.792501 ], [ -70.166092, 9.792199 ], [ -70.165275, 9.792048 ], [ -70.165024, 9.791980 ], [ -70.164604, 9.791869 ], [ -70.164055, 9.791709 ], [ -70.163117, 9.791314 ], [ -70.162506, 9.790747 ], [ -70.162079, 9.790178 ], [ -70.160896, 9.788500 ], [ -70.160500, 9.787905 ], [ -70.160164, 9.787336 ], [ -70.159943, 9.786532 ], [ -70.159775, 9.785737 ], [ -70.159576, 9.784951 ], [ -70.159287, 9.784156 ], [ -70.159027, 9.783560 ], [ -70.158760, 9.782991 ], [ -70.158333, 9.782188 ], [ -70.157997, 9.781619 ], [ -70.157646, 9.781096 ], [ -70.157150, 9.780528 ], [ -70.156494, 9.780106 ], [ -70.155846, 9.779764 ], [ -70.155189, 9.779359 ], [ -70.154510, 9.778910 ], [ -70.153862, 9.778504 ], [ -70.153206, 9.778217 ], [ -70.152580, 9.777993 ], [ -70.150581, 9.777358 ], [ -70.149200, 9.776730 ], [ -70.148460, 9.776488 ], [ -70.147759, 9.776219 ], [ -70.147133, 9.775950 ], [ -70.146454, 9.775546 ], [ -70.145752, 9.775050 ], [ -70.145218, 9.774600 ], [ -70.144699, 9.774014 ], [ -70.144340, 9.773491 ], [ -70.144074, 9.772759 ], [ -70.143929, 9.772118 ], [ -70.143677, 9.770807 ], [ -70.143432, 9.770003 ], [ -70.142860, 9.768704 ], [ -70.142578, 9.768116 ], [ -70.142220, 9.767430 ], [ -70.141861, 9.766789 ], [ -70.141579, 9.766175 ], [ -70.141197, 9.765607 ], [ -70.140709, 9.765129 ], [ -70.140122, 9.764788 ], [ -70.139458, 9.764639 ], [ -70.138702, 9.764485 ], [ -70.138008, 9.764379 ], [ -70.137360, 9.764372 ], [ -70.136619, 9.764474 ], [ -70.135910, 9.764621 ], [ -70.135216, 9.764713 ], [ -70.134514, 9.764635 ], [ -70.133797, 9.764456 ], [ -70.133125, 9.764305 ], [ -70.132454, 9.764297 ], [ -70.131752, 9.764047 ], [ -70.131149, 9.763760 ], [ -70.130470, 9.763517 ], [ -70.129776, 9.763456 ], [ -70.129158, 9.763603 ], [ -70.128441, 9.763796 ], [ -70.127815, 9.764060 ], [ -70.127197, 9.764297 ], [ -70.126595, 9.764507 ], [ -70.125931, 9.764907 ], [ -70.125130, 9.765335 ], [ -70.124458, 9.765663 ], [ -70.123055, 9.766228 ], [ -70.122482, 9.766538 ], [ -70.121262, 9.767129 ], [ -70.120621, 9.767411 ], [ -70.119949, 9.767721 ], [ -70.119400, 9.768256 ], [ -70.118652, 9.769389 ], [ -70.118195, 9.769835 ], [ -70.117500, 9.769891 ], [ -70.116921, 9.769486 ], [ -70.116264, 9.769261 ], [ -70.115547, 9.769111 ], [ -70.114899, 9.769067 ], [ -70.114281, 9.769286 ], [ -70.113701, 9.769550 ], [ -70.112969, 9.769941 ], [ -70.112305, 9.770369 ], [ -70.111153, 9.771169 ], [ -70.110466, 9.771514 ], [ -70.109917, 9.771851 ], [ -70.109337, 9.772133 ], [ -70.108742, 9.772478 ], [ -70.108032, 9.772861 ], [ -70.106674, 9.773914 ], [ -70.106056, 9.774286 ], [ -70.105278, 9.774705 ], [ -70.104446, 9.774925 ], [ -70.103615, 9.774964 ], [ -70.102783, 9.775039 ], [ -70.101975, 9.775068 ], [ -70.101250, 9.775035 ], [ -70.100532, 9.774911 ], [ -70.099815, 9.774687 ], [ -70.099205, 9.774418 ], [ -70.097969, 9.773635 ], [ -70.096779, 9.772725 ], [ -70.095764, 9.771751 ], [ -70.095184, 9.771347 ], [ -70.094620, 9.770924 ], [ -70.093521, 9.770086 ], [ -70.092796, 9.769519 ], [ -70.092255, 9.769114 ], [ -70.091675, 9.768636 ], [ -70.090897, 9.768069 ], [ -70.090294, 9.767646 ], [ -70.089683, 9.767241 ], [ -70.088425, 9.766358 ], [ -70.087792, 9.765981 ], [ -70.087090, 9.765621 ], [ -70.086296, 9.765172 ], [ -70.085739, 9.764812 ], [ -70.085174, 9.764497 ], [ -70.084595, 9.764182 ], [ -70.083992, 9.763986 ], [ -70.083359, 9.763834 ], [ -70.082641, 9.763682 ], [ -70.081276, 9.763470 ], [ -70.080391, 9.763273 ], [ -70.079674, 9.763167 ], [ -70.078209, 9.762981 ], [ -70.077537, 9.762776 ], [ -70.076950, 9.762398 ], [ -70.076530, 9.761847 ], [ -70.076241, 9.761425 ], [ -70.076027, 9.760873 ], [ -70.075974, 9.760131 ], [ -70.076057, 9.759489 ], [ -70.076256, 9.758801 ], [ -70.076637, 9.758194 ], [ -70.077141, 9.757478 ], [ -70.077500, 9.756926 ], [ -70.077820, 9.756318 ], [ -70.077927, 9.755658 ], [ -70.077919, 9.755007 ], [ -70.077812, 9.754393 ], [ -70.077576, 9.753751 ], [ -70.077522, 9.753064 ], [ -70.077393, 9.752350 ], [ -70.077034, 9.751763 ], [ -70.075958, 9.750699 ], [ -70.075623, 9.750122 ], [ -70.075310, 9.749201 ], [ -70.075119, 9.748350 ], [ -70.074967, 9.747564 ], [ -70.074699, 9.746851 ], [ -70.074203, 9.746120 ], [ -70.073753, 9.745488 ], [ -70.072975, 9.744279 ], [ -70.072716, 9.743683 ], [ -70.072403, 9.743070 ], [ -70.071884, 9.742338 ], [ -70.071457, 9.741679 ], [ -70.070961, 9.741157 ], [ -70.070137, 9.739794 ], [ -70.069778, 9.739125 ], [ -70.069420, 9.738494 ], [ -70.069137, 9.737898 ], [ -70.068825, 9.737193 ], [ -70.068398, 9.736463 ], [ -70.067947, 9.735641 ], [ -70.067406, 9.734747 ], [ -70.066979, 9.734160 ], [ -70.066506, 9.733565 ], [ -70.066063, 9.733088 ], [ -70.065476, 9.732773 ], [ -70.064735, 9.732486 ], [ -70.064125, 9.732216 ], [ -70.062889, 9.731524 ], [ -70.062378, 9.731092 ], [ -70.061859, 9.730551 ], [ -70.061485, 9.730027 ], [ -70.061127, 9.729296 ], [ -70.060951, 9.728654 ], [ -70.060921, 9.727940 ], [ -70.060661, 9.727371 ], [ -70.060211, 9.726757 ], [ -70.059830, 9.726207 ], [ -70.059494, 9.725485 ], [ -70.058899, 9.723994 ], [ -70.058541, 9.723353 ], [ -70.058052, 9.722930 ], [ -70.057373, 9.722589 ], [ -70.056793, 9.722274 ], [ -70.056183, 9.722013 ], [ -70.055557, 9.721789 ], [ -70.054863, 9.721864 ], [ -70.054146, 9.722011 ], [ -70.053360, 9.721887 ], [ -70.052711, 9.721798 ], [ -70.052086, 9.721972 ], [ -70.051468, 9.722226 ], [ -70.050942, 9.722608 ], [ -70.050339, 9.722890 ], [ -70.049690, 9.722892 ], [ -70.049088, 9.722695 ], [ -70.048302, 9.722689 ], [ -70.047539, 9.722854 ], [ -70.046806, 9.723136 ], [ -70.045952, 9.723338 ], [ -70.045258, 9.723367 ], [ -70.044609, 9.723351 ], [ -70.043770, 9.723200 ], [ -70.043167, 9.722912 ], [ -70.042580, 9.722552 ], [ -70.041977, 9.722147 ], [ -70.041298, 9.721832 ], [ -70.040604, 9.721799 ], [ -70.039932, 9.721801 ], [ -70.039284, 9.721649 ], [ -70.038635, 9.721750 ], [ -70.038063, 9.722077 ], [ -70.037369, 9.722342 ], [ -70.036011, 9.723006 ], [ -70.035393, 9.723333 ], [ -70.034752, 9.723634 ], [ -70.034012, 9.723944 ], [ -70.033272, 9.724181 ], [ -70.032608, 9.724490 ], [ -70.032005, 9.724800 ], [ -70.031341, 9.724874 ], [ -70.030571, 9.724795 ], [ -70.029922, 9.724553 ], [ -70.029289, 9.724148 ], [ -70.028641, 9.723833 ], [ -70.028038, 9.723582 ], [ -70.027405, 9.723340 ], [ -70.026962, 9.722889 ], [ -70.026672, 9.722293 ], [ -70.026413, 9.721588 ], [ -70.026215, 9.720947 ], [ -70.025925, 9.720215 ], [ -70.025574, 9.719665 ], [ -70.025284, 9.719050 ], [ -70.024918, 9.717649 ], [ -70.024612, 9.717109 ], [ -70.024162, 9.716557 ], [ -70.023743, 9.716017 ], [ -70.023453, 9.715375 ], [ -70.023102, 9.714734 ], [ -70.022835, 9.714120 ], [ -70.022621, 9.713506 ], [ -70.022492, 9.712819 ], [ -70.022392, 9.712105 ], [ -70.022102, 9.711536 ], [ -70.021706, 9.710922 ], [ -70.021255, 9.710399 ], [ -70.020714, 9.709922 ], [ -70.020180, 9.709380 ], [ -70.019753, 9.708858 ], [ -70.019333, 9.708289 ], [ -70.018364, 9.707215 ], [ -70.018059, 9.706574 ], [ -70.017517, 9.706079 ], [ -70.016953, 9.705492 ], [ -70.016480, 9.704969 ], [ -70.015923, 9.704564 ], [ -70.015221, 9.704249 ], [ -70.013878, 9.703919 ], [ -70.013107, 9.703677 ], [ -70.011780, 9.702912 ], [ -70.011147, 9.702598 ], [ -70.010361, 9.702175 ], [ -70.009705, 9.701697 ], [ -70.009277, 9.701201 ], [ -70.008789, 9.700679 ], [ -70.008224, 9.700274 ], [ -70.007477, 9.699986 ], [ -70.006737, 9.699898 ], [ -70.006020, 9.699655 ], [ -70.005432, 9.699178 ], [ -70.004822, 9.698665 ], [ -70.004173, 9.698395 ], [ -70.003494, 9.698152 ], [ -70.002892, 9.697747 ], [ -70.002670, 9.697016 ], [ -70.002693, 9.695451 ], [ -70.002670, 9.693751 ], [ -70.002548, 9.693064 ], [ -70.002235, 9.692396 ], [ -70.001915, 9.690914 ], [ -70.001953, 9.690271 ], [ -70.002197, 9.689602 ], [ -70.002304, 9.688887 ], [ -70.001999, 9.688173 ], [ -70.001824, 9.687559 ], [ -70.001679, 9.686890 ], [ -70.001083, 9.685499 ], [ -70.000656, 9.684976 ], [ -70.000236, 9.684498 ], [ -70.000076, 9.684344 ], [ -69.999298, 9.684139 ], [ -69.998558, 9.683897 ], [ -69.997826, 9.683745 ], [ -69.997063, 9.683521 ], [ -69.996330, 9.683252 ], [ -69.995567, 9.682893 ], [ -69.994789, 9.682506 ], [ -69.994194, 9.682173 ], [ -69.993599, 9.681976 ], [ -69.992905, 9.681644 ], [ -69.992218, 9.681220 ], [ -69.992142, 9.680596 ], [ -69.992508, 9.679863 ], [ -69.992996, 9.679437 ], [ -69.993561, 9.679272 ], [ -69.994156, 9.679487 ], [ -69.994660, 9.679821 ], [ -69.995163, 9.680217 ], [ -69.995941, 9.680441 ], [ -69.996643, 9.680367 ], [ -69.998276, 9.679801 ], [ -69.998833, 9.679627 ], [ -69.999512, 9.679300 ], [ -70.000076, 9.678828 ], [ -70.000549, 9.678664 ], [ -70.001289, 9.678517 ], [ -70.002052, 9.678461 ], [ -70.002747, 9.678450 ], [ -70.003464, 9.678511 ], [ -70.004135, 9.678527 ], [ -70.004875, 9.678561 ], [ -70.005661, 9.678504 ], [ -70.006310, 9.678294 ], [ -70.006905, 9.678030 ], [ -70.007530, 9.677838 ], [ -70.008286, 9.677619 ], [ -70.008980, 9.677635 ], [ -70.009682, 9.677814 ], [ -70.010330, 9.677966 ], [ -70.011024, 9.677837 ], [ -70.011810, 9.677763 ], [ -70.012459, 9.677842 ], [ -70.013222, 9.677903 ], [ -70.013985, 9.677756 ], [ -70.014679, 9.677591 ], [ -70.015320, 9.677418 ], [ -70.016106, 9.677135 ], [ -70.016907, 9.676798 ], [ -70.017647, 9.676516 ], [ -70.018456, 9.676188 ], [ -70.019211, 9.675788 ], [ -70.019897, 9.675361 ], [ -70.020454, 9.675060 ], [ -70.021141, 9.674724 ], [ -70.021713, 9.674423 ], [ -70.022339, 9.674042 ], [ -70.023048, 9.673669 ], [ -70.023781, 9.673106 ], [ -70.024353, 9.672688 ], [ -70.025001, 9.672452 ], [ -70.025780, 9.672187 ], [ -70.026474, 9.672157 ], [ -70.027245, 9.672236 ], [ -70.027984, 9.672461 ], [ -70.028839, 9.672467 ], [ -70.029465, 9.672230 ], [ -70.030106, 9.672038 ], [ -70.030808, 9.672172 ], [ -70.031410, 9.672460 ], [ -70.032135, 9.672892 ], [ -70.032715, 9.673152 ], [ -70.033279, 9.673493 ], [ -70.033951, 9.673872 ], [ -70.034653, 9.674113 ], [ -70.035393, 9.674455 ], [ -70.036072, 9.674788 ], [ -70.036720, 9.674967 ], [ -70.038300, 9.675224 ], [ -70.038925, 9.675376 ], [ -70.039719, 9.675617 ], [ -70.040367, 9.675770 ], [ -70.041138, 9.676011 ], [ -70.041878, 9.676298 ], [ -70.042625, 9.676522 ], [ -70.043274, 9.676557 ], [ -70.043945, 9.676527 ], [ -70.044800, 9.676443 ], [ -70.045677, 9.676341 ], [ -70.046555, 9.676104 ], [ -70.047287, 9.675838 ], [ -70.048096, 9.675647 ], [ -70.048744, 9.675590 ], [ -70.049416, 9.675633 ], [ -70.050178, 9.675550 ], [ -70.050804, 9.675384 ], [ -70.051422, 9.675193 ], [ -70.052094, 9.674929 ], [ -70.052689, 9.674620 ], [ -70.053238, 9.674319 ], [ -70.053841, 9.674055 ], [ -70.054687, 9.673564 ], [ -70.056038, 9.672692 ], [ -70.056687, 9.672301 ], [ -70.057396, 9.672082 ], [ -70.058029, 9.672415 ], [ -70.058456, 9.672938 ], [ -70.058807, 9.673461 ], [ -70.058975, 9.674130 ], [ -70.058899, 9.674817 ], [ -70.058952, 9.675487 ], [ -70.059258, 9.676146 ], [ -70.059906, 9.676234 ], [ -70.060448, 9.676748 ], [ -70.060623, 9.677417 ], [ -70.060997, 9.678030 ], [ -70.061516, 9.678598 ], [ -70.062012, 9.679004 ], [ -70.062637, 9.679409 ], [ -70.063294, 9.679750 ], [ -70.064522, 9.680263 ], [ -70.065895, 9.680746 ], [ -70.067413, 9.681302 ], [ -70.068039, 9.681427 ], [ -70.068893, 9.681424 ], [ -70.069565, 9.681341 ], [ -70.070282, 9.681193 ], [ -70.071083, 9.681046 ], [ -70.071754, 9.680945 ], [ -70.072426, 9.681051 ], [ -70.073151, 9.681203 ], [ -70.073891, 9.681336 ], [ -70.075508, 9.681132 ], [ -70.076317, 9.681139 ], [ -70.077988, 9.681115 ], [ -70.079307, 9.681148 ], [ -70.079948, 9.680938 ], [ -70.080666, 9.680646 ], [ -70.081421, 9.680318 ], [ -70.082619, 9.679753 ], [ -70.083427, 9.679399 ], [ -70.084137, 9.679107 ], [ -70.085998, 9.678079 ], [ -70.086800, 9.677561 ], [ -70.087486, 9.677043 ], [ -70.087990, 9.676554 ], [ -70.088562, 9.675927 ], [ -70.089607, 9.674722 ], [ -70.090202, 9.674068 ], [ -70.090660, 9.673606 ], [ -70.091324, 9.672979 ], [ -70.092026, 9.672236 ], [ -70.092598, 9.671674 ], [ -70.093147, 9.671066 ], [ -70.093712, 9.670377 ], [ -70.094055, 9.669842 ], [ -70.094681, 9.668429 ], [ -70.094933, 9.667831 ], [ -70.095154, 9.667207 ], [ -70.095291, 9.666745 ], [ -70.095367, 9.666356 ], [ -70.095398, 9.665714 ], [ -70.095329, 9.665199 ], [ -70.095520, 9.664267 ], [ -70.095757, 9.662711 ], [ -70.095833, 9.661905 ], [ -70.096092, 9.660142 ], [ -70.096397, 9.658215 ], [ -70.096596, 9.657255 ], [ -70.096771, 9.656522 ], [ -70.097160, 9.655028 ], [ -70.097351, 9.654368 ], [ -70.097763, 9.653155 ], [ -70.098007, 9.652494 ], [ -70.098869, 9.650664 ], [ -70.099510, 9.649460 ], [ -70.099838, 9.648907 ], [ -70.100601, 9.647684 ], [ -70.100906, 9.647086 ], [ -70.101692, 9.645419 ], [ -70.102074, 9.644785 ], [ -70.102531, 9.643870 ], [ -70.102959, 9.643073 ], [ -70.104004, 9.640972 ], [ -70.104507, 9.639994 ], [ -70.104813, 9.639496 ], [ -70.105171, 9.638880 ], [ -70.105667, 9.637992 ], [ -70.106094, 9.637348 ], [ -70.106499, 9.636786 ], [ -70.107063, 9.636052 ], [ -70.107536, 9.635489 ], [ -70.108032, 9.634946 ], [ -70.108642, 9.634311 ], [ -70.109581, 9.633358 ], [ -70.110100, 9.632813 ], [ -70.110802, 9.632133 ], [ -70.111671, 9.631389 ], [ -70.112183, 9.631071 ], [ -70.112816, 9.630626 ], [ -70.113541, 9.630153 ], [ -70.114052, 9.629862 ], [ -70.114639, 9.629543 ], [ -70.115356, 9.629098 ], [ -70.115875, 9.628690 ], [ -70.116371, 9.628127 ], [ -70.116722, 9.627620 ], [ -70.117012, 9.627076 ], [ -70.117340, 9.626388 ], [ -70.117699, 9.625709 ], [ -70.119942, 9.622527 ], [ -70.120888, 9.621294 ], [ -70.121475, 9.620731 ], [ -70.122017, 9.620277 ], [ -70.122948, 9.619605 ], [ -70.123512, 9.619169 ], [ -70.123985, 9.618698 ], [ -70.124336, 9.618217 ], [ -70.124672, 9.617583 ], [ -70.124931, 9.617013 ], [ -70.125107, 9.616280 ], [ -70.125297, 9.615564 ], [ -70.125359, 9.614814 ], [ -70.125366, 9.614118 ], [ -70.125313, 9.613313 ], [ -70.125145, 9.612120 ], [ -70.125076, 9.611524 ], [ -70.124802, 9.609860 ], [ -70.124741, 9.609128 ], [ -70.124710, 9.608278 ], [ -70.124824, 9.606894 ], [ -70.124901, 9.606278 ], [ -70.125046, 9.605637 ], [ -70.125153, 9.604949 ], [ -70.125092, 9.604217 ], [ -70.124893, 9.603403 ], [ -70.124649, 9.602662 ], [ -70.124382, 9.602084 ], [ -70.124062, 9.601461 ], [ -70.123749, 9.600766 ], [ -70.123413, 9.600053 ], [ -70.123009, 9.599240 ], [ -70.122711, 9.598681 ], [ -70.122444, 9.598130 ], [ -70.121651, 9.596695 ], [ -70.121269, 9.595955 ], [ -70.120911, 9.595214 ], [ -70.120621, 9.594700 ], [ -70.120300, 9.594049 ], [ -70.119964, 9.593291 ], [ -70.119560, 9.592479 ], [ -70.119156, 9.591802 ], [ -70.118744, 9.591161 ], [ -70.117615, 9.589464 ], [ -70.117271, 9.588886 ], [ -70.117210, 9.588190 ], [ -70.117226, 9.587296 ], [ -70.117111, 9.585867 ], [ -70.117050, 9.584971 ], [ -70.117058, 9.584393 ], [ -70.117142, 9.583615 ], [ -70.117264, 9.582973 ], [ -70.117409, 9.582330 ], [ -70.117653, 9.581416 ], [ -70.117828, 9.580665 ], [ -70.117989, 9.579380 ], [ -70.118103, 9.577861 ], [ -70.118279, 9.576530 ], [ -70.118408, 9.575752 ], [ -70.118584, 9.574974 ], [ -70.118774, 9.574196 ], [ -70.119163, 9.572847 ], [ -70.119530, 9.571996 ], [ -70.119888, 9.571226 ], [ -70.120529, 9.569921 ], [ -70.120796, 9.569098 ], [ -70.121086, 9.568139 ], [ -70.121285, 9.567270 ], [ -70.121407, 9.566582 ], [ -70.121536, 9.565732 ], [ -70.121643, 9.564926 ], [ -70.121696, 9.564266 ], [ -70.121681, 9.563525 ], [ -70.121529, 9.562946 ], [ -70.121193, 9.562305 ], [ -70.120552, 9.561692 ], [ -70.120026, 9.561369 ], [ -70.119431, 9.561036 ], [ -70.118851, 9.560794 ], [ -70.118301, 9.560606 ], [ -70.117699, 9.560346 ], [ -70.117035, 9.559940 ], [ -70.116463, 9.559518 ], [ -70.115936, 9.558940 ], [ -70.115624, 9.558426 ], [ -70.115234, 9.557866 ], [ -70.114853, 9.557271 ], [ -70.114532, 9.556621 ], [ -70.114082, 9.555854 ], [ -70.113724, 9.555068 ], [ -70.113113, 9.553885 ], [ -70.112869, 9.553307 ], [ -70.112404, 9.551989 ], [ -70.111977, 9.551113 ], [ -70.111618, 9.550300 ], [ -70.111366, 9.549704 ], [ -70.111122, 9.548918 ], [ -70.110969, 9.548267 ], [ -70.110771, 9.547644 ], [ -70.110596, 9.546858 ], [ -70.110382, 9.546008 ], [ -70.110298, 9.545177 ], [ -70.110237, 9.544462 ], [ -70.110168, 9.542953 ], [ -70.110107, 9.542329 ], [ -70.110046, 9.541570 ], [ -70.110062, 9.540854 ], [ -70.110046, 9.539960 ], [ -70.110077, 9.537889 ], [ -70.110192, 9.536378 ], [ -70.110222, 9.535781 ], [ -70.110329, 9.534949 ], [ -70.110489, 9.533556 ], [ -70.110611, 9.532958 ], [ -70.110741, 9.532181 ], [ -70.110886, 9.531583 ], [ -70.111008, 9.531013 ], [ -70.111366, 9.530533 ], [ -70.110909, 9.530064 ], [ -70.110573, 9.529368 ], [ -70.110207, 9.528791 ], [ -70.109726, 9.528304 ], [ -70.109253, 9.527745 ], [ -70.108841, 9.527113 ], [ -70.108574, 9.526427 ], [ -70.108421, 9.525848 ], [ -70.108360, 9.525152 ], [ -70.108185, 9.524484 ], [ -70.107750, 9.523970 ], [ -70.107269, 9.523555 ], [ -70.106651, 9.523177 ], [ -70.106056, 9.522872 ], [ -70.105408, 9.522585 ], [ -70.104286, 9.521991 ], [ -70.103760, 9.521686 ], [ -70.103249, 9.521335 ], [ -70.102821, 9.520892 ], [ -70.102409, 9.520243 ], [ -70.102142, 9.519520 ], [ -70.101967, 9.518833 ], [ -70.101906, 9.518165 ], [ -70.101784, 9.517333 ], [ -70.101723, 9.516556 ], [ -70.101730, 9.515913 ], [ -70.101814, 9.515063 ], [ -70.101868, 9.514348 ], [ -70.101898, 9.513779 ], [ -70.102005, 9.513154 ], [ -70.102173, 9.512511 ], [ -70.102302, 9.511869 ], [ -70.102379, 9.511164 ], [ -70.102318, 9.510467 ], [ -70.102074, 9.509754 ], [ -70.101807, 9.509221 ], [ -70.101555, 9.508670 ], [ -70.101219, 9.507975 ], [ -70.100929, 9.507397 ], [ -70.100594, 9.506675 ], [ -70.100227, 9.506024 ], [ -70.099960, 9.505492 ], [ -70.099281, 9.504265 ], [ -70.098923, 9.503732 ], [ -70.098511, 9.503155 ], [ -70.097916, 9.502749 ], [ -70.097206, 9.502354 ], [ -70.096558, 9.502085 ], [ -70.095795, 9.501897 ], [ -70.095108, 9.501818 ], [ -70.093689, 9.501795 ], [ -70.092926, 9.501734 ], [ -70.092262, 9.501637 ], [ -70.091408, 9.501458 ], [ -70.090759, 9.501334 ], [ -70.090088, 9.501191 ], [ -70.089417, 9.501085 ], [ -70.088753, 9.501005 ], [ -70.088104, 9.500881 ], [ -70.087524, 9.500801 ], [ -70.086922, 9.500730 ], [ -70.086327, 9.500697 ], [ -70.085632, 9.500590 ], [ -70.084412, 9.500160 ], [ -70.083786, 9.499854 ], [ -70.083214, 9.499503 ], [ -70.082733, 9.499107 ], [ -70.082230, 9.498593 ], [ -70.081711, 9.498079 ], [ -70.081230, 9.497539 ], [ -70.080818, 9.497096 ], [ -70.080322, 9.496420 ], [ -70.079956, 9.495888 ], [ -70.079437, 9.495193 ], [ -70.079025, 9.494588 ], [ -70.078667, 9.494028 ], [ -70.078232, 9.493288 ], [ -70.077919, 9.492665 ], [ -70.077583, 9.491879 ], [ -70.077278, 9.491272 ], [ -70.076729, 9.490119 ], [ -70.076462, 9.489469 ], [ -70.076241, 9.488827 ], [ -70.076065, 9.488249 ], [ -70.075867, 9.487490 ], [ -70.075539, 9.486098 ], [ -70.074974, 9.484879 ], [ -70.074776, 9.484228 ], [ -70.074715, 9.483632 ], [ -70.074768, 9.483035 ], [ -70.074944, 9.482302 ], [ -70.075157, 9.481659 ], [ -70.075447, 9.480998 ], [ -70.075706, 9.480446 ], [ -70.076019, 9.479947 ], [ -70.076355, 9.479196 ], [ -70.076759, 9.478416 ], [ -70.077072, 9.477647 ], [ -70.077309, 9.476913 ], [ -70.077484, 9.476181 ], [ -70.077583, 9.475538 ], [ -70.077667, 9.474824 ], [ -70.077721, 9.474019 ], [ -70.077789, 9.472553 ], [ -70.077972, 9.471106 ], [ -70.078079, 9.470346 ], [ -70.078155, 9.469641 ], [ -70.078285, 9.468627 ], [ -70.078369, 9.467822 ], [ -70.078400, 9.467044 ], [ -70.078590, 9.465299 ], [ -70.078720, 9.464475 ], [ -70.078980, 9.462502 ], [ -70.079086, 9.461191 ], [ -70.078964, 9.460386 ], [ -70.078781, 9.459808 ], [ -70.078468, 9.459204 ], [ -70.078064, 9.458581 ], [ -70.077766, 9.458003 ], [ -70.077522, 9.457443 ], [ -70.077415, 9.456756 ], [ -70.077400, 9.456114 ], [ -70.077484, 9.455264 ], [ -70.077759, 9.453708 ], [ -70.077957, 9.452902 ], [ -70.078194, 9.452358 ], [ -70.078530, 9.451806 ], [ -70.078903, 9.451307 ], [ -70.079758, 9.450102 ], [ -70.080254, 9.449377 ], [ -70.080635, 9.448734 ], [ -70.080917, 9.448191 ], [ -70.081177, 9.447620 ], [ -70.081489, 9.446868 ], [ -70.081734, 9.446225 ], [ -70.081924, 9.445655 ], [ -70.082146, 9.444922 ], [ -70.082436, 9.444026 ], [ -70.082680, 9.443319 ], [ -70.082848, 9.442768 ], [ -70.082992, 9.442198 ], [ -70.083199, 9.441003 ], [ -70.083229, 9.440406 ], [ -70.083214, 9.439810 ], [ -70.083084, 9.439186 ], [ -70.082817, 9.438445 ], [ -70.082481, 9.437822 ], [ -70.082161, 9.437289 ], [ -70.081726, 9.436892 ], [ -70.081177, 9.436515 ], [ -70.080605, 9.436191 ], [ -70.080033, 9.435740 ], [ -70.079552, 9.435317 ], [ -70.079025, 9.434921 ], [ -70.078476, 9.434434 ], [ -70.077995, 9.433984 ], [ -70.077583, 9.433541 ], [ -70.077225, 9.433054 ], [ -70.076790, 9.432522 ], [ -70.075997, 9.431476 ], [ -70.075607, 9.431006 ], [ -70.074989, 9.430538 ], [ -70.074394, 9.430278 ], [ -70.073792, 9.430153 ], [ -70.073166, 9.430074 ], [ -70.072594, 9.430066 ], [ -70.071945, 9.430104 ], [ -70.071342, 9.430160 ], [ -70.070709, 9.430289 ], [ -70.069946, 9.430491 ], [ -70.069199, 9.430755 ], [ -70.068596, 9.431001 ], [ -70.066498, 9.431974 ], [ -70.065827, 9.432266 ], [ -70.064568, 9.432731 ], [ -70.063866, 9.432968 ], [ -70.063080, 9.433169 ], [ -70.062408, 9.433253 ], [ -70.061714, 9.433282 ], [ -70.061089, 9.433275 ], [ -70.059769, 9.433207 ], [ -70.058983, 9.433155 ], [ -70.058174, 9.433049 ], [ -70.057571, 9.432951 ], [ -70.056885, 9.432817 ], [ -70.056190, 9.432603 ], [ -70.055496, 9.432343 ], [ -70.054924, 9.432082 ], [ -70.053726, 9.431507 ], [ -70.053062, 9.431273 ], [ -70.052482, 9.431194 ], [ -70.051857, 9.431142 ], [ -70.051193, 9.431062 ], [ -70.050568, 9.430938 ], [ -70.050011, 9.430740 ], [ -70.049439, 9.430570 ], [ -70.048836, 9.430491 ], [ -70.048142, 9.430484 ], [ -70.047379, 9.430675 ], [ -70.046699, 9.430922 ], [ -70.046120, 9.431077 ], [ -70.045517, 9.431160 ], [ -70.044914, 9.431126 ], [ -70.044365, 9.430793 ], [ -70.043838, 9.430325 ], [ -70.043365, 9.429792 ], [ -70.042976, 9.429305 ], [ -70.042519, 9.428674 ], [ -70.042068, 9.428023 ], [ -70.041687, 9.427401 ], [ -70.041252, 9.426769 ], [ -70.040886, 9.426309 ], [ -70.040481, 9.425659 ], [ -70.040146, 9.425144 ], [ -70.039284, 9.423872 ], [ -70.038940, 9.423385 ], [ -70.037758, 9.421868 ], [ -70.037353, 9.421264 ], [ -70.036873, 9.420614 ], [ -70.036400, 9.420010 ], [ -70.035988, 9.419451 ], [ -70.035309, 9.418267 ], [ -70.034973, 9.417717 ], [ -70.033821, 9.416174 ], [ -70.033050, 9.414630 ], [ -70.032784, 9.414024 ], [ -70.032440, 9.413429 ], [ -70.032173, 9.412842 ], [ -70.031540, 9.411641 ], [ -70.031204, 9.411063 ], [ -70.030891, 9.410485 ], [ -70.030487, 9.409673 ], [ -70.030212, 9.409049 ], [ -70.029991, 9.408444 ], [ -70.029793, 9.407847 ], [ -70.029350, 9.406456 ], [ -70.029106, 9.405833 ], [ -70.028839, 9.405120 ], [ -70.028328, 9.403710 ], [ -70.028038, 9.402969 ], [ -70.027664, 9.401560 ], [ -70.027489, 9.400936 ], [ -70.027245, 9.400241 ], [ -70.026993, 9.399645 ], [ -70.026817, 9.398931 ], [ -70.026398, 9.397656 ], [ -70.026161, 9.396788 ], [ -70.025871, 9.395696 ], [ -70.025749, 9.394755 ], [ -70.025711, 9.393969 ], [ -70.025703, 9.393236 ], [ -70.025757, 9.392549 ], [ -70.025902, 9.391907 ], [ -70.026314, 9.390766 ], [ -70.026573, 9.390213 ], [ -70.026978, 9.389597 ], [ -70.027359, 9.389099 ], [ -70.027779, 9.388600 ], [ -70.028839, 9.387440 ], [ -70.029472, 9.386814 ], [ -70.031540, 9.384818 ], [ -70.034981, 9.381977 ], [ -70.035454, 9.381542 ], [ -70.036087, 9.380935 ], [ -70.037048, 9.380082 ], [ -70.037605, 9.379556 ], [ -70.038032, 9.379120 ], [ -70.038452, 9.378649 ], [ -70.038948, 9.378014 ], [ -70.039307, 9.377534 ], [ -70.039894, 9.376691 ], [ -70.040413, 9.375984 ], [ -70.040932, 9.375331 ], [ -70.041313, 9.374779 ], [ -70.041740, 9.374126 ], [ -70.042633, 9.372984 ], [ -70.043106, 9.372422 ], [ -70.044113, 9.371306 ], [ -70.044655, 9.370745 ], [ -70.045128, 9.370309 ], [ -70.045662, 9.369864 ], [ -70.046906, 9.368757 ], [ -70.048103, 9.367714 ], [ -70.048615, 9.367242 ], [ -70.049789, 9.366316 ], [ -70.050133, 9.366062 ], [ -70.050300, 9.365934 ], [ -70.050819, 9.365481 ], [ -70.051262, 9.365073 ], [ -70.051735, 9.364619 ], [ -70.052391, 9.364101 ], [ -70.053139, 9.363557 ], [ -70.053764, 9.363130 ], [ -70.054398, 9.362730 ], [ -70.055054, 9.362276 ], [ -70.055725, 9.361849 ], [ -70.057503, 9.361048 ], [ -70.058319, 9.360630 ], [ -70.058830, 9.360356 ], [ -70.059593, 9.360029 ], [ -70.060135, 9.359738 ], [ -70.060669, 9.359465 ], [ -70.061180, 9.359156 ], [ -70.061882, 9.358792 ], [ -70.063110, 9.358490 ], [ -70.064003, 9.358026 ], [ -70.064720, 9.357553 ], [ -70.065285, 9.357236 ], [ -70.065750, 9.356873 ], [ -70.067718, 9.355437 ], [ -70.068253, 9.354984 ], [ -70.068726, 9.354486 ], [ -70.069122, 9.353987 ], [ -70.069481, 9.353443 ], [ -70.069786, 9.352936 ], [ -70.070023, 9.352410 ], [ -70.072289, 9.347846 ], [ -70.072838, 9.346596 ], [ -70.073151, 9.345935 ], [ -70.073486, 9.345319 ], [ -70.073883, 9.344721 ], [ -70.074402, 9.344087 ], [ -70.074944, 9.343542 ], [ -70.075531, 9.343025 ], [ -70.076065, 9.342616 ], [ -70.076676, 9.342190 ], [ -70.077377, 9.341654 ], [ -70.078102, 9.341181 ], [ -70.078590, 9.340845 ], [ -70.079247, 9.340436 ], [ -70.079926, 9.340054 ], [ -70.080505, 9.339763 ], [ -70.081108, 9.339436 ], [ -70.081673, 9.339253 ], [ -70.082390, 9.339107 ], [ -70.082970, 9.339024 ], [ -70.083710, 9.338894 ], [ -70.084381, 9.338856 ], [ -70.085052, 9.338890 ], [ -70.085724, 9.338997 ], [ -70.086327, 9.339004 ], [ -70.086884, 9.338848 ], [ -70.087441, 9.338656 ], [ -70.087998, 9.338519 ], [ -70.088547, 9.338119 ], [ -70.088631, 9.338075 ], [ -70.089119, 9.337711 ], [ -70.090576, 9.336450 ], [ -70.091698, 9.335632 ], [ -70.092255, 9.335251 ], [ -70.093147, 9.333358 ], [ -70.093338, 9.333132 ], [ -70.094170, 9.332044 ], [ -70.094650, 9.331283 ], [ -70.095108, 9.330667 ], [ -70.095482, 9.330113 ], [ -70.095871, 9.329560 ], [ -70.097229, 9.327765 ], [ -70.097572, 9.327231 ], [ -70.098144, 9.326425 ], [ -70.098488, 9.325871 ], [ -70.098900, 9.325165 ], [ -70.099251, 9.324657 ], [ -70.099686, 9.324122 ], [ -70.100235, 9.323569 ], [ -70.100609, 9.323062 ], [ -70.100929, 9.322563 ], [ -70.101158, 9.321867 ], [ -70.101296, 9.321269 ], [ -70.101379, 9.320509 ], [ -70.101425, 9.319894 ], [ -70.101463, 9.319117 ], [ -70.101715, 9.317506 ], [ -70.101852, 9.316954 ], [ -70.101982, 9.316357 ], [ -70.102234, 9.315714 ], [ -70.102585, 9.315088 ], [ -70.103043, 9.314518 ], [ -70.104149, 9.313312 ], [ -70.104721, 9.312785 ], [ -70.105301, 9.312186 ], [ -70.107094, 9.310453 ], [ -70.107559, 9.310045 ], [ -70.107971, 9.309646 ], [ -70.109169, 9.308449 ], [ -70.109550, 9.307940 ], [ -70.110481, 9.306699 ], [ -70.110825, 9.306173 ], [ -70.110962, 9.305576 ], [ -70.111092, 9.304771 ], [ -70.111252, 9.303532 ], [ -70.111366, 9.302880 ], [ -70.111450, 9.302130 ], [ -70.111496, 9.301406 ], [ -70.111496, 9.301370 ], [ -70.111282, 9.299896 ], [ -70.111160, 9.299300 ], [ -70.110695, 9.298686 ], [ -70.110275, 9.298182 ], [ -70.109184, 9.297217 ], [ -70.107788, 9.296190 ], [ -70.107254, 9.295758 ], [ -70.106674, 9.295371 ], [ -70.106026, 9.295030 ], [ -70.105514, 9.294778 ], [ -70.105026, 9.294454 ], [ -70.104538, 9.294111 ], [ -70.104149, 9.293706 ], [ -70.103561, 9.293011 ], [ -70.103188, 9.292488 ], [ -70.102791, 9.291964 ], [ -70.101822, 9.291181 ], [ -70.101265, 9.290866 ], [ -70.100151, 9.290200 ], [ -70.099640, 9.289949 ], [ -70.098992, 9.289679 ], [ -70.098434, 9.289383 ], [ -70.097946, 9.289085 ], [ -70.097389, 9.288716 ], [ -70.096855, 9.288420 ], [ -70.096153, 9.288078 ], [ -70.095573, 9.287764 ], [ -70.094925, 9.287513 ], [ -70.094208, 9.287216 ], [ -70.093582, 9.286946 ], [ -70.092957, 9.286623 ], [ -70.092400, 9.286353 ], [ -70.091217, 9.285806 ], [ -70.090614, 9.285509 ], [ -70.089897, 9.285186 ], [ -70.089218, 9.284843 ], [ -70.087990, 9.284395 ], [ -70.087296, 9.284280 ], [ -70.086693, 9.284209 ], [ -70.085236, 9.284169 ], [ -70.083084, 9.284275 ], [ -70.081718, 9.284369 ], [ -70.080841, 9.284462 ], [ -70.080033, 9.284537 ], [ -70.079224, 9.284585 ], [ -70.078598, 9.284632 ], [ -70.077301, 9.284772 ], [ -70.076676, 9.284801 ], [ -70.075981, 9.284920 ], [ -70.074692, 9.285240 ], [ -70.073929, 9.285406 ], [ -70.073257, 9.285525 ], [ -70.072678, 9.285572 ], [ -70.071869, 9.285620 ], [ -70.071197, 9.285649 ], [ -70.069763, 9.285770 ], [ -70.069023, 9.285791 ], [ -70.068329, 9.285730 ], [ -70.067589, 9.285705 ], [ -70.066917, 9.285599 ], [ -70.066246, 9.285456 ], [ -70.065552, 9.285187 ], [ -70.064972, 9.284890 ], [ -70.064270, 9.284431 ], [ -70.063759, 9.284071 ], [ -70.063339, 9.283538 ], [ -70.063042, 9.283032 ], [ -70.062782, 9.282464 ], [ -70.062546, 9.281777 ], [ -70.062401, 9.281090 ], [ -70.062332, 9.280466 ], [ -70.062218, 9.279824 ], [ -70.061653, 9.278172 ], [ -70.061485, 9.277575 ], [ -70.061318, 9.276888 ], [ -70.060867, 9.274566 ], [ -70.060799, 9.273787 ], [ -70.060699, 9.273147 ], [ -70.060608, 9.272432 ], [ -70.060554, 9.271817 ], [ -70.060554, 9.271012 ], [ -70.060593, 9.270298 ], [ -70.060593, 9.269610 ], [ -70.060661, 9.268806 ], [ -70.060699, 9.268073 ], [ -70.060791, 9.267430 ], [ -70.060951, 9.266833 ], [ -70.061089, 9.266281 ], [ -70.061264, 9.265657 ], [ -70.061768, 9.264254 ], [ -70.061928, 9.263566 ], [ -70.062202, 9.262787 ], [ -70.062660, 9.261882 ], [ -70.063072, 9.261220 ], [ -70.063370, 9.260531 ], [ -70.063690, 9.259907 ], [ -70.064568, 9.258503 ], [ -70.065208, 9.257578 ], [ -70.065529, 9.256845 ], [ -70.065620, 9.256066 ], [ -70.065590, 9.255380 ], [ -70.065521, 9.254665 ], [ -70.065567, 9.253996 ], [ -70.065697, 9.253082 ], [ -70.065880, 9.252276 ], [ -70.066131, 9.251490 ], [ -70.066475, 9.250638 ], [ -70.066795, 9.250022 ], [ -70.067161, 9.249397 ], [ -70.067596, 9.248872 ], [ -70.068199, 9.248273 ], [ -70.068840, 9.247828 ], [ -70.070183, 9.247091 ], [ -70.070808, 9.246764 ], [ -70.071358, 9.246509 ], [ -70.072006, 9.246254 ], [ -70.072815, 9.246098 ], [ -70.073395, 9.246023 ], [ -70.074066, 9.245650 ], [ -70.074570, 9.245097 ], [ -70.074982, 9.244572 ], [ -70.075562, 9.244019 ], [ -70.076157, 9.243510 ], [ -70.077103, 9.242820 ], [ -70.077682, 9.242375 ], [ -70.078095, 9.241985 ], [ -70.078438, 9.241523 ], [ -70.078857, 9.240862 ], [ -70.079155, 9.240355 ], [ -70.079407, 9.239819 ], [ -70.080177, 9.237340 ], [ -70.080337, 9.236770 ], [ -70.080772, 9.235638 ], [ -70.081276, 9.234921 ], [ -70.081947, 9.234513 ], [ -70.082573, 9.234302 ], [ -70.083199, 9.234048 ], [ -70.083748, 9.233585 ], [ -70.084305, 9.233005 ], [ -70.084717, 9.232596 ], [ -70.085388, 9.232133 ], [ -70.085983, 9.231851 ], [ -70.086563, 9.231596 ], [ -70.087669, 9.230932 ], [ -70.088295, 9.230577 ], [ -70.088982, 9.230277 ], [ -70.089607, 9.229977 ], [ -70.090164, 9.229631 ], [ -70.090759, 9.229331 ], [ -70.091477, 9.229121 ], [ -70.092171, 9.228821 ], [ -70.092773, 9.228385 ], [ -70.093323, 9.227895 ], [ -70.093742, 9.227487 ], [ -70.094154, 9.226997 ], [ -70.094566, 9.226426 ], [ -70.094910, 9.225891 ], [ -70.095184, 9.225248 ], [ -70.095314, 9.224858 ], [ -70.095551, 9.224035 ], [ -70.095711, 9.223339 ], [ -70.095726, 9.222742 ], [ -70.095680, 9.222100 ], [ -70.095489, 9.221277 ], [ -70.095352, 9.220500 ], [ -70.095162, 9.219759 ], [ -70.094643, 9.218133 ], [ -70.094383, 9.217628 ], [ -70.093781, 9.216183 ], [ -70.093262, 9.215425 ], [ -70.092918, 9.214946 ], [ -70.092567, 9.214305 ], [ -70.092102, 9.213637 ], [ -70.091614, 9.213141 ], [ -70.091225, 9.212841 ], [ -70.091080, 9.212727 ], [ -70.090378, 9.212250 ], [ -70.089683, 9.211926 ], [ -70.089126, 9.211765 ], [ -70.088409, 9.211587 ], [ -70.087692, 9.211426 ], [ -70.087090, 9.211274 ], [ -70.086395, 9.211023 ], [ -70.084404, 9.210061 ], [ -70.083870, 9.209882 ], [ -70.083221, 9.209722 ], [ -70.082504, 9.209705 ], [ -70.081856, 9.209707 ], [ -70.081207, 9.209782 ], [ -70.079819, 9.210039 ], [ -70.079033, 9.210150 ], [ -70.078430, 9.210106 ], [ -70.077759, 9.209792 ], [ -70.077179, 9.209332 ], [ -70.076645, 9.208945 ], [ -70.075997, 9.208441 ], [ -70.075394, 9.207846 ], [ -70.074928, 9.207458 ], [ -70.074463, 9.207044 ], [ -70.073974, 9.206656 ], [ -70.073372, 9.206151 ], [ -70.072716, 9.205747 ], [ -70.072159, 9.205378 ], [ -70.071488, 9.204855 ], [ -70.070953, 9.204468 ], [ -70.070068, 9.203638 ], [ -70.069679, 9.203133 ], [ -70.069237, 9.202384 ], [ -70.069000, 9.201787 ], [ -70.068810, 9.201119 ], [ -70.068321, 9.199674 ], [ -70.067993, 9.199050 ], [ -70.067642, 9.198409 ], [ -70.067406, 9.197886 ], [ -70.067238, 9.197108 ], [ -70.067169, 9.196412 ], [ -70.067070, 9.195635 ], [ -70.066979, 9.195011 ], [ -70.066902, 9.194188 ], [ -70.066902, 9.193619 ], [ -70.066971, 9.193040 ], [ -70.066986, 9.192235 ], [ -70.066986, 9.191412 ], [ -70.066910, 9.190724 ], [ -70.066818, 9.190010 ], [ -70.066765, 9.189342 ], [ -70.066696, 9.188682 ], [ -70.066666, 9.188058 ], [ -70.066666, 9.187461 ], [ -70.066773, 9.186520 ], [ -70.066841, 9.185597 ], [ -70.066841, 9.184982 ], [ -70.066765, 9.184403 ], [ -70.066628, 9.183789 ], [ -70.066254, 9.183284 ], [ -70.065536, 9.183123 ], [ -70.064797, 9.183126 ], [ -70.064194, 9.183245 ], [ -70.063591, 9.183337 ], [ -70.063057, 9.183067 ], [ -70.062637, 9.182471 ], [ -70.062332, 9.181875 ], [ -70.062126, 9.181252 ], [ -70.061958, 9.180683 ], [ -70.061768, 9.179969 ], [ -70.061584, 9.179418 ], [ -70.061279, 9.178795 ], [ -70.060951, 9.178271 ], [ -70.060417, 9.177703 ], [ -70.059997, 9.177306 ], [ -70.059792, 9.177126 ], [ -70.059189, 9.176648 ], [ -70.058746, 9.176188 ], [ -70.058327, 9.175683 ], [ -70.057373, 9.174683 ], [ -70.056885, 9.174105 ], [ -70.056511, 9.173627 ], [ -70.055931, 9.173032 ], [ -70.055306, 9.172482 ], [ -70.054749, 9.171905 ], [ -70.053726, 9.170877 ], [ -70.053238, 9.170372 ], [ -70.052727, 9.169894 ], [ -70.052284, 9.169434 ], [ -70.051094, 9.168344 ], [ -70.050583, 9.167929 ], [ -70.049911, 9.167243 ], [ -70.049240, 9.166621 ], [ -70.048821, 9.166216 ], [ -70.048332, 9.165547 ], [ -70.047890, 9.164817 ], [ -70.047539, 9.164330 ], [ -70.047028, 9.163689 ], [ -70.046562, 9.163183 ], [ -70.046074, 9.162687 ], [ -70.045586, 9.162201 ], [ -70.045006, 9.161814 ], [ -70.044495, 9.161498 ], [ -70.043892, 9.160967 ], [ -70.043449, 9.160606 ], [ -70.042541, 9.159641 ], [ -70.041870, 9.158730 ], [ -70.041496, 9.158061 ], [ -70.041145, 9.157393 ], [ -70.040886, 9.156733 ], [ -70.040703, 9.155993 ], [ -70.040481, 9.154547 ], [ -70.040481, 9.153886 ], [ -70.040573, 9.153198 ], [ -70.040756, 9.152456 ], [ -70.041000, 9.151705 ], [ -70.041374, 9.151008 ], [ -70.041809, 9.150319 ], [ -70.042359, 9.149649 ], [ -70.042892, 9.149032 ], [ -70.043419, 9.148343 ], [ -70.043945, 9.147627 ], [ -70.044426, 9.146956 ], [ -70.044983, 9.146240 ], [ -70.045418, 9.145598 ], [ -70.045830, 9.144909 ], [ -70.046127, 9.144239 ], [ -70.046379, 9.143487 ], [ -70.046539, 9.142836 ], [ -70.046654, 9.142221 ], [ -70.046883, 9.141342 ], [ -70.047218, 9.140401 ], [ -70.047539, 9.139713 ], [ -70.047913, 9.139043 ], [ -70.048324, 9.138399 ], [ -70.048851, 9.137638 ], [ -70.049652, 9.136605 ], [ -70.050758, 9.135336 ], [ -70.051292, 9.134783 ], [ -70.051659, 9.134347 ], [ -70.052048, 9.133840 ], [ -70.052574, 9.133016 ], [ -70.053040, 9.132417 ], [ -70.053452, 9.131909 ], [ -70.053863, 9.131465 ], [ -70.054947, 9.130359 ], [ -70.055595, 9.129760 ], [ -70.056190, 9.129252 ], [ -70.056679, 9.128817 ], [ -70.057228, 9.128444 ], [ -70.057785, 9.128125 ], [ -70.058494, 9.127752 ], [ -70.059029, 9.127453 ], [ -70.059677, 9.126971 ], [ -70.060226, 9.126464 ], [ -70.060661, 9.125974 ], [ -70.060944, 9.125448 ], [ -70.061218, 9.124805 ], [ -70.061531, 9.124118 ], [ -70.061928, 9.123375 ], [ -70.062386, 9.122668 ], [ -70.062774, 9.122043 ], [ -70.063141, 9.121581 ], [ -70.063995, 9.120565 ], [ -70.064476, 9.119967 ], [ -70.064957, 9.119278 ], [ -70.065788, 9.118037 ], [ -70.066383, 9.117257 ], [ -70.067032, 9.116605 ], [ -70.067375, 9.116124 ], [ -70.068413, 9.115018 ], [ -70.068825, 9.114600 ], [ -70.069977, 9.113539 ], [ -70.070686, 9.112922 ], [ -70.072304, 9.111262 ], [ -70.072876, 9.110727 ], [ -70.073410, 9.110291 ], [ -70.074356, 9.109601 ], [ -70.074997, 9.109138 ], [ -70.075531, 9.108811 ], [ -70.076172, 9.108376 ], [ -70.076820, 9.107912 ], [ -70.078545, 9.106596 ], [ -70.079933, 9.105633 ], [ -70.080574, 9.105143 ], [ -70.081223, 9.104679 ], [ -70.081749, 9.104244 ], [ -70.082237, 9.103881 ], [ -70.082901, 9.103300 ], [ -70.083549, 9.102774 ], [ -70.084244, 9.102147 ], [ -70.084793, 9.101775 ], [ -70.085304, 9.101475 ], [ -70.085854, 9.101085 ], [ -70.086365, 9.100694 ], [ -70.086937, 9.100367 ], [ -70.087517, 9.100021 ], [ -70.088089, 9.099631 ], [ -70.089477, 9.098660 ], [ -70.090004, 9.098314 ], [ -70.091576, 9.097459 ], [ -70.092430, 9.096969 ], [ -70.093376, 9.096468 ], [ -70.096374, 9.094940 ], [ -70.097000, 9.094594 ], [ -70.097504, 9.094339 ], [ -70.098106, 9.094012 ], [ -70.099075, 9.093530 ], [ -70.100876, 9.092674 ], [ -70.102394, 9.091955 ], [ -70.103294, 9.091555 ], [ -70.104660, 9.091117 ], [ -70.105209, 9.090952 ], [ -70.105766, 9.090815 ], [ -70.106506, 9.090677 ], [ -70.107963, 9.090347 ], [ -70.108887, 9.090118 ], [ -70.109490, 9.089953 ], [ -70.111801, 9.089458 ], [ -70.112442, 9.089366 ], [ -70.113022, 9.089229 ], [ -70.113716, 9.089135 ], [ -70.114388, 9.089034 ], [ -70.114990, 9.088969 ], [ -70.115684, 9.089012 ], [ -70.116814, 9.089190 ], [ -70.117630, 9.089350 ], [ -70.118324, 9.089457 ], [ -70.118919, 9.089500 ], [ -70.119591, 9.089435 ], [ -70.120399, 9.089341 ], [ -70.121834, 9.089057 ], [ -70.123131, 9.088917 ], [ -70.123940, 9.088861 ], [ -70.124588, 9.088795 ], [ -70.125328, 9.088765 ], [ -70.126160, 9.088745 ], [ -70.126808, 9.088743 ], [ -70.127457, 9.088687 ], [ -70.129303, 9.088617 ], [ -70.129974, 9.088498 ], [ -70.131752, 9.088212 ], [ -70.132561, 9.088029 ], [ -70.133720, 9.087745 ], [ -70.135521, 9.087396 ], [ -70.136070, 9.087276 ], [ -70.136810, 9.087093 ], [ -70.137550, 9.086883 ], [ -70.138428, 9.086609 ], [ -70.139030, 9.086444 ], [ -70.139931, 9.086206 ], [ -70.140556, 9.086068 ], [ -70.141228, 9.085931 ], [ -70.142754, 9.085691 ], [ -70.143654, 9.085580 ], [ -70.144211, 9.085478 ], [ -70.145111, 9.085340 ], [ -70.145706, 9.085220 ], [ -70.147278, 9.084826 ], [ -70.148110, 9.084598 ], [ -70.148827, 9.084433 ], [ -70.149452, 9.084313 ], [ -70.150170, 9.084148 ], [ -70.150887, 9.083893 ], [ -70.151665, 9.083637 ], [ -70.152550, 9.083408 ], [ -70.153099, 9.083243 ], [ -70.153725, 9.083106 ], [ -70.154510, 9.082895 ], [ -70.155754, 9.082494 ], [ -70.156403, 9.082248 ], [ -70.156891, 9.081921 ], [ -70.157303, 9.081503 ], [ -70.157600, 9.081023 ], [ -70.157784, 9.080353 ], [ -70.157822, 9.079738 ], [ -70.157822, 9.079160 ], [ -70.157585, 9.077650 ], [ -70.157555, 9.076936 ], [ -70.157669, 9.076148 ], [ -70.157898, 9.075487 ], [ -70.158241, 9.074727 ], [ -70.158630, 9.074202 ], [ -70.159157, 9.073530 ], [ -70.159576, 9.073113 ], [ -70.160149, 9.072722 ], [ -70.160751, 9.072467 ], [ -70.161400, 9.072285 ], [ -70.161995, 9.072138 ], [ -70.162849, 9.071972 ], [ -70.163658, 9.071906 ], [ -70.164490, 9.071759 ], [ -70.165138, 9.071621 ], [ -70.165718, 9.071484 ], [ -70.166412, 9.071301 ], [ -70.167007, 9.071064 ], [ -70.167656, 9.070790 ], [ -70.168281, 9.070463 ], [ -70.168877, 9.070072 ], [ -70.169479, 9.069609 ], [ -70.169983, 9.069237 ], [ -70.170540, 9.068846 ], [ -70.171761, 9.067902 ], [ -70.172981, 9.066794 ], [ -70.173599, 9.066331 ], [ -70.174088, 9.066004 ], [ -70.174591, 9.065686 ], [ -70.175263, 9.065295 ], [ -70.175820, 9.065040 ], [ -70.177017, 9.064620 ], [ -70.177711, 9.064410 ], [ -70.179237, 9.063971 ], [ -70.181450, 9.063268 ], [ -70.182167, 9.063084 ], [ -70.182976, 9.062846 ], [ -70.183647, 9.062663 ], [ -70.184219, 9.062526 ], [ -70.185722, 9.062196 ], [ -70.186371, 9.062121 ], [ -70.187553, 9.062027 ], [ -70.188171, 9.061934 ], [ -70.188980, 9.061750 ], [ -70.189651, 9.061541 ], [ -70.190826, 9.061212 ], [ -70.192284, 9.060773 ], [ -70.193024, 9.060625 ], [ -70.193695, 9.060514 ], [ -70.195130, 9.060067 ], [ -70.195679, 9.059839 ], [ -70.196213, 9.059602 ], [ -70.197296, 9.059047 ], [ -70.197845, 9.058774 ], [ -70.198959, 9.058354 ], [ -70.199669, 9.058189 ], [ -70.200348, 9.057879 ], [ -70.200928, 9.057932 ], [ -70.201416, 9.058093 ], [ -70.201920, 9.058245 ], [ -70.202522, 9.058406 ], [ -70.203255, 9.058629 ], [ -70.203857, 9.058790 ], [ -70.204452, 9.059051 ], [ -70.205055, 9.059248 ], [ -70.205841, 9.059281 ], [ -70.206787, 9.059178 ], [ -70.207390, 9.059132 ], [ -70.207970, 9.059048 ], [ -70.208504, 9.058892 ], [ -70.209923, 9.058544 ], [ -70.210663, 9.058325 ], [ -70.211426, 9.058196 ], [ -70.212257, 9.058256 ], [ -70.213806, 9.058387 ], [ -70.215332, 9.058544 ], [ -70.216187, 9.058650 ], [ -70.217186, 9.058701 ], [ -70.218292, 9.058860 ], [ -70.219330, 9.059073 ], [ -70.220253, 9.059432 ], [ -70.221008, 9.059764 ], [ -70.221771, 9.060142 ], [ -70.222527, 9.060564 ], [ -70.223579, 9.061239 ], [ -70.224205, 9.061571 ], [ -70.224640, 9.061877 ], [ -70.225098, 9.062183 ], [ -70.225624, 9.062489 ], [ -70.226090, 9.062696 ], [ -70.227531, 9.063568 ], [ -70.228569, 9.063990 ], [ -70.229057, 9.064204 ], [ -70.229858, 9.064509 ], [ -70.230438, 9.064616 ], [ -70.231033, 9.064776 ], [ -70.231545, 9.064947 ], [ -70.232170, 9.065089 ], [ -70.232834, 9.065196 ], [ -70.233459, 9.065203 ], [ -70.233971, 9.065165 ], [ -70.234856, 9.064918 ], [ -70.235710, 9.064652 ], [ -70.236313, 9.064343 ], [ -70.236900, 9.064025 ], [ -70.237549, 9.063687 ], [ -70.238319, 9.063197 ], [ -70.239090, 9.062724 ], [ -70.240021, 9.062088 ], [ -70.240654, 9.061453 ], [ -70.240959, 9.061018 ], [ -70.241409, 9.060247 ], [ -70.241760, 9.059514 ], [ -70.242073, 9.058961 ], [ -70.242538, 9.058399 ], [ -70.243172, 9.057782 ], [ -70.243874, 9.057237 ], [ -70.245155, 9.056382 ], [ -70.245689, 9.055974 ], [ -70.246132, 9.055683 ], [ -70.246811, 9.055093 ], [ -70.247513, 9.054529 ], [ -70.248077, 9.053913 ], [ -70.248543, 9.053233 ], [ -70.248970, 9.052680 ], [ -70.249413, 9.052018 ], [ -70.249794, 9.051501 ], [ -70.250328, 9.050858 ], [ -70.250847, 9.050159 ], [ -70.251076, 9.049875 ], [ -70.251412, 9.049452 ], [ -70.251785, 9.048926 ], [ -70.252235, 9.048383 ], [ -70.252770, 9.047792 ], [ -70.253265, 9.047221 ], [ -70.253708, 9.046767 ], [ -70.255707, 9.044401 ], [ -70.256828, 9.043242 ], [ -70.257362, 9.042813 ], [ -70.258064, 9.042361 ], [ -70.258553, 9.042069 ], [ -70.259255, 9.041549 ], [ -70.259651, 9.041210 ], [ -70.260231, 9.040803 ], [ -70.260765, 9.040557 ], [ -70.261559, 9.040360 ], [ -70.262596, 9.040279 ], [ -70.263107, 9.040263 ], [ -70.264633, 9.040144 ], [ -70.265373, 9.040061 ], [ -70.266190, 9.039956 ], [ -70.266952, 9.039690 ], [ -70.267860, 9.039288 ], [ -70.269394, 9.038479 ], [ -70.269913, 9.038117 ], [ -70.270401, 9.037756 ], [ -70.271050, 9.037305 ], [ -70.271500, 9.036874 ], [ -70.272530, 9.035828 ], [ -70.273086, 9.035674 ], [ -70.273964, 9.035569 ], [ -70.274521, 9.035669 ], [ -70.275047, 9.035675 ], [ -70.275559, 9.035705 ], [ -70.276138, 9.035804 ], [ -70.276665, 9.035947 ], [ -70.277611, 9.036119 ], [ -70.278374, 9.036382 ], [ -70.279015, 9.036712 ], [ -70.279961, 9.037090 ], [ -70.280586, 9.037305 ], [ -70.281571, 9.037594 ], [ -70.282959, 9.037885 ], [ -70.283836, 9.038057 ], [ -70.284363, 9.038178 ], [ -70.285034, 9.038279 ], [ -70.285568, 9.038490 ], [ -70.286186, 9.038683 ], [ -70.287346, 9.038790 ], [ -70.288544, 9.038688 ], [ -70.289612, 9.038448 ], [ -70.290474, 9.038321 ], [ -70.291092, 9.038375 ], [ -70.292229, 9.038297 ], [ -70.292740, 9.038280 ], [ -70.293381, 9.038403 ], [ -70.294006, 9.038617 ], [ -70.294510, 9.038945 ], [ -70.294991, 9.039295 ], [ -70.295608, 9.039877 ], [ -70.296158, 9.040527 ], [ -70.296524, 9.041106 ], [ -70.296814, 9.041684 ], [ -70.297157, 9.042423 ], [ -70.297470, 9.043002 ], [ -70.297859, 9.043627 ], [ -70.298271, 9.044160 ], [ -70.298698, 9.044667 ], [ -70.299225, 9.045162 ], [ -70.299866, 9.045811 ], [ -70.300255, 9.046163 ], [ -70.301064, 9.046811 ], [ -70.301682, 9.047369 ], [ -70.302117, 9.047657 ], [ -70.302689, 9.047936 ], [ -70.303314, 9.048150 ], [ -70.304024, 9.048365 ], [ -70.305504, 9.048595 ], [ -70.306221, 9.048692 ], [ -70.307625, 9.049003 ], [ -70.308456, 9.049135 ], [ -70.309105, 9.049305 ], [ -70.309868, 9.049474 ], [ -70.310486, 9.049571 ], [ -70.311943, 9.049819 ], [ -70.312706, 9.050007 ], [ -70.313553, 9.050275 ], [ -70.314385, 9.050579 ], [ -70.315308, 9.050938 ], [ -70.315857, 9.051270 ], [ -70.316940, 9.051971 ], [ -70.317444, 9.052278 ], [ -70.317901, 9.052647 ], [ -70.318451, 9.052979 ], [ -70.318931, 9.053258 ], [ -70.319649, 9.053544 ], [ -70.320457, 9.053939 ], [ -70.321144, 9.054109 ], [ -70.321678, 9.054252 ], [ -70.322388, 9.054493 ], [ -70.323913, 9.054786 ], [ -70.324745, 9.054801 ], [ -70.325485, 9.054988 ], [ -70.326042, 9.054996 ], [ -70.326919, 9.054848 ], [ -70.327522, 9.054899 ], [ -70.328217, 9.054996 ], [ -70.328972, 9.055165 ], [ -70.329529, 9.055272 ], [ -70.330078, 9.055532 ], [ -70.331139, 9.056387 ], [ -70.331550, 9.056810 ], [ -70.332603, 9.057829 ], [ -70.333473, 9.058468 ], [ -70.334877, 9.059360 ], [ -70.336853, 9.060915 ], [ -70.337456, 9.061324 ], [ -70.337944, 9.061616 ], [ -70.338684, 9.061966 ], [ -70.339264, 9.062190 ], [ -70.339958, 9.062441 ], [ -70.340538, 9.062619 ], [ -70.341393, 9.062779 ], [ -70.342133, 9.062821 ], [ -70.343613, 9.062817 ], [ -70.344215, 9.062741 ], [ -70.345390, 9.062323 ], [ -70.345970, 9.062137 ], [ -70.346642, 9.061883 ], [ -70.347305, 9.061537 ], [ -70.348411, 9.060908 ], [ -70.349663, 9.060307 ], [ -70.350372, 9.059979 ], [ -70.351158, 9.059681 ], [ -70.351875, 9.059424 ], [ -70.352478, 9.059284 ], [ -70.353119, 9.059164 ], [ -70.353905, 9.059002 ], [ -70.354553, 9.058908 ], [ -70.355179, 9.058837 ], [ -70.355759, 9.058838 ], [ -70.356430, 9.058877 ], [ -70.357330, 9.059079 ], [ -70.358025, 9.059327 ], [ -70.358742, 9.059605 ], [ -70.359390, 9.059783 ], [ -70.361481, 9.060508 ], [ -70.362152, 9.060758 ], [ -70.363350, 9.061052 ], [ -70.363907, 9.061141 ], [ -70.364578, 9.061185 ], [ -70.365829, 9.061339 ], [ -70.367126, 9.061540 ], [ -70.367683, 9.061651 ], [ -70.368378, 9.061855 ], [ -70.368980, 9.062083 ], [ -70.369583, 9.062331 ], [ -70.370186, 9.062519 ], [ -70.370972, 9.062534 ], [ -70.371552, 9.062505 ], [ -70.372864, 9.062364 ], [ -70.373444, 9.062316 ], [ -70.374115, 9.062242 ], [ -70.374672, 9.062150 ], [ -70.375290, 9.062032 ], [ -70.375847, 9.061938 ], [ -70.376427, 9.061821 ], [ -70.376999, 9.061658 ], [ -70.377579, 9.061469 ], [ -70.378227, 9.061193 ], [ -70.379059, 9.060912 ], [ -70.379745, 9.060657 ], [ -70.380974, 9.060055 ], [ -70.381592, 9.059685 ], [ -70.382217, 9.059200 ], [ -70.382721, 9.058764 ], [ -70.383110, 9.058347 ], [ -70.383667, 9.057820 ], [ -70.384514, 9.056893 ], [ -70.385063, 9.056359 ], [ -70.385620, 9.055947 ], [ -70.386520, 9.055603 ], [ -70.387115, 9.055393 ], [ -70.387856, 9.055200 ], [ -70.388458, 9.055108 ], [ -70.389939, 9.055030 ], [ -70.390747, 9.054937 ], [ -70.391327, 9.054889 ], [ -70.391998, 9.054816 ], [ -70.394165, 9.054302 ], [ -70.394791, 9.054162 ], [ -70.395363, 9.053861 ], [ -70.396011, 9.053469 ], [ -70.396492, 9.053033 ], [ -70.396934, 9.052480 ], [ -70.397178, 9.051873 ], [ -70.397225, 9.051280 ], [ -70.397171, 9.049993 ], [ -70.397072, 9.048338 ], [ -70.396996, 9.047653 ], [ -70.397064, 9.047032 ], [ -70.397316, 9.046501 ], [ -70.397705, 9.045882 ], [ -70.398163, 9.045530 ], [ -70.398743, 9.045257 ], [ -70.399361, 9.045002 ], [ -70.399849, 9.044702 ], [ -70.400353, 9.044220 ], [ -70.400528, 9.044067 ], [ -70.401047, 9.043616 ], [ -70.401687, 9.043085 ], [ -70.402244, 9.042646 ], [ -70.402748, 9.042346 ], [ -70.403809, 9.041836 ], [ -70.404366, 9.041534 ], [ -70.404892, 9.041164 ], [ -70.406387, 9.039872 ], [ -70.406922, 9.039365 ], [ -70.407517, 9.038857 ], [ -70.407928, 9.038465 ], [ -70.408531, 9.037956 ], [ -70.410118, 9.036549 ], [ -70.410553, 9.036180 ], [ -70.411156, 9.035831 ], [ -70.411797, 9.035507 ], [ -70.412537, 9.035207 ], [ -70.413185, 9.034905 ], [ -70.413666, 9.034558 ], [ -70.414681, 9.033657 ], [ -70.415161, 9.033174 ], [ -70.415642, 9.032804 ], [ -70.416244, 9.032433 ], [ -70.416779, 9.032156 ], [ -70.417374, 9.031809 ], [ -70.417740, 9.031440 ], [ -70.418297, 9.030954 ], [ -70.418777, 9.030494 ], [ -70.419258, 9.030102 ], [ -70.419747, 9.029800 ], [ -70.420387, 9.029429 ], [ -70.421059, 9.029151 ], [ -70.421753, 9.028918 ], [ -70.423042, 9.028545 ], [ -70.423736, 9.028381 ], [ -70.424385, 9.028309 ], [ -70.425171, 9.028191 ], [ -70.426048, 9.028095 ], [ -70.427109, 9.027953 ], [ -70.427940, 9.027765 ], [ -70.428818, 9.027532 ], [ -70.429649, 9.027252 ], [ -70.431084, 9.026833 ], [ -70.431846, 9.026669 ], [ -70.433205, 9.026548 ], [ -70.434082, 9.026451 ], [ -70.434936, 9.026311 ], [ -70.435677, 9.026238 ], [ -70.436996, 9.026140 ], [ -70.438591, 9.026133 ], [ -70.440117, 9.026172 ], [ -70.440811, 9.026123 ], [ -70.441437, 9.025844 ], [ -70.441963, 9.025406 ], [ -70.442535, 9.024898 ], [ -70.443024, 9.024505 ], [ -70.443764, 9.024042 ], [ -70.444542, 9.023740 ], [ -70.445259, 9.023553 ], [ -70.447220, 9.023108 ], [ -70.447891, 9.023036 ], [ -70.448563, 9.022850 ], [ -70.449120, 9.022594 ], [ -70.449623, 9.022340 ], [ -70.450104, 9.022038 ], [ -70.450683, 9.021485 ], [ -70.451118, 9.021023 ], [ -70.451622, 9.020424 ], [ -70.452179, 9.019939 ], [ -70.452820, 9.019500 ], [ -70.453445, 9.019154 ], [ -70.454140, 9.018827 ], [ -70.454735, 9.018504 ], [ -70.456413, 9.017187 ], [ -70.456901, 9.016887 ], [ -70.457451, 9.016631 ], [ -70.458008, 9.016445 ], [ -70.458679, 9.016304 ], [ -70.459228, 9.016164 ], [ -70.459854, 9.016068 ], [ -70.460526, 9.015997 ], [ -70.461288, 9.015879 ], [ -70.461868, 9.015830 ], [ -70.462486, 9.015805 ], [ -70.463112, 9.015824 ], [ -70.463715, 9.015867 ], [ -70.464294, 9.015934 ], [ -70.465797, 9.016248 ], [ -70.466514, 9.016291 ], [ -70.467346, 9.016195 ], [ -70.467995, 9.015986 ], [ -70.468735, 9.015799 ], [ -70.469520, 9.015749 ], [ -70.470192, 9.015769 ], [ -70.471001, 9.015835 ], [ -70.471809, 9.015784 ], [ -70.472458, 9.015689 ], [ -70.473221, 9.015916 ], [ -70.473961, 9.016026 ], [ -70.474518, 9.016162 ], [ -70.475044, 9.016343 ], [ -70.475624, 9.016501 ], [ -70.476295, 9.016590 ], [ -70.477150, 9.016655 ], [ -70.477776, 9.016605 ], [ -70.478401, 9.016397 ], [ -70.479164, 9.016071 ], [ -70.479736, 9.015793 ], [ -70.480385, 9.015446 ], [ -70.481094, 9.014960 ], [ -70.481743, 9.014636 ], [ -70.482529, 9.014311 ], [ -70.483147, 9.014078 ], [ -70.483726, 9.013754 ], [ -70.484299, 9.013315 ], [ -70.484901, 9.012898 ], [ -70.485405, 9.012598 ], [ -70.486214, 9.012320 ], [ -70.486816, 9.012247 ], [ -70.487396, 9.012245 ], [ -70.487831, 9.011875 ], [ -70.488197, 9.011437 ], [ -70.488732, 9.011022 ], [ -70.489304, 9.010720 ], [ -70.490066, 9.010441 ], [ -70.490715, 9.010117 ], [ -70.491264, 9.009700 ], [ -70.491791, 9.009238 ], [ -70.492348, 9.008685 ], [ -70.492851, 9.008224 ], [ -70.493309, 9.007761 ], [ -70.493858, 9.007231 ], [ -70.494415, 9.006654 ], [ -70.495445, 9.005478 ], [ -70.495956, 9.005017 ], [ -70.496460, 9.004532 ], [ -70.497658, 9.003470 ], [ -70.498116, 9.003078 ], [ -70.498733, 9.002592 ], [ -70.499222, 9.002269 ], [ -70.499863, 9.001967 ], [ -70.499992, 9.001940 ], [ -70.500076, 9.001888 ], [ -70.500160, 9.001787 ], [ -70.500191, 9.001716 ], [ -70.500191, 9.001635 ], [ -70.500153, 9.001573 ], [ -70.500030, 9.001482 ], [ -70.499992, 9.001365 ], [ -70.499992, 9.001297 ], [ -70.500000, 9.001270 ], [ -70.500221, 9.001216 ], [ -70.500839, 9.001121 ], [ -70.501572, 9.000981 ], [ -70.502144, 9.000756 ], [ -70.502709, 9.000439 ], [ -70.503265, 9.000026 ], [ -70.503418, 8.999841 ], [ -70.503533, 8.999450 ], [ -70.504814, 8.997248 ], [ -70.505356, 8.996367 ], [ -70.505852, 8.995486 ], [ -70.506325, 8.994537 ], [ -70.506661, 8.993751 ], [ -70.506996, 8.993056 ], [ -70.507309, 8.992385 ], [ -70.507713, 8.991690 ], [ -70.508072, 8.991041 ], [ -70.508385, 8.990438 ], [ -70.508751, 8.989881 ], [ -70.509178, 8.989302 ], [ -70.509537, 8.988721 ], [ -70.509987, 8.987910 ], [ -70.510551, 8.987006 ], [ -70.511139, 8.986100 ], [ -70.511727, 8.985219 ], [ -70.512726, 8.983940 ], [ -70.514404, 8.981939 ], [ -70.516182, 8.980074 ], [ -70.516953, 8.979351 ], [ -70.517410, 8.978862 ], [ -70.518158, 8.978183 ], [ -70.519692, 8.976919 ], [ -70.520447, 8.976311 ], [ -70.520927, 8.975936 ], [ -70.521660, 8.975397 ], [ -70.522133, 8.975022 ], [ -70.522636, 8.974670 ], [ -70.523231, 8.974155 ], [ -70.523941, 8.973662 ], [ -70.524376, 8.973333 ], [ -70.525017, 8.972957 ], [ -70.525909, 8.972391 ], [ -70.527008, 8.971640 ], [ -70.527489, 8.971333 ], [ -70.528381, 8.970746 ], [ -70.529160, 8.970160 ], [ -70.529686, 8.969808 ], [ -70.530144, 8.969387 ], [ -70.530708, 8.968804 ], [ -70.531258, 8.968153 ], [ -70.531593, 8.967643 ], [ -70.532311, 8.966252 ], [ -70.532646, 8.965627 ], [ -70.532982, 8.964955 ], [ -70.533371, 8.964329 ], [ -70.533775, 8.963749 ], [ -70.534157, 8.963238 ], [ -70.534981, 8.962260 ], [ -70.535820, 8.961398 ], [ -70.536300, 8.960999 ], [ -70.536873, 8.960509 ], [ -70.537605, 8.960107 ], [ -70.539650, 8.959341 ], [ -70.540222, 8.959148 ], [ -70.540886, 8.958839 ], [ -70.541535, 8.958508 ], [ -70.542084, 8.958201 ], [ -70.542610, 8.957894 ], [ -70.543297, 8.957631 ], [ -70.543877, 8.957531 ], [ -70.544663, 8.957451 ], [ -70.546020, 8.957429 ], [ -70.547249, 8.957319 ], [ -70.547867, 8.957172 ], [ -70.548515, 8.956978 ], [ -70.549156, 8.956693 ], [ -70.549354, 8.956578 ], [ -70.549370, 8.956738 ], [ -70.549354, 8.957915 ], [ -70.549400, 8.958510 ], [ -70.549568, 8.959055 ], [ -70.549622, 8.959744 ], [ -70.549728, 8.960316 ], [ -70.549919, 8.961071 ], [ -70.550049, 8.961759 ], [ -70.550484, 8.962924 ], [ -70.550682, 8.963611 ], [ -70.551140, 8.964799 ], [ -70.551476, 8.965597 ], [ -70.552002, 8.966899 ], [ -70.552269, 8.967654 ], [ -70.552437, 8.968247 ], [ -70.552589, 8.969050 ], [ -70.552536, 8.969787 ], [ -70.552399, 8.970317 ], [ -70.552162, 8.971033 ], [ -70.551506, 8.972008 ], [ -70.551163, 8.972610 ], [ -70.550873, 8.973074 ], [ -70.550468, 8.973678 ], [ -70.549721, 8.974861 ], [ -70.549179, 8.975696 ], [ -70.548683, 8.976507 ], [ -70.548142, 8.977321 ], [ -70.547760, 8.977969 ], [ -70.547378, 8.978641 ], [ -70.546722, 8.979892 ], [ -70.546501, 8.980424 ], [ -70.546234, 8.981208 ], [ -70.546104, 8.981785 ], [ -70.545975, 8.982316 ], [ -70.545898, 8.983282 ], [ -70.545822, 8.984065 ], [ -70.545807, 8.984616 ], [ -70.545685, 8.985582 ], [ -70.545555, 8.986390 ], [ -70.545189, 8.988050 ], [ -70.544991, 8.988879 ], [ -70.544777, 8.989640 ], [ -70.544510, 8.990427 ], [ -70.544044, 8.991995 ], [ -70.543434, 8.993957 ], [ -70.543213, 8.994720 ], [ -70.542992, 8.995412 ], [ -70.542663, 8.996773 ], [ -70.542564, 8.997647 ], [ -70.542503, 8.998315 ], [ -70.542473, 8.999326 ], [ -70.542740, 9.000038 ], [ -70.542908, 9.001327 ], [ -70.543320, 9.001935 ], [ -70.543640, 9.002431 ], [ -70.543984, 9.003086 ], [ -70.544327, 9.003788 ], [ -70.544884, 9.005702 ], [ -70.545181, 9.006267 ], [ -70.545586, 9.006806 ], [ -70.546166, 9.007339 ], [ -70.546722, 9.007574 ], [ -70.547378, 9.007782 ], [ -70.548042, 9.008175 ], [ -70.549179, 9.008943 ], [ -70.550598, 9.009932 ], [ -70.551994, 9.010853 ], [ -70.552513, 9.011158 ], [ -70.553055, 9.011393 ], [ -70.553634, 9.011603 ], [ -70.554268, 9.011767 ], [ -70.554985, 9.011722 ], [ -70.555725, 9.011697 ], [ -70.556465, 9.011743 ], [ -70.558075, 9.012197 ], [ -70.558845, 9.012424 ], [ -70.559502, 9.012632 ], [ -70.560150, 9.012795 ], [ -70.560738, 9.012983 ], [ -70.561256, 9.013311 ], [ -70.561821, 9.013638 ], [ -70.562607, 9.014187 ], [ -70.563171, 9.014537 ], [ -70.563782, 9.014862 ], [ -70.564468, 9.015208 ], [ -70.565216, 9.015414 ], [ -70.565979, 9.015481 ], [ -70.566673, 9.015504 ], [ -70.567291, 9.015414 ], [ -70.567940, 9.015256 ], [ -70.569313, 9.014868 ], [ -70.570206, 9.014585 ], [ -70.570961, 9.014422 ], [ -70.571739, 9.014282 ], [ -70.572571, 9.014209 ], [ -70.573357, 9.014161 ], [ -70.574005, 9.014232 ], [ -70.574661, 9.014394 ], [ -70.575295, 9.014673 ], [ -70.575859, 9.015068 ], [ -70.576233, 9.015535 ], [ -70.576271, 9.015584 ], [ -70.576546, 9.016127 ], [ -70.576889, 9.016759 ], [ -70.577164, 9.017370 ], [ -70.577347, 9.017985 ], [ -70.577606, 9.018691 ], [ -70.578094, 9.020261 ], [ -70.578377, 9.021655 ], [ -70.578491, 9.022318 ], [ -70.578705, 9.023069 ], [ -70.579399, 9.024543 ], [ -70.579659, 9.025361 ], [ -70.579903, 9.026320 ], [ -70.580063, 9.027096 ], [ -70.580086, 9.027738 ], [ -70.580200, 9.028447 ], [ -70.580269, 9.029112 ], [ -70.580292, 9.029756 ], [ -70.580437, 9.030146 ], [ -70.580498, 9.030324 ], [ -70.581123, 9.030464 ], [ -70.581818, 9.030396 ], [ -70.582641, 9.030209 ], [ -70.583557, 9.029924 ], [ -70.586121, 9.028968 ], [ -70.586914, 9.028667 ], [ -70.587647, 9.028320 ], [ -70.589600, 9.027268 ], [ -70.590141, 9.026998 ], [ -70.590637, 9.026660 ], [ -70.591186, 9.026366 ], [ -70.591728, 9.025958 ], [ -70.592201, 9.025529 ], [ -70.592804, 9.024911 ], [ -70.593430, 9.024407 ], [ -70.593903, 9.023932 ], [ -70.594460, 9.023431 ], [ -70.594955, 9.023048 ], [ -70.595589, 9.022659 ], [ -70.596062, 9.022298 ], [ -70.596611, 9.022028 ], [ -70.597176, 9.021687 ], [ -70.597954, 9.021317 ], [ -70.598587, 9.020998 ], [ -70.599289, 9.020630 ], [ -70.600044, 9.020284 ], [ -70.600800, 9.020006 ], [ -70.601372, 9.019827 ], [ -70.602745, 9.019506 ], [ -70.604034, 9.019258 ], [ -70.604813, 9.019117 ], [ -70.605431, 9.018982 ], [ -70.606094, 9.018776 ], [ -70.606895, 9.018566 ], [ -70.608338, 9.018128 ], [ -70.608986, 9.017992 ], [ -70.609825, 9.017666 ], [ -70.610489, 9.017438 ], [ -70.611267, 9.017204 ], [ -70.611908, 9.017046 ], [ -70.613220, 9.016912 ], [ -70.613823, 9.016869 ], [ -70.614464, 9.016687 ], [ -70.615059, 9.016530 ], [ -70.615677, 9.016326 ], [ -70.616264, 9.015939 ], [ -70.616829, 9.015415 ], [ -70.617226, 9.014942 ], [ -70.617645, 9.014284 ], [ -70.618942, 9.012311 ], [ -70.619423, 9.011605 ], [ -70.620384, 9.010539 ], [ -70.620926, 9.010108 ], [ -70.621613, 9.009901 ], [ -70.622193, 9.010020 ], [ -70.622818, 9.010047 ], [ -70.623390, 9.009844 ], [ -70.624000, 9.009456 ], [ -70.624611, 9.009045 ], [ -70.625755, 9.008134 ], [ -70.626389, 9.007676 ], [ -70.626953, 9.007313 ], [ -70.627403, 9.006930 ], [ -70.627869, 9.006410 ], [ -70.628471, 9.005768 ], [ -70.628853, 9.005319 ], [ -70.629341, 9.004845 ], [ -70.629974, 9.004294 ], [ -70.630554, 9.003815 ], [ -70.631279, 9.003240 ], [ -70.631935, 9.002736 ], [ -70.632523, 9.002349 ], [ -70.633270, 9.001956 ], [ -70.633476, 9.001874 ], [ -70.633873, 9.001712 ], [ -70.634514, 9.001598 ], [ -70.635162, 9.001510 ], [ -70.635918, 9.001461 ], [ -70.636589, 9.001439 ], [ -70.637238, 9.001371 ], [ -70.637970, 9.001279 ], [ -70.638733, 9.001030 ], [ -70.639183, 9.000822 ], [ -70.639236, 9.000758 ], [ -70.639259, 9.000668 ], [ -70.639221, 9.000383 ], [ -70.639168, 9.000216 ], [ -70.639084, 9.000081 ], [ -70.639015, 8.999759 ], [ -70.638771, 8.999188 ], [ -70.638603, 8.998639 ], [ -70.638596, 8.998088 ], [ -70.638679, 8.997468 ], [ -70.638809, 8.996937 ], [ -70.638985, 8.996405 ], [ -70.639275, 8.995804 ], [ -70.639656, 8.995246 ], [ -70.640114, 8.994871 ], [ -70.640572, 8.994519 ], [ -70.641418, 8.994139 ], [ -70.642342, 8.993826 ], [ -70.643334, 8.993604 ], [ -70.644989, 8.993258 ], [ -70.645775, 8.993176 ], [ -70.646538, 8.992911 ], [ -70.647247, 8.992648 ], [ -70.647774, 8.992272 ], [ -70.648323, 8.991828 ], [ -70.648750, 8.991293 ], [ -70.649117, 8.990873 ], [ -70.649544, 8.990269 ], [ -70.649956, 8.989827 ], [ -70.650574, 8.989357 ], [ -70.651306, 8.989094 ], [ -70.652092, 8.988966 ], [ -70.652878, 8.988886 ], [ -70.653610, 8.988736 ], [ -70.654556, 8.988446 ], [ -70.655457, 8.988134 ], [ -70.657082, 8.987511 ], [ -70.657799, 8.987293 ], [ -70.658302, 8.987079 ], [ -70.658966, 8.986724 ], [ -70.659584, 8.986347 ], [ -70.660042, 8.985995 ], [ -70.660591, 8.985551 ], [ -70.661026, 8.985198 ], [ -70.661522, 8.984732 ], [ -70.661911, 8.984335 ], [ -70.662300, 8.983847 ], [ -70.662613, 8.983291 ], [ -70.662880, 8.982735 ], [ -70.663216, 8.982087 ], [ -70.663696, 8.981596 ], [ -70.664269, 8.981312 ], [ -70.665008, 8.981116 ], [ -70.666367, 8.980866 ], [ -70.666984, 8.980626 ], [ -70.667534, 8.980205 ], [ -70.668076, 8.979506 ], [ -70.668526, 8.978719 ], [ -70.668747, 8.978188 ], [ -70.668900, 8.977633 ], [ -70.669121, 8.976918 ], [ -70.669617, 8.975807 ], [ -70.669998, 8.975319 ], [ -70.670410, 8.974876 ], [ -70.670845, 8.974479 ], [ -70.671318, 8.974150 ], [ -70.672447, 8.973535 ], [ -70.673019, 8.973295 ], [ -70.673592, 8.972989 ], [ -70.674118, 8.972775 ], [ -70.674904, 8.972486 ], [ -70.675613, 8.972198 ], [ -70.676163, 8.972007 ], [ -70.676743, 8.971860 ], [ -70.677323, 8.971783 ], [ -70.677872, 8.971683 ], [ -70.678253, 8.971586 ], [ -70.677994, 8.971955 ], [ -70.677490, 8.972404 ], [ -70.676925, 8.973029 ], [ -70.676590, 8.973746 ], [ -70.676369, 8.974324 ], [ -70.676285, 8.975061 ], [ -70.676247, 8.975659 ], [ -70.676254, 8.976256 ], [ -70.676201, 8.977107 ], [ -70.676277, 8.977726 ], [ -70.676430, 8.978252 ], [ -70.677048, 8.979599 ], [ -70.677383, 8.980122 ], [ -70.677757, 8.980553 ], [ -70.678436, 8.981162 ], [ -70.679115, 8.981611 ], [ -70.679703, 8.982016 ], [ -70.680191, 8.982330 ], [ -70.680893, 8.982710 ], [ -70.681450, 8.982954 ], [ -70.682106, 8.983219 ], [ -70.682686, 8.983418 ], [ -70.683983, 8.983742 ], [ -70.684547, 8.984193 ], [ -70.685158, 8.984757 ], [ -70.685631, 8.985325 ], [ -70.686318, 8.986302 ], [ -70.686768, 8.986984 ], [ -70.687164, 8.987507 ], [ -70.687660, 8.988073 ], [ -70.688133, 8.988641 ], [ -70.688598, 8.989001 ], [ -70.689209, 8.989313 ], [ -70.689835, 8.989556 ], [ -70.690628, 8.989842 ], [ -70.692070, 8.990579 ], [ -70.693535, 8.991291 ], [ -70.694405, 8.991737 ], [ -70.694985, 8.992073 ], [ -70.695564, 8.992386 ], [ -70.696129, 8.992722 ], [ -70.696663, 8.993104 ], [ -70.697319, 8.993507 ], [ -70.697830, 8.993798 ], [ -70.698349, 8.994204 ], [ -70.699287, 8.994993 ], [ -70.699783, 8.995514 ], [ -70.700226, 8.996081 ], [ -70.700607, 8.996512 ], [ -70.701073, 8.996987 ], [ -70.701523, 8.997394 ], [ -70.701943, 8.997801 ], [ -70.702484, 8.998367 ], [ -70.703026, 8.998818 ], [ -70.703423, 8.999226 ], [ -70.703804, 8.999680 ], [ -70.703949, 8.999820 ], [ -70.704132, 9.000053 ], [ -70.704361, 9.000299 ], [ -70.705086, 9.001355 ], [ -70.705406, 9.001897 ], [ -70.706101, 9.003184 ], [ -70.706413, 9.003679 ], [ -70.706711, 9.004199 ], [ -70.707100, 9.004646 ], [ -70.707573, 9.005044 ], [ -70.708077, 9.005419 ], [ -70.708595, 9.005747 ], [ -70.709137, 9.006028 ], [ -70.709564, 9.006542 ], [ -70.709587, 9.007140 ], [ -70.709450, 9.007742 ], [ -70.709190, 9.008302 ], [ -70.708977, 9.008930 ], [ -70.708351, 9.010169 ], [ -70.707932, 9.011355 ], [ -70.707680, 9.012031 ], [ -70.707397, 9.012730 ], [ -70.707115, 9.013314 ], [ -70.706818, 9.014013 ], [ -70.706497, 9.014713 ], [ -70.706291, 9.015365 ], [ -70.706146, 9.015943 ], [ -70.706215, 9.016540 ], [ -70.706451, 9.018003 ], [ -70.707016, 9.019824 ], [ -70.707344, 9.020503 ], [ -70.707642, 9.021023 ], [ -70.708824, 9.022593 ], [ -70.709259, 9.023153 ], [ -70.709740, 9.023712 ], [ -70.710732, 9.024806 ], [ -70.711235, 9.025319 ], [ -70.711807, 9.025806 ], [ -70.712402, 9.026339 ], [ -70.713516, 9.027291 ], [ -70.714661, 9.028218 ], [ -70.715164, 9.028799 ], [ -70.715607, 9.029406 ], [ -70.716110, 9.029895 ], [ -70.716621, 9.030177 ], [ -70.717239, 9.030594 ], [ -70.717560, 9.031089 ], [ -70.717857, 9.031609 ], [ -70.718445, 9.032025 ], [ -70.718986, 9.032308 ], [ -70.719421, 9.032730 ], [ -70.719856, 9.033359 ], [ -70.720299, 9.034103 ], [ -70.720711, 9.034595 ], [ -70.721008, 9.035138 ], [ -70.721283, 9.035772 ], [ -70.721535, 9.036430 ], [ -70.722069, 9.037723 ], [ -70.722275, 9.038384 ], [ -70.722435, 9.038954 ], [ -70.722549, 9.039686 ], [ -70.722595, 9.040397 ], [ -70.722664, 9.041016 ], [ -70.722755, 9.041657 ], [ -70.722939, 9.042317 ], [ -70.723244, 9.043061 ], [ -70.723549, 9.043838 ], [ -70.723930, 9.044308 ], [ -70.724396, 9.044909 ], [ -70.724670, 9.045457 ], [ -70.724991, 9.046780 ], [ -70.725197, 9.047392 ], [ -70.725426, 9.048030 ], [ -70.725632, 9.048710 ], [ -70.725838, 9.049304 ], [ -70.726090, 9.049937 ], [ -70.726296, 9.050530 ], [ -70.726578, 9.051256 ], [ -70.726852, 9.051845 ], [ -70.727104, 9.052458 ], [ -70.727333, 9.053069 ], [ -70.727867, 9.054432 ], [ -70.728119, 9.055027 ], [ -70.728302, 9.055595 ], [ -70.728439, 9.056165 ], [ -70.728752, 9.057393 ], [ -70.729034, 9.058133 ], [ -70.729622, 9.058356 ], [ -70.730232, 9.058561 ], [ -70.730835, 9.058703 ], [ -70.731438, 9.058826 ], [ -70.732048, 9.058914 ], [ -70.732674, 9.058920 ], [ -70.733269, 9.058882 ], [ -70.733894, 9.058761 ], [ -70.735176, 9.058493 ], [ -70.736648, 9.058260 ], [ -70.737412, 9.058210 ], [ -70.738014, 9.058352 ], [ -70.738739, 9.058557 ], [ -70.739441, 9.058816 ], [ -70.740120, 9.059039 ], [ -70.741432, 9.059547 ], [ -70.742065, 9.059825 ], [ -70.742836, 9.060083 ], [ -70.743424, 9.060244 ], [ -70.744194, 9.060403 ], [ -70.744911, 9.060472 ], [ -70.745529, 9.060287 ], [ -70.746147, 9.060014 ], [ -70.746735, 9.059694 ], [ -70.747322, 9.059330 ], [ -70.747788, 9.058858 ], [ -70.748474, 9.057778 ], [ -70.748756, 9.057217 ], [ -70.749054, 9.056682 ], [ -70.749390, 9.056183 ], [ -70.749863, 9.055800 ], [ -70.750519, 9.055527 ], [ -70.751068, 9.055253 ], [ -70.751724, 9.054978 ], [ -70.752319, 9.054758 ], [ -70.752892, 9.054458 ], [ -70.753456, 9.054093 ], [ -70.754616, 9.053527 ], [ -70.755165, 9.053308 ], [ -70.756538, 9.052939 ], [ -70.757179, 9.052846 ], [ -70.757851, 9.052806 ], [ -70.758751, 9.052702 ], [ -70.759437, 9.052681 ], [ -70.760139, 9.052822 ], [ -70.760719, 9.052964 ], [ -70.761429, 9.053232 ], [ -70.762932, 9.054635 ], [ -70.763619, 9.055075 ], [ -70.764206, 9.055307 ], [ -70.765060, 9.055438 ], [ -70.765739, 9.055553 ], [ -70.766297, 9.055740 ], [ -70.766914, 9.056117 ], [ -70.767387, 9.056467 ], [ -70.768013, 9.056581 ], [ -70.768646, 9.056605 ], [ -70.769867, 9.056618 ], [ -70.770470, 9.056687 ], [ -70.771126, 9.056784 ], [ -70.771751, 9.056961 ], [ -70.772339, 9.057248 ], [ -70.772888, 9.057643 ], [ -70.773384, 9.058084 ], [ -70.773911, 9.058524 ], [ -70.774529, 9.059081 ], [ -70.775032, 9.059504 ], [ -70.776062, 9.060457 ], [ -70.776512, 9.060853 ], [ -70.777016, 9.061411 ], [ -70.777405, 9.061861 ], [ -70.777771, 9.062357 ], [ -70.778107, 9.062916 ], [ -70.778458, 9.063619 ], [ -70.778740, 9.064368 ], [ -70.778992, 9.064955 ], [ -70.779198, 9.065596 ], [ -70.779426, 9.066209 ], [ -70.779640, 9.066940 ], [ -70.779869, 9.067527 ], [ -70.780006, 9.068168 ], [ -70.780121, 9.068872 ], [ -70.780312, 9.069721 ], [ -70.780456, 9.070453 ], [ -70.780617, 9.071131 ], [ -70.780922, 9.072683 ], [ -70.781082, 9.073261 ], [ -70.781288, 9.073849 ], [ -70.781288, 9.074445 ], [ -70.781380, 9.075087 ], [ -70.781517, 9.075909 ], [ -70.781708, 9.076640 ], [ -70.781982, 9.077271 ], [ -70.782379, 9.077929 ], [ -70.782791, 9.078424 ], [ -70.783218, 9.078911 ], [ -70.783699, 9.079333 ], [ -70.784286, 9.079683 ], [ -70.784874, 9.079843 ], [ -70.785477, 9.079967 ], [ -70.786865, 9.080014 ], [ -70.787514, 9.080083 ], [ -70.788261, 9.080215 ], [ -70.789032, 9.080401 ], [ -70.789680, 9.080534 ], [ -70.790520, 9.080765 ], [ -70.791084, 9.081024 ], [ -70.791412, 9.081220 ], [ -70.792221, 9.081715 ], [ -70.792717, 9.082091 ], [ -70.793289, 9.082559 ], [ -70.793747, 9.083000 ], [ -70.794289, 9.083395 ], [ -70.794930, 9.083699 ], [ -70.795509, 9.083814 ], [ -70.796165, 9.084027 ], [ -70.796768, 9.084070 ], [ -70.797417, 9.084048 ], [ -70.797989, 9.083874 ], [ -70.798531, 9.083509 ], [ -70.798859, 9.083219 ], [ -70.799019, 9.083082 ], [ -70.799515, 9.082628 ], [ -70.799912, 9.082129 ], [ -70.800827, 9.081039 ], [ -70.801620, 9.079960 ], [ -70.801971, 9.079415 ], [ -70.802277, 9.078898 ], [ -70.802803, 9.078100 ], [ -70.803200, 9.077583 ], [ -70.803787, 9.077155 ], [ -70.804337, 9.076926 ], [ -70.804962, 9.076905 ], [ -70.805679, 9.076929 ], [ -70.806351, 9.077088 ], [ -70.807076, 9.077320 ], [ -70.807755, 9.077597 ], [ -70.808479, 9.077819 ], [ -70.809021, 9.078060 ], [ -70.809700, 9.078338 ], [ -70.810311, 9.078614 ], [ -70.810906, 9.078964 ], [ -70.811470, 9.079332 ], [ -70.812134, 9.079772 ], [ -70.813370, 9.080625 ], [ -70.814026, 9.081019 ], [ -70.814591, 9.081279 ], [ -70.815155, 9.081601 ], [ -70.815842, 9.081968 ], [ -70.816505, 9.082436 ], [ -70.817192, 9.082983 ], [ -70.817886, 9.083513 ], [ -70.818359, 9.083891 ], [ -70.818886, 9.084286 ], [ -70.819359, 9.084682 ], [ -70.819931, 9.085121 ], [ -70.820381, 9.085525 ], [ -70.821098, 9.086074 ], [ -70.821571, 9.086452 ], [ -70.822731, 9.087286 ], [ -70.823280, 9.087745 ], [ -70.823853, 9.088184 ], [ -70.824417, 9.088534 ], [ -70.824936, 9.088821 ], [ -70.825645, 9.089189 ], [ -70.826302, 9.089582 ], [ -70.826874, 9.089951 ], [ -70.827530, 9.090318 ], [ -70.828148, 9.090622 ], [ -70.829460, 9.091194 ], [ -70.830116, 9.091453 ], [ -70.830726, 9.091640 ], [ -70.831329, 9.091664 ], [ -70.831925, 9.091489 ], [ -70.832649, 9.091232 ], [ -70.833298, 9.091139 ], [ -70.833901, 9.091100 ], [ -70.834496, 9.091033 ], [ -70.835144, 9.090984 ], [ -70.835815, 9.090963 ], [ -70.837143, 9.091336 ], [ -70.837868, 9.091586 ], [ -70.838524, 9.091772 ], [ -70.839111, 9.092031 ], [ -70.839699, 9.092236 ], [ -70.840324, 9.092405 ], [ -70.841003, 9.092519 ], [ -70.841606, 9.092588 ], [ -70.842232, 9.092640 ], [ -70.842903, 9.092727 ], [ -70.843948, 9.093616 ], [ -70.845215, 9.095319 ], [ -70.845581, 9.095995 ], [ -70.845818, 9.096636 ], [ -70.846069, 9.097267 ], [ -70.846321, 9.097971 ], [ -70.846924, 9.099170 ], [ -70.847267, 9.099738 ], [ -70.848175, 9.101885 ], [ -70.848328, 9.102463 ], [ -70.848381, 9.103258 ], [ -70.848289, 9.103837 ], [ -70.848167, 9.104444 ], [ -70.848213, 9.105085 ], [ -70.848396, 9.105654 ], [ -70.849289, 9.106725 ], [ -70.849792, 9.107310 ], [ -70.850136, 9.107823 ], [ -70.850876, 9.109113 ], [ -70.851082, 9.109699 ], [ -70.851196, 9.110322 ], [ -70.851288, 9.111009 ], [ -70.851456, 9.111804 ], [ -70.851753, 9.112390 ], [ -70.852234, 9.112840 ], [ -70.852646, 9.113470 ], [ -70.852875, 9.114129 ], [ -70.853043, 9.114788 ], [ -70.853203, 9.115520 ], [ -70.853592, 9.116720 ], [ -70.853775, 9.117315 ], [ -70.854080, 9.118019 ], [ -70.854423, 9.118768 ], [ -70.855003, 9.119940 ], [ -70.855530, 9.121230 ], [ -70.855781, 9.121916 ], [ -70.856056, 9.122457 ], [ -70.856339, 9.123179 ], [ -70.856804, 9.124596 ], [ -70.857086, 9.125408 ], [ -70.857643, 9.126861 ], [ -70.857926, 9.127564 ], [ -70.858185, 9.128367 ], [ -70.858399, 9.129208 ], [ -70.858673, 9.129866 ], [ -70.859093, 9.130542 ], [ -70.859558, 9.131217 ], [ -70.859924, 9.131731 ], [ -70.860153, 9.132417 ], [ -70.860290, 9.133003 ], [ -70.860474, 9.133690 ], [ -70.860794, 9.134303 ], [ -70.861229, 9.134789 ], [ -70.861572, 9.135311 ], [ -70.861915, 9.135915 ], [ -70.862152, 9.136601 ], [ -70.862427, 9.137233 ], [ -70.862701, 9.137891 ], [ -70.862839, 9.138505 ], [ -70.863114, 9.139055 ], [ -70.863503, 9.139523 ], [ -70.863937, 9.140199 ], [ -70.864494, 9.140865 ], [ -70.864731, 9.141524 ], [ -70.864754, 9.142373 ], [ -70.864891, 9.142951 ], [ -70.865196, 9.143600 ], [ -70.865425, 9.144196 ], [ -70.865608, 9.144900 ], [ -70.865608, 9.145524 ], [ -70.865585, 9.146166 ], [ -70.865532, 9.146791 ], [ -70.865585, 9.147450 ], [ -70.865723, 9.148091 ], [ -70.866081, 9.148586 ], [ -70.866608, 9.149054 ], [ -70.866676, 9.149758 ], [ -70.866302, 9.150276 ], [ -70.865837, 9.150712 ], [ -70.865341, 9.151139 ], [ -70.864990, 9.151657 ], [ -70.864639, 9.152219 ], [ -70.864708, 9.152861 ], [ -70.864914, 9.153456 ], [ -70.865303, 9.153970 ], [ -70.865868, 9.154292 ], [ -70.866447, 9.154388 ], [ -70.867035, 9.154512 ], [ -70.867661, 9.154581 ], [ -70.869095, 9.154718 ], [ -70.869682, 9.154860 ], [ -70.870354, 9.154974 ], [ -70.871094, 9.154907 ], [ -70.872238, 9.154567 ], [ -70.873474, 9.154225 ], [ -70.874184, 9.154068 ], [ -70.874947, 9.153919 ], [ -70.875610, 9.153763 ], [ -70.876389, 9.153596 ], [ -70.877174, 9.153574 ], [ -70.877960, 9.153642 ], [ -70.878525, 9.153847 ], [ -70.879089, 9.154133 ], [ -70.879746, 9.154365 ], [ -70.880348, 9.154434 ], [ -70.881050, 9.154475 ], [ -70.882141, 9.155383 ], [ -70.882690, 9.155733 ], [ -70.883209, 9.156110 ], [ -70.883865, 9.156450 ], [ -70.884453, 9.156618 ], [ -70.885780, 9.156964 ], [ -70.887199, 9.157681 ], [ -70.887657, 9.158193 ], [ -70.888092, 9.158770 ], [ -70.888481, 9.159309 ], [ -70.888756, 9.160637 ], [ -70.888855, 9.161369 ], [ -70.889015, 9.162100 ], [ -70.889320, 9.162822 ], [ -70.889801, 9.163380 ], [ -70.890144, 9.163993 ], [ -70.890106, 9.164780 ], [ -70.889870, 9.165422 ], [ -70.889710, 9.166101 ], [ -70.889595, 9.166680 ], [ -70.889541, 9.167305 ], [ -70.889503, 9.168110 ], [ -70.889511, 9.168887 ], [ -70.889534, 9.169556 ], [ -70.889626, 9.170287 ], [ -70.889748, 9.171038 ], [ -70.889961, 9.171931 ], [ -70.890121, 9.172500 ], [ -70.890419, 9.173068 ], [ -70.890671, 9.173627 ], [ -70.891068, 9.174447 ], [ -70.891388, 9.175006 ], [ -70.891708, 9.175529 ], [ -70.892074, 9.176205 ], [ -70.892425, 9.176909 ], [ -70.893204, 9.178025 ], [ -70.894058, 9.179178 ], [ -70.894447, 9.179736 ], [ -70.894791, 9.180367 ], [ -70.894997, 9.181053 ], [ -70.895073, 9.181849 ], [ -70.895027, 9.182590 ], [ -70.894890, 9.183214 ], [ -70.894661, 9.184490 ], [ -70.894547, 9.185178 ], [ -70.894478, 9.185893 ], [ -70.894524, 9.187294 ], [ -70.894646, 9.188007 ], [ -70.894852, 9.188756 ], [ -70.895111, 9.189532 ], [ -70.895409, 9.190543 ], [ -70.896118, 9.196182 ], [ -70.896245, 9.197865 ], [ -70.898274, 9.199855 ], [ -70.898565, 9.201563 ], [ -70.897699, 9.202988 ], [ -70.897123, 9.204982 ], [ -70.897126, 9.206975 ], [ -70.899444, 9.209249 ], [ -70.901473, 9.210954 ], [ -70.902923, 9.212660 ], [ -70.903794, 9.214652 ], [ -70.904664, 9.215504 ], [ -70.905245, 9.216927 ], [ -70.905536, 9.218065 ], [ -70.904671, 9.220629 ], [ -70.901779, 9.222627 ], [ -70.897729, 9.224627 ], [ -70.896283, 9.226053 ], [ -70.895706, 9.227763 ], [ -70.895708, 9.228902 ], [ -70.894552, 9.230042 ], [ -70.893395, 9.230899 ], [ -70.892239, 9.232324 ], [ -70.893110, 9.234031 ], [ -70.893692, 9.236593 ], [ -70.894274, 9.238869 ], [ -70.895436, 9.241430 ], [ -70.896308, 9.243991 ], [ -70.897180, 9.246267 ], [ -70.897761, 9.247975 ], [ -70.897763, 9.249683 ], [ -70.897478, 9.252531 ], [ -70.897481, 9.255093 ], [ -70.898644, 9.258223 ], [ -70.899229, 9.263063 ], [ -70.900102, 9.265624 ], [ -70.902419, 9.266759 ], [ -70.903779, 9.267520 ], [ -70.903788, 9.267525 ], [ -70.904448, 9.267894 ], [ -70.905607, 9.268746 ], [ -70.907348, 9.271591 ], [ -70.908796, 9.272158 ], [ -70.909377, 9.273011 ], [ -70.909957, 9.274149 ], [ -70.911119, 9.276709 ], [ -70.911990, 9.278131 ], [ -70.913728, 9.278982 ], [ -70.916337, 9.280686 ], [ -70.918653, 9.280967 ], [ -70.920101, 9.280964 ], [ -70.921839, 9.281246 ], [ -70.925026, 9.283233 ], [ -70.927052, 9.282945 ], [ -70.931107, 9.283507 ], [ -70.933712, 9.283502 ], [ -70.938059, 9.286057 ], [ -70.940958, 9.288614 ], [ -70.941830, 9.290605 ], [ -70.942700, 9.291458 ], [ -70.945887, 9.292591 ], [ -70.946758, 9.294013 ], [ -70.947630, 9.296574 ], [ -70.948212, 9.298566 ], [ -70.948216, 9.300844 ], [ -70.948508, 9.302551 ], [ -70.949089, 9.303974 ], [ -70.950249, 9.304826 ], [ -70.951698, 9.305962 ], [ -70.951701, 9.307385 ], [ -70.952860, 9.307953 ], [ -70.954888, 9.308803 ], [ -70.956916, 9.309369 ], [ -70.956629, 9.311362 ], [ -70.958368, 9.312213 ], [ -70.959528, 9.313350 ], [ -70.960978, 9.314486 ], [ -70.962717, 9.315621 ], [ -70.964166, 9.316758 ], [ -70.966196, 9.318462 ], [ -70.968225, 9.319597 ], [ -70.970254, 9.321301 ], [ -70.971996, 9.324145 ], [ -70.974315, 9.325279 ], [ -70.975764, 9.326131 ], [ -70.976924, 9.327267 ], [ -70.979534, 9.329540 ], [ -70.981564, 9.331244 ], [ -70.981621, 9.334164 ], [ -70.981949, 9.334660 ], [ -70.982346, 9.335145 ], [ -70.982796, 9.335549 ], [ -70.983284, 9.335936 ], [ -70.983894, 9.336456 ], [ -70.984451, 9.336860 ], [ -70.985596, 9.337613 ], [ -70.986206, 9.337971 ], [ -70.986809, 9.338285 ], [ -70.987457, 9.338597 ], [ -70.988090, 9.338846 ], [ -70.988854, 9.339068 ], [ -70.989593, 9.339172 ], [ -70.990196, 9.339350 ], [ -70.991081, 9.339634 ], [ -70.992081, 9.340035 ], [ -70.992661, 9.340241 ], [ -70.993248, 9.340490 ], [ -70.993843, 9.340432 ], [ -70.994446, 9.340284 ], [ -70.995689, 9.340133 ], [ -70.996200, 9.339831 ], [ -70.997253, 9.339174 ], [ -70.997871, 9.338891 ], [ -70.998451, 9.338698 ], [ -70.999603, 9.338248 ], [ -71.000114, 9.337188 ], [ -71.000641, 9.336860 ], [ -71.001244, 9.336576 ], [ -71.001907, 9.336328 ], [ -71.002335, 9.336715 ], [ -71.003250, 9.337712 ], [ -71.003700, 9.338162 ], [ -71.004189, 9.338449 ], [ -71.004913, 9.338716 ], [ -71.005516, 9.338749 ], [ -71.006188, 9.338663 ], [ -71.006745, 9.338977 ], [ -71.007797, 9.339603 ], [ -71.008408, 9.339862 ], [ -71.008896, 9.340203 ], [ -71.009300, 9.340743 ], [ -71.009751, 9.341129 ], [ -71.010284, 9.341460 ], [ -71.010849, 9.341728 ], [ -71.011398, 9.341554 ], [ -71.011787, 9.341045 ], [ -71.012215, 9.340528 ], [ -71.012741, 9.340244 ], [ -71.013237, 9.340558 ], [ -71.013558, 9.341840 ], [ -71.013825, 9.342362 ], [ -71.014130, 9.342840 ], [ -71.014534, 9.343271 ], [ -71.015007, 9.343720 ], [ -71.015518, 9.344007 ], [ -71.016129, 9.344230 ], [ -71.016678, 9.344037 ], [ -71.017273, 9.343789 ], [ -71.017830, 9.343922 ], [ -71.018280, 9.344326 ], [ -71.018570, 9.344984 ], [ -71.018684, 9.346131 ], [ -71.018837, 9.346772 ], [ -71.019257, 9.347249 ], [ -71.019798, 9.347472 ], [ -71.020424, 9.347658 ], [ -71.020981, 9.347791 ], [ -71.021591, 9.348013 ], [ -71.022217, 9.348001 ], [ -71.022858, 9.347871 ], [ -71.023239, 9.348420 ], [ -71.023224, 9.349062 ], [ -71.023125, 9.349776 ], [ -71.023415, 9.350299 ], [ -71.023933, 9.350811 ], [ -71.024544, 9.351242 ], [ -71.025101, 9.351482 ], [ -71.025704, 9.351605 ], [ -71.027077, 9.351788 ], [ -71.027657, 9.351938 ], [ -71.028465, 9.352015 ], [ -71.029068, 9.351821 ], [ -71.029663, 9.351601 ], [ -71.030312, 9.351643 ], [ -71.030892, 9.351856 ], [ -71.031410, 9.352124 ], [ -71.032059, 9.352274 ], [ -71.032776, 9.352262 ], [ -71.034042, 9.351965 ], [ -71.034714, 9.351997 ], [ -71.035339, 9.352102 ], [ -71.035881, 9.352298 ], [ -71.036347, 9.352765 ], [ -71.036705, 9.353270 ], [ -71.037064, 9.353746 ], [ -71.037468, 9.354313 ], [ -71.037941, 9.354780 ], [ -71.038452, 9.355076 ], [ -71.039055, 9.355199 ], [ -71.039803, 9.355367 ], [ -71.040383, 9.355472 ], [ -71.040962, 9.355667 ], [ -71.041527, 9.356052 ], [ -71.041839, 9.356530 ], [ -71.042328, 9.356998 ], [ -71.042892, 9.357500 ], [ -71.043297, 9.358013 ], [ -71.043541, 9.358635 ], [ -71.043717, 9.359366 ], [ -71.043892, 9.360052 ], [ -71.044205, 9.360620 ], [ -71.044769, 9.361042 ], [ -71.045326, 9.361219 ], [ -71.045906, 9.361280 ], [ -71.046623, 9.361121 ], [ -71.047333, 9.361000 ], [ -71.047981, 9.360825 ], [ -71.048622, 9.360603 ], [ -71.049156, 9.360366 ], [ -71.049629, 9.360010 ], [ -71.050224, 9.359519 ], [ -71.051437, 9.357442 ], [ -71.051460, 9.357487 ], [ -71.051735, 9.357765 ], [ -71.051956, 9.358135 ], [ -71.052116, 9.358486 ], [ -71.052269, 9.358901 ], [ -71.052406, 9.359316 ], [ -71.052536, 9.359777 ], [ -71.052643, 9.360219 ], [ -71.052780, 9.360634 ], [ -71.053246, 9.361951 ], [ -71.053375, 9.362293 ], [ -71.053505, 9.362709 ], [ -71.053688, 9.363195 ], [ -71.053787, 9.363358 ], [ -71.053863, 9.363701 ], [ -71.054024, 9.364025 ], [ -71.054245, 9.364349 ], [ -71.054405, 9.364674 ], [ -71.055153, 9.365790 ], [ -71.055328, 9.366097 ], [ -71.055733, 9.366908 ], [ -71.055962, 9.367413 ], [ -71.056137, 9.367738 ], [ -71.056343, 9.368152 ], [ -71.056854, 9.369125 ], [ -71.057060, 9.369567 ], [ -71.057259, 9.369936 ], [ -71.057510, 9.370288 ], [ -71.058029, 9.370980 ], [ -71.058899, 9.371870 ], [ -71.059288, 9.372221 ], [ -71.059586, 9.372526 ], [ -71.059906, 9.372786 ], [ -71.060272, 9.373037 ], [ -71.060638, 9.373324 ], [ -71.061051, 9.373557 ], [ -71.061417, 9.373700 ], [ -71.061852, 9.373851 ], [ -71.062248, 9.373966 ], [ -71.062706, 9.374044 ], [ -71.063171, 9.374096 ], [ -71.063934, 9.374020 ], [ -71.064491, 9.373953 ], [ -71.064659, 9.373617 ], [ -71.064476, 9.373311 ], [ -71.064270, 9.373014 ], [ -71.064186, 9.372644 ], [ -71.064377, 9.372327 ], [ -71.064751, 9.372189 ], [ -71.065216, 9.372132 ], [ -71.065582, 9.372157 ], [ -71.065948, 9.372254 ], [ -71.066361, 9.372586 ], [ -71.066635, 9.372865 ], [ -71.066834, 9.373280 ], [ -71.066887, 9.374473 ], [ -71.066879, 9.374870 ], [ -71.067032, 9.375792 ], [ -71.067291, 9.376802 ], [ -71.067352, 9.377290 ], [ -71.067467, 9.377750 ], [ -71.067589, 9.378554 ], [ -71.067688, 9.379656 ], [ -71.067909, 9.381689 ], [ -71.068062, 9.382628 ], [ -71.068146, 9.382979 ], [ -71.068275, 9.383413 ], [ -71.068741, 9.384848 ], [ -71.068901, 9.385289 ], [ -71.069031, 9.385795 ], [ -71.069115, 9.386273 ], [ -71.069244, 9.386833 ], [ -71.069313, 9.387176 ], [ -71.069443, 9.387709 ], [ -71.069595, 9.388241 ], [ -71.069817, 9.388746 ], [ -71.070045, 9.389206 ], [ -71.070305, 9.390045 ], [ -71.070381, 9.391120 ], [ -71.070373, 9.391563 ], [ -71.070389, 9.392204 ], [ -71.070358, 9.392593 ], [ -71.070396, 9.393172 ], [ -71.070389, 9.393678 ], [ -71.070404, 9.394229 ], [ -71.070373, 9.396525 ], [ -71.070435, 9.397095 ], [ -71.070389, 9.399671 ], [ -71.070358, 9.400060 ], [ -71.070358, 9.400449 ], [ -71.070320, 9.401280 ], [ -71.070313, 9.401696 ], [ -71.070229, 9.402773 ], [ -71.070206, 9.404101 ], [ -71.070221, 9.404653 ], [ -71.070213, 9.405394 ], [ -71.070244, 9.406334 ], [ -71.070305, 9.406975 ], [ -71.070343, 9.407554 ], [ -71.070335, 9.407969 ], [ -71.070351, 9.408476 ], [ -71.070343, 9.408999 ], [ -71.070358, 9.409687 ], [ -71.070320, 9.410311 ], [ -71.070282, 9.412995 ], [ -71.070191, 9.414559 ], [ -71.070175, 9.415482 ], [ -71.070236, 9.415960 ], [ -71.070221, 9.416765 ], [ -71.070168, 9.417245 ], [ -71.070137, 9.417733 ], [ -71.070084, 9.418167 ], [ -71.070022, 9.419081 ], [ -71.070015, 9.419957 ], [ -71.070030, 9.420327 ], [ -71.070091, 9.420743 ], [ -71.070107, 9.421159 ], [ -71.070236, 9.422234 ], [ -71.070206, 9.423779 ], [ -71.070175, 9.424349 ], [ -71.070168, 9.424810 ], [ -71.070137, 9.425335 ], [ -71.070129, 9.425777 ], [ -71.070099, 9.426419 ], [ -71.070076, 9.428183 ], [ -71.070091, 9.428553 ], [ -71.070076, 9.429493 ], [ -71.070061, 9.430298 ], [ -71.070030, 9.430877 ], [ -71.069916, 9.432160 ], [ -71.069885, 9.432667 ], [ -71.069878, 9.433128 ], [ -71.069832, 9.433535 ], [ -71.069794, 9.434159 ], [ -71.069664, 9.435100 ], [ -71.069611, 9.435579 ], [ -71.069511, 9.436150 ], [ -71.069359, 9.436882 ], [ -71.069039, 9.438095 ], [ -71.068848, 9.438711 ], [ -71.068703, 9.439219 ], [ -71.068558, 9.439626 ], [ -71.068306, 9.440730 ], [ -71.068207, 9.441255 ], [ -71.067963, 9.442286 ], [ -71.067833, 9.443020 ], [ -71.067581, 9.444323 ], [ -71.067421, 9.445498 ], [ -71.067345, 9.446159 ], [ -71.067291, 9.446711 ], [ -71.067261, 9.447127 ], [ -71.067207, 9.447652 ], [ -71.067146, 9.448429 ], [ -71.067085, 9.449469 ], [ -71.067101, 9.449993 ], [ -71.067070, 9.450409 ], [ -71.067055, 9.451377 ], [ -71.067001, 9.452154 ], [ -71.066994, 9.452543 ], [ -71.066933, 9.453393 ], [ -71.066925, 9.453872 ], [ -71.066864, 9.454722 ], [ -71.066834, 9.455482 ], [ -71.066818, 9.456449 ], [ -71.066696, 9.458258 ], [ -71.066605, 9.459822 ], [ -71.066574, 9.461684 ], [ -71.066543, 9.462163 ], [ -71.066536, 9.462534 ], [ -71.066513, 9.462968 ], [ -71.066498, 9.463655 ], [ -71.066444, 9.464396 ], [ -71.066421, 9.465680 ], [ -71.066391, 9.466231 ], [ -71.066337, 9.466711 ], [ -71.066254, 9.467633 ], [ -71.066315, 9.468203 ], [ -71.066353, 9.468763 ], [ -71.066368, 9.469170 ], [ -71.066444, 9.470073 ], [ -71.066513, 9.470434 ], [ -71.066750, 9.471455 ], [ -71.066811, 9.471869 ], [ -71.066956, 9.473180 ], [ -71.066948, 9.473659 ], [ -71.066826, 9.475503 ], [ -71.066772, 9.476100 ], [ -71.066765, 9.476534 ], [ -71.066704, 9.477357 ], [ -71.066696, 9.477890 ], [ -71.066635, 9.479011 ], [ -71.066673, 9.479472 ], [ -71.066650, 9.481082 ], [ -71.066688, 9.481561 ], [ -71.066704, 9.482003 ], [ -71.066742, 9.482527 ], [ -71.066803, 9.483151 ], [ -71.066818, 9.483657 ], [ -71.066811, 9.484136 ], [ -71.066757, 9.484624 ], [ -71.066750, 9.485031 ], [ -71.066765, 9.485447 ], [ -71.066849, 9.486413 ], [ -71.066925, 9.487200 ], [ -71.067070, 9.488419 ], [ -71.067375, 9.489637 ], [ -71.067551, 9.490151 ], [ -71.068138, 9.491332 ], [ -71.068497, 9.492144 ], [ -71.068649, 9.492558 ], [ -71.068832, 9.492901 ], [ -71.069061, 9.493179 ], [ -71.069199, 9.493233 ], [ -71.069466, 9.493602 ], [ -71.069771, 9.493791 ], [ -71.070038, 9.494023 ], [ -71.070778, 9.494543 ], [ -71.071121, 9.494704 ], [ -71.071510, 9.494856 ], [ -71.072433, 9.494959 ], [ -71.073242, 9.494972 ], [ -71.073685, 9.494951 ], [ -71.074081, 9.494913 ], [ -71.074478, 9.494802 ], [ -71.074844, 9.494673 ], [ -71.075264, 9.494499 ], [ -71.075569, 9.494298 ], [ -71.076156, 9.493797 ], [ -71.076439, 9.493525 ], [ -71.076813, 9.493188 ], [ -71.077209, 9.492987 ], [ -71.077515, 9.492805 ], [ -71.077797, 9.492585 ], [ -71.078125, 9.492357 ], [ -71.078453, 9.492111 ], [ -71.079155, 9.491502 ], [ -71.079414, 9.491229 ], [ -71.079719, 9.490866 ], [ -71.080307, 9.490256 ], [ -71.080612, 9.489911 ], [ -71.080894, 9.489620 ], [ -71.081200, 9.489347 ], [ -71.081551, 9.489192 ], [ -71.081902, 9.489063 ], [ -71.082138, 9.488764 ], [ -71.082024, 9.488394 ], [ -71.082031, 9.487960 ], [ -71.082222, 9.487660 ], [ -71.082619, 9.487504 ], [ -71.083008, 9.487493 ], [ -71.083496, 9.487517 ], [ -71.083862, 9.487597 ], [ -71.084350, 9.487675 ], [ -71.084907, 9.487725 ], [ -71.085350, 9.487659 ], [ -71.085693, 9.487458 ], [ -71.086189, 9.487221 ], [ -71.086555, 9.487110 ], [ -71.087021, 9.486999 ], [ -71.087509, 9.487095 ], [ -71.087952, 9.487083 ], [ -71.087990, 9.487662 ], [ -71.087853, 9.488576 ], [ -71.087730, 9.488983 ], [ -71.087639, 9.489372 ], [ -71.087379, 9.489717 ], [ -71.086578, 9.490491 ], [ -71.085900, 9.491073 ], [ -71.085617, 9.491364 ], [ -71.084297, 9.492592 ], [ -71.083900, 9.492947 ], [ -71.083214, 9.493719 ], [ -71.082863, 9.494155 ], [ -71.082367, 9.494882 ], [ -71.082153, 9.495244 ], [ -71.081917, 9.495607 ], [ -71.081726, 9.495997 ], [ -71.081581, 9.496342 ], [ -71.081322, 9.496750 ], [ -71.080917, 9.497250 ], [ -71.080658, 9.497495 ], [ -71.080239, 9.497724 ], [ -71.079773, 9.497898 ], [ -71.079468, 9.498126 ], [ -71.079140, 9.498435 ], [ -71.078736, 9.499079 ], [ -71.078499, 9.499352 ], [ -71.078125, 9.499688 ], [ -71.077782, 9.499609 ], [ -71.077316, 9.499558 ], [ -71.076897, 9.499696 ], [ -71.076507, 9.499752 ], [ -71.075874, 9.500253 ], [ -71.075523, 9.500472 ], [ -71.075195, 9.500609 ], [ -71.074844, 9.500855 ], [ -71.074653, 9.501155 ], [ -71.074531, 9.501491 ], [ -71.074364, 9.501880 ], [ -71.074127, 9.502288 ], [ -71.073776, 9.502398 ], [ -71.073654, 9.502860 ], [ -71.073578, 9.503267 ], [ -71.073555, 9.503638 ], [ -71.073547, 9.504100 ], [ -71.073585, 9.504678 ], [ -71.073670, 9.505138 ], [ -71.073891, 9.505941 ], [ -71.074020, 9.506311 ], [ -71.074203, 9.506726 ], [ -71.074402, 9.507077 ], [ -71.074760, 9.507798 ], [ -71.075119, 9.508600 ], [ -71.075371, 9.509088 ], [ -71.075638, 9.509556 ], [ -71.075890, 9.510042 ], [ -71.076111, 9.510637 ], [ -71.076332, 9.511197 ], [ -71.076683, 9.512261 ], [ -71.076927, 9.513299 ], [ -71.077255, 9.514292 ], [ -71.077438, 9.514588 ], [ -71.078140, 9.515660 ], [ -71.078629, 9.516814 ], [ -71.078766, 9.517166 ], [ -71.078941, 9.517672 ], [ -71.079094, 9.518204 ], [ -71.079186, 9.518546 ], [ -71.079246, 9.518962 ], [ -71.079331, 9.519449 ], [ -71.079506, 9.520072 ], [ -71.079681, 9.520650 ], [ -71.079888, 9.521182 ], [ -71.080017, 9.521569 ], [ -71.080269, 9.521921 ], [ -71.080605, 9.522362 ], [ -71.080902, 9.522848 ], [ -71.081306, 9.523731 ], [ -71.081817, 9.524795 ], [ -71.082680, 9.526254 ], [ -71.082901, 9.526713 ], [ -71.083176, 9.527201 ], [ -71.083511, 9.527641 ], [ -71.083763, 9.527902 ], [ -71.083923, 9.528226 ], [ -71.084145, 9.528966 ], [ -71.084274, 9.529544 ], [ -71.084472, 9.530302 ], [ -71.084579, 9.530834 ], [ -71.084641, 9.531359 ], [ -71.084679, 9.531819 ], [ -71.084763, 9.532325 ], [ -71.084870, 9.532840 ], [ -71.085037, 9.533778 ], [ -71.085342, 9.535114 ], [ -71.085457, 9.535466 ], [ -71.085518, 9.535927 ], [ -71.085533, 9.536361 ], [ -71.085594, 9.536866 ], [ -71.085678, 9.537373 ], [ -71.085739, 9.537977 ], [ -71.085762, 9.538339 ], [ -71.085823, 9.538989 ], [ -71.085800, 9.540246 ], [ -71.085770, 9.540870 ], [ -71.085693, 9.541422 ], [ -71.085442, 9.542264 ], [ -71.085007, 9.543523 ], [ -71.084839, 9.544139 ], [ -71.084641, 9.544709 ], [ -71.084472, 9.545289 ], [ -71.084282, 9.545877 ], [ -71.084038, 9.546683 ], [ -71.083649, 9.547589 ], [ -71.083412, 9.548070 ], [ -71.083221, 9.548369 ], [ -71.082939, 9.548642 ], [ -71.082611, 9.548888 ], [ -71.082283, 9.549044 ], [ -71.081657, 9.549536 ], [ -71.081367, 9.549926 ], [ -71.081177, 9.550243 ], [ -71.081062, 9.550588 ], [ -71.080917, 9.550905 ], [ -71.080818, 9.551249 ], [ -71.080673, 9.551612 ], [ -71.080239, 9.552825 ], [ -71.080139, 9.553215 ], [ -71.079971, 9.553695 ], [ -71.079773, 9.554428 ], [ -71.079719, 9.554890 ], [ -71.079880, 9.555232 ], [ -71.080078, 9.555746 ], [ -71.080093, 9.556162 ], [ -71.080086, 9.556911 ], [ -71.079903, 9.557943 ], [ -71.079712, 9.558677 ], [ -71.079590, 9.559066 ], [ -71.079369, 9.559872 ], [ -71.079201, 9.560280 ], [ -71.079079, 9.560642 ], [ -71.078819, 9.561006 ], [ -71.078484, 9.561441 ], [ -71.078186, 9.561686 ], [ -71.077713, 9.562024 ], [ -71.077293, 9.562207 ], [ -71.076920, 9.562336 ], [ -71.076111, 9.562649 ], [ -71.075775, 9.562984 ], [ -71.075775, 9.563400 ], [ -71.075882, 9.563770 ], [ -71.075943, 9.564141 ], [ -71.075943, 9.564503 ], [ -71.075813, 9.565082 ], [ -71.075600, 9.565508 ], [ -71.075409, 9.565925 ], [ -71.075195, 9.566242 ], [ -71.074959, 9.566533 ], [ -71.074349, 9.567215 ], [ -71.074020, 9.567596 ], [ -71.073685, 9.567942 ], [ -71.073364, 9.568188 ], [ -71.072563, 9.568843 ], [ -71.071816, 9.569499 ], [ -71.071365, 9.570044 ], [ -71.071129, 9.570361 ], [ -71.070442, 9.571197 ], [ -71.069900, 9.571815 ], [ -71.069549, 9.572179 ], [ -71.069199, 9.572560 ], [ -71.068535, 9.573450 ], [ -71.068253, 9.573858 ], [ -71.068039, 9.574149 ], [ -71.067680, 9.574676 ], [ -71.067489, 9.574993 ], [ -71.067207, 9.575492 ], [ -71.066948, 9.575973 ], [ -71.066467, 9.576979 ], [ -71.066246, 9.577522 ], [ -71.066010, 9.578301 ], [ -71.065727, 9.579812 ], [ -71.065628, 9.580229 ], [ -71.065483, 9.580771 ], [ -71.065308, 9.581397 ], [ -71.064873, 9.582836 ], [ -71.064728, 9.583271 ], [ -71.064461, 9.584005 ], [ -71.064072, 9.585146 ], [ -71.064018, 9.585553 ], [ -71.063942, 9.585997 ], [ -71.063866, 9.586585 ], [ -71.063744, 9.587136 ], [ -71.063599, 9.587617 ], [ -71.063255, 9.588532 ], [ -71.063065, 9.588966 ], [ -71.062897, 9.589284 ], [ -71.062660, 9.589629 ], [ -71.062332, 9.590011 ], [ -71.061981, 9.590402 ], [ -71.061607, 9.590666 ], [ -71.061348, 9.590920 ], [ -71.060616, 9.591874 ], [ -71.060448, 9.592209 ], [ -71.060280, 9.592626 ], [ -71.060135, 9.593016 ], [ -71.059944, 9.593424 ], [ -71.059845, 9.593767 ], [ -71.059700, 9.594111 ], [ -71.059502, 9.594746 ], [ -71.059311, 9.595461 ], [ -71.059158, 9.596212 ], [ -71.059128, 9.596745 ], [ -71.059044, 9.597406 ], [ -71.059036, 9.598048 ], [ -71.058937, 9.598672 ], [ -71.058792, 9.599152 ], [ -71.058640, 9.599794 ], [ -71.058510, 9.600988 ], [ -71.058312, 9.601812 ], [ -71.058281, 9.602220 ], [ -71.058342, 9.602590 ], [ -71.058525, 9.602942 ], [ -71.058563, 9.603374 ], [ -71.058418, 9.603783 ], [ -71.058205, 9.604218 ], [ -71.057846, 9.604907 ], [ -71.057655, 9.605314 ], [ -71.057480, 9.606120 ], [ -71.057419, 9.606853 ], [ -71.057442, 9.607223 ], [ -71.057480, 9.607612 ], [ -71.057541, 9.608000 ], [ -71.057655, 9.608415 ], [ -71.057716, 9.608830 ], [ -71.057754, 9.609200 ], [ -71.057777, 9.609590 ], [ -71.057983, 9.610790 ], [ -71.058052, 9.611269 ], [ -71.058045, 9.611775 ], [ -71.057968, 9.612209 ], [ -71.057915, 9.612608 ], [ -71.057839, 9.612969 ], [ -71.057831, 9.613340 ], [ -71.057945, 9.613710 ], [ -71.058121, 9.614053 ], [ -71.058396, 9.614449 ], [ -71.058624, 9.614755 ], [ -71.058869, 9.615124 ], [ -71.059051, 9.615466 ], [ -71.059135, 9.615836 ], [ -71.059173, 9.616387 ], [ -71.059143, 9.617057 ], [ -71.059059, 9.617771 ], [ -71.059143, 9.618548 ], [ -71.059227, 9.618945 ], [ -71.059319, 9.619822 ], [ -71.059036, 9.619335 ], [ -71.058594, 9.618976 ], [ -71.058144, 9.618590 ], [ -71.057670, 9.618006 ], [ -71.057289, 9.617438 ], [ -71.056908, 9.616988 ], [ -71.056435, 9.616648 ], [ -71.055969, 9.616271 ], [ -71.055542, 9.615840 ], [ -71.054733, 9.614705 ], [ -71.054260, 9.614066 ], [ -71.053856, 9.613599 ], [ -71.053337, 9.613150 ], [ -71.052803, 9.612900 ], [ -71.052155, 9.612940 ], [ -71.051414, 9.613017 ], [ -71.050690, 9.612849 ], [ -71.050064, 9.612564 ], [ -71.049431, 9.612251 ], [ -71.048889, 9.611893 ], [ -71.048302, 9.611382 ], [ -71.047760, 9.610977 ], [ -71.047318, 9.610592 ], [ -71.046890, 9.610160 ], [ -71.046257, 9.609857 ], [ -71.045402, 9.609843 ], [ -71.044617, 9.609911 ], [ -71.043892, 9.609735 ], [ -71.043335, 9.609476 ], [ -71.042816, 9.609091 ], [ -71.041405, 9.607897 ], [ -71.040886, 9.607565 ], [ -71.040375, 9.607297 ], [ -71.039650, 9.607058 ], [ -71.039047, 9.606998 ], [ -71.038376, 9.606965 ], [ -71.037567, 9.607123 ], [ -71.036896, 9.607200 ], [ -71.036202, 9.607213 ], [ -71.035500, 9.606837 ], [ -71.035004, 9.606452 ], [ -71.034401, 9.606284 ], [ -71.033661, 9.606252 ], [ -71.033012, 9.606265 ], [ -71.032295, 9.606396 ], [ -71.031624, 9.606472 ], [ -71.030975, 9.606575 ], [ -71.030380, 9.606587 ], [ -71.029655, 9.606528 ], [ -71.028847, 9.606614 ], [ -71.027969, 9.606773 ], [ -71.027252, 9.606832 ], [ -71.026367, 9.606611 ], [ -71.025627, 9.606399 ], [ -71.024994, 9.606131 ], [ -71.024292, 9.605845 ], [ -71.023621, 9.605796 ], [ -71.022263, 9.606029 ], [ -71.021683, 9.605988 ], [ -71.020424, 9.605741 ], [ -71.019730, 9.605746 ], [ -71.019104, 9.605785 ], [ -71.018478, 9.605771 ], [ -71.017738, 9.605695 ], [ -71.017113, 9.605572 ], [ -71.016525, 9.605394 ], [ -71.015365, 9.605093 ], [ -71.014641, 9.604926 ], [ -71.014015, 9.604803 ], [ -71.013435, 9.604716 ], [ -71.012848, 9.604358 ], [ -71.012260, 9.603954 ], [ -71.011680, 9.603668 ], [ -71.010887, 9.603475 ], [ -71.010170, 9.603424 ], [ -71.009796, 9.603324 ], [ -71.008835, 9.602872 ], [ -71.008209, 9.602676 ], [ -71.007606, 9.602735 ], [ -71.006935, 9.602955 ], [ -71.006340, 9.603121 ], [ -71.005020, 9.603336 ], [ -71.004669, 9.603176 ], [ -71.003685, 9.602766 ], [ -71.002922, 9.602852 ], [ -71.002350, 9.602972 ], [ -71.001770, 9.603192 ], [ -71.001137, 9.603666 ], [ -71.000679, 9.604040 ], [ -70.999924, 9.604334 ], [ -70.999481, 9.603884 ], [ -70.998566, 9.602796 ], [ -70.998116, 9.602246 ], [ -70.997597, 9.601744 ], [ -70.997063, 9.601385 ], [ -70.996391, 9.601344 ], [ -70.995064, 9.601044 ], [ -70.994415, 9.600840 ], [ -70.994141, 9.600728 ], [ -70.993210, 9.600531 ], [ -70.992584, 9.600724 ], [ -70.991966, 9.601007 ], [ -70.991249, 9.601292 ], [ -70.990578, 9.601503 ], [ -70.989891, 9.601580 ], [ -70.989029, 9.601639 ], [ -70.988243, 9.601671 ], [ -70.987572, 9.601584 ], [ -70.986946, 9.601524 ], [ -70.986321, 9.601438 ], [ -70.985580, 9.601360 ], [ -70.984932, 9.601229 ], [ -70.984230, 9.601070 ], [ -70.983559, 9.600903 ], [ -70.982811, 9.600680 ], [ -70.982140, 9.600458 ], [ -70.981468, 9.600191 ], [ -70.980858, 9.599923 ], [ -70.980141, 9.599648 ], [ -70.979401, 9.599543 ], [ -70.978470, 9.599512 ], [ -70.977684, 9.599426 ], [ -70.977081, 9.599439 ], [ -70.975647, 9.599609 ], [ -70.974953, 9.599641 ], [ -70.974121, 9.599609 ], [ -70.973282, 9.599551 ], [ -70.972496, 9.599438 ], [ -70.971802, 9.599360 ], [ -70.970718, 9.599340 ], [ -70.970230, 9.599379 ], [ -70.969559, 9.599455 ], [ -70.968910, 9.599458 ], [ -70.968185, 9.599380 ], [ -70.967491, 9.599222 ], [ -70.966797, 9.599046 ], [ -70.966072, 9.598805 ], [ -70.965492, 9.598537 ], [ -70.964844, 9.598270 ], [ -70.964234, 9.598047 ], [ -70.963005, 9.597783 ], [ -70.962234, 9.597544 ], [ -70.961517, 9.597295 ], [ -70.960937, 9.597144 ], [ -70.959473, 9.597016 ], [ -70.958778, 9.596939 ], [ -70.958153, 9.596852 ], [ -70.957718, 9.596746 ], [ -70.956276, 9.596438 ], [ -70.955505, 9.596307 ], [ -70.954094, 9.596144 ], [ -70.953422, 9.595940 ], [ -70.952766, 9.595654 ], [ -70.952141, 9.595449 ], [ -70.951378, 9.595463 ], [ -70.949730, 9.595436 ], [ -70.948853, 9.595486 ], [ -70.947975, 9.595427 ], [ -70.947250, 9.595350 ], [ -70.946625, 9.595354 ], [ -70.946022, 9.595294 ], [ -70.945419, 9.595135 ], [ -70.944885, 9.594893 ], [ -70.944305, 9.594599 ], [ -70.943436, 9.594111 ], [ -70.942940, 9.593883 ], [ -70.941879, 9.593591 ], [ -70.941254, 9.593603 ], [ -70.940613, 9.593769 ], [ -70.939987, 9.594053 ], [ -70.939392, 9.594472 ], [ -70.938934, 9.594846 ], [ -70.938431, 9.595336 ], [ -70.937973, 9.595728 ], [ -70.937447, 9.596264 ], [ -70.936966, 9.596610 ], [ -70.936417, 9.596875 ], [ -70.935440, 9.597071 ], [ -70.934593, 9.597144 ], [ -70.934151, 9.597196 ], [ -70.933479, 9.597317 ], [ -70.932739, 9.597421 ], [ -70.932137, 9.597569 ], [ -70.930756, 9.597946 ], [ -70.930107, 9.598167 ], [ -70.929375, 9.598379 ], [ -70.928543, 9.598501 ], [ -70.927727, 9.598470 ], [ -70.927147, 9.598337 ], [ -70.926567, 9.597879 ], [ -70.926117, 9.597503 ], [ -70.925690, 9.596836 ], [ -70.925293, 9.596178 ], [ -70.925026, 9.595375 ], [ -70.924858, 9.594662 ], [ -70.924751, 9.593993 ], [ -70.924629, 9.593379 ], [ -70.924255, 9.592740 ], [ -70.923759, 9.592354 ], [ -70.923134, 9.592059 ], [ -70.922340, 9.591982 ], [ -70.921600, 9.592076 ], [ -70.920593, 9.592507 ], [ -70.920082, 9.592745 ], [ -70.919487, 9.593092 ], [ -70.918938, 9.593583 ], [ -70.918572, 9.594064 ], [ -70.918259, 9.594599 ], [ -70.917984, 9.595197 ], [ -70.917602, 9.596104 ], [ -70.917358, 9.596746 ], [ -70.917137, 9.597399 ], [ -70.916885, 9.598042 ], [ -70.916550, 9.598667 ], [ -70.916161, 9.599149 ], [ -70.915680, 9.599685 ], [ -70.915222, 9.600148 ], [ -70.914856, 9.600475 ], [ -70.914482, 9.600743 ], [ -70.914101, 9.600950 ], [ -70.913666, 9.601386 ], [ -70.913300, 9.601894 ], [ -70.912842, 9.602340 ], [ -70.912224, 9.602596 ], [ -70.911507, 9.602654 ], [ -70.910904, 9.602658 ], [ -70.910301, 9.602598 ], [ -70.909699, 9.602611 ], [ -70.909203, 9.602079 ], [ -70.908920, 9.601439 ], [ -70.908890, 9.600680 ], [ -70.909134, 9.599992 ], [ -70.909401, 9.599349 ], [ -70.909630, 9.598769 ], [ -70.909805, 9.598099 ], [ -70.909843, 9.597475 ], [ -70.909622, 9.596933 ], [ -70.909180, 9.596547 ], [ -70.908646, 9.596045 ], [ -70.908173, 9.595658 ], [ -70.907570, 9.595227 ], [ -70.907005, 9.594869 ], [ -70.906418, 9.594348 ], [ -70.905907, 9.593709 ], [ -70.905571, 9.593142 ], [ -70.905403, 9.592383 ], [ -70.905365, 9.591955 ], [ -70.905380, 9.591000 ], [ -70.905464, 9.590222 ], [ -70.905594, 9.589525 ], [ -70.906128, 9.587543 ], [ -70.906326, 9.586854 ], [ -70.906502, 9.586140 ], [ -70.906586, 9.585543 ], [ -70.906464, 9.584856 ], [ -70.906128, 9.584216 ], [ -70.905708, 9.583802 ], [ -70.905098, 9.583444 ], [ -70.904404, 9.583177 ], [ -70.903755, 9.583072 ], [ -70.903458, 9.583107 ] ] ] } }

]
}
