{
"type": "FeatureCollection",
"features": [
{ "type": "Feature", "properties": { "COD_ESTADO": "23", "ESTADO": "ZULIA" }, "geometry": { "type": "MultiPolygon", "coordinates": [ [ [ [ -71.099675, 9.155420 ], [ -71.101731, 9.155512 ], [ -71.104118, 9.155668 ], [ -71.106781, 9.155126 ], [ -71.108482, 9.154512 ], [ -71.109749, 9.155660 ], [ -71.112137, 9.156022 ], [ -71.114349, 9.156803 ], [ -71.116074, 9.156373 ], [ -71.118179, 9.155637 ], [ -71.119713, 9.154750 ], [ -71.121078, 9.156172 ], [ -71.122452, 9.157456 ], [ -71.124260, 9.157923 ], [ -71.126511, 9.157343 ], [ -71.128563, 9.155961 ], [ -71.130585, 9.155226 ], [ -71.131164, 9.155198 ], [ -71.131661, 9.155536 ], [ -71.132324, 9.155922 ], [ -71.132980, 9.155689 ], [ -71.133408, 9.155081 ], [ -71.134018, 9.154984 ], [ -71.134369, 9.155568 ], [ -71.134789, 9.156225 ], [ -71.135239, 9.156606 ], [ -71.135910, 9.156648 ], [ -71.136459, 9.156204 ], [ -71.136841, 9.155734 ], [ -71.137245, 9.155263 ], [ -71.137718, 9.154931 ], [ -71.138237, 9.154625 ], [ -71.138825, 9.154389 ], [ -71.139427, 9.154338 ], [ -71.140129, 9.154175 ], [ -71.140640, 9.153892 ], [ -71.141228, 9.153702 ], [ -71.141869, 9.153905 ], [ -71.142899, 9.155016 ], [ -71.143562, 9.155379 ], [ -71.144333, 9.155194 ], [ -71.144760, 9.154656 ], [ -71.145241, 9.154188 ], [ -71.145912, 9.154139 ], [ -71.146416, 9.154452 ], [ -71.146835, 9.154970 ], [ -71.147636, 9.156165 ], [ -71.148033, 9.156706 ], [ -71.149002, 9.157815 ], [ -71.149384, 9.158239 ], [ -71.149925, 9.158554 ], [ -71.150505, 9.158479 ], [ -71.151047, 9.158174 ], [ -71.151993, 9.157465 ], [ -71.152626, 9.157254 ], [ -71.153297, 9.157365 ], [ -71.153908, 9.157775 ], [ -71.154404, 9.158249 ], [ -71.154968, 9.158679 ], [ -71.155556, 9.159109 ], [ -71.156037, 9.159423 ], [ -71.156609, 9.159646 ], [ -71.157059, 9.160096 ], [ -71.157379, 9.160864 ], [ -71.157906, 9.161960 ], [ -71.158401, 9.162480 ], [ -71.159172, 9.161537 ], [ -71.159729, 9.161254 ], [ -71.160233, 9.161545 ], [ -71.160195, 9.162118 ], [ -71.159874, 9.162798 ], [ -71.159485, 9.163453 ], [ -71.159347, 9.164185 ], [ -71.159752, 9.164657 ], [ -71.160271, 9.165086 ], [ -71.160866, 9.165332 ], [ -71.161507, 9.165489 ], [ -71.162193, 9.165739 ], [ -71.162888, 9.165851 ], [ -71.163605, 9.165734 ], [ -71.164200, 9.165315 ], [ -71.164719, 9.164962 ], [ -71.165512, 9.164687 ], [ -71.166176, 9.164889 ], [ -71.166435, 9.165472 ], [ -71.166282, 9.166041 ], [ -71.166473, 9.166623 ], [ -71.167038, 9.167258 ], [ -71.167641, 9.167139 ], [ -71.168518, 9.167165 ], [ -71.168755, 9.167816 ], [ -71.168831, 9.168392 ], [ -71.168877, 9.169128 ], [ -71.168770, 9.169701 ], [ -71.168587, 9.170362 ], [ -71.168365, 9.170999 ], [ -71.168160, 9.171659 ], [ -71.168259, 9.172305 ], [ -71.168678, 9.172823 ], [ -71.169060, 9.173317 ], [ -71.169319, 9.173944 ], [ -71.169563, 9.174479 ], [ -71.169868, 9.174994 ], [ -71.170151, 9.175670 ], [ -71.170403, 9.176457 ], [ -71.170883, 9.176886 ], [ -71.171379, 9.177177 ], [ -71.172043, 9.177609 ], [ -71.172615, 9.177787 ], [ -71.173324, 9.178106 ], [ -71.173897, 9.178307 ], [ -71.174583, 9.178579 ], [ -71.175125, 9.179101 ], [ -71.175262, 9.179771 ], [ -71.175644, 9.181161 ], [ -71.175949, 9.181722 ], [ -71.176605, 9.182247 ], [ -71.177178, 9.182562 ], [ -71.177818, 9.182626 ], [ -71.179214, 9.182575 ], [ -71.179809, 9.182685 ], [ -71.180428, 9.182863 ], [ -71.181000, 9.183248 ], [ -71.181549, 9.183426 ], [ -71.182358, 9.183495 ], [ -71.182976, 9.183675 ], [ -71.183616, 9.183945 ], [ -71.184189, 9.184237 ], [ -71.184700, 9.184758 ], [ -71.184944, 9.185294 ], [ -71.185173, 9.186013 ], [ -71.185478, 9.186665 ], [ -71.186027, 9.186888 ], [ -71.186569, 9.186697 ], [ -71.187149, 9.186577 ], [ -71.187866, 9.186620 ], [ -71.188294, 9.187184 ], [ -71.188248, 9.187757 ], [ -71.188606, 9.188366 ], [ -71.189209, 9.188222 ], [ -71.189789, 9.188125 ], [ -71.190392, 9.188165 ], [ -71.190865, 9.188546 ], [ -71.191521, 9.189049 ], [ -71.192192, 9.189205 ], [ -71.192863, 9.189133 ], [ -71.193474, 9.188829 ], [ -71.194038, 9.188387 ], [ -71.194626, 9.188266 ], [ -71.194839, 9.188893 ], [ -71.194977, 9.189563 ], [ -71.195145, 9.190234 ], [ -71.195602, 9.190615 ], [ -71.196075, 9.191043 ], [ -71.196495, 9.191537 ], [ -71.197083, 9.192037 ], [ -71.197723, 9.192423 ], [ -71.198433, 9.192582 ], [ -71.199287, 9.192860 ], [ -71.199760, 9.193241 ], [ -71.200279, 9.193692 ], [ -71.200844, 9.194054 ], [ -71.201538, 9.194052 ], [ -71.202149, 9.193817 ], [ -71.202667, 9.193533 ], [ -71.203316, 9.193460 ], [ -71.203964, 9.193410 ], [ -71.204552, 9.193174 ], [ -71.205246, 9.193125 ], [ -71.205864, 9.193281 ], [ -71.206459, 9.193529 ], [ -71.207268, 9.193782 ], [ -71.207932, 9.194031 ], [ -71.208519, 9.194324 ], [ -71.208977, 9.194751 ], [ -71.209511, 9.195478 ], [ -71.209930, 9.196112 ], [ -71.210236, 9.196627 ], [ -71.210548, 9.197118 ], [ -71.210907, 9.197635 ], [ -71.211357, 9.198130 ], [ -71.211807, 9.198487 ], [ -71.212494, 9.198829 ], [ -71.213066, 9.198938 ], [ -71.213730, 9.199118 ], [ -71.214462, 9.199368 ], [ -71.215172, 9.199666 ], [ -71.215698, 9.200025 ], [ -71.216148, 9.200544 ], [ -71.216477, 9.201014 ], [ -71.216881, 9.201645 ], [ -71.217194, 9.202068 ], [ -71.216850, 9.202540 ], [ -71.216355, 9.202869 ], [ -71.215759, 9.202855 ], [ -71.215202, 9.202650 ], [ -71.214607, 9.202545 ], [ -71.213936, 9.202595 ], [ -71.213257, 9.202780 ], [ -71.212601, 9.203199 ], [ -71.212097, 9.203646 ], [ -71.211014, 9.204511 ], [ -71.210442, 9.204993 ], [ -71.209900, 9.205421 ], [ -71.209396, 9.205840 ], [ -71.208351, 9.206823 ], [ -71.207947, 9.207223 ], [ -71.207397, 9.207823 ], [ -71.207016, 9.208341 ], [ -71.206429, 9.209311 ], [ -71.205727, 9.210536 ], [ -71.205193, 9.211416 ], [ -71.204689, 9.212025 ], [ -71.203873, 9.213033 ], [ -71.203415, 9.213659 ], [ -71.202934, 9.214241 ], [ -71.202339, 9.214849 ], [ -71.201958, 9.215295 ], [ -71.200997, 9.216557 ], [ -71.200539, 9.217184 ], [ -71.200058, 9.217811 ], [ -71.199646, 9.218400 ], [ -71.198990, 9.219372 ], [ -71.198410, 9.220270 ], [ -71.197906, 9.220987 ], [ -71.197471, 9.221532 ], [ -71.196846, 9.222521 ], [ -71.196358, 9.223310 ], [ -71.195999, 9.223827 ], [ -71.194794, 9.225290 ], [ -71.194199, 9.226080 ], [ -71.193786, 9.226499 ], [ -71.192673, 9.227590 ], [ -71.192283, 9.228180 ], [ -71.192039, 9.228751 ], [ -71.191696, 9.229359 ], [ -71.191307, 9.229876 ], [ -71.190834, 9.230413 ], [ -71.190407, 9.230858 ], [ -71.189949, 9.231376 ], [ -71.189468, 9.231957 ], [ -71.189110, 9.232429 ], [ -71.188057, 9.233683 ], [ -71.187645, 9.234201 ], [ -71.187050, 9.234873 ], [ -71.186401, 9.235564 ], [ -71.185974, 9.235947 ], [ -71.184975, 9.237064 ], [ -71.184448, 9.237628 ], [ -71.183967, 9.238118 ], [ -71.183281, 9.238783 ], [ -71.182800, 9.239228 ], [ -71.181709, 9.240419 ], [ -71.180794, 9.241518 ], [ -71.179855, 9.242726 ], [ -71.179359, 9.243217 ], [ -71.178787, 9.243618 ], [ -71.178062, 9.243966 ], [ -71.177498, 9.244205 ], [ -71.176933, 9.244578 ], [ -71.176392, 9.245043 ], [ -71.175774, 9.245462 ], [ -71.174645, 9.246120 ], [ -71.174011, 9.246377 ], [ -71.173332, 9.246580 ], [ -71.172775, 9.246774 ], [ -71.172211, 9.247029 ], [ -71.170425, 9.248016 ], [ -71.169815, 9.248292 ], [ -71.169136, 9.248576 ], [ -71.168571, 9.248878 ], [ -71.168007, 9.249207 ], [ -71.167397, 9.249608 ], [ -71.166924, 9.249981 ], [ -71.166420, 9.250427 ], [ -71.165947, 9.250828 ], [ -71.165359, 9.251202 ], [ -71.164818, 9.251575 ], [ -71.164085, 9.251897 ], [ -71.163460, 9.252135 ], [ -71.162613, 9.252430 ], [ -71.161621, 9.253132 ], [ -71.161125, 9.253605 ], [ -71.160080, 9.254533 ], [ -71.159538, 9.254889 ], [ -71.158920, 9.255191 ], [ -71.158333, 9.255565 ], [ -71.157715, 9.256075 ], [ -71.157265, 9.256502 ], [ -71.156769, 9.257011 ], [ -71.156105, 9.257594 ], [ -71.155602, 9.257995 ], [ -71.155083, 9.258323 ], [ -71.154587, 9.258606 ], [ -71.153786, 9.259153 ], [ -71.152481, 9.260092 ], [ -71.151894, 9.260571 ], [ -71.151375, 9.260966 ], [ -71.150688, 9.261592 ], [ -71.150093, 9.262148 ], [ -71.149681, 9.262620 ], [ -71.148422, 9.263867 ], [ -71.147903, 9.264314 ], [ -71.147308, 9.264661 ], [ -71.146439, 9.265319 ], [ -71.146065, 9.265614 ], [ -71.145721, 9.265904 ], [ -71.145172, 9.266532 ], [ -71.144768, 9.267072 ], [ -71.144379, 9.267543 ], [ -71.143974, 9.267967 ], [ -71.143334, 9.268589 ], [ -71.142685, 9.269100 ], [ -71.141609, 9.269802 ], [ -71.140968, 9.270246 ], [ -71.140167, 9.270728 ], [ -71.139229, 9.271317 ], [ -71.138656, 9.271787 ], [ -71.138229, 9.272234 ], [ -71.137299, 9.273145 ], [ -71.136276, 9.274198 ], [ -71.135727, 9.274664 ], [ -71.135231, 9.275109 ], [ -71.134712, 9.275483 ], [ -71.133080, 9.276514 ], [ -71.132400, 9.276816 ], [ -71.131630, 9.277210 ], [ -71.130356, 9.277860 ], [ -71.129631, 9.278186 ], [ -71.128884, 9.278573 ], [ -71.128151, 9.279061 ], [ -71.126938, 9.280193 ], [ -71.126198, 9.280981 ], [ -71.125771, 9.281382 ], [ -71.125198, 9.281867 ], [ -71.124695, 9.282338 ], [ -71.124084, 9.282642 ], [ -71.122940, 9.283110 ], [ -71.122375, 9.283374 ], [ -71.121590, 9.283804 ], [ -71.121040, 9.284088 ], [ -71.120140, 9.284428 ], [ -71.119637, 9.284575 ], [ -71.118439, 9.285005 ], [ -71.117790, 9.285165 ], [ -71.116997, 9.285305 ], [ -71.116066, 9.285438 ], [ -71.115555, 9.285524 ], [ -71.115021, 9.285627 ], [ -71.113808, 9.285921 ], [ -71.112923, 9.286079 ], [ -71.112198, 9.286291 ], [ -71.111473, 9.286546 ], [ -71.110725, 9.286914 ], [ -71.110023, 9.287215 ], [ -71.109253, 9.287445 ], [ -71.108597, 9.287516 ], [ -71.107834, 9.287583 ], [ -71.106949, 9.287837 ], [ -71.106331, 9.288187 ], [ -71.105347, 9.288778 ], [ -71.104378, 9.289438 ], [ -71.103836, 9.289676 ], [ -71.102989, 9.290157 ], [ -71.102402, 9.290416 ], [ -71.101532, 9.290893 ], [ -71.100632, 9.291330 ], [ -71.099747, 9.291785 ], [ -71.098366, 9.292479 ], [ -71.097397, 9.293023 ], [ -71.096809, 9.293423 ], [ -71.095390, 9.294526 ], [ -71.094673, 9.295151 ], [ -71.093506, 9.296309 ], [ -71.093025, 9.296872 ], [ -71.092514, 9.297344 ], [ -71.092056, 9.297691 ], [ -71.091561, 9.298092 ], [ -71.091103, 9.298492 ], [ -71.090653, 9.298938 ], [ -71.089813, 9.299880 ], [ -71.088760, 9.300868 ], [ -71.088272, 9.301302 ], [ -71.087677, 9.301929 ], [ -71.086723, 9.302846 ], [ -71.086319, 9.303247 ], [ -71.085724, 9.303666 ], [ -71.085098, 9.304152 ], [ -71.084549, 9.304459 ], [ -71.083962, 9.304694 ], [ -71.083237, 9.304926 ], [ -71.082543, 9.304975 ], [ -71.081955, 9.305045 ], [ -71.081100, 9.305094 ], [ -71.080421, 9.305394 ], [ -71.079804, 9.305790 ], [ -71.078194, 9.307052 ], [ -71.077560, 9.307493 ], [ -71.075981, 9.308387 ], [ -71.075607, 9.308584 ], [ -71.074120, 9.309411 ], [ -71.073418, 9.309850 ], [ -71.072784, 9.310179 ], [ -71.072243, 9.310415 ], [ -71.071472, 9.310715 ], [ -71.070770, 9.310923 ], [ -71.070114, 9.311062 ], [ -71.069298, 9.311271 ], [ -71.068573, 9.311478 ], [ -71.067703, 9.311787 ], [ -71.066444, 9.312291 ], [ -71.065353, 9.312755 ], [ -71.064949, 9.312908 ], [ -71.064171, 9.313302 ], [ -71.063560, 9.313649 ], [ -71.063149, 9.314257 ], [ -71.062767, 9.314729 ], [ -71.062263, 9.315246 ], [ -71.061790, 9.315692 ], [ -71.060814, 9.316557 ], [ -71.060387, 9.316958 ], [ -71.059837, 9.317493 ], [ -71.059334, 9.318075 ], [ -71.058128, 9.319763 ], [ -71.057640, 9.320533 ], [ -71.056938, 9.321577 ], [ -71.056625, 9.322020 ], [ -71.056267, 9.322603 ], [ -71.055603, 9.323736 ], [ -71.055382, 9.324281 ], [ -71.054748, 9.326171 ], [ -71.054222, 9.327441 ], [ -71.053947, 9.328146 ], [ -71.053345, 9.329805 ], [ -71.053185, 9.330537 ], [ -71.052811, 9.331856 ], [ -71.052673, 9.332242 ], [ -71.052490, 9.332903 ], [ -71.052300, 9.333397 ], [ -71.052277, 9.334148 ], [ -71.052025, 9.334444 ], [ -71.051804, 9.334854 ], [ -71.051735, 9.335197 ], [ -71.051590, 9.335517 ], [ -71.051308, 9.335880 ], [ -71.050857, 9.336310 ], [ -71.050506, 9.336581 ], [ -71.050430, 9.337108 ], [ -71.050423, 9.337476 ], [ -71.050446, 9.337867 ], [ -71.050568, 9.338696 ], [ -71.050667, 9.339685 ], [ -71.050652, 9.340559 ], [ -71.050629, 9.340995 ], [ -71.050552, 9.341408 ], [ -71.050362, 9.341772 ], [ -71.050194, 9.342137 ], [ -71.050049, 9.342480 ], [ -71.049904, 9.342937 ], [ -71.049461, 9.344424 ], [ -71.049339, 9.344812 ], [ -71.049240, 9.345225 ], [ -71.049187, 9.345730 ], [ -71.049248, 9.346213 ], [ -71.049438, 9.347227 ], [ -71.049652, 9.348448 ], [ -71.049767, 9.348887 ], [ -71.049934, 9.349764 ], [ -71.049995, 9.350177 ], [ -71.050033, 9.350753 ], [ -71.050003, 9.351304 ], [ -71.049973, 9.351740 ], [ -71.049866, 9.352519 ], [ -71.049812, 9.353070 ], [ -71.049835, 9.353484 ], [ -71.049873, 9.353852 ], [ -71.049866, 9.354313 ], [ -71.049950, 9.354957 ], [ -71.050080, 9.355557 ], [ -71.050476, 9.356482 ], [ -71.050797, 9.356877 ], [ -71.051071, 9.357158 ], [ -71.051437, 9.357442 ], [ -71.050224, 9.359519 ], [ -71.049629, 9.360010 ], [ -71.049156, 9.360366 ], [ -71.048622, 9.360603 ], [ -71.047981, 9.360825 ], [ -71.047333, 9.361000 ], [ -71.046623, 9.361121 ], [ -71.045906, 9.361280 ], [ -71.045326, 9.361219 ], [ -71.044769, 9.361042 ], [ -71.044205, 9.360620 ], [ -71.043892, 9.360052 ], [ -71.043717, 9.359366 ], [ -71.043541, 9.358635 ], [ -71.043297, 9.358013 ], [ -71.042892, 9.357500 ], [ -71.042328, 9.356998 ], [ -71.041839, 9.356530 ], [ -71.041527, 9.356052 ], [ -71.040962, 9.355667 ], [ -71.040383, 9.355472 ], [ -71.039803, 9.355367 ], [ -71.039055, 9.355199 ], [ -71.038452, 9.355076 ], [ -71.037941, 9.354780 ], [ -71.037468, 9.354313 ], [ -71.037064, 9.353746 ], [ -71.036705, 9.353270 ], [ -71.036347, 9.352765 ], [ -71.035881, 9.352298 ], [ -71.035339, 9.352102 ], [ -71.034714, 9.351997 ], [ -71.034042, 9.351965 ], [ -71.032776, 9.352262 ], [ -71.032059, 9.352274 ], [ -71.031410, 9.352124 ], [ -71.030892, 9.351856 ], [ -71.030312, 9.351643 ], [ -71.029663, 9.351601 ], [ -71.029068, 9.351821 ], [ -71.028465, 9.352015 ], [ -71.027657, 9.351938 ], [ -71.027077, 9.351788 ], [ -71.025704, 9.351605 ], [ -71.025101, 9.351482 ], [ -71.024544, 9.351242 ], [ -71.023933, 9.350811 ], [ -71.023415, 9.350299 ], [ -71.023125, 9.349776 ], [ -71.023224, 9.349062 ], [ -71.023239, 9.348420 ], [ -71.022858, 9.347871 ], [ -71.022217, 9.348001 ], [ -71.021591, 9.348013 ], [ -71.020981, 9.347791 ], [ -71.020424, 9.347658 ], [ -71.019798, 9.347472 ], [ -71.019257, 9.347249 ], [ -71.018837, 9.346772 ], [ -71.018684, 9.346131 ], [ -71.018570, 9.344984 ], [ -71.018280, 9.344326 ], [ -71.017830, 9.343922 ], [ -71.017273, 9.343789 ], [ -71.016678, 9.344037 ], [ -71.016129, 9.344230 ], [ -71.015518, 9.344007 ], [ -71.015007, 9.343720 ], [ -71.014534, 9.343271 ], [ -71.014130, 9.342840 ], [ -71.013825, 9.342362 ], [ -71.013558, 9.341840 ], [ -71.013237, 9.340558 ], [ -71.012741, 9.340244 ], [ -71.012215, 9.340528 ], [ -71.011787, 9.341045 ], [ -71.011398, 9.341554 ], [ -71.010849, 9.341728 ], [ -71.010284, 9.341460 ], [ -71.009751, 9.341129 ], [ -71.009300, 9.340743 ], [ -71.008896, 9.340203 ], [ -71.008408, 9.339862 ], [ -71.007797, 9.339603 ], [ -71.006745, 9.338977 ], [ -71.006188, 9.338663 ], [ -71.005516, 9.338749 ], [ -71.004913, 9.338716 ], [ -71.004189, 9.338449 ], [ -71.003700, 9.338162 ], [ -71.003250, 9.337712 ], [ -71.002335, 9.336715 ], [ -71.001907, 9.336328 ], [ -71.001244, 9.336576 ], [ -71.000641, 9.336860 ], [ -71.000114, 9.337188 ], [ -70.999603, 9.338248 ], [ -70.998451, 9.338698 ], [ -70.997871, 9.338891 ], [ -70.997253, 9.339174 ], [ -70.996200, 9.339831 ], [ -70.995689, 9.340133 ], [ -70.994446, 9.340284 ], [ -70.993843, 9.340432 ], [ -70.993248, 9.340490 ], [ -70.992661, 9.340241 ], [ -70.992081, 9.340035 ], [ -70.991081, 9.339634 ], [ -70.990196, 9.339350 ], [ -70.989593, 9.339172 ], [ -70.988854, 9.339068 ], [ -70.988090, 9.338846 ], [ -70.987457, 9.338597 ], [ -70.986809, 9.338285 ], [ -70.986206, 9.337971 ], [ -70.985596, 9.337613 ], [ -70.984451, 9.336860 ], [ -70.983894, 9.336456 ], [ -70.983284, 9.335936 ], [ -70.982796, 9.335549 ], [ -70.982346, 9.335145 ], [ -70.981949, 9.334660 ], [ -70.981621, 9.334164 ], [ -70.981564, 9.331244 ], [ -70.987276, 9.284255 ], [ -70.989177, 9.271797 ], [ -70.997583, 9.217265 ], [ -71.000454, 9.200641 ], [ -71.034917, 9.180784 ], [ -71.037652, 9.178084 ], [ -71.041523, 9.175624 ], [ -71.048444, 9.151691 ], [ -71.075300, 9.138917 ], [ -71.077202, 9.137758 ], [ -71.077632, 9.139221 ], [ -71.078165, 9.140161 ], [ -71.078594, 9.141520 ], [ -71.079447, 9.142667 ], [ -71.079665, 9.144341 ], [ -71.080728, 9.145174 ], [ -71.080831, 9.145495 ], [ -71.081334, 9.145251 ], [ -71.081344, 9.145244 ], [ -71.081345, 9.145245 ], [ -71.081348, 9.145244 ], [ -71.081348, 9.145248 ], [ -71.082764, 9.146619 ], [ -71.084534, 9.148216 ], [ -71.086227, 9.149676 ], [ -71.087189, 9.151453 ], [ -71.089714, 9.151858 ], [ -71.091148, 9.153002 ], [ -71.092804, 9.154833 ], [ -71.095162, 9.154850 ], [ -71.099675, 9.155420 ] ], [ [ -71.088951, 9.191879 ], [ -71.088677, 9.191809 ], [ -71.088689, 9.191813 ], [ -71.088951, 9.191879 ] ], [ [ -71.084965, 9.190071 ], [ -71.084740, 9.189879 ], [ -71.084961, 9.190068 ], [ -71.084965, 9.190071 ] ], [ [ -71.084472, 9.189356 ], [ -71.084501, 9.189022 ], [ -71.084498, 9.189051 ], [ -71.084472, 9.189356 ] ], [ [ -71.084795, 9.188082 ], [ -71.084900, 9.187592 ], [ -71.084798, 9.188068 ], [ -71.084795, 9.188082 ] ], [ [ -71.084267, 9.186276 ], [ -71.084310, 9.186201 ], [ -71.084296, 9.186226 ], [ -71.084267, 9.186276 ] ], [ [ -71.084392, 9.184895 ], [ -71.084213, 9.184667 ], [ -71.084380, 9.184879 ], [ -71.084392, 9.184895 ] ], [ [ -71.083130, 9.183931 ], [ -71.082882, 9.183834 ], [ -71.082893, 9.183838 ], [ -71.083130, 9.183931 ] ] ], [ [ [ -71.573341, 10.981370 ], [ -71.573891, 10.981690 ], [ -71.574440, 10.982057 ], [ -71.574928, 10.982477 ], [ -71.575371, 10.983079 ], [ -71.575844, 10.983635 ], [ -71.576988, 10.984799 ], [ -71.577454, 10.985284 ], [ -71.577873, 10.985795 ], [ -71.578346, 10.986397 ], [ -71.578926, 10.986942 ], [ -71.579453, 10.987264 ], [ -71.580132, 10.987303 ], [ -71.580620, 10.986774 ], [ -71.581162, 10.986426 ], [ -71.581558, 10.985927 ], [ -71.581787, 10.985292 ], [ -71.582306, 10.984971 ], [ -71.582931, 10.984876 ], [ -71.583000, 10.984252 ], [ -71.582871, 10.983593 ], [ -71.583443, 10.983290 ], [ -71.584084, 10.983511 ], [ -71.584701, 10.983325 ], [ -71.585312, 10.983410 ], [ -71.585892, 10.983821 ], [ -71.586540, 10.984249 ], [ -71.587234, 10.984270 ], [ -71.587975, 10.984119 ], [ -71.588684, 10.984294 ], [ -71.589058, 10.984805 ], [ -71.589363, 10.985480 ], [ -71.589737, 10.986037 ], [ -71.590408, 10.986375 ], [ -71.591003, 10.986650 ], [ -71.591514, 10.987134 ], [ -71.591797, 10.987674 ], [ -71.591499, 10.988372 ], [ -71.590981, 10.988702 ], [ -71.590355, 10.988725 ], [ -71.589722, 10.988685 ], [ -71.589088, 10.988573 ], [ -71.588470, 10.988741 ], [ -71.588272, 10.989492 ], [ -71.588669, 10.990067 ], [ -71.589272, 10.990505 ], [ -71.589928, 10.990698 ], [ -71.590538, 10.990766 ], [ -71.591293, 10.990868 ], [ -71.591942, 10.990799 ], [ -71.592621, 10.990901 ], [ -71.593178, 10.991357 ], [ -71.593506, 10.991969 ], [ -71.593208, 10.992603 ], [ -71.592514, 10.992682 ], [ -71.591766, 10.992670 ], [ -71.591088, 10.992603 ], [ -71.590393, 10.992619 ], [ -71.589676, 10.992715 ], [ -71.588951, 10.992631 ], [ -71.588157, 10.992620 ], [ -71.587532, 10.992724 ], [ -71.586914, 10.992929 ], [ -71.586372, 10.993349 ], [ -71.586121, 10.993938 ], [ -71.585922, 10.994654 ], [ -71.585640, 10.995198 ], [ -71.585434, 10.995805 ], [ -71.585373, 10.996456 ], [ -71.585335, 10.997126 ], [ -71.584793, 10.997473 ], [ -71.584175, 10.997153 ], [ -71.583725, 10.996507 ], [ -71.583458, 10.995731 ], [ -71.583145, 10.995147 ], [ -71.582634, 10.994673 ], [ -71.582039, 10.994370 ], [ -71.581360, 10.994223 ], [ -71.580704, 10.994138 ], [ -71.580086, 10.993954 ], [ -71.579674, 10.993469 ], [ -71.579094, 10.993149 ], [ -71.578316, 10.992839 ], [ -71.577721, 10.992654 ], [ -71.577034, 10.992389 ], [ -71.576485, 10.992050 ], [ -71.575882, 10.991640 ], [ -71.575165, 10.991230 ], [ -71.574615, 10.990847 ], [ -71.574036, 10.990391 ], [ -71.573341, 10.990007 ], [ -71.572746, 10.989706 ], [ -71.572052, 10.989413 ], [ -71.571457, 10.989102 ], [ -71.570671, 10.988630 ], [ -71.569977, 10.988265 ], [ -71.569313, 10.987973 ], [ -71.568588, 10.987545 ], [ -71.567940, 10.987117 ], [ -71.567223, 10.986716 ], [ -71.566605, 10.986442 ], [ -71.565147, 10.985614 ], [ -71.564407, 10.985231 ], [ -71.563027, 10.984556 ], [ -71.562263, 10.984111 ], [ -71.561638, 10.983764 ], [ -71.560852, 10.983346 ], [ -71.560165, 10.983027 ], [ -71.559448, 10.982743 ], [ -71.558762, 10.982406 ], [ -71.558167, 10.982130 ], [ -71.556786, 10.981428 ], [ -71.555977, 10.981173 ], [ -71.555221, 10.980953 ], [ -71.553757, 10.980370 ], [ -71.553131, 10.980059 ], [ -71.551949, 10.979535 ], [ -71.551132, 10.979154 ], [ -71.549889, 10.978432 ], [ -71.549294, 10.978112 ], [ -71.547836, 10.977283 ], [ -71.546455, 10.976608 ], [ -71.545746, 10.976343 ], [ -71.545098, 10.976412 ], [ -71.544456, 10.976147 ], [ -71.544014, 10.975707 ], [ -71.543610, 10.975079 ], [ -71.543022, 10.974848 ], [ -71.542221, 10.974747 ], [ -71.541443, 10.974509 ], [ -71.540802, 10.974171 ], [ -71.540154, 10.973806 ], [ -71.539650, 10.973413 ], [ -71.539299, 10.972882 ], [ -71.539238, 10.972169 ], [ -71.539116, 10.971438 ], [ -71.539086, 10.970752 ], [ -71.539169, 10.970100 ], [ -71.539299, 10.969431 ], [ -71.539246, 10.968690 ], [ -71.539116, 10.967987 ], [ -71.538811, 10.967312 ], [ -71.537987, 10.966198 ], [ -71.537506, 10.965804 ], [ -71.536857, 10.965349 ], [ -71.536530, 10.964837 ], [ -71.536247, 10.964225 ], [ -71.536262, 10.963601 ], [ -71.536346, 10.962914 ], [ -71.536362, 10.962200 ], [ -71.536095, 10.961515 ], [ -71.535675, 10.960959 ], [ -71.535324, 10.960428 ], [ -71.534813, 10.959854 ], [ -71.533760, 10.958842 ], [ -71.533340, 10.958285 ], [ -71.532875, 10.957729 ], [ -71.532433, 10.957245 ], [ -71.532013, 10.956688 ], [ -71.531547, 10.956203 ], [ -71.531105, 10.955666 ], [ -71.530678, 10.955091 ], [ -71.530350, 10.954506 ], [ -71.530182, 10.953911 ], [ -71.530296, 10.953241 ], [ -71.530472, 10.952635 ], [ -71.530845, 10.952044 ], [ -71.531242, 10.951544 ], [ -71.531044, 10.950768 ], [ -71.530419, 10.950936 ], [ -71.529724, 10.951015 ], [ -71.529243, 10.950576 ], [ -71.529167, 10.949935 ], [ -71.529160, 10.949311 ], [ -71.529038, 10.948698 ], [ -71.529243, 10.948109 ], [ -71.529808, 10.947716 ], [ -71.530342, 10.948181 ], [ -71.530693, 10.948738 ], [ -71.531265, 10.950071 ], [ -71.531708, 10.950627 ], [ -71.532333, 10.950433 ], [ -71.532928, 10.950202 ], [ -71.533623, 10.950124 ], [ -71.534279, 10.950191 ], [ -71.535088, 10.950192 ], [ -71.535774, 10.950277 ], [ -71.536522, 10.950407 ], [ -71.537186, 10.950609 ], [ -71.537887, 10.950712 ], [ -71.538559, 10.950589 ], [ -71.539177, 10.950448 ], [ -71.539917, 10.950370 ], [ -71.540596, 10.950427 ], [ -71.541237, 10.950675 ], [ -71.541748, 10.951159 ], [ -71.541923, 10.951844 ], [ -71.541695, 10.952451 ], [ -71.541626, 10.953057 ], [ -71.541687, 10.954340 ], [ -71.541855, 10.954952 ], [ -71.542221, 10.955446 ], [ -71.542778, 10.955875 ], [ -71.543381, 10.956223 ], [ -71.543701, 10.956736 ], [ -71.543823, 10.957331 ], [ -71.543327, 10.957696 ], [ -71.542831, 10.958089 ], [ -71.543137, 10.958619 ], [ -71.543816, 10.958641 ], [ -71.544319, 10.958980 ], [ -71.544601, 10.959547 ], [ -71.544372, 10.960199 ], [ -71.543884, 10.960664 ], [ -71.543251, 10.961130 ], [ -71.542732, 10.961451 ], [ -71.542191, 10.961843 ], [ -71.541649, 10.962137 ], [ -71.541557, 10.962789 ], [ -71.542045, 10.963209 ], [ -71.542717, 10.963195 ], [ -71.543457, 10.963071 ], [ -71.544128, 10.962976 ], [ -71.544815, 10.963150 ], [ -71.545326, 10.963679 ], [ -71.545586, 10.964264 ], [ -71.545502, 10.964961 ], [ -71.545532, 10.965647 ], [ -71.545235, 10.966237 ], [ -71.545166, 10.966861 ], [ -71.545654, 10.967327 ], [ -71.546181, 10.966997 ], [ -71.546845, 10.966765 ], [ -71.547501, 10.966896 ], [ -71.548363, 10.966951 ], [ -71.548905, 10.966577 ], [ -71.549492, 10.966210 ], [ -71.550209, 10.966033 ], [ -71.550980, 10.966117 ], [ -71.551727, 10.966219 ], [ -71.552391, 10.966466 ], [ -71.552948, 10.966923 ], [ -71.553490, 10.967478 ], [ -71.554001, 10.968025 ], [ -71.554329, 10.968564 ], [ -71.554611, 10.969194 ], [ -71.554970, 10.969779 ], [ -71.555390, 10.970335 ], [ -71.555916, 10.970729 ], [ -71.556534, 10.970886 ], [ -71.557152, 10.970736 ], [ -71.557724, 10.970388 ], [ -71.558365, 10.970157 ], [ -71.559067, 10.970349 ], [ -71.559685, 10.970643 ], [ -71.560265, 10.971063 ], [ -71.560753, 10.971474 ], [ -71.561066, 10.972221 ], [ -71.560753, 10.972992 ], [ -71.560677, 10.973851 ], [ -71.560730, 10.974492 ], [ -71.561173, 10.975021 ], [ -71.561836, 10.975268 ], [ -71.562507, 10.975327 ], [ -71.563126, 10.975466 ], [ -71.563744, 10.975316 ], [ -71.564293, 10.974995 ], [ -71.565033, 10.974890 ], [ -71.565689, 10.975028 ], [ -71.566399, 10.975222 ], [ -71.567627, 10.975717 ], [ -71.568222, 10.975920 ], [ -71.568832, 10.976014 ], [ -71.569458, 10.975954 ], [ -71.570106, 10.975841 ], [ -71.570748, 10.975600 ], [ -71.571426, 10.975657 ], [ -71.572044, 10.976005 ], [ -71.572418, 10.976580 ], [ -71.572456, 10.977339 ], [ -71.572739, 10.977969 ], [ -71.573067, 10.978535 ], [ -71.573212, 10.979121 ], [ -71.573219, 10.979816 ], [ -71.573158, 10.980486 ], [ -71.573341, 10.981370 ] ] ], [ [ [ -71.616432, 10.970955 ], [ -71.617058, 10.970923 ], [ -71.618187, 10.971545 ], [ -71.618836, 10.971585 ], [ -71.619324, 10.971030 ], [ -71.619965, 10.970843 ], [ -71.620651, 10.970946 ], [ -71.621300, 10.970896 ], [ -71.622009, 10.970727 ], [ -71.622643, 10.970766 ], [ -71.623322, 10.970896 ], [ -71.624573, 10.970651 ], [ -71.625275, 10.970690 ], [ -71.625961, 10.970548 ], [ -71.626595, 10.970606 ], [ -71.626793, 10.971309 ], [ -71.626541, 10.972015 ], [ -71.626388, 10.972713 ], [ -71.626495, 10.973995 ], [ -71.626411, 10.974664 ], [ -71.626206, 10.975344 ], [ -71.626099, 10.976013 ], [ -71.626129, 10.976753 ], [ -71.626259, 10.977485 ], [ -71.626167, 10.978082 ], [ -71.625831, 10.978834 ], [ -71.625351, 10.979543 ], [ -71.625076, 10.980178 ], [ -71.624679, 10.981600 ], [ -71.624184, 10.982932 ], [ -71.624046, 10.983539 ], [ -71.623940, 10.984308 ], [ -71.623878, 10.984995 ], [ -71.623840, 10.985709 ], [ -71.623756, 10.986405 ], [ -71.623520, 10.987266 ], [ -71.623268, 10.987946 ], [ -71.622955, 10.988608 ], [ -71.622772, 10.989305 ], [ -71.622505, 10.990004 ], [ -71.622009, 10.990423 ], [ -71.621613, 10.990941 ], [ -71.621246, 10.991541 ], [ -71.620979, 10.992284 ], [ -71.620727, 10.992937 ], [ -71.620430, 10.993482 ], [ -71.620132, 10.994071 ], [ -71.619904, 10.994634 ], [ -71.619224, 10.994621 ], [ -71.618675, 10.994274 ], [ -71.617958, 10.993963 ], [ -71.617363, 10.993598 ], [ -71.616738, 10.993287 ], [ -71.616165, 10.992922 ], [ -71.615639, 10.992574 ], [ -71.615211, 10.991973 ], [ -71.615135, 10.991359 ], [ -71.615150, 10.990690 ], [ -71.615357, 10.990010 ], [ -71.615532, 10.989331 ], [ -71.615623, 10.988707 ], [ -71.615685, 10.988065 ], [ -71.615349, 10.987318 ], [ -71.614952, 10.986852 ], [ -71.614426, 10.986504 ], [ -71.613670, 10.986294 ], [ -71.612938, 10.986074 ], [ -71.612328, 10.985934 ], [ -71.611595, 10.985743 ], [ -71.611000, 10.985467 ], [ -71.610336, 10.985292 ], [ -71.609711, 10.985315 ], [ -71.609054, 10.985646 ], [ -71.608421, 10.985634 ], [ -71.607842, 10.985196 ], [ -71.607330, 10.984694 ], [ -71.606140, 10.983088 ], [ -71.605743, 10.982621 ], [ -71.605187, 10.982120 ], [ -71.604675, 10.981700 ], [ -71.604217, 10.981288 ], [ -71.603866, 10.980731 ], [ -71.603554, 10.980074 ], [ -71.603478, 10.979342 ], [ -71.603676, 10.978708 ], [ -71.604385, 10.978359 ], [ -71.605011, 10.978354 ], [ -71.605690, 10.978438 ], [ -71.606323, 10.978496 ], [ -71.606964, 10.978788 ], [ -71.607544, 10.979136 ], [ -71.608185, 10.979402 ], [ -71.608666, 10.979795 ], [ -71.609131, 10.980351 ], [ -71.609619, 10.980790 ], [ -71.610062, 10.981274 ], [ -71.610642, 10.981640 ], [ -71.611244, 10.982095 ], [ -71.611931, 10.982342 ], [ -71.612595, 10.982192 ], [ -71.612610, 10.981505 ], [ -71.612190, 10.981021 ], [ -71.611710, 10.980600 ], [ -71.611168, 10.980072 ], [ -71.610191, 10.979041 ], [ -71.609840, 10.978502 ], [ -71.609413, 10.977810 ], [ -71.609016, 10.977253 ], [ -71.608528, 10.976814 ], [ -71.608109, 10.976349 ], [ -71.607712, 10.975810 ], [ -71.607384, 10.975207 ], [ -71.607079, 10.974577 ], [ -71.606651, 10.973904 ], [ -71.606384, 10.973300 ], [ -71.606171, 10.972543 ], [ -71.605949, 10.971868 ], [ -71.605690, 10.971237 ], [ -71.605431, 10.970671 ], [ -71.605103, 10.970158 ], [ -71.604767, 10.969411 ], [ -71.604477, 10.968691 ], [ -71.604187, 10.968034 ], [ -71.603996, 10.967358 ], [ -71.603691, 10.965779 ], [ -71.603447, 10.965103 ], [ -71.603325, 10.964436 ], [ -71.603249, 10.963750 ], [ -71.603195, 10.963091 ], [ -71.603165, 10.962440 ], [ -71.603157, 10.961781 ], [ -71.603264, 10.961040 ], [ -71.603554, 10.959799 ], [ -71.603882, 10.959263 ], [ -71.604508, 10.959275 ], [ -71.604881, 10.959860 ], [ -71.605171, 10.960444 ], [ -71.605560, 10.960929 ], [ -71.606270, 10.961176 ], [ -71.606911, 10.961351 ], [ -71.607437, 10.961672 ], [ -71.607834, 10.962211 ], [ -71.608116, 10.962795 ], [ -71.608444, 10.963398 ], [ -71.608841, 10.963937 ], [ -71.609169, 10.964449 ], [ -71.609657, 10.964843 ], [ -71.610092, 10.965326 ], [ -71.610329, 10.965894 ], [ -71.610619, 10.966524 ], [ -71.611137, 10.966113 ], [ -71.611755, 10.966424 ], [ -71.612198, 10.966962 ], [ -71.612411, 10.967566 ], [ -71.611870, 10.967940 ], [ -71.612404, 10.968424 ], [ -71.612892, 10.968818 ], [ -71.613175, 10.969375 ], [ -71.613937, 10.969432 ], [ -71.614601, 10.969606 ], [ -71.615173, 10.969864 ], [ -71.615761, 10.970085 ], [ -71.616234, 10.970613 ], [ -71.616432, 10.970955 ] ] ], [ [ [ -71.598869, 10.933438 ], [ -71.599434, 10.933921 ], [ -71.599976, 10.934215 ], [ -71.600510, 10.934535 ], [ -71.600815, 10.935120 ], [ -71.600914, 10.935742 ], [ -71.601173, 10.936300 ], [ -71.601616, 10.936830 ], [ -71.601967, 10.937351 ], [ -71.602112, 10.938009 ], [ -71.602028, 10.938705 ], [ -71.601700, 10.939296 ], [ -71.601059, 10.939509 ], [ -71.600410, 10.939623 ], [ -71.599754, 10.939909 ], [ -71.599121, 10.940357 ], [ -71.598602, 10.940767 ], [ -71.598137, 10.941223 ], [ -71.597740, 10.941724 ], [ -71.597275, 10.942162 ], [ -71.596603, 10.942402 ], [ -71.596214, 10.942903 ], [ -71.595604, 10.943368 ], [ -71.595184, 10.943842 ], [ -71.594841, 10.944504 ], [ -71.594597, 10.945229 ], [ -71.594307, 10.945999 ], [ -71.594169, 10.946651 ], [ -71.593918, 10.947241 ], [ -71.593498, 10.947714 ], [ -71.593338, 10.948320 ], [ -71.593346, 10.948944 ], [ -71.592773, 10.949202 ], [ -71.592178, 10.949415 ], [ -71.591606, 10.949664 ], [ -71.591064, 10.949966 ], [ -71.590393, 10.950045 ], [ -71.589821, 10.950302 ], [ -71.589119, 10.950290 ], [ -71.588486, 10.950196 ], [ -71.587837, 10.950184 ], [ -71.587486, 10.949599 ], [ -71.587174, 10.948970 ], [ -71.586464, 10.947665 ], [ -71.586022, 10.947109 ], [ -71.585579, 10.946670 ], [ -71.585358, 10.945922 ], [ -71.585487, 10.945225 ], [ -71.585899, 10.944562 ], [ -71.586296, 10.944061 ], [ -71.586761, 10.943561 ], [ -71.587212, 10.943124 ], [ -71.587746, 10.942640 ], [ -71.588211, 10.942203 ], [ -71.588608, 10.941702 ], [ -71.588859, 10.940977 ], [ -71.588844, 10.940246 ], [ -71.588745, 10.939605 ], [ -71.588814, 10.938981 ], [ -71.589035, 10.938184 ], [ -71.589356, 10.937549 ], [ -71.589722, 10.936913 ], [ -71.590088, 10.936413 ], [ -71.590370, 10.935850 ], [ -71.590286, 10.935065 ], [ -71.590180, 10.934289 ], [ -71.590195, 10.933602 ], [ -71.590294, 10.932788 ], [ -71.590492, 10.932000 ], [ -71.590675, 10.931366 ], [ -71.590919, 10.930714 ], [ -71.591103, 10.930106 ], [ -71.591194, 10.929456 ], [ -71.591210, 10.928841 ], [ -71.591484, 10.928205 ], [ -71.591759, 10.927526 ], [ -71.592270, 10.925480 ], [ -71.592300, 10.924757 ], [ -71.592224, 10.924116 ], [ -71.592171, 10.922815 ], [ -71.592293, 10.922046 ], [ -71.592957, 10.920820 ], [ -71.593445, 10.920130 ], [ -71.593903, 10.919530 ], [ -71.594299, 10.919057 ], [ -71.594711, 10.918439 ], [ -71.595062, 10.917849 ], [ -71.595795, 10.916685 ], [ -71.596138, 10.916023 ], [ -71.596466, 10.915433 ], [ -71.596718, 10.914852 ], [ -71.596985, 10.914190 ], [ -71.597259, 10.913610 ], [ -71.597565, 10.913066 ], [ -71.597885, 10.912520 ], [ -71.598289, 10.913051 ], [ -71.598389, 10.913763 ], [ -71.598305, 10.914433 ], [ -71.598099, 10.915085 ], [ -71.597877, 10.915836 ], [ -71.597839, 10.916506 ], [ -71.597870, 10.917192 ], [ -71.598023, 10.917940 ], [ -71.598190, 10.918535 ], [ -71.598289, 10.919194 ], [ -71.598549, 10.919833 ], [ -71.598724, 10.920654 ], [ -71.598732, 10.921313 ], [ -71.598648, 10.921965 ], [ -71.598534, 10.922571 ], [ -71.598473, 10.923168 ], [ -71.598595, 10.923836 ], [ -71.598648, 10.924522 ], [ -71.598327, 10.925158 ], [ -71.597817, 10.925658 ], [ -71.597237, 10.926260 ], [ -71.596848, 10.926814 ], [ -71.596664, 10.927466 ], [ -71.596580, 10.928108 ], [ -71.596657, 10.928749 ], [ -71.597069, 10.930227 ], [ -71.597008, 10.930834 ], [ -71.597107, 10.931492 ], [ -71.597550, 10.931958 ], [ -71.598076, 10.932369 ], [ -71.598289, 10.932955 ], [ -71.598869, 10.933438 ] ] ], [ [ [ -71.620407, 11.010685 ], [ -71.620812, 11.011015 ], [ -71.620262, 11.011381 ], [ -71.619736, 11.011531 ], [ -71.618629, 11.011910 ], [ -71.618072, 11.012150 ], [ -71.617065, 11.012620 ], [ -71.616486, 11.012841 ], [ -71.615883, 11.012928 ], [ -71.615257, 11.012988 ], [ -71.614632, 11.013092 ], [ -71.613617, 11.013490 ], [ -71.612923, 11.013514 ], [ -71.612274, 11.013483 ], [ -71.611641, 11.013479 ], [ -71.611015, 11.013449 ], [ -71.610382, 11.013445 ], [ -71.609848, 11.013477 ], [ -71.609268, 11.013473 ], [ -71.608726, 11.013370 ], [ -71.608193, 11.013338 ], [ -71.607636, 11.013288 ], [ -71.607246, 11.012885 ], [ -71.606819, 11.012509 ], [ -71.606369, 11.012242 ], [ -71.605896, 11.012030 ], [ -71.604836, 11.011641 ], [ -71.604179, 11.011475 ], [ -71.603668, 11.011326 ], [ -71.603104, 11.011086 ], [ -71.602623, 11.010575 ], [ -71.602188, 11.010145 ], [ -71.601715, 11.009861 ], [ -71.601151, 11.009630 ], [ -71.600700, 11.009363 ], [ -71.600296, 11.008942 ], [ -71.599976, 11.008484 ], [ -71.599708, 11.008007 ], [ -71.599258, 11.007722 ], [ -71.598671, 11.007538 ], [ -71.598175, 11.007361 ], [ -71.597794, 11.006958 ], [ -71.597382, 11.006581 ], [ -71.596886, 11.006269 ], [ -71.596458, 11.005894 ], [ -71.596214, 11.005445 ], [ -71.596222, 11.004911 ], [ -71.596413, 11.004403 ], [ -71.596901, 11.004183 ], [ -71.597435, 11.004259 ], [ -71.597954, 11.004409 ], [ -71.598404, 11.004739 ], [ -71.599075, 11.005547 ], [ -71.599258, 11.006096 ], [ -71.599800, 11.006263 ], [ -71.600227, 11.005861 ], [ -71.600586, 11.005389 ], [ -71.600594, 11.004792 ], [ -71.600556, 11.004196 ], [ -71.600632, 11.003599 ], [ -71.600868, 11.003127 ], [ -71.601067, 11.002529 ], [ -71.600998, 11.001952 ], [ -71.600983, 11.001428 ], [ -71.601341, 11.000883 ], [ -71.601852, 11.000761 ], [ -71.602386, 11.000720 ], [ -71.602867, 11.000427 ], [ -71.603302, 11.000902 ], [ -71.603432, 11.001425 ], [ -71.603562, 11.002048 ], [ -71.603767, 11.002542 ], [ -71.604103, 11.002946 ], [ -71.604508, 11.003331 ], [ -71.604874, 11.003753 ], [ -71.605141, 11.004320 ], [ -71.605369, 11.004869 ], [ -71.606041, 11.006363 ], [ -71.606285, 11.006822 ], [ -71.606575, 11.007316 ], [ -71.606964, 11.007701 ], [ -71.607460, 11.008077 ], [ -71.608505, 11.008781 ], [ -71.608955, 11.009067 ], [ -71.609360, 11.009424 ], [ -71.610336, 11.010039 ], [ -71.610809, 11.010351 ], [ -71.611305, 11.010592 ], [ -71.611885, 11.010713 ], [ -71.612564, 11.010689 ], [ -71.613258, 11.010602 ], [ -71.613792, 11.010426 ], [ -71.614296, 11.010141 ], [ -71.614777, 11.009830 ], [ -71.615227, 11.009491 ], [ -71.615753, 11.009207 ], [ -71.616310, 11.009093 ], [ -71.616829, 11.009243 ], [ -71.617233, 11.009691 ], [ -71.617645, 11.010022 ], [ -71.618202, 11.010198 ], [ -71.618790, 11.010337 ], [ -71.619286, 11.010513 ], [ -71.619804, 11.010653 ], [ -71.620407, 11.010685 ] ] ], [ [ [ -71.624382, 11.017011 ], [ -71.623833, 11.017215 ], [ -71.623299, 11.017345 ], [ -71.622742, 11.017378 ], [ -71.622185, 11.017490 ], [ -71.621551, 11.017207 ], [ -71.621322, 11.016703 ], [ -71.621689, 11.016302 ], [ -71.622139, 11.016018 ], [ -71.622177, 11.015485 ], [ -71.622162, 11.014934 ], [ -71.622643, 11.014695 ], [ -71.623146, 11.014492 ], [ -71.624206, 11.014121 ], [ -71.624710, 11.013900 ], [ -71.625313, 11.013723 ], [ -71.625397, 11.014274 ], [ -71.625153, 11.014736 ], [ -71.624817, 11.015209 ], [ -71.624741, 11.015716 ], [ -71.625008, 11.016192 ], [ -71.624817, 11.016682 ], [ -71.624382, 11.017011 ] ] ], [ [ [ -71.642341, 10.983426 ], [ -71.642921, 10.983258 ], [ -71.643249, 10.983797 ], [ -71.643494, 10.985069 ], [ -71.643730, 10.985708 ], [ -71.643898, 10.986340 ], [ -71.643669, 10.986929 ], [ -71.643105, 10.987160 ], [ -71.642525, 10.986866 ], [ -71.642242, 10.986281 ], [ -71.642052, 10.985641 ], [ -71.642021, 10.985001 ], [ -71.642136, 10.984376 ], [ -71.642174, 10.983752 ], [ -71.642341, 10.983426 ] ] ], [ [ [ -71.651108, 10.953281 ], [ -71.651787, 10.953284 ], [ -71.653206, 10.953336 ], [ -71.653900, 10.953257 ], [ -71.654625, 10.953223 ], [ -71.655174, 10.953571 ], [ -71.655838, 10.953773 ], [ -71.657227, 10.953734 ], [ -71.657997, 10.953646 ], [ -71.658623, 10.953668 ], [ -71.659424, 10.953769 ], [ -71.660088, 10.954124 ], [ -71.660645, 10.954562 ], [ -71.661362, 10.954945 ], [ -71.662140, 10.954658 ], [ -71.662788, 10.954580 ], [ -71.663467, 10.954601 ], [ -71.664192, 10.954659 ], [ -71.664803, 10.954905 ], [ -71.665405, 10.955198 ], [ -71.666214, 10.955715 ], [ -71.666702, 10.956199 ], [ -71.667328, 10.956491 ], [ -71.667992, 10.956784 ], [ -71.668724, 10.957048 ], [ -71.669365, 10.956790 ], [ -71.670067, 10.956920 ], [ -71.670776, 10.957067 ], [ -71.671395, 10.956862 ], [ -71.672203, 10.956757 ], [ -71.672729, 10.957122 ], [ -71.672440, 10.957820 ], [ -71.672874, 10.958268 ], [ -71.673454, 10.958678 ], [ -71.674026, 10.958972 ], [ -71.674690, 10.959174 ], [ -71.675468, 10.959438 ], [ -71.675911, 10.959922 ], [ -71.676132, 10.960580 ], [ -71.676727, 10.960945 ], [ -71.677330, 10.961373 ], [ -71.677544, 10.962012 ], [ -71.677872, 10.962570 ], [ -71.678474, 10.962935 ], [ -71.679031, 10.963436 ], [ -71.678871, 10.964043 ], [ -71.678184, 10.964256 ], [ -71.677612, 10.963937 ], [ -71.677025, 10.963761 ], [ -71.676430, 10.963558 ], [ -71.675819, 10.963447 ], [ -71.675209, 10.963289 ], [ -71.674454, 10.963142 ], [ -71.673828, 10.963193 ], [ -71.673218, 10.963126 ], [ -71.672539, 10.962969 ], [ -71.671867, 10.963002 ], [ -71.671158, 10.962854 ], [ -71.670479, 10.962833 ], [ -71.669693, 10.962985 ], [ -71.669006, 10.963199 ], [ -71.668365, 10.963412 ], [ -71.667061, 10.963866 ], [ -71.666420, 10.964170 ], [ -71.665741, 10.964528 ], [ -71.665108, 10.965040 ], [ -71.664864, 10.965783 ], [ -71.664856, 10.966524 ], [ -71.664635, 10.967267 ], [ -71.664139, 10.967632 ], [ -71.663368, 10.967576 ], [ -71.662728, 10.967446 ], [ -71.662002, 10.967317 ], [ -71.661278, 10.967287 ], [ -71.660622, 10.967175 ], [ -71.659966, 10.967154 ], [ -71.659371, 10.967277 ], [ -71.658798, 10.967029 ], [ -71.658180, 10.966736 ], [ -71.657532, 10.966859 ], [ -71.656792, 10.966938 ], [ -71.656113, 10.966826 ], [ -71.655365, 10.966769 ], [ -71.654739, 10.966405 ], [ -71.654259, 10.966011 ], [ -71.653618, 10.965718 ], [ -71.652893, 10.965734 ], [ -71.652260, 10.965595 ], [ -71.651413, 10.965503 ], [ -71.650932, 10.965037 ], [ -71.650375, 10.964699 ], [ -71.649696, 10.964569 ], [ -71.648995, 10.964458 ], [ -71.647461, 10.964525 ], [ -71.646591, 10.964822 ], [ -71.645943, 10.964918 ], [ -71.645493, 10.964362 ], [ -71.645119, 10.963787 ], [ -71.644699, 10.963230 ], [ -71.644043, 10.962658 ], [ -71.643165, 10.962377 ], [ -71.642540, 10.962337 ], [ -71.641777, 10.962578 ], [ -71.641045, 10.962792 ], [ -71.640335, 10.963060 ], [ -71.639740, 10.963219 ], [ -71.639061, 10.963207 ], [ -71.638420, 10.962914 ], [ -71.637611, 10.962632 ], [ -71.637108, 10.962212 ], [ -71.636505, 10.961802 ], [ -71.635048, 10.961968 ], [ -71.634232, 10.962002 ], [ -71.633560, 10.962008 ], [ -71.632813, 10.962069 ], [ -71.632141, 10.962074 ], [ -71.631523, 10.961781 ], [ -71.630890, 10.961669 ], [ -71.630089, 10.961613 ], [ -71.629501, 10.961437 ], [ -71.628837, 10.961091 ], [ -71.628242, 10.960843 ], [ -71.627709, 10.960505 ], [ -71.627090, 10.960166 ], [ -71.626343, 10.960127 ], [ -71.625580, 10.960188 ], [ -71.624931, 10.960302 ], [ -71.624252, 10.960217 ], [ -71.623619, 10.960160 ], [ -71.622978, 10.960391 ], [ -71.622696, 10.959851 ], [ -71.622833, 10.959155 ], [ -71.623268, 10.958591 ], [ -71.623688, 10.958081 ], [ -71.624229, 10.957715 ], [ -71.624878, 10.957665 ], [ -71.625511, 10.957722 ], [ -71.626236, 10.957689 ], [ -71.626846, 10.957322 ], [ -71.627075, 10.956715 ], [ -71.627632, 10.956322 ], [ -71.628326, 10.956054 ], [ -71.629013, 10.955912 ], [ -71.630394, 10.955476 ], [ -71.631058, 10.955335 ], [ -71.631920, 10.955228 ], [ -71.632751, 10.955212 ], [ -71.633438, 10.955314 ], [ -71.633987, 10.955751 ], [ -71.635429, 10.956101 ], [ -71.636093, 10.956321 ], [ -71.636795, 10.956405 ], [ -71.637413, 10.956697 ], [ -71.637962, 10.957064 ], [ -71.638634, 10.957040 ], [ -71.639282, 10.956871 ], [ -71.640045, 10.956747 ], [ -71.640755, 10.956524 ], [ -71.641472, 10.956401 ], [ -71.642105, 10.956558 ], [ -71.642662, 10.956897 ], [ -71.643257, 10.956665 ], [ -71.643822, 10.956345 ], [ -71.644409, 10.956547 ], [ -71.645180, 10.956513 ], [ -71.646507, 10.955987 ], [ -71.647133, 10.955918 ], [ -71.647789, 10.955560 ], [ -71.648178, 10.955077 ], [ -71.648567, 10.954523 ], [ -71.649292, 10.953812 ], [ -71.649864, 10.953563 ], [ -71.651108, 10.953281 ] ] ], [ [ [ -71.620697, 10.888962 ], [ -71.620254, 10.888522 ], [ -71.620018, 10.887910 ], [ -71.619736, 10.887298 ], [ -71.619575, 10.886459 ], [ -71.619499, 10.885764 ], [ -71.619591, 10.885167 ], [ -71.619812, 10.884515 ], [ -71.620186, 10.884014 ], [ -71.620758, 10.883730 ], [ -71.621353, 10.883544 ], [ -71.622093, 10.883537 ], [ -71.622726, 10.883505 ], [ -71.623345, 10.883364 ], [ -71.623970, 10.883675 ], [ -71.623902, 10.884326 ], [ -71.624519, 10.884619 ], [ -71.625030, 10.885012 ], [ -71.625267, 10.885579 ], [ -71.625221, 10.886249 ], [ -71.624832, 10.886811 ], [ -71.624390, 10.887295 ], [ -71.623802, 10.887643 ], [ -71.623161, 10.887901 ], [ -71.622566, 10.888114 ], [ -71.621994, 10.888390 ], [ -71.621429, 10.888810 ], [ -71.620697, 10.888962 ] ] ], [ [ [ -71.626808, 10.866086 ], [ -71.627441, 10.866144 ], [ -71.628212, 10.866228 ], [ -71.628830, 10.866358 ], [ -71.629417, 10.866588 ], [ -71.629974, 10.866954 ], [ -71.629601, 10.867481 ], [ -71.629204, 10.867981 ], [ -71.628906, 10.868571 ], [ -71.628815, 10.869213 ], [ -71.628571, 10.869848 ], [ -71.628364, 10.870437 ], [ -71.627945, 10.870911 ], [ -71.627350, 10.871123 ], [ -71.626778, 10.871399 ], [ -71.626152, 10.871405 ], [ -71.625778, 10.870893 ], [ -71.625656, 10.870234 ], [ -71.625015, 10.870122 ], [ -71.624947, 10.869509 ], [ -71.625336, 10.868981 ], [ -71.624458, 10.868012 ], [ -71.624519, 10.867362 ], [ -71.624794, 10.866773 ], [ -71.625290, 10.866334 ], [ -71.625961, 10.866265 ], [ -71.626808, 10.866086 ] ] ], [ [ [ -71.624840, 10.874415 ], [ -71.625580, 10.874725 ], [ -71.625954, 10.875237 ], [ -71.626564, 10.875367 ], [ -71.626801, 10.875935 ], [ -71.626854, 10.876557 ], [ -71.626831, 10.877199 ], [ -71.627167, 10.877784 ], [ -71.627632, 10.878313 ], [ -71.627304, 10.878876 ], [ -71.626884, 10.879358 ], [ -71.626587, 10.879921 ], [ -71.626358, 10.880483 ], [ -71.626221, 10.881089 ], [ -71.625656, 10.881483 ], [ -71.625221, 10.881026 ], [ -71.624802, 10.880514 ], [ -71.624466, 10.879949 ], [ -71.624115, 10.879391 ], [ -71.623855, 10.878734 ], [ -71.623573, 10.878222 ], [ -71.623497, 10.877598 ], [ -71.623657, 10.876955 ], [ -71.624229, 10.875749 ], [ -71.624428, 10.875033 ], [ -71.624840, 10.874415 ] ] ], [ [ [ -71.628189, 10.858612 ], [ -71.629516, 10.858645 ], [ -71.630188, 10.858567 ], [ -71.631004, 10.858551 ], [ -71.631447, 10.859044 ], [ -71.631592, 10.859721 ], [ -71.631363, 10.860337 ], [ -71.630897, 10.860721 ], [ -71.630424, 10.861158 ], [ -71.629913, 10.861596 ], [ -71.629257, 10.861991 ], [ -71.628616, 10.862249 ], [ -71.627891, 10.862237 ], [ -71.627388, 10.861898 ], [ -71.626701, 10.861606 ], [ -71.626152, 10.861285 ], [ -71.626236, 10.860634 ], [ -71.626022, 10.860003 ], [ -71.625893, 10.859318 ], [ -71.626236, 10.858683 ], [ -71.626831, 10.858470 ], [ -71.627495, 10.858600 ], [ -71.628189, 10.858612 ] ] ], [ [ [ -71.621597, 10.891863 ], [ -71.622078, 10.892275 ], [ -71.622543, 10.892740 ], [ -71.623032, 10.893151 ], [ -71.623283, 10.893719 ], [ -71.623184, 10.894461 ], [ -71.622650, 10.894989 ], [ -71.622414, 10.895552 ], [ -71.622452, 10.896247 ], [ -71.622002, 10.896702 ], [ -71.620651, 10.897129 ], [ -71.620010, 10.896955 ], [ -71.619843, 10.896341 ], [ -71.619675, 10.895701 ], [ -71.619690, 10.895033 ], [ -71.619614, 10.894301 ], [ -71.619697, 10.893587 ], [ -71.620033, 10.892852 ], [ -71.620430, 10.892288 ], [ -71.620949, 10.891913 ], [ -71.621597, 10.891863 ] ] ], [ [ [ -71.620514, 10.904864 ], [ -71.619995, 10.905212 ], [ -71.619309, 10.905426 ], [ -71.618515, 10.905442 ], [ -71.617905, 10.905718 ], [ -71.617271, 10.905588 ], [ -71.617073, 10.904975 ], [ -71.617164, 10.904333 ], [ -71.617363, 10.903608 ], [ -71.617515, 10.902929 ], [ -71.617790, 10.902295 ], [ -71.618111, 10.901687 ], [ -71.618530, 10.901159 ], [ -71.618973, 10.900703 ], [ -71.619575, 10.900581 ], [ -71.619789, 10.901194 ], [ -71.620125, 10.902492 ], [ -71.620461, 10.903139 ], [ -71.620766, 10.903706 ], [ -71.620796, 10.904329 ], [ -71.620514, 10.904864 ] ] ], [ [ [ -71.630005, 10.848938 ], [ -71.630218, 10.849568 ], [ -71.630036, 10.850203 ], [ -71.630028, 10.850889 ], [ -71.630257, 10.851474 ], [ -71.630264, 10.852142 ], [ -71.629669, 10.852284 ], [ -71.629295, 10.851727 ], [ -71.628921, 10.851242 ], [ -71.628662, 10.850612 ], [ -71.628334, 10.850090 ], [ -71.628517, 10.849510 ], [ -71.629082, 10.849162 ], [ -71.629623, 10.848796 ], [ -71.630005, 10.848938 ] ] ], [ [ [ -71.505623, 10.949425 ], [ -71.505623, 10.950075 ], [ -71.505180, 10.950530 ], [ -71.504501, 10.950473 ], [ -71.503998, 10.950125 ], [ -71.503716, 10.949585 ], [ -71.503525, 10.948927 ], [ -71.503288, 10.948314 ], [ -71.503067, 10.947657 ], [ -71.502609, 10.947245 ], [ -71.501968, 10.946997 ], [ -71.501915, 10.946374 ], [ -71.502258, 10.945738 ], [ -71.501976, 10.945153 ], [ -71.501236, 10.945250 ], [ -71.500244, 10.945366 ], [ -71.499878, 10.945342 ], [ -71.499344, 10.945166 ], [ -71.498863, 10.944907 ], [ -71.498451, 10.944487 ], [ -71.498138, 10.944064 ], [ -71.497909, 10.943578 ], [ -71.497734, 10.943047 ], [ -71.497605, 10.942559 ], [ -71.497597, 10.941991 ], [ -71.497696, 10.941439 ], [ -71.497948, 10.940343 ], [ -71.498123, 10.939817 ], [ -71.498344, 10.939292 ], [ -71.498566, 10.938838 ], [ -71.498825, 10.938357 ], [ -71.499092, 10.937903 ], [ -71.499428, 10.937430 ], [ -71.499947, 10.936785 ], [ -71.500236, 10.936348 ], [ -71.500564, 10.936057 ], [ -71.501259, 10.935951 ], [ -71.502007, 10.936126 ], [ -71.502693, 10.936400 ], [ -71.503334, 10.936531 ], [ -71.504067, 10.936769 ], [ -71.504807, 10.936789 ], [ -71.505463, 10.936775 ], [ -71.505791, 10.937297 ], [ -71.506371, 10.937753 ], [ -71.506607, 10.938365 ], [ -71.506561, 10.938990 ], [ -71.506645, 10.939766 ], [ -71.506905, 10.940324 ], [ -71.507431, 10.940699 ], [ -71.508041, 10.940829 ], [ -71.508720, 10.940797 ], [ -71.509880, 10.940145 ], [ -71.510422, 10.939825 ], [ -71.510696, 10.939280 ], [ -71.510811, 10.938611 ], [ -71.511330, 10.938246 ], [ -71.511764, 10.938729 ], [ -71.512367, 10.939114 ], [ -71.512611, 10.939771 ], [ -71.512657, 10.940393 ], [ -71.512894, 10.941025 ], [ -71.513046, 10.941665 ], [ -71.513436, 10.942131 ], [ -71.513718, 10.942671 ], [ -71.513870, 10.943393 ], [ -71.514107, 10.943960 ], [ -71.514297, 10.944573 ], [ -71.514488, 10.945258 ], [ -71.514473, 10.945972 ], [ -71.514755, 10.946557 ], [ -71.515014, 10.947143 ], [ -71.514786, 10.947777 ], [ -71.514320, 10.948205 ], [ -71.513779, 10.948626 ], [ -71.513115, 10.948811 ], [ -71.511848, 10.949220 ], [ -71.511162, 10.949406 ], [ -71.510475, 10.949629 ], [ -71.509873, 10.949787 ], [ -71.509216, 10.950072 ], [ -71.508675, 10.950556 ], [ -71.508133, 10.950876 ], [ -71.507439, 10.951072 ], [ -71.506691, 10.950943 ], [ -71.506157, 10.950531 ], [ -71.505997, 10.949945 ], [ -71.505623, 10.949425 ] ] ], [ [ [ -71.485512, 10.943472 ], [ -71.485832, 10.943893 ], [ -71.486008, 10.944380 ], [ -71.486137, 10.944885 ], [ -71.486168, 10.945481 ], [ -71.486183, 10.946059 ], [ -71.486176, 10.946566 ], [ -71.486275, 10.947207 ], [ -71.486244, 10.947713 ], [ -71.486099, 10.948193 ], [ -71.485878, 10.948691 ], [ -71.485474, 10.949219 ], [ -71.485001, 10.949548 ], [ -71.484322, 10.949788 ], [ -71.483849, 10.949991 ], [ -71.483383, 10.950274 ], [ -71.482933, 10.950658 ], [ -71.482475, 10.951150 ], [ -71.482124, 10.951632 ], [ -71.481743, 10.952032 ], [ -71.481361, 10.952396 ], [ -71.480934, 10.952662 ], [ -71.480385, 10.952495 ], [ -71.479996, 10.952164 ], [ -71.479584, 10.951715 ], [ -71.479218, 10.951294 ], [ -71.478905, 10.950881 ], [ -71.478539, 10.950522 ], [ -71.478126, 10.950038 ], [ -71.477760, 10.949526 ], [ -71.477470, 10.949058 ], [ -71.477226, 10.948617 ], [ -71.477211, 10.948112 ], [ -71.477287, 10.947586 ], [ -71.477440, 10.947080 ], [ -71.477600, 10.946048 ], [ -71.477631, 10.945523 ], [ -71.477715, 10.944999 ], [ -71.477837, 10.944491 ], [ -71.478081, 10.943975 ], [ -71.478302, 10.943403 ], [ -71.478882, 10.942350 ], [ -71.479194, 10.941834 ], [ -71.479477, 10.941406 ], [ -71.479744, 10.940970 ], [ -71.479706, 10.940447 ], [ -71.479507, 10.939933 ], [ -71.479492, 10.939427 ], [ -71.479507, 10.938903 ], [ -71.479744, 10.938440 ], [ -71.480217, 10.938156 ], [ -71.480751, 10.938215 ], [ -71.481140, 10.938655 ], [ -71.481453, 10.939050 ], [ -71.481865, 10.939453 ], [ -71.482765, 10.939997 ], [ -71.483200, 10.940328 ], [ -71.483635, 10.940703 ], [ -71.484024, 10.941171 ], [ -71.484726, 10.942078 ], [ -71.485016, 10.942563 ], [ -71.485290, 10.942986 ], [ -71.485512, 10.943472 ] ] ], [ [ [ -71.477531, 10.938584 ], [ -71.477966, 10.939051 ], [ -71.478096, 10.939565 ], [ -71.477989, 10.940135 ], [ -71.477715, 10.941231 ], [ -71.477661, 10.941737 ], [ -71.477554, 10.942280 ], [ -71.477379, 10.942760 ], [ -71.477303, 10.943285 ], [ -71.477341, 10.943818 ], [ -71.477356, 10.944324 ], [ -71.477181, 10.944867 ], [ -71.476914, 10.945439 ], [ -71.476646, 10.945938 ], [ -71.476402, 10.946419 ], [ -71.476044, 10.946024 ], [ -71.475746, 10.945557 ], [ -71.475502, 10.945089 ], [ -71.475227, 10.944631 ], [ -71.475052, 10.944044 ], [ -71.475044, 10.943476 ], [ -71.475159, 10.942399 ], [ -71.475166, 10.941821 ], [ -71.475060, 10.941270 ], [ -71.474930, 10.940693 ], [ -71.474922, 10.940142 ], [ -71.474930, 10.939590 ], [ -71.475105, 10.939047 ], [ -71.475464, 10.938610 ], [ -71.475884, 10.938345 ], [ -71.476357, 10.938151 ], [ -71.476868, 10.938247 ], [ -71.477531, 10.938584 ] ] ], [ [ [ -71.474167, 10.934727 ], [ -71.474724, 10.934649 ], [ -71.475258, 10.934844 ], [ -71.475593, 10.935329 ], [ -71.475655, 10.935835 ], [ -71.475166, 10.936010 ], [ -71.474693, 10.936321 ], [ -71.474381, 10.936803 ], [ -71.473930, 10.937069 ], [ -71.473427, 10.936847 ], [ -71.472961, 10.936616 ], [ -71.472527, 10.936348 ], [ -71.472015, 10.936198 ], [ -71.471886, 10.935720 ], [ -71.472130, 10.935213 ], [ -71.472305, 10.934742 ], [ -71.472816, 10.934566 ], [ -71.473305, 10.934715 ], [ -71.474167, 10.934727 ] ] ], [ [ [ -71.510552, 10.938044 ], [ -71.510323, 10.938606 ], [ -71.510017, 10.939196 ], [ -71.509392, 10.939201 ], [ -71.508484, 10.939155 ], [ -71.508408, 10.938486 ], [ -71.508484, 10.937772 ], [ -71.509003, 10.937379 ], [ -71.509689, 10.937490 ], [ -71.510338, 10.937458 ], [ -71.510552, 10.938044 ] ] ], [ [ [ -71.470779, 10.934113 ], [ -71.471191, 10.934462 ], [ -71.471298, 10.935039 ], [ -71.471100, 10.935519 ], [ -71.471458, 10.936492 ], [ -71.471580, 10.936997 ], [ -71.471092, 10.937173 ], [ -71.470680, 10.936824 ], [ -71.470551, 10.936310 ], [ -71.470558, 10.935803 ], [ -71.470223, 10.935337 ], [ -71.469948, 10.934896 ], [ -71.469986, 10.934390 ], [ -71.470245, 10.933963 ], [ -71.470779, 10.934113 ] ] ], [ [ [ -71.538200, 10.552252 ], [ -71.538178, 10.553038 ], [ -71.538040, 10.553590 ], [ -71.537743, 10.554035 ], [ -71.537331, 10.554337 ], [ -71.536797, 10.554657 ], [ -71.536316, 10.554923 ], [ -71.535828, 10.555153 ], [ -71.534950, 10.555783 ], [ -71.534515, 10.556157 ], [ -71.533547, 10.556834 ], [ -71.533058, 10.557154 ], [ -71.532646, 10.557573 ], [ -71.532303, 10.557991 ], [ -71.531571, 10.558919 ], [ -71.531250, 10.559356 ], [ -71.530586, 10.560219 ], [ -71.529945, 10.561191 ], [ -71.529648, 10.561717 ], [ -71.529472, 10.562207 ], [ -71.529312, 10.562778 ], [ -71.529091, 10.563864 ], [ -71.529030, 10.564487 ], [ -71.529175, 10.565083 ], [ -71.529411, 10.565605 ], [ -71.529579, 10.566199 ], [ -71.529678, 10.566804 ], [ -71.529686, 10.567328 ], [ -71.529556, 10.567881 ], [ -71.529350, 10.568434 ], [ -71.529220, 10.569013 ], [ -71.529152, 10.569519 ], [ -71.529342, 10.570024 ], [ -71.529655, 10.570573 ], [ -71.529915, 10.571149 ], [ -71.530128, 10.571653 ], [ -71.530388, 10.572130 ], [ -71.530556, 10.572635 ], [ -71.530609, 10.573185 ], [ -71.530571, 10.573719 ], [ -71.530579, 10.574243 ], [ -71.530510, 10.574749 ], [ -71.530426, 10.575283 ], [ -71.530205, 10.576387 ], [ -71.530441, 10.576864 ], [ -71.530930, 10.577141 ], [ -71.531532, 10.576928 ], [ -71.532089, 10.576896 ], [ -71.532600, 10.577027 ], [ -71.533096, 10.577259 ], [ -71.533516, 10.577554 ], [ -71.534103, 10.578488 ], [ -71.534180, 10.578994 ], [ -71.534119, 10.579591 ], [ -71.533913, 10.580098 ], [ -71.533547, 10.580517 ], [ -71.533035, 10.580774 ], [ -71.532555, 10.580986 ], [ -71.532066, 10.581180 ], [ -71.531509, 10.581337 ], [ -71.530930, 10.581487 ], [ -71.530495, 10.581806 ], [ -71.530266, 10.582269 ], [ -71.530136, 10.582776 ], [ -71.530022, 10.583383 ], [ -71.530037, 10.584548 ], [ -71.529999, 10.585109 ], [ -71.530052, 10.585677 ], [ -71.529800, 10.586167 ], [ -71.529434, 10.586604 ], [ -71.528671, 10.587397 ], [ -71.528328, 10.587832 ], [ -71.528175, 10.588322 ], [ -71.528175, 10.588873 ], [ -71.528206, 10.589396 ], [ -71.528351, 10.589947 ], [ -71.528565, 10.590451 ], [ -71.528687, 10.590956 ], [ -71.528786, 10.591507 ], [ -71.528816, 10.592039 ], [ -71.528778, 10.592591 ], [ -71.528618, 10.593099 ], [ -71.528435, 10.593578 ], [ -71.528145, 10.593997 ], [ -71.527725, 10.594325 ], [ -71.526734, 10.594749 ], [ -71.526222, 10.594915 ], [ -71.525162, 10.595340 ], [ -71.524696, 10.595642 ], [ -71.524239, 10.595989 ], [ -71.523773, 10.596381 ], [ -71.523430, 10.596827 ], [ -71.523086, 10.597335 ], [ -71.522698, 10.597682 ], [ -71.522141, 10.597867 ], [ -71.521561, 10.598016 ], [ -71.520981, 10.598138 ], [ -71.520355, 10.598251 ], [ -71.519844, 10.598355 ], [ -71.519295, 10.598522 ], [ -71.518715, 10.598780 ], [ -71.518211, 10.599199 ], [ -71.517815, 10.599591 ], [ -71.517425, 10.599937 ], [ -71.517014, 10.600329 ], [ -71.516502, 10.600614 ], [ -71.516022, 10.600799 ], [ -71.515488, 10.600903 ], [ -71.514877, 10.600925 ], [ -71.514297, 10.600866 ], [ -71.513740, 10.600934 ], [ -71.513207, 10.601038 ], [ -71.512703, 10.601250 ], [ -71.512192, 10.601552 ], [ -71.511688, 10.601881 ], [ -71.511269, 10.602246 ], [ -71.510811, 10.602620 ], [ -71.510323, 10.602967 ], [ -71.509911, 10.603341 ], [ -71.508919, 10.604136 ], [ -71.508385, 10.604321 ], [ -71.507317, 10.604283 ], [ -71.506737, 10.604288 ], [ -71.506134, 10.604365 ], [ -71.505600, 10.604415 ], [ -71.505043, 10.604537 ], [ -71.504486, 10.604676 ], [ -71.503838, 10.604826 ], [ -71.503281, 10.604894 ], [ -71.502701, 10.604854 ], [ -71.502189, 10.604794 ], [ -71.501656, 10.604798 ], [ -71.501121, 10.605011 ], [ -71.500046, 10.605570 ], [ -71.499703, 10.605700 ], [ -71.499123, 10.605632 ], [ -71.498673, 10.605319 ], [ -71.498039, 10.605162 ], [ -71.497490, 10.605365 ], [ -71.496841, 10.605541 ], [ -71.496368, 10.605835 ], [ -71.495956, 10.606235 ], [ -71.495674, 10.606680 ], [ -71.495438, 10.607287 ], [ -71.494827, 10.608295 ], [ -71.494774, 10.608829 ], [ -71.494698, 10.609381 ], [ -71.494507, 10.609888 ], [ -71.494156, 10.610478 ], [ -71.494019, 10.611103 ], [ -71.494194, 10.611653 ], [ -71.494530, 10.612220 ], [ -71.494903, 10.612659 ], [ -71.495247, 10.613153 ], [ -71.495453, 10.613658 ], [ -71.495575, 10.614461 ], [ -71.495438, 10.614787 ], [ -71.495743, 10.615391 ], [ -71.495926, 10.615986 ], [ -71.496315, 10.616389 ], [ -71.496651, 10.616784 ], [ -71.496788, 10.617316 ], [ -71.497131, 10.617765 ], [ -71.497581, 10.618141 ], [ -71.497673, 10.618665 ], [ -71.497650, 10.619288 ], [ -71.498055, 10.619682 ], [ -71.498528, 10.619923 ], [ -71.498573, 10.620492 ], [ -71.498588, 10.621024 ], [ -71.500038, 10.622929 ], [ -71.500816, 10.623591 ], [ -71.501259, 10.623985 ], [ -71.501724, 10.624343 ], [ -71.502731, 10.625166 ], [ -71.503113, 10.625525 ], [ -71.503578, 10.625936 ], [ -71.504005, 10.626349 ], [ -71.504311, 10.626762 ], [ -71.504684, 10.627148 ], [ -71.505531, 10.627872 ], [ -71.505951, 10.628195 ], [ -71.506462, 10.628444 ], [ -71.507004, 10.628620 ], [ -71.507515, 10.628841 ], [ -71.508026, 10.628937 ], [ -71.508537, 10.628996 ], [ -71.509102, 10.629245 ], [ -71.509522, 10.629539 ], [ -71.509987, 10.629907 ], [ -71.510437, 10.630174 ], [ -71.510903, 10.630559 ], [ -71.511276, 10.630953 ], [ -71.511696, 10.631311 ], [ -71.512215, 10.631633 ], [ -71.512703, 10.631809 ], [ -71.513191, 10.632013 ], [ -71.513710, 10.632190 ], [ -71.514267, 10.632302 ], [ -71.514847, 10.632461 ], [ -71.515343, 10.632665 ], [ -71.515900, 10.632913 ], [ -71.516457, 10.633017 ], [ -71.517037, 10.633039 ], [ -71.517624, 10.633170 ], [ -71.518135, 10.633229 ], [ -71.518669, 10.633090 ], [ -71.519203, 10.633176 ], [ -71.519692, 10.633451 ], [ -71.520157, 10.633746 ], [ -71.520699, 10.633878 ], [ -71.521210, 10.633991 ], [ -71.521675, 10.634303 ], [ -71.522186, 10.634435 ], [ -71.523308, 10.634516 ], [ -71.523796, 10.634747 ], [ -71.524284, 10.634996 ], [ -71.524796, 10.635146 ], [ -71.525246, 10.635423 ], [ -71.525711, 10.635690 ], [ -71.526268, 10.635667 ], [ -71.526687, 10.636007 ], [ -71.527069, 10.636437 ], [ -71.527535, 10.636714 ], [ -71.528068, 10.636818 ], [ -71.528633, 10.637094 ], [ -71.529098, 10.637343 ], [ -71.529610, 10.637637 ], [ -71.529877, 10.638096 ], [ -71.529945, 10.638619 ], [ -71.529816, 10.639172 ], [ -71.529495, 10.639726 ], [ -71.529060, 10.640171 ], [ -71.528526, 10.640492 ], [ -71.528160, 10.640865 ], [ -71.527886, 10.641311 ], [ -71.527588, 10.641720 ], [ -71.527344, 10.642327 ], [ -71.527115, 10.642790 ], [ -71.526840, 10.643270 ], [ -71.526497, 10.643780 ], [ -71.526039, 10.644198 ], [ -71.525696, 10.644635 ], [ -71.524841, 10.645429 ], [ -71.524475, 10.645919 ], [ -71.524178, 10.646356 ], [ -71.523903, 10.646791 ], [ -71.523697, 10.647299 ], [ -71.523567, 10.647806 ], [ -71.523499, 10.648339 ], [ -71.523392, 10.648891 ], [ -71.522926, 10.649148 ], [ -71.522682, 10.649656 ], [ -71.522407, 10.650146 ], [ -71.522064, 10.650537 ], [ -71.521698, 10.650911 ], [ -71.521210, 10.651303 ], [ -71.520889, 10.651740 ], [ -71.520592, 10.652230 ], [ -71.520317, 10.652829 ], [ -71.520187, 10.653336 ], [ -71.520149, 10.653914 ], [ -71.520249, 10.655016 ], [ -71.520210, 10.655567 ], [ -71.520004, 10.656048 ], [ -71.519684, 10.656493 ], [ -71.519318, 10.656912 ], [ -71.518928, 10.657421 ], [ -71.518631, 10.657857 ], [ -71.518501, 10.658392 ], [ -71.518532, 10.658960 ], [ -71.518700, 10.659492 ], [ -71.519005, 10.660041 ], [ -71.519997, 10.661416 ], [ -71.520302, 10.661819 ], [ -71.520653, 10.662232 ], [ -71.520844, 10.662710 ], [ -71.521088, 10.663214 ], [ -71.521347, 10.663718 ], [ -71.521721, 10.664176 ], [ -71.522194, 10.664588 ], [ -71.522613, 10.664927 ], [ -71.523125, 10.665176 ], [ -71.523689, 10.665335 ], [ -71.524178, 10.665493 ], [ -71.524689, 10.665733 ], [ -71.525696, 10.666185 ], [ -71.526077, 10.666851 ], [ -71.526375, 10.667247 ], [ -71.526863, 10.667730 ], [ -71.527443, 10.668186 ], [ -71.527886, 10.668671 ], [ -71.528282, 10.669228 ], [ -71.528725, 10.669812 ], [ -71.529167, 10.670296 ], [ -71.529633, 10.670780 ], [ -71.530182, 10.671191 ], [ -71.530647, 10.671658 ], [ -71.531067, 10.672142 ], [ -71.531052, 10.672811 ], [ -71.530601, 10.673293 ], [ -71.530014, 10.673596 ], [ -71.529289, 10.674018 ], [ -71.528587, 10.674484 ], [ -71.528183, 10.675219 ], [ -71.528000, 10.675799 ], [ -71.527824, 10.676614 ], [ -71.527717, 10.677329 ], [ -71.527702, 10.678024 ], [ -71.527641, 10.678667 ], [ -71.527672, 10.679335 ], [ -71.527779, 10.680157 ], [ -71.528068, 10.681482 ], [ -71.528259, 10.682140 ], [ -71.528297, 10.682962 ], [ -71.528259, 10.683659 ], [ -71.527962, 10.684248 ], [ -71.527542, 10.684731 ], [ -71.527031, 10.685186 ], [ -71.525787, 10.685983 ], [ -71.525345, 10.686502 ], [ -71.524674, 10.687636 ], [ -71.524239, 10.688254 ], [ -71.523842, 10.688853 ], [ -71.523476, 10.689372 ], [ -71.522987, 10.689972 ], [ -71.522476, 10.690455 ], [ -71.521942, 10.691029 ], [ -71.521591, 10.691555 ], [ -71.520943, 10.692663 ], [ -71.520675, 10.693361 ], [ -71.520355, 10.694005 ], [ -71.520103, 10.694586 ], [ -71.519913, 10.695563 ], [ -71.519730, 10.696170 ], [ -71.519463, 10.696804 ], [ -71.519264, 10.697574 ], [ -71.519226, 10.698306 ], [ -71.519333, 10.699182 ], [ -71.519523, 10.699795 ], [ -71.519836, 10.700515 ], [ -71.520233, 10.701072 ], [ -71.520675, 10.701556 ], [ -71.521141, 10.702085 ], [ -71.522171, 10.703189 ], [ -71.522560, 10.703655 ], [ -71.523048, 10.704049 ], [ -71.523674, 10.704505 ], [ -71.524208, 10.705034 ], [ -71.524674, 10.705473 ], [ -71.525200, 10.705794 ], [ -71.525925, 10.705969 ], [ -71.526734, 10.706261 ], [ -71.527504, 10.706408 ], [ -71.527985, 10.706801 ], [ -71.527992, 10.707443 ], [ -71.527817, 10.708068 ], [ -71.527542, 10.708775 ], [ -71.527336, 10.709400 ], [ -71.527046, 10.710704 ], [ -71.526985, 10.711354 ], [ -71.526825, 10.711961 ], [ -71.526550, 10.712614 ], [ -71.526207, 10.713140 ], [ -71.525734, 10.713967 ], [ -71.525360, 10.714530 ], [ -71.525040, 10.715165 ], [ -71.524750, 10.715873 ], [ -71.524521, 10.716479 ], [ -71.524132, 10.717115 ], [ -71.523743, 10.717778 ], [ -71.523384, 10.718603 ], [ -71.522766, 10.719964 ], [ -71.522377, 10.720554 ], [ -71.521919, 10.721272 ], [ -71.521629, 10.721997 ], [ -71.521385, 10.722857 ], [ -71.521126, 10.724178 ], [ -71.520927, 10.725020 ], [ -71.520889, 10.725690 ], [ -71.521057, 10.726393 ], [ -71.521385, 10.726951 ], [ -71.521606, 10.727698 ], [ -71.521683, 10.728339 ], [ -71.521721, 10.729126 ], [ -71.522141, 10.729700 ], [ -71.522644, 10.730049 ], [ -71.523155, 10.730460 ], [ -71.523437, 10.731028 ], [ -71.523628, 10.731640 ], [ -71.524094, 10.732215 ], [ -71.524834, 10.732579 ], [ -71.525208, 10.733136 ], [ -71.525696, 10.733638 ], [ -71.526001, 10.734223 ], [ -71.526466, 10.734807 ], [ -71.526802, 10.735364 ], [ -71.527153, 10.736012 ], [ -71.527413, 10.736597 ], [ -71.527924, 10.737062 ], [ -71.528648, 10.737238 ], [ -71.529327, 10.737756 ], [ -71.529655, 10.738340 ], [ -71.530006, 10.738898 ], [ -71.530541, 10.739291 ], [ -71.531021, 10.739685 ], [ -71.531418, 10.740197 ], [ -71.531769, 10.740727 ], [ -71.532028, 10.741294 ], [ -71.532310, 10.741861 ], [ -71.532425, 10.742448 ], [ -71.532562, 10.743296 ], [ -71.532593, 10.744009 ], [ -71.532646, 10.744651 ], [ -71.532822, 10.745444 ], [ -71.533554, 10.746676 ], [ -71.533653, 10.747461 ], [ -71.533363, 10.748756 ], [ -71.533256, 10.749434 ], [ -71.533447, 10.750092 ], [ -71.533714, 10.750750 ], [ -71.533508, 10.751357 ], [ -71.533447, 10.752027 ], [ -71.533569, 10.752730 ], [ -71.533485, 10.753471 ], [ -71.533378, 10.754123 ], [ -71.533493, 10.755080 ], [ -71.533554, 10.755468 ], [ -71.533607, 10.756136 ], [ -71.533714, 10.756840 ], [ -71.533783, 10.757462 ], [ -71.533905, 10.758077 ], [ -71.534164, 10.758689 ], [ -71.534645, 10.759398 ], [ -71.535011, 10.759892 ], [ -71.535454, 10.760404 ], [ -71.535957, 10.760743 ], [ -71.536469, 10.761137 ], [ -71.536972, 10.761576 ], [ -71.537651, 10.762075 ], [ -71.538277, 10.762622 ], [ -71.538834, 10.763033 ], [ -71.540123, 10.763709 ], [ -71.540787, 10.764047 ], [ -71.541473, 10.764276 ], [ -71.542000, 10.764597 ], [ -71.542908, 10.764554 ], [ -71.543472, 10.764277 ], [ -71.544029, 10.764662 ], [ -71.544594, 10.764893 ], [ -71.545197, 10.764770 ], [ -71.545822, 10.764656 ], [ -71.546463, 10.764949 ], [ -71.547081, 10.765197 ], [ -71.547753, 10.765138 ], [ -71.548264, 10.764654 ], [ -71.548630, 10.764064 ], [ -71.549194, 10.763625 ], [ -71.549759, 10.763323 ], [ -71.550201, 10.762822 ], [ -71.550530, 10.762232 ], [ -71.550751, 10.761580 ], [ -71.551170, 10.761097 ], [ -71.551788, 10.761282 ], [ -71.551956, 10.762022 ], [ -71.551819, 10.762474 ], [ -71.551437, 10.763083 ], [ -71.551193, 10.763699 ], [ -71.550728, 10.764832 ], [ -71.550499, 10.765106 ], [ -71.550712, 10.765745 ], [ -71.551239, 10.766067 ], [ -71.551872, 10.766242 ], [ -71.552467, 10.766427 ], [ -71.553658, 10.766137 ], [ -71.554337, 10.766113 ], [ -71.554993, 10.766243 ], [ -71.555687, 10.766237 ], [ -71.556229, 10.765844 ], [ -71.556846, 10.765650 ], [ -71.557594, 10.765707 ], [ -71.558273, 10.765656 ], [ -71.558914, 10.765533 ], [ -71.559647, 10.765274 ], [ -71.560310, 10.765494 ], [ -71.560295, 10.766118 ], [ -71.559990, 10.766663 ], [ -71.559814, 10.767360 ], [ -71.559379, 10.768601 ], [ -71.559319, 10.769271 ], [ -71.559181, 10.769877 ], [ -71.558861, 10.770440 ], [ -71.558846, 10.771181 ], [ -71.558906, 10.772436 ], [ -71.559075, 10.773049 ], [ -71.559265, 10.773689 ], [ -71.559387, 10.774303 ], [ -71.559448, 10.775088 ], [ -71.559548, 10.775703 ], [ -71.559670, 10.776361 ], [ -71.560310, 10.776744 ], [ -71.560966, 10.777226 ], [ -71.561401, 10.777666 ], [ -71.561829, 10.778295 ], [ -71.562134, 10.778925 ], [ -71.562439, 10.779482 ], [ -71.562996, 10.780010 ], [ -71.563507, 10.780377 ], [ -71.564102, 10.780715 ], [ -71.565369, 10.781374 ], [ -71.566040, 10.781801 ], [ -71.566650, 10.782059 ], [ -71.567391, 10.782432 ], [ -71.567940, 10.782753 ], [ -71.568703, 10.783017 ], [ -71.569458, 10.783309 ], [ -71.570137, 10.783466 ], [ -71.570915, 10.783659 ], [ -71.571686, 10.783733 ], [ -71.572418, 10.783890 ], [ -71.573174, 10.784128 ], [ -71.573860, 10.784448 ], [ -71.574531, 10.784803 ], [ -71.575096, 10.785033 ], [ -71.575790, 10.785461 ], [ -71.576546, 10.785654 ], [ -71.577347, 10.785783 ], [ -71.578232, 10.785947 ], [ -71.578934, 10.785986 ], [ -71.579544, 10.786054 ], [ -71.580246, 10.786201 ], [ -71.580887, 10.786386 ], [ -71.581657, 10.786461 ], [ -71.582977, 10.786883 ], [ -71.583534, 10.787249 ], [ -71.584106, 10.787552 ], [ -71.584694, 10.787754 ], [ -71.585297, 10.788120 ], [ -71.585983, 10.788430 ], [ -71.586532, 10.788706 ], [ -71.587181, 10.789116 ], [ -71.587845, 10.789364 ], [ -71.588615, 10.789529 ], [ -71.589371, 10.789703 ], [ -71.589897, 10.790114 ], [ -71.589836, 10.790811 ], [ -71.589218, 10.790978 ], [ -71.588570, 10.791002 ], [ -71.588028, 10.791450 ], [ -71.588066, 10.792199 ], [ -71.588508, 10.792692 ], [ -71.588852, 10.793222 ], [ -71.589294, 10.793715 ], [ -71.589722, 10.794317 ], [ -71.589958, 10.794974 ], [ -71.589660, 10.795601 ], [ -71.589142, 10.795976 ], [ -71.588478, 10.796189 ], [ -71.587837, 10.796465 ], [ -71.587135, 10.796914 ], [ -71.586617, 10.797235 ], [ -71.585983, 10.797610 ], [ -71.585373, 10.798004 ], [ -71.584877, 10.798396 ], [ -71.584389, 10.798835 ], [ -71.584068, 10.799424 ], [ -71.583984, 10.800139 ], [ -71.584129, 10.800824 ], [ -71.583504, 10.800812 ], [ -71.582871, 10.800717 ], [ -71.582291, 10.800352 ], [ -71.581772, 10.799714 ], [ -71.581314, 10.799294 ], [ -71.580894, 10.798827 ], [ -71.580299, 10.798534 ], [ -71.579712, 10.798331 ], [ -71.578980, 10.798183 ], [ -71.578346, 10.798044 ], [ -71.577568, 10.797853 ], [ -71.576851, 10.797885 ], [ -71.576256, 10.797637 ], [ -71.575859, 10.797152 ], [ -71.573998, 10.796590 ], [ -71.573364, 10.796414 ], [ -71.572731, 10.796320 ], [ -71.572098, 10.796263 ], [ -71.571403, 10.796386 ], [ -71.570046, 10.796262 ], [ -71.569206, 10.796232 ], [ -71.568550, 10.796075 ], [ -71.567780, 10.796063 ], [ -71.567078, 10.796006 ], [ -71.566269, 10.795995 ], [ -71.565529, 10.796236 ], [ -71.564880, 10.796675 ], [ -71.564354, 10.797005 ], [ -71.563858, 10.797370 ], [ -71.563179, 10.797656 ], [ -71.562332, 10.797970 ], [ -71.560890, 10.797982 ], [ -71.560242, 10.798104 ], [ -71.559517, 10.798509 ], [ -71.558906, 10.798883 ], [ -71.558121, 10.799035 ], [ -71.557602, 10.799400 ], [ -71.556984, 10.799586 ], [ -71.556229, 10.799484 ], [ -71.555611, 10.799191 ], [ -71.554893, 10.799314 ], [ -71.554222, 10.799248 ], [ -71.553536, 10.799072 ], [ -71.552963, 10.798824 ], [ -71.552368, 10.798532 ], [ -71.551636, 10.798194 ], [ -71.551018, 10.798037 ], [ -71.550331, 10.798160 ], [ -71.549644, 10.798428 ], [ -71.548431, 10.798979 ], [ -71.547768, 10.799130 ], [ -71.547173, 10.799405 ], [ -71.546524, 10.799483 ], [ -71.545899, 10.799515 ], [ -71.545227, 10.799584 ], [ -71.544632, 10.799887 ], [ -71.544014, 10.800082 ], [ -71.543419, 10.800196 ], [ -71.542709, 10.799975 ], [ -71.542114, 10.799754 ], [ -71.541504, 10.799615 ], [ -71.540825, 10.799484 ], [ -71.539581, 10.799287 ], [ -71.538902, 10.799202 ], [ -71.538231, 10.799217 ], [ -71.537583, 10.799375 ], [ -71.537086, 10.799750 ], [ -71.536568, 10.800161 ], [ -71.535973, 10.800374 ], [ -71.535164, 10.800363 ], [ -71.534553, 10.800295 ], [ -71.533150, 10.800180 ], [ -71.532471, 10.800068 ], [ -71.531792, 10.800011 ], [ -71.531166, 10.799989 ], [ -71.530487, 10.799995 ], [ -71.529793, 10.800027 ], [ -71.529167, 10.800104 ], [ -71.528671, 10.800469 ], [ -71.528206, 10.800925 ], [ -71.527481, 10.800896 ], [ -71.526871, 10.800737 ], [ -71.526230, 10.800608 ], [ -71.525581, 10.800612 ], [ -71.524094, 10.800724 ], [ -71.522827, 10.800961 ], [ -71.522232, 10.801173 ], [ -71.521568, 10.801432 ], [ -71.520851, 10.801464 ], [ -71.520149, 10.801380 ], [ -71.519493, 10.801322 ], [ -71.518822, 10.801354 ], [ -71.518120, 10.801288 ], [ -71.517441, 10.801320 ], [ -71.516686, 10.801561 ], [ -71.516007, 10.801504 ], [ -71.515358, 10.801464 ], [ -71.514664, 10.801587 ], [ -71.514069, 10.801845 ], [ -71.513267, 10.802105 ], [ -71.512573, 10.802255 ], [ -71.511909, 10.802423 ], [ -71.511238, 10.802546 ], [ -71.510513, 10.802551 ], [ -71.509071, 10.802455 ], [ -71.508385, 10.802162 ], [ -71.507728, 10.802195 ], [ -71.507034, 10.802200 ], [ -71.506439, 10.801934 ], [ -71.505905, 10.801540 ], [ -71.505180, 10.801456 ], [ -71.504517, 10.801579 ], [ -71.503899, 10.801837 ], [ -71.503296, 10.801977 ], [ -71.502624, 10.801983 ], [ -71.501968, 10.801970 ], [ -71.501335, 10.801813 ], [ -71.500786, 10.801537 ], [ -71.500122, 10.801262 ], [ -71.499817, 10.801527 ], [ -71.499260, 10.801603 ], [ -71.498772, 10.801734 ], [ -71.498207, 10.801820 ], [ -71.497162, 10.801847 ], [ -71.496651, 10.801787 ], [ -71.496140, 10.801710 ], [ -71.495125, 10.801592 ], [ -71.492729, 10.801295 ], [ -71.492126, 10.801191 ], [ -71.491569, 10.801132 ], [ -71.490997, 10.800965 ], [ -71.490394, 10.800772 ], [ -71.489815, 10.800686 ], [ -71.489258, 10.800564 ], [ -71.488724, 10.800369 ], [ -71.488220, 10.800148 ], [ -71.487617, 10.800044 ], [ -71.486992, 10.799850 ], [ -71.486343, 10.799747 ], [ -71.485832, 10.799760 ], [ -71.485321, 10.799791 ], [ -71.484078, 10.800073 ], [ -71.483543, 10.800131 ], [ -71.482986, 10.800208 ], [ -71.482475, 10.800194 ], [ -71.481964, 10.800234 ], [ -71.481430, 10.800202 ], [ -71.480820, 10.800189 ], [ -71.480263, 10.800158 ], [ -71.479683, 10.800162 ], [ -71.479034, 10.800149 ], [ -71.477829, 10.800041 ], [ -71.476669, 10.799833 ], [ -71.476021, 10.799676 ], [ -71.475441, 10.799509 ], [ -71.474281, 10.799139 ], [ -71.473610, 10.798991 ], [ -71.472550, 10.798647 ], [ -71.471390, 10.798348 ], [ -71.470818, 10.798082 ], [ -71.470238, 10.797978 ], [ -71.469589, 10.797902 ], [ -71.468407, 10.797605 ], [ -71.467896, 10.797519 ], [ -71.467392, 10.797378 ], [ -71.466835, 10.797247 ], [ -71.466301, 10.797007 ], [ -71.465774, 10.796794 ], [ -71.465263, 10.796599 ], [ -71.464706, 10.796423 ], [ -71.464035, 10.796293 ], [ -71.463295, 10.796218 ], [ -71.462692, 10.796177 ], [ -71.462158, 10.796172 ], [ -71.461556, 10.796114 ], [ -71.460953, 10.796028 ], [ -71.459747, 10.795803 ], [ -71.459167, 10.795672 ], [ -71.458656, 10.795523 ], [ -71.457687, 10.795187 ], [ -71.457016, 10.794967 ], [ -71.456482, 10.794817 ], [ -71.455978, 10.794695 ], [ -71.455444, 10.794608 ], [ -71.454819, 10.794532 ], [ -71.454193, 10.794429 ], [ -71.453491, 10.794362 ], [ -71.452934, 10.794285 ], [ -71.452240, 10.794246 ], [ -71.451615, 10.794259 ], [ -71.451058, 10.794201 ], [ -71.450523, 10.794124 ], [ -71.449966, 10.794002 ], [ -71.448921, 10.794118 ], [ -71.448402, 10.794131 ], [ -71.447800, 10.794118 ], [ -71.447288, 10.794149 ], [ -71.446541, 10.794254 ], [ -71.445374, 10.794480 ], [ -71.444717, 10.794630 ], [ -71.444206, 10.794779 ], [ -71.443619, 10.794910 ], [ -71.442970, 10.795033 ], [ -71.442383, 10.795092 ], [ -71.441757, 10.795187 ], [ -71.441246, 10.795199 ], [ -71.439964, 10.795337 ], [ -71.439400, 10.795441 ], [ -71.438774, 10.795518 ], [ -71.438187, 10.795622 ], [ -71.437485, 10.795798 ], [ -71.436951, 10.795947 ], [ -71.436439, 10.796024 ], [ -71.435875, 10.796155 ], [ -71.435387, 10.796303 ], [ -71.434868, 10.796479 ], [ -71.434403, 10.796700 ], [ -71.433815, 10.797029 ], [ -71.433296, 10.797205 ], [ -71.432808, 10.797444 ], [ -71.432289, 10.797783 ], [ -71.431748, 10.798094 ], [ -71.431297, 10.798387 ], [ -71.430847, 10.798653 ], [ -71.430389, 10.799830 ], [ -71.430038, 10.800972 ], [ -71.429886, 10.801552 ], [ -71.429832, 10.802076 ], [ -71.429817, 10.802582 ], [ -71.429748, 10.803794 ], [ -71.429764, 10.804345 ], [ -71.429802, 10.804877 ], [ -71.429977, 10.805365 ], [ -71.430008, 10.806050 ], [ -71.429947, 10.806621 ], [ -71.429825, 10.807127 ], [ -71.429672, 10.807626 ], [ -71.429550, 10.808160 ], [ -71.429558, 10.808711 ], [ -71.429665, 10.809261 ], [ -71.429794, 10.809749 ], [ -71.429901, 10.810299 ], [ -71.431038, 10.812684 ], [ -71.431191, 10.813198 ], [ -71.431275, 10.813704 ], [ -71.431358, 10.814281 ], [ -71.431351, 10.814851 ], [ -71.431267, 10.815448 ], [ -71.431251, 10.816090 ], [ -71.431290, 10.817742 ], [ -71.431358, 10.818899 ], [ -71.431282, 10.819469 ], [ -71.431244, 10.820021 ], [ -71.431236, 10.820544 ], [ -71.431305, 10.821610 ], [ -71.431297, 10.822180 ], [ -71.431191, 10.822704 ], [ -71.431015, 10.823365 ], [ -71.431053, 10.823872 ], [ -71.431229, 10.824449 ], [ -71.431335, 10.824963 ], [ -71.431442, 10.825603 ], [ -71.431740, 10.826739 ], [ -71.431961, 10.827271 ], [ -71.432190, 10.827757 ], [ -71.432343, 10.828261 ], [ -71.432487, 10.828911 ], [ -71.432663, 10.829606 ], [ -71.432793, 10.830274 ], [ -71.433052, 10.831284 ], [ -71.433204, 10.831798 ], [ -71.433647, 10.832951 ], [ -71.433724, 10.833510 ], [ -71.433960, 10.834773 ], [ -71.434151, 10.835423 ], [ -71.434257, 10.835955 ], [ -71.434387, 10.836432 ], [ -71.434494, 10.836992 ], [ -71.434738, 10.837496 ], [ -71.435036, 10.837964 ], [ -71.435371, 10.838413 ], [ -71.435646, 10.838899 ], [ -71.435799, 10.839403 ], [ -71.435928, 10.839891 ], [ -71.435966, 10.840396 ], [ -71.435974, 10.840920 ], [ -71.436180, 10.841389 ], [ -71.436470, 10.841811 ], [ -71.436813, 10.842269 ], [ -71.437302, 10.843295 ], [ -71.437553, 10.843736 ], [ -71.437798, 10.844249 ], [ -71.438042, 10.844690 ], [ -71.438263, 10.845149 ], [ -71.438644, 10.846168 ], [ -71.438866, 10.846681 ], [ -71.439018, 10.847321 ], [ -71.439263, 10.847879 ], [ -71.439552, 10.848320 ], [ -71.439842, 10.848832 ], [ -71.440186, 10.849327 ], [ -71.440407, 10.849876 ], [ -71.440628, 10.850462 ], [ -71.440781, 10.850985 ], [ -71.440910, 10.851472 ], [ -71.440971, 10.851977 ], [ -71.441124, 10.852491 ], [ -71.441322, 10.852978 ], [ -71.441406, 10.853528 ], [ -71.441421, 10.854106 ], [ -71.441475, 10.854675 ], [ -71.441879, 10.855675 ], [ -71.442169, 10.856206 ], [ -71.442505, 10.856718 ], [ -71.442734, 10.857186 ], [ -71.442978, 10.857790 ], [ -71.443054, 10.858314 ], [ -71.443047, 10.858819 ], [ -71.443130, 10.859397 ], [ -71.443398, 10.859955 ], [ -71.443665, 10.860486 ], [ -71.443817, 10.860972 ], [ -71.443924, 10.861523 ], [ -71.444054, 10.862037 ], [ -71.444298, 10.862541 ], [ -71.444451, 10.863055 ], [ -71.444511, 10.863579 ], [ -71.444504, 10.864130 ], [ -71.444511, 10.864663 ], [ -71.444740, 10.865149 ], [ -71.444984, 10.865590 ], [ -71.445381, 10.866635 ], [ -71.445397, 10.867205 ], [ -71.445366, 10.867756 ], [ -71.445374, 10.868307 ], [ -71.445480, 10.868902 ], [ -71.445610, 10.869390 ], [ -71.445808, 10.869876 ], [ -71.445984, 10.870362 ], [ -71.446213, 10.870849 ], [ -71.446358, 10.871363 ], [ -71.446373, 10.871959 ], [ -71.446266, 10.872529 ], [ -71.445656, 10.874124 ], [ -71.445557, 10.874649 ], [ -71.445633, 10.875199 ], [ -71.445763, 10.875731 ], [ -71.445961, 10.876218 ], [ -71.445999, 10.876751 ], [ -71.446014, 10.877275 ], [ -71.445930, 10.877853 ], [ -71.445900, 10.878424 ], [ -71.445679, 10.879066 ], [ -71.445572, 10.879655 ], [ -71.445488, 10.880279 ], [ -71.445595, 10.880812 ], [ -71.445770, 10.881361 ], [ -71.445831, 10.881866 ], [ -71.445564, 10.882320 ], [ -71.445160, 10.882775 ], [ -71.444740, 10.883068 ], [ -71.444222, 10.883235 ], [ -71.443710, 10.883338 ], [ -71.443199, 10.883351 ], [ -71.442680, 10.883391 ], [ -71.442169, 10.883477 ], [ -71.441612, 10.883644 ], [ -71.441070, 10.883821 ], [ -71.440582, 10.883950 ], [ -71.440086, 10.884145 ], [ -71.439148, 10.884676 ], [ -71.438629, 10.884987 ], [ -71.438225, 10.885298 ], [ -71.437706, 10.885663 ], [ -71.436767, 10.886258 ], [ -71.436157, 10.886497 ], [ -71.435646, 10.886610 ], [ -71.434967, 10.886661 ], [ -71.434364, 10.886720 ], [ -71.433266, 10.886746 ], [ -71.432037, 10.886630 ], [ -71.431457, 10.886526 ], [ -71.430832, 10.886468 ], [ -71.430290, 10.886481 ], [ -71.429176, 10.886635 ], [ -71.428536, 10.887082 ], [ -71.427750, 10.886745 ], [ -71.427223, 10.886578 ], [ -71.426712, 10.886500 ], [ -71.426155, 10.886532 ], [ -71.425636, 10.886590 ], [ -71.425034, 10.886740 ], [ -71.424537, 10.886915 ], [ -71.424095, 10.887226 ], [ -71.423668, 10.887564 ], [ -71.422745, 10.888330 ], [ -71.422386, 10.888776 ], [ -71.421959, 10.889249 ], [ -71.421623, 10.889658 ], [ -71.421242, 10.890159 ], [ -71.420883, 10.890541 ], [ -71.420486, 10.890878 ], [ -71.420059, 10.891261 ], [ -71.419678, 10.891617 ], [ -71.418961, 10.892481 ], [ -71.418678, 10.892889 ], [ -71.418411, 10.893361 ], [ -71.418236, 10.893842 ], [ -71.417885, 10.894206 ], [ -71.417389, 10.894626 ], [ -71.417053, 10.895017 ], [ -71.416649, 10.895372 ], [ -71.416092, 10.895431 ], [ -71.415726, 10.895055 ], [ -71.416176, 10.894716 ], [ -71.416687, 10.894496 ], [ -71.417137, 10.894167 ], [ -71.417381, 10.893713 ], [ -71.417786, 10.893349 ], [ -71.418091, 10.892940 ], [ -71.418083, 10.892433 ], [ -71.417953, 10.891883 ], [ -71.417702, 10.891398 ], [ -71.417435, 10.890974 ], [ -71.417114, 10.890561 ], [ -71.416603, 10.890548 ], [ -71.416801, 10.891034 ], [ -71.416977, 10.891539 ], [ -71.417274, 10.892006 ], [ -71.417313, 10.892511 ], [ -71.416977, 10.892920 ], [ -71.416596, 10.893331 ], [ -71.416428, 10.893802 ], [ -71.416069, 10.894194 ], [ -71.415596, 10.894477 ], [ -71.415031, 10.894671 ], [ -71.415047, 10.895177 ], [ -71.415222, 10.895664 ], [ -71.415588, 10.896068 ], [ -71.415840, 10.896508 ], [ -71.416039, 10.896968 ], [ -71.416054, 10.897473 ], [ -71.416016, 10.897980 ], [ -71.416031, 10.898531 ], [ -71.416023, 10.899037 ], [ -71.415985, 10.899607 ], [ -71.415932, 10.900131 ], [ -71.415855, 10.901424 ], [ -71.415672, 10.902546 ], [ -71.415611, 10.903188 ], [ -71.415504, 10.903776 ], [ -71.415352, 10.904808 ], [ -71.415199, 10.905333 ], [ -71.414436, 10.906216 ], [ -71.413941, 10.906644 ], [ -71.413513, 10.906981 ], [ -71.413093, 10.907248 ], [ -71.412666, 10.907539 ], [ -71.411674, 10.908117 ], [ -71.411255, 10.908427 ], [ -71.410896, 10.908792 ], [ -71.410492, 10.909220 ], [ -71.410134, 10.909647 ], [ -71.409897, 10.910101 ], [ -71.409767, 10.910671 ], [ -71.409729, 10.911340 ], [ -71.409721, 10.911909 ], [ -71.409729, 10.912415 ], [ -71.409630, 10.912922 ], [ -71.409408, 10.913466 ], [ -71.409233, 10.913974 ], [ -71.408966, 10.914518 ], [ -71.408653, 10.915081 ], [ -71.408363, 10.915626 ], [ -71.408104, 10.916061 ], [ -71.407837, 10.916488 ], [ -71.407478, 10.916943 ], [ -71.407303, 10.917559 ], [ -71.407822, 10.917319 ], [ -71.408295, 10.917027 ], [ -71.408783, 10.916760 ], [ -71.409348, 10.916430 ], [ -71.409775, 10.916165 ], [ -71.410248, 10.915800 ], [ -71.410607, 10.915418 ], [ -71.410828, 10.914828 ], [ -71.410904, 10.914304 ], [ -71.411079, 10.913752 ], [ -71.411438, 10.913252 ], [ -71.411819, 10.912824 ], [ -71.412239, 10.912531 ], [ -71.413208, 10.912026 ], [ -71.413673, 10.911806 ], [ -71.414261, 10.911630 ], [ -71.414749, 10.911463 ], [ -71.415291, 10.911305 ], [ -71.415855, 10.911183 ], [ -71.416367, 10.911053 ], [ -71.416954, 10.910886 ], [ -71.417442, 10.910728 ], [ -71.418007, 10.910516 ], [ -71.418472, 10.910268 ], [ -71.418923, 10.909957 ], [ -71.419327, 10.909602 ], [ -71.419685, 10.909165 ], [ -71.420021, 10.908738 ], [ -71.420395, 10.908310 ], [ -71.420799, 10.907928 ], [ -71.421677, 10.907053 ], [ -71.422058, 10.906715 ], [ -71.422531, 10.906332 ], [ -71.423027, 10.906084 ], [ -71.423515, 10.905890 ], [ -71.423988, 10.905625 ], [ -71.424462, 10.905269 ], [ -71.424835, 10.904931 ], [ -71.425331, 10.904575 ], [ -71.425758, 10.904301 ], [ -71.426300, 10.904134 ], [ -71.427345, 10.903927 ], [ -71.427856, 10.903913 ], [ -71.428391, 10.904108 ], [ -71.428848, 10.904322 ], [ -71.429382, 10.904489 ], [ -71.429848, 10.904729 ], [ -71.430351, 10.904788 ], [ -71.430962, 10.904684 ], [ -71.431664, 10.904489 ], [ -71.432198, 10.904457 ], [ -71.432800, 10.904561 ], [ -71.433891, 10.904995 ], [ -71.434441, 10.905235 ], [ -71.434929, 10.905430 ], [ -71.435478, 10.905732 ], [ -71.435982, 10.906162 ], [ -71.436485, 10.906610 ], [ -71.436920, 10.906960 ], [ -71.437287, 10.907309 ], [ -71.438110, 10.908016 ], [ -71.438660, 10.908536 ], [ -71.438950, 10.908977 ], [ -71.439079, 10.909481 ], [ -71.439026, 10.910015 ], [ -71.438873, 10.910585 ], [ -71.438583, 10.911084 ], [ -71.438293, 10.911538 ], [ -71.437981, 10.912102 ], [ -71.437760, 10.912700 ], [ -71.438011, 10.913140 ], [ -71.438415, 10.912667 ], [ -71.438858, 10.912393 ], [ -71.439354, 10.912244 ], [ -71.439911, 10.912212 ], [ -71.440445, 10.912263 ], [ -71.441467, 10.912444 ], [ -71.442024, 10.912593 ], [ -71.443085, 10.912964 ], [ -71.443596, 10.913132 ], [ -71.444145, 10.913399 ], [ -71.444794, 10.913665 ], [ -71.445412, 10.914021 ], [ -71.445946, 10.914378 ], [ -71.446861, 10.914922 ], [ -71.447319, 10.915208 ], [ -71.447754, 10.915602 ], [ -71.448074, 10.915997 ], [ -71.448532, 10.916445 ], [ -71.449089, 10.916595 ], [ -71.449646, 10.916535 ], [ -71.450180, 10.916667 ], [ -71.450638, 10.916925 ], [ -71.451561, 10.917496 ], [ -71.452041, 10.917827 ], [ -71.452568, 10.918247 ], [ -71.452957, 10.918578 ], [ -71.453270, 10.919064 ], [ -71.453499, 10.919532 ], [ -71.453697, 10.920018 ], [ -71.453895, 10.920568 ], [ -71.454140, 10.921036 ], [ -71.454529, 10.921412 ], [ -71.454964, 10.921788 ], [ -71.455422, 10.922118 ], [ -71.455673, 10.922578 ], [ -71.455917, 10.923073 ], [ -71.456161, 10.923622 ], [ -71.456223, 10.924154 ], [ -71.456161, 10.924679 ], [ -71.455879, 10.925115 ], [ -71.455498, 10.925588 ], [ -71.455231, 10.926114 ], [ -71.455292, 10.926638 ], [ -71.455849, 10.926425 ], [ -71.456184, 10.926034 ], [ -71.456497, 10.925562 ], [ -71.456787, 10.925062 ], [ -71.457161, 10.924726 ], [ -71.457702, 10.924531 ], [ -71.458214, 10.924582 ], [ -71.458725, 10.924803 ], [ -71.459205, 10.925061 ], [ -71.460175, 10.925632 ], [ -71.460678, 10.925943 ], [ -71.461090, 10.926365 ], [ -71.461403, 10.926805 ], [ -71.461815, 10.927272 ], [ -71.462227, 10.927649 ], [ -71.462913, 10.928049 ], [ -71.463280, 10.928453 ], [ -71.463692, 10.928829 ], [ -71.464104, 10.929133 ], [ -71.464607, 10.929554 ], [ -71.465042, 10.929930 ], [ -71.465500, 10.930287 ], [ -71.465912, 10.930636 ], [ -71.466347, 10.931130 ], [ -71.466667, 10.931525 ], [ -71.466934, 10.931948 ], [ -71.467186, 10.932406 ], [ -71.467339, 10.932893 ], [ -71.467697, 10.933297 ], [ -71.468208, 10.933582 ], [ -71.468643, 10.933841 ], [ -71.469101, 10.934243 ], [ -71.469345, 10.934730 ], [ -71.469475, 10.935325 ], [ -71.469399, 10.935831 ], [ -71.468887, 10.935863 ], [ -71.468185, 10.935967 ], [ -71.467621, 10.936090 ], [ -71.467331, 10.936571 ], [ -71.467819, 10.936811 ], [ -71.468376, 10.936978 ], [ -71.468933, 10.937064 ], [ -71.469459, 10.937277 ], [ -71.469994, 10.937471 ], [ -71.470497, 10.937783 ], [ -71.470886, 10.938160 ], [ -71.471275, 10.938644 ], [ -71.471947, 10.939850 ], [ -71.472199, 10.940318 ], [ -71.472420, 10.940785 ], [ -71.472756, 10.941226 ], [ -71.473533, 10.942023 ], [ -71.473824, 10.942510 ], [ -71.474121, 10.943112 ], [ -71.474297, 10.943662 ], [ -71.474396, 10.944385 ], [ -71.474434, 10.944890 ], [ -71.474586, 10.945376 ], [ -71.474930, 10.945771 ], [ -71.475296, 10.946166 ], [ -71.475632, 10.946606 ], [ -71.475952, 10.947146 ], [ -71.476219, 10.947703 ], [ -71.476372, 10.948254 ], [ -71.476570, 10.948767 ], [ -71.476883, 10.949433 ], [ -71.477173, 10.949945 ], [ -71.477470, 10.950368 ], [ -71.477814, 10.950745 ], [ -71.478126, 10.951139 ], [ -71.478493, 10.951489 ], [ -71.479340, 10.952359 ], [ -71.479752, 10.952753 ], [ -71.480278, 10.953020 ], [ -71.480835, 10.953215 ], [ -71.481369, 10.953246 ], [ -71.481880, 10.953097 ], [ -71.482353, 10.952831 ], [ -71.482872, 10.952493 ], [ -71.483841, 10.951825 ], [ -71.484360, 10.951442 ], [ -71.484848, 10.951202 ], [ -71.485413, 10.950909 ], [ -71.485886, 10.950688 ], [ -71.486450, 10.950403 ], [ -71.487015, 10.950137 ], [ -71.487526, 10.950015 ], [ -71.488083, 10.950002 ], [ -71.488617, 10.950151 ], [ -71.489006, 10.950527 ], [ -71.488953, 10.951025 ], [ -71.488571, 10.951389 ], [ -71.487579, 10.951984 ], [ -71.486992, 10.952324 ], [ -71.486496, 10.952590 ], [ -71.486008, 10.952721 ], [ -71.485497, 10.952888 ], [ -71.484909, 10.953127 ], [ -71.484436, 10.953375 ], [ -71.483894, 10.953641 ], [ -71.483337, 10.953809 ], [ -71.482750, 10.954075 ], [ -71.482437, 10.954602 ], [ -71.483505, 10.954620 ], [ -71.484116, 10.954561 ], [ -71.485253, 10.954543 ], [ -71.485786, 10.954502 ], [ -71.486397, 10.954425 ], [ -71.486908, 10.954249 ], [ -71.487381, 10.954028 ], [ -71.487877, 10.953671 ], [ -71.488373, 10.953243 ], [ -71.488754, 10.952888 ], [ -71.489128, 10.952505 ], [ -71.489578, 10.952140 ], [ -71.490051, 10.951946 ], [ -71.490585, 10.951933 ], [ -71.491119, 10.951784 ], [ -71.492066, 10.951207 ], [ -71.492599, 10.951031 ], [ -71.493096, 10.950900 ], [ -71.493584, 10.950752 ], [ -71.494057, 10.950440 ], [ -71.494751, 10.949558 ], [ -71.495293, 10.949265 ], [ -71.495819, 10.949532 ], [ -71.495949, 10.950037 ], [ -71.496170, 10.950505 ], [ -71.496712, 10.950419 ], [ -71.496925, 10.949965 ], [ -71.496849, 10.949388 ], [ -71.496788, 10.948837 ], [ -71.496986, 10.948312 ], [ -71.497360, 10.947956 ], [ -71.497742, 10.947618 ], [ -71.498207, 10.947398 ], [ -71.498749, 10.947312 ], [ -71.499161, 10.947625 ], [ -71.499222, 10.947995 ], [ -71.499023, 10.948702 ], [ -71.498550, 10.950277 ], [ -71.498238, 10.950840 ], [ -71.497520, 10.951903 ], [ -71.497116, 10.952386 ], [ -71.496712, 10.952786 ], [ -71.496307, 10.953151 ], [ -71.495789, 10.953553 ], [ -71.495361, 10.953836 ], [ -71.494873, 10.953967 ], [ -71.494286, 10.954144 ], [ -71.493584, 10.954312 ], [ -71.493027, 10.954489 ], [ -71.491386, 10.954981 ], [ -71.490822, 10.955130 ], [ -71.490150, 10.955325 ], [ -71.489563, 10.955538 ], [ -71.489021, 10.955759 ], [ -71.488525, 10.955935 ], [ -71.487518, 10.956331 ], [ -71.486511, 10.956629 ], [ -71.485932, 10.956733 ], [ -71.485352, 10.956792 ], [ -71.484207, 10.956927 ], [ -71.483528, 10.956987 ], [ -71.482178, 10.957007 ], [ -71.481552, 10.957040 ], [ -71.480988, 10.957144 ], [ -71.480453, 10.957274 ], [ -71.479233, 10.957592 ], [ -71.478744, 10.957722 ], [ -71.478180, 10.957890 ], [ -71.477691, 10.958047 ], [ -71.476662, 10.958508 ], [ -71.476074, 10.958719 ], [ -71.475563, 10.958833 ], [ -71.474854, 10.959045 ], [ -71.474251, 10.959259 ], [ -71.473709, 10.959435 ], [ -71.473076, 10.959539 ], [ -71.472496, 10.959553 ], [ -71.470726, 10.959558 ], [ -71.470077, 10.959545 ], [ -71.468750, 10.959475 ], [ -71.468170, 10.959461 ], [ -71.467636, 10.959520 ], [ -71.466934, 10.959643 ], [ -71.465088, 10.960047 ], [ -71.464508, 10.960124 ], [ -71.463852, 10.960256 ], [ -71.463333, 10.960377 ], [ -71.460838, 10.960768 ], [ -71.460213, 10.960845 ], [ -71.459534, 10.960950 ], [ -71.458923, 10.961100 ], [ -71.458290, 10.961294 ], [ -71.457756, 10.961507 ], [ -71.457260, 10.961637 ], [ -71.455948, 10.962117 ], [ -71.455460, 10.962311 ], [ -71.453560, 10.963014 ], [ -71.453064, 10.963207 ], [ -71.452576, 10.963365 ], [ -71.452057, 10.963586 ], [ -71.451546, 10.963753 ], [ -71.451050, 10.963973 ], [ -71.450463, 10.964212 ], [ -71.449943, 10.964461 ], [ -71.449432, 10.964655 ], [ -71.448357, 10.964998 ], [ -71.447792, 10.965201 ], [ -71.447205, 10.965396 ], [ -71.446106, 10.965857 ], [ -71.444908, 10.966381 ], [ -71.443901, 10.966796 ], [ -71.443405, 10.967044 ], [ -71.442864, 10.967356 ], [ -71.442368, 10.967567 ], [ -71.441689, 10.967808 ], [ -71.441109, 10.967984 ], [ -71.440613, 10.968178 ], [ -71.439300, 10.968748 ], [ -71.438713, 10.968898 ], [ -71.438133, 10.968911 ], [ -71.437386, 10.968963 ], [ -71.436897, 10.969165 ], [ -71.436401, 10.969340 ], [ -71.435860, 10.969508 ], [ -71.435349, 10.969710 ], [ -71.434807, 10.969814 ], [ -71.434067, 10.969937 ], [ -71.432152, 10.970215 ], [ -71.431610, 10.970301 ], [ -71.430893, 10.970397 ], [ -71.430305, 10.970438 ], [ -71.429070, 10.970502 ], [ -71.428398, 10.970507 ], [ -71.427231, 10.970580 ], [ -71.426064, 10.970716 ], [ -71.425552, 10.970846 ], [ -71.425018, 10.970950 ], [ -71.424408, 10.971054 ], [ -71.423241, 10.971308 ], [ -71.422699, 10.971411 ], [ -71.422142, 10.971470 ], [ -71.421631, 10.971437 ], [ -71.421074, 10.971378 ], [ -71.420540, 10.971392 ], [ -71.419953, 10.971451 ], [ -71.419396, 10.971528 ], [ -71.418884, 10.971631 ], [ -71.417831, 10.971955 ], [ -71.417336, 10.972132 ], [ -71.416824, 10.972262 ], [ -71.416191, 10.972312 ], [ -71.415123, 10.972339 ], [ -71.413979, 10.972321 ], [ -71.413422, 10.972352 ], [ -71.412911, 10.972365 ], [ -71.412163, 10.972398 ], [ -71.411003, 10.972417 ], [ -71.410461, 10.972457 ], [ -71.409950, 10.972533 ], [ -71.409325, 10.972566 ], [ -71.408783, 10.972624 ], [ -71.408058, 10.972747 ], [ -71.407524, 10.972905 ], [ -71.406914, 10.972955 ], [ -71.406364, 10.972851 ], [ -71.405785, 10.972611 ], [ -71.405274, 10.972579 ], [ -71.404595, 10.972593 ], [ -71.404015, 10.972715 ], [ -71.403473, 10.972892 ], [ -71.402916, 10.972968 ], [ -71.401840, 10.973085 ], [ -71.401169, 10.973118 ], [ -71.400093, 10.973145 ], [ -71.399536, 10.973176 ], [ -71.398254, 10.973204 ], [ -71.397072, 10.973086 ], [ -71.395836, 10.973061 ], [ -71.395233, 10.973120 ], [ -71.394699, 10.973150 ], [ -71.393463, 10.973287 ], [ -71.392853, 10.973346 ], [ -71.391571, 10.973320 ], [ -71.390900, 10.973217 ], [ -71.388954, 10.972853 ], [ -71.388397, 10.972794 ], [ -71.387726, 10.972735 ], [ -71.386513, 10.972600 ], [ -71.385841, 10.972543 ], [ -71.384728, 10.972425 ], [ -71.383423, 10.972263 ], [ -71.382706, 10.972223 ], [ -71.381470, 10.972198 ], [ -71.380913, 10.972147 ], [ -71.380409, 10.972043 ], [ -71.379799, 10.971984 ], [ -71.379082, 10.971927 ], [ -71.378502, 10.971841 ], [ -71.377876, 10.971737 ], [ -71.377296, 10.971588 ], [ -71.376785, 10.971483 ], [ -71.376251, 10.971361 ], [ -71.375046, 10.971127 ], [ -71.374466, 10.971023 ], [ -71.373909, 10.970945 ], [ -71.372704, 10.970874 ], [ -71.372147, 10.970869 ], [ -71.371490, 10.970829 ], [ -71.370842, 10.970843 ], [ -71.370216, 10.970830 ], [ -71.369583, 10.970880 ], [ -71.368324, 10.971044 ], [ -71.367722, 10.971030 ], [ -71.367165, 10.970999 ], [ -71.366562, 10.970913 ], [ -71.365303, 10.970688 ], [ -71.363823, 10.970446 ], [ -71.363274, 10.970023 ], [ -71.362389, 10.970077 ], [ -71.361763, 10.969874 ], [ -71.360626, 10.969531 ], [ -71.358803, 10.968876 ], [ -71.358154, 10.968593 ], [ -71.357559, 10.968299 ], [ -71.356476, 10.967819 ], [ -71.355919, 10.967625 ], [ -71.354721, 10.967118 ], [ -71.353935, 10.966736 ], [ -71.353355, 10.966424 ], [ -71.352875, 10.966256 ], [ -71.352318, 10.966152 ], [ -71.351219, 10.966179 ], [ -71.350502, 10.966211 ], [ -71.349823, 10.966262 ], [ -71.349197, 10.966339 ], [ -71.348679, 10.966424 ], [ -71.348076, 10.966411 ], [ -71.347618, 10.966198 ], [ -71.347626, 10.965692 ], [ -71.348190, 10.965515 ], [ -71.348701, 10.965529 ], [ -71.349259, 10.965489 ], [ -71.349769, 10.965323 ], [ -71.350830, 10.964880 ], [ -71.351441, 10.964641 ], [ -71.351952, 10.964402 ], [ -71.352516, 10.964252 ], [ -71.352989, 10.964005 ], [ -71.353485, 10.963622 ], [ -71.353981, 10.963338 ], [ -71.354584, 10.963261 ], [ -71.354713, 10.963739 ], [ -71.354889, 10.964316 ], [ -71.355156, 10.964856 ], [ -71.355644, 10.965096 ], [ -71.356178, 10.965219 ], [ -71.356728, 10.965386 ], [ -71.357284, 10.965490 ], [ -71.357796, 10.965757 ], [ -71.359482, 10.967069 ], [ -71.359871, 10.966537 ], [ -71.359772, 10.965887 ], [ -71.358780, 10.965344 ], [ -71.358368, 10.965030 ], [ -71.358376, 10.964524 ], [ -71.358909, 10.964447 ], [ -71.359451, 10.964316 ], [ -71.360031, 10.964212 ], [ -71.360550, 10.963974 ], [ -71.361000, 10.963591 ], [ -71.361763, 10.962735 ], [ -71.362076, 10.962236 ], [ -71.361900, 10.961452 ], [ -71.361473, 10.961879 ], [ -71.361054, 10.962280 ], [ -71.360581, 10.962690 ], [ -71.360054, 10.963110 ], [ -71.359512, 10.963467 ], [ -71.358956, 10.963526 ], [ -71.358376, 10.963376 ], [ -71.357841, 10.963371 ], [ -71.357391, 10.963682 ], [ -71.356964, 10.964038 ], [ -71.356476, 10.964169 ], [ -71.355965, 10.964001 ], [ -71.355698, 10.963532 ], [ -71.355568, 10.963000 ], [ -71.355484, 10.962468 ], [ -71.355453, 10.961854 ], [ -71.354988, 10.961586 ], [ -71.354477, 10.961689 ], [ -71.353844, 10.961866 ], [ -71.353233, 10.962061 ], [ -71.352608, 10.962210 ], [ -71.351433, 10.962508 ], [ -71.350853, 10.962675 ], [ -71.350098, 10.962916 ], [ -71.349487, 10.963156 ], [ -71.348976, 10.963286 ], [ -71.348297, 10.963427 ], [ -71.347107, 10.963635 ], [ -71.346291, 10.963804 ], [ -71.345795, 10.964232 ], [ -71.345993, 10.964765 ], [ -71.346405, 10.965050 ], [ -71.346794, 10.965517 ], [ -71.346619, 10.965988 ], [ -71.346108, 10.966101 ], [ -71.345451, 10.966178 ], [ -71.344872, 10.966074 ], [ -71.344269, 10.965925 ], [ -71.343666, 10.965722 ], [ -71.343185, 10.965581 ], [ -71.342346, 10.965398 ], [ -71.341721, 10.965276 ], [ -71.340698, 10.965157 ], [ -71.340164, 10.965080 ], [ -71.339584, 10.965021 ], [ -71.339073, 10.964944 ], [ -71.338447, 10.964868 ], [ -71.337868, 10.964782 ], [ -71.337265, 10.964723 ], [ -71.336708, 10.964645 ], [ -71.336174, 10.964586 ], [ -71.335060, 10.964568 ], [ -71.334473, 10.964581 ], [ -71.333961, 10.964567 ], [ -71.333359, 10.964599 ], [ -71.332771, 10.964685 ], [ -71.332146, 10.964735 ], [ -71.331566, 10.964748 ], [ -71.330864, 10.964736 ], [ -71.330284, 10.964704 ], [ -71.329773, 10.964644 ], [ -71.329125, 10.964604 ], [ -71.328476, 10.964500 ], [ -71.326286, 10.964391 ], [ -71.325706, 10.964305 ], [ -71.325172, 10.964255 ], [ -71.324570, 10.964170 ], [ -71.323967, 10.964110 ], [ -71.322479, 10.963995 ], [ -71.321320, 10.963878 ], [ -71.320809, 10.963863 ], [ -71.320107, 10.963878 ], [ -71.319504, 10.963909 ], [ -71.318916, 10.963923 ], [ -71.318359, 10.964000 ], [ -71.317848, 10.964058 ], [ -71.317306, 10.964143 ], [ -71.316559, 10.964356 ], [ -71.316048, 10.964578 ], [ -71.315552, 10.964771 ], [ -71.314919, 10.965056 ], [ -71.314400, 10.965204 ], [ -71.313797, 10.965354 ], [ -71.313255, 10.965412 ], [ -71.312698, 10.965335 ], [ -71.312241, 10.965121 ], [ -71.311760, 10.964808 ], [ -71.311226, 10.964596 ], [ -71.310600, 10.964556 ], [ -71.310059, 10.964659 ], [ -71.309456, 10.964790 ], [ -71.308304, 10.965106 ], [ -71.307648, 10.965346 ], [ -71.307136, 10.965477 ], [ -71.306557, 10.965255 ], [ -71.306984, 10.964963 ], [ -71.307518, 10.964859 ], [ -71.308151, 10.964719 ], [ -71.308647, 10.964380 ], [ -71.308586, 10.963875 ], [ -71.308106, 10.963634 ], [ -71.307518, 10.963757 ], [ -71.306954, 10.963933 ], [ -71.306397, 10.964127 ], [ -71.305809, 10.964366 ], [ -71.305313, 10.964586 ], [ -71.304825, 10.964762 ], [ -71.304329, 10.965001 ], [ -71.303627, 10.965313 ], [ -71.302902, 10.965554 ], [ -71.302338, 10.965495 ], [ -71.302422, 10.964970 ], [ -71.303078, 10.964730 ], [ -71.303642, 10.964509 ], [ -71.304115, 10.964261 ], [ -71.304634, 10.963860 ], [ -71.305008, 10.963477 ], [ -71.305481, 10.963194 ], [ -71.305977, 10.962946 ], [ -71.306534, 10.962870 ], [ -71.307091, 10.962929 ], [ -71.307602, 10.963006 ], [ -71.308212, 10.962947 ], [ -71.308845, 10.962752 ], [ -71.309288, 10.962441 ], [ -71.309624, 10.962014 ], [ -71.309776, 10.961535 ], [ -71.309830, 10.960937 ], [ -71.309845, 10.960386 ], [ -71.309784, 10.959881 ], [ -71.309349, 10.959613 ], [ -71.308830, 10.959770 ], [ -71.308723, 10.960359 ], [ -71.308601, 10.960911 ], [ -71.308288, 10.961320 ], [ -71.307793, 10.961558 ], [ -71.307236, 10.961707 ], [ -71.306633, 10.961694 ], [ -71.306114, 10.961707 ], [ -71.305603, 10.961747 ], [ -71.305130, 10.961986 ], [ -71.304192, 10.962544 ], [ -71.303276, 10.963120 ], [ -71.302734, 10.963413 ], [ -71.302216, 10.963679 ], [ -71.301788, 10.963944 ], [ -71.301369, 10.964255 ], [ -71.301010, 10.964620 ], [ -71.300766, 10.965091 ], [ -71.300713, 10.965670 ], [ -71.300835, 10.966202 ], [ -71.301857, 10.966565 ], [ -71.302269, 10.966941 ], [ -71.302368, 10.967537 ], [ -71.302055, 10.968019 ], [ -71.301529, 10.967796 ], [ -71.301094, 10.967538 ], [ -71.300606, 10.967387 ], [ -71.300049, 10.967307 ], [ -71.299461, 10.967434 ], [ -71.298851, 10.967719 ], [ -71.297257, 10.968583 ], [ -71.296715, 10.968848 ], [ -71.295609, 10.969331 ], [ -71.294861, 10.969592 ], [ -71.294342, 10.969785 ], [ -71.293289, 10.970226 ], [ -71.292748, 10.970469 ], [ -71.292252, 10.970734 ], [ -71.291664, 10.971087 ], [ -71.290581, 10.971826 ], [ -71.290016, 10.972158 ], [ -71.289520, 10.972471 ], [ -71.289024, 10.972690 ], [ -71.288536, 10.972892 ], [ -71.287880, 10.972878 ], [ -71.287346, 10.972886 ], [ -71.286743, 10.972735 ], [ -71.286217, 10.972312 ], [ -71.285927, 10.971800 ], [ -71.285629, 10.971358 ], [ -71.285034, 10.970930 ], [ -71.284485, 10.970577 ], [ -71.284019, 10.970341 ], [ -71.283470, 10.970210 ], [ -71.282837, 10.970107 ], [ -71.282074, 10.970069 ], [ -71.281540, 10.970127 ], [ -71.281044, 10.970255 ], [ -71.280525, 10.970521 ], [ -71.280029, 10.970877 ], [ -71.279129, 10.971643 ], [ -71.278686, 10.971952 ], [ -71.278236, 10.972357 ], [ -71.277947, 10.972809 ], [ -71.277656, 10.973407 ], [ -71.277390, 10.973834 ], [ -71.277054, 10.974286 ], [ -71.276291, 10.975188 ], [ -71.275795, 10.975527 ], [ -71.275276, 10.975793 ], [ -71.274223, 10.976162 ], [ -71.273544, 10.976444 ], [ -71.273025, 10.976731 ], [ -71.272552, 10.977159 ], [ -71.272102, 10.977470 ], [ -71.271675, 10.977876 ], [ -71.271316, 10.978236 ], [ -71.270805, 10.978456 ], [ -71.270286, 10.978496 ], [ -71.269714, 10.978365 ], [ -71.268997, 10.978074 ], [ -71.268700, 10.977586 ], [ -71.268555, 10.977009 ], [ -71.268448, 10.976386 ], [ -71.268456, 10.975862 ], [ -71.268425, 10.975284 ], [ -71.268318, 10.974614 ], [ -71.268265, 10.974065 ], [ -71.268250, 10.973558 ], [ -71.268188, 10.973053 ], [ -71.268181, 10.972475 ], [ -71.268143, 10.971877 ], [ -71.268173, 10.971373 ], [ -71.268166, 10.970798 ], [ -71.268097, 10.969625 ], [ -71.268013, 10.969050 ], [ -71.267975, 10.968545 ], [ -71.268013, 10.968015 ], [ -71.268310, 10.966989 ], [ -71.268509, 10.966444 ], [ -71.268967, 10.965465 ], [ -71.269577, 10.963981 ], [ -71.269661, 10.963453 ], [ -71.269745, 10.962748 ], [ -71.269783, 10.962097 ], [ -71.269775, 10.961343 ], [ -71.269783, 10.960751 ], [ -71.269775, 10.960149 ], [ -71.269714, 10.959641 ], [ -71.269539, 10.959087 ], [ -71.269318, 10.958530 ], [ -71.268715, 10.957394 ], [ -71.268417, 10.956883 ], [ -71.268150, 10.956461 ], [ -71.267815, 10.955904 ], [ -71.267181, 10.954812 ], [ -71.266937, 10.954329 ], [ -71.266640, 10.953860 ], [ -71.266373, 10.953392 ], [ -71.265701, 10.951843 ], [ -71.265434, 10.951420 ], [ -71.265091, 10.951001 ], [ -71.264732, 10.950581 ], [ -71.264343, 10.950253 ], [ -71.263901, 10.949995 ], [ -71.263420, 10.949772 ], [ -71.262749, 10.949668 ], [ -71.262100, 10.949538 ], [ -71.261566, 10.949459 ], [ -71.260986, 10.949356 ], [ -71.260475, 10.949325 ], [ -71.259934, 10.949337 ], [ -71.259354, 10.949324 ], [ -71.258842, 10.949382 ], [ -71.258262, 10.949395 ], [ -71.257545, 10.949355 ], [ -71.256935, 10.949342 ], [ -71.255753, 10.949205 ], [ -71.255219, 10.948983 ], [ -71.254784, 10.948656 ], [ -71.254326, 10.948234 ], [ -71.253891, 10.947765 ], [ -71.253395, 10.947181 ], [ -71.253006, 10.946690 ], [ -71.252601, 10.946199 ], [ -71.252167, 10.945825 ], [ -71.251686, 10.945494 ], [ -71.251129, 10.945227 ], [ -71.250481, 10.945051 ], [ -71.249878, 10.944949 ], [ -71.249298, 10.944961 ], [ -71.248688, 10.945017 ], [ -71.248108, 10.945050 ], [ -71.247574, 10.945064 ], [ -71.246872, 10.945141 ], [ -71.245682, 10.945209 ], [ -71.245148, 10.945217 ], [ -71.244423, 10.945275 ], [ -71.243843, 10.945309 ], [ -71.243309, 10.945298 ], [ -71.242752, 10.945198 ], [ -71.242249, 10.944958 ], [ -71.241714, 10.944618 ], [ -71.241234, 10.944291 ], [ -71.240730, 10.944004 ], [ -71.239532, 10.943243 ], [ -71.238937, 10.942843 ], [ -71.237717, 10.942198 ], [ -71.236725, 10.941646 ], [ -71.235687, 10.941191 ], [ -71.234627, 10.940871 ], [ -71.234093, 10.940698 ], [ -71.232979, 10.940493 ], [ -71.232261, 10.940410 ], [ -71.230545, 10.940122 ], [ -71.229874, 10.940039 ], [ -71.229362, 10.939938 ], [ -71.228851, 10.939878 ], [ -71.228157, 10.939728 ], [ -71.227508, 10.939626 ], [ -71.226814, 10.939467 ], [ -71.226204, 10.939367 ], [ -71.225609, 10.939240 ], [ -71.225075, 10.939136 ], [ -71.224472, 10.938987 ], [ -71.223938, 10.938820 ], [ -71.223404, 10.938625 ], [ -71.222740, 10.938305 ], [ -71.222275, 10.938068 ], [ -71.221771, 10.937760 ], [ -71.220787, 10.937027 ], [ -71.219757, 10.936293 ], [ -71.219345, 10.935941 ], [ -71.218590, 10.935030 ], [ -71.218346, 10.934543 ], [ -71.218262, 10.934035 ], [ -71.218277, 10.933438 ], [ -71.218445, 10.932940 ], [ -71.218666, 10.932343 ], [ -71.219109, 10.931272 ], [ -71.219376, 10.930800 ], [ -71.220154, 10.929250 ], [ -71.220344, 10.928747 ], [ -71.220360, 10.928245 ], [ -71.220138, 10.927732 ], [ -71.219734, 10.927012 ], [ -71.219436, 10.926569 ], [ -71.219093, 10.926193 ], [ -71.218254, 10.925377 ], [ -71.218124, 10.924773 ], [ -71.218231, 10.924201 ], [ -71.218315, 10.923492 ], [ -71.218254, 10.922984 ], [ -71.218056, 10.922429 ], [ -71.217766, 10.921991 ], [ -71.217354, 10.921497 ], [ -71.216988, 10.921103 ], [ -71.216721, 10.920652 ], [ -71.216477, 10.919985 ], [ -71.216301, 10.919454 ], [ -71.216148, 10.918922 ], [ -71.216019, 10.918275 ], [ -71.215988, 10.917769 ], [ -71.215866, 10.916756 ], [ -71.215798, 10.915580 ], [ -71.215683, 10.914339 ], [ -71.215637, 10.913123 ], [ -71.215660, 10.911975 ], [ -71.215645, 10.910456 ], [ -71.215607, 10.909879 ], [ -71.215622, 10.909216 ], [ -71.215591, 10.908641 ], [ -71.215530, 10.907972 ], [ -71.215454, 10.907439 ], [ -71.215302, 10.906682 ], [ -71.215172, 10.906177 ], [ -71.214943, 10.905111 ], [ -71.214767, 10.904580 ], [ -71.214378, 10.903975 ], [ -71.214066, 10.903582 ], [ -71.213653, 10.903015 ], [ -71.212814, 10.902009 ], [ -71.212448, 10.901660 ], [ -71.212059, 10.901262 ], [ -71.211632, 10.900843 ], [ -71.211197, 10.900376 ], [ -71.210739, 10.899855 ], [ -71.210083, 10.899038 ], [ -71.209679, 10.898479 ], [ -71.208908, 10.897365 ], [ -71.208252, 10.896291 ], [ -71.207939, 10.895826 ], [ -71.207695, 10.895358 ], [ -71.207680, 10.894786 ], [ -71.207794, 10.893708 ], [ -71.207878, 10.893088 ], [ -71.207932, 10.892585 ], [ -71.207901, 10.891987 ], [ -71.207840, 10.891458 ], [ -71.207596, 10.890922 ], [ -71.207230, 10.890503 ], [ -71.206749, 10.890125 ], [ -71.206245, 10.889747 ], [ -71.205765, 10.889485 ], [ -71.204773, 10.888912 ], [ -71.204292, 10.888650 ], [ -71.203857, 10.888389 ], [ -71.203415, 10.888060 ], [ -71.203033, 10.887565 ], [ -71.202675, 10.887010 ], [ -71.202431, 10.886454 ], [ -71.202080, 10.885388 ], [ -71.201858, 10.884787 ], [ -71.201652, 10.884321 ], [ -71.201141, 10.883231 ], [ -71.200287, 10.881677 ], [ -71.199974, 10.881141 ], [ -71.199616, 10.880558 ], [ -71.199280, 10.880047 ], [ -71.198982, 10.879559 ], [ -71.198670, 10.878929 ], [ -71.198288, 10.878281 ], [ -71.197975, 10.877654 ], [ -71.197510, 10.876570 ], [ -71.197311, 10.876056 ], [ -71.197090, 10.875524 ], [ -71.196915, 10.874947 ], [ -71.196808, 10.874279 ], [ -71.196777, 10.873701 ], [ -71.196762, 10.873195 ], [ -71.196892, 10.872552 ], [ -71.197090, 10.871984 ], [ -71.197289, 10.871459 ], [ -71.197533, 10.870959 ], [ -71.197792, 10.870505 ], [ -71.198059, 10.870006 ], [ -71.198303, 10.869504 ], [ -71.198502, 10.868961 ], [ -71.198631, 10.868437 ], [ -71.198685, 10.867794 ], [ -71.198631, 10.867026 ], [ -71.198464, 10.866269 ], [ -71.198250, 10.865437 ], [ -71.198074, 10.864880 ], [ -71.197922, 10.864351 ], [ -71.197700, 10.863726 ], [ -71.197434, 10.863077 ], [ -71.197189, 10.862563 ], [ -71.196945, 10.861986 ], [ -71.196678, 10.861473 ], [ -71.196381, 10.860988 ], [ -71.196068, 10.860501 ], [ -71.195747, 10.860079 ], [ -71.195435, 10.859567 ], [ -71.195114, 10.859144 ], [ -71.194870, 10.858659 ], [ -71.194626, 10.858080 ], [ -71.194435, 10.857458 ], [ -71.194283, 10.856836 ], [ -71.193932, 10.855673 ], [ -71.193779, 10.855099 ], [ -71.193626, 10.854613 ], [ -71.193138, 10.853500 ], [ -71.192917, 10.853041 ], [ -71.192619, 10.852573 ], [ -71.192215, 10.852169 ], [ -71.191780, 10.851840 ], [ -71.191368, 10.851464 ], [ -71.190910, 10.851065 ], [ -71.190453, 10.850736 ], [ -71.189995, 10.850377 ], [ -71.189583, 10.849957 ], [ -71.189262, 10.849491 ], [ -71.188927, 10.849025 ], [ -71.188560, 10.848607 ], [ -71.188271, 10.848166 ], [ -71.187950, 10.847716 ], [ -71.187508, 10.846675 ], [ -71.187332, 10.846190 ], [ -71.187134, 10.845707 ], [ -71.186913, 10.845121 ], [ -71.186737, 10.844522 ], [ -71.186607, 10.844039 ], [ -71.186478, 10.843507 ], [ -71.186318, 10.842405 ], [ -71.186188, 10.841801 ], [ -71.185989, 10.841151 ], [ -71.185654, 10.840594 ], [ -71.185265, 10.840151 ], [ -71.185020, 10.839712 ], [ -71.184685, 10.839217 ], [ -71.184342, 10.838822 ], [ -71.183952, 10.838423 ], [ -71.183563, 10.838096 ], [ -71.183174, 10.837746 ], [ -71.182678, 10.837253 ], [ -71.182335, 10.836875 ], [ -71.181969, 10.836453 ], [ -71.181656, 10.836012 ], [ -71.181312, 10.835563 ], [ -71.181045, 10.835078 ], [ -71.180458, 10.834240 ], [ -71.180046, 10.833837 ], [ -71.179565, 10.833439 ], [ -71.179039, 10.833130 ], [ -71.178368, 10.832794 ], [ -71.177307, 10.832289 ], [ -71.176849, 10.832051 ], [ -71.175720, 10.831544 ], [ -71.175194, 10.831232 ], [ -71.174637, 10.830832 ], [ -71.174118, 10.830408 ], [ -71.173752, 10.830030 ], [ -71.173409, 10.829567 ], [ -71.173096, 10.829008 ], [ -71.172585, 10.827941 ], [ -71.171928, 10.827007 ], [ -71.171517, 10.826656 ], [ -71.170944, 10.826327 ], [ -71.170403, 10.826358 ], [ -71.169846, 10.826460 ], [ -71.168495, 10.826642 ], [ -71.167954, 10.826673 ], [ -71.167328, 10.826500 ], [ -71.166870, 10.826192 ], [ -71.166466, 10.825653 ], [ -71.166191, 10.825213 ], [ -71.165947, 10.824772 ], [ -71.165565, 10.824214 ], [ -71.165108, 10.823747 ], [ -71.164719, 10.823388 ], [ -71.164261, 10.822990 ], [ -71.162475, 10.821642 ], [ -71.161774, 10.820826 ], [ -71.161362, 10.820449 ], [ -71.160904, 10.820072 ], [ -71.160309, 10.819646 ], [ -71.159820, 10.819383 ], [ -71.159271, 10.819211 ], [ -71.158714, 10.819110 ], [ -71.158135, 10.819073 ], [ -71.157501, 10.819128 ], [ -71.156807, 10.819141 ], [ -71.156227, 10.819056 ], [ -71.155159, 10.818851 ], [ -71.154556, 10.818696 ], [ -71.154068, 10.818529 ], [ -71.153496, 10.818287 ], [ -71.153031, 10.818074 ], [ -71.152344, 10.817736 ], [ -71.151832, 10.817522 ], [ -71.151329, 10.817227 ], [ -71.150802, 10.816830 ], [ -71.150482, 10.816429 ], [ -71.150055, 10.815965 ], [ -71.149330, 10.815053 ], [ -71.148834, 10.814172 ], [ -71.148178, 10.813282 ], [ -71.147789, 10.812954 ], [ -71.147209, 10.812849 ], [ -71.146629, 10.812815 ], [ -71.146088, 10.813007 ], [ -71.145622, 10.813254 ], [ -71.145195, 10.813588 ], [ -71.144722, 10.813831 ], [ -71.144211, 10.813797 ], [ -71.143707, 10.813629 ], [ -71.143127, 10.813453 ], [ -71.142639, 10.813283 ], [ -71.142326, 10.813759 ], [ -71.142174, 10.814330 ], [ -71.142006, 10.814809 ], [ -71.141647, 10.815192 ], [ -71.141045, 10.815249 ], [ -71.140556, 10.815101 ], [ -71.140007, 10.814652 ], [ -71.139641, 10.814278 ], [ -71.139259, 10.813814 ], [ -71.138825, 10.813248 ], [ -71.138489, 10.812783 ], [ -71.137779, 10.811962 ], [ -71.137398, 10.811496 ], [ -71.137031, 10.811121 ], [ -71.136597, 10.810791 ], [ -71.136048, 10.810410 ], [ -71.135445, 10.810077 ], [ -71.134338, 10.809687 ], [ -71.133804, 10.809540 ], [ -71.132790, 10.809285 ], [ -71.132164, 10.809067 ], [ -71.131683, 10.808759 ], [ -71.131248, 10.808401 ], [ -71.130768, 10.807912 ], [ -71.130318, 10.807423 ], [ -71.129952, 10.806972 ], [ -71.129639, 10.806556 ], [ -71.129433, 10.806090 ], [ -71.129242, 10.805353 ], [ -71.129089, 10.804845 ], [ -71.128959, 10.804522 ], [ -71.128959, 10.804313 ], [ -71.128975, 10.804199 ], [ -71.128967, 10.803988 ], [ -71.128860, 10.803374 ], [ -71.128662, 10.802788 ], [ -71.128464, 10.802303 ], [ -71.128265, 10.801748 ], [ -71.128067, 10.801283 ], [ -71.127869, 10.800776 ], [ -71.127525, 10.799569 ], [ -71.127396, 10.798974 ], [ -71.127220, 10.798351 ], [ -71.126976, 10.797792 ], [ -71.126473, 10.797576 ], [ -71.125931, 10.797748 ], [ -71.125412, 10.797967 ], [ -71.124832, 10.798116 ], [ -71.124229, 10.798080 ], [ -71.123718, 10.798023 ], [ -71.123161, 10.797852 ], [ -71.122612, 10.797561 ], [ -71.122223, 10.797142 ], [ -71.121979, 10.796678 ], [ -71.121750, 10.796165 ], [ -71.121483, 10.795679 ], [ -71.121216, 10.795120 ], [ -71.120972, 10.794681 ], [ -71.120697, 10.794261 ], [ -71.120293, 10.793817 ], [ -71.119789, 10.793461 ], [ -71.119324, 10.793244 ], [ -71.118912, 10.792940 ], [ -71.118431, 10.792537 ], [ -71.118095, 10.792096 ], [ -71.117744, 10.791005 ], [ -71.117546, 10.790450 ], [ -71.117249, 10.790005 ], [ -71.116821, 10.789561 ], [ -71.116386, 10.789188 ], [ -71.115929, 10.788857 ], [ -71.115372, 10.788708 ], [ -71.114860, 10.788648 ], [ -71.114327, 10.788476 ], [ -71.113777, 10.788194 ], [ -71.113319, 10.787926 ], [ -71.112862, 10.787619 ], [ -71.112496, 10.787245 ], [ -71.112038, 10.786706 ], [ -71.111656, 10.786193 ], [ -71.111290, 10.785770 ], [ -71.110855, 10.785394 ], [ -71.110351, 10.785085 ], [ -71.109863, 10.784937 ], [ -71.109306, 10.784953 ], [ -71.108749, 10.784821 ], [ -71.108246, 10.784673 ], [ -71.107735, 10.784548 ], [ -71.107223, 10.784443 ], [ -71.106712, 10.784365 ], [ -71.106255, 10.784149 ], [ -71.105751, 10.783838 ], [ -71.105247, 10.783438 ], [ -71.104790, 10.783015 ], [ -71.104378, 10.782594 ], [ -71.104011, 10.782241 ], [ -71.103554, 10.781886 ], [ -71.103096, 10.781670 ], [ -71.102608, 10.781499 ], [ -71.102028, 10.781468 ], [ -71.101402, 10.781337 ], [ -71.100868, 10.781214 ], [ -71.100365, 10.781127 ], [ -71.099877, 10.780867 ], [ -71.099365, 10.779868 ], [ -71.099190, 10.779291 ], [ -71.098946, 10.778735 ], [ -71.098633, 10.778199 ], [ -71.098274, 10.777643 ], [ -71.097954, 10.777221 ], [ -71.097588, 10.776844 ], [ -71.096695, 10.776181 ], [ -71.096214, 10.775850 ], [ -71.095802, 10.775497 ], [ -71.095535, 10.775014 ], [ -71.095268, 10.774473 ], [ -71.095116, 10.773943 ], [ -71.095032, 10.773390 ], [ -71.095024, 10.772839 ], [ -71.095169, 10.772341 ], [ -71.095436, 10.771788 ], [ -71.095703, 10.771291 ], [ -71.095879, 10.770790 ], [ -71.095932, 10.770193 ], [ -71.095924, 10.769642 ], [ -71.095856, 10.768514 ], [ -71.095886, 10.767963 ], [ -71.095970, 10.767459 ], [ -71.096123, 10.766984 ], [ -71.096283, 10.765762 ], [ -71.096321, 10.765238 ], [ -71.096192, 10.764707 ], [ -71.095970, 10.764152 ], [ -71.095695, 10.763705 ], [ -71.095474, 10.763175 ], [ -71.095276, 10.762643 ], [ -71.095200, 10.762135 ], [ -71.095230, 10.761630 ], [ -71.095314, 10.761082 ], [ -71.095368, 10.760553 ], [ -71.095383, 10.760029 ], [ -71.095299, 10.759469 ], [ -71.095047, 10.759030 ], [ -71.094642, 10.758608 ], [ -71.094299, 10.758210 ], [ -71.093987, 10.757791 ], [ -71.093124, 10.756762 ], [ -71.092850, 10.756340 ], [ -71.092651, 10.755856 ], [ -71.092705, 10.755352 ], [ -71.092926, 10.754876 ], [ -71.093353, 10.754493 ], [ -71.093803, 10.754156 ], [ -71.094276, 10.753821 ], [ -71.094673, 10.753509 ], [ -71.095192, 10.753175 ], [ -71.095810, 10.752868 ], [ -71.096702, 10.752333 ], [ -71.097290, 10.751999 ], [ -71.097717, 10.751619 ], [ -71.097984, 10.751187 ], [ -71.098160, 10.750547 ], [ -71.098236, 10.749976 ], [ -71.098274, 10.749426 ], [ -71.097740, 10.749230 ], [ -71.097191, 10.748963 ], [ -71.096687, 10.748679 ], [ -71.096275, 10.748373 ], [ -71.095451, 10.747574 ], [ -71.095017, 10.747129 ], [ -71.094589, 10.746660 ], [ -71.094177, 10.746238 ], [ -71.093765, 10.745838 ], [ -71.093422, 10.745463 ], [ -71.093109, 10.745068 ], [ -71.092789, 10.744627 ], [ -71.092186, 10.743507 ], [ -71.092079, 10.742954 ], [ -71.092117, 10.742426 ], [ -71.092293, 10.741738 ], [ -71.092514, 10.741148 ], [ -71.092689, 10.740651 ], [ -71.093186, 10.739030 ], [ -71.093292, 10.738523 ], [ -71.093368, 10.737971 ], [ -71.093338, 10.737420 ], [ -71.093040, 10.735939 ], [ -71.092796, 10.735341 ], [ -71.092575, 10.734831 ], [ -71.092262, 10.734158 ], [ -71.092018, 10.733556 ], [ -71.091774, 10.733092 ], [ -71.091530, 10.732560 ], [ -71.091286, 10.732119 ], [ -71.091019, 10.731488 ], [ -71.090904, 10.731142 ], [ -71.090820, 10.730866 ], [ -71.090698, 10.730243 ], [ -71.090637, 10.729620 ], [ -71.090599, 10.729068 ], [ -71.090614, 10.728517 ], [ -71.090584, 10.727831 ], [ -71.090523, 10.727298 ], [ -71.090416, 10.726744 ], [ -71.090248, 10.726143 ], [ -71.090118, 10.725610 ], [ -71.090034, 10.725060 ], [ -71.090080, 10.722715 ], [ -71.090164, 10.722094 ], [ -71.090225, 10.721500 ], [ -71.090294, 10.720466 ], [ -71.090347, 10.719941 ], [ -71.090431, 10.719417 ], [ -71.090630, 10.718891 ], [ -71.091255, 10.717753 ], [ -71.091881, 10.716894 ], [ -71.092262, 10.716282 ], [ -71.092552, 10.715733 ], [ -71.092751, 10.715212 ], [ -71.092903, 10.714664 ], [ -71.093025, 10.714138 ], [ -71.093139, 10.713433 ], [ -71.093193, 10.712927 ], [ -71.093208, 10.712285 ], [ -71.093102, 10.711707 ], [ -71.092972, 10.711193 ], [ -71.092728, 10.710640 ], [ -71.092148, 10.709617 ], [ -71.091873, 10.709175 ], [ -71.091537, 10.708681 ], [ -71.091126, 10.708217 ], [ -71.090713, 10.707909 ], [ -71.090187, 10.707760 ], [ -71.089668, 10.707844 ], [ -71.089134, 10.707944 ], [ -71.088623, 10.707979 ], [ -71.087975, 10.707874 ], [ -71.087418, 10.707655 ], [ -71.087105, 10.707237 ], [ -71.086906, 10.706725 ], [ -71.087052, 10.706201 ], [ -71.087440, 10.705588 ], [ -71.087776, 10.705090 ], [ -71.087975, 10.704520 ], [ -71.088081, 10.703947 ], [ -71.087998, 10.703417 ], [ -71.087509, 10.702212 ], [ -71.087044, 10.701218 ], [ -71.086647, 10.700082 ], [ -71.086449, 10.699568 ], [ -71.086296, 10.699039 ], [ -71.086121, 10.698529 ], [ -71.085945, 10.697884 ], [ -71.086121, 10.697358 ], [ -71.086410, 10.696904 ], [ -71.086929, 10.696640 ], [ -71.087563, 10.696469 ], [ -71.088120, 10.696348 ], [ -71.088677, 10.696308 ], [ -71.089210, 10.696298 ], [ -71.090332, 10.696135 ], [ -71.090942, 10.696058 ], [ -71.091591, 10.695936 ], [ -71.092186, 10.695553 ], [ -71.092560, 10.695196 ], [ -71.092895, 10.694789 ], [ -71.093163, 10.694312 ], [ -71.093407, 10.693809 ], [ -71.093574, 10.693287 ], [ -71.093567, 10.692780 ], [ -71.093102, 10.691669 ], [ -71.092857, 10.691047 ], [ -71.092751, 10.690469 ], [ -71.092720, 10.689873 ], [ -71.092728, 10.689322 ], [ -71.092781, 10.688824 ], [ -71.093056, 10.687051 ], [ -71.093163, 10.686525 ], [ -71.093514, 10.686235 ], [ -71.093689, 10.685591 ], [ -71.093948, 10.684496 ], [ -71.094101, 10.683970 ], [ -71.094177, 10.683466 ], [ -71.094169, 10.682914 ], [ -71.094017, 10.682383 ], [ -71.093750, 10.681803 ], [ -71.093430, 10.681363 ], [ -71.093002, 10.680914 ], [ -71.092445, 10.680556 ], [ -71.091919, 10.680270 ], [ -71.091362, 10.680102 ], [ -71.090859, 10.679970 ], [ -71.090370, 10.679824 ], [ -71.089912, 10.679561 ], [ -71.089432, 10.679254 ], [ -71.088974, 10.678880 ], [ -71.088585, 10.678431 ], [ -71.088173, 10.678099 ], [ -71.087692, 10.677815 ], [ -71.087212, 10.677574 ], [ -71.086151, 10.677116 ], [ -71.085617, 10.676896 ], [ -71.085114, 10.676658 ], [ -71.084679, 10.676372 ], [ -71.084335, 10.675906 ], [ -71.084206, 10.675333 ], [ -71.084244, 10.674781 ], [ -71.084419, 10.674075 ], [ -71.084618, 10.673550 ], [ -71.084862, 10.672997 ], [ -71.085037, 10.672521 ], [ -71.085068, 10.671993 ], [ -71.084961, 10.671416 ], [ -71.084793, 10.670884 ], [ -71.084519, 10.670396 ], [ -71.084206, 10.669975 ], [ -71.083839, 10.669554 ], [ -71.083504, 10.669087 ], [ -71.083252, 10.668651 ], [ -71.083054, 10.668181 ], [ -71.082878, 10.667604 ], [ -71.082909, 10.666710 ], [ -71.082657, 10.664764 ], [ -71.082535, 10.664082 ], [ -71.082512, 10.663413 ], [ -71.082519, 10.662835 ], [ -71.082550, 10.662239 ], [ -71.082596, 10.661572 ], [ -71.082603, 10.660403 ], [ -71.082581, 10.659734 ], [ -71.082512, 10.659210 ], [ -71.082359, 10.658705 ], [ -71.081902, 10.657524 ], [ -71.081352, 10.656533 ], [ -71.081078, 10.655921 ], [ -71.080925, 10.655416 ], [ -71.080902, 10.654866 ], [ -71.081024, 10.654311 ], [ -71.081429, 10.653857 ], [ -71.081924, 10.653501 ], [ -71.082314, 10.653102 ], [ -71.082573, 10.652630 ], [ -71.082603, 10.652105 ], [ -71.082184, 10.651476 ], [ -71.081779, 10.651045 ], [ -71.081322, 10.650601 ], [ -71.080933, 10.650155 ], [ -71.080704, 10.649606 ], [ -71.080528, 10.649110 ], [ -71.080391, 10.648516 ], [ -71.080322, 10.647920 ], [ -71.080276, 10.647232 ], [ -71.080376, 10.646701 ], [ -71.080498, 10.646168 ], [ -71.080689, 10.645656 ], [ -71.081261, 10.644586 ], [ -71.082001, 10.643152 ], [ -71.082283, 10.642665 ], [ -71.082703, 10.641984 ], [ -71.083389, 10.641019 ], [ -71.084122, 10.639938 ], [ -71.084831, 10.638795 ], [ -71.085091, 10.638305 ], [ -71.085350, 10.637716 ], [ -71.085541, 10.637206 ], [ -71.085731, 10.636629 ], [ -71.085922, 10.635959 ], [ -71.086037, 10.635283 ], [ -71.086082, 10.633926 ], [ -71.086159, 10.633281 ], [ -71.086182, 10.632640 ], [ -71.086189, 10.631440 ], [ -71.086144, 10.630798 ], [ -71.086029, 10.630204 ], [ -71.085823, 10.629705 ], [ -71.085510, 10.629277 ], [ -71.085121, 10.628805 ], [ -71.084740, 10.628406 ], [ -71.084328, 10.628052 ], [ -71.083969, 10.627647 ], [ -71.083649, 10.627221 ], [ -71.083351, 10.626657 ], [ -71.083313, 10.626106 ], [ -71.083481, 10.625526 ], [ -71.083710, 10.624919 ], [ -71.083877, 10.624295 ], [ -71.083885, 10.623767 ], [ -71.083801, 10.622578 ], [ -71.083664, 10.622000 ], [ -71.083298, 10.621440 ], [ -71.082886, 10.621020 ], [ -71.082428, 10.620571 ], [ -71.081955, 10.620264 ], [ -71.081413, 10.620162 ], [ -71.080864, 10.620301 ], [ -71.080307, 10.620386 ], [ -71.079735, 10.620544 ], [ -71.079178, 10.620674 ], [ -71.078674, 10.620832 ], [ -71.078094, 10.620959 ], [ -71.077492, 10.620978 ], [ -71.076767, 10.620748 ], [ -71.076248, 10.620534 ], [ -71.075951, 10.620083 ], [ -71.075722, 10.619539 ], [ -71.075516, 10.618881 ], [ -71.075401, 10.618286 ], [ -71.075340, 10.617762 ], [ -71.075279, 10.615922 ], [ -71.075210, 10.615372 ], [ -71.075028, 10.614800 ], [ -71.074684, 10.614262 ], [ -71.074249, 10.613747 ], [ -71.073730, 10.613510 ], [ -71.073197, 10.613481 ], [ -71.072624, 10.613658 ], [ -71.072029, 10.613978 ], [ -71.071045, 10.614559 ], [ -71.070564, 10.614804 ], [ -71.070015, 10.615005 ], [ -71.069489, 10.615116 ], [ -71.068810, 10.615111 ], [ -71.068275, 10.615060 ], [ -71.067757, 10.614802 ], [ -71.067299, 10.614470 ], [ -71.066986, 10.613994 ], [ -71.066712, 10.613453 ], [ -71.066460, 10.612841 ], [ -71.066322, 10.612270 ], [ -71.066185, 10.611749 ], [ -71.066078, 10.611153 ], [ -71.065895, 10.610494 ], [ -71.065636, 10.609854 ], [ -71.065414, 10.609380 ], [ -71.065003, 10.608887 ], [ -71.064613, 10.608487 ], [ -71.064049, 10.608229 ], [ -71.063301, 10.608070 ], [ -71.062668, 10.607993 ], [ -71.062019, 10.608014 ], [ -71.061417, 10.608102 ], [ -71.060768, 10.608145 ], [ -71.059952, 10.608148 ], [ -71.057839, 10.608079 ], [ -71.057137, 10.607985 ], [ -71.056503, 10.607862 ], [ -71.055824, 10.607724 ], [ -71.055244, 10.607582 ], [ -71.054726, 10.607368 ], [ -71.054230, 10.607177 ], [ -71.053642, 10.606922 ], [ -71.052666, 10.606378 ], [ -71.052238, 10.606064 ], [ -71.052063, 10.605566 ], [ -71.051926, 10.605044 ], [ -71.051842, 10.604494 ], [ -71.051819, 10.603943 ], [ -71.051941, 10.603409 ], [ -71.051964, 10.602695 ], [ -71.051872, 10.602100 ], [ -71.051376, 10.601035 ], [ -71.051102, 10.600585 ], [ -71.050766, 10.600182 ], [ -71.050377, 10.599757 ], [ -71.049919, 10.599291 ], [ -71.049461, 10.598797 ], [ -71.049126, 10.598393 ], [ -71.048782, 10.597945 ], [ -71.048515, 10.597471 ], [ -71.048256, 10.596834 ], [ -71.048073, 10.596248 ], [ -71.047943, 10.595697 ], [ -71.047821, 10.594939 ], [ -71.047752, 10.594299 ], [ -71.047737, 10.593657 ], [ -71.047737, 10.592942 ], [ -71.047760, 10.592277 ], [ -71.047737, 10.591725 ], [ -71.047699, 10.591198 ], [ -71.047607, 10.590539 ], [ -71.047302, 10.589165 ], [ -71.047196, 10.588598 ], [ -71.047027, 10.587912 ], [ -71.046852, 10.587362 ], [ -71.046623, 10.586795 ], [ -71.046326, 10.586321 ], [ -71.045875, 10.585904 ], [ -71.045418, 10.585546 ], [ -71.044518, 10.584928 ], [ -71.044044, 10.584668 ], [ -71.043350, 10.584253 ], [ -71.042358, 10.583713 ], [ -71.041908, 10.583426 ], [ -71.041366, 10.583095 ], [ -71.040886, 10.582789 ], [ -71.040413, 10.582415 ], [ -71.040001, 10.581944 ], [ -71.039589, 10.581408 ], [ -71.039146, 10.580795 ], [ -71.038811, 10.580349 ], [ -71.038399, 10.579857 ], [ -71.037964, 10.579456 ], [ -71.037010, 10.578775 ], [ -71.035942, 10.578071 ], [ -71.035423, 10.577765 ], [ -71.034882, 10.577712 ], [ -71.034324, 10.577726 ], [ -71.033798, 10.577820 ], [ -71.033058, 10.578069 ], [ -71.032463, 10.578340 ], [ -71.032059, 10.578674 ], [ -71.031654, 10.579054 ], [ -71.031219, 10.579364 ], [ -71.030647, 10.579504 ], [ -71.030060, 10.579308 ], [ -71.029564, 10.579051 ], [ -71.028969, 10.578816 ], [ -71.028412, 10.578695 ], [ -71.027878, 10.578735 ], [ -71.026871, 10.579248 ], [ -71.026314, 10.579220 ], [ -71.025795, 10.579028 ], [ -71.025337, 10.578630 ], [ -71.025024, 10.578202 ], [ -71.024910, 10.577517 ], [ -71.024841, 10.576967 ], [ -71.024757, 10.576441 ], [ -71.024674, 10.575386 ], [ -71.024589, 10.574861 ], [ -71.024277, 10.573813 ], [ -71.024139, 10.573266 ], [ -71.024117, 10.572668 ], [ -71.024193, 10.572069 ], [ -71.024315, 10.571536 ], [ -71.024460, 10.571025 ], [ -71.024704, 10.570558 ], [ -71.025055, 10.570042 ], [ -71.025413, 10.569549 ], [ -71.025879, 10.568986 ], [ -71.026352, 10.568440 ], [ -71.026901, 10.567659 ], [ -71.027237, 10.567124 ], [ -71.027473, 10.566633 ], [ -71.027550, 10.566010 ], [ -71.027504, 10.564817 ], [ -71.027344, 10.564177 ], [ -71.027191, 10.563678 ], [ -71.026939, 10.563131 ], [ -71.026604, 10.562707 ], [ -71.026077, 10.562332 ], [ -71.025551, 10.562004 ], [ -71.024986, 10.561746 ], [ -71.023979, 10.561360 ], [ -71.023522, 10.560918 ], [ -71.023270, 10.560443 ], [ -71.023224, 10.559777 ], [ -71.023231, 10.558514 ], [ -71.023353, 10.557338 ], [ -71.023361, 10.556790 ], [ -71.023338, 10.556144 ], [ -71.023224, 10.555502 ], [ -71.022995, 10.554935 ], [ -71.022652, 10.554373 ], [ -71.022095, 10.553608 ], [ -71.021652, 10.553068 ], [ -71.021294, 10.552597 ], [ -71.020927, 10.552061 ], [ -71.020531, 10.551358 ], [ -71.020187, 10.550773 ], [ -71.019936, 10.550268 ], [ -71.019775, 10.549680 ], [ -71.019669, 10.549158 ], [ -71.019646, 10.548463 ], [ -71.019714, 10.547843 ], [ -71.019814, 10.547268 ], [ -71.020043, 10.546589 ], [ -71.020775, 10.544775 ], [ -71.020943, 10.544270 ], [ -71.021156, 10.543707 ], [ -71.021301, 10.543173 ], [ -71.021423, 10.542531 ], [ -71.021469, 10.541952 ], [ -71.021499, 10.541283 ], [ -71.021454, 10.540713 ], [ -71.021362, 10.540046 ], [ -71.021187, 10.539062 ], [ -71.021049, 10.538423 ], [ -71.020966, 10.537850 ], [ -71.020508, 10.535359 ], [ -71.019974, 10.533307 ], [ -71.019768, 10.532743 ], [ -71.019524, 10.532193 ], [ -71.019272, 10.531720 ], [ -71.019020, 10.531202 ], [ -71.018799, 10.530652 ], [ -71.018570, 10.530133 ], [ -71.018364, 10.529634 ], [ -71.018074, 10.529111 ], [ -71.017456, 10.528075 ], [ -71.017181, 10.527535 ], [ -71.016960, 10.527058 ], [ -71.016868, 10.526393 ], [ -71.016937, 10.525747 ], [ -71.017082, 10.525167 ], [ -71.017365, 10.524676 ], [ -71.017769, 10.524296 ], [ -71.018227, 10.523960 ], [ -71.018608, 10.523581 ], [ -71.018967, 10.523086 ], [ -71.019249, 10.522550 ], [ -71.019531, 10.522106 ], [ -71.019775, 10.521589 ], [ -71.019989, 10.521055 ], [ -71.020081, 10.520409 ], [ -71.020111, 10.519860 ], [ -71.020088, 10.519237 ], [ -71.020004, 10.518664 ], [ -71.019821, 10.518118 ], [ -71.019417, 10.517117 ], [ -71.019119, 10.516601 ], [ -71.018745, 10.515901 ], [ -71.017883, 10.514386 ], [ -71.017609, 10.513821 ], [ -71.017433, 10.513325 ], [ -71.017181, 10.512730 ], [ -71.016884, 10.512187 ], [ -71.016564, 10.511712 ], [ -71.016174, 10.511243 ], [ -71.015671, 10.510777 ], [ -71.015243, 10.510419 ], [ -71.014770, 10.510115 ], [ -71.014153, 10.509766 ], [ -71.013634, 10.509529 ], [ -71.013115, 10.509365 ], [ -71.012459, 10.509225 ], [ -71.011742, 10.509149 ], [ -71.011131, 10.509143 ], [ -71.010552, 10.509192 ], [ -71.009933, 10.509322 ], [ -71.009400, 10.509480 ], [ -71.008278, 10.509902 ], [ -71.007171, 10.510280 ], [ -71.006645, 10.510344 ], [ -71.006019, 10.510432 ], [ -71.005463, 10.510453 ], [ -71.004875, 10.510304 ], [ -71.004242, 10.510050 ], [ -71.003555, 10.509797 ], [ -71.003013, 10.509556 ], [ -71.002396, 10.509187 ], [ -71.001305, 10.508394 ], [ -71.000107, 10.507396 ], [ -70.999985, 10.507273 ], [ -70.999763, 10.506192 ], [ -70.999161, 10.506046 ], [ -70.998459, 10.505987 ], [ -70.997719, 10.506108 ], [ -70.997070, 10.506233 ], [ -70.996468, 10.506334 ], [ -70.995804, 10.506574 ], [ -70.995224, 10.506794 ], [ -70.993912, 10.507360 ], [ -70.992805, 10.508182 ], [ -70.992188, 10.508444 ], [ -70.991440, 10.508364 ], [ -70.990898, 10.507842 ], [ -70.990631, 10.507230 ], [ -70.990318, 10.506653 ], [ -70.989731, 10.505977 ], [ -70.989098, 10.505548 ], [ -70.987724, 10.505223 ], [ -70.987343, 10.504748 ], [ -70.987083, 10.503374 ], [ -70.987167, 10.502730 ], [ -70.987160, 10.502045 ], [ -70.987106, 10.501422 ], [ -70.986839, 10.500854 ], [ -70.986412, 10.500305 ], [ -70.985733, 10.499927 ], [ -70.984985, 10.499663 ], [ -70.984375, 10.499395 ], [ -70.983742, 10.499037 ], [ -70.983154, 10.498608 ], [ -70.982498, 10.498275 ], [ -70.981850, 10.498101 ], [ -70.981194, 10.498132 ], [ -70.980461, 10.498398 ], [ -70.978958, 10.499204 ], [ -70.978226, 10.499651 ], [ -70.977577, 10.499800 ], [ -70.976059, 10.499430 ], [ -70.975410, 10.499343 ], [ -70.974625, 10.499357 ], [ -70.973831, 10.499439 ], [ -70.972977, 10.499611 ], [ -70.972351, 10.499714 ], [ -70.971748, 10.499792 ], [ -70.971001, 10.499734 ], [ -70.970261, 10.499722 ], [ -70.969658, 10.499985 ], [ -70.969086, 10.500199 ], [ -70.968414, 10.500209 ], [ -70.967682, 10.499829 ], [ -70.967049, 10.499404 ], [ -70.966583, 10.498973 ], [ -70.966087, 10.498542 ], [ -70.965958, 10.497904 ], [ -70.966202, 10.497349 ], [ -70.966614, 10.496860 ], [ -70.966515, 10.496264 ], [ -70.966019, 10.495903 ], [ -70.965523, 10.495521 ], [ -70.965172, 10.494932 ], [ -70.965347, 10.494281 ], [ -70.966125, 10.493926 ], [ -70.966774, 10.493618 ], [ -70.966904, 10.492972 ], [ -70.966614, 10.492380 ], [ -70.966209, 10.491817 ], [ -70.965690, 10.491449 ], [ -70.965240, 10.490930 ], [ -70.964935, 10.490361 ], [ -70.964920, 10.489628 ], [ -70.965264, 10.489120 ], [ -70.965859, 10.488809 ], [ -70.966392, 10.488498 ], [ -70.966751, 10.488016 ], [ -70.966469, 10.487467 ], [ -70.965881, 10.487172 ], [ -70.965233, 10.487140 ], [ -70.963676, 10.487349 ], [ -70.962936, 10.487317 ], [ -70.962166, 10.487213 ], [ -70.961556, 10.486991 ], [ -70.960945, 10.486606 ], [ -70.960571, 10.486131 ], [ -70.960258, 10.485583 ], [ -70.960014, 10.484966 ], [ -70.959450, 10.484561 ], [ -70.958664, 10.484415 ], [ -70.957871, 10.484493 ], [ -70.957176, 10.484527 ], [ -70.956291, 10.484587 ], [ -70.955643, 10.484527 ], [ -70.955010, 10.484306 ], [ -70.954308, 10.484016 ], [ -70.953705, 10.483751 ], [ -70.953323, 10.483252 ], [ -70.953339, 10.482540 ], [ -70.953468, 10.481894 ], [ -70.953598, 10.481300 ], [ -70.953514, 10.480607 ], [ -70.953064, 10.480154 ], [ -70.952599, 10.479752 ], [ -70.952286, 10.479175 ], [ -70.951996, 10.478586 ], [ -70.951843, 10.477993 ], [ -70.951881, 10.477369 ], [ -70.951942, 10.476656 ], [ -70.952095, 10.476056 ], [ -70.952484, 10.475522 ], [ -70.952865, 10.475058 ], [ -70.953491, 10.474566 ], [ -70.954064, 10.474237 ], [ -70.954803, 10.474043 ], [ -70.955307, 10.473689 ], [ -70.955040, 10.473050 ], [ -70.954368, 10.472991 ], [ -70.953766, 10.472885 ], [ -70.953270, 10.472479 ], [ -70.953300, 10.471766 ], [ -70.953552, 10.471119 ], [ -70.953796, 10.470542 ], [ -70.953949, 10.469872 ], [ -70.953659, 10.469302 ], [ -70.953140, 10.468919 ], [ -70.952538, 10.468699 ], [ -70.951744, 10.468527 ], [ -70.951134, 10.468308 ], [ -70.950592, 10.467904 ], [ -70.950310, 10.467327 ], [ -70.949814, 10.466856 ], [ -70.949295, 10.466474 ], [ -70.948639, 10.466280 ], [ -70.947968, 10.466031 ], [ -70.947334, 10.465997 ], [ -70.946640, 10.465985 ], [ -70.946037, 10.466088 ], [ -70.945793, 10.466641 ], [ -70.945137, 10.466492 ], [ -70.944527, 10.466224 ], [ -70.944000, 10.466552 ], [ -70.943565, 10.467018 ], [ -70.942848, 10.466799 ], [ -70.942123, 10.466926 ], [ -70.941475, 10.467029 ], [ -70.940895, 10.466671 ], [ -70.940292, 10.466792 ], [ -70.940597, 10.467361 ], [ -70.940750, 10.468001 ], [ -70.940224, 10.468331 ], [ -70.939682, 10.468041 ], [ -70.939529, 10.467402 ], [ -70.938950, 10.467134 ], [ -70.938111, 10.467215 ], [ -70.937538, 10.467451 ], [ -70.937034, 10.467852 ], [ -70.936409, 10.468207 ], [ -70.935783, 10.468356 ], [ -70.935066, 10.468297 ], [ -70.934319, 10.468211 ], [ -70.933647, 10.467969 ], [ -70.933037, 10.467677 ], [ -70.932221, 10.467690 ], [ -70.931595, 10.467794 ], [ -70.930969, 10.467849 ], [ -70.930321, 10.467858 ], [ -70.929626, 10.467776 ], [ -70.929001, 10.467855 ], [ -70.928352, 10.468076 ], [ -70.927750, 10.468405 ], [ -70.927132, 10.468689 ], [ -70.926552, 10.468972 ], [ -70.925858, 10.468796 ], [ -70.925453, 10.468322 ], [ -70.925095, 10.467774 ], [ -70.924644, 10.467348 ], [ -70.924019, 10.467306 ], [ -70.923187, 10.467556 ], [ -70.922546, 10.467928 ], [ -70.921944, 10.468305 ], [ -70.921372, 10.468615 ], [ -70.920792, 10.468850 ], [ -70.920097, 10.468906 ], [ -70.919380, 10.468847 ], [ -70.918724, 10.468605 ], [ -70.918068, 10.468454 ], [ -70.917442, 10.468463 ], [ -70.916870, 10.468769 ], [ -70.916221, 10.468989 ], [ -70.915527, 10.469180 ], [ -70.914925, 10.469305 ], [ -70.914299, 10.469408 ], [ -70.913422, 10.469467 ], [ -70.912514, 10.469437 ], [ -70.911903, 10.469260 ], [ -70.911156, 10.468947 ], [ -70.910545, 10.468608 ], [ -70.909965, 10.468321 ], [ -70.909309, 10.467982 ], [ -70.908607, 10.467744 ], [ -70.908005, 10.467591 ], [ -70.907257, 10.467462 ], [ -70.906601, 10.467292 ], [ -70.905929, 10.467279 ], [ -70.905258, 10.467220 ], [ -70.904533, 10.467207 ], [ -70.903725, 10.467266 ], [ -70.903008, 10.467367 ], [ -70.902473, 10.467720 ], [ -70.901833, 10.468118 ], [ -70.901161, 10.468430 ], [ -70.900353, 10.468578 ], [ -70.899727, 10.468519 ], [ -70.899139, 10.468324 ], [ -70.898537, 10.467984 ], [ -70.898109, 10.467508 ], [ -70.897568, 10.467173 ], [ -70.896965, 10.467044 ], [ -70.896080, 10.467010 ], [ -70.895294, 10.467136 ], [ -70.894623, 10.467170 ], [ -70.893898, 10.467157 ], [ -70.893242, 10.466958 ], [ -70.892731, 10.466600 ], [ -70.892281, 10.466124 ], [ -70.891853, 10.465626 ], [ -70.891289, 10.465224 ], [ -70.890724, 10.464839 ], [ -70.890144, 10.464599 ], [ -70.889397, 10.464332 ], [ -70.888992, 10.464158 ], [ -70.888718, 10.464038 ], [ -70.888062, 10.463613 ], [ -70.887543, 10.463141 ], [ -70.887299, 10.462501 ], [ -70.886871, 10.461861 ], [ -70.886261, 10.461458 ], [ -70.885071, 10.460787 ], [ -70.884506, 10.460446 ], [ -70.884010, 10.459929 ], [ -70.883583, 10.459314 ], [ -70.883316, 10.458767 ], [ -70.883263, 10.458124 ], [ -70.883392, 10.457502 ], [ -70.883454, 10.456903 ], [ -70.883438, 10.456239 ], [ -70.883316, 10.455554 ], [ -70.883026, 10.454869 ], [ -70.882507, 10.454438 ], [ -70.881920, 10.454053 ], [ -70.880448, 10.453573 ], [ -70.879913, 10.453279 ], [ -70.879418, 10.452713 ], [ -70.879028, 10.452244 ], [ -70.878471, 10.451759 ], [ -70.877861, 10.451541 ], [ -70.877235, 10.451297 ], [ -70.876625, 10.451169 ], [ -70.875999, 10.451177 ], [ -70.875328, 10.451281 ], [ -70.874008, 10.451713 ], [ -70.873276, 10.452000 ], [ -70.872536, 10.452191 ], [ -70.871880, 10.452231 ], [ -70.871048, 10.452191 ], [ -70.870415, 10.452086 ], [ -70.869698, 10.452263 ], [ -70.869057, 10.452452 ], [ -70.868408, 10.452761 ], [ -70.867004, 10.453697 ], [ -70.866478, 10.454099 ], [ -70.865883, 10.454590 ], [ -70.865425, 10.455032 ], [ -70.865013, 10.455472 ], [ -70.864624, 10.455944 ], [ -70.864448, 10.456586 ], [ -70.864204, 10.457186 ], [ -70.863983, 10.457833 ], [ -70.863899, 10.458543 ], [ -70.863769, 10.459149 ], [ -70.863525, 10.459815 ], [ -70.863213, 10.460349 ], [ -70.862801, 10.460972 ], [ -70.862297, 10.461608 ], [ -70.861793, 10.462116 ], [ -70.861015, 10.462656 ], [ -70.860412, 10.462849 ], [ -70.859673, 10.462928 ], [ -70.858932, 10.462915 ], [ -70.857605, 10.462801 ], [ -70.856956, 10.462832 ], [ -70.856331, 10.462818 ], [ -70.855721, 10.462667 ], [ -70.854996, 10.462310 ], [ -70.854431, 10.461997 ], [ -70.854103, 10.461421 ], [ -70.853493, 10.461272 ], [ -70.852631, 10.461267 ], [ -70.851776, 10.461299 ], [ -70.851128, 10.461257 ], [ -70.850517, 10.461132 ], [ -70.850052, 10.460748 ], [ -70.849556, 10.460204 ], [ -70.849152, 10.459615 ], [ -70.848816, 10.459046 ], [ -70.847885, 10.458808 ], [ -70.847252, 10.458813 ], [ -70.846504, 10.458387 ], [ -70.846184, 10.456991 ], [ -70.845619, 10.456697 ], [ -70.844963, 10.456547 ], [ -70.844345, 10.456722 ], [ -70.843674, 10.456962 ], [ -70.843269, 10.456503 ], [ -70.842888, 10.455890 ], [ -70.842331, 10.455554 ], [ -70.841560, 10.455545 ], [ -70.840889, 10.455735 ], [ -70.840317, 10.456085 ], [ -70.839768, 10.456649 ], [ -70.839401, 10.457140 ], [ -70.839066, 10.457720 ], [ -70.838821, 10.458364 ], [ -70.838142, 10.459587 ], [ -70.837730, 10.460032 ], [ -70.837295, 10.460479 ], [ -70.836723, 10.460851 ], [ -70.836121, 10.461272 ], [ -70.835526, 10.461763 ], [ -70.835045, 10.462276 ], [ -70.834038, 10.463302 ], [ -70.833466, 10.463840 ], [ -70.832802, 10.464193 ], [ -70.832222, 10.464431 ], [ -70.831276, 10.464721 ], [ -70.830422, 10.464893 ], [ -70.829514, 10.465025 ], [ -70.828911, 10.465099 ], [ -70.827247, 10.465400 ], [ -70.826622, 10.465547 ], [ -70.825996, 10.465832 ], [ -70.824989, 10.466696 ], [ -70.824387, 10.466817 ], [ -70.823669, 10.466857 ], [ -70.822929, 10.466844 ], [ -70.820770, 10.467100 ], [ -70.819939, 10.467113 ], [ -70.819305, 10.467054 ], [ -70.818581, 10.466881 ], [ -70.817978, 10.466799 ], [ -70.817284, 10.466767 ], [ -70.816338, 10.466827 ], [ -70.815704, 10.466946 ], [ -70.815102, 10.467114 ], [ -70.814407, 10.467195 ], [ -70.813690, 10.467205 ], [ -70.813065, 10.467189 ], [ -70.812317, 10.467248 ], [ -70.811463, 10.467376 ], [ -70.810654, 10.467547 ], [ -70.809914, 10.467743 ], [ -70.809334, 10.468069 ], [ -70.808830, 10.468585 ], [ -70.808472, 10.469095 ], [ -70.808197, 10.469648 ], [ -70.807884, 10.470183 ], [ -70.807335, 10.470838 ], [ -70.806877, 10.471324 ], [ -70.806419, 10.471855 ], [ -70.805847, 10.472446 ], [ -70.805206, 10.472888 ], [ -70.804520, 10.473331 ], [ -70.803917, 10.473597 ], [ -70.803459, 10.473681 ], [ -70.802460, 10.473663 ], [ -70.801872, 10.473445 ], [ -70.801308, 10.473177 ], [ -70.800728, 10.472818 ], [ -70.800018, 10.472362 ], [ -70.799408, 10.471891 ], [ -70.798935, 10.471256 ], [ -70.798508, 10.470644 ], [ -70.798218, 10.470021 ], [ -70.797768, 10.469412 ], [ -70.797226, 10.468753 ], [ -70.796753, 10.468367 ], [ -70.796257, 10.467894 ], [ -70.795853, 10.467257 ], [ -70.795700, 10.466477 ], [ -70.795647, 10.465743 ], [ -70.795570, 10.465124 ], [ -70.795418, 10.464532 ], [ -70.795265, 10.463800 ], [ -70.795021, 10.463115 ], [ -70.794876, 10.462375 ], [ -70.794792, 10.461482 ], [ -70.794441, 10.460155 ], [ -70.794319, 10.459536 ], [ -70.793892, 10.458990 ], [ -70.793907, 10.458324 ], [ -70.793892, 10.457612 ], [ -70.793816, 10.456974 ], [ -70.793388, 10.456398 ], [ -70.792824, 10.455997 ], [ -70.792145, 10.455593 ], [ -70.791832, 10.454954 ], [ -70.791664, 10.454313 ], [ -70.791649, 10.453532 ], [ -70.791687, 10.452864 ], [ -70.791580, 10.452178 ], [ -70.791412, 10.451582 ], [ -70.791145, 10.450920 ], [ -70.790832, 10.450193 ], [ -70.790382, 10.449671 ], [ -70.789887, 10.449240 ], [ -70.788803, 10.448333 ], [ -70.788239, 10.447769 ], [ -70.787857, 10.447246 ], [ -70.787575, 10.446698 ], [ -70.787262, 10.446036 ], [ -70.786926, 10.445487 ], [ -70.786499, 10.444922 ], [ -70.786034, 10.444538 ], [ -70.785492, 10.444039 ], [ -70.784927, 10.443566 ], [ -70.784432, 10.443068 ], [ -70.783951, 10.442430 ], [ -70.783470, 10.441249 ], [ -70.783348, 10.440625 ], [ -70.782768, 10.439094 ], [ -70.782501, 10.438432 ], [ -70.782188, 10.437793 ], [ -70.781990, 10.437061 ], [ -70.781891, 10.436420 ], [ -70.781853, 10.435661 ], [ -70.781777, 10.435065 ], [ -70.781647, 10.434469 ], [ -70.781189, 10.433144 ], [ -70.780899, 10.432367 ], [ -70.779999, 10.431162 ], [ -70.779526, 10.430594 ], [ -70.778893, 10.430212 ], [ -70.778214, 10.429832 ], [ -70.777550, 10.429358 ], [ -70.776871, 10.428909 ], [ -70.776009, 10.428622 ], [ -70.775284, 10.428312 ], [ -70.774628, 10.427955 ], [ -70.774063, 10.427524 ], [ -70.773521, 10.427027 ], [ -70.773071, 10.426435 ], [ -70.772575, 10.425846 ], [ -70.772171, 10.425211 ], [ -70.771889, 10.424643 ], [ -70.771736, 10.423903 ], [ -70.771721, 10.423170 ], [ -70.771690, 10.422412 ], [ -70.771698, 10.421631 ], [ -70.771782, 10.420918 ], [ -70.771919, 10.419492 ], [ -70.771911, 10.418803 ], [ -70.771973, 10.418070 ], [ -70.771958, 10.417220 ], [ -70.771873, 10.416389 ], [ -70.771774, 10.415794 ], [ -70.771530, 10.415040 ], [ -70.771309, 10.414422 ], [ -70.770928, 10.413486 ], [ -70.770561, 10.412688 ], [ -70.770233, 10.412123 ], [ -70.769783, 10.411456 ], [ -70.769310, 10.410983 ], [ -70.768723, 10.410532 ], [ -70.767212, 10.408857 ], [ -70.766807, 10.408263 ], [ -70.766373, 10.407551 ], [ -70.765877, 10.406941 ], [ -70.765335, 10.406513 ], [ -70.764938, 10.406013 ], [ -70.764397, 10.405538 ], [ -70.763809, 10.405156 ], [ -70.763222, 10.404820 ], [ -70.762566, 10.404490 ], [ -70.761864, 10.404177 ], [ -70.761208, 10.403791 ], [ -70.760651, 10.403387 ], [ -70.760109, 10.403048 ], [ -70.759659, 10.402575 ], [ -70.759163, 10.401937 ], [ -70.758873, 10.401319 ], [ -70.758606, 10.400682 ], [ -70.758415, 10.399996 ], [ -70.757851, 10.399728 ], [ -70.757378, 10.399275 ], [ -70.756935, 10.398822 ], [ -70.756577, 10.398203 ], [ -70.756309, 10.397613 ], [ -70.756165, 10.397021 ], [ -70.756104, 10.396235 ], [ -70.756210, 10.395477 ], [ -70.756363, 10.394833 ], [ -70.756470, 10.394208 ], [ -70.756790, 10.392690 ], [ -70.756897, 10.392021 ], [ -70.756973, 10.390716 ], [ -70.756912, 10.390002 ], [ -70.756844, 10.388420 ], [ -70.756836, 10.387724 ], [ -70.756798, 10.386922 ], [ -70.756546, 10.385640 ], [ -70.756371, 10.384999 ], [ -70.756271, 10.384218 ], [ -70.756256, 10.383415 ], [ -70.756294, 10.382702 ], [ -70.756302, 10.381944 ], [ -70.756332, 10.381024 ], [ -70.756393, 10.380223 ], [ -70.756546, 10.379554 ], [ -70.756790, 10.378856 ], [ -70.757034, 10.378212 ], [ -70.757256, 10.377470 ], [ -70.757835, 10.376020 ], [ -70.758202, 10.375504 ], [ -70.758636, 10.374926 ], [ -70.759041, 10.374461 ], [ -70.759453, 10.373949 ], [ -70.759956, 10.373369 ], [ -70.760391, 10.372698 ], [ -70.760841, 10.372135 ], [ -70.761253, 10.371672 ], [ -70.761688, 10.371045 ], [ -70.762070, 10.370447 ], [ -70.762550, 10.369748 ], [ -70.763344, 10.368469 ], [ -70.764069, 10.367245 ], [ -70.764427, 10.366710 ], [ -70.764816, 10.366038 ], [ -70.765129, 10.365395 ], [ -70.765419, 10.364607 ], [ -70.765617, 10.364009 ], [ -70.765610, 10.363295 ], [ -70.765480, 10.362654 ], [ -70.765053, 10.362131 ], [ -70.764702, 10.361564 ], [ -70.764221, 10.360897 ], [ -70.763786, 10.360437 ], [ -70.763237, 10.359999 ], [ -70.762695, 10.359686 ], [ -70.761658, 10.358733 ], [ -70.761208, 10.358166 ], [ -70.760826, 10.357526 ], [ -70.760498, 10.356914 ], [ -70.759918, 10.355705 ], [ -70.759636, 10.355155 ], [ -70.759346, 10.354560 ], [ -70.758667, 10.352711 ], [ -70.758461, 10.351356 ], [ -70.758469, 10.350641 ], [ -70.758759, 10.349763 ], [ -70.759003, 10.349074 ], [ -70.759201, 10.348404 ], [ -70.759308, 10.347807 ], [ -70.759369, 10.346932 ], [ -70.759521, 10.346262 ], [ -70.759437, 10.345620 ], [ -70.759270, 10.344959 ], [ -70.759071, 10.344382 ], [ -70.758949, 10.343678 ], [ -70.758980, 10.342986 ], [ -70.759133, 10.342339 ], [ -70.759216, 10.341697 ], [ -70.759415, 10.341026 ], [ -70.759659, 10.340383 ], [ -70.759911, 10.339685 ], [ -70.760147, 10.338907 ], [ -70.760345, 10.338146 ], [ -70.760620, 10.337566 ], [ -70.760818, 10.336823 ], [ -70.760948, 10.336226 ], [ -70.760727, 10.335586 ], [ -70.760368, 10.335018 ], [ -70.760017, 10.334496 ], [ -70.759499, 10.334110 ], [ -70.758934, 10.333773 ], [ -70.758522, 10.333455 ], [ -70.757958, 10.332501 ], [ -70.757767, 10.332348 ], [ -70.757385, 10.331988 ], [ -70.756821, 10.331494 ], [ -70.756294, 10.331054 ], [ -70.755203, 10.330246 ], [ -70.754707, 10.329896 ], [ -70.754143, 10.329565 ], [ -70.753532, 10.329233 ], [ -70.752968, 10.328965 ], [ -70.752457, 10.328842 ], [ -70.751778, 10.328746 ], [ -70.750359, 10.328573 ], [ -70.749657, 10.328432 ], [ -70.749077, 10.328354 ], [ -70.748421, 10.328249 ], [ -70.747604, 10.328091 ], [ -70.746979, 10.327940 ], [ -70.746223, 10.327727 ], [ -70.744423, 10.327086 ], [ -70.742805, 10.326435 ], [ -70.742119, 10.326077 ], [ -70.741508, 10.325791 ], [ -70.740311, 10.325201 ], [ -70.739555, 10.324807 ], [ -70.738426, 10.324126 ], [ -70.737930, 10.323786 ], [ -70.737480, 10.323453 ], [ -70.736961, 10.322959 ], [ -70.736458, 10.322374 ], [ -70.735665, 10.321411 ], [ -70.735306, 10.320951 ], [ -70.734497, 10.320079 ], [ -70.733582, 10.318954 ], [ -70.733246, 10.318503 ], [ -70.732597, 10.317595 ], [ -70.732193, 10.317081 ], [ -70.731903, 10.316622 ], [ -70.731537, 10.315990 ], [ -70.730949, 10.314719 ], [ -70.730675, 10.314106 ], [ -70.730408, 10.313628 ], [ -70.730141, 10.313124 ], [ -70.729782, 10.312655 ], [ -70.728897, 10.311566 ], [ -70.728485, 10.311143 ], [ -70.728012, 10.310694 ], [ -70.727020, 10.310048 ], [ -70.726478, 10.309762 ], [ -70.725220, 10.309380 ], [ -70.724495, 10.309266 ], [ -70.723862, 10.309115 ], [ -70.723160, 10.308903 ], [ -70.721550, 10.308459 ], [ -70.720940, 10.308336 ], [ -70.720222, 10.308240 ], [ -70.719566, 10.308181 ], [ -70.718804, 10.308130 ], [ -70.717545, 10.307983 ], [ -70.716911, 10.307950 ], [ -70.716309, 10.307890 ], [ -70.715523, 10.307913 ], [ -70.714897, 10.307970 ], [ -70.714340, 10.308009 ], [ -70.713623, 10.308022 ], [ -70.712944, 10.308017 ], [ -70.711693, 10.307915 ], [ -70.711105, 10.307837 ], [ -70.710571, 10.307731 ], [ -70.709946, 10.307652 ], [ -70.709335, 10.307647 ], [ -70.708527, 10.307660 ], [ -70.707901, 10.307745 ], [ -70.707230, 10.307857 ], [ -70.706558, 10.307942 ], [ -70.705818, 10.308054 ], [ -70.705193, 10.308112 ], [ -70.704636, 10.308151 ], [ -70.704079, 10.308136 ], [ -70.702736, 10.308125 ], [ -70.700897, 10.308170 ], [ -70.699600, 10.308105 ], [ -70.698975, 10.308118 ], [ -70.698342, 10.308066 ], [ -70.697762, 10.308079 ], [ -70.697113, 10.308055 ], [ -70.696488, 10.307995 ], [ -70.695183, 10.307839 ], [ -70.693779, 10.307620 ], [ -70.693085, 10.307525 ], [ -70.692360, 10.307357 ], [ -70.691818, 10.307215 ], [ -70.691330, 10.306992 ], [ -70.690811, 10.306705 ], [ -70.690338, 10.306373 ], [ -70.689911, 10.305923 ], [ -70.689499, 10.305446 ], [ -70.688934, 10.304590 ], [ -70.688728, 10.304230 ], [ -70.688576, 10.303898 ], [ -70.688255, 10.302976 ], [ -70.688080, 10.302406 ], [ -70.687973, 10.301874 ], [ -70.687912, 10.301332 ], [ -70.687897, 10.300798 ], [ -70.687904, 10.300157 ], [ -70.687935, 10.299560 ], [ -70.687950, 10.298963 ], [ -70.687981, 10.298429 ], [ -70.688133, 10.297254 ], [ -70.688248, 10.296060 ], [ -70.688278, 10.295507 ], [ -70.688354, 10.294929 ], [ -70.688408, 10.294350 ], [ -70.688637, 10.293200 ], [ -70.688827, 10.292552 ], [ -70.688980, 10.291996 ], [ -70.689148, 10.291326 ], [ -70.689324, 10.290765 ], [ -70.689537, 10.290023 ], [ -70.689705, 10.289497 ], [ -70.689949, 10.288845 ], [ -70.690163, 10.288193 ], [ -70.690376, 10.287613 ], [ -70.691078, 10.285856 ], [ -70.691490, 10.284741 ], [ -70.692017, 10.283419 ], [ -70.692490, 10.282142 ], [ -70.692711, 10.281489 ], [ -70.692909, 10.281010 ], [ -70.693100, 10.280313 ], [ -70.693291, 10.279660 ], [ -70.693520, 10.278529 ], [ -70.693573, 10.277960 ], [ -70.693626, 10.277200 ], [ -70.693581, 10.276485 ], [ -70.693565, 10.275862 ], [ -70.693504, 10.275338 ], [ -70.693398, 10.274742 ], [ -70.693161, 10.273577 ], [ -70.692886, 10.271743 ], [ -70.692780, 10.271147 ], [ -70.692688, 10.270488 ], [ -70.692474, 10.269367 ], [ -70.692444, 10.268057 ], [ -70.692452, 10.267460 ], [ -70.692482, 10.266899 ], [ -70.692497, 10.266375 ], [ -70.692436, 10.264051 ], [ -70.692467, 10.263500 ], [ -70.692528, 10.262948 ], [ -70.692627, 10.262279 ], [ -70.692696, 10.261564 ], [ -70.692955, 10.259701 ], [ -70.693100, 10.258986 ], [ -70.693443, 10.257799 ], [ -70.693611, 10.257156 ], [ -70.694237, 10.255282 ], [ -70.694450, 10.254721 ], [ -70.694672, 10.254186 ], [ -70.694961, 10.253633 ], [ -70.695267, 10.252954 ], [ -70.695602, 10.252282 ], [ -70.695862, 10.251676 ], [ -70.696175, 10.251122 ], [ -70.696732, 10.250026 ], [ -70.696999, 10.249563 ], [ -70.697289, 10.249119 ], [ -70.697815, 10.248095 ], [ -70.698326, 10.246980 ], [ -70.699570, 10.243962 ], [ -70.700249, 10.242224 ], [ -70.700729, 10.241099 ], [ -70.701035, 10.240475 ], [ -70.701370, 10.239867 ], [ -70.701950, 10.238870 ], [ -70.702240, 10.238289 ], [ -70.702408, 10.237755 ], [ -70.702576, 10.237040 ], [ -70.702843, 10.235628 ], [ -70.702995, 10.235121 ], [ -70.703354, 10.233827 ], [ -70.703590, 10.233084 ], [ -70.703758, 10.232432 ], [ -70.704369, 10.230557 ], [ -70.704582, 10.229960 ], [ -70.705032, 10.228501 ], [ -70.705162, 10.227985 ], [ -70.705307, 10.227461 ], [ -70.705391, 10.226927 ], [ -70.705421, 10.226376 ], [ -70.705360, 10.225752 ], [ -70.705277, 10.225227 ], [ -70.705193, 10.224568 ], [ -70.705200, 10.224017 ], [ -70.705231, 10.223438 ], [ -70.705238, 10.222796 ], [ -70.705299, 10.221548 ], [ -70.705162, 10.220726 ], [ -70.704910, 10.219905 ], [ -70.704910, 10.219082 ], [ -70.704544, 10.218143 ], [ -70.704369, 10.217621 ], [ -70.704117, 10.216980 ], [ -70.703804, 10.216412 ], [ -70.703346, 10.215854 ], [ -70.702988, 10.215448 ], [ -70.702652, 10.215044 ], [ -70.702225, 10.214549 ], [ -70.701195, 10.213189 ], [ -70.700920, 10.212621 ], [ -70.700264, 10.211395 ], [ -70.700066, 10.210781 ], [ -70.700027, 10.210185 ], [ -70.700058, 10.209497 ], [ -70.700539, 10.208356 ], [ -70.700844, 10.207775 ], [ -70.701210, 10.207286 ], [ -70.701675, 10.206696 ], [ -70.702065, 10.206296 ], [ -70.702492, 10.205923 ], [ -70.703430, 10.205140 ], [ -70.703972, 10.204667 ], [ -70.704864, 10.203976 ], [ -70.706390, 10.202973 ], [ -70.706894, 10.202618 ], [ -70.707344, 10.202245 ], [ -70.708321, 10.201372 ], [ -70.708801, 10.201016 ], [ -70.709396, 10.200607 ], [ -70.709946, 10.200342 ], [ -70.710449, 10.200122 ], [ -70.710983, 10.199975 ], [ -70.712113, 10.199761 ], [ -70.712738, 10.199613 ], [ -70.713287, 10.199438 ], [ -70.714439, 10.199107 ], [ -70.715088, 10.198976 ], [ -70.715805, 10.198847 ], [ -70.716377, 10.198717 ], [ -70.716911, 10.198615 ], [ -70.717438, 10.198441 ], [ -70.718155, 10.198174 ], [ -70.718750, 10.197900 ], [ -70.719254, 10.197635 ], [ -70.719780, 10.197307 ], [ -70.720215, 10.196970 ], [ -70.721001, 10.196062 ], [ -70.721313, 10.195617 ], [ -70.721718, 10.194983 ], [ -70.722412, 10.193957 ], [ -70.722702, 10.193513 ], [ -70.723419, 10.192460 ], [ -70.724205, 10.191407 ], [ -70.724587, 10.190917 ], [ -70.725395, 10.189792 ], [ -70.725685, 10.189347 ], [ -70.725952, 10.188885 ], [ -70.726486, 10.187879 ], [ -70.726814, 10.187280 ], [ -70.727081, 10.186700 ], [ -70.727325, 10.186138 ], [ -70.727562, 10.185486 ], [ -70.727730, 10.184960 ], [ -70.727936, 10.183847 ], [ -70.728081, 10.183223 ], [ -70.728424, 10.181973 ], [ -70.728615, 10.181376 ], [ -70.728813, 10.180841 ], [ -70.729034, 10.180280 ], [ -70.729294, 10.179682 ], [ -70.729538, 10.179165 ], [ -70.729843, 10.178450 ], [ -70.730156, 10.177779 ], [ -70.730347, 10.177290 ], [ -70.730568, 10.176620 ], [ -70.730759, 10.176085 ], [ -70.730927, 10.175415 ], [ -70.731163, 10.174555 ], [ -70.731285, 10.174021 ], [ -70.731460, 10.173396 ], [ -70.731636, 10.172157 ], [ -70.731644, 10.171605 ], [ -70.731705, 10.170249 ], [ -70.731712, 10.169580 ], [ -70.731743, 10.169028 ], [ -70.731751, 10.168477 ], [ -70.731911, 10.167391 ], [ -70.732178, 10.165979 ], [ -70.732231, 10.165409 ], [ -70.732193, 10.164858 ], [ -70.732132, 10.164262 ], [ -70.732025, 10.163666 ], [ -70.731850, 10.163052 ], [ -70.731651, 10.162475 ], [ -70.731422, 10.161743 ], [ -70.731308, 10.161084 ], [ -70.731293, 10.160397 ], [ -70.731445, 10.159862 ], [ -70.731712, 10.159347 ], [ -70.732071, 10.158838 ], [ -70.733597, 10.156823 ], [ -70.733978, 10.156378 ], [ -70.734451, 10.155906 ], [ -70.735001, 10.155387 ], [ -70.735496, 10.154942 ], [ -70.735863, 10.154560 ], [ -70.736267, 10.154187 ], [ -70.736648, 10.153806 ], [ -70.737106, 10.153387 ], [ -70.737579, 10.152887 ], [ -70.738442, 10.152042 ], [ -70.738960, 10.151551 ], [ -70.739899, 10.150768 ], [ -70.740486, 10.150295 ], [ -70.740990, 10.149941 ], [ -70.741676, 10.149485 ], [ -70.742264, 10.149101 ], [ -70.742836, 10.148747 ], [ -70.743477, 10.148291 ], [ -70.744545, 10.147462 ], [ -70.745094, 10.147125 ], [ -70.746193, 10.146369 ], [ -70.746735, 10.146031 ], [ -70.747192, 10.145677 ], [ -70.747650, 10.145367 ], [ -70.748222, 10.144957 ], [ -70.749359, 10.144245 ], [ -70.749931, 10.143953 ], [ -70.750595, 10.143552 ], [ -70.751145, 10.143188 ], [ -70.751961, 10.142297 ], [ -70.752411, 10.141870 ], [ -70.752823, 10.141515 ], [ -70.753754, 10.140877 ], [ -70.754395, 10.140467 ], [ -70.754898, 10.140157 ], [ -70.755470, 10.139756 ], [ -70.756088, 10.139373 ], [ -70.756683, 10.139080 ], [ -70.757896, 10.138568 ], [ -70.758705, 10.138274 ], [ -70.760895, 10.137810 ], [ -70.761497, 10.137798 ], [ -70.762032, 10.137759 ], [ -70.762566, 10.137775 ], [ -70.763451, 10.137815 ], [ -70.764076, 10.137893 ], [ -70.764610, 10.138017 ], [ -70.765846, 10.138172 ], [ -70.766502, 10.138232 ], [ -70.767197, 10.138255 ], [ -70.767731, 10.138226 ], [ -70.768517, 10.138158 ], [ -70.769051, 10.138101 ], [ -70.770248, 10.137932 ], [ -70.770821, 10.137685 ], [ -70.771423, 10.137401 ], [ -70.772423, 10.136708 ], [ -70.773399, 10.135953 ], [ -70.774330, 10.135026 ], [ -70.775139, 10.134072 ], [ -70.775925, 10.132947 ], [ -70.776238, 10.132529 ], [ -70.776665, 10.132011 ], [ -70.777214, 10.131556 ], [ -70.777763, 10.131184 ], [ -70.778290, 10.130937 ], [ -70.778931, 10.130689 ], [ -70.779411, 10.130469 ], [ -70.779915, 10.130186 ], [ -70.780464, 10.129804 ], [ -70.780968, 10.129375 ], [ -70.781509, 10.128948 ], [ -70.781967, 10.128530 ], [ -70.782372, 10.128175 ], [ -70.783333, 10.127510 ], [ -70.783852, 10.127173 ], [ -70.784836, 10.126571 ], [ -70.785362, 10.126170 ], [ -70.785957, 10.125769 ], [ -70.786530, 10.125449 ], [ -70.788269, 10.124699 ], [ -70.788826, 10.124506 ], [ -70.789398, 10.124231 ], [ -70.790703, 10.123700 ], [ -70.791420, 10.123362 ], [ -70.791924, 10.123142 ], [ -70.792542, 10.122849 ], [ -70.793068, 10.122611 ], [ -70.793732, 10.122336 ], [ -70.794464, 10.121980 ], [ -70.795525, 10.121495 ], [ -70.796097, 10.121202 ], [ -70.796738, 10.120937 ], [ -70.797287, 10.120671 ], [ -70.798477, 10.120024 ], [ -70.801048, 10.118744 ], [ -70.801644, 10.118451 ], [ -70.802170, 10.118204 ], [ -70.802696, 10.117939 ], [ -70.803337, 10.117674 ], [ -70.803932, 10.117381 ], [ -70.804603, 10.117088 ], [ -70.805771, 10.116539 ], [ -70.806457, 10.116200 ], [ -70.808128, 10.115423 ], [ -70.809326, 10.114938 ], [ -70.810677, 10.114351 ], [ -70.811234, 10.114132 ], [ -70.811874, 10.113857 ], [ -70.812424, 10.113591 ], [ -70.813042, 10.113353 ], [ -70.813667, 10.113133 ], [ -70.814743, 10.112666 ], [ -70.815887, 10.112153 ], [ -70.817223, 10.111522 ], [ -70.817886, 10.111184 ], [ -70.818481, 10.110901 ], [ -70.819008, 10.110636 ], [ -70.819534, 10.110415 ], [ -70.820221, 10.110095 ], [ -70.820839, 10.109784 ], [ -70.821419, 10.109519 ], [ -70.822563, 10.108943 ], [ -70.823204, 10.108650 ], [ -70.825112, 10.107844 ], [ -70.825592, 10.107597 ], [ -70.826256, 10.107286 ], [ -70.826851, 10.106994 ], [ -70.827400, 10.106756 ], [ -70.828644, 10.106261 ], [ -70.831077, 10.105334 ], [ -70.831925, 10.104995 ], [ -70.832871, 10.104574 ], [ -70.835098, 10.103603 ], [ -70.835579, 10.103366 ], [ -70.836121, 10.103028 ], [ -70.836738, 10.102554 ], [ -70.837143, 10.102173 ], [ -70.837715, 10.101609 ], [ -70.838097, 10.101146 ], [ -70.838447, 10.100511 ], [ -70.838669, 10.100003 ], [ -70.838814, 10.099451 ], [ -70.838943, 10.098917 ], [ -70.839089, 10.098175 ], [ -70.839188, 10.097596 ], [ -70.839241, 10.097072 ], [ -70.839294, 10.096402 ], [ -70.839256, 10.095878 ], [ -70.839195, 10.095227 ], [ -70.839111, 10.094686 ], [ -70.838455, 10.091706 ], [ -70.838379, 10.091182 ], [ -70.838341, 10.090658 ], [ -70.838325, 10.090061 ], [ -70.838280, 10.089231 ], [ -70.838257, 10.088335 ], [ -70.838257, 10.087531 ], [ -70.838356, 10.086862 ], [ -70.838463, 10.086336 ], [ -70.838631, 10.085711 ], [ -70.838776, 10.085087 ], [ -70.838928, 10.084508 ], [ -70.839050, 10.083883 ], [ -70.839203, 10.082617 ], [ -70.839302, 10.082010 ], [ -70.839592, 10.081521 ], [ -70.840042, 10.080967 ], [ -70.840836, 10.080157 ], [ -70.841194, 10.079758 ], [ -70.841690, 10.079249 ], [ -70.842140, 10.078732 ], [ -70.842506, 10.078349 ], [ -70.842956, 10.077904 ], [ -70.843391, 10.077576 ], [ -70.843887, 10.077167 ], [ -70.844414, 10.076793 ], [ -70.844986, 10.076365 ], [ -70.845985, 10.075537 ], [ -70.846504, 10.075154 ], [ -70.846962, 10.074889 ], [ -70.847443, 10.074624 ], [ -70.848038, 10.074314 ], [ -70.848518, 10.074094 ], [ -70.849075, 10.073893 ], [ -70.849701, 10.073879 ], [ -70.850395, 10.073976 ], [ -70.850937, 10.074153 ], [ -70.851570, 10.074339 ], [ -70.852265, 10.074489 ], [ -70.852898, 10.074540 ], [ -70.853569, 10.074500 ], [ -70.854172, 10.074488 ], [ -70.854744, 10.074448 ], [ -70.855393, 10.074318 ], [ -70.856064, 10.074115 ], [ -70.857376, 10.073792 ], [ -70.857879, 10.073571 ], [ -70.858292, 10.073235 ], [ -70.858673, 10.072790 ], [ -70.859009, 10.072327 ], [ -70.859436, 10.071855 ], [ -70.860466, 10.071143 ], [ -70.860985, 10.070806 ], [ -70.861465, 10.070451 ], [ -70.862328, 10.069506 ], [ -70.862679, 10.068971 ], [ -70.862968, 10.068462 ], [ -70.863350, 10.067900 ], [ -70.863754, 10.067383 ], [ -70.864563, 10.066446 ], [ -70.865067, 10.065947 ], [ -70.865494, 10.065501 ], [ -70.866058, 10.065010 ], [ -70.866631, 10.064483 ], [ -70.867058, 10.063973 ], [ -70.867394, 10.063501 ], [ -70.867798, 10.063174 ], [ -70.868301, 10.062746 ], [ -70.868683, 10.062391 ], [ -70.869263, 10.062262 ], [ -70.869850, 10.062457 ], [ -70.870384, 10.062672 ], [ -70.871536, 10.063081 ], [ -70.872185, 10.063113 ], [ -70.872734, 10.063028 ], [ -70.873337, 10.062854 ], [ -70.873840, 10.062615 ], [ -70.874321, 10.062368 ], [ -70.874847, 10.062040 ], [ -70.875237, 10.061686 ], [ -70.875618, 10.061258 ], [ -70.876045, 10.060678 ], [ -70.876716, 10.059697 ], [ -70.877091, 10.059180 ], [ -70.877495, 10.058572 ], [ -70.877831, 10.058127 ], [ -70.878197, 10.057746 ], [ -70.878510, 10.057328 ], [ -70.879105, 10.056186 ], [ -70.879341, 10.055443 ], [ -70.879463, 10.054846 ], [ -70.879524, 10.054267 ], [ -70.879456, 10.053625 ], [ -70.879257, 10.052994 ], [ -70.879013, 10.052399 ], [ -70.878738, 10.051875 ], [ -70.878403, 10.051353 ], [ -70.877823, 10.050380 ], [ -70.877525, 10.049839 ], [ -70.877213, 10.049335 ], [ -70.876877, 10.048840 ], [ -70.842606, 10.000098 ], [ -70.786476, 9.919015 ], [ -70.698212, 9.886818 ], [ -70.697136, 9.886973 ], [ -70.697029, 9.886444 ], [ -70.696945, 9.886228 ], [ -70.696610, 9.885750 ], [ -70.696320, 9.885300 ], [ -70.695549, 9.884355 ], [ -70.695244, 9.883949 ], [ -70.694763, 9.883364 ], [ -70.694023, 9.882572 ], [ -70.693596, 9.882076 ], [ -70.693260, 9.881654 ], [ -70.692833, 9.881176 ], [ -70.692398, 9.880663 ], [ -70.691116, 9.879377 ], [ -70.690621, 9.878955 ], [ -70.690148, 9.878577 ], [ -70.689697, 9.878200 ], [ -70.688728, 9.877508 ], [ -70.688255, 9.877194 ], [ -70.687828, 9.876843 ], [ -70.687446, 9.876411 ], [ -70.687065, 9.875935 ], [ -70.686752, 9.875439 ], [ -70.686394, 9.874970 ], [ -70.685654, 9.874062 ], [ -70.685341, 9.873592 ], [ -70.684601, 9.872638 ], [ -70.684242, 9.872233 ], [ -70.683907, 9.871810 ], [ -70.683571, 9.871360 ], [ -70.682487, 9.869756 ], [ -70.682106, 9.869251 ], [ -70.681404, 9.868287 ], [ -70.681091, 9.867873 ], [ -70.680733, 9.867359 ], [ -70.680420, 9.866855 ], [ -70.680130, 9.866359 ], [ -70.679863, 9.865818 ], [ -70.679375, 9.864880 ], [ -70.679176, 9.864384 ], [ -70.678978, 9.863725 ], [ -70.678818, 9.863056 ], [ -70.678734, 9.862460 ], [ -70.678719, 9.861909 ], [ -70.678726, 9.861312 ], [ -70.678719, 9.860743 ], [ -70.678612, 9.860191 ], [ -70.678314, 9.859551 ], [ -70.678002, 9.859010 ], [ -70.677437, 9.857901 ], [ -70.676743, 9.856720 ], [ -70.676475, 9.856242 ], [ -70.676132, 9.855720 ], [ -70.675820, 9.855269 ], [ -70.675461, 9.854801 ], [ -70.674835, 9.853918 ], [ -70.674431, 9.853377 ], [ -70.674072, 9.852855 ], [ -70.673760, 9.852449 ], [ -70.673378, 9.851927 ], [ -70.673058, 9.851449 ], [ -70.672676, 9.850909 ], [ -70.672294, 9.850486 ], [ -70.671890, 9.849991 ], [ -70.671242, 9.849017 ], [ -70.670906, 9.848495 ], [ -70.670563, 9.848000 ], [ -70.670006, 9.847044 ], [ -70.669785, 9.846520 ], [ -70.669632, 9.845969 ], [ -70.669594, 9.845373 ], [ -70.669601, 9.844758 ], [ -70.669739, 9.843510 ], [ -70.669815, 9.842931 ], [ -70.669868, 9.842406 ], [ -70.670052, 9.841249 ], [ -70.670105, 9.840723 ], [ -70.670120, 9.839476 ], [ -70.670036, 9.838834 ], [ -70.669930, 9.838284 ], [ -70.669800, 9.837760 ], [ -70.669579, 9.837101 ], [ -70.669380, 9.836622 ], [ -70.669159, 9.836036 ], [ -70.668884, 9.835413 ], [ -70.668594, 9.834945 ], [ -70.668305, 9.834440 ], [ -70.667748, 9.833358 ], [ -70.667503, 9.832780 ], [ -70.667015, 9.831761 ], [ -70.666794, 9.831238 ], [ -70.666557, 9.830623 ], [ -70.666397, 9.830236 ], [ -70.666222, 9.829640 ], [ -70.666023, 9.829117 ], [ -70.665848, 9.828621 ], [ -70.665421, 9.827529 ], [ -70.665169, 9.826472 ], [ -70.665085, 9.825876 ], [ -70.665047, 9.825307 ], [ -70.665031, 9.824728 ], [ -70.665062, 9.824159 ], [ -70.665207, 9.823272 ], [ -70.665245, 9.823028 ], [ -70.665299, 9.822475 ], [ -70.665504, 9.821543 ], [ -70.665726, 9.820873 ], [ -70.665932, 9.819787 ], [ -70.666100, 9.819144 ], [ -70.666313, 9.818610 ], [ -70.666534, 9.818148 ], [ -70.666802, 9.817658 ], [ -70.667068, 9.817142 ], [ -70.667717, 9.816134 ], [ -70.668007, 9.815655 ], [ -70.668678, 9.814738 ], [ -70.669037, 9.814202 ], [ -70.669395, 9.813731 ], [ -70.670212, 9.812977 ], [ -70.670776, 9.812476 ], [ -70.671234, 9.812103 ], [ -70.671646, 9.811794 ], [ -70.672165, 9.811439 ], [ -70.672737, 9.811102 ], [ -70.673287, 9.810809 ], [ -70.673767, 9.810500 ], [ -70.674248, 9.810217 ], [ -70.675255, 9.809661 ], [ -70.675758, 9.809468 ], [ -70.676353, 9.809294 ], [ -70.676888, 9.809119 ], [ -70.677483, 9.808899 ], [ -70.677963, 9.808680 ], [ -70.678558, 9.808360 ], [ -70.679062, 9.808123 ], [ -70.679680, 9.807876 ], [ -70.680321, 9.807565 ], [ -70.680824, 9.807273 ], [ -70.681305, 9.806900 ], [ -70.681755, 9.806355 ], [ -70.682129, 9.805685 ], [ -70.682442, 9.805096 ], [ -70.682663, 9.804561 ], [ -70.682961, 9.803430 ], [ -70.683174, 9.802877 ], [ -70.683457, 9.802224 ], [ -70.684014, 9.801200 ], [ -70.684753, 9.800057 ], [ -70.685043, 9.799567 ], [ -70.685280, 9.799006 ], [ -70.685501, 9.798409 ], [ -70.685799, 9.797321 ], [ -70.685783, 9.796770 ], [ -70.685745, 9.796219 ], [ -70.685592, 9.795623 ], [ -70.685150, 9.794621 ], [ -70.685066, 9.793981 ], [ -70.684914, 9.793321 ], [ -70.684799, 9.792562 ], [ -70.684723, 9.791442 ], [ -70.684708, 9.790700 ], [ -70.684715, 9.790175 ], [ -70.684700, 9.789642 ], [ -70.684761, 9.789045 ], [ -70.684837, 9.788422 ], [ -70.685089, 9.787335 ], [ -70.685555, 9.785579 ], [ -70.685852, 9.784519 ], [ -70.685974, 9.784003 ], [ -70.686203, 9.782918 ], [ -70.686310, 9.782348 ], [ -70.686340, 9.781796 ], [ -70.686394, 9.781190 ], [ -70.686478, 9.780665 ], [ -70.686531, 9.780159 ], [ -70.686607, 9.779607 ], [ -70.686714, 9.779046 ], [ -70.686897, 9.777942 ], [ -70.687042, 9.777408 ], [ -70.687264, 9.776855 ], [ -70.687431, 9.776339 ], [ -70.687683, 9.775714 ], [ -70.687851, 9.775279 ], [ -70.688065, 9.774627 ], [ -70.688286, 9.774047 ], [ -70.688454, 9.773396 ], [ -70.689079, 9.771476 ], [ -70.689598, 9.770153 ], [ -70.689842, 9.769664 ], [ -70.690155, 9.769084 ], [ -70.690376, 9.768621 ], [ -70.691040, 9.767588 ], [ -70.691422, 9.767052 ], [ -70.691803, 9.766535 ], [ -70.692505, 9.765645 ], [ -70.693268, 9.764892 ], [ -70.693749, 9.764518 ], [ -70.694252, 9.764209 ], [ -70.694893, 9.763799 ], [ -70.695557, 9.763460 ], [ -70.696106, 9.763259 ], [ -70.696701, 9.763084 ], [ -70.697273, 9.762864 ], [ -70.697807, 9.762645 ], [ -70.698357, 9.762380 ], [ -70.698837, 9.762160 ], [ -70.699387, 9.761968 ], [ -70.699913, 9.761766 ], [ -70.701179, 9.761326 ], [ -70.701798, 9.761061 ], [ -70.702759, 9.760550 ], [ -70.703308, 9.760240 ], [ -70.703834, 9.760020 ], [ -70.704544, 9.759754 ], [ -70.705215, 9.759435 ], [ -70.706268, 9.759022 ], [ -70.706863, 9.758802 ], [ -70.707413, 9.758555 ], [ -70.707962, 9.758264 ], [ -70.709038, 9.757761 ], [ -70.709473, 9.757469 ], [ -70.709930, 9.757232 ], [ -70.711479, 9.756229 ], [ -70.712319, 9.755493 ], [ -70.712845, 9.755119 ], [ -70.713303, 9.754873 ], [ -70.713875, 9.754681 ], [ -70.714455, 9.754615 ], [ -70.714989, 9.754602 ], [ -70.715706, 9.754635 ], [ -70.716309, 9.754686 ], [ -70.716804, 9.754856 ], [ -70.717361, 9.754989 ], [ -70.717812, 9.755276 ], [ -70.718239, 9.755626 ], [ -70.718704, 9.755985 ], [ -70.719292, 9.756181 ], [ -70.719803, 9.756305 ], [ -70.720367, 9.756546 ], [ -70.720795, 9.756897 ], [ -70.721290, 9.757211 ], [ -70.721779, 9.757381 ], [ -70.722244, 9.757622 ], [ -70.722809, 9.757980 ], [ -70.723610, 9.758329 ], [ -70.724144, 9.758498 ], [ -70.724617, 9.758713 ], [ -70.725487, 9.759359 ], [ -70.725845, 9.759791 ], [ -70.726272, 9.760169 ], [ -70.726791, 9.760456 ], [ -70.727280, 9.760679 ], [ -70.727799, 9.760776 ], [ -70.728332, 9.760990 ], [ -70.728805, 9.761259 ], [ -70.729294, 9.761500 ], [ -70.729744, 9.761833 ], [ -70.730126, 9.762219 ], [ -70.730507, 9.762643 ], [ -70.731178, 9.763498 ], [ -70.731629, 9.763830 ], [ -70.732659, 9.764340 ], [ -70.733223, 9.764573 ], [ -70.733894, 9.764696 ], [ -70.734406, 9.764802 ], [ -70.735222, 9.764870 ], [ -70.735847, 9.764903 ], [ -70.736427, 9.764800 ], [ -70.737091, 9.764481 ], [ -70.737549, 9.764243 ], [ -70.738098, 9.763978 ], [ -70.739220, 9.763376 ], [ -70.739807, 9.762993 ], [ -70.741188, 9.761602 ], [ -70.741570, 9.761185 ], [ -70.741974, 9.760640 ], [ -70.742287, 9.760196 ], [ -70.742600, 9.759733 ], [ -70.742798, 9.759172 ], [ -70.742943, 9.758593 ], [ -70.742996, 9.758022 ], [ -70.743065, 9.756965 ], [ -70.743217, 9.755652 ], [ -70.743339, 9.754910 ], [ -70.743439, 9.754241 ], [ -70.743492, 9.753708 ], [ -70.743698, 9.752468 ], [ -70.743774, 9.751817 ], [ -70.743897, 9.751174 ], [ -70.744049, 9.749971 ], [ -70.744163, 9.748895 ], [ -70.744507, 9.747618 ], [ -70.744667, 9.745728 ], [ -70.744690, 9.744028 ], [ -70.744720, 9.743296 ], [ -70.744827, 9.742075 ], [ -70.744934, 9.741495 ], [ -70.745133, 9.740138 ], [ -70.745186, 9.739514 ], [ -70.745216, 9.738962 ], [ -70.745293, 9.738266 ], [ -70.745323, 9.737552 ], [ -70.745392, 9.736864 ], [ -70.745651, 9.735064 ], [ -70.745735, 9.734557 ], [ -70.745788, 9.734005 ], [ -70.745949, 9.732947 ], [ -70.746117, 9.732412 ], [ -70.746407, 9.731851 ], [ -70.746628, 9.731343 ], [ -70.747177, 9.730184 ], [ -70.747482, 9.729576 ], [ -70.747749, 9.729104 ], [ -70.748085, 9.728615 ], [ -70.748490, 9.728079 ], [ -70.748871, 9.727607 ], [ -70.749237, 9.727189 ], [ -70.749573, 9.726745 ], [ -70.749908, 9.726345 ], [ -70.750290, 9.725964 ], [ -70.750702, 9.725636 ], [ -70.751129, 9.725254 ], [ -70.751633, 9.724854 ], [ -70.752251, 9.724425 ], [ -70.752747, 9.724143 ], [ -70.753204, 9.723833 ], [ -70.753662, 9.723586 ], [ -70.754478, 9.722949 ], [ -70.754791, 9.722505 ], [ -70.755012, 9.722015 ], [ -70.755165, 9.721463 ], [ -70.755150, 9.720930 ], [ -70.755020, 9.720379 ], [ -70.754982, 9.719737 ], [ -70.755188, 9.718634 ], [ -70.755356, 9.718009 ], [ -70.755501, 9.717384 ], [ -70.755699, 9.716877 ], [ -70.756111, 9.715763 ], [ -70.756355, 9.715201 ], [ -70.756905, 9.714204 ], [ -70.757668, 9.713106 ], [ -70.758026, 9.712616 ], [ -70.758316, 9.712144 ], [ -70.758606, 9.711699 ], [ -70.759285, 9.710214 ], [ -70.759552, 9.709706 ], [ -70.759819, 9.709117 ], [ -70.760834, 9.706201 ], [ -70.760956, 9.705504 ], [ -70.761055, 9.704997 ], [ -70.761116, 9.704491 ], [ -70.761124, 9.703939 ], [ -70.761063, 9.703342 ], [ -70.760933, 9.702702 ], [ -70.760758, 9.702178 ], [ -70.760513, 9.701637 ], [ -70.760216, 9.701132 ], [ -70.759865, 9.700727 ], [ -70.759453, 9.700304 ], [ -70.758537, 9.699613 ], [ -70.757637, 9.698994 ], [ -70.757233, 9.698562 ], [ -70.756851, 9.698049 ], [ -70.756676, 9.697471 ], [ -70.756752, 9.696946 ], [ -70.756950, 9.696457 ], [ -70.757286, 9.696057 ], [ -70.757767, 9.695793 ], [ -70.758247, 9.695348 ], [ -70.759148, 9.694403 ], [ -70.760101, 9.693557 ], [ -70.761032, 9.692684 ], [ -70.761414, 9.692285 ], [ -70.761887, 9.691902 ], [ -70.762367, 9.691638 ], [ -70.762917, 9.691391 ], [ -70.763473, 9.691198 ], [ -70.764023, 9.690951 ], [ -70.764999, 9.690313 ], [ -70.765869, 9.689694 ], [ -70.766464, 9.689375 ], [ -70.767082, 9.689136 ], [ -70.767609, 9.688962 ], [ -70.768112, 9.688814 ], [ -70.768669, 9.688775 ], [ -70.769318, 9.688691 ], [ -70.769852, 9.688606 ], [ -70.770515, 9.688314 ], [ -70.771065, 9.688049 ], [ -70.771568, 9.687829 ], [ -70.772095, 9.687636 ], [ -70.772697, 9.687525 ], [ -70.773209, 9.687604 ], [ -70.773880, 9.687546 ], [ -70.774414, 9.687625 ], [ -70.774864, 9.687984 ], [ -70.775215, 9.688389 ], [ -70.775414, 9.688886 ], [ -70.775520, 9.689436 ], [ -70.775673, 9.689941 ], [ -70.775917, 9.690510 ], [ -70.776161, 9.690979 ], [ -70.777405, 9.691388 ], [ -70.777985, 9.691602 ], [ -70.778503, 9.691844 ], [ -70.779114, 9.692157 ], [ -70.779632, 9.692462 ], [ -70.780212, 9.692657 ], [ -70.780747, 9.692781 ], [ -70.781288, 9.692923 ], [ -70.781799, 9.692984 ], [ -70.782402, 9.693134 ], [ -70.782982, 9.693186 ], [ -70.783516, 9.693192 ], [ -70.784294, 9.693237 ], [ -70.784310, 9.693238 ], [ -70.784828, 9.691946 ], [ -70.785072, 9.691430 ], [ -70.785698, 9.690432 ], [ -70.786652, 9.688772 ], [ -70.787102, 9.688102 ], [ -70.787742, 9.687095 ], [ -70.788299, 9.685998 ], [ -70.788872, 9.684910 ], [ -70.789185, 9.684420 ], [ -70.789848, 9.683250 ], [ -70.790275, 9.682570 ], [ -70.791138, 9.680875 ], [ -70.791443, 9.680313 ], [ -70.791840, 9.679524 ], [ -70.792175, 9.678944 ], [ -70.792442, 9.678410 ], [ -70.793060, 9.677294 ], [ -70.793350, 9.676849 ], [ -70.793617, 9.676378 ], [ -70.794151, 9.675354 ], [ -70.794411, 9.674801 ], [ -70.795036, 9.673632 ], [ -70.795364, 9.673078 ], [ -70.795723, 9.672443 ], [ -70.796120, 9.671790 ], [ -70.796501, 9.671138 ], [ -70.796837, 9.670603 ], [ -70.797119, 9.670086 ], [ -70.798058, 9.668526 ], [ -70.798363, 9.667964 ], [ -70.798790, 9.667464 ], [ -70.799088, 9.667065 ], [ -70.799522, 9.666774 ], [ -70.841538, 9.590025 ], [ -70.842140, 9.590230 ], [ -70.843506, 9.590214 ], [ -70.844177, 9.590301 ], [ -70.844810, 9.590478 ], [ -70.845505, 9.590628 ], [ -70.846176, 9.590805 ], [ -70.846855, 9.591045 ], [ -70.847458, 9.591341 ], [ -70.848015, 9.591637 ], [ -70.848671, 9.591859 ], [ -70.849319, 9.592054 ], [ -70.850151, 9.592185 ], [ -70.850830, 9.592318 ], [ -70.851479, 9.592603 ], [ -70.852013, 9.592916 ], [ -70.852509, 9.593285 ], [ -70.852997, 9.593625 ], [ -70.854164, 9.594324 ], [ -70.854744, 9.594521 ], [ -70.856132, 9.594711 ], [ -70.857323, 9.595139 ], [ -70.858017, 9.595217 ], [ -70.858643, 9.595168 ], [ -70.859192, 9.594885 ], [ -70.859718, 9.594466 ], [ -70.860176, 9.594049 ], [ -70.860588, 9.593630 ], [ -70.861023, 9.593094 ], [ -70.861481, 9.592721 ], [ -70.862175, 9.592464 ], [ -70.862938, 9.592524 ], [ -70.863587, 9.592628 ], [ -70.864334, 9.592778 ], [ -70.865120, 9.592864 ], [ -70.865745, 9.592807 ], [ -70.866554, 9.592594 ], [ -70.867332, 9.592355 ], [ -70.867912, 9.592235 ], [ -70.868629, 9.592176 ], [ -70.869324, 9.592217 ], [ -70.869927, 9.592215 ], [ -70.870598, 9.592138 ], [ -70.871292, 9.592035 ], [ -70.871986, 9.592122 ], [ -70.872727, 9.592199 ], [ -70.873329, 9.592196 ], [ -70.874138, 9.592093 ], [ -70.874977, 9.592133 ], [ -70.875580, 9.592238 ], [ -70.876297, 9.592388 ], [ -70.877037, 9.592475 ], [ -70.877777, 9.592534 ], [ -70.878448, 9.592548 ], [ -70.879936, 9.592486 ], [ -70.880791, 9.592391 ], [ -70.881714, 9.592332 ], [ -70.882317, 9.592346 ], [ -70.883125, 9.592405 ], [ -70.883797, 9.592510 ], [ -70.884399, 9.592579 ], [ -70.885124, 9.592611 ], [ -70.885796, 9.592671 ], [ -70.886421, 9.592668 ], [ -70.887047, 9.592710 ], [ -70.887650, 9.592788 ], [ -70.888367, 9.592946 ], [ -70.889183, 9.593141 ], [ -70.889946, 9.593335 ], [ -70.890503, 9.593540 ], [ -70.891968, 9.593939 ], [ -70.892830, 9.594133 ], [ -70.893661, 9.594282 ], [ -70.894607, 9.594372 ], [ -70.895264, 9.594265 ], [ -70.895950, 9.593890 ], [ -70.896523, 9.593472 ], [ -70.896980, 9.593053 ], [ -70.897629, 9.592742 ], [ -70.898338, 9.592485 ], [ -70.898987, 9.592292 ], [ -70.899605, 9.591900 ], [ -70.900086, 9.591364 ], [ -70.900566, 9.590873 ], [ -70.901161, 9.590526 ], [ -70.901993, 9.590260 ], [ -70.902733, 9.589948 ], [ -70.903137, 9.589466 ], [ -70.903297, 9.588887 ], [ -70.903145, 9.588246 ], [ -70.902886, 9.587488 ], [ -70.902641, 9.586667 ], [ -70.902328, 9.585448 ], [ -70.902321, 9.584833 ], [ -70.902428, 9.584137 ], [ -70.902649, 9.583521 ], [ -70.903107, 9.583148 ], [ -70.903458, 9.583107 ], [ -70.903755, 9.583072 ], [ -70.904404, 9.583177 ], [ -70.905098, 9.583444 ], [ -70.905708, 9.583802 ], [ -70.906128, 9.584216 ], [ -70.906464, 9.584856 ], [ -70.906586, 9.585543 ], [ -70.906502, 9.586140 ], [ -70.906326, 9.586854 ], [ -70.906128, 9.587543 ], [ -70.905594, 9.589525 ], [ -70.905464, 9.590222 ], [ -70.905380, 9.591000 ], [ -70.905365, 9.591955 ], [ -70.905403, 9.592383 ], [ -70.905571, 9.593142 ], [ -70.905907, 9.593709 ], [ -70.906418, 9.594348 ], [ -70.907005, 9.594869 ], [ -70.907570, 9.595227 ], [ -70.908173, 9.595658 ], [ -70.908646, 9.596045 ], [ -70.909180, 9.596547 ], [ -70.909622, 9.596933 ], [ -70.909843, 9.597475 ], [ -70.909805, 9.598099 ], [ -70.909630, 9.598769 ], [ -70.909401, 9.599349 ], [ -70.909134, 9.599992 ], [ -70.908890, 9.600680 ], [ -70.908920, 9.601439 ], [ -70.909203, 9.602079 ], [ -70.909699, 9.602611 ], [ -70.910301, 9.602598 ], [ -70.910904, 9.602658 ], [ -70.911507, 9.602654 ], [ -70.912224, 9.602596 ], [ -70.912842, 9.602340 ], [ -70.913300, 9.601894 ], [ -70.913666, 9.601386 ], [ -70.914101, 9.600950 ], [ -70.914482, 9.600743 ], [ -70.914856, 9.600475 ], [ -70.915222, 9.600148 ], [ -70.915680, 9.599685 ], [ -70.916161, 9.599149 ], [ -70.916550, 9.598667 ], [ -70.916885, 9.598042 ], [ -70.917137, 9.597399 ], [ -70.917358, 9.596746 ], [ -70.917602, 9.596104 ], [ -70.917984, 9.595197 ], [ -70.918259, 9.594599 ], [ -70.918572, 9.594064 ], [ -70.918938, 9.593583 ], [ -70.919487, 9.593092 ], [ -70.920082, 9.592745 ], [ -70.920593, 9.592507 ], [ -70.921600, 9.592076 ], [ -70.922340, 9.591982 ], [ -70.923134, 9.592059 ], [ -70.923759, 9.592354 ], [ -70.924255, 9.592740 ], [ -70.924629, 9.593379 ], [ -70.924751, 9.593993 ], [ -70.924858, 9.594662 ], [ -70.925026, 9.595375 ], [ -70.925293, 9.596178 ], [ -70.925690, 9.596836 ], [ -70.926117, 9.597503 ], [ -70.926567, 9.597879 ], [ -70.927147, 9.598337 ], [ -70.927727, 9.598470 ], [ -70.928543, 9.598501 ], [ -70.929375, 9.598379 ], [ -70.930107, 9.598167 ], [ -70.930756, 9.597946 ], [ -70.932137, 9.597569 ], [ -70.932739, 9.597421 ], [ -70.933479, 9.597317 ], [ -70.934151, 9.597196 ], [ -70.934593, 9.597144 ], [ -70.935440, 9.597071 ], [ -70.936417, 9.596875 ], [ -70.936966, 9.596610 ], [ -70.937447, 9.596264 ], [ -70.937973, 9.595728 ], [ -70.938431, 9.595336 ], [ -70.938934, 9.594846 ], [ -70.939392, 9.594472 ], [ -70.939987, 9.594053 ], [ -70.940613, 9.593769 ], [ -70.941254, 9.593603 ], [ -70.941879, 9.593591 ], [ -70.942940, 9.593883 ], [ -70.943436, 9.594111 ], [ -70.944305, 9.594599 ], [ -70.944885, 9.594893 ], [ -70.945419, 9.595135 ], [ -70.946022, 9.595294 ], [ -70.946625, 9.595354 ], [ -70.947250, 9.595350 ], [ -70.947975, 9.595427 ], [ -70.948853, 9.595486 ], [ -70.949730, 9.595436 ], [ -70.951378, 9.595463 ], [ -70.952141, 9.595449 ], [ -70.952766, 9.595654 ], [ -70.953422, 9.595940 ], [ -70.954094, 9.596144 ], [ -70.955505, 9.596307 ], [ -70.956276, 9.596438 ], [ -70.957718, 9.596746 ], [ -70.958153, 9.596852 ], [ -70.958778, 9.596939 ], [ -70.959473, 9.597016 ], [ -70.960937, 9.597144 ], [ -70.961517, 9.597295 ], [ -70.962234, 9.597544 ], [ -70.963005, 9.597783 ], [ -70.964234, 9.598047 ], [ -70.964844, 9.598270 ], [ -70.965492, 9.598537 ], [ -70.966072, 9.598805 ], [ -70.966797, 9.599046 ], [ -70.967491, 9.599222 ], [ -70.968185, 9.599380 ], [ -70.968910, 9.599458 ], [ -70.969559, 9.599455 ], [ -70.970230, 9.599379 ], [ -70.970718, 9.599340 ], [ -70.971802, 9.599360 ], [ -70.972496, 9.599438 ], [ -70.973282, 9.599551 ], [ -70.974121, 9.599609 ], [ -70.974953, 9.599641 ], [ -70.975647, 9.599609 ], [ -70.977081, 9.599439 ], [ -70.977684, 9.599426 ], [ -70.978470, 9.599512 ], [ -70.979401, 9.599543 ], [ -70.980141, 9.599648 ], [ -70.980858, 9.599923 ], [ -70.981468, 9.600191 ], [ -70.982140, 9.600458 ], [ -70.982811, 9.600680 ], [ -70.983559, 9.600903 ], [ -70.984230, 9.601070 ], [ -70.984932, 9.601229 ], [ -70.985580, 9.601360 ], [ -70.986321, 9.601438 ], [ -70.986946, 9.601524 ], [ -70.987572, 9.601584 ], [ -70.988243, 9.601671 ], [ -70.989029, 9.601639 ], [ -70.989891, 9.601580 ], [ -70.990578, 9.601503 ], [ -70.991249, 9.601292 ], [ -70.991966, 9.601007 ], [ -70.992584, 9.600724 ], [ -70.993210, 9.600531 ], [ -70.994141, 9.600728 ], [ -70.994415, 9.600840 ], [ -70.995064, 9.601044 ], [ -70.996391, 9.601344 ], [ -70.997063, 9.601385 ], [ -70.997597, 9.601744 ], [ -70.998116, 9.602246 ], [ -70.998566, 9.602796 ], [ -70.999481, 9.603884 ], [ -70.999924, 9.604334 ], [ -71.000679, 9.604040 ], [ -71.001137, 9.603666 ], [ -71.001770, 9.603192 ], [ -71.002350, 9.602972 ], [ -71.002922, 9.602852 ], [ -71.003685, 9.602766 ], [ -71.004669, 9.603176 ], [ -71.005020, 9.603336 ], [ -71.006340, 9.603121 ], [ -71.006935, 9.602955 ], [ -71.007606, 9.602735 ], [ -71.008209, 9.602676 ], [ -71.008835, 9.602872 ], [ -71.009796, 9.603324 ], [ -71.010170, 9.603424 ], [ -71.010887, 9.603475 ], [ -71.011680, 9.603668 ], [ -71.012260, 9.603954 ], [ -71.012848, 9.604358 ], [ -71.013435, 9.604716 ], [ -71.014015, 9.604803 ], [ -71.014641, 9.604926 ], [ -71.015365, 9.605093 ], [ -71.016525, 9.605394 ], [ -71.017113, 9.605572 ], [ -71.017738, 9.605695 ], [ -71.018478, 9.605771 ], [ -71.019104, 9.605785 ], [ -71.019730, 9.605746 ], [ -71.020424, 9.605741 ], [ -71.021683, 9.605988 ], [ -71.022263, 9.606029 ], [ -71.023621, 9.605796 ], [ -71.024292, 9.605845 ], [ -71.024994, 9.606131 ], [ -71.025627, 9.606399 ], [ -71.026367, 9.606611 ], [ -71.027252, 9.606832 ], [ -71.027969, 9.606773 ], [ -71.028847, 9.606614 ], [ -71.029655, 9.606528 ], [ -71.030380, 9.606587 ], [ -71.030975, 9.606575 ], [ -71.031624, 9.606472 ], [ -71.032295, 9.606396 ], [ -71.033012, 9.606265 ], [ -71.033661, 9.606252 ], [ -71.034401, 9.606284 ], [ -71.035004, 9.606452 ], [ -71.035500, 9.606837 ], [ -71.036202, 9.607213 ], [ -71.036896, 9.607200 ], [ -71.037567, 9.607123 ], [ -71.038376, 9.606965 ], [ -71.039047, 9.606998 ], [ -71.039650, 9.607058 ], [ -71.040375, 9.607297 ], [ -71.040886, 9.607565 ], [ -71.041405, 9.607897 ], [ -71.042816, 9.609091 ], [ -71.043335, 9.609476 ], [ -71.043892, 9.609735 ], [ -71.044617, 9.609911 ], [ -71.045402, 9.609843 ], [ -71.046257, 9.609857 ], [ -71.046890, 9.610160 ], [ -71.047318, 9.610592 ], [ -71.047760, 9.610977 ], [ -71.048302, 9.611382 ], [ -71.048889, 9.611893 ], [ -71.049431, 9.612251 ], [ -71.050064, 9.612564 ], [ -71.050690, 9.612849 ], [ -71.051414, 9.613017 ], [ -71.052155, 9.612940 ], [ -71.052803, 9.612900 ], [ -71.053337, 9.613150 ], [ -71.053856, 9.613599 ], [ -71.054260, 9.614066 ], [ -71.054733, 9.614705 ], [ -71.055542, 9.615840 ], [ -71.055969, 9.616271 ], [ -71.056435, 9.616648 ], [ -71.056908, 9.616988 ], [ -71.057289, 9.617438 ], [ -71.057670, 9.618006 ], [ -71.058144, 9.618590 ], [ -71.058594, 9.618976 ], [ -71.059036, 9.619335 ], [ -71.059319, 9.619822 ], [ -71.059395, 9.619947 ], [ -71.059433, 9.620616 ], [ -71.059395, 9.621186 ], [ -71.059219, 9.621811 ], [ -71.059120, 9.622570 ], [ -71.059204, 9.623257 ], [ -71.059212, 9.623854 ], [ -71.059158, 9.624523 ], [ -71.059051, 9.625165 ], [ -71.058754, 9.626640 ], [ -71.058571, 9.627816 ], [ -71.058449, 9.628468 ], [ -71.058159, 9.629093 ], [ -71.057503, 9.630092 ], [ -71.057098, 9.630691 ], [ -71.056686, 9.631118 ], [ -71.056167, 9.631582 ], [ -71.054886, 9.632638 ], [ -71.054405, 9.633020 ], [ -71.054001, 9.633512 ], [ -71.053330, 9.634690 ], [ -71.052811, 9.635480 ], [ -71.052338, 9.636133 ], [ -71.051910, 9.636877 ], [ -71.051643, 9.637412 ], [ -71.051308, 9.638056 ], [ -71.051018, 9.638708 ], [ -71.050690, 9.639614 ], [ -71.050537, 9.640166 ], [ -71.050430, 9.640882 ], [ -71.050377, 9.641596 ], [ -71.050346, 9.642282 ], [ -71.050331, 9.642924 ], [ -71.050278, 9.643658 ], [ -71.050102, 9.644282 ], [ -71.049950, 9.644889 ], [ -71.049759, 9.645504 ], [ -71.049675, 9.646083 ], [ -71.049568, 9.646726 ], [ -71.049515, 9.647531 ], [ -71.049507, 9.648272 ], [ -71.049454, 9.649004 ], [ -71.049271, 9.650524 ], [ -71.049187, 9.651121 ], [ -71.049110, 9.651881 ], [ -71.049149, 9.652459 ], [ -71.049164, 9.653607 ], [ -71.049133, 9.654321 ], [ -71.049110, 9.655650 ], [ -71.048813, 9.656918 ], [ -71.048744, 9.658256 ], [ -71.048721, 9.659422 ], [ -71.048714, 9.660254 ], [ -71.048660, 9.661077 ], [ -71.048530, 9.661655 ], [ -71.048332, 9.662280 ], [ -71.048096, 9.662906 ], [ -71.047485, 9.664039 ], [ -71.047081, 9.664738 ], [ -71.046715, 9.665915 ], [ -71.046089, 9.666289 ], [ -71.044197, 9.666752 ], [ -71.043793, 9.667821 ], [ -71.043602, 9.668465 ], [ -71.043411, 9.668999 ], [ -71.043213, 9.669506 ], [ -71.042755, 9.670486 ], [ -71.042419, 9.671002 ], [ -71.041794, 9.671910 ], [ -71.041458, 9.672563 ], [ -71.041481, 9.673132 ], [ -71.041519, 9.673800 ], [ -71.041588, 9.674487 ], [ -71.041717, 9.675020 ], [ -71.041901, 9.675706 ], [ -71.042076, 9.676202 ], [ -71.042320, 9.676661 ], [ -71.042618, 9.677093 ], [ -71.043755, 9.678514 ], [ -71.044159, 9.679064 ], [ -71.044968, 9.680216 ], [ -71.045303, 9.680666 ], [ -71.045593, 9.681098 ], [ -71.045845, 9.681576 ], [ -71.046066, 9.682080 ], [ -71.046425, 9.683227 ], [ -71.046646, 9.683767 ], [ -71.046829, 9.684273 ], [ -71.047256, 9.685373 ], [ -71.047318, 9.685924 ], [ -71.047356, 9.686584 ], [ -71.047333, 9.687207 ], [ -71.047112, 9.689442 ], [ -71.047035, 9.689948 ], [ -71.046936, 9.690509 ], [ -71.046417, 9.692681 ], [ -71.046310, 9.693189 ], [ -71.046158, 9.694337 ], [ -71.046135, 9.694988 ], [ -71.046127, 9.695539 ], [ -71.046097, 9.696064 ], [ -71.046036, 9.696598 ], [ -71.045891, 9.697195 ], [ -71.045723, 9.697775 ], [ -71.045502, 9.698264 ], [ -71.045265, 9.698727 ], [ -71.045044, 9.699288 ], [ -71.044922, 9.699822 ], [ -71.044937, 9.700392 ], [ -71.044907, 9.700925 ], [ -71.044807, 9.701505 ], [ -71.044632, 9.701984 ], [ -71.044220, 9.702981 ], [ -71.043930, 9.703453 ], [ -71.043495, 9.703763 ], [ -71.042946, 9.704001 ], [ -71.041885, 9.704369 ], [ -71.041336, 9.704607 ], [ -71.040825, 9.704872 ], [ -71.040306, 9.705255 ], [ -71.039963, 9.705646 ], [ -71.039581, 9.706137 ], [ -71.039337, 9.706608 ], [ -71.039177, 9.707323 ], [ -71.038910, 9.707830 ], [ -71.038673, 9.708438 ], [ -71.038124, 9.709625 ], [ -71.037788, 9.710043 ], [ -71.037399, 9.710443 ], [ -71.036896, 9.710798 ], [ -71.036491, 9.711126 ], [ -71.036178, 9.711544 ], [ -71.035530, 9.712551 ], [ -71.035217, 9.712996 ], [ -71.034859, 9.713459 ], [ -71.034332, 9.713797 ], [ -71.033821, 9.713963 ], [ -71.033264, 9.713975 ], [ -71.032746, 9.713806 ], [ -71.032341, 9.713402 ], [ -71.031929, 9.712925 ], [ -71.031471, 9.712449 ], [ -71.030960, 9.712343 ], [ -71.030479, 9.712536 ], [ -71.029945, 9.712829 ], [ -71.029442, 9.712931 ], [ -71.028786, 9.712916 ], [ -71.028282, 9.713137 ], [ -71.027634, 9.713177 ], [ -71.027023, 9.713189 ], [ -71.026527, 9.712786 ], [ -71.026092, 9.712282 ], [ -71.025665, 9.711968 ], [ -71.025124, 9.711754 ], [ -71.024261, 9.712555 ], [ -71.023758, 9.712974 ], [ -71.023468, 9.713446 ], [ -71.023300, 9.714025 ], [ -71.023453, 9.714521 ], [ -71.023796, 9.715043 ], [ -71.024178, 9.715502 ], [ -71.024589, 9.715970 ], [ -71.024834, 9.716429 ], [ -71.025040, 9.716934 ], [ -71.025147, 9.717431 ], [ -71.025207, 9.718100 ], [ -71.025223, 9.718633 ], [ -71.025215, 9.719157 ], [ -71.025345, 9.719689 ], [ -71.025826, 9.720898 ], [ -71.026070, 9.721375 ], [ -71.026299, 9.721916 ], [ -71.026474, 9.722422 ], [ -71.026703, 9.722972 ], [ -71.027397, 9.725444 ], [ -71.027527, 9.725967 ], [ -71.028091, 9.727745 ], [ -71.028275, 9.728386 ], [ -71.028450, 9.728918 ], [ -71.028908, 9.730009 ], [ -71.029152, 9.730469 ], [ -71.029419, 9.730919 ], [ -71.029663, 9.731423 ], [ -71.029915, 9.731901 ], [ -71.030136, 9.732379 ], [ -71.030380, 9.732857 ], [ -71.030632, 9.733425 ], [ -71.030808, 9.733930 ], [ -71.030922, 9.734499 ], [ -71.030960, 9.735032 ], [ -71.030975, 9.735628 ], [ -71.030823, 9.736822 ], [ -71.030769, 9.737383 ], [ -71.030945, 9.737906 ], [ -71.031669, 9.739429 ], [ -71.031845, 9.739953 ], [ -71.032044, 9.740439 ], [ -71.032242, 9.740963 ], [ -71.032471, 9.741486 ], [ -71.032715, 9.741982 ], [ -71.033142, 9.742295 ], [ -71.033623, 9.742609 ], [ -71.034096, 9.742850 ], [ -71.034996, 9.743523 ], [ -71.035408, 9.743981 ], [ -71.035812, 9.744404 ], [ -71.036178, 9.744817 ], [ -71.036514, 9.745222 ], [ -71.037354, 9.746166 ], [ -71.038895, 9.747793 ], [ -71.039345, 9.748242 ], [ -71.039757, 9.748673 ], [ -71.040146, 9.749168 ], [ -71.040482, 9.749627 ], [ -71.040916, 9.750077 ], [ -71.041344, 9.750454 ], [ -71.041817, 9.750704 ], [ -71.042313, 9.750945 ], [ -71.042854, 9.751258 ], [ -71.043335, 9.751563 ], [ -71.044334, 9.752325 ], [ -71.044739, 9.752685 ], [ -71.045166, 9.753089 ], [ -71.045578, 9.753547 ], [ -71.046059, 9.753969 ], [ -71.046890, 9.754597 ], [ -71.047356, 9.754684 ], [ -71.047851, 9.754926 ], [ -71.048302, 9.755240 ], [ -71.048691, 9.755644 ], [ -71.048981, 9.756076 ], [ -71.049278, 9.756598 ], [ -71.049500, 9.757148 ], [ -71.049652, 9.757671 ], [ -71.049812, 9.758267 ], [ -71.049950, 9.758863 ], [ -71.049988, 9.759414 ], [ -71.050209, 9.760579 ], [ -71.050339, 9.761174 ], [ -71.050629, 9.762339 ], [ -71.050827, 9.762826 ], [ -71.051079, 9.763393 ], [ -71.051331, 9.764007 ], [ -71.051628, 9.764647 ], [ -71.052215, 9.765782 ], [ -71.052422, 9.766260 ], [ -71.052643, 9.766882 ], [ -71.053123, 9.768136 ], [ -71.053345, 9.768632 ], [ -71.053825, 9.769822 ], [ -71.054047, 9.770345 ], [ -71.054321, 9.770804 ], [ -71.054657, 9.771227 ], [ -71.055015, 9.771613 ], [ -71.055496, 9.772090 ], [ -71.055954, 9.772467 ], [ -71.057449, 9.773615 ], [ -71.057922, 9.773919 ], [ -71.058518, 9.774277 ], [ -71.058991, 9.774617 ], [ -71.060081, 9.775280 ], [ -71.060585, 9.775620 ], [ -71.061012, 9.776025 ], [ -71.061470, 9.776474 ], [ -71.061852, 9.776905 ], [ -71.062622, 9.777714 ], [ -71.063080, 9.778091 ], [ -71.063461, 9.778504 ], [ -71.063866, 9.778909 ], [ -71.064232, 9.779359 ], [ -71.064865, 9.780268 ], [ -71.065201, 9.780700 ], [ -71.065536, 9.781104 ], [ -71.065971, 9.781581 ], [ -71.066429, 9.782147 ], [ -71.067131, 9.782984 ], [ -71.068016, 9.783765 ], [ -71.068466, 9.784241 ], [ -71.068901, 9.784718 ], [ -71.069237, 9.785122 ], [ -71.069900, 9.786095 ], [ -71.070259, 9.786508 ], [ -71.070641, 9.786912 ], [ -71.071052, 9.787316 ], [ -71.071411, 9.787748 ], [ -71.071800, 9.788270 ], [ -71.072052, 9.788883 ], [ -71.072281, 9.789496 ], [ -71.072502, 9.789974 ], [ -71.072777, 9.790614 ], [ -71.073120, 9.791163 ], [ -71.073441, 9.791749 ], [ -71.073776, 9.792254 ], [ -71.074074, 9.792730 ], [ -71.074455, 9.793252 ], [ -71.074799, 9.793657 ], [ -71.075180, 9.794088 ], [ -71.075523, 9.794511 ], [ -71.076271, 9.795510 ], [ -71.076752, 9.796049 ], [ -71.077141, 9.796572 ], [ -71.077576, 9.797138 ], [ -71.078377, 9.798317 ], [ -71.079063, 9.799452 ], [ -71.079361, 9.799974 ], [ -71.079674, 9.800451 ], [ -71.079971, 9.800974 ], [ -71.080536, 9.802074 ], [ -71.080879, 9.802641 ], [ -71.081444, 9.803659 ], [ -71.081757, 9.804091 ], [ -71.082420, 9.805090 ], [ -71.082733, 9.805657 ], [ -71.083076, 9.806225 ], [ -71.083427, 9.806910 ], [ -71.083626, 9.807432 ], [ -71.084061, 9.808668 ], [ -71.084236, 9.809218 ], [ -71.084442, 9.809769 ], [ -71.084755, 9.810336 ], [ -71.085320, 9.811246 ], [ -71.085609, 9.811741 ], [ -71.085953, 9.812218 ], [ -71.086342, 9.812875 ], [ -71.086708, 9.813442 ], [ -71.086960, 9.813920 ], [ -71.087227, 9.814398 ], [ -71.087478, 9.814902 ], [ -71.087998, 9.816038 ], [ -71.088226, 9.816587 ], [ -71.088402, 9.817138 ], [ -71.088531, 9.817661 ], [ -71.088593, 9.818213 ], [ -71.088608, 9.818746 ], [ -71.088555, 9.819315 ], [ -71.088409, 9.820563 ], [ -71.088333, 9.821297 ], [ -71.088211, 9.821857 ], [ -71.088043, 9.822391 ], [ -71.087829, 9.823035 ], [ -71.087631, 9.823569 ], [ -71.087372, 9.824177 ], [ -71.086983, 9.825335 ], [ -71.086815, 9.825933 ], [ -71.086624, 9.826441 ], [ -71.086334, 9.826913 ], [ -71.086022, 9.827357 ], [ -71.085373, 9.828401 ], [ -71.085152, 9.828863 ], [ -71.084984, 9.829470 ], [ -71.084641, 9.830557 ], [ -71.084404, 9.831137 ], [ -71.084122, 9.831789 ], [ -71.083832, 9.832297 ], [ -71.083519, 9.832788 ], [ -71.083138, 9.833323 ], [ -71.082703, 9.833632 ], [ -71.082199, 9.833735 ], [ -71.081627, 9.833495 ], [ -71.081078, 9.833580 ], [ -71.081146, 9.832766 ], [ -71.081245, 9.832169 ], [ -71.081551, 9.831588 ], [ -71.082001, 9.831098 ], [ -71.082413, 9.830760 ], [ -71.082870, 9.830359 ], [ -71.083160, 9.829925 ], [ -71.083138, 9.829228 ], [ -71.082710, 9.828869 ], [ -71.082809, 9.828290 ], [ -71.082718, 9.827649 ], [ -71.082001, 9.827644 ], [ -71.082237, 9.827137 ], [ -71.082596, 9.826710 ], [ -71.083031, 9.826382 ], [ -71.083397, 9.825982 ], [ -71.083282, 9.825477 ], [ -71.082725, 9.825443 ], [ -71.082153, 9.825682 ], [ -71.081566, 9.825722 ], [ -71.081695, 9.825214 ], [ -71.081795, 9.824636 ], [ -71.081817, 9.823967 ], [ -71.081391, 9.823653 ], [ -71.080864, 9.823783 ], [ -71.080429, 9.824065 ], [ -71.079613, 9.824911 ], [ -71.079186, 9.825447 ], [ -71.078674, 9.825622 ], [ -71.078026, 9.825608 ], [ -71.077461, 9.825349 ], [ -71.077004, 9.825054 ], [ -71.076462, 9.824768 ], [ -71.075882, 9.824807 ], [ -71.075325, 9.825001 ], [ -71.074890, 9.825284 ], [ -71.074440, 9.825639 ], [ -71.073914, 9.825950 ], [ -71.073570, 9.826349 ], [ -71.073845, 9.826845 ], [ -71.074356, 9.826932 ], [ -71.074944, 9.826982 ], [ -71.075485, 9.827133 ], [ -71.075867, 9.827538 ], [ -71.076210, 9.828059 ], [ -71.076408, 9.828591 ], [ -71.076591, 9.829115 ], [ -71.076515, 9.829739 ], [ -71.076156, 9.830184 ], [ -71.075699, 9.830629 ], [ -71.075340, 9.831030 ], [ -71.074982, 9.831611 ], [ -71.075096, 9.832179 ], [ -71.075592, 9.832475 ], [ -71.076180, 9.832715 ], [ -71.075882, 9.833756 ], [ -71.075645, 9.834381 ], [ -71.075264, 9.835559 ], [ -71.075066, 9.836093 ], [ -71.074898, 9.836718 ], [ -71.074822, 9.837225 ], [ -71.074768, 9.837758 ], [ -71.074753, 9.838979 ], [ -71.074776, 9.839639 ], [ -71.074768, 9.840380 ], [ -71.074791, 9.840976 ], [ -71.074875, 9.841554 ], [ -71.075050, 9.842095 ], [ -71.075302, 9.842572 ], [ -71.075836, 9.843510 ], [ -71.076134, 9.844050 ], [ -71.076843, 9.845284 ], [ -71.077072, 9.845761 ], [ -71.077324, 9.846374 ], [ -71.077576, 9.847060 ], [ -71.077782, 9.847718 ], [ -71.077980, 9.848224 ], [ -71.078415, 9.849577 ], [ -71.078598, 9.850190 ], [ -71.078705, 9.850714 ], [ -71.078858, 9.851246 ], [ -71.079132, 9.852618 ], [ -71.079582, 9.854496 ], [ -71.079964, 9.855641 ], [ -71.080192, 9.856390 ], [ -71.080421, 9.856868 ], [ -71.080711, 9.857345 ], [ -71.081093, 9.857732 ], [ -71.082069, 9.858403 ], [ -71.082642, 9.858752 ], [ -71.083023, 9.859112 ], [ -71.083389, 9.859733 ], [ -71.083641, 9.860273 ], [ -71.084152, 9.861924 ], [ -71.084350, 9.862448 ], [ -71.085014, 9.864414 ], [ -71.085220, 9.864955 ], [ -71.085541, 9.865622 ], [ -71.085815, 9.866262 ], [ -71.086113, 9.866830 ], [ -71.086334, 9.867326 ], [ -71.086975, 9.868605 ], [ -71.087387, 9.869126 ], [ -71.088066, 9.869936 ], [ -71.088524, 9.870547 ], [ -71.088981, 9.871042 ], [ -71.089394, 9.871518 ], [ -71.090096, 9.872400 ], [ -71.090439, 9.872968 ], [ -71.090805, 9.873607 ], [ -71.091034, 9.874248 ], [ -71.091210, 9.874951 ], [ -71.091270, 9.875321 ], [ -71.091408, 9.875845 ], [ -71.091652, 9.876322 ], [ -71.091873, 9.876827 ], [ -71.092484, 9.877809 ], [ -71.092804, 9.878277 ], [ -71.093117, 9.878709 ], [ -71.093414, 9.879168 ], [ -71.094185, 9.880112 ], [ -71.094551, 9.880634 ], [ -71.094963, 9.881201 ], [ -71.095306, 9.881841 ], [ -71.095528, 9.882408 ], [ -71.095688, 9.882958 ], [ -71.095863, 9.883482 ], [ -71.096069, 9.884150 ], [ -71.096268, 9.884627 ], [ -71.096565, 9.885077 ], [ -71.096878, 9.885509 ], [ -71.097847, 9.886805 ], [ -71.098648, 9.887776 ], [ -71.098984, 9.888271 ], [ -71.099617, 9.889253 ], [ -71.099915, 9.889820 ], [ -71.100212, 9.890315 ], [ -71.100510, 9.891072 ], [ -71.100716, 9.891550 ], [ -71.100891, 9.892074 ], [ -71.101067, 9.892642 ], [ -71.101700, 9.893551 ], [ -71.102089, 9.894073 ], [ -71.102455, 9.894594 ], [ -71.102821, 9.895144 ], [ -71.103233, 9.895683 ], [ -71.103638, 9.896132 ], [ -71.104027, 9.896492 ], [ -71.104889, 9.897400 ], [ -71.105293, 9.897803 ], [ -71.105797, 9.898252 ], [ -71.106300, 9.898773 ], [ -71.106666, 9.899196 ], [ -71.107056, 9.899718 ], [ -71.107491, 9.900375 ], [ -71.108200, 9.901491 ], [ -71.108810, 9.902491 ], [ -71.109077, 9.902968 ], [ -71.109444, 9.903490 ], [ -71.109833, 9.903967 ], [ -71.110367, 9.904714 ], [ -71.110924, 9.905533 ], [ -71.111946, 9.906891 ], [ -71.112236, 9.907341 ], [ -71.112671, 9.907953 ], [ -71.113357, 9.909069 ], [ -71.113770, 9.909655 ], [ -71.114205, 9.910221 ], [ -71.114594, 9.910698 ], [ -71.115029, 9.911327 ], [ -71.115471, 9.911994 ], [ -71.115814, 9.912561 ], [ -71.116059, 9.913012 ], [ -71.116310, 9.913561 ], [ -71.116554, 9.914039 ], [ -71.116875, 9.914515 ], [ -71.117211, 9.914966 ], [ -71.117996, 9.916190 ], [ -71.118332, 9.916649 ], [ -71.118690, 9.917053 ], [ -71.119591, 9.918204 ], [ -71.120125, 9.918951 ], [ -71.120560, 9.919517 ], [ -71.120994, 9.919994 ], [ -71.121834, 9.920830 ], [ -71.122215, 9.921252 ], [ -71.123329, 9.922682 ], [ -71.123695, 9.923086 ], [ -71.124100, 9.923563 ], [ -71.125443, 9.924892 ], [ -71.125923, 9.925413 ], [ -71.126266, 9.925817 ], [ -71.126724, 9.926312 ], [ -71.127159, 9.926815 ], [ -71.127930, 9.927850 ], [ -71.128906, 9.929326 ], [ -71.129204, 9.929893 ], [ -71.129402, 9.930399 ], [ -71.129585, 9.930922 ], [ -71.129807, 9.931472 ], [ -71.130081, 9.931949 ], [ -71.130417, 9.932444 ], [ -71.130829, 9.932947 ], [ -71.131287, 9.933441 ], [ -71.131767, 9.933918 ], [ -71.132485, 9.934727 ], [ -71.133263, 9.935743 ], [ -71.133583, 9.936265 ], [ -71.133949, 9.936950 ], [ -71.134224, 9.937608 ], [ -71.134338, 9.938113 ], [ -71.134514, 9.938645 ], [ -71.134781, 9.939140 ], [ -71.135651, 9.940228 ], [ -71.136421, 9.941083 ], [ -71.136879, 9.941559 ], [ -71.137245, 9.941990 ], [ -71.137726, 9.942647 ], [ -71.138092, 9.943169 ], [ -71.138390, 9.943691 ], [ -71.138703, 9.944214 ], [ -71.139091, 9.944735 ], [ -71.139954, 9.945471 ], [ -71.140381, 9.945785 ], [ -71.140884, 9.946170 ], [ -71.141502, 9.946663 ], [ -71.142433, 9.947489 ], [ -71.143448, 9.948485 ], [ -71.143875, 9.948953 ], [ -71.144356, 9.949402 ], [ -71.144814, 9.949904 ], [ -71.145317, 9.950398 ], [ -71.145698, 9.950803 ], [ -71.146278, 9.951323 ], [ -71.147209, 9.952104 ], [ -71.148010, 9.952858 ], [ -71.148697, 9.953505 ], [ -71.149147, 9.953908 ], [ -71.150124, 9.954643 ], [ -71.150551, 9.954984 ], [ -71.151199, 9.955522 ], [ -71.151749, 9.956016 ], [ -71.152321, 9.956436 ], [ -71.153183, 9.957154 ], [ -71.153778, 9.957629 ], [ -71.154205, 9.957988 ], [ -71.154633, 9.958320 ], [ -71.155136, 9.958660 ], [ -71.155754, 9.959198 ], [ -71.157189, 9.960364 ], [ -71.157715, 9.960740 ], [ -71.158692, 9.961475 ], [ -71.159165, 9.961816 ], [ -71.160141, 9.962595 ], [ -71.160599, 9.962999 ], [ -71.161034, 9.963457 ], [ -71.161415, 9.963817 ], [ -71.161827, 9.964266 ], [ -71.162277, 9.964715 ], [ -71.162689, 9.965056 ], [ -71.163185, 9.965405 ], [ -71.163734, 9.965745 ], [ -71.164803, 9.966452 ], [ -71.165962, 9.967140 ], [ -71.167030, 9.967675 ], [ -71.168747, 9.968369 ], [ -71.169335, 9.968637 ], [ -71.169830, 9.968832 ], [ -71.170349, 9.969009 ], [ -71.172638, 9.969989 ], [ -71.173134, 9.970212 ], [ -71.173775, 9.970407 ], [ -71.174431, 9.970556 ], [ -71.174942, 9.970634 ], [ -71.175644, 9.970801 ], [ -71.176285, 9.971086 ], [ -71.177490, 9.971801 ], [ -71.178673, 9.972344 ], [ -71.179260, 9.972567 ], [ -71.179924, 9.972779 ], [ -71.181053, 9.973197 ], [ -71.181572, 9.973348 ], [ -71.182129, 9.973425 ], [ -71.183937, 9.973802 ], [ -71.184456, 9.973880 ], [ -71.184990, 9.973985 ], [ -71.185509, 9.974072 ], [ -71.186043, 9.974195 ], [ -71.186607, 9.974344 ], [ -71.187927, 9.974779 ], [ -71.189171, 9.975096 ], [ -71.189712, 9.975246 ], [ -71.190346, 9.975324 ], [ -71.191460, 9.975207 ], [ -71.192085, 9.975077 ], [ -71.192825, 9.974945 ], [ -71.193428, 9.974815 ], [ -71.194008, 9.974802 ], [ -71.194519, 9.974654 ], [ -71.195038, 9.974832 ], [ -71.195602, 9.974999 ], [ -71.196175, 9.974733 ], [ -71.196724, 9.974333 ], [ -71.197037, 9.973843 ], [ -71.197518, 9.973604 ], [ -71.198029, 9.973682 ], [ -71.198593, 9.973905 ], [ -71.199211, 9.974099 ], [ -71.199867, 9.974266 ], [ -71.200447, 9.974191 ], [ -71.200851, 9.973762 ], [ -71.200974, 9.973210 ], [ -71.200912, 9.972678 ], [ -71.201347, 9.972395 ], [ -71.201805, 9.972112 ], [ -71.202217, 9.971784 ], [ -71.202751, 9.971771 ], [ -71.203316, 9.971984 ], [ -71.203819, 9.972324 ], [ -71.204155, 9.972729 ], [ -71.204399, 9.973207 ], [ -71.204376, 9.973830 ], [ -71.204643, 9.974280 ], [ -71.205078, 9.974756 ], [ -71.205574, 9.975133 ], [ -71.206138, 9.975309 ], [ -71.206650, 9.975206 ], [ -71.207085, 9.974806 ], [ -71.207512, 9.974451 ], [ -71.207962, 9.974719 ], [ -71.208351, 9.975123 ], [ -71.208740, 9.975690 ], [ -71.209335, 9.976021 ], [ -71.209862, 9.975710 ], [ -71.210480, 9.975561 ], [ -71.211067, 9.975620 ], [ -71.211540, 9.975906 ], [ -71.211906, 9.976337 ], [ -71.212288, 9.976832 ], [ -71.212540, 9.977310 ], [ -71.212623, 9.977879 ], [ -71.212669, 9.978502 ], [ -71.212685, 9.979053 ], [ -71.212677, 9.979605 ], [ -71.212707, 9.980780 ], [ -71.212799, 9.981402 ], [ -71.212906, 9.981971 ], [ -71.213425, 9.983802 ], [ -71.214012, 9.985471 ], [ -71.214348, 9.986588 ], [ -71.214508, 9.987139 ], [ -71.214661, 9.987735 ], [ -71.214798, 9.988394 ], [ -71.214844, 9.989035 ], [ -71.214836, 9.989658 ], [ -71.214805, 9.990237 ], [ -71.214752, 9.990907 ], [ -71.214852, 9.994051 ], [ -71.214912, 9.994675 ], [ -71.215027, 9.995243 ], [ -71.215156, 9.995775 ], [ -71.215584, 9.996866 ], [ -71.215790, 9.997434 ], [ -71.215942, 9.997966 ], [ -71.216072, 9.998508 ], [ -71.216110, 9.999041 ], [ -71.216110, 10.000008 ], [ -71.214974, 10.001037 ], [ -71.214592, 10.001853 ], [ -71.214462, 10.002260 ], [ -71.214561, 10.002838 ], [ -71.214661, 10.003334 ], [ -71.214805, 10.003939 ], [ -71.214974, 10.004535 ], [ -71.215340, 10.005562 ], [ -71.215767, 10.006617 ], [ -71.216095, 10.007112 ], [ -71.216362, 10.007598 ], [ -71.216713, 10.008147 ], [ -71.217018, 10.008552 ], [ -71.217331, 10.009056 ], [ -71.217705, 10.009623 ], [ -71.217873, 10.010110 ], [ -71.217995, 10.010615 ], [ -71.218048, 10.011139 ], [ -71.218147, 10.011717 ], [ -71.218430, 10.012167 ], [ -71.218864, 10.013267 ], [ -71.219170, 10.013680 ], [ -71.219475, 10.014112 ], [ -71.219734, 10.014571 ], [ -71.219933, 10.015094 ], [ -71.220078, 10.015599 ], [ -71.220406, 10.015986 ], [ -71.220825, 10.016281 ], [ -71.221268, 10.016576 ], [ -71.221756, 10.016826 ], [ -71.222252, 10.017003 ], [ -71.222763, 10.017136 ], [ -71.223274, 10.017196 ], [ -71.223854, 10.017237 ], [ -71.224960, 10.017130 ], [ -71.225632, 10.017306 ], [ -71.226631, 10.016884 ], [ -71.226860, 10.017154 ], [ -71.226868, 10.017705 ], [ -71.226616, 10.018167 ], [ -71.226250, 10.018540 ], [ -71.225792, 10.018914 ], [ -71.225311, 10.019107 ], [ -71.224777, 10.019201 ], [ -71.224320, 10.019556 ], [ -71.224045, 10.020038 ], [ -71.223724, 10.020455 ], [ -71.223312, 10.020901 ], [ -71.223022, 10.021427 ], [ -71.223030, 10.022033 ], [ -71.223061, 10.022629 ], [ -71.223526, 10.023078 ], [ -71.223923, 10.023491 ], [ -71.224373, 10.023849 ], [ -71.224701, 10.024290 ], [ -71.224915, 10.024767 ], [ -71.225220, 10.025199 ], [ -71.225624, 10.025567 ], [ -71.225861, 10.026063 ], [ -71.226005, 10.026567 ], [ -71.226196, 10.027144 ], [ -71.226509, 10.027802 ], [ -71.226883, 10.028243 ], [ -71.227402, 10.028782 ], [ -71.227913, 10.029212 ], [ -71.228508, 10.030130 ], [ -71.228836, 10.030535 ], [ -71.229164, 10.030975 ], [ -71.229431, 10.031498 ], [ -71.229691, 10.031957 ], [ -71.229904, 10.032479 ], [ -71.230209, 10.032956 ], [ -71.230545, 10.033442 ], [ -71.230873, 10.033964 ], [ -71.231201, 10.034378 ], [ -71.231621, 10.034691 ], [ -71.232139, 10.034986 ], [ -71.232490, 10.035462 ], [ -71.232864, 10.035939 ], [ -71.233131, 10.036444 ], [ -71.233322, 10.036922 ], [ -71.233490, 10.037408 ], [ -71.233589, 10.037913 ], [ -71.233543, 10.038420 ], [ -71.233597, 10.038926 ], [ -71.234169, 10.040015 ], [ -71.234337, 10.040521 ], [ -71.234482, 10.041071 ], [ -71.234825, 10.042153 ], [ -71.234879, 10.042659 ], [ -71.234856, 10.043210 ], [ -71.234772, 10.043780 ], [ -71.234596, 10.044332 ], [ -71.234413, 10.044840 ], [ -71.234284, 10.045374 ], [ -71.234154, 10.045954 ], [ -71.233841, 10.046923 ], [ -71.233658, 10.047430 ], [ -71.233482, 10.047982 ], [ -71.233398, 10.048579 ], [ -71.233353, 10.049158 ], [ -71.233383, 10.049683 ], [ -71.233437, 10.050261 ], [ -71.233467, 10.050812 ], [ -71.233574, 10.051841 ], [ -71.233650, 10.052347 ], [ -71.233704, 10.052970 ], [ -71.233734, 10.053584 ], [ -71.233742, 10.054135 ], [ -71.233772, 10.054696 ], [ -71.233788, 10.055889 ], [ -71.233772, 10.056413 ], [ -71.233780, 10.057036 ], [ -71.233749, 10.058185 ], [ -71.233757, 10.058763 ], [ -71.233803, 10.059314 ], [ -71.233879, 10.059837 ], [ -71.234131, 10.060921 ], [ -71.234375, 10.062157 ], [ -71.234497, 10.062726 ], [ -71.234596, 10.063258 ], [ -71.234718, 10.063782 ], [ -71.234794, 10.064287 ], [ -71.234940, 10.064819 ], [ -71.235062, 10.065370 ], [ -71.235382, 10.066470 ], [ -71.235649, 10.067589 ], [ -71.235702, 10.068095 ], [ -71.235657, 10.068602 ], [ -71.235535, 10.069732 ], [ -71.235496, 10.070238 ], [ -71.235550, 10.070807 ], [ -71.235695, 10.071475 ], [ -71.235794, 10.072026 ], [ -71.235870, 10.072532 ], [ -71.236015, 10.073082 ], [ -71.236588, 10.073991 ], [ -71.236916, 10.074431 ], [ -71.237335, 10.074790 ], [ -71.237671, 10.075222 ], [ -71.237999, 10.075699 ], [ -71.238327, 10.076275 ], [ -71.238525, 10.076779 ], [ -71.238693, 10.077438 ], [ -71.238792, 10.078061 ], [ -71.238892, 10.078593 ], [ -71.239037, 10.079207 ], [ -71.239235, 10.079847 ], [ -71.239433, 10.080904 ], [ -71.239578, 10.081526 ], [ -71.239914, 10.082582 ], [ -71.240082, 10.083150 ], [ -71.240448, 10.084231 ], [ -71.240806, 10.085423 ], [ -71.241219, 10.086585 ], [ -71.241386, 10.087163 ], [ -71.241600, 10.087667 ], [ -71.242363, 10.089307 ], [ -71.242577, 10.089811 ], [ -71.243103, 10.090838 ], [ -71.243339, 10.091370 ], [ -71.243820, 10.092325 ], [ -71.244171, 10.093126 ], [ -71.244530, 10.093839 ], [ -71.244766, 10.094343 ], [ -71.244987, 10.094848 ], [ -71.245293, 10.095297 ], [ -71.245575, 10.095783 ], [ -71.245812, 10.096351 ], [ -71.246056, 10.096873 ], [ -71.246246, 10.097379 ], [ -71.246368, 10.098046 ], [ -71.246467, 10.098778 ], [ -71.246597, 10.099283 ], [ -71.246651, 10.099861 ], [ -71.246681, 10.100412 ], [ -71.246727, 10.100918 ], [ -71.246849, 10.101514 ], [ -71.247024, 10.102082 ], [ -71.247284, 10.102541 ], [ -71.247704, 10.102954 ], [ -71.248131, 10.103430 ], [ -71.248482, 10.103862 ], [ -71.248955, 10.104798 ], [ -71.249481, 10.105717 ], [ -71.249695, 10.106194 ], [ -71.249908, 10.106717 ], [ -71.250168, 10.107221 ], [ -71.250443, 10.108294 ], [ -71.250801, 10.109304 ], [ -71.251228, 10.110432 ], [ -71.251709, 10.111548 ], [ -71.252281, 10.112575 ], [ -71.252472, 10.113125 ], [ -71.252731, 10.113674 ], [ -71.252922, 10.114198 ], [ -71.253265, 10.115208 ], [ -71.253456, 10.115694 ], [ -71.253670, 10.116172 ], [ -71.253838, 10.116650 ], [ -71.254097, 10.117154 ], [ -71.254311, 10.117631 ], [ -71.254555, 10.118117 ], [ -71.254837, 10.118549 ], [ -71.255188, 10.118954 ], [ -71.255607, 10.119276 ], [ -71.256500, 10.119912 ], [ -71.256851, 10.120298 ], [ -71.257156, 10.120703 ], [ -71.257416, 10.121162 ], [ -71.257660, 10.121684 ], [ -71.257736, 10.122217 ], [ -71.257744, 10.122742 ], [ -71.257980, 10.123228 ], [ -71.258377, 10.123613 ], [ -71.258591, 10.124271 ], [ -71.258812, 10.124822 ], [ -71.259148, 10.125858 ], [ -71.259384, 10.126453 ], [ -71.259674, 10.126930 ], [ -71.259934, 10.127453 ], [ -71.260216, 10.127939 ], [ -71.260521, 10.128416 ], [ -71.260834, 10.128820 ], [ -71.261162, 10.129306 ], [ -71.261444, 10.129756 ], [ -71.261749, 10.130215 ], [ -71.262108, 10.130809 ], [ -71.262413, 10.131358 ], [ -71.262657, 10.131836 ], [ -71.262825, 10.132340 ], [ -71.262970, 10.132846 ], [ -71.263092, 10.133396 ], [ -71.263260, 10.134019 ], [ -71.263527, 10.134748 ], [ -71.263985, 10.135939 ], [ -71.264526, 10.137083 ], [ -71.264885, 10.137469 ], [ -71.265351, 10.137873 ], [ -71.265869, 10.138357 ], [ -71.266647, 10.139173 ], [ -71.267113, 10.139649 ], [ -71.267555, 10.140035 ], [ -71.267937, 10.140449 ], [ -71.268242, 10.140898 ], [ -71.268547, 10.141447 ], [ -71.268814, 10.141996 ], [ -71.269074, 10.142591 ], [ -71.269691, 10.143762 ], [ -71.270264, 10.144951 ], [ -71.271469, 10.146868 ], [ -71.272064, 10.147912 ], [ -71.272369, 10.148416 ], [ -71.272919, 10.149397 ], [ -71.273201, 10.149857 ], [ -71.273483, 10.150360 ], [ -71.273750, 10.150865 ], [ -71.274010, 10.151315 ], [ -71.274673, 10.152394 ], [ -71.275001, 10.152962 ], [ -71.275314, 10.153465 ], [ -71.275925, 10.154356 ], [ -71.276238, 10.154905 ], [ -71.276756, 10.155931 ], [ -71.277191, 10.156960 ], [ -71.277428, 10.157418 ], [ -71.277710, 10.157850 ], [ -71.278038, 10.158264 ], [ -71.278374, 10.158740 ], [ -71.278725, 10.159126 ], [ -71.279854, 10.160312 ], [ -71.280228, 10.160788 ], [ -71.280533, 10.161238 ], [ -71.280846, 10.161742 ], [ -71.281151, 10.162272 ], [ -71.281441, 10.162822 ], [ -71.282028, 10.163803 ], [ -71.282364, 10.164280 ], [ -71.282692, 10.164784 ], [ -71.283089, 10.165323 ], [ -71.283447, 10.165736 ], [ -71.283752, 10.166150 ], [ -71.284180, 10.166644 ], [ -71.284554, 10.167130 ], [ -71.285240, 10.168065 ], [ -71.285614, 10.168541 ], [ -71.285965, 10.168945 ], [ -71.286369, 10.169313 ], [ -71.286858, 10.169626 ], [ -71.287392, 10.169920 ], [ -71.287865, 10.170216 ], [ -71.288307, 10.170510 ], [ -71.288727, 10.170806 ], [ -71.290176, 10.171636 ], [ -71.290619, 10.171905 ], [ -71.291016, 10.172227 ], [ -71.291466, 10.172522 ], [ -71.291954, 10.172790 ], [ -71.292442, 10.173102 ], [ -71.292915, 10.173425 ], [ -71.293404, 10.173738 ], [ -71.293823, 10.174050 ], [ -71.294273, 10.174418 ], [ -71.294739, 10.174731 ], [ -71.295135, 10.175054 ], [ -71.295563, 10.175367 ], [ -71.296516, 10.176020 ], [ -71.297012, 10.176269 ], [ -71.297455, 10.176583 ], [ -71.298302, 10.177354 ], [ -71.300079, 10.178924 ], [ -71.300461, 10.179309 ], [ -71.301277, 10.180080 ], [ -71.302094, 10.180898 ], [ -71.302544, 10.181057 ], [ -71.303055, 10.181026 ], [ -71.302841, 10.180549 ], [ -71.302445, 10.180226 ], [ -71.302109, 10.179840 ], [ -71.301895, 10.179199 ], [ -71.301910, 10.178694 ], [ -71.302299, 10.178348 ], [ -71.302902, 10.178244 ], [ -71.303436, 10.178403 ], [ -71.303955, 10.178697 ], [ -71.304329, 10.179056 ], [ -71.304703, 10.179469 ], [ -71.304916, 10.179947 ], [ -71.305229, 10.180406 ], [ -71.305649, 10.180809 ], [ -71.306137, 10.181013 ], [ -71.306603, 10.181236 ], [ -71.307091, 10.181440 ], [ -71.307518, 10.181736 ], [ -71.307846, 10.182122 ], [ -71.308243, 10.182553 ], [ -71.308601, 10.182984 ], [ -71.308907, 10.183415 ], [ -71.309074, 10.183921 ], [ -71.309013, 10.184454 ], [ -71.308548, 10.184684 ], [ -71.308113, 10.184804 ], [ -71.308510, 10.185144 ], [ -71.309471, 10.185798 ], [ -71.309937, 10.186092 ], [ -71.310333, 10.186416 ], [ -71.310875, 10.186727 ], [ -71.312225, 10.187378 ], [ -71.312744, 10.187691 ], [ -71.313301, 10.188057 ], [ -71.313820, 10.188370 ], [ -71.314377, 10.188754 ], [ -71.314850, 10.189121 ], [ -71.315758, 10.189865 ], [ -71.316162, 10.190179 ], [ -71.317002, 10.190905 ], [ -71.317543, 10.191317 ], [ -71.318031, 10.191629 ], [ -71.318527, 10.191997 ], [ -71.318993, 10.192237 ], [ -71.319504, 10.192487 ], [ -71.320068, 10.192709 ], [ -71.320625, 10.192985 ], [ -71.321610, 10.193502 ], [ -71.322563, 10.194064 ], [ -71.322990, 10.194378 ], [ -71.323387, 10.194763 ], [ -71.323761, 10.195149 ], [ -71.324066, 10.195563 ], [ -71.324356, 10.196067 ], [ -71.324684, 10.196544 ], [ -71.325035, 10.197021 ], [ -71.325371, 10.197433 ], [ -71.325768, 10.197838 ], [ -71.326286, 10.198250 ], [ -71.326752, 10.198544 ], [ -71.327286, 10.198767 ], [ -71.327866, 10.198871 ], [ -71.328399, 10.198867 ], [ -71.328957, 10.198818 ], [ -71.329468, 10.199013 ], [ -71.330009, 10.199235 ], [ -71.330544, 10.199213 ], [ -71.331078, 10.199273 ], [ -71.331520, 10.199586 ], [ -71.331871, 10.199999 ], [ -71.332207, 10.200430 ], [ -71.332535, 10.200817 ], [ -71.332932, 10.201139 ], [ -71.333557, 10.201455 ], [ -71.333961, 10.201602 ], [ -71.334473, 10.201671 ], [ -71.335045, 10.201594 ], [ -71.335556, 10.201473 ], [ -71.336090, 10.201324 ], [ -71.336624, 10.201230 ], [ -71.337173, 10.201154 ], [ -71.337708, 10.201196 ], [ -71.338226, 10.201282 ], [ -71.338738, 10.201414 ], [ -71.339203, 10.201654 ], [ -71.339599, 10.202041 ], [ -71.339958, 10.202526 ], [ -71.340172, 10.203075 ], [ -71.340179, 10.203762 ], [ -71.340119, 10.204387 ], [ -71.340012, 10.204938 ], [ -71.339874, 10.205463 ], [ -71.339905, 10.206159 ], [ -71.340088, 10.207233 ], [ -71.340279, 10.207738 ], [ -71.340698, 10.208096 ], [ -71.341187, 10.208256 ], [ -71.341675, 10.208062 ], [ -71.342110, 10.207670 ], [ -71.342590, 10.207414 ], [ -71.343102, 10.207383 ], [ -71.343681, 10.207560 ], [ -71.344688, 10.208032 ], [ -71.345223, 10.208208 ], [ -71.346298, 10.208770 ], [ -71.346603, 10.208994 ], [ -71.347069, 10.209406 ], [ -71.347450, 10.209810 ], [ -71.347710, 10.210297 ], [ -71.347900, 10.210819 ], [ -71.348045, 10.211324 ], [ -71.348259, 10.211846 ], [ -71.348572, 10.212351 ], [ -71.348968, 10.212764 ], [ -71.349396, 10.213149 ], [ -71.349838, 10.213490 ], [ -71.350349, 10.213730 ], [ -71.350937, 10.214114 ], [ -71.351425, 10.214291 ], [ -71.351891, 10.214540 ], [ -71.352387, 10.214863 ], [ -71.353348, 10.215832 ], [ -71.353821, 10.216290 ], [ -71.354202, 10.216720 ], [ -71.357162, 10.221859 ], [ -71.357490, 10.222272 ], [ -71.357941, 10.222721 ], [ -71.358337, 10.223224 ], [ -71.358765, 10.223655 ], [ -71.359161, 10.224086 ], [ -71.360382, 10.225224 ], [ -71.360825, 10.225583 ], [ -71.362030, 10.226885 ], [ -71.362335, 10.227379 ], [ -71.362602, 10.227956 ], [ -71.363174, 10.229578 ], [ -71.363396, 10.230246 ], [ -71.363564, 10.230795 ], [ -71.363754, 10.231300 ], [ -71.363922, 10.231850 ], [ -71.364113, 10.232327 ], [ -71.364525, 10.233635 ], [ -71.365036, 10.235375 ], [ -71.365272, 10.235943 ], [ -71.365425, 10.236448 ], [ -71.365547, 10.236954 ], [ -71.365860, 10.238081 ], [ -71.365982, 10.238649 ], [ -71.366135, 10.239226 ], [ -71.366257, 10.239795 ], [ -71.366409, 10.240833 ], [ -71.366531, 10.241428 ], [ -71.366585, 10.241952 ], [ -71.366554, 10.243100 ], [ -71.366562, 10.243633 ], [ -71.366501, 10.244230 ], [ -71.366478, 10.244763 ], [ -71.366508, 10.245315 ], [ -71.366692, 10.246434 ], [ -71.366837, 10.246966 ], [ -71.367004, 10.247444 ], [ -71.367195, 10.247921 ], [ -71.367363, 10.248408 ], [ -71.367439, 10.248932 ], [ -71.367538, 10.249464 ], [ -71.367615, 10.249988 ], [ -71.367737, 10.250628 ], [ -71.367767, 10.251134 ], [ -71.367775, 10.251713 ], [ -71.367760, 10.252219 ], [ -71.367767, 10.252743 ], [ -71.367798, 10.253276 ], [ -71.367851, 10.253845 ], [ -71.367882, 10.254468 ], [ -71.367989, 10.255498 ], [ -71.368088, 10.256003 ], [ -71.368302, 10.256490 ], [ -71.368538, 10.256940 ], [ -71.369156, 10.257902 ], [ -71.369461, 10.258333 ], [ -71.369820, 10.258764 ], [ -71.370079, 10.259224 ], [ -71.370293, 10.259728 ], [ -71.370415, 10.260297 ], [ -71.370499, 10.260875 ], [ -71.370476, 10.261426 ], [ -71.370354, 10.262059 ], [ -71.370308, 10.262529 ], [ -71.370338, 10.263063 ], [ -71.370697, 10.264108 ], [ -71.370964, 10.264685 ], [ -71.371269, 10.265234 ], [ -71.372192, 10.266673 ], [ -71.372612, 10.267357 ], [ -71.372833, 10.267743 ], [ -71.373123, 10.268292 ], [ -71.373406, 10.268887 ], [ -71.373619, 10.269455 ], [ -71.373787, 10.269933 ], [ -71.374100, 10.270509 ], [ -71.374695, 10.271652 ], [ -71.374954, 10.272174 ], [ -71.375244, 10.272705 ], [ -71.375572, 10.273272 ], [ -71.376259, 10.274207 ], [ -71.376633, 10.274665 ], [ -71.376991, 10.275205 ], [ -71.377373, 10.275735 ], [ -71.377655, 10.276185 ], [ -71.378052, 10.276688 ], [ -71.378723, 10.277876 ], [ -71.379005, 10.278407 ], [ -71.379311, 10.278902 ], [ -71.379669, 10.279406 ], [ -71.379951, 10.279837 ], [ -71.380234, 10.280295 ], [ -71.380875, 10.281140 ], [ -71.381325, 10.281661 ], [ -71.382050, 10.282460 ], [ -71.382500, 10.282891 ], [ -71.382874, 10.283295 ], [ -71.383324, 10.283752 ], [ -71.383720, 10.284093 ], [ -71.384117, 10.284407 ], [ -71.384728, 10.284655 ], [ -71.385285, 10.284813 ], [ -71.385841, 10.284944 ], [ -71.386398, 10.285139 ], [ -71.386940, 10.285343 ], [ -71.387520, 10.285475 ], [ -71.388031, 10.285562 ], [ -71.388992, 10.286141 ], [ -71.389389, 10.286482 ], [ -71.390190, 10.287298 ], [ -71.390518, 10.287694 ], [ -71.390823, 10.288143 ], [ -71.391373, 10.289169 ], [ -71.391876, 10.290250 ], [ -71.392113, 10.290700 ], [ -71.392685, 10.291636 ], [ -71.393036, 10.292031 ], [ -71.393692, 10.292893 ], [ -71.394287, 10.293847 ], [ -71.394547, 10.294306 ], [ -71.394836, 10.294882 ], [ -71.395027, 10.295378 ], [ -71.395264, 10.295836 ], [ -71.395508, 10.296369 ], [ -71.395744, 10.296963 ], [ -71.396248, 10.298008 ], [ -71.396507, 10.298467 ], [ -71.396789, 10.298988 ], [ -71.397026, 10.299475 ], [ -71.397423, 10.299074 ], [ -71.397926, 10.299052 ], [ -71.398399, 10.299293 ], [ -71.398750, 10.299769 ], [ -71.398987, 10.300256 ], [ -71.399208, 10.300778 ], [ -71.399445, 10.301282 ], [ -71.400437, 10.302739 ], [ -71.400818, 10.303242 ], [ -71.401169, 10.303745 ], [ -71.401550, 10.304204 ], [ -71.401878, 10.304744 ], [ -71.402237, 10.305202 ], [ -71.402588, 10.305633 ], [ -71.402916, 10.306164 ], [ -71.403252, 10.306658 ], [ -71.403557, 10.307072 ], [ -71.405396, 10.309209 ], [ -71.405747, 10.309640 ], [ -71.406075, 10.310026 ], [ -71.406456, 10.310393 ], [ -71.406784, 10.310806 ], [ -71.407089, 10.311238 ], [ -71.407639, 10.312219 ], [ -71.407829, 10.312696 ], [ -71.408066, 10.313201 ], [ -71.408333, 10.313678 ], [ -71.408569, 10.314182 ], [ -71.408806, 10.314641 ], [ -71.409065, 10.315100 ], [ -71.409447, 10.315640 ], [ -71.409775, 10.316143 ], [ -71.410087, 10.316575 ], [ -71.410461, 10.316987 ], [ -71.410858, 10.317301 ], [ -71.411354, 10.317505 ], [ -71.411797, 10.317818 ], [ -71.412010, 10.318304 ], [ -71.412018, 10.318829 ], [ -71.411987, 10.319886 ], [ -71.411995, 10.320537 ], [ -71.412071, 10.321033 ], [ -71.412216, 10.321538 ], [ -71.412544, 10.321979 ], [ -71.412949, 10.322364 ], [ -71.413414, 10.322721 ], [ -71.413696, 10.323154 ], [ -71.413795, 10.323686 ], [ -71.413933, 10.324787 ], [ -71.414055, 10.325293 ], [ -71.414200, 10.325978 ], [ -71.414398, 10.327079 ], [ -71.414497, 10.327584 ], [ -71.414627, 10.328153 ], [ -71.414726, 10.328749 ], [ -71.414848, 10.329299 ], [ -71.414925, 10.329849 ], [ -71.415069, 10.330445 ], [ -71.415100, 10.330996 ], [ -71.415069, 10.332108 ], [ -71.414970, 10.333617 ], [ -71.415176, 10.334122 ], [ -71.415329, 10.334645 ], [ -71.415444, 10.335168 ], [ -71.415665, 10.335646 ], [ -71.416077, 10.336022 ], [ -71.416618, 10.336280 ], [ -71.417114, 10.336475 ], [ -71.417496, 10.336852 ], [ -71.417793, 10.337301 ], [ -71.417969, 10.337824 ], [ -71.418106, 10.338410 ], [ -71.418129, 10.338988 ], [ -71.418175, 10.339612 ], [ -71.418213, 10.340714 ], [ -71.418251, 10.341283 ], [ -71.418480, 10.341896 ], [ -71.418709, 10.342419 ], [ -71.418892, 10.343059 ], [ -71.419052, 10.343554 ], [ -71.419273, 10.344031 ], [ -71.419594, 10.344481 ], [ -71.419929, 10.344903 ], [ -71.420296, 10.345425 ], [ -71.420685, 10.345919 ], [ -71.421494, 10.347015 ], [ -71.421882, 10.347645 ], [ -71.422302, 10.348256 ], [ -71.422638, 10.348679 ], [ -71.422959, 10.349154 ], [ -71.423614, 10.350026 ], [ -71.424362, 10.350924 ], [ -71.425194, 10.352048 ], [ -71.425514, 10.352497 ], [ -71.425804, 10.352947 ], [ -71.426125, 10.353415 ], [ -71.426460, 10.353864 ], [ -71.427200, 10.354942 ], [ -71.427490, 10.355419 ], [ -71.427742, 10.355960 ], [ -71.427971, 10.356482 ], [ -71.428223, 10.357095 ], [ -71.428497, 10.357707 ], [ -71.428726, 10.358248 ], [ -71.429108, 10.358995 ], [ -71.428978, 10.359375 ], [ -71.429543, 10.359786 ], [ -71.430183, 10.360848 ], [ -71.430580, 10.361405 ], [ -71.430924, 10.361945 ], [ -71.431579, 10.362943 ], [ -71.431923, 10.363438 ], [ -71.432266, 10.363859 ], [ -71.432655, 10.364371 ], [ -71.433037, 10.364758 ], [ -71.433495, 10.365242 ], [ -71.433906, 10.365645 ], [ -71.434334, 10.366022 ], [ -71.434769, 10.366443 ], [ -71.435265, 10.366846 ], [ -71.435700, 10.367222 ], [ -71.436226, 10.367751 ], [ -71.436638, 10.368110 ], [ -71.437088, 10.368531 ], [ -71.437591, 10.368952 ], [ -71.439049, 10.370079 ], [ -71.441002, 10.371411 ], [ -71.441429, 10.371787 ], [ -71.441856, 10.372101 ], [ -71.442360, 10.372449 ], [ -71.442810, 10.372780 ], [ -71.443245, 10.373183 ], [ -71.443649, 10.373532 ], [ -71.444153, 10.373908 ], [ -71.444603, 10.374221 ], [ -71.445099, 10.374542 ], [ -71.445625, 10.374946 ], [ -71.446106, 10.375339 ], [ -71.447037, 10.376208 ], [ -71.447883, 10.377170 ], [ -71.448341, 10.377563 ], [ -71.448746, 10.377994 ], [ -71.449196, 10.378270 ], [ -71.449776, 10.378230 ], [ -71.450447, 10.378072 ], [ -71.450928, 10.377806 ], [ -71.451355, 10.377396 ], [ -71.451805, 10.376995 ], [ -71.452324, 10.376729 ], [ -71.452873, 10.377140 ], [ -71.453308, 10.377570 ], [ -71.453766, 10.377992 ], [ -71.454315, 10.378548 ], [ -71.454681, 10.378952 ], [ -71.455154, 10.379346 ], [ -71.455635, 10.379812 ], [ -71.456070, 10.380188 ], [ -71.456505, 10.380591 ], [ -71.457008, 10.381292 ], [ -71.457092, 10.381653 ], [ -71.456879, 10.382188 ], [ -71.456719, 10.382768 ], [ -71.456802, 10.383336 ], [ -71.456871, 10.383932 ], [ -71.456963, 10.384456 ], [ -71.457192, 10.385050 ], [ -71.457481, 10.385518 ], [ -71.457825, 10.386040 ], [ -71.458168, 10.386461 ], [ -71.458687, 10.386702 ], [ -71.459205, 10.386987 ], [ -71.459663, 10.387425 ], [ -71.460136, 10.387730 ], [ -71.460632, 10.388015 ], [ -71.461151, 10.388273 ], [ -71.461632, 10.388631 ], [ -71.462105, 10.388934 ], [ -71.462601, 10.389174 ], [ -71.463104, 10.389496 ], [ -71.463509, 10.389854 ], [ -71.463959, 10.390203 ], [ -71.464851, 10.390983 ], [ -71.465370, 10.391240 ], [ -71.466637, 10.391620 ], [ -71.466988, 10.391698 ], [ -71.467506, 10.391929 ], [ -71.468048, 10.392187 ], [ -71.468544, 10.392400 ], [ -71.469040, 10.392595 ], [ -71.469719, 10.392824 ], [ -71.470306, 10.393037 ], [ -71.470917, 10.393339 ], [ -71.471375, 10.393625 ], [ -71.471893, 10.393856 ], [ -71.472381, 10.394051 ], [ -71.472969, 10.394146 ], [ -71.473503, 10.394196 ], [ -71.474205, 10.394290 ], [ -71.474854, 10.394358 ], [ -71.475510, 10.394497 ], [ -71.476051, 10.394647 ], [ -71.476547, 10.394950 ], [ -71.476974, 10.395253 ], [ -71.477409, 10.395630 ], [ -71.477516, 10.396153 ], [ -71.477310, 10.396760 ], [ -71.477043, 10.397277 ], [ -71.476852, 10.397767 ], [ -71.476616, 10.398256 ], [ -71.476311, 10.398819 ], [ -71.476006, 10.399355 ], [ -71.475647, 10.399827 ], [ -71.475288, 10.400228 ], [ -71.474983, 10.400718 ], [ -71.474747, 10.401253 ], [ -71.474556, 10.401742 ], [ -71.474319, 10.402232 ], [ -71.473984, 10.402732 ], [ -71.473533, 10.403015 ], [ -71.473129, 10.403398 ], [ -71.472771, 10.403798 ], [ -71.472435, 10.404253 ], [ -71.472084, 10.404771 ], [ -71.471771, 10.405261 ], [ -71.471420, 10.405868 ], [ -71.471184, 10.406332 ], [ -71.470970, 10.406821 ], [ -71.470711, 10.407455 ], [ -71.470497, 10.408036 ], [ -71.470306, 10.408525 ], [ -71.469856, 10.409550 ], [ -71.469666, 10.410057 ], [ -71.469399, 10.410557 ], [ -71.469116, 10.411046 ], [ -71.468788, 10.411537 ], [ -71.468483, 10.412072 ], [ -71.468216, 10.412562 ], [ -71.468025, 10.413097 ], [ -71.467674, 10.414221 ], [ -71.467224, 10.415425 ], [ -71.466988, 10.415942 ], [ -71.466751, 10.416495 ], [ -71.466469, 10.417040 ], [ -71.466232, 10.417548 ], [ -71.465996, 10.418227 ], [ -71.465927, 10.418798 ], [ -71.465965, 10.419394 ], [ -71.465896, 10.419927 ], [ -71.465630, 10.420399 ], [ -71.465347, 10.420862 ], [ -71.465271, 10.421441 ], [ -71.465500, 10.421963 ], [ -71.464951, 10.422925 ], [ -71.464951, 10.423494 ], [ -71.465271, 10.424016 ], [ -71.465592, 10.424511 ], [ -71.465721, 10.425061 ], [ -71.466263, 10.425961 ], [ -71.466377, 10.426483 ], [ -71.466400, 10.427125 ], [ -71.466209, 10.427642 ], [ -71.465943, 10.428131 ], [ -71.465683, 10.428667 ], [ -71.465889, 10.429162 ], [ -71.466118, 10.429667 ], [ -71.465896, 10.430174 ], [ -71.465523, 10.430647 ], [ -71.464600, 10.431503 ], [ -71.464340, 10.431994 ], [ -71.464104, 10.432528 ], [ -71.463699, 10.433028 ], [ -71.463249, 10.433502 ], [ -71.462830, 10.433975 ], [ -71.462517, 10.434421 ], [ -71.462211, 10.435028 ], [ -71.462067, 10.435535 ], [ -71.461830, 10.436034 ], [ -71.461334, 10.436571 ], [ -71.460793, 10.437009 ], [ -71.460342, 10.437320 ], [ -71.460053, 10.437764 ], [ -71.459725, 10.438210 ], [ -71.459252, 10.438621 ], [ -71.458344, 10.439287 ], [ -71.457916, 10.439742 ], [ -71.457443, 10.440215 ], [ -71.457062, 10.440643 ], [ -71.456734, 10.441133 ], [ -71.456024, 10.442142 ], [ -71.455238, 10.442980 ], [ -71.454552, 10.443852 ], [ -71.454292, 10.444343 ], [ -71.454002, 10.444851 ], [ -71.453552, 10.445857 ], [ -71.453316, 10.446437 ], [ -71.453056, 10.446954 ], [ -71.452660, 10.447563 ], [ -71.452286, 10.448081 ], [ -71.451950, 10.448508 ], [ -71.451782, 10.449016 ], [ -71.451637, 10.449595 ], [ -71.451469, 10.450102 ], [ -71.451187, 10.450691 ], [ -71.450668, 10.451698 ], [ -71.450500, 10.452233 ], [ -71.450356, 10.452804 ], [ -71.450287, 10.453427 ], [ -71.450211, 10.453988 ], [ -71.450058, 10.454929 ], [ -71.449921, 10.455744 ], [ -71.449684, 10.456875 ], [ -71.449585, 10.457472 ], [ -71.449463, 10.458006 ], [ -71.449211, 10.459346 ], [ -71.449135, 10.459925 ], [ -71.449158, 10.460458 ], [ -71.449249, 10.461044 ], [ -71.449410, 10.461712 ], [ -71.449524, 10.462253 ], [ -71.449684, 10.462875 ], [ -71.449799, 10.463489 ], [ -71.449951, 10.464039 ], [ -71.450134, 10.464561 ], [ -71.450615, 10.465624 ], [ -71.450859, 10.466120 ], [ -71.450996, 10.466687 ], [ -71.451111, 10.467238 ], [ -71.451202, 10.467833 ], [ -71.451355, 10.468329 ], [ -71.451607, 10.468806 ], [ -71.451927, 10.469283 ], [ -71.452194, 10.469796 ], [ -71.452309, 10.470346 ], [ -71.452400, 10.470923 ], [ -71.452461, 10.471493 ], [ -71.452713, 10.472033 ], [ -71.453697, 10.473543 ], [ -71.453995, 10.474065 ], [ -71.454315, 10.474560 ], [ -71.454903, 10.475576 ], [ -71.455200, 10.476044 ], [ -71.455475, 10.476521 ], [ -71.455696, 10.477016 ], [ -71.455811, 10.477612 ], [ -71.455811, 10.478190 ], [ -71.455658, 10.479294 ], [ -71.455612, 10.479845 ], [ -71.455536, 10.480469 ], [ -71.455490, 10.481138 ], [ -71.455422, 10.481735 ], [ -71.455398, 10.482476 ], [ -71.455422, 10.483136 ], [ -71.455582, 10.483731 ], [ -71.455765, 10.484371 ], [ -71.455879, 10.484940 ], [ -71.455826, 10.486088 ], [ -71.455849, 10.486666 ], [ -71.455978, 10.487234 ], [ -71.456230, 10.487774 ], [ -71.456604, 10.488503 ], [ -71.456932, 10.489088 ], [ -71.457184, 10.489629 ], [ -71.457458, 10.490286 ], [ -71.457642, 10.490854 ], [ -71.457749, 10.491386 ], [ -71.457794, 10.491910 ], [ -71.458015, 10.492405 ], [ -71.458366, 10.492971 ], [ -71.458702, 10.493439 ], [ -71.459091, 10.493888 ], [ -71.459503, 10.494291 ], [ -71.459907, 10.494640 ], [ -71.460342, 10.495044 ], [ -71.461227, 10.495823 ], [ -71.461731, 10.496307 ], [ -71.462120, 10.496711 ], [ -71.462502, 10.497132 ], [ -71.463371, 10.498165 ], [ -71.463783, 10.498542 ], [ -71.464218, 10.499008 ], [ -71.465057, 10.499715 ], [ -71.465866, 10.500495 ], [ -71.466804, 10.501319 ], [ -71.467331, 10.501668 ], [ -71.467872, 10.501998 ], [ -71.468346, 10.502275 ], [ -71.469467, 10.503024 ], [ -71.470017, 10.503372 ], [ -71.470512, 10.503658 ], [ -71.471481, 10.504174 ], [ -71.472527, 10.504763 ], [ -71.473114, 10.505156 ], [ -71.473572, 10.505442 ], [ -71.474701, 10.506020 ], [ -71.475342, 10.506322 ], [ -71.475884, 10.506535 ], [ -71.476448, 10.506702 ], [ -71.477684, 10.506873 ], [ -71.478218, 10.506968 ], [ -71.478790, 10.507198 ], [ -71.479263, 10.507439 ], [ -71.479851, 10.507714 ], [ -71.480301, 10.508027 ], [ -71.481163, 10.508824 ], [ -71.481667, 10.509200 ], [ -71.482185, 10.509503 ], [ -71.482689, 10.509762 ], [ -71.483200, 10.509884 ], [ -71.483833, 10.509978 ], [ -71.484436, 10.510056 ], [ -71.485024, 10.510241 ], [ -71.485954, 10.510947 ], [ -71.486481, 10.511268 ], [ -71.486992, 10.511436 ], [ -71.487511, 10.511630 ], [ -71.488075, 10.511816 ], [ -71.488640, 10.512055 ], [ -71.489281, 10.512348 ], [ -71.489754, 10.512616 ], [ -71.490272, 10.512847 ], [ -71.490860, 10.513086 ], [ -71.491875, 10.513557 ], [ -71.492424, 10.513833 ], [ -71.492920, 10.514209 ], [ -71.493355, 10.514566 ], [ -71.493897, 10.514942 ], [ -71.494423, 10.515173 ], [ -71.494957, 10.515340 ], [ -71.495522, 10.515480 ], [ -71.496063, 10.515630 ], [ -71.496582, 10.515887 ], [ -71.497032, 10.516281 ], [ -71.497536, 10.516657 ], [ -71.498031, 10.516871 ], [ -71.498596, 10.517011 ], [ -71.500275, 10.517214 ], [ -71.500793, 10.517553 ], [ -71.501236, 10.517820 ], [ -71.501679, 10.518188 ], [ -71.502129, 10.518500 ], [ -71.503014, 10.519189 ], [ -71.503510, 10.519484 ], [ -71.503998, 10.519633 ], [ -71.504532, 10.519818 ], [ -71.504997, 10.520131 ], [ -71.505424, 10.520498 ], [ -71.505730, 10.520912 ], [ -71.505921, 10.521389 ], [ -71.506134, 10.521894 ], [ -71.506371, 10.522380 ], [ -71.506966, 10.523405 ], [ -71.507340, 10.523881 ], [ -71.507713, 10.524339 ], [ -71.508141, 10.524823 ], [ -71.508659, 10.525298 ], [ -71.509148, 10.525664 ], [ -71.509659, 10.525977 ], [ -71.510132, 10.526226 ], [ -71.510483, 10.526612 ], [ -71.511330, 10.527436 ], [ -71.511681, 10.527822 ], [ -71.512055, 10.528190 ], [ -71.512459, 10.528710 ], [ -71.512810, 10.529241 ], [ -71.513229, 10.529717 ], [ -71.513611, 10.530202 ], [ -71.513870, 10.530679 ], [ -71.514107, 10.531255 ], [ -71.514366, 10.531705 ], [ -71.514915, 10.532829 ], [ -71.515106, 10.533334 ], [ -71.515343, 10.533865 ], [ -71.515625, 10.534369 ], [ -71.515984, 10.534845 ], [ -71.516312, 10.535349 ], [ -71.516617, 10.535852 ], [ -71.516907, 10.536284 ], [ -71.517845, 10.537614 ], [ -71.518196, 10.538062 ], [ -71.518577, 10.538520 ], [ -71.519257, 10.539418 ], [ -71.519516, 10.539868 ], [ -71.519714, 10.540445 ], [ -71.520142, 10.541471 ], [ -71.520309, 10.542094 ], [ -71.520523, 10.542688 ], [ -71.520737, 10.543238 ], [ -71.520981, 10.543724 ], [ -71.521377, 10.544182 ], [ -71.521774, 10.544521 ], [ -71.522644, 10.545175 ], [ -71.523132, 10.545496 ], [ -71.523651, 10.545745 ], [ -71.523956, 10.546248 ], [ -71.524376, 10.546561 ], [ -71.524887, 10.546747 ], [ -71.525360, 10.547014 ], [ -71.525848, 10.547200 ], [ -71.526337, 10.547350 ], [ -71.526871, 10.547599 ], [ -71.528389, 10.548065 ], [ -71.528900, 10.548314 ], [ -71.529342, 10.548591 ], [ -71.529701, 10.549066 ], [ -71.530190, 10.549298 ], [ -71.530701, 10.549221 ], [ -71.531280, 10.549217 ], [ -71.531815, 10.549122 ], [ -71.532417, 10.549090 ], [ -71.532974, 10.549104 ], [ -71.533577, 10.549153 ], [ -71.534088, 10.549239 ], [ -71.534607, 10.549298 ], [ -71.535118, 10.549502 ], [ -71.535606, 10.549796 ], [ -71.536613, 10.550340 ], [ -71.537247, 10.550723 ], [ -71.537712, 10.550954 ], [ -71.537994, 10.551386 ], [ -71.538200, 10.552252 ] ] ], [ [ [ -71.149538, 9.111007 ], [ -71.148621, 9.110262 ], [ -71.147635, 9.109461 ], [ -71.147636, 9.109460 ], [ -71.169832, 9.075513 ], [ -71.170255, 9.073160 ], [ -71.169971, 9.071743 ], [ -71.169519, 9.070858 ], [ -71.169402, 9.069861 ], [ -71.168837, 9.068865 ], [ -71.167936, 9.068204 ], [ -71.167262, 9.067985 ], [ -71.166586, 9.067322 ], [ -71.166806, 9.066323 ], [ -71.166243, 9.065771 ], [ -71.165791, 9.065219 ], [ -71.165341, 9.064999 ], [ -71.164664, 9.064004 ], [ -71.164434, 9.062674 ], [ -71.164542, 9.061676 ], [ -71.163756, 9.061568 ], [ -71.163418, 9.061126 ], [ -71.163188, 9.059907 ], [ -71.162957, 9.058356 ], [ -71.162838, 9.056693 ], [ -71.162493, 9.054809 ], [ -71.162489, 9.053811 ], [ -71.161921, 9.052261 ], [ -71.161693, 9.051264 ], [ -71.161128, 9.050380 ], [ -71.160338, 9.049274 ], [ -71.159550, 9.048723 ], [ -71.158653, 9.048838 ], [ -71.157642, 9.048620 ], [ -71.157190, 9.047957 ], [ -71.156737, 9.046961 ], [ -71.155838, 9.046632 ], [ -71.155049, 9.045859 ], [ -71.153812, 9.045199 ], [ -71.152689, 9.044982 ], [ -71.151790, 9.044653 ], [ -71.150779, 9.044436 ], [ -71.149767, 9.043775 ], [ -71.148979, 9.043224 ], [ -71.148863, 9.042337 ], [ -71.148857, 9.041006 ], [ -71.148181, 9.040233 ], [ -71.147168, 9.039572 ], [ -71.146859, 9.039273 ], [ -71.159045, 9.030670 ], [ -71.181901, 9.013897 ], [ -71.203904, 9.000120 ], [ -71.208325, 8.997322 ], [ -71.219095, 8.991218 ], [ -71.231576, 8.982637 ], [ -71.237844, 8.978320 ], [ -71.238871, 8.977894 ], [ -71.237956, 8.981851 ], [ -71.237701, 8.983613 ], [ -71.236810, 8.986005 ], [ -71.235534, 8.987642 ], [ -71.234896, 8.989278 ], [ -71.234770, 8.991167 ], [ -71.235538, 8.992677 ], [ -71.235922, 8.993684 ], [ -71.235669, 8.995698 ], [ -71.235160, 8.997964 ], [ -71.234011, 8.998845 ], [ -71.233008, 9.000129 ], [ -71.233172, 9.001528 ], [ -71.233179, 9.003237 ], [ -71.231922, 9.003554 ], [ -71.230507, 9.003560 ], [ -71.229098, 9.004965 ], [ -71.228944, 9.005743 ], [ -71.228792, 9.006987 ], [ -71.227695, 9.007770 ], [ -71.226440, 9.008552 ], [ -71.225193, 9.011045 ], [ -71.224730, 9.013067 ], [ -71.224739, 9.015243 ], [ -71.224905, 9.017108 ], [ -71.224912, 9.018973 ], [ -71.223663, 9.020844 ], [ -71.222257, 9.023182 ], [ -71.220842, 9.023188 ], [ -71.219274, 9.024439 ], [ -71.219440, 9.026303 ], [ -71.217868, 9.026621 ], [ -71.217091, 9.028645 ], [ -71.216940, 9.030200 ], [ -71.216946, 9.031443 ], [ -71.217737, 9.032683 ], [ -71.218216, 9.034236 ], [ -71.219005, 9.034854 ], [ -71.219325, 9.036096 ], [ -71.220273, 9.037024 ], [ -71.221220, 9.037797 ], [ -71.221855, 9.039193 ], [ -71.221706, 9.041215 ], [ -71.222654, 9.042143 ], [ -71.222094, 9.045808 ], [ -71.240540, 9.034476 ], [ -71.261918, 9.021264 ], [ -71.264771, 9.019582 ], [ -71.297797, 9.000116 ], [ -71.306125, 8.993910 ], [ -71.321930, 8.981331 ], [ -71.341474, 8.967073 ], [ -71.356257, 8.955500 ], [ -71.374080, 8.942730 ], [ -71.375098, 8.942000 ], [ -71.379480, 8.938728 ], [ -71.413341, 8.913012 ], [ -71.415780, 8.911160 ], [ -71.416940, 8.910263 ], [ -71.499985, 8.847191 ], [ -71.501099, 8.846210 ], [ -71.509308, 8.839349 ], [ -71.517113, 8.833282 ], [ -71.527565, 8.825116 ], [ -71.533409, 8.820588 ], [ -71.542007, 8.813926 ], [ -71.553940, 8.804396 ], [ -71.569153, 8.791925 ], [ -71.577431, 8.785435 ], [ -71.588470, 8.776451 ], [ -71.594177, 8.772051 ], [ -71.595520, 8.771020 ], [ -71.603149, 8.764887 ], [ -71.615555, 8.754863 ], [ -71.624512, 8.747209 ], [ -71.631943, 8.741149 ], [ -71.639053, 8.735417 ], [ -71.640289, 8.734398 ], [ -71.641472, 8.733439 ], [ -71.645927, 8.729759 ], [ -71.659210, 8.720066 ], [ -71.665596, 8.714800 ], [ -71.665924, 8.714399 ], [ -71.666557, 8.713759 ], [ -71.667648, 8.712577 ], [ -71.669220, 8.710970 ], [ -71.669418, 8.710772 ], [ -71.670181, 8.710017 ], [ -71.670784, 8.709401 ], [ -71.672424, 8.707809 ], [ -71.673279, 8.706958 ], [ -71.674507, 8.705770 ], [ -71.674889, 8.705414 ], [ -71.676063, 8.704367 ], [ -71.676735, 8.703726 ], [ -71.678215, 8.702393 ], [ -71.679001, 8.701703 ], [ -71.680237, 8.700539 ], [ -71.680641, 8.700135 ], [ -71.681244, 8.699473 ], [ -71.681602, 8.699095 ], [ -71.682251, 8.698432 ], [ -71.682945, 8.697698 ], [ -71.683708, 8.696939 ], [ -71.684425, 8.696181 ], [ -71.684898, 8.695753 ], [ -71.686974, 8.693551 ], [ -71.687561, 8.692960 ], [ -71.688095, 8.692368 ], [ -71.688606, 8.691870 ], [ -71.689530, 8.690899 ], [ -71.690468, 8.689950 ], [ -71.692490, 8.688004 ], [ -71.693291, 8.687199 ], [ -71.693695, 8.686819 ], [ -71.694145, 8.686368 ], [ -71.694595, 8.685941 ], [ -71.695091, 8.685489 ], [ -71.695648, 8.684942 ], [ -71.696236, 8.684396 ], [ -71.696816, 8.683896 ], [ -71.697311, 8.683397 ], [ -71.697784, 8.682993 ], [ -71.698662, 8.682162 ], [ -71.699104, 8.681712 ], [ -71.699646, 8.681715 ], [ -71.704010, 8.681556 ], [ -71.718903, 8.681084 ], [ -71.747994, 8.680775 ], [ -71.773224, 8.680705 ], [ -71.791237, 8.680193 ], [ -71.812050, 8.680001 ], [ -71.853073, 8.679546 ], [ -71.862633, 8.679484 ], [ -71.863151, 8.679193 ], [ -71.864174, 8.678701 ], [ -71.864654, 8.678457 ], [ -71.865196, 8.678072 ], [ -71.866119, 8.677286 ], [ -71.866470, 8.676815 ], [ -71.866684, 8.676302 ], [ -71.866852, 8.675768 ], [ -71.866951, 8.675260 ], [ -71.866981, 8.674614 ], [ -71.867073, 8.673990 ], [ -71.867103, 8.673438 ], [ -71.867180, 8.672908 ], [ -71.867416, 8.672417 ], [ -71.867790, 8.671876 ], [ -71.868217, 8.671495 ], [ -71.868668, 8.671137 ], [ -71.869217, 8.670775 ], [ -71.869621, 8.670396 ], [ -71.869972, 8.669878 ], [ -71.870232, 8.669250 ], [ -71.870422, 8.668738 ], [ -71.871300, 8.668090 ], [ -71.871803, 8.667799 ], [ -71.872276, 8.667462 ], [ -71.872696, 8.666989 ], [ -71.872948, 8.666674 ], [ -71.873772, 8.665921 ], [ -71.874313, 8.665295 ], [ -71.874786, 8.664925 ], [ -71.875473, 8.664865 ], [ -71.876061, 8.664973 ], [ -71.876724, 8.664892 ], [ -71.877235, 8.664408 ], [ -71.877609, 8.663697 ], [ -71.878365, 8.663427 ], [ -71.879097, 8.663366 ], [ -71.879761, 8.663194 ], [ -71.880333, 8.663027 ], [ -71.881050, 8.662644 ], [ -71.881630, 8.662270 ], [ -71.882187, 8.661826 ], [ -71.883225, 8.660806 ], [ -71.883636, 8.660371 ], [ -71.884232, 8.659696 ], [ -71.884735, 8.659141 ], [ -71.885078, 8.658639 ], [ -71.885414, 8.657978 ], [ -71.885742, 8.657155 ], [ -71.886086, 8.656654 ], [ -71.886307, 8.656091 ], [ -71.886810, 8.654707 ], [ -71.887215, 8.654019 ], [ -71.887627, 8.653492 ], [ -71.888138, 8.653006 ], [ -71.888626, 8.652612 ], [ -71.889183, 8.652307 ], [ -71.889732, 8.652094 ], [ -71.890389, 8.651853 ], [ -71.891182, 8.651536 ], [ -71.892525, 8.651030 ], [ -71.894348, 8.650128 ], [ -71.894989, 8.649982 ], [ -71.895706, 8.649944 ], [ -71.896553, 8.649807 ], [ -71.897377, 8.649604 ], [ -71.898102, 8.649336 ], [ -71.898987, 8.649036 ], [ -71.900070, 8.648498 ], [ -71.900787, 8.648024 ], [ -71.901390, 8.647554 ], [ -71.902550, 8.646759 ], [ -71.903107, 8.646407 ], [ -71.903694, 8.646078 ], [ -71.904442, 8.645786 ], [ -71.905235, 8.645493 ], [ -71.905800, 8.645256 ], [ -71.906296, 8.644954 ], [ -71.906830, 8.644604 ], [ -71.907349, 8.644300 ], [ -71.907814, 8.643886 ], [ -71.908280, 8.643494 ], [ -71.908768, 8.643146 ], [ -71.909523, 8.642554 ], [ -71.910278, 8.641894 ], [ -71.910736, 8.641456 ], [ -71.911087, 8.640978 ], [ -71.911934, 8.639093 ], [ -71.912262, 8.638271 ], [ -71.912453, 8.637571 ], [ -71.912468, 8.636950 ], [ -71.912369, 8.636356 ], [ -71.912346, 8.635901 ], [ -71.912826, 8.635462 ], [ -71.913292, 8.635070 ], [ -71.913834, 8.634697 ], [ -71.914368, 8.634393 ], [ -71.915787, 8.635424 ], [ -71.916397, 8.635138 ], [ -71.916885, 8.634744 ], [ -71.917351, 8.634352 ], [ -71.917870, 8.634049 ], [ -71.918434, 8.633813 ], [ -71.919029, 8.633666 ], [ -71.919617, 8.633338 ], [ -71.920197, 8.633032 ], [ -71.920860, 8.632858 ], [ -71.921570, 8.632707 ], [ -71.922089, 8.632427 ], [ -71.922554, 8.632080 ], [ -71.922630, 8.631294 ], [ -71.922615, 8.630513 ], [ -71.922806, 8.629859 ], [ -71.923462, 8.629963 ], [ -71.923989, 8.630280 ], [ -71.924599, 8.629996 ], [ -71.925026, 8.629284 ], [ -71.925316, 8.628716 ], [ -71.925819, 8.628184 ], [ -71.926262, 8.626804 ], [ -71.926552, 8.626190 ], [ -71.926842, 8.625623 ], [ -71.927445, 8.625592 ], [ -71.927994, 8.625886 ], [ -71.928581, 8.625603 ], [ -71.928970, 8.625121 ], [ -71.929153, 8.624284 ], [ -71.929390, 8.623512 ], [ -71.929855, 8.623097 ], [ -71.930412, 8.622678 ], [ -71.930832, 8.622241 ], [ -71.930893, 8.621617 ], [ -71.931061, 8.620918 ], [ -71.931549, 8.620434 ], [ -71.932190, 8.620308 ], [ -71.932808, 8.620297 ], [ -71.933502, 8.620262 ], [ -71.934105, 8.620645 ], [ -71.934570, 8.621150 ], [ -71.935135, 8.621419 ], [ -71.935646, 8.621784 ], [ -71.935974, 8.622342 ], [ -71.936630, 8.622492 ], [ -71.937149, 8.622235 ], [ -71.937691, 8.621540 ], [ -71.937981, 8.620926 ], [ -71.938088, 8.620276 ], [ -71.938347, 8.619550 ], [ -71.938667, 8.619003 ], [ -71.939201, 8.618608 ], [ -71.939720, 8.618857 ], [ -71.940231, 8.619290 ], [ -71.941124, 8.619106 ], [ -71.941811, 8.618979 ], [ -71.942390, 8.619477 ], [ -71.942863, 8.620028 ], [ -71.943420, 8.620482 ], [ -71.944046, 8.620587 ], [ -71.944908, 8.620658 ], [ -71.945488, 8.620766 ], [ -71.946213, 8.621258 ], [ -71.946716, 8.621621 ], [ -71.947304, 8.621775 ], [ -71.947907, 8.621813 ], [ -71.948372, 8.621398 ], [ -71.948357, 8.620709 ], [ -71.948288, 8.619401 ], [ -71.948944, 8.619137 ], [ -71.949715, 8.619303 ], [ -71.950966, 8.619790 ], [ -71.951599, 8.619964 ], [ -71.952171, 8.620165 ], [ -71.952713, 8.620389 ], [ -71.953446, 8.620651 ], [ -71.954025, 8.620758 ], [ -71.954636, 8.621302 ], [ -71.955315, 8.621495 ], [ -71.955887, 8.621373 ], [ -71.956428, 8.621094 ], [ -71.957085, 8.620874 ], [ -71.957367, 8.621434 ], [ -71.957329, 8.622012 ], [ -71.957123, 8.622897 ], [ -71.956925, 8.623898 ], [ -71.956803, 8.624754 ], [ -71.956955, 8.625483 ], [ -71.957497, 8.626052 ], [ -71.958031, 8.626461 ], [ -71.958496, 8.627035 ], [ -71.958763, 8.627620 ], [ -71.959213, 8.628285 ], [ -71.959854, 8.627815 ], [ -71.960014, 8.627232 ], [ -71.960579, 8.627088 ], [ -71.960983, 8.627620 ], [ -71.961342, 8.628290 ], [ -71.961426, 8.628999 ], [ -71.961784, 8.629693 ], [ -71.962402, 8.629661 ], [ -71.962784, 8.630217 ], [ -71.962646, 8.630797 ], [ -71.962044, 8.631106 ], [ -71.961479, 8.631343 ], [ -71.960968, 8.631737 ], [ -71.960670, 8.632258 ], [ -71.960968, 8.632749 ], [ -71.961418, 8.633347 ], [ -71.961296, 8.634021 ], [ -71.960968, 8.634520 ], [ -71.960304, 8.634623 ], [ -71.959755, 8.634331 ], [ -71.959236, 8.634035 ], [ -71.958641, 8.633814 ], [ -71.957993, 8.634583 ], [ -71.957962, 8.635413 ], [ -71.957855, 8.635994 ], [ -71.957169, 8.636099 ], [ -71.956139, 8.635439 ], [ -71.955460, 8.635727 ], [ -71.955170, 8.636387 ], [ -71.955460, 8.637016 ], [ -71.956108, 8.637442 ], [ -71.956673, 8.637689 ], [ -71.956985, 8.638386 ], [ -71.957138, 8.639045 ], [ -71.957664, 8.639408 ], [ -71.958290, 8.639377 ], [ -71.958893, 8.639482 ], [ -71.959396, 8.639802 ], [ -71.959923, 8.640119 ], [ -71.960548, 8.640201 ], [ -71.961136, 8.639895 ], [ -71.961693, 8.639382 ], [ -71.962425, 8.639298 ], [ -71.963020, 8.639635 ], [ -71.963150, 8.640319 ], [ -71.963234, 8.641027 ], [ -71.963608, 8.641490 ], [ -71.964249, 8.641388 ], [ -71.964966, 8.641443 ], [ -71.965553, 8.641620 ], [ -71.966217, 8.641884 ], [ -71.966698, 8.642296 ], [ -71.967163, 8.642732 ], [ -71.967697, 8.643164 ], [ -71.968285, 8.643824 ], [ -71.968658, 8.644402 ], [ -71.968926, 8.645032 ], [ -71.968964, 8.645766 ], [ -71.968765, 8.646375 ], [ -71.968613, 8.646934 ], [ -71.968803, 8.647523 ], [ -71.969459, 8.647673 ], [ -71.969963, 8.647991 ], [ -71.970451, 8.648496 ], [ -71.970833, 8.649142 ], [ -71.971245, 8.649604 ], [ -71.971535, 8.650164 ], [ -71.971954, 8.650717 ], [ -71.972465, 8.651151 ], [ -71.973312, 8.651428 ], [ -71.973877, 8.651261 ], [ -71.974152, 8.650649 ], [ -71.974373, 8.650085 ], [ -71.974907, 8.649644 ], [ -71.975647, 8.649696 ], [ -71.976441, 8.649793 ], [ -71.977096, 8.649460 ], [ -71.977631, 8.649155 ], [ -71.978210, 8.649056 ], [ -71.978691, 8.649492 ], [ -71.979385, 8.649432 ], [ -71.980133, 8.649162 ], [ -71.980705, 8.649018 ], [ -71.981392, 8.649328 ], [ -71.981972, 8.649390 ], [ -71.982399, 8.649160 ], [ -71.982575, 8.648640 ], [ -71.982819, 8.648148 ], [ -71.983009, 8.647633 ], [ -71.983154, 8.647102 ], [ -71.983246, 8.646561 ], [ -71.983276, 8.646012 ], [ -71.983048, 8.643826 ], [ -71.983055, 8.643276 ], [ -71.983215, 8.642752 ], [ -71.983452, 8.642253 ], [ -71.983711, 8.641769 ], [ -71.984032, 8.641323 ], [ -71.984962, 8.640736 ], [ -71.985191, 8.640259 ], [ -71.985039, 8.639734 ], [ -71.984817, 8.639238 ], [ -71.984947, 8.638704 ], [ -71.985100, 8.638175 ], [ -71.984932, 8.637662 ], [ -71.984642, 8.637195 ], [ -71.984344, 8.636734 ], [ -71.984009, 8.636295 ], [ -71.983597, 8.635930 ], [ -71.983147, 8.635612 ], [ -71.982681, 8.635311 ], [ -71.982406, 8.634865 ], [ -71.982391, 8.634319 ], [ -71.982147, 8.633827 ], [ -71.981674, 8.633553 ], [ -71.981132, 8.633471 ], [ -71.980705, 8.633130 ], [ -71.980553, 8.632613 ], [ -71.980621, 8.632067 ], [ -71.980553, 8.631521 ], [ -71.980385, 8.630999 ], [ -71.980202, 8.630481 ], [ -71.980186, 8.629932 ], [ -71.980271, 8.629390 ], [ -71.980446, 8.628869 ], [ -71.980705, 8.628384 ], [ -71.981033, 8.627940 ], [ -71.981254, 8.627439 ], [ -71.981407, 8.626912 ], [ -71.981545, 8.626378 ], [ -71.981659, 8.625840 ], [ -71.982010, 8.624799 ], [ -71.982201, 8.624283 ], [ -71.982643, 8.623277 ], [ -71.982903, 8.622790 ], [ -71.983192, 8.622321 ], [ -71.983841, 8.621437 ], [ -71.984085, 8.620948 ], [ -71.984085, 8.620400 ], [ -71.983826, 8.619926 ], [ -71.983399, 8.619578 ], [ -71.982979, 8.619224 ], [ -71.982727, 8.618740 ], [ -71.982757, 8.618193 ], [ -71.982712, 8.617651 ], [ -71.982521, 8.617136 ], [ -71.982453, 8.616592 ], [ -71.982460, 8.616041 ], [ -71.982399, 8.615498 ], [ -71.982284, 8.614959 ], [ -71.982140, 8.614427 ], [ -71.981934, 8.613918 ], [ -71.981674, 8.613432 ], [ -71.981369, 8.612978 ], [ -71.980995, 8.612571 ], [ -71.980575, 8.612215 ], [ -71.980102, 8.611936 ], [ -71.979599, 8.611714 ], [ -71.979088, 8.611508 ], [ -71.978561, 8.611324 ], [ -71.978012, 8.611303 ], [ -71.977463, 8.611306 ], [ -71.976914, 8.611249 ], [ -71.976372, 8.611125 ], [ -71.975884, 8.610878 ], [ -71.975487, 8.610496 ], [ -71.975189, 8.610037 ], [ -71.974922, 8.609553 ], [ -71.974617, 8.609098 ], [ -71.974381, 8.608602 ], [ -71.973976, 8.608225 ], [ -71.973648, 8.607788 ], [ -71.973564, 8.607251 ], [ -71.973640, 8.606706 ], [ -71.973617, 8.606173 ], [ -71.973236, 8.605779 ], [ -71.972756, 8.605499 ], [ -71.972214, 8.605390 ], [ -71.971825, 8.605042 ], [ -71.971718, 8.604505 ], [ -71.971817, 8.603969 ], [ -71.972160, 8.603545 ], [ -71.972595, 8.603204 ], [ -71.973144, 8.603246 ], [ -71.973595, 8.602984 ], [ -71.973770, 8.602471 ], [ -71.973770, 8.601922 ], [ -71.973511, 8.599738 ], [ -71.973404, 8.599199 ], [ -71.973328, 8.598658 ], [ -71.973435, 8.598119 ], [ -71.973640, 8.597609 ], [ -71.973770, 8.597075 ], [ -71.973824, 8.596528 ], [ -71.973824, 8.595980 ], [ -71.973740, 8.595435 ], [ -71.973694, 8.594888 ], [ -71.973770, 8.594347 ], [ -71.973968, 8.593834 ], [ -71.974259, 8.593142 ], [ -71.974647, 8.592114 ], [ -71.975021, 8.591079 ], [ -71.975449, 8.590065 ], [ -71.975655, 8.589555 ], [ -71.975845, 8.589041 ], [ -71.976021, 8.588517 ], [ -71.976173, 8.587991 ], [ -71.976379, 8.587480 ], [ -71.976570, 8.586966 ], [ -71.976914, 8.585917 ], [ -71.977096, 8.585401 ], [ -71.977348, 8.584912 ], [ -71.977661, 8.584456 ], [ -71.978355, 8.583606 ], [ -71.979019, 8.582728 ], [ -71.979309, 8.582259 ], [ -71.979569, 8.581776 ], [ -71.979858, 8.581304 ], [ -71.980095, 8.580810 ], [ -71.980537, 8.579802 ], [ -71.980926, 8.578772 ], [ -71.981132, 8.578263 ], [ -71.981354, 8.577760 ], [ -71.982117, 8.576297 ], [ -71.982498, 8.575264 ], [ -71.982681, 8.574745 ], [ -71.982826, 8.574215 ], [ -71.982956, 8.573682 ], [ -71.982994, 8.573134 ], [ -71.982910, 8.572591 ], [ -71.982681, 8.572095 ], [ -71.982330, 8.571674 ], [ -71.981918, 8.571305 ], [ -71.981552, 8.570890 ], [ -71.981384, 8.570376 ], [ -71.981308, 8.569831 ], [ -71.981262, 8.569283 ], [ -71.981308, 8.568738 ], [ -71.981689, 8.567743 ], [ -71.981628, 8.567198 ], [ -71.981453, 8.566677 ], [ -71.981346, 8.566137 ], [ -71.981285, 8.565591 ], [ -71.981254, 8.565043 ], [ -71.981232, 8.563944 ], [ -71.981254, 8.563395 ], [ -71.981384, 8.562860 ], [ -71.981667, 8.561989 ], [ -71.981865, 8.561283 ], [ -71.981979, 8.560803 ], [ -71.982071, 8.560204 ], [ -71.981819, 8.559723 ], [ -71.981735, 8.559195 ], [ -71.981857, 8.558657 ], [ -71.981888, 8.558115 ], [ -71.981682, 8.557604 ], [ -71.981049, 8.556703 ], [ -71.980835, 8.556202 ], [ -71.980675, 8.555676 ], [ -71.980537, 8.555312 ], [ -71.980263, 8.554656 ], [ -71.979774, 8.553670 ], [ -71.979569, 8.553161 ], [ -71.979416, 8.552632 ], [ -71.979195, 8.552140 ], [ -71.978721, 8.551861 ], [ -71.978295, 8.551510 ], [ -71.977936, 8.551092 ], [ -71.977692, 8.550599 ], [ -71.977585, 8.550060 ], [ -71.977569, 8.549512 ], [ -71.977631, 8.548965 ], [ -71.977882, 8.547895 ], [ -71.977951, 8.547350 ], [ -71.977920, 8.546803 ], [ -71.977631, 8.545741 ], [ -71.977501, 8.545208 ], [ -71.977158, 8.544163 ], [ -71.976967, 8.543645 ], [ -71.976875, 8.543109 ], [ -71.977112, 8.542035 ], [ -71.977173, 8.541489 ], [ -71.977058, 8.540956 ], [ -71.976997, 8.540832 ], [ -71.976631, 8.539941 ], [ -71.976441, 8.539425 ], [ -71.976265, 8.538905 ], [ -71.976036, 8.538406 ], [ -71.975800, 8.538084 ], [ -71.974236, 8.535047 ], [ -71.973953, 8.533983 ], [ -71.973740, 8.533022 ], [ -71.973633, 8.532368 ], [ -71.973579, 8.531820 ], [ -71.973503, 8.530724 ], [ -71.973381, 8.530187 ], [ -71.973190, 8.529674 ], [ -71.972740, 8.528669 ], [ -71.972481, 8.528184 ], [ -71.972160, 8.527733 ], [ -71.971779, 8.527339 ], [ -71.971352, 8.526987 ], [ -71.971084, 8.526678 ], [ -71.970764, 8.526077 ], [ -71.970703, 8.525531 ], [ -71.970634, 8.525178 ], [ -71.970467, 8.524457 ], [ -71.970329, 8.523926 ], [ -71.970177, 8.523398 ], [ -71.969833, 8.522353 ], [ -71.969810, 8.521805 ], [ -71.969856, 8.521336 ], [ -71.969955, 8.520716 ], [ -71.970001, 8.520169 ], [ -71.969971, 8.519684 ], [ -71.969894, 8.519076 ], [ -71.969810, 8.518533 ], [ -71.969742, 8.517986 ], [ -71.969513, 8.516912 ], [ -71.969444, 8.516367 ], [ -71.969414, 8.515818 ], [ -71.969452, 8.515269 ], [ -71.973511, 8.511688 ], [ -71.981567, 8.504781 ], [ -71.986305, 8.500893 ], [ -71.994179, 8.494084 ], [ -71.997498, 8.491647 ], [ -71.999222, 8.490230 ], [ -72.001953, 8.488168 ], [ -72.050194, 8.447619 ], [ -72.068718, 8.431837 ], [ -72.082977, 8.431245 ], [ -72.087677, 8.431050 ], [ -72.147720, 8.428456 ], [ -72.156067, 8.428051 ], [ -72.171554, 8.427299 ], [ -72.178726, 8.426950 ], [ -72.214806, 8.425426 ], [ -72.219414, 8.423030 ], [ -72.269402, 8.397716 ], [ -72.306694, 8.378917 ], [ -72.306847, 8.379466 ], [ -72.306976, 8.380152 ], [ -72.307083, 8.380771 ], [ -72.307121, 8.381413 ], [ -72.307175, 8.381987 ], [ -72.307220, 8.383847 ], [ -72.307282, 8.384491 ], [ -72.307365, 8.385200 ], [ -72.307449, 8.385773 ], [ -72.307510, 8.386507 ], [ -72.307526, 8.387081 ], [ -72.307472, 8.387841 ], [ -72.307480, 8.388416 ], [ -72.307464, 8.389727 ], [ -72.307526, 8.390346 ], [ -72.307564, 8.390943 ], [ -72.307815, 8.392087 ], [ -72.307991, 8.392727 ], [ -72.308190, 8.393297 ], [ -72.308304, 8.394098 ], [ -72.308571, 8.394828 ], [ -72.308861, 8.395397 ], [ -72.309151, 8.395943 ], [ -72.310181, 8.397507 ], [ -72.310494, 8.398028 ], [ -72.310852, 8.398595 ], [ -72.311279, 8.399183 ], [ -72.312042, 8.400339 ], [ -72.312332, 8.400885 ], [ -72.312737, 8.401496 ], [ -72.313217, 8.402290 ], [ -72.314339, 8.403807 ], [ -72.314789, 8.404325 ], [ -72.315216, 8.404867 ], [ -72.315620, 8.405457 ], [ -72.315910, 8.406001 ], [ -72.316315, 8.406659 ], [ -72.316635, 8.407388 ], [ -72.317101, 8.408574 ], [ -72.317322, 8.409212 ], [ -72.317528, 8.410013 ], [ -72.317848, 8.412005 ], [ -72.317902, 8.412580 ], [ -72.318222, 8.414457 ], [ -72.318352, 8.415029 ], [ -72.318459, 8.415669 ], [ -72.318855, 8.417800 ], [ -72.318886, 8.418373 ], [ -72.318977, 8.419313 ], [ -72.319084, 8.419909 ], [ -72.319168, 8.420642 ], [ -72.319275, 8.421399 ], [ -72.319313, 8.422064 ], [ -72.319397, 8.422706 ], [ -72.319443, 8.423419 ], [ -72.319496, 8.424061 ], [ -72.319740, 8.425457 ], [ -72.320038, 8.427520 ], [ -72.320145, 8.428115 ], [ -72.320404, 8.429420 ], [ -72.320755, 8.431642 ], [ -72.320839, 8.432237 ], [ -72.320946, 8.432856 ], [ -72.321022, 8.433428 ], [ -72.321152, 8.434116 ], [ -72.321259, 8.434779 ], [ -72.321319, 8.435399 ], [ -72.321350, 8.436593 ], [ -72.321342, 8.437191 ], [ -72.321304, 8.437813 ], [ -72.321319, 8.438411 ], [ -72.321312, 8.439076 ], [ -72.321327, 8.439651 ], [ -72.321312, 8.440249 ], [ -72.321342, 8.441628 ], [ -72.321404, 8.442292 ], [ -72.321350, 8.442891 ], [ -72.321319, 8.443466 ], [ -72.321289, 8.446202 ], [ -72.321297, 8.446801 ], [ -72.321266, 8.447468 ], [ -72.321304, 8.448087 ], [ -72.321297, 8.448709 ], [ -72.321373, 8.450040 ], [ -72.321388, 8.450706 ], [ -72.321426, 8.451302 ], [ -72.321434, 8.451900 ], [ -72.321495, 8.452518 ], [ -72.321579, 8.453206 ], [ -72.321907, 8.454464 ], [ -72.322105, 8.455080 ], [ -72.322304, 8.455743 ], [ -72.322388, 8.456362 ], [ -72.322426, 8.457005 ], [ -72.322510, 8.457576 ], [ -72.322571, 8.458220 ], [ -72.322678, 8.458838 ], [ -72.322762, 8.459456 ], [ -72.322869, 8.460144 ], [ -72.322998, 8.460714 ], [ -72.323166, 8.461309 ], [ -72.323814, 8.463182 ], [ -72.324059, 8.463842 ], [ -72.324234, 8.464391 ], [ -72.324715, 8.465507 ], [ -72.325745, 8.466977 ], [ -72.326126, 8.467590 ], [ -72.326462, 8.468225 ], [ -72.327271, 8.469175 ], [ -72.327721, 8.469556 ], [ -72.328148, 8.470029 ], [ -72.328545, 8.470526 ], [ -72.328911, 8.471207 ], [ -72.329224, 8.471705 ], [ -72.329513, 8.472299 ], [ -72.329826, 8.472843 ], [ -72.330185, 8.473410 ], [ -72.330834, 8.474567 ], [ -72.331169, 8.475089 ], [ -72.331818, 8.476225 ], [ -72.332131, 8.476862 ], [ -72.332397, 8.477431 ], [ -72.332641, 8.478092 ], [ -72.332909, 8.478639 ], [ -72.333252, 8.479413 ], [ -72.333465, 8.479958 ], [ -72.333977, 8.481901 ], [ -72.334129, 8.482589 ], [ -72.334442, 8.483249 ], [ -72.334778, 8.483793 ], [ -72.335136, 8.484428 ], [ -72.335388, 8.485067 ], [ -72.335556, 8.485638 ], [ -72.335800, 8.486229 ], [ -72.336044, 8.486753 ], [ -72.336266, 8.487392 ], [ -72.336784, 8.488761 ], [ -72.337074, 8.489443 ], [ -72.337387, 8.490057 ], [ -72.337685, 8.490740 ], [ -72.337952, 8.491263 ], [ -72.338242, 8.491900 ], [ -72.338440, 8.492494 ], [ -72.338615, 8.493065 ], [ -72.338806, 8.494487 ], [ -72.338913, 8.495173 ], [ -72.339066, 8.495791 ], [ -72.339264, 8.496339 ], [ -72.339638, 8.497687 ], [ -72.339745, 8.498259 ], [ -72.339874, 8.499060 ], [ -72.339935, 8.499679 ], [ -72.340065, 8.500411 ], [ -72.340370, 8.501533 ], [ -72.340614, 8.502077 ], [ -72.340881, 8.502761 ], [ -72.341171, 8.503261 ], [ -72.341553, 8.503851 ], [ -72.341957, 8.504349 ], [ -72.342430, 8.504728 ], [ -72.343857, 8.505316 ], [ -72.344398, 8.504783 ], [ -72.344940, 8.504220 ], [ -72.345619, 8.503591 ], [ -72.346191, 8.502936 ], [ -72.346909, 8.502515 ], [ -72.347504, 8.502045 ], [ -72.348519, 8.500689 ], [ -72.349068, 8.499918 ], [ -72.349640, 8.499148 ], [ -72.350090, 8.498331 ], [ -72.350433, 8.497557 ], [ -72.350677, 8.496828 ], [ -72.350761, 8.496047 ], [ -72.350639, 8.495241 ], [ -72.350357, 8.494476 ], [ -72.349747, 8.493821 ], [ -72.349182, 8.493190 ], [ -72.348503, 8.492715 ], [ -72.347931, 8.492151 ], [ -72.347366, 8.491634 ], [ -72.346870, 8.491051 ], [ -72.346397, 8.490466 ], [ -72.346046, 8.489747 ], [ -72.345924, 8.488872 ], [ -72.346008, 8.488022 ], [ -72.346214, 8.487201 ], [ -72.346641, 8.486383 ], [ -72.347191, 8.485567 ], [ -72.347664, 8.485003 ], [ -72.348442, 8.484444 ], [ -72.349350, 8.484049 ], [ -72.350090, 8.483881 ], [ -72.350990, 8.483740 ], [ -72.351967, 8.483530 ], [ -72.352684, 8.483360 ], [ -72.354317, 8.482841 ], [ -72.355057, 8.482514 ], [ -72.355805, 8.482139 ], [ -72.356438, 8.481716 ], [ -72.357094, 8.481223 ], [ -72.357803, 8.480550 ], [ -72.358368, 8.479941 ], [ -72.358849, 8.479077 ], [ -72.359047, 8.478302 ], [ -72.359062, 8.477521 ], [ -72.359215, 8.476765 ], [ -72.359192, 8.475892 ], [ -72.359001, 8.475038 ], [ -72.358711, 8.474319 ], [ -72.358131, 8.473641 ], [ -72.357468, 8.473260 ], [ -72.356880, 8.472719 ], [ -72.356117, 8.472497 ], [ -72.355263, 8.472479 ], [ -72.354370, 8.472346 ], [ -72.353332, 8.472208 ], [ -72.352478, 8.472053 ], [ -72.351631, 8.471807 ], [ -72.350044, 8.471589 ], [ -72.349220, 8.471294 ], [ -72.348694, 8.470758 ], [ -72.348152, 8.470171 ], [ -72.347778, 8.469405 ], [ -72.347519, 8.468688 ], [ -72.347298, 8.467925 ], [ -72.347176, 8.467142 ], [ -72.347267, 8.466201 ], [ -72.347442, 8.465378 ], [ -72.347626, 8.464646 ], [ -72.347847, 8.463847 ], [ -72.348168, 8.463004 ], [ -72.348572, 8.462231 ], [ -72.348984, 8.461527 ], [ -72.349411, 8.460823 ], [ -72.349861, 8.459983 ], [ -72.350296, 8.459349 ], [ -72.350807, 8.457936 ], [ -72.350937, 8.456100 ], [ -72.350784, 8.454535 ], [ -72.350617, 8.453773 ], [ -72.350472, 8.453035 ], [ -72.350281, 8.452204 ], [ -72.350082, 8.451489 ], [ -72.349899, 8.450610 ], [ -72.349754, 8.449850 ], [ -72.349693, 8.448217 ], [ -72.349594, 8.447388 ], [ -72.349472, 8.446627 ], [ -72.349320, 8.445016 ], [ -72.349335, 8.444144 ], [ -72.349449, 8.443342 ], [ -72.349647, 8.442564 ], [ -72.350639, 8.440311 ], [ -72.350952, 8.439651 ], [ -72.351356, 8.438971 ], [ -72.351784, 8.438360 ], [ -72.352470, 8.437731 ], [ -72.353058, 8.437284 ], [ -72.353989, 8.436729 ], [ -72.354919, 8.436310 ], [ -72.355644, 8.435958 ], [ -72.356552, 8.435586 ], [ -72.358063, 8.435182 ], [ -72.358780, 8.435013 ], [ -72.359619, 8.434869 ], [ -72.360405, 8.434817 ], [ -72.362221, 8.434947 ], [ -72.363327, 8.435061 ], [ -72.364067, 8.435239 ], [ -72.364914, 8.435370 ], [ -72.365768, 8.435296 ], [ -72.366470, 8.434965 ], [ -72.366898, 8.434286 ], [ -72.367035, 8.433461 ], [ -72.366882, 8.432746 ], [ -72.366486, 8.431955 ], [ -72.366013, 8.431257 ], [ -72.365639, 8.430583 ], [ -72.365349, 8.429819 ], [ -72.365273, 8.428990 ], [ -72.365593, 8.428261 ], [ -72.366180, 8.427768 ], [ -72.366921, 8.427646 ], [ -72.367798, 8.427618 ], [ -72.368652, 8.427796 ], [ -72.369469, 8.428158 ], [ -72.370583, 8.429307 ], [ -72.371307, 8.430770 ], [ -72.371643, 8.431466 ], [ -72.371880, 8.432184 ], [ -72.372032, 8.432921 ], [ -72.372063, 8.433725 ], [ -72.372551, 8.434380 ], [ -72.373383, 8.434557 ], [ -72.374260, 8.434415 ], [ -72.375046, 8.434500 ], [ -72.375870, 8.434885 ], [ -72.376602, 8.434970 ], [ -72.377525, 8.434942 ], [ -72.378158, 8.434426 ], [ -72.378571, 8.433723 ], [ -72.378769, 8.433016 ], [ -72.378876, 8.432144 ], [ -72.378693, 8.431199 ], [ -72.378593, 8.430415 ], [ -72.378586, 8.429520 ], [ -72.378609, 8.428577 ], [ -72.378807, 8.427731 ], [ -72.378868, 8.426929 ], [ -72.378998, 8.426173 ], [ -72.379112, 8.425326 ], [ -72.379356, 8.424526 ], [ -72.379830, 8.423824 ], [ -72.380371, 8.423329 ], [ -72.381058, 8.422725 ], [ -72.381714, 8.422162 ], [ -72.382530, 8.421652 ], [ -72.383400, 8.421164 ], [ -72.384422, 8.420774 ], [ -72.385208, 8.420559 ], [ -72.386017, 8.420484 ], [ -72.386757, 8.420430 ], [ -72.387573, 8.420263 ], [ -72.388451, 8.420052 ], [ -72.389267, 8.419793 ], [ -72.389923, 8.419346 ], [ -72.390419, 8.418759 ], [ -72.390480, 8.418003 ], [ -72.390404, 8.417220 ], [ -72.390236, 8.416412 ], [ -72.389976, 8.415649 ], [ -72.389732, 8.414840 ], [ -72.389496, 8.413985 ], [ -72.389473, 8.413088 ], [ -72.389603, 8.412263 ], [ -72.389847, 8.411488 ], [ -72.390259, 8.410786 ], [ -72.390709, 8.410173 ], [ -72.391456, 8.409546 ], [ -72.392090, 8.409121 ], [ -72.392998, 8.408795 ], [ -72.393715, 8.408651 ], [ -72.394478, 8.408668 ], [ -72.395310, 8.408659 ], [ -72.396179, 8.408817 ], [ -72.397034, 8.408880 ], [ -72.397911, 8.409013 ], [ -72.398789, 8.409169 ], [ -72.399590, 8.409208 ], [ -72.400452, 8.409087 ], [ -72.401283, 8.408737 ], [ -72.401649, 8.407942 ], [ -72.401527, 8.407204 ], [ -72.401192, 8.406461 ], [ -72.400604, 8.405853 ], [ -72.399857, 8.405376 ], [ -72.399048, 8.405200 ], [ -72.398201, 8.405136 ], [ -72.397415, 8.404960 ], [ -72.396591, 8.404712 ], [ -72.395783, 8.404534 ], [ -72.395050, 8.404473 ], [ -72.394287, 8.404367 ], [ -72.393509, 8.404120 ], [ -72.392853, 8.403647 ], [ -72.392494, 8.402973 ], [ -72.392189, 8.402118 ], [ -72.392044, 8.401173 ], [ -72.392059, 8.400369 ], [ -72.392334, 8.399616 ], [ -72.392990, 8.399009 ], [ -72.393890, 8.398821 ], [ -72.394699, 8.398791 ], [ -72.395393, 8.399035 ], [ -72.396126, 8.399234 ], [ -72.396858, 8.399550 ], [ -72.397682, 8.399657 ], [ -72.398605, 8.399675 ], [ -72.399422, 8.399601 ], [ -72.400230, 8.399365 ], [ -72.400978, 8.399059 ], [ -72.401634, 8.398589 ], [ -72.402245, 8.398005 ], [ -72.402786, 8.397350 ], [ -72.403259, 8.396694 ], [ -72.403648, 8.396058 ], [ -72.403893, 8.395283 ], [ -72.404045, 8.394459 ], [ -72.404137, 8.393587 ], [ -72.404244, 8.392716 ], [ -72.404213, 8.391982 ], [ -72.404114, 8.391174 ], [ -72.403877, 8.390456 ], [ -72.403664, 8.389649 ], [ -72.403351, 8.388953 ], [ -72.402947, 8.388324 ], [ -72.402573, 8.387537 ], [ -72.402214, 8.386863 ], [ -72.401840, 8.385913 ], [ -72.401588, 8.384988 ], [ -72.401230, 8.384131 ], [ -72.400902, 8.383298 ], [ -72.400673, 8.382397 ], [ -72.400223, 8.381584 ], [ -72.399895, 8.380887 ], [ -72.399628, 8.380146 ], [ -72.399559, 8.379250 ], [ -72.399551, 8.378398 ], [ -72.399704, 8.377597 ], [ -72.399879, 8.376865 ], [ -72.400032, 8.376064 ], [ -72.400238, 8.375242 ], [ -72.400643, 8.374562 ], [ -72.401146, 8.373859 ], [ -72.401802, 8.373184 ], [ -72.402435, 8.372622 ], [ -72.403145, 8.372040 ], [ -72.403824, 8.371518 ], [ -72.404716, 8.371957 ], [ -72.405449, 8.371995 ], [ -72.406235, 8.371897 ], [ -72.406959, 8.371681 ], [ -72.407722, 8.371536 ], [ -72.408554, 8.371439 ], [ -72.409294, 8.371293 ], [ -72.410118, 8.371564 ], [ -72.410736, 8.371966 ], [ -72.411346, 8.372531 ], [ -72.411636, 8.373224 ], [ -72.411736, 8.373963 ], [ -72.411789, 8.374744 ], [ -72.411705, 8.375480 ], [ -72.411461, 8.376209 ], [ -72.411003, 8.376935 ], [ -72.410622, 8.377593 ], [ -72.410149, 8.378180 ], [ -72.409561, 8.378719 ], [ -72.409065, 8.379285 ], [ -72.408569, 8.380009 ], [ -72.408386, 8.380717 ], [ -72.408562, 8.381479 ], [ -72.409050, 8.382224 ], [ -72.409569, 8.382740 ], [ -72.410164, 8.383259 ], [ -72.410866, 8.383755 ], [ -72.412445, 8.384408 ], [ -72.413223, 8.384700 ], [ -72.413933, 8.384897 ], [ -72.414787, 8.384961 ], [ -72.415527, 8.385000 ], [ -72.416351, 8.385156 ], [ -72.417114, 8.385285 ], [ -72.417915, 8.385601 ], [ -72.418556, 8.385958 ], [ -72.419380, 8.386229 ], [ -72.420112, 8.386427 ], [ -72.420853, 8.386511 ], [ -72.421662, 8.386550 ], [ -72.423187, 8.386352 ], [ -72.423927, 8.386161 ], [ -72.424743, 8.385924 ], [ -72.425529, 8.385940 ], [ -72.426117, 8.386389 ], [ -72.426659, 8.386976 ], [ -72.427132, 8.387559 ], [ -72.427719, 8.388190 ], [ -72.428848, 8.389364 ], [ -72.429527, 8.389997 ], [ -72.430160, 8.390609 ], [ -72.430755, 8.391218 ], [ -72.431335, 8.391850 ], [ -72.432732, 8.393648 ], [ -72.433250, 8.394393 ], [ -72.433723, 8.394978 ], [ -72.434174, 8.395561 ], [ -72.434715, 8.396238 ], [ -72.435280, 8.396733 ], [ -72.435936, 8.397458 ], [ -72.436707, 8.398256 ], [ -72.438019, 8.399478 ], [ -72.438561, 8.400040 ], [ -72.439102, 8.400579 ], [ -72.439598, 8.401119 ], [ -72.440773, 8.402498 ], [ -72.441490, 8.403386 ], [ -72.441986, 8.404062 ], [ -72.443154, 8.405579 ], [ -72.443695, 8.406211 ], [ -72.444260, 8.406843 ], [ -72.444756, 8.407382 ], [ -72.445328, 8.407920 ], [ -72.447334, 8.410008 ], [ -72.448013, 8.410689 ], [ -72.448555, 8.411273 ], [ -72.449028, 8.411836 ], [ -72.450455, 8.413359 ], [ -72.450973, 8.413965 ], [ -72.451515, 8.414552 ], [ -72.452011, 8.415113 ], [ -72.452553, 8.415699 ], [ -72.453545, 8.416866 ], [ -72.454178, 8.417500 ], [ -72.454811, 8.418181 ], [ -72.456825, 8.420265 ], [ -72.457458, 8.420946 ], [ -72.458634, 8.422302 ], [ -72.459289, 8.423004 ], [ -72.460030, 8.423893 ], [ -72.460571, 8.424480 ], [ -72.461136, 8.425041 ], [ -72.461792, 8.425790 ], [ -72.462357, 8.426376 ], [ -72.462921, 8.427031 ], [ -72.463554, 8.427848 ], [ -72.464027, 8.428410 ], [ -72.464523, 8.428970 ], [ -72.465111, 8.429603 ], [ -72.465744, 8.430190 ], [ -72.466492, 8.430918 ], [ -72.467033, 8.431503 ], [ -72.467552, 8.432088 ], [ -72.468071, 8.432650 ], [ -72.468681, 8.433353 ], [ -72.469200, 8.433983 ], [ -72.470375, 8.435340 ], [ -72.470955, 8.436064 ], [ -72.471565, 8.436743 ], [ -72.472740, 8.438007 ], [ -72.473373, 8.438594 ], [ -72.474014, 8.439252 ], [ -72.475143, 8.440493 ], [ -72.475723, 8.441239 ], [ -72.476265, 8.441963 ], [ -72.476761, 8.442548 ], [ -72.477211, 8.443130 ], [ -72.477730, 8.443718 ], [ -72.478363, 8.444349 ], [ -72.479156, 8.445102 ], [ -72.479813, 8.445666 ], [ -72.480515, 8.446300 ], [ -72.481201, 8.446889 ], [ -72.482277, 8.448153 ], [ -72.482704, 8.448850 ], [ -72.483154, 8.449480 ], [ -72.483765, 8.450158 ], [ -72.484306, 8.450743 ], [ -72.485008, 8.451470 ], [ -72.485664, 8.452173 ], [ -72.486206, 8.452712 ], [ -72.486771, 8.453299 ], [ -72.487900, 8.454516 ], [ -72.488373, 8.455078 ], [ -72.488915, 8.455686 ], [ -72.489548, 8.456343 ], [ -72.490181, 8.456929 ], [ -72.490799, 8.457470 ], [ -72.491974, 8.458644 ], [ -72.492653, 8.459370 ], [ -72.493088, 8.459905 ], [ -72.493828, 8.460703 ], [ -72.494392, 8.461244 ], [ -72.494911, 8.461828 ], [ -72.495522, 8.462462 ], [ -72.496155, 8.463232 ], [ -72.497261, 8.464473 ], [ -72.497841, 8.465289 ], [ -72.498360, 8.465966 ], [ -72.499352, 8.467227 ], [ -72.499824, 8.467850 ], [ -72.500076, 8.468141 ], [ -72.501152, 8.469512 ], [ -72.502663, 8.471309 ], [ -72.503136, 8.471849 ], [ -72.503548, 8.472366 ], [ -72.504318, 8.473425 ], [ -72.504723, 8.474058 ], [ -72.505112, 8.474553 ], [ -72.506149, 8.475995 ], [ -72.506531, 8.476468 ], [ -72.506866, 8.476918 ], [ -72.507637, 8.477908 ], [ -72.508087, 8.478401 ], [ -72.508873, 8.479300 ], [ -72.509331, 8.479793 ], [ -72.510285, 8.480892 ], [ -72.511261, 8.481969 ], [ -72.511719, 8.482417 ], [ -72.512070, 8.482798 ], [ -72.513023, 8.483737 ], [ -72.513863, 8.484749 ], [ -72.514244, 8.485267 ], [ -72.514610, 8.485716 ], [ -72.515579, 8.486723 ], [ -72.515991, 8.487127 ], [ -72.516396, 8.487598 ], [ -72.516823, 8.488023 ], [ -72.518044, 8.489461 ], [ -72.518425, 8.489863 ], [ -72.519638, 8.491209 ], [ -72.520355, 8.491972 ], [ -72.520813, 8.492511 ], [ -72.521240, 8.493074 ], [ -72.521652, 8.493545 ], [ -72.522102, 8.494108 ], [ -72.522461, 8.494580 ], [ -72.523254, 8.495547 ], [ -72.523949, 8.496424 ], [ -72.524956, 8.497546 ], [ -72.525429, 8.498014 ], [ -72.525879, 8.498486 ], [ -72.526360, 8.498933 ], [ -72.526741, 8.499406 ], [ -72.527122, 8.499832 ], [ -72.527481, 8.500280 ], [ -72.528244, 8.501157 ], [ -72.528603, 8.501582 ], [ -72.529732, 8.503024 ], [ -72.530167, 8.503540 ], [ -72.530571, 8.503990 ], [ -72.530952, 8.504462 ], [ -72.531357, 8.504932 ], [ -72.531837, 8.505448 ], [ -72.532219, 8.505943 ], [ -72.532989, 8.506866 ], [ -72.533371, 8.507269 ], [ -72.534157, 8.508143 ], [ -72.534584, 8.508591 ], [ -72.535057, 8.509038 ], [ -72.535942, 8.510048 ], [ -72.536873, 8.511079 ], [ -72.537262, 8.511529 ], [ -72.537643, 8.512002 ], [ -72.538696, 8.513259 ], [ -72.539078, 8.513686 ], [ -72.539932, 8.514581 ], [ -72.540321, 8.515008 ], [ -72.540726, 8.515433 ], [ -72.541107, 8.515859 ], [ -72.541489, 8.516309 ], [ -72.541893, 8.516712 ], [ -72.542366, 8.517251 ], [ -72.542748, 8.517632 ], [ -72.543587, 8.518573 ], [ -72.543945, 8.518953 ], [ -72.544396, 8.519468 ], [ -72.544800, 8.519850 ], [ -72.546112, 8.521307 ], [ -72.546494, 8.521710 ], [ -72.547218, 8.522726 ], [ -72.548081, 8.523781 ], [ -72.548828, 8.524727 ], [ -72.549118, 8.525156 ], [ -72.549766, 8.526034 ], [ -72.550171, 8.526483 ], [ -72.550697, 8.527043 ], [ -72.551483, 8.527942 ], [ -72.551888, 8.528390 ], [ -72.552727, 8.529217 ], [ -72.553459, 8.530047 ], [ -72.553963, 8.530632 ], [ -72.554512, 8.531237 ], [ -72.555016, 8.531775 ], [ -72.555397, 8.532200 ], [ -72.555893, 8.532693 ], [ -72.556374, 8.533185 ], [ -72.556709, 8.533590 ], [ -72.557167, 8.534198 ], [ -72.557617, 8.534760 ], [ -72.558319, 8.535685 ], [ -72.558655, 8.536089 ], [ -72.559517, 8.537074 ], [ -72.560547, 8.538450 ], [ -72.560951, 8.538943 ], [ -72.562904, 8.541512 ], [ -72.563621, 8.542526 ], [ -72.564003, 8.542929 ], [ -72.565697, 8.544606 ], [ -72.566238, 8.545097 ], [ -72.567306, 8.546193 ], [ -72.567764, 8.546642 ], [ -72.568268, 8.547180 ], [ -72.568718, 8.547604 ], [ -72.570366, 8.549420 ], [ -72.570770, 8.549915 ], [ -72.571320, 8.550544 ], [ -72.572205, 8.551529 ], [ -72.572708, 8.552160 ], [ -72.573067, 8.552633 ], [ -72.573906, 8.553667 ], [ -72.574577, 8.554477 ], [ -72.575485, 8.555440 ], [ -72.575889, 8.555888 ], [ -72.576752, 8.556899 ], [ -72.577210, 8.557530 ], [ -72.577591, 8.558025 ], [ -72.578026, 8.558519 ], [ -72.578384, 8.558901 ], [ -72.578720, 8.559328 ], [ -72.579101, 8.559777 ], [ -72.579460, 8.560250 ], [ -72.579964, 8.560833 ], [ -72.580345, 8.561259 ], [ -72.581268, 8.562178 ], [ -72.581703, 8.562579 ], [ -72.582199, 8.563070 ], [ -72.582558, 8.563498 ], [ -72.583488, 8.564414 ], [ -72.583916, 8.564908 ], [ -72.584847, 8.565847 ], [ -72.585228, 8.566275 ], [ -72.585655, 8.566814 ], [ -72.586472, 8.567872 ], [ -72.586884, 8.568435 ], [ -72.587578, 8.569289 ], [ -72.588417, 8.570232 ], [ -72.588776, 8.570683 ], [ -72.589065, 8.571136 ], [ -72.589447, 8.571583 ], [ -72.589859, 8.572032 ], [ -72.590263, 8.572433 ], [ -72.590622, 8.572907 ], [ -72.590981, 8.573335 ], [ -72.591316, 8.573785 ], [ -72.591797, 8.574300 ], [ -72.592194, 8.574679 ], [ -72.592606, 8.575106 ], [ -72.593460, 8.576047 ], [ -72.593918, 8.576587 ], [ -72.594322, 8.576989 ], [ -72.594681, 8.577394 ], [ -72.595085, 8.577796 ], [ -72.595467, 8.578221 ], [ -72.595894, 8.578624 ], [ -72.596870, 8.579655 ], [ -72.597374, 8.580122 ], [ -72.597801, 8.580616 ], [ -72.598183, 8.581020 ], [ -72.598587, 8.581491 ], [ -72.598999, 8.581940 ], [ -72.599403, 8.582458 ], [ -72.599762, 8.582885 ], [ -72.600151, 8.583403 ], [ -72.600487, 8.583899 ], [ -72.600822, 8.584487 ], [ -72.601166, 8.584984 ], [ -72.601479, 8.585504 ], [ -72.601768, 8.585933 ], [ -72.602104, 8.586407 ], [ -72.602463, 8.586810 ], [ -72.602920, 8.587279 ], [ -72.603417, 8.587727 ], [ -72.603867, 8.588081 ], [ -72.604385, 8.588550 ], [ -72.604843, 8.589020 ], [ -72.605362, 8.589511 ], [ -72.605766, 8.589869 ], [ -72.606270, 8.590406 ], [ -72.606865, 8.591102 ], [ -72.607292, 8.591551 ], [ -72.607750, 8.591997 ], [ -72.608131, 8.592354 ], [ -72.608490, 8.592757 ], [ -72.608894, 8.593184 ], [ -72.609299, 8.593587 ], [ -72.609795, 8.594148 ], [ -72.610352, 8.594869 ], [ -72.610832, 8.595520 ], [ -72.611603, 8.596465 ], [ -72.611961, 8.596890 ], [ -72.612343, 8.597363 ], [ -72.612770, 8.597836 ], [ -72.613205, 8.598375 ], [ -72.614014, 8.599135 ], [ -72.614525, 8.599420 ], [ -72.615181, 8.599630 ], [ -72.615807, 8.599774 ], [ -72.616463, 8.599871 ], [ -72.617043, 8.599946 ], [ -72.617783, 8.600108 ], [ -72.618454, 8.600228 ], [ -72.618996, 8.600420 ], [ -72.619583, 8.600656 ], [ -72.620117, 8.600802 ], [ -72.621117, 8.600957 ], [ -72.622017, 8.601002 ], [ -72.622757, 8.600935 ], [ -72.623421, 8.600824 ], [ -72.624687, 8.600697 ], [ -72.625267, 8.600701 ], [ -72.625824, 8.600848 ], [ -72.626412, 8.601106 ], [ -72.626862, 8.601485 ], [ -72.627228, 8.602050 ], [ -72.627312, 8.602576 ], [ -72.627213, 8.603087 ], [ -72.626968, 8.603600 ], [ -72.626503, 8.604141 ], [ -72.626030, 8.604591 ], [ -72.625595, 8.604879 ], [ -72.625122, 8.605215 ], [ -72.624741, 8.605593 ], [ -72.624527, 8.606082 ], [ -72.624397, 8.606615 ], [ -72.624534, 8.607163 ], [ -72.624710, 8.607688 ], [ -72.624954, 8.608210 ], [ -72.625176, 8.608709 ], [ -72.625465, 8.609161 ], [ -72.625893, 8.609493 ], [ -72.626572, 8.609866 ], [ -72.627159, 8.610103 ], [ -72.627861, 8.610290 ], [ -72.628410, 8.610228 ], [ -72.628891, 8.609961 ], [ -72.629196, 8.609539 ], [ -72.629951, 8.608459 ], [ -72.630470, 8.607985 ], [ -72.630974, 8.607694 ], [ -72.631546, 8.607563 ], [ -72.632149, 8.607523 ], [ -72.632683, 8.607646 ], [ -72.633148, 8.607885 ], [ -72.633576, 8.608195 ], [ -72.633957, 8.608600 ], [ -72.634155, 8.609076 ], [ -72.634216, 8.609604 ], [ -72.634186, 8.610134 ], [ -72.634109, 8.610665 ], [ -72.633987, 8.611312 ], [ -72.633804, 8.611962 ], [ -72.633225, 8.612921 ], [ -72.632950, 8.613572 ], [ -72.633102, 8.614167 ], [ -72.633400, 8.614733 ], [ -72.633797, 8.615067 ], [ -72.634247, 8.615331 ], [ -72.634712, 8.615546 ], [ -72.635269, 8.615439 ], [ -72.635674, 8.615106 ], [ -72.636032, 8.614635 ], [ -72.636269, 8.614031 ], [ -72.636383, 8.613383 ], [ -72.636444, 8.612209 ], [ -72.636452, 8.611633 ], [ -72.636498, 8.610896 ], [ -72.636642, 8.610317 ], [ -72.637001, 8.609894 ], [ -72.637497, 8.609465 ], [ -72.638023, 8.609404 ], [ -72.638428, 8.609738 ], [ -72.638855, 8.610208 ], [ -72.639198, 8.610728 ], [ -72.639488, 8.611249 ], [ -72.639832, 8.611769 ], [ -72.640198, 8.612401 ], [ -72.640556, 8.612852 ], [ -72.641067, 8.613159 ], [ -72.641647, 8.613188 ], [ -72.642250, 8.613148 ], [ -72.642761, 8.613227 ], [ -72.643272, 8.613326 ], [ -72.643738, 8.613545 ], [ -72.644188, 8.613875 ], [ -72.644615, 8.614209 ], [ -72.644974, 8.614612 ], [ -72.645332, 8.615062 ], [ -72.645790, 8.615556 ], [ -72.646309, 8.615908 ], [ -72.646843, 8.616123 ], [ -72.647354, 8.616201 ], [ -72.647888, 8.616163 ], [ -72.648460, 8.616147 ], [ -72.649017, 8.616108 ], [ -72.649551, 8.616139 ], [ -72.650093, 8.616515 ], [ -72.650566, 8.616940 ], [ -72.650970, 8.617433 ], [ -72.651337, 8.617951 ], [ -72.651848, 8.618927 ], [ -72.652069, 8.619427 ], [ -72.652298, 8.619970 ], [ -72.652473, 8.620473 ], [ -72.652649, 8.621066 ], [ -72.652855, 8.621613 ], [ -72.653030, 8.622136 ], [ -72.653183, 8.622705 ], [ -72.653450, 8.623896 ], [ -72.653580, 8.624398 ], [ -72.653694, 8.625084 ], [ -72.653961, 8.626433 ], [ -72.654228, 8.627461 ], [ -72.654442, 8.628536 ], [ -72.654625, 8.629198 ], [ -72.654800, 8.629791 ], [ -72.654915, 8.630385 ], [ -72.655098, 8.631140 ], [ -72.655296, 8.631801 ], [ -72.655655, 8.632803 ], [ -72.655830, 8.633373 ], [ -72.656082, 8.634056 ], [ -72.656235, 8.634559 ], [ -72.656410, 8.635058 ], [ -72.656525, 8.635603 ], [ -72.656723, 8.636246 ], [ -72.656898, 8.636911 ], [ -72.657173, 8.638233 ], [ -72.657379, 8.639815 ], [ -72.657547, 8.641536 ], [ -72.657753, 8.642957 ], [ -72.657860, 8.643551 ], [ -72.658310, 8.645470 ], [ -72.658898, 8.647317 ], [ -72.659622, 8.649919 ], [ -72.659851, 8.650670 ], [ -72.660057, 8.651402 ], [ -72.660263, 8.652201 ], [ -72.660675, 8.653568 ], [ -72.661262, 8.655370 ], [ -72.661514, 8.656097 ], [ -72.662140, 8.658194 ], [ -72.662254, 8.658555 ], [ -72.662720, 8.659821 ], [ -72.662971, 8.660480 ], [ -72.663643, 8.663073 ], [ -72.663841, 8.663868 ], [ -72.663986, 8.664216 ], [ -72.664131, 8.664811 ], [ -72.664230, 8.665408 ], [ -72.664322, 8.666301 ], [ -72.664642, 8.667408 ], [ -72.742462, 9.000724 ], [ -72.742912, 9.002492 ], [ -72.743019, 9.003110 ], [ -72.743103, 9.003707 ], [ -72.743301, 9.004345 ], [ -72.743347, 9.005012 ], [ -72.743492, 9.005583 ], [ -72.743782, 9.007001 ], [ -72.743980, 9.007710 ], [ -72.744118, 9.008350 ], [ -72.744232, 9.009566 ], [ -72.744110, 9.010237 ], [ -72.744011, 9.010928 ], [ -72.744438, 9.011425 ], [ -72.744774, 9.012037 ], [ -72.744995, 9.012562 ], [ -72.745239, 9.013107 ], [ -72.745392, 9.013771 ], [ -72.745575, 9.015653 ], [ -72.745682, 9.016225 ], [ -72.745766, 9.016843 ], [ -72.745872, 9.017439 ], [ -72.746002, 9.018011 ], [ -72.746109, 9.018629 ], [ -72.746239, 9.019223 ], [ -72.746498, 9.020575 ], [ -72.746673, 9.021123 ], [ -72.747002, 9.022332 ], [ -72.747223, 9.023043 ], [ -72.747444, 9.023681 ], [ -72.747650, 9.024433 ], [ -72.747872, 9.025026 ], [ -72.748070, 9.025688 ], [ -72.748245, 9.026237 ], [ -72.748352, 9.026809 ], [ -72.748505, 9.027445 ], [ -72.748787, 9.028706 ], [ -72.748917, 9.029445 ], [ -72.749077, 9.030084 ], [ -72.749489, 9.031912 ], [ -72.749573, 9.032489 ], [ -72.749870, 9.033722 ], [ -72.750046, 9.035074 ], [ -72.750130, 9.035643 ], [ -72.750282, 9.036471 ], [ -72.750412, 9.037039 ], [ -72.750565, 9.037615 ], [ -72.750740, 9.038227 ], [ -72.750984, 9.038847 ], [ -72.751381, 9.039935 ], [ -72.751686, 9.041178 ], [ -72.751900, 9.042349 ], [ -72.752052, 9.043006 ], [ -72.752228, 9.043645 ], [ -72.752426, 9.044221 ], [ -72.752556, 9.044762 ], [ -72.752731, 9.045427 ], [ -72.752991, 9.046544 ], [ -72.753113, 9.047789 ], [ -72.753242, 9.048500 ], [ -72.753349, 9.049140 ], [ -72.753479, 9.049825 ], [ -72.753563, 9.050402 ], [ -72.753693, 9.051086 ], [ -72.753868, 9.051725 ], [ -72.754318, 9.052958 ], [ -72.754494, 9.053551 ], [ -72.754669, 9.054280 ], [ -72.754890, 9.054919 ], [ -72.755340, 9.056269 ], [ -72.755470, 9.056836 ], [ -72.755646, 9.057529 ], [ -72.755753, 9.058124 ], [ -72.755837, 9.058691 ], [ -72.755966, 9.059430 ], [ -72.756027, 9.060025 ], [ -72.756111, 9.060638 ], [ -72.756218, 9.061278 ], [ -72.756302, 9.061954 ], [ -72.756386, 9.062522 ], [ -72.756447, 9.063180 ], [ -72.756523, 9.064398 ], [ -72.756645, 9.064975 ], [ -72.756843, 9.065568 ], [ -72.757019, 9.066135 ], [ -72.757317, 9.066800 ], [ -72.757629, 9.067302 ], [ -72.757889, 9.067814 ], [ -72.758164, 9.068480 ], [ -72.758293, 9.069046 ], [ -72.758499, 9.070218 ], [ -72.758583, 9.070858 ], [ -72.758766, 9.071497 ], [ -72.759048, 9.072803 ], [ -72.759132, 9.073371 ], [ -72.759285, 9.074109 ], [ -72.759369, 9.074776 ], [ -72.759529, 9.075560 ], [ -72.759659, 9.076353 ], [ -72.759811, 9.076947 ], [ -72.759918, 9.077523 ], [ -72.760391, 9.077880 ], [ -72.760544, 9.078428 ], [ -72.760551, 9.079006 ], [ -72.760361, 9.079559 ], [ -72.760094, 9.080157 ], [ -72.759849, 9.080674 ], [ -72.759659, 9.081254 ], [ -72.759506, 9.081806 ], [ -72.759293, 9.082341 ], [ -72.759072, 9.082948 ], [ -72.758972, 9.083527 ], [ -72.758820, 9.084079 ], [ -72.758743, 9.084694 ], [ -72.758759, 9.085299 ], [ -72.758743, 9.085875 ], [ -72.758873, 9.086489 ], [ -72.759163, 9.087036 ], [ -72.759613, 9.087510 ], [ -72.760155, 9.087820 ], [ -72.760757, 9.087805 ], [ -72.761337, 9.087907 ], [ -72.761963, 9.087847 ], [ -72.762535, 9.087769 ], [ -72.763138, 9.087709 ], [ -72.763710, 9.087603 ], [ -72.764336, 9.087515 ], [ -72.764931, 9.087455 ], [ -72.765534, 9.087557 ], [ -72.766159, 9.087560 ], [ -72.766739, 9.087599 ], [ -72.767319, 9.087565 ], [ -72.767891, 9.087442 ], [ -72.768417, 9.087175 ], [ -72.768982, 9.087459 ], [ -72.769241, 9.087952 ], [ -72.769646, 9.088426 ], [ -72.770004, 9.088910 ], [ -72.770363, 9.089375 ], [ -72.770493, 9.089951 ], [ -72.770554, 9.090520 ], [ -72.770332, 9.091108 ], [ -72.770347, 9.091678 ], [ -72.769890, 9.092007 ], [ -72.769486, 9.092453 ], [ -72.768936, 9.092693 ], [ -72.768341, 9.092916 ], [ -72.767792, 9.093094 ], [ -72.767219, 9.093308 ], [ -72.766670, 9.093439 ], [ -72.766045, 9.093500 ], [ -72.765465, 9.093470 ], [ -72.764816, 9.093395 ], [ -72.764076, 9.093340 ], [ -72.763474, 9.093373 ], [ -72.762924, 9.093658 ], [ -72.762474, 9.094025 ], [ -72.762108, 9.094461 ], [ -72.761795, 9.094934 ], [ -72.761391, 9.095353 ], [ -72.761078, 9.095844 ], [ -72.760887, 9.096396 ], [ -72.760712, 9.096976 ], [ -72.760750, 9.097644 ], [ -72.760879, 9.098329 ], [ -72.761055, 9.098976 ], [ -72.761307, 9.099632 ], [ -72.761505, 9.100226 ], [ -72.761703, 9.100775 ], [ -72.762062, 9.101268 ], [ -72.762596, 9.101605 ], [ -72.763230, 9.101770 ], [ -72.763832, 9.101845 ], [ -72.764427, 9.101839 ], [ -72.765121, 9.101660 ], [ -72.765739, 9.101464 ], [ -72.766266, 9.101224 ], [ -72.767197, 9.100555 ], [ -72.767677, 9.100244 ], [ -72.768334, 9.099768 ], [ -72.768883, 9.099527 ], [ -72.769646, 9.099492 ], [ -72.770225, 9.099567 ], [ -72.771423, 9.100142 ], [ -72.771912, 9.100426 ], [ -72.772339, 9.100827 ], [ -72.772423, 9.101404 ], [ -72.772438, 9.102017 ], [ -72.772423, 9.102595 ], [ -72.772209, 9.103221 ], [ -72.771897, 9.103711 ], [ -72.771675, 9.104273 ], [ -72.771339, 9.104764 ], [ -72.770744, 9.105077 ], [ -72.770035, 9.105202 ], [ -72.768165, 9.105455 ], [ -72.767593, 9.105516 ], [ -72.766800, 9.105415 ], [ -72.766243, 9.105241 ], [ -72.765083, 9.105090 ], [ -72.764504, 9.105034 ], [ -72.763756, 9.105131 ], [ -72.763496, 9.105378 ], [ -72.763412, 9.105947 ], [ -72.763519, 9.106551 ], [ -72.763740, 9.107118 ], [ -72.764168, 9.107528 ], [ -72.764725, 9.107766 ], [ -72.765198, 9.108149 ], [ -72.765801, 9.108179 ], [ -72.766342, 9.108535 ], [ -72.766853, 9.108800 ], [ -72.767395, 9.109011 ], [ -72.767975, 9.109041 ], [ -72.768639, 9.108962 ], [ -72.769218, 9.108857 ], [ -72.769768, 9.108706 ], [ -72.770943, 9.108352 ], [ -72.771515, 9.108229 ], [ -72.772163, 9.108312 ], [ -72.772698, 9.108550 ], [ -72.773010, 9.109043 ], [ -72.773049, 9.109666 ], [ -72.773224, 9.110287 ], [ -72.773491, 9.110780 ], [ -72.773735, 9.111328 ], [ -72.773659, 9.111907 ], [ -72.773506, 9.112531 ], [ -72.773522, 9.113127 ], [ -72.773628, 9.113694 ], [ -72.773453, 9.114283 ], [ -72.773445, 9.114897 ], [ -72.773506, 9.115492 ], [ -72.773811, 9.116707 ], [ -72.774010, 9.117255 ], [ -72.774185, 9.117849 ], [ -72.774406, 9.118443 ], [ -72.774811, 9.118917 ], [ -72.775391, 9.118947 ], [ -72.776016, 9.118905 ], [ -72.777214, 9.118748 ], [ -72.777794, 9.118778 ], [ -72.778366, 9.118672 ], [ -72.779709, 9.118524 ], [ -72.780281, 9.118445 ], [ -72.780907, 9.118340 ], [ -72.781525, 9.118279 ], [ -72.782150, 9.118191 ], [ -72.782768, 9.118067 ], [ -72.783920, 9.117649 ], [ -72.784493, 9.117409 ], [ -72.785568, 9.116874 ], [ -72.785965, 9.116201 ], [ -72.786300, 9.115593 ], [ -72.786583, 9.115030 ], [ -72.786781, 9.114478 ], [ -72.787094, 9.113970 ], [ -72.786964, 9.113276 ], [ -72.786743, 9.112737 ], [ -72.786591, 9.112070 ], [ -72.786827, 9.111463 ], [ -72.787208, 9.110935 ], [ -72.787590, 9.110462 ], [ -72.788040, 9.110033 ], [ -72.788475, 9.109658 ], [ -72.789520, 9.108871 ], [ -72.790024, 9.108560 ], [ -72.790588, 9.108229 ], [ -72.791160, 9.107916 ], [ -72.791687, 9.107694 ], [ -72.792312, 9.107615 ], [ -72.792869, 9.107780 ], [ -72.793389, 9.108209 ], [ -72.793907, 9.108519 ], [ -72.794441, 9.108757 ], [ -72.795029, 9.109076 ], [ -72.795410, 9.109523 ], [ -72.795586, 9.110099 ], [ -72.795761, 9.110639 ], [ -72.795746, 9.111235 ], [ -72.795715, 9.111813 ], [ -72.795639, 9.112391 ], [ -72.795395, 9.113044 ], [ -72.795036, 9.113481 ], [ -72.794739, 9.114711 ], [ -72.794632, 9.116003 ], [ -72.794510, 9.116600 ], [ -72.794334, 9.118082 ], [ -72.794273, 9.118660 ], [ -72.794174, 9.119230 ], [ -72.794075, 9.119971 ], [ -72.793884, 9.120542 ], [ -72.793854, 9.122419 ], [ -72.793892, 9.123078 ], [ -72.794090, 9.123672 ], [ -72.794495, 9.124073 ], [ -72.794785, 9.124693 ], [ -72.795326, 9.124958 ], [ -72.795975, 9.125096 ], [ -72.796600, 9.125134 ], [ -72.798393, 9.124809 ], [ -72.799019, 9.124748 ], [ -72.799599, 9.124832 ], [ -72.800224, 9.124961 ], [ -72.800804, 9.125018 ], [ -72.801384, 9.124913 ], [ -72.802009, 9.124988 ], [ -72.802589, 9.124990 ], [ -72.803162, 9.124886 ], [ -72.803734, 9.124690 ], [ -72.804329, 9.124404 ], [ -72.805000, 9.124361 ], [ -72.805687, 9.124254 ], [ -72.806336, 9.124193 ], [ -72.806961, 9.124178 ], [ -72.807518, 9.124325 ], [ -72.808098, 9.124410 ], [ -72.808662, 9.124602 ], [ -72.808991, 9.125077 ], [ -72.809120, 9.125627 ], [ -72.808670, 9.125983 ], [ -72.808190, 9.126313 ], [ -72.807709, 9.126697 ], [ -72.807541, 9.127240 ], [ -72.807137, 9.127696 ], [ -72.806824, 9.128277 ], [ -72.806465, 9.128750 ], [ -72.806107, 9.129187 ], [ -72.805603, 9.129617 ], [ -72.805222, 9.130045 ], [ -72.805077, 9.130705 ], [ -72.804977, 9.131374 ], [ -72.805038, 9.131978 ], [ -72.805260, 9.132545 ], [ -72.805527, 9.133138 ], [ -72.805839, 9.133657 ], [ -72.806175, 9.134313 ], [ -72.806541, 9.134932 ], [ -72.806877, 9.135443 ], [ -72.807342, 9.135754 ], [ -72.807816, 9.136092 ], [ -72.809364, 9.137158 ], [ -72.809929, 9.137559 ], [ -72.811524, 9.138634 ], [ -72.811997, 9.138936 ], [ -72.812576, 9.139183 ], [ -72.813118, 9.139493 ], [ -72.814110, 9.140259 ], [ -72.814629, 9.140677 ], [ -72.815094, 9.140980 ], [ -72.816177, 9.141636 ], [ -72.817161, 9.142456 ], [ -72.817947, 9.143422 ], [ -72.818916, 9.144206 ], [ -72.819588, 9.144325 ], [ -72.820145, 9.144157 ], [ -72.820641, 9.143827 ], [ -72.821098, 9.143443 ], [ -72.821457, 9.142998 ], [ -72.821770, 9.142533 ], [ -72.822083, 9.141998 ], [ -72.822327, 9.141490 ], [ -72.822609, 9.140972 ], [ -72.822784, 9.140366 ], [ -72.822700, 9.139798 ], [ -72.822594, 9.139186 ], [ -72.822441, 9.138618 ], [ -72.822311, 9.138033 ], [ -72.822006, 9.136872 ], [ -72.821632, 9.135685 ], [ -72.821411, 9.135118 ], [ -72.821259, 9.134542 ], [ -72.821022, 9.133236 ], [ -72.820846, 9.132579 ], [ -72.820763, 9.131912 ], [ -72.820770, 9.131334 ], [ -72.820755, 9.130693 ], [ -72.820717, 9.130116 ], [ -72.820755, 9.129547 ], [ -72.820877, 9.128968 ], [ -72.821068, 9.128335 ], [ -72.821312, 9.127646 ], [ -72.821548, 9.127130 ], [ -72.821983, 9.126646 ], [ -72.822487, 9.126379 ], [ -72.823120, 9.126083 ], [ -72.823692, 9.125843 ], [ -72.824295, 9.125692 ], [ -72.825516, 9.125571 ], [ -72.826096, 9.125556 ], [ -72.826691, 9.125450 ], [ -72.827316, 9.125318 ], [ -72.827888, 9.125258 ], [ -72.828468, 9.125242 ], [ -72.829209, 9.125279 ], [ -72.829811, 9.125337 ], [ -72.830467, 9.125528 ], [ -72.831207, 9.125647 ], [ -72.831810, 9.125793 ], [ -72.832489, 9.125895 ], [ -72.833069, 9.126042 ], [ -72.833626, 9.126325 ], [ -72.834213, 9.126590 ], [ -72.834816, 9.126800 ], [ -72.835945, 9.127375 ], [ -72.836502, 9.127703 ], [ -72.836929, 9.128086 ], [ -72.838326, 9.129389 ], [ -72.838661, 9.129873 ], [ -72.838974, 9.130411 ], [ -72.839355, 9.130903 ], [ -72.839760, 9.131332 ], [ -72.840202, 9.131698 ], [ -72.840675, 9.132009 ], [ -72.841728, 9.132602 ], [ -72.842270, 9.132984 ], [ -72.842850, 9.133033 ], [ -72.843338, 9.133326 ], [ -72.843903, 9.133491 ], [ -72.844475, 9.133503 ], [ -72.845062, 9.133650 ], [ -72.845657, 9.133590 ], [ -72.846237, 9.133574 ], [ -72.846840, 9.133541 ], [ -72.847412, 9.133435 ], [ -72.848663, 9.133458 ], [ -72.849213, 9.133281 ], [ -72.849838, 9.133175 ], [ -72.850456, 9.132979 ], [ -72.850960, 9.132711 ], [ -72.851410, 9.132355 ], [ -72.852013, 9.132232 ], [ -72.852677, 9.132052 ], [ -72.853302, 9.131965 ], [ -72.853951, 9.131949 ], [ -72.854546, 9.131708 ], [ -72.855186, 9.131647 ], [ -72.855789, 9.131695 ], [ -72.856537, 9.131894 ], [ -72.857117, 9.131925 ], [ -72.857849, 9.131582 ], [ -72.858398, 9.131414 ], [ -72.859093, 9.131371 ], [ -72.859833, 9.131354 ], [ -72.861107, 9.131413 ], [ -72.861687, 9.131470 ], [ -72.862930, 9.131529 ], [ -72.863518, 9.131621 ], [ -72.864395, 9.131712 ], [ -72.865120, 9.131929 ], [ -72.865723, 9.132094 ], [ -72.866394, 9.132258 ], [ -72.866982, 9.132496 ], [ -72.867660, 9.132823 ], [ -72.868668, 9.133444 ], [ -72.869293, 9.133645 ], [ -72.869972, 9.133836 ], [ -72.870583, 9.134101 ], [ -72.871345, 9.134264 ], [ -72.872047, 9.134437 ], [ -72.872627, 9.134629 ], [ -72.873886, 9.135004 ], [ -72.874489, 9.135196 ], [ -72.875168, 9.135442 ], [ -72.875794, 9.135634 ], [ -72.876442, 9.135735 ], [ -72.877090, 9.135574 ], [ -72.878357, 9.135407 ], [ -72.878883, 9.135167 ], [ -72.879661, 9.134789 ], [ -72.880142, 9.134477 ], [ -72.880661, 9.133884 ], [ -72.880920, 9.133376 ], [ -72.881393, 9.131611 ], [ -72.881538, 9.130987 ], [ -72.881645, 9.130445 ], [ -72.881843, 9.129242 ], [ -72.882057, 9.128590 ], [ -72.882187, 9.127938 ], [ -72.882286, 9.127296 ], [ -72.882363, 9.126628 ], [ -72.882347, 9.125978 ], [ -72.882355, 9.125382 ], [ -72.882408, 9.124760 ], [ -72.882431, 9.123549 ], [ -72.882416, 9.122972 ], [ -72.882332, 9.122351 ], [ -72.882385, 9.121637 ], [ -72.882706, 9.120479 ], [ -72.882896, 9.119854 ], [ -72.883164, 9.119336 ], [ -72.883858, 9.118309 ], [ -72.884048, 9.117693 ], [ -72.883736, 9.117164 ], [ -72.883057, 9.116775 ], [ -72.882492, 9.116437 ], [ -72.882027, 9.116109 ], [ -72.881477, 9.115609 ], [ -72.881355, 9.115060 ], [ -72.881455, 9.114499 ], [ -72.881599, 9.113838 ], [ -72.881905, 9.112978 ], [ -72.882172, 9.112443 ], [ -72.882454, 9.111790 ], [ -72.882629, 9.111193 ], [ -72.882774, 9.110541 ], [ -72.883011, 9.109798 ], [ -72.883530, 9.109261 ], [ -72.884010, 9.108885 ], [ -72.884438, 9.108438 ], [ -72.884773, 9.107939 ], [ -72.885155, 9.107501 ], [ -72.885536, 9.107037 ], [ -72.885895, 9.106582 ], [ -72.886474, 9.106684 ], [ -72.886841, 9.106247 ], [ -72.887985, 9.105891 ], [ -72.888565, 9.105948 ], [ -72.889771, 9.106107 ], [ -72.890472, 9.106335 ], [ -72.891113, 9.106147 ], [ -72.891640, 9.105852 ], [ -72.892471, 9.105031 ], [ -72.892899, 9.104486 ], [ -72.893234, 9.103976 ], [ -72.893410, 9.103415 ], [ -72.893349, 9.102775 ], [ -72.893448, 9.102223 ], [ -72.893761, 9.101714 ], [ -72.894165, 9.101286 ], [ -72.894623, 9.100929 ], [ -72.895172, 9.100716 ], [ -72.895767, 9.100555 ], [ -72.896484, 9.100494 ], [ -72.897804, 9.100678 ], [ -72.898567, 9.100634 ], [ -72.899239, 9.100636 ], [ -72.899933, 9.100718 ], [ -72.900604, 9.100747 ], [ -72.901253, 9.100659 ], [ -72.901855, 9.100671 ], [ -72.902504, 9.100772 ], [ -72.903244, 9.100873 ], [ -72.903870, 9.100929 ], [ -72.904610, 9.100930 ], [ -72.905304, 9.100815 ], [ -72.905868, 9.100411 ], [ -72.906281, 9.099974 ], [ -72.906685, 9.099437 ], [ -72.907089, 9.098936 ], [ -72.907471, 9.098490 ], [ -72.907989, 9.098096 ], [ -72.908562, 9.097918 ], [ -72.909119, 9.097768 ], [ -72.909798, 9.097337 ], [ -72.910400, 9.097231 ], [ -72.911019, 9.097008 ], [ -72.911758, 9.096855 ], [ -72.912376, 9.096795 ], [ -72.912956, 9.096780 ], [ -72.913483, 9.096566 ], [ -72.914100, 9.096388 ], [ -72.914597, 9.096672 ], [ -72.915146, 9.096521 ], [ -72.915703, 9.096623 ], [ -72.916245, 9.096889 ], [ -72.916802, 9.097036 ], [ -72.917275, 9.096498 ], [ -72.917465, 9.095937 ], [ -72.917587, 9.095222 ], [ -72.917595, 9.094509 ], [ -72.917763, 9.092693 ], [ -72.917862, 9.092115 ], [ -72.918228, 9.091641 ], [ -72.918724, 9.091285 ], [ -72.919273, 9.091044 ], [ -72.919731, 9.090714 ], [ -72.920250, 9.090284 ], [ -72.920891, 9.090115 ], [ -72.921394, 9.089685 ], [ -72.921921, 9.089373 ], [ -72.922585, 9.089150 ], [ -72.923271, 9.089043 ], [ -72.923966, 9.088881 ], [ -72.924606, 9.088758 ], [ -72.925156, 9.088490 ], [ -72.925682, 9.088060 ], [ -72.926109, 9.087686 ], [ -72.926613, 9.087338 ], [ -72.927177, 9.086906 ], [ -72.927773, 9.086594 ], [ -72.928413, 9.086298 ], [ -72.929085, 9.086237 ], [ -72.930260, 9.086206 ], [ -72.930908, 9.086316 ], [ -72.931473, 9.086598 ], [ -72.931900, 9.086973 ], [ -72.932327, 9.087474 ], [ -72.932732, 9.087921 ], [ -72.933113, 9.088404 ], [ -72.933494, 9.088923 ], [ -72.933624, 9.089562 ], [ -72.933380, 9.090143 ], [ -72.933441, 9.090738 ], [ -72.933800, 9.091285 ], [ -72.934296, 9.091667 ], [ -72.935303, 9.092306 ], [ -72.936409, 9.093106 ], [ -72.936973, 9.093461 ], [ -72.937470, 9.093754 ], [ -72.938049, 9.094009 ], [ -72.938606, 9.094156 ], [ -72.939797, 9.094523 ], [ -72.940468, 9.094597 ], [ -72.941162, 9.094652 ], [ -72.941742, 9.094682 ], [ -72.942322, 9.094784 ], [ -72.942932, 9.094904 ], [ -72.943558, 9.095005 ], [ -72.944092, 9.095198 ], [ -72.944634, 9.095463 ], [ -72.945076, 9.095873 ], [ -72.945503, 9.096248 ], [ -72.945931, 9.096704 ], [ -72.946404, 9.097104 ], [ -72.946831, 9.097533 ], [ -72.947166, 9.098098 ], [ -72.947273, 9.098764 ], [ -72.947357, 9.099360 ], [ -72.947395, 9.099999 ], [ -72.947273, 9.100623 ], [ -72.947029, 9.101158 ], [ -72.946693, 9.101740 ], [ -72.946381, 9.102212 ], [ -72.945976, 9.102722 ], [ -72.945572, 9.103187 ], [ -72.945145, 9.103642 ], [ -72.944694, 9.104090 ], [ -72.944313, 9.104509 ], [ -72.943909, 9.104982 ], [ -72.943619, 9.105563 ], [ -72.943657, 9.106231 ], [ -72.943833, 9.106824 ], [ -72.944099, 9.107444 ], [ -72.944458, 9.107909 ], [ -72.944954, 9.108445 ], [ -72.945381, 9.108856 ], [ -72.946464, 9.109539 ], [ -72.947205, 9.109621 ], [ -72.947945, 9.109622 ], [ -72.948524, 9.109724 ], [ -72.949127, 9.109871 ], [ -72.949806, 9.110107 ], [ -72.950462, 9.110416 ], [ -72.951096, 9.110681 ], [ -72.951630, 9.110963 ], [ -72.952103, 9.111300 ], [ -72.952705, 9.111538 ], [ -72.953316, 9.111838 ], [ -72.953834, 9.112247 ], [ -72.954216, 9.112695 ], [ -72.954689, 9.113168 ], [ -72.955795, 9.113923 ], [ -72.956268, 9.114261 ], [ -72.956574, 9.114736 ], [ -72.956863, 9.115229 ], [ -72.957084, 9.115759 ], [ -72.957123, 9.116381 ], [ -72.957298, 9.116920 ], [ -72.957542, 9.117469 ], [ -72.957970, 9.118041 ], [ -72.958260, 9.118562 ], [ -72.958778, 9.119810 ], [ -72.958954, 9.120377 ], [ -72.959198, 9.121069 ], [ -72.959465, 9.121608 ], [ -72.959686, 9.122138 ], [ -72.959930, 9.122659 ], [ -72.960754, 9.124337 ], [ -72.961021, 9.124957 ], [ -72.961250, 9.125595 ], [ -72.961563, 9.126187 ], [ -72.961922, 9.126707 ], [ -72.962257, 9.127254 ], [ -72.962662, 9.127764 ], [ -72.963089, 9.128219 ], [ -72.963539, 9.128665 ], [ -72.964500, 9.129313 ], [ -72.964958, 9.129805 ], [ -72.965431, 9.130233 ], [ -72.966301, 9.131090 ], [ -72.966576, 9.131773 ], [ -72.966568, 9.132548 ], [ -72.966583, 9.133135 ], [ -72.966950, 9.133853 ], [ -72.967400, 9.134444 ], [ -72.967621, 9.135109 ], [ -72.967751, 9.135676 ], [ -72.968025, 9.136359 ], [ -72.968292, 9.136970 ], [ -72.968491, 9.137546 ], [ -72.968804, 9.138020 ], [ -72.969345, 9.138402 ], [ -72.969963, 9.138296 ], [ -72.970589, 9.138208 ], [ -72.971138, 9.137922 ], [ -72.971497, 9.138424 ], [ -72.972008, 9.138734 ], [ -72.972664, 9.139106 ], [ -72.973412, 9.139378 ], [ -72.973976, 9.139624 ], [ -72.975120, 9.140180 ], [ -72.975769, 9.140254 ], [ -72.976349, 9.140419 ], [ -72.976959, 9.140538 ], [ -72.977539, 9.140622 ], [ -72.979179, 9.141706 ], [ -72.979744, 9.142016 ], [ -72.980354, 9.142424 ], [ -72.980965, 9.142751 ], [ -72.981453, 9.143061 ], [ -72.981926, 9.143444 ], [ -72.982384, 9.143601 ], [ -72.982681, 9.143842 ], [ -72.983498, 9.144347 ], [ -72.983925, 9.144731 ], [ -72.984009, 9.145298 ], [ -72.983902, 9.145859 ], [ -72.983620, 9.146430 ], [ -72.983284, 9.146903 ], [ -72.982895, 9.147349 ], [ -72.982490, 9.147778 ], [ -72.981926, 9.148227 ], [ -72.981400, 9.148558 ], [ -72.980858, 9.148988 ], [ -72.980354, 9.149408 ], [ -72.979904, 9.149828 ], [ -72.979340, 9.150231 ], [ -72.978813, 9.150571 ], [ -72.978264, 9.150866 ], [ -72.977074, 9.151574 ], [ -72.976532, 9.151968 ], [ -72.975983, 9.152389 ], [ -72.975555, 9.152881 ], [ -72.975105, 9.153418 ], [ -72.974678, 9.153893 ], [ -72.974114, 9.154413 ], [ -72.973663, 9.154770 ], [ -72.973160, 9.155073 ], [ -72.972633, 9.155431 ], [ -72.972084, 9.155762 ], [ -72.971512, 9.156030 ], [ -72.970848, 9.156236 ], [ -72.970276, 9.156386 ], [ -72.969673, 9.156446 ], [ -72.969055, 9.156851 ], [ -72.968658, 9.157388 ], [ -72.968300, 9.157933 ], [ -72.967751, 9.158309 ], [ -72.967148, 9.158342 ], [ -72.966591, 9.158250 ], [ -72.965920, 9.158185 ], [ -72.965340, 9.158173 ], [ -72.963722, 9.158236 ], [ -72.963081, 9.158486 ], [ -72.962654, 9.158861 ], [ -72.962341, 9.159424 ], [ -72.962028, 9.159951 ], [ -72.961769, 9.160541 ], [ -72.961433, 9.161166 ], [ -72.961143, 9.161675 ], [ -72.960816, 9.162311 ], [ -72.960503, 9.162865 ], [ -72.960281, 9.163426 ], [ -72.960137, 9.164050 ], [ -72.960083, 9.164674 ], [ -72.960144, 9.165269 ], [ -72.960182, 9.165909 ], [ -72.960129, 9.166532 ], [ -72.960121, 9.167218 ], [ -72.960060, 9.167814 ], [ -72.960045, 9.169114 ], [ -72.959961, 9.170468 ], [ -72.960022, 9.171091 ], [ -72.960152, 9.171703 ], [ -72.960175, 9.172389 ], [ -72.960098, 9.173084 ], [ -72.959862, 9.173854 ], [ -72.959557, 9.174624 ], [ -72.959068, 9.175640 ], [ -72.958710, 9.176195 ], [ -72.958382, 9.176785 ], [ -72.958023, 9.177267 ], [ -72.957459, 9.177959 ], [ -72.956871, 9.178571 ], [ -72.956307, 9.179109 ], [ -72.955826, 9.179466 ], [ -72.955330, 9.179796 ], [ -72.954163, 9.180405 ], [ -72.953590, 9.180763 ], [ -72.953095, 9.181210 ], [ -72.952713, 9.181774 ], [ -72.952705, 9.182461 ], [ -72.953064, 9.182971 ], [ -72.953652, 9.183316 ], [ -72.954193, 9.183689 ], [ -72.955383, 9.184281 ], [ -72.955925, 9.184636 ], [ -72.956940, 9.185555 ], [ -72.957390, 9.186100 ], [ -72.958435, 9.187108 ], [ -72.958725, 9.187611 ], [ -72.959015, 9.188176 ], [ -72.959053, 9.188798 ], [ -72.959114, 9.189420 ], [ -72.959335, 9.190140 ], [ -72.959495, 9.190787 ], [ -72.959839, 9.191930 ], [ -72.959968, 9.192497 ], [ -72.960106, 9.193272 ], [ -72.960327, 9.193936 ], [ -72.960480, 9.194486 ], [ -72.960701, 9.195034 ], [ -72.960907, 9.195898 ], [ -72.960991, 9.196502 ], [ -72.961143, 9.197186 ], [ -72.961304, 9.197960 ], [ -72.961365, 9.198727 ], [ -72.961449, 9.199294 ], [ -72.961601, 9.199861 ], [ -72.961777, 9.200418 ], [ -72.961906, 9.200986 ], [ -72.962082, 9.201579 ], [ -72.962410, 9.202785 ], [ -72.962608, 9.203450 ], [ -72.962837, 9.204017 ], [ -72.963150, 9.204680 ], [ -72.963417, 9.205183 ], [ -72.963638, 9.205839 ], [ -72.964226, 9.207033 ], [ -72.964470, 9.207572 ], [ -72.964844, 9.208831 ], [ -72.965134, 9.209396 ], [ -72.965469, 9.209961 ], [ -72.965759, 9.210526 ], [ -72.966393, 9.211675 ], [ -72.966721, 9.212113 ], [ -72.967285, 9.213271 ], [ -72.967552, 9.213774 ], [ -72.967911, 9.214257 ], [ -72.968338, 9.214730 ], [ -72.968781, 9.215159 ], [ -72.969070, 9.215670 ], [ -72.969612, 9.216025 ], [ -72.970200, 9.216290 ], [ -72.971275, 9.216918 ], [ -72.971962, 9.217335 ], [ -72.972710, 9.217751 ], [ -72.973320, 9.218041 ], [ -72.973877, 9.218162 ], [ -72.975182, 9.218472 ], [ -72.975739, 9.218664 ], [ -72.976296, 9.218884 ], [ -72.976883, 9.219058 ], [ -72.977554, 9.219231 ], [ -72.978119, 9.219423 ], [ -72.978706, 9.219886 ], [ -72.978951, 9.220479 ], [ -72.979080, 9.221235 ], [ -72.979278, 9.221802 ], [ -72.979622, 9.222556 ], [ -72.980079, 9.223327 ], [ -72.980461, 9.223801 ], [ -72.981507, 9.224927 ], [ -72.982002, 9.225309 ], [ -72.982659, 9.225564 ], [ -72.983192, 9.225828 ], [ -72.983772, 9.225948 ], [ -72.984352, 9.226041 ], [ -72.984978, 9.225998 ], [ -72.985458, 9.225695 ], [ -72.986031, 9.225490 ], [ -72.986702, 9.225338 ], [ -72.987389, 9.225276 ], [ -72.987991, 9.225071 ], [ -72.988548, 9.225246 ], [ -72.989166, 9.224977 ], [ -72.989662, 9.224529 ], [ -72.990189, 9.224261 ], [ -72.990814, 9.224111 ], [ -72.991386, 9.224077 ], [ -72.992630, 9.223792 ], [ -72.993255, 9.223713 ], [ -72.993858, 9.223743 ], [ -72.994415, 9.224007 ], [ -72.995087, 9.225064 ], [ -72.995315, 9.225667 ], [ -72.995438, 9.226965 ], [ -72.995377, 9.227570 ], [ -72.995140, 9.228132 ], [ -72.994827, 9.228794 ], [ -72.994476, 9.229366 ], [ -72.994141, 9.229849 ], [ -72.993759, 9.230368 ], [ -72.993255, 9.230653 ], [ -72.991959, 9.230595 ], [ -72.991356, 9.230601 ], [ -72.990707, 9.230645 ], [ -72.990044, 9.230824 ], [ -72.989403, 9.231165 ], [ -72.988335, 9.231898 ], [ -72.987808, 9.232139 ], [ -72.987183, 9.232317 ], [ -72.986801, 9.232755 ], [ -72.986466, 9.233254 ], [ -72.986138, 9.233827 ], [ -72.986053, 9.234450 ], [ -72.986046, 9.235073 ], [ -72.985992, 9.235768 ], [ -72.985870, 9.236393 ], [ -72.985817, 9.236989 ], [ -72.985741, 9.237567 ], [ -72.985771, 9.238172 ], [ -72.985855, 9.238739 ], [ -72.986115, 9.239937 ], [ -72.986198, 9.240531 ], [ -72.986320, 9.241693 ], [ -72.986420, 9.242893 ], [ -72.986549, 9.243460 ], [ -72.986648, 9.244027 ], [ -72.986877, 9.244693 ], [ -72.986939, 9.245359 ], [ -72.986931, 9.245937 ], [ -72.986946, 9.246641 ], [ -72.986916, 9.247246 ], [ -72.986832, 9.247815 ], [ -72.986664, 9.248449 ], [ -72.986420, 9.248984 ], [ -72.985924, 9.249522 ], [ -72.985382, 9.249925 ], [ -72.984901, 9.250256 ], [ -72.984474, 9.250684 ], [ -72.984115, 9.251247 ], [ -72.983826, 9.251739 ], [ -72.983582, 9.252246 ], [ -72.983528, 9.252815 ], [ -72.983566, 9.253392 ], [ -72.983460, 9.253971 ], [ -72.983124, 9.255293 ], [ -72.983116, 9.255960 ], [ -72.983200, 9.256555 ], [ -72.983490, 9.257075 ], [ -72.983871, 9.257576 ], [ -72.984482, 9.257949 ], [ -72.985290, 9.258120 ], [ -72.986504, 9.258323 ], [ -72.987099, 9.258190 ], [ -72.987747, 9.258146 ], [ -72.989342, 9.257994 ], [ -72.990013, 9.258022 ], [ -72.990547, 9.258242 ], [ -72.991112, 9.258633 ], [ -72.991699, 9.258870 ], [ -72.992752, 9.259598 ], [ -72.993179, 9.259981 ], [ -72.993698, 9.260427 ], [ -72.993965, 9.261019 ], [ -72.994354, 9.261601 ], [ -72.994736, 9.262084 ], [ -72.995071, 9.262586 ], [ -72.994896, 9.263156 ], [ -72.994438, 9.264343 ], [ -72.994179, 9.264870 ], [ -72.993957, 9.265504 ], [ -72.993668, 9.265995 ], [ -72.993286, 9.266504 ], [ -72.992630, 9.267053 ], [ -72.992172, 9.267401 ], [ -72.991722, 9.267830 ], [ -72.991409, 9.268348 ], [ -72.991264, 9.268900 ], [ -72.991157, 9.269479 ], [ -72.991127, 9.270057 ], [ -72.991142, 9.270625 ], [ -72.991180, 9.271293 ], [ -72.991264, 9.272022 ], [ -72.991417, 9.272671 ], [ -72.991524, 9.273328 ], [ -72.991585, 9.273905 ], [ -72.991623, 9.274508 ], [ -72.991867, 9.275075 ], [ -72.992355, 9.276116 ], [ -72.992782, 9.276589 ], [ -72.993210, 9.276973 ], [ -72.993637, 9.277374 ], [ -72.994148, 9.277666 ], [ -72.994758, 9.277785 ], [ -72.995384, 9.277842 ], [ -72.995941, 9.278124 ], [ -72.996612, 9.278234 ], [ -72.997696, 9.278637 ], [ -72.998291, 9.278775 ], [ -72.998764, 9.278824 ], [ -72.999199, 9.278846 ], [ -72.999771, 9.278849 ], [ -73.000542, 9.279047 ], [ -73.001121, 9.279167 ], [ -73.001709, 9.279314 ], [ -73.002312, 9.279614 ], [ -73.002693, 9.280052 ], [ -73.002731, 9.280684 ], [ -73.002747, 9.281342 ], [ -73.002731, 9.282470 ], [ -73.002762, 9.282993 ], [ -73.002823, 9.283570 ], [ -73.002838, 9.284210 ], [ -73.002830, 9.284815 ], [ -73.002655, 9.285385 ], [ -73.002441, 9.285948 ], [ -73.002174, 9.286510 ], [ -73.001717, 9.287616 ], [ -73.001595, 9.288213 ], [ -73.001511, 9.288746 ], [ -73.001411, 9.289280 ], [ -73.001396, 9.289857 ], [ -73.001549, 9.290424 ], [ -73.001793, 9.290990 ], [ -73.002060, 9.291511 ], [ -73.002373, 9.291940 ], [ -73.002892, 9.292484 ], [ -73.004372, 9.293370 ], [ -73.004845, 9.293609 ], [ -73.005356, 9.293973 ], [ -73.005943, 9.294345 ], [ -73.006439, 9.294610 ], [ -73.006950, 9.294804 ], [ -73.008606, 9.295227 ], [ -73.009117, 9.295329 ], [ -73.009697, 9.295314 ], [ -73.010338, 9.295261 ], [ -73.010895, 9.295201 ], [ -73.011398, 9.295078 ], [ -73.011978, 9.294864 ], [ -73.012459, 9.294633 ], [ -73.013000, 9.294302 ], [ -73.013481, 9.293926 ], [ -73.013939, 9.293596 ], [ -73.014389, 9.293221 ], [ -73.014870, 9.292910 ], [ -73.015373, 9.292687 ], [ -73.015877, 9.292564 ], [ -73.016479, 9.292404 ], [ -73.017052, 9.292289 ], [ -73.017555, 9.292175 ], [ -73.018684, 9.291874 ], [ -73.019836, 9.291491 ], [ -73.020912, 9.291118 ], [ -73.021416, 9.290877 ], [ -73.021988, 9.290583 ], [ -73.022606, 9.290277 ], [ -73.023063, 9.290010 ], [ -73.023514, 9.289680 ], [ -73.023857, 9.289289 ], [ -73.024140, 9.288753 ], [ -73.024315, 9.288237 ], [ -73.024613, 9.287160 ], [ -73.024788, 9.286671 ], [ -73.024956, 9.286046 ], [ -73.025154, 9.285557 ], [ -73.025421, 9.285067 ], [ -73.025879, 9.284800 ], [ -73.026382, 9.284677 ], [ -73.026985, 9.284660 ], [ -73.027634, 9.284879 ], [ -73.027855, 9.285399 ], [ -73.028007, 9.285975 ], [ -73.028114, 9.286543 ], [ -73.028053, 9.287626 ], [ -73.028175, 9.288148 ], [ -73.028465, 9.288632 ], [ -73.028961, 9.288871 ], [ -73.029533, 9.288882 ], [ -73.030113, 9.288776 ], [ -73.030594, 9.288563 ], [ -73.031075, 9.288278 ], [ -73.031525, 9.287966 ], [ -73.031982, 9.287672 ], [ -73.032463, 9.287342 ], [ -73.032967, 9.287011 ], [ -73.033462, 9.286654 ], [ -73.033943, 9.286261 ], [ -73.034279, 9.285859 ], [ -73.034683, 9.285458 ], [ -73.035141, 9.284966 ], [ -73.036041, 9.284026 ], [ -73.036354, 9.283562 ], [ -73.036575, 9.282982 ], [ -73.036835, 9.282374 ], [ -73.037056, 9.281822 ], [ -73.037468, 9.280635 ], [ -73.037682, 9.280082 ], [ -73.037735, 9.279504 ], [ -73.037918, 9.278256 ], [ -73.037933, 9.276994 ], [ -73.037994, 9.276469 ], [ -73.038117, 9.275935 ], [ -73.038315, 9.275428 ], [ -73.038628, 9.274955 ], [ -73.038986, 9.274545 ], [ -73.039467, 9.274134 ], [ -73.040016, 9.273866 ], [ -73.040695, 9.273515 ], [ -73.041153, 9.273249 ], [ -73.041725, 9.272862 ], [ -73.042129, 9.272515 ], [ -73.042580, 9.271977 ], [ -73.042732, 9.271399 ], [ -73.042740, 9.270875 ], [ -73.042587, 9.270327 ], [ -73.042374, 9.269842 ], [ -73.042061, 9.269367 ], [ -73.041840, 9.268801 ], [ -73.041733, 9.268243 ], [ -73.041786, 9.267647 ], [ -73.042007, 9.267193 ], [ -73.042206, 9.266704 ], [ -73.042610, 9.266284 ], [ -73.043045, 9.265873 ], [ -73.043564, 9.265542 ], [ -73.044090, 9.265257 ], [ -73.044662, 9.264988 ], [ -73.045288, 9.264882 ], [ -73.045906, 9.264875 ], [ -73.046486, 9.264887 ], [ -73.047089, 9.264826 ], [ -73.047569, 9.264495 ], [ -73.047951, 9.264085 ], [ -73.048714, 9.263129 ], [ -73.049072, 9.262710 ], [ -73.049507, 9.262425 ], [ -73.050079, 9.262256 ], [ -73.050591, 9.262151 ], [ -73.051102, 9.262226 ], [ -73.051682, 9.262401 ], [ -73.052155, 9.262692 ], [ -73.052551, 9.263041 ], [ -73.052956, 9.263451 ], [ -73.053337, 9.263852 ], [ -73.053856, 9.264343 ], [ -73.054329, 9.264726 ], [ -73.054825, 9.265062 ], [ -73.055336, 9.265346 ], [ -73.055832, 9.265566 ], [ -73.056252, 9.265976 ], [ -73.056679, 9.266305 ], [ -73.057266, 9.266614 ], [ -73.057846, 9.266698 ], [ -73.058380, 9.266656 ], [ -73.059532, 9.266453 ], [ -73.060089, 9.266438 ], [ -73.060669, 9.266540 ], [ -73.061180, 9.266777 ], [ -73.061836, 9.267022 ], [ -73.062416, 9.266989 ], [ -73.062897, 9.266785 ], [ -73.063210, 9.266348 ], [ -73.063446, 9.265831 ], [ -73.063576, 9.265252 ], [ -73.063629, 9.264729 ], [ -73.063965, 9.264165 ], [ -73.064514, 9.263906 ], [ -73.064987, 9.264216 ], [ -73.065338, 9.264646 ], [ -73.065743, 9.265092 ], [ -73.066078, 9.265494 ], [ -73.066437, 9.265978 ], [ -73.067108, 9.266782 ], [ -73.067627, 9.267300 ], [ -73.068214, 9.267681 ], [ -73.068840, 9.267872 ], [ -73.069374, 9.267821 ], [ -73.069946, 9.267598 ], [ -73.070404, 9.267250 ], [ -73.071304, 9.266374 ], [ -73.071663, 9.265954 ], [ -73.072090, 9.265408 ], [ -73.072479, 9.264943 ], [ -73.073196, 9.264141 ], [ -73.073562, 9.263776 ], [ -73.073967, 9.263348 ], [ -73.074326, 9.262901 ], [ -73.074639, 9.262428 ], [ -73.074905, 9.261947 ], [ -73.075172, 9.261412 ], [ -73.075317, 9.260904 ], [ -73.075401, 9.260371 ], [ -73.075500, 9.259838 ], [ -73.075745, 9.258284 ], [ -73.075821, 9.257678 ], [ -73.076027, 9.256475 ], [ -73.076057, 9.255835 ], [ -73.076111, 9.255283 ], [ -73.076217, 9.253983 ], [ -73.076248, 9.253369 ], [ -73.076233, 9.252765 ], [ -73.076111, 9.252243 ], [ -73.075844, 9.251678 ], [ -73.075172, 9.250773 ], [ -73.074745, 9.250327 ], [ -73.074318, 9.249845 ], [ -73.073982, 9.249443 ], [ -73.073601, 9.248978 ], [ -73.073242, 9.248431 ], [ -73.072998, 9.247920 ], [ -73.072845, 9.247398 ], [ -73.072998, 9.246774 ], [ -73.073143, 9.246267 ], [ -73.073479, 9.245875 ], [ -73.073891, 9.245537 ], [ -73.074371, 9.245270 ], [ -73.074844, 9.244849 ], [ -73.075249, 9.244294 ], [ -73.075607, 9.243775 ], [ -73.075966, 9.243294 ], [ -73.076378, 9.242928 ], [ -73.076874, 9.242507 ], [ -73.077408, 9.242519 ], [ -73.077896, 9.242757 ], [ -73.078323, 9.243140 ], [ -73.078797, 9.243478 ], [ -73.079216, 9.243861 ], [ -73.079758, 9.244279 ], [ -73.080391, 9.244425 ], [ -73.080872, 9.244230 ], [ -73.081253, 9.243883 ], [ -73.081596, 9.243482 ], [ -73.081932, 9.243063 ], [ -73.082313, 9.242518 ], [ -73.082649, 9.242125 ], [ -73.083344, 9.241216 ], [ -73.083992, 9.240233 ], [ -73.084633, 9.239044 ], [ -73.085022, 9.237957 ], [ -73.085564, 9.236336 ], [ -73.085808, 9.235710 ], [ -73.085953, 9.235194 ], [ -73.086151, 9.234579 ], [ -73.086250, 9.233955 ], [ -73.086426, 9.232735 ], [ -73.086517, 9.231516 ], [ -73.086594, 9.230802 ], [ -73.086929, 9.230330 ], [ -73.088112, 9.229657 ], [ -73.088715, 9.229533 ], [ -73.089363, 9.229526 ], [ -73.089897, 9.229601 ], [ -73.090454, 9.229702 ], [ -73.091011, 9.229832 ], [ -73.091614, 9.229933 ], [ -73.092804, 9.230226 ], [ -73.093429, 9.230345 ], [ -73.094681, 9.230557 ], [ -73.096481, 9.231087 ], [ -73.096970, 9.231279 ], [ -73.098091, 9.231781 ], [ -73.098564, 9.232163 ], [ -73.099106, 9.232563 ], [ -73.100494, 9.233521 ], [ -73.101547, 9.234097 ], [ -73.102089, 9.234406 ], [ -73.102554, 9.234626 ], [ -73.103043, 9.234792 ], [ -73.103554, 9.234877 ], [ -73.104782, 9.234844 ], [ -73.105286, 9.234721 ], [ -73.105766, 9.234391 ], [ -73.106239, 9.233898 ], [ -73.106621, 9.233541 ], [ -73.106987, 9.233168 ], [ -73.107468, 9.232909 ], [ -73.108063, 9.232749 ], [ -73.109154, 9.232773 ], [ -73.109703, 9.232758 ], [ -73.110840, 9.232645 ], [ -73.111511, 9.232647 ], [ -73.112022, 9.232803 ], [ -73.112465, 9.233114 ], [ -73.112892, 9.233515 ], [ -73.113274, 9.233944 ], [ -73.113678, 9.234517 ], [ -73.114037, 9.234910 ], [ -73.114487, 9.235220 ], [ -73.115067, 9.235259 ], [ -73.115662, 9.235126 ], [ -73.116120, 9.234885 ], [ -73.116508, 9.234538 ], [ -73.116913, 9.234100 ], [ -73.117386, 9.233644 ], [ -73.118202, 9.232895 ], [ -73.118721, 9.232492 ], [ -73.119179, 9.232225 ], [ -73.119705, 9.231849 ], [ -73.120232, 9.231627 ], [ -73.121406, 9.231595 ], [ -73.121986, 9.231588 ], [ -73.122543, 9.231501 ], [ -73.123077, 9.231647 ], [ -73.123642, 9.231966 ], [ -73.124130, 9.232186 ], [ -73.124756, 9.232332 ], [ -73.125267, 9.232434 ], [ -73.126381, 9.232548 ], [ -73.126915, 9.232533 ], [ -73.127541, 9.232453 ], [ -73.128159, 9.232257 ], [ -73.128639, 9.231900 ], [ -73.128952, 9.231472 ], [ -73.129150, 9.230991 ], [ -73.129204, 9.230440 ], [ -73.128983, 9.229956 ], [ -73.128716, 9.229454 ], [ -73.128517, 9.228914 ], [ -73.128784, 9.228424 ], [ -73.129242, 9.228112 ], [ -73.129700, 9.227827 ], [ -73.130150, 9.227434 ], [ -73.130508, 9.226961 ], [ -73.130707, 9.226444 ], [ -73.130852, 9.225856 ], [ -73.130882, 9.225251 ], [ -73.130821, 9.224566 ], [ -73.130874, 9.223988 ], [ -73.131149, 9.222831 ], [ -73.131416, 9.222367 ], [ -73.131912, 9.221874 ], [ -73.132393, 9.221652 ], [ -73.132996, 9.221474 ], [ -73.133591, 9.221314 ], [ -73.134018, 9.220975 ], [ -73.134262, 9.220467 ], [ -73.134575, 9.219949 ], [ -73.135048, 9.219483 ], [ -73.135483, 9.219127 ], [ -73.136032, 9.218786 ], [ -73.136604, 9.218581 ], [ -73.137177, 9.218449 ], [ -73.137779, 9.218324 ], [ -73.138214, 9.218328 ], [ -73.138756, 9.217582 ], [ -73.139183, 9.217018 ], [ -73.139633, 9.216760 ], [ -73.140243, 9.216861 ], [ -73.140793, 9.216891 ], [ -73.141373, 9.216785 ], [ -73.141945, 9.216498 ], [ -73.142898, 9.215811 ], [ -73.143448, 9.215561 ], [ -73.143982, 9.215527 ], [ -73.144562, 9.215567 ], [ -73.145180, 9.215487 ], [ -73.145546, 9.215086 ], [ -73.145782, 9.214578 ], [ -73.146050, 9.214088 ], [ -73.146507, 9.213757 ], [ -73.147034, 9.213724 ], [ -73.148155, 9.213973 ], [ -73.148758, 9.214047 ], [ -73.149475, 9.214048 ], [ -73.150070, 9.213879 ], [ -73.150688, 9.213628 ], [ -73.151214, 9.213279 ], [ -73.151619, 9.212859 ], [ -73.151840, 9.212342 ], [ -73.151825, 9.211747 ], [ -73.151604, 9.211182 ], [ -73.151146, 9.209392 ], [ -73.150963, 9.208528 ], [ -73.150711, 9.207727 ], [ -73.150528, 9.206981 ], [ -73.150330, 9.206406 ], [ -73.150116, 9.205930 ], [ -73.149818, 9.205382 ], [ -73.149536, 9.204944 ], [ -73.149269, 9.204406 ], [ -73.149116, 9.203875 ], [ -73.149407, 9.203439 ], [ -73.149902, 9.203063 ], [ -73.150955, 9.202411 ], [ -73.151428, 9.202053 ], [ -73.151787, 9.201570 ], [ -73.152054, 9.201125 ], [ -73.152321, 9.200635 ], [ -73.152771, 9.200098 ], [ -73.153206, 9.199813 ], [ -73.154396, 9.199375 ], [ -73.155586, 9.198865 ], [ -73.156090, 9.198553 ], [ -73.156540, 9.198106 ], [ -73.156647, 9.197572 ], [ -73.156449, 9.197096 ], [ -73.156021, 9.196758 ], [ -73.155716, 9.196265 ], [ -73.155838, 9.195732 ], [ -73.156242, 9.195348 ], [ -73.156799, 9.195179 ], [ -73.157349, 9.195046 ], [ -73.158646, 9.194915 ], [ -73.159264, 9.194916 ], [ -73.159935, 9.194881 ], [ -73.160469, 9.194866 ], [ -73.161133, 9.194759 ], [ -73.161705, 9.194464 ], [ -73.162254, 9.194042 ], [ -73.162590, 9.193624 ], [ -73.162903, 9.193061 ], [ -73.163116, 9.192553 ], [ -73.163338, 9.192072 ], [ -73.163605, 9.191555 ], [ -73.163910, 9.190928 ], [ -73.164253, 9.190528 ], [ -73.164612, 9.190154 ], [ -73.165039, 9.189662 ], [ -73.165497, 9.189286 ], [ -73.165901, 9.188931 ], [ -73.167015, 9.188195 ], [ -73.167473, 9.187946 ], [ -73.167999, 9.187678 ], [ -73.168594, 9.187329 ], [ -73.169548, 9.186687 ], [ -73.169907, 9.186177 ], [ -73.170021, 9.185021 ], [ -73.170029, 9.184399 ], [ -73.170242, 9.183846 ], [ -73.170792, 9.183424 ], [ -73.171287, 9.183058 ], [ -73.171837, 9.182681 ], [ -73.172386, 9.182323 ], [ -73.172928, 9.182010 ], [ -73.173508, 9.181814 ], [ -73.174080, 9.181591 ], [ -73.175179, 9.181272 ], [ -73.175736, 9.181192 ], [ -73.176331, 9.181131 ], [ -73.177536, 9.181054 ], [ -73.178108, 9.180976 ], [ -73.181053, 9.180175 ], [ -73.181602, 9.180051 ], [ -73.182251, 9.179990 ], [ -73.182808, 9.180001 ], [ -73.183433, 9.180048 ], [ -73.184616, 9.180161 ], [ -73.185219, 9.180235 ], [ -73.185776, 9.180319 ], [ -73.186379, 9.180366 ], [ -73.186958, 9.180341 ], [ -73.187553, 9.180189 ], [ -73.188057, 9.180021 ], [ -73.188652, 9.179726 ], [ -73.189156, 9.179459 ], [ -73.189667, 9.179335 ], [ -73.190216, 9.179230 ], [ -73.190796, 9.179187 ], [ -73.191330, 9.179289 ], [ -73.191894, 9.179643 ], [ -73.192695, 9.180320 ], [ -73.193077, 9.180703 ], [ -73.193573, 9.181292 ], [ -73.193954, 9.181694 ], [ -73.194427, 9.181986 ], [ -73.194939, 9.182206 ], [ -73.195496, 9.182325 ], [ -73.196152, 9.182517 ], [ -73.196823, 9.182680 ], [ -73.197334, 9.182764 ], [ -73.198471, 9.182787 ], [ -73.199051, 9.182844 ], [ -73.199585, 9.183081 ], [ -73.200104, 9.183535 ], [ -73.200554, 9.183882 ], [ -73.201011, 9.183597 ], [ -73.201187, 9.183117 ], [ -73.201332, 9.182565 ], [ -73.201645, 9.181984 ], [ -73.202095, 9.181671 ], [ -73.202522, 9.182010 ], [ -73.202789, 9.182503 ], [ -73.202919, 9.183061 ], [ -73.202957, 9.183628 ], [ -73.202972, 9.184341 ], [ -73.203171, 9.184889 ], [ -73.203507, 9.185336 ], [ -73.203995, 9.185601 ], [ -73.204506, 9.185730 ], [ -73.205063, 9.185642 ], [ -73.205567, 9.185294 ], [ -73.205635, 9.184598 ], [ -73.205460, 9.184014 ], [ -73.205261, 9.183393 ], [ -73.205620, 9.182902 ], [ -73.206077, 9.182590 ], [ -73.206612, 9.182693 ], [ -73.207100, 9.182867 ], [ -73.207565, 9.183105 ], [ -73.208534, 9.183707 ], [ -73.208954, 9.184018 ], [ -73.209450, 9.184445 ], [ -73.209946, 9.184917 ], [ -73.210442, 9.185291 ], [ -73.210869, 9.185656 ], [ -73.211228, 9.186040 ], [ -73.211517, 9.186623 ], [ -73.212051, 9.186607 ], [ -73.212479, 9.186332 ], [ -73.212723, 9.185860 ], [ -73.212944, 9.185406 ], [ -73.213348, 9.184815 ], [ -73.213806, 9.184530 ], [ -73.214356, 9.184424 ], [ -73.214889, 9.184346 ], [ -73.215538, 9.184329 ], [ -73.216065, 9.184386 ], [ -73.216644, 9.184388 ], [ -73.217193, 9.184130 ], [ -73.217651, 9.183889 ], [ -73.218155, 9.183676 ], [ -73.218727, 9.183525 ], [ -73.219261, 9.183420 ], [ -73.219765, 9.183270 ], [ -73.220291, 9.183046 ], [ -73.220840, 9.182715 ], [ -73.221199, 9.182242 ], [ -73.221489, 9.181806 ], [ -73.221779, 9.181289 ], [ -73.222061, 9.180726 ], [ -73.222687, 9.179798 ], [ -73.223122, 9.179379 ], [ -73.223602, 9.179138 ], [ -73.224083, 9.178943 ], [ -73.224609, 9.178883 ], [ -73.225235, 9.178911 ], [ -73.226326, 9.179069 ], [ -73.227447, 9.179418 ], [ -73.228073, 9.179582 ], [ -73.228775, 9.179727 ], [ -73.229301, 9.179667 ], [ -73.229805, 9.179471 ], [ -73.230331, 9.179231 ], [ -73.231499, 9.178603 ], [ -73.231979, 9.178318 ], [ -73.232498, 9.177942 ], [ -73.232979, 9.177566 ], [ -73.233406, 9.177155 ], [ -73.233856, 9.176690 ], [ -73.234627, 9.175797 ], [ -73.235077, 9.175241 ], [ -73.235474, 9.174579 ], [ -73.235786, 9.174096 ], [ -73.236099, 9.173578 ], [ -73.236687, 9.172236 ], [ -73.236885, 9.171747 ], [ -73.237221, 9.171166 ], [ -73.237557, 9.170674 ], [ -73.237892, 9.170282 ], [ -73.238274, 9.169809 ], [ -73.238823, 9.169497 ], [ -73.239449, 9.169489 ], [ -73.240028, 9.169635 ], [ -73.240570, 9.169945 ], [ -73.240898, 9.170346 ], [ -73.241409, 9.170449 ], [ -73.241867, 9.170209 ], [ -73.242256, 9.169835 ], [ -73.242615, 9.169316 ], [ -73.242851, 9.168745 ], [ -73.243050, 9.168228 ], [ -73.243286, 9.167648 ], [ -73.243912, 9.166622 ], [ -73.244316, 9.166067 ], [ -73.244697, 9.165620 ], [ -73.245079, 9.165129 ], [ -73.245483, 9.164582 ], [ -73.245857, 9.164010 ], [ -73.246292, 9.163635 ], [ -73.246834, 9.163186 ], [ -73.247406, 9.162783 ], [ -73.248039, 9.162306 ], [ -73.248566, 9.161966 ], [ -73.249069, 9.161771 ], [ -73.249557, 9.161945 ], [ -73.250007, 9.162256 ], [ -73.250320, 9.162758 ], [ -73.250496, 9.163279 ], [ -73.250626, 9.163855 ], [ -73.250679, 9.164377 ], [ -73.250763, 9.164899 ], [ -73.250793, 9.166108 ], [ -73.250900, 9.166675 ], [ -73.251388, 9.166849 ], [ -73.251892, 9.166699 ], [ -73.252373, 9.166297 ], [ -73.252686, 9.165851 ], [ -73.253021, 9.165459 ], [ -73.253502, 9.165228 ], [ -73.254036, 9.165239 ], [ -73.254501, 9.165486 ], [ -73.255043, 9.165751 ], [ -73.255676, 9.166149 ], [ -73.256233, 9.166324 ], [ -73.256790, 9.166307 ], [ -73.257362, 9.166066 ], [ -73.257820, 9.165772 ], [ -73.258370, 9.165442 ], [ -73.258843, 9.165201 ], [ -73.259468, 9.165094 ], [ -73.260460, 9.164984 ], [ -73.261085, 9.165012 ], [ -73.261597, 9.165159 ], [ -73.262070, 9.165452 ], [ -73.262611, 9.165870 ], [ -73.263039, 9.166252 ], [ -73.263558, 9.166634 ], [ -73.264046, 9.166917 ], [ -73.264633, 9.167271 ], [ -73.265221, 9.167580 ], [ -73.265755, 9.167763 ], [ -73.266457, 9.167971 ], [ -73.267037, 9.168045 ], [ -73.267708, 9.168074 ], [ -73.268257, 9.167923 ], [ -73.268761, 9.167709 ], [ -73.269264, 9.167441 ], [ -73.269775, 9.167525 ], [ -73.270264, 9.167718 ], [ -73.270760, 9.167965 ], [ -73.271248, 9.168185 ], [ -73.271835, 9.168349 ], [ -73.272392, 9.168406 ], [ -73.273056, 9.168344 ], [ -73.273567, 9.168221 ], [ -73.274254, 9.168014 ], [ -73.274712, 9.167738 ], [ -73.275093, 9.167363 ], [ -73.275520, 9.166836 ], [ -73.276039, 9.166252 ], [ -73.276474, 9.165922 ], [ -73.276970, 9.165618 ], [ -73.277473, 9.165432 ], [ -73.278107, 9.165523 ], [ -73.278633, 9.165553 ], [ -73.279198, 9.165728 ], [ -73.279755, 9.165875 ], [ -73.280899, 9.166329 ], [ -73.281395, 9.166567 ], [ -73.282890, 9.167434 ], [ -73.283386, 9.167744 ], [ -73.283974, 9.168070 ], [ -73.284538, 9.168469 ], [ -73.285126, 9.168868 ], [ -73.285645, 9.169151 ], [ -73.286224, 9.169378 ], [ -73.286758, 9.169462 ], [ -73.287315, 9.169609 ], [ -73.287857, 9.169774 ], [ -73.288422, 9.170174 ], [ -73.288918, 9.170555 ], [ -73.289818, 9.171411 ], [ -73.290336, 9.171927 ], [ -73.290787, 9.172356 ], [ -73.291733, 9.173301 ], [ -73.292709, 9.174218 ], [ -73.293106, 9.174574 ], [ -73.293533, 9.174903 ], [ -73.294075, 9.175356 ], [ -73.294571, 9.175738 ], [ -73.295090, 9.176183 ], [ -73.295540, 9.176520 ], [ -73.296219, 9.176964 ], [ -73.296783, 9.177263 ], [ -73.297348, 9.177527 ], [ -73.297905, 9.177746 ], [ -73.298485, 9.177911 ], [ -73.299675, 9.178285 ], [ -73.300301, 9.178358 ], [ -73.300835, 9.178325 ], [ -73.301414, 9.178246 ], [ -73.301964, 9.178068 ], [ -73.302536, 9.177809 ], [ -73.303108, 9.177513 ], [ -73.303635, 9.177434 ], [ -73.304382, 9.177579 ], [ -73.304871, 9.177816 ], [ -73.305450, 9.178008 ], [ -73.306038, 9.178064 ], [ -73.306770, 9.178010 ], [ -73.307442, 9.177921 ], [ -73.308067, 9.177814 ], [ -73.308617, 9.177682 ], [ -73.309242, 9.177557 ], [ -73.309883, 9.177378 ], [ -73.310547, 9.177271 ], [ -73.311150, 9.177164 ], [ -73.311890, 9.177083 ], [ -73.312530, 9.176994 ], [ -73.313110, 9.176870 ], [ -73.313682, 9.176647 ], [ -73.314110, 9.176317 ], [ -73.314583, 9.175752 ], [ -73.314964, 9.175350 ], [ -73.315468, 9.175002 ], [ -73.315926, 9.174735 ], [ -73.316460, 9.174791 ], [ -73.316994, 9.175011 ], [ -73.317536, 9.175320 ], [ -73.318009, 9.175747 ], [ -73.318459, 9.176193 ], [ -73.319313, 9.176994 ], [ -73.319840, 9.177655 ], [ -73.320267, 9.178227 ], [ -73.320625, 9.178620 ], [ -73.321175, 9.179255 ], [ -73.321694, 9.179618 ], [ -73.322205, 9.179811 ], [ -73.322708, 9.179633 ], [ -73.323235, 9.179392 ], [ -73.323830, 9.179187 ], [ -73.324455, 9.179062 ], [ -73.325028, 9.178928 ], [ -73.326187, 9.178915 ], [ -73.326691, 9.178945 ], [ -73.327339, 9.178909 ], [ -73.327965, 9.178911 ], [ -73.328499, 9.178923 ], [ -73.329147, 9.179006 ], [ -73.329727, 9.179097 ], [ -73.330338, 9.179244 ], [ -73.330849, 9.179463 ], [ -73.331299, 9.179728 ], [ -73.331787, 9.179993 ], [ -73.332329, 9.180303 ], [ -73.332870, 9.180638 ], [ -73.333458, 9.181019 ], [ -73.334022, 9.181418 ], [ -73.334511, 9.181684 ], [ -73.335114, 9.181811 ], [ -73.335884, 9.181874 ], [ -73.337227, 9.181804 ], [ -73.337875, 9.181859 ], [ -73.338409, 9.182051 ], [ -73.339348, 9.182698 ], [ -73.339867, 9.182981 ], [ -73.340355, 9.183183 ], [ -73.340866, 9.183257 ], [ -73.341423, 9.183359 ], [ -73.342049, 9.183433 ], [ -73.342606, 9.183399 ], [ -73.343277, 9.183336 ], [ -73.343781, 9.183078 ], [ -73.344139, 9.182676 ], [ -73.344406, 9.182214 ], [ -73.344604, 9.181697 ], [ -73.344933, 9.181188 ], [ -73.345444, 9.181083 ], [ -73.345955, 9.181239 ], [ -73.346466, 9.181449 ], [ -73.346985, 9.181786 ], [ -73.347412, 9.182096 ], [ -73.347900, 9.182361 ], [ -73.348374, 9.182571 ], [ -73.348953, 9.182817 ], [ -73.349464, 9.182946 ], [ -73.350044, 9.182867 ], [ -73.350525, 9.182501 ], [ -73.350906, 9.182063 ], [ -73.351333, 9.181751 ], [ -73.351837, 9.181556 ], [ -73.352371, 9.181414 ], [ -73.352966, 9.181209 ], [ -73.354065, 9.180672 ], [ -73.354523, 9.180414 ], [ -73.354996, 9.180128 ], [ -73.355499, 9.179771 ], [ -73.356110, 9.179295 ], [ -73.356705, 9.178872 ], [ -73.357636, 9.178292 ], [ -73.358185, 9.177980 ], [ -73.358666, 9.177784 ], [ -73.359261, 9.177632 ], [ -73.359886, 9.177526 ], [ -73.360420, 9.177447 ], [ -73.361847, 9.177303 ], [ -73.362450, 9.177216 ], [ -73.363045, 9.177064 ], [ -73.364143, 9.176671 ], [ -73.364670, 9.176413 ], [ -73.365173, 9.176145 ], [ -73.366035, 9.175476 ], [ -73.366447, 9.175101 ], [ -73.367287, 9.174441 ], [ -73.368363, 9.173933 ], [ -73.368889, 9.173809 ], [ -73.369491, 9.173793 ], [ -73.370018, 9.173822 ], [ -73.370605, 9.173833 ], [ -73.371231, 9.173907 ], [ -73.371811, 9.173990 ], [ -73.372368, 9.174037 ], [ -73.372879, 9.174122 ], [ -73.373428, 9.174178 ], [ -73.374458, 9.174382 ], [ -73.375084, 9.174482 ], [ -73.375687, 9.174610 ], [ -73.376274, 9.174784 ], [ -73.376854, 9.175093 ], [ -73.377327, 9.175492 ], [ -73.377525, 9.176031 ], [ -73.377632, 9.176544 ], [ -73.377670, 9.177112 ], [ -73.377640, 9.177807 ], [ -73.377586, 9.178330 ], [ -73.377480, 9.178846 ], [ -73.377357, 9.179353 ], [ -73.377159, 9.180004 ], [ -73.376991, 9.180493 ], [ -73.376579, 9.181762 ], [ -73.376190, 9.182876 ], [ -73.375664, 9.184127 ], [ -73.375404, 9.184707 ], [ -73.374870, 9.185796 ], [ -73.374565, 9.186314 ], [ -73.374054, 9.187312 ], [ -73.373795, 9.187893 ], [ -73.373573, 9.188355 ], [ -73.373329, 9.188980 ], [ -73.372986, 9.189959 ], [ -73.372818, 9.190474 ], [ -73.372406, 9.191806 ], [ -73.372131, 9.192946 ], [ -73.372009, 9.193542 ], [ -73.371887, 9.194077 ], [ -73.371803, 9.194610 ], [ -73.371750, 9.195250 ], [ -73.371452, 9.197121 ], [ -73.371376, 9.197744 ], [ -73.371269, 9.199026 ], [ -73.371185, 9.199605 ], [ -73.370972, 9.200230 ], [ -73.370636, 9.200694 ], [ -73.370300, 9.201104 ], [ -73.369759, 9.201570 ], [ -73.368851, 9.202375 ], [ -73.368324, 9.202806 ], [ -73.367897, 9.203180 ], [ -73.367310, 9.203603 ], [ -73.366852, 9.203915 ], [ -73.366333, 9.204381 ], [ -73.365944, 9.204855 ], [ -73.365631, 9.205274 ], [ -73.365395, 9.205809 ], [ -73.365196, 9.206298 ], [ -73.365029, 9.206878 ], [ -73.364906, 9.207573 ], [ -73.364891, 9.208096 ], [ -73.364952, 9.208691 ], [ -73.365151, 9.209248 ], [ -73.365395, 9.209759 ], [ -73.365684, 9.210260 ], [ -73.366096, 9.210896 ], [ -73.366363, 9.211344 ], [ -73.366676, 9.211800 ], [ -73.366943, 9.212284 ], [ -73.367142, 9.212805 ], [ -73.367317, 9.213443 ], [ -73.367401, 9.213992 ], [ -73.367348, 9.214633 ], [ -73.367195, 9.215284 ], [ -73.367050, 9.215792 ], [ -73.366829, 9.216326 ], [ -73.366539, 9.216862 ], [ -73.366096, 9.217426 ], [ -73.365684, 9.217801 ], [ -73.364731, 9.218490 ], [ -73.364281, 9.218828 ], [ -73.363800, 9.219159 ], [ -73.363258, 9.219607 ], [ -73.362846, 9.220028 ], [ -73.362465, 9.220474 ], [ -73.362106, 9.220939 ], [ -73.361618, 9.221612 ], [ -73.360764, 9.222741 ], [ -73.360428, 9.223214 ], [ -73.360069, 9.223813 ], [ -73.359810, 9.224331 ], [ -73.359566, 9.224911 ], [ -73.359398, 9.225481 ], [ -73.359215, 9.226656 ], [ -73.359161, 9.227234 ], [ -73.358955, 9.228301 ], [ -73.358810, 9.228880 ], [ -73.358612, 9.229369 ], [ -73.358368, 9.229877 ], [ -73.357933, 9.231010 ], [ -73.357765, 9.231526 ], [ -73.357567, 9.232034 ], [ -73.357345, 9.232514 ], [ -73.357017, 9.233123 ], [ -73.356659, 9.233668 ], [ -73.356323, 9.234151 ], [ -73.356056, 9.234623 ], [ -73.355789, 9.235176 ], [ -73.355598, 9.235729 ], [ -73.355377, 9.236246 ], [ -73.354996, 9.236828 ], [ -73.354683, 9.237246 ], [ -73.354279, 9.237603 ], [ -73.353752, 9.237817 ], [ -73.353203, 9.238058 ], [ -73.352722, 9.238326 ], [ -73.352219, 9.238593 ], [ -73.351738, 9.238789 ], [ -73.351181, 9.238822 ], [ -73.350647, 9.238748 ], [ -73.350136, 9.238619 ], [ -73.349579, 9.238454 ], [ -73.348923, 9.238182 ], [ -73.348343, 9.237991 ], [ -73.347153, 9.237680 ], [ -73.345970, 9.237478 ], [ -73.345337, 9.237405 ], [ -73.344689, 9.237295 ], [ -73.344017, 9.237132 ], [ -73.343430, 9.236932 ], [ -73.342873, 9.236677 ], [ -73.342422, 9.236385 ], [ -73.341835, 9.235968 ], [ -73.341362, 9.235586 ], [ -73.340866, 9.235276 ], [ -73.340347, 9.234921 ], [ -73.339294, 9.234321 ], [ -73.338844, 9.234011 ], [ -73.338287, 9.233765 ], [ -73.337685, 9.233682 ], [ -73.337036, 9.233681 ], [ -73.336456, 9.233742 ], [ -73.335808, 9.233822 ], [ -73.334564, 9.233855 ], [ -73.334022, 9.233690 ], [ -73.333458, 9.233373 ], [ -73.332970, 9.233081 ], [ -73.332474, 9.232753 ], [ -73.331978, 9.232371 ], [ -73.330963, 9.231634 ], [ -73.330521, 9.231234 ], [ -73.330048, 9.231023 ], [ -73.329537, 9.230939 ], [ -73.329010, 9.231000 ], [ -73.328385, 9.231115 ], [ -73.327835, 9.231294 ], [ -73.327263, 9.231444 ], [ -73.326111, 9.231792 ], [ -73.325539, 9.231926 ], [ -73.324936, 9.231977 ], [ -73.324379, 9.231976 ], [ -73.323776, 9.231919 ], [ -73.323128, 9.231936 ], [ -73.322479, 9.231972 ], [ -73.320770, 9.232019 ], [ -73.320244, 9.232071 ], [ -73.319756, 9.232293 ], [ -73.319191, 9.232579 ], [ -73.318253, 9.233267 ], [ -73.317924, 9.233758 ], [ -73.317367, 9.234757 ], [ -73.316712, 9.236398 ], [ -73.316536, 9.236914 ], [ -73.316368, 9.237538 ], [ -73.316292, 9.238045 ], [ -73.316284, 9.238685 ], [ -73.316406, 9.239955 ], [ -73.316490, 9.240640 ], [ -73.316597, 9.241252 ], [ -73.316734, 9.241945 ], [ -73.316818, 9.242539 ], [ -73.317032, 9.243799 ], [ -73.317162, 9.244438 ], [ -73.317245, 9.245032 ], [ -73.317261, 9.245682 ], [ -73.317230, 9.246323 ], [ -73.317223, 9.246990 ], [ -73.317169, 9.247614 ], [ -73.317070, 9.248210 ], [ -73.316856, 9.248862 ], [ -73.316612, 9.249478 ], [ -73.316299, 9.249970 ], [ -73.315964, 9.250442 ], [ -73.315063, 9.251355 ], [ -73.314522, 9.251786 ], [ -73.312973, 9.252860 ], [ -73.311989, 9.253448 ], [ -73.311508, 9.253716 ], [ -73.310524, 9.254152 ], [ -73.309837, 9.254467 ], [ -73.309158, 9.254854 ], [ -73.308334, 9.255306 ], [ -73.307488, 9.255758 ], [ -73.306236, 9.256595 ], [ -73.305756, 9.256925 ], [ -73.305206, 9.257283 ], [ -73.304436, 9.257878 ], [ -73.303940, 9.258237 ], [ -73.303459, 9.258630 ], [ -73.303032, 9.259150 ], [ -73.302841, 9.259693 ], [ -73.302872, 9.260216 ], [ -73.303001, 9.260828 ], [ -73.303131, 9.261385 ], [ -73.303284, 9.261880 ], [ -73.303749, 9.262947 ], [ -73.303947, 9.263459 ], [ -73.304169, 9.263952 ], [ -73.304344, 9.264501 ], [ -73.304520, 9.265004 ], [ -73.304672, 9.265589 ], [ -73.304802, 9.266146 ], [ -73.304955, 9.266685 ], [ -73.305061, 9.267334 ], [ -73.305145, 9.267955 ], [ -73.305267, 9.269243 ], [ -73.305260, 9.269839 ], [ -73.305229, 9.270434 ], [ -73.305244, 9.271003 ], [ -73.305191, 9.271789 ], [ -73.305122, 9.272529 ], [ -73.305015, 9.273035 ], [ -73.304840, 9.273615 ], [ -73.304581, 9.274358 ], [ -73.304367, 9.274820 ], [ -73.304031, 9.275330 ], [ -73.303215, 9.276114 ], [ -73.302376, 9.276774 ], [ -73.301918, 9.277033 ], [ -73.301437, 9.277327 ], [ -73.300888, 9.277596 ], [ -73.300369, 9.277926 ], [ -73.299797, 9.278213 ], [ -73.299294, 9.278525 ], [ -73.298813, 9.278810 ], [ -73.298340, 9.279160 ], [ -73.297905, 9.279571 ], [ -73.297500, 9.280035 ], [ -73.297211, 9.280498 ], [ -73.296898, 9.281080 ], [ -73.296684, 9.281570 ], [ -73.296173, 9.282659 ], [ -73.295479, 9.284417 ], [ -73.295265, 9.285006 ], [ -73.294777, 9.285976 ], [ -73.294464, 9.286468 ], [ -73.293816, 9.287333 ], [ -73.293404, 9.287752 ], [ -73.293022, 9.288180 ], [ -73.292526, 9.288629 ], [ -73.292160, 9.289003 ], [ -73.291756, 9.289360 ], [ -73.291351, 9.289780 ], [ -73.290924, 9.290199 ], [ -73.290512, 9.290628 ], [ -73.289612, 9.291614 ], [ -73.289162, 9.292124 ], [ -73.288734, 9.292625 ], [ -73.288330, 9.293117 ], [ -73.288017, 9.293536 ], [ -73.287705, 9.294027 ], [ -73.287483, 9.294517 ], [ -73.287224, 9.295142 ], [ -73.287026, 9.295740 ], [ -73.286949, 9.296247 ], [ -73.286942, 9.296824 ], [ -73.286949, 9.297374 ], [ -73.286942, 9.297996 ], [ -73.286606, 9.298415 ], [ -73.285576, 9.298951 ], [ -73.285126, 9.299281 ], [ -73.284859, 9.299717 ], [ -73.284706, 9.300224 ], [ -73.284584, 9.300785 ], [ -73.284523, 9.301336 ], [ -73.284515, 9.301913 ], [ -73.284531, 9.302482 ], [ -73.284477, 9.303023 ], [ -73.284324, 9.303567 ], [ -73.284126, 9.304101 ], [ -73.283814, 9.304556 ], [ -73.283409, 9.305038 ], [ -73.282936, 9.305559 ], [ -73.282440, 9.306070 ], [ -73.281967, 9.306526 ], [ -73.281609, 9.306919 ], [ -73.281250, 9.307419 ], [ -73.281006, 9.307874 ], [ -73.280785, 9.308480 ], [ -73.280754, 9.309004 ], [ -73.280746, 9.309627 ], [ -73.280686, 9.310178 ], [ -73.280472, 9.310649 ], [ -73.280182, 9.311122 ], [ -73.278435, 9.312739 ], [ -73.277939, 9.313277 ], [ -73.277535, 9.313743 ], [ -73.277176, 9.314242 ], [ -73.276886, 9.314679 ], [ -73.276688, 9.315168 ], [ -73.276497, 9.315794 ], [ -73.276344, 9.316328 ], [ -73.276245, 9.316834 ], [ -73.276115, 9.317368 ], [ -73.275993, 9.317983 ], [ -73.275894, 9.318543 ], [ -73.275917, 9.319760 ], [ -73.276039, 9.320931 ], [ -73.276055, 9.321554 ], [ -73.276092, 9.322194 ], [ -73.276108, 9.322817 ], [ -73.276032, 9.323458 ], [ -73.275864, 9.324064 ], [ -73.275620, 9.324563 ], [ -73.275062, 9.325553 ], [ -73.274750, 9.325990 ], [ -73.274368, 9.326490 ], [ -73.274032, 9.326955 ], [ -73.273743, 9.327418 ], [ -73.273460, 9.327954 ], [ -73.273239, 9.328417 ], [ -73.273018, 9.328979 ], [ -73.272629, 9.330111 ], [ -73.272148, 9.331109 ], [ -73.271858, 9.331554 ], [ -73.271477, 9.332073 ], [ -73.271141, 9.332483 ], [ -73.270798, 9.333101 ], [ -73.270325, 9.334026 ], [ -73.270088, 9.334310 ], [ -73.269783, 9.334719 ], [ -73.269486, 9.335263 ], [ -73.269257, 9.335988 ], [ -73.269051, 9.337227 ], [ -73.268936, 9.337805 ], [ -73.268776, 9.338375 ], [ -73.268707, 9.338926 ], [ -73.268517, 9.339533 ], [ -73.267914, 9.340767 ], [ -73.267845, 9.341318 ], [ -73.267868, 9.341887 ], [ -73.267776, 9.342537 ], [ -73.267365, 9.342975 ], [ -73.266785, 9.343361 ], [ -73.266319, 9.343772 ], [ -73.265862, 9.344121 ], [ -73.265511, 9.344811 ], [ -73.264633, 9.346318 ], [ -73.264221, 9.347063 ], [ -73.263733, 9.348070 ], [ -73.263481, 9.348714 ], [ -73.263313, 9.349357 ], [ -73.263290, 9.349952 ], [ -73.263313, 9.350593 ], [ -73.263390, 9.351187 ], [ -73.263458, 9.351971 ], [ -73.263435, 9.352549 ], [ -73.263428, 9.353279 ], [ -73.263176, 9.354960 ], [ -73.263061, 9.355665 ], [ -73.262901, 9.356452 ], [ -73.262741, 9.356977 ], [ -73.262482, 9.357549 ], [ -73.262184, 9.358075 ], [ -73.261467, 9.359139 ], [ -73.261002, 9.359848 ], [ -73.260658, 9.360484 ], [ -73.260429, 9.361218 ], [ -73.260261, 9.361887 ], [ -73.260033, 9.362602 ], [ -73.259735, 9.363166 ], [ -73.259453, 9.363656 ], [ -73.259178, 9.364300 ], [ -73.258995, 9.364933 ], [ -73.258858, 9.365648 ], [ -73.258759, 9.366226 ], [ -73.258736, 9.366822 ], [ -73.258804, 9.367426 ], [ -73.258972, 9.368109 ], [ -73.259132, 9.368847 ], [ -73.259178, 9.369487 ], [ -73.259041, 9.371067 ], [ -73.258896, 9.371737 ], [ -73.258575, 9.372218 ], [ -73.258156, 9.372720 ], [ -73.257324, 9.373623 ], [ -73.256912, 9.374124 ], [ -73.256493, 9.374652 ], [ -73.256058, 9.375081 ], [ -73.255546, 9.375458 ], [ -73.255066, 9.375752 ], [ -73.254623, 9.376163 ], [ -73.254135, 9.376647 ], [ -73.253281, 9.377614 ], [ -73.252891, 9.378024 ], [ -73.252380, 9.378499 ], [ -73.251938, 9.378875 ], [ -73.251434, 9.379242 ], [ -73.250877, 9.379609 ], [ -73.250343, 9.379976 ], [ -73.248543, 9.381261 ], [ -73.247917, 9.381792 ], [ -73.247459, 9.382158 ], [ -73.246948, 9.382498 ], [ -73.246506, 9.382909 ], [ -73.246071, 9.383374 ], [ -73.245743, 9.383902 ], [ -73.245468, 9.384591 ], [ -73.245194, 9.385217 ], [ -73.245003, 9.385760 ], [ -73.244705, 9.386377 ], [ -73.244545, 9.386956 ], [ -73.244377, 9.387482 ], [ -73.244240, 9.388151 ], [ -73.243668, 9.389483 ], [ -73.243363, 9.389938 ], [ -73.242905, 9.390468 ], [ -73.241951, 9.391408 ], [ -73.241608, 9.391908 ], [ -73.241348, 9.392444 ], [ -73.241142, 9.392969 ], [ -73.240914, 9.393640 ], [ -73.240685, 9.394274 ], [ -73.240425, 9.394782 ], [ -73.240036, 9.395328 ], [ -73.239731, 9.395909 ], [ -73.239548, 9.396579 ], [ -73.239662, 9.397163 ], [ -73.239944, 9.397675 ], [ -73.240242, 9.398131 ], [ -73.240608, 9.398632 ], [ -73.240936, 9.399124 ], [ -73.241188, 9.399627 ], [ -73.241074, 9.400223 ], [ -73.240936, 9.401046 ], [ -73.240890, 9.401831 ], [ -73.240845, 9.402409 ], [ -73.240814, 9.403005 ], [ -73.240745, 9.403574 ], [ -73.240631, 9.404243 ], [ -73.240517, 9.404813 ], [ -73.240357, 9.405518 ], [ -73.240120, 9.406098 ], [ -73.239571, 9.406872 ], [ -73.239197, 9.407336 ], [ -73.238831, 9.407819 ], [ -73.238022, 9.408712 ], [ -73.237602, 9.409123 ], [ -73.236748, 9.410117 ], [ -73.236236, 9.410484 ], [ -73.234878, 9.411285 ], [ -73.233696, 9.411741 ], [ -73.233139, 9.411992 ], [ -73.232658, 9.412277 ], [ -73.231545, 9.413013 ], [ -73.230942, 9.413336 ], [ -73.230369, 9.413559 ], [ -73.229973, 9.413952 ], [ -73.229439, 9.414589 ], [ -73.228424, 9.415693 ], [ -73.228081, 9.416176 ], [ -73.227638, 9.416514 ], [ -73.227150, 9.417070 ], [ -73.226738, 9.417581 ], [ -73.226318, 9.418037 ], [ -73.225678, 9.418469 ], [ -73.225098, 9.418774 ], [ -73.224518, 9.419205 ], [ -73.224121, 9.419687 ], [ -73.223358, 9.420580 ], [ -73.222832, 9.421218 ], [ -73.222412, 9.421801 ], [ -73.222115, 9.422282 ], [ -73.221901, 9.422808 ], [ -73.221741, 9.423388 ], [ -73.221443, 9.423861 ], [ -73.221115, 9.424415 ], [ -73.220840, 9.424941 ], [ -73.220612, 9.425512 ], [ -73.220589, 9.426107 ], [ -73.220589, 9.426658 ], [ -73.220543, 9.427326 ], [ -73.220421, 9.427995 ], [ -73.220146, 9.428567 ], [ -73.219704, 9.428960 ], [ -73.219109, 9.429138 ], [ -73.218483, 9.429309 ], [ -73.217835, 9.429353 ], [ -73.217140, 9.429253 ], [ -73.216583, 9.429142 ], [ -73.215988, 9.429077 ], [ -73.215126, 9.428825 ], [ -73.214485, 9.428707 ], [ -73.213905, 9.428542 ], [ -73.213326, 9.428297 ], [ -73.212608, 9.428043 ], [ -73.212036, 9.427879 ], [ -73.211456, 9.427760 ], [ -73.210877, 9.427559 ], [ -73.210320, 9.427557 ], [ -73.209725, 9.427717 ], [ -73.209053, 9.427789 ], [ -73.208473, 9.427886 ], [ -73.207825, 9.428092 ], [ -73.207314, 9.428342 ], [ -73.206901, 9.428735 ], [ -73.206436, 9.429092 ], [ -73.205933, 9.429414 ], [ -73.205353, 9.429764 ], [ -73.204796, 9.430131 ], [ -73.204216, 9.430562 ], [ -73.203293, 9.431466 ], [ -73.202949, 9.431921 ], [ -73.202644, 9.432475 ], [ -73.202461, 9.433073 ], [ -73.202324, 9.433643 ], [ -73.202210, 9.434186 ], [ -73.201950, 9.434694 ], [ -73.201515, 9.435267 ], [ -73.201141, 9.435687 ], [ -73.200630, 9.436190 ], [ -73.200241, 9.436627 ], [ -73.199867, 9.437110 ], [ -73.199150, 9.438399 ], [ -73.198830, 9.438872 ], [ -73.198532, 9.439336 ], [ -73.197739, 9.440292 ], [ -73.197235, 9.440804 ], [ -73.196655, 9.441036 ], [ -73.196144, 9.441268 ], [ -73.194710, 9.442205 ], [ -73.193649, 9.442985 ], [ -73.193115, 9.443415 ], [ -73.192657, 9.443863 ], [ -73.192238, 9.444427 ], [ -73.191849, 9.444928 ], [ -73.191498, 9.445437 ], [ -73.191063, 9.445875 ], [ -73.190040, 9.446654 ], [ -73.189461, 9.447067 ], [ -73.189026, 9.447443 ], [ -73.188561, 9.447989 ], [ -73.188194, 9.448535 ], [ -73.187912, 9.449017 ], [ -73.187614, 9.449660 ], [ -73.187431, 9.450232 ], [ -73.187355, 9.450918 ], [ -73.187332, 9.451468 ], [ -73.187355, 9.452073 ], [ -73.187523, 9.452693 ], [ -73.187775, 9.453267 ], [ -73.188095, 9.453742 ], [ -73.188423, 9.454297 ], [ -73.188744, 9.454943 ], [ -73.189484, 9.456324 ], [ -73.189781, 9.456780 ], [ -73.190132, 9.457372 ], [ -73.190407, 9.457973 ], [ -73.190773, 9.459123 ], [ -73.191032, 9.459670 ], [ -73.191376, 9.460198 ], [ -73.192368, 9.461828 ], [ -73.192764, 9.462329 ], [ -73.193390, 9.462845 ], [ -73.194008, 9.463207 ], [ -73.194542, 9.463597 ], [ -73.194916, 9.464053 ], [ -73.195259, 9.464545 ], [ -73.195656, 9.464947 ], [ -73.196205, 9.465274 ], [ -73.196877, 9.465483 ], [ -73.197433, 9.465711 ], [ -73.197914, 9.465984 ], [ -73.198517, 9.466482 ], [ -73.198982, 9.466990 ], [ -73.199303, 9.467456 ], [ -73.199623, 9.468075 ], [ -73.200294, 9.469239 ], [ -73.200577, 9.469868 ], [ -73.200806, 9.470451 ], [ -73.201035, 9.471170 ], [ -73.201126, 9.471738 ], [ -73.201149, 9.472414 ], [ -73.201149, 9.473217 ], [ -73.200943, 9.473860 ], [ -73.200523, 9.474568 ], [ -73.200134, 9.475024 ], [ -73.199692, 9.475490 ], [ -73.199142, 9.476020 ], [ -73.198608, 9.476495 ], [ -73.197983, 9.477143 ], [ -73.197639, 9.477643 ], [ -73.196480, 9.479633 ], [ -73.196205, 9.480124 ], [ -73.195648, 9.480464 ], [ -73.195023, 9.480860 ], [ -73.194397, 9.481038 ], [ -73.193588, 9.481201 ], [ -73.192940, 9.481218 ], [ -73.192291, 9.481135 ], [ -73.191643, 9.480954 ], [ -73.191093, 9.480762 ], [ -73.190559, 9.480507 ], [ -73.190048, 9.480188 ], [ -73.189453, 9.480006 ], [ -73.188667, 9.479691 ], [ -73.187904, 9.479682 ], [ -73.187325, 9.479616 ], [ -73.186653, 9.479597 ], [ -73.186050, 9.479686 ], [ -73.185196, 9.479840 ], [ -73.184548, 9.480119 ], [ -73.184036, 9.480351 ], [ -73.183464, 9.480511 ], [ -73.182770, 9.480762 ], [ -73.182075, 9.481032 ], [ -73.181335, 9.481222 ], [ -73.180710, 9.481220 ], [ -73.180039, 9.481246 ], [ -73.179482, 9.481226 ], [ -73.178696, 9.481290 ], [ -73.178078, 9.481387 ], [ -73.177452, 9.481431 ], [ -73.176804, 9.481619 ], [ -73.176155, 9.481771 ], [ -73.175415, 9.482005 ], [ -73.174858, 9.482256 ], [ -73.174286, 9.482461 ], [ -73.173660, 9.482739 ], [ -73.173126, 9.483061 ], [ -73.172684, 9.483562 ], [ -73.172226, 9.483992 ], [ -73.171760, 9.484485 ], [ -73.171417, 9.484940 ], [ -73.171181, 9.485448 ], [ -73.170929, 9.485948 ], [ -73.170723, 9.486681 ], [ -73.170654, 9.487231 ], [ -73.170647, 9.488468 ], [ -73.170624, 9.489055 ], [ -73.170372, 9.489707 ], [ -73.170189, 9.490494 ], [ -73.170120, 9.491091 ], [ -73.170166, 9.491658 ], [ -73.170784, 9.493455 ], [ -73.171043, 9.494138 ], [ -73.171295, 9.494694 ], [ -73.171852, 9.495995 ], [ -73.172127, 9.496525 ], [ -73.172424, 9.497152 ], [ -73.172753, 9.497708 ], [ -73.173027, 9.498363 ], [ -73.173187, 9.498894 ], [ -73.173393, 9.499532 ], [ -73.173630, 9.500178 ], [ -73.173882, 9.500772 ], [ -73.174087, 9.501301 ], [ -73.174293, 9.501903 ], [ -73.174438, 9.502587 ], [ -73.174438, 9.503138 ], [ -73.174362, 9.503760 ], [ -73.174019, 9.505118 ], [ -73.173744, 9.505590 ], [ -73.173485, 9.506099 ], [ -73.173164, 9.506580 ], [ -73.172790, 9.507046 ], [ -73.172256, 9.507593 ], [ -73.171310, 9.508299 ], [ -73.170364, 9.509069 ], [ -73.169876, 9.509380 ], [ -73.169441, 9.509747 ], [ -73.168907, 9.510114 ], [ -73.168488, 9.510507 ], [ -73.167961, 9.510883 ], [ -73.167542, 9.511268 ], [ -73.167030, 9.511797 ], [ -73.166687, 9.512252 ], [ -73.166221, 9.512763 ], [ -73.165901, 9.513281 ], [ -73.165573, 9.513772 ], [ -73.165230, 9.514336 ], [ -73.164856, 9.514845 ], [ -73.164398, 9.515401 ], [ -73.163979, 9.515857 ], [ -73.163658, 9.516366 ], [ -73.163376, 9.516911 ], [ -73.163147, 9.517581 ], [ -73.162987, 9.518133 ], [ -73.162796, 9.518885 ], [ -73.162544, 9.519618 ], [ -73.162170, 9.520038 ], [ -73.161667, 9.520306 ], [ -73.161064, 9.520493 ], [ -73.159905, 9.520895 ], [ -73.159378, 9.521135 ], [ -73.158729, 9.521495 ], [ -73.158241, 9.521826 ], [ -73.157593, 9.522159 ], [ -73.157150, 9.522560 ], [ -73.156670, 9.523081 ], [ -73.156296, 9.523563 ], [ -73.155975, 9.524208 ], [ -73.155372, 9.525514 ], [ -73.155045, 9.526014 ], [ -73.154678, 9.526713 ], [ -73.154282, 9.527277 ], [ -73.153610, 9.528287 ], [ -73.153358, 9.528795 ], [ -73.153038, 9.529394 ], [ -73.152366, 9.530449 ], [ -73.152039, 9.531048 ], [ -73.151787, 9.531574 ], [ -73.151505, 9.532084 ], [ -73.151184, 9.532638 ], [ -73.150879, 9.533227 ], [ -73.150230, 9.534372 ], [ -73.149727, 9.535379 ], [ -73.149490, 9.535914 ], [ -73.149238, 9.536423 ], [ -73.149010, 9.536921 ], [ -73.148453, 9.538074 ], [ -73.148125, 9.538691 ], [ -73.147735, 9.539283 ], [ -73.147339, 9.539765 ], [ -73.146774, 9.540322 ], [ -73.146019, 9.541008 ], [ -73.145538, 9.541402 ], [ -73.145096, 9.541831 ], [ -73.144707, 9.542242 ], [ -73.144447, 9.542777 ], [ -73.144356, 9.543374 ], [ -73.144333, 9.543970 ], [ -73.144241, 9.544611 ], [ -73.144104, 9.545209 ], [ -73.143890, 9.545852 ], [ -73.143524, 9.546308 ], [ -73.143036, 9.546764 ], [ -73.142456, 9.547159 ], [ -73.141876, 9.547518 ], [ -73.140816, 9.547936 ], [ -73.140121, 9.548098 ], [ -73.139541, 9.548258 ], [ -73.138939, 9.548464 ], [ -73.138458, 9.548740 ], [ -73.138038, 9.549125 ], [ -73.137528, 9.549771 ], [ -73.137115, 9.550326 ], [ -73.136673, 9.550945 ], [ -73.136353, 9.551445 ], [ -73.135933, 9.552018 ], [ -73.135612, 9.552572 ], [ -73.135170, 9.553083 ], [ -73.134773, 9.553512 ], [ -73.134315, 9.553833 ], [ -73.133736, 9.554038 ], [ -73.133110, 9.554154 ], [ -73.132553, 9.554224 ], [ -73.131904, 9.554268 ], [ -73.130592, 9.554311 ], [ -73.130035, 9.554498 ], [ -73.129524, 9.554837 ], [ -73.129112, 9.555339 ], [ -73.128784, 9.555893 ], [ -73.128441, 9.556420 ], [ -73.128044, 9.556975 ], [ -73.127655, 9.557431 ], [ -73.127281, 9.557896 ], [ -73.126907, 9.558378 ], [ -73.126198, 9.558630 ], [ -73.125572, 9.558783 ], [ -73.124992, 9.558879 ], [ -73.124412, 9.558949 ], [ -73.123787, 9.558992 ], [ -73.123161, 9.558973 ], [ -73.122353, 9.558874 ], [ -73.121590, 9.558722 ], [ -73.120995, 9.558629 ], [ -73.120209, 9.558467 ], [ -73.118843, 9.558141 ], [ -73.118126, 9.558004 ], [ -73.117432, 9.557941 ], [ -73.116669, 9.557797 ], [ -73.116020, 9.557705 ], [ -73.114448, 9.557570 ], [ -73.113891, 9.557505 ], [ -73.112526, 9.557268 ], [ -73.111977, 9.557202 ], [ -73.110771, 9.557108 ], [ -73.110100, 9.557080 ], [ -73.109474, 9.557078 ], [ -73.108803, 9.557104 ], [ -73.108185, 9.557112 ], [ -73.107582, 9.557182 ], [ -73.106934, 9.557334 ], [ -73.106400, 9.557521 ], [ -73.105820, 9.557790 ], [ -73.105271, 9.558184 ], [ -73.104782, 9.558487 ], [ -73.104179, 9.558901 ], [ -73.103462, 9.559278 ], [ -73.102951, 9.559510 ], [ -73.102303, 9.559716 ], [ -73.101685, 9.559932 ], [ -73.100411, 9.560226 ], [ -73.099090, 9.560405 ], [ -73.098305, 9.560342 ], [ -73.097634, 9.560241 ], [ -73.096870, 9.560160 ], [ -73.096107, 9.560016 ], [ -73.095505, 9.559851 ], [ -73.094719, 9.559670 ], [ -73.094078, 9.559552 ], [ -73.092827, 9.559305 ], [ -73.091530, 9.559185 ], [ -73.090950, 9.559093 ], [ -73.090355, 9.559028 ], [ -73.089035, 9.558826 ], [ -73.088272, 9.558682 ], [ -73.087624, 9.558618 ], [ -73.086998, 9.558688 ], [ -73.086441, 9.558776 ], [ -73.085220, 9.559088 ], [ -73.084526, 9.559277 ], [ -73.083992, 9.559437 ], [ -73.083366, 9.559670 ], [ -73.082832, 9.559919 ], [ -73.082283, 9.560260 ], [ -73.081863, 9.560653 ], [ -73.081452, 9.561163 ], [ -73.081169, 9.561635 ], [ -73.080895, 9.562171 ], [ -73.080635, 9.562716 ], [ -73.080544, 9.563267 ], [ -73.080612, 9.564033 ], [ -73.080773, 9.564627 ], [ -73.080933, 9.565283 ], [ -73.081169, 9.565840 ], [ -73.081490, 9.566504 ], [ -73.081696, 9.567052 ], [ -73.082001, 9.567698 ], [ -73.082573, 9.568864 ], [ -73.082756, 9.569421 ], [ -73.082878, 9.570043 ], [ -73.082970, 9.570827 ], [ -73.082970, 9.571422 ], [ -73.082939, 9.572063 ], [ -73.082871, 9.572912 ], [ -73.082550, 9.574260 ], [ -73.082359, 9.574948 ], [ -73.082153, 9.575636 ], [ -73.081902, 9.576306 ], [ -73.081619, 9.576834 ], [ -73.081017, 9.577842 ], [ -73.080696, 9.578306 ], [ -73.080322, 9.578761 ], [ -73.079514, 9.579791 ], [ -73.079239, 9.580290 ], [ -73.079163, 9.580914 ], [ -73.079163, 9.581654 ], [ -73.079300, 9.582825 ], [ -73.079254, 9.583376 ], [ -73.079163, 9.584018 ], [ -73.079117, 9.584568 ], [ -73.079025, 9.585165 ], [ -73.079002, 9.585806 ], [ -73.078934, 9.586474 ], [ -73.079002, 9.587042 ], [ -73.079025, 9.587620 ], [ -73.078949, 9.588198 ], [ -73.078789, 9.588831 ], [ -73.078446, 9.589368 ], [ -73.078026, 9.589869 ], [ -73.077629, 9.590298 ], [ -73.077148, 9.590998 ], [ -73.076843, 9.591516 ], [ -73.076568, 9.592051 ], [ -73.076217, 9.592480 ], [ -73.075920, 9.593079 ], [ -73.075737, 9.593685 ], [ -73.075615, 9.594228 ], [ -73.075478, 9.594780 ], [ -73.075409, 9.595349 ], [ -73.075363, 9.595973 ], [ -73.075294, 9.596659 ], [ -73.075104, 9.597257 ], [ -73.074806, 9.597883 ], [ -73.074455, 9.598401 ], [ -73.074158, 9.598910 ], [ -73.073250, 9.600509 ], [ -73.073044, 9.601062 ], [ -73.072441, 9.602856 ], [ -73.072144, 9.603527 ], [ -73.071907, 9.604115 ], [ -73.071724, 9.604758 ], [ -73.071495, 9.605907 ], [ -73.071190, 9.607057 ], [ -73.071236, 9.608274 ], [ -73.071236, 9.609005 ], [ -73.071396, 9.609536 ], [ -73.071808, 9.610208 ], [ -73.072296, 9.610590 ], [ -73.072761, 9.610891 ], [ -73.073288, 9.611192 ], [ -73.073891, 9.611554 ], [ -73.074448, 9.611972 ], [ -73.074837, 9.612365 ], [ -73.075279, 9.612864 ], [ -73.075600, 9.613393 ], [ -73.075928, 9.613967 ], [ -73.076157, 9.614514 ], [ -73.076386, 9.615089 ], [ -73.076637, 9.615799 ], [ -73.076759, 9.616348 ], [ -73.076775, 9.617043 ], [ -73.076706, 9.617594 ], [ -73.076523, 9.618119 ], [ -73.076363, 9.618789 ], [ -73.076248, 9.619341 ], [ -73.076080, 9.619893 ], [ -73.075668, 9.621098 ], [ -73.075500, 9.621633 ], [ -73.075317, 9.622275 ], [ -73.075157, 9.622917 ], [ -73.074966, 9.623596 ], [ -73.074761, 9.624149 ], [ -73.074501, 9.624712 ], [ -73.074204, 9.625319 ], [ -73.073929, 9.625918 ], [ -73.073601, 9.626446 ], [ -73.073189, 9.626938 ], [ -73.072723, 9.627367 ], [ -73.072350, 9.627868 ], [ -73.071701, 9.628949 ], [ -73.071289, 9.629433 ], [ -73.070847, 9.629799 ], [ -73.070335, 9.630346 ], [ -73.069969, 9.630756 ], [ -73.069641, 9.631221 ], [ -73.069298, 9.631793 ], [ -73.068970, 9.632420 ], [ -73.068581, 9.632875 ], [ -73.068207, 9.633358 ], [ -73.066818, 9.635324 ], [ -73.066193, 9.636314 ], [ -73.065918, 9.636958 ], [ -73.065704, 9.637538 ], [ -73.065521, 9.638235 ], [ -73.065430, 9.638832 ], [ -73.065193, 9.639457 ], [ -73.064895, 9.640039 ], [ -73.064545, 9.640556 ], [ -73.064133, 9.640967 ], [ -73.063690, 9.641433 ], [ -73.063317, 9.641960 ], [ -73.063019, 9.642506 ], [ -73.062836, 9.643104 ], [ -73.062691, 9.643655 ], [ -73.062645, 9.644206 ], [ -73.062553, 9.644830 ], [ -73.062439, 9.645400 ], [ -73.062202, 9.645935 ], [ -73.061882, 9.646480 ], [ -73.061211, 9.647417 ], [ -73.060860, 9.648035 ], [ -73.060471, 9.648572 ], [ -73.060005, 9.649029 ], [ -73.059448, 9.649441 ], [ -73.058968, 9.649709 ], [ -73.058457, 9.650076 ], [ -73.058037, 9.650586 ], [ -73.057785, 9.651157 ], [ -73.057785, 9.651734 ], [ -73.058060, 9.652354 ], [ -73.058380, 9.652810 ], [ -73.058639, 9.653430 ], [ -73.058891, 9.653959 ], [ -73.059097, 9.654480 ], [ -73.059281, 9.655083 ], [ -73.059372, 9.655677 ], [ -73.059395, 9.656272 ], [ -73.059349, 9.656868 ], [ -73.059212, 9.658106 ], [ -73.059281, 9.658710 ], [ -73.059395, 9.659331 ], [ -73.059441, 9.659926 ], [ -73.059326, 9.660568 ], [ -73.059021, 9.661059 ], [ -73.058655, 9.661460 ], [ -73.057938, 9.662425 ], [ -73.057541, 9.663026 ], [ -73.057312, 9.663533 ], [ -73.057007, 9.664168 ], [ -73.056732, 9.664678 ], [ -73.056404, 9.665321 ], [ -73.055755, 9.666520 ], [ -73.055534, 9.667019 ], [ -73.055176, 9.667890 ], [ -73.054947, 9.668344 ], [ -73.054725, 9.668852 ], [ -73.054222, 9.669913 ], [ -73.053970, 9.670511 ], [ -73.053787, 9.671046 ], [ -73.053635, 9.671544 ], [ -73.053497, 9.672096 ], [ -73.053505, 9.672628 ], [ -73.053696, 9.673664 ], [ -73.053680, 9.674214 ], [ -73.053703, 9.674809 ], [ -73.053719, 9.676037 ], [ -73.053650, 9.676651 ], [ -73.053612, 9.677275 ], [ -73.053520, 9.677808 ], [ -73.053230, 9.678993 ], [ -73.053047, 9.679545 ], [ -73.052796, 9.680063 ], [ -73.052338, 9.680727 ], [ -73.051468, 9.681947 ], [ -73.051079, 9.682466 ], [ -73.050736, 9.682876 ], [ -73.050369, 9.683249 ], [ -73.049950, 9.683616 ], [ -73.049446, 9.684037 ], [ -73.048874, 9.684449 ], [ -73.048386, 9.684726 ], [ -73.047928, 9.685011 ], [ -73.047462, 9.685260 ], [ -73.047005, 9.685591 ], [ -73.046570, 9.685939 ], [ -73.046173, 9.686331 ], [ -73.045853, 9.686777 ], [ -73.045555, 9.687232 ], [ -73.045166, 9.687805 ], [ -73.044914, 9.688314 ], [ -73.044670, 9.688848 ], [ -73.043900, 9.691014 ], [ -73.043762, 9.691512 ], [ -73.043625, 9.692091 ], [ -73.043472, 9.692625 ], [ -73.043243, 9.693089 ], [ -73.042900, 9.693588 ], [ -73.042511, 9.694036 ], [ -73.042168, 9.694446 ], [ -73.041748, 9.694839 ], [ -73.040466, 9.696116 ], [ -73.040047, 9.696483 ], [ -73.039612, 9.696902 ], [ -73.038765, 9.697572 ], [ -73.038345, 9.697965 ], [ -73.037453, 9.698715 ], [ -73.037033, 9.699108 ], [ -73.036301, 9.699847 ], [ -73.035912, 9.700285 ], [ -73.035545, 9.700768 ], [ -73.035248, 9.701204 ], [ -73.034538, 9.702205 ], [ -73.034218, 9.702687 ], [ -73.033546, 9.703607 ], [ -73.033180, 9.704080 ], [ -73.032791, 9.704608 ], [ -73.032471, 9.705081 ], [ -73.032150, 9.705572 ], [ -73.031899, 9.706053 ], [ -73.031448, 9.707051 ], [ -73.031082, 9.708056 ], [ -73.030998, 9.708663 ], [ -73.030861, 9.709278 ], [ -73.030777, 9.709929 ], [ -73.030525, 9.711167 ], [ -73.030373, 9.711675 ], [ -73.030167, 9.712155 ], [ -73.029869, 9.712665 ], [ -73.029068, 9.713712 ], [ -73.028168, 9.714651 ], [ -73.027390, 9.715518 ], [ -73.026977, 9.715947 ], [ -73.026611, 9.716366 ], [ -73.026291, 9.716784 ], [ -73.025871, 9.717223 ], [ -73.025459, 9.717752 ], [ -73.025139, 9.718197 ], [ -73.024887, 9.718651 ], [ -73.024635, 9.719159 ], [ -73.024414, 9.719667 ], [ -73.023750, 9.721372 ], [ -73.023506, 9.721943 ], [ -73.023254, 9.722596 ], [ -73.022774, 9.723603 ], [ -73.022499, 9.724075 ], [ -73.022202, 9.724503 ], [ -73.021881, 9.725021 ], [ -73.021561, 9.725503 ], [ -73.021286, 9.725940 ], [ -73.020920, 9.726449 ], [ -73.020622, 9.726913 ], [ -73.019913, 9.727815 ], [ -73.019592, 9.728270 ], [ -73.018768, 9.729245 ], [ -73.018372, 9.729637 ], [ -73.017616, 9.730495 ], [ -73.017296, 9.730905 ], [ -73.016907, 9.731432 ], [ -73.016495, 9.732023 ], [ -73.015762, 9.733016 ], [ -73.015419, 9.733517 ], [ -73.015068, 9.733909 ], [ -73.014725, 9.734355 ], [ -73.013924, 9.735249 ], [ -73.013535, 9.735622 ], [ -73.012703, 9.736363 ], [ -73.012199, 9.736731 ], [ -73.011642, 9.737107 ], [ -73.011162, 9.737383 ], [ -73.010673, 9.737623 ], [ -73.009636, 9.738222 ], [ -73.008759, 9.738892 ], [ -73.007195, 9.740056 ], [ -73.005905, 9.741217 ], [ -73.005516, 9.741583 ], [ -73.005127, 9.741984 ], [ -73.004784, 9.742466 ], [ -73.004486, 9.742949 ], [ -73.004234, 9.743457 ], [ -73.004028, 9.744009 ], [ -73.003670, 9.745177 ], [ -73.003555, 9.745756 ], [ -73.003471, 9.746307 ], [ -73.003334, 9.746977 ], [ -73.003273, 9.747501 ], [ -73.003113, 9.748243 ], [ -73.003006, 9.749003 ], [ -73.002869, 9.749690 ], [ -73.002808, 9.750313 ], [ -73.002770, 9.751576 ], [ -73.002777, 9.752245 ], [ -73.002861, 9.754157 ], [ -73.002861, 9.754707 ], [ -73.002823, 9.755231 ], [ -73.002663, 9.755810 ], [ -73.002388, 9.756337 ], [ -73.002068, 9.756801 ], [ -73.001358, 9.757766 ], [ -73.001038, 9.758184 ], [ -73.000397, 9.759086 ], [ -72.999832, 9.760310 ], [ -72.999420, 9.762156 ], [ -72.999199, 9.762682 ], [ -72.998825, 9.763751 ], [ -72.998650, 9.764276 ], [ -72.998497, 9.764883 ], [ -72.998482, 9.765433 ], [ -72.998566, 9.766082 ], [ -72.998665, 9.766604 ], [ -72.998794, 9.767154 ], [ -72.998871, 9.767712 ], [ -72.998924, 9.768234 ], [ -72.998916, 9.768812 ], [ -72.998856, 9.769408 ], [ -72.998680, 9.769988 ], [ -72.998482, 9.770541 ], [ -72.998283, 9.771139 ], [ -72.997864, 9.772299 ], [ -72.997688, 9.772824 ], [ -72.997223, 9.773994 ], [ -72.996636, 9.775219 ], [ -72.996277, 9.775801 ], [ -72.995941, 9.776310 ], [ -72.995529, 9.776820 ], [ -72.995171, 9.777329 ], [ -72.994400, 9.778385 ], [ -72.993904, 9.779402 ], [ -72.993660, 9.779865 ], [ -72.993439, 9.780391 ], [ -72.993217, 9.780863 ], [ -72.993019, 9.781398 ], [ -72.992821, 9.781978 ], [ -72.992592, 9.782503 ], [ -72.992508, 9.783010 ], [ -72.992447, 9.783561 ], [ -72.992439, 9.784256 ], [ -72.992447, 9.784806 ], [ -72.992394, 9.785384 ], [ -72.992210, 9.785892 ], [ -72.991966, 9.786427 ], [ -72.991653, 9.786936 ], [ -72.991310, 9.787518 ], [ -72.990860, 9.788173 ], [ -72.990478, 9.788655 ], [ -72.990112, 9.789174 ], [ -72.989754, 9.789638 ], [ -72.989410, 9.790030 ], [ -72.989052, 9.790504 ], [ -72.988663, 9.790942 ], [ -72.988182, 9.791408 ], [ -72.986793, 9.792651 ], [ -72.986313, 9.793009 ], [ -72.985855, 9.793403 ], [ -72.984970, 9.794387 ], [ -72.984627, 9.794825 ], [ -72.983902, 9.795780 ], [ -72.983513, 9.796227 ], [ -72.982513, 9.797133 ], [ -72.982239, 9.797659 ], [ -72.981705, 9.798920 ], [ -72.981369, 9.799348 ], [ -72.981026, 9.799740 ], [ -72.980232, 9.800606 ], [ -72.979752, 9.801054 ], [ -72.979340, 9.801402 ], [ -72.978882, 9.801823 ], [ -72.978432, 9.802288 ], [ -72.977631, 9.802992 ], [ -72.976150, 9.804651 ], [ -72.975700, 9.805144 ], [ -72.975311, 9.805537 ], [ -72.974922, 9.805894 ], [ -72.974510, 9.806241 ], [ -72.974030, 9.806689 ], [ -72.973717, 9.807108 ], [ -72.973419, 9.807598 ], [ -72.973152, 9.808215 ], [ -72.972755, 9.809474 ], [ -72.972511, 9.809956 ], [ -72.972153, 9.810447 ], [ -72.971718, 9.810957 ], [ -72.971237, 9.811468 ], [ -72.970489, 9.812362 ], [ -72.969810, 9.813290 ], [ -72.969383, 9.813917 ], [ -72.969108, 9.814354 ], [ -72.968483, 9.815444 ], [ -72.968071, 9.816009 ], [ -72.967689, 9.816501 ], [ -72.967323, 9.816937 ], [ -72.966866, 9.817340 ], [ -72.966431, 9.817652 ], [ -72.965927, 9.817956 ], [ -72.965332, 9.818333 ], [ -72.964554, 9.818919 ], [ -72.964165, 9.819276 ], [ -72.963577, 9.819860 ], [ -72.963028, 9.820309 ], [ -72.962616, 9.820675 ], [ -72.962113, 9.821077 ], [ -72.961563, 9.821454 ], [ -72.960922, 9.821814 ], [ -72.960228, 9.822138 ], [ -72.959724, 9.822342 ], [ -72.959076, 9.822576 ], [ -72.958527, 9.822744 ], [ -72.958015, 9.822957 ], [ -72.957535, 9.823197 ], [ -72.957100, 9.823527 ], [ -72.956711, 9.823930 ], [ -72.956307, 9.824322 ], [ -72.955917, 9.824769 ], [ -72.955605, 9.825323 ], [ -72.955421, 9.825857 ], [ -72.955147, 9.827007 ], [ -72.954971, 9.827604 ], [ -72.954864, 9.828120 ], [ -72.954338, 9.829967 ], [ -72.954140, 9.830520 ], [ -72.953911, 9.830992 ], [ -72.953506, 9.831358 ], [ -72.952973, 9.831598 ], [ -72.952377, 9.831813 ], [ -72.951752, 9.831992 ], [ -72.951179, 9.832188 ], [ -72.950600, 9.832447 ], [ -72.950050, 9.832725 ], [ -72.949661, 9.833081 ], [ -72.949417, 9.833544 ], [ -72.949356, 9.834068 ], [ -72.949364, 9.834655 ], [ -72.949448, 9.835222 ], [ -72.949478, 9.835754 ], [ -72.949585, 9.836484 ], [ -72.949638, 9.837043 ], [ -72.949600, 9.837711 ], [ -72.949501, 9.838209 ], [ -72.949249, 9.838672 ], [ -72.948860, 9.839047 ], [ -72.948357, 9.839422 ], [ -72.947876, 9.839735 ], [ -72.947395, 9.839948 ], [ -72.946815, 9.840126 ], [ -72.946121, 9.840287 ], [ -72.945358, 9.840396 ], [ -72.944717, 9.840521 ], [ -72.944184, 9.840644 ], [ -72.943512, 9.840905 ], [ -72.943107, 9.841325 ], [ -72.942879, 9.841815 ], [ -72.942871, 9.842347 ], [ -72.942902, 9.843005 ], [ -72.942985, 9.843591 ], [ -72.943085, 9.844132 ], [ -72.943283, 9.844905 ], [ -72.943482, 9.845552 ], [ -72.943871, 9.846559 ], [ -72.944618, 9.848156 ], [ -72.944901, 9.848614 ], [ -72.945564, 9.849571 ], [ -72.946564, 9.851048 ], [ -72.946899, 9.851504 ], [ -72.947121, 9.852089 ], [ -72.947586, 9.852381 ], [ -72.948120, 9.852646 ], [ -72.948730, 9.852918 ], [ -72.949318, 9.853137 ], [ -72.949852, 9.853293 ], [ -72.950500, 9.853438 ], [ -72.951645, 9.853615 ], [ -72.953476, 9.853801 ], [ -72.954033, 9.853957 ], [ -72.954643, 9.854113 ], [ -72.955246, 9.854331 ], [ -72.956230, 9.854797 ], [ -72.956772, 9.855107 ], [ -72.957237, 9.855354 ], [ -72.957756, 9.855691 ], [ -72.958336, 9.856000 ], [ -72.959366, 9.856421 ], [ -72.959946, 9.856676 ], [ -72.960487, 9.856850 ], [ -72.961227, 9.857039 ], [ -72.961884, 9.857159 ], [ -72.962463, 9.857278 ], [ -72.962997, 9.857353 ], [ -72.963577, 9.857464 ], [ -72.964157, 9.857492 ], [ -72.965317, 9.857515 ], [ -72.965920, 9.857535 ], [ -72.967132, 9.857629 ], [ -72.967575, 9.857922 ], [ -72.967911, 9.858423 ], [ -72.968201, 9.859060 ], [ -72.968300, 9.859573 ], [ -72.968353, 9.860096 ], [ -72.968369, 9.860692 ], [ -72.968468, 9.862595 ], [ -72.968529, 9.863198 ], [ -72.968559, 9.863722 ], [ -72.968521, 9.864389 ], [ -72.968506, 9.864922 ], [ -72.968369, 9.866124 ], [ -72.968277, 9.867407 ], [ -72.968239, 9.868057 ], [ -72.968307, 9.869310 ], [ -72.968437, 9.869986 ], [ -72.968765, 9.870397 ], [ -72.969192, 9.870789 ], [ -72.969681, 9.871162 ], [ -72.970650, 9.871810 ], [ -72.971138, 9.872011 ], [ -72.971787, 9.872230 ], [ -72.972397, 9.872357 ], [ -72.973992, 9.872393 ], [ -72.974808, 9.872456 ], [ -72.975502, 9.872573 ], [ -72.976090, 9.872747 ], [ -72.976555, 9.872994 ], [ -72.977120, 9.873429 ], [ -72.977547, 9.873858 ], [ -72.978539, 9.874902 ], [ -72.979050, 9.875076 ], [ -72.979858, 9.875057 ], [ -72.980530, 9.874942 ], [ -72.981156, 9.874880 ], [ -72.981644, 9.875082 ], [ -72.982254, 9.875363 ], [ -72.982933, 9.875725 ], [ -72.983635, 9.876060 ], [ -72.984291, 9.876341 ], [ -72.985153, 9.876646 ], [ -72.985855, 9.876873 ], [ -72.986504, 9.877000 ], [ -72.987663, 9.877203 ], [ -72.988159, 9.877378 ], [ -72.988716, 9.877741 ], [ -72.989212, 9.878168 ], [ -72.989731, 9.878676 ], [ -72.991005, 9.879889 ], [ -72.991478, 9.880316 ], [ -72.991898, 9.880681 ], [ -72.992302, 9.881182 ], [ -72.992172, 9.881706 ], [ -72.991692, 9.882082 ], [ -72.991257, 9.882385 ], [ -72.990776, 9.882670 ], [ -72.990265, 9.882839 ], [ -72.989693, 9.883062 ], [ -72.989189, 9.883203 ], [ -72.988586, 9.883428 ], [ -72.987900, 9.883805 ], [ -72.987251, 9.884138 ], [ -72.986793, 9.884397 ], [ -72.985718, 9.885040 ], [ -72.985023, 9.885401 ], [ -72.984222, 9.885754 ], [ -72.983116, 9.886208 ], [ -72.982544, 9.886513 ], [ -72.981582, 9.887147 ], [ -72.980736, 9.887834 ], [ -72.980209, 9.888309 ], [ -72.979614, 9.888867 ], [ -72.979019, 9.889452 ], [ -72.977974, 9.890439 ], [ -72.977493, 9.890878 ], [ -72.977081, 9.891324 ], [ -72.976677, 9.891880 ], [ -72.976524, 9.892432 ], [ -72.976601, 9.893000 ], [ -72.976799, 9.893583 ], [ -72.977036, 9.894086 ], [ -72.977325, 9.894607 ], [ -72.977753, 9.894962 ], [ -72.978378, 9.895117 ], [ -72.978935, 9.895219 ], [ -72.979469, 9.895267 ], [ -72.980004, 9.895296 ], [ -72.980537, 9.895362 ], [ -72.981171, 9.895508 ], [ -72.981682, 9.895728 ], [ -72.982269, 9.896064 ], [ -72.983414, 9.896835 ], [ -72.983978, 9.897235 ], [ -72.984474, 9.897572 ], [ -72.985085, 9.898015 ], [ -72.985504, 9.898354 ], [ -72.986313, 9.899174 ], [ -72.986740, 9.899810 ], [ -72.986885, 9.900313 ], [ -72.986855, 9.901027 ], [ -72.986725, 9.901579 ], [ -72.986458, 9.902186 ], [ -72.986183, 9.902713 ], [ -72.985870, 9.903276 ], [ -72.985237, 9.904159 ], [ -72.984879, 9.904714 ], [ -72.984520, 9.905395 ], [ -72.984207, 9.906129 ], [ -72.984077, 9.906663 ], [ -72.983993, 9.907260 ], [ -72.983955, 9.907810 ], [ -72.983993, 9.908406 ], [ -72.984047, 9.909028 ], [ -72.984383, 9.910928 ], [ -72.984413, 9.911487 ], [ -72.984406, 9.912038 ], [ -72.984367, 9.912642 ], [ -72.984284, 9.913311 ], [ -72.984222, 9.913980 ], [ -72.984238, 9.914530 ], [ -72.984291, 9.915143 ], [ -72.984466, 9.915709 ], [ -72.984711, 9.916374 ], [ -72.984901, 9.916860 ], [ -72.985168, 9.917361 ], [ -72.986168, 9.919065 ], [ -72.986526, 9.919638 ], [ -72.986817, 9.920067 ], [ -72.987144, 9.920478 ], [ -72.987709, 9.920932 ], [ -72.988182, 9.921288 ], [ -72.988716, 9.921623 ], [ -72.989189, 9.921844 ], [ -72.989563, 9.922209 ], [ -72.989899, 9.922783 ], [ -72.990189, 9.923230 ], [ -72.990425, 9.923805 ], [ -72.990532, 9.924327 ], [ -72.990517, 9.924905 ], [ -72.990524, 9.925482 ], [ -72.990639, 9.926654 ], [ -72.990845, 9.927771 ], [ -72.990898, 9.928401 ], [ -72.990891, 9.929042 ], [ -72.990784, 9.929621 ], [ -72.990700, 9.930263 ], [ -72.990532, 9.931302 ], [ -72.990372, 9.932631 ], [ -72.990288, 9.933236 ], [ -72.990211, 9.933950 ], [ -72.989945, 9.935884 ], [ -72.989838, 9.936418 ], [ -72.989525, 9.937117 ], [ -72.989113, 9.937582 ], [ -72.988678, 9.937975 ], [ -72.988243, 9.938422 ], [ -72.987793, 9.938852 ], [ -72.987381, 9.939290 ], [ -72.986969, 9.939683 ], [ -72.986588, 9.940175 ], [ -72.986244, 9.940640 ], [ -72.985931, 9.941148 ], [ -72.985703, 9.941620 ], [ -72.985504, 9.942200 ], [ -72.985329, 9.942816 ], [ -72.985252, 9.943394 ], [ -72.985214, 9.943918 ], [ -72.985222, 9.944477 ], [ -72.985252, 9.945118 ], [ -72.985314, 9.945667 ], [ -72.985413, 9.946261 ], [ -72.985519, 9.946774 ], [ -72.985596, 9.947414 ], [ -72.985611, 9.948010 ], [ -72.985550, 9.948633 ], [ -72.985420, 9.949141 ], [ -72.985077, 9.949695 ], [ -72.984764, 9.950123 ], [ -72.984398, 9.950515 ], [ -72.984009, 9.950953 ], [ -72.983605, 9.951454 ], [ -72.983192, 9.951937 ], [ -72.982758, 9.952375 ], [ -72.982399, 9.952876 ], [ -72.982063, 9.953403 ], [ -72.981476, 9.954286 ], [ -72.981064, 9.954824 ], [ -72.980675, 9.955225 ], [ -72.980263, 9.955600 ], [ -72.979713, 9.956048 ], [ -72.978432, 9.956984 ], [ -72.977913, 9.957433 ], [ -72.977501, 9.957826 ], [ -72.977112, 9.958290 ], [ -72.976799, 9.958836 ], [ -72.976601, 9.959470 ], [ -72.976471, 9.960166 ], [ -72.976410, 9.960699 ], [ -72.976425, 9.961312 ], [ -72.976723, 9.962509 ], [ -72.976891, 9.963112 ], [ -72.977615, 9.964746 ], [ -72.977882, 9.965364 ], [ -72.978699, 9.966871 ], [ -72.978912, 9.967401 ], [ -72.979065, 9.967950 ], [ -72.979263, 9.968515 ], [ -72.979790, 9.969521 ], [ -72.979942, 9.970141 ], [ -72.979973, 9.970709 ], [ -72.979957, 9.971260 ], [ -72.979897, 9.971838 ], [ -72.979813, 9.972389 ], [ -72.979668, 9.973104 ], [ -72.979225, 9.974481 ], [ -72.978561, 9.976113 ], [ -72.978332, 9.976604 ], [ -72.978066, 9.977229 ], [ -72.977799, 9.977737 ], [ -72.977531, 9.978273 ], [ -72.977211, 9.978783 ], [ -72.976402, 9.980272 ], [ -72.976158, 9.980807 ], [ -72.975891, 9.981316 ], [ -72.975594, 9.981825 ], [ -72.975349, 9.982287 ], [ -72.975128, 9.982796 ], [ -72.974258, 9.985026 ], [ -72.974083, 9.985552 ], [ -72.973839, 9.986132 ], [ -72.973617, 9.986640 ], [ -72.973282, 9.987357 ], [ -72.973061, 9.987937 ], [ -72.972786, 9.988445 ], [ -72.972427, 9.989073 ], [ -72.971992, 9.989403 ], [ -72.971512, 9.989615 ], [ -72.971024, 9.989857 ], [ -72.970520, 9.990188 ], [ -72.969994, 9.990563 ], [ -72.969536, 9.990912 ], [ -72.969101, 9.991296 ], [ -72.968216, 9.992109 ], [ -72.967758, 9.992467 ], [ -72.967224, 9.992744 ], [ -72.966721, 9.992985 ], [ -72.966095, 9.993227 ], [ -72.965569, 9.993468 ], [ -72.965042, 9.993654 ], [ -72.964394, 9.993924 ], [ -72.963776, 9.994229 ], [ -72.963310, 9.994470 ], [ -72.962761, 9.994845 ], [ -72.962235, 9.995222 ], [ -72.961685, 9.995698 ], [ -72.961189, 9.996282 ], [ -72.960869, 9.996692 ], [ -72.960510, 9.997237 ], [ -72.960144, 9.997837 ], [ -72.959900, 9.998327 ], [ -72.959633, 9.998827 ], [ -72.959381, 9.999344 ], [ -72.959183, 9.999824 ], [ -72.958824, 10.000831 ], [ -72.958694, 10.002014 ], [ -72.958572, 10.002603 ], [ -72.958412, 10.003110 ], [ -72.957718, 10.004318 ], [ -72.957474, 10.004781 ], [ -72.957313, 10.005298 ], [ -72.957237, 10.005849 ], [ -72.957222, 10.006445 ], [ -72.957237, 10.007040 ], [ -72.957199, 10.007636 ], [ -72.957191, 10.008277 ], [ -72.957161, 10.008927 ], [ -72.957146, 10.009586 ], [ -72.957184, 10.010325 ], [ -72.957245, 10.010902 ], [ -72.957352, 10.011659 ], [ -72.957527, 10.012198 ], [ -72.957741, 10.012800 ], [ -72.958061, 10.013482 ], [ -72.958397, 10.013957 ], [ -72.958756, 10.014502 ], [ -72.958786, 10.015053 ], [ -72.958587, 10.015561 ], [ -72.958275, 10.016097 ], [ -72.957962, 10.016588 ], [ -72.957237, 10.017607 ], [ -72.956757, 10.017938 ], [ -72.956322, 10.018223 ], [ -72.955750, 10.018573 ], [ -72.955246, 10.018858 ], [ -72.954285, 10.019520 ], [ -72.953690, 10.019996 ], [ -72.953209, 10.020480 ], [ -72.952804, 10.020936 ], [ -72.952416, 10.021328 ], [ -72.952103, 10.021738 ], [ -72.951759, 10.022257 ], [ -72.951423, 10.022675 ], [ -72.951088, 10.023194 ], [ -72.950775, 10.023722 ], [ -72.950455, 10.024167 ], [ -72.949127, 10.026141 ], [ -72.948837, 10.026632 ], [ -72.948639, 10.027131 ], [ -72.948509, 10.027710 ], [ -72.948494, 10.028306 ], [ -72.948601, 10.028999 ], [ -72.948776, 10.029638 ], [ -72.948883, 10.030170 ], [ -72.948937, 10.030719 ], [ -72.948852, 10.031270 ], [ -72.948685, 10.031868 ], [ -72.948509, 10.032402 ], [ -72.948357, 10.032982 ], [ -72.948342, 10.033532 ], [ -72.948402, 10.034127 ], [ -72.948532, 10.034658 ], [ -72.948723, 10.035134 ], [ -72.949158, 10.036086 ], [ -72.949402, 10.036570 ], [ -72.949692, 10.037090 ], [ -72.949959, 10.037592 ], [ -72.950531, 10.038568 ], [ -72.950775, 10.039071 ], [ -72.951019, 10.039646 ], [ -72.951141, 10.040150 ], [ -72.951202, 10.040672 ], [ -72.951233, 10.041196 ], [ -72.951256, 10.042440 ], [ -72.951317, 10.043035 ], [ -72.951324, 10.043703 ], [ -72.951492, 10.044919 ], [ -72.951645, 10.045558 ], [ -72.952080, 10.046536 ], [ -72.952324, 10.047229 ], [ -72.952545, 10.047768 ], [ -72.953033, 10.048862 ], [ -72.953644, 10.050579 ], [ -72.953888, 10.051126 ], [ -72.954178, 10.051557 ], [ -72.954575, 10.051985 ], [ -72.955093, 10.052186 ], [ -72.955559, 10.052514 ], [ -72.955711, 10.053027 ], [ -72.955467, 10.053481 ], [ -72.955109, 10.054027 ], [ -72.954720, 10.054375 ], [ -72.954231, 10.054660 ], [ -72.953659, 10.054784 ], [ -72.953033, 10.054818 ], [ -72.952530, 10.055014 ], [ -72.952255, 10.055477 ], [ -72.951988, 10.056031 ], [ -72.951790, 10.056539 ], [ -72.951614, 10.057029 ], [ -72.951439, 10.057626 ], [ -72.951294, 10.058323 ], [ -72.951164, 10.059010 ], [ -72.950958, 10.060339 ], [ -72.950821, 10.061568 ], [ -72.950813, 10.062119 ], [ -72.950775, 10.062670 ], [ -72.950760, 10.063202 ], [ -72.950775, 10.063734 ], [ -72.950622, 10.064278 ], [ -72.950401, 10.064795 ], [ -72.950081, 10.065241 ], [ -72.949654, 10.065660 ], [ -72.949150, 10.066037 ], [ -72.948570, 10.066179 ], [ -72.947350, 10.066501 ], [ -72.946846, 10.066714 ], [ -72.946381, 10.066999 ], [ -72.945885, 10.067403 ], [ -72.945427, 10.067823 ], [ -72.944923, 10.068316 ], [ -72.942375, 10.070630 ], [ -72.941803, 10.071061 ], [ -72.941345, 10.071364 ], [ -72.940865, 10.071785 ], [ -72.940407, 10.072206 ], [ -72.939636, 10.073117 ], [ -72.939324, 10.073645 ], [ -72.938988, 10.074280 ], [ -72.938591, 10.075413 ], [ -72.938423, 10.076011 ], [ -72.938141, 10.077214 ], [ -72.937965, 10.077748 ], [ -72.937790, 10.078247 ], [ -72.937546, 10.078764 ], [ -72.937210, 10.079273 ], [ -72.936890, 10.079720 ], [ -72.936508, 10.080067 ], [ -72.935883, 10.080426 ], [ -72.935265, 10.080741 ], [ -72.934738, 10.080928 ], [ -72.933395, 10.081250 ], [ -72.932846, 10.081356 ], [ -72.932220, 10.081598 ], [ -72.931717, 10.081884 ], [ -72.931282, 10.082232 ], [ -72.930847, 10.082625 ], [ -72.930466, 10.083045 ], [ -72.930122, 10.083446 ], [ -72.929787, 10.083865 ], [ -72.929398, 10.084375 ], [ -72.928993, 10.084867 ], [ -72.928673, 10.085286 ], [ -72.928268, 10.085770 ], [ -72.927864, 10.086316 ], [ -72.926842, 10.087619 ], [ -72.926071, 10.088647 ], [ -72.925598, 10.088996 ], [ -72.925087, 10.089282 ], [ -72.924492, 10.089406 ], [ -72.923790, 10.089441 ], [ -72.923027, 10.089433 ], [ -72.922447, 10.089367 ], [ -72.921890, 10.089356 ], [ -72.921196, 10.089536 ], [ -72.920624, 10.089795 ], [ -72.920212, 10.090125 ], [ -72.919945, 10.090660 ], [ -72.919907, 10.091256 ], [ -72.920059, 10.091923 ], [ -72.920281, 10.092399 ], [ -72.920639, 10.092962 ], [ -72.920952, 10.093510 ], [ -72.921219, 10.094039 ], [ -72.921486, 10.094622 ], [ -72.921654, 10.095152 ], [ -72.921784, 10.095683 ], [ -72.921745, 10.096324 ], [ -72.921692, 10.096921 ], [ -72.921608, 10.097454 ], [ -72.921288, 10.098659 ], [ -72.921158, 10.099193 ], [ -72.921005, 10.099763 ], [ -72.920876, 10.100332 ], [ -72.920769, 10.100893 ], [ -72.920273, 10.102578 ], [ -72.920097, 10.103112 ], [ -72.919922, 10.103710 ], [ -72.919678, 10.104273 ], [ -72.919388, 10.104872 ], [ -72.919121, 10.105335 ], [ -72.918869, 10.105798 ], [ -72.918556, 10.106262 ], [ -72.918198, 10.106844 ], [ -72.917808, 10.107309 ], [ -72.917305, 10.107613 ], [ -72.916733, 10.107926 ], [ -72.915543, 10.108500 ], [ -72.914917, 10.108670 ], [ -72.914391, 10.108892 ], [ -72.913559, 10.109174 ], [ -72.912796, 10.109399 ], [ -72.911736, 10.109664 ], [ -72.910927, 10.109962 ], [ -72.910400, 10.110204 ], [ -72.909942, 10.110525 ], [ -72.909622, 10.110971 ], [ -72.909469, 10.111478 ], [ -72.909462, 10.112119 ], [ -72.909615, 10.112695 ], [ -72.909737, 10.113262 ], [ -72.909966, 10.113936 ], [ -72.910278, 10.114564 ], [ -72.910873, 10.115595 ], [ -72.911163, 10.116115 ], [ -72.911362, 10.116618 ], [ -72.911492, 10.117275 ], [ -72.911514, 10.118547 ], [ -72.911674, 10.119826 ], [ -72.911835, 10.120520 ], [ -72.912117, 10.121058 ], [ -72.912475, 10.121622 ], [ -72.912880, 10.122168 ], [ -72.913666, 10.123052 ], [ -72.914162, 10.123551 ], [ -72.914566, 10.123980 ], [ -72.914970, 10.124435 ], [ -72.915375, 10.124819 ], [ -72.916435, 10.125790 ], [ -72.916931, 10.126280 ], [ -72.917358, 10.126780 ], [ -72.917717, 10.127255 ], [ -72.918007, 10.127756 ], [ -72.918243, 10.128231 ], [ -72.918487, 10.128897 ], [ -72.918640, 10.129535 ], [ -72.918747, 10.131285 ], [ -72.918900, 10.131833 ], [ -72.919136, 10.132309 ], [ -72.919495, 10.132783 ], [ -72.919876, 10.133193 ], [ -72.920136, 10.133651 ], [ -72.920494, 10.134170 ], [ -72.920647, 10.134718 ], [ -72.920700, 10.135242 ], [ -72.920586, 10.136416 ], [ -72.920479, 10.136968 ], [ -72.920181, 10.138153 ], [ -72.919937, 10.138770 ], [ -72.919693, 10.139287 ], [ -72.919106, 10.140286 ], [ -72.918251, 10.141561 ], [ -72.917984, 10.142024 ], [ -72.917786, 10.142513 ], [ -72.917679, 10.143065 ], [ -72.917641, 10.143599 ], [ -72.917679, 10.144238 ], [ -72.917801, 10.144806 ], [ -72.918114, 10.145334 ], [ -72.918427, 10.145836 ], [ -72.918762, 10.146301 ], [ -72.919006, 10.146786 ], [ -72.919083, 10.147308 ], [ -72.918907, 10.147824 ], [ -72.918663, 10.148315 ], [ -72.918396, 10.148769 ], [ -72.918007, 10.149324 ], [ -72.917717, 10.149869 ], [ -72.917450, 10.150395 ], [ -72.917206, 10.150976 ], [ -72.917076, 10.151555 ], [ -72.916977, 10.152269 ], [ -72.917053, 10.152792 ], [ -72.917068, 10.153324 ], [ -72.917106, 10.153983 ], [ -72.917114, 10.154587 ], [ -72.917153, 10.155137 ], [ -72.917068, 10.155806 ], [ -72.916893, 10.156286 ], [ -72.916649, 10.156776 ], [ -72.916405, 10.157312 ], [ -72.916138, 10.157865 ], [ -72.915993, 10.158282 ], [ -72.915916, 10.159015 ], [ -72.915871, 10.159574 ], [ -72.915878, 10.160170 ], [ -72.915848, 10.160838 ], [ -72.915832, 10.161434 ], [ -72.915772, 10.161985 ], [ -72.915672, 10.162582 ], [ -72.915520, 10.163143 ], [ -72.915344, 10.163651 ], [ -72.914635, 10.165194 ], [ -72.914291, 10.165802 ], [ -72.913956, 10.166339 ], [ -72.913376, 10.167312 ], [ -72.912819, 10.168518 ], [ -72.912262, 10.169608 ], [ -72.911949, 10.170261 ], [ -72.911614, 10.170861 ], [ -72.910850, 10.172368 ], [ -72.910515, 10.172877 ], [ -72.910171, 10.173342 ], [ -72.909836, 10.173833 ], [ -72.909454, 10.174487 ], [ -72.908356, 10.176504 ], [ -72.908135, 10.177057 ], [ -72.907936, 10.177637 ], [ -72.907494, 10.178717 ], [ -72.907387, 10.179232 ], [ -72.907425, 10.179782 ], [ -72.907585, 10.180908 ], [ -72.907684, 10.181494 ], [ -72.907837, 10.182078 ], [ -72.908188, 10.183238 ], [ -72.908317, 10.183814 ], [ -72.908325, 10.184356 ], [ -72.908264, 10.184961 ], [ -72.908188, 10.185557 ], [ -72.908035, 10.186255 ], [ -72.907883, 10.186852 ], [ -72.907738, 10.187494 ], [ -72.907631, 10.188028 ], [ -72.907547, 10.188624 ], [ -72.907494, 10.189266 ], [ -72.907448, 10.190512 ], [ -72.907456, 10.191045 ], [ -72.907433, 10.192236 ], [ -72.907471, 10.192831 ], [ -72.907585, 10.193949 ], [ -72.907692, 10.194642 ], [ -72.907814, 10.195236 ], [ -72.907898, 10.195786 ], [ -72.908005, 10.196389 ], [ -72.908157, 10.197119 ], [ -72.908470, 10.198838 ], [ -72.908623, 10.199558 ], [ -72.908699, 10.200117 ], [ -72.908874, 10.200728 ], [ -72.909073, 10.201259 ], [ -72.909294, 10.201761 ], [ -72.909584, 10.202282 ], [ -72.909912, 10.202783 ], [ -72.910179, 10.203285 ], [ -72.910332, 10.203861 ], [ -72.910339, 10.204474 ], [ -72.910210, 10.204990 ], [ -72.909942, 10.205472 ], [ -72.909492, 10.206145 ], [ -72.909111, 10.206755 ], [ -72.908409, 10.207584 ], [ -72.907929, 10.208014 ], [ -72.907379, 10.208345 ], [ -72.906738, 10.208678 ], [ -72.906273, 10.208936 ], [ -72.905769, 10.209195 ], [ -72.905174, 10.209418 ], [ -72.903885, 10.209967 ], [ -72.903236, 10.210272 ], [ -72.902344, 10.210644 ], [ -72.900780, 10.211357 ], [ -72.900223, 10.211689 ], [ -72.899262, 10.212350 ], [ -72.898712, 10.212771 ], [ -72.898331, 10.213146 ], [ -72.898033, 10.213583 ], [ -72.897766, 10.214164 ], [ -72.897575, 10.214789 ], [ -72.897468, 10.215512 ], [ -72.897415, 10.216126 ], [ -72.897423, 10.216677 ], [ -72.897484, 10.217272 ], [ -72.897644, 10.218389 ], [ -72.897797, 10.219019 ], [ -72.897972, 10.219648 ], [ -72.898140, 10.220161 ], [ -72.898628, 10.221319 ], [ -72.898941, 10.222029 ], [ -72.899597, 10.223573 ], [ -72.899918, 10.224237 ], [ -72.900253, 10.224738 ], [ -72.900635, 10.225284 ], [ -72.901009, 10.225758 ], [ -72.901459, 10.226168 ], [ -72.902046, 10.226657 ], [ -72.902565, 10.227066 ], [ -72.903137, 10.227600 ], [ -72.903488, 10.227984 ], [ -72.903870, 10.228440 ], [ -72.904182, 10.228969 ], [ -72.904381, 10.229535 ], [ -72.904488, 10.230111 ], [ -72.904495, 10.230706 ], [ -72.904427, 10.231971 ], [ -72.904373, 10.232684 ], [ -72.904259, 10.233931 ], [ -72.904159, 10.234709 ], [ -72.904099, 10.235287 ], [ -72.903992, 10.237129 ], [ -72.903984, 10.237906 ], [ -72.904015, 10.239141 ], [ -72.904091, 10.240639 ], [ -72.904099, 10.241234 ], [ -72.904060, 10.241812 ], [ -72.904053, 10.242570 ], [ -72.903992, 10.243103 ], [ -72.903847, 10.243791 ], [ -72.903694, 10.244316 ], [ -72.903450, 10.244897 ], [ -72.903206, 10.245441 ], [ -72.902985, 10.245985 ], [ -72.902695, 10.246549 ], [ -72.902474, 10.247047 ], [ -72.902275, 10.247537 ], [ -72.902092, 10.248054 ], [ -72.901947, 10.248588 ], [ -72.901817, 10.249131 ], [ -72.901688, 10.249755 ], [ -72.901604, 10.250306 ], [ -72.901680, 10.251596 ], [ -72.901871, 10.252099 ], [ -72.902092, 10.252602 ], [ -72.902290, 10.253077 ], [ -72.902504, 10.253653 ], [ -72.902702, 10.254128 ], [ -72.902969, 10.254631 ], [ -72.903252, 10.256008 ], [ -72.903358, 10.256693 ], [ -72.903435, 10.257260 ], [ -72.903519, 10.258090 ], [ -72.903557, 10.258847 ], [ -72.903694, 10.259694 ], [ -72.903793, 10.260270 ], [ -72.903946, 10.260927 ], [ -72.904099, 10.261431 ], [ -72.904297, 10.262006 ], [ -72.904709, 10.263147 ], [ -72.904953, 10.263650 ], [ -72.906334, 10.265329 ], [ -72.906715, 10.265876 ], [ -72.906960, 10.266531 ], [ -72.907135, 10.267107 ], [ -72.907280, 10.267718 ], [ -72.907364, 10.268313 ], [ -72.907402, 10.268971 ], [ -72.907425, 10.270244 ], [ -72.907387, 10.270867 ], [ -72.907364, 10.272040 ], [ -72.907074, 10.272477 ], [ -72.906326, 10.273316 ], [ -72.906151, 10.273806 ], [ -72.906090, 10.274357 ], [ -72.906082, 10.274980 ], [ -72.906135, 10.275548 ], [ -72.906296, 10.276674 ], [ -72.906265, 10.277225 ], [ -72.906159, 10.277785 ], [ -72.905937, 10.278357 ], [ -72.905693, 10.278865 ], [ -72.904632, 10.280493 ], [ -72.904297, 10.281074 ], [ -72.904099, 10.281628 ], [ -72.904015, 10.282161 ], [ -72.903931, 10.282784 ], [ -72.903923, 10.283336 ], [ -72.903954, 10.283994 ], [ -72.904068, 10.285130 ], [ -72.904198, 10.285697 ], [ -72.904488, 10.286243 ], [ -72.904846, 10.286762 ], [ -72.905396, 10.287487 ], [ -72.905800, 10.288132 ], [ -72.905953, 10.288807 ], [ -72.905922, 10.289457 ], [ -72.905815, 10.290126 ], [ -72.905617, 10.290751 ], [ -72.905258, 10.291216 ], [ -72.904892, 10.291581 ], [ -72.904121, 10.292295 ], [ -72.903801, 10.292731 ], [ -72.903488, 10.293196 ], [ -72.903244, 10.293659 ], [ -72.902992, 10.294194 ], [ -72.902771, 10.294756 ], [ -72.902550, 10.295256 ], [ -72.902283, 10.295746 ], [ -72.902016, 10.296300 ], [ -72.901749, 10.296818 ], [ -72.901436, 10.297507 ], [ -72.900902, 10.298813 ], [ -72.900482, 10.299982 ], [ -72.900223, 10.300789 ], [ -72.900070, 10.301295 ], [ -72.899826, 10.301949 ], [ -72.899650, 10.302600 ], [ -72.899376, 10.303840 ], [ -72.899078, 10.305297 ], [ -72.898979, 10.305984 ], [ -72.898849, 10.306653 ], [ -72.898750, 10.307394 ], [ -72.898628, 10.308478 ], [ -72.898567, 10.310040 ], [ -72.898544, 10.311250 ], [ -72.898514, 10.311918 ], [ -72.898384, 10.312452 ], [ -72.898140, 10.312916 ], [ -72.897232, 10.314307 ], [ -72.896782, 10.315053 ], [ -72.896545, 10.315679 ], [ -72.896530, 10.316229 ], [ -72.896729, 10.316894 ], [ -72.896973, 10.317460 ], [ -72.897354, 10.317898 ], [ -72.897819, 10.318163 ], [ -72.898293, 10.318410 ], [ -72.899704, 10.319440 ], [ -72.900131, 10.319796 ], [ -72.900772, 10.320681 ], [ -72.901085, 10.321182 ], [ -72.901642, 10.322313 ], [ -72.902001, 10.322814 ], [ -72.902397, 10.323270 ], [ -72.902756, 10.323708 ], [ -72.903069, 10.324163 ], [ -72.903427, 10.324656 ], [ -72.903855, 10.325219 ], [ -72.904350, 10.325854 ], [ -72.904976, 10.326722 ], [ -72.905502, 10.327762 ], [ -72.905754, 10.328589 ], [ -72.905762, 10.329166 ], [ -72.905731, 10.329736 ], [ -72.905602, 10.330342 ], [ -72.905449, 10.330894 ], [ -72.905228, 10.331492 ], [ -72.905052, 10.332000 ], [ -72.904838, 10.332725 ], [ -72.903877, 10.334198 ], [ -72.903610, 10.334689 ], [ -72.902947, 10.335834 ], [ -72.902618, 10.336514 ], [ -72.902474, 10.337067 ], [ -72.902603, 10.338121 ], [ -72.902733, 10.338688 ], [ -72.902840, 10.339247 ], [ -72.903298, 10.340558 ], [ -72.903480, 10.341125 ], [ -72.903686, 10.341727 ], [ -72.903839, 10.342249 ], [ -72.904053, 10.343112 ], [ -72.904137, 10.343734 ], [ -72.904251, 10.344356 ], [ -72.904335, 10.344950 ], [ -72.904381, 10.345563 ], [ -72.904419, 10.346853 ], [ -72.904388, 10.347494 ], [ -72.904312, 10.348696 ], [ -72.904305, 10.349255 ], [ -72.904358, 10.350951 ], [ -72.904328, 10.351619 ], [ -72.904320, 10.352765 ], [ -72.904266, 10.354119 ], [ -72.904076, 10.355530 ], [ -72.903961, 10.356271 ], [ -72.903862, 10.356832 ], [ -72.903740, 10.357240 ], [ -72.903412, 10.358128 ], [ -72.903129, 10.358736 ], [ -72.902863, 10.359262 ], [ -72.902603, 10.359879 ], [ -72.902313, 10.360343 ], [ -72.901932, 10.360772 ], [ -72.901482, 10.361148 ], [ -72.901024, 10.361505 ], [ -72.900528, 10.361863 ], [ -72.900116, 10.362202 ], [ -72.899528, 10.362786 ], [ -72.899132, 10.363278 ], [ -72.898773, 10.363761 ], [ -72.898033, 10.364691 ], [ -72.897537, 10.365193 ], [ -72.896813, 10.365969 ], [ -72.896362, 10.366354 ], [ -72.895958, 10.366683 ], [ -72.895447, 10.366861 ], [ -72.894668, 10.367069 ], [ -72.893791, 10.367251 ], [ -72.893074, 10.367368 ], [ -72.891846, 10.367627 ], [ -72.891441, 10.367966 ], [ -72.891197, 10.368528 ], [ -72.890991, 10.369126 ], [ -72.890892, 10.369768 ], [ -72.890747, 10.370438 ], [ -72.890602, 10.371026 ], [ -72.890480, 10.371668 ], [ -72.890312, 10.372230 ], [ -72.890007, 10.372739 ], [ -72.889694, 10.373194 ], [ -72.889358, 10.373703 ], [ -72.889122, 10.374221 ], [ -72.888901, 10.374746 ], [ -72.888710, 10.375336 ], [ -72.888550, 10.376005 ], [ -72.888084, 10.378385 ], [ -72.887749, 10.379571 ], [ -72.887558, 10.380124 ], [ -72.887276, 10.380822 ], [ -72.886772, 10.381938 ], [ -72.886398, 10.382683 ], [ -72.886162, 10.383317 ], [ -72.885925, 10.383807 ], [ -72.885140, 10.384720 ], [ -72.884827, 10.385147 ], [ -72.884560, 10.385638 ], [ -72.884300, 10.386309 ], [ -72.884232, 10.387005 ], [ -72.884201, 10.387691 ], [ -72.884102, 10.388874 ], [ -72.884071, 10.389488 ], [ -72.884064, 10.390780 ], [ -72.884102, 10.391302 ], [ -72.884117, 10.391834 ], [ -72.884209, 10.393259 ], [ -72.884331, 10.394359 ], [ -72.884376, 10.394999 ], [ -72.884468, 10.395711 ], [ -72.884605, 10.396377 ], [ -72.884811, 10.397016 ], [ -72.885170, 10.397534 ], [ -72.885536, 10.397909 ], [ -72.885941, 10.398247 ], [ -72.886429, 10.398484 ], [ -72.886947, 10.398623 ], [ -72.887504, 10.398733 ], [ -72.888024, 10.398944 ], [ -72.888619, 10.399298 ], [ -72.889206, 10.399687 ], [ -72.889664, 10.400024 ], [ -72.890251, 10.400270 ], [ -72.890785, 10.400363 ], [ -72.891373, 10.400482 ], [ -72.892021, 10.400627 ], [ -72.892731, 10.400836 ], [ -72.893433, 10.401133 ], [ -72.893929, 10.401399 ], [ -72.894592, 10.401869 ], [ -72.895188, 10.402330 ], [ -72.895645, 10.402704 ], [ -72.896118, 10.403131 ], [ -72.896599, 10.403595 ], [ -72.897011, 10.404231 ], [ -72.897430, 10.404975 ], [ -72.897659, 10.405640 ], [ -72.897766, 10.406306 ], [ -72.897789, 10.407010 ], [ -72.897766, 10.407615 ], [ -72.897644, 10.408194 ], [ -72.897400, 10.408667 ], [ -72.897064, 10.409221 ], [ -72.896691, 10.409785 ], [ -72.896263, 10.410277 ], [ -72.895790, 10.410734 ], [ -72.894882, 10.411468 ], [ -72.894402, 10.411799 ], [ -72.893860, 10.412229 ], [ -72.893288, 10.412642 ], [ -72.892715, 10.412929 ], [ -72.892197, 10.413296 ], [ -72.891785, 10.413644 ], [ -72.891480, 10.414189 ], [ -72.891357, 10.414696 ], [ -72.891396, 10.415986 ], [ -72.891456, 10.416581 ], [ -72.891663, 10.417192 ], [ -72.892044, 10.417621 ], [ -72.892540, 10.417858 ], [ -72.893013, 10.418160 ], [ -72.893310, 10.418661 ], [ -72.893463, 10.419264 ], [ -72.893478, 10.419787 ], [ -72.893410, 10.420438 ], [ -72.893265, 10.420963 ], [ -72.893043, 10.421453 ], [ -72.892807, 10.422061 ], [ -72.892639, 10.422586 ], [ -72.892471, 10.423264 ], [ -72.892418, 10.423843 ], [ -72.892486, 10.424501 ], [ -72.892502, 10.425060 ], [ -72.892471, 10.425683 ], [ -72.892418, 10.426234 ], [ -72.892464, 10.427705 ], [ -72.892601, 10.428344 ], [ -72.892761, 10.428983 ], [ -72.892937, 10.429622 ], [ -72.893143, 10.430242 ], [ -72.893372, 10.430780 ], [ -72.893601, 10.431509 ], [ -72.893929, 10.432308 ], [ -72.894676, 10.433969 ], [ -72.895012, 10.434443 ], [ -72.895355, 10.435025 ], [ -72.895813, 10.435515 ], [ -72.896286, 10.435898 ], [ -72.896759, 10.436199 ], [ -72.897400, 10.436444 ], [ -72.898125, 10.436669 ], [ -72.898872, 10.436976 ], [ -72.899368, 10.437214 ], [ -72.899826, 10.437588 ], [ -72.900162, 10.438116 ], [ -72.900162, 10.438711 ], [ -72.899704, 10.439087 ], [ -72.899277, 10.439417 ], [ -72.897652, 10.440456 ], [ -72.897087, 10.440843 ], [ -72.896538, 10.441246 ], [ -72.896156, 10.441675 ], [ -72.895805, 10.442239 ], [ -72.895470, 10.442821 ], [ -72.895233, 10.443293 ], [ -72.894989, 10.443819 ], [ -72.894760, 10.444562 ], [ -72.894638, 10.445195 ], [ -72.894585, 10.445746 ], [ -72.894562, 10.446577 ], [ -72.894577, 10.447127 ], [ -72.894615, 10.447668 ], [ -72.894684, 10.448336 ], [ -72.894730, 10.448957 ], [ -72.894798, 10.449715 ], [ -72.894882, 10.450381 ], [ -72.894905, 10.451022 ], [ -72.894569, 10.451522 ], [ -72.894142, 10.451825 ], [ -72.893585, 10.452003 ], [ -72.893005, 10.451993 ], [ -72.892418, 10.451828 ], [ -72.891388, 10.451561 ], [ -72.890762, 10.451506 ], [ -72.890175, 10.451431 ], [ -72.889595, 10.451493 ], [ -72.888977, 10.451582 ], [ -72.888474, 10.451867 ], [ -72.887970, 10.452252 ], [ -72.887566, 10.452610 ], [ -72.887161, 10.452985 ], [ -72.886681, 10.453342 ], [ -72.885635, 10.454293 ], [ -72.884735, 10.455198 ], [ -72.884316, 10.455736 ], [ -72.883629, 10.456881 ], [ -72.883339, 10.457418 ], [ -72.883057, 10.457890 ], [ -72.882576, 10.458221 ], [ -72.882027, 10.458471 ], [ -72.880943, 10.458881 ], [ -72.879631, 10.459294 ], [ -72.879013, 10.459474 ], [ -72.877304, 10.459999 ], [ -72.876777, 10.460204 ], [ -72.876160, 10.460474 ], [ -72.875084, 10.460920 ], [ -72.874527, 10.461117 ], [ -72.873718, 10.461298 ], [ -72.872398, 10.461476 ], [ -72.871803, 10.461628 ], [ -72.871109, 10.461825 ], [ -72.870606, 10.462049 ], [ -72.869919, 10.462418 ], [ -72.869469, 10.462730 ], [ -72.868988, 10.463106 ], [ -72.868378, 10.463637 ], [ -72.867828, 10.464023 ], [ -72.867233, 10.464174 ], [ -72.866516, 10.464328 ], [ -72.865944, 10.464533 ], [ -72.865303, 10.464848 ], [ -72.864685, 10.465234 ], [ -72.864067, 10.465638 ], [ -72.863205, 10.466245 ], [ -72.862678, 10.466576 ], [ -72.861908, 10.467100 ], [ -72.861313, 10.467468 ], [ -72.860672, 10.467900 ], [ -72.860085, 10.468376 ], [ -72.859589, 10.468806 ], [ -72.858772, 10.469539 ], [ -72.858360, 10.469778 ], [ -72.857979, 10.470279 ], [ -72.857742, 10.470833 ], [ -72.857574, 10.472098 ], [ -72.857498, 10.472866 ], [ -72.857475, 10.473507 ], [ -72.857514, 10.474102 ], [ -72.857536, 10.474933 ], [ -72.857582, 10.475717 ], [ -72.857460, 10.476260 ], [ -72.857246, 10.476759 ], [ -72.856865, 10.477269 ], [ -72.856338, 10.477519 ], [ -72.855782, 10.477625 ], [ -72.855232, 10.477713 ], [ -72.854675, 10.477747 ], [ -72.854141, 10.477835 ], [ -72.853538, 10.477995 ], [ -72.853088, 10.478326 ], [ -72.852707, 10.478863 ], [ -72.852356, 10.479444 ], [ -72.852112, 10.479980 ], [ -72.851898, 10.480615 ], [ -72.851707, 10.481257 ], [ -72.851616, 10.481972 ], [ -72.851562, 10.482568 ], [ -72.851562, 10.483235 ], [ -72.851418, 10.483842 ], [ -72.851158, 10.484477 ], [ -72.850914, 10.484976 ], [ -72.850555, 10.485476 ], [ -72.850174, 10.485833 ], [ -72.849793, 10.486236 ], [ -72.849358, 10.486610 ], [ -72.848839, 10.487086 ], [ -72.848343, 10.487490 ], [ -72.847839, 10.487803 ], [ -72.847198, 10.488216 ], [ -72.845459, 10.489140 ], [ -72.844841, 10.489400 ], [ -72.844338, 10.489577 ], [ -72.843132, 10.489800 ], [ -72.842491, 10.490069 ], [ -72.842087, 10.490525 ], [ -72.842010, 10.491167 ], [ -72.841965, 10.491880 ], [ -72.841987, 10.492710 ], [ -72.842072, 10.493251 ], [ -72.842255, 10.493916 ], [ -72.842460, 10.494554 ], [ -72.842781, 10.495074 ], [ -72.843025, 10.495559 ], [ -72.843300, 10.496187 ], [ -72.843368, 10.496737 ], [ -72.843147, 10.497317 ], [ -72.842766, 10.497765 ], [ -72.842384, 10.498193 ], [ -72.841927, 10.498550 ], [ -72.841477, 10.498935 ], [ -72.841072, 10.499265 ], [ -72.840500, 10.499651 ], [ -72.840050, 10.500053 ], [ -72.839668, 10.500518 ], [ -72.839493, 10.501053 ], [ -72.839493, 10.501631 ], [ -72.839531, 10.502153 ], [ -72.839661, 10.502802 ], [ -72.839844, 10.503368 ], [ -72.840096, 10.503934 ], [ -72.840294, 10.504436 ], [ -72.840492, 10.504957 ], [ -72.840675, 10.505506 ], [ -72.840782, 10.506055 ], [ -72.840996, 10.506828 ], [ -72.841156, 10.507657 ], [ -72.841194, 10.508225 ], [ -72.841209, 10.508758 ], [ -72.841179, 10.509336 ], [ -72.841042, 10.510050 ], [ -72.840805, 10.510576 ], [ -72.840378, 10.511240 ], [ -72.839928, 10.511733 ], [ -72.839020, 10.512493 ], [ -72.838570, 10.512833 ], [ -72.837570, 10.513549 ], [ -72.836617, 10.514337 ], [ -72.836136, 10.514757 ], [ -72.835709, 10.515204 ], [ -72.835258, 10.515616 ], [ -72.834923, 10.516018 ], [ -72.834541, 10.516555 ], [ -72.834259, 10.517046 ], [ -72.833992, 10.517554 ], [ -72.833847, 10.518088 ], [ -72.833908, 10.518620 ], [ -72.833992, 10.519170 ], [ -72.833984, 10.519766 ], [ -72.833862, 10.520272 ], [ -72.833626, 10.520762 ], [ -72.833214, 10.521165 ], [ -72.832741, 10.521567 ], [ -72.832283, 10.521907 ], [ -72.831879, 10.522399 ], [ -72.831780, 10.522978 ], [ -72.831848, 10.523555 ], [ -72.832069, 10.524021 ], [ -72.832390, 10.524595 ], [ -72.832710, 10.525115 ], [ -72.833115, 10.525660 ], [ -72.833481, 10.526197 ], [ -72.833755, 10.526691 ], [ -72.834030, 10.527373 ], [ -72.834297, 10.527903 ], [ -72.834778, 10.529060 ], [ -72.834953, 10.529600 ], [ -72.835114, 10.530221 ], [ -72.835358, 10.531472 ], [ -72.835442, 10.532076 ], [ -72.835457, 10.532599 ], [ -72.835457, 10.533177 ], [ -72.835472, 10.533754 ], [ -72.835472, 10.534413 ], [ -72.835251, 10.534958 ], [ -72.835014, 10.535439 ], [ -72.835190, 10.536015 ], [ -72.835869, 10.536105 ], [ -72.836449, 10.536216 ], [ -72.836929, 10.536571 ], [ -72.837311, 10.537081 ], [ -72.837654, 10.537482 ], [ -72.837990, 10.537956 ], [ -72.838600, 10.538906 ], [ -72.838867, 10.539363 ], [ -72.839188, 10.539810 ], [ -72.839523, 10.540330 ], [ -72.839821, 10.540868 ], [ -72.840027, 10.541533 ], [ -72.839974, 10.542183 ], [ -72.839661, 10.542692 ], [ -72.839233, 10.543032 ], [ -72.838677, 10.543182 ], [ -72.838120, 10.543126 ], [ -72.837532, 10.542935 ], [ -72.836906, 10.542844 ], [ -72.836342, 10.542787 ], [ -72.835762, 10.542875 ], [ -72.835335, 10.543268 ], [ -72.834892, 10.543888 ], [ -72.834701, 10.544621 ], [ -72.834557, 10.545137 ], [ -72.833878, 10.544974 ], [ -72.833343, 10.544935 ], [ -72.832741, 10.545024 ], [ -72.832283, 10.545382 ], [ -72.831833, 10.545757 ], [ -72.831039, 10.546570 ], [ -72.830658, 10.546945 ], [ -72.829819, 10.547704 ], [ -72.829460, 10.548087 ], [ -72.829079, 10.548552 ], [ -72.828697, 10.548981 ], [ -72.827835, 10.549786 ], [ -72.827454, 10.550232 ], [ -72.827049, 10.550752 ], [ -72.826668, 10.551099 ], [ -72.826164, 10.551349 ], [ -72.825058, 10.551768 ], [ -72.824417, 10.552093 ], [ -72.824036, 10.552440 ], [ -72.823677, 10.552886 ], [ -72.823364, 10.553387 ], [ -72.823151, 10.553867 ], [ -72.823006, 10.554474 ], [ -72.822906, 10.555071 ], [ -72.822830, 10.555676 ], [ -72.822777, 10.556300 ], [ -72.822632, 10.557610 ], [ -72.822586, 10.558369 ], [ -72.822533, 10.560509 ], [ -72.822319, 10.561070 ], [ -72.821770, 10.561429 ], [ -72.821266, 10.561634 ], [ -72.820763, 10.562037 ], [ -72.820595, 10.562535 ], [ -72.820679, 10.563121 ], [ -72.820992, 10.563569 ], [ -72.821381, 10.563989 ], [ -72.821785, 10.564389 ], [ -72.822197, 10.564890 ], [ -72.822540, 10.565410 ], [ -72.822441, 10.565961 ], [ -72.822243, 10.566478 ], [ -72.821938, 10.567177 ], [ -72.821602, 10.567686 ], [ -72.820816, 10.568472 ], [ -72.820343, 10.568992 ], [ -72.820084, 10.569554 ], [ -72.819481, 10.571222 ], [ -72.819191, 10.571821 ], [ -72.818863, 10.572358 ], [ -72.818527, 10.572768 ], [ -72.818092, 10.573144 ], [ -72.816658, 10.574154 ], [ -72.816017, 10.574495 ], [ -72.815514, 10.574646 ], [ -72.814980, 10.574635 ], [ -72.814446, 10.574722 ], [ -72.814041, 10.575124 ], [ -72.813728, 10.575543 ], [ -72.813484, 10.576034 ], [ -72.813271, 10.576613 ], [ -72.813126, 10.577193 ], [ -72.812714, 10.577523 ], [ -72.812210, 10.577790 ], [ -72.811607, 10.577807 ], [ -72.810982, 10.577688 ], [ -72.810471, 10.577938 ], [ -72.810043, 10.578341 ], [ -72.809570, 10.578806 ], [ -72.809189, 10.579163 ], [ -72.808762, 10.579638 ], [ -72.808372, 10.580039 ], [ -72.808014, 10.580486 ], [ -72.807640, 10.581041 ], [ -72.807282, 10.581686 ], [ -72.807022, 10.582212 ], [ -72.806687, 10.582767 ], [ -72.806282, 10.583133 ], [ -72.805733, 10.583402 ], [ -72.805084, 10.583581 ], [ -72.804581, 10.583750 ], [ -72.804077, 10.584063 ], [ -72.803719, 10.584581 ], [ -72.803436, 10.585099 ], [ -72.803124, 10.585518 ], [ -72.802666, 10.585776 ], [ -72.802071, 10.586009 ], [ -72.801468, 10.586161 ], [ -72.800964, 10.586338 ], [ -72.800278, 10.586680 ], [ -72.799797, 10.587084 ], [ -72.799301, 10.587604 ], [ -72.798683, 10.587936 ], [ -72.798096, 10.587771 ], [ -72.797516, 10.587634 ], [ -72.796974, 10.587487 ], [ -72.796371, 10.587432 ], [ -72.795769, 10.587466 ], [ -72.795212, 10.587554 ], [ -72.794678, 10.587660 ], [ -72.793503, 10.587963 ], [ -72.792931, 10.588195 ], [ -72.792450, 10.588408 ], [ -72.791946, 10.588749 ], [ -72.790497, 10.589957 ], [ -72.789970, 10.590433 ], [ -72.789520, 10.590917 ], [ -72.789192, 10.591426 ], [ -72.788933, 10.592052 ], [ -72.788734, 10.592605 ], [ -72.788529, 10.593357 ], [ -72.788567, 10.593970 ], [ -72.788994, 10.595039 ], [ -72.789284, 10.595541 ], [ -72.789604, 10.596043 ], [ -72.789848, 10.596536 ], [ -72.790032, 10.597066 ], [ -72.790092, 10.597589 ], [ -72.790016, 10.598303 ], [ -72.789902, 10.599108 ], [ -72.789757, 10.599777 ], [ -72.789604, 10.600790 ], [ -72.789482, 10.601414 ], [ -72.789055, 10.602665 ], [ -72.788864, 10.603371 ], [ -72.788742, 10.603905 ], [ -72.788666, 10.604429 ], [ -72.788704, 10.604980 ], [ -72.788796, 10.605529 ], [ -72.788719, 10.606126 ], [ -72.788666, 10.606659 ], [ -72.788589, 10.607238 ], [ -72.788300, 10.607782 ], [ -72.787964, 10.608202 ], [ -72.787460, 10.608469 ], [ -72.786575, 10.609085 ], [ -72.786163, 10.609487 ], [ -72.785812, 10.610033 ], [ -72.785523, 10.610569 ], [ -72.785355, 10.611148 ], [ -72.785187, 10.611800 ], [ -72.784927, 10.612354 ], [ -72.784592, 10.612801 ], [ -72.784225, 10.613174 ], [ -72.783867, 10.613576 ], [ -72.783554, 10.614004 ], [ -72.783241, 10.614450 ], [ -72.782906, 10.614869 ], [ -72.782570, 10.615360 ], [ -72.782196, 10.615880 ], [ -72.781838, 10.616417 ], [ -72.781509, 10.617007 ], [ -72.781159, 10.617787 ], [ -72.780960, 10.618304 ], [ -72.780724, 10.618813 ], [ -72.780395, 10.619421 ], [ -72.780106, 10.619912 ], [ -72.779793, 10.620340 ], [ -72.779243, 10.620689 ], [ -72.778618, 10.620761 ], [ -72.778099, 10.620568 ], [ -72.777511, 10.620403 ], [ -72.777016, 10.620004 ], [ -72.776611, 10.619665 ], [ -72.775658, 10.620453 ], [ -72.775017, 10.620749 ], [ -72.774452, 10.620639 ], [ -72.773872, 10.620665 ], [ -72.773178, 10.620682 ], [ -72.772507, 10.620834 ], [ -72.771980, 10.621084 ], [ -72.771522, 10.621369 ], [ -72.771004, 10.621728 ], [ -72.770569, 10.622040 ], [ -72.769569, 10.622846 ], [ -72.768959, 10.623368 ], [ -72.767029, 10.625151 ], [ -72.766670, 10.625534 ], [ -72.766151, 10.625893 ], [ -72.765572, 10.626035 ], [ -72.764275, 10.626312 ], [ -72.763771, 10.626463 ], [ -72.763199, 10.626678 ], [ -72.762718, 10.626972 ], [ -72.762283, 10.627357 ], [ -72.761902, 10.627730 ], [ -72.761520, 10.628178 ], [ -72.761093, 10.628598 ], [ -72.760635, 10.628910 ], [ -72.760109, 10.629160 ], [ -72.759537, 10.629447 ], [ -72.759010, 10.629832 ], [ -72.758629, 10.630234 ], [ -72.758316, 10.630707 ], [ -72.757675, 10.631771 ], [ -72.757454, 10.632270 ], [ -72.757194, 10.632743 ], [ -72.756882, 10.633342 ], [ -72.756599, 10.633823 ], [ -72.756287, 10.634396 ], [ -72.755951, 10.634951 ], [ -72.755554, 10.635452 ], [ -72.755074, 10.635881 ], [ -72.754601, 10.636285 ], [ -72.754074, 10.636661 ], [ -72.753616, 10.636929 ], [ -72.752998, 10.637216 ], [ -72.752472, 10.637439 ], [ -72.751831, 10.637780 ], [ -72.751396, 10.638110 ], [ -72.750992, 10.638512 ], [ -72.750679, 10.638968 ], [ -72.750389, 10.639449 ], [ -72.749908, 10.640385 ], [ -72.749405, 10.641411 ], [ -72.749100, 10.642064 ], [ -72.748886, 10.642662 ], [ -72.748505, 10.643967 ], [ -72.748100, 10.645262 ], [ -72.747833, 10.646420 ], [ -72.747780, 10.646998 ], [ -72.747612, 10.648571 ], [ -72.747589, 10.649240 ], [ -72.747635, 10.649943 ], [ -72.747703, 10.650727 ], [ -72.747833, 10.652035 ], [ -72.747917, 10.652584 ], [ -72.747932, 10.653134 ], [ -72.747765, 10.653742 ], [ -72.747414, 10.654324 ], [ -72.747032, 10.654788 ], [ -72.746620, 10.655199 ], [ -72.746170, 10.655557 ], [ -72.745689, 10.655870 ], [ -72.745163, 10.656065 ], [ -72.744606, 10.656189 ], [ -72.743446, 10.656266 ], [ -72.742866, 10.656382 ], [ -72.742317, 10.656577 ], [ -72.741813, 10.656800 ], [ -72.741333, 10.657041 ], [ -72.740822, 10.657200 ], [ -72.740173, 10.657235 ], [ -72.739593, 10.657134 ], [ -72.739075, 10.657014 ], [ -72.738510, 10.656867 ], [ -72.737976, 10.656711 ], [ -72.737411, 10.656618 ], [ -72.736832, 10.656616 ], [ -72.736374, 10.656992 ], [ -72.736115, 10.657555 ], [ -72.735924, 10.658080 ], [ -72.735802, 10.658641 ], [ -72.735649, 10.659906 ], [ -72.735695, 10.660574 ], [ -72.735802, 10.661123 ], [ -72.735916, 10.661881 ], [ -72.736046, 10.662447 ], [ -72.736183, 10.662978 ], [ -72.736359, 10.663527 ], [ -72.736542, 10.664184 ], [ -72.736656, 10.664804 ], [ -72.736786, 10.665372 ], [ -72.737129, 10.666650 ], [ -72.737305, 10.667253 ], [ -72.737580, 10.668512 ], [ -72.737556, 10.669136 ], [ -72.737488, 10.669786 ], [ -72.737312, 10.671106 ], [ -72.737175, 10.671640 ], [ -72.736969, 10.672230 ], [ -72.736687, 10.672720 ], [ -72.736359, 10.673166 ], [ -72.736099, 10.673639 ], [ -72.735794, 10.674157 ], [ -72.734955, 10.675801 ], [ -72.734749, 10.676290 ], [ -72.734467, 10.676854 ], [ -72.733925, 10.677844 ], [ -72.733650, 10.678380 ], [ -72.733040, 10.679353 ], [ -72.732689, 10.679853 ], [ -72.732452, 10.680362 ], [ -72.732223, 10.680951 ], [ -72.732109, 10.681512 ], [ -72.732109, 10.682108 ], [ -72.732163, 10.682766 ], [ -72.732231, 10.683298 ], [ -72.732231, 10.683911 ], [ -72.732262, 10.684625 ], [ -72.732246, 10.685292 ], [ -72.732246, 10.685816 ], [ -72.732178, 10.686377 ], [ -72.731941, 10.686921 ], [ -72.731621, 10.687530 ], [ -72.731339, 10.688003 ], [ -72.730759, 10.689129 ], [ -72.730202, 10.690299 ], [ -72.729950, 10.690926 ], [ -72.729584, 10.692076 ], [ -72.729309, 10.693325 ], [ -72.729240, 10.693876 ], [ -72.729157, 10.695195 ], [ -72.729164, 10.695818 ], [ -72.729095, 10.696442 ], [ -72.728913, 10.697048 ], [ -72.728699, 10.697565 ], [ -72.728424, 10.698164 ], [ -72.728165, 10.698619 ], [ -72.727325, 10.699594 ], [ -72.726921, 10.700024 ], [ -72.726479, 10.700543 ], [ -72.726059, 10.701081 ], [ -72.725639, 10.701601 ], [ -72.725105, 10.702193 ], [ -72.724594, 10.702696 ], [ -72.723984, 10.703182 ], [ -72.723587, 10.703566 ], [ -72.723183, 10.703995 ], [ -72.722854, 10.704423 ], [ -72.721725, 10.705809 ], [ -72.721336, 10.706373 ], [ -72.721008, 10.706873 ], [ -72.720672, 10.707274 ], [ -72.719895, 10.708105 ], [ -72.719452, 10.708516 ], [ -72.718994, 10.708865 ], [ -72.718620, 10.709249 ], [ -72.718223, 10.709741 ], [ -72.717850, 10.710287 ], [ -72.717575, 10.710922 ], [ -72.717362, 10.711448 ], [ -72.717155, 10.712110 ], [ -72.716904, 10.712717 ], [ -72.716743, 10.713224 ], [ -72.716583, 10.713831 ], [ -72.716469, 10.714392 ], [ -72.716225, 10.715830 ], [ -72.716179, 10.716454 ], [ -72.716187, 10.717121 ], [ -72.716210, 10.717717 ], [ -72.716255, 10.718240 ], [ -72.716629, 10.719355 ], [ -72.716820, 10.720038 ], [ -72.717011, 10.720668 ], [ -72.717209, 10.721451 ], [ -72.717240, 10.722155 ], [ -72.717201, 10.722877 ], [ -72.717110, 10.723455 ], [ -72.716759, 10.724498 ], [ -72.716553, 10.725241 ], [ -72.716347, 10.725865 ], [ -72.716232, 10.726427 ], [ -72.716095, 10.726943 ], [ -72.715508, 10.728530 ], [ -72.714958, 10.729791 ], [ -72.714775, 10.730380 ], [ -72.714577, 10.731095 ], [ -72.714150, 10.733185 ], [ -72.713814, 10.734579 ], [ -72.713104, 10.736926 ], [ -72.712990, 10.737532 ], [ -72.712944, 10.738182 ], [ -72.712975, 10.738823 ], [ -72.713089, 10.739435 ], [ -72.713234, 10.739966 ], [ -72.713463, 10.740522 ], [ -72.713737, 10.741016 ], [ -72.714111, 10.741463 ], [ -72.714523, 10.741864 ], [ -72.714951, 10.742193 ], [ -72.715347, 10.742730 ], [ -72.715561, 10.743287 ], [ -72.715584, 10.743819 ], [ -72.715439, 10.744353 ], [ -72.715111, 10.744844 ], [ -72.714668, 10.745328 ], [ -72.713661, 10.746225 ], [ -72.713142, 10.746700 ], [ -72.712677, 10.747256 ], [ -72.712212, 10.747759 ], [ -72.711952, 10.748240 ], [ -72.711792, 10.748738 ], [ -72.711655, 10.749345 ], [ -72.711540, 10.749915 ], [ -72.711472, 10.750557 ], [ -72.711296, 10.751814 ], [ -72.711090, 10.752448 ], [ -72.710770, 10.753119 ], [ -72.710510, 10.753619 ], [ -72.710182, 10.754155 ], [ -72.709907, 10.754701 ], [ -72.709648, 10.755281 ], [ -72.709465, 10.755916 ], [ -72.709259, 10.756550 ], [ -72.708992, 10.757311 ], [ -72.708237, 10.759189 ], [ -72.707954, 10.759769 ], [ -72.707588, 10.760343 ], [ -72.707169, 10.760889 ], [ -72.706749, 10.761364 ], [ -72.706299, 10.761811 ], [ -72.705826, 10.762205 ], [ -72.705200, 10.762664 ], [ -72.704628, 10.763014 ], [ -72.703529, 10.763442 ], [ -72.702843, 10.763595 ], [ -72.702148, 10.763684 ], [ -72.700920, 10.763789 ], [ -72.699661, 10.763768 ], [ -72.698967, 10.763822 ], [ -72.698174, 10.763849 ], [ -72.697296, 10.763931 ], [ -72.696694, 10.763912 ], [ -72.696129, 10.763810 ], [ -72.695381, 10.763783 ], [ -72.694679, 10.763647 ], [ -72.693573, 10.763344 ], [ -72.692986, 10.763234 ], [ -72.692375, 10.763052 ], [ -72.691879, 10.762814 ], [ -72.691399, 10.762467 ], [ -72.690918, 10.762194 ], [ -72.690483, 10.761883 ], [ -72.689964, 10.761700 ], [ -72.689453, 10.761543 ], [ -72.688843, 10.761568 ], [ -72.688339, 10.761737 ], [ -72.687775, 10.762014 ], [ -72.687225, 10.762337 ], [ -72.686798, 10.762630 ], [ -72.685951, 10.763435 ], [ -72.685074, 10.764158 ], [ -72.684593, 10.764453 ], [ -72.683983, 10.764894 ], [ -72.682968, 10.765547 ], [ -72.681908, 10.766299 ], [ -72.681435, 10.766666 ], [ -72.680962, 10.767051 ], [ -72.680466, 10.767490 ], [ -72.679977, 10.767965 ], [ -72.679512, 10.768513 ], [ -72.679115, 10.769040 ], [ -72.679047, 10.769646 ], [ -72.679161, 10.770168 ], [ -72.679367, 10.770662 ], [ -72.679626, 10.771228 ], [ -72.680069, 10.772315 ], [ -72.680206, 10.772819 ], [ -72.680298, 10.773341 ], [ -72.680351, 10.773954 ], [ -72.680298, 10.774488 ], [ -72.680099, 10.775600 ], [ -72.679794, 10.776804 ], [ -72.679604, 10.777321 ], [ -72.679420, 10.777955 ], [ -72.679047, 10.778979 ], [ -72.678718, 10.780004 ], [ -72.678581, 10.780582 ], [ -72.678467, 10.781144 ], [ -72.678276, 10.782211 ], [ -72.678162, 10.783368 ], [ -72.678123, 10.784514 ], [ -72.677979, 10.785600 ], [ -72.677864, 10.786179 ], [ -72.677635, 10.786696 ], [ -72.677330, 10.787259 ], [ -72.677101, 10.787822 ], [ -72.676979, 10.788383 ], [ -72.677002, 10.788906 ], [ -72.677078, 10.789474 ], [ -72.677238, 10.790041 ], [ -72.677727, 10.791154 ], [ -72.678001, 10.791602 ], [ -72.678284, 10.792123 ], [ -72.678467, 10.792635 ], [ -72.678658, 10.793372 ], [ -72.678848, 10.794472 ], [ -72.679047, 10.795922 ], [ -72.679215, 10.796616 ], [ -72.679314, 10.797256 ], [ -72.679390, 10.798003 ], [ -72.679542, 10.798742 ], [ -72.679733, 10.799995 ], [ -72.679802, 10.800535 ], [ -72.679825, 10.801166 ], [ -72.679718, 10.802386 ], [ -72.679558, 10.802939 ], [ -72.679275, 10.803511 ], [ -72.678970, 10.803957 ], [ -72.678566, 10.804359 ], [ -72.677979, 10.804799 ], [ -72.677086, 10.805551 ], [ -72.676750, 10.805987 ], [ -72.676453, 10.806497 ], [ -72.675888, 10.807514 ], [ -72.675652, 10.808004 ], [ -72.675331, 10.808640 ], [ -72.675011, 10.809339 ], [ -72.674805, 10.809946 ], [ -72.674553, 10.810572 ], [ -72.674324, 10.811252 ], [ -72.674072, 10.811932 ], [ -72.673866, 10.812440 ], [ -72.673378, 10.813565 ], [ -72.673073, 10.814137 ], [ -72.672798, 10.814718 ], [ -72.672584, 10.815208 ], [ -72.672287, 10.815933 ], [ -72.672127, 10.816468 ], [ -72.671967, 10.817120 ], [ -72.671898, 10.817698 ], [ -72.671989, 10.818221 ], [ -72.672340, 10.818723 ], [ -72.673256, 10.819461 ], [ -72.673668, 10.819862 ], [ -72.674034, 10.820327 ], [ -72.674217, 10.820821 ], [ -72.674271, 10.821416 ], [ -72.674110, 10.822050 ], [ -72.673859, 10.822730 ], [ -72.673538, 10.823401 ], [ -72.673210, 10.823947 ], [ -72.672859, 10.824403 ], [ -72.672371, 10.824878 ], [ -72.671967, 10.825289 ], [ -72.671516, 10.825719 ], [ -72.671166, 10.826120 ], [ -72.670761, 10.826459 ], [ -72.670280, 10.826726 ], [ -72.669708, 10.826896 ], [ -72.669105, 10.827038 ], [ -72.668510, 10.827127 ], [ -72.667931, 10.827242 ], [ -72.667404, 10.827374 ], [ -72.666878, 10.827634 ], [ -72.666473, 10.828035 ], [ -72.666008, 10.829070 ], [ -72.665794, 10.829605 ], [ -72.665497, 10.830177 ], [ -72.665070, 10.830562 ], [ -72.664528, 10.830929 ], [ -72.664002, 10.831179 ], [ -72.663368, 10.831503 ], [ -72.662849, 10.831861 ], [ -72.662422, 10.832299 ], [ -72.662117, 10.832799 ], [ -72.661857, 10.833281 ], [ -72.661484, 10.833827 ], [ -72.661041, 10.834266 ], [ -72.660599, 10.834740 ], [ -72.659302, 10.835992 ], [ -72.658928, 10.836484 ], [ -72.658783, 10.837018 ], [ -72.658791, 10.837614 ], [ -72.658974, 10.838217 ], [ -72.659256, 10.838746 ], [ -72.659668, 10.839210 ], [ -72.659958, 10.839965 ], [ -72.660232, 10.840530 ], [ -72.660431, 10.841250 ], [ -72.660461, 10.841963 ], [ -72.660416, 10.842542 ], [ -72.660232, 10.843239 ], [ -72.660027, 10.843756 ], [ -72.659767, 10.844318 ], [ -72.659538, 10.844880 ], [ -72.659309, 10.845506 ], [ -72.659241, 10.846085 ], [ -72.659332, 10.846634 ], [ -72.659317, 10.847302 ], [ -72.658898, 10.848472 ], [ -72.658669, 10.849025 ], [ -72.658455, 10.849614 ], [ -72.658279, 10.850311 ], [ -72.658112, 10.850846 ], [ -72.657905, 10.851454 ], [ -72.657417, 10.852551 ], [ -72.656792, 10.853732 ], [ -72.656563, 10.854286 ], [ -72.656288, 10.854903 ], [ -72.656059, 10.855582 ], [ -72.655907, 10.856316 ], [ -72.655815, 10.856967 ], [ -72.655792, 10.857535 ], [ -72.655861, 10.858112 ], [ -72.655960, 10.858797 ], [ -72.656082, 10.859509 ], [ -72.656273, 10.860030 ], [ -72.656342, 10.860553 ], [ -72.656136, 10.861223 ], [ -72.655815, 10.861913 ], [ -72.655487, 10.862314 ], [ -72.655014, 10.862744 ], [ -72.654518, 10.863066 ], [ -72.654038, 10.863360 ], [ -72.653565, 10.863746 ], [ -72.653190, 10.864147 ], [ -72.652840, 10.864702 ], [ -72.652580, 10.865210 ], [ -72.652397, 10.865727 ], [ -72.652115, 10.866335 ], [ -72.651840, 10.866899 ], [ -72.651474, 10.867579 ], [ -72.651054, 10.868172 ], [ -72.650704, 10.868717 ], [ -72.650353, 10.869236 ], [ -72.650070, 10.869681 ], [ -72.649765, 10.870254 ], [ -72.649239, 10.871425 ], [ -72.648956, 10.871979 ], [ -72.648659, 10.872505 ], [ -72.648308, 10.873042 ], [ -72.648003, 10.873642 ], [ -72.647820, 10.874123 ], [ -72.647797, 10.874701 ], [ -72.647797, 10.875296 ], [ -72.647820, 10.875847 ], [ -72.647797, 10.876442 ], [ -72.647812, 10.877282 ], [ -72.647858, 10.877823 ], [ -72.647888, 10.878563 ], [ -72.647942, 10.879248 ], [ -72.647964, 10.879771 ], [ -72.647880, 10.880540 ], [ -72.647690, 10.881607 ], [ -72.647560, 10.882917 ], [ -72.647469, 10.883451 ], [ -72.647377, 10.884102 ], [ -72.647263, 10.884717 ], [ -72.646759, 10.885960 ], [ -72.646202, 10.887113 ], [ -72.645859, 10.887749 ], [ -72.645454, 10.888088 ], [ -72.645020, 10.888382 ], [ -72.644516, 10.888586 ], [ -72.643990, 10.888773 ], [ -72.643417, 10.888888 ], [ -72.642326, 10.889019 ], [ -72.641823, 10.889151 ], [ -72.641182, 10.889457 ], [ -72.640274, 10.890072 ], [ -72.639328, 10.890661 ], [ -72.638824, 10.890911 ], [ -72.638207, 10.891099 ], [ -72.637009, 10.891393 ], [ -72.636337, 10.891518 ], [ -72.635712, 10.891606 ], [ -72.634552, 10.891747 ], [ -72.633927, 10.891790 ], [ -72.633392, 10.891842 ], [ -72.632233, 10.891847 ], [ -72.631691, 10.891718 ], [ -72.631195, 10.891534 ], [ -72.630714, 10.891214 ], [ -72.630280, 10.890841 ], [ -72.629692, 10.890703 ], [ -72.629120, 10.890890 ], [ -72.628624, 10.891158 ], [ -72.628166, 10.891435 ], [ -72.627617, 10.891666 ], [ -72.627045, 10.891772 ], [ -72.626373, 10.891853 ], [ -72.625748, 10.891995 ], [ -72.625031, 10.892131 ], [ -72.624245, 10.892302 ], [ -72.623535, 10.892447 ], [ -72.622909, 10.892589 ], [ -72.621575, 10.892848 ], [ -72.620857, 10.892965 ], [ -72.620323, 10.893062 ], [ -72.619774, 10.893177 ], [ -72.619080, 10.893266 ], [ -72.618500, 10.893435 ], [ -72.617790, 10.893579 ], [ -72.616653, 10.893783 ], [ -72.616127, 10.893851 ], [ -72.615334, 10.893906 ], [ -72.614609, 10.893779 ], [ -72.614174, 10.893469 ], [ -72.613831, 10.893066 ], [ -72.613510, 10.892601 ], [ -72.613083, 10.892290 ], [ -72.612557, 10.891944 ], [ -72.612122, 10.891624 ], [ -72.611755, 10.891222 ], [ -72.611458, 10.890775 ], [ -72.610954, 10.889823 ], [ -72.610634, 10.889412 ], [ -72.610107, 10.889120 ], [ -72.609558, 10.889307 ], [ -72.609108, 10.889719 ], [ -72.608833, 10.890308 ], [ -72.608719, 10.890888 ], [ -72.608627, 10.891484 ], [ -72.608513, 10.892064 ], [ -72.608322, 10.892553 ], [ -72.607948, 10.893027 ], [ -72.607399, 10.893241 ], [ -72.606865, 10.893284 ], [ -72.606361, 10.893488 ], [ -72.605820, 10.893901 ], [ -72.605545, 10.894554 ], [ -72.605377, 10.895116 ], [ -72.605247, 10.895812 ], [ -72.605095, 10.897142 ], [ -72.605072, 10.897800 ], [ -72.604965, 10.899038 ], [ -72.604744, 10.899854 ], [ -72.604347, 10.900445 ], [ -72.603485, 10.901402 ], [ -72.603012, 10.901833 ], [ -72.602608, 10.902217 ], [ -72.602181, 10.902583 ], [ -72.601669, 10.903058 ], [ -72.601128, 10.903471 ], [ -72.600632, 10.903883 ], [ -72.599640, 10.904590 ], [ -72.599068, 10.904903 ], [ -72.598473, 10.905190 ], [ -72.597381, 10.905645 ], [ -72.596855, 10.905922 ], [ -72.596428, 10.906235 ], [ -72.595894, 10.906792 ], [ -72.595452, 10.907338 ], [ -72.595116, 10.907784 ], [ -72.594795, 10.908348 ], [ -72.594513, 10.908793 ], [ -72.594131, 10.909204 ], [ -72.593681, 10.909634 ], [ -72.593254, 10.909990 ], [ -72.592712, 10.910268 ], [ -72.591637, 10.910777 ], [ -72.589958, 10.911663 ], [ -72.589409, 10.911941 ], [ -72.588722, 10.912301 ], [ -72.588127, 10.912579 ], [ -72.587586, 10.912820 ], [ -72.587105, 10.913051 ], [ -72.586510, 10.913301 ], [ -72.585983, 10.913506 ], [ -72.585388, 10.913766 ], [ -72.584152, 10.914223 ], [ -72.583580, 10.914411 ], [ -72.582909, 10.914644 ], [ -72.582436, 10.914866 ], [ -72.581955, 10.915143 ], [ -72.581459, 10.915455 ], [ -72.581009, 10.915750 ], [ -72.580460, 10.916126 ], [ -72.579918, 10.916439 ], [ -72.578308, 10.917433 ], [ -72.577805, 10.917683 ], [ -72.577164, 10.917979 ], [ -72.576668, 10.918256 ], [ -72.576096, 10.918596 ], [ -72.574753, 10.919759 ], [ -72.574326, 10.920089 ], [ -72.573692, 10.920647 ], [ -72.573250, 10.921059 ], [ -72.572876, 10.921577 ], [ -72.572594, 10.922095 ], [ -72.572380, 10.922585 ], [ -72.571861, 10.923548 ], [ -72.571442, 10.924564 ], [ -72.570976, 10.925779 ], [ -72.570702, 10.926333 ], [ -72.570419, 10.926833 ], [ -72.570023, 10.927397 ], [ -72.569695, 10.927825 ], [ -72.569290, 10.928209 ], [ -72.568321, 10.928916 ], [ -72.567825, 10.929328 ], [ -72.567352, 10.929686 ], [ -72.566330, 10.930392 ], [ -72.565857, 10.930696 ], [ -72.565361, 10.930990 ], [ -72.564835, 10.931195 ], [ -72.564255, 10.931382 ], [ -72.563774, 10.931604 ], [ -72.563141, 10.931973 ], [ -72.562645, 10.932340 ], [ -72.562202, 10.932796 ], [ -72.561844, 10.933198 ], [ -72.561447, 10.933681 ], [ -72.561142, 10.934145 ], [ -72.560883, 10.934735 ], [ -72.560532, 10.935804 ], [ -72.560394, 10.936383 ], [ -72.560142, 10.936964 ], [ -72.559334, 10.937651 ], [ -72.559234, 10.938157 ], [ -72.559494, 10.938724 ], [ -72.559654, 10.939290 ], [ -72.559372, 10.939735 ], [ -72.558968, 10.940120 ], [ -72.558540, 10.940432 ], [ -72.558022, 10.940871 ], [ -72.557121, 10.941523 ], [ -72.556511, 10.942017 ], [ -72.556061, 10.942329 ], [ -72.555092, 10.943108 ], [ -72.554596, 10.943520 ], [ -72.554016, 10.944023 ], [ -72.553589, 10.944363 ], [ -72.552132, 10.945751 ], [ -72.551804, 10.946153 ], [ -72.551209, 10.947081 ], [ -72.550903, 10.947508 ], [ -72.550575, 10.947999 ], [ -72.550407, 10.948516 ], [ -72.550301, 10.949248 ], [ -72.550072, 10.950460 ], [ -72.549843, 10.951068 ], [ -72.549492, 10.951677 ], [ -72.549141, 10.952178 ], [ -72.547989, 10.953392 ], [ -72.547707, 10.953883 ], [ -72.547539, 10.954472 ], [ -72.547546, 10.955112 ], [ -72.547592, 10.955689 ], [ -72.547684, 10.956266 ], [ -72.547806, 10.956834 ], [ -72.547783, 10.957430 ], [ -72.547691, 10.957963 ], [ -72.547455, 10.958426 ], [ -72.547150, 10.958972 ], [ -72.545837, 10.960883 ], [ -72.545418, 10.961547 ], [ -72.545029, 10.962201 ], [ -72.544792, 10.962701 ], [ -72.544487, 10.963264 ], [ -72.544251, 10.963737 ], [ -72.543999, 10.964290 ], [ -72.543793, 10.964879 ], [ -72.543678, 10.965549 ], [ -72.543678, 10.966145 ], [ -72.543632, 10.966704 ], [ -72.543419, 10.967213 ], [ -72.543159, 10.967685 ], [ -72.542389, 10.968659 ], [ -72.542038, 10.969089 ], [ -72.541588, 10.969518 ], [ -72.541138, 10.969930 ], [ -72.540733, 10.970268 ], [ -72.540329, 10.970697 ], [ -72.540001, 10.971189 ], [ -72.539749, 10.971688 ], [ -72.539444, 10.972197 ], [ -72.539123, 10.972887 ], [ -72.538818, 10.973378 ], [ -72.538536, 10.973886 ], [ -72.537620, 10.975432 ], [ -72.537292, 10.975924 ], [ -72.536484, 10.977098 ], [ -72.535789, 10.978261 ], [ -72.535515, 10.978959 ], [ -72.535446, 10.979601 ], [ -72.535515, 10.980178 ], [ -72.535683, 10.980727 ], [ -72.535889, 10.981293 ], [ -72.536148, 10.981967 ], [ -72.536339, 10.982543 ], [ -72.536339, 10.983111 ], [ -72.536316, 10.983644 ], [ -72.536202, 10.984251 ], [ -72.536018, 10.984821 ], [ -72.535759, 10.985366 ], [ -72.535477, 10.985884 ], [ -72.535149, 10.986421 ], [ -72.534447, 10.987394 ], [ -72.533745, 10.988441 ], [ -72.533417, 10.988959 ], [ -72.533074, 10.989569 ], [ -72.532723, 10.990132 ], [ -72.532028, 10.991304 ], [ -72.531654, 10.991869 ], [ -72.531166, 10.992398 ], [ -72.530747, 10.992953 ], [ -72.530327, 10.993428 ], [ -72.529899, 10.993831 ], [ -72.529473, 10.994268 ], [ -72.529030, 10.994699 ], [ -72.528625, 10.995055 ], [ -72.528244, 10.995411 ], [ -72.527306, 10.996415 ], [ -72.526955, 10.996871 ], [ -72.526627, 10.997317 ], [ -72.526276, 10.997863 ], [ -72.526016, 10.998407 ], [ -72.525787, 10.999033 ], [ -72.525741, 10.999611 ], [ -72.525833, 11.000206 ], [ -72.525955, 11.000665 ], [ -72.525879, 11.001054 ], [ -72.525559, 11.001374 ], [ -72.525284, 11.001711 ], [ -72.525040, 11.002346 ], [ -72.524933, 11.002790 ], [ -72.524917, 11.003242 ], [ -72.525017, 11.003745 ], [ -72.525162, 11.004159 ], [ -72.525261, 11.004619 ], [ -72.525314, 11.005051 ], [ -72.525322, 11.005511 ], [ -72.525307, 11.005963 ], [ -72.525322, 11.007254 ], [ -72.525314, 11.007985 ], [ -72.525276, 11.008744 ], [ -72.525337, 11.009538 ], [ -72.525299, 11.010206 ], [ -72.525284, 11.010667 ], [ -72.525223, 11.011010 ], [ -72.525162, 11.011445 ], [ -72.525009, 11.012205 ], [ -72.524849, 11.012649 ], [ -72.524490, 11.013249 ], [ -72.523941, 11.013833 ], [ -72.523666, 11.014080 ], [ -72.523369, 11.014318 ], [ -72.522423, 11.014844 ], [ -72.522057, 11.015001 ], [ -72.521713, 11.015186 ], [ -72.521294, 11.015444 ], [ -72.520928, 11.015700 ], [ -72.520584, 11.015922 ], [ -72.520256, 11.016106 ], [ -72.519753, 11.016364 ], [ -72.519432, 11.016594 ], [ -72.519112, 11.016931 ], [ -72.518471, 11.017526 ], [ -72.518082, 11.017856 ], [ -72.517693, 11.018140 ], [ -72.517372, 11.018469 ], [ -72.517074, 11.018743 ], [ -72.516640, 11.019434 ], [ -72.516487, 11.019779 ], [ -72.516174, 11.020550 ], [ -72.515900, 11.021104 ], [ -72.515671, 11.021477 ], [ -72.515381, 11.021841 ], [ -72.515129, 11.022187 ], [ -72.514710, 11.022408 ], [ -72.514320, 11.022476 ], [ -72.513695, 11.022737 ], [ -72.512932, 11.022935 ], [ -72.512466, 11.023012 ], [ -72.510948, 11.023644 ], [ -72.510254, 11.024022 ], [ -72.509865, 11.024261 ], [ -72.509499, 11.024447 ], [ -72.509163, 11.024672 ], [ -72.508850, 11.024869 ], [ -72.508530, 11.025053 ], [ -72.508209, 11.025291 ], [ -72.507790, 11.025504 ], [ -72.507195, 11.025945 ], [ -72.506805, 11.026301 ], [ -72.506050, 11.027041 ], [ -72.505615, 11.027642 ], [ -72.505554, 11.028085 ], [ -72.505539, 11.028473 ], [ -72.505440, 11.029639 ], [ -72.505409, 11.030516 ], [ -72.505440, 11.030975 ], [ -72.505570, 11.031723 ], [ -72.505615, 11.032120 ], [ -72.505623, 11.032490 ], [ -72.505570, 11.033249 ], [ -72.505524, 11.033655 ], [ -72.505425, 11.034389 ], [ -72.505142, 11.035637 ], [ -72.504990, 11.036397 ], [ -72.504875, 11.036751 ], [ -72.504768, 11.037168 ], [ -72.504631, 11.037521 ], [ -72.504318, 11.038274 ], [ -72.504097, 11.038746 ], [ -72.503845, 11.039200 ], [ -72.503594, 11.039556 ], [ -72.503075, 11.040157 ], [ -72.502701, 11.040432 ], [ -72.502060, 11.040864 ], [ -72.501297, 11.041261 ], [ -72.500656, 11.041567 ], [ -72.500305, 11.041779 ], [ -72.499725, 11.042715 ], [ -72.498436, 11.043669 ], [ -72.497528, 11.044311 ], [ -72.497177, 11.044811 ], [ -72.496574, 11.045857 ], [ -72.496300, 11.046366 ], [ -72.495949, 11.046794 ], [ -72.495087, 11.047626 ], [ -72.494621, 11.048127 ], [ -72.494202, 11.048611 ], [ -72.493294, 11.049597 ], [ -72.492882, 11.050079 ], [ -72.492508, 11.050616 ], [ -72.492088, 11.051100 ], [ -72.491692, 11.051537 ], [ -72.491249, 11.051904 ], [ -72.490715, 11.052272 ], [ -72.489670, 11.052807 ], [ -72.489090, 11.053048 ], [ -72.488464, 11.053209 ], [ -72.487877, 11.053378 ], [ -72.487389, 11.053537 ], [ -72.486900, 11.053724 ], [ -72.486412, 11.053928 ], [ -72.485901, 11.054096 ], [ -72.485390, 11.054247 ], [ -72.484207, 11.054622 ], [ -72.483017, 11.055078 ], [ -72.482506, 11.055264 ], [ -72.481903, 11.055515 ], [ -72.480903, 11.055978 ], [ -72.479835, 11.056505 ], [ -72.479248, 11.056900 ], [ -72.478859, 11.057239 ], [ -72.478554, 11.057657 ], [ -72.478279, 11.058184 ], [ -72.478111, 11.058719 ], [ -72.478043, 11.059316 ], [ -72.478043, 11.059694 ], [ -72.478157, 11.060478 ], [ -72.478371, 11.060990 ], [ -72.478767, 11.061456 ], [ -72.479164, 11.061857 ], [ -72.479584, 11.062250 ], [ -72.480072, 11.062578 ], [ -72.480537, 11.062853 ], [ -72.480957, 11.063155 ], [ -72.481911, 11.063821 ], [ -72.482445, 11.064293 ], [ -72.483727, 11.065488 ], [ -72.484192, 11.065835 ], [ -72.485237, 11.066428 ], [ -72.485748, 11.066774 ], [ -72.486168, 11.067076 ], [ -72.486611, 11.067487 ], [ -72.487053, 11.067968 ], [ -72.487495, 11.068334 ], [ -72.487984, 11.068825 ], [ -72.488434, 11.069379 ], [ -72.488754, 11.069809 ], [ -72.489220, 11.070499 ], [ -72.489945, 11.071465 ], [ -72.490272, 11.071994 ], [ -72.490570, 11.072659 ], [ -72.490807, 11.073234 ], [ -72.491013, 11.073881 ], [ -72.491203, 11.074376 ], [ -72.491486, 11.075627 ], [ -72.491554, 11.076178 ], [ -72.491554, 11.076774 ], [ -72.491486, 11.077298 ], [ -72.491325, 11.077806 ], [ -72.491180, 11.078384 ], [ -72.490860, 11.079463 ], [ -72.490715, 11.080060 ], [ -72.490600, 11.080630 ], [ -72.490532, 11.081182 ], [ -72.490463, 11.081823 ], [ -72.490440, 11.082356 ], [ -72.490532, 11.083584 ], [ -72.490677, 11.084791 ], [ -72.490791, 11.085386 ], [ -72.490929, 11.086017 ], [ -72.491234, 11.087783 ], [ -72.491379, 11.088313 ], [ -72.491821, 11.089482 ], [ -72.492050, 11.089993 ], [ -72.492241, 11.090588 ], [ -72.492752, 11.091773 ], [ -72.492981, 11.092240 ], [ -72.493568, 11.093317 ], [ -72.493797, 11.093991 ], [ -72.493919, 11.094585 ], [ -72.493919, 11.095137 ], [ -72.493706, 11.095690 ], [ -72.493408, 11.096145 ], [ -72.492615, 11.097048 ], [ -72.492172, 11.097459 ], [ -72.491547, 11.098008 ], [ -72.490829, 11.098521 ], [ -72.490318, 11.098726 ], [ -72.489799, 11.098841 ], [ -72.489288, 11.098928 ], [ -72.488197, 11.099139 ], [ -72.487503, 11.099337 ], [ -72.487015, 11.099504 ], [ -72.486382, 11.099692 ], [ -72.485825, 11.099943 ], [ -72.485199, 11.100248 ], [ -72.484589, 11.100471 ], [ -72.483940, 11.100660 ], [ -72.483314, 11.100883 ], [ -72.482712, 11.101144 ], [ -72.482193, 11.101439 ], [ -72.481712, 11.101806 ], [ -72.481270, 11.102243 ], [ -72.480522, 11.103164 ], [ -72.480080, 11.103539 ], [ -72.479523, 11.103853 ], [ -72.479034, 11.104057 ], [ -72.478477, 11.104362 ], [ -72.477897, 11.104774 ], [ -72.477455, 11.105050 ], [ -72.476219, 11.105760 ], [ -72.475639, 11.106200 ], [ -72.475128, 11.106567 ], [ -72.474106, 11.107238 ], [ -72.473549, 11.107641 ], [ -72.473015, 11.108063 ], [ -72.472405, 11.108503 ], [ -72.471870, 11.108871 ], [ -72.471382, 11.109220 ], [ -72.470871, 11.109605 ], [ -72.470429, 11.110016 ], [ -72.470032, 11.110364 ], [ -72.469315, 11.111139 ], [ -72.468918, 11.111514 ], [ -72.468475, 11.111907 ], [ -72.467987, 11.112256 ], [ -72.467453, 11.112551 ], [ -72.466896, 11.112729 ], [ -72.466316, 11.112889 ], [ -72.465706, 11.113195 ], [ -72.465263, 11.113515 ], [ -72.464874, 11.113881 ], [ -72.464409, 11.114184 ], [ -72.463920, 11.114479 ], [ -72.463402, 11.114711 ], [ -72.462196, 11.115312 ], [ -72.461174, 11.115865 ], [ -72.460594, 11.116160 ], [ -72.460083, 11.116392 ], [ -72.458778, 11.117057 ], [ -72.458313, 11.117333 ], [ -72.457710, 11.117702 ], [ -72.457077, 11.118142 ], [ -72.456612, 11.118482 ], [ -72.456123, 11.118894 ], [ -72.455078, 11.119907 ], [ -72.454079, 11.120994 ], [ -72.453705, 11.121567 ], [ -72.453613, 11.122091 ], [ -72.453758, 11.122641 ], [ -72.454033, 11.123152 ], [ -72.453941, 11.123658 ], [ -72.453476, 11.124024 ], [ -72.453011, 11.124301 ], [ -72.452499, 11.124488 ], [ -72.451965, 11.124548 ], [ -72.451408, 11.124644 ], [ -72.450920, 11.124804 ], [ -72.450356, 11.125126 ], [ -72.448891, 11.126326 ], [ -72.448357, 11.126693 ], [ -72.447357, 11.127426 ], [ -72.446800, 11.127867 ], [ -72.446312, 11.128206 ], [ -72.445824, 11.128510 ], [ -72.445244, 11.128832 ], [ -72.443871, 11.129335 ], [ -72.443291, 11.129459 ], [ -72.442779, 11.129501 ], [ -72.442238, 11.129472 ], [ -72.441704, 11.129406 ], [ -72.441193, 11.129294 ], [ -72.440590, 11.129093 ], [ -72.440330, 11.128582 ], [ -72.440124, 11.128034 ], [ -72.439773, 11.126421 ], [ -72.439537, 11.124744 ], [ -72.439400, 11.124195 ], [ -72.438774, 11.123336 ], [ -72.438301, 11.123016 ], [ -72.437836, 11.122742 ], [ -72.437302, 11.122404 ], [ -72.436767, 11.122149 ], [ -72.436234, 11.121939 ], [ -72.435699, 11.121845 ], [ -72.435135, 11.121707 ], [ -72.434601, 11.121686 ], [ -72.433975, 11.121775 ], [ -72.433441, 11.121871 ], [ -72.432861, 11.121941 ], [ -72.431603, 11.122235 ], [ -72.431068, 11.122449 ], [ -72.430557, 11.122681 ], [ -72.430069, 11.122974 ], [ -72.429627, 11.123296 ], [ -72.429161, 11.123599 ], [ -72.428604, 11.124057 ], [ -72.428017, 11.124443 ], [ -72.427528, 11.124746 ], [ -72.426552, 11.125435 ], [ -72.425949, 11.125803 ], [ -72.425461, 11.126124 ], [ -72.424858, 11.126547 ], [ -72.424393, 11.126841 ], [ -72.423882, 11.127208 ], [ -72.423439, 11.127483 ], [ -72.422928, 11.127778 ], [ -72.421860, 11.128332 ], [ -72.421181, 11.128656 ], [ -72.420601, 11.128906 ], [ -72.420021, 11.129139 ], [ -72.419433, 11.129389 ], [ -72.418762, 11.129641 ], [ -72.418182, 11.129828 ], [ -72.417549, 11.130015 ], [ -72.417038, 11.130157 ], [ -72.416458, 11.130335 ], [ -72.415901, 11.130495 ], [ -72.415344, 11.130565 ], [ -72.414711, 11.130616 ], [ -72.414154, 11.130605 ], [ -72.413574, 11.130476 ], [ -72.413063, 11.130220 ], [ -72.412575, 11.129928 ], [ -72.412064, 11.129672 ], [ -72.411476, 11.129272 ], [ -72.410988, 11.128998 ], [ -72.410454, 11.128823 ], [ -72.409943, 11.128892 ], [ -72.409432, 11.129006 ], [ -72.408875, 11.129185 ], [ -72.408310, 11.129371 ], [ -72.407310, 11.129735 ], [ -72.406799, 11.129903 ], [ -72.405571, 11.129990 ], [ -72.404823, 11.130070 ], [ -72.404289, 11.130085 ], [ -72.403778, 11.130127 ], [ -72.403267, 11.130196 ], [ -72.401428, 11.130568 ], [ -72.400772, 11.130756 ], [ -72.399193, 11.131506 ], [ -72.398033, 11.132178 ], [ -72.397545, 11.132546 ], [ -72.397080, 11.132938 ], [ -72.396614, 11.133287 ], [ -72.395515, 11.133642 ], [ -72.395004, 11.133856 ], [ -72.394470, 11.134043 ], [ -72.393845, 11.134275 ], [ -72.393310, 11.134498 ], [ -72.392212, 11.135070 ], [ -72.391701, 11.135257 ], [ -72.391098, 11.135489 ], [ -72.390396, 11.135669 ], [ -72.389893, 11.135837 ], [ -72.389305, 11.135952 ], [ -72.388702, 11.136104 ], [ -72.388023, 11.136291 ], [ -72.387489, 11.136415 ], [ -72.386887, 11.136593 ], [ -72.386238, 11.136754 ], [ -72.385742, 11.136913 ], [ -72.385140, 11.137055 ], [ -72.383743, 11.137242 ], [ -72.383095, 11.137259 ], [ -72.381607, 11.137213 ], [ -72.380997, 11.137138 ], [ -72.380417, 11.137172 ], [ -72.379906, 11.137214 ], [ -72.379349, 11.137356 ], [ -72.378792, 11.137606 ], [ -72.378303, 11.137882 ], [ -72.377396, 11.138623 ], [ -72.376907, 11.138963 ], [ -72.376442, 11.139194 ], [ -72.375885, 11.139417 ], [ -72.374626, 11.139865 ], [ -72.374039, 11.140016 ], [ -72.373527, 11.140183 ], [ -72.372970, 11.140299 ], [ -72.371811, 11.140592 ], [ -72.371201, 11.140797 ], [ -72.370621, 11.141011 ], [ -72.370041, 11.141162 ], [ -72.369553, 11.141330 ], [ -72.368881, 11.141537 ], [ -72.368385, 11.141723 ], [ -72.367782, 11.141982 ], [ -72.367226, 11.142205 ], [ -72.366760, 11.142454 ], [ -72.366203, 11.142803 ], [ -72.365624, 11.143144 ], [ -72.365112, 11.143475 ], [ -72.364548, 11.143770 ], [ -72.363388, 11.144207 ], [ -72.362686, 11.144360 ], [ -72.362106, 11.144502 ], [ -72.361504, 11.144617 ], [ -72.360969, 11.144803 ], [ -72.360481, 11.145197 ], [ -72.360153, 11.145607 ], [ -72.359848, 11.146017 ], [ -72.359406, 11.146365 ], [ -72.358894, 11.146497 ], [ -72.358292, 11.146685 ], [ -72.357712, 11.146827 ], [ -72.357101, 11.146987 ], [ -72.356499, 11.147101 ], [ -72.355827, 11.147398 ], [ -72.355225, 11.147739 ], [ -72.354729, 11.148043 ], [ -72.354248, 11.148364 ], [ -72.353752, 11.148803 ], [ -72.353332, 11.149214 ], [ -72.352478, 11.150244 ], [ -72.351685, 11.151129 ], [ -72.351311, 11.151629 ], [ -72.350960, 11.152021 ], [ -72.350662, 11.152431 ], [ -72.350243, 11.152815 ], [ -72.349731, 11.153236 ], [ -72.349243, 11.153576 ], [ -72.348778, 11.153851 ], [ -72.348312, 11.154082 ], [ -72.347687, 11.154361 ], [ -72.347122, 11.154502 ], [ -72.346497, 11.154564 ], [ -72.345963, 11.154479 ], [ -72.345429, 11.154341 ], [ -72.344864, 11.154140 ], [ -72.344261, 11.153965 ], [ -72.342980, 11.153718 ], [ -72.342354, 11.153563 ], [ -72.341728, 11.153425 ], [ -72.340653, 11.153048 ], [ -72.340141, 11.152892 ], [ -72.339539, 11.152826 ], [ -72.338791, 11.152781 ], [ -72.338211, 11.152778 ], [ -72.337563, 11.152866 ], [ -72.337051, 11.152981 ], [ -72.336533, 11.152868 ], [ -72.335976, 11.152730 ], [ -72.335419, 11.152619 ], [ -72.334816, 11.152472 ], [ -72.334160, 11.152299 ], [ -72.333626, 11.152233 ], [ -72.332977, 11.152222 ], [ -72.332397, 11.152246 ], [ -72.331833, 11.152253 ], [ -72.331230, 11.152341 ], [ -72.330139, 11.152479 ], [ -72.329460, 11.152586 ], [ -72.328949, 11.152682 ], [ -72.328232, 11.152754 ], [ -72.327622, 11.152796 ], [ -72.327042, 11.152802 ], [ -72.326301, 11.152748 ], [ -72.325691, 11.152664 ], [ -72.325203, 11.152498 ], [ -72.324692, 11.152296 ], [ -72.324158, 11.152158 ], [ -72.323532, 11.152020 ], [ -72.323044, 11.151854 ], [ -72.322411, 11.151771 ], [ -72.321831, 11.151713 ], [ -72.321297, 11.151810 ], [ -72.320763, 11.151970 ], [ -72.320244, 11.152138 ], [ -72.319756, 11.152314 ], [ -72.319176, 11.152574 ], [ -72.318687, 11.152760 ], [ -72.318176, 11.152658 ], [ -72.317711, 11.152337 ], [ -72.317337, 11.151926 ], [ -72.317108, 11.151423 ], [ -72.316940, 11.150947 ], [ -72.316597, 11.150526 ], [ -72.316086, 11.150233 ], [ -72.315521, 11.150059 ], [ -72.314316, 11.149793 ], [ -72.313759, 11.149627 ], [ -72.312614, 11.149260 ], [ -72.312035, 11.149104 ], [ -72.311500, 11.149029 ], [ -72.310890, 11.148963 ], [ -72.309196, 11.148458 ], [ -72.308708, 11.148274 ], [ -72.308197, 11.148063 ], [ -72.307678, 11.147880 ], [ -72.307144, 11.147750 ], [ -72.305939, 11.147511 ], [ -72.305351, 11.147562 ], [ -72.304703, 11.147605 ], [ -72.304077, 11.147657 ], [ -72.302704, 11.147726 ], [ -72.302170, 11.147723 ], [ -72.301445, 11.147740 ], [ -72.300842, 11.147765 ], [ -72.300163, 11.147763 ], [ -72.299446, 11.147744 ], [ -72.298584, 11.147744 ], [ -72.297981, 11.147670 ], [ -72.297440, 11.147531 ], [ -72.296814, 11.147403 ], [ -72.296074, 11.147347 ], [ -72.294327, 11.147277 ], [ -72.293815, 11.147463 ], [ -72.293327, 11.147739 ], [ -72.292839, 11.148061 ], [ -72.292320, 11.148364 ], [ -72.291763, 11.148460 ], [ -72.291252, 11.148313 ], [ -72.290695, 11.148129 ], [ -72.290207, 11.147881 ], [ -72.289742, 11.147490 ], [ -72.289207, 11.147080 ], [ -72.288651, 11.146688 ], [ -72.288109, 11.146451 ], [ -72.287086, 11.145857 ], [ -72.286575, 11.145583 ], [ -72.286087, 11.145264 ], [ -72.285507, 11.145008 ], [ -72.284859, 11.144798 ], [ -72.284340, 11.144687 ], [ -72.283692, 11.144568 ], [ -72.282532, 11.144336 ], [ -72.281990, 11.144135 ], [ -72.281433, 11.143878 ], [ -72.280922, 11.143622 ], [ -72.280411, 11.143348 ], [ -72.279877, 11.143146 ], [ -72.279343, 11.142989 ], [ -72.278832, 11.142941 ], [ -72.278244, 11.142956 ], [ -72.277687, 11.143098 ], [ -72.277130, 11.143148 ], [ -72.276550, 11.143128 ], [ -72.275917, 11.142982 ], [ -72.274872, 11.142641 ], [ -72.274269, 11.142521 ], [ -72.273689, 11.142428 ], [ -72.273079, 11.142389 ], [ -72.272499, 11.142342 ], [ -72.271751, 11.142359 ], [ -72.271149, 11.142384 ], [ -72.270432, 11.142427 ], [ -72.269821, 11.142479 ], [ -72.269195, 11.142477 ], [ -72.268638, 11.142565 ], [ -72.268028, 11.142544 ], [ -72.267311, 11.142543 ], [ -72.266754, 11.142594 ], [ -72.266144, 11.142583 ], [ -72.265518, 11.142608 ], [ -72.264961, 11.142613 ], [ -72.264427, 11.142547 ], [ -72.263916, 11.142291 ], [ -72.263336, 11.141900 ], [ -72.262917, 11.141480 ], [ -72.261772, 11.141140 ], [ -72.261238, 11.141146 ], [ -72.260750, 11.141413 ], [ -72.260216, 11.141735 ], [ -72.259682, 11.141831 ], [ -72.259102, 11.141855 ], [ -72.258492, 11.141799 ], [ -72.257957, 11.141823 ], [ -72.257378, 11.141919 ], [ -72.256721, 11.141990 ], [ -72.256164, 11.141987 ], [ -72.255516, 11.141949 ], [ -72.254860, 11.141937 ], [ -72.254349, 11.142006 ], [ -72.253700, 11.142131 ], [ -72.253098, 11.142219 ], [ -72.252533, 11.142333 ], [ -72.251861, 11.142566 ], [ -72.251373, 11.142752 ], [ -72.250816, 11.142939 ], [ -72.250206, 11.143208 ], [ -72.249695, 11.143592 ], [ -72.249298, 11.143957 ], [ -72.248955, 11.144431 ], [ -72.248649, 11.144931 ], [ -72.248352, 11.145457 ], [ -72.247978, 11.145913 ], [ -72.247437, 11.146398 ], [ -72.246902, 11.146647 ], [ -72.246300, 11.146907 ], [ -72.245674, 11.147058 ], [ -72.245140, 11.147226 ], [ -72.244621, 11.147430 ], [ -72.244209, 11.147733 ], [ -72.243790, 11.148071 ], [ -72.243347, 11.148483 ], [ -72.242859, 11.149229 ], [ -72.242088, 11.150582 ], [ -72.241783, 11.151037 ], [ -72.141899, 11.334187 ], [ -72.061279, 11.483108 ], [ -71.970238, 11.648140 ], [ -71.884437, 11.666762 ], [ -71.883156, 11.667065 ], [ -71.882576, 11.667251 ], [ -71.881996, 11.667456 ], [ -71.881409, 11.667623 ], [ -71.880760, 11.667757 ], [ -71.878449, 11.668376 ], [ -71.877541, 11.668584 ], [ -71.876701, 11.668791 ], [ -71.875984, 11.668952 ], [ -71.875305, 11.669094 ], [ -71.874580, 11.669228 ], [ -71.874023, 11.669324 ], [ -71.873253, 11.669440 ], [ -71.872437, 11.669601 ], [ -71.871719, 11.669690 ], [ -71.870224, 11.669849 ], [ -71.869476, 11.669966 ], [ -71.868874, 11.670034 ], [ -71.868149, 11.670177 ], [ -71.867401, 11.670266 ], [ -71.866562, 11.670383 ], [ -71.865303, 11.670522 ], [ -71.864769, 11.670609 ], [ -71.864097, 11.670706 ], [ -71.862160, 11.671123 ], [ -71.860718, 11.671444 ], [ -71.859993, 11.671577 ], [ -71.858520, 11.671827 ], [ -71.857308, 11.672083 ], [ -71.856354, 11.672318 ], [ -71.855141, 11.672592 ], [ -71.853561, 11.672978 ], [ -71.852745, 11.673167 ], [ -71.851318, 11.673533 ], [ -71.849548, 11.673877 ], [ -71.848823, 11.674037 ], [ -71.848084, 11.674225 ], [ -71.847427, 11.674431 ], [ -71.846893, 11.674544 ], [ -71.846260, 11.674731 ], [ -71.845589, 11.674954 ], [ -71.844956, 11.675123 ], [ -71.843773, 11.675461 ], [ -71.842537, 11.675852 ], [ -71.841255, 11.676226 ], [ -71.840248, 11.676426 ], [ -71.839295, 11.676589 ], [ -71.837570, 11.676795 ], [ -71.836868, 11.676938 ], [ -71.836334, 11.677096 ], [ -71.835709, 11.677257 ], [ -71.835075, 11.677443 ], [ -71.834541, 11.677630 ], [ -71.834007, 11.677834 ], [ -71.832748, 11.678270 ], [ -71.832184, 11.678412 ], [ -71.831345, 11.678637 ], [ -71.830856, 11.678777 ], [ -71.829346, 11.679144 ], [ -71.827851, 11.679303 ], [ -71.826943, 11.679376 ], [ -71.826241, 11.679400 ], [ -71.824959, 11.679422 ], [ -71.824310, 11.679492 ], [ -71.823631, 11.679580 ], [ -71.822586, 11.679852 ], [ -71.821930, 11.679994 ], [ -71.820694, 11.680341 ], [ -71.820091, 11.680527 ], [ -71.819298, 11.680706 ], [ -71.818764, 11.680865 ], [ -71.817871, 11.681190 ], [ -71.817200, 11.681396 ], [ -71.816124, 11.681695 ], [ -71.813934, 11.682204 ], [ -71.812515, 11.682498 ], [ -71.811722, 11.682614 ], [ -71.809273, 11.683072 ], [ -71.806663, 11.683486 ], [ -71.805870, 11.683675 ], [ -71.805122, 11.683808 ], [ -71.804520, 11.683995 ], [ -71.803886, 11.684155 ], [ -71.801979, 11.684616 ], [ -71.801254, 11.684776 ], [ -71.800369, 11.684957 ], [ -71.799645, 11.685072 ], [ -71.798973, 11.685214 ], [ -71.798294, 11.685329 ], [ -71.797668, 11.685462 ], [ -71.796501, 11.685807 ], [ -71.795822, 11.686040 ], [ -71.795074, 11.686337 ], [ -71.793770, 11.686773 ], [ -71.793236, 11.686933 ], [ -71.792656, 11.687092 ], [ -71.792000, 11.687305 ], [ -71.791305, 11.687467 ], [ -71.790741, 11.687553 ], [ -71.789627, 11.687780 ], [ -71.788086, 11.688040 ], [ -71.787453, 11.688172 ], [ -71.786942, 11.688240 ], [ -71.786407, 11.688363 ], [ -71.785797, 11.688477 ], [ -71.785263, 11.688563 ], [ -71.783913, 11.688839 ], [ -71.783005, 11.689047 ], [ -71.782349, 11.689234 ], [ -71.781326, 11.689550 ], [ -71.780067, 11.690104 ], [ -71.779556, 11.690290 ], [ -71.779068, 11.690449 ], [ -71.778435, 11.690636 ], [ -71.777733, 11.690887 ], [ -71.777130, 11.691118 ], [ -71.776527, 11.691368 ], [ -71.775498, 11.691711 ], [ -71.772911, 11.692677 ], [ -71.772308, 11.692863 ], [ -71.769905, 11.693501 ], [ -71.769158, 11.693644 ], [ -71.768318, 11.693850 ], [ -71.767830, 11.693991 ], [ -71.766991, 11.694261 ], [ -71.766480, 11.694401 ], [ -71.765663, 11.694679 ], [ -71.764473, 11.695044 ], [ -71.763962, 11.695184 ], [ -71.763474, 11.695342 ], [ -71.762955, 11.695528 ], [ -71.762352, 11.695760 ], [ -71.761673, 11.695983 ], [ -71.761139, 11.696214 ], [ -71.760460, 11.696446 ], [ -71.759789, 11.696724 ], [ -71.759178, 11.696946 ], [ -71.758598, 11.697133 ], [ -71.758018, 11.697337 ], [ -71.756172, 11.697843 ], [ -71.753982, 11.698559 ], [ -71.753304, 11.698791 ], [ -71.752586, 11.699087 ], [ -71.751999, 11.699292 ], [ -71.751373, 11.699542 ], [ -71.750321, 11.699986 ], [ -71.749855, 11.700216 ], [ -71.748665, 11.700652 ], [ -71.747803, 11.701013 ], [ -71.746986, 11.701291 ], [ -71.746475, 11.701495 ], [ -71.745850, 11.701709 ], [ -71.745361, 11.701912 ], [ -71.744751, 11.702117 ], [ -71.744103, 11.702367 ], [ -71.743607, 11.702507 ], [ -71.742958, 11.702712 ], [ -71.742424, 11.702943 ], [ -71.741859, 11.703147 ], [ -71.740509, 11.703585 ], [ -71.739998, 11.703680 ], [ -71.739365, 11.703885 ], [ -71.738106, 11.704349 ], [ -71.736450, 11.704988 ], [ -71.735588, 11.705285 ], [ -71.733353, 11.706020 ], [ -71.732818, 11.706206 ], [ -71.732048, 11.706439 ], [ -71.730461, 11.706824 ], [ -71.728851, 11.707310 ], [ -71.728081, 11.707561 ], [ -71.727318, 11.707839 ], [ -71.726524, 11.708109 ], [ -71.725777, 11.708342 ], [ -71.723885, 11.708965 ], [ -71.723328, 11.709142 ], [ -71.721298, 11.709812 ], [ -71.720573, 11.710063 ], [ -71.719925, 11.710250 ], [ -71.718666, 11.710641 ], [ -71.717918, 11.710892 ], [ -71.716568, 11.711374 ], [ -71.715889, 11.711597 ], [ -71.715172, 11.711858 ], [ -71.714493, 11.712063 ], [ -71.713768, 11.712314 ], [ -71.712441, 11.712750 ], [ -71.711792, 11.712983 ], [ -71.710647, 11.713346 ], [ -71.709969, 11.713596 ], [ -71.709221, 11.713920 ], [ -71.708382, 11.714244 ], [ -71.707665, 11.714495 ], [ -71.707031, 11.714726 ], [ -71.705818, 11.715090 ], [ -71.705261, 11.715276 ], [ -71.704750, 11.715434 ], [ -71.703392, 11.715899 ], [ -71.700554, 11.716721 ], [ -71.699989, 11.716862 ], [ -71.698753, 11.717154 ], [ -71.698173, 11.717339 ], [ -71.697563, 11.717571 ], [ -71.697029, 11.717802 ], [ -71.696564, 11.718032 ], [ -71.695961, 11.718372 ], [ -71.695351, 11.718766 ], [ -71.693909, 11.719358 ], [ -71.693321, 11.719617 ], [ -71.692810, 11.719820 ], [ -71.691223, 11.720558 ], [ -71.690735, 11.720761 ], [ -71.689453, 11.721315 ], [ -71.688149, 11.721797 ], [ -71.687569, 11.721984 ], [ -71.686981, 11.722188 ], [ -71.686333, 11.722393 ], [ -71.685745, 11.722597 ], [ -71.684418, 11.723034 ], [ -71.683861, 11.723175 ], [ -71.683273, 11.723351 ], [ -71.682503, 11.723539 ], [ -71.681877, 11.723744 ], [ -71.681343, 11.723930 ], [ -71.680733, 11.724161 ], [ -71.679611, 11.724569 ], [ -71.679100, 11.724782 ], [ -71.678055, 11.725235 ], [ -71.677589, 11.725447 ], [ -71.675911, 11.726113 ], [ -71.674622, 11.726550 ], [ -71.673416, 11.726986 ], [ -71.672249, 11.727376 ], [ -71.671127, 11.727784 ], [ -71.670616, 11.727951 ], [ -71.670029, 11.728128 ], [ -71.668815, 11.728474 ], [ -71.668144, 11.728634 ], [ -71.667511, 11.728821 ], [ -71.666862, 11.728980 ], [ -71.666229, 11.729167 ], [ -71.664154, 11.729711 ], [ -71.663178, 11.729990 ], [ -71.662567, 11.730149 ], [ -71.661873, 11.730309 ], [ -71.661171, 11.730496 ], [ -71.660515, 11.730675 ], [ -71.660004, 11.730842 ], [ -71.658836, 11.731277 ], [ -71.658188, 11.731501 ], [ -71.657067, 11.732008 ], [ -71.656067, 11.732541 ], [ -71.655014, 11.733021 ], [ -71.654503, 11.733269 ], [ -71.654014, 11.733526 ], [ -71.653427, 11.733776 ], [ -71.652779, 11.734026 ], [ -71.652168, 11.734240 ], [ -71.651566, 11.734417 ], [ -71.650886, 11.734576 ], [ -71.650353, 11.734744 ], [ -71.649674, 11.734922 ], [ -71.649117, 11.735081 ], [ -71.647858, 11.735472 ], [ -71.646156, 11.736021 ], [ -71.644943, 11.736439 ], [ -71.644218, 11.736671 ], [ -71.643707, 11.736802 ], [ -71.642914, 11.737036 ], [ -71.642189, 11.737214 ], [ -71.640770, 11.737607 ], [ -71.640137, 11.737766 ], [ -71.639557, 11.737862 ], [ -71.638786, 11.738023 ], [ -71.638107, 11.738182 ], [ -71.637436, 11.738315 ], [ -71.636849, 11.738456 ], [ -71.635681, 11.738774 ], [ -71.635101, 11.738914 ], [ -71.634567, 11.739056 ], [ -71.632607, 11.739489 ], [ -71.632027, 11.739648 ], [ -71.631439, 11.739834 ], [ -71.630203, 11.740152 ], [ -71.629105, 11.740470 ], [ -71.628479, 11.740702 ], [ -71.627106, 11.741138 ], [ -71.624794, 11.741946 ], [ -71.623467, 11.742355 ], [ -71.622787, 11.742588 ], [ -71.622108, 11.742793 ], [ -71.620361, 11.743252 ], [ -71.619781, 11.743383 ], [ -71.618729, 11.743682 ], [ -71.618194, 11.743777 ], [ -71.617539, 11.743918 ], [ -71.616867, 11.744079 ], [ -71.616257, 11.744165 ], [ -71.615486, 11.744327 ], [ -71.614113, 11.744537 ], [ -71.613319, 11.744671 ], [ -71.611992, 11.744918 ], [ -71.609634, 11.745563 ], [ -71.607254, 11.746389 ], [ -71.605949, 11.746871 ], [ -71.605347, 11.747030 ], [ -71.603760, 11.747515 ], [ -71.603218, 11.747700 ], [ -71.602615, 11.747877 ], [ -71.602035, 11.748063 ], [ -71.600700, 11.748527 ], [ -71.599770, 11.748797 ], [ -71.598885, 11.749140 ], [ -71.598205, 11.749444 ], [ -71.597717, 11.749602 ], [ -71.597229, 11.749743 ], [ -71.596664, 11.749874 ], [ -71.596016, 11.749988 ], [ -71.595482, 11.750056 ], [ -71.594871, 11.750152 ], [ -71.594216, 11.750284 ], [ -71.593544, 11.750354 ], [ -71.592957, 11.750467 ], [ -71.591957, 11.750748 ], [ -71.591469, 11.750906 ], [ -71.590927, 11.751119 ], [ -71.589668, 11.751546 ], [ -71.589134, 11.751777 ], [ -71.588555, 11.752007 ], [ -71.588013, 11.752193 ], [ -71.586876, 11.752538 ], [ -71.586105, 11.752744 ], [ -71.585380, 11.752922 ], [ -71.584725, 11.753108 ], [ -71.583580, 11.753381 ], [ -71.582374, 11.753708 ], [ -71.581833, 11.753840 ], [ -71.581344, 11.753979 ], [ -71.580719, 11.754075 ], [ -71.580040, 11.754235 ], [ -71.578735, 11.754554 ], [ -71.577728, 11.754825 ], [ -71.577103, 11.754984 ], [ -71.576004, 11.755328 ], [ -71.574814, 11.755791 ], [ -71.574280, 11.755977 ], [ -71.571900, 11.756938 ], [ -71.571388, 11.757123 ], [ -71.570847, 11.757354 ], [ -71.570152, 11.757604 ], [ -71.568306, 11.758154 ], [ -71.567658, 11.758340 ], [ -71.566887, 11.758546 ], [ -71.565597, 11.758910 ], [ -71.564972, 11.759069 ], [ -71.564461, 11.759227 ], [ -71.563873, 11.759395 ], [ -71.563248, 11.759554 ], [ -71.562034, 11.759800 ], [ -71.561310, 11.759960 ], [ -71.560730, 11.760101 ], [ -71.559563, 11.760355 ], [ -71.558952, 11.760532 ], [ -71.558373, 11.760674 ], [ -71.557694, 11.760879 ], [ -71.557068, 11.761038 ], [ -71.556389, 11.761179 ], [ -71.555061, 11.761408 ], [ -71.553825, 11.761608 ], [ -71.552658, 11.761863 ], [ -71.551323, 11.762209 ], [ -71.550583, 11.762415 ], [ -71.549950, 11.762601 ], [ -71.549393, 11.762777 ], [ -71.548782, 11.762991 ], [ -71.548226, 11.763167 ], [ -71.546501, 11.763743 ], [ -71.545937, 11.763974 ], [ -71.544792, 11.764363 ], [ -71.543610, 11.764727 ], [ -71.542931, 11.764914 ], [ -71.541717, 11.765213 ], [ -71.540550, 11.765531 ], [ -71.538735, 11.765900 ], [ -71.538193, 11.766031 ], [ -71.536911, 11.766377 ], [ -71.536186, 11.766582 ], [ -71.535583, 11.766723 ], [ -71.534904, 11.766864 ], [ -71.534325, 11.766996 ], [ -71.533737, 11.767092 ], [ -71.532547, 11.767319 ], [ -71.531967, 11.767405 ], [ -71.531265, 11.767619 ], [ -71.530617, 11.767842 ], [ -71.529236, 11.768414 ], [ -71.528091, 11.768967 ], [ -71.527466, 11.769243 ], [ -71.526344, 11.769543 ], [ -71.525085, 11.769789 ], [ -71.524407, 11.769958 ], [ -71.523827, 11.770116 ], [ -71.523293, 11.770229 ], [ -71.522636, 11.770389 ], [ -71.522026, 11.770575 ], [ -71.521492, 11.770751 ], [ -71.520325, 11.771095 ], [ -71.518623, 11.771807 ], [ -71.516968, 11.772336 ], [ -71.515663, 11.772727 ], [ -71.515007, 11.772914 ], [ -71.513840, 11.773349 ], [ -71.513237, 11.773553 ], [ -71.512161, 11.773869 ], [ -71.511604, 11.774010 ], [ -71.511085, 11.774123 ], [ -71.510529, 11.774263 ], [ -71.509926, 11.774395 ], [ -71.509361, 11.774563 ], [ -71.507660, 11.775021 ], [ -71.506210, 11.775340 ], [ -71.504883, 11.775587 ], [ -71.504257, 11.775746 ], [ -71.503532, 11.775906 ], [ -71.502739, 11.776067 ], [ -71.502151, 11.776162 ], [ -71.501381, 11.776341 ], [ -71.500824, 11.776436 ], [ -71.499931, 11.776561 ], [ -71.377136, 11.815737 ], [ -71.377487, 11.816095 ], [ -71.377983, 11.816462 ], [ -71.378494, 11.816710 ], [ -71.378990, 11.816914 ], [ -71.379524, 11.817027 ], [ -71.380646, 11.817018 ], [ -71.381226, 11.816985 ], [ -71.381813, 11.817053 ], [ -71.382416, 11.817111 ], [ -71.383423, 11.817337 ], [ -71.384171, 11.817422 ], [ -71.384682, 11.817490 ], [ -71.385201, 11.817620 ], [ -71.385620, 11.817943 ], [ -71.386002, 11.818346 ], [ -71.386261, 11.818787 ], [ -71.386520, 11.819290 ], [ -71.386734, 11.819767 ], [ -71.386788, 11.820345 ], [ -71.386749, 11.820897 ], [ -71.386658, 11.821466 ], [ -71.386619, 11.821973 ], [ -71.386642, 11.822597 ], [ -71.386742, 11.823102 ], [ -71.386940, 11.823651 ], [ -71.387131, 11.824129 ], [ -71.387321, 11.824660 ], [ -71.387535, 11.825210 ], [ -71.387726, 11.825732 ], [ -71.387871, 11.826282 ], [ -71.387970, 11.826787 ], [ -71.388000, 11.827365 ], [ -71.388000, 11.827934 ], [ -71.387970, 11.829020 ], [ -71.387970, 11.829571 ], [ -71.387932, 11.830140 ], [ -71.387772, 11.830674 ], [ -71.387688, 11.831182 ], [ -71.387619, 11.831688 ], [ -71.387726, 11.832762 ], [ -71.387703, 11.833314 ], [ -71.387642, 11.833820 ], [ -71.387482, 11.834310 ], [ -71.387184, 11.834719 ], [ -71.386841, 11.835119 ], [ -71.386421, 11.835394 ], [ -71.385910, 11.835624 ], [ -71.384796, 11.835778 ], [ -71.384232, 11.835638 ], [ -71.383736, 11.835299 ], [ -71.383270, 11.834959 ], [ -71.382843, 11.834575 ], [ -71.382446, 11.834189 ], [ -71.381973, 11.833913 ], [ -71.381439, 11.833665 ], [ -71.380920, 11.833507 ], [ -71.380341, 11.833493 ], [ -71.379829, 11.833768 ], [ -71.379318, 11.834306 ], [ -71.379044, 11.834787 ], [ -71.378838, 11.835295 ], [ -71.379311, 11.835751 ], [ -71.379707, 11.836092 ], [ -71.380066, 11.836550 ], [ -71.379951, 11.837056 ], [ -71.379540, 11.837358 ], [ -71.379028, 11.837471 ], [ -71.378418, 11.837530 ], [ -71.377952, 11.837227 ], [ -71.377525, 11.836932 ], [ -71.377007, 11.836638 ], [ -71.376564, 11.836344 ], [ -71.376167, 11.836004 ], [ -71.375648, 11.835737 ], [ -71.375084, 11.835534 ], [ -71.374573, 11.835285 ], [ -71.374054, 11.835127 ], [ -71.373543, 11.835013 ], [ -71.372910, 11.834947 ], [ -71.372376, 11.834843 ], [ -71.371841, 11.834847 ], [ -71.371162, 11.834916 ], [ -71.370582, 11.835056 ], [ -71.369881, 11.835162 ], [ -71.369392, 11.835319 ], [ -71.368210, 11.835609 ], [ -71.367699, 11.835776 ], [ -71.367142, 11.836007 ], [ -71.366539, 11.836337 ], [ -71.365517, 11.836825 ], [ -71.364983, 11.837010 ], [ -71.364372, 11.837178 ], [ -71.363838, 11.837273 ], [ -71.363281, 11.837485 ], [ -71.362862, 11.837769 ], [ -71.362686, 11.838249 ], [ -71.362778, 11.838755 ], [ -71.362991, 11.839232 ], [ -71.363258, 11.839672 ], [ -71.363472, 11.840177 ], [ -71.363640, 11.840699 ], [ -71.363739, 11.841205 ], [ -71.363747, 11.841756 ], [ -71.363632, 11.842425 ], [ -71.363380, 11.842979 ], [ -71.363037, 11.843442 ], [ -71.362594, 11.843880 ], [ -71.362091, 11.844182 ], [ -71.361603, 11.844412 ], [ -71.360969, 11.844580 ], [ -71.360275, 11.844658 ], [ -71.359711, 11.844681 ], [ -71.359108, 11.844623 ], [ -71.358589, 11.844527 ], [ -71.358078, 11.844306 ], [ -71.357513, 11.844103 ], [ -71.356972, 11.843809 ], [ -71.356369, 11.843579 ], [ -71.355850, 11.843357 ], [ -71.355339, 11.843081 ], [ -71.354775, 11.842834 ], [ -71.354256, 11.842657 ], [ -71.353676, 11.842589 ], [ -71.352577, 11.842598 ], [ -71.352020, 11.842720 ], [ -71.351509, 11.842888 ], [ -71.350998, 11.843144 ], [ -71.350533, 11.843420 ], [ -71.350098, 11.843766 ], [ -71.349678, 11.844050 ], [ -71.349167, 11.844217 ], [ -71.348579, 11.844267 ], [ -71.348045, 11.844362 ], [ -71.347557, 11.844501 ], [ -71.347099, 11.844894 ], [ -71.346817, 11.845339 ], [ -71.346550, 11.845893 ], [ -71.346390, 11.846445 ], [ -71.346321, 11.846996 ], [ -71.346283, 11.847503 ], [ -71.346077, 11.848074 ], [ -71.345780, 11.848564 ], [ -71.345436, 11.849001 ], [ -71.344581, 11.849903 ], [ -71.344208, 11.850276 ], [ -71.343842, 11.850623 ], [ -71.343422, 11.850943 ], [ -71.343002, 11.851244 ], [ -71.342590, 11.851573 ], [ -71.342148, 11.851875 ], [ -71.341705, 11.852132 ], [ -71.341171, 11.852344 ], [ -71.340477, 11.852603 ], [ -71.339920, 11.852788 ], [ -71.339264, 11.852974 ], [ -71.338684, 11.853168 ], [ -71.338173, 11.853309 ], [ -71.337128, 11.853633 ], [ -71.336548, 11.853827 ], [ -71.336037, 11.853968 ], [ -71.335426, 11.854090 ], [ -71.334938, 11.854202 ], [ -71.334358, 11.854235 ], [ -71.333870, 11.854075 ], [ -71.333283, 11.853918 ], [ -71.332695, 11.853905 ], [ -71.332161, 11.853928 ], [ -71.331436, 11.853933 ], [ -71.330925, 11.853866 ], [ -71.329780, 11.853694 ], [ -71.329224, 11.853581 ], [ -71.328522, 11.853478 ], [ -71.328003, 11.853383 ], [ -71.327469, 11.853297 ], [ -71.326973, 11.853121 ], [ -71.326485, 11.852890 ], [ -71.325943, 11.852532 ], [ -71.325455, 11.852239 ], [ -71.324982, 11.851989 ], [ -71.324448, 11.851831 ], [ -71.323929, 11.851809 ], [ -71.323326, 11.851813 ], [ -71.322273, 11.851913 ], [ -71.321633, 11.852016 ], [ -71.321686, 11.851257 ], [ -71.321678, 11.850679 ], [ -71.321716, 11.849531 ], [ -71.321663, 11.848447 ], [ -71.321655, 11.847923 ], [ -71.321693, 11.846884 ], [ -71.321815, 11.845211 ], [ -71.321854, 11.844569 ], [ -71.321899, 11.844063 ], [ -71.321961, 11.843529 ], [ -71.322006, 11.843004 ], [ -71.321999, 11.842408 ], [ -71.321899, 11.841876 ], [ -71.321777, 11.841397 ], [ -71.321633, 11.840911 ], [ -71.321442, 11.840362 ], [ -71.321129, 11.839352 ], [ -71.320984, 11.838856 ], [ -71.320862, 11.838368 ], [ -71.320793, 11.837863 ], [ -71.320763, 11.837313 ], [ -71.320801, 11.836788 ], [ -71.321220, 11.836487 ], [ -71.321732, 11.836437 ], [ -71.322205, 11.836704 ], [ -71.322487, 11.837117 ], [ -71.322723, 11.837640 ], [ -71.322914, 11.838144 ], [ -71.323059, 11.838649 ], [ -71.323296, 11.839135 ], [ -71.323608, 11.839611 ], [ -71.324005, 11.840024 ], [ -71.324455, 11.840345 ], [ -71.324898, 11.840685 ], [ -71.325318, 11.840953 ], [ -71.325791, 11.841337 ], [ -71.326241, 11.841732 ], [ -71.326660, 11.842072 ], [ -71.327225, 11.842483 ], [ -71.327598, 11.842841 ], [ -71.328003, 11.843163 ], [ -71.328423, 11.843457 ], [ -71.328797, 11.843843 ], [ -71.329224, 11.844183 ], [ -71.329498, 11.843955 ], [ -71.329872, 11.843563 ], [ -71.330261, 11.843235 ], [ -71.330750, 11.842933 ], [ -71.331261, 11.842748 ], [ -71.332237, 11.842369 ], [ -71.332748, 11.842184 ], [ -71.333259, 11.841927 ], [ -71.333771, 11.841760 ], [ -71.334282, 11.841485 ], [ -71.334702, 11.841183 ], [ -71.335113, 11.840855 ], [ -71.335441, 11.840436 ], [ -71.335640, 11.839929 ], [ -71.335869, 11.839402 ], [ -71.336197, 11.838965 ], [ -71.336540, 11.838548 ], [ -71.336838, 11.838129 ], [ -71.337113, 11.837711 ], [ -71.337341, 11.837231 ], [ -71.337868, 11.836259 ], [ -71.338096, 11.835796 ], [ -71.338348, 11.835316 ], [ -71.338600, 11.834735 ], [ -71.338852, 11.834208 ], [ -71.339401, 11.833174 ], [ -71.339630, 11.832666 ], [ -71.339905, 11.832112 ], [ -71.340385, 11.831024 ], [ -71.340614, 11.830453 ], [ -71.340798, 11.829964 ], [ -71.341026, 11.829437 ], [ -71.341202, 11.828903 ], [ -71.341408, 11.828378 ], [ -71.341728, 11.827335 ], [ -71.341881, 11.826783 ], [ -71.342171, 11.825109 ], [ -71.342301, 11.823843 ], [ -71.342339, 11.822622 ], [ -71.342400, 11.822116 ], [ -71.342483, 11.821519 ], [ -71.342506, 11.820994 ], [ -71.342590, 11.819864 ], [ -71.342605, 11.819313 ], [ -71.342644, 11.818789 ], [ -71.342667, 11.818255 ], [ -71.342605, 11.817181 ], [ -71.342674, 11.816529 ], [ -71.342644, 11.816006 ], [ -71.342590, 11.815473 ], [ -71.342560, 11.814858 ], [ -71.342560, 11.814352 ], [ -71.342483, 11.813847 ], [ -71.342384, 11.813270 ], [ -71.342354, 11.812763 ], [ -71.342308, 11.812240 ], [ -71.342232, 11.811662 ], [ -71.341835, 11.809605 ], [ -71.341682, 11.808450 ], [ -71.341560, 11.807899 ], [ -71.341469, 11.807394 ], [ -71.341415, 11.806780 ], [ -71.341293, 11.806230 ], [ -71.341240, 11.805697 ], [ -71.341164, 11.805128 ], [ -71.340973, 11.804579 ], [ -71.340805, 11.804002 ], [ -71.340706, 11.803452 ], [ -71.340271, 11.802353 ], [ -71.340157, 11.801829 ], [ -71.339516, 11.800823 ], [ -71.339302, 11.800337 ], [ -71.339012, 11.799923 ], [ -71.338638, 11.799520 ], [ -71.338425, 11.798988 ], [ -71.337578, 11.798308 ], [ -71.337135, 11.798014 ], [ -71.336754, 11.797673 ], [ -71.336845, 11.797167 ], [ -71.337212, 11.796821 ], [ -71.337631, 11.796465 ], [ -71.338074, 11.796190 ], [ -71.338531, 11.795888 ], [ -71.339020, 11.795604 ], [ -71.339531, 11.795328 ], [ -71.339973, 11.795027 ], [ -71.340385, 11.794698 ], [ -71.340851, 11.794306 ], [ -71.341240, 11.793868 ], [ -71.341591, 11.793378 ], [ -71.342140, 11.792551 ], [ -71.342438, 11.792132 ], [ -71.342781, 11.791768 ], [ -71.343224, 11.791485 ], [ -71.343735, 11.791300 ], [ -71.344757, 11.790758 ], [ -71.345177, 11.790439 ], [ -71.345940, 11.789673 ], [ -71.346260, 11.789237 ], [ -71.346603, 11.788728 ], [ -71.346924, 11.788309 ], [ -71.347298, 11.787918 ], [ -71.347733, 11.787589 ], [ -71.348617, 11.786985 ], [ -71.349083, 11.786756 ], [ -71.349640, 11.786498 ], [ -71.350128, 11.786331 ], [ -71.350662, 11.786237 ], [ -71.351173, 11.786160 ], [ -71.351707, 11.785902 ], [ -71.352196, 11.785736 ], [ -71.352707, 11.785479 ], [ -71.353195, 11.785321 ], [ -71.353561, 11.784974 ], [ -71.353912, 11.784574 ], [ -71.354447, 11.784461 ], [ -71.354935, 11.784177 ], [ -71.355331, 11.784517 ], [ -71.355843, 11.784612 ], [ -71.356331, 11.784355 ], [ -71.356842, 11.784306 ], [ -71.357353, 11.784202 ], [ -71.357841, 11.784089 ], [ -71.358406, 11.784058 ], [ -71.358917, 11.783990 ], [ -71.359428, 11.783941 ], [ -71.359939, 11.783955 ], [ -71.360527, 11.783859 ], [ -71.361038, 11.783810 ], [ -71.361572, 11.783643 ], [ -71.362038, 11.783413 ], [ -71.362915, 11.782827 ], [ -71.363380, 11.782616 ], [ -71.363823, 11.782341 ], [ -71.364334, 11.782202 ], [ -71.364845, 11.782260 ], [ -71.365356, 11.782147 ], [ -71.365845, 11.781909 ], [ -71.366630, 11.781188 ], [ -71.367096, 11.780796 ], [ -71.367462, 11.780450 ], [ -71.367882, 11.780103 ], [ -71.368248, 11.779757 ], [ -71.368668, 11.779409 ], [ -71.369110, 11.779125 ], [ -71.369545, 11.778806 ], [ -71.370010, 11.778431 ], [ -71.370476, 11.778084 ], [ -71.370979, 11.777782 ], [ -71.371445, 11.777525 ], [ -71.371979, 11.777385 ], [ -71.372543, 11.777217 ], [ -71.373024, 11.776960 ], [ -71.373581, 11.776820 ], [ -71.374100, 11.776626 ], [ -71.374580, 11.776396 ], [ -71.375069, 11.776212 ], [ -71.375580, 11.776108 ], [ -71.376121, 11.776058 ], [ -71.376656, 11.776080 ], [ -71.377098, 11.775824 ], [ -71.377510, 11.775522 ], [ -71.377907, 11.775193 ], [ -71.378349, 11.774937 ], [ -71.378838, 11.774689 ], [ -71.379097, 11.775121 ], [ -71.379585, 11.775342 ], [ -71.380157, 11.776169 ], [ -71.380485, 11.776582 ], [ -71.380905, 11.776850 ], [ -71.381264, 11.777235 ], [ -71.381478, 11.777739 ], [ -71.381538, 11.778534 ], [ -71.381920, 11.778015 ], [ -71.381912, 11.777482 ], [ -71.381935, 11.776913 ], [ -71.381904, 11.776381 ], [ -71.381828, 11.775857 ], [ -71.381706, 11.775352 ], [ -71.381660, 11.774819 ], [ -71.381699, 11.774267 ], [ -71.381439, 11.773818 ], [ -71.380951, 11.773931 ], [ -71.380570, 11.773572 ], [ -71.380203, 11.773936 ], [ -71.379692, 11.774076 ], [ -71.378571, 11.773887 ], [ -71.378105, 11.774117 ], [ -71.377640, 11.774374 ], [ -71.377129, 11.774604 ], [ -71.376572, 11.774771 ], [ -71.376038, 11.774802 ], [ -71.375504, 11.774708 ], [ -71.375168, 11.774322 ], [ -71.374909, 11.773845 ], [ -71.374809, 11.773340 ], [ -71.374733, 11.772835 ], [ -71.374733, 11.772256 ], [ -71.374809, 11.771180 ], [ -71.375130, 11.770464 ], [ -71.375359, 11.769983 ], [ -71.375862, 11.769102 ], [ -71.376114, 11.768640 ], [ -71.376419, 11.768176 ], [ -71.377083, 11.767231 ], [ -71.377724, 11.766357 ], [ -71.378052, 11.765940 ], [ -71.378372, 11.765494 ], [ -71.379067, 11.764593 ], [ -71.379295, 11.764112 ], [ -71.379555, 11.762475 ], [ -71.379616, 11.761815 ], [ -71.379707, 11.761308 ], [ -71.379890, 11.760818 ], [ -71.380074, 11.760248 ], [ -71.380249, 11.759099 ], [ -71.380356, 11.758565 ], [ -71.380425, 11.758058 ], [ -71.380463, 11.757534 ], [ -71.380554, 11.756954 ], [ -71.380730, 11.756474 ], [ -71.380867, 11.755985 ], [ -71.381050, 11.755505 ], [ -71.381256, 11.755042 ], [ -71.381508, 11.754516 ], [ -71.381805, 11.754025 ], [ -71.382034, 11.753517 ], [ -71.382355, 11.753081 ], [ -71.382820, 11.752734 ], [ -71.383308, 11.752594 ], [ -71.383774, 11.752843 ], [ -71.384285, 11.752811 ], [ -71.384827, 11.752808 ], [ -71.385315, 11.752667 ], [ -71.385826, 11.752708 ], [ -71.386360, 11.752641 ], [ -71.386871, 11.752564 ], [ -71.387413, 11.752650 ], [ -71.387924, 11.752601 ], [ -71.388435, 11.752579 ], [ -71.388946, 11.752592 ], [ -71.389458, 11.752470 ], [ -71.389976, 11.752475 ], [ -71.390900, 11.751962 ], [ -71.391434, 11.751767 ], [ -71.391922, 11.751610 ], [ -71.392509, 11.751533 ], [ -71.393021, 11.751528 ], [ -71.393555, 11.751595 ], [ -71.394074, 11.751681 ], [ -71.394585, 11.751813 ], [ -71.395592, 11.752040 ], [ -71.396172, 11.752288 ], [ -71.396713, 11.752481 ], [ -71.397202, 11.752623 ], [ -71.397690, 11.752338 ], [ -71.398056, 11.751902 ], [ -71.398865, 11.750539 ], [ -71.399231, 11.750193 ], [ -71.399651, 11.749864 ], [ -71.400619, 11.749287 ], [ -71.401085, 11.748984 ], [ -71.401596, 11.748583 ], [ -71.402450, 11.747843 ], [ -71.403259, 11.747077 ], [ -71.403694, 11.746685 ], [ -71.404114, 11.746266 ], [ -71.404945, 11.745481 ], [ -71.405380, 11.745090 ], [ -71.405869, 11.744697 ], [ -71.406357, 11.744458 ], [ -71.406639, 11.744871 ], [ -71.406784, 11.745376 ], [ -71.407021, 11.745852 ], [ -71.407288, 11.746339 ], [ -71.407776, 11.746606 ], [ -71.408340, 11.746791 ], [ -71.408852, 11.746832 ], [ -71.409363, 11.746737 ], [ -71.409874, 11.746660 ], [ -71.410408, 11.746655 ], [ -71.410507, 11.747161 ], [ -71.410744, 11.747620 ], [ -71.411034, 11.748051 ], [ -71.411385, 11.748527 ], [ -71.411812, 11.748876 ], [ -71.412369, 11.749006 ], [ -71.412933, 11.749227 ], [ -71.413467, 11.749368 ], [ -71.414101, 11.749408 ], [ -71.414589, 11.749213 ], [ -71.415146, 11.749028 ], [ -71.415657, 11.748934 ], [ -71.416214, 11.748794 ], [ -71.417358, 11.748784 ], [ -71.417824, 11.748571 ], [ -71.418281, 11.748288 ], [ -71.418793, 11.747940 ], [ -71.419327, 11.747755 ], [ -71.419838, 11.747661 ], [ -71.420379, 11.747656 ], [ -71.420891, 11.747624 ], [ -71.421425, 11.747529 ], [ -71.421890, 11.747227 ], [ -71.422302, 11.746862 ], [ -71.422699, 11.746489 ], [ -71.423042, 11.746115 ], [ -71.423439, 11.745750 ], [ -71.423805, 11.745377 ], [ -71.424171, 11.744985 ], [ -71.424591, 11.744638 ], [ -71.424957, 11.744283 ], [ -71.425331, 11.743891 ], [ -71.425720, 11.743499 ], [ -71.426064, 11.743062 ], [ -71.426735, 11.742252 ], [ -71.427353, 11.741398 ], [ -71.427650, 11.740908 ], [ -71.427933, 11.740499 ], [ -71.428139, 11.740008 ], [ -71.428635, 11.738975 ], [ -71.428841, 11.738466 ], [ -71.429070, 11.737959 ], [ -71.429527, 11.737033 ], [ -71.429733, 11.736552 ], [ -71.429916, 11.736045 ], [ -71.430123, 11.735582 ], [ -71.430321, 11.735056 ], [ -71.430687, 11.733969 ], [ -71.430870, 11.733398 ], [ -71.430977, 11.732819 ], [ -71.431404, 11.731279 ], [ -71.431564, 11.730772 ], [ -71.431930, 11.730398 ], [ -71.432442, 11.730213 ], [ -71.432938, 11.730416 ], [ -71.433449, 11.730368 ], [ -71.433937, 11.730110 ], [ -71.434326, 11.729736 ], [ -71.434601, 11.729273 ], [ -71.435082, 11.728193 ], [ -71.435265, 11.727686 ], [ -71.435677, 11.726688 ], [ -71.435928, 11.726208 ], [ -71.436157, 11.725745 ], [ -71.436752, 11.724710 ], [ -71.437050, 11.724219 ], [ -71.437416, 11.723855 ], [ -71.437836, 11.723526 ], [ -71.438270, 11.723269 ], [ -71.439369, 11.722899 ], [ -71.439858, 11.722704 ], [ -71.440368, 11.722655 ], [ -71.440903, 11.722858 ], [ -71.441399, 11.722989 ], [ -71.441841, 11.723239 ], [ -71.442352, 11.723234 ], [ -71.443359, 11.723460 ], [ -71.443848, 11.723321 ], [ -71.444382, 11.723289 ], [ -71.444924, 11.723402 ], [ -71.445404, 11.723144 ], [ -71.445892, 11.722915 ], [ -71.446427, 11.722702 ], [ -71.446960, 11.722652 ], [ -71.447479, 11.722756 ], [ -71.447990, 11.722779 ], [ -71.448502, 11.722748 ], [ -71.449013, 11.722589 ], [ -71.449524, 11.722333 ], [ -71.450546, 11.721935 ], [ -71.451035, 11.721678 ], [ -71.451500, 11.721376 ], [ -71.452034, 11.721164 ], [ -71.452545, 11.720997 ], [ -71.453705, 11.720734 ], [ -71.454262, 11.720683 ], [ -71.454773, 11.720498 ], [ -71.455261, 11.720286 ], [ -71.455773, 11.720002 ], [ -71.456749, 11.719560 ], [ -71.457329, 11.719230 ], [ -71.457741, 11.718910 ], [ -71.458282, 11.718833 ], [ -71.458763, 11.718603 ], [ -71.459252, 11.718436 ], [ -71.459717, 11.718225 ], [ -71.460205, 11.718040 ], [ -71.460693, 11.717917 ], [ -71.461250, 11.717868 ], [ -71.461738, 11.717683 ], [ -71.462273, 11.717587 ], [ -71.462791, 11.717556 ], [ -71.463280, 11.717371 ], [ -71.463791, 11.717412 ], [ -71.464325, 11.717381 ], [ -71.464836, 11.717403 ], [ -71.465401, 11.717624 ], [ -71.465935, 11.717602 ], [ -71.466492, 11.717525 ], [ -71.467079, 11.717546 ], [ -71.467613, 11.717614 ], [ -71.468086, 11.717881 ], [ -71.468552, 11.718175 ], [ -71.469048, 11.718307 ], [ -71.469536, 11.718492 ], [ -71.470070, 11.718533 ], [ -71.470604, 11.718410 ], [ -71.471115, 11.718225 ], [ -71.471703, 11.718130 ], [ -71.472771, 11.717985 ], [ -71.473770, 11.717606 ], [ -71.474281, 11.717439 ], [ -71.475182, 11.716926 ], [ -71.475601, 11.716623 ], [ -71.476066, 11.716349 ], [ -71.476524, 11.716019 ], [ -71.477013, 11.715807 ], [ -71.477577, 11.715784 ], [ -71.478058, 11.715572 ], [ -71.478599, 11.715495 ], [ -71.479156, 11.715472 ], [ -71.479736, 11.715350 ], [ -71.480247, 11.715327 ], [ -71.480812, 11.715323 ], [ -71.481323, 11.715273 ], [ -71.481758, 11.714989 ], [ -71.482224, 11.714777 ], [ -71.482735, 11.714754 ], [ -71.483223, 11.714452 ], [ -71.483688, 11.714149 ], [ -71.484177, 11.713865 ], [ -71.484665, 11.713609 ], [ -71.485153, 11.713442 ], [ -71.485634, 11.713184 ], [ -71.486198, 11.713279 ], [ -71.486733, 11.713337 ], [ -71.487289, 11.713269 ], [ -71.487801, 11.713102 ], [ -71.488388, 11.712961 ], [ -71.488945, 11.712866 ], [ -71.489411, 11.712654 ], [ -71.489899, 11.712831 ], [ -71.490463, 11.712916 ], [ -71.490974, 11.712912 ], [ -71.491486, 11.712979 ], [ -71.492019, 11.713065 ], [ -71.492584, 11.713060 ], [ -71.493072, 11.713237 ], [ -71.493515, 11.712989 ], [ -71.494003, 11.712732 ], [ -71.495025, 11.712443 ], [ -71.496071, 11.712434 ], [ -71.496605, 11.712456 ], [ -71.497124, 11.712379 ], [ -71.498093, 11.711937 ], [ -71.498604, 11.711770 ], [ -71.499092, 11.711630 ], [ -71.499603, 11.711346 ], [ -71.500114, 11.710890 ], [ -71.500870, 11.710512 ], [ -71.501923, 11.710196 ], [ -71.502480, 11.710128 ], [ -71.503090, 11.709987 ], [ -71.503670, 11.709873 ], [ -71.504257, 11.709923 ], [ -71.504837, 11.710062 ], [ -71.505325, 11.710194 ], [ -71.505844, 11.710288 ], [ -71.506447, 11.710292 ], [ -71.507004, 11.710178 ], [ -71.507775, 11.709973 ], [ -71.508339, 11.709905 ], [ -71.508919, 11.709809 ], [ -71.509430, 11.709697 ], [ -71.509949, 11.709601 ], [ -71.511177, 11.709284 ], [ -71.511787, 11.709170 ], [ -71.512321, 11.709102 ], [ -71.513580, 11.709055 ], [ -71.514213, 11.709013 ], [ -71.514915, 11.708899 ], [ -71.516106, 11.708572 ], [ -71.516731, 11.708413 ], [ -71.517243, 11.708372 ], [ -71.517876, 11.708394 ], [ -71.518455, 11.708398 ], [ -71.518997, 11.708466 ], [ -71.519646, 11.708559 ], [ -71.520157, 11.708645 ], [ -71.520836, 11.708783 ], [ -71.521370, 11.708833 ], [ -71.522118, 11.708763 ], [ -71.522705, 11.708676 ], [ -71.523239, 11.708536 ], [ -71.523728, 11.708378 ], [ -71.524361, 11.708147 ], [ -71.524918, 11.707916 ], [ -71.525406, 11.707776 ], [ -71.525993, 11.707663 ], [ -71.526527, 11.707730 ], [ -71.527038, 11.707780 ], [ -71.527580, 11.707685 ], [ -71.528114, 11.707364 ], [ -71.528580, 11.707143 ], [ -71.529160, 11.706957 ], [ -71.529747, 11.706843 ], [ -71.530327, 11.706585 ], [ -71.530815, 11.706292 ], [ -71.531891, 11.705623 ], [ -71.532425, 11.705238 ], [ -71.532921, 11.704864 ], [ -71.533409, 11.704452 ], [ -71.534805, 11.703374 ], [ -71.535316, 11.703009 ], [ -71.535858, 11.702732 ], [ -71.536346, 11.702502 ], [ -71.536835, 11.702344 ], [ -71.537491, 11.702275 ], [ -71.538185, 11.702251 ], [ -71.540657, 11.702256 ], [ -71.541290, 11.702206 ], [ -71.541801, 11.702120 ], [ -71.542900, 11.701839 ], [ -71.543434, 11.701797 ], [ -71.543999, 11.701549 ], [ -71.544441, 11.701220 ], [ -71.544975, 11.700944 ], [ -71.545975, 11.700628 ], [ -71.546494, 11.700533 ], [ -71.547005, 11.700538 ], [ -71.546631, 11.700930 ], [ -71.546723, 11.701434 ], [ -71.547256, 11.701529 ], [ -71.547753, 11.701389 ], [ -71.548195, 11.701114 ], [ -71.548752, 11.700901 ], [ -71.550148, 11.700789 ], [ -71.550712, 11.700767 ], [ -71.550964, 11.700285 ], [ -71.551460, 11.699920 ], [ -71.552574, 11.699412 ], [ -71.553063, 11.699227 ], [ -71.553558, 11.699097 ], [ -71.554626, 11.699051 ], [ -71.555145, 11.698911 ], [ -71.555611, 11.698564 ], [ -71.556191, 11.698820 ], [ -71.556893, 11.699049 ], [ -71.557426, 11.699117 ], [ -71.558083, 11.699146 ], [ -71.558853, 11.699050 ], [ -71.560089, 11.698822 ], [ -71.560646, 11.698690 ], [ -71.561394, 11.698430 ], [ -71.561974, 11.698181 ], [ -71.562698, 11.697931 ], [ -71.563209, 11.697719 ], [ -71.563721, 11.697633 ], [ -71.564285, 11.697817 ], [ -71.564888, 11.697974 ], [ -71.565475, 11.697996 ], [ -71.566032, 11.697955 ], [ -71.566590, 11.697860 ], [ -71.567200, 11.697746 ], [ -71.567711, 11.697633 ], [ -71.568268, 11.697493 ], [ -71.568810, 11.697425 ], [ -71.569367, 11.697429 ], [ -71.570022, 11.697585 ], [ -71.570648, 11.697679 ], [ -71.571190, 11.697701 ], [ -71.572327, 11.697311 ], [ -71.572891, 11.697180 ], [ -71.573448, 11.697066 ], [ -71.573959, 11.697198 ], [ -71.574379, 11.697501 ], [ -71.574799, 11.697849 ], [ -71.575150, 11.698235 ], [ -71.575501, 11.698602 ], [ -71.575920, 11.698924 ], [ -71.576508, 11.698928 ], [ -71.577110, 11.698678 ], [ -71.577621, 11.698447 ], [ -71.578133, 11.698353 ], [ -71.579231, 11.698352 ], [ -71.581078, 11.698425 ], [ -71.581726, 11.698375 ], [ -71.582260, 11.698216 ], [ -71.582756, 11.698058 ], [ -71.583801, 11.697597 ], [ -71.584831, 11.697118 ], [ -71.585365, 11.696887 ], [ -71.587555, 11.696081 ], [ -71.588051, 11.695951 ], [ -71.588562, 11.695883 ], [ -71.589096, 11.695860 ], [ -71.589607, 11.695900 ], [ -71.590706, 11.695899 ], [ -71.591240, 11.695886 ], [ -71.591873, 11.695699 ], [ -71.592362, 11.695487 ], [ -71.592873, 11.695238 ], [ -71.593361, 11.695080 ], [ -71.593880, 11.694985 ], [ -71.594391, 11.694989 ], [ -71.594902, 11.695075 ], [ -71.595413, 11.695080 ], [ -71.595932, 11.694984 ], [ -71.596535, 11.694780 ], [ -71.597115, 11.694667 ], [ -71.597633, 11.694598 ], [ -71.598167, 11.694621 ], [ -71.598724, 11.694670 ], [ -71.599243, 11.694648 ], [ -71.599915, 11.694461 ], [ -71.600548, 11.694211 ], [ -71.601036, 11.693998 ], [ -71.601684, 11.693631 ], [ -71.602363, 11.693218 ], [ -71.603645, 11.692484 ], [ -71.604111, 11.692209 ], [ -71.605347, 11.691574 ], [ -71.605911, 11.691343 ], [ -71.606537, 11.691067 ], [ -71.607071, 11.690908 ], [ -71.607681, 11.690650 ], [ -71.608215, 11.690473 ], [ -71.608848, 11.690305 ], [ -71.609428, 11.690218 ], [ -71.610016, 11.690240 ], [ -71.610550, 11.690290 ], [ -71.611084, 11.690239 ], [ -71.611595, 11.689963 ], [ -71.612015, 11.689671 ], [ -71.612533, 11.689666 ], [ -71.613022, 11.689986 ], [ -71.613464, 11.690245 ], [ -71.613998, 11.690448 ], [ -71.614586, 11.690587 ], [ -71.615166, 11.690771 ], [ -71.615608, 11.691074 ], [ -71.615890, 11.691623 ], [ -71.616264, 11.691990 ], [ -71.616821, 11.692174 ], [ -71.617264, 11.692424 ], [ -71.617683, 11.692799 ], [ -71.618340, 11.692910 ], [ -71.618851, 11.693050 ], [ -71.619339, 11.693209 ], [ -71.619858, 11.693439 ], [ -71.620369, 11.693696 ], [ -71.620857, 11.693872 ], [ -71.621369, 11.694012 ], [ -71.621933, 11.694034 ], [ -71.622513, 11.694011 ], [ -71.623001, 11.693808 ], [ -71.623512, 11.693532 ], [ -71.624565, 11.692889 ], [ -71.625054, 11.692641 ], [ -71.625610, 11.692320 ], [ -71.626106, 11.692062 ], [ -71.626663, 11.691723 ], [ -71.627152, 11.691465 ], [ -71.627663, 11.691216 ], [ -71.628227, 11.691076 ], [ -71.628738, 11.690981 ], [ -71.629227, 11.690733 ], [ -71.629860, 11.690546 ], [ -71.630394, 11.690478 ], [ -71.631584, 11.690531 ], [ -71.632233, 11.690461 ], [ -71.632774, 11.690348 ], [ -71.634338, 11.689774 ], [ -71.635429, 11.689266 ], [ -71.635963, 11.689035 ], [ -71.636505, 11.688787 ], [ -71.637039, 11.688511 ], [ -71.637596, 11.688189 ], [ -71.638084, 11.687841 ], [ -71.638557, 11.687476 ], [ -71.639000, 11.687156 ], [ -71.639511, 11.686834 ], [ -71.640022, 11.686559 ], [ -71.640999, 11.686126 ], [ -71.641518, 11.685913 ], [ -71.642120, 11.685754 ], [ -71.642677, 11.685658 ], [ -71.643196, 11.685662 ], [ -71.643822, 11.685638 ], [ -71.644432, 11.685642 ], [ -71.645103, 11.685591 ], [ -71.645615, 11.685505 ], [ -71.646156, 11.685364 ], [ -71.646668, 11.685296 ], [ -71.647201, 11.685346 ], [ -71.647743, 11.685412 ], [ -71.648323, 11.685507 ], [ -71.648834, 11.685484 ], [ -71.649445, 11.685343 ], [ -71.649933, 11.685140 ], [ -71.650513, 11.684926 ], [ -71.651055, 11.684705 ], [ -71.651566, 11.684565 ], [ -71.652077, 11.684514 ], [ -71.652588, 11.684537 ], [ -71.653153, 11.684613 ], [ -71.654343, 11.684909 ], [ -71.655060, 11.684930 ], [ -71.655647, 11.684933 ], [ -71.656159, 11.684910 ], [ -71.657440, 11.684636 ], [ -71.658119, 11.684522 ], [ -71.659187, 11.684313 ], [ -71.659912, 11.684134 ], [ -71.660515, 11.683949 ], [ -71.661171, 11.683762 ], [ -71.661797, 11.683602 ], [ -71.662407, 11.683415 ], [ -71.663505, 11.683026 ], [ -71.663994, 11.682823 ], [ -71.664970, 11.682452 ], [ -71.665482, 11.682366 ], [ -71.666069, 11.682316 ], [ -71.666580, 11.682293 ], [ -71.667557, 11.681814 ], [ -71.668068, 11.681701 ], [ -71.668747, 11.681649 ], [ -71.669304, 11.681581 ], [ -71.670471, 11.681083 ], [ -71.670960, 11.680852 ], [ -71.671639, 11.680502 ], [ -71.672127, 11.680208 ], [ -71.673080, 11.679612 ], [ -71.673622, 11.679309 ], [ -71.674088, 11.679107 ], [ -71.674645, 11.678947 ], [ -71.675255, 11.678879 ], [ -71.675812, 11.678783 ], [ -71.677353, 11.678299 ], [ -71.677887, 11.678068 ], [ -71.678909, 11.677724 ], [ -71.679428, 11.677475 ], [ -71.679939, 11.677155 ], [ -71.680382, 11.676834 ], [ -71.680847, 11.676577 ], [ -71.681313, 11.676283 ], [ -71.681778, 11.675936 ], [ -71.682220, 11.675642 ], [ -71.683571, 11.674672 ], [ -71.684135, 11.674306 ], [ -71.684601, 11.674030 ], [ -71.685486, 11.673480 ], [ -71.686462, 11.673155 ], [ -71.686974, 11.673023 ], [ -71.687538, 11.672910 ], [ -71.688049, 11.672788 ], [ -71.688606, 11.672701 ], [ -71.689774, 11.672564 ], [ -71.690285, 11.672541 ], [ -71.690872, 11.672472 ], [ -71.691452, 11.672376 ], [ -71.692551, 11.672058 ], [ -71.693062, 11.671900 ], [ -71.693596, 11.671642 ], [ -71.694626, 11.671190 ], [ -71.695251, 11.671094 ], [ -71.695885, 11.671024 ], [ -71.696442, 11.670929 ], [ -71.696953, 11.670861 ], [ -71.697487, 11.670774 ], [ -71.697960, 11.670472 ], [ -71.698425, 11.670134 ], [ -71.699265, 11.669349 ], [ -71.699776, 11.669235 ], [ -71.700355, 11.669140 ], [ -71.701103, 11.668961 ], [ -71.701637, 11.668775 ], [ -71.702271, 11.668571 ], [ -71.703384, 11.668136 ], [ -71.703949, 11.667877 ], [ -71.704437, 11.667602 ], [ -71.704926, 11.667398 ], [ -71.705437, 11.667212 ], [ -71.705978, 11.667190 ], [ -71.706581, 11.667283 ], [ -71.707115, 11.667396 ], [ -71.707634, 11.667399 ], [ -71.708122, 11.667241 ], [ -71.708611, 11.666984 ], [ -71.714836, 11.666699 ], [ -71.715149, 11.665648 ], [ -71.715660, 11.665481 ], [ -71.716194, 11.665512 ], [ -71.716736, 11.665597 ], [ -71.717316, 11.665556 ], [ -71.717827, 11.665433 ], [ -71.718193, 11.665014 ], [ -71.718529, 11.664523 ], [ -71.719398, 11.663819 ], [ -71.719887, 11.663580 ], [ -71.720398, 11.663430 ], [ -71.720955, 11.663326 ], [ -71.721466, 11.663203 ], [ -71.722511, 11.662832 ], [ -71.723046, 11.662846 ], [ -71.723564, 11.663021 ], [ -71.724098, 11.663241 ], [ -71.724640, 11.663182 ], [ -71.725174, 11.663014 ], [ -71.725723, 11.662820 ], [ -71.726303, 11.662642 ], [ -71.726883, 11.662475 ], [ -71.727394, 11.662371 ], [ -71.727913, 11.662293 ], [ -71.728584, 11.662232 ], [ -71.729195, 11.662245 ], [ -71.729706, 11.662321 ], [ -71.730316, 11.662424 ], [ -71.730850, 11.662482 ], [ -71.731461, 11.662657 ], [ -71.732048, 11.662850 ], [ -71.732658, 11.662980 ], [ -71.733169, 11.663038 ], [ -71.733856, 11.663140 ], [ -71.734390, 11.663243 ], [ -71.734932, 11.663410 ], [ -71.735474, 11.663630 ], [ -71.736015, 11.663806 ], [ -71.736618, 11.663746 ], [ -71.737152, 11.663551 ], [ -71.737633, 11.663312 ], [ -71.738175, 11.663325 ], [ -71.738663, 11.663519 ], [ -71.739113, 11.663786 ], [ -71.739601, 11.663573 ], [ -71.740646, 11.663202 ], [ -71.741173, 11.663079 ], [ -71.741760, 11.663047 ], [ -71.742340, 11.663059 ], [ -71.742996, 11.663116 ], [ -71.743584, 11.663129 ], [ -71.744743, 11.662784 ], [ -71.745277, 11.662743 ], [ -71.745789, 11.662827 ], [ -71.746307, 11.662976 ], [ -71.746895, 11.663106 ], [ -71.747497, 11.663136 ], [ -71.748154, 11.663103 ], [ -71.748665, 11.662999 ], [ -71.749756, 11.662744 ], [ -71.750313, 11.662694 ], [ -71.750832, 11.662752 ], [ -71.751366, 11.662828 ], [ -71.751930, 11.662869 ], [ -71.752464, 11.662945 ], [ -71.752998, 11.662939 ], [ -71.753532, 11.662808 ], [ -71.754112, 11.662567 ], [ -71.754578, 11.662328 ], [ -71.755035, 11.662070 ], [ -71.756058, 11.661609 ], [ -71.756561, 11.661442 ], [ -71.757141, 11.661291 ], [ -71.757698, 11.661232 ], [ -71.758369, 11.660846 ], [ -71.758781, 11.660517 ], [ -71.759705, 11.659903 ], [ -71.760651, 11.659406 ], [ -71.761185, 11.659256 ], [ -71.762344, 11.659137 ], [ -71.762955, 11.659032 ], [ -71.763535, 11.658863 ], [ -71.764015, 11.658597 ], [ -71.764527, 11.658402 ], [ -71.765030, 11.658117 ], [ -71.765465, 11.657761 ], [ -71.765861, 11.657413 ], [ -71.766296, 11.657057 ], [ -71.766754, 11.656773 ], [ -71.767311, 11.656532 ], [ -71.767837, 11.656320 ], [ -71.768349, 11.656097 ], [ -71.768929, 11.655875 ], [ -71.769486, 11.655734 ], [ -71.770019, 11.655675 ], [ -71.771095, 11.655601 ], [ -71.771652, 11.655524 ], [ -71.772232, 11.655355 ], [ -71.772759, 11.655070 ], [ -71.773216, 11.654714 ], [ -71.773582, 11.654313 ], [ -71.773995, 11.653912 ], [ -71.774384, 11.653564 ], [ -71.774872, 11.653279 ], [ -71.775421, 11.653085 ], [ -71.775940, 11.652980 ], [ -71.776611, 11.652874 ], [ -71.777214, 11.652796 ], [ -71.777748, 11.652737 ], [ -71.778290, 11.652750 ], [ -71.778870, 11.652807 ], [ -71.779427, 11.652702 ], [ -71.780007, 11.652462 ], [ -71.780472, 11.652196 ], [ -71.780975, 11.651848 ], [ -71.781433, 11.651608 ], [ -71.782402, 11.651011 ], [ -71.782867, 11.650772 ], [ -71.783447, 11.650577 ], [ -71.783981, 11.650427 ], [ -71.784538, 11.650277 ], [ -71.785095, 11.650172 ], [ -71.785652, 11.650140 ], [ -71.786171, 11.650271 ], [ -71.787041, 11.650732 ], [ -71.787560, 11.650926 ], [ -71.788071, 11.651083 ], [ -71.788681, 11.650996 ], [ -71.789261, 11.650873 ], [ -71.789864, 11.650696 ], [ -71.790932, 11.650514 ], [ -71.791466, 11.650508 ], [ -71.792030, 11.650611 ], [ -71.792587, 11.650552 ], [ -71.793144, 11.650538 ], [ -71.793823, 11.650476 ], [ -71.794380, 11.650309 ], [ -71.794960, 11.650186 ], [ -71.796799, 11.650140 ], [ -71.797363, 11.650153 ], [ -71.797920, 11.650192 ], [ -71.798439, 11.650269 ], [ -71.798950, 11.650372 ], [ -71.799561, 11.650412 ], [ -71.800095, 11.650334 ], [ -71.800507, 11.650023 ], [ -71.800873, 11.649622 ], [ -71.801376, 11.649219 ], [ -71.801842, 11.648989 ], [ -71.802376, 11.648839 ], [ -71.802933, 11.648780 ], [ -71.804031, 11.648895 ], [ -71.804611, 11.648790 ], [ -71.805290, 11.648820 ], [ -71.805870, 11.648832 ], [ -71.806595, 11.648798 ], [ -71.807175, 11.648648 ], [ -71.807846, 11.648452 ], [ -71.808357, 11.648257 ], [ -71.809418, 11.647677 ], [ -71.809952, 11.647420 ], [ -71.810455, 11.647062 ], [ -71.810913, 11.646823 ], [ -71.811378, 11.646511 ], [ -71.812126, 11.645745 ], [ -71.812470, 11.645345 ], [ -71.813172, 11.644434 ], [ -71.813538, 11.644060 ], [ -71.813904, 11.643614 ], [ -71.814247, 11.643213 ], [ -71.814659, 11.642838 ], [ -71.815140, 11.642581 ], [ -71.815720, 11.642313 ], [ -71.816231, 11.642164 ], [ -71.817413, 11.642053 ], [ -71.818001, 11.642083 ], [ -71.818588, 11.642140 ], [ -71.819145, 11.642217 ], [ -71.819687, 11.642392 ], [ -71.820320, 11.642476 ], [ -71.820877, 11.642579 ], [ -71.821396, 11.642818 ], [ -71.821915, 11.642994 ], [ -71.822479, 11.643024 ], [ -71.823059, 11.643019 ], [ -71.823570, 11.642887 ], [ -71.824219, 11.642646 ], [ -71.824776, 11.642496 ], [ -71.825287, 11.642346 ], [ -71.825844, 11.642196 ], [ -71.826355, 11.642100 ], [ -71.826958, 11.642086 ], [ -71.827476, 11.642189 ], [ -71.828056, 11.642175 ], [ -71.828590, 11.642052 ], [ -71.829102, 11.641811 ], [ -71.829536, 11.641500 ], [ -71.830040, 11.641171 ], [ -71.830498, 11.640885 ], [ -71.831078, 11.640554 ], [ -71.831673, 11.640169 ], [ -71.832275, 11.639866 ], [ -71.832810, 11.639806 ], [ -71.833237, 11.640145 ], [ -71.833756, 11.640456 ], [ -71.834343, 11.640441 ], [ -71.834755, 11.640130 ], [ -71.835045, 11.639667 ], [ -71.835319, 11.639131 ], [ -71.835823, 11.638846 ], [ -71.836403, 11.638786 ], [ -71.836891, 11.638546 ], [ -71.837303, 11.638082 ], [ -71.837616, 11.637618 ], [ -71.838120, 11.636963 ], [ -71.838547, 11.636425 ], [ -71.838936, 11.636051 ], [ -71.839592, 11.635963 ], [ -71.840241, 11.635930 ], [ -71.840866, 11.635852 ], [ -71.841400, 11.635701 ], [ -71.841934, 11.635525 ], [ -71.842392, 11.635222 ], [ -71.842712, 11.634776 ], [ -71.843056, 11.634376 ], [ -71.843628, 11.634000 ], [ -71.844208, 11.633687 ], [ -71.844810, 11.633536 ], [ -71.845367, 11.633431 ], [ -71.846062, 11.633370 ], [ -71.846695, 11.633364 ], [ -71.847343, 11.633276 ], [ -71.847908, 11.633244 ], [ -71.848557, 11.633164 ], [ -71.849815, 11.632972 ], [ -71.850342, 11.632849 ], [ -71.850921, 11.632699 ], [ -71.851509, 11.632639 ], [ -71.852043, 11.632606 ], [ -71.852577, 11.632502 ], [ -71.853088, 11.632361 ], [ -71.853569, 11.631977 ], [ -71.853958, 11.631585 ], [ -71.854775, 11.630647 ], [ -71.855286, 11.630271 ], [ -71.855812, 11.630139 ], [ -71.856377, 11.630061 ], [ -71.856957, 11.629866 ], [ -71.858063, 11.629431 ], [ -71.859268, 11.628922 ], [ -71.859917, 11.628698 ], [ -71.860420, 11.628549 ], [ -71.861588, 11.628275 ], [ -71.862625, 11.627957 ], [ -71.863320, 11.627689 ], [ -71.863899, 11.627583 ], [ -71.864441, 11.627579 ], [ -71.864975, 11.627429 ], [ -71.865600, 11.627368 ], [ -71.866135, 11.627336 ], [ -71.866722, 11.627294 ], [ -71.867394, 11.627287 ], [ -71.868027, 11.627245 ], [ -71.869141, 11.626999 ], [ -71.869720, 11.626894 ], [ -71.870369, 11.626788 ], [ -71.870949, 11.626656 ], [ -71.871506, 11.626514 ], [ -71.872040, 11.626337 ], [ -71.873108, 11.626019 ], [ -71.873756, 11.625887 ], [ -71.874893, 11.625730 ], [ -71.875496, 11.625599 ], [ -71.876053, 11.625403 ], [ -71.876656, 11.625090 ], [ -71.877617, 11.624340 ], [ -71.878052, 11.624028 ], [ -71.878632, 11.623788 ], [ -71.879837, 11.623531 ], [ -71.880371, 11.623409 ], [ -71.880951, 11.623186 ], [ -71.881531, 11.622883 ], [ -71.881966, 11.622571 ], [ -71.882401, 11.622214 ], [ -71.882858, 11.621821 ], [ -71.883339, 11.621437 ], [ -71.883896, 11.621134 ], [ -71.884911, 11.620699 ], [ -71.885376, 11.620432 ], [ -71.885925, 11.620011 ], [ -71.886315, 11.619655 ], [ -71.886864, 11.619325 ], [ -71.887398, 11.619084 ], [ -71.888023, 11.618816 ], [ -71.888595, 11.618530 ], [ -71.889130, 11.618245 ], [ -71.889587, 11.617933 ], [ -71.890480, 11.617273 ], [ -71.890892, 11.616845 ], [ -71.891212, 11.616408 ], [ -71.891479, 11.615872 ], [ -71.891632, 11.615230 ], [ -71.891731, 11.614696 ], [ -71.892098, 11.614087 ], [ -71.892509, 11.613740 ], [ -71.892990, 11.613455 ], [ -71.893471, 11.613188 ], [ -71.893959, 11.612948 ], [ -71.894394, 11.612664 ], [ -71.894905, 11.612442 ], [ -71.895485, 11.612273 ], [ -71.896019, 11.612151 ], [ -71.896576, 11.612046 ], [ -71.897247, 11.611868 ], [ -71.897873, 11.611716 ], [ -71.898430, 11.611611 ], [ -71.899010, 11.611533 ], [ -71.899643, 11.611518 ], [ -71.900177, 11.611558 ], [ -71.900719, 11.611544 ], [ -71.901367, 11.611464 ], [ -71.901993, 11.611359 ], [ -71.902687, 11.611180 ], [ -71.903221, 11.611031 ], [ -71.904236, 11.610505 ], [ -71.904770, 11.610266 ], [ -71.905327, 11.609998 ], [ -71.906410, 11.609517 ], [ -71.906990, 11.609303 ], [ -71.907547, 11.609172 ], [ -71.908058, 11.608976 ], [ -71.909218, 11.608685 ], [ -71.910446, 11.608330 ], [ -71.911049, 11.608232 ], [ -71.912277, 11.607949 ], [ -71.912857, 11.607799 ], [ -71.913368, 11.607650 ], [ -71.914482, 11.607422 ], [ -71.915039, 11.607299 ], [ -71.915596, 11.607103 ], [ -71.916107, 11.606972 ], [ -71.916664, 11.606875 ], [ -71.917244, 11.606789 ], [ -71.917824, 11.606800 ], [ -71.919022, 11.606915 ], [ -71.919701, 11.607043 ], [ -71.920349, 11.607073 ], [ -71.920914, 11.607059 ], [ -71.922073, 11.606830 ], [ -71.922630, 11.606680 ], [ -71.923187, 11.606557 ], [ -71.923721, 11.606497 ], [ -71.924255, 11.606483 ], [ -71.924812, 11.606477 ], [ -71.925354, 11.606535 ], [ -71.925911, 11.606547 ], [ -71.926475, 11.606487 ], [ -71.927032, 11.606355 ], [ -71.927681, 11.606159 ], [ -71.928284, 11.605990 ], [ -71.928818, 11.605930 ], [ -71.929443, 11.605824 ], [ -71.929977, 11.605820 ], [ -71.931076, 11.605952 ], [ -71.931732, 11.606054 ], [ -71.932831, 11.606242 ], [ -71.933418, 11.606389 ], [ -71.933983, 11.606420 ], [ -71.934585, 11.606360 ], [ -71.935120, 11.606282 ], [ -71.935699, 11.606249 ], [ -71.936264, 11.606379 ], [ -71.936783, 11.606527 ], [ -71.937347, 11.606702 ], [ -71.937904, 11.606777 ], [ -71.938278, 11.606747 ], [ -71.938385, 11.606195 ], [ -71.938843, 11.605955 ], [ -71.939354, 11.605733 ], [ -71.939888, 11.605520 ], [ -71.940437, 11.605325 ], [ -71.940948, 11.605084 ], [ -71.941452, 11.604773 ], [ -71.941841, 11.604425 ], [ -71.942276, 11.603978 ], [ -71.942688, 11.603486 ], [ -71.943100, 11.603085 ], [ -71.943558, 11.602728 ], [ -71.944107, 11.602424 ], [ -71.945862, 11.601530 ], [ -71.946785, 11.600915 ], [ -71.947197, 11.600568 ], [ -71.947678, 11.600093 ], [ -71.948402, 11.599255 ], [ -71.948669, 11.598783 ], [ -71.948868, 11.598256 ], [ -71.948952, 11.597677 ], [ -71.949036, 11.597171 ], [ -71.949142, 11.596619 ], [ -71.949264, 11.596085 ], [ -71.949417, 11.595577 ], [ -71.949661, 11.595069 ], [ -71.950027, 11.594550 ], [ -71.950729, 11.593595 ], [ -71.951042, 11.593103 ], [ -71.951271, 11.592641 ], [ -71.951538, 11.592133 ], [ -71.952240, 11.591032 ], [ -71.953323, 11.589639 ], [ -71.953644, 11.589121 ], [ -71.954002, 11.588567 ], [ -71.954346, 11.588075 ], [ -71.954658, 11.587539 ], [ -71.954994, 11.586930 ], [ -71.955330, 11.586349 ], [ -71.956253, 11.584912 ], [ -71.956574, 11.584304 ], [ -71.956772, 11.583815 ], [ -71.956940, 11.583189 ], [ -71.957138, 11.582573 ], [ -71.957336, 11.581921 ], [ -71.957512, 11.581413 ], [ -71.957703, 11.580761 ], [ -71.957886, 11.580280 ], [ -71.958130, 11.579673 ], [ -71.958389, 11.578957 ], [ -71.958633, 11.578421 ], [ -71.958832, 11.577940 ], [ -71.959053, 11.577314 ], [ -71.959274, 11.576735 ], [ -71.959496, 11.576199 ], [ -71.959717, 11.575619 ], [ -71.960289, 11.573951 ], [ -71.960533, 11.573398 ], [ -71.960686, 11.572890 ], [ -71.960983, 11.571623 ], [ -71.961090, 11.571016 ], [ -71.961220, 11.570509 ], [ -71.961319, 11.569930 ], [ -71.961472, 11.569314 ], [ -71.961601, 11.568707 ], [ -71.961655, 11.568201 ], [ -71.961578, 11.567651 ], [ -71.961723, 11.566981 ], [ -71.961899, 11.566474 ], [ -71.962029, 11.565922 ], [ -71.962158, 11.565414 ], [ -71.962288, 11.564835 ], [ -71.962341, 11.564328 ], [ -71.962601, 11.563197 ], [ -71.962654, 11.562618 ], [ -71.962692, 11.562021 ], [ -71.962700, 11.561398 ], [ -71.962761, 11.560829 ], [ -71.962791, 11.560277 ], [ -71.962875, 11.559716 ], [ -71.963013, 11.558496 ], [ -71.963257, 11.556886 ], [ -71.963486, 11.555727 ], [ -71.963638, 11.555129 ], [ -71.963776, 11.553981 ], [ -71.963882, 11.553473 ], [ -71.963951, 11.552272 ], [ -71.964050, 11.551630 ], [ -71.964089, 11.551051 ], [ -71.964142, 11.550482 ], [ -71.964226, 11.549830 ], [ -71.964409, 11.548772 ], [ -71.964539, 11.548238 ], [ -71.964645, 11.547668 ], [ -71.964775, 11.547133 ], [ -71.964874, 11.546554 ], [ -71.964958, 11.545957 ], [ -71.965088, 11.545404 ], [ -71.965408, 11.544335 ], [ -71.965538, 11.543738 ], [ -71.965645, 11.543096 ], [ -71.965782, 11.541965 ], [ -71.965836, 11.541314 ], [ -71.965851, 11.540764 ], [ -71.965912, 11.539408 ], [ -71.966026, 11.538278 ], [ -71.966087, 11.537771 ], [ -71.966141, 11.537039 ], [ -71.966148, 11.536398 ], [ -71.966141, 11.535847 ], [ -71.966103, 11.535224 ], [ -71.966087, 11.534691 ], [ -71.966103, 11.534140 ], [ -71.966156, 11.533544 ], [ -71.966324, 11.532394 ], [ -71.966469, 11.531770 ], [ -71.966843, 11.530746 ], [ -71.967148, 11.529731 ], [ -71.967186, 11.529206 ], [ -71.967171, 11.528602 ], [ -71.967095, 11.527094 ], [ -71.966973, 11.525848 ], [ -71.966957, 11.525252 ], [ -71.966973, 11.524701 ], [ -71.966957, 11.524105 ], [ -71.966980, 11.522958 ], [ -71.967018, 11.522380 ], [ -71.967072, 11.521801 ], [ -71.967224, 11.521231 ], [ -71.967209, 11.520671 ], [ -71.967048, 11.519625 ], [ -71.966942, 11.519093 ], [ -71.966873, 11.517946 ], [ -71.966858, 11.517305 ], [ -71.966866, 11.516682 ], [ -71.966934, 11.515416 ], [ -71.967018, 11.514792 ], [ -71.967072, 11.514241 ], [ -71.967155, 11.513598 ], [ -71.967262, 11.512260 ], [ -71.967277, 11.511692 ], [ -71.967262, 11.511068 ], [ -71.967339, 11.510372 ], [ -71.967346, 11.509731 ], [ -71.967316, 11.509180 ], [ -71.967232, 11.508676 ], [ -71.967079, 11.508062 ], [ -71.966591, 11.505792 ], [ -71.966530, 11.505223 ], [ -71.966591, 11.504717 ], [ -71.966843, 11.503558 ], [ -71.966926, 11.503052 ], [ -71.966965, 11.502527 ], [ -71.966973, 11.501768 ], [ -71.966942, 11.500622 ], [ -71.966866, 11.499286 ], [ -71.966858, 11.498599 ], [ -71.966888, 11.497993 ], [ -71.966896, 11.497307 ], [ -71.966926, 11.496683 ], [ -71.966942, 11.496133 ], [ -71.967010, 11.494958 ], [ -71.966973, 11.494434 ], [ -71.966843, 11.493767 ], [ -71.966766, 11.493244 ], [ -71.966705, 11.492648 ], [ -71.966598, 11.492026 ], [ -71.966469, 11.491504 ], [ -71.966339, 11.490909 ], [ -71.966141, 11.490270 ], [ -71.965988, 11.489648 ], [ -71.965881, 11.489152 ], [ -71.965630, 11.488098 ], [ -71.965614, 11.487430 ], [ -71.965576, 11.486807 ], [ -71.965393, 11.484885 ], [ -71.965363, 11.484334 ], [ -71.965279, 11.483830 ], [ -71.965241, 11.483252 ], [ -71.965187, 11.482683 ], [ -71.965149, 11.482060 ], [ -71.965065, 11.481329 ], [ -71.964981, 11.480752 ], [ -71.964851, 11.480185 ], [ -71.964768, 11.479589 ], [ -71.964729, 11.478967 ], [ -71.964722, 11.478343 ], [ -71.964684, 11.477819 ], [ -71.964500, 11.475916 ], [ -71.964417, 11.475248 ], [ -71.964386, 11.474697 ], [ -71.964325, 11.473967 ], [ -71.964180, 11.471575 ], [ -71.964127, 11.469263 ], [ -71.963951, 11.467403 ], [ -71.963936, 11.466781 ], [ -71.963898, 11.466023 ], [ -71.963867, 11.464758 ], [ -71.963829, 11.464135 ], [ -71.963676, 11.463523 ], [ -71.963501, 11.462901 ], [ -71.963257, 11.462262 ], [ -71.963081, 11.461740 ], [ -71.962799, 11.460487 ], [ -71.962738, 11.459883 ], [ -71.962654, 11.459243 ], [ -71.962601, 11.458719 ], [ -71.962532, 11.457989 ], [ -71.962502, 11.457429 ], [ -71.962440, 11.456815 ], [ -71.962410, 11.455416 ], [ -71.962326, 11.454820 ], [ -71.962295, 11.454269 ], [ -71.962212, 11.453620 ], [ -71.962105, 11.452962 ], [ -71.961960, 11.451744 ], [ -71.961876, 11.451239 ], [ -71.961616, 11.450076 ], [ -71.961517, 11.449572 ], [ -71.961189, 11.448356 ], [ -71.960983, 11.447653 ], [ -71.960625, 11.445841 ], [ -71.960541, 11.445272 ], [ -71.960503, 11.444695 ], [ -71.960564, 11.444117 ], [ -71.960663, 11.443591 ], [ -71.960838, 11.443039 ], [ -71.961037, 11.442549 ], [ -71.961281, 11.441996 ], [ -71.961464, 11.441479 ], [ -71.961586, 11.440971 ], [ -71.961418, 11.440450 ], [ -71.960808, 11.439471 ], [ -71.960541, 11.438878 ], [ -71.960365, 11.438266 ], [ -71.960098, 11.436615 ], [ -71.960022, 11.435424 ], [ -71.960060, 11.434683 ], [ -71.960266, 11.433623 ], [ -71.960274, 11.433027 ], [ -71.960175, 11.432496 ], [ -71.959862, 11.431975 ], [ -71.959549, 11.431499 ], [ -71.959251, 11.430951 ], [ -71.959030, 11.430475 ], [ -71.958786, 11.429818 ], [ -71.958610, 11.429133 ], [ -71.958412, 11.428557 ], [ -71.958237, 11.428008 ], [ -71.958130, 11.427512 ], [ -71.957977, 11.426890 ], [ -71.957871, 11.426269 ], [ -71.957741, 11.425583 ], [ -71.957580, 11.424510 ], [ -71.957344, 11.423230 ], [ -71.957214, 11.422607 ], [ -71.957107, 11.421923 ], [ -71.956947, 11.421301 ], [ -71.956657, 11.419633 ], [ -71.956558, 11.419191 ], [ -71.956154, 11.417876 ], [ -71.955933, 11.417255 ], [ -71.955406, 11.415589 ], [ -71.955208, 11.414995 ], [ -71.955032, 11.414311 ], [ -71.954681, 11.413122 ], [ -71.954552, 11.412509 ], [ -71.954399, 11.411978 ], [ -71.954270, 11.411410 ], [ -71.954094, 11.410699 ], [ -71.953804, 11.409419 ], [ -71.953400, 11.407770 ], [ -71.953163, 11.406535 ], [ -71.953033, 11.405940 ], [ -71.952858, 11.404270 ], [ -71.952827, 11.403738 ], [ -71.951958, 11.400170 ], [ -71.951805, 11.399648 ], [ -71.951607, 11.399171 ], [ -71.951408, 11.398532 ], [ -71.951012, 11.397451 ], [ -71.950836, 11.396884 ], [ -71.950714, 11.396380 ], [ -71.950516, 11.395876 ], [ -71.950333, 11.395236 ], [ -71.950203, 11.394596 ], [ -71.950050, 11.393956 ], [ -71.949921, 11.393362 ], [ -71.949844, 11.392749 ], [ -71.949684, 11.392127 ], [ -71.949585, 11.391577 ], [ -71.949303, 11.390505 ], [ -71.949196, 11.389955 ], [ -71.949074, 11.389405 ], [ -71.948952, 11.388287 ], [ -71.948883, 11.387068 ], [ -71.948822, 11.386490 ], [ -71.948784, 11.385849 ], [ -71.948769, 11.385253 ], [ -71.948784, 11.384702 ], [ -71.948921, 11.383572 ], [ -71.949051, 11.383038 ], [ -71.949463, 11.382645 ], [ -71.949898, 11.382288 ], [ -71.950310, 11.382094 ], [ -71.950096, 11.381636 ], [ -71.949623, 11.381424 ], [ -71.949112, 11.381248 ], [ -71.948593, 11.381000 ], [ -71.948120, 11.380690 ], [ -71.947548, 11.380243 ], [ -71.947075, 11.379796 ], [ -71.946648, 11.379367 ], [ -71.946289, 11.378937 ], [ -71.945976, 11.378507 ], [ -71.945686, 11.378049 ], [ -71.945396, 11.377528 ], [ -71.945175, 11.376934 ], [ -71.944954, 11.376394 ], [ -71.944755, 11.375755 ], [ -71.944595, 11.375106 ], [ -71.944298, 11.374062 ], [ -71.944100, 11.373486 ], [ -71.943855, 11.372873 ], [ -71.943603, 11.372325 ], [ -71.943314, 11.371786 ], [ -71.943001, 11.371256 ], [ -71.942444, 11.370214 ], [ -71.942200, 11.369647 ], [ -71.941933, 11.369144 ], [ -71.941391, 11.367777 ], [ -71.940964, 11.366471 ], [ -71.940720, 11.365814 ], [ -71.940521, 11.365247 ], [ -71.940246, 11.364510 ], [ -71.939980, 11.363853 ], [ -71.939781, 11.363232 ], [ -71.939537, 11.362647 ], [ -71.939240, 11.361864 ], [ -71.938988, 11.361161 ], [ -71.938743, 11.360523 ], [ -71.938568, 11.360019 ], [ -71.938194, 11.358785 ], [ -71.937546, 11.356895 ], [ -71.937324, 11.356211 ], [ -71.937050, 11.355499 ], [ -71.936874, 11.354996 ], [ -71.936661, 11.354428 ], [ -71.936432, 11.353745 ], [ -71.936211, 11.353177 ], [ -71.936012, 11.352556 ], [ -71.935593, 11.351323 ], [ -71.935211, 11.350162 ], [ -71.934837, 11.348901 ], [ -71.934486, 11.347649 ], [ -71.934234, 11.346892 ], [ -71.934059, 11.346325 ], [ -71.933914, 11.345794 ], [ -71.933685, 11.345109 ], [ -71.933533, 11.344605 ], [ -71.933144, 11.343516 ], [ -71.932915, 11.342832 ], [ -71.932472, 11.341644 ], [ -71.932274, 11.341049 ], [ -71.932053, 11.340501 ], [ -71.931854, 11.339907 ], [ -71.931526, 11.338817 ], [ -71.931282, 11.338106 ], [ -71.931099, 11.337484 ], [ -71.930901, 11.336872 ], [ -71.930710, 11.336395 ], [ -71.930534, 11.335891 ], [ -71.930115, 11.334866 ], [ -71.929894, 11.334362 ], [ -71.929626, 11.333868 ], [ -71.929253, 11.333294 ], [ -71.928795, 11.332476 ], [ -71.928528, 11.332027 ], [ -71.928322, 11.331478 ], [ -71.928169, 11.330983 ], [ -71.928032, 11.330479 ], [ -71.927879, 11.329974 ], [ -71.927445, 11.328750 ], [ -71.927239, 11.328065 ], [ -71.927055, 11.327399 ], [ -71.926880, 11.326832 ], [ -71.926697, 11.326337 ], [ -71.926445, 11.325716 ], [ -71.926155, 11.325204 ], [ -71.925850, 11.324475 ], [ -71.925598, 11.323836 ], [ -71.925323, 11.323225 ], [ -71.925072, 11.322631 ], [ -71.924850, 11.322137 ], [ -71.924622, 11.321569 ], [ -71.924393, 11.320904 ], [ -71.924194, 11.320364 ], [ -71.923989, 11.319770 ], [ -71.923767, 11.318715 ], [ -71.923614, 11.318192 ], [ -71.923363, 11.317671 ], [ -71.923096, 11.317222 ], [ -71.922730, 11.316702 ], [ -71.922340, 11.316073 ], [ -71.921310, 11.314466 ], [ -71.920898, 11.313929 ], [ -71.920632, 11.313435 ], [ -71.920303, 11.312769 ], [ -71.919243, 11.310757 ], [ -71.918968, 11.310172 ], [ -71.918625, 11.309516 ], [ -71.918373, 11.308994 ], [ -71.918106, 11.308492 ], [ -71.917808, 11.307970 ], [ -71.917442, 11.307342 ], [ -71.917076, 11.306749 ], [ -71.916756, 11.306120 ], [ -71.916405, 11.305274 ], [ -71.916123, 11.304509 ], [ -71.915688, 11.303204 ], [ -71.915535, 11.302682 ], [ -71.915146, 11.301456 ], [ -71.914947, 11.300935 ], [ -71.914520, 11.299882 ], [ -71.913704, 11.298327 ], [ -71.913681, 11.297768 ], [ -71.913620, 11.297244 ], [ -71.913468, 11.296695 ], [ -71.913170, 11.296129 ], [ -71.912849, 11.295563 ], [ -71.912254, 11.294413 ], [ -71.911865, 11.293685 ], [ -71.911102, 11.292329 ], [ -71.910828, 11.291880 ], [ -71.910561, 11.291376 ], [ -71.910011, 11.290243 ], [ -71.909691, 11.289633 ], [ -71.909416, 11.289048 ], [ -71.909172, 11.288589 ], [ -71.908798, 11.287844 ], [ -71.908280, 11.286891 ], [ -71.908012, 11.286424 ], [ -71.907494, 11.285426 ], [ -71.907196, 11.284833 ], [ -71.906792, 11.283862 ], [ -71.906548, 11.283340 ], [ -71.906319, 11.282746 ], [ -71.906067, 11.282134 ], [ -71.905495, 11.280885 ], [ -71.905037, 11.279751 ], [ -71.904610, 11.278608 ], [ -71.904404, 11.277950 ], [ -71.904205, 11.277429 ], [ -71.903816, 11.276195 ], [ -71.903687, 11.275700 ], [ -71.903503, 11.275060 ], [ -71.903274, 11.274447 ], [ -71.903076, 11.273971 ], [ -71.902801, 11.273495 ], [ -71.902390, 11.272884 ], [ -71.902122, 11.272435 ], [ -71.901680, 11.271798 ], [ -71.901344, 11.271378 ], [ -71.900574, 11.270473 ], [ -71.900131, 11.269917 ], [ -71.899742, 11.269369 ], [ -71.899315, 11.268877 ], [ -71.898926, 11.268384 ], [ -71.898560, 11.267863 ], [ -71.898262, 11.267397 ], [ -71.897995, 11.266939 ], [ -71.897545, 11.265877 ], [ -71.897362, 11.265238 ], [ -71.897224, 11.264552 ], [ -71.897041, 11.263931 ], [ -71.896782, 11.262840 ], [ -71.896622, 11.262291 ], [ -71.896446, 11.261796 ], [ -71.896286, 11.261247 ], [ -71.896110, 11.260697 ], [ -71.895866, 11.260248 ], [ -71.895569, 11.259745 ], [ -71.895180, 11.259297 ], [ -71.894417, 11.258492 ], [ -71.894005, 11.258026 ], [ -71.893639, 11.257479 ], [ -71.893318, 11.256940 ], [ -71.893074, 11.256463 ], [ -71.892845, 11.255851 ], [ -71.892647, 11.255375 ], [ -71.892441, 11.254852 ], [ -71.892166, 11.254286 ], [ -71.891945, 11.253764 ], [ -71.891419, 11.252605 ], [ -71.891174, 11.252110 ], [ -71.890923, 11.251652 ], [ -71.890587, 11.251158 ], [ -71.890175, 11.250620 ], [ -71.889420, 11.249535 ], [ -71.889145, 11.249041 ], [ -71.888649, 11.247997 ], [ -71.888473, 11.247430 ], [ -71.888222, 11.246791 ], [ -71.888016, 11.246314 ], [ -71.887550, 11.245334 ], [ -71.887154, 11.244660 ], [ -71.886452, 11.243691 ], [ -71.886177, 11.243242 ], [ -71.885841, 11.242740 ], [ -71.885544, 11.242219 ], [ -71.885201, 11.241726 ], [ -71.884865, 11.241323 ], [ -71.884529, 11.240874 ], [ -71.884140, 11.240309 ], [ -71.883621, 11.239356 ], [ -71.883324, 11.238790 ], [ -71.883049, 11.238314 ], [ -71.882820, 11.237657 ], [ -71.882614, 11.237000 ], [ -71.882370, 11.236405 ], [ -71.882072, 11.235821 ], [ -71.881386, 11.234735 ], [ -71.880363, 11.233273 ], [ -71.879776, 11.232321 ], [ -71.879265, 11.231530 ], [ -71.878609, 11.230652 ], [ -71.877808, 11.229503 ], [ -71.877464, 11.228983 ], [ -71.877129, 11.228516 ], [ -71.876785, 11.227950 ], [ -71.876488, 11.227402 ], [ -71.876099, 11.226891 ], [ -71.875755, 11.226416 ], [ -71.875443, 11.225913 ], [ -71.875259, 11.225372 ], [ -71.875061, 11.224851 ], [ -71.874764, 11.224212 ], [ -71.874443, 11.223583 ], [ -71.873856, 11.222586 ], [ -71.873352, 11.221560 ], [ -71.872764, 11.220501 ], [ -71.872338, 11.220125 ], [ -71.871903, 11.219813 ], [ -71.871430, 11.219366 ], [ -71.870972, 11.218965 ], [ -71.870560, 11.218498 ], [ -71.869881, 11.217547 ], [ -71.869545, 11.217117 ], [ -71.868835, 11.215967 ], [ -71.868469, 11.215447 ], [ -71.868202, 11.214953 ], [ -71.867996, 11.214431 ], [ -71.867844, 11.213863 ], [ -71.867638, 11.213224 ], [ -71.867134, 11.212018 ], [ -71.866882, 11.211524 ], [ -71.866470, 11.210796 ], [ -71.866104, 11.210303 ], [ -71.865738, 11.209783 ], [ -71.865379, 11.209334 ], [ -71.864250, 11.208144 ], [ -71.863236, 11.206934 ], [ -71.862915, 11.206486 ], [ -71.862625, 11.205992 ], [ -71.862297, 11.205326 ], [ -71.862030, 11.204832 ], [ -71.861382, 11.203492 ], [ -71.861107, 11.202817 ], [ -71.860832, 11.202088 ], [ -71.860580, 11.201521 ], [ -71.860130, 11.200568 ], [ -71.859787, 11.199975 ], [ -71.859520, 11.199454 ], [ -71.859177, 11.198915 ], [ -71.858787, 11.198441 ], [ -71.858406, 11.198037 ], [ -71.857704, 11.197167 ], [ -71.857338, 11.196692 ], [ -71.856957, 11.196218 ], [ -71.856590, 11.195652 ], [ -71.856224, 11.195041 ], [ -71.855805, 11.194413 ], [ -71.855392, 11.193874 ], [ -71.855103, 11.193444 ], [ -71.854538, 11.192492 ], [ -71.854225, 11.192025 ], [ -71.853951, 11.191549 ], [ -71.853630, 11.190956 ], [ -71.853355, 11.190390 ], [ -71.852554, 11.189222 ], [ -71.852219, 11.188792 ], [ -71.851563, 11.187850 ], [ -71.851242, 11.187347 ], [ -71.849731, 11.185094 ], [ -71.848999, 11.184035 ], [ -71.848663, 11.183605 ], [ -71.848228, 11.183139 ], [ -71.847527, 11.182234 ], [ -71.847160, 11.181677 ], [ -71.846245, 11.180502 ], [ -71.845734, 11.179947 ], [ -71.845299, 11.179400 ], [ -71.844887, 11.178843 ], [ -71.844498, 11.178279 ], [ -71.844108, 11.177668 ], [ -71.843719, 11.177130 ], [ -71.843384, 11.176681 ], [ -71.842605, 11.175686 ], [ -71.842247, 11.175193 ], [ -71.841904, 11.174699 ], [ -71.841560, 11.174251 ], [ -71.841202, 11.173820 ], [ -71.840790, 11.173372 ], [ -71.839996, 11.172540 ], [ -71.839066, 11.171700 ], [ -71.838539, 11.171207 ], [ -71.838058, 11.170715 ], [ -71.837723, 11.170267 ], [ -71.837357, 11.169864 ], [ -71.837021, 11.169434 ], [ -71.836632, 11.168896 ], [ -71.836266, 11.168284 ], [ -71.835945, 11.167673 ], [ -71.834831, 11.166257 ], [ -71.834007, 11.165243 ], [ -71.833549, 11.164706 ], [ -71.833168, 11.164276 ], [ -71.832779, 11.163873 ], [ -71.831848, 11.162933 ], [ -71.831360, 11.162351 ], [ -71.830979, 11.161930 ], [ -71.830155, 11.160962 ], [ -71.829674, 11.160452 ], [ -71.828865, 11.159646 ], [ -71.827926, 11.158616 ], [ -71.827370, 11.158034 ], [ -71.826943, 11.157604 ], [ -71.826416, 11.157185 ], [ -71.825913, 11.156720 ], [ -71.825233, 11.155887 ], [ -71.824898, 11.155456 ], [ -71.824081, 11.154588 ], [ -71.823524, 11.153960 ], [ -71.822731, 11.153010 ], [ -71.822434, 11.152561 ], [ -71.822052, 11.152068 ], [ -71.821709, 11.151574 ], [ -71.821342, 11.151072 ], [ -71.820663, 11.150058 ], [ -71.820328, 11.149636 ], [ -71.819961, 11.149206 ], [ -71.819023, 11.148203 ], [ -71.818611, 11.147701 ], [ -71.818253, 11.147325 ], [ -71.817795, 11.146877 ], [ -71.816933, 11.146072 ], [ -71.815346, 11.144118 ], [ -71.814949, 11.143535 ], [ -71.814590, 11.143149 ], [ -71.813911, 11.142180 ], [ -71.813324, 11.141192 ], [ -71.812958, 11.140744 ], [ -71.812027, 11.139822 ], [ -71.811112, 11.138864 ], [ -71.809784, 11.137332 ], [ -71.809303, 11.136794 ], [ -71.808922, 11.136346 ], [ -71.808601, 11.135898 ], [ -71.808312, 11.135448 ], [ -71.808067, 11.134973 ], [ -71.807747, 11.134542 ], [ -71.807320, 11.134184 ], [ -71.806869, 11.133854 ], [ -71.806419, 11.133587 ], [ -71.805924, 11.133357 ], [ -71.804947, 11.132689 ], [ -71.804642, 11.132402 ], [ -71.803863, 11.131506 ], [ -71.803452, 11.130914 ], [ -71.803108, 11.130447 ], [ -71.802750, 11.129999 ], [ -71.802368, 11.129642 ], [ -71.801575, 11.128809 ], [ -71.800713, 11.128003 ], [ -71.800255, 11.127538 ], [ -71.799370, 11.126688 ], [ -71.798820, 11.126133 ], [ -71.797760, 11.124960 ], [ -71.797325, 11.124512 ], [ -71.796898, 11.124119 ], [ -71.796486, 11.123616 ], [ -71.796142, 11.123059 ], [ -71.795708, 11.122513 ], [ -71.795349, 11.122091 ], [ -71.794960, 11.121616 ], [ -71.794594, 11.121050 ], [ -71.794159, 11.120494 ], [ -71.793869, 11.120064 ], [ -71.793549, 11.119633 ], [ -71.793114, 11.119122 ], [ -71.792732, 11.118602 ], [ -71.792366, 11.118153 ], [ -71.792076, 11.117723 ], [ -71.790939, 11.116396 ], [ -71.790130, 11.115590 ], [ -71.789650, 11.115170 ], [ -71.789192, 11.114795 ], [ -71.788742, 11.114366 ], [ -71.788307, 11.113990 ], [ -71.787834, 11.113543 ], [ -71.786804, 11.112649 ], [ -71.786377, 11.112255 ], [ -71.785828, 11.111809 ], [ -71.785370, 11.111479 ], [ -71.784401, 11.110747 ], [ -71.783897, 11.110417 ], [ -71.783470, 11.110078 ], [ -71.782966, 11.109658 ], [ -71.782562, 11.109165 ], [ -71.782173, 11.108672 ], [ -71.781837, 11.108269 ], [ -71.780464, 11.106853 ], [ -71.780037, 11.106433 ], [ -71.779579, 11.106030 ], [ -71.779060, 11.105656 ], [ -71.778580, 11.105272 ], [ -71.777031, 11.104193 ], [ -71.776749, 11.103862 ], [ -71.776398, 11.103549 ], [ -71.775673, 11.103086 ], [ -71.774727, 11.102371 ], [ -71.774292, 11.101924 ], [ -71.773857, 11.101431 ], [ -71.773132, 11.100534 ], [ -71.772774, 11.100104 ], [ -71.772263, 11.099522 ], [ -71.770965, 11.098178 ], [ -71.770538, 11.097713 ], [ -71.770035, 11.097193 ], [ -71.769478, 11.096593 ], [ -71.768997, 11.096119 ], [ -71.768181, 11.095268 ], [ -71.767799, 11.094892 ], [ -71.767342, 11.094399 ], [ -71.766815, 11.093862 ], [ -71.766334, 11.093414 ], [ -71.765953, 11.093030 ], [ -71.765381, 11.092547 ], [ -71.764854, 11.092146 ], [ -71.764381, 11.091861 ], [ -71.763794, 11.091577 ], [ -71.763298, 11.091410 ], [ -71.762802, 11.091188 ], [ -71.762283, 11.090931 ], [ -71.761833, 11.090619 ], [ -71.761383, 11.090289 ], [ -71.760857, 11.089932 ], [ -71.760429, 11.089575 ], [ -71.759994, 11.089182 ], [ -71.759590, 11.088707 ], [ -71.759155, 11.088168 ], [ -71.758766, 11.087738 ], [ -71.757828, 11.086735 ], [ -71.757446, 11.086350 ], [ -71.756630, 11.085436 ], [ -71.756195, 11.085033 ], [ -71.755813, 11.084631 ], [ -71.755287, 11.084184 ], [ -71.754768, 11.083855 ], [ -71.754250, 11.083588 ], [ -71.753700, 11.083285 ], [ -71.753158, 11.082974 ], [ -71.752586, 11.082627 ], [ -71.751663, 11.081967 ], [ -71.751114, 11.081539 ], [ -71.750565, 11.081074 ], [ -71.749748, 11.080296 ], [ -71.749268, 11.079731 ], [ -71.748497, 11.078879 ], [ -71.748047, 11.078414 ], [ -71.747681, 11.077984 ], [ -71.747345, 11.077553 ], [ -71.747024, 11.077104 ], [ -71.746666, 11.076655 ], [ -71.746277, 11.076225 ], [ -71.745804, 11.075806 ], [ -71.745277, 11.075403 ], [ -71.744591, 11.074967 ], [ -71.744118, 11.074682 ], [ -71.743568, 11.074281 ], [ -71.742996, 11.073889 ], [ -71.742500, 11.073504 ], [ -71.741386, 11.072846 ], [ -71.740822, 11.072544 ], [ -71.740364, 11.072259 ], [ -71.739090, 11.071602 ], [ -71.738479, 11.071345 ], [ -71.737320, 11.070778 ], [ -71.736778, 11.070376 ], [ -71.736206, 11.069984 ], [ -71.734329, 11.068727 ], [ -71.733811, 11.068443 ], [ -71.733315, 11.068158 ], [ -71.732674, 11.067739 ], [ -71.731537, 11.067054 ], [ -71.730492, 11.066395 ], [ -71.729996, 11.066111 ], [ -71.729370, 11.065646 ], [ -71.728920, 11.065270 ], [ -71.728401, 11.064932 ], [ -71.727448, 11.064227 ], [ -71.726975, 11.063915 ], [ -71.726471, 11.063450 ], [ -71.726044, 11.063092 ], [ -71.725586, 11.062645 ], [ -71.725128, 11.062224 ], [ -71.724678, 11.061777 ], [ -71.724243, 11.061374 ], [ -71.723839, 11.061044 ], [ -71.723412, 11.060658 ], [ -71.723007, 11.060329 ], [ -71.722023, 11.059479 ], [ -71.721054, 11.058865 ], [ -71.720558, 11.058670 ], [ -71.719925, 11.058459 ], [ -71.719406, 11.058337 ], [ -71.718841, 11.058144 ], [ -71.717552, 11.057767 ], [ -71.715942, 11.057537 ], [ -71.715401, 11.057388 ], [ -71.714401, 11.056801 ], [ -71.713905, 11.056561 ], [ -71.712822, 11.056110 ], [ -71.712303, 11.055826 ], [ -71.711853, 11.055559 ], [ -71.711357, 11.055292 ], [ -71.710838, 11.055036 ], [ -71.709656, 11.054495 ], [ -71.709022, 11.054193 ], [ -71.707932, 11.053553 ], [ -71.707481, 11.053223 ], [ -71.707001, 11.052820 ], [ -71.706596, 11.052417 ], [ -71.705010, 11.051564 ], [ -71.704513, 11.051370 ], [ -71.704002, 11.051248 ], [ -71.703415, 11.051199 ], [ -71.702766, 11.051124 ], [ -71.702225, 11.051046 ], [ -71.701591, 11.050880 ], [ -71.700584, 11.050492 ], [ -71.700089, 11.050325 ], [ -71.699570, 11.050131 ], [ -71.698929, 11.049848 ], [ -71.698387, 11.049518 ], [ -71.697914, 11.049260 ], [ -71.696770, 11.048412 ], [ -71.696297, 11.048109 ], [ -71.695778, 11.047825 ], [ -71.695167, 11.047559 ], [ -71.694672, 11.047392 ], [ -71.694153, 11.047243 ], [ -71.693550, 11.047122 ], [ -71.692840, 11.046938 ], [ -71.692276, 11.046772 ], [ -71.691765, 11.046668 ], [ -71.691223, 11.046519 ], [ -71.690704, 11.046334 ], [ -71.690094, 11.046068 ], [ -71.689461, 11.045839 ], [ -71.688873, 11.045691 ], [ -71.688286, 11.045525 ], [ -71.687790, 11.045357 ], [ -71.687294, 11.045163 ], [ -71.686821, 11.044923 ], [ -71.686310, 11.044702 ], [ -71.685272, 11.044322 ], [ -71.684258, 11.043772 ], [ -71.683716, 11.043559 ], [ -71.683060, 11.043393 ], [ -71.681786, 11.042944 ], [ -71.680145, 11.042489 ], [ -71.679535, 11.042268 ], [ -71.679039, 11.042101 ], [ -71.678543, 11.041862 ], [ -71.677956, 11.041722 ], [ -71.677300, 11.041647 ], [ -71.676788, 11.041543 ], [ -71.676224, 11.041349 ], [ -71.674523, 11.040596 ], [ -71.673042, 11.040012 ], [ -71.672500, 11.039819 ], [ -71.671486, 11.039439 ], [ -71.670334, 11.038961 ], [ -71.669746, 11.038750 ], [ -71.668663, 11.038226 ], [ -71.668144, 11.038033 ], [ -71.667061, 11.037671 ], [ -71.666428, 11.037415 ], [ -71.664589, 11.036591 ], [ -71.663948, 11.036263 ], [ -71.663429, 11.036050 ], [ -71.662910, 11.035855 ], [ -71.661804, 11.035359 ], [ -71.661308, 11.035075 ], [ -71.660790, 11.034745 ], [ -71.659813, 11.034103 ], [ -71.659271, 11.033819 ], [ -71.658798, 11.033534 ], [ -71.658325, 11.033276 ], [ -71.657898, 11.032964 ], [ -71.657371, 11.032561 ], [ -71.656967, 11.032204 ], [ -71.656509, 11.031874 ], [ -71.654991, 11.030722 ], [ -71.654511, 11.030319 ], [ -71.653580, 11.029496 ], [ -71.653130, 11.029093 ], [ -71.652748, 11.028735 ], [ -71.652382, 11.028214 ], [ -71.652038, 11.027747 ], [ -71.651344, 11.026868 ], [ -71.650978, 11.026464 ], [ -71.650230, 11.025586 ], [ -71.649826, 11.025165 ], [ -71.649399, 11.024825 ], [ -71.648781, 11.024433 ], [ -71.648285, 11.024148 ], [ -71.647034, 11.023563 ], [ -71.646515, 11.023296 ], [ -71.645500, 11.022826 ], [ -71.645027, 11.022514 ], [ -71.644615, 11.022183 ], [ -71.644211, 11.021826 ], [ -71.643784, 11.021486 ], [ -71.643265, 11.021156 ], [ -71.642838, 11.020853 ], [ -71.642364, 11.020614 ], [ -71.641869, 11.020329 ], [ -71.640900, 11.019867 ], [ -71.639862, 11.019343 ], [ -71.639267, 11.018996 ], [ -71.638672, 11.018666 ], [ -71.638039, 11.018292 ], [ -71.637444, 11.017991 ], [ -71.636948, 11.017679 ], [ -71.635742, 11.016957 ], [ -71.634773, 11.016406 ], [ -71.634270, 11.016094 ], [ -71.633797, 11.015763 ], [ -71.633324, 11.015479 ], [ -71.632873, 11.015121 ], [ -71.632347, 11.014729 ], [ -71.631920, 11.014343 ], [ -71.631439, 11.013805 ], [ -71.631096, 11.013402 ], [ -71.630737, 11.012881 ], [ -71.629631, 11.011580 ], [ -71.629265, 11.011204 ], [ -71.628250, 11.009758 ], [ -71.627838, 11.009328 ], [ -71.626930, 11.008487 ], [ -71.626457, 11.008084 ], [ -71.625954, 11.007637 ], [ -71.625572, 11.007278 ], [ -71.625046, 11.006877 ], [ -71.624619, 11.006501 ], [ -71.624184, 11.005980 ], [ -71.623840, 11.005486 ], [ -71.623482, 11.004993 ], [ -71.623116, 11.004454 ], [ -71.622673, 11.003771 ], [ -71.622314, 11.003349 ], [ -71.621979, 11.002891 ], [ -71.621635, 11.002470 ], [ -71.621231, 11.002022 ], [ -71.620819, 11.001547 ], [ -71.620461, 11.001170 ], [ -71.619988, 11.000812 ], [ -71.619492, 11.000546 ], [ -71.618996, 11.000306 ], [ -71.618591, 10.999623 ], [ -71.618446, 10.998938 ], [ -71.618004, 10.998472 ], [ -71.617401, 10.998016 ], [ -71.616753, 10.997633 ], [ -71.616203, 10.997268 ], [ -71.615669, 10.996758 ], [ -71.614548, 10.995728 ], [ -71.613655, 10.994624 ], [ -71.613197, 10.994204 ], [ -71.612640, 10.993837 ], [ -71.612038, 10.993355 ], [ -71.611572, 10.992898 ], [ -71.610901, 10.992443 ], [ -71.610298, 10.991969 ], [ -71.609718, 10.991550 ], [ -71.609085, 10.991375 ], [ -71.608505, 10.991036 ], [ -71.607826, 10.990861 ], [ -71.607246, 10.990423 ], [ -71.606781, 10.990003 ], [ -71.606171, 10.990315 ], [ -71.605629, 10.990682 ], [ -71.604988, 10.990524 ], [ -71.604866, 10.989883 ], [ -71.604675, 10.989271 ], [ -71.604530, 10.988640 ], [ -71.604622, 10.988033 ], [ -71.605187, 10.987640 ], [ -71.605812, 10.987563 ], [ -71.606399, 10.987747 ], [ -71.607063, 10.987507 ], [ -71.607361, 10.986899 ], [ -71.608101, 10.986775 ], [ -71.608734, 10.986815 ], [ -71.608505, 10.987395 ], [ -71.608627, 10.988017 ], [ -71.609291, 10.988328 ], [ -71.609985, 10.988710 ], [ -71.610642, 10.988868 ], [ -71.611488, 10.988923 ], [ -71.612182, 10.988954 ], [ -71.612839, 10.989499 ], [ -71.613106, 10.990202 ], [ -71.613159, 10.990825 ], [ -71.613335, 10.991573 ], [ -71.613381, 10.992196 ], [ -71.613571, 10.992782 ], [ -71.613945, 10.993365 ], [ -71.614441, 10.993868 ], [ -71.615471, 10.994609 ], [ -71.615982, 10.995065 ], [ -71.616509, 10.995413 ], [ -71.617104, 10.995661 ], [ -71.617737, 10.995791 ], [ -71.618561, 10.995937 ], [ -71.619217, 10.995932 ], [ -71.619789, 10.995701 ], [ -71.620590, 10.995414 ], [ -71.621292, 10.994983 ], [ -71.621757, 10.994573 ], [ -71.622269, 10.993954 ], [ -71.622803, 10.993488 ], [ -71.623322, 10.993077 ], [ -71.623688, 10.992487 ], [ -71.623985, 10.991852 ], [ -71.624382, 10.991351 ], [ -71.624733, 10.990851 ], [ -71.625343, 10.990520 ], [ -71.626022, 10.990515 ], [ -71.626343, 10.989952 ], [ -71.626861, 10.989513 ], [ -71.627457, 10.989228 ], [ -71.627358, 10.988615 ], [ -71.627480, 10.987846 ], [ -71.628052, 10.987525 ], [ -71.628571, 10.987159 ], [ -71.629013, 10.986676 ], [ -71.629242, 10.986087 ], [ -71.629539, 10.985407 ], [ -71.629738, 10.984728 ], [ -71.630104, 10.984164 ], [ -71.630722, 10.983879 ], [ -71.631378, 10.983991 ], [ -71.631996, 10.984193 ], [ -71.632607, 10.984350 ], [ -71.633202, 10.984571 ], [ -71.633789, 10.984756 ], [ -71.634422, 10.984768 ], [ -71.634483, 10.984099 ], [ -71.633926, 10.983688 ], [ -71.633354, 10.983368 ], [ -71.632713, 10.983030 ], [ -71.632141, 10.982782 ], [ -71.631569, 10.982462 ], [ -71.631035, 10.982024 ], [ -71.630440, 10.981849 ], [ -71.629707, 10.982044 ], [ -71.629051, 10.982466 ], [ -71.628677, 10.983029 ], [ -71.628288, 10.983557 ], [ -71.627937, 10.984075 ], [ -71.627609, 10.984619 ], [ -71.627388, 10.985254 ], [ -71.626648, 10.985359 ], [ -71.626297, 10.984794 ], [ -71.626305, 10.984016 ], [ -71.626236, 10.982616 ], [ -71.626282, 10.981966 ], [ -71.626572, 10.980662 ], [ -71.626938, 10.980162 ], [ -71.627518, 10.979561 ], [ -71.628105, 10.979149 ], [ -71.628883, 10.978790 ], [ -71.629448, 10.978505 ], [ -71.630043, 10.978274 ], [ -71.630691, 10.978106 ], [ -71.631363, 10.978009 ], [ -71.632065, 10.978112 ], [ -71.632691, 10.978088 ], [ -71.633263, 10.977831 ], [ -71.633926, 10.977635 ], [ -71.634560, 10.977702 ], [ -71.635224, 10.977877 ], [ -71.635849, 10.977808 ], [ -71.636391, 10.977523 ], [ -71.637054, 10.977246 ], [ -71.637795, 10.977140 ], [ -71.640381, 10.980162 ], [ -71.640671, 10.980503 ], [ -71.641426, 10.982162 ], [ -71.641808, 10.982681 ], [ -71.641480, 10.983297 ], [ -71.641602, 10.983920 ], [ -71.641487, 10.984563 ], [ -71.641189, 10.985152 ], [ -71.640778, 10.985770 ], [ -71.641449, 10.985674 ], [ -71.641686, 10.986304 ], [ -71.641838, 10.986990 ], [ -71.642281, 10.987519 ], [ -71.642723, 10.988075 ], [ -71.642822, 10.988689 ], [ -71.642426, 10.989216 ], [ -71.641869, 10.989682 ], [ -71.642502, 10.989785 ], [ -71.643013, 10.989374 ], [ -71.643608, 10.989098 ], [ -71.644257, 10.989019 ], [ -71.644608, 10.989559 ], [ -71.644211, 10.990077 ], [ -71.643646, 10.990453 ], [ -71.643227, 10.990926 ], [ -71.642632, 10.992196 ], [ -71.642388, 10.992830 ], [ -71.642868, 10.993251 ], [ -71.643150, 10.992706 ], [ -71.643784, 10.992882 ], [ -71.643974, 10.993476 ], [ -71.644447, 10.993056 ], [ -71.644348, 10.992443 ], [ -71.644317, 10.991756 ], [ -71.644562, 10.991122 ], [ -71.645157, 10.991370 ], [ -71.645752, 10.991572 ], [ -71.646408, 10.991639 ], [ -71.647041, 10.991742 ], [ -71.647720, 10.991926 ], [ -71.648254, 10.992337 ], [ -71.648743, 10.992748 ], [ -71.649414, 10.992715 ], [ -71.649978, 10.992439 ], [ -71.650658, 10.992434 ], [ -71.651359, 10.992517 ], [ -71.651306, 10.991895 ], [ -71.650604, 10.991838 ], [ -71.649879, 10.991798 ], [ -71.649330, 10.991478 ], [ -71.649414, 10.990764 ], [ -71.649574, 10.990157 ], [ -71.649429, 10.989562 ], [ -71.649124, 10.988977 ], [ -71.649071, 10.988363 ], [ -71.649422, 10.987791 ], [ -71.649590, 10.987049 ], [ -71.649582, 10.986290 ], [ -71.649437, 10.985604 ], [ -71.649475, 10.984936 ], [ -71.649704, 10.984356 ], [ -71.650215, 10.983845 ], [ -71.650658, 10.983362 ], [ -71.651253, 10.983068 ], [ -71.651916, 10.982963 ], [ -71.652412, 10.982570 ], [ -71.652954, 10.982086 ], [ -71.653496, 10.981738 ], [ -71.655273, 10.980946 ], [ -71.655762, 10.980417 ], [ -71.656425, 10.980231 ], [ -71.657204, 10.980350 ], [ -71.657921, 10.980209 ], [ -71.658562, 10.980104 ], [ -71.658531, 10.979463 ], [ -71.658905, 10.978872 ], [ -71.659561, 10.978911 ], [ -71.660210, 10.979367 ], [ -71.660850, 10.979659 ], [ -71.661491, 10.979925 ], [ -71.661499, 10.980576 ], [ -71.661804, 10.981205 ], [ -71.662437, 10.981335 ], [ -71.662361, 10.982121 ], [ -71.662758, 10.982588 ], [ -71.663338, 10.982149 ], [ -71.663979, 10.981792 ], [ -71.664642, 10.982083 ], [ -71.664948, 10.982714 ], [ -71.665146, 10.983417 ], [ -71.665383, 10.984011 ], [ -71.665588, 10.983358 ], [ -71.665443, 10.982737 ], [ -71.665321, 10.982150 ], [ -71.665916, 10.981910 ], [ -71.666489, 10.982321 ], [ -71.667168, 10.982360 ], [ -71.667778, 10.981966 ], [ -71.668411, 10.981590 ], [ -71.669205, 10.981528 ], [ -71.669723, 10.981190 ], [ -71.670372, 10.980624 ], [ -71.671013, 10.980392 ], [ -71.671684, 10.980269 ], [ -71.672279, 10.980562 ], [ -71.672211, 10.981168 ], [ -71.671776, 10.981832 ], [ -71.671555, 10.982511 ], [ -71.671539, 10.983225 ], [ -71.671295, 10.983968 ], [ -71.670875, 10.984468 ], [ -71.670387, 10.984934 ], [ -71.669640, 10.985473 ], [ -71.667023, 10.988306 ], [ -71.666603, 10.988807 ], [ -71.666206, 10.989306 ], [ -71.665955, 10.989869 ], [ -71.665726, 10.990432 ], [ -71.665253, 10.990851 ], [ -71.664627, 10.990874 ], [ -71.663948, 10.990835 ], [ -71.663361, 10.990660 ], [ -71.662712, 10.990801 ], [ -71.662956, 10.991459 ], [ -71.663483, 10.991806 ], [ -71.664184, 10.991863 ], [ -71.664650, 10.992302 ], [ -71.664864, 10.992914 ], [ -71.665169, 10.993472 ], [ -71.665199, 10.994212 ], [ -71.665146, 10.994972 ], [ -71.664963, 10.995597 ], [ -71.664719, 10.996277 ], [ -71.664986, 10.997647 ], [ -71.664688, 10.998238 ], [ -71.664017, 10.998795 ], [ -71.663040, 10.999761 ], [ -71.663246, 11.000066 ], [ -71.663628, 11.000126 ], [ -71.664703, 10.999619 ], [ -71.665299, 10.999379 ], [ -71.666046, 10.999328 ], [ -71.666672, 10.999295 ], [ -71.667320, 10.999217 ], [ -71.668083, 10.999048 ], [ -71.668823, 10.999014 ], [ -71.669556, 10.999162 ], [ -71.670181, 10.999210 ], [ -71.670875, 10.999086 ], [ -71.671661, 10.998935 ], [ -71.672318, 10.998920 ], [ -71.672913, 10.998779 ], [ -71.673569, 10.998819 ], [ -71.674179, 10.999022 ], [ -71.675293, 10.999852 ], [ -71.675659, 11.000066 ], [ -71.675896, 11.000533 ], [ -71.675957, 11.000966 ], [ -71.676277, 11.001252 ], [ -71.676697, 11.001438 ], [ -71.677345, 11.001595 ], [ -71.677788, 11.001537 ], [ -71.678139, 11.001444 ], [ -71.678490, 11.001387 ], [ -71.679047, 11.001327 ], [ -71.679443, 11.001333 ], [ -71.680031, 11.001183 ], [ -71.680519, 11.001017 ], [ -71.680893, 11.000787 ], [ -71.681229, 11.000567 ], [ -71.681640, 11.000690 ], [ -71.681984, 11.001039 ], [ -71.683037, 11.000876 ], [ -71.683617, 11.000980 ], [ -71.684013, 11.000967 ], [ -71.684357, 11.000928 ], [ -71.684738, 11.000844 ], [ -71.685181, 11.000786 ], [ -71.685623, 11.000791 ], [ -71.686661, 11.000980 ], [ -71.687103, 11.001121 ], [ -71.688171, 11.001211 ], [ -71.688522, 11.001082 ], [ -71.688851, 11.000925 ], [ -71.689712, 11.000763 ], [ -71.690041, 11.000607 ], [ -71.690414, 11.000640 ], [ -71.691002, 11.000553 ], [ -71.691444, 11.000432 ], [ -71.692101, 11.000354 ], [ -71.692512, 11.000495 ], [ -71.692887, 11.000572 ], [ -71.693260, 11.000506 ], [ -71.693726, 11.000312 ], [ -71.694099, 11.000299 ], [ -71.694496, 11.000333 ], [ -71.694840, 11.000401 ], [ -71.695389, 11.000876 ], [ -71.695686, 11.001153 ], [ -71.695984, 11.001412 ], [ -71.696304, 11.001654 ], [ -71.696625, 11.001867 ], [ -71.696876, 11.002172 ], [ -71.697197, 11.002450 ], [ -71.697449, 11.002709 ], [ -71.697792, 11.002987 ], [ -71.698090, 11.003318 ], [ -71.698357, 11.003595 ], [ -71.698792, 11.004134 ], [ -71.699066, 11.004420 ], [ -71.699341, 11.004671 ], [ -71.699982, 11.005099 ], [ -71.700462, 11.005619 ], [ -71.700447, 11.006124 ], [ -71.699905, 11.006591 ], [ -71.699440, 11.006722 ], [ -71.698959, 11.007222 ], [ -71.699890, 11.007232 ], [ -71.700287, 11.007247 ], [ -71.700684, 11.007207 ], [ -71.701103, 11.007257 ], [ -71.702171, 11.007329 ], [ -71.703072, 11.007511 ], [ -71.703468, 11.007634 ], [ -71.703858, 11.007847 ], [ -71.704155, 11.008053 ], [ -71.704918, 11.008489 ], [ -71.705444, 11.008656 ], [ -71.705772, 11.008824 ], [ -71.707039, 11.009282 ], [ -71.707848, 11.009627 ], [ -71.708168, 11.009842 ], [ -71.708443, 11.010164 ], [ -71.708763, 11.010333 ], [ -71.709183, 11.010456 ], [ -71.709671, 11.010533 ], [ -71.710083, 11.010637 ], [ -71.710503, 11.010760 ], [ -71.711884, 11.011245 ], [ -71.712769, 11.011417 ], [ -71.713326, 11.011457 ], [ -71.713837, 11.011517 ], [ -71.714813, 11.011688 ], [ -71.715294, 11.011910 ], [ -71.716332, 11.012506 ], [ -71.716698, 11.012692 ], [ -71.717178, 11.012914 ], [ -71.718033, 11.013503 ], [ -71.718918, 11.014579 ], [ -71.718765, 11.014987 ], [ -71.718811, 11.015357 ], [ -71.719498, 11.015621 ], [ -71.720055, 11.015680 ], [ -71.720451, 11.015685 ], [ -71.720871, 11.015600 ], [ -71.721359, 11.015614 ], [ -71.721825, 11.015872 ], [ -71.722588, 11.016009 ], [ -71.723046, 11.016313 ], [ -71.723366, 11.016554 ], [ -71.723778, 11.016830 ], [ -71.724266, 11.017024 ], [ -71.724724, 11.017147 ], [ -71.725075, 11.017252 ], [ -71.725586, 11.017328 ], [ -71.726051, 11.017433 ], [ -71.726532, 11.017555 ], [ -71.726975, 11.017705 ], [ -71.727486, 11.017845 ], [ -71.727921, 11.018084 ], [ -71.728218, 11.018461 ], [ -71.728531, 11.018884 ], [ -71.728920, 11.019096 ], [ -71.729317, 11.019337 ], [ -71.729706, 11.019550 ], [ -71.730148, 11.019628 ], [ -71.730514, 11.019706 ], [ -71.731003, 11.019891 ], [ -71.731812, 11.019983 ], [ -71.732254, 11.020015 ], [ -71.732628, 11.020111 ], [ -71.733040, 11.020261 ], [ -71.733460, 11.020447 ], [ -71.733940, 11.020732 ], [ -71.734329, 11.021045 ], [ -71.734879, 11.021536 ], [ -71.735237, 11.022048 ], [ -71.735436, 11.022507 ], [ -71.735573, 11.022948 ], [ -71.735580, 11.023427 ], [ -71.735527, 11.023915 ], [ -71.736297, 11.023953 ], [ -71.736717, 11.023824 ], [ -71.737228, 11.023692 ], [ -71.737747, 11.023543 ], [ -71.738167, 11.023440 ], [ -71.738586, 11.023283 ], [ -71.738968, 11.023108 ], [ -71.739410, 11.022977 ], [ -71.739807, 11.022712 ], [ -71.740097, 11.022483 ], [ -71.740356, 11.022237 ], [ -71.740852, 11.021907 ], [ -71.741112, 11.021562 ], [ -71.741608, 11.021187 ], [ -71.742081, 11.020875 ], [ -71.742622, 11.020608 ], [ -71.743065, 11.020477 ], [ -71.743461, 11.020392 ], [ -71.743904, 11.020425 ], [ -71.744369, 11.020412 ], [ -71.744926, 11.020334 ], [ -71.745865, 11.020353 ], [ -71.746376, 11.020339 ], [ -71.746842, 11.020344 ], [ -71.747284, 11.020313 ], [ -71.747704, 11.020110 ], [ -71.748032, 11.019909 ], [ -71.748482, 11.019597 ], [ -71.748978, 11.019150 ], [ -71.749573, 11.018377 ], [ -71.749863, 11.018067 ], [ -71.750145, 11.017820 ], [ -71.750481, 11.017502 ], [ -71.750717, 11.017093 ], [ -71.751122, 11.016828 ], [ -71.751518, 11.016760 ], [ -71.751869, 11.016676 ], [ -71.752266, 11.016500 ], [ -71.752693, 11.016280 ], [ -71.753021, 11.016060 ], [ -71.753349, 11.015859 ], [ -71.754097, 11.015671 ], [ -71.754448, 11.015532 ], [ -71.754776, 11.015385 ], [ -71.755112, 11.015201 ], [ -71.755768, 11.014942 ], [ -71.756164, 11.014902 ], [ -71.756721, 11.014798 ], [ -71.757095, 11.014921 ], [ -71.757507, 11.015116 ], [ -71.758102, 11.015590 ], [ -71.758995, 11.016268 ], [ -71.759338, 11.016508 ], [ -71.759682, 11.016722 ], [ -71.759956, 11.016954 ], [ -71.760307, 11.017214 ], [ -71.760574, 11.017536 ], [ -71.761055, 11.018146 ], [ -71.761909, 11.018428 ], [ -71.761947, 11.017225 ], [ -71.761909, 11.016702 ], [ -71.761963, 11.016051 ], [ -71.762039, 11.015499 ], [ -71.762161, 11.014830 ], [ -71.762550, 11.013741 ], [ -71.762855, 11.013089 ], [ -71.763474, 11.011854 ], [ -71.763847, 11.011173 ], [ -71.764183, 11.010611 ], [ -71.764557, 11.010101 ], [ -71.764870, 11.009655 ], [ -71.765724, 11.008528 ], [ -71.766060, 11.008100 ], [ -71.766464, 11.007653 ], [ -71.766914, 11.007116 ], [ -71.767304, 11.006733 ], [ -71.767685, 11.006377 ], [ -71.768143, 11.006139 ], [ -71.768471, 11.005567 ], [ -71.769058, 11.005118 ], [ -71.769623, 11.004995 ], [ -71.770462, 11.004852 ], [ -71.770981, 11.004649 ], [ -71.771538, 11.004455 ], [ -71.772034, 11.004233 ], [ -71.772530, 11.003948 ], [ -71.773094, 11.003636 ], [ -71.773567, 11.003352 ], [ -71.774033, 11.003031 ], [ -71.774460, 11.002630 ], [ -71.774864, 11.002229 ], [ -71.775154, 11.001792 ], [ -71.775330, 11.001177 ], [ -71.775337, 11.000607 ], [ -71.775261, 11.000120 ], [ -71.775024, 10.999435 ], [ -71.774887, 10.999084 ], [ -71.774307, 10.998674 ], [ -71.773697, 10.998156 ], [ -71.772171, 10.997303 ], [ -71.771248, 10.996444 ], [ -71.769974, 10.995588 ], [ -71.769089, 10.995216 ], [ -71.768280, 10.995296 ], [ -71.767662, 10.995438 ], [ -71.767013, 10.995561 ], [ -71.766220, 10.995623 ], [ -71.765617, 10.995556 ], [ -71.764214, 10.995433 ], [ -71.763504, 10.995701 ], [ -71.762833, 10.995825 ], [ -71.762207, 10.995831 ], [ -71.761528, 10.995765 ], [ -71.760979, 10.996095 ], [ -71.760307, 10.996579 ], [ -71.759636, 10.996685 ], [ -71.758988, 10.996826 ], [ -71.758431, 10.997293 ], [ -71.757706, 10.997227 ], [ -71.757019, 10.997006 ], [ -71.756424, 10.996804 ], [ -71.755806, 10.996485 ], [ -71.755119, 10.996175 ], [ -71.754333, 10.995866 ], [ -71.753769, 10.995664 ], [ -71.753006, 10.995309 ], [ -71.752274, 10.995063 ], [ -71.751717, 10.994607 ], [ -71.751495, 10.993859 ], [ -71.751259, 10.993247 ], [ -71.750923, 10.992618 ], [ -71.750298, 10.992163 ], [ -71.749764, 10.991661 ], [ -71.749565, 10.991021 ], [ -71.749542, 10.990407 ], [ -71.749229, 10.989723 ], [ -71.748520, 10.989441 ], [ -71.747826, 10.988644 ], [ -71.747497, 10.988122 ], [ -71.747146, 10.987520 ], [ -71.746842, 10.986962 ], [ -71.746467, 10.986379 ], [ -71.746025, 10.985940 ], [ -71.745643, 10.985293 ], [ -71.745224, 10.984736 ], [ -71.744720, 10.984362 ], [ -71.744163, 10.984024 ], [ -71.743675, 10.983450 ], [ -71.743263, 10.982640 ], [ -71.743088, 10.981911 ], [ -71.743035, 10.981242 ], [ -71.742577, 10.980831 ], [ -71.742020, 10.980438 ], [ -71.741485, 10.979982 ], [ -71.741043, 10.979453 ], [ -71.740486, 10.978989 ], [ -71.739914, 10.978307 ], [ -71.739548, 10.977814 ], [ -71.738937, 10.977701 ], [ -71.738449, 10.977290 ], [ -71.738770, 10.976673 ], [ -71.738716, 10.976059 ], [ -71.737991, 10.975885 ], [ -71.737244, 10.975386 ], [ -71.736801, 10.974947 ], [ -71.736641, 10.974361 ], [ -71.736259, 10.973823 ], [ -71.735779, 10.973412 ], [ -71.735229, 10.973046 ], [ -71.734856, 10.972552 ], [ -71.734612, 10.971923 ], [ -71.734131, 10.971502 ], [ -71.733559, 10.971182 ], [ -71.733109, 10.970563 ], [ -71.732620, 10.970098 ], [ -71.732094, 10.969713 ], [ -71.731514, 10.969412 ], [ -71.730965, 10.969100 ], [ -71.730660, 10.968515 ], [ -71.730217, 10.968023 ], [ -71.729713, 10.967684 ], [ -71.729103, 10.967527 ], [ -71.728447, 10.967461 ], [ -71.727829, 10.967285 ], [ -71.727326, 10.966866 ], [ -71.727089, 10.966308 ], [ -71.726761, 10.965768 ], [ -71.726151, 10.965222 ], [ -71.725823, 10.964656 ], [ -71.725288, 10.964083 ], [ -71.724930, 10.963526 ], [ -71.724396, 10.962890 ], [ -71.723969, 10.962306 ], [ -71.723503, 10.961867 ], [ -71.722877, 10.961439 ], [ -71.722313, 10.961183 ], [ -71.721535, 10.961081 ], [ -71.720863, 10.961041 ], [ -71.720314, 10.960767 ], [ -71.720352, 10.960152 ], [ -71.719826, 10.959823 ], [ -71.719520, 10.959265 ], [ -71.719650, 10.958613 ], [ -71.719345, 10.958055 ], [ -71.719132, 10.957417 ], [ -71.718475, 10.957242 ], [ -71.717926, 10.956596 ], [ -71.717827, 10.955964 ], [ -71.717682, 10.955297 ], [ -71.717560, 10.954684 ], [ -71.716873, 10.953498 ], [ -71.716522, 10.952823 ], [ -71.716194, 10.952311 ], [ -71.715858, 10.951636 ], [ -71.715523, 10.950817 ], [ -71.714813, 10.949631 ], [ -71.714409, 10.949002 ], [ -71.714004, 10.948265 ], [ -71.713760, 10.947562 ], [ -71.713501, 10.946905 ], [ -71.713287, 10.946320 ], [ -71.712975, 10.945645 ], [ -71.712738, 10.945033 ], [ -71.712028, 10.943756 ], [ -71.711922, 10.943116 ], [ -71.711945, 10.942447 ], [ -71.711326, 10.941160 ], [ -71.711525, 10.940491 ], [ -71.711891, 10.939891 ], [ -71.711861, 10.939204 ], [ -71.711716, 10.938591 ], [ -71.712181, 10.938108 ], [ -71.712829, 10.938058 ], [ -71.713379, 10.937781 ], [ -71.713631, 10.937174 ], [ -71.713547, 10.936461 ], [ -71.713875, 10.935889 ], [ -71.714287, 10.935298 ], [ -71.714355, 10.934701 ], [ -71.713905, 10.934163 ], [ -71.713737, 10.933532 ], [ -71.714111, 10.933004 ], [ -71.714683, 10.932774 ], [ -71.715256, 10.932498 ], [ -71.715843, 10.931272 ], [ -71.716171, 10.930728 ], [ -71.716560, 10.930110 ], [ -71.716843, 10.929565 ], [ -71.717018, 10.928913 ], [ -71.717201, 10.928307 ], [ -71.717499, 10.927744 ], [ -71.718048, 10.928064 ], [ -71.718659, 10.928176 ], [ -71.718887, 10.927568 ], [ -71.718468, 10.927031 ], [ -71.718186, 10.926400 ], [ -71.717697, 10.925989 ], [ -71.717064, 10.925922 ], [ -71.716621, 10.925394 ], [ -71.716385, 10.924709 ], [ -71.716255, 10.924050 ], [ -71.715973, 10.923421 ], [ -71.715553, 10.922865 ], [ -71.715019, 10.922499 ], [ -71.714668, 10.921932 ], [ -71.715012, 10.921325 ], [ -71.715500, 10.920706 ], [ -71.715912, 10.920151 ], [ -71.716240, 10.919588 ], [ -71.716492, 10.919025 ], [ -71.716690, 10.918346 ], [ -71.716934, 10.916980 ], [ -71.716881, 10.916339 ], [ -71.716659, 10.915609 ], [ -71.716438, 10.914933 ], [ -71.716194, 10.913698 ], [ -71.716126, 10.913084 ], [ -71.715988, 10.912254 ], [ -71.715882, 10.910882 ], [ -71.715759, 10.910287 ], [ -71.715515, 10.909611 ], [ -71.715324, 10.908954 ], [ -71.715202, 10.908359 ], [ -71.714958, 10.907538 ], [ -71.714676, 10.906980 ], [ -71.714531, 10.906367 ], [ -71.714462, 10.905474 ], [ -71.714279, 10.904003 ], [ -71.713753, 10.902580 ], [ -71.713554, 10.901877 ], [ -71.713425, 10.901101 ], [ -71.713364, 10.899837 ], [ -71.713448, 10.899140 ], [ -71.713417, 10.898454 ], [ -71.713249, 10.897841 ], [ -71.713104, 10.897246 ], [ -71.713646, 10.896790 ], [ -71.714043, 10.896290 ], [ -71.713768, 10.894892 ], [ -71.713524, 10.894098 ], [ -71.713295, 10.893233 ], [ -71.713173, 10.892620 ], [ -71.712975, 10.891872 ], [ -71.712387, 10.890676 ], [ -71.712112, 10.889928 ], [ -71.711945, 10.889270 ], [ -71.711426, 10.887667 ], [ -71.710663, 10.885767 ], [ -71.710152, 10.884750 ], [ -71.709717, 10.883779 ], [ -71.709495, 10.882163 ], [ -71.709305, 10.880422 ], [ -71.709038, 10.879765 ], [ -71.708626, 10.878982 ], [ -71.708336, 10.878235 ], [ -71.708122, 10.877641 ], [ -71.707886, 10.877082 ], [ -71.707558, 10.876516 ], [ -71.707863, 10.875953 ], [ -71.707733, 10.875268 ], [ -71.707542, 10.874682 ], [ -71.707329, 10.873925 ], [ -71.707092, 10.872996 ], [ -71.706879, 10.872411 ], [ -71.706780, 10.871680 ], [ -71.706856, 10.870776 ], [ -71.706894, 10.870108 ], [ -71.706978, 10.869366 ], [ -71.706993, 10.868724 ], [ -71.706955, 10.868010 ], [ -71.706673, 10.867381 ], [ -71.706322, 10.866869 ], [ -71.705643, 10.865673 ], [ -71.705147, 10.865171 ], [ -71.704804, 10.864633 ], [ -71.704575, 10.863812 ], [ -71.704376, 10.862947 ], [ -71.704109, 10.862272 ], [ -71.703827, 10.861714 ], [ -71.703369, 10.860327 ], [ -71.703064, 10.859770 ], [ -71.702492, 10.859052 ], [ -71.702255, 10.858494 ], [ -71.702064, 10.857854 ], [ -71.701584, 10.856936 ], [ -71.701004, 10.856065 ], [ -71.700592, 10.855139 ], [ -71.700264, 10.854554 ], [ -71.699905, 10.853862 ], [ -71.699593, 10.853187 ], [ -71.699242, 10.852232 ], [ -71.699112, 10.851456 ], [ -71.698998, 10.850842 ], [ -71.698830, 10.850230 ], [ -71.698372, 10.848978 ], [ -71.698059, 10.848285 ], [ -71.697136, 10.846965 ], [ -71.696777, 10.846200 ], [ -71.696587, 10.845561 ], [ -71.696312, 10.844488 ], [ -71.696091, 10.843929 ], [ -71.695732, 10.843283 ], [ -71.695381, 10.842698 ], [ -71.694977, 10.841979 ], [ -71.694641, 10.841187 ], [ -71.694343, 10.840349 ], [ -71.693619, 10.838801 ], [ -71.692635, 10.837166 ], [ -71.692284, 10.836510 ], [ -71.691803, 10.835800 ], [ -71.690994, 10.834361 ], [ -71.690689, 10.833750 ], [ -71.690338, 10.833193 ], [ -71.689941, 10.832727 ], [ -71.689499, 10.832170 ], [ -71.689102, 10.831614 ], [ -71.688667, 10.830858 ], [ -71.688331, 10.830156 ], [ -71.688118, 10.829526 ], [ -71.687645, 10.828835 ], [ -71.686951, 10.827431 ], [ -71.686340, 10.826885 ], [ -71.686287, 10.826199 ], [ -71.686447, 10.825592 ], [ -71.686226, 10.824871 ], [ -71.685852, 10.824360 ], [ -71.685394, 10.823939 ], [ -71.684891, 10.823591 ], [ -71.684524, 10.822826 ], [ -71.684196, 10.822179 ], [ -71.683800, 10.821270 ], [ -71.683655, 10.820593 ], [ -71.683464, 10.819981 ], [ -71.682907, 10.819426 ], [ -71.682617, 10.818777 ], [ -71.682259, 10.818030 ], [ -71.681885, 10.817519 ], [ -71.681640, 10.816843 ], [ -71.681473, 10.816176 ], [ -71.681167, 10.815528 ], [ -71.680389, 10.814460 ], [ -71.679955, 10.813967 ], [ -71.679276, 10.813494 ], [ -71.678818, 10.813083 ], [ -71.678322, 10.812436 ], [ -71.677902, 10.811925 ], [ -71.677475, 10.811278 ], [ -71.677170, 10.810666 ], [ -71.676865, 10.810109 ], [ -71.676811, 10.809467 ], [ -71.676781, 10.808772 ], [ -71.676521, 10.808187 ], [ -71.676216, 10.807648 ], [ -71.675774, 10.807191 ], [ -71.675171, 10.806735 ], [ -71.675720, 10.806451 ], [ -71.676231, 10.805923 ], [ -71.676476, 10.805197 ], [ -71.676460, 10.804393 ], [ -71.676201, 10.803808 ], [ -71.675865, 10.802609 ], [ -71.675301, 10.801964 ], [ -71.675018, 10.801379 ], [ -71.674690, 10.800795 ], [ -71.674446, 10.799974 ], [ -71.674438, 10.799360 ], [ -71.674354, 10.798620 ], [ -71.674072, 10.797972 ], [ -71.673592, 10.797254 ], [ -71.673172, 10.796697 ], [ -71.672752, 10.796186 ], [ -71.672935, 10.795606 ], [ -71.672813, 10.794992 ], [ -71.672050, 10.793969 ], [ -71.672226, 10.793290 ], [ -71.672005, 10.792587 ], [ -71.671677, 10.791958 ], [ -71.671715, 10.791270 ], [ -71.671455, 10.790704 ], [ -71.670990, 10.790283 ], [ -71.670258, 10.789973 ], [ -71.670364, 10.789322 ], [ -71.670616, 10.788606 ], [ -71.670402, 10.787993 ], [ -71.670074, 10.787427 ], [ -71.669678, 10.786915 ], [ -71.669166, 10.786531 ], [ -71.668709, 10.786111 ], [ -71.668198, 10.785699 ], [ -71.667656, 10.785008 ], [ -71.667580, 10.784368 ], [ -71.667526, 10.783654 ], [ -71.667221, 10.783096 ], [ -71.666824, 10.782585 ], [ -71.666366, 10.781866 ], [ -71.666115, 10.781308 ], [ -71.665756, 10.780697 ], [ -71.665291, 10.780078 ], [ -71.664871, 10.779593 ], [ -71.663925, 10.778734 ], [ -71.663437, 10.778277 ], [ -71.662972, 10.777739 ], [ -71.662521, 10.777093 ], [ -71.662102, 10.776564 ], [ -71.661705, 10.776025 ], [ -71.661171, 10.775551 ], [ -71.660492, 10.775023 ], [ -71.659988, 10.774611 ], [ -71.659470, 10.774083 ], [ -71.659035, 10.773600 ], [ -71.658592, 10.773151 ], [ -71.658195, 10.772694 ], [ -71.657486, 10.771824 ], [ -71.657112, 10.771267 ], [ -71.656822, 10.770681 ], [ -71.656365, 10.770198 ], [ -71.655800, 10.769696 ], [ -71.655403, 10.769158 ], [ -71.654587, 10.768090 ], [ -71.654198, 10.767623 ], [ -71.653603, 10.766843 ], [ -71.653206, 10.766385 ], [ -71.652107, 10.765283 ], [ -71.651604, 10.764817 ], [ -71.651093, 10.764479 ], [ -71.649887, 10.763522 ], [ -71.649330, 10.762967 ], [ -71.648880, 10.762347 ], [ -71.648346, 10.761864 ], [ -71.647743, 10.761472 ], [ -71.647217, 10.761106 ], [ -71.646751, 10.760667 ], [ -71.646355, 10.760092 ], [ -71.645844, 10.759608 ], [ -71.645241, 10.759171 ], [ -71.644775, 10.758615 ], [ -71.644264, 10.758185 ], [ -71.643776, 10.757674 ], [ -71.643120, 10.756506 ], [ -71.642639, 10.756112 ], [ -71.642013, 10.755819 ], [ -71.641182, 10.754941 ], [ -71.640694, 10.754385 ], [ -71.640236, 10.753946 ], [ -71.639641, 10.753309 ], [ -71.639114, 10.752845 ], [ -71.638603, 10.752360 ], [ -71.638161, 10.751877 ], [ -71.637489, 10.751422 ], [ -71.636917, 10.751101 ], [ -71.636292, 10.750718 ], [ -71.635742, 10.750424 ], [ -71.635254, 10.749941 ], [ -71.635200, 10.749227 ], [ -71.635094, 10.748514 ], [ -71.634483, 10.748294 ], [ -71.633888, 10.748597 ], [ -71.633293, 10.748232 ], [ -71.632782, 10.747793 ], [ -71.632225, 10.747292 ], [ -71.631851, 10.746753 ], [ -71.631378, 10.746134 ], [ -71.630867, 10.745623 ], [ -71.630379, 10.745076 ], [ -71.629890, 10.744547 ], [ -71.629143, 10.743451 ], [ -71.628456, 10.743340 ], [ -71.628182, 10.742800 ], [ -71.627418, 10.742535 ], [ -71.626778, 10.742197 ], [ -71.626404, 10.741713 ], [ -71.626007, 10.741174 ], [ -71.625656, 10.740571 ], [ -71.625305, 10.740059 ], [ -71.624779, 10.739738 ], [ -71.624206, 10.739436 ], [ -71.623855, 10.738861 ], [ -71.623322, 10.738396 ], [ -71.622703, 10.738681 ], [ -71.622459, 10.739315 ], [ -71.622276, 10.739895 ], [ -71.621635, 10.739648 ], [ -71.621063, 10.739327 ], [ -71.620659, 10.738725 ], [ -71.620407, 10.738158 ], [ -71.620186, 10.737545 ], [ -71.619866, 10.737033 ], [ -71.619224, 10.736876 ], [ -71.618881, 10.737421 ], [ -71.619141, 10.738033 ], [ -71.619476, 10.738663 ], [ -71.619804, 10.739221 ], [ -71.620148, 10.739741 ], [ -71.620659, 10.740225 ], [ -71.620216, 10.740653 ], [ -71.619682, 10.740215 ], [ -71.619148, 10.739669 ], [ -71.618309, 10.738627 ], [ -71.617844, 10.738189 ], [ -71.617813, 10.737538 ], [ -71.617416, 10.737027 ], [ -71.617302, 10.736441 ], [ -71.617928, 10.736408 ], [ -71.617897, 10.735740 ], [ -71.617546, 10.735165 ], [ -71.618012, 10.734772 ], [ -71.618645, 10.734739 ], [ -71.618241, 10.734093 ], [ -71.617622, 10.733411 ], [ -71.617096, 10.733000 ], [ -71.616493, 10.732635 ], [ -71.615708, 10.732090 ], [ -71.615173, 10.731633 ], [ -71.614632, 10.731105 ], [ -71.614021, 10.730929 ], [ -71.613197, 10.730639 ], [ -71.611275, 10.729435 ], [ -71.610557, 10.728916 ], [ -71.609825, 10.728263 ], [ -71.609100, 10.727673 ], [ -71.608353, 10.727037 ], [ -71.607750, 10.726609 ], [ -71.606987, 10.726227 ], [ -71.606438, 10.725933 ], [ -71.605957, 10.725540 ], [ -71.605331, 10.725058 ], [ -71.604767, 10.724511 ], [ -71.604301, 10.724000 ], [ -71.603859, 10.723443 ], [ -71.603211, 10.722942 ], [ -71.602623, 10.722396 ], [ -71.601997, 10.721850 ], [ -71.601463, 10.721439 ], [ -71.600822, 10.721101 ], [ -71.600151, 10.720781 ], [ -71.599670, 10.720325 ], [ -71.598900, 10.720404 ], [ -71.598396, 10.720056 ], [ -71.598160, 10.719443 ], [ -71.597534, 10.719403 ], [ -71.596916, 10.719246 ], [ -71.596436, 10.718861 ], [ -71.595932, 10.718440 ], [ -71.595314, 10.718238 ], [ -71.594719, 10.717873 ], [ -71.594169, 10.717579 ], [ -71.593468, 10.717494 ], [ -71.592812, 10.717437 ], [ -71.592216, 10.717207 ], [ -71.592026, 10.716620 ], [ -71.592445, 10.716048 ], [ -71.592598, 10.715351 ], [ -71.592659, 10.714637 ], [ -71.592491, 10.713997 ], [ -71.592117, 10.713503 ], [ -71.591637, 10.713109 ], [ -71.591034, 10.712653 ], [ -71.589684, 10.711572 ], [ -71.589111, 10.711251 ], [ -71.588539, 10.710976 ], [ -71.587234, 10.710463 ], [ -71.586548, 10.710215 ], [ -71.585953, 10.709849 ], [ -71.585358, 10.709601 ], [ -71.584824, 10.709208 ], [ -71.584343, 10.708752 ], [ -71.583702, 10.708612 ], [ -71.583160, 10.708319 ], [ -71.582504, 10.707818 ], [ -71.581955, 10.707425 ], [ -71.581284, 10.707024 ], [ -71.580818, 10.706540 ], [ -71.580223, 10.706220 ], [ -71.579636, 10.706035 ], [ -71.579147, 10.705650 ], [ -71.578560, 10.705421 ], [ -71.578232, 10.704863 ], [ -71.578362, 10.704211 ], [ -71.578781, 10.703711 ], [ -71.579132, 10.703166 ], [ -71.579666, 10.702727 ], [ -71.580933, 10.702898 ], [ -71.581589, 10.703055 ], [ -71.582192, 10.703439 ], [ -71.582832, 10.703704 ], [ -71.583489, 10.703907 ], [ -71.584213, 10.703946 ], [ -71.584862, 10.703896 ], [ -71.585457, 10.704098 ], [ -71.585556, 10.704784 ], [ -71.585518, 10.705426 ], [ -71.585976, 10.705865 ], [ -71.586082, 10.705123 ], [ -71.586052, 10.704509 ], [ -71.586403, 10.703981 ], [ -71.587052, 10.703886 ], [ -71.587723, 10.703898 ], [ -71.588364, 10.703622 ], [ -71.588844, 10.703004 ], [ -71.589081, 10.702433 ], [ -71.589546, 10.701932 ], [ -71.589912, 10.701314 ], [ -71.589714, 10.700639 ], [ -71.589340, 10.700081 ], [ -71.589241, 10.699458 ], [ -71.589615, 10.698940 ], [ -71.590134, 10.698593 ], [ -71.590202, 10.697987 ], [ -71.590477, 10.697407 ], [ -71.591179, 10.697491 ], [ -71.591774, 10.697251 ], [ -71.592285, 10.696813 ], [ -71.593002, 10.696645 ], [ -71.593689, 10.696359 ], [ -71.594124, 10.695831 ], [ -71.594475, 10.695340 ], [ -71.594818, 10.694723 ], [ -71.595299, 10.693599 ], [ -71.595482, 10.692920 ], [ -71.595199, 10.692262 ], [ -71.594849, 10.691705 ], [ -71.594376, 10.691131 ], [ -71.593887, 10.690664 ], [ -71.593582, 10.690017 ], [ -71.593201, 10.689252 ], [ -71.592621, 10.688768 ], [ -71.592079, 10.688222 ], [ -71.591889, 10.687564 ], [ -71.591514, 10.686998 ], [ -71.591118, 10.686441 ], [ -71.590973, 10.685855 ], [ -71.590713, 10.685243 ], [ -71.590271, 10.684804 ], [ -71.589767, 10.684456 ], [ -71.589416, 10.683944 ], [ -71.589157, 10.683313 ], [ -71.588799, 10.682656 ], [ -71.588516, 10.682008 ], [ -71.588486, 10.681340 ], [ -71.588341, 10.680699 ], [ -71.588058, 10.680160 ], [ -71.587982, 10.679519 ], [ -71.587837, 10.678861 ], [ -71.587440, 10.678394 ], [ -71.587341, 10.677753 ], [ -71.586945, 10.675678 ], [ -71.587151, 10.674953 ], [ -71.587234, 10.674356 ], [ -71.587463, 10.673795 ], [ -71.588005, 10.673374 ], [ -71.588356, 10.672830 ], [ -71.588417, 10.672188 ], [ -71.589111, 10.671070 ], [ -71.588890, 10.670413 ], [ -71.588799, 10.669772 ], [ -71.589210, 10.669181 ], [ -71.589180, 10.668495 ], [ -71.589218, 10.667753 ], [ -71.589333, 10.667066 ], [ -71.590042, 10.666690 ], [ -71.590011, 10.666157 ], [ -71.590073, 10.665605 ], [ -71.590324, 10.665124 ], [ -71.590599, 10.664661 ], [ -71.590965, 10.664243 ], [ -71.591309, 10.663824 ], [ -71.591629, 10.663387 ], [ -71.591858, 10.662880 ], [ -71.592041, 10.662390 ], [ -71.592461, 10.660733 ], [ -71.592690, 10.660243 ], [ -71.593048, 10.659165 ], [ -71.593277, 10.658612 ], [ -71.594398, 10.657356 ], [ -71.594559, 10.656876 ], [ -71.594482, 10.656299 ], [ -71.594338, 10.655793 ], [ -71.594261, 10.655243 ], [ -71.594322, 10.654646 ], [ -71.594482, 10.654112 ], [ -71.594681, 10.653604 ], [ -71.594910, 10.653096 ], [ -71.595139, 10.652543 ], [ -71.595436, 10.652107 ], [ -71.595802, 10.651689 ], [ -71.596237, 10.651360 ], [ -71.596603, 10.650895 ], [ -71.596809, 10.650388 ], [ -71.597199, 10.649996 ], [ -71.597732, 10.649784 ], [ -71.598213, 10.649545 ], [ -71.598702, 10.649333 ], [ -71.599144, 10.649032 ], [ -71.599434, 10.648613 ], [ -71.599617, 10.648132 ], [ -71.599678, 10.647599 ], [ -71.599678, 10.647048 ], [ -71.599579, 10.646498 ], [ -71.599411, 10.646020 ], [ -71.599289, 10.645515 ], [ -71.599213, 10.644965 ], [ -71.599251, 10.644495 ], [ -71.599411, 10.643861 ], [ -71.599747, 10.642818 ], [ -71.600082, 10.641822 ], [ -71.600311, 10.641179 ], [ -71.600556, 10.640671 ], [ -71.600830, 10.640207 ], [ -71.601082, 10.639727 ], [ -71.601562, 10.639424 ], [ -71.602081, 10.639528 ], [ -71.602592, 10.639615 ], [ -71.603149, 10.639772 ], [ -71.603706, 10.639949 ], [ -71.604317, 10.640106 ], [ -71.604828, 10.640264 ], [ -71.605339, 10.640513 ], [ -71.605782, 10.640230 ], [ -71.606125, 10.639793 ], [ -71.606659, 10.639997 ], [ -71.606758, 10.640502 ], [ -71.607109, 10.640905 ], [ -71.607223, 10.640381 ], [ -71.607658, 10.640079 ], [ -71.608063, 10.640419 ], [ -71.608063, 10.640970 ], [ -71.608444, 10.641382 ], [ -71.609482, 10.641654 ], [ -71.610077, 10.641821 ], [ -71.610611, 10.641861 ], [ -71.611794, 10.641896 ], [ -71.612495, 10.641800 ], [ -71.612862, 10.641725 ], [ -71.613854, 10.641374 ], [ -71.614265, 10.641027 ], [ -71.614540, 10.640563 ], [ -71.614769, 10.640029 ], [ -71.614884, 10.639477 ], [ -71.614777, 10.638927 ], [ -71.614426, 10.638451 ], [ -71.614052, 10.638083 ], [ -71.614113, 10.637531 ], [ -71.614029, 10.636737 ], [ -71.613792, 10.635971 ], [ -71.613648, 10.635421 ], [ -71.613548, 10.634915 ], [ -71.613357, 10.634429 ], [ -71.613030, 10.634026 ], [ -71.612587, 10.633749 ], [ -71.612205, 10.633337 ], [ -71.611946, 10.632833 ], [ -71.611641, 10.632311 ], [ -71.611305, 10.631808 ], [ -71.610954, 10.631377 ], [ -71.610580, 10.630938 ], [ -71.610275, 10.630507 ], [ -71.610153, 10.629956 ], [ -71.609962, 10.629452 ], [ -71.609741, 10.628975 ], [ -71.609482, 10.628516 ], [ -71.609177, 10.628058 ], [ -71.608917, 10.627572 ], [ -71.608749, 10.627077 ], [ -71.608673, 10.626499 ], [ -71.608803, 10.626010 ], [ -71.608658, 10.625442 ], [ -71.608627, 10.624909 ], [ -71.608582, 10.624386 ], [ -71.608414, 10.623881 ], [ -71.608101, 10.623423 ], [ -71.607750, 10.622947 ], [ -71.607468, 10.622506 ], [ -71.607109, 10.622076 ], [ -71.606758, 10.621591 ], [ -71.606407, 10.621161 ], [ -71.606094, 10.620702 ], [ -71.605743, 10.620226 ], [ -71.605347, 10.619796 ], [ -71.605003, 10.620187 ], [ -71.604607, 10.620561 ], [ -71.604195, 10.620880 ], [ -71.603752, 10.620541 ], [ -71.604004, 10.620060 ], [ -71.603996, 10.619481 ], [ -71.604195, 10.618956 ], [ -71.604286, 10.618422 ], [ -71.604584, 10.617941 ], [ -71.604157, 10.617619 ], [ -71.603271, 10.617075 ], [ -71.602898, 10.616663 ], [ -71.602791, 10.616112 ], [ -71.603065, 10.615631 ], [ -71.603271, 10.615078 ], [ -71.603401, 10.614471 ], [ -71.603584, 10.613901 ], [ -71.603554, 10.613277 ], [ -71.603752, 10.612725 ], [ -71.603264, 10.612503 ], [ -71.602844, 10.612182 ], [ -71.603211, 10.611717 ], [ -71.603760, 10.611225 ], [ -71.604256, 10.611501 ], [ -71.604721, 10.611723 ], [ -71.605278, 10.611718 ], [ -71.605690, 10.611372 ], [ -71.606613, 10.610723 ], [ -71.607002, 10.610322 ], [ -71.607208, 10.609796 ], [ -71.607292, 10.609262 ], [ -71.607269, 10.608693 ], [ -71.607124, 10.608161 ], [ -71.606583, 10.608048 ], [ -71.606369, 10.607526 ], [ -71.606812, 10.607243 ], [ -71.607720, 10.607903 ], [ -71.608215, 10.608125 ], [ -71.608765, 10.608012 ], [ -71.608994, 10.607504 ], [ -71.608688, 10.607046 ], [ -71.609245, 10.606879 ], [ -71.609680, 10.606595 ], [ -71.609726, 10.606071 ], [ -71.609230, 10.605822 ], [ -71.608719, 10.605618 ], [ -71.608253, 10.605342 ], [ -71.607826, 10.604984 ], [ -71.607773, 10.604451 ], [ -71.608071, 10.603971 ], [ -71.608459, 10.603524 ], [ -71.608971, 10.603267 ], [ -71.609413, 10.603606 ], [ -71.609932, 10.603675 ], [ -71.610458, 10.603553 ], [ -71.610992, 10.603386 ], [ -71.611549, 10.603155 ], [ -71.612099, 10.602853 ], [ -71.612190, 10.602319 ], [ -71.612022, 10.601697 ], [ -71.611595, 10.601384 ], [ -71.611755, 10.600786 ], [ -71.612145, 10.600340 ], [ -71.612655, 10.600264 ], [ -71.613090, 10.599989 ], [ -71.613159, 10.599438 ], [ -71.613129, 10.598905 ], [ -71.613144, 10.598218 ], [ -71.612907, 10.597244 ], [ -71.612778, 10.596658 ], [ -71.613030, 10.596194 ], [ -71.613396, 10.595894 ], [ -71.613716, 10.595448 ], [ -71.613945, 10.594922 ], [ -71.614098, 10.594415 ], [ -71.614189, 10.593863 ], [ -71.614250, 10.593311 ], [ -71.614220, 10.592707 ], [ -71.614120, 10.592155 ], [ -71.613930, 10.591679 ], [ -71.613670, 10.591193 ], [ -71.613052, 10.590195 ], [ -71.612793, 10.589709 ], [ -71.612602, 10.589160 ], [ -71.612503, 10.588610 ], [ -71.612152, 10.588223 ], [ -71.611610, 10.588138 ], [ -71.611122, 10.587862 ], [ -71.610527, 10.586810 ], [ -71.610245, 10.586351 ], [ -71.609985, 10.585757 ], [ -71.609955, 10.585188 ], [ -71.609718, 10.584702 ], [ -71.609505, 10.584225 ], [ -71.609337, 10.583649 ], [ -71.609238, 10.583143 ], [ -71.609161, 10.582638 ], [ -71.609039, 10.582114 ], [ -71.608986, 10.581582 ], [ -71.608971, 10.580435 ], [ -71.609062, 10.579838 ], [ -71.609169, 10.579286 ], [ -71.609230, 10.578707 ], [ -71.609428, 10.577115 ], [ -71.609535, 10.576500 ], [ -71.609505, 10.575967 ], [ -71.609497, 10.575389 ], [ -71.609749, 10.574925 ], [ -71.610283, 10.574858 ], [ -71.610390, 10.574351 ], [ -71.609947, 10.574012 ], [ -71.609039, 10.573441 ], [ -71.608726, 10.572983 ], [ -71.608978, 10.572501 ], [ -71.609322, 10.572083 ], [ -71.609947, 10.572005 ], [ -71.610443, 10.572300 ], [ -71.610863, 10.572639 ], [ -71.611580, 10.572751 ], [ -71.611832, 10.572360 ], [ -71.612106, 10.571870 ], [ -71.612419, 10.570883 ], [ -71.612465, 10.570286 ], [ -71.612389, 10.569754 ], [ -71.612381, 10.569202 ], [ -71.612655, 10.568740 ], [ -71.612976, 10.568321 ], [ -71.613228, 10.567841 ], [ -71.613403, 10.567333 ], [ -71.613518, 10.566799 ], [ -71.613579, 10.566275 ], [ -71.613617, 10.565189 ], [ -71.613884, 10.564727 ], [ -71.614158, 10.564291 ], [ -71.614593, 10.563203 ], [ -71.614792, 10.562668 ], [ -71.614975, 10.562098 ], [ -71.615105, 10.561563 ], [ -71.615265, 10.561083 ], [ -71.615463, 10.560549 ], [ -71.615623, 10.559996 ], [ -71.615730, 10.559462 ], [ -71.615708, 10.558938 ], [ -71.615547, 10.557259 ], [ -71.615539, 10.556689 ], [ -71.615623, 10.556174 ], [ -71.615990, 10.555141 ], [ -71.616142, 10.554651 ], [ -71.616158, 10.554100 ], [ -71.616104, 10.552936 ], [ -71.615982, 10.552430 ], [ -71.615746, 10.551881 ], [ -71.615555, 10.551376 ], [ -71.615311, 10.550891 ], [ -71.615265, 10.550367 ], [ -71.615372, 10.549833 ], [ -71.615578, 10.549326 ], [ -71.615845, 10.548862 ], [ -71.616165, 10.548381 ], [ -71.616783, 10.547500 ], [ -71.617157, 10.547126 ], [ -71.617569, 10.546780 ], [ -71.618050, 10.546540 ], [ -71.618538, 10.546355 ], [ -71.619003, 10.546072 ], [ -71.619393, 10.545680 ], [ -71.619545, 10.545191 ], [ -71.619659, 10.544684 ], [ -71.619629, 10.544160 ], [ -71.619507, 10.543628 ], [ -71.619316, 10.543123 ], [ -71.619011, 10.542720 ], [ -71.618607, 10.542379 ], [ -71.618072, 10.542221 ], [ -71.617561, 10.542089 ], [ -71.617004, 10.541977 ], [ -71.616585, 10.541682 ], [ -71.616486, 10.541150 ], [ -71.616852, 10.540687 ], [ -71.617333, 10.540502 ], [ -71.617890, 10.540361 ], [ -71.618423, 10.540194 ], [ -71.618935, 10.540072 ], [ -71.619537, 10.540231 ], [ -71.619980, 10.540525 ], [ -71.620453, 10.540774 ], [ -71.620964, 10.540832 ], [ -71.621498, 10.540783 ], [ -71.622002, 10.540553 ], [ -71.622490, 10.540224 ], [ -71.622856, 10.539850 ], [ -71.623085, 10.539388 ], [ -71.623238, 10.538862 ], [ -71.623375, 10.538328 ], [ -71.623596, 10.537296 ], [ -71.623680, 10.536762 ], [ -71.624016, 10.535703 ], [ -71.624199, 10.535213 ], [ -71.624695, 10.534685 ], [ -71.624672, 10.534180 ], [ -71.624878, 10.533689 ], [ -71.625130, 10.533209 ], [ -71.625405, 10.532745 ], [ -71.626404, 10.531328 ], [ -71.626938, 10.530917 ], [ -71.627258, 10.530499 ], [ -71.627510, 10.529990 ], [ -71.627709, 10.529501 ], [ -71.628235, 10.528421 ], [ -71.629280, 10.526407 ], [ -71.629601, 10.525970 ], [ -71.629967, 10.525552 ], [ -71.630264, 10.525134 ], [ -71.630371, 10.524600 ], [ -71.630417, 10.524049 ], [ -71.630455, 10.523434 ], [ -71.630470, 10.522873 ], [ -71.630455, 10.521707 ], [ -71.630516, 10.520922 ], [ -71.630585, 10.520343 ], [ -71.630691, 10.519817 ], [ -71.630852, 10.519265 ], [ -71.631050, 10.518758 ], [ -71.631210, 10.518250 ], [ -71.631340, 10.517671 ], [ -71.631454, 10.517092 ], [ -71.631492, 10.516567 ], [ -71.631485, 10.516016 ], [ -71.631432, 10.515484 ], [ -71.631126, 10.514935 ], [ -71.630730, 10.514595 ], [ -71.630325, 10.514228 ], [ -71.630180, 10.513723 ], [ -71.630280, 10.513036 ], [ -71.630402, 10.512158 ], [ -71.630592, 10.511082 ], [ -71.631004, 10.510039 ], [ -71.631477, 10.509095 ], [ -71.631775, 10.508632 ], [ -71.632049, 10.508169 ], [ -71.632370, 10.507706 ], [ -71.632599, 10.507243 ], [ -71.632683, 10.506691 ], [ -71.632698, 10.506095 ], [ -71.632691, 10.505471 ], [ -71.632492, 10.504416 ], [ -71.632248, 10.503315 ], [ -71.632080, 10.502784 ], [ -71.632034, 10.502260 ], [ -71.632225, 10.501156 ], [ -71.632309, 10.500504 ], [ -71.632400, 10.499953 ], [ -71.632530, 10.498850 ], [ -71.632522, 10.498317 ], [ -71.632446, 10.497793 ], [ -71.632324, 10.497261 ], [ -71.632134, 10.496667 ], [ -71.632011, 10.496071 ], [ -71.631821, 10.495594 ], [ -71.631622, 10.495045 ], [ -71.631500, 10.494467 ], [ -71.631027, 10.493414 ], [ -71.630951, 10.492908 ], [ -71.630989, 10.492267 ], [ -71.631126, 10.491759 ], [ -71.631256, 10.491207 ], [ -71.631348, 10.490674 ], [ -71.631409, 10.490167 ], [ -71.631424, 10.489643 ], [ -71.631393, 10.489065 ], [ -71.631348, 10.488514 ], [ -71.631180, 10.488009 ], [ -71.630959, 10.487478 ], [ -71.630791, 10.486974 ], [ -71.630669, 10.486450 ], [ -71.630592, 10.485946 ], [ -71.630638, 10.485412 ], [ -71.630745, 10.484905 ], [ -71.630905, 10.484425 ], [ -71.631157, 10.483934 ], [ -71.631454, 10.483472 ], [ -71.631775, 10.483035 ], [ -71.632065, 10.482572 ], [ -71.632340, 10.482064 ], [ -71.632569, 10.481583 ], [ -71.632995, 10.480586 ], [ -71.633247, 10.480078 ], [ -71.633820, 10.479061 ], [ -71.634018, 10.478580 ], [ -71.634270, 10.478018 ], [ -71.634407, 10.477493 ], [ -71.634468, 10.476941 ], [ -71.634506, 10.476362 ], [ -71.634498, 10.475766 ], [ -71.634300, 10.474666 ], [ -71.634155, 10.474115 ], [ -71.634056, 10.473583 ], [ -71.633980, 10.473061 ], [ -71.633957, 10.472528 ], [ -71.633949, 10.471904 ], [ -71.633888, 10.470739 ], [ -71.633812, 10.470089 ], [ -71.633705, 10.468969 ], [ -71.633629, 10.468391 ], [ -71.633484, 10.467887 ], [ -71.633270, 10.467410 ], [ -71.633079, 10.466924 ], [ -71.632866, 10.466419 ], [ -71.632584, 10.465943 ], [ -71.632156, 10.465305 ], [ -71.632080, 10.464800 ], [ -71.631843, 10.464206 ], [ -71.631485, 10.463142 ], [ -71.631027, 10.462026 ], [ -71.630722, 10.461477 ], [ -71.630417, 10.461063 ], [ -71.630081, 10.460650 ], [ -71.629425, 10.459743 ], [ -71.629234, 10.459257 ], [ -71.629532, 10.458776 ], [ -71.629829, 10.458358 ], [ -71.630127, 10.457912 ], [ -71.630371, 10.457387 ], [ -71.630318, 10.456836 ], [ -71.629989, 10.456396 ], [ -71.630081, 10.455890 ], [ -71.630257, 10.455382 ], [ -71.630715, 10.454412 ], [ -71.630913, 10.453931 ], [ -71.631096, 10.453424 ], [ -71.631134, 10.452845 ], [ -71.631104, 10.452276 ], [ -71.631004, 10.451725 ], [ -71.630837, 10.451239 ], [ -71.630600, 10.450735 ], [ -71.630340, 10.450258 ], [ -71.630173, 10.449726 ], [ -71.630280, 10.449129 ], [ -71.630272, 10.448533 ], [ -71.630150, 10.447983 ], [ -71.629913, 10.447433 ], [ -71.629723, 10.446884 ], [ -71.629509, 10.446335 ], [ -71.629272, 10.445759 ], [ -71.629082, 10.445254 ], [ -71.628792, 10.444777 ], [ -71.628441, 10.444338 ], [ -71.628159, 10.443907 ], [ -71.627831, 10.443494 ], [ -71.627495, 10.443035 ], [ -71.627098, 10.442560 ], [ -71.626656, 10.442265 ], [ -71.626114, 10.442061 ], [ -71.625649, 10.441813 ], [ -71.625343, 10.441400 ], [ -71.625458, 10.440893 ], [ -71.625870, 10.440546 ], [ -71.626404, 10.440452 ], [ -71.626892, 10.440610 ], [ -71.627449, 10.440759 ], [ -71.627914, 10.441035 ], [ -71.628494, 10.440985 ], [ -71.628990, 10.441207 ], [ -71.629410, 10.441529 ], [ -71.629829, 10.441869 ], [ -71.630226, 10.442208 ], [ -71.631119, 10.442888 ], [ -71.631607, 10.443164 ], [ -71.632545, 10.443617 ], [ -71.633079, 10.443676 ], [ -71.634750, 10.443726 ], [ -71.635284, 10.443676 ], [ -71.636352, 10.443486 ], [ -71.636856, 10.443319 ], [ -71.637879, 10.442923 ], [ -71.638474, 10.442710 ], [ -71.639031, 10.442497 ], [ -71.639610, 10.442258 ], [ -71.640167, 10.442045 ], [ -71.640671, 10.441833 ], [ -71.641182, 10.441549 ], [ -71.641594, 10.441230 ], [ -71.642059, 10.440990 ], [ -71.643074, 10.440802 ], [ -71.643974, 10.440170 ], [ -71.644486, 10.439914 ], [ -71.645058, 10.439538 ], [ -71.645477, 10.439318 ], [ -71.647003, 10.438827 ], [ -71.647461, 10.438588 ], [ -71.648506, 10.438146 ], [ -71.649033, 10.437906 ], [ -71.651161, 10.437147 ], [ -71.651741, 10.436980 ], [ -71.652321, 10.436794 ], [ -71.652870, 10.436591 ], [ -71.653496, 10.436351 ], [ -71.653984, 10.436112 ], [ -71.654465, 10.435855 ], [ -71.654930, 10.435508 ], [ -71.655296, 10.435107 ], [ -71.655639, 10.434716 ], [ -71.656029, 10.434234 ], [ -71.656441, 10.433787 ], [ -71.656853, 10.433369 ], [ -71.657318, 10.433022 ], [ -71.657753, 10.432720 ], [ -71.658287, 10.432417 ], [ -71.658745, 10.432134 ], [ -71.659256, 10.431921 ], [ -71.659553, 10.431458 ], [ -71.659149, 10.431118 ], [ -71.658890, 10.430614 ], [ -71.658859, 10.430063 ], [ -71.659225, 10.429645 ], [ -71.659737, 10.429478 ], [ -71.660225, 10.429248 ], [ -71.660759, 10.429352 ], [ -71.660858, 10.429884 ], [ -71.660980, 10.430434 ], [ -71.661423, 10.430711 ], [ -71.661957, 10.430697 ], [ -71.662468, 10.430630 ], [ -71.662949, 10.430390 ], [ -71.663963, 10.429786 ], [ -71.664452, 10.429547 ], [ -71.664940, 10.429335 ], [ -71.665421, 10.429078 ], [ -71.665833, 10.428777 ], [ -71.666176, 10.428312 ], [ -71.666550, 10.427948 ], [ -71.666893, 10.427547 ], [ -71.667259, 10.427175 ], [ -71.667694, 10.426854 ], [ -71.668228, 10.426615 ], [ -71.668686, 10.426385 ], [ -71.669151, 10.426128 ], [ -71.669609, 10.425799 ], [ -71.670044, 10.425470 ], [ -71.670509, 10.425105 ], [ -71.670944, 10.424731 ], [ -71.671333, 10.424357 ], [ -71.671722, 10.423939 ], [ -71.672463, 10.423201 ], [ -71.672897, 10.422890 ], [ -71.673408, 10.422614 ], [ -71.673912, 10.422447 ], [ -71.675529, 10.421675 ], [ -71.676041, 10.421418 ], [ -71.676476, 10.421134 ], [ -71.676865, 10.420788 ], [ -71.677208, 10.420342 ], [ -71.677506, 10.419933 ], [ -71.677780, 10.419488 ], [ -71.678078, 10.418962 ], [ -71.678307, 10.418471 ], [ -71.678673, 10.418080 ], [ -71.679276, 10.418003 ], [ -71.679687, 10.417701 ], [ -71.679985, 10.417211 ], [ -71.680626, 10.416311 ], [ -71.681015, 10.415892 ], [ -71.681427, 10.415545 ], [ -71.681862, 10.415154 ], [ -71.682304, 10.414851 ], [ -71.682717, 10.414522 ], [ -71.683128, 10.414148 ], [ -71.683769, 10.413312 ], [ -71.684158, 10.412830 ], [ -71.684502, 10.412438 ], [ -71.684898, 10.412065 ], [ -71.685288, 10.411646 ], [ -71.685676, 10.411155 ], [ -71.686043, 10.410746 ], [ -71.686432, 10.410344 ], [ -71.686844, 10.409970 ], [ -71.687279, 10.409605 ], [ -71.687744, 10.409186 ], [ -71.688087, 10.408786 ], [ -71.688454, 10.408421 ], [ -71.689232, 10.407493 ], [ -71.689598, 10.407029 ], [ -71.691063, 10.405355 ], [ -71.692238, 10.404170 ], [ -71.692718, 10.403958 ], [ -71.693207, 10.403701 ], [ -71.693664, 10.403426 ], [ -71.694199, 10.403332 ], [ -71.694687, 10.403165 ], [ -71.695122, 10.402836 ], [ -71.695557, 10.402552 ], [ -71.696091, 10.402412 ], [ -71.696602, 10.402155 ], [ -71.697037, 10.401826 ], [ -71.697449, 10.401479 ], [ -71.698189, 10.400741 ], [ -71.698486, 10.400295 ], [ -71.698708, 10.399833 ], [ -71.699005, 10.399369 ], [ -71.699371, 10.398951 ], [ -71.699745, 10.398415 ], [ -71.700378, 10.397732 ], [ -71.701210, 10.396993 ], [ -71.701691, 10.396736 ], [ -71.702179, 10.396452 ], [ -71.702659, 10.396194 ], [ -71.703194, 10.395892 ], [ -71.703613, 10.395699 ], [ -71.704178, 10.395712 ], [ -71.704742, 10.395139 ], [ -71.705292, 10.394880 ], [ -71.706284, 10.394321 ], [ -71.706795, 10.394127 ], [ -71.707947, 10.393611 ], [ -71.708527, 10.393309 ], [ -71.709106, 10.393213 ], [ -71.709641, 10.393208 ], [ -71.710152, 10.393114 ], [ -71.711166, 10.392871 ], [ -71.711700, 10.392703 ], [ -71.712189, 10.392518 ], [ -71.712692, 10.392306 ], [ -71.713203, 10.392113 ], [ -71.713684, 10.391883 ], [ -71.714752, 10.391521 ], [ -71.715324, 10.391218 ], [ -71.715744, 10.390799 ], [ -71.716133, 10.390434 ], [ -71.716522, 10.390034 ], [ -71.717346, 10.389339 ], [ -71.717766, 10.389011 ], [ -71.718224, 10.388754 ], [ -71.718781, 10.388614 ], [ -71.719314, 10.388564 ], [ -71.719849, 10.388415 ], [ -71.720375, 10.388203 ], [ -71.720841, 10.387973 ], [ -71.721344, 10.387689 ], [ -71.721855, 10.387431 ], [ -71.722366, 10.387201 ], [ -71.722847, 10.386935 ], [ -71.723358, 10.386732 ], [ -71.723907, 10.386493 ], [ -71.724419, 10.386253 ], [ -71.724876, 10.386023 ], [ -71.725365, 10.385676 ], [ -71.725754, 10.385321 ], [ -71.726257, 10.385063 ], [ -71.726723, 10.384806 ], [ -71.727211, 10.384576 ], [ -71.727737, 10.384409 ], [ -71.728782, 10.384165 ], [ -71.729340, 10.384025 ], [ -71.729843, 10.383813 ], [ -71.730354, 10.383555 ], [ -71.731278, 10.382970 ], [ -71.731758, 10.382622 ], [ -71.732262, 10.382293 ], [ -71.732681, 10.381973 ], [ -71.733116, 10.381572 ], [ -71.733269, 10.381064 ], [ -71.733566, 10.380628 ], [ -71.734299, 10.379655 ], [ -71.734718, 10.379353 ], [ -71.735176, 10.379069 ], [ -71.735664, 10.378795 ], [ -71.736626, 10.378162 ], [ -71.737503, 10.377550 ], [ -71.737961, 10.377203 ], [ -71.739639, 10.375788 ], [ -71.740013, 10.375415 ], [ -71.740837, 10.374531 ], [ -71.741249, 10.374185 ], [ -71.742096, 10.373418 ], [ -71.742561, 10.373016 ], [ -71.743797, 10.371976 ], [ -71.744217, 10.371575 ], [ -71.744652, 10.371182 ], [ -71.745110, 10.370718 ], [ -71.746002, 10.369906 ], [ -71.746971, 10.369112 ], [ -71.747894, 10.368527 ], [ -71.748818, 10.367904 ], [ -71.749229, 10.367548 ], [ -71.750008, 10.366855 ], [ -71.750443, 10.366417 ], [ -71.750816, 10.365998 ], [ -71.751106, 10.365535 ], [ -71.751427, 10.365000 ], [ -71.751678, 10.364447 ], [ -71.752243, 10.363457 ], [ -71.752861, 10.362457 ], [ -71.753136, 10.361949 ], [ -71.753525, 10.361603 ], [ -71.754074, 10.361155 ], [ -71.754494, 10.360835 ], [ -71.755409, 10.360086 ], [ -71.756813, 10.359063 ], [ -71.757172, 10.358734 ], [ -71.757622, 10.358297 ], [ -71.758034, 10.357950 ], [ -71.758491, 10.357694 ], [ -71.759048, 10.357571 ], [ -71.760063, 10.357192 ], [ -71.760551, 10.356980 ], [ -71.760986, 10.356696 ], [ -71.761406, 10.356349 ], [ -71.761947, 10.355405 ], [ -71.762176, 10.354916 ], [ -71.762375, 10.354407 ], [ -71.762985, 10.352957 ], [ -71.763283, 10.352511 ], [ -71.764069, 10.351701 ], [ -71.764503, 10.351309 ], [ -71.765328, 10.350606 ], [ -71.765793, 10.350349 ], [ -71.766274, 10.350029 ], [ -71.766685, 10.349718 ], [ -71.767151, 10.349398 ], [ -71.767540, 10.349051 ], [ -71.767929, 10.348678 ], [ -71.768318, 10.348276 ], [ -71.768661, 10.347885 ], [ -71.769325, 10.347003 ], [ -71.769813, 10.346701 ], [ -71.770203, 10.346354 ], [ -71.771027, 10.345561 ], [ -71.771416, 10.345169 ], [ -71.771851, 10.344777 ], [ -71.772079, 10.344287 ], [ -71.772331, 10.343806 ], [ -71.772812, 10.343504 ], [ -71.773155, 10.343013 ], [ -71.773476, 10.342577 ], [ -71.773888, 10.342248 ], [ -71.774376, 10.341990 ], [ -71.774910, 10.341986 ], [ -71.775421, 10.341819 ], [ -71.776360, 10.341214 ], [ -71.776825, 10.340903 ], [ -71.777260, 10.340584 ], [ -71.777794, 10.340281 ], [ -71.778206, 10.339907 ], [ -71.778526, 10.339488 ], [ -71.778870, 10.339006 ], [ -71.779533, 10.338124 ], [ -71.779945, 10.337750 ], [ -71.780334, 10.337377 ], [ -71.780769, 10.337003 ], [ -71.781692, 10.336263 ], [ -71.782105, 10.335862 ], [ -71.782585, 10.335424 ], [ -71.783096, 10.335167 ], [ -71.783554, 10.334909 ], [ -71.784088, 10.334743 ], [ -71.784592, 10.334531 ], [ -71.785103, 10.334300 ], [ -71.785584, 10.334016 ], [ -71.786026, 10.333687 ], [ -71.786011, 10.333281 ], [ -71.786308, 10.333025 ], [ -71.786377, 10.332456 ], [ -71.786362, 10.331904 ], [ -71.786575, 10.331361 ], [ -71.786812, 10.330897 ], [ -71.787094, 10.330425 ], [ -71.787384, 10.329980 ], [ -71.787666, 10.329508 ], [ -71.788048, 10.329017 ], [ -71.788445, 10.328544 ], [ -71.788818, 10.327980 ], [ -71.789169, 10.327390 ], [ -71.789482, 10.326918 ], [ -71.789719, 10.326446 ], [ -71.790100, 10.326027 ], [ -71.790436, 10.325618 ], [ -71.790650, 10.325110 ], [ -71.790978, 10.324656 ], [ -71.791412, 10.324299 ], [ -71.791840, 10.323988 ], [ -71.792267, 10.323623 ], [ -71.792740, 10.323312 ], [ -71.793221, 10.323019 ], [ -71.793648, 10.322708 ], [ -71.793793, 10.322128 ], [ -71.793609, 10.321624 ], [ -71.793549, 10.321074 ], [ -71.793617, 10.320495 ], [ -71.793808, 10.319915 ], [ -71.794022, 10.319407 ], [ -71.794144, 10.318873 ], [ -71.794166, 10.318295 ], [ -71.794098, 10.317672 ], [ -71.794014, 10.316598 ], [ -71.794090, 10.316046 ], [ -71.794395, 10.315546 ], [ -71.795181, 10.314672 ], [ -71.795509, 10.314181 ], [ -71.795746, 10.313664 ], [ -71.795868, 10.313157 ], [ -71.795914, 10.312444 ], [ -71.795982, 10.311837 ], [ -71.796150, 10.311303 ], [ -71.796341, 10.310768 ], [ -71.796555, 10.310251 ], [ -71.796768, 10.309699 ], [ -71.797241, 10.308620 ], [ -71.797996, 10.307077 ], [ -71.798256, 10.306587 ], [ -71.798378, 10.306053 ], [ -71.798401, 10.305456 ], [ -71.798546, 10.304895 ], [ -71.798714, 10.304388 ], [ -71.798950, 10.303853 ], [ -71.799255, 10.303308 ], [ -71.799591, 10.302880 ], [ -71.800034, 10.302389 ], [ -71.800392, 10.301961 ], [ -71.800728, 10.301516 ], [ -71.801056, 10.301043 ], [ -71.801392, 10.300589 ], [ -71.800896, 10.300331 ], [ -71.800690, 10.299809 ], [ -71.800575, 10.299240 ], [ -71.800621, 10.298572 ], [ -71.800789, 10.298037 ], [ -71.800980, 10.297475 ], [ -71.801193, 10.296986 ], [ -71.801338, 10.295836 ], [ -71.801315, 10.295304 ], [ -71.801437, 10.294635 ], [ -71.801666, 10.294100 ], [ -71.801949, 10.293510 ], [ -71.802323, 10.292883 ], [ -71.802559, 10.292412 ], [ -71.802910, 10.291821 ], [ -71.803436, 10.290886 ], [ -71.803581, 10.290379 ], [ -71.803680, 10.289818 ], [ -71.803841, 10.288551 ], [ -71.803940, 10.287946 ], [ -71.804062, 10.287438 ], [ -71.804276, 10.286949 ], [ -71.804581, 10.286504 ], [ -71.805008, 10.286076 ], [ -71.805527, 10.285665 ], [ -71.806023, 10.285235 ], [ -71.806496, 10.284897 ], [ -71.807129, 10.284386 ], [ -71.807587, 10.284057 ], [ -71.808106, 10.283664 ], [ -71.808510, 10.283335 ], [ -71.809074, 10.282924 ], [ -71.810158, 10.282010 ], [ -71.811035, 10.281217 ], [ -71.811485, 10.280788 ], [ -71.812073, 10.280269 ], [ -71.812477, 10.279931 ], [ -71.812927, 10.279475 ], [ -71.813736, 10.278809 ], [ -71.814186, 10.278399 ], [ -71.814636, 10.277943 ], [ -71.814964, 10.277497 ], [ -71.815514, 10.276535 ], [ -71.815842, 10.276044 ], [ -71.816200, 10.275544 ], [ -71.816528, 10.275125 ], [ -71.817001, 10.274670 ], [ -71.817306, 10.274080 ], [ -71.817474, 10.273527 ], [ -71.817871, 10.272295 ], [ -71.818107, 10.271760 ], [ -71.818367, 10.271288 ], [ -71.818634, 10.270843 ], [ -71.818985, 10.270343 ], [ -71.819359, 10.269870 ], [ -71.819649, 10.269407 ], [ -71.819748, 10.268891 ], [ -71.819985, 10.267137 ], [ -71.820099, 10.266512 ], [ -71.820198, 10.265915 ], [ -71.820244, 10.265354 ], [ -71.820320, 10.264785 ], [ -71.820366, 10.264206 ], [ -71.820488, 10.263645 ], [ -71.820656, 10.263065 ], [ -71.820862, 10.262440 ], [ -71.821190, 10.261923 ], [ -71.821625, 10.261584 ], [ -71.822197, 10.261317 ], [ -71.822647, 10.260934 ], [ -71.822884, 10.260417 ], [ -71.823090, 10.259738 ], [ -71.823395, 10.258624 ], [ -71.823921, 10.256930 ], [ -71.824066, 10.256423 ], [ -71.824181, 10.255798 ], [ -71.824226, 10.255219 ], [ -71.824425, 10.254134 ], [ -71.824494, 10.253555 ], [ -71.824738, 10.251845 ], [ -71.824905, 10.251329 ], [ -71.825142, 10.250867 ], [ -71.825455, 10.250412 ], [ -71.825874, 10.249893 ], [ -71.826301, 10.249402 ], [ -71.826698, 10.248974 ], [ -71.827011, 10.248547 ], [ -71.827820, 10.247049 ], [ -71.828033, 10.246514 ], [ -71.828217, 10.245953 ], [ -71.828384, 10.245391 ], [ -71.828552, 10.244793 ], [ -71.828690, 10.244115 ], [ -71.828827, 10.243535 ], [ -71.828903, 10.242893 ], [ -71.829018, 10.242313 ], [ -71.829086, 10.241717 ], [ -71.829208, 10.241156 ], [ -71.829307, 10.240649 ], [ -71.829476, 10.240114 ], [ -71.829735, 10.239579 ], [ -71.829994, 10.239125 ], [ -71.830307, 10.238680 ], [ -71.830658, 10.238234 ], [ -71.831017, 10.237762 ], [ -71.831390, 10.237289 ], [ -71.831726, 10.236888 ], [ -71.832084, 10.236506 ], [ -71.832466, 10.236123 ], [ -71.832870, 10.235785 ], [ -71.833694, 10.234748 ], [ -71.834244, 10.233830 ], [ -71.834503, 10.233340 ], [ -71.834694, 10.232824 ], [ -71.835182, 10.231591 ], [ -71.835350, 10.231011 ], [ -71.835495, 10.230432 ], [ -71.835632, 10.229257 ], [ -71.835823, 10.227963 ], [ -71.835869, 10.227385 ], [ -71.835968, 10.226832 ], [ -71.836037, 10.226163 ], [ -71.836182, 10.225006 ], [ -71.836227, 10.224337 ], [ -71.836250, 10.223668 ], [ -71.836227, 10.223117 ], [ -71.836235, 10.222539 ], [ -71.836212, 10.222015 ], [ -71.836212, 10.220723 ], [ -71.836311, 10.219530 ], [ -71.836411, 10.218996 ], [ -71.836479, 10.218445 ], [ -71.836647, 10.217838 ], [ -71.836815, 10.217303 ], [ -71.837006, 10.216786 ], [ -71.837189, 10.216162 ], [ -71.837692, 10.215318 ], [ -71.837837, 10.214783 ], [ -71.837914, 10.214250 ], [ -71.838219, 10.213786 ], [ -71.838753, 10.213646 ], [ -71.839333, 10.213632 ], [ -71.839867, 10.213609 ], [ -71.840363, 10.213343 ], [ -71.840843, 10.213022 ], [ -71.841126, 10.212577 ], [ -71.841225, 10.211998 ], [ -71.841362, 10.211491 ], [ -71.841667, 10.210928 ], [ -71.841957, 10.210484 ], [ -71.842483, 10.210190 ], [ -71.843010, 10.209986 ], [ -71.844108, 10.209598 ], [ -71.844589, 10.209403 ], [ -71.845085, 10.209127 ], [ -71.846153, 10.208468 ], [ -71.846634, 10.208184 ], [ -71.847130, 10.207864 ], [ -71.847656, 10.207615 ], [ -71.848183, 10.207303 ], [ -71.848656, 10.206983 ], [ -71.849709, 10.206486 ], [ -71.850273, 10.206174 ], [ -71.850792, 10.205717 ], [ -71.851334, 10.205215 ], [ -71.851662, 10.204762 ], [ -71.852020, 10.204315 ], [ -71.852325, 10.203825 ], [ -71.852638, 10.203353 ], [ -71.853020, 10.202951 ], [ -71.853561, 10.202676 ], [ -71.854042, 10.202473 ], [ -71.854546, 10.202297 ], [ -71.855186, 10.202003 ], [ -71.855690, 10.201727 ], [ -71.856186, 10.201415 ], [ -71.856644, 10.201077 ], [ -71.856903, 10.200632 ], [ -71.857185, 10.200025 ], [ -71.857735, 10.199107 ], [ -71.858276, 10.198118 ], [ -71.858772, 10.196958 ], [ -71.859070, 10.196304 ], [ -71.859284, 10.195787 ], [ -71.859512, 10.195117 ], [ -71.859840, 10.193741 ], [ -71.859985, 10.193207 ], [ -71.860153, 10.192699 ], [ -71.860314, 10.192047 ], [ -71.860382, 10.191468 ], [ -71.860481, 10.190889 ], [ -71.860580, 10.190383 ], [ -71.860741, 10.189803 ], [ -71.860886, 10.189224 ], [ -71.861053, 10.188717 ], [ -71.861244, 10.188227 ], [ -71.861366, 10.187666 ], [ -71.861435, 10.187114 ], [ -71.861168, 10.186014 ], [ -71.861237, 10.185490 ], [ -71.861359, 10.184866 ], [ -71.861618, 10.183725 ], [ -71.861832, 10.183190 ], [ -71.862068, 10.182655 ], [ -71.862282, 10.182138 ], [ -71.862587, 10.181647 ], [ -71.862923, 10.181175 ], [ -71.863274, 10.180702 ], [ -71.863724, 10.180364 ], [ -71.864273, 10.179997 ], [ -71.865249, 10.179393 ], [ -71.865723, 10.179009 ], [ -71.866081, 10.178627 ], [ -71.866623, 10.178287 ], [ -71.867050, 10.177950 ], [ -71.867569, 10.177494 ], [ -71.867905, 10.177094 ], [ -71.868164, 10.176603 ], [ -71.868378, 10.176086 ], [ -71.868500, 10.175534 ], [ -71.868416, 10.174388 ], [ -71.868302, 10.173838 ], [ -71.868279, 10.173242 ], [ -71.868424, 10.172708 ], [ -71.868820, 10.172235 ], [ -71.869392, 10.171940 ], [ -71.869942, 10.171782 ], [ -71.870453, 10.171651 ], [ -71.870979, 10.171448 ], [ -71.871101, 10.170940 ], [ -71.870804, 10.170437 ], [ -71.870484, 10.169989 ], [ -71.870628, 10.169391 ], [ -71.871025, 10.168918 ], [ -71.871430, 10.168489 ], [ -71.871857, 10.168061 ], [ -71.872330, 10.167741 ], [ -71.872856, 10.167492 ], [ -71.873360, 10.167361 ], [ -71.874496, 10.167324 ], [ -71.875031, 10.167401 ], [ -71.875618, 10.167468 ], [ -71.876129, 10.167608 ], [ -71.876648, 10.167712 ], [ -71.877174, 10.167644 ], [ -71.878746, 10.166691 ], [ -71.879219, 10.166352 ], [ -71.880104, 10.165658 ], [ -71.880661, 10.165039 ], [ -71.881088, 10.164611 ], [ -71.881554, 10.164119 ], [ -71.881958, 10.163618 ], [ -71.882332, 10.163190 ], [ -71.882690, 10.162763 ], [ -71.883331, 10.161917 ], [ -71.883682, 10.161371 ], [ -71.883987, 10.160836 ], [ -71.885025, 10.159237 ], [ -71.885635, 10.158130 ], [ -71.885940, 10.157521 ], [ -71.886169, 10.156941 ], [ -71.886391, 10.156451 ], [ -71.886551, 10.155872 ], [ -71.886741, 10.155337 ], [ -71.887238, 10.154195 ], [ -71.887589, 10.153578 ], [ -71.888329, 10.152406 ], [ -71.888702, 10.151725 ], [ -71.888985, 10.151235 ], [ -71.889274, 10.150789 ], [ -71.889580, 10.150227 ], [ -71.890259, 10.149118 ], [ -71.890495, 10.148610 ], [ -71.890755, 10.148111 ], [ -71.890991, 10.147621 ], [ -71.891304, 10.147149 ], [ -71.891724, 10.146657 ], [ -71.892593, 10.145683 ], [ -71.893066, 10.145227 ], [ -71.893517, 10.144753 ], [ -71.894340, 10.143825 ], [ -71.894669, 10.143379 ], [ -71.894958, 10.142907 ], [ -71.895241, 10.142344 ], [ -71.895408, 10.141810 ], [ -71.895363, 10.141287 ], [ -71.895134, 10.140701 ], [ -71.894836, 10.140270 ], [ -71.894592, 10.139776 ], [ -71.894478, 10.139244 ], [ -71.894859, 10.138888 ], [ -71.895386, 10.138621 ], [ -71.895866, 10.138391 ], [ -71.896309, 10.137963 ], [ -71.896713, 10.137489 ], [ -71.896904, 10.136910 ], [ -71.896629, 10.135882 ], [ -71.896515, 10.135242 ], [ -71.896431, 10.134719 ], [ -71.896431, 10.134168 ], [ -71.896622, 10.133606 ], [ -71.897072, 10.133295 ], [ -71.897553, 10.133001 ], [ -71.897598, 10.132450 ], [ -71.897629, 10.131899 ], [ -71.897652, 10.131185 ], [ -71.897697, 10.130651 ], [ -71.897819, 10.130099 ], [ -71.898079, 10.129492 ], [ -71.898598, 10.128458 ], [ -71.899140, 10.127522 ], [ -71.899452, 10.127049 ], [ -71.899864, 10.126369 ], [ -71.900246, 10.125851 ], [ -71.900711, 10.125349 ], [ -71.901207, 10.124893 ], [ -71.901680, 10.124537 ], [ -71.902161, 10.124199 ], [ -71.902748, 10.123759 ], [ -71.903786, 10.122965 ], [ -71.904755, 10.122270 ], [ -71.905281, 10.121994 ], [ -71.905762, 10.121773 ], [ -71.906288, 10.121596 ], [ -71.906883, 10.121438 ], [ -71.907509, 10.121324 ], [ -71.908592, 10.121052 ], [ -71.909805, 10.120625 ], [ -71.910805, 10.120012 ], [ -71.911209, 10.119584 ], [ -71.911530, 10.118885 ], [ -71.911835, 10.118413 ], [ -71.912361, 10.118255 ], [ -71.912888, 10.118052 ], [ -71.913460, 10.117785 ], [ -71.914078, 10.117535 ], [ -71.914627, 10.117331 ], [ -71.915222, 10.117127 ], [ -71.915756, 10.116969 ], [ -71.916336, 10.116946 ], [ -71.916939, 10.116977 ], [ -71.917473, 10.116954 ], [ -71.917977, 10.116823 ], [ -71.918457, 10.116574 ], [ -71.918953, 10.116282 ], [ -71.919525, 10.116122 ], [ -71.920105, 10.115991 ], [ -71.921227, 10.115701 ], [ -71.921806, 10.115587 ], [ -71.922379, 10.115429 ], [ -71.922928, 10.115225 ], [ -71.923477, 10.115004 ], [ -71.923958, 10.114710 ], [ -71.924927, 10.114051 ], [ -71.925438, 10.113874 ], [ -71.925964, 10.113789 ], [ -71.926498, 10.113721 ], [ -71.927055, 10.113771 ], [ -71.927605, 10.113566 ], [ -71.928100, 10.113255 ], [ -71.928513, 10.112917 ], [ -71.929031, 10.112551 ], [ -71.929596, 10.112185 ], [ -71.930076, 10.111900 ], [ -71.930664, 10.111579 ], [ -71.931190, 10.111330 ], [ -71.931748, 10.111244 ], [ -71.932281, 10.111294 ], [ -71.932960, 10.111432 ], [ -71.933579, 10.111273 ], [ -71.934029, 10.110908 ], [ -71.934509, 10.110641 ], [ -71.935661, 10.110370 ], [ -71.936256, 10.110210 ], [ -71.936760, 10.109989 ], [ -71.937233, 10.109651 ], [ -71.937660, 10.109358 ], [ -71.938187, 10.109036 ], [ -71.938667, 10.108843 ], [ -71.939171, 10.108712 ], [ -71.939728, 10.108734 ], [ -71.940270, 10.108974 ], [ -71.940750, 10.109366 ], [ -71.941200, 10.109624 ], [ -71.941757, 10.109565 ], [ -71.942253, 10.109335 ], [ -71.942787, 10.109159 ], [ -71.943321, 10.109180 ], [ -71.943878, 10.109284 ], [ -71.944481, 10.109216 ], [ -71.945114, 10.108758 ], [ -71.945587, 10.108465 ], [ -71.946022, 10.108127 ], [ -71.946487, 10.107698 ], [ -71.947388, 10.106787 ], [ -71.948006, 10.105941 ], [ -71.948502, 10.105557 ], [ -71.948982, 10.105310 ], [ -71.949486, 10.105133 ], [ -71.950020, 10.105065 ], [ -71.950554, 10.105160 ], [ -71.951027, 10.105516 ], [ -71.951874, 10.106295 ], [ -71.952400, 10.106154 ], [ -71.953064, 10.105950 ], [ -71.953636, 10.105746 ], [ -71.954117, 10.105498 ], [ -71.954636, 10.105186 ], [ -71.955162, 10.104847 ], [ -71.955422, 10.104302 ], [ -71.955627, 10.103723 ], [ -71.955872, 10.103251 ], [ -71.956177, 10.102760 ], [ -71.956482, 10.102333 ], [ -71.956818, 10.101914 ], [ -71.957222, 10.101504 ], [ -71.957695, 10.101148 ], [ -71.958244, 10.100872 ], [ -71.958931, 10.100730 ], [ -71.959511, 10.100598 ], [ -71.959869, 10.100198 ], [ -71.960381, 10.099714 ], [ -71.960922, 10.099313 ], [ -71.961418, 10.098920 ], [ -71.961899, 10.098608 ], [ -71.962349, 10.098342 ], [ -71.962852, 10.098139 ], [ -71.963936, 10.097822 ], [ -71.964440, 10.097628 ], [ -71.964744, 10.097156 ], [ -71.965080, 10.096727 ], [ -71.965485, 10.096327 ], [ -71.965889, 10.095962 ], [ -71.966362, 10.095695 ], [ -71.966957, 10.095464 ], [ -71.967461, 10.095315 ], [ -71.967842, 10.094887 ], [ -71.968285, 10.094341 ], [ -71.968620, 10.093896 ], [ -71.969330, 10.093040 ], [ -71.969810, 10.092792 ], [ -71.970405, 10.092516 ], [ -71.970978, 10.092312 ], [ -71.971504, 10.092135 ], [ -71.972008, 10.091932 ], [ -71.972885, 10.091238 ], [ -71.973289, 10.090855 ], [ -71.973724, 10.090562 ], [ -71.974228, 10.090385 ], [ -71.974785, 10.090389 ], [ -71.975388, 10.090456 ], [ -71.975944, 10.090460 ], [ -71.976448, 10.090266 ], [ -71.976875, 10.089946 ], [ -71.977303, 10.089608 ], [ -71.977730, 10.089233 ], [ -71.978226, 10.088733 ], [ -71.978584, 10.088350 ], [ -71.978943, 10.087922 ], [ -71.979507, 10.086914 ], [ -71.980049, 10.086313 ], [ -71.980308, 10.086040 ], [ -71.980759, 10.085656 ], [ -71.981262, 10.085362 ], [ -71.981789, 10.085159 ], [ -71.982216, 10.084866 ], [ -71.982506, 10.084421 ], [ -71.982689, 10.083859 ], [ -71.983139, 10.083413 ], [ -71.983566, 10.083075 ], [ -71.984177, 10.082636 ], [ -71.984581, 10.082297 ], [ -71.985664, 10.081294 ], [ -71.986069, 10.080894 ], [ -71.986915, 10.079919 ], [ -71.987312, 10.079491 ], [ -71.987739, 10.078945 ], [ -71.988510, 10.077908 ], [ -71.988792, 10.077418 ], [ -71.989143, 10.076737 ], [ -71.989380, 10.076221 ], [ -71.989822, 10.074970 ], [ -71.989944, 10.074454 ], [ -71.990036, 10.073812 ], [ -71.990173, 10.072492 ], [ -71.990173, 10.071833 ], [ -71.990196, 10.071209 ], [ -71.990288, 10.070630 ], [ -71.990738, 10.069578 ], [ -71.991264, 10.068616 ], [ -71.991882, 10.067770 ], [ -71.992477, 10.066808 ], [ -71.992691, 10.066318 ], [ -71.992874, 10.065756 ], [ -71.993042, 10.065176 ], [ -71.993088, 10.064598 ], [ -71.993233, 10.064000 ], [ -71.993561, 10.062878 ], [ -71.993965, 10.061808 ], [ -71.994156, 10.061274 ], [ -71.994370, 10.060783 ], [ -71.994560, 10.060276 ], [ -71.994774, 10.059759 ], [ -71.994934, 10.059044 ], [ -71.995102, 10.057886 ], [ -71.995201, 10.057325 ], [ -71.995338, 10.056032 ], [ -71.995430, 10.055508 ], [ -71.995598, 10.054974 ], [ -71.996025, 10.053894 ], [ -71.996796, 10.052144 ], [ -71.996986, 10.051637 ], [ -71.997169, 10.050912 ], [ -71.997383, 10.049645 ], [ -71.997475, 10.048977 ], [ -71.997520, 10.048353 ], [ -71.997498, 10.047757 ], [ -71.997505, 10.047224 ], [ -71.997459, 10.045888 ], [ -71.997459, 10.045228 ], [ -71.997406, 10.044587 ], [ -71.997391, 10.044055 ], [ -71.997414, 10.043504 ], [ -71.997513, 10.042256 ], [ -71.997558, 10.041017 ], [ -71.997543, 10.040467 ], [ -71.997612, 10.039147 ], [ -71.997658, 10.038506 ], [ -71.997727, 10.037928 ], [ -71.997841, 10.037168 ], [ -71.998100, 10.036027 ], [ -71.998329, 10.035239 ], [ -71.998535, 10.034659 ], [ -71.998939, 10.034096 ], [ -71.998886, 10.032750 ], [ -71.999725, 10.028904 ], [ -72.000069, 10.027672 ], [ -72.000588, 10.026277 ], [ -72.001106, 10.025576 ], [ -72.001800, 10.024865 ], [ -72.002067, 10.024565 ], [ -72.002754, 10.024107 ], [ -72.003159, 10.023769 ], [ -72.003410, 10.023370 ], [ -72.003693, 10.022274 ], [ -72.003998, 10.021829 ], [ -72.004532, 10.020947 ], [ -72.004646, 10.020405 ], [ -72.004898, 10.019824 ], [ -72.004997, 10.019263 ], [ -72.005066, 10.018757 ], [ -72.005097, 10.018250 ], [ -72.005142, 10.017717 ], [ -72.005196, 10.016534 ], [ -72.005196, 10.015449 ], [ -72.005272, 10.014880 ], [ -72.005409, 10.014282 ], [ -72.005600, 10.013658 ], [ -72.005737, 10.013114 ], [ -72.005951, 10.012001 ], [ -72.006088, 10.011449 ], [ -72.006348, 10.010977 ], [ -72.006744, 10.010522 ], [ -72.007462, 10.009756 ], [ -72.007767, 10.009239 ], [ -72.007996, 10.008776 ], [ -72.008324, 10.008340 ], [ -72.008743, 10.008001 ], [ -72.009209, 10.007763 ], [ -72.009575, 10.007425 ], [ -72.009788, 10.006945 ], [ -72.009957, 10.006365 ], [ -72.010094, 10.005795 ], [ -72.010162, 10.005216 ], [ -72.010261, 10.004700 ], [ -72.010330, 10.004193 ], [ -72.010567, 10.003757 ], [ -72.010986, 10.003293 ], [ -72.011398, 10.002955 ], [ -72.011795, 10.002519 ], [ -72.012077, 10.002009 ], [ -72.012237, 10.001475 ], [ -72.012375, 10.000977 ], [ -72.012360, 10.000147 ], [ -72.012390, 9.999685 ], [ -72.012642, 9.998563 ], [ -72.012794, 9.998047 ], [ -72.012924, 9.997567 ], [ -72.013283, 9.997203 ], [ -72.013710, 9.996910 ], [ -72.013946, 9.996465 ], [ -72.013985, 9.995914 ], [ -72.014068, 9.995362 ], [ -72.014381, 9.993788 ], [ -72.014511, 9.993280 ], [ -72.014641, 9.992701 ], [ -72.014992, 9.991569 ], [ -72.015167, 9.991089 ], [ -72.015411, 9.990526 ], [ -72.015854, 9.989610 ], [ -72.016388, 9.988566 ], [ -72.016678, 9.988040 ], [ -72.016922, 9.987568 ], [ -72.017166, 9.987023 ], [ -72.017433, 9.986525 ], [ -72.017654, 9.986044 ], [ -72.017922, 9.985554 ], [ -72.018234, 9.985027 ], [ -72.018524, 9.984600 ], [ -72.018837, 9.984163 ], [ -72.019219, 9.983781 ], [ -72.019692, 9.983497 ], [ -72.020134, 9.983257 ], [ -72.020630, 9.982919 ], [ -72.021011, 9.982590 ], [ -72.021583, 9.981636 ], [ -72.022209, 9.980727 ], [ -72.022553, 9.980282 ], [ -72.022881, 9.979899 ], [ -72.023239, 9.979535 ], [ -72.023598, 9.979135 ], [ -72.023934, 9.978688 ], [ -72.024109, 9.978154 ], [ -72.024238, 9.977584 ], [ -72.024589, 9.976470 ], [ -72.024742, 9.975917 ], [ -72.024872, 9.975348 ], [ -72.025024, 9.974804 ], [ -72.025268, 9.974251 ], [ -72.025559, 9.973824 ], [ -72.025848, 9.973342 ], [ -72.026070, 9.972852 ], [ -72.026192, 9.972372 ], [ -72.026298, 9.971775 ], [ -72.026360, 9.971151 ], [ -72.026505, 9.970012 ], [ -72.026634, 9.969441 ], [ -72.026878, 9.968979 ], [ -72.027390, 9.968966 ], [ -72.027657, 9.968493 ], [ -72.027679, 9.967391 ], [ -72.027763, 9.966839 ], [ -72.027824, 9.966315 ], [ -72.027931, 9.965790 ], [ -72.028244, 9.965363 ], [ -72.028664, 9.965052 ], [ -72.028999, 9.964669 ], [ -72.029175, 9.964189 ], [ -72.029282, 9.963619 ], [ -72.029366, 9.963112 ], [ -72.029465, 9.962605 ], [ -72.029724, 9.961511 ], [ -72.029831, 9.961013 ], [ -72.029938, 9.960434 ], [ -72.030197, 9.959320 ], [ -72.030502, 9.958198 ], [ -72.030655, 9.957699 ], [ -72.030762, 9.957148 ], [ -72.030838, 9.956595 ], [ -72.030945, 9.956089 ], [ -72.031029, 9.955591 ], [ -72.031364, 9.955073 ], [ -72.031631, 9.954574 ], [ -72.031899, 9.954138 ], [ -72.032188, 9.953692 ], [ -72.032387, 9.953167 ], [ -72.032608, 9.952623 ], [ -72.032783, 9.952070 ], [ -72.033051, 9.951427 ], [ -72.033249, 9.950865 ], [ -72.033402, 9.950340 ], [ -72.033485, 9.949833 ], [ -72.033524, 9.949327 ], [ -72.033638, 9.948260 ], [ -72.033745, 9.947726 ], [ -72.034233, 9.946711 ], [ -72.034431, 9.946176 ], [ -72.034676, 9.945659 ], [ -72.034874, 9.945178 ], [ -72.035187, 9.944705 ], [ -72.035431, 9.944252 ], [ -72.035889, 9.943272 ], [ -72.036087, 9.942701 ], [ -72.036316, 9.942184 ], [ -72.036575, 9.941703 ], [ -72.036941, 9.941185 ], [ -72.037056, 9.940055 ], [ -72.037232, 9.939566 ], [ -72.037476, 9.939084 ], [ -72.038300, 9.937777 ], [ -72.038613, 9.937249 ], [ -72.038719, 9.936698 ], [ -72.038795, 9.936173 ], [ -72.038971, 9.935675 ], [ -72.039482, 9.934676 ], [ -72.039841, 9.934221 ], [ -72.040253, 9.933676 ], [ -72.040535, 9.933249 ], [ -72.040901, 9.932775 ], [ -72.041229, 9.932366 ], [ -72.041611, 9.931966 ], [ -72.041923, 9.931493 ], [ -72.042572, 9.930566 ], [ -72.042839, 9.930094 ], [ -72.043083, 9.929585 ], [ -72.043373, 9.929140 ], [ -72.043953, 9.928097 ], [ -72.044487, 9.927188 ], [ -72.044823, 9.926680 ], [ -72.045090, 9.926162 ], [ -72.045914, 9.924673 ], [ -72.046158, 9.924093 ], [ -72.046425, 9.923630 ], [ -72.046600, 9.923141 ], [ -72.046867, 9.922642 ], [ -72.047089, 9.922188 ], [ -72.047379, 9.921706 ], [ -72.047646, 9.921189 ], [ -72.047981, 9.920716 ], [ -72.048386, 9.920261 ], [ -72.048790, 9.919906 ], [ -72.049149, 9.919459 ], [ -72.049416, 9.918933 ], [ -72.049614, 9.918434 ], [ -72.049759, 9.917954 ], [ -72.050072, 9.917464 ], [ -72.050453, 9.917027 ], [ -72.050812, 9.916599 ], [ -72.051193, 9.916171 ], [ -72.051620, 9.915860 ], [ -72.052025, 9.915486 ], [ -72.052338, 9.915050 ], [ -72.052650, 9.914532 ], [ -72.052986, 9.914077 ], [ -72.053322, 9.913650 ], [ -72.053673, 9.913267 ], [ -72.054695, 9.912463 ], [ -72.055069, 9.912098 ], [ -72.055504, 9.911633 ], [ -72.056145, 9.910751 ], [ -72.056526, 9.910324 ], [ -72.057518, 9.908734 ], [ -72.058189, 9.907798 ], [ -72.058479, 9.907379 ], [ -72.058861, 9.906906 ], [ -72.059174, 9.906443 ], [ -72.059509, 9.906024 ], [ -72.060173, 9.905259 ], [ -72.060677, 9.904695 ], [ -72.061028, 9.904340 ], [ -72.061386, 9.903938 ], [ -72.061676, 9.903412 ], [ -72.061943, 9.902867 ], [ -72.062118, 9.902315 ], [ -72.062363, 9.901843 ], [ -72.062653, 9.901344 ], [ -72.063034, 9.900852 ], [ -72.063759, 9.899871 ], [ -72.064163, 9.899497 ], [ -72.064545, 9.899051 ], [ -72.064858, 9.898596 ], [ -72.065147, 9.898051 ], [ -72.065483, 9.897552 ], [ -72.065888, 9.897060 ], [ -72.066246, 9.896668 ], [ -72.067253, 9.896163 ], [ -72.067726, 9.895833 ], [ -72.068016, 9.895388 ], [ -72.068169, 9.894898 ], [ -72.068108, 9.894258 ], [ -72.068031, 9.893681 ], [ -72.068024, 9.893175 ], [ -72.068100, 9.892677 ], [ -72.068230, 9.892188 ], [ -72.068611, 9.891697 ], [ -72.069061, 9.891314 ], [ -72.069443, 9.890958 ], [ -72.069778, 9.890531 ], [ -72.070152, 9.890147 ], [ -72.070785, 9.889194 ], [ -72.071312, 9.889189 ], [ -72.071609, 9.889610 ], [ -72.071853, 9.890069 ], [ -72.072319, 9.889803 ], [ -72.072296, 9.888773 ], [ -72.072403, 9.888267 ], [ -72.072647, 9.887794 ], [ -72.072868, 9.887287 ], [ -72.073135, 9.886860 ], [ -72.073471, 9.886405 ], [ -72.073707, 9.885933 ], [ -72.073700, 9.885383 ], [ -72.073715, 9.884804 ], [ -72.073776, 9.884208 ], [ -72.073883, 9.883682 ], [ -72.074082, 9.883184 ], [ -72.074386, 9.882774 ], [ -72.074745, 9.882374 ], [ -72.075218, 9.881946 ], [ -72.075668, 9.881643 ], [ -72.076073, 9.881269 ], [ -72.076431, 9.880778 ], [ -72.076721, 9.880306 ], [ -72.077034, 9.879851 ], [ -72.077278, 9.879379 ], [ -72.077499, 9.878899 ], [ -72.077667, 9.878401 ], [ -72.077751, 9.877875 ], [ -72.077949, 9.877341 ], [ -72.078216, 9.876851 ], [ -72.078751, 9.875943 ], [ -72.079041, 9.875506 ], [ -72.079796, 9.874841 ], [ -72.080154, 9.874431 ], [ -72.080711, 9.873477 ], [ -72.080978, 9.872978 ], [ -72.081055, 9.872480 ], [ -72.081139, 9.871857 ], [ -72.081360, 9.871312 ], [ -72.081673, 9.870885 ], [ -72.081940, 9.870386 ], [ -72.082352, 9.869804 ], [ -72.082619, 9.869296 ], [ -72.082878, 9.868869 ], [ -72.083168, 9.868460 ], [ -72.084068, 9.867657 ], [ -72.084496, 9.867346 ], [ -72.085907, 9.866358 ], [ -72.086426, 9.865982 ], [ -72.086922, 9.865716 ], [ -72.087463, 9.865458 ], [ -72.088020, 9.865172 ], [ -72.088516, 9.864888 ], [ -72.089005, 9.864667 ], [ -72.089432, 9.864356 ], [ -72.089790, 9.863974 ], [ -72.090217, 9.863663 ], [ -72.090477, 9.863227 ], [ -72.090424, 9.862694 ], [ -72.090645, 9.862223 ], [ -72.091087, 9.861938 ], [ -72.092590, 9.861120 ], [ -72.093086, 9.860899 ], [ -72.093628, 9.860641 ], [ -72.094612, 9.860082 ], [ -72.095062, 9.859725 ], [ -72.096451, 9.858846 ], [ -72.096718, 9.858391 ], [ -72.097053, 9.857909 ], [ -72.097404, 9.857509 ], [ -72.097786, 9.857135 ], [ -72.098236, 9.856824 ], [ -72.098724, 9.856693 ], [ -72.099235, 9.856543 ], [ -72.099686, 9.856205 ], [ -72.100136, 9.855849 ], [ -72.100540, 9.855493 ], [ -72.101006, 9.855227 ], [ -72.101433, 9.854960 ], [ -72.101814, 9.854469 ], [ -72.102127, 9.853970 ], [ -72.102592, 9.852945 ], [ -72.102837, 9.852437 ], [ -72.103127, 9.851992 ], [ -72.103485, 9.851609 ], [ -72.104134, 9.851513 ], [ -72.104584, 9.851174 ], [ -72.105057, 9.850773 ], [ -72.105408, 9.850417 ], [ -72.105629, 9.849937 ], [ -72.105804, 9.849457 ], [ -72.106026, 9.849003 ], [ -72.106560, 9.848049 ], [ -72.106804, 9.847524 ], [ -72.106979, 9.846998 ], [ -72.107185, 9.845930 ], [ -72.107269, 9.845288 ], [ -72.107285, 9.844710 ], [ -72.107277, 9.844141 ], [ -72.107292, 9.843608 ], [ -72.107513, 9.842802 ], [ -72.107147, 9.842544 ], [ -72.107048, 9.842057 ], [ -72.107101, 9.841541 ], [ -72.107254, 9.841034 ], [ -72.107567, 9.840598 ], [ -72.108643, 9.840155 ], [ -72.109230, 9.840023 ], [ -72.109833, 9.839990 ], [ -72.110870, 9.840016 ], [ -72.111969, 9.839880 ], [ -72.112473, 9.839912 ], [ -72.112984, 9.839997 ], [ -72.113510, 9.840191 ], [ -72.114479, 9.840489 ], [ -72.114960, 9.840774 ], [ -72.115417, 9.841113 ], [ -72.115822, 9.841470 ], [ -72.116234, 9.841755 ], [ -72.116691, 9.842031 ], [ -72.117203, 9.841999 ], [ -72.117233, 9.841502 ], [ -72.117363, 9.840995 ], [ -72.117958, 9.841288 ], [ -72.118469, 9.841392 ], [ -72.119064, 9.841467 ], [ -72.119621, 9.841553 ], [ -72.120636, 9.841805 ], [ -72.121071, 9.842135 ], [ -72.121529, 9.842383 ], [ -72.121819, 9.841929 ], [ -72.121918, 9.841423 ], [ -72.121956, 9.840926 ], [ -72.122444, 9.840705 ], [ -72.122925, 9.840926 ], [ -72.123436, 9.841029 ], [ -72.123863, 9.840718 ], [ -72.124260, 9.840399 ], [ -72.124214, 9.839613 ], [ -72.124245, 9.839108 ], [ -72.124534, 9.838707 ], [ -72.124985, 9.838441 ], [ -72.125313, 9.837941 ], [ -72.125420, 9.837407 ], [ -72.125534, 9.836756 ], [ -72.125564, 9.836204 ], [ -72.125549, 9.834913 ], [ -72.125595, 9.833170 ], [ -72.125534, 9.832620 ], [ -72.125618, 9.832113 ], [ -72.125839, 9.831605 ], [ -72.126060, 9.831134 ], [ -72.126183, 9.830653 ], [ -72.126015, 9.830158 ], [ -72.125626, 9.829792 ], [ -72.125214, 9.829434 ], [ -72.124832, 9.828986 ], [ -72.124474, 9.828538 ], [ -72.124092, 9.828035 ], [ -72.123688, 9.827588 ], [ -72.123299, 9.827185 ], [ -72.122925, 9.826529 ], [ -72.122864, 9.825933 ], [ -72.122994, 9.825355 ], [ -72.123123, 9.824839 ], [ -72.123436, 9.824402 ], [ -72.123840, 9.823956 ], [ -72.124130, 9.823483 ], [ -72.124397, 9.823002 ], [ -72.124802, 9.822601 ], [ -72.125221, 9.822317 ], [ -72.125740, 9.822068 ], [ -72.126297, 9.821946 ], [ -72.126793, 9.821779 ], [ -72.126732, 9.821175 ], [ -72.127090, 9.820720 ], [ -72.127540, 9.820408 ], [ -72.127808, 9.819982 ], [ -72.128090, 9.819572 ], [ -72.128265, 9.819056 ], [ -72.128487, 9.818593 ], [ -72.128990, 9.818697 ], [ -72.129074, 9.818191 ], [ -72.129204, 9.817710 ], [ -72.129608, 9.817354 ], [ -72.129967, 9.817712 ], [ -72.130455, 9.817581 ], [ -72.130516, 9.817012 ], [ -72.130463, 9.816462 ], [ -72.130524, 9.815927 ], [ -72.130508, 9.815422 ], [ -72.130356, 9.814909 ], [ -72.130486, 9.814438 ], [ -72.130455, 9.813932 ], [ -72.130280, 9.813392 ], [ -72.130333, 9.812886 ], [ -72.130623, 9.812459 ], [ -72.130638, 9.811934 ], [ -72.130203, 9.811649 ], [ -72.130028, 9.811164 ], [ -72.129951, 9.810632 ], [ -72.129540, 9.810347 ], [ -72.129387, 9.809806 ], [ -72.129242, 9.809328 ], [ -72.128921, 9.808898 ], [ -72.128410, 9.808939 ], [ -72.127861, 9.808808 ], [ -72.127571, 9.808395 ], [ -72.127304, 9.807964 ], [ -72.126747, 9.806949 ], [ -72.126404, 9.806563 ], [ -72.125954, 9.806152 ], [ -72.125496, 9.805840 ], [ -72.125015, 9.805556 ], [ -72.124588, 9.805199 ], [ -72.124176, 9.804886 ], [ -72.123688, 9.805036 ], [ -72.123215, 9.805346 ], [ -72.122696, 9.805604 ], [ -72.122208, 9.805736 ], [ -72.121681, 9.805632 ], [ -72.121224, 9.805366 ], [ -72.120911, 9.804880 ], [ -72.120735, 9.804385 ], [ -72.120605, 9.803881 ], [ -72.120369, 9.803305 ], [ -72.120125, 9.802811 ], [ -72.119972, 9.802288 ], [ -72.119865, 9.801801 ], [ -72.120338, 9.801571 ], [ -72.120811, 9.801214 ], [ -72.121078, 9.800697 ], [ -72.121208, 9.800081 ], [ -72.121269, 9.799548 ], [ -72.121277, 9.798934 ], [ -72.121384, 9.798400 ], [ -72.121582, 9.797929 ], [ -72.121964, 9.797564 ], [ -72.122833, 9.796851 ], [ -72.123169, 9.796478 ], [ -72.122635, 9.796411 ], [ -72.121681, 9.796690 ], [ -72.121208, 9.797029 ], [ -72.120735, 9.797403 ], [ -72.120316, 9.797688 ], [ -72.119911, 9.798071 ], [ -72.119461, 9.798346 ], [ -72.118927, 9.798395 ], [ -72.118439, 9.798527 ], [ -72.118019, 9.798810 ], [ -72.117798, 9.799282 ], [ -72.117897, 9.799778 ], [ -72.117370, 9.799647 ], [ -72.117081, 9.799153 ], [ -72.116860, 9.798604 ], [ -72.116691, 9.798091 ], [ -72.116493, 9.797560 ], [ -72.115807, 9.796094 ], [ -72.115593, 9.795491 ], [ -72.115326, 9.794996 ], [ -72.115013, 9.794539 ], [ -72.114700, 9.793973 ], [ -72.114411, 9.793425 ], [ -72.114166, 9.792903 ], [ -72.113861, 9.792346 ], [ -72.113571, 9.791879 ], [ -72.113235, 9.791295 ], [ -72.112884, 9.790593 ], [ -72.112595, 9.790109 ], [ -72.112343, 9.789668 ], [ -72.111282, 9.787637 ], [ -72.110679, 9.786667 ], [ -72.110435, 9.786226 ], [ -72.110123, 9.785778 ], [ -72.109833, 9.785329 ], [ -72.109345, 9.784421 ], [ -72.109032, 9.783918 ], [ -72.108765, 9.783379 ], [ -72.108521, 9.782847 ], [ -72.108345, 9.782334 ], [ -72.108124, 9.781867 ], [ -72.107887, 9.781327 ], [ -72.107574, 9.780942 ], [ -72.107163, 9.780512 ], [ -72.106728, 9.780154 ], [ -72.106346, 9.779689 ], [ -72.105583, 9.778819 ], [ -72.105240, 9.778371 ], [ -72.105003, 9.777894 ], [ -72.104782, 9.777328 ], [ -72.103890, 9.775791 ], [ -72.103554, 9.775325 ], [ -72.103287, 9.774812 ], [ -72.103073, 9.774282 ], [ -72.102829, 9.773742 ], [ -72.102181, 9.772835 ], [ -72.101776, 9.772198 ], [ -72.101349, 9.771614 ], [ -72.101013, 9.771085 ], [ -72.100296, 9.770170 ], [ -72.099907, 9.769749 ], [ -72.099480, 9.769256 ], [ -72.099144, 9.768834 ], [ -72.098854, 9.768313 ], [ -72.098640, 9.767737 ], [ -72.098534, 9.767232 ], [ -72.098404, 9.766755 ], [ -72.097878, 9.766489 ], [ -72.097428, 9.766131 ], [ -72.096947, 9.765657 ], [ -72.096611, 9.765254 ], [ -72.096321, 9.764742 ], [ -72.096100, 9.764283 ], [ -72.095810, 9.763743 ], [ -72.094208, 9.761157 ], [ -72.093803, 9.760637 ], [ -72.093010, 9.759723 ], [ -72.092560, 9.759230 ], [ -72.092193, 9.758854 ], [ -72.091408, 9.757940 ], [ -72.091026, 9.757474 ], [ -72.090737, 9.757025 ], [ -72.089951, 9.755975 ], [ -72.088806, 9.754152 ], [ -72.088562, 9.753712 ], [ -72.087982, 9.752777 ], [ -72.087669, 9.752311 ], [ -72.086998, 9.751468 ], [ -72.086662, 9.751001 ], [ -72.086296, 9.750652 ], [ -72.085884, 9.750367 ], [ -72.085457, 9.749965 ], [ -72.085121, 9.749543 ], [ -72.084305, 9.748792 ], [ -72.083916, 9.748317 ], [ -72.083267, 9.747437 ], [ -72.082886, 9.746935 ], [ -72.082527, 9.746558 ], [ -72.082169, 9.746138 ], [ -72.081757, 9.745608 ], [ -72.081017, 9.744595 ], [ -72.080704, 9.744101 ], [ -72.080322, 9.743588 ], [ -72.079559, 9.742746 ], [ -72.079201, 9.742245 ], [ -72.078522, 9.741410 ], [ -72.078232, 9.740997 ], [ -72.077896, 9.740594 ], [ -72.077492, 9.740074 ], [ -72.077042, 9.739536 ], [ -72.076698, 9.739097 ], [ -72.076271, 9.738648 ], [ -72.075912, 9.738246 ], [ -72.075501, 9.737870 ], [ -72.075073, 9.737395 ], [ -72.074646, 9.736884 ], [ -72.073967, 9.736132 ], [ -72.073563, 9.735702 ], [ -72.073174, 9.735362 ], [ -72.072411, 9.734556 ], [ -72.071617, 9.733623 ], [ -72.070732, 9.732746 ], [ -72.070236, 9.732299 ], [ -72.069809, 9.731852 ], [ -72.069328, 9.731377 ], [ -72.068993, 9.730973 ], [ -72.068176, 9.730086 ], [ -72.067726, 9.729667 ], [ -72.067391, 9.729290 ], [ -72.066887, 9.728834 ], [ -72.066032, 9.727947 ], [ -72.065552, 9.727428 ], [ -72.065170, 9.727079 ], [ -72.064736, 9.726649 ], [ -72.064263, 9.726156 ], [ -72.063766, 9.725664 ], [ -72.063339, 9.725144 ], [ -72.062981, 9.724615 ], [ -72.062485, 9.724051 ], [ -72.061966, 9.723558 ], [ -72.061577, 9.723110 ], [ -72.061180, 9.722571 ], [ -72.060814, 9.722123 ], [ -72.060409, 9.721657 ], [ -72.059639, 9.720878 ], [ -72.059257, 9.720448 ], [ -72.058876, 9.720000 ], [ -72.058449, 9.719561 ], [ -72.057701, 9.718664 ], [ -72.057251, 9.718172 ], [ -72.056824, 9.717588 ], [ -72.055947, 9.716521 ], [ -72.055473, 9.715975 ], [ -72.055000, 9.715455 ], [ -72.054642, 9.714961 ], [ -72.054275, 9.714513 ], [ -72.053848, 9.714056 ], [ -72.053421, 9.713581 ], [ -72.052628, 9.712667 ], [ -72.052155, 9.712192 ], [ -72.051300, 9.711216 ], [ -72.050827, 9.710696 ], [ -72.049560, 9.709371 ], [ -72.048813, 9.708465 ], [ -72.048432, 9.707899 ], [ -72.048164, 9.707459 ], [ -72.047424, 9.706427 ], [ -72.047043, 9.705960 ], [ -72.046707, 9.705566 ], [ -72.046394, 9.705163 ], [ -72.046036, 9.704669 ], [ -72.045692, 9.704302 ], [ -72.045288, 9.703827 ], [ -72.044907, 9.703333 ], [ -72.044571, 9.702839 ], [ -72.044121, 9.702238 ], [ -72.043518, 9.701349 ], [ -72.043251, 9.700936 ], [ -72.042549, 9.700039 ], [ -72.042191, 9.699690 ], [ -72.041756, 9.699360 ], [ -72.041298, 9.699048 ], [ -72.040939, 9.698689 ], [ -72.040558, 9.698251 ], [ -72.040268, 9.697711 ], [ -72.040116, 9.697180 ], [ -72.040062, 9.696584 ], [ -72.039909, 9.696088 ], [ -72.039719, 9.695629 ], [ -72.039452, 9.695180 ], [ -72.039208, 9.694703 ], [ -72.039032, 9.694190 ], [ -72.038589, 9.693264 ], [ -72.038300, 9.692842 ], [ -72.037911, 9.692439 ], [ -72.037529, 9.692090 ], [ -72.037079, 9.691706 ], [ -72.036713, 9.691311 ], [ -72.036308, 9.690836 ], [ -72.035919, 9.690460 ], [ -72.035492, 9.690022 ], [ -72.035065, 9.689664 ], [ -72.034630, 9.689216 ], [ -72.034248, 9.688858 ], [ -72.033798, 9.688411 ], [ -72.033432, 9.687989 ], [ -72.032669, 9.686984 ], [ -72.032333, 9.686508 ], [ -72.031975, 9.686069 ], [ -72.031639, 9.685620 ], [ -72.030861, 9.684968 ], [ -72.030212, 9.684143 ], [ -72.028992, 9.682916 ], [ -72.028557, 9.682541 ], [ -72.027695, 9.681916 ], [ -72.027291, 9.681531 ], [ -72.026947, 9.681083 ], [ -72.026611, 9.680589 ], [ -72.026276, 9.680194 ], [ -72.025894, 9.679719 ], [ -72.025482, 9.679343 ], [ -72.025124, 9.678966 ], [ -72.024696, 9.678546 ], [ -72.024307, 9.678215 ], [ -72.023850, 9.677876 ], [ -72.023064, 9.677097 ], [ -72.022262, 9.676373 ], [ -72.021858, 9.675970 ], [ -72.021454, 9.675504 ], [ -72.021118, 9.675018 ], [ -72.020691, 9.674472 ], [ -72.020378, 9.673960 ], [ -72.019684, 9.672999 ], [ -72.019348, 9.672577 ], [ -72.019012, 9.672129 ], [ -72.018089, 9.670855 ], [ -72.017342, 9.670003 ], [ -72.017006, 9.669563 ], [ -72.016533, 9.669115 ], [ -72.016151, 9.668731 ], [ -72.015785, 9.668336 ], [ -72.015358, 9.667816 ], [ -72.015068, 9.667376 ], [ -72.014328, 9.666624 ], [ -72.013946, 9.666311 ], [ -72.013565, 9.665926 ], [ -72.012741, 9.665129 ], [ -72.012390, 9.664725 ], [ -72.011688, 9.663756 ], [ -72.011383, 9.663452 ], [ -72.011078, 9.663003 ], [ -72.010658, 9.662663 ], [ -72.010162, 9.662307 ], [ -72.009781, 9.661930 ], [ -72.009384, 9.661500 ], [ -72.008957, 9.660998 ], [ -72.008507, 9.660550 ], [ -72.008103, 9.660093 ], [ -72.007698, 9.659681 ], [ -72.007255, 9.659378 ], [ -72.006737, 9.659003 ], [ -72.006309, 9.658637 ], [ -72.005867, 9.658234 ], [ -72.005508, 9.657848 ], [ -72.005058, 9.657464 ], [ -72.004662, 9.657088 ], [ -72.004257, 9.656658 ], [ -72.003548, 9.655861 ], [ -72.003143, 9.655485 ], [ -72.002693, 9.655028 ], [ -72.001862, 9.654150 ], [ -71.999039, 9.650482 ], [ -71.998566, 9.650023 ], [ -71.998115, 9.649621 ], [ -71.997734, 9.649164 ], [ -71.997475, 9.648714 ], [ -71.997231, 9.648166 ], [ -71.997032, 9.647616 ], [ -71.996590, 9.646500 ], [ -71.996254, 9.645888 ], [ -71.995895, 9.645296 ], [ -71.995560, 9.644774 ], [ -71.995186, 9.644299 ], [ -71.994400, 9.643204 ], [ -71.993591, 9.642208 ], [ -71.993256, 9.641732 ], [ -71.992874, 9.641312 ], [ -71.992523, 9.640899 ], [ -71.992050, 9.640379 ], [ -71.991600, 9.639932 ], [ -71.991242, 9.639546 ], [ -71.990814, 9.639026 ], [ -71.990150, 9.638191 ], [ -71.989822, 9.637761 ], [ -71.989151, 9.636827 ], [ -71.988052, 9.635220 ], [ -71.987724, 9.634699 ], [ -71.986603, 9.633155 ], [ -71.985725, 9.631979 ], [ -71.985054, 9.631163 ], [ -71.984344, 9.630184 ], [ -71.983963, 9.629709 ], [ -71.983513, 9.629216 ], [ -71.983131, 9.628758 ], [ -71.982681, 9.628311 ], [ -71.982208, 9.627764 ], [ -71.981827, 9.627180 ], [ -71.981423, 9.626588 ], [ -71.981087, 9.625994 ], [ -71.980797, 9.625518 ], [ -71.980469, 9.625024 ], [ -71.980179, 9.624538 ], [ -71.979774, 9.623955 ], [ -71.979012, 9.622887 ], [ -71.978653, 9.622338 ], [ -71.978248, 9.621683 ], [ -71.977333, 9.620073 ], [ -71.976997, 9.619544 ], [ -71.975884, 9.618009 ], [ -71.975502, 9.617506 ], [ -71.974739, 9.616600 ], [ -71.974319, 9.616198 ], [ -71.973892, 9.615885 ], [ -71.973488, 9.615473 ], [ -71.973114, 9.614980 ], [ -71.972778, 9.614567 ], [ -71.972473, 9.614145 ], [ -71.972183, 9.613687 ], [ -71.971604, 9.612572 ], [ -71.971428, 9.611932 ], [ -71.971275, 9.611264 ], [ -71.971199, 9.610742 ], [ -71.971138, 9.610101 ], [ -71.970978, 9.608864 ], [ -71.970764, 9.607718 ], [ -71.970574, 9.607142 ], [ -71.970398, 9.606503 ], [ -71.970154, 9.605800 ], [ -71.969826, 9.604629 ], [ -71.969673, 9.604015 ], [ -71.969200, 9.602322 ], [ -71.968986, 9.601845 ], [ -71.968720, 9.601206 ], [ -71.968407, 9.600612 ], [ -71.968117, 9.599973 ], [ -71.967537, 9.598886 ], [ -71.967224, 9.598337 ], [ -71.966843, 9.597771 ], [ -71.966247, 9.596746 ], [ -71.965645, 9.595658 ], [ -71.965332, 9.595019 ], [ -71.965134, 9.594543 ], [ -71.964744, 9.593472 ], [ -71.964569, 9.592850 ], [ -71.964440, 9.592281 ], [ -71.964294, 9.591732 ], [ -71.964096, 9.591209 ], [ -71.963898, 9.590615 ], [ -71.963631, 9.589949 ], [ -71.963417, 9.589445 ], [ -71.963219, 9.588878 ], [ -71.963158, 9.588354 ], [ -71.963181, 9.587179 ], [ -71.963173, 9.586628 ], [ -71.963005, 9.585302 ], [ -71.962799, 9.584057 ], [ -71.962738, 9.583462 ], [ -71.962662, 9.582938 ], [ -71.962646, 9.582342 ], [ -71.962730, 9.581763 ], [ -71.962837, 9.581211 ], [ -71.962990, 9.580704 ], [ -71.963303, 9.580286 ], [ -71.963661, 9.579912 ], [ -71.963959, 9.579440 ], [ -71.964134, 9.578933 ], [ -71.964287, 9.578381 ], [ -71.964554, 9.576789 ], [ -71.964684, 9.576237 ], [ -71.964760, 9.575711 ], [ -71.964882, 9.574645 ], [ -71.964890, 9.574094 ], [ -71.964882, 9.573452 ], [ -71.964699, 9.572244 ], [ -71.964569, 9.571649 ], [ -71.964417, 9.571144 ], [ -71.964271, 9.570594 ], [ -71.964165, 9.570089 ], [ -71.964012, 9.569476 ], [ -71.963890, 9.568854 ], [ -71.963654, 9.567618 ], [ -71.963493, 9.566473 ], [ -71.963310, 9.565345 ], [ -71.963226, 9.564776 ], [ -71.963127, 9.564226 ], [ -71.962975, 9.563632 ], [ -71.962845, 9.562964 ], [ -71.962669, 9.562469 ], [ -71.962151, 9.560639 ], [ -71.961952, 9.559999 ], [ -71.961601, 9.558738 ], [ -71.961060, 9.556963 ], [ -71.960548, 9.555730 ], [ -71.960327, 9.555063 ], [ -71.960083, 9.554406 ], [ -71.959595, 9.553191 ], [ -71.959328, 9.552488 ], [ -71.958794, 9.551255 ], [ -71.958527, 9.550689 ], [ -71.957970, 9.549546 ], [ -71.957710, 9.549097 ], [ -71.957092, 9.548144 ], [ -71.956734, 9.547687 ], [ -71.955460, 9.546333 ], [ -71.955078, 9.545976 ], [ -71.954743, 9.545563 ], [ -71.954369, 9.545205 ], [ -71.953941, 9.544757 ], [ -71.953514, 9.544327 ], [ -71.952759, 9.543466 ], [ -71.952408, 9.543036 ], [ -71.952118, 9.542604 ], [ -71.951851, 9.542172 ], [ -71.950722, 9.540909 ], [ -71.949486, 9.539501 ], [ -71.948562, 9.538488 ], [ -71.948158, 9.538058 ], [ -71.947739, 9.537564 ], [ -71.946976, 9.536587 ], [ -71.946304, 9.535544 ], [ -71.946045, 9.535068 ], [ -71.945267, 9.533422 ], [ -71.945007, 9.532945 ], [ -71.944717, 9.532468 ], [ -71.944359, 9.532020 ], [ -71.943962, 9.531652 ], [ -71.943047, 9.530920 ], [ -71.942574, 9.530508 ], [ -71.942192, 9.530132 ], [ -71.941391, 9.529154 ], [ -71.940674, 9.528248 ], [ -71.939895, 9.527342 ], [ -71.939514, 9.526984 ], [ -71.939140, 9.526581 ], [ -71.938782, 9.526168 ], [ -71.938431, 9.525783 ], [ -71.938049, 9.525424 ], [ -71.937630, 9.524994 ], [ -71.937134, 9.524547 ], [ -71.936707, 9.524189 ], [ -71.935951, 9.523446 ], [ -71.935593, 9.523033 ], [ -71.935242, 9.522557 ], [ -71.934791, 9.521974 ], [ -71.934433, 9.521588 ], [ -71.933983, 9.521159 ], [ -71.933517, 9.520774 ], [ -71.932999, 9.520372 ], [ -71.932503, 9.519879 ], [ -71.932098, 9.519404 ], [ -71.931290, 9.518264 ], [ -71.930931, 9.517815 ], [ -71.930031, 9.516820 ], [ -71.929253, 9.515914 ], [ -71.928757, 9.515322 ], [ -71.928398, 9.514828 ], [ -71.927971, 9.514353 ], [ -71.927094, 9.513177 ], [ -71.926781, 9.512746 ], [ -71.926422, 9.512197 ], [ -71.925827, 9.511173 ], [ -71.925179, 9.509995 ], [ -71.924026, 9.507828 ], [ -71.923737, 9.507351 ], [ -71.923469, 9.506829 ], [ -71.923164, 9.506281 ], [ -71.922279, 9.504925 ], [ -71.921921, 9.504467 ], [ -71.921181, 9.503470 ], [ -71.912849, 9.489672 ], [ -71.911926, 9.488509 ], [ -71.911453, 9.487835 ], [ -71.911026, 9.487163 ], [ -71.910728, 9.486676 ], [ -71.910355, 9.485981 ], [ -71.909851, 9.485536 ], [ -71.909149, 9.484881 ], [ -71.908768, 9.484232 ], [ -71.908592, 9.483495 ], [ -71.901985, 9.475739 ], [ -71.900940, 9.474802 ], [ -71.900398, 9.473967 ], [ -71.899338, 9.472870 ], [ -71.897652, 9.471349 ], [ -71.895401, 9.469427 ], [ -71.892273, 9.467077 ], [ -71.891342, 9.466419 ], [ -71.891075, 9.465886 ], [ -71.890167, 9.464930 ], [ -71.889092, 9.464245 ], [ -71.888428, 9.463889 ], [ -71.887703, 9.463210 ], [ -71.885666, 9.461843 ], [ -71.883560, 9.460590 ], [ -71.881416, 9.459244 ], [ -71.878418, 9.457492 ], [ -71.876267, 9.456353 ], [ -71.874496, 9.455724 ], [ -71.873261, 9.455220 ], [ -71.872185, 9.454834 ], [ -71.871430, 9.454292 ], [ -71.870949, 9.454100 ], [ -71.870750, 9.453546 ], [ -71.869995, 9.452959 ], [ -71.869209, 9.452945 ], [ -71.867996, 9.452533 ], [ -71.866501, 9.451909 ], [ -71.864914, 9.451377 ], [ -71.862808, 9.450352 ], [ -71.860741, 9.449557 ], [ -71.858933, 9.448929 ], [ -71.856842, 9.447882 ], [ -71.854416, 9.446598 ], [ -71.852402, 9.445759 ], [ -71.849533, 9.444698 ], [ -71.848183, 9.443963 ], [ -71.846237, 9.442963 ], [ -71.845070, 9.442231 ], [ -71.843010, 9.441208 ], [ -71.841377, 9.440491 ], [ -71.839844, 9.439658 ], [ -71.838447, 9.438969 ], [ -71.837784, 9.438589 ], [ -71.837425, 9.438169 ], [ -71.836830, 9.437907 ], [ -71.836113, 9.437733 ], [ -71.835823, 9.437201 ], [ -71.834702, 9.436721 ], [ -71.834061, 9.436275 ], [ -71.832161, 9.435184 ], [ -71.830971, 9.434567 ], [ -71.829483, 9.433851 ], [ -71.828545, 9.433261 ], [ -71.827057, 9.432546 ], [ -71.825859, 9.432248 ], [ -71.824417, 9.431464 ], [ -71.823441, 9.430851 ], [ -71.822609, 9.430582 ], [ -71.822021, 9.430090 ], [ -71.816879, 9.424170 ], [ -71.814835, 9.422207 ], [ -71.814362, 9.421693 ], [ -71.813629, 9.421335 ], [ -71.811890, 9.419216 ], [ -71.810639, 9.418276 ], [ -71.809334, 9.417380 ], [ -71.808083, 9.416395 ], [ -71.807243, 9.415530 ], [ -71.806587, 9.414783 ], [ -71.806137, 9.414180 ], [ -71.805916, 9.413671 ], [ -71.805717, 9.413185 ], [ -71.804604, 9.412064 ], [ -71.803848, 9.411476 ], [ -71.802895, 9.410656 ], [ -71.802445, 9.410028 ], [ -71.802246, 9.409474 ], [ -71.801201, 9.408538 ], [ -71.800919, 9.407684 ], [ -71.800003, 9.407323 ], [ -71.799362, 9.406830 ], [ -71.798592, 9.406150 ], [ -71.798111, 9.405798 ], [ -71.796860, 9.402127 ], [ -71.795662, 9.400866 ], [ -71.794891, 9.399866 ], [ -71.793343, 9.398622 ], [ -71.792847, 9.398528 ], [ -71.793243, 9.397818 ], [ -71.791779, 9.395842 ], [ -71.790764, 9.394538 ], [ -71.789902, 9.393490 ], [ -71.789116, 9.392328 ], [ -71.788284, 9.391235 ], [ -71.787704, 9.390077 ], [ -71.787186, 9.389265 ], [ -71.787018, 9.388505 ], [ -71.786911, 9.387952 ], [ -71.785950, 9.386284 ], [ -71.785293, 9.385422 ], [ -71.784592, 9.384744 ], [ -71.784439, 9.384007 ], [ -71.784019, 9.383334 ], [ -71.783257, 9.383045 ], [ -71.782784, 9.382646 ], [ -71.782860, 9.382143 ], [ -71.782196, 9.381650 ], [ -71.782158, 9.381212 ], [ -71.780784, 9.379444 ], [ -71.779930, 9.378076 ], [ -71.779182, 9.377144 ], [ -71.777817, 9.376132 ], [ -71.776939, 9.375015 ], [ -71.776398, 9.374248 ], [ -71.776405, 9.373835 ], [ -71.776093, 9.373394 ], [ -71.775566, 9.373132 ], [ -71.774742, 9.372635 ], [ -71.774269, 9.372098 ], [ -71.773651, 9.371766 ], [ -71.773521, 9.371030 ], [ -71.773445, 9.370455 ], [ -71.772346, 9.368600 ], [ -71.772057, 9.367883 ], [ -71.771790, 9.367395 ], [ -71.771164, 9.366352 ], [ -71.770470, 9.365078 ], [ -71.769516, 9.364325 ], [ -71.768234, 9.363339 ], [ -71.767326, 9.362771 ], [ -71.766251, 9.362201 ], [ -71.765259, 9.361748 ], [ -71.764488, 9.360930 ], [ -71.764130, 9.360717 ], [ -71.763123, 9.360194 ], [ -71.761780, 9.360101 ], [ -71.760559, 9.359963 ], [ -71.759727, 9.359901 ], [ -71.758965, 9.359774 ], [ -71.758133, 9.359735 ], [ -71.757256, 9.359649 ], [ -71.756661, 9.359340 ], [ -71.755150, 9.358739 ], [ -71.754006, 9.359177 ], [ -71.752937, 9.359730 ], [ -71.751694, 9.360602 ], [ -71.750511, 9.360878 ], [ -71.749268, 9.361410 ], [ -71.747856, 9.362090 ], [ -71.746780, 9.362553 ], [ -71.745491, 9.363675 ], [ -71.744720, 9.365084 ], [ -71.744247, 9.365785 ], [ -71.743759, 9.366970 ], [ -71.743515, 9.367791 ], [ -71.742920, 9.368698 ], [ -71.742653, 9.369426 ], [ -71.742844, 9.370278 ], [ -71.743385, 9.369898 ], [ -71.743874, 9.369427 ], [ -71.744347, 9.369021 ], [ -71.744911, 9.368574 ], [ -71.745422, 9.368377 ], [ -71.745392, 9.368789 ], [ -71.745224, 9.369176 ], [ -71.744888, 9.369697 ], [ -71.743927, 9.370345 ], [ -71.743271, 9.370722 ], [ -71.742546, 9.371466 ], [ -71.742165, 9.372101 ], [ -71.741806, 9.372761 ], [ -71.741516, 9.373373 ], [ -71.741104, 9.374146 ], [ -71.740753, 9.374621 ], [ -71.739792, 9.375154 ], [ -71.739784, 9.375727 ], [ -71.739822, 9.376142 ], [ -71.739380, 9.376362 ], [ -71.738655, 9.376555 ], [ -71.738121, 9.376683 ], [ -71.736854, 9.377783 ], [ -71.734360, 9.378700 ], [ -71.731857, 9.379251 ], [ -71.729897, 9.380063 ], [ -71.728272, 9.380584 ], [ -71.726829, 9.380923 ], [ -71.725777, 9.381592 ], [ -71.724396, 9.382783 ], [ -71.721886, 9.384663 ], [ -71.721413, 9.384974 ], [ -71.721054, 9.385795 ], [ -71.720589, 9.385969 ], [ -71.720619, 9.386612 ], [ -71.720085, 9.386764 ], [ -71.719871, 9.387332 ], [ -71.719421, 9.387737 ], [ -71.718956, 9.387935 ], [ -71.718712, 9.387425 ], [ -71.718216, 9.387990 ], [ -71.717133, 9.388910 ], [ -71.716484, 9.389151 ], [ -71.715691, 9.389319 ], [ -71.715210, 9.389333 ], [ -71.714836, 9.389303 ], [ -71.714256, 9.389544 ], [ -71.714172, 9.389176 ], [ -71.714577, 9.388700 ], [ -71.713913, 9.388253 ], [ -71.713409, 9.387969 ], [ -71.712860, 9.387614 ], [ -71.712356, 9.387444 ], [ -71.712761, 9.386696 ], [ -71.714111, 9.386376 ], [ -71.715431, 9.386263 ], [ -71.716919, 9.385694 ], [ -71.717758, 9.385297 ], [ -71.718697, 9.384581 ], [ -71.719689, 9.383452 ], [ -71.720222, 9.382132 ], [ -71.721016, 9.380564 ], [ -71.721825, 9.379385 ], [ -71.722298, 9.378637 ], [ -71.723427, 9.377787 ], [ -71.724525, 9.376913 ], [ -71.725281, 9.376238 ], [ -71.725800, 9.375629 ], [ -71.726204, 9.374926 ], [ -71.726089, 9.373798 ], [ -71.725708, 9.372026 ], [ -71.725632, 9.371222 ], [ -71.725181, 9.370480 ], [ -71.724869, 9.369761 ], [ -71.724747, 9.368957 ], [ -71.724434, 9.367391 ], [ -71.725121, 9.366440 ], [ -71.726013, 9.365767 ], [ -71.726975, 9.364961 ], [ -71.728096, 9.364156 ], [ -71.728935, 9.363757 ], [ -71.729683, 9.363657 ], [ -71.729950, 9.364120 ], [ -71.729561, 9.364484 ], [ -71.730285, 9.364793 ], [ -71.731026, 9.364669 ], [ -71.732079, 9.364045 ], [ -71.732651, 9.363115 ], [ -71.732987, 9.362479 ], [ -71.734665, 9.361663 ], [ -71.735527, 9.361265 ], [ -71.736336, 9.360202 ], [ -71.736466, 9.359081 ], [ -71.736710, 9.358672 ], [ -71.737190, 9.358910 ], [ -71.737884, 9.358602 ], [ -71.738266, 9.358013 ], [ -71.738197, 9.357025 ], [ -71.737800, 9.355894 ], [ -71.737076, 9.355124 ], [ -71.736816, 9.354223 ], [ -71.736229, 9.353524 ], [ -71.735619, 9.352918 ], [ -71.734863, 9.352238 ], [ -71.734321, 9.351563 ], [ -71.733429, 9.351294 ], [ -71.732872, 9.351237 ], [ -71.732330, 9.350516 ], [ -71.731766, 9.349933 ], [ -71.730797, 9.349730 ], [ -71.729744, 9.349207 ], [ -71.729240, 9.348899 ], [ -71.728424, 9.348333 ], [ -71.727707, 9.348297 ], [ -71.726814, 9.348877 ], [ -71.725876, 9.349571 ], [ -71.725380, 9.350433 ], [ -71.724548, 9.351542 ], [ -71.724151, 9.351649 ], [ -71.723442, 9.351476 ], [ -71.723434, 9.350512 ], [ -71.723450, 9.349731 ], [ -71.723236, 9.348880 ], [ -71.722282, 9.348930 ], [ -71.722084, 9.348422 ], [ -71.721588, 9.348091 ], [ -71.720810, 9.347527 ], [ -71.720383, 9.347977 ], [ -71.718689, 9.348427 ], [ -71.718109, 9.348554 ], [ -71.717964, 9.349056 ], [ -71.717567, 9.349094 ], [ -71.717400, 9.348403 ], [ -71.716919, 9.348119 ], [ -71.716675, 9.347472 ], [ -71.716690, 9.346829 ], [ -71.716743, 9.346281 ], [ -71.716553, 9.345314 ], [ -71.716492, 9.344762 ], [ -71.717499, 9.344185 ], [ -71.718292, 9.343808 ], [ -71.718994, 9.343410 ], [ -71.719818, 9.342759 ], [ -71.720566, 9.341993 ], [ -71.721138, 9.341361 ], [ -71.722115, 9.340806 ], [ -71.723221, 9.340987 ], [ -71.723121, 9.341559 ], [ -71.723106, 9.342155 ], [ -71.723747, 9.342511 ], [ -71.723556, 9.342897 ], [ -71.723831, 9.343179 ], [ -71.724449, 9.343305 ], [ -71.725067, 9.343522 ], [ -71.725800, 9.343972 ], [ -71.726135, 9.344781 ], [ -71.726349, 9.345382 ], [ -71.726822, 9.346078 ], [ -71.727371, 9.346249 ], [ -71.728111, 9.346401 ], [ -71.728668, 9.346411 ], [ -71.729698, 9.346637 ], [ -71.730789, 9.346565 ], [ -71.731323, 9.346482 ], [ -71.732475, 9.346734 ], [ -71.733055, 9.346699 ], [ -71.733780, 9.347195 ], [ -71.734543, 9.347207 ], [ -71.735351, 9.347109 ], [ -71.736420, 9.347013 ], [ -71.736740, 9.347341 ], [ -71.737236, 9.347969 ], [ -71.737762, 9.348140 ], [ -71.738205, 9.347896 ], [ -71.738518, 9.347466 ], [ -71.738877, 9.346761 ], [ -71.739563, 9.345834 ], [ -71.739899, 9.345335 ], [ -71.740051, 9.344282 ], [ -71.739464, 9.342505 ], [ -71.739365, 9.341563 ], [ -71.739586, 9.340971 ], [ -71.740105, 9.340429 ], [ -71.740753, 9.340487 ], [ -71.741295, 9.340865 ], [ -71.741379, 9.340063 ], [ -71.742142, 9.340123 ], [ -71.742607, 9.340109 ], [ -71.742615, 9.339627 ], [ -71.742073, 9.338792 ], [ -71.742271, 9.338153 ], [ -71.742767, 9.337865 ], [ -71.743500, 9.338016 ], [ -71.743950, 9.338666 ], [ -71.744598, 9.338839 ], [ -71.744469, 9.338240 ], [ -71.744156, 9.337752 ], [ -71.744484, 9.337345 ], [ -71.744606, 9.336958 ], [ -71.745315, 9.336077 ], [ -71.745812, 9.335581 ], [ -71.745262, 9.335157 ], [ -71.744362, 9.335416 ], [ -71.742905, 9.335366 ], [ -71.742409, 9.334646 ], [ -71.742096, 9.334021 ], [ -71.741737, 9.333372 ], [ -71.740875, 9.333606 ], [ -71.740036, 9.332041 ], [ -71.739609, 9.331568 ], [ -71.739113, 9.331120 ], [ -71.738640, 9.330716 ], [ -71.738213, 9.330174 ], [ -71.737473, 9.329985 ], [ -71.736519, 9.329661 ], [ -71.735847, 9.329538 ], [ -71.734848, 9.329147 ], [ -71.734077, 9.328774 ], [ -71.732788, 9.328044 ], [ -71.732300, 9.327663 ], [ -71.731750, 9.326805 ], [ -71.731461, 9.326168 ], [ -71.731285, 9.325529 ], [ -71.731293, 9.324932 ], [ -71.731232, 9.324290 ], [ -71.730919, 9.323333 ], [ -71.730583, 9.321939 ], [ -71.730400, 9.320933 ], [ -71.730141, 9.320389 ], [ -71.729637, 9.319711 ], [ -71.729302, 9.318984 ], [ -71.729088, 9.318645 ], [ -71.729042, 9.317497 ], [ -71.729103, 9.317106 ], [ -71.729080, 9.316212 ], [ -71.728951, 9.315525 ], [ -71.728867, 9.314701 ], [ -71.729011, 9.314054 ], [ -71.729256, 9.313407 ], [ -71.729881, 9.312497 ], [ -71.730156, 9.312147 ], [ -71.730530, 9.311358 ], [ -71.730629, 9.310460 ], [ -71.730545, 9.309797 ], [ -71.730225, 9.308887 ], [ -71.730553, 9.308121 ], [ -71.731133, 9.308292 ], [ -71.731689, 9.308487 ], [ -71.731995, 9.307447 ], [ -71.731979, 9.306759 ], [ -71.731758, 9.306029 ], [ -71.731315, 9.306039 ], [ -71.730820, 9.306280 ], [ -71.730408, 9.305646 ], [ -71.730484, 9.304887 ], [ -71.730591, 9.304240 ], [ -71.730415, 9.303740 ], [ -71.730011, 9.303061 ], [ -71.729759, 9.302171 ], [ -71.729904, 9.301432 ], [ -71.729607, 9.300428 ], [ -71.729042, 9.299729 ], [ -71.728683, 9.299048 ], [ -71.728279, 9.298461 ], [ -71.727821, 9.297690 ], [ -71.727600, 9.296938 ], [ -71.727188, 9.296074 ], [ -71.727005, 9.295137 ], [ -71.727219, 9.294191 ], [ -71.727409, 9.293452 ], [ -71.727554, 9.292623 ], [ -71.727539, 9.291820 ], [ -71.727135, 9.290291 ], [ -71.727005, 9.289558 ], [ -71.727043, 9.288915 ], [ -71.727508, 9.288170 ], [ -71.728058, 9.287883 ], [ -71.728760, 9.287340 ], [ -71.729713, 9.286447 ], [ -71.729866, 9.285846 ], [ -71.729889, 9.283895 ], [ -71.729820, 9.282771 ], [ -71.729942, 9.281804 ], [ -71.730080, 9.279758 ], [ -71.730163, 9.278240 ], [ -71.730484, 9.276996 ], [ -71.731018, 9.275721 ], [ -71.738258, 9.254323 ], [ -71.738342, 9.253789 ], [ -71.738464, 9.253237 ], [ -71.738640, 9.252658 ], [ -71.738853, 9.252032 ], [ -71.739143, 9.251380 ], [ -71.739403, 9.250827 ], [ -71.739624, 9.250310 ], [ -71.739906, 9.249757 ], [ -71.740151, 9.249240 ], [ -71.740417, 9.248705 ], [ -71.741280, 9.247054 ], [ -71.741989, 9.245865 ], [ -71.742325, 9.245357 ], [ -71.742569, 9.244894 ], [ -71.742943, 9.244286 ], [ -71.743301, 9.243632 ], [ -71.744187, 9.242144 ], [ -71.744453, 9.241627 ], [ -71.744766, 9.241118 ], [ -71.745384, 9.239975 ], [ -71.745666, 9.239394 ], [ -71.745888, 9.238905 ], [ -71.746063, 9.238398 ], [ -71.745842, 9.237848 ], [ -71.745506, 9.237427 ], [ -71.745102, 9.237022 ], [ -71.744881, 9.236519 ], [ -71.744964, 9.236012 ], [ -71.745041, 9.235388 ], [ -71.745117, 9.234863 ], [ -71.745148, 9.234258 ], [ -71.745133, 9.233688 ], [ -71.745094, 9.233066 ], [ -71.744995, 9.232542 ], [ -71.744911, 9.232037 ], [ -71.744782, 9.231469 ], [ -71.744698, 9.230891 ], [ -71.744613, 9.229925 ], [ -71.744385, 9.229340 ], [ -71.744347, 9.228744 ], [ -71.744865, 9.228225 ], [ -71.745369, 9.228076 ], [ -71.746017, 9.228017 ], [ -71.746521, 9.227869 ], [ -71.746971, 9.227395 ], [ -71.747375, 9.226877 ], [ -71.747826, 9.226269 ], [ -71.748268, 9.225641 ], [ -71.748940, 9.224733 ], [ -71.749229, 9.224306 ], [ -71.749542, 9.223707 ], [ -71.750023, 9.222592 ], [ -71.750259, 9.221922 ], [ -71.750481, 9.221360 ], [ -71.750625, 9.220808 ], [ -71.750595, 9.219588 ], [ -71.750473, 9.218307 ], [ -71.750458, 9.217783 ], [ -71.750397, 9.217232 ], [ -71.750389, 9.216699 ], [ -71.750351, 9.216103 ], [ -71.750183, 9.214893 ], [ -71.750076, 9.214361 ], [ -71.749947, 9.213793 ], [ -71.749794, 9.213288 ], [ -71.749664, 9.212693 ], [ -71.749512, 9.212153 ], [ -71.749428, 9.211601 ], [ -71.749344, 9.210934 ], [ -71.749306, 9.210382 ], [ -71.749313, 9.209768 ], [ -71.749435, 9.209054 ], [ -71.749626, 9.208402 ], [ -71.749848, 9.207912 ], [ -71.750137, 9.207376 ], [ -71.750511, 9.206822 ], [ -71.750702, 9.206143 ], [ -71.750717, 9.205620 ], [ -71.750771, 9.205068 ], [ -71.750877, 9.204535 ], [ -71.751000, 9.204000 ], [ -71.751312, 9.203492 ], [ -71.752022, 9.203107 ], [ -71.752594, 9.202976 ], [ -71.753197, 9.202917 ], [ -71.753769, 9.202931 ], [ -71.754349, 9.203008 ], [ -71.754913, 9.203130 ], [ -71.755539, 9.203252 ], [ -71.756142, 9.203428 ], [ -71.757233, 9.203609 ], [ -71.757744, 9.203659 ], [ -71.758301, 9.203746 ], [ -71.758781, 9.203526 ], [ -71.759163, 9.203007 ], [ -71.759384, 9.202427 ], [ -71.759529, 9.201947 ], [ -71.759331, 9.201416 ], [ -71.759270, 9.200874 ], [ -71.758461, 9.201667 ], [ -71.758171, 9.202184 ], [ -71.757881, 9.202601 ], [ -71.757545, 9.203002 ], [ -71.756988, 9.203133 ], [ -71.756279, 9.202713 ], [ -71.755714, 9.202031 ], [ -71.755447, 9.201554 ], [ -71.755158, 9.201104 ], [ -71.754921, 9.200601 ], [ -71.754654, 9.200124 ], [ -71.754310, 9.199584 ], [ -71.753914, 9.199181 ], [ -71.753487, 9.198777 ], [ -71.753059, 9.198446 ], [ -71.752052, 9.197749 ], [ -71.751556, 9.197355 ], [ -71.751152, 9.196970 ], [ -71.750771, 9.196567 ], [ -71.750389, 9.196045 ], [ -71.750122, 9.195550 ], [ -71.749878, 9.195046 ], [ -71.749702, 9.194478 ], [ -71.749573, 9.193974 ], [ -71.749443, 9.193288 ], [ -71.749351, 9.192530 ], [ -71.749313, 9.192005 ], [ -71.749466, 9.191544 ], [ -71.749848, 9.192065 ], [ -71.751152, 9.194124 ], [ -71.751579, 9.194753 ], [ -71.751915, 9.195202 ], [ -71.752419, 9.194846 ], [ -71.752777, 9.194401 ], [ -71.753280, 9.194098 ], [ -71.753807, 9.194085 ], [ -71.754326, 9.194344 ], [ -71.754593, 9.194802 ], [ -71.754723, 9.195461 ], [ -71.754845, 9.196680 ], [ -71.755020, 9.197221 ], [ -71.755264, 9.197680 ], [ -71.755509, 9.198201 ], [ -71.755730, 9.198724 ], [ -71.756020, 9.199273 ], [ -71.756310, 9.199740 ], [ -71.756813, 9.199529 ], [ -71.756775, 9.198174 ], [ -71.756691, 9.197460 ], [ -71.756630, 9.196819 ], [ -71.756355, 9.195169 ], [ -71.756180, 9.194420 ], [ -71.755974, 9.193780 ], [ -71.755753, 9.193257 ], [ -71.755485, 9.192780 ], [ -71.755150, 9.192331 ], [ -71.754745, 9.191766 ], [ -71.753555, 9.190203 ], [ -71.753098, 9.189646 ], [ -71.752785, 9.189233 ], [ -71.752380, 9.188721 ], [ -71.751755, 9.187813 ], [ -71.751465, 9.187364 ], [ -71.751129, 9.186887 ], [ -71.750603, 9.185862 ], [ -71.750381, 9.185384 ], [ -71.750114, 9.184889 ], [ -71.749824, 9.184430 ], [ -71.748993, 9.183398 ], [ -71.748535, 9.182878 ], [ -71.748131, 9.182474 ], [ -71.747803, 9.182070 ], [ -71.747063, 9.181235 ], [ -71.746727, 9.180831 ], [ -71.746391, 9.180382 ], [ -71.746101, 9.179951 ], [ -71.745911, 9.179473 ], [ -71.745613, 9.178924 ], [ -71.744538, 9.177387 ], [ -71.744179, 9.176911 ], [ -71.743729, 9.176354 ], [ -71.743347, 9.175852 ], [ -71.742988, 9.175357 ], [ -71.742699, 9.174926 ], [ -71.742455, 9.174476 ], [ -71.741676, 9.172973 ], [ -71.741363, 9.172524 ], [ -71.741035, 9.172119 ], [ -71.740364, 9.171257 ], [ -71.739479, 9.170197 ], [ -71.739029, 9.169686 ], [ -71.738556, 9.169166 ], [ -71.737839, 9.168313 ], [ -71.737343, 9.167766 ], [ -71.736961, 9.167316 ], [ -71.736572, 9.166778 ], [ -71.736237, 9.166228 ], [ -71.735970, 9.165662 ], [ -71.735794, 9.165184 ], [ -71.735710, 9.164660 ], [ -71.735596, 9.163486 ], [ -71.735573, 9.162827 ], [ -71.735588, 9.162276 ], [ -71.735710, 9.161760 ], [ -71.735931, 9.161235 ], [ -71.736130, 9.160718 ], [ -71.736344, 9.160255 ], [ -71.736633, 9.159765 ], [ -71.736992, 9.159275 ], [ -71.737374, 9.158902 ], [ -71.737808, 9.158428 ], [ -71.738235, 9.158055 ], [ -71.738670, 9.157744 ], [ -71.738983, 9.157299 ], [ -71.739456, 9.156917 ], [ -71.740372, 9.156394 ], [ -71.740921, 9.156156 ], [ -71.741280, 9.155773 ], [ -71.740700, 9.155651 ], [ -71.740189, 9.155754 ], [ -71.739639, 9.155975 ], [ -71.739136, 9.156214 ], [ -71.738663, 9.156525 ], [ -71.738159, 9.156908 ], [ -71.737755, 9.157282 ], [ -71.737282, 9.157042 ], [ -71.736748, 9.156892 ], [ -71.736259, 9.156696 ], [ -71.736061, 9.156174 ], [ -71.736076, 9.154982 ], [ -71.736183, 9.154448 ], [ -71.736351, 9.153895 ], [ -71.736549, 9.153316 ], [ -71.736694, 9.152800 ], [ -71.736801, 9.152292 ], [ -71.737038, 9.151812 ], [ -71.737327, 9.151385 ], [ -71.737831, 9.150938 ], [ -71.738327, 9.150582 ], [ -71.738785, 9.150271 ], [ -71.739235, 9.149916 ], [ -71.739716, 9.149605 ], [ -71.741348, 9.148120 ], [ -71.741913, 9.147718 ], [ -71.742439, 9.147362 ], [ -71.743027, 9.146914 ], [ -71.743500, 9.146486 ], [ -71.743881, 9.145950 ], [ -71.744080, 9.145416 ], [ -71.744270, 9.144818 ], [ -71.744438, 9.144212 ], [ -71.744621, 9.143081 ], [ -71.744698, 9.142466 ], [ -71.744865, 9.140685 ], [ -71.744934, 9.139654 ], [ -71.745178, 9.138541 ], [ -71.745453, 9.137455 ], [ -71.745842, 9.136304 ], [ -71.746124, 9.135417 ], [ -71.746033, 9.134505 ], [ -71.746109, 9.133971 ], [ -71.746262, 9.133464 ], [ -71.746666, 9.133109 ], [ -71.747146, 9.132916 ], [ -71.747749, 9.132974 ], [ -71.748306, 9.132961 ], [ -71.748810, 9.132786 ], [ -71.749367, 9.132727 ], [ -71.749878, 9.132940 ], [ -71.750282, 9.133280 ], [ -71.750679, 9.133684 ], [ -71.751060, 9.134088 ], [ -71.751373, 9.134519 ], [ -71.751640, 9.134969 ], [ -71.751999, 9.135372 ], [ -71.752190, 9.135859 ], [ -71.752182, 9.136410 ], [ -71.752220, 9.136979 ], [ -71.752304, 9.137503 ], [ -71.752426, 9.138649 ], [ -71.752457, 9.139181 ], [ -71.752541, 9.139795 ], [ -71.752670, 9.140346 ], [ -71.752937, 9.140795 ], [ -71.753296, 9.141226 ], [ -71.753517, 9.141821 ], [ -71.753738, 9.142298 ], [ -71.754028, 9.141736 ], [ -71.754036, 9.141139 ], [ -71.754372, 9.140739 ], [ -71.754669, 9.139752 ], [ -71.754471, 9.139248 ], [ -71.754074, 9.138862 ], [ -71.753914, 9.138231 ], [ -71.753784, 9.137635 ], [ -71.753609, 9.137104 ], [ -71.753532, 9.136580 ], [ -71.753403, 9.135985 ], [ -71.753151, 9.134360 ], [ -71.753075, 9.133214 ], [ -71.753113, 9.132708 ], [ -71.753280, 9.132218 ], [ -71.753639, 9.131755 ], [ -71.753304, 9.131306 ], [ -71.753090, 9.130801 ], [ -71.752937, 9.130279 ], [ -71.752876, 9.129773 ], [ -71.753098, 9.129284 ], [ -71.753525, 9.128928 ], [ -71.754143, 9.128598 ], [ -71.753624, 9.128331 ], [ -71.753136, 9.128162 ], [ -71.752754, 9.127750 ], [ -71.752792, 9.127181 ], [ -71.752960, 9.126646 ], [ -71.753181, 9.126184 ], [ -71.753540, 9.125802 ], [ -71.754807, 9.124672 ], [ -71.755653, 9.124060 ], [ -71.756157, 9.123957 ], [ -71.756661, 9.123899 ], [ -71.756767, 9.123383 ], [ -71.756843, 9.122858 ], [ -71.757065, 9.122324 ], [ -71.757378, 9.121879 ], [ -71.757759, 9.121505 ], [ -71.757507, 9.120685 ], [ -71.757500, 9.120152 ], [ -71.757210, 9.119630 ], [ -71.756851, 9.119199 ], [ -71.757210, 9.118826 ], [ -71.758339, 9.118573 ], [ -71.758980, 9.118324 ], [ -71.759438, 9.118086 ], [ -71.758316, 9.117652 ], [ -71.757751, 9.117485 ], [ -71.757904, 9.116978 ], [ -71.758194, 9.116488 ], [ -71.758530, 9.116087 ], [ -71.758988, 9.115822 ], [ -71.759537, 9.115691 ], [ -71.760018, 9.115453 ], [ -71.760406, 9.115097 ], [ -71.760574, 9.114590 ], [ -71.760895, 9.113413 ], [ -71.760414, 9.113679 ], [ -71.759941, 9.114143 ], [ -71.759514, 9.113857 ], [ -71.759163, 9.113454 ], [ -71.758736, 9.113140 ], [ -71.758720, 9.112590 ], [ -71.758827, 9.112082 ], [ -71.758377, 9.111797 ], [ -71.758018, 9.111366 ], [ -71.758049, 9.110767 ], [ -71.758988, 9.110266 ], [ -71.759445, 9.109955 ], [ -71.759781, 9.109554 ], [ -71.759811, 9.109021 ], [ -71.759529, 9.108599 ], [ -71.759018, 9.108675 ], [ -71.758637, 9.109031 ], [ -71.758278, 9.109448 ], [ -71.757774, 9.109652 ], [ -71.757393, 9.109239 ], [ -71.756889, 9.109396 ], [ -71.756760, 9.110011 ], [ -71.756592, 9.110500 ], [ -71.756096, 9.110333 ], [ -71.755608, 9.110110 ], [ -71.755089, 9.110602 ], [ -71.755058, 9.111136 ], [ -71.755386, 9.111540 ], [ -71.755867, 9.111937 ], [ -71.756241, 9.112184 ], [ -71.756317, 9.112689 ], [ -71.756027, 9.113133 ], [ -71.755691, 9.113579 ], [ -71.755310, 9.113997 ], [ -71.754883, 9.114516 ], [ -71.754479, 9.114943 ], [ -71.754074, 9.115453 ], [ -71.753540, 9.115330 ], [ -71.753136, 9.114837 ], [ -71.752869, 9.114378 ], [ -71.752716, 9.114884 ], [ -71.752594, 9.115418 ], [ -71.752976, 9.115958 ], [ -71.753288, 9.116371 ], [ -71.753067, 9.116924 ], [ -71.752731, 9.117369 ], [ -71.752212, 9.117770 ], [ -71.752083, 9.118304 ], [ -71.751610, 9.118679 ], [ -71.751205, 9.119061 ], [ -71.750870, 9.119642 ], [ -71.750557, 9.120087 ], [ -71.750023, 9.120028 ], [ -71.749756, 9.119578 ], [ -71.749207, 9.118940 ], [ -71.748833, 9.118537 ], [ -71.748497, 9.118133 ], [ -71.748253, 9.117611 ], [ -71.747871, 9.117000 ], [ -71.747223, 9.116074 ], [ -71.746842, 9.115553 ], [ -71.746620, 9.115075 ], [ -71.746422, 9.114480 ], [ -71.746193, 9.113850 ], [ -71.745994, 9.113363 ], [ -71.745712, 9.112109 ], [ -71.745308, 9.110604 ], [ -71.745056, 9.109991 ], [ -71.744797, 9.109514 ], [ -71.744507, 9.109056 ], [ -71.743385, 9.107682 ], [ -71.743027, 9.107187 ], [ -71.742714, 9.106711 ], [ -71.742378, 9.106145 ], [ -71.741966, 9.105560 ], [ -71.741654, 9.105147 ], [ -71.740921, 9.104231 ], [ -71.740494, 9.103801 ], [ -71.739944, 9.103326 ], [ -71.739571, 9.102922 ], [ -71.739075, 9.102519 ], [ -71.738106, 9.101812 ], [ -71.737633, 9.101455 ], [ -71.737190, 9.101142 ], [ -71.736740, 9.100856 ], [ -71.736175, 9.100454 ], [ -71.735008, 9.099857 ], [ -71.734444, 9.099600 ], [ -71.733955, 9.099360 ], [ -71.733345, 9.099030 ], [ -71.732849, 9.098807 ], [ -71.732384, 9.098567 ], [ -71.731842, 9.098255 ], [ -71.731400, 9.097924 ], [ -71.730858, 9.097476 ], [ -71.730385, 9.097191 ], [ -71.729897, 9.096995 ], [ -71.729424, 9.096755 ], [ -71.729004, 9.096460 ], [ -71.728516, 9.096293 ], [ -71.727417, 9.095948 ], [ -71.725761, 9.095345 ], [ -71.725174, 9.095124 ], [ -71.724571, 9.095048 ], [ -71.724045, 9.095178 ], [ -71.723564, 9.095345 ], [ -71.722992, 9.095520 ], [ -71.722412, 9.095515 ], [ -71.721962, 9.095202 ], [ -71.721397, 9.094873 ], [ -71.720817, 9.094741 ], [ -71.719727, 9.094586 ], [ -71.718544, 9.094406 ], [ -71.717918, 9.094357 ], [ -71.717293, 9.094325 ], [ -71.716713, 9.094311 ], [ -71.716118, 9.094397 ], [ -71.715492, 9.094546 ], [ -71.714920, 9.094695 ], [ -71.714348, 9.094871 ], [ -71.713799, 9.095164 ], [ -71.713272, 9.095493 ], [ -71.712845, 9.095803 ], [ -71.712410, 9.096087 ], [ -71.711525, 9.096726 ], [ -71.710686, 9.097465 ], [ -71.710236, 9.097774 ], [ -71.709679, 9.097851 ], [ -71.709213, 9.097629 ], [ -71.709495, 9.097120 ], [ -71.710548, 9.096480 ], [ -71.710976, 9.096188 ], [ -71.711311, 9.095697 ], [ -71.711144, 9.095220 ], [ -71.710609, 9.095116 ], [ -71.709961, 9.095201 ], [ -71.709435, 9.095350 ], [ -71.708885, 9.095733 ], [ -71.708405, 9.095927 ], [ -71.707939, 9.095615 ], [ -71.708153, 9.095107 ], [ -71.708534, 9.094525 ], [ -71.708870, 9.094126 ], [ -71.709274, 9.093679 ], [ -71.709633, 9.093304 ], [ -71.710228, 9.092716 ], [ -71.710785, 9.092180 ], [ -71.711151, 9.091799 ], [ -71.711533, 9.091352 ], [ -71.711754, 9.091058 ], [ -71.712090, 9.090425 ], [ -71.712280, 9.089911 ], [ -71.712593, 9.088936 ], [ -71.712868, 9.088133 ], [ -71.713302, 9.087084 ], [ -71.713402, 9.086484 ], [ -71.713364, 9.085934 ], [ -71.713448, 9.085403 ], [ -71.713615, 9.084920 ], [ -71.714004, 9.084564 ], [ -71.714577, 9.084506 ], [ -71.715111, 9.084493 ], [ -71.715660, 9.084318 ], [ -71.715927, 9.083853 ], [ -71.715706, 9.083375 ], [ -71.715378, 9.082970 ], [ -71.714615, 9.083006 ], [ -71.714058, 9.083019 ], [ -71.713593, 9.082778 ], [ -71.713211, 9.082398 ], [ -71.712784, 9.081903 ], [ -71.712128, 9.081064 ], [ -71.711754, 9.080614 ], [ -71.711060, 9.079689 ], [ -71.710678, 9.079219 ], [ -71.710327, 9.078809 ], [ -71.709473, 9.078002 ], [ -71.709198, 9.077731 ], [ -71.708618, 9.077128 ], [ -71.708016, 9.076152 ], [ -71.707756, 9.075771 ], [ -71.707329, 9.075297 ], [ -71.706902, 9.074963 ], [ -71.706360, 9.074654 ], [ -71.705917, 9.074320 ], [ -71.705063, 9.073558 ], [ -71.704682, 9.073194 ], [ -71.704323, 9.072745 ], [ -71.704132, 9.072225 ], [ -71.704209, 9.071648 ], [ -71.704513, 9.070974 ], [ -71.704735, 9.070438 ], [ -71.704720, 9.069913 ], [ -71.704361, 9.069439 ], [ -71.703781, 9.069315 ], [ -71.703247, 9.069281 ], [ -71.702576, 9.068421 ], [ -71.702156, 9.068042 ], [ -71.701775, 9.067683 ], [ -71.701279, 9.067327 ], [ -71.700691, 9.066855 ], [ -71.700218, 9.066501 ], [ -71.699722, 9.066145 ], [ -71.698852, 9.065450 ], [ -71.698471, 9.065071 ], [ -71.697929, 9.064552 ], [ -71.697479, 9.064059 ], [ -71.696983, 9.063566 ], [ -71.696602, 9.063161 ], [ -71.696129, 9.062781 ], [ -71.695610, 9.062472 ], [ -71.695030, 9.062187 ], [ -71.694283, 9.061800 ], [ -71.693390, 9.061376 ], [ -71.692360, 9.060914 ], [ -71.691704, 9.060632 ], [ -71.691071, 9.060325 ], [ -71.690231, 9.059864 ], [ -71.689530, 9.059464 ], [ -71.689033, 9.059242 ], [ -71.688034, 9.058902 ], [ -71.687515, 9.058746 ], [ -71.687042, 9.059016 ], [ -71.686684, 9.059506 ], [ -71.686394, 9.059951 ], [ -71.686035, 9.060372 ], [ -71.685600, 9.060728 ], [ -71.685242, 9.061172 ], [ -71.684853, 9.062284 ], [ -71.684586, 9.062750 ], [ -71.684295, 9.063192 ], [ -71.684036, 9.063705 ], [ -71.683777, 9.064424 ], [ -71.683533, 9.064933 ], [ -71.683197, 9.065446 ], [ -71.682839, 9.065846 ], [ -71.682503, 9.066244 ], [ -71.682030, 9.066783 ], [ -71.680977, 9.068164 ], [ -71.680542, 9.068450 ], [ -71.680038, 9.068599 ], [ -71.679527, 9.068496 ], [ -71.679375, 9.067902 ], [ -71.679428, 9.067395 ], [ -71.678825, 9.067340 ], [ -71.678345, 9.067627 ], [ -71.677841, 9.067708 ], [ -71.677345, 9.067443 ], [ -71.676903, 9.067154 ], [ -71.676392, 9.067051 ], [ -71.675865, 9.067224 ], [ -71.675499, 9.067623 ], [ -71.675186, 9.068044 ], [ -71.674805, 9.068489 ], [ -71.674400, 9.068890 ], [ -71.674019, 9.069312 ], [ -71.673324, 9.070224 ], [ -71.672867, 9.070648 ], [ -71.672325, 9.071028 ], [ -71.671707, 9.071433 ], [ -71.671249, 9.071672 ], [ -71.670753, 9.071961 ], [ -71.670364, 9.072314 ], [ -71.670143, 9.072779 ], [ -71.669998, 9.073310 ], [ -71.669541, 9.073596 ], [ -71.668922, 9.073841 ], [ -71.668373, 9.074106 ], [ -71.667992, 9.074528 ], [ -71.667679, 9.075018 ], [ -71.667130, 9.076065 ], [ -71.666794, 9.076486 ], [ -71.666451, 9.076885 ], [ -71.666000, 9.077216 ], [ -71.665520, 9.077412 ], [ -71.664940, 9.077517 ], [ -71.664345, 9.077668 ], [ -71.663841, 9.077817 ], [ -71.663315, 9.078060 ], [ -71.662979, 9.078504 ], [ -71.662735, 9.078968 ], [ -71.662125, 9.078730 ], [ -71.661698, 9.078212 ], [ -71.661385, 9.077690 ], [ -71.661072, 9.077215 ], [ -71.660782, 9.076601 ], [ -71.660469, 9.076125 ], [ -71.660225, 9.075672 ], [ -71.659935, 9.075242 ], [ -71.659401, 9.074979 ], [ -71.658821, 9.074877 ], [ -71.658310, 9.074843 ], [ -71.657776, 9.074763 ], [ -71.657272, 9.074913 ], [ -71.656891, 9.075381 ], [ -71.656479, 9.075711 ], [ -71.655998, 9.075931 ], [ -71.655373, 9.075898 ], [ -71.654884, 9.075634 ], [ -71.654388, 9.075186 ], [ -71.654099, 9.074617 ], [ -71.653946, 9.074117 ], [ -71.653862, 9.073613 ], [ -71.653282, 9.073442 ], [ -71.652763, 9.073247 ], [ -71.652298, 9.072844 ], [ -71.652168, 9.072342 ], [ -71.652199, 9.071835 ], [ -71.652168, 9.071308 ], [ -71.651970, 9.070807 ], [ -71.651611, 9.070424 ], [ -71.649048, 9.069725 ], [ -71.648582, 9.069460 ], [ -71.648407, 9.068959 ], [ -71.648575, 9.068335 ], [ -71.648750, 9.067780 ], [ -71.648689, 9.067183 ], [ -71.648491, 9.066682 ], [ -71.648293, 9.066134 ], [ -71.648163, 9.065610 ], [ -71.648453, 9.065166 ], [ -71.649033, 9.065130 ], [ -71.649612, 9.065140 ], [ -71.650139, 9.064921 ], [ -71.650589, 9.064611 ], [ -71.651047, 9.064257 ], [ -71.651283, 9.063700 ], [ -71.651573, 9.063211 ], [ -71.652176, 9.063082 ], [ -71.652748, 9.063068 ], [ -71.653282, 9.063010 ], [ -71.653763, 9.062701 ], [ -71.654167, 9.062301 ], [ -71.654571, 9.061877 ], [ -71.655388, 9.061262 ], [ -71.655868, 9.061045 ], [ -71.656517, 9.061028 ], [ -71.657028, 9.061155 ], [ -71.657517, 9.061328 ], [ -71.658035, 9.061454 ], [ -71.658707, 9.061599 ], [ -71.659241, 9.061609 ], [ -71.659767, 9.061483 ], [ -71.660339, 9.061172 ], [ -71.660744, 9.060840 ], [ -71.661056, 9.060396 ], [ -71.661232, 9.059864 ], [ -71.661263, 9.059358 ], [ -71.661225, 9.058715 ], [ -71.661163, 9.058096 ], [ -71.661056, 9.057548 ], [ -71.660912, 9.057046 ], [ -71.660645, 9.056568 ], [ -71.660065, 9.056444 ], [ -71.659485, 9.056479 ], [ -71.658974, 9.056584 ], [ -71.658470, 9.056641 ], [ -71.657936, 9.056447 ], [ -71.657555, 9.056065 ], [ -71.657539, 9.055536 ], [ -71.657577, 9.055007 ], [ -71.657493, 9.054482 ], [ -71.657227, 9.053982 ], [ -71.656776, 9.053601 ], [ -71.656403, 9.053243 ], [ -71.656250, 9.052740 ], [ -71.656166, 9.052215 ], [ -71.655853, 9.051807 ], [ -71.655350, 9.051865 ], [ -71.654823, 9.052130 ], [ -71.654350, 9.052532 ], [ -71.653961, 9.052908 ], [ -71.653435, 9.053012 ], [ -71.653008, 9.052563 ], [ -71.652763, 9.052063 ], [ -71.652596, 9.051560 ], [ -71.652435, 9.051034 ], [ -71.652260, 9.050535 ], [ -71.652092, 9.049961 ], [ -71.651932, 9.049645 ], [ -71.651688, 9.049342 ], [ -71.650856, 9.048682 ], [ -71.650520, 9.048445 ], [ -71.649849, 9.048198 ], [ -71.649201, 9.048054 ], [ -71.648682, 9.047906 ], [ -71.648148, 9.047711 ], [ -71.647591, 9.047536 ], [ -71.646400, 9.047219 ], [ -71.645874, 9.047098 ], [ -71.645264, 9.046973 ], [ -71.644142, 9.046630 ], [ -71.643631, 9.046505 ], [ -71.642937, 9.046291 ], [ -71.642372, 9.046074 ], [ -71.641884, 9.045852 ], [ -71.641495, 9.045719 ], [ -71.641136, 9.045609 ], [ -71.639832, 9.045143 ], [ -71.639298, 9.044972 ], [ -71.638733, 9.044844 ], [ -71.638084, 9.044723 ], [ -71.637528, 9.044645 ], [ -71.636971, 9.044540 ], [ -71.635857, 9.044359 ], [ -71.635117, 9.044310 ], [ -71.634468, 9.044233 ], [ -71.633751, 9.044202 ], [ -71.633240, 9.044168 ], [ -71.632202, 9.044151 ], [ -71.631203, 9.044102 ], [ -71.630440, 9.044050 ], [ -71.627930, 9.043716 ], [ -71.627235, 9.043549 ], [ -71.626808, 9.043428 ], [ -71.625855, 9.043221 ], [ -71.625046, 9.043025 ], [ -71.624466, 9.042922 ], [ -71.623840, 9.042845 ], [ -71.622528, 9.042739 ], [ -71.620880, 9.042638 ], [ -71.618095, 9.042354 ], [ -71.617256, 9.042237 ], [ -71.616371, 9.042144 ], [ -71.613022, 9.041847 ], [ -71.611534, 9.041748 ], [ -71.610886, 9.041691 ], [ -71.609825, 9.041535 ], [ -71.609299, 9.041446 ], [ -71.608193, 9.041227 ], [ -71.606590, 9.040848 ], [ -71.605614, 9.040689 ], [ -71.604919, 9.040631 ], [ -71.604271, 9.040627 ], [ -71.603531, 9.040575 ], [ -71.602814, 9.040545 ], [ -71.602257, 9.040512 ], [ -71.600128, 9.040492 ], [ -71.599526, 9.040480 ], [ -71.598991, 9.040444 ], [ -71.598618, 9.040409 ], [ -71.597954, 9.040369 ], [ -71.596909, 9.040335 ], [ -71.594429, 9.040162 ], [ -71.593781, 9.040085 ], [ -71.593292, 9.039986 ], [ -71.591949, 9.039737 ], [ -71.591370, 9.039612 ], [ -71.590713, 9.039535 ], [ -71.590088, 9.039434 ], [ -71.588768, 9.039280 ], [ -71.587997, 9.039207 ], [ -71.586380, 9.039151 ], [ -71.585640, 9.039142 ], [ -71.584511, 9.039167 ], [ -71.583404, 9.039284 ], [ -71.582207, 9.039453 ], [ -71.580841, 9.039573 ], [ -71.580269, 9.039612 ], [ -71.578713, 9.039646 ], [ -71.578232, 9.039663 ], [ -71.577789, 9.039691 ], [ -71.576637, 9.039717 ], [ -71.576012, 9.039777 ], [ -71.575294, 9.039792 ], [ -71.573608, 9.039877 ], [ -71.572945, 9.039916 ], [ -71.572365, 9.039974 ], [ -71.571739, 9.039989 ], [ -71.569595, 9.040104 ], [ -71.567490, 9.040245 ], [ -71.566590, 9.040287 ], [ -71.565758, 9.040355 ], [ -71.565231, 9.040367 ], [ -71.564423, 9.040409 ], [ -71.562874, 9.040440 ], [ -71.562393, 9.040436 ], [ -71.561623, 9.040448 ], [ -71.560188, 9.040386 ], [ -71.559662, 9.040346 ], [ -71.558960, 9.040348 ], [ -71.558357, 9.040336 ], [ -71.557686, 9.040355 ], [ -71.557159, 9.040389 ], [ -71.556511, 9.040402 ], [ -71.555977, 9.040394 ], [ -71.555214, 9.040411 ], [ -71.554611, 9.040398 ], [ -71.553367, 9.040476 ], [ -71.552765, 9.040489 ], [ -71.552215, 9.040523 ], [ -71.550827, 9.040557 ], [ -71.550270, 9.040545 ], [ -71.549065, 9.040572 ], [ -71.547684, 9.040650 ], [ -71.546921, 9.040667 ], [ -71.545601, 9.040741 ], [ -71.545006, 9.040754 ], [ -71.544594, 9.040793 ], [ -71.544014, 9.040836 ], [ -71.543640, 9.040854 ], [ -71.542869, 9.040909 ], [ -71.542351, 9.040953 ], [ -71.541290, 9.041069 ], [ -71.540733, 9.041107 ], [ -71.540085, 9.041190 ], [ -71.539368, 9.041226 ], [ -71.538681, 9.041313 ], [ -71.535080, 9.041671 ], [ -71.533928, 9.041812 ], [ -71.533371, 9.041917 ], [ -71.532684, 9.041978 ], [ -71.532166, 9.042037 ], [ -71.530449, 9.042255 ], [ -71.529869, 9.042314 ], [ -71.529220, 9.042399 ], [ -71.528206, 9.042515 ], [ -71.526894, 9.042592 ], [ -71.526398, 9.042587 ], [ -71.525017, 9.042609 ], [ -71.524490, 9.042601 ], [ -71.523933, 9.042613 ], [ -71.523445, 9.042394 ], [ -71.522995, 9.042081 ], [ -71.522659, 9.042480 ], [ -71.522369, 9.042924 ], [ -71.521843, 9.043326 ], [ -71.521202, 9.043502 ], [ -71.520576, 9.043539 ], [ -71.520065, 9.043620 ], [ -71.519333, 9.043775 ], [ -71.518494, 9.043896 ], [ -71.518112, 9.043962 ], [ -71.517357, 9.044141 ], [ -71.516754, 9.044266 ], [ -71.516228, 9.044350 ], [ -71.515656, 9.044523 ], [ -71.514961, 9.044700 ], [ -71.514458, 9.044804 ], [ -71.513374, 9.045080 ], [ -71.512848, 9.045184 ], [ -71.512268, 9.045173 ], [ -71.511642, 9.045141 ], [ -71.511040, 9.045155 ], [ -71.510445, 9.045258 ], [ -71.509094, 9.045555 ], [ -71.508629, 9.045668 ], [ -71.507980, 9.045798 ], [ -71.507408, 9.045947 ], [ -71.506187, 9.046231 ], [ -71.505661, 9.046311 ], [ -71.505104, 9.046439 ], [ -71.503998, 9.046671 ], [ -71.503471, 9.046751 ], [ -71.500267, 9.047283 ], [ -71.499359, 9.047788 ], [ -71.498711, 9.047885 ], [ -71.498108, 9.048115 ], [ -71.497558, 9.048380 ], [ -71.496834, 9.048772 ], [ -71.496406, 9.048986 ], [ -71.495827, 9.049180 ], [ -71.495155, 9.049184 ], [ -71.494682, 9.048597 ], [ -71.494560, 9.048018 ], [ -71.494164, 9.047740 ], [ -71.493530, 9.047874 ], [ -71.492844, 9.048329 ], [ -71.492561, 9.048579 ], [ -71.491356, 9.049418 ], [ -71.490173, 9.050070 ], [ -71.489715, 9.050293 ], [ -71.489014, 9.050546 ], [ -71.488243, 9.050687 ], [ -71.487419, 9.050804 ], [ -71.486855, 9.050900 ], [ -71.484947, 9.051372 ], [ -71.483681, 9.051747 ], [ -71.483093, 9.051943 ], [ -71.482262, 9.052170 ], [ -71.481514, 9.052403 ], [ -71.480820, 9.052594 ], [ -71.480141, 9.052753 ], [ -71.479439, 9.052940 ], [ -71.477646, 9.053370 ], [ -71.476524, 9.053703 ], [ -71.474403, 9.054241 ], [ -71.473358, 9.054535 ], [ -71.472702, 9.054747 ], [ -71.472122, 9.054914 ], [ -71.470398, 9.055344 ], [ -71.469422, 9.055568 ], [ -71.467651, 9.056022 ], [ -71.466881, 9.056208 ], [ -71.466065, 9.056395 ], [ -71.465157, 9.056572 ], [ -71.464089, 9.056821 ], [ -71.463532, 9.056963 ], [ -71.461937, 9.057390 ], [ -71.460083, 9.057899 ], [ -71.459351, 9.058143 ], [ -71.458610, 9.058360 ], [ -71.457580, 9.058780 ], [ -71.456901, 9.059027 ], [ -71.455971, 9.059414 ], [ -71.453506, 9.059353 ], [ -71.450478, 9.061352 ], [ -71.449898, 9.061420 ], [ -71.449226, 9.061568 ], [ -71.448639, 9.061663 ], [ -71.447266, 9.062015 ], [ -71.446663, 9.062200 ], [ -71.446060, 9.062322 ], [ -71.445473, 9.062515 ], [ -71.443421, 9.063144 ], [ -71.442879, 9.063336 ], [ -71.441551, 9.063779 ], [ -71.440643, 9.064030 ], [ -71.439216, 9.064472 ], [ -71.438492, 9.064775 ], [ -71.436012, 9.065760 ], [ -71.435058, 9.066054 ], [ -71.434105, 9.066297 ], [ -71.433144, 9.066664 ], [ -71.432373, 9.066913 ], [ -71.430626, 9.067349 ], [ -71.429481, 9.067682 ], [ -71.428551, 9.068023 ], [ -71.427101, 9.068466 ], [ -71.426521, 9.068660 ], [ -71.425743, 9.068999 ], [ -71.424812, 9.069322 ], [ -71.423805, 9.069708 ], [ -71.422966, 9.070004 ], [ -71.422287, 9.070351 ], [ -71.421700, 9.070635 ], [ -71.419960, 9.071550 ], [ -71.419258, 9.071844 ], [ -71.418632, 9.072011 ], [ -71.417702, 9.072243 ], [ -71.416626, 9.072440 ], [ -71.416023, 9.072579 ], [ -71.414887, 9.072822 ], [ -71.413742, 9.073182 ], [ -71.412338, 9.073580 ], [ -71.411453, 9.073920 ], [ -71.410538, 9.074243 ], [ -71.409515, 9.074574 ], [ -71.408157, 9.074999 ], [ -71.407532, 9.075139 ], [ -71.406273, 9.075500 ], [ -71.405205, 9.075742 ], [ -71.404297, 9.075874 ], [ -71.403549, 9.076015 ], [ -71.402786, 9.076200 ], [ -71.401893, 9.076468 ], [ -71.400681, 9.076920 ], [ -71.400146, 9.077130 ], [ -71.399536, 9.077342 ], [ -71.397904, 9.077733 ], [ -71.397346, 9.077909 ], [ -71.396225, 9.078286 ], [ -71.395104, 9.078736 ], [ -71.394493, 9.078948 ], [ -71.393799, 9.079161 ], [ -71.392166, 9.079569 ], [ -71.391487, 9.079826 ], [ -71.390251, 9.080250 ], [ -71.389107, 9.080655 ], [ -71.388496, 9.080913 ], [ -71.387749, 9.081215 ], [ -71.386902, 9.081673 ], [ -71.386124, 9.082057 ], [ -71.385353, 9.082388 ], [ -71.384697, 9.082591 ], [ -71.384026, 9.082830 ], [ -71.383209, 9.083061 ], [ -71.382599, 9.083273 ], [ -71.381363, 9.083643 ], [ -71.379707, 9.084105 ], [ -71.378685, 9.084348 ], [ -71.377708, 9.084535 ], [ -71.375892, 9.084799 ], [ -71.374962, 9.084959 ], [ -71.374222, 9.085072 ], [ -71.373482, 9.085168 ], [ -71.372734, 9.085236 ], [ -71.371948, 9.085286 ], [ -71.371185, 9.085263 ], [ -71.370422, 9.085151 ], [ -71.369499, 9.085075 ], [ -71.368881, 9.085008 ], [ -71.367935, 9.084942 ], [ -71.366898, 9.084840 ], [ -71.366112, 9.084818 ], [ -71.365296, 9.084841 ], [ -71.364578, 9.084891 ], [ -71.363907, 9.084958 ], [ -71.363114, 9.085099 ], [ -71.362022, 9.085269 ], [ -71.361397, 9.085418 ], [ -71.359329, 9.085765 ], [ -71.358116, 9.086099 ], [ -71.357063, 9.086368 ], [ -71.356293, 9.086625 ], [ -71.355644, 9.086792 ], [ -71.354920, 9.087069 ], [ -71.354378, 9.087261 ], [ -71.353821, 9.087491 ], [ -71.353004, 9.087794 ], [ -71.352066, 9.088017 ], [ -71.351509, 9.088165 ], [ -71.350555, 9.088434 ], [ -71.349220, 9.088903 ], [ -71.348572, 9.089115 ], [ -71.347801, 9.089346 ], [ -71.347236, 9.089485 ], [ -71.346306, 9.089781 ], [ -71.345764, 9.090019 ], [ -71.344902, 9.090314 ], [ -71.344200, 9.090590 ], [ -71.343262, 9.090984 ], [ -71.342301, 9.091434 ], [ -71.341316, 9.092000 ], [ -71.340538, 9.092484 ], [ -71.339271, 9.093161 ], [ -71.338516, 9.093599 ], [ -71.337555, 9.094220 ], [ -71.336891, 9.094613 ], [ -71.336418, 9.094941 ], [ -71.335457, 9.095463 ], [ -71.334496, 9.095876 ], [ -71.333488, 9.096416 ], [ -71.332970, 9.096726 ], [ -71.331490, 9.097576 ], [ -71.330879, 9.097905 ], [ -71.330032, 9.098345 ], [ -71.329330, 9.098738 ], [ -71.328621, 9.099175 ], [ -71.327889, 9.099660 ], [ -71.327324, 9.100007 ], [ -71.326828, 9.100290 ], [ -71.326264, 9.100646 ], [ -71.325791, 9.101002 ], [ -71.325180, 9.101512 ], [ -71.324562, 9.102130 ], [ -71.324043, 9.102468 ], [ -71.323189, 9.103106 ], [ -71.322357, 9.103816 ], [ -71.321770, 9.104262 ], [ -71.321182, 9.104583 ], [ -71.320595, 9.104939 ], [ -71.319580, 9.105578 ], [ -71.318916, 9.106061 ], [ -71.318352, 9.106408 ], [ -71.317810, 9.106719 ], [ -71.317131, 9.107158 ], [ -71.316589, 9.107532 ], [ -71.315971, 9.108024 ], [ -71.315285, 9.108524 ], [ -71.314575, 9.109108 ], [ -71.313889, 9.109636 ], [ -71.313270, 9.110173 ], [ -71.312660, 9.110611 ], [ -71.312096, 9.111031 ], [ -71.311554, 9.111404 ], [ -71.310982, 9.111824 ], [ -71.310486, 9.112251 ], [ -71.309990, 9.112607 ], [ -71.309448, 9.112954 ], [ -71.308457, 9.113620 ], [ -71.307213, 9.114288 ], [ -71.306526, 9.114690 ], [ -71.305893, 9.115083 ], [ -71.305420, 9.115411 ], [ -71.303215, 9.116917 ], [ -71.302544, 9.117373 ], [ -71.301743, 9.117811 ], [ -71.301208, 9.118023 ], [ -71.300385, 9.118462 ], [ -71.299843, 9.118718 ], [ -71.298836, 9.119357 ], [ -71.297966, 9.119787 ], [ -71.297234, 9.120208 ], [ -71.296341, 9.120666 ], [ -71.295708, 9.121148 ], [ -71.293960, 9.122226 ], [ -71.293274, 9.122709 ], [ -71.292519, 9.123265 ], [ -71.291954, 9.123657 ], [ -71.290848, 9.124297 ], [ -71.289795, 9.124837 ], [ -71.288590, 9.125541 ], [ -71.288025, 9.125978 ], [ -71.287438, 9.126397 ], [ -71.286819, 9.126934 ], [ -71.286438, 9.127434 ], [ -71.285950, 9.128151 ], [ -71.285500, 9.128642 ], [ -71.285049, 9.129025 ], [ -71.284454, 9.129552 ], [ -71.284203, 9.130168 ], [ -71.284096, 9.130738 ], [ -71.283501, 9.131339 ], [ -71.283005, 9.131677 ], [ -71.282410, 9.131544 ], [ -71.282013, 9.131728 ], [ -71.281456, 9.132364 ], [ -71.280662, 9.132567 ], [ -71.279991, 9.132599 ], [ -71.279328, 9.132503 ], [ -71.278778, 9.132354 ], [ -71.278221, 9.132176 ], [ -71.277489, 9.131991 ], [ -71.276802, 9.131860 ], [ -71.275971, 9.131648 ], [ -71.275330, 9.131562 ], [ -71.274727, 9.131520 ], [ -71.273911, 9.131661 ], [ -71.272987, 9.131730 ], [ -71.272354, 9.131825 ], [ -71.270988, 9.131924 ], [ -71.270340, 9.132018 ], [ -71.269127, 9.132278 ], [ -71.268501, 9.132427 ], [ -71.267853, 9.132522 ], [ -71.267288, 9.132706 ], [ -71.265907, 9.133338 ], [ -71.265251, 9.133614 ], [ -71.264687, 9.134032 ], [ -71.264145, 9.134361 ], [ -71.263420, 9.134645 ], [ -71.262672, 9.134831 ], [ -71.262062, 9.135197 ], [ -71.261566, 9.135552 ], [ -71.260948, 9.135900 ], [ -71.260315, 9.136274 ], [ -71.259727, 9.136531 ], [ -71.258453, 9.137343 ], [ -71.257607, 9.137899 ], [ -71.256996, 9.138365 ], [ -71.256515, 9.138810 ], [ -71.255592, 9.139611 ], [ -71.255005, 9.139958 ], [ -71.254486, 9.140287 ], [ -71.254196, 9.140786 ], [ -71.254128, 9.141401 ], [ -71.253906, 9.141990 ], [ -71.253311, 9.142644 ], [ -71.252770, 9.143037 ], [ -71.252090, 9.143086 ], [ -71.251686, 9.143585 ], [ -71.251060, 9.143724 ], [ -71.250443, 9.143476 ], [ -71.249855, 9.143579 ], [ -71.249268, 9.143998 ], [ -71.248680, 9.144372 ], [ -71.248047, 9.144720 ], [ -71.247429, 9.145094 ], [ -71.246773, 9.145414 ], [ -71.246048, 9.145789 ], [ -71.245224, 9.146310 ], [ -71.243881, 9.147122 ], [ -71.242638, 9.147826 ], [ -71.241196, 9.148766 ], [ -71.240509, 9.149322 ], [ -71.239899, 9.149768 ], [ -71.239425, 9.150024 ], [ -71.238686, 9.150671 ], [ -71.238235, 9.151053 ], [ -71.237762, 9.151408 ], [ -71.237290, 9.151800 ], [ -71.236862, 9.152254 ], [ -71.236221, 9.152810 ], [ -71.235771, 9.153229 ], [ -71.234749, 9.154094 ], [ -71.233681, 9.155058 ], [ -71.233162, 9.155585 ], [ -71.232727, 9.156058 ], [ -71.232300, 9.156603 ], [ -71.231911, 9.157166 ], [ -71.231529, 9.157657 ], [ -71.231071, 9.158175 ], [ -71.230530, 9.158567 ], [ -71.229912, 9.159031 ], [ -71.229057, 9.159832 ], [ -71.228554, 9.160350 ], [ -71.227463, 9.161513 ], [ -71.226906, 9.162141 ], [ -71.226478, 9.162722 ], [ -71.225922, 9.163421 ], [ -71.225609, 9.163893 ], [ -71.225037, 9.164547 ], [ -71.224464, 9.165102 ], [ -71.223945, 9.165566 ], [ -71.222748, 9.166590 ], [ -71.221626, 9.166718 ], [ -71.221352, 9.164557 ], [ -71.221451, 9.161905 ], [ -71.219361, 9.159164 ], [ -71.217232, 9.156769 ], [ -71.215111, 9.154812 ], [ -71.213173, 9.152943 ], [ -71.211098, 9.151928 ], [ -71.208977, 9.151077 ], [ -71.204506, 9.147167 ], [ -71.203224, 9.145699 ], [ -71.200752, 9.144417 ], [ -71.200050, 9.142105 ], [ -71.200661, 9.139373 ], [ -71.199203, 9.138022 ], [ -71.197884, 9.135840 ], [ -71.197952, 9.133466 ], [ -71.196983, 9.131505 ], [ -71.195107, 9.130256 ], [ -71.194176, 9.127834 ], [ -71.191933, 9.127585 ], [ -71.190140, 9.127026 ], [ -71.189652, 9.124778 ], [ -71.187866, 9.123228 ], [ -71.186440, 9.121439 ], [ -71.184502, 9.120491 ], [ -71.182526, 9.120904 ], [ -71.180496, 9.120027 ], [ -71.178757, 9.119674 ], [ -71.176201, 9.120029 ], [ -71.174393, 9.119746 ], [ -71.172699, 9.120383 ], [ -71.171364, 9.121795 ], [ -71.171036, 9.119291 ], [ -71.169403, 9.118497 ], [ -71.167473, 9.120107 ], [ -71.165596, 9.121024 ], [ -71.166397, 9.119324 ], [ -71.164345, 9.119461 ], [ -71.162201, 9.119901 ], [ -71.160187, 9.119714 ], [ -71.158501, 9.118530 ], [ -71.158234, 9.115841 ], [ -71.158218, 9.113813 ], [ -71.157203, 9.113961 ], [ -71.154619, 9.115727 ], [ -71.154610, 9.115736 ], [ -71.154607, 9.115735 ], [ -71.154607, 9.115736 ], [ -71.152321, 9.115265 ], [ -71.152077, 9.115215 ], [ -71.151807, 9.114805 ], [ -71.151386, 9.114170 ], [ -71.150860, 9.113376 ], [ -71.150581, 9.112875 ], [ -71.150260, 9.112300 ], [ -71.149536, 9.111009 ], [ -71.149538, 9.111007 ] ], [ [ -71.263586, 9.022449 ], [ -71.263586, 9.022452 ], [ -71.263586, 9.022452 ], [ -71.263586, 9.022449 ] ], [ [ -71.263560, 9.022656 ], [ -71.263557, 9.022672 ], [ -71.263515, 9.023004 ], [ -71.263560, 9.022656 ] ] ] ] } }

]
}
